{"type":"FeatureCollection","features":[{"type":"Feature","properties":{"c":"#ffffb2","v0":5.0,"v1":10.0},"geometry":{"type":"Polygon","coordinates":[[[-93.7233,51.0862],[-93.6953,51.1553],[-93.6685,51.1998],[-93.6428,51.2199],[-93.615,51.2335],[-93.585,51.2407],[-93.535,51.2393],[-93.465,51.2295],[-93.3763,51.2597],[-93.269,51.3299],[-93.169,51.3875],[-93.0763,51.4326],[-93.01,51.4581],[-92.97,51.4642],[-92.9338,51.4604],[-92.9014,51.4467],[-92.8739,51.4242],[-92.8513,51.393],[-92.8409,51.3462],[-92.8428,51.2837],[-92.8542,51.2367],[-92.8752,51.2054],[-92.9068,51.1751],[-92.9489,51.1457],[-92.9814,51.0987],[-93.0043,51.0338],[-93.0293,50.9881],[-93.0564,50.9616],[-93.09,50.9441],[-93.13,50.9357],[-93.19,50.9359],[-93.27,50.9447],[-93.3213,50.9559],[-93.3439,50.9694],[-93.3639,50.99],[-93.3813,51.0178],[-93.405,51.0312],[-93.435,51.0303],[-93.4616,51.0196],[-93.4847,50.999],[-93.4935,50.9415],[-93.4878,50.8469],[-93.4962,50.7906],[-93.5187,50.7728],[-93.545,50.7619],[-93.575,50.7581],[-93.6036,50.7607],[-93.6309,50.7697],[-93.6522,50.7837],[-93.6674,50.8027],[-93.6632,50.8406],[-93.6395,50.8974],[-93.6551,50.9573],[-93.7099,51.0202],[-93.7233,51.0862]],[[-93.7116,51.0831],[-93.6877,51.1459],[-93.6643,51.1878],[-93.6414,51.2089],[-93.615,51.2235],[-93.585,51.2316],[-93.535,51.2301],[-93.465,51.219],[-93.375,51.2494],[-93.265,51.3214],[-93.16,51.3813],[-93.06,51.4292],[-92.995,51.4546],[-92.965,51.4575],[-92.9341,51.451],[-92.9022,51.4352],[-92.8782,51.4149],[-92.862,51.3899],[-92.8547,51.3462],[-92.8563,51.2837],[-92.8648,51.2399],[-92.8802,51.2148],[-92.9101,51.1866],[-92.9547,51.1553],[-92.992,51.1019],[-93.022,51.0265],[-93.0503,50.979],[-93.0768,50.9596],[-93.11,50.9476],[-93.15,50.9431],[-93.205,50.9452],[-93.275,50.9538],[-93.3278,50.9784],[-93.3635,51.0189],[-93.3992,51.0391],[-93.4348,51.0391],[-93.4672,51.0265],[-93.4963,51.0013],[-93.5078,50.9415],[-93.5017,50.8469],[-93.5065,50.7932],[-93.5222,50.7805],[-93.545,50.7719],[-93.575,50.7674],[-93.6034,50.7705],[-93.6302,50.7814],[-93.6487,50.7963],[-93.6588,50.8153],[-93.651,50.85],[-93.6255,50.9005],[-93.6404,50.9573],[-93.6959,51.0202],[-93.7116,51.0831]]]}},{"type":"Feature","properties":{"c":"#ffffb2","v0":5.0,"v1":10.0},"geometry":{"type":"Polygon","coordinates":[[[-92.7107,51.0843],[-92.6702,51.1243],[-92.6112,51.1525],[-92.5336,51.169],[-92.4686,51.1946],[-92.4162,51.2293],[-92.37,51.2493],[-92.33,51.2547],[-92.2975,51.2531],[-92.2726,51.2443],[-92.2577,51.2305],[-92.2527,51.2117],[-92.2582,51.1804],[-92.2741,51.1365],[-92.2658,51.0925],[-92.2334,51.0485],[-92.2304,51.0123],[-92.2568,50.9839],[-92.285,50.9692],[-92.315,50.9682],[-92.3393,50.9729],[-92.358,50.9835],[-92.378,51.0118],[-92.3993,51.058],[-92.47,51.0614],[-92.59,51.022],[-92.665,51.0066],[-92.695,51.0152],[-92.7152,51.0307],[-92.7257,51.0531],[-92.7107,51.0843]],[[-92.6803,51.0838],[-92.6334,51.1229],[-92.58,51.1463],[-92.52,51.154],[-92.46,51.1767],[-92.4,51.2144],[-92.355,51.2348],[-92.325,51.2379],[-92.3032,51.2364],[-92.2895,51.2304],[-92.2894,51.1992],[-92.303,51.1427],[-92.2937,51.0925],[-92.2616,51.0485],[-92.2566,51.0159],[-92.2789,50.9947],[-92.305,50.9888],[-92.335,50.9983],[-92.3535,51.0215],[-92.3606,51.0584],[-92.3706,51.0825],[-92.3835,51.0939],[-92.405,51.0984],[-92.435,51.0962],[-92.5,51.0764],[-92.6,51.0389],[-92.66,51.0232],[-92.68,51.0291],[-92.6934,51.0401],[-92.7003,51.0562],[-92.6803,51.0838]]]}},{"type":"Feature","properties":{"c":"#ffffb2","v0":5.0,"v1":10.0},"geometry":{"type":"Polygon","coordinates":[[[-94.0846,50.6517],[-94.0749,50.6601],[-94.01,50.6783],[-93.89,50.7064],[-93.808,50.7149],[-93.7641,50.7038],[-93.7432,50.6824],[-93.7454,50.6507],[-93.7752,50.619],[-93.8328,50.5873],[-93.8586,50.5523],[-93.8524,50.5142],[-93.8545,50.4873],[-93.8648,50.4715],[-93.88,50.4665],[-93.9,50.4723],[-93.9277,50.4992],[-93.963,50.5474],[-94.003,50.5819],[-94.0477,50.6028],[-94.0749,50.6218],[-94.0846,50.639],[-94.0846,50.6517]]]}},{"type":"Feature","properties":{"c":"#ffffb2","v0":5.0,"v1":10.0},"geometry":{"type":"Polygon","coordinates":[[[-94.5122,50.1279],[-94.4909,50.1856],[-94.4528,50.2259],[-94.3976,50.2489],[-94.335,50.2648],[-94.265,50.2737],[-94.205,50.2983],[-94.155,50.3386],[-94.08,50.3728],[-93.98,50.401],[-93.915,50.4113],[-93.885,50.4039],[-93.8567,50.3889],[-93.8301,50.3663],[-93.8128,50.3454],[-93.8047,50.3262],[-93.8122,50.3007],[-93.8354,50.2687],[-93.8877,50.2286],[-93.9692,50.1802],[-94.035,50.1476],[-94.085,50.1306],[-94.1192,50.1035],[-94.1375,50.0663],[-94.1575,50.0393],[-94.1792,50.0226],[-94.225,50.0111],[-94.295,50.0047],[-94.37,50.0164],[-94.45,50.0462],[-94.4982,50.0706],[-94.5146,50.0895],[-94.5122,50.1279]],[[-94.4975,50.1279],[-94.4748,50.1856],[-94.4451,50.2226],[-94.4084,50.2389],[-94.3529,50.2517],[-94.2788,50.2609],[-94.2088,50.2885],[-94.1429,50.3343],[-94.065,50.3694],[-93.975,50.3936],[-93.915,50.4015],[-93.885,50.3932],[-93.8575,50.3774],[-93.8325,50.3539],[-93.8194,50.3326],[-93.8182,50.3135],[-93.8287,50.2911],[-93.8508,50.2655],[-93.9039,50.2285],[-93.988,50.1798],[-94.0536,50.1478],[-94.1007,50.1324],[-94.133,50.1054],[-94.1505,50.0669],[-94.1719,50.0395],[-94.1973,50.0232],[-94.245,50.015],[-94.315,50.0148],[-94.385,50.0289],[-94.455,50.0572],[-94.4947,50.0783],[-94.5041,50.0921],[-94.4975,50.1279]]]}},{"type":"Feature","properties":{"c":"#ffffb2","v0":5.0,"v1":10.0},"geometry":{"type":"Polygon","coordinates":[[[-95.1804,50.0862],[-95.1686,50.1119],[-95.1496,50.1331],[-95.1232,50.15],[-95.06,50.1744],[-94.96,50.2063],[-94.86,50.2222],[-94.76,50.2222],[-94.692,50.2106],[-94.6559,50.1875],[-94.6427,50.1567],[-94.6524,50.1183],[-94.6754,50.0888],[-94.7118,50.0682],[-94.7475,50.0554],[-94.7826,50.0503],[-94.7944,50.0252],[-94.7829,49.9802],[-94.7954,49.943],[-94.8318,49.9137],[-94.875,49.9002],[-94.925,49.9025],[-94.99,49.9216],[-95.07,49.9574],[-95.1243,49.987],[-95.1529,50.0103],[-95.172,50.0348],[-95.1815,50.0605],[-95.1804,50.0862]],[[-95.1713,50.083],[-95.1647,50.1022],[-95.1485,50.121],[-95.1228,50.1394],[-95.06,50.1647],[-94.96,50.1972],[-94.865,50.2141],[-94.775,50.2156],[-94.7168,50.2126],[-94.6904,50.2052],[-94.6708,50.1952],[-94.6581,50.1824],[-94.657,50.1567],[-94.6675,50.1183],[-94.6871,50.0908],[-94.7157,50.0743],[-94.7557,50.0615],[-94.8071,50.0523],[-94.8229,50.038],[-94.8029,50.0188],[-94.7914,49.9995],[-94.7884,49.9802],[-94.7921,49.9609],[-94.8025,49.9416],[-94.8183,49.926],[-94.8394,49.9141],[-94.875,49.909],[-94.925,49.9108],[-94.99,49.9302],[-95.07,49.9671],[-95.1235,49.9978],[-95.1504,50.0225],[-95.1665,50.0445],[-95.1719,50.0637],[-95.1713,50.083]]]}},{"type":"Feature","properties":{"c":"#ffffb2","v0":5.0,"v1":10.0},"geometry":{"type":"Polygon","coordinates":[[[-93.128,47.5551],[-93.116,47.5754],[-93.09,47.5893],[-93.05,47.5969],[-92.96,47.5746],[-92.82,47.5224],[-92.7388,47.4713],[-92.7163,47.4213],[-92.7131,47.3692],[-92.7291,47.315],[-92.7654,47.2796],[-92.8218,47.2632],[-92.8632,47.2564],[-92.8896,47.2593],[-92.9103,47.2709],[-92.9251,47.2912],[-92.9297,47.3184],[-92.9242,47.3522],[-92.9272,47.3827],[-92.9388,47.4098],[-92.9847,47.4402],[-93.065,47.4741],[-93.1124,47.5045],[-93.1268,47.5315],[-93.128,47.5551]]]}},{"type":"Feature","properties":{"c":"#ffffb2","v0":5.0,"v1":10.0},"geometry":{"type":"Polygon","coordinates":[[[-94.078,47.0192],[-94.0635,47.0805],[-94.0321,47.135],[-93.984,47.1826],[-93.9375,47.218],[-93.8925,47.2413],[-93.845,47.2547],[-93.795,47.258],[-93.75,47.2682],[-93.71,47.2852],[-93.65,47.3],[-93.57,47.3126],[-93.48,47.3121],[-93.38,47.2987],[-93.31,47.2799],[-93.27,47.2556],[-93.235,47.2472],[-93.205,47.2547],[-93.165,47.2578],[-93.115,47.2565],[-93.0768,47.2468],[-93.0504,47.2289],[-93.04,47.1962],[-93.0455,47.1486],[-93.0987,47.0986],[-93.1996,47.0461],[-93.265,47.0172],[-93.295,47.0119],[-93.3699,47.0177],[-93.4898,47.0346],[-93.5625,47.0192],[-93.5881,46.9715],[-93.6181,46.9388],[-93.6527,46.9213],[-93.695,46.9159],[-93.745,46.9227],[-93.79,46.9217],[-93.83,46.913],[-93.88,46.909],[-93.94,46.9099],[-93.99,46.9173],[-94.03,46.9313],[-94.0588,46.9509],[-94.0765,46.976],[-94.078,47.0192]],[[-94.0654,47.0192],[-94.0505,47.0805],[-94.0183,47.135],[-93.9688,47.1826],[-93.9255,47.2158],[-93.8885,47.2347],[-93.845,47.246],[-93.795,47.2497],[-93.75,47.2598],[-93.71,47.2766],[-93.655,47.2913],[-93.585,47.304],[-93.525,47.3051],[-93.475,47.2944],[-93.43,47.2897],[-93.39,47.2911],[-93.3559,47.2874],[-93.3276,47.2786],[-93.3026,47.2636],[-93.2809,47.2421],[-93.23,47.2362],[-93.15,47.2458],[-93.0982,47.2464],[-93.0746,47.2378],[-93.0583,47.2267],[-93.0493,47.2132],[-93.0493,47.186],[-93.0582,47.1452],[-93.1145,47.0989],[-93.2182,47.0472],[-93.31,47.0232],[-93.39,47.0268],[-93.46,47.0364],[-93.52,47.052],[-93.5631,47.0352],[-93.5893,46.9859],[-93.6143,46.9524],[-93.6381,46.9347],[-93.68,46.9282],[-93.74,46.9331],[-93.79,46.9306],[-93.83,46.921],[-93.875,46.9161],[-93.925,46.916],[-93.97,46.9214],[-94.01,46.9321],[-94.0407,46.9502],[-94.0621,46.9758],[-94.0654,47.0192]]]}},{"type":"Feature","properties":{"c":"#ffffb2","v0":5.0,"v1":10.0},"geometry":{"type":"Polygon","coordinates":[[[-96.1311,46.2555],[-96.1037,46.3008],[-96.045,46.3375],[-95.955,46.3656],[-95.855,46.3753],[-95.745,46.3664],[-95.6684,46.3504],[-95.6251,46.3273],[-95.612,46.2881],[-95.6293,46.2328],[-95.681,46.1783],[-95.767,46.1247],[-95.845,46.0978],[-95.915,46.0976],[-95.97,46.1025],[-96.01,46.1125],[-96.0482,46.129],[-96.0847,46.1521],[-96.1134,46.1809],[-96.1344,46.2155],[-96.1311,46.2555]],[[-96.1198,46.2536],[-96.0958,46.295],[-96.0454,46.3286],[-95.9685,46.3543],[-95.87,46.3637],[-95.75,46.3567],[-95.6718,46.3439],[-95.6353,46.3251],[-95.6226,46.2916],[-95.6337,46.2432],[-95.6819,46.191],[-95.7673,46.1351],[-95.845,46.1069],[-95.915,46.1065],[-95.97,46.1115],[-96.01,46.1219],[-96.0482,46.1397],[-96.0845,46.1649],[-96.1099,46.1913],[-96.1245,46.219],[-96.1198,46.2536]]]}},{"type":"Feature","properties":{"c":"#ffffb2","v0":5.0,"v1":10.0},"geometry":{"type":"Polygon","coordinates":[[[-98.0971,45.0333],[-98.079,45.068],[-98.05,45.0883],[-98.01,45.0942],[-97.95,45.0897],[-97.87,45.0749],[-97.805,45.0511],[-97.755,45.0181],[-97.705,44.9949],[-97.655,44.9817],[-97.61,44.9941],[-97.57,45.0321],[-97.525,45.0573],[-97.475,45.0697],[-97.43,45.0986],[-97.39,45.1439],[-97.35,45.1738],[-97.31,45.1885],[-97.255,45.1958],[-97.185,45.1958],[-97.135,45.1917],[-97.105,45.1835],[-97.0668,45.1527],[-97.0203,45.0992],[-97.0049,45.0265],[-97.0207,44.9345],[-97.054,44.8698],[-97.1047,44.8323],[-97.155,44.8055],[-97.205,44.7893],[-97.265,44.7842],[-97.335,44.7904],[-97.45,44.7898],[-97.61,44.7825],[-97.735,44.7876],[-97.825,44.805],[-97.9081,44.8324],[-97.9842,44.8698],[-98.0384,44.9062],[-98.0705,44.9416],[-98.0914,44.9735],[-98.1012,45.0018],[-98.0971,45.0333]],[[-98.088,45.0304],[-98.076,45.0594],[-98.05,45.0774],[-98.01,45.0844],[-97.945,45.0787],[-97.855,45.0603],[-97.7876,45.0352],[-97.7427,45.0035],[-97.6977,44.9824],[-97.6526,44.9719],[-97.605,44.9877],[-97.555,45.0298],[-97.505,45.0571],[-97.455,45.0696],[-97.41,45.0989],[-97.37,45.1451],[-97.33,45.1732],[-97.29,45.1833],[-97.23,45.1858],[-97.15,45.1809],[-97.0969,45.1696],[-97.0707,45.1519],[-97.0459,45.1254],[-97.0226,45.0901],[-97.0186,45.0265],[-97.0342,44.9345],[-97.0639,44.8725],[-97.108,44.8403],[-97.155,44.8159],[-97.205,44.7992],[-97.265,44.794],[-97.335,44.8002],[-97.4,44.7992],[-97.46,44.7909],[-97.54,44.7872],[-97.64,44.788],[-97.735,44.7969],[-97.825,44.814],[-97.904,44.8391],[-97.9721,44.872],[-98.0253,44.9098],[-98.0637,44.9522],[-98.0857,44.9841],[-98.0913,45.0053],[-98.088,45.0304]]]}},{"type":"Feature","properties":{"c":"#ffffb2","v0":5.0,"v1":10.0},"geometry":{"type":"Polygon","coordinates":[[[-89.1383,44.4654],[-89.1242,44.5011],[-89.0853,44.5462],[-89.0218,44.6007],[-88.94,44.6328],[-88.84,44.6425],[-88.7762,44.6402],[-88.7486,44.6258],[-88.72,44.6008],[-88.6905,44.5652],[-88.676,44.5118],[-88.6767,44.4404],[-88.6903,44.3952],[-88.7168,44.3763],[-88.815,44.3702],[-88.985,44.3769],[-89.0833,44.3864],[-89.1098,44.3986],[-89.1286,44.4154],[-89.1398,44.4368],[-89.1383,44.4654]],[[-89.1257,44.4654],[-89.1111,44.5011],[-89.0753,44.5436],[-89.0184,44.5931],[-88.94,44.6233],[-88.84,44.6342],[-88.7664,44.6202],[-88.7193,44.5812],[-88.6929,44.526],[-88.6874,44.4547],[-88.6959,44.4085],[-88.7186,44.3874],[-88.77,44.3752],[-88.85,44.3719],[-88.93,44.3741],[-89.01,44.382],[-89.065,44.3913],[-89.095,44.402],[-89.1158,44.4174],[-89.1273,44.4375],[-89.1257,44.4654]]]}},{"type":"Feature","properties":{"c":"#ffffb2","v0":5.0,"v1":10.0},"geometry":{"type":"Polygon","coordinates":[[[-84.2607,44.2365],[-84.2365,44.301],[-84.2158,44.3409],[-84.1986,44.3564],[-84.175,44.3669],[-84.145,44.3725],[-84.11,44.3706],[-84.07,44.3613],[-84.02,44.3684],[-83.96,44.392],[-83.919,44.4005],[-83.897,44.3937],[-83.8723,44.3725],[-83.8448,44.3368],[-83.8158,44.3117],[-83.7852,44.2974],[-83.7554,44.2688],[-83.7263,44.2258],[-83.7213,44.1939],[-83.7404,44.173],[-83.77,44.1611],[-83.81,44.1582],[-83.845,44.1612],[-83.875,44.1704],[-83.8992,44.1536],[-83.9175,44.1108],[-83.9475,44.082],[-83.9892,44.0672],[-84.03,44.0641],[-84.07,44.0727],[-84.105,44.0928],[-84.135,44.1242],[-84.1748,44.1417],[-84.2244,44.1452],[-84.2551,44.1613],[-84.2669,44.1899],[-84.2607,44.2365]],[[-84.2286,44.2401],[-84.1932,44.3117],[-84.1641,44.3495],[-84.1414,44.3534],[-84.105,44.3512],[-84.055,44.3426],[-84.005,44.3497],[-83.955,44.3725],[-83.919,44.3783],[-83.8969,44.3673],[-83.8769,44.3475],[-83.8591,44.3189],[-83.8348,44.2974],[-83.804,44.2831],[-83.7766,44.258],[-83.7527,44.2222],[-83.7481,44.1981],[-83.7627,44.1859],[-83.785,44.1794],[-83.815,44.1786],[-83.85,44.1964],[-83.89,44.2326],[-83.919,44.214],[-83.9369,44.1406],[-83.9619,44.0976],[-83.994,44.0853],[-84.03,44.0848],[-84.07,44.0964],[-84.1,44.1173],[-84.12,44.1477],[-84.155,44.1627],[-84.205,44.1624],[-84.2341,44.1727],[-84.2422,44.1938],[-84.2286,44.2401]]]}},{"type":"Feature","properties":{"c":"#ffffb2","v0":5.0,"v1":10.0},"geometry":{"type":"Polygon","coordinates":[[[-88.7964,43.7834],[-88.7882,43.8051],[-88.7656,43.8318],[-88.7285,43.8637],[-88.69,43.8843],[-88.65,43.8934],[-88.605,43.8937],[-88.555,43.885],[-88.512,43.8645],[-88.4759,43.8321],[-88.4586,43.8014],[-88.46,43.7726],[-88.4716,43.7401],[-88.4933,43.7039],[-88.4756,43.6785],[-88.4185,43.6637],[-88.3779,43.6456],[-88.3536,43.6242],[-88.3265,43.57],[-88.2964,43.483],[-88.3013,43.3995],[-88.3412,43.3195],[-88.3934,43.2634],[-88.4578,43.2312],[-88.515,43.2187],[-88.565,43.226],[-88.6233,43.2566],[-88.69,43.3107],[-88.7272,43.3632],[-88.7348,43.414],[-88.7164,43.4671],[-88.6721,43.5222],[-88.6431,43.5694],[-88.6292,43.6084],[-88.623,43.6316],[-88.6244,43.6388],[-88.6542,43.6533],[-88.7123,43.675],[-88.7562,43.7075],[-88.7857,43.7509],[-88.7964,43.7834]],[[-88.7796,43.787],[-88.7654,43.8159],[-88.7362,43.8438],[-88.6921,43.8708],[-88.645,43.8843],[-88.595,43.8844],[-88.5467,43.8709],[-88.5002,43.8438],[-88.4763,43.8123],[-88.475,43.7762],[-88.4877,43.7401],[-88.5144,43.7039],[-88.487,43.6714],[-88.4057,43.6424],[-88.3471,43.5845],[-88.3112,43.4975],[-88.3104,43.414],[-88.3447,43.3341],[-88.3889,43.2782],[-88.443,43.2466],[-88.495,43.2309],[-88.545,43.2311],[-88.6073,43.2615],[-88.6819,43.322],[-88.7206,43.3741],[-88.7235,43.4177],[-88.7062,43.4612],[-88.6687,43.5048],[-88.6382,43.5555],[-88.6147,43.6135],[-88.6331,43.6533],[-88.6935,43.675],[-88.7394,43.7075],[-88.7709,43.7509],[-88.7796,43.787]]]}},{"type":"Feature","properties":{"c":"#ffffb2","v0":5.0,"v1":10.0},"geometry":{"type":"Polygon","coordinates":[[[-111.3675,43.326],[-111.3425,43.3609],[-111.2934,43.3827],[-111.2203,43.3915],[-111.1603,43.4133],[-111.1134,43.4482],[-111.0675,43.47],[-111.0225,43.4787],[-110.9851,43.5193],[-110.9552,43.5918],[-110.9127,43.6457],[-110.8576,43.6811],[-110.795,43.7008],[-110.725,43.7048],[-110.655,43.6986],[-110.585,43.6824],[-110.5045,43.6482],[-110.4135,43.5961],[-110.3676,43.5519],[-110.3665,43.5157],[-110.382,43.4837],[-110.414,43.4561],[-110.455,43.4385],[-110.505,43.4309],[-110.555,43.4149],[-110.605,43.3906],[-110.66,43.374],[-110.72,43.3651],[-110.79,43.3697],[-110.87,43.3877],[-110.93,43.3667],[-110.97,43.3068],[-111.045,43.2491],[-111.155,43.1936],[-111.225,43.1646],[-111.255,43.1622],[-111.2843,43.1688],[-111.313,43.1843],[-111.3405,43.2212],[-111.3668,43.2795],[-111.3675,43.326]],[[-111.3616,43.3195],[-111.3531,43.3413],[-111.3391,43.358],[-111.3197,43.3694],[-111.275,43.3785],[-111.205,43.3853],[-111.15,43.4051],[-111.11,43.4377],[-111.065,43.4592],[-111.015,43.4698],[-110.9737,43.5133],[-110.9411,43.5898],[-110.9011,43.6432],[-110.8537,43.6737],[-110.795,43.6908],[-110.725,43.6947],[-110.655,43.6886],[-110.585,43.6725],[-110.508,43.6409],[-110.424,43.5937],[-110.3814,43.5519],[-110.3801,43.5157],[-110.3921,43.4866],[-110.4174,43.4649],[-110.455,43.4499],[-110.505,43.4418],[-110.555,43.4253],[-110.605,43.4006],[-110.66,43.3839],[-110.72,43.3752],[-110.79,43.3805],[-110.87,43.3998],[-110.9335,43.377],[-110.9805,43.312],[-111.0605,43.2523],[-111.1735,43.1978],[-111.2501,43.1759],[-111.2903,43.1867],[-111.3243,43.2212],[-111.352,43.2795],[-111.3616,43.3195]]]}},{"type":"Feature","properties":{"c":"#ffffb2","v0":5.0,"v1":10.0},"geometry":{"type":"Polygon","coordinates":[[[-112.3949,43.1264],[-112.3736,43.1702],[-112.3298,43.2096],[-112.2633,43.2446],[-112.16,43.2694],[-112.02,43.2838],[-111.935,43.2865],[-111.905,43.2774],[-111.8819,43.2636],[-111.8656,43.2451],[-111.8566,43.2176],[-111.855,43.1811],[-111.8599,43.1519],[-111.8713,43.13],[-111.8903,43.111],[-111.9168,43.0947],[-111.9595,43.0801],[-112.0185,43.0672],[-112.0785,43.0401],[-112.1395,42.9989],[-112.195,42.9783],[-112.245,42.9783],[-112.29,42.987],[-112.33,43.0044],[-112.3617,43.025],[-112.385,43.0488],[-112.3989,43.0716],[-112.4033,43.0935],[-112.3949,43.1264]],[[-112.3816,43.1264],[-112.3587,43.1702],[-112.313,43.2085],[-112.2443,43.2414],[-112.185,43.2572],[-112.135,43.2561],[-112.075,43.2625],[-112.005,43.2766],[-111.955,43.2809],[-111.925,43.2755],[-111.9003,43.2635],[-111.881,43.245],[-111.8701,43.2176],[-111.8676,43.1811],[-111.8729,43.1519],[-111.8862,43.13],[-111.9287,43.1081],[-112.0005,43.0862],[-112.0698,43.0536],[-112.1366,43.0102],[-112.19,42.9875],[-112.23,42.9858],[-112.27,42.9918],[-112.31,43.0056],[-112.3435,43.0245],[-112.3705,43.0486],[-112.3862,43.0716],[-112.3908,43.0935],[-112.3816,43.1264]]]}},{"type":"Feature","properties":{"c":"#ffffb2","v0":5.0,"v1":10.0},"geometry":{"type":"Polygon","coordinates":[[[-87.2566,42.8081],[-87.2484,42.8301],[-87.2057,42.8805],[-87.1286,42.9594],[-87.07,42.9983],[-87.03,42.9975],[-86.9965,42.9874],[-86.9695,42.968],[-86.9371,42.929],[-86.8993,42.8704],[-86.8762,42.8227],[-86.8679,42.786],[-86.8812,42.7457],[-86.9162,42.7016],[-86.9151,42.6464],[-86.8779,42.5802],[-86.8719,42.5239],[-86.8973,42.4775],[-86.925,42.4494],[-86.955,42.4395],[-86.985,42.4355],[-87.015,42.4376],[-87.0691,42.4621],[-87.1474,42.5089],[-87.2051,42.5986],[-87.2422,42.731],[-87.2566,42.8081]],[[-87.2397,42.8117],[-87.2251,42.8411],[-87.1858,42.8884],[-87.1219,42.9538],[-87.075,42.9881],[-87.045,42.9915],[-87.0154,42.9845],[-86.9863,42.967],[-86.9538,42.9327],[-86.9179,42.8814],[-86.8942,42.8337],[-86.8825,42.7897],[-86.8945,42.7457],[-86.9303,42.7016],[-86.9294,42.6464],[-86.8918,42.5802],[-86.8873,42.524],[-86.9158,42.4777],[-86.955,42.4533],[-87.005,42.4505],[-87.0684,42.4737],[-87.1451,42.5226],[-87.1994,42.6096],[-87.2311,42.7346],[-87.2397,42.8117]]]}},{"type":"Feature","properties":{"c":"#ffffb2","v0":5.0,"v1":10.0},"geometry":{"type":"Polygon","coordinates":[[[-101.754,42.8374],[-101.7476,42.8594],[-101.7358,42.8767],[-101.7186,42.8894],[-101.6928,42.9004],[-101.6584,42.9097],[-101.6184,42.9281],[-101.5728,42.9556],[-101.535,42.9706],[-101.505,42.9733],[-101.47,42.9673],[-101.43,42.9526],[-101.3888,42.9302],[-101.3463,42.9001],[-101.3074,42.8667],[-101.2721,42.8301],[-101.2517,42.8007],[-101.2459,42.7787],[-101.2618,42.742],[-101.2992,42.6906],[-101.3409,42.6598],[-101.387,42.6496],[-101.43,42.6514],[-101.47,42.6652],[-101.505,42.6851],[-101.535,42.7112],[-101.585,42.7253],[-101.655,42.7275],[-101.6987,42.7347],[-101.716,42.7469],[-101.7328,42.7714],[-101.7491,42.8081],[-101.754,42.8374]],[[-101.735,42.8406],[-101.7183,42.869],[-101.67,42.9017],[-101.59,42.9388],[-101.535,42.9593],[-101.505,42.9631],[-101.4487,42.9414],[-101.366,42.8941],[-101.3077,42.8447],[-101.2739,42.7934],[-101.2752,42.7434],[-101.3117,42.6948],[-101.35,42.6666],[-101.39,42.6588],[-101.43,42.6624],[-101.47,42.6775],[-101.505,42.6979],[-101.535,42.7234],[-101.585,42.7374],[-101.655,42.7399],[-101.7033,42.7625],[-101.73,42.8051],[-101.735,42.8406]]]}},{"type":"Feature","properties":{"c":"#ffffb2","v0":5.0,"v1":10.0},"geometry":{"type":"Polygon","coordinates":[[[-89.5355,42.4733],[-89.5242,42.5028],[-89.4914,42.5408],[-89.4371,42.5871],[-89.4149,42.6386],[-89.4247,42.6953],[-89.4104,42.742],[-89.3719,42.7787],[-89.302,42.8059],[-89.2007,42.8237],[-89.13,42.841],[-89.09,42.8577],[-89.055,42.8635],[-89.025,42.8583],[-89.0023,42.8447],[-88.9869,42.8227],[-88.9847,42.7971],[-88.9958,42.7677],[-89.0235,42.7334],[-89.0678,42.694],[-89.116,42.6646],[-89.168,42.6451],[-89.199,42.6023],[-89.209,42.536],[-89.2077,42.4881],[-89.1949,42.4586],[-89.1939,42.4342],[-89.2046,42.4149],[-89.23,42.4006],[-89.27,42.3913],[-89.305,42.3742],[-89.335,42.3492],[-89.365,42.3363],[-89.395,42.3355],[-89.4319,42.3476],[-89.4758,42.3724],[-89.5085,42.4032],[-89.5302,42.4401],[-89.5355,42.4733]],[[-89.5211,42.4733],[-89.5091,42.5028],[-89.4798,42.5344],[-89.4333,42.5679],[-89.4046,42.6011],[-89.3939,42.6338],[-89.3952,42.6685],[-89.4086,42.7053],[-89.399,42.7389],[-89.3663,42.7695],[-89.34,42.7894],[-89.32,42.7984],[-89.295,42.801],[-89.265,42.7972],[-89.205,42.8101],[-89.115,42.8398],[-89.055,42.8514],[-89.025,42.8448],[-89.0066,42.8268],[-88.9998,42.7972],[-89.008,42.7677],[-89.0313,42.7383],[-89.0843,42.7016],[-89.1669,42.6575],[-89.2131,42.6023],[-89.2228,42.536],[-89.2212,42.4881],[-89.2084,42.4586],[-89.2062,42.4364],[-89.2149,42.4217],[-89.2369,42.4113],[-89.2723,42.4054],[-89.305,42.3886],[-89.335,42.361],[-89.365,42.3467],[-89.395,42.3457],[-89.4317,42.3588],[-89.475,42.3859],[-89.5043,42.4143],[-89.5195,42.4438],[-89.5211,42.4733]]]}},{"type":"Feature","properties":{"c":"#ffffb2","v0":5.0,"v1":10.0},"geometry":{"type":"Polygon","coordinates":[[[-103.5116,42.4368],[-103.4839,42.4818],[-103.445,42.5101],[-103.395,42.5218],[-103.355,42.544],[-103.325,42.5768],[-103.2727,42.6038],[-103.1982,42.6249],[-103.1499,42.6575],[-103.1277,42.7016],[-103.0849,42.7449],[-103.0216,42.7874],[-102.95,42.8118],[-102.87,42.8181],[-102.8076,42.8042],[-102.7627,42.7701],[-102.7288,42.7273],[-102.706,42.6759],[-102.705,42.628],[-102.7261,42.5839],[-102.76,42.5494],[-102.8067,42.5248],[-102.865,42.5071],[-102.935,42.4963],[-103.0044,42.4607],[-103.0733,42.4002],[-103.1333,42.3646],[-103.1844,42.3538],[-103.23,42.3305],[-103.27,42.2946],[-103.31,42.2747],[-103.35,42.2707],[-103.385,42.2728],[-103.415,42.2811],[-103.4424,42.2953],[-103.4672,42.3155],[-103.4911,42.3478],[-103.514,42.3921],[-103.5116,42.4368]],[[-103.498,42.4364],[-103.4678,42.4807],[-103.432,42.5056],[-103.3907,42.5112],[-103.355,42.5313],[-103.325,42.566],[-103.27,42.5948],[-103.19,42.6179],[-103.138,42.653],[-103.1139,42.7001],[-103.0689,42.7446],[-103.003,42.7865],[-102.935,42.8083],[-102.865,42.8101],[-102.8111,42.7965],[-102.7732,42.7675],[-102.7424,42.7273],[-102.7187,42.6759],[-102.7176,42.6286],[-102.7392,42.5857],[-102.77,42.5536],[-102.81,42.5325],[-102.865,42.5175],[-102.935,42.5088],[-103.005,42.4731],[-103.075,42.4104],[-103.1371,42.3731],[-103.1914,42.3612],[-103.2364,42.338],[-103.2721,42.3036],[-103.31,42.284],[-103.35,42.2793],[-103.385,42.2819],[-103.415,42.2917],[-103.4508,42.3261],[-103.4923,42.3849],[-103.498,42.4364]]]}},{"type":"Feature","properties":{"c":"#ffffb2","v0":5.0,"v1":10.0},"geometry":{"type":"Polygon","coordinates":[[[-111.1448,42.2183],[-111.1331,42.2405],[-111.1073,42.2664],[-111.0672,42.296],[-111.0566,42.3367],[-111.0753,42.3884],[-111.0798,42.4254],[-111.0703,42.4475],[-111.0516,42.4688],[-111.0239,42.4893],[-110.99,42.5029],[-110.95,42.5098],[-110.905,42.5069],[-110.855,42.4943],[-110.815,42.4972],[-110.785,42.5156],[-110.745,42.5259],[-110.695,42.5281],[-110.655,42.526],[-110.625,42.5197],[-110.6012,42.5094],[-110.5835,42.4952],[-110.5696,42.4733],[-110.5596,42.4438],[-110.5607,42.4143],[-110.5729,42.3848],[-110.5967,42.3605],[-110.6322,42.3417],[-110.675,42.3304],[-110.725,42.3268],[-110.765,42.3052],[-110.795,42.2654],[-110.835,42.2412],[-110.885,42.2326],[-110.925,42.2048],[-110.955,42.1578],[-110.985,42.1304],[-111.015,42.1223],[-111.045,42.1204],[-111.075,42.1245],[-111.1012,42.1356],[-111.1235,42.1537],[-111.1386,42.1739],[-111.1466,42.1961],[-111.1448,42.2183]],[[-111.1289,42.222],[-111.1077,42.2516],[-111.0802,42.2775],[-111.0464,42.2997],[-111.04,42.3367],[-111.0608,42.3884],[-111.0559,42.4328],[-111.0253,42.4699],[-110.99,42.4921],[-110.95,42.4993],[-110.905,42.4962],[-110.855,42.4828],[-110.815,42.4856],[-110.785,42.5048],[-110.75,42.516],[-110.71,42.5191],[-110.675,42.5191],[-110.645,42.516],[-110.62,42.5078],[-110.5999,42.4947],[-110.5842,42.4733],[-110.5729,42.4438],[-110.5742,42.4143],[-110.588,42.3848],[-110.6087,42.3631],[-110.6362,42.3493],[-110.675,42.3406],[-110.725,42.3371],[-110.7677,42.3144],[-110.803,42.2726],[-110.8454,42.2479],[-110.8946,42.2405],[-110.937,42.2116],[-110.9723,42.1611],[-111.005,42.1333],[-111.035,42.1283],[-111.06,42.1288],[-111.08,42.135],[-111.1024,42.1553],[-111.1272,42.1899],[-111.1289,42.222]]]}},{"type":"Feature","properties":{"c":"#ffffb2","v0":5.0,"v1":10.0},"geometry":{"type":"Polygon","coordinates":[[[-105.4582,42.3995],[-105.4437,42.4291],[-105.4199,42.4526],[-105.3866,42.47],[-105.305,42.4724],[-105.175,42.4595],[-105.0965,42.4397],[-105.0694,42.4129],[-105.0545,42.3774],[-105.0516,42.333],[-105.031,42.3034],[-104.9926,42.2886],[-104.9604,42.2664],[-104.9342,42.2368],[-104.9191,42.2072],[-104.9151,42.1776],[-104.919,42.1516],[-104.9309,42.1294],[-104.9601,42.1096],[-105.0067,42.0924],[-105.07,42.092],[-105.15,42.1086],[-105.2024,42.1321],[-105.2273,42.1624],[-105.2434,42.1961],[-105.251,42.2331],[-105.2935,42.264],[-105.3712,42.2887],[-105.4239,42.3219],[-105.4516,42.3638],[-105.4582,42.3995]],[[-105.4452,42.3995],[-105.4294,42.4291],[-105.4086,42.4502],[-105.3829,42.4631],[-105.305,42.4626],[-105.175,42.4488],[-105.0985,42.4276],[-105.0756,42.399],[-105.0658,42.3663],[-105.069,42.3293],[-105.0505,42.3033],[-105.0102,42.2882],[-104.976,42.266],[-104.9481,42.2367],[-104.9348,42.1998],[-104.9362,42.1553],[-104.9602,42.123],[-105.0067,42.1028],[-105.07,42.1014],[-105.15,42.1187],[-105.1992,42.14],[-105.2175,42.165],[-105.23,42.1961],[-105.2366,42.2331],[-105.2816,42.2664],[-105.365,42.296],[-105.4183,42.3293],[-105.4415,42.3663],[-105.4452,42.3995]]]}},{"type":"Feature","properties":{"c":"#ffffb2","v0":5.0,"v1":10.0},"geometry":{"type":"Polygon","coordinates":[[[-116.0998,41.9065],[-116.0901,41.9288],[-116.0694,41.9511],[-116.0376,41.9734],[-116.0264,42.0032],[-116.0358,42.0403],[-116.0366,42.0737],[-116.0289,42.1034],[-115.9991,42.1813],[-115.9472,42.3071],[-115.9084,42.3803],[-115.8828,42.4009],[-115.855,42.4156],[-115.825,42.4244],[-115.79,42.4278],[-115.75,42.4259],[-115.71,42.4051],[-115.67,42.3655],[-115.63,42.3409],[-115.59,42.3315],[-115.53,42.3295],[-115.45,42.3349],[-115.3924,42.3272],[-115.3573,42.3064],[-115.3282,42.2812],[-115.3052,42.2516],[-115.2936,42.2035],[-115.2933,42.1368],[-115.3001,42.0923],[-115.3141,42.07],[-115.3333,42.0522],[-115.3578,42.0388],[-115.4124,42.0314],[-115.4973,42.0299],[-115.5239,42.018],[-115.4921,41.9957],[-115.4698,41.9734],[-115.4569,41.9511],[-115.4517,41.9288],[-115.4541,41.9065],[-115.469,41.8839],[-115.4963,41.861],[-115.52,41.8476],[-115.54,41.8436],[-115.58,41.8536],[-115.64,41.8774],[-115.715,41.8947],[-115.805,41.9056],[-115.865,41.8918],[-115.895,41.8535],[-115.935,41.8273],[-115.985,41.8135],[-116.0272,41.8139],[-116.0616,41.8285],[-116.0853,41.8506],[-116.0982,41.8804],[-116.0998,41.9065]],[[-116.0825,41.9065],[-116.0714,41.9288],[-116.0494,41.9474],[-116.0163,41.9623],[-116.0048,41.9995],[-116.0148,42.0589],[-116.0019,42.1368],[-115.9659,42.2331],[-115.9284,42.3102],[-115.8895,42.3682],[-115.84,42.4021],[-115.78,42.4122],[-115.74,42.4127],[-115.72,42.4036],[-115.7,42.3839],[-115.68,42.3535],[-115.645,42.3313],[-115.595,42.3174],[-115.535,42.3152],[-115.465,42.3247],[-115.4123,42.3212],[-115.3768,42.3044],[-115.3449,42.2738],[-115.3166,42.2294],[-115.3085,42.1739],[-115.3205,42.1071],[-115.3424,42.0653],[-115.3741,42.0486],[-115.4354,42.0412],[-115.5262,42.0431],[-115.545,42.018],[-115.4916,41.966],[-115.467,41.9288],[-115.4711,41.9065],[-115.4823,41.8875],[-115.5008,41.8719],[-115.52,41.8618],[-115.54,41.8572],[-115.575,41.8655],[-115.625,41.8868],[-115.7,41.904],[-115.8,41.9172],[-115.8577,41.9204],[-115.8731,41.9136],[-115.8931,41.8917],[-115.9177,41.8547],[-115.95,41.8315],[-115.99,41.8223],[-116.025,41.8251],[-116.055,41.8399],[-116.0745,41.8593],[-116.0835,41.8833],[-116.0825,41.9065]]]}},{"type":"Feature","properties":{"c":"#ffffb2","v0":5.0,"v1":10.0},"geometry":{"type":"Polygon","coordinates":[[[-90.4374,42.2381],[-90.4191,42.2702],[-90.365,42.3018],[-90.275,42.3329],[-90.185,42.3528],[-90.095,42.3613],[-90.025,42.358],[-89.975,42.3428],[-89.9415,42.3254],[-89.9245,42.3058],[-89.9152,42.2738],[-89.9137,42.2294],[-89.919,42.1961],[-89.9311,42.1739],[-89.9503,42.1564],[-89.9768,42.1438],[-90.015,42.135],[-90.065,42.1299],[-90.115,42.115],[-90.165,42.0904],[-90.22,42.0757],[-90.28,42.0707],[-90.33,42.0729],[-90.37,42.0822],[-90.3982,42.0946],[-90.4146,42.1104],[-90.4288,42.1442],[-90.4406,42.1961],[-90.4374,42.2381]],[[-90.4312,42.2331],[-90.4233,42.2553],[-90.402,42.2765],[-90.3673,42.2966],[-90.285,42.319],[-90.155,42.3434],[-90.06,42.3506],[-90.0,42.3405],[-89.9585,42.3219],[-89.9355,42.2948],[-89.924,42.2627],[-89.924,42.2257],[-89.9315,42.1961],[-89.9465,42.1739],[-89.988,42.1563],[-90.056,42.1434],[-90.12,42.1237],[-90.18,42.0973],[-90.24,42.0827],[-90.3,42.0799],[-90.345,42.0833],[-90.375,42.0929],[-90.4013,42.1288],[-90.4239,42.191],[-90.4312,42.2331]]]}},{"type":"Feature","properties":{"c":"#ffffb2","v0":5.0,"v1":10.0},"geometry":{"type":"Polygon","coordinates":[[[-110.3664,42.07],[-110.3477,42.1813],[-110.3263,42.2529],[-110.3021,42.285],[-110.27,42.3103],[-110.23,42.3291],[-110.19,42.3375],[-110.15,42.3357],[-110.1135,42.3214],[-110.0804,42.2946],[-110.0554,42.2625],[-110.0385,42.2251],[-110.005,42.2051],[-109.955,42.2026],[-109.9166,42.188],[-109.8898,42.1613],[-109.8798,42.1145],[-109.8867,42.0477],[-109.9051,42.0088],[-109.935,41.9978],[-109.975,42.0053],[-110.025,42.0313],[-110.0637,42.022],[-110.0911,41.9772],[-110.1311,41.9421],[-110.1837,41.9167],[-110.245,41.9112],[-110.315,41.9256],[-110.3564,41.9531],[-110.3693,41.9939],[-110.3664,42.07]],[[-110.3544,42.07],[-110.3351,42.1813],[-110.3144,42.2516],[-110.292,42.2812],[-110.2632,42.3044],[-110.2277,42.3212],[-110.195,42.3302],[-110.165,42.3314],[-110.1399,42.3267],[-110.1198,42.3161],[-110.0902,42.2812],[-110.051,42.222],[-110.0111,42.194],[-109.9704,42.1971],[-109.9368,42.1897],[-109.9103,42.1717],[-109.8935,42.1368],[-109.8865,42.0849],[-109.8887,42.0477],[-109.9002,42.0255],[-109.9219,42.0122],[-109.954,42.008],[-109.9942,42.0192],[-110.0426,42.0457],[-110.0764,42.0366],[-110.0955,41.992],[-110.1263,41.9571],[-110.1688,41.9318],[-110.225,41.9225],[-110.295,41.9294],[-110.3367,41.9383],[-110.3502,41.9493],[-110.3587,41.9697],[-110.3622,41.9995],[-110.3544,42.07]]]}},{"type":"Feature","properties":{"c":"#ffffb2","v0":5.0,"v1":10.0},"geometry":{"type":"Polygon","coordinates":[[[-91.1842,42.0106],[-91.1793,42.0329],[-91.1639,42.0589],[-91.1379,42.0886],[-91.0662,42.1299],[-90.9487,42.1829],[-90.86,42.2038],[-90.8,42.1929],[-90.743,42.1627],[-90.6889,42.1133],[-90.6697,42.0589],[-90.6854,41.9995],[-90.7124,41.9592],[-90.7508,41.9382],[-90.8,41.9268],[-90.86,41.9251],[-90.935,41.9151],[-91.025,41.8967],[-91.091,41.8969],[-91.1331,41.9157],[-91.1622,41.9437],[-91.1785,41.9809],[-91.1842,42.0106]],[[-91.1633,42.0217],[-91.1395,42.0663],[-91.0732,42.1159],[-90.9644,42.1704],[-90.88,42.1949],[-90.82,42.1893],[-90.7613,42.1621],[-90.7039,42.1131],[-90.6804,42.0626],[-90.6909,42.0106],[-90.7146,41.9726],[-90.7515,41.9487],[-90.85,41.9277],[-91.01,41.9096],[-91.1058,41.9104],[-91.1375,41.9301],[-91.1588,41.9548],[-91.1697,41.9846],[-91.1633,42.0217]]]}},{"type":"Feature","properties":{"c":"#ffffb2","v0":5.0,"v1":10.0},"geometry":{"type":"Polygon","coordinates":[[[-84.0849,41.6925],[-84.075,41.7043],[-84.0445,41.7193],[-83.9934,41.7373],[-83.9689,41.7798],[-83.9711,41.8469],[-83.9489,41.9065],[-83.9025,41.9586],[-83.8764,42.0255],[-83.8706,42.1071],[-83.8533,42.1519],[-83.8244,42.16],[-83.78,42.1541],[-83.72,42.1342],[-83.6688,42.1005],[-83.6264,42.053],[-83.6107,41.9697],[-83.6217,41.8506],[-83.6345,41.7686],[-83.649,41.7239],[-83.6947,41.6866],[-83.7716,41.6567],[-83.825,41.6288],[-83.855,41.603],[-83.885,41.5847],[-83.915,41.5739],[-83.9553,41.5793],[-84.006,41.601],[-84.046,41.6305],[-84.0752,41.6679],[-84.0849,41.6925]]]}},{"type":"Feature","properties":{"c":"#ffffb2","v0":5.0,"v1":10.0},"geometry":{"type":"Polygon","coordinates":[[[-111.553,41.7724],[-111.5438,41.7947],[-111.4969,41.8356],[-111.4123,41.8949],[-111.355,41.9417],[-111.325,41.976],[-111.29,42.0005],[-111.25,42.0151],[-111.21,42.0232],[-111.17,42.0248],[-111.1374,42.0116],[-111.1121,41.9837],[-111.0648,41.9511],[-110.9953,41.9139],[-110.9533,41.8693],[-110.9387,41.8171],[-110.9137,41.7724],[-110.8782,41.7351],[-110.8629,41.689],[-110.8676,41.6341],[-110.845,41.6287],[-110.795,41.6727],[-110.75,41.6914],[-110.71,41.6848],[-110.6818,41.6753],[-110.6653,41.6629],[-110.654,41.6454],[-110.6477,41.623],[-110.651,41.5856],[-110.6638,41.5333],[-110.6801,41.498],[-110.7,41.4799],[-110.725,41.4675],[-110.755,41.4609],[-110.79,41.4401],[-110.83,41.4053],[-110.905,41.3879],[-111.015,41.3879],[-111.0823,41.399],[-111.107,41.4211],[-111.1167,41.4396],[-111.1113,41.4546],[-111.0912,41.4733],[-111.0563,41.4958],[-111.0479,41.5183],[-111.0659,41.5407],[-111.0945,41.5594],[-111.1337,41.5744],[-111.1775,41.6021],[-111.2258,41.6424],[-111.27,41.655],[-111.31,41.6399],[-111.345,41.6323],[-111.375,41.6323],[-111.4268,41.6496],[-111.5005,41.6842],[-111.5424,41.7164],[-111.5526,41.7463],[-111.553,41.7724]],[[-111.5375,41.7724],[-111.5257,41.7947],[-111.4818,41.832],[-111.406,41.8842],[-111.3514,41.9288],[-111.318,41.966],[-111.2685,41.9929],[-111.2028,42.0095],[-111.1522,42.0021],[-111.1167,41.9706],[-111.0657,41.9362],[-110.9991,41.899],[-110.9619,41.8593],[-110.954,41.8169],[-110.9305,41.7722],[-110.8915,41.725],[-110.8796,41.6716],[-110.895,41.6118],[-110.8945,41.5812],[-110.8782,41.5797],[-110.845,41.6048],[-110.795,41.6564],[-110.7462,41.6758],[-110.6986,41.663],[-110.6707,41.6454],[-110.6625,41.623],[-110.6649,41.5856],[-110.6778,41.5333],[-110.7098,41.4958],[-110.7609,41.4733],[-110.8023,41.4463],[-110.8341,41.4148],[-110.905,41.3992],[-111.015,41.3995],[-111.0777,41.4116],[-111.093,41.4353],[-111.0811,41.4621],[-111.0421,41.4921],[-111.0344,41.5216],[-111.0581,41.5507],[-111.09,41.5724],[-111.13,41.5867],[-111.175,41.6146],[-111.225,41.6561],[-111.275,41.6675],[-111.325,41.6489],[-111.36,41.641],[-111.38,41.6435],[-111.4211,41.659],[-111.4833,41.6873],[-111.5217,41.7164],[-111.5362,41.7463],[-111.5375,41.7724]]]}},{"type":"Feature","properties":{"c":"#ffffb2","v0":5.0,"v1":10.0},"geometry":{"type":"Polygon","coordinates":[[[-89.5907,41.5033],[-89.5666,41.5557],[-89.5384,41.5892],[-89.5061,41.6038],[-89.47,41.6118],[-89.43,41.6132],[-89.4034,41.6321],[-89.3903,41.6684],[-89.3653,41.6921],[-89.3284,41.7032],[-89.2938,41.6995],[-89.2614,41.6809],[-89.2435,41.6567],[-89.2402,41.6268],[-89.2451,41.6006],[-89.2581,41.5782],[-89.256,41.5617],[-89.2387,41.5513],[-89.2183,41.5663],[-89.1948,41.6066],[-89.1698,41.6331],[-89.1433,41.6458],[-89.11,41.6522],[-89.07,41.6522],[-89.01,41.6376],[-88.93,41.6081],[-88.8583,41.5644],[-88.795,41.5062],[-88.7614,41.4471],[-88.7577,41.3871],[-88.7694,41.3431],[-88.7965,41.315],[-88.84,41.294],[-88.9,41.2799],[-88.95,41.2798],[-88.99,41.2936],[-89.05,41.3315],[-89.13,41.3937],[-89.19,41.3972],[-89.23,41.3422],[-89.265,41.3089],[-89.295,41.2971],[-89.33,41.2912],[-89.37,41.2912],[-89.41,41.2978],[-89.45,41.3111],[-89.4895,41.3313],[-89.5285,41.3585],[-89.5617,41.3984],[-89.5891,41.4508],[-89.5907,41.5033]],[[-89.5791,41.5007],[-89.5597,41.5478],[-89.535,41.5789],[-89.505,41.5941],[-89.47,41.601],[-89.43,41.5996],[-89.4,41.6197],[-89.38,41.6615],[-89.355,41.6863],[-89.325,41.6942],[-89.2959,41.6878],[-89.2676,41.667],[-89.2549,41.6417],[-89.2578,41.6118],[-89.267,41.5894],[-89.2823,41.5744],[-89.275,41.5584],[-89.245,41.5414],[-89.2234,41.534],[-89.2102,41.536],[-89.1985,41.5557],[-89.1882,41.5931],[-89.1648,41.6204],[-89.1283,41.6375],[-89.09,41.6439],[-89.05,41.6395],[-88.995,41.6235],[-88.925,41.5957],[-88.8615,41.5556],[-88.8046,41.5033],[-88.7731,41.4508],[-88.767,41.3984],[-88.7805,41.3544],[-88.8135,41.3191],[-88.86,41.2975],[-88.92,41.2896],[-88.97,41.2956],[-89.01,41.3153],[-89.065,41.3546],[-89.135,41.4136],[-89.195,41.4111],[-89.245,41.3472],[-89.3,41.3118],[-89.36,41.3048],[-89.4254,41.319],[-89.4961,41.3544],[-89.5458,41.3984],[-89.5744,41.4508],[-89.5791,41.5007]]]}},{"type":"Feature","properties":{"c":"#ffffb2","v0":5.0,"v1":10.0},"geometry":{"type":"Polygon","coordinates":[[[-110.0944,41.5524],[-110.0781,41.5832],[-110.055,41.6021],[-110.025,41.6089],[-109.99,41.6054],[-109.95,41.5917],[-109.902,41.5953],[-109.8461,41.6163],[-109.7961,41.6433],[-109.752,41.6763],[-109.71,41.6862],[-109.67,41.6731],[-109.6375,41.6417],[-109.6124,41.5919],[-109.605,41.552],[-109.6151,41.522],[-109.6376,41.494],[-109.6725,41.4678],[-109.75,41.4458],[-109.87,41.428],[-109.9554,41.4223],[-110.0063,41.4288],[-110.046,41.4471],[-110.0748,41.4771],[-110.0925,41.5033],[-110.0992,41.5258],[-110.0944,41.5524]],[[-110.0744,41.5501],[-110.0581,41.5763],[-110.04,41.591],[-110.02,41.5942],[-109.99,41.588],[-109.95,41.5723],[-109.9,41.5766],[-109.84,41.6009],[-109.79,41.6289],[-109.75,41.6605],[-109.7136,41.6714],[-109.6809,41.6616],[-109.6534,41.6342],[-109.6313,41.5894],[-109.6259,41.552],[-109.6374,41.522],[-109.6549,41.4983],[-109.6783,41.4807],[-109.75,41.4625],[-109.87,41.4435],[-109.955,41.4384],[-110.005,41.4472],[-110.0431,41.4729],[-110.0694,41.5156],[-110.0744,41.5501]]]}},{"type":"Feature","properties":{"c":"#ffffb2","v0":5.0,"v1":10.0},"geometry":{"type":"Polygon","coordinates":[[[-105.803,40.9493],[-105.781,40.9772],[-105.75,40.9924],[-105.71,40.995],[-105.6819,41.0151],[-105.6657,41.0525],[-105.6366,41.0901],[-105.5947,41.1277],[-105.575,41.1541],[-105.5777,41.1691],[-105.6025,41.1993],[-105.6495,41.2444],[-105.6699,41.2895],[-105.6637,41.3346],[-105.643,41.3663],[-105.6077,41.3848],[-105.55,41.4033],[-105.47,41.4218],[-105.415,41.4275],[-105.385,41.4205],[-105.355,41.404],[-105.325,41.378],[-105.27,41.3815],[-105.19,41.4144],[-105.1315,41.4237],[-105.0946,41.4093],[-105.0711,41.3683],[-105.061,41.3008],[-105.0996,41.2406],[-105.187,41.188],[-105.2155,41.1392],[-105.1852,41.0943],[-105.12,41.088],[-105.02,41.1203],[-104.94,41.1266],[-104.88,41.107],[-104.8382,41.0832],[-104.8145,41.0551],[-104.8058,41.0222],[-104.812,40.9844],[-104.8366,40.9354],[-104.8797,40.8749],[-104.9134,40.8398],[-104.9378,40.8303],[-104.965,40.8286],[-104.995,40.835],[-105.02,40.8548],[-105.04,40.8881],[-105.07,40.9076],[-105.11,40.9132],[-105.145,40.9282],[-105.175,40.9524],[-105.215,40.9565],[-105.265,40.9404],[-105.315,40.9436],[-105.365,40.966],[-105.4139,40.9592],[-105.4617,40.9232],[-105.4753,40.8824],[-105.4547,40.8371],[-105.4486,40.8068],[-105.457,40.7916],[-105.4734,40.7791],[-105.4978,40.7692],[-105.525,40.7658],[-105.555,40.7688],[-105.62,40.7964],[-105.72,40.8485],[-105.781,40.8898],[-105.803,40.9202],[-105.803,40.9493]],[[-105.7878,40.948],[-105.7626,40.9734],[-105.73,40.9847],[-105.69,40.982],[-105.6628,41.0033],[-105.6485,41.0486],[-105.6207,41.0901],[-105.5793,41.1277],[-105.5595,41.1541],[-105.5612,41.1691],[-105.5864,41.1993],[-105.6353,41.2444],[-105.6587,41.2857],[-105.6568,41.3233],[-105.6394,41.3522],[-105.6065,41.3724],[-105.55,41.392],[-105.47,41.4111],[-105.415,41.4165],[-105.385,41.4081],[-105.355,41.3909],[-105.325,41.3648],[-105.27,41.3688],[-105.19,41.403],[-105.133,41.4118],[-105.0989,41.3953],[-105.0763,41.3646],[-105.0649,41.3195],[-105.0627,41.2895],[-105.0695,41.2745],[-105.118,41.2406],[-105.208,41.188],[-105.2335,41.1353],[-105.1946,41.0825],[-105.1238,41.0736],[-105.0213,41.1085],[-104.94,41.1155],[-104.88,41.0946],[-104.8417,41.0734],[-104.8251,41.0518],[-104.8179,41.026],[-104.8202,40.9958],[-104.8423,40.9505],[-104.8843,40.89],[-104.9165,40.8539],[-104.9388,40.8422],[-104.965,40.8412],[-104.995,40.8509],[-105.015,40.8684],[-105.025,40.8938],[-105.0581,40.9137],[-105.1143,40.9281],[-105.1543,40.9484],[-105.1781,40.9743],[-105.215,40.9762],[-105.265,40.9539],[-105.315,40.9552],[-105.365,40.9801],[-105.4185,40.9707],[-105.4755,40.927],[-105.4925,40.8862],[-105.4693,40.8484],[-105.4608,40.8207],[-105.4669,40.8032],[-105.48,40.7897],[-105.5,40.7801],[-105.525,40.7777],[-105.555,40.7823],[-105.615,40.8075],[-105.705,40.8532],[-105.7626,40.8909],[-105.7878,40.9205],[-105.7878,40.948]]]}},{"type":"Feature","properties":{"c":"#ffffb2","v0":5.0,"v1":10.0},"geometry":{"type":"Polygon","coordinates":[[[-98.5801,41.041],[-98.5706,41.0712],[-98.5519,41.0952],[-98.524,41.1129],[-98.485,41.1191],[-98.435,41.1138],[-98.3918,41.0974],[-98.3554,41.0699],[-98.3365,41.0297],[-98.3351,40.9769],[-98.3212,40.9316],[-98.295,40.8938],[-98.2763,40.8371],[-98.2652,40.7614],[-98.2592,40.7007],[-98.2583,40.6552],[-98.2647,40.6249],[-98.2785,40.6097],[-98.3066,40.6051],[-98.3489,40.611],[-98.3835,40.6262],[-98.4104,40.6506],[-98.4415,40.6969],[-98.4767,40.7651],[-98.4983,40.833],[-98.5061,40.9005],[-98.5271,40.9496],[-98.5614,40.9804],[-98.5801,41.0033],[-98.5832,41.0184],[-98.5801,41.041]],[[-98.5574,41.041],[-98.5465,41.0712],[-98.5283,41.0916],[-98.5028,41.1023],[-98.47,41.1037],[-98.43,41.0957],[-98.3953,41.0791],[-98.366,41.0537],[-98.3526,41.0184],[-98.355,40.9731],[-98.3431,40.9316],[-98.3167,40.8938],[-98.2979,40.8371],[-98.2865,40.7614],[-98.2814,40.7007],[-98.2825,40.6552],[-98.2885,40.6287],[-98.2992,40.6211],[-98.3199,40.6211],[-98.3508,40.6287],[-98.3774,40.6438],[-98.3998,40.6666],[-98.4264,40.7083],[-98.4573,40.7689],[-98.4766,40.8333],[-98.4844,40.9013],[-98.5069,40.958],[-98.5442,41.0033],[-98.5574,41.041]]]}},{"type":"Feature","properties":{"c":"#ffffb2","v0":5.0,"v1":10.0},"geometry":{"type":"Polygon","coordinates":[[[-112.2076,40.9831],[-112.1825,41.0182],[-112.135,41.0399],[-112.065,41.0485],[-111.96,41.0185],[-111.82,40.9499],[-111.74,40.9339],[-111.72,40.9707],[-111.645,40.9969],[-111.515,41.0125],[-111.43,41.005],[-111.39,40.9745],[-111.3469,40.9494],[-111.3006,40.93],[-111.2721,40.8976],[-111.2612,40.8522],[-111.2699,40.8106],[-111.2983,40.7727],[-111.3469,40.7322],[-111.4156,40.6891],[-111.505,40.6602],[-111.615,40.6456],[-111.6831,40.6482],[-111.7094,40.6681],[-111.7244,40.7002],[-111.7281,40.7445],[-111.7416,40.7483],[-111.7649,40.7115],[-111.7899,40.6831],[-111.8166,40.6629],[-111.855,40.6491],[-111.905,40.6415],[-111.9568,40.6516],[-112.0104,40.6793],[-112.0829,40.7614],[-112.1744,40.8976],[-112.2076,40.9831]],[[-112.2053,40.9731],[-112.2021,40.9882],[-112.1879,41.0055],[-112.1626,41.025],[-112.125,41.0374],[-112.075,41.0427],[-111.99,41.0192],[-111.87,40.9671],[-111.7962,40.9282],[-111.7685,40.9027],[-111.7483,40.8711],[-111.7353,40.8333],[-111.7447,40.7841],[-111.7764,40.7235],[-111.8167,40.6812],[-111.8656,40.6574],[-111.9188,40.6536],[-111.9763,40.6699],[-112.0343,40.7121],[-112.0927,40.7803],[-112.1431,40.8522],[-112.1856,40.9278],[-112.2053,40.9731]],[[-111.7302,40.9316],[-111.7232,40.9542],[-111.7123,40.9693],[-111.6974,40.9767],[-111.63,40.9878],[-111.51,41.0024],[-111.4069,40.9836],[-111.3206,40.9313],[-111.2767,40.8824],[-111.2752,40.8371],[-111.3133,40.7815],[-111.3911,40.7159],[-111.49,40.6745],[-111.61,40.6575],[-111.6811,40.6601],[-111.7034,40.6821],[-111.7063,40.7235],[-111.6898,40.7841],[-111.6946,40.8408],[-111.7206,40.8938],[-111.7302,40.9316]],[[-111.714,40.8003],[-111.7113,40.8327],[-111.7068,40.8403],[-111.7005,40.823],[-111.7019,40.8068],[-111.7109,40.7916],[-111.714,40.8003]]]}},{"type":"Feature","properties":{"c":"#ffffb2","v0":5.0,"v1":10.0},"geometry":{"type":"Polygon","coordinates":[[[-106.1214,40.7841],[-106.1049,40.8144],[-106.075,40.8333],[-106.0317,40.841],[-105.985,40.8389],[-105.935,40.8271],[-105.88,40.8003],[-105.82,40.7585],[-105.735,40.7409],[-105.625,40.7475],[-105.555,40.7365],[-105.525,40.7077],[-105.4921,40.6857],[-105.4563,40.6704],[-105.4276,40.6476],[-105.4058,40.6173],[-105.3729,40.5907],[-105.3291,40.5679],[-105.2988,40.5451],[-105.2822,40.5223],[-105.2726,40.4957],[-105.2699,40.4653],[-105.2789,40.4431],[-105.2996,40.4291],[-105.355,40.4219],[-105.445,40.4213],[-105.5067,40.4321],[-105.54,40.4542],[-105.565,40.4854],[-105.5817,40.5256],[-105.63,40.5572],[-105.71,40.5802],[-105.769,40.6095],[-105.8071,40.645],[-105.8571,40.6592],[-105.919,40.6521],[-105.98,40.6584],[-106.04,40.678],[-106.0817,40.6967],[-106.105,40.7146],[-106.1199,40.7348],[-106.1264,40.7576],[-106.1214,40.7841]],[[-106.1088,40.7812],[-106.0963,40.8056],[-106.07,40.8219],[-106.03,40.8299],[-105.975,40.822],[-105.905,40.7981],[-105.85,40.7683],[-105.81,40.7325],[-105.77,40.7214],[-105.73,40.7349],[-105.675,40.7396],[-105.605,40.7355],[-105.56,40.7221],[-105.54,40.6994],[-105.51,40.6795],[-105.47,40.6624],[-105.4431,40.6409],[-105.4293,40.615],[-105.3946,40.5869],[-105.3389,40.5565],[-105.3055,40.5185],[-105.2944,40.4729],[-105.3041,40.4451],[-105.3347,40.4351],[-105.385,40.4312],[-105.455,40.4333],[-105.5019,40.4421],[-105.5258,40.4576],[-105.5458,40.4867],[-105.5619,40.5296],[-105.615,40.5647],[-105.705,40.5923],[-105.765,40.6271],[-105.795,40.6693],[-105.83,40.6828],[-105.87,40.6677],[-105.91,40.6611],[-105.95,40.6632],[-105.9974,40.6753],[-106.0522,40.6973],[-106.0884,40.7235],[-106.1062,40.7538],[-106.1088,40.7812]]]}},{"type":"Feature","properties":{"c":"#ffffb2","v0":5.0,"v1":10.0},"geometry":{"type":"Polygon","coordinates":[[[-99.085,40.7483],[-99.075,40.7678],[-99.06,40.7781],[-99.04,40.7793],[-98.9781,40.7583],[-98.8743,40.7149],[-98.8096,40.6666],[-98.7839,40.6135],[-98.7808,40.5705],[-98.8003,40.5377],[-98.825,40.5179],[-98.855,40.5113],[-98.89,40.5207],[-98.93,40.5459],[-98.9743,40.5808],[-99.0228,40.6254],[-99.0578,40.6704],[-99.0793,40.7159],[-99.085,40.7483]]]}},{"type":"Feature","properties":{"c":"#ffffb2","v0":5.0,"v1":10.0},"geometry":{"type":"Polygon","coordinates":[[[-113.6438,40.0646],[-113.6376,40.0876],[-113.6234,40.1083],[-113.6011,40.1268],[-113.545,40.1517],[-113.455,40.1829],[-113.3509,40.1737],[-113.2328,40.124],[-113.1509,40.0646],[-113.1053,39.9957],[-113.0831,39.9536],[-113.0844,39.9382],[-113.0949,39.9191],[-113.1148,39.896],[-113.1411,39.8781],[-113.1737,39.8653],[-113.215,39.8588],[-113.265,39.8588],[-113.315,39.8653],[-113.365,39.8784],[-113.415,39.8823],[-113.465,39.8772],[-113.5183,39.8887],[-113.575,39.9166],[-113.6142,39.9612],[-113.636,40.0225],[-113.6438,40.0646]],[[-113.6321,40.0646],[-113.625,40.0876],[-113.6086,40.1082],[-113.5829,40.1265],[-113.54,40.1482],[-113.48,40.1734],[-113.435,40.1856],[-113.405,40.1847],[-113.3355,40.1592],[-113.2266,40.1089],[-113.1535,40.0455],[-113.1162,39.9689],[-113.1056,39.9211],[-113.1219,39.9021],[-113.15,39.8859],[-113.19,39.8725],[-113.255,39.8724],[-113.345,39.8857],[-113.42,39.8914],[-113.48,39.8897],[-113.5331,39.9031],[-113.5792,39.9316],[-113.6106,39.9727],[-113.6273,40.0264],[-113.6321,40.0646]]]}},{"type":"Feature","properties":{"c":"#ffffb2","v0":5.0,"v1":10.0},"geometry":{"type":"Polygon","coordinates":[[[-84.3525,40.073],[-84.3242,40.1125],[-84.255,40.1488],[-84.145,40.1816],[-84.07,40.1857],[-84.03,40.1609],[-83.985,40.1454],[-83.935,40.1394],[-83.895,40.1297],[-83.865,40.1162],[-83.8415,40.0992],[-83.8245,40.0787],[-83.8153,40.057],[-83.8138,40.034],[-83.8186,40.011],[-83.8296,39.9881],[-83.8539,39.9632],[-83.8913,39.9365],[-83.935,39.9134],[-83.985,39.8938],[-84.04,39.8802],[-84.1,39.8725],[-84.14,39.8704],[-84.16,39.8738],[-84.189,39.8932],[-84.2271,39.9283],[-84.2671,39.9542],[-84.309,39.9709],[-84.3392,39.9978],[-84.3575,40.0347],[-84.3525,40.073]],[[-84.344,40.0703],[-84.3213,40.1046],[-84.26,40.1384],[-84.16,40.1718],[-84.085,40.1761],[-84.035,40.1515],[-83.975,40.132],[-83.905,40.1176],[-83.8582,40.0923],[-83.8345,40.056],[-83.8261,40.0264],[-83.8328,40.0034],[-83.8547,39.9774],[-83.8916,39.9484],[-83.935,39.9235],[-83.985,39.9027],[-84.04,39.8885],[-84.1,39.8811],[-84.1445,39.883],[-84.1736,39.8942],[-84.1986,39.9122],[-84.2195,39.9369],[-84.2548,39.9599],[-84.3043,39.9812],[-84.3357,40.0072],[-84.3488,40.0378],[-84.344,40.0703]]]}},{"type":"Feature","properties":{"c":"#ffffb2","v0":5.0,"v1":10.0},"geometry":{"type":"Polygon","coordinates":[[[-116.1223,39.9114],[-116.1103,39.9651],[-116.0957,40.0027],[-116.0786,40.0242],[-116.055,40.0422],[-116.025,40.0566],[-115.985,40.0614],[-115.935,40.0566],[-115.895,40.0351],[-115.865,39.9969],[-115.825,39.9768],[-115.775,39.9748],[-115.7376,39.963],[-115.7128,39.9414],[-115.7012,39.873],[-115.7028,39.7578],[-115.7202,39.6886],[-115.7534,39.6655],[-115.795,39.6553],[-115.845,39.658],[-115.8868,39.6772],[-115.9205,39.713],[-115.9605,39.7335],[-116.0068,39.7387],[-116.0444,39.7502],[-116.0731,39.7681],[-116.0966,39.7885],[-116.1148,39.8116],[-116.125,39.8385],[-116.1272,39.8692],[-116.1223,39.9114]],[[-116.1114,39.9114],[-116.0975,39.9651],[-116.0804,40.0032],[-116.0601,40.0257],[-116.03,40.0424],[-115.99,40.053],[-115.955,40.0546],[-115.925,40.047],[-115.9,40.0258],[-115.88,39.9911],[-115.845,39.9728],[-115.795,39.9711],[-115.756,39.9603],[-115.728,39.9405],[-115.7147,39.873],[-115.716,39.7578],[-115.735,39.6898],[-115.7717,39.6692],[-115.815,39.664],[-115.865,39.6742],[-115.9,39.6953],[-115.92,39.7271],[-115.955,39.7451],[-116.005,39.7492],[-116.0448,39.7615],[-116.0745,39.7821],[-116.0966,39.8154],[-116.1111,39.8615],[-116.1114,39.9114]]]}},{"type":"Feature","properties":{"c":"#ffffb2","v0":5.0,"v1":10.0},"geometry":{"type":"Polygon","coordinates":[[[-115.4799,39.5615],[-115.4266,39.6847],[-115.3612,39.7885],[-115.2839,39.873],[-115.2214,39.9235],[-115.1738,39.9401],[-115.13,39.9383],[-115.09,39.9183],[-115.055,39.9081],[-115.025,39.9077],[-114.9972,39.9018],[-114.9717,39.8903],[-114.9524,39.8615],[-114.9393,39.8154],[-114.9421,39.7747],[-114.9607,39.7393],[-115.0,39.7111],[-115.06,39.6901],[-115.11,39.6804],[-115.15,39.682],[-115.2065,39.6409],[-115.2794,39.5571],[-115.3394,39.4962],[-115.3865,39.4581],[-115.425,39.4392],[-115.455,39.4395],[-115.4791,39.4547],[-115.4974,39.4847],[-115.4799,39.5615]],[[-115.4653,39.5653],[-115.4062,39.6963],[-115.34,39.7997],[-115.2667,39.8757],[-115.21,39.9201],[-115.17,39.9329],[-115.13,39.9287],[-115.09,39.9074],[-115.045,39.8924],[-114.995,39.8839],[-114.9634,39.8578],[-114.9502,39.8142],[-114.9514,39.777],[-114.967,39.7463],[-115.0036,39.7204],[-115.0612,39.6996],[-115.11,39.6935],[-115.15,39.7021],[-115.2065,39.6625],[-115.2794,39.5746],[-115.3394,39.5105],[-115.3865,39.4703],[-115.425,39.4507],[-115.455,39.4518],[-115.4762,39.4642],[-115.4887,39.4879],[-115.4653,39.5653]]]}},{"type":"Feature","properties":{"c":"#ffffb2","v0":5.0,"v1":10.0},"geometry":{"type":"Polygon","coordinates":[[[-114.7094,39.3878],[-114.6921,39.411],[-114.6601,39.4349],[-114.6134,39.4595],[-114.5881,39.5136],[-114.5842,39.5969],[-114.5708,39.6578],[-114.5478,39.6963],[-114.5197,39.7299],[-114.4866,39.7588],[-114.45,39.7835],[-114.41,39.8039],[-114.365,39.8192],[-114.315,39.8293],[-114.275,39.8299],[-114.245,39.8212],[-114.2158,39.803],[-114.1875,39.7754],[-114.1687,39.7424],[-114.1595,39.704],[-114.1687,39.6575],[-114.1962,39.6031],[-114.2121,39.5453],[-114.2164,39.4841],[-114.2033,39.4303],[-114.173,39.3839],[-114.1579,39.3375],[-114.1583,39.2911],[-114.1663,39.2583],[-114.1821,39.2391],[-114.215,39.2223],[-114.265,39.2081],[-114.297,39.1867],[-114.3109,39.1581],[-114.332,39.1322],[-114.3603,39.109],[-114.3534,39.0972],[-114.3111,39.0971],[-114.2785,39.0893],[-114.2554,39.074],[-114.2356,39.0391],[-114.219,38.9847],[-114.191,38.9458],[-114.1515,38.9225],[-114.1205,38.8797],[-114.0978,38.8174],[-114.074,38.7706],[-114.0491,38.7394],[-114.0384,38.7121],[-114.0419,38.6887],[-114.0564,38.6613],[-114.082,38.6301],[-114.096,38.5988],[-114.0984,38.5676],[-114.0801,38.5324],[-114.0411,38.4933],[-114.0264,38.4463],[-114.0361,38.3914],[-114.0247,38.3483],[-113.9923,38.3169],[-113.976,38.2855],[-113.976,38.2541],[-113.9895,38.2255],[-114.0165,38.1996],[-114.045,38.1852],[-114.075,38.1823],[-114.1032,38.1874],[-114.1296,38.2005],[-114.1493,38.2345],[-114.1623,38.2895],[-114.1869,38.3248],[-114.2231,38.3405],[-114.272,38.3875],[-114.3336,38.4659],[-114.3701,38.5324],[-114.3814,38.5871],[-114.3758,38.6496],[-114.3533,38.7199],[-114.3533,38.7823],[-114.3759,38.8368],[-114.3981,38.8719],[-114.4199,38.8875],[-114.4351,38.9069],[-114.4436,38.9303],[-114.4456,38.9575],[-114.4411,38.9886],[-114.4249,39.0236],[-114.3969,39.0624],[-114.4154,39.0934],[-114.4802,39.1167],[-114.5194,39.1361],[-114.5329,39.1516],[-114.5423,39.1813],[-114.5474,39.2251],[-114.585,39.2662],[-114.655,39.3046],[-114.697,39.3369],[-114.711,39.3631],[-114.7094,39.3878]],[[-114.671,39.4024],[-114.6037,39.4547],[-114.5706,39.5164],[-114.5718,39.5876],[-114.556,39.6501],[-114.5232,39.704],[-114.4676,39.7527],[-114.3892,39.7962],[-114.335,39.8194],[-114.305,39.8225],[-114.275,39.8192],[-114.245,39.8095],[-114.2167,39.7901],[-114.1901,39.7609],[-114.1742,39.7347],[-114.1689,39.7117],[-114.1796,39.6693],[-114.2064,39.6077],[-114.2229,39.546],[-114.2292,39.4843],[-114.2162,39.4264],[-114.1838,39.3723],[-114.1732,39.3198],[-114.1844,39.2688],[-114.215,39.2368],[-114.265,39.2238],[-114.31,39.1918],[-114.35,39.1408],[-114.39,39.1128],[-114.43,39.1079],[-114.4689,39.1189],[-114.5068,39.1459],[-114.5289,39.1826],[-114.5352,39.2291],[-114.5737,39.2717],[-114.6442,39.3104],[-114.6858,39.3414],[-114.6984,39.3646],[-114.671,39.4024]],[[-114.4238,38.9847],[-114.3958,39.0391],[-114.3689,39.0725],[-114.343,39.0848],[-114.32,39.0902],[-114.3,39.0887],[-114.2773,39.0747],[-114.252,39.0484],[-114.2372,39.0158],[-114.233,38.9769],[-114.2156,38.9515],[-114.1852,38.9395],[-114.161,38.9239],[-114.143,38.9048],[-114.1124,38.8485],[-114.0692,38.755],[-114.0627,38.6848],[-114.0932,38.6379],[-114.1092,38.5949],[-114.1109,38.5558],[-114.0925,38.5206],[-114.0538,38.4893],[-114.0402,38.4463],[-114.0517,38.3914],[-114.0391,38.3444],[-114.0025,38.3051],[-113.9874,38.2698],[-113.9939,38.2384],[-114.0053,38.2163],[-114.0218,38.2034],[-114.045,38.1957],[-114.075,38.1931],[-114.1,38.1963],[-114.12,38.2055],[-114.1364,38.2211],[-114.1493,38.2431],[-114.1543,38.2699],[-114.1514,38.3013],[-114.17,38.326],[-114.21,38.344],[-114.2585,38.3871],[-114.3156,38.4553],[-114.3524,38.5167],[-114.3691,38.5715],[-114.365,38.6379],[-114.3404,38.716],[-114.3369,38.7667],[-114.3547,38.7901],[-114.3653,38.8174],[-114.3688,38.8485],[-114.385,38.8758],[-114.4138,38.8991],[-114.4306,38.9225],[-114.4354,38.9458],[-114.4238,38.9847]]]}},{"type":"Feature","properties":{"c":"#ffffb2","v0":5.0,"v1":10.0},"geometry":{"type":"Polygon","coordinates":[[[-104.9792,39.5201],[-104.9464,39.5609],[-104.905,39.5864],[-104.855,39.5968],[-104.827,39.6149],[-104.821,39.6409],[-104.805,39.6693],[-104.7788,39.7001],[-104.7368,39.7254],[-104.6789,39.7452],[-104.6287,39.7491],[-104.5862,39.737],[-104.5562,39.7111],[-104.5387,39.6715],[-104.5065,39.6292],[-104.4596,39.584],[-104.4383,39.546],[-104.4426,39.5152],[-104.468,39.4843],[-104.5143,39.4534],[-104.5402,39.4148],[-104.5457,39.3684],[-104.5738,39.3312],[-104.6246,39.3031],[-104.66,39.2893],[-104.68,39.2896],[-104.7155,39.3037],[-104.7664,39.3314],[-104.8214,39.3542],[-104.8805,39.372],[-104.9222,39.3913],[-104.9466,39.4121],[-104.968,39.4419],[-104.9864,39.4805],[-104.9792,39.5201]],[[-104.9702,39.5173],[-104.9434,39.5523],[-104.905,39.5727],[-104.855,39.5787],[-104.8216,39.6036],[-104.8048,39.6474],[-104.7848,39.6806],[-104.7616,39.703],[-104.725,39.7219],[-104.675,39.7372],[-104.628,39.7375],[-104.584,39.7228],[-104.5554,39.6963],[-104.5422,39.6578],[-104.5181,39.627],[-104.483,39.6039],[-104.4605,39.5807],[-104.4506,39.5576],[-104.4487,39.5345],[-104.4548,39.5113],[-104.4817,39.4843],[-104.5293,39.4534],[-104.5553,39.4148],[-104.5596,39.3684],[-104.5838,39.3339],[-104.6279,39.3111],[-104.665,39.3016],[-104.695,39.3053],[-104.76,39.3286],[-104.86,39.3715],[-104.9284,39.4196],[-104.9652,39.4731],[-104.9702,39.5173]]]}},{"type":"Feature","properties":{"c":"#ffffb2","v0":5.0,"v1":10.0},"geometry":{"type":"Polygon","coordinates":[[[-114.4112,39.3646],[-114.4092,39.3723],[-114.3986,39.377],[-114.3795,39.3788],[-114.37,39.3674],[-114.37,39.3428],[-114.375,39.3282],[-114.385,39.3235],[-114.3956,39.3311],[-114.4067,39.3508],[-114.4112,39.3646]]]}},{"type":"Feature","properties":{"c":"#ffffb2","v0":5.0,"v1":10.0},"geometry":{"type":"Polygon","coordinates":[[[-116.1769,39.1465],[-116.159,39.1827],[-116.12,39.2159],[-116.06,39.2463],[-115.99,39.2583],[-115.91,39.2519],[-115.855,39.2594],[-115.825,39.2808],[-115.765,39.3036],[-115.675,39.3278],[-115.615,39.3353],[-115.585,39.3262],[-115.5623,39.3121],[-115.547,39.2929],[-115.5437,39.2679],[-115.5524,39.2369],[-115.5802,39.1981],[-115.6271,39.1516],[-115.6677,39.1012],[-115.7022,39.0469],[-115.7134,38.973],[-115.7011,38.8797],[-115.7013,38.8213],[-115.7141,38.7979],[-115.7328,38.78],[-115.7576,38.7677],[-115.83,38.7609],[-115.95,38.7594],[-116.035,38.7689],[-116.085,38.7893],[-116.1179,38.8118],[-116.1336,38.8363],[-116.1398,38.8641],[-116.1365,38.8952],[-116.1423,38.9264],[-116.1573,38.9575],[-116.17,39.0119],[-116.1806,39.0896],[-116.1769,39.1465]],[[-116.1668,39.1439],[-116.1529,39.1749],[-116.117,39.2055],[-116.059,39.2357],[-115.99,39.2469],[-115.91,39.2392],[-115.855,39.2466],[-115.825,39.2692],[-115.77,39.2924],[-115.69,39.3162],[-115.635,39.3264],[-115.605,39.3231],[-115.5808,39.3119],[-115.5623,39.2929],[-115.5546,39.2717],[-115.5577,39.2485],[-115.602,39.1846],[-115.6873,39.0799],[-115.7245,38.9789],[-115.7134,38.8816],[-115.711,38.8252],[-115.7174,38.8096],[-115.7329,38.7944],[-115.7576,38.7797],[-115.83,38.7714],[-115.95,38.7696],[-116.0319,38.777],[-116.0756,38.7935],[-116.105,38.8135],[-116.1202,38.8368],[-116.1265,38.8641],[-116.1239,38.8952],[-116.1353,38.9653],[-116.1609,39.074],[-116.1668,39.1439]]]}},{"type":"Feature","properties":{"c":"#ffffb2","v0":5.0,"v1":10.0},"geometry":{"type":"Polygon","coordinates":[[[-108.2654,38.973],[-108.234,39.0352],[-108.1812,39.0815],[-108.1071,39.1119],[-108.035,39.1304],[-107.965,39.1371],[-107.9,39.1368],[-107.84,39.1296],[-107.795,39.1397],[-107.765,39.167],[-107.735,39.1857],[-107.705,39.1957],[-107.665,39.1963],[-107.615,39.1874],[-107.5779,39.1732],[-107.5537,39.1537],[-107.541,39.1284],[-107.5397,39.0973],[-107.5481,39.0585],[-107.5664,39.0119],[-107.5891,38.9791],[-107.6164,38.9603],[-107.6509,38.9486],[-107.6928,38.9442],[-107.7068,38.9108],[-107.6928,38.8485],[-107.7019,38.8062],[-107.734,38.784],[-107.77,38.7733],[-107.81,38.774],[-107.84,38.791],[-107.86,38.8243],[-107.895,38.858],[-107.945,38.8922],[-108.03,38.9031],[-108.15,38.8909],[-108.2242,38.8913],[-108.2525,38.9043],[-108.2703,38.9186],[-108.2775,38.9341],[-108.2654,38.973]],[[-108.2528,38.9712],[-108.2243,39.0297],[-108.175,39.0735],[-108.105,39.1026],[-108.035,39.1206],[-107.965,39.1273],[-107.9,39.1269],[-107.84,39.1193],[-107.79,39.1318],[-107.75,39.1643],[-107.72,39.1828],[-107.7,39.1875],[-107.67,39.187],[-107.63,39.1814],[-107.5964,39.1699],[-107.5693,39.1526],[-107.555,39.1284],[-107.5534,39.0973],[-107.5622,39.0585],[-107.5814,39.0119],[-107.6007,38.9819],[-107.6202,38.9684],[-107.65,38.9609],[-107.69,38.9592],[-107.7153,38.9542],[-107.726,38.946],[-107.7228,38.9147],[-107.7055,38.8602],[-107.7102,38.8205],[-107.7367,38.7956],[-107.7691,38.7839],[-107.8072,38.7854],[-107.8344,38.8018],[-107.8508,38.8329],[-107.8868,38.866],[-107.9423,38.901],[-108.025,38.9123],[-108.135,38.8999],[-108.2048,38.898],[-108.2344,38.9065],[-108.2536,38.9186],[-108.2626,38.9341],[-108.2528,38.9712]]]}},{"type":"Feature","properties":{"c":"#ffffb2","v0":5.0,"v1":10.0},"geometry":{"type":"Polygon","coordinates":[[[-102.5354,38.8797],[-102.5231,38.9108],[-102.5052,38.9332],[-102.4817,38.9469],[-102.445,38.9525],[-102.395,38.9498],[-102.345,38.9403],[-102.295,38.924],[-102.2622,38.9185],[-102.2467,38.9237],[-102.2564,38.9419],[-102.2914,38.973],[-102.3125,39.0041],[-102.3199,39.0352],[-102.3183,39.0663],[-102.3079,39.0973],[-102.2846,39.1262],[-102.2482,39.1529],[-102.22,39.1692],[-102.2,39.175],[-102.175,39.175],[-102.145,39.1692],[-102.1077,39.149],[-102.0631,39.1146],[-102.0361,39.0702],[-102.0267,39.0158],[-102.0414,38.9691],[-102.0802,38.9303],[-102.0705,38.8836],[-102.0121,38.829],[-101.9866,38.7862],[-101.9939,38.755],[-102.0056,38.7324],[-102.0219,38.7184],[-102.055,38.7082],[-102.105,38.7018],[-102.155,38.7053],[-102.205,38.7188],[-102.275,38.7274],[-102.365,38.7312],[-102.4321,38.7464],[-102.4763,38.7729],[-102.5092,38.8057],[-102.5308,38.8446],[-102.5354,38.8797]],[[-102.5246,38.8758],[-102.5183,38.8991],[-102.4989,38.9198],[-102.4663,38.9377],[-102.405,38.9362],[-102.315,38.9152],[-102.2535,38.9062],[-102.2206,38.9093],[-102.2301,38.938],[-102.2821,38.9925],[-102.3057,39.0391],[-102.3009,39.0779],[-102.2814,39.1116],[-102.2471,39.1401],[-102.21,39.1565],[-102.17,39.1608],[-102.1235,39.1426],[-102.0704,39.1021],[-102.0418,39.0585],[-102.0377,39.0119],[-102.0604,38.9691],[-102.1099,38.9303],[-102.1001,38.8836],[-102.031,38.829],[-101.9978,38.7901],[-102.0005,38.7667],[-102.0139,38.7448],[-102.038,38.7244],[-102.14,38.7216],[-102.32,38.7364],[-102.4319,38.7583],[-102.4756,38.7873],[-102.505,38.8174],[-102.5201,38.8485],[-102.5246,38.8758]]]}},{"type":"Feature","properties":{"c":"#ffffb2","v0":5.0,"v1":10.0},"geometry":{"type":"Polygon","coordinates":[[[-103.0328,38.9719],[-103.0176,39.0009],[-102.988,39.0242],[-102.9441,39.0419],[-102.8991,39.0725],[-102.853,39.116],[-102.805,39.1409],[-102.755,39.1472],[-102.7021,39.1333],[-102.6464,39.099],[-102.6185,39.0313],[-102.6184,38.9303],[-102.6463,38.8627],[-102.7021,38.8287],[-102.78,38.8133],[-102.88,38.8165],[-102.947,38.8335],[-102.981,38.8643],[-103.0086,38.8991],[-103.0298,38.938],[-103.0328,38.9719]],[[-103.022,38.9691],[-103.012,38.9925],[-102.9827,39.0144],[-102.9342,39.035],[-102.89,39.0657],[-102.85,39.1064],[-102.805,39.1301],[-102.755,39.1367],[-102.7057,39.1255],[-102.657,39.0964],[-102.6326,39.0313],[-102.6324,38.9303],[-102.6568,38.8652],[-102.7056,38.8361],[-102.78,38.8234],[-102.88,38.827],[-102.9543,38.8609],[-103.0028,38.9253],[-103.022,38.9691]]]}},{"type":"Feature","properties":{"c":"#ffffb2","v0":5.0,"v1":10.0},"geometry":{"type":"Polygon","coordinates":[[[-94.5909,38.5285],[-94.5816,38.5754],[-94.5569,38.6262],[-94.5167,38.6809],[-94.48,38.7177],[-94.4467,38.7367],[-94.405,38.7478],[-94.355,38.751],[-94.315,38.7483],[-94.285,38.7397],[-94.2428,38.7052],[-94.1883,38.6447],[-94.1591,38.5988],[-94.1551,38.5676],[-94.1584,38.5402],[-94.169,38.5167],[-94.2082,38.482],[-94.2761,38.436],[-94.355,38.415],[-94.445,38.4192],[-94.51,38.432],[-94.55,38.4536],[-94.5764,38.4745],[-94.5891,38.4948],[-94.5909,38.5285]],[[-94.5787,38.5402],[-94.569,38.5793],[-94.5472,38.6223],[-94.5134,38.6692],[-94.4698,38.7055],[-94.4166,38.7313],[-94.37,38.7431],[-94.33,38.7409],[-94.295,38.7322],[-94.265,38.7173],[-94.2285,38.6782],[-94.1854,38.6149],[-94.1733,38.5598],[-94.1921,38.5128],[-94.2336,38.4712],[-94.2979,38.435],[-94.37,38.4205],[-94.45,38.4277],[-94.5087,38.4419],[-94.5462,38.4631],[-94.5696,38.4854],[-94.579,38.5089],[-94.5787,38.5402]]]}},{"type":"Feature","properties":{"c":"#ffffb2","v0":5.0,"v1":10.0},"geometry":{"type":"Polygon","coordinates":[[[-81.0981,38.5236],[-81.0794,38.5606],[-81.035,38.5948],[-80.965,38.626],[-80.915,38.6586],[-80.885,38.6927],[-80.85,38.7159],[-80.81,38.7281],[-80.7645,38.7239],[-80.7136,38.703],[-80.6786,38.6654],[-80.6595,38.6111],[-80.625,38.582],[-80.575,38.5781],[-80.53,38.5628],[-80.49,38.5362],[-80.43,38.5284],[-80.35,38.5395],[-80.2984,38.5389],[-80.2751,38.5267],[-80.2568,38.5089],[-80.2435,38.4854],[-80.2451,38.4587],[-80.2617,38.4286],[-80.285,38.4066],[-80.315,38.3927],[-80.355,38.3851],[-80.405,38.3838],[-80.45,38.3914],[-80.49,38.4077],[-80.55,38.4116],[-80.63,38.4031],[-80.6903,38.4097],[-80.731,38.4315],[-80.756,38.4654],[-80.7653,38.5115],[-80.7811,38.535],[-80.8033,38.5359],[-80.8197,38.5324],[-80.8304,38.5246],[-80.8312,38.4893],[-80.8223,38.4267],[-80.8269,38.3836],[-80.845,38.3601],[-80.868,38.3442],[-80.896,38.3359],[-80.955,38.3611],[-81.045,38.4199],[-81.0944,38.4632],[-81.1031,38.4911],[-81.0981,38.5236]],[[-81.0829,38.5206],[-81.0681,38.5519],[-81.028,38.5812],[-80.9627,38.6085],[-80.9148,38.6398],[-80.8843,38.675],[-80.8493,38.6995],[-80.8098,38.7133],[-80.7662,38.7094],[-80.7187,38.6878],[-80.6887,38.6504],[-80.6762,38.5974],[-80.64,38.5683],[-80.58,38.5634],[-80.53,38.5478],[-80.49,38.5215],[-80.43,38.5138],[-80.35,38.5247],[-80.2963,38.516],[-80.2689,38.4878],[-80.2609,38.4619],[-80.2724,38.4384],[-80.2961,38.4192],[-80.332,38.4043],[-80.37,38.3969],[-80.41,38.3971],[-80.45,38.406],[-80.49,38.4236],[-80.55,38.4275],[-80.63,38.4177],[-80.688,38.4241],[-80.7241,38.4467],[-80.7391,38.4776],[-80.733,38.5169],[-80.755,38.5395],[-80.805,38.5454],[-80.8367,38.5414],[-80.8501,38.5276],[-80.8517,38.4893],[-80.8414,38.4267],[-80.8447,38.3855],[-80.8616,38.3657],[-80.88,38.3534],[-80.9,38.3486],[-80.9514,38.3742],[-81.0341,38.4301],[-81.0792,38.4698],[-81.0866,38.4933],[-81.0829,38.5206]]]}},{"type":"Feature","properties":{"c":"#ffffb2","v0":5.0,"v1":10.0},"geometry":{"type":"Polygon","coordinates":[[[-105.212,38.2895],[-105.2016,38.3287],[-105.1749,38.3716],[-105.1316,38.4181],[-105.085,38.4503],[-105.035,38.4684],[-104.98,38.476],[-104.92,38.4732],[-104.8806,38.4644],[-104.8618,38.4497],[-104.8501,38.4267],[-104.8456,38.3953],[-104.8612,38.3522],[-104.897,38.2973],[-104.8892,38.258],[-104.838,38.2345],[-104.8137,38.1913],[-104.8163,38.1284],[-104.8357,38.0852],[-104.8719,38.0619],[-104.915,38.0517],[-104.965,38.0547],[-105.01,38.0802],[-105.05,38.1283],[-105.09,38.1556],[-105.13,38.1624],[-105.1595,38.1721],[-105.1784,38.1849],[-105.1952,38.2109],[-105.2098,38.2502],[-105.212,38.2895]],[[-105.1922,38.2973],[-105.1708,38.3522],[-105.1426,38.3947],[-105.1075,38.4248],[-105.07,38.4465],[-105.03,38.4598],[-104.98,38.4645],[-104.92,38.4606],[-104.8827,38.4506],[-104.8681,38.4347],[-104.8604,38.411],[-104.8598,38.3797],[-104.8785,38.3405],[-104.9166,38.2934],[-104.909,38.258],[-104.8558,38.2345],[-104.8263,38.2031],[-104.8205,38.1638],[-104.8219,38.1323],[-104.8304,38.1087],[-104.8536,38.087],[-104.8912,38.0672],[-104.93,38.0605],[-104.97,38.067],[-105.005,38.0927],[-105.035,38.1375],[-105.08,38.168],[-105.14,38.1843],[-105.1782,38.2118],[-105.1947,38.2505],[-105.1922,38.2973]]]}},{"type":"Feature","properties":{"c":"#ffffb2","v0":5.0,"v1":10.0},"geometry":{"type":"Polygon","coordinates":[[[-105.5809,37.892],[-105.5718,37.9235],[-105.5429,37.9508],[-105.4943,37.9737],[-105.425,37.9834],[-105.335,37.9797],[-105.2676,37.9643],[-105.2227,37.9371],[-105.1945,37.9078],[-105.1829,37.8762],[-105.1827,37.8446],[-105.1941,37.813],[-105.2123,37.7908],[-105.2374,37.7779],[-105.27,37.7695],[-105.31,37.7655],[-105.336,37.7562],[-105.3479,37.7414],[-105.3528,37.726],[-105.3507,37.7102],[-105.3332,37.6865],[-105.3001,37.6548],[-105.2802,37.6152],[-105.2733,37.5677],[-105.2563,37.5201],[-105.2292,37.4725],[-105.2199,37.4368],[-105.2285,37.4129],[-105.2571,37.3874],[-105.3057,37.36],[-105.36,37.3462],[-105.42,37.3458],[-105.4765,37.3594],[-105.5294,37.3872],[-105.5566,37.4169],[-105.558,37.4487],[-105.5353,37.4963],[-105.4884,37.5597],[-105.479,37.6113],[-105.507,37.6509],[-105.5371,37.7221],[-105.5693,37.8249],[-105.5809,37.892]],[[-105.5612,37.892],[-105.5491,37.9235],[-105.5198,37.9475],[-105.4733,37.964],[-105.405,37.9683],[-105.315,37.9606],[-105.2538,37.9406],[-105.2215,37.9082],[-105.2065,37.872],[-105.2088,37.8321],[-105.22,37.8058],[-105.24,37.7933],[-105.275,37.7831],[-105.325,37.7753],[-105.3557,37.7621],[-105.3672,37.7433],[-105.3722,37.7256],[-105.3707,37.7088],[-105.3517,37.6811],[-105.3152,37.6425],[-105.2947,37.6033],[-105.2905,37.5637],[-105.2752,37.5241],[-105.2489,37.4844],[-105.2393,37.4503],[-105.2464,37.4219],[-105.27,37.3963],[-105.31,37.3736],[-105.36,37.3619],[-105.42,37.3613],[-105.4732,37.375],[-105.5195,37.4029],[-105.5417,37.4288],[-105.5398,37.4526],[-105.515,37.4963],[-105.4674,37.5597],[-105.458,37.6113],[-105.4868,37.6509],[-105.5177,37.7221],[-105.5507,37.8249],[-105.5612,37.892]]]}},{"type":"Feature","properties":{"c":"#ffffb2","v0":5.0,"v1":10.0},"geometry":{"type":"Polygon","coordinates":[[[-108.2189,37.639],[-108.2102,37.6707],[-108.1919,37.6975],[-108.164,37.7196],[-108.13,37.7372],[-108.09,37.7503],[-108.05,37.7808],[-108.01,37.8286],[-107.96,37.8573],[-107.9,37.8669],[-107.8576,37.8649],[-107.8327,37.8514],[-107.8098,37.8051],[-107.7889,37.726],[-107.7794,37.6548],[-107.7813,37.5914],[-107.8342,37.499],[-107.9381,37.3774],[-108.01,37.3117],[-108.05,37.302],[-108.0894,37.3072],[-108.1283,37.3274],[-108.1515,37.3533],[-108.159,37.3851],[-108.1585,37.4209],[-108.1499,37.4606],[-108.1634,37.5042],[-108.1992,37.5518],[-108.2186,37.5875],[-108.2217,37.6113],[-108.2189,37.639]],[[-108.2042,37.639],[-108.1943,37.6707],[-108.1571,37.7023],[-108.0928,37.734],[-108.043,37.7724],[-108.0077,37.8175],[-107.96,37.8448],[-107.9,37.8543],[-107.86,37.8532],[-107.84,37.8416],[-107.8206,37.7985],[-107.8018,37.7238],[-107.7933,37.6548],[-107.7949,37.5914],[-107.8493,37.4994],[-107.9564,37.3787],[-108.03,37.3165],[-108.07,37.313],[-108.1033,37.3217],[-108.1299,37.3428],[-108.1397,37.3851],[-108.1328,37.4487],[-108.1458,37.5003],[-108.1785,37.5399],[-108.1984,37.5756],[-108.2055,37.6073],[-108.2042,37.639]]]}},{"type":"Feature","properties":{"c":"#ffffb2","v0":5.0,"v1":10.0},"geometry":{"type":"Polygon","coordinates":[[[-108.8216,37.528],[-108.8099,37.5597],[-108.7906,37.5853],[-108.7635,37.6047],[-108.71,37.6272],[-108.63,37.6528],[-108.57,37.6654],[-108.53,37.6648],[-108.4969,37.6542],[-108.4708,37.6335],[-108.4558,37.6096],[-108.4519,37.5826],[-108.43,37.5652],[-108.39,37.5575],[-108.3568,37.5433],[-108.3304,37.5225],[-108.3019,37.4804],[-108.2711,37.4169],[-108.2573,37.3653],[-108.2604,37.3255],[-108.279,37.2912],[-108.313,37.2623],[-108.36,37.2479],[-108.42,37.2479],[-108.4615,37.2544],[-108.4845,37.2673],[-108.514,37.2977],[-108.5501,37.3454],[-108.6236,37.384],[-108.7345,37.4136],[-108.7993,37.4494],[-108.818,37.4912],[-108.8216,37.528]],[[-108.8133,37.5241],[-108.8065,37.5479],[-108.7848,37.5729],[-108.7483,37.5993],[-108.69,37.6241],[-108.61,37.6473],[-108.555,37.6575],[-108.525,37.6547],[-108.5005,37.6458],[-108.4814,37.6307],[-108.469,37.6073],[-108.4634,37.5756],[-108.438,37.5554],[-108.3927,37.5468],[-108.3604,37.5349],[-108.3411,37.5197],[-108.3148,37.4765],[-108.2813,37.405],[-108.2672,37.3533],[-108.2723,37.3215],[-108.2887,37.294],[-108.3162,37.2707],[-108.36,37.259],[-108.42,37.259],[-108.4618,37.2667],[-108.4855,37.282],[-108.5105,37.3101],[-108.5368,37.3508],[-108.605,37.3849],[-108.715,37.4124],[-108.7817,37.4477],[-108.805,37.4907],[-108.8133,37.5241]]]}},{"type":"Feature","properties":{"c":"#ffffb2","v0":5.0,"v1":10.0},"geometry":{"type":"Polygon","coordinates":[[[-82.5252,36.8068],[-82.5222,36.8308],[-82.5131,36.8507],[-82.4977,36.8663],[-82.445,36.8819],[-82.355,36.8974],[-82.295,36.9198],[-82.265,36.9493],[-82.225,36.9762],[-82.175,37.0005],[-82.105,37.0212],[-82.015,37.0385],[-81.93,37.0471],[-81.85,37.0469],[-81.795,37.0404],[-81.765,37.0275],[-81.742,37.0084],[-81.726,36.9833],[-81.7218,36.9548],[-81.7296,36.9228],[-81.7526,36.8936],[-81.7909,36.8671],[-81.8595,36.8471],[-81.9586,36.8336],[-82.0386,36.8162],[-82.0995,36.7951],[-82.1577,36.7831],[-82.2132,36.7802],[-82.2551,36.7467],[-82.2833,36.6826],[-82.3106,36.6406],[-82.3369,36.6207],[-82.3699,36.6167],[-82.4096,36.6285],[-82.4537,36.6746],[-82.5023,36.7547],[-82.5252,36.8068]],[[-82.5089,36.8116],[-82.4963,36.8451],[-82.445,36.8699],[-82.355,36.886],[-82.29,36.9118],[-82.25,36.9473],[-82.21,36.9741],[-82.17,36.9924],[-82.105,37.0105],[-82.015,37.0284],[-81.935,37.0377],[-81.865,37.0384],[-81.815,37.035],[-81.785,37.0273],[-81.7617,37.0143],[-81.745,36.9959],[-81.7367,36.9708],[-81.7367,36.9388],[-81.755,36.9081],[-81.7917,36.8787],[-81.8507,36.8587],[-81.9322,36.8481],[-82.0122,36.831],[-82.0907,36.8074],[-82.16,36.7938],[-82.22,36.7902],[-82.2631,36.758],[-82.2894,36.697],[-82.3144,36.6554],[-82.3381,36.6332],[-82.3659,36.6252],[-82.3977,36.6314],[-82.4389,36.6746],[-82.4897,36.7547],[-82.5089,36.8116]]]}},{"type":"Feature","properties":{"c":"#ffffb2","v0":5.0,"v1":10.0},"geometry":{"type":"Polygon","coordinates":[[[-106.5344,36.6144],[-106.5256,36.6385],[-106.5049,36.6625],[-106.4724,36.6866],[-106.4724,36.7227],[-106.505,36.7708],[-106.5164,36.8108],[-106.5067,36.8428],[-106.4638,36.8873],[-106.3879,36.9443],[-106.335,36.9743],[-106.305,36.9776],[-106.28,36.975],[-106.26,36.9667],[-106.2285,36.9366],[-106.1854,36.8848],[-106.1523,36.8348],[-106.1292,36.7868],[-106.1122,36.7347],[-106.1011,36.6786],[-106.1019,36.6385],[-106.1144,36.6144],[-106.133,36.5961],[-106.1577,36.5836],[-106.185,36.5775],[-106.215,36.578],[-106.255,36.5935],[-106.305,36.6241],[-106.3345,36.618],[-106.3435,36.5755],[-106.3685,36.5444],[-106.4095,36.5248],[-106.4456,36.5207],[-106.4768,36.5323],[-106.504,36.5542],[-106.5272,36.5863],[-106.5344,36.6144]],[[-106.5205,36.6144],[-106.5103,36.6385],[-106.4879,36.6625],[-106.4533,36.6866],[-106.4526,36.7187],[-106.486,36.7587],[-106.5021,36.7948],[-106.5007,36.8268],[-106.4625,36.8728],[-106.3875,36.9328],[-106.33,36.9626],[-106.29,36.9622],[-106.2381,36.9203],[-106.1743,36.8366],[-106.134,36.7628],[-106.1173,36.6986],[-106.1119,36.6545],[-106.1179,36.6304],[-106.1432,36.6104],[-106.1877,36.5944],[-106.235,36.6019],[-106.285,36.6331],[-106.32,36.6499],[-106.34,36.6523],[-106.3506,36.6327],[-106.3519,36.591],[-106.3669,36.5592],[-106.3956,36.5372],[-106.43,36.5318],[-106.47,36.543],[-106.4989,36.562],[-106.5167,36.5889],[-106.5205,36.6144]]]}},{"type":"Feature","properties":{"c":"#ffffb2","v0":5.0,"v1":10.0},"geometry":{"type":"Polygon","coordinates":[[[-107.658,36.5903],[-107.6408,36.6304],[-107.6167,36.6622],[-107.5856,36.6857],[-107.5656,36.7178],[-107.5569,36.7585],[-107.5269,36.7967],[-107.4756,36.8324],[-107.42,36.8546],[-107.36,36.863],[-107.2985,36.8412],[-107.2355,36.7889],[-107.2013,36.7427],[-107.1958,36.7026],[-107.1987,36.6706],[-107.2098,36.6465],[-107.269,36.597],[-107.3763,36.5221],[-107.475,36.4848],[-107.565,36.485],[-107.6215,36.4943],[-107.6444,36.5128],[-107.6585,36.5341],[-107.6639,36.5582],[-107.658,36.5903]],[[-107.6458,36.5903],[-107.627,36.6304],[-107.6045,36.6585],[-107.5782,36.6746],[-107.5586,36.7066],[-107.5456,36.7547],[-107.5119,36.7962],[-107.4573,36.8311],[-107.405,36.8503],[-107.355,36.8538],[-107.3018,36.8324],[-107.2454,36.786],[-107.217,36.7347],[-107.2166,36.6786],[-107.2698,36.6117],[-107.3766,36.5339],[-107.455,36.492],[-107.505,36.4861],[-107.55,36.4863],[-107.59,36.4926],[-107.6182,36.5023],[-107.6345,36.5154],[-107.6458,36.5341],[-107.652,36.5582],[-107.6458,36.5903]]]}},{"type":"Feature","properties":{"c":"#ffffb2","v0":5.0,"v1":10.0},"geometry":{"type":"Polygon","coordinates":[[[-75.4349,36.5019],[-75.3924,36.5582],[-75.3646,36.6104],[-75.3513,36.6585],[-75.321,36.6968],[-75.2737,36.7251],[-75.23,36.7393],[-75.19,36.7393],[-75.13,36.7272],[-75.05,36.7028],[-74.9923,36.6686],[-74.9569,36.6244],[-74.9417,36.5823],[-74.9468,36.5421],[-74.9695,36.508],[-75.0098,36.4798],[-75.055,36.4702],[-75.105,36.479],[-75.16,36.4669],[-75.22,36.4338],[-75.275,36.415],[-75.325,36.4103],[-75.37,36.4131],[-75.41,36.4232],[-75.4365,36.4397],[-75.4496,36.4624],[-75.4349,36.5019]],[[-75.4242,36.4979],[-75.3868,36.5461],[-75.3613,36.5943],[-75.3478,36.6425],[-75.3233,36.6808],[-75.2878,36.7093],[-75.245,36.7247],[-75.195,36.7272],[-75.135,36.7186],[-75.065,36.6991],[-75.0122,36.6716],[-74.9765,36.6362],[-74.9594,36.5943],[-74.9609,36.5461],[-74.9787,36.5107],[-75.0129,36.4881],[-75.045,36.4772],[-75.075,36.4781],[-75.1,36.4847],[-75.12,36.497],[-75.155,36.4859],[-75.205,36.4516],[-75.26,36.4301],[-75.32,36.4213],[-75.365,36.4202],[-75.395,36.4266],[-75.4182,36.4408],[-75.4347,36.4628],[-75.4242,36.4979]]]}},{"type":"Feature","properties":{"c":"#ffffb2","v0":5.0,"v1":10.0},"geometry":{"type":"Polygon","coordinates":[[[-110.2285,36.2684],[-110.1935,36.341],[-110.1494,36.3961],[-110.0965,36.4338],[-110.05,36.4839],[-110.01,36.5464],[-109.975,36.5814],[-109.945,36.589],[-109.8953,36.5791],[-109.8259,36.5518],[-109.7775,36.514],[-109.7501,36.4657],[-109.7325,36.4215],[-109.7249,36.3812],[-109.7333,36.3511],[-109.7578,36.331],[-109.8012,36.3189],[-109.8637,36.3148],[-109.8951,36.2765],[-109.8954,36.2039],[-109.9041,36.1558],[-109.9214,36.1323],[-109.945,36.1173],[-109.975,36.1108],[-110.035,36.1122],[-110.125,36.1214],[-110.1855,36.1365],[-110.2166,36.1572],[-110.2356,36.1837],[-110.2426,36.216],[-110.2285,36.2684]],[[-110.216,36.2684],[-110.18,36.341],[-110.1375,36.3933],[-110.0885,36.4255],[-110.0455,36.4722],[-110.0085,36.5334],[-109.975,36.5686],[-109.945,36.5776],[-109.8993,36.5711],[-109.838,36.5491],[-109.7911,36.51],[-109.7587,36.4537],[-109.7407,36.4094],[-109.737,36.3772],[-109.7439,36.354],[-109.7613,36.3396],[-109.807,36.3275],[-109.8811,36.3177],[-109.9151,36.2805],[-109.9091,36.216],[-109.912,36.1712],[-109.924,36.1462],[-109.945,36.1299],[-109.975,36.1223],[-110.035,36.1232],[-110.125,36.1326],[-110.1823,36.1449],[-110.2069,36.16],[-110.2229,36.1837],[-110.2303,36.216],[-110.216,36.2684]]]}},{"type":"Feature","properties":{"c":"#ffffb2","v0":5.0,"v1":10.0},"geometry":{"type":"Polygon","coordinates":[[[-78.8476,36.2402],[-78.8289,36.2886],[-78.7922,36.3343],[-78.7374,36.3772],[-78.6786,36.4054],[-78.6157,36.4188],[-78.5357,36.4525],[-78.4386,36.5064],[-78.37,36.5333],[-78.33,36.5333],[-78.2927,36.5224],[-78.2582,36.5007],[-78.2343,36.4738],[-78.2212,36.4416],[-78.2198,36.4134],[-78.2301,36.3893],[-78.2639,36.3541],[-78.3213,36.3077],[-78.385,36.2659],[-78.455,36.2287],[-78.525,36.2037],[-78.595,36.1911],[-78.665,36.1701],[-78.735,36.1409],[-78.7835,36.1326],[-78.8105,36.1452],[-78.8322,36.1676],[-78.8487,36.1999],[-78.8476,36.2402]],[[-78.8379,36.2362],[-78.8243,36.2765],[-78.8006,36.3133],[-78.7669,36.3465],[-78.7028,36.3787],[-78.6085,36.4099],[-78.5235,36.4484],[-78.4478,36.4942],[-78.385,36.5183],[-78.335,36.5209],[-78.2932,36.5101],[-78.2596,36.4859],[-78.2389,36.4617],[-78.2311,36.4376],[-78.233,36.4134],[-78.2447,36.3893],[-78.3104,36.3381],[-78.4301,36.2597],[-78.5207,36.2154],[-78.5821,36.205],[-78.6471,36.1842],[-78.7157,36.1529],[-78.765,36.1415],[-78.795,36.15],[-78.8187,36.1697],[-78.8361,36.2006],[-78.8379,36.2362]]]}},{"type":"Feature","properties":{"c":"#ffffb2","v0":5.0,"v1":10.0},"geometry":{"type":"Polygon","coordinates":[[[-79.1452,35.702],[-79.1429,35.775],[-79.1237,35.8318],[-79.0875,35.8723],[-79.0738,35.9169],[-79.0824,35.9655],[-79.0818,36.01],[-79.0718,36.0504],[-79.0427,36.0892],[-78.9942,36.1263],[-78.945,36.1431],[-78.895,36.1396],[-78.8485,36.1129],[-78.8055,36.0632],[-78.7725,36.01],[-78.7495,35.9533],[-78.7384,35.9007],[-78.7392,35.8521],[-78.7472,35.8198],[-78.7624,35.8039],[-78.7926,35.7877],[-78.8379,35.7712],[-78.8763,35.7304],[-78.9077,35.6654],[-78.9401,35.6201],[-78.9734,35.5943],[-79.02,35.5824],[-79.08,35.5843],[-79.1176,35.5931],[-79.1328,35.6088],[-79.1418,35.6289],[-79.1449,35.6532],[-79.1452,35.702]],[[-79.133,35.702],[-79.1296,35.775],[-79.1104,35.8318],[-79.0752,35.8723],[-79.0591,35.9331],[-79.062,36.014],[-79.045,36.0728],[-79.0083,36.1095],[-78.96,36.1277],[-78.9,36.1274],[-78.8539,36.109],[-78.8217,36.0727],[-78.7921,36.0221],[-78.7653,35.9574],[-78.7523,35.9007],[-78.7533,35.8521],[-78.7848,35.8115],[-78.8468,35.7791],[-78.8871,35.7385],[-78.9058,35.6898],[-78.9338,35.647],[-78.9713,35.6101],[-79.015,35.5906],[-79.065,35.5884],[-79.099,35.5946],[-79.1171,35.6093],[-79.1283,35.6289],[-79.1325,35.6532],[-79.133,35.702]]]}},{"type":"Feature","properties":{"c":"#ffffb2","v0":5.0,"v1":10.0},"geometry":{"type":"Polygon","coordinates":[[[-84.8628,35.688],[-84.8409,35.7332],[-84.79,35.7683],[-84.71,35.7935],[-84.625,35.8078],[-84.535,35.811],[-84.4721,35.8002],[-84.4363,35.7753],[-84.4185,35.7223],[-84.4186,35.641],[-84.4365,35.5854],[-84.4722,35.5553],[-84.51,35.5322],[-84.55,35.5162],[-84.605,35.5126],[-84.675,35.5213],[-84.7436,35.5484],[-84.8108,35.5939],[-84.8517,35.6289],[-84.8664,35.6532],[-84.8628,35.688]],[[-84.8569,35.6817],[-84.8466,35.7142],[-84.8336,35.7367],[-84.8179,35.7494],[-84.77,35.7665],[-84.69,35.788],[-84.61,35.8],[-84.53,35.8025],[-84.4742,35.7895],[-84.4426,35.7609],[-84.4285,35.7101],[-84.432,35.637],[-84.4528,35.5854],[-84.4909,35.5554],[-84.53,35.5342],[-84.57,35.5218],[-84.615,35.5182],[-84.665,35.5235],[-84.725,35.5493],[-84.795,35.5957],[-84.838,35.6306],[-84.8541,35.6538],[-84.8569,35.6817]]]}},{"type":"Feature","properties":{"c":"#ffffb2","v0":5.0,"v1":10.0},"geometry":{"type":"Polygon","coordinates":[[[-82.6973,35.1764],[-82.6815,35.2091],[-82.6477,35.2349],[-82.5959,35.2539],[-82.556,35.2825],[-82.5281,35.3207],[-82.4981,35.3507],[-82.466,35.3727],[-82.425,35.3859],[-82.375,35.3902],[-82.32,35.4055],[-82.26,35.4316],[-82.2108,35.4347],[-82.1725,35.4149],[-82.1468,35.3724],[-82.1338,35.3071],[-82.1629,35.2493],[-82.2343,35.1989],[-82.2743,35.1498],[-82.2829,35.1021],[-82.3029,35.0651],[-82.3343,35.0387],[-82.375,35.0237],[-82.425,35.0202],[-82.495,35.0325],[-82.585,35.0606],[-82.6432,35.0837],[-82.6697,35.1019],[-82.6885,35.1233],[-82.6996,35.1478],[-82.6973,35.1764]],[[-82.6868,35.1738],[-82.6756,35.2013],[-82.6419,35.2258],[-82.5857,35.2474],[-82.543,35.2786],[-82.5139,35.3194],[-82.482,35.3502],[-82.4473,35.3709],[-82.41,35.3813],[-82.37,35.3814],[-82.32,35.3945],[-82.26,35.4207],[-82.22,35.4315],[-82.2,35.4271],[-82.1815,35.4159],[-82.1646,35.3978],[-82.152,35.3602],[-82.1436,35.303],[-82.1749,35.25],[-82.2457,35.201],[-82.2857,35.1519],[-82.2949,35.1028],[-82.3121,35.0677],[-82.3374,35.0465],[-82.37,35.0335],[-82.41,35.0286],[-82.48,35.0408],[-82.58,35.0703],[-82.6456,35.1038],[-82.6768,35.1413],[-82.6868,35.1738]]]}},{"type":"Feature","properties":{"c":"#ffffb2","v0":5.0,"v1":10.0},"geometry":{"type":"Polygon","coordinates":[[[-77.4867,35.156],[-77.4846,35.1805],[-77.4752,35.2036],[-77.4584,35.2253],[-77.4,35.2521],[-77.3,35.2842],[-77.195,35.2846],[-77.085,35.2534],[-77.0,35.2563],[-76.94,35.2933],[-76.895,35.3132],[-76.865,35.3162],[-76.8278,35.3028],[-76.7833,35.273],[-76.7539,35.2296],[-76.7395,35.1724],[-76.7421,35.1028],[-76.7618,35.021],[-76.7487,34.9718],[-76.7027,34.9554],[-76.6706,34.9226],[-76.6524,34.8734],[-76.6527,34.8242],[-76.6715,34.7749],[-76.7092,34.7133],[-76.7657,34.6393],[-76.794,34.5981],[-76.7939,34.5899],[-76.7729,34.5821],[-76.731,34.5748],[-76.6965,34.5542],[-76.6695,34.5203],[-76.6503,34.4374],[-76.6388,34.3053],[-76.6473,34.2173],[-76.6758,34.1733],[-76.705,34.1455],[-76.735,34.1339],[-76.77,34.1299],[-76.81,34.1333],[-76.8672,34.1735],[-76.9415,34.2504],[-76.9846,34.3343],[-76.9965,34.425],[-76.9944,34.4789],[-76.9781,34.496],[-76.95,34.5121],[-76.91,34.5272],[-76.8898,34.5393],[-76.8893,34.5483],[-76.9043,34.5558],[-76.9348,34.5618],[-76.965,34.578],[-76.995,34.6045],[-77.04,34.6069],[-77.1,34.5853],[-77.15,34.5747],[-77.19,34.5751],[-77.2471,34.5944],[-77.3214,34.6325],[-77.3699,34.6763],[-77.3928,34.7256],[-77.4057,34.8011],[-77.4086,34.9027],[-77.4294,35.001],[-77.4683,35.0962],[-77.4867,35.156]],[[-77.4736,35.1601],[-77.4661,35.1928],[-77.4543,35.2161],[-77.4381,35.2301],[-77.39,35.2494],[-77.31,35.2741],[-77.255,35.2864],[-77.225,35.2863],[-77.17,35.2713],[-77.09,35.2412],[-77.01,35.2462],[-76.93,35.2863],[-76.875,35.3051],[-76.845,35.3026],[-76.8163,35.2905],[-76.7888,35.2689],[-76.767,35.2296],[-76.7507,35.1724],[-76.7529,35.0987],[-76.7735,35.0087],[-76.7576,34.9554],[-76.7051,34.939],[-76.6734,34.9062],[-76.6623,34.857],[-76.6663,34.8119],[-76.6853,34.7708],[-76.7319,34.7051],[-76.8061,34.6146],[-76.8149,34.5695],[-76.7583,34.5699],[-76.7136,34.5493],[-76.6807,34.5077],[-76.6592,34.425],[-76.6491,34.3012],[-76.6605,34.2174],[-76.6935,34.1737],[-76.725,34.1478],[-76.755,34.1398],[-76.785,34.1383],[-76.815,34.1433],[-76.8639,34.1816],[-76.9318,34.2531],[-76.9714,34.3343],[-76.9827,34.425],[-76.9538,34.4932],[-76.8846,34.5388],[-76.875,34.5651],[-76.925,34.5721],[-76.965,34.5893],[-76.995,34.6167],[-77.055,34.6183],[-77.145,34.5942],[-77.2285,34.5995],[-77.3056,34.6342],[-77.357,34.6804],[-77.3827,34.7379],[-77.3973,34.816],[-77.4009,34.9144],[-77.4213,35.0087],[-77.4586,35.0987],[-77.4736,35.1601]]]}},{"type":"Feature","properties":{"c":"#ffffb2","v0":5.0,"v1":10.0},"geometry":{"type":"Polygon","coordinates":[[[-108.1307,35.1417],[-108.1169,35.1703],[-108.09,35.1852],[-108.05,35.1862],[-107.9933,35.1514],[-107.92,35.0808],[-107.85,35.0239],[-107.7833,34.9807],[-107.71,35.0117],[-107.63,35.1168],[-107.57,35.1742],[-107.53,35.1841],[-107.495,35.184],[-107.465,35.174],[-107.4419,35.1586],[-107.4257,35.1378],[-107.4174,35.1151],[-107.4171,35.0906],[-107.4352,35.051],[-107.4717,34.9963],[-107.49,34.952],[-107.49,34.9182],[-107.4381,34.8676],[-107.3344,34.8003],[-107.2768,34.7503],[-107.2653,34.7174],[-107.2687,34.6845],[-107.2871,34.6516],[-107.3297,34.6171],[-107.3966,34.5809],[-107.455,34.5646],[-107.505,34.568],[-107.56,34.6218],[-107.62,34.7256],[-107.655,34.7799],[-107.665,34.7845],[-107.69,34.7752],[-107.73,34.7518],[-107.762,34.7427],[-107.7859,34.7477],[-107.8309,34.7833],[-107.897,34.8494],[-107.962,34.9027],[-108.026,34.9433],[-108.0779,35.0046],[-108.1177,35.0865],[-108.1307,35.1417]],[[-108.1095,35.1389],[-108.0965,35.1619],[-108.075,35.1713],[-108.045,35.1671],[-107.9956,35.1311],[-107.9269,35.0631],[-107.8519,35.0041],[-107.7706,34.9538],[-107.695,34.9855],[-107.625,35.099],[-107.575,35.1614],[-107.545,35.1729],[-107.515,35.1762],[-107.485,35.1713],[-107.4593,35.1504],[-107.4378,35.1132],[-107.4445,35.066],[-107.4795,35.0087],[-107.4976,34.9595],[-107.499,34.9185],[-107.4873,34.8853],[-107.4624,34.8599],[-107.425,34.8381],[-107.375,34.8198],[-107.3366,34.7997],[-107.3099,34.7777],[-107.2906,34.7544],[-107.2788,34.7297],[-107.2788,34.7009],[-107.2906,34.668],[-107.3248,34.6333],[-107.3816,34.5967],[-107.425,34.5755],[-107.455,34.5699],[-107.485,34.5708],[-107.515,34.5784],[-107.56,34.6412],[-107.62,34.759],[-107.655,34.8223],[-107.665,34.8314],[-107.6845,34.8186],[-107.7135,34.784],[-107.7435,34.7671],[-107.7745,34.768],[-107.825,34.8029],[-107.895,34.8716],[-107.9554,34.9203],[-108.0063,34.9492],[-108.0528,35.0046],[-108.095,35.0865],[-108.1095,35.1389]]]}},{"type":"Feature","properties":{"c":"#ffffb2","v0":5.0,"v1":10.0},"geometry":{"type":"Polygon","coordinates":[[[-101.5633,34.816],[-101.5577,34.8488],[-101.5387,34.8894],[-101.5062,34.9378],[-101.47,34.9656],[-101.43,34.9728],[-101.395,34.9728],[-101.365,34.9656],[-101.3422,34.9542],[-101.3265,34.9386],[-101.3137,34.9103],[-101.304,34.8693],[-101.3199,34.8119],[-101.3615,34.7379],[-101.3492,34.6991],[-101.2831,34.6954],[-101.2322,34.6831],[-101.1967,34.6621],[-101.1728,34.631],[-101.1604,34.5899],[-101.1609,34.5528],[-101.1742,34.5199],[-101.2031,34.4946],[-101.2477,34.4771],[-101.33,34.4795],[-101.45,34.5019],[-101.5228,34.5354],[-101.5483,34.5799],[-101.5577,34.6269],[-101.5509,34.6763],[-101.5521,34.7256],[-101.5615,34.7749],[-101.5633,34.816]],[[-101.5512,34.816],[-101.5455,34.8488],[-101.5294,34.8861],[-101.5031,34.9278],[-101.47,34.9531],[-101.43,34.9618],[-101.3945,34.9614],[-101.3636,34.952],[-101.3393,34.9226],[-101.3216,34.8734],[-101.334,34.8119],[-101.3766,34.7379],[-101.3959,34.6966],[-101.392,34.6878],[-101.355,34.6831],[-101.285,34.6826],[-101.2362,34.6746],[-101.2087,34.6593],[-101.1879,34.631],[-101.1737,34.5899],[-101.1745,34.5528],[-101.1903,34.5199],[-101.2212,34.4972],[-101.2671,34.4849],[-101.345,34.491],[-101.455,34.5155],[-101.5194,34.5464],[-101.5381,34.5836],[-101.5492,34.6516],[-101.5525,34.7503],[-101.5512,34.816]]]}},{"type":"Feature","properties":{"c":"#ffffb2","v0":5.0,"v1":10.0},"geometry":{"type":"Polygon","coordinates":[[[-79.2008,34.5693],[-79.1881,34.6022],[-79.1639,34.6262],[-79.128,34.6411],[-79.08,34.6461],[-79.02,34.6412],[-78.9619,34.6255],[-78.9058,34.599],[-78.8715,34.5652],[-78.8589,34.524],[-78.8608,34.4828],[-78.877,34.4415],[-78.8663,34.4086],[-78.8288,34.3839],[-78.806,34.3633],[-78.798,34.3467],[-78.7947,34.3177],[-78.7961,34.2764],[-78.8051,34.2451],[-78.8217,34.2236],[-78.86,34.2087],[-78.92,34.2003],[-78.99,34.2234],[-79.07,34.2779],[-79.1121,34.3382],[-79.1163,34.4044],[-79.1375,34.4539],[-79.1758,34.4869],[-79.198,34.5157],[-79.2041,34.5405],[-79.2008,34.5693]],[[-79.1896,34.5682],[-79.1765,34.5989],[-79.155,34.6204],[-79.125,34.6328],[-79.08,34.6365],[-79.02,34.6316],[-78.9661,34.6183],[-78.9182,34.5966],[-78.8866,34.5693],[-78.871,34.5363],[-78.8711,34.491],[-78.8867,34.4333],[-78.8769,34.3962],[-78.8418,34.3797],[-78.819,34.359],[-78.8086,34.3343],[-78.8113,34.2971],[-78.8273,34.2475],[-78.849,34.2176],[-78.8763,34.2075],[-78.905,34.2037],[-78.935,34.2064],[-78.9674,34.2238],[-79.0022,34.2561],[-79.0386,34.2806],[-79.0767,34.2971],[-79.101,34.3177],[-79.1114,34.3425],[-79.114,34.3797],[-79.1088,34.4292],[-79.1251,34.4663],[-79.1629,34.491],[-79.1854,34.5157],[-79.1925,34.5405],[-79.1896,34.5682]]]}},{"type":"Feature","properties":{"c":"#ffffb2","v0":5.0,"v1":10.0},"geometry":{"type":"Polygon","coordinates":[[[-107.3859,34.2888],[-107.3811,34.3219],[-107.3642,34.3632],[-107.3352,34.4127],[-107.303,34.452],[-107.2677,34.4813],[-107.22,34.4971],[-107.16,34.4996],[-107.115,34.4965],[-107.085,34.4877],[-107.0541,34.4719],[-107.0223,34.4489],[-106.9963,34.4168],[-106.9762,34.3755],[-106.9738,34.3219],[-106.9892,34.2558],[-107.0252,34.2122],[-107.0817,34.1913],[-107.135,34.1595],[-107.185,34.1168],[-107.225,34.0956],[-107.255,34.096],[-107.2817,34.103],[-107.305,34.1166],[-107.3323,34.1441],[-107.3633,34.1855],[-107.3812,34.2227],[-107.3859,34.2558],[-107.3859,34.2888]],[[-107.3631,34.3095],[-107.3324,34.3838],[-107.3003,34.4368],[-107.2668,34.4686],[-107.21,34.4839],[-107.13,34.4826],[-107.0725,34.4709],[-107.0376,34.4486],[-107.0094,34.4168],[-106.988,34.3755],[-106.9822,34.326],[-106.9921,34.2682],[-107.0052,34.2324],[-107.0217,34.2188],[-107.05,34.2075],[-107.09,34.1985],[-107.135,34.1722],[-107.185,34.1287],[-107.225,34.1071],[-107.255,34.1075],[-107.2821,34.1158],[-107.3062,34.1319],[-107.3302,34.1565],[-107.354,34.1896],[-107.3691,34.2227],[-107.3753,34.2558],[-107.3631,34.3095]]]}},{"type":"Feature","properties":{"c":"#ffffb2","v0":5.0,"v1":10.0},"geometry":{"type":"Polygon","coordinates":[[[-77.4167,34.2599],[-77.3971,34.3012],[-77.363,34.331],[-77.3143,34.3493],[-77.275,34.3539],[-77.245,34.3447],[-77.2218,34.3315],[-77.2055,34.314],[-77.1955,34.2766],[-77.1918,34.219],[-77.14,34.1845],[-77.04,34.1729],[-76.98,34.1618],[-76.96,34.1511],[-76.9317,34.1277],[-76.8952,34.0917],[-76.8719,34.0613],[-76.862,34.0364],[-76.8613,34.0033],[-76.8699,33.9618],[-76.8848,33.9245],[-76.906,33.8913],[-76.9399,33.8671],[-76.9866,33.852],[-77.03,33.8525],[-77.07,33.8687],[-77.1023,33.8887],[-77.127,33.9126],[-77.152,33.9512],[-77.1773,34.0047],[-77.2129,34.0545],[-77.2588,34.1004],[-77.2988,34.1249],[-77.3329,34.128],[-77.36,34.1357],[-77.38,34.1481],[-77.3991,34.1755],[-77.4174,34.218],[-77.4167,34.2599]],[[-77.4039,34.2601],[-77.3813,34.3018],[-77.36,34.3285],[-77.34,34.3401],[-77.315,34.3459],[-77.285,34.3457],[-77.2554,34.3355],[-77.2261,34.3154],[-77.2111,34.2758],[-77.2104,34.2166],[-77.15,34.1771],[-77.03,34.1574],[-76.9459,34.1208],[-76.8976,34.0673],[-76.8736,34.024],[-76.8739,33.9908],[-76.8844,33.9535],[-76.9051,33.912],[-76.934,33.882],[-76.9713,33.8633],[-77.01,33.8593],[-77.05,33.87],[-77.0838,33.8876],[-77.1115,33.9122],[-77.1365,33.9498],[-77.1588,34.0005],[-77.1868,34.0378],[-77.2205,34.0618],[-77.2428,34.0861],[-77.2536,34.111],[-77.2868,34.1302],[-77.3423,34.1437],[-77.3813,34.1726],[-77.4039,34.217],[-77.4039,34.2601]]]}},{"type":"Feature","properties":{"c":"#ffffb2","v0":5.0,"v1":10.0},"geometry":{"type":"Polygon","coordinates":[[[-106.9526,33.775],[-106.9356,33.8082],[-106.8975,33.8498],[-106.8382,33.8996],[-106.8173,33.9452],[-106.8349,33.9867],[-106.8397,34.0281],[-106.8318,34.0696],[-106.8513,34.1068],[-106.8983,34.14],[-106.9269,34.1855],[-106.937,34.2434],[-106.924,34.289],[-106.888,34.3225],[-106.845,34.3409],[-106.795,34.3441],[-106.749,34.3233],[-106.707,34.2783],[-106.6866,34.231],[-106.6876,34.1813],[-106.6652,34.1441],[-106.6195,34.1193],[-106.5857,34.0903],[-106.564,34.0571],[-106.5538,34.024],[-106.555,33.9908],[-106.5817,33.9452],[-106.6336,33.8871],[-106.6445,33.8373],[-106.6144,33.7957],[-106.5911,33.7376],[-106.5747,33.6627],[-106.5823,33.6067],[-106.6141,33.5698],[-106.655,33.551],[-106.705,33.5503],[-106.7643,33.5688],[-106.8329,33.6064],[-106.8729,33.6401],[-106.8843,33.67],[-106.9078,33.7033],[-106.9433,33.74],[-106.9526,33.775]],[[-106.9383,33.775],[-106.9208,33.8082],[-106.8823,33.8498],[-106.823,33.8996],[-106.8024,33.9452],[-106.8206,33.9867],[-106.824,34.0281],[-106.8127,34.0696],[-106.8351,34.111],[-106.8912,34.1524],[-106.9211,34.1979],[-106.9249,34.2475],[-106.9126,34.2865],[-106.8842,34.3149],[-106.845,34.3303],[-106.795,34.3329],[-106.7521,34.3146],[-106.7162,34.2754],[-106.7008,34.231],[-106.706,34.1813],[-106.6839,34.1433],[-106.6346,34.1168],[-106.5977,34.0837],[-106.5732,34.0439],[-106.5656,34.0074],[-106.575,33.9742],[-106.6002,33.9411],[-106.6411,33.9079],[-106.6646,33.883],[-106.6707,33.8664],[-106.6586,33.8373],[-106.6284,33.7957],[-106.6046,33.7376],[-106.587,33.6627],[-106.5912,33.6097],[-106.6171,33.5787],[-106.66,33.5645],[-106.72,33.5672],[-106.775,33.5828],[-106.825,33.6111],[-106.8575,33.6419],[-106.8724,33.6752],[-106.8967,33.7084],[-106.9303,33.7417],[-106.9383,33.775]]]}},{"type":"Feature","properties":{"c":"#ffffb2","v0":5.0,"v1":10.0},"geometry":{"type":"Polygon","coordinates":[[[-80.3016,33.6627],[-80.289,33.7043],[-80.259,33.7334],[-80.2117,33.75],[-80.1768,33.7916],[-80.1544,33.8581],[-80.0999,33.9234],[-80.0133,33.9875],[-79.94,34.0241],[-79.88,34.0332],[-79.8336,34.0302],[-79.8009,34.015],[-79.7773,33.995],[-79.7628,33.9701],[-79.7557,33.9328],[-79.7559,33.883],[-79.7755,33.8373],[-79.8145,33.7957],[-79.8358,33.7376],[-79.8395,33.6627],[-79.8735,33.5768],[-79.9378,33.4798],[-80.01,33.4267],[-80.09,33.4175],[-80.1432,33.4326],[-80.1695,33.4721],[-80.2084,33.5127],[-80.2599,33.5544],[-80.2912,33.5919],[-80.3023,33.6252],[-80.3016,33.6627]],[[-80.2908,33.6618],[-80.2769,33.7016],[-80.244,33.7308],[-80.1919,33.7492],[-80.1602,33.7874],[-80.1489,33.8456],[-80.1049,33.9042],[-80.0283,33.9631],[-79.97,34.0017],[-79.93,34.0197],[-79.8826,34.0234],[-79.8277,34.0128],[-79.7912,33.9908],[-79.7731,33.9577],[-79.7641,33.9245],[-79.7642,33.8913],[-79.7863,33.8498],[-79.8306,33.7999],[-79.8531,33.7376],[-79.8538,33.6627],[-79.8831,33.5802],[-79.941,33.49],[-79.98,33.4404],[-80.0,33.4315],[-80.04,33.427],[-80.1,33.4271],[-80.1387,33.4433],[-80.1562,33.4757],[-80.1885,33.5085],[-80.2357,33.5419],[-80.2689,33.5794],[-80.2881,33.621],[-80.2908,33.6618]]]}},{"type":"Feature","properties":{"c":"#ffffb2","v0":5.0,"v1":10.0},"geometry":{"type":"Polygon","coordinates":[[[-87.648,33.4983],[-87.6227,33.5445],[-87.59,33.5706],[-87.55,33.5767],[-87.45,33.5481],[-87.29,33.4848],[-87.1969,33.4378],[-87.1706,33.4071],[-87.1591,33.375],[-87.1622,33.3416],[-87.1954,33.2999],[-87.2585,33.25],[-87.315,33.2222],[-87.365,33.2167],[-87.4408,33.2417],[-87.5423,33.2972],[-87.61,33.3625],[-87.6438,33.4376],[-87.648,33.4983]],[[-87.638,33.4948],[-87.6193,33.5341],[-87.59,33.5576],[-87.55,33.5656],[-87.45,33.5371],[-87.29,33.4722],[-87.2003,33.4278],[-87.181,33.4037],[-87.1727,33.375],[-87.1754,33.3416],[-87.2101,33.3004],[-87.2767,33.2515],[-87.335,33.228],[-87.385,33.2301],[-87.4564,33.2587],[-87.5492,33.314],[-87.6086,33.375],[-87.6344,33.4418],[-87.638,33.4948]]]}},{"type":"Feature","properties":{"c":"#ffffb2","v0":5.0,"v1":10.0},"geometry":{"type":"Polygon","coordinates":[[[-81.8555,33.1995],[-81.8336,33.2497],[-81.8045,33.2892],[-81.7682,33.318],[-81.7338,33.3556],[-81.7014,33.402],[-81.6664,33.4359],[-81.6288,33.4575],[-81.595,33.4683],[-81.565,33.4683],[-81.5295,33.4575],[-81.4884,33.4359],[-81.4334,33.4216],[-81.3645,33.4147],[-81.312,33.3938],[-81.2761,33.359],[-81.2581,33.3207],[-81.2581,33.2789],[-81.276,33.2323],[-81.312,33.1808],[-81.3392,33.1222],[-81.3575,33.0565],[-81.3875,33.0042],[-81.4292,32.9654],[-81.47,32.9388],[-81.51,32.9243],[-81.545,32.9154],[-81.575,32.9121],[-81.605,32.9156],[-81.635,32.9259],[-81.67,32.9582],[-81.71,33.0126],[-81.7575,33.0525],[-81.8124,33.0779],[-81.8465,33.1115],[-81.8598,33.1534],[-81.8555,33.1995]],[[-81.8467,33.1953],[-81.8306,33.2371],[-81.8025,33.2747],[-81.7623,33.3082],[-81.7284,33.3458],[-81.7008,33.3875],[-81.6678,33.4205],[-81.6293,33.4447],[-81.595,33.4568],[-81.565,33.4568],[-81.525,33.4455],[-81.475,33.423],[-81.42,33.4089],[-81.36,33.4034],[-81.3155,33.3859],[-81.2864,33.3564],[-81.2719,33.3207],[-81.2719,33.2789],[-81.2914,33.2285],[-81.3305,33.1694],[-81.3573,33.1108],[-81.3719,33.0526],[-81.4119,33.0009],[-81.4773,32.9556],[-81.53,32.9301],[-81.57,32.9245],[-81.6031,32.9261],[-81.6294,32.9351],[-81.6604,32.9648],[-81.6962,33.0152],[-81.7455,33.0571],[-81.8083,33.0906],[-81.8435,33.1241],[-81.851,33.1576],[-81.8467,33.1953]]]}},{"type":"Feature","properties":{"c":"#ffffb2","v0":5.0,"v1":10.0},"geometry":{"type":"Polygon","coordinates":[[[-87.04,33.0738],[-87.0289,33.1074],[-87.005,33.1377],[-86.9683,33.1648],[-86.895,33.1806],[-86.785,33.1851],[-86.7376,33.2092],[-86.7529,33.2529],[-86.7429,33.295],[-86.7076,33.3354],[-86.675,33.358],[-86.645,33.3627],[-86.615,33.3588],[-86.585,33.3462],[-86.5551,33.357],[-86.5253,33.3913],[-86.4953,33.4116],[-86.4651,33.418],[-86.435,33.4166],[-86.405,33.4073],[-86.3788,33.3916],[-86.3564,33.3694],[-86.3323,33.304],[-86.3063,33.1953],[-86.2964,33.1283],[-86.3027,33.1032],[-86.3169,33.0814],[-86.339,33.0629],[-86.405,33.0465],[-86.515,33.0323],[-86.595,33.007],[-86.645,32.9706],[-86.71,32.9456],[-86.79,32.9321],[-86.865,32.933],[-86.935,32.9483],[-86.9889,32.9813],[-87.0266,33.0318],[-87.04,33.0738]],[[-87.0303,33.0697],[-87.0248,33.0948],[-87.004,33.1225],[-86.968,33.1526],[-86.89,33.1689],[-86.77,33.1714],[-86.7193,33.1981],[-86.7379,33.2492],[-86.7329,33.2921],[-86.7043,33.3268],[-86.675,33.3466],[-86.645,33.3514],[-86.615,33.345],[-86.585,33.3274],[-86.5569,33.3369],[-86.5306,33.3735],[-86.5056,33.3964],[-86.4819,33.4056],[-86.455,33.4081],[-86.425,33.4038],[-86.397,33.3909],[-86.371,33.3692],[-86.3447,33.304],[-86.318,33.1953],[-86.316,33.1218],[-86.3387,33.0836],[-86.4,33.0585],[-86.5,33.0464],[-86.58,33.021],[-86.64,32.9824],[-86.705,32.956],[-86.775,32.9417],[-86.85,32.9427],[-86.93,32.959],[-86.9858,32.9896],[-87.0173,33.0346],[-87.0303,33.0697]]]}},{"type":"Feature","properties":{"c":"#ffffb2","v0":5.0,"v1":10.0},"geometry":{"type":"Polygon","coordinates":[[[-81.1452,33.1074],[-81.1395,33.1409],[-81.12,33.1733],[-81.0867,33.2046],[-81.0227,33.2339],[-80.9282,33.2611],[-80.8632,33.2857],[-80.8277,33.3077],[-80.78,33.3175],[-80.72,33.315],[-80.6715,33.2956],[-80.6345,33.2594],[-80.6174,33.2246],[-80.62,33.1911],[-80.6315,33.1618],[-80.6517,33.1367],[-80.7238,33.0918],[-80.8479,33.0272],[-80.95,32.991],[-81.03,32.9831],[-81.0845,32.9903],[-81.1136,33.0125],[-81.1331,33.0403],[-81.143,33.0738],[-81.1452,33.1074]],[[-81.1344,33.1074],[-81.1273,33.1409],[-81.1103,33.1701],[-81.0834,33.1949],[-81.02,33.2226],[-80.92,33.2531],[-80.855,33.278],[-80.825,33.2972],[-80.78,33.3059],[-80.72,33.3039],[-80.6766,33.2917],[-80.6497,33.2692],[-80.6334,33.2455],[-80.6276,33.2204],[-80.633,33.1911],[-80.6498,33.1576],[-80.7162,33.1087],[-80.8321,33.0442],[-80.935,33.0067],[-81.025,32.9962],[-81.0814,32.9991],[-81.1042,33.0154],[-81.1212,33.0403],[-81.1323,33.0738],[-81.1344,33.1074]]]}},{"type":"Feature","properties":{"c":"#ffffb2","v0":5.0,"v1":10.0},"geometry":{"type":"Polygon","coordinates":[[[-107.8178,32.6328],[-107.8061,32.658],[-107.7855,32.6791],[-107.7559,32.6959],[-107.7421,32.7254],[-107.7444,32.7674],[-107.7401,32.8011],[-107.7292,32.8263],[-107.7103,32.8514],[-107.6834,32.8765],[-107.6504,32.8975],[-107.6112,32.9144],[-107.614,32.9522],[-107.6587,33.011],[-107.6781,33.0655],[-107.6721,33.1157],[-107.6293,33.1541],[-107.5498,33.1805],[-107.47,33.1847],[-107.39,33.1668],[-107.3319,33.1369],[-107.2958,33.0949],[-107.2777,33.0571],[-107.2777,33.0235],[-107.3325,32.9271],[-107.4421,32.7674],[-107.5222,32.6749],[-107.5728,32.6496],[-107.5978,32.6075],[-107.5972,32.5485],[-107.6077,32.4937],[-107.629,32.4431],[-107.6573,32.4108],[-107.6924,32.3969],[-107.7256,32.3969],[-107.7568,32.4108],[-107.7852,32.4684],[-107.8108,32.5696],[-107.8178,32.6328]],[[-107.8048,32.6312],[-107.7949,32.6534],[-107.773,32.6744],[-107.739,32.6944],[-107.722,32.7338],[-107.7218,32.7927],[-107.7088,32.836],[-107.6829,32.8638],[-107.65,32.8841],[-107.61,32.8968],[-107.5876,32.908],[-107.5827,32.9179],[-107.602,32.9522],[-107.6454,33.011],[-107.6637,33.0655],[-107.657,33.1157],[-107.6177,33.1517],[-107.5459,33.1733],[-107.47,33.1747],[-107.39,33.1559],[-107.3371,33.1325],[-107.3112,33.1046],[-107.2966,33.0697],[-107.2932,33.0277],[-107.3429,32.9313],[-107.4456,32.78],[-107.5282,32.6875],[-107.5906,32.6538],[-107.6176,32.6159],[-107.609,32.5738],[-107.6135,32.5232],[-107.631,32.4642],[-107.6573,32.4264],[-107.6924,32.4099],[-107.725,32.4094],[-107.755,32.4249],[-107.7799,32.4795],[-107.7998,32.5733],[-107.8048,32.6312]]]}},{"type":"Feature","properties":{"c":"#ffffb2","v0":5.0,"v1":10.0},"geometry":{"type":"Polygon","coordinates":[[[-76.4035,32.6454],[-76.3909,32.7296],[-76.3725,32.7927],[-76.3483,32.8347],[-76.3382,32.8767],[-76.342,32.9187],[-76.3346,32.9522],[-76.316,32.9774],[-76.2775,33.0008],[-76.2192,33.0223],[-76.165,33.021],[-76.115,32.9967],[-76.065,33.004],[-76.015,33.0429],[-75.975,33.0636],[-75.945,33.0661],[-75.92,33.062],[-75.9,33.0515],[-75.8658,33.0155],[-75.8173,32.9537],[-75.7951,32.9061],[-75.7991,32.8725],[-75.8184,32.83],[-75.8528,32.7787],[-75.885,32.7469],[-75.915,32.7348],[-75.9609,32.7352],[-76.0227,32.7483],[-76.0927,32.7339],[-76.1709,32.6921],[-76.2195,32.65],[-76.2384,32.6076],[-76.2634,32.5766],[-76.2945,32.5568],[-76.325,32.5478],[-76.355,32.5495],[-76.38,32.5636],[-76.3999,32.5901],[-76.4035,32.6454]],[[-76.3757,32.6959],[-76.3313,32.8809],[-76.2944,32.9831],[-76.2648,33.0028],[-76.235,33.0149],[-76.205,33.0195],[-76.165,33.0084],[-76.115,32.9817],[-76.065,32.9892],[-76.015,33.0308],[-75.9674,33.0488],[-75.9223,33.0431],[-75.8788,33.0194],[-75.8371,32.9774],[-75.8128,32.9439],[-75.8061,32.9187],[-75.823,32.8683],[-75.8637,32.7927],[-75.8955,32.7511],[-75.9185,32.7438],[-75.96,32.7469],[-76.02,32.7606],[-76.09,32.7463],[-76.17,32.7041],[-76.2229,32.6589],[-76.2487,32.6106],[-76.2737,32.5793],[-76.2979,32.5649],[-76.325,32.5589],[-76.355,32.561],[-76.377,32.5724],[-76.3909,32.593],[-76.3757,32.6959]]]}},{"type":"Feature","properties":{"c":"#ffffb2","v0":5.0,"v1":10.0},"geometry":{"type":"Polygon","coordinates":[[[-109.7744,32.7674],[-109.7431,32.8263],[-109.7289,32.8725],[-109.7317,32.9061],[-109.7223,32.9418],[-109.7008,32.9796],[-109.64,33.0027],[-109.54,33.0109],[-109.468,33.0046],[-109.424,32.9837],[-109.3961,32.9397],[-109.3844,32.8725],[-109.3644,32.8053],[-109.336,32.738],[-109.325,32.6875],[-109.3313,32.6538],[-109.3434,32.6282],[-109.3611,32.6107],[-109.395,32.593],[-109.445,32.5751],[-109.485,32.5665],[-109.515,32.5671],[-109.55,32.5827],[-109.59,32.6133],[-109.645,32.6364],[-109.715,32.6521],[-109.76,32.6794],[-109.78,32.7185],[-109.7744,32.7674]],[[-109.7613,32.7674],[-109.7284,32.8263],[-109.7139,32.8725],[-109.718,32.9061],[-109.7097,32.9397],[-109.689,32.9732],[-109.6315,32.9933],[-109.5372,32.9998],[-109.4722,32.9956],[-109.4365,32.9807],[-109.4115,32.9522],[-109.397,32.9103],[-109.3929,32.8725],[-109.399,32.8389],[-109.3922,32.8137],[-109.3725,32.7969],[-109.3559,32.7674],[-109.3425,32.7254],[-109.3443,32.6824],[-109.3614,32.6385],[-109.395,32.6068],[-109.445,32.5871],[-109.485,32.5777],[-109.515,32.5785],[-109.545,32.5937],[-109.575,32.6234],[-109.625,32.6439],[-109.695,32.6553],[-109.742,32.6803],[-109.7659,32.7188],[-109.7613,32.7674]]]}},{"type":"Feature","properties":{"c":"#ffffb2","v0":5.0,"v1":10.0},"geometry":{"type":"Polygon","coordinates":[[[-84.2442,32.8515],[-84.2392,32.8767],[-84.225,32.9014],[-84.2017,32.9256],[-84.145,32.9585],[-84.055,33.0],[-83.99,33.02],[-83.95,33.0184],[-83.915,33.0107],[-83.885,32.9969],[-83.84,32.9914],[-83.78,32.9942],[-83.7332,32.9816],[-83.6996,32.9536],[-83.6767,32.9229],[-83.6647,32.8893],[-83.6715,32.8561],[-83.6972,32.8233],[-83.77,32.7861],[-83.89,32.7445],[-84.005,32.726],[-84.115,32.7305],[-84.1823,32.7425],[-84.2068,32.7619],[-84.226,32.7885],[-84.2398,32.8221],[-84.2442,32.8515]],[[-84.2325,32.8515],[-84.2267,32.8767],[-84.2103,32.9018],[-84.1834,32.9267],[-84.125,32.9577],[-84.035,32.9947],[-83.96,33.0047],[-83.9,32.9876],[-83.84,32.9804],[-83.78,32.9833],[-83.7365,32.9734],[-83.7095,32.9509],[-83.69,32.9229],[-83.6781,32.8893],[-83.6816,32.8588],[-83.7005,32.8314],[-83.77,32.7965],[-83.89,32.7541],[-84.005,32.7356],[-84.115,32.7411],[-84.1863,32.7676],[-84.219,32.8151],[-84.2325,32.8515]]]}},{"type":"Feature","properties":{"c":"#ffffb2","v0":5.0,"v1":10.0},"geometry":{"type":"Polygon","coordinates":[[[-81.985,32.3291],[-81.9791,32.3544],[-81.9646,32.3768],[-81.9415,32.3963],[-81.8855,32.4132],[-81.7966,32.4275],[-81.6816,32.4569],[-81.5405,32.5013],[-81.4516,32.5603],[-81.4149,32.6339],[-81.3699,32.6894],[-81.3166,32.7269],[-81.275,32.7494],[-81.245,32.7569],[-81.21,32.7578],[-81.17,32.7519],[-81.1367,32.7379],[-81.1101,32.7155],[-81.0916,32.6791],[-81.0813,32.6286],[-81.092,32.578],[-81.1238,32.5274],[-81.1723,32.4695],[-81.2374,32.4042],[-81.2993,32.3619],[-81.3579,32.3428],[-81.4092,32.2995],[-81.4533,32.2318],[-81.489,32.1881],[-81.5163,32.1684],[-81.555,32.1568],[-81.605,32.1535],[-81.705,32.1663],[-81.855,32.1952],[-81.9415,32.2195],[-81.9646,32.239],[-81.9791,32.2657],[-81.985,32.2995],[-81.985,32.3291]],[[-81.9659,32.336],[-81.942,32.3753],[-81.8918,32.4006],[-81.8154,32.412],[-81.6967,32.4431],[-81.5357,32.4937],[-81.4404,32.5527],[-81.4108,32.6201],[-81.3695,32.6739],[-81.3165,32.7139],[-81.265,32.7373],[-81.215,32.744],[-81.1703,32.7366],[-81.1308,32.7151],[-81.105,32.6833],[-81.0929,32.6412],[-81.1002,32.5949],[-81.1269,32.5443],[-81.1727,32.4854],[-81.2376,32.4181],[-81.3,32.3748],[-81.36,32.3555],[-81.425,32.3018],[-81.495,32.2136],[-81.55,32.1668],[-81.59,32.1616],[-81.69,32.1745],[-81.85,32.2054],[-81.9382,32.2279],[-81.9547,32.2418],[-81.9667,32.2657],[-81.9741,32.2995],[-81.9659,32.336]]]}},{"type":"Feature","properties":{"c":"#ffffb2","v0":5.0,"v1":10.0},"geometry":{"type":"Polygon","coordinates":[[[-111.1857,32.5696],[-111.1825,32.6033],[-111.1681,32.6302],[-111.1427,32.6502],[-111.095,32.6608],[-111.025,32.6622],[-110.9651,32.6522],[-110.9154,32.6308],[-110.8711,32.578],[-110.8324,32.4937],[-110.8192,32.4135],[-110.8313,32.3375],[-110.8456,32.2887],[-110.8619,32.2672],[-110.895,32.2495],[-110.945,32.2358],[-110.9883,32.2381],[-111.0249,32.2565],[-111.0563,32.2995],[-111.0825,32.3671],[-111.1154,32.422],[-111.1548,32.4642],[-111.1777,32.5021],[-111.1841,32.5359],[-111.1857,32.5696]],[[-111.174,32.5696],[-111.1689,32.6033],[-111.1573,32.6273],[-111.1391,32.6415],[-111.095,32.6493],[-111.025,32.6508],[-110.9688,32.6437],[-110.9264,32.628],[-110.885,32.578],[-110.8445,32.4937],[-110.8297,32.4178],[-110.8406,32.3502],[-110.8536,32.3037],[-110.8688,32.2784],[-110.8998,32.2589],[-110.9466,32.2454],[-110.985,32.2462],[-111.015,32.2611],[-111.045,32.3049],[-111.075,32.3775],[-111.108,32.4316],[-111.1439,32.4674],[-111.1655,32.5021],[-111.1728,32.5359],[-111.174,32.5696]]]}},{"type":"Feature","properties":{"c":"#ffffb2","v0":5.0,"v1":10.0},"geometry":{"type":"Polygon","coordinates":[[[-88.3508,32.2191],[-88.3415,32.2614],[-88.3101,32.3107],[-88.2567,32.3668],[-88.175,32.3983],[-88.065,32.4054],[-87.99,32.4016],[-87.95,32.3869],[-87.9165,32.3637],[-87.8894,32.3322],[-87.8772,32.291],[-87.8798,32.2403],[-87.89,32.2022],[-87.9076,32.1768],[-87.9298,32.1569],[-87.9566,32.1425],[-88.04,32.133],[-88.18,32.1282],[-88.27,32.1331],[-88.31,32.1475],[-88.3364,32.1655],[-88.3491,32.1872],[-88.3508,32.2191]],[[-88.3386,32.2318],[-88.3288,32.2657],[-88.3074,32.3037],[-88.2744,32.346],[-88.2459,32.3724],[-88.222,32.383],[-88.155,32.3896],[-88.045,32.392],[-87.9702,32.3825],[-87.9307,32.361],[-87.9042,32.3375],[-87.8907,32.3122],[-87.8887,32.2741],[-87.8981,32.2234],[-87.9246,32.184],[-87.9682,32.1561],[-88.06,32.1414],[-88.2,32.1399],[-88.2835,32.1454],[-88.3104,32.1579],[-88.3288,32.1768],[-88.3386,32.2022],[-88.3386,32.2318]]]}},{"type":"Feature","properties":{"c":"#ffffb2","v0":5.0,"v1":10.0},"geometry":{"type":"Polygon","coordinates":[[[-111.936,32.054],[-111.9119,32.1049],[-111.8874,32.14],[-111.8625,32.1596],[-111.825,32.1765],[-111.775,32.1907],[-111.73,32.2287],[-111.69,32.2905],[-111.62,32.3381],[-111.52,32.3715],[-111.4479,32.3787],[-111.4036,32.3597],[-111.374,32.3248],[-111.3591,32.2741],[-111.3597,32.2149],[-111.3757,32.1472],[-111.4353,32.072],[-111.5384,31.9894],[-111.615,31.9396],[-111.665,31.9227],[-111.73,31.9154],[-111.81,31.9175],[-111.8705,31.9291],[-111.9114,31.9502],[-111.9359,31.9777],[-111.9439,32.0116],[-111.936,32.054]],[[-111.9247,32.054],[-111.8984,32.1049],[-111.8764,32.1373],[-111.8588,32.1513],[-111.825,32.164],[-111.775,32.1755],[-111.725,32.2164],[-111.675,32.2865],[-111.61,32.3353],[-111.53,32.3628],[-111.475,32.3759],[-111.445,32.3747],[-111.4215,32.3681],[-111.4046,32.3562],[-111.3875,32.3248],[-111.3702,32.2741],[-111.3704,32.2149],[-111.388,32.1472],[-111.4502,32.0722],[-111.5567,31.9899],[-111.635,31.9419],[-111.685,31.9283],[-111.745,31.9235],[-111.815,31.9275],[-111.8669,31.9374],[-111.9007,31.9529],[-111.9227,31.9777],[-111.9328,32.0116],[-111.9247,32.054]]]}},{"type":"Feature","properties":{"c":"#ffffb2","v0":5.0,"v1":10.0},"geometry":{"type":"Polygon","coordinates":[[[-83.2541,31.9735],[-83.2247,32.0331],[-83.1828,32.0628],[-83.1284,32.0626],[-83.0834,32.0864],[-83.0478,32.1343],[-82.9986,32.1555],[-82.9358,32.15],[-82.9125,32.1218],[-82.9286,32.071],[-82.9645,32.0201],[-83.02,31.9692],[-83.04,31.9225],[-83.0243,31.8801],[-83.0199,31.8515],[-83.0266,31.8368],[-83.075,31.8316],[-83.165,31.8359],[-83.2247,31.8645],[-83.2541,31.9173],[-83.2541,31.9735]]]}},{"type":"Feature","properties":{"c":"#ffffb2","v0":5.0,"v1":10.0},"geometry":{"type":"Polygon","coordinates":[[[-116.0575,31.8504],[-116.0211,31.9353],[-115.9745,31.9862],[-115.9177,32.0031],[-115.8695,32.0299],[-115.8298,32.0664],[-115.785,32.0848],[-115.735,32.085],[-115.6817,32.0625],[-115.6252,32.0173],[-115.5945,31.9692],[-115.5897,31.9183],[-115.5925,31.8843],[-115.6029,31.8673],[-115.6436,31.8448],[-115.7145,31.8167],[-115.785,31.7797],[-115.855,31.7338],[-115.915,31.7119],[-115.965,31.7141],[-116.0114,31.7384],[-116.0543,31.7847],[-116.0575,31.8504]],[[-116.0453,31.8495],[-116.0084,31.9328],[-115.96,31.9833],[-115.9,32.0013],[-115.855,32.0261],[-115.825,32.0577],[-115.785,32.0737],[-115.735,32.074],[-115.6876,32.0585],[-115.6429,32.0273],[-115.6174,31.9777],[-115.6111,31.9098],[-115.6465,31.8588],[-115.7238,31.8249],[-115.7893,31.7889],[-115.8431,31.751],[-115.895,31.7286],[-115.945,31.7217],[-115.9853,31.7279],[-116.016,31.7472],[-116.0395,31.7696],[-116.0556,31.7951],[-116.0453,31.8495]]]}},{"type":"Feature","properties":{"c":"#ffffb2","v0":5.0,"v1":10.0},"geometry":{"type":"Polygon","coordinates":[[[-84.8952,31.1554],[-84.8845,31.1811],[-84.8578,31.211],[-84.815,31.2452],[-84.8083,31.288],[-84.8377,31.3392],[-84.8447,31.4161],[-84.8293,31.5185],[-84.7837,31.6183],[-84.7079,31.7157],[-84.635,31.7744],[-84.565,31.7945],[-84.51,31.8213],[-84.47,31.8548],[-84.395,31.8727],[-84.285,31.875],[-84.21,31.8687],[-84.17,31.8539],[-84.1302,31.8284],[-84.0907,31.792],[-84.0335,31.7526],[-83.9587,31.7101],[-83.9213,31.6548],[-83.9212,31.5866],[-83.9641,31.5142],[-84.05,31.4374],[-84.0977,31.3691],[-84.1072,31.3093],[-84.1769,31.2452],[-84.3067,31.1768],[-84.3962,31.1188],[-84.4454,31.0713],[-84.495,31.0376],[-84.545,31.0178],[-84.595,31.0196],[-84.645,31.0432],[-84.705,31.0476],[-84.775,31.033],[-84.8257,31.0335],[-84.857,31.0491],[-84.8796,31.0784],[-84.8936,31.1212],[-84.8952,31.1554]],[[-84.8779,31.1554],[-84.8653,31.1811],[-84.838,31.211],[-84.7959,31.2452],[-84.7907,31.288],[-84.8223,31.3392],[-84.8315,31.4118],[-84.8182,31.5057],[-84.7762,31.6016],[-84.7054,31.6997],[-84.6341,31.7593],[-84.5624,31.7803],[-84.5024,31.8089],[-84.4541,31.845],[-84.385,31.8637],[-84.295,31.8652],[-84.23,31.8603],[-84.19,31.849],[-84.145,31.822],[-84.095,31.7792],[-84.0374,31.7406],[-83.9721,31.7061],[-83.9371,31.659],[-83.9324,31.5994],[-83.955,31.5411],[-84.005,31.4842],[-84.0507,31.4416],[-84.092,31.4132],[-84.1172,31.3691],[-84.1263,31.3093],[-84.1956,31.2468],[-84.3252,31.1814],[-84.415,31.1245],[-84.465,31.0761],[-84.51,31.0443],[-84.55,31.0294],[-84.595,31.0334],[-84.645,31.0564],[-84.705,31.0609],[-84.775,31.0468],[-84.8243,31.0483],[-84.8529,31.0655],[-84.8715,31.0912],[-84.8799,31.1255],[-84.8779,31.1554]]]}},{"type":"Feature","properties":{"c":"#ffffb2","v0":5.0,"v1":10.0},"geometry":{"type":"Polygon","coordinates":[[[-112.1338,31.6079],[-112.1087,31.6505],[-112.0747,31.6834],[-112.0316,31.7066],[-112.0053,31.7407],[-111.9958,31.7855],[-111.9758,31.8156],[-111.9453,31.831],[-111.9,31.833],[-111.84,31.8214],[-111.7879,31.7924],[-111.7436,31.746],[-111.6986,31.7163],[-111.6529,31.7031],[-111.61,31.6817],[-111.57,31.6521],[-111.525,31.6482],[-111.475,31.6701],[-111.43,31.6767],[-111.39,31.6681],[-111.3535,31.653],[-111.3205,31.6315],[-111.2969,31.6079],[-111.2828,31.5824],[-111.2795,31.5312],[-111.287,31.4545],[-111.2827,31.3862],[-111.2664,31.3264],[-111.2635,31.2837],[-111.2741,31.2581],[-111.312,31.2134],[-111.3773,31.1498],[-111.44,31.1092],[-111.5,31.0919],[-111.5444,31.0937],[-111.5733,31.1149],[-111.5976,31.1511],[-111.6171,31.2025],[-111.6259,31.2495],[-111.6238,31.2923],[-111.6101,31.3307],[-111.5848,31.3649],[-111.6016,31.3872],[-111.6605,31.3977],[-111.705,31.4114],[-111.735,31.4282],[-111.765,31.4761],[-111.795,31.5553],[-111.8208,31.597],[-111.8425,31.6015],[-111.8692,31.5739],[-111.9009,31.5142],[-111.9351,31.4766],[-111.9717,31.4611],[-112.015,31.4617],[-112.065,31.4783],[-112.1016,31.4989],[-112.1247,31.5233],[-112.1387,31.5483],[-112.1438,31.5739],[-112.1338,31.6079]],[[-112.121,31.6079],[-112.0936,31.6505],[-112.0603,31.6803],[-112.0209,31.6973],[-111.998,31.7271],[-111.9916,31.7696],[-111.9738,31.8003],[-111.9446,31.8192],[-111.9,31.8224],[-111.84,31.8099],[-111.79,31.7808],[-111.75,31.735],[-111.71,31.7077],[-111.67,31.699],[-111.625,31.6777],[-111.575,31.644],[-111.525,31.6377],[-111.475,31.6589],[-111.435,31.6673],[-111.405,31.663],[-111.3722,31.6508],[-111.3367,31.6307],[-111.3103,31.6037],[-111.293,31.5696],[-111.2886,31.5227],[-111.297,31.463],[-111.2938,31.4033],[-111.279,31.3435],[-111.2744,31.3008],[-111.28,31.2752],[-111.3147,31.2293],[-111.3782,31.1633],[-111.44,31.1214],[-111.5,31.1037],[-111.5439,31.1068],[-111.5716,31.1306],[-111.5935,31.1683],[-111.6096,31.2196],[-111.6154,31.2623],[-111.6109,31.2965],[-111.5948,31.3307],[-111.5671,31.3649],[-111.5824,31.3882],[-111.6408,31.4008],[-111.6897,31.4179],[-111.729,31.4394],[-111.764,31.4911],[-111.7947,31.5728],[-111.825,31.6126],[-111.855,31.6106],[-111.8814,31.5826],[-111.9042,31.5285],[-111.9342,31.4919],[-111.9714,31.4729],[-112.015,31.4726],[-112.065,31.4911],[-112.1012,31.5219],[-112.1235,31.5651],[-112.121,31.6079]]]}},{"type":"Feature","properties":{"c":"#ffffb2","v0":5.0,"v1":10.0},"geometry":{"type":"Polygon","coordinates":[[[-81.6299,31.111],[-81.6033,31.1507],[-81.56,31.1789],[-81.5,31.1957],[-81.4528,31.2272],[-81.4183,31.2734],[-81.3735,31.3136],[-81.3184,31.3478],[-81.2956,31.3724],[-81.3052,31.3875],[-81.3298,31.4045],[-81.3694,31.4236],[-81.396,31.446],[-81.4098,31.4716],[-81.4097,31.5227],[-81.3957,31.5994],[-81.379,31.6442],[-81.3597,31.6571],[-81.3172,31.6699],[-81.2517,31.6825],[-81.2017,31.7008],[-81.1672,31.7247],[-81.13,31.7308],[-81.09,31.7193],[-81.0562,31.6946],[-81.0286,31.6567],[-81.0148,31.5781],[-81.0148,31.4588],[-81.0205,31.3862],[-81.032,31.3606],[-81.0708,31.3286],[-81.1369,31.2902],[-81.1784,31.2475],[-81.1951,31.2004],[-81.2401,31.1419],[-81.3134,31.0719],[-81.405,31.0295],[-81.515,31.0145],[-81.5829,31.0152],[-81.6087,31.0316],[-81.627,31.0527],[-81.6378,31.0784],[-81.6299,31.111]],[[-81.6194,31.1076],[-81.5998,31.1403],[-81.5584,31.166],[-81.4952,31.1846],[-81.4452,31.2183],[-81.4084,31.267],[-81.361,31.3097],[-81.3029,31.3465],[-81.2794,31.3734],[-81.2905,31.3905],[-81.3154,31.4076],[-81.3541,31.4246],[-81.3811,31.446],[-81.3965,31.4716],[-81.3963,31.5227],[-81.3807,31.5994],[-81.3377,31.6462],[-81.2673,31.6633],[-81.2116,31.6848],[-81.1705,31.7107],[-81.135,31.7211],[-81.105,31.7159],[-81.0775,31.7029],[-81.0525,31.6822],[-81.0363,31.659],[-81.0289,31.6335],[-81.0252,31.5696],[-81.0253,31.4673],[-81.0323,31.399],[-81.0463,31.3649],[-81.0853,31.3307],[-81.1494,31.2965],[-81.1904,31.2538],[-81.2084,31.2025],[-81.2505,31.1446],[-81.3168,31.08],[-81.4,31.0392],[-81.5,31.0222],[-81.5638,31.0202],[-81.5915,31.0333],[-81.6113,31.0527],[-81.6233,31.0784],[-81.6194,31.1076]]]}},{"type":"Feature","properties":{"c":"#ffffb2","v0":5.0,"v1":10.0},"geometry":{"type":"Polygon","coordinates":[[[-88.3067,31.5312],[-88.3041,31.5568],[-88.2896,31.5809],[-88.2632,31.6035],[-88.225,31.6175],[-88.175,31.6228],[-88.12,31.615],[-88.06,31.5941],[-88.0199,31.5588],[-87.9997,31.5092],[-87.9662,31.463],[-87.9194,31.4204],[-87.8911,31.3606],[-87.8814,31.2837],[-87.8899,31.2287],[-87.9166,31.1955],[-87.955,31.1705],[-88.005,31.1538],[-88.0585,31.1576],[-88.1154,31.1818],[-88.1554,31.2241],[-88.1785,31.2844],[-88.2115,31.3314],[-88.2546,31.3651],[-88.2841,31.4161],[-88.3,31.4843],[-88.3067,31.5312]],[[-88.2927,31.5355],[-88.2824,31.5696],[-88.2605,31.5932],[-88.2268,31.6065],[-88.185,31.6123],[-88.135,31.6107],[-88.0902,31.5998],[-88.0507,31.5797],[-88.0214,31.544],[-88.0024,31.4929],[-87.9772,31.458],[-87.9457,31.4395],[-87.9235,31.4181],[-87.9105,31.394],[-87.8998,31.3521],[-87.8913,31.2923],[-87.8978,31.2448],[-87.9193,31.2098],[-87.955,31.183],[-88.005,31.1644],[-88.055,31.1654],[-88.105,31.1859],[-88.1439,31.2298],[-88.1716,31.2971],[-88.2048,31.3435],[-88.2435,31.3691],[-88.2717,31.4161],[-88.2891,31.4843],[-88.2927,31.5355]]]}},{"type":"Feature","properties":{"c":"#ffffb2","v0":5.0,"v1":10.0},"geometry":{"type":"Polygon","coordinates":[[[-82.427,31.5078],[-82.4023,31.5547],[-82.375,31.5835],[-82.345,31.5941],[-82.31,31.5967],[-82.27,31.5913],[-82.2371,31.5754],[-82.2113,31.5488],[-82.1833,31.4929],[-82.1533,31.4076],[-82.1398,31.3093],[-82.1428,31.1982],[-82.1575,31.1212],[-82.1841,31.0784],[-82.2205,31.0416],[-82.2668,31.011],[-82.31,30.9983],[-82.35,31.0036],[-82.3823,31.0232],[-82.407,31.0571],[-82.4072,31.1255],[-82.3829,31.2281],[-82.3879,31.3307],[-82.4222,31.4332],[-82.427,31.5078]],[[-82.4228,31.4971],[-82.4162,31.5227],[-82.4021,31.5461],[-82.3807,31.5672],[-82.34,31.5778],[-82.28,31.5777],[-82.2406,31.5671],[-82.2217,31.546],[-82.1972,31.4929],[-82.1671,31.4076],[-82.1532,31.3093],[-82.1556,31.1982],[-82.1709,31.1212],[-82.1991,31.0784],[-82.2324,31.0446],[-82.2708,31.0198],[-82.305,31.0078],[-82.335,31.0084],[-82.3629,31.0208],[-82.3888,31.0449],[-82.3914,31.1126],[-82.3708,31.2239],[-82.3769,31.3307],[-82.4097,31.4332],[-82.4228,31.4971]]]}},{"type":"Feature","properties":{"c":"#ffffb2","v0":5.0,"v1":10.0},"geometry":{"type":"Polygon","coordinates":[[[-92.7792,31.4374],[-92.7643,31.4801],[-92.7451,31.5118],[-92.7217,31.5325],[-92.695,31.5467],[-92.665,31.5546],[-92.615,31.5555],[-92.545,31.5494],[-92.49,31.5206],[-92.45,31.4692],[-92.3976,31.4196],[-92.3328,31.3717],[-92.2942,31.335],[-92.2817,31.3093],[-92.2758,31.2752],[-92.2766,31.2324],[-92.2902,31.1986],[-92.3167,31.1737],[-92.36,31.154],[-92.42,31.1394],[-92.48,31.1444],[-92.54,31.1691],[-92.6,31.1832],[-92.66,31.1866],[-92.705,31.2025],[-92.7351,31.231],[-92.7593,31.288],[-92.7776,31.3734],[-92.7792,31.4374]],[[-92.7591,31.4448],[-92.7264,31.5021],[-92.695,31.5351],[-92.665,31.5438],[-92.62,31.547],[-92.56,31.5446],[-92.5162,31.5329],[-92.4885,31.5119],[-92.465,31.4843],[-92.4459,31.4502],[-92.4029,31.4076],[-92.3361,31.3563],[-92.2975,31.3136],[-92.2872,31.2794],[-92.2868,31.2452],[-92.2962,31.211],[-92.3131,31.1863],[-92.3377,31.171],[-92.38,31.1585],[-92.44,31.1487],[-92.4941,31.1564],[-92.5423,31.1814],[-92.5973,31.1953],[-92.6591,31.198],[-92.7023,31.2109],[-92.727,31.2338],[-92.7483,31.288],[-92.7664,31.3734],[-92.7591,31.4448]]]}},{"type":"Feature","properties":{"c":"#ffffb2","v0":5.0,"v1":10.0},"geometry":{"type":"Polygon","coordinates":[[[-85.487,30.9841],[-85.4842,31.0098],[-85.4746,31.0318],[-85.4582,31.05],[-85.4055,31.0671],[-85.3166,31.0832],[-85.2683,31.1126],[-85.2605,31.1554],[-85.245,31.1886],[-85.2217,31.2122],[-85.19,31.2308],[-85.15,31.2444],[-85.11,31.2482],[-85.07,31.2423],[-85.0358,31.2237],[-85.0075,31.1925],[-84.9974,31.1426],[-85.0056,31.0741],[-84.9848,31.0284],[-84.9349,31.0054],[-84.8978,30.9797],[-84.8735,30.9512],[-84.8631,30.9026],[-84.8666,30.8339],[-84.847,30.7738],[-84.8044,30.7222],[-84.785,30.6835],[-84.7886,30.6577],[-84.8003,30.6379],[-84.8201,30.624],[-84.85,30.6176],[-84.89,30.6187],[-84.955,30.6328],[-85.045,30.6598],[-85.16,30.7035],[-85.3,30.764],[-85.3977,30.8213],[-85.4532,30.8755],[-85.4828,30.9198],[-85.4865,30.9541],[-85.487,30.9841]],[[-85.476,30.9841],[-85.4712,31.0098],[-85.4591,31.0313],[-85.4397,31.0485],[-85.3897,31.0613],[-85.3092,31.0698],[-85.2626,31.0998],[-85.25,31.1511],[-85.2303,31.1886],[-85.2034,31.2122],[-85.175,31.2282],[-85.145,31.2366],[-85.11,31.2374],[-85.07,31.2306],[-85.0387,31.2146],[-85.0161,31.1894],[-85.0071,31.1383],[-85.0116,31.0612],[-84.9929,31.0154],[-84.951,31.0008],[-84.9161,30.9794],[-84.8882,30.9511],[-84.8744,30.8983],[-84.8746,30.8211],[-84.855,30.7609],[-84.8155,30.7179],[-84.7981,30.6835],[-84.8027,30.6577],[-84.8162,30.6397],[-84.8387,30.6294],[-84.87,30.627],[-84.91,30.6326],[-85.04,30.678],[-85.26,30.7631],[-85.3941,30.8299],[-85.4423,30.8784],[-85.4694,30.9198],[-85.4755,30.9541],[-85.476,30.9841]]]}},{"type":"Feature","properties":{"c":"#ffffb2","v0":5.0,"v1":10.0},"geometry":{"type":"Polygon","coordinates":[[[-83.0151,31.0184],[-82.9955,31.0784],[-82.9618,31.1273],[-82.9139,31.1653],[-82.83,31.1947],[-82.71,31.2155],[-82.63,31.2225],[-82.59,31.2157],[-82.5591,31.2034],[-82.5372,31.1857],[-82.5315,31.1469],[-82.542,31.0869],[-82.5979,31.0208],[-82.6993,30.9484],[-82.805,30.9157],[-82.915,30.9225],[-82.9837,30.9416],[-83.0111,30.9728],[-83.0151,31.0184]],[[-83.0048,31.0141],[-82.991,31.0655],[-82.9606,31.1117],[-82.9135,31.1527],[-82.835,31.1842],[-82.725,31.2064],[-82.65,31.2151],[-82.61,31.2105],[-82.5774,31.2003],[-82.5521,31.1846],[-82.5448,31.1469],[-82.5554,31.0869],[-82.6031,31.0254],[-82.6877,30.9623],[-82.75,30.9268],[-82.79,30.919],[-82.845,30.9194],[-82.915,30.9282],[-82.9617,30.9379],[-82.9851,30.9487],[-83.0006,30.9627],[-83.008,30.9798],[-83.0048,31.0141]]]}},{"type":"Feature","properties":{"c":"#ffffb2","v0":5.0,"v1":10.0},"geometry":{"type":"Polygon","coordinates":[[[-88.7104,30.6921],[-88.6815,30.7523],[-88.6757,30.7996],[-88.6929,30.8339],[-88.6957,30.8983],[-88.6843,30.9927],[-88.6515,31.0705],[-88.5972,31.132],[-88.54,31.1656],[-88.48,31.1713],[-88.4265,31.1492],[-88.3794,31.0991],[-88.3544,31.0566],[-88.3515,31.0215],[-88.3383,30.9787],[-88.3148,30.928],[-88.3075,30.8855],[-88.3163,30.8511],[-88.3339,30.8168],[-88.3601,30.7824],[-88.4024,30.7461],[-88.4608,30.7078],[-88.51,30.6638],[-88.55,30.6142],[-88.595,30.5915],[-88.645,30.5958],[-88.6837,30.614],[-88.7111,30.646],[-88.7104,30.6921]],[[-88.6974,30.6921],[-88.6688,30.7523],[-88.663,30.8039],[-88.6801,30.8468],[-88.6808,30.9155],[-88.6651,31.0098],[-88.6355,31.0805],[-88.5918,31.1275],[-88.555,31.1561],[-88.525,31.1662],[-88.495,31.1692],[-88.465,31.1652],[-88.4315,31.1451],[-88.3944,31.1092],[-88.3613,31.0484],[-88.3321,30.9627],[-88.3237,30.894],[-88.3363,30.8425],[-88.3812,30.7867],[-88.4585,30.7265],[-88.5154,30.6724],[-88.5518,30.6244],[-88.59,30.6007],[-88.63,30.6013],[-88.6618,30.6082],[-88.6854,30.6211],[-88.7009,30.6362],[-88.7081,30.6534],[-88.6974,30.6921]]]}},{"type":"Feature","properties":{"c":"#ffffb2","v0":5.0,"v1":10.0},"geometry":{"type":"Polygon","coordinates":[[[-91.1642,30.7996],[-91.1566,30.8339],[-91.1319,30.8683],[-91.09,30.9026],[-91.0738,30.9455],[-91.0833,30.997],[-91.0822,31.0398],[-91.0705,31.0741],[-91.046,31.1028],[-91.0087,31.126],[-90.96,31.1399],[-90.9,31.1447],[-90.8468,31.1374],[-90.8003,31.118],[-90.7711,31.0955],[-90.7591,31.0698],[-90.7548,31.0355],[-90.7581,30.9927],[-90.7342,30.9584],[-90.6829,30.9326],[-90.6504,30.9013],[-90.6368,30.8644],[-90.5982,30.8343],[-90.5345,30.8112],[-90.4932,30.7781],[-90.474,30.7351],[-90.4704,30.6964],[-90.4823,30.662],[-90.4987,30.6378],[-90.5196,30.6236],[-90.565,30.6114],[-90.635,30.6012],[-90.7,30.6069],[-90.76,30.6285],[-90.81,30.622],[-90.85,30.5875],[-90.895,30.568],[-90.945,30.5636],[-90.9987,30.5779],[-91.0561,30.6111],[-91.1056,30.6663],[-91.1472,30.7437],[-91.1642,30.7996]],[[-91.1532,30.7996],[-91.144,30.8339],[-91.1179,30.8683],[-91.0748,30.9026],[-91.0594,30.9412],[-91.0717,30.9841],[-91.0743,31.0227],[-91.0673,31.057],[-91.0503,31.0856],[-91.0234,31.1086],[-90.975,31.1244],[-90.905,31.1329],[-90.8468,31.1257],[-90.8003,31.1027],[-90.7753,31.0571],[-90.7718,30.9889],[-90.7459,30.946],[-90.6977,30.9285],[-90.6652,30.8983],[-90.6483,30.8554],[-90.6074,30.8235],[-90.5425,30.8026],[-90.5015,30.7725],[-90.4845,30.7333],[-90.4827,30.6964],[-90.496,30.662],[-90.5145,30.6393],[-90.5382,30.6284],[-90.58,30.6186],[-90.64,30.61],[-90.7,30.6197],[-90.76,30.6477],[-90.81,30.6416],[-90.85,30.6014],[-90.895,30.5787],[-90.945,30.5734],[-90.9949,30.585],[-91.0446,30.6134],[-91.0916,30.6663],[-91.1358,30.7437],[-91.1532,30.7996]]]}},{"type":"Feature","properties":{"c":"#ffffb2","v0":5.0,"v1":10.0},"geometry":{"type":"Polygon","coordinates":[[[-90.3037,30.7437],[-90.2958,30.7695],[-90.2764,30.7941],[-90.2455,30.8176],[-90.2026,30.8691],[-90.1477,30.9487],[-90.1027,31.0032],[-90.0676,31.0329],[-90.015,31.0536],[-89.945,31.0656],[-89.8877,31.0593],[-89.8432,31.0349],[-89.8145,31.0098],[-89.8018,30.9841],[-89.7956,30.9455],[-89.7959,30.894],[-89.8345,30.8291],[-89.9115,30.7506],[-89.98,30.7066],[-90.04,30.6972],[-90.085,30.6777],[-90.115,30.6482],[-90.15,30.6285],[-90.19,30.6186],[-90.2264,30.6215],[-90.2593,30.637],[-90.2837,30.6663],[-90.2996,30.7093],[-90.3037,30.7437]],[[-90.2922,30.7437],[-90.2826,30.7695],[-90.2649,30.791],[-90.2392,30.8082],[-90.1999,30.8554],[-90.147,30.9326],[-90.1029,30.9873],[-90.0676,31.0195],[-90.02,31.0426],[-89.96,31.0567],[-89.9063,31.0534],[-89.8589,31.0329],[-89.8273,31.0055],[-89.8116,30.9712],[-89.8053,30.9326],[-89.8083,30.8897],[-89.8449,30.832],[-89.915,30.7593],[-89.98,30.7179],[-90.04,30.7079],[-90.09,30.6856],[-90.13,30.6509],[-90.165,30.6312],[-90.195,30.6263],[-90.2264,30.6334],[-90.2592,30.6525],[-90.281,30.6792],[-90.2917,30.7136],[-90.2922,30.7437]]]}},{"type":"Feature","properties":{"c":"#ffffb2","v0":5.0,"v1":10.0},"geometry":{"type":"Polygon","coordinates":[[[-92.347,30.8468],[-92.3444,30.8726],[-92.3298,30.8979],[-92.3033,30.9229],[-92.265,30.9411],[-92.215,30.9527],[-92.175,30.9558],[-92.145,30.9504],[-92.1183,30.9365],[-92.095,30.9139],[-92.077,30.8855],[-92.0642,30.8511],[-92.0371,30.8168],[-91.9959,30.7824],[-91.9695,30.7437],[-91.958,30.7007],[-91.9567,30.6602],[-91.9656,30.6222],[-91.945,30.6061],[-91.895,30.6119],[-91.836,30.5878],[-91.7681,30.534],[-91.7231,30.5047],[-91.701,30.4998],[-91.66,30.5108],[-91.6,30.5377],[-91.52,30.5432],[-91.42,30.5274],[-91.3528,30.5035],[-91.3185,30.4714],[-91.304,30.4295],[-91.3092,30.3777],[-91.3314,30.337],[-91.3705,30.3074],[-91.415,30.2885],[-91.465,30.2804],[-91.515,30.2804],[-91.565,30.2883],[-91.635,30.3139],[-91.725,30.3571],[-91.79,30.3726],[-91.83,30.3605],[-91.875,30.3567],[-91.925,30.3611],[-91.9685,30.3821],[-92.0056,30.4194],[-92.0186,30.4726],[-92.0075,30.5415],[-92.044,30.5723],[-92.128,30.5649],[-92.19,30.5678],[-92.23,30.581],[-92.2635,30.6019],[-92.2905,30.6305],[-92.3151,30.6921],[-92.3372,30.7867],[-92.347,30.8468]],[[-92.0068,30.5114],[-91.9846,30.5544],[-91.9527,30.5841],[-91.9109,30.6003],[-91.8489,30.5788],[-91.7668,30.5195],[-91.7118,30.4889],[-91.6839,30.487],[-91.645,30.4994],[-91.595,30.5261],[-91.525,30.5334],[-91.435,30.5211],[-91.3736,30.5044],[-91.3408,30.4832],[-91.3194,30.4554],[-91.3095,30.4209],[-91.3209,30.3808],[-91.3536,30.3351],[-91.405,30.3061],[-91.475,30.294],[-91.535,30.2935],[-91.585,30.3048],[-91.65,30.3309],[-91.73,30.3717],[-91.79,30.3851],[-91.83,30.371],[-91.875,30.3666],[-91.925,30.3719],[-91.9634,30.3861],[-91.9903,30.4093],[-92.0073,30.4381],[-92.0143,30.4726],[-92.0068,30.5114]],[[-92.3361,30.8468],[-92.3314,30.8726],[-92.3193,30.8952],[-92.2998,30.9148],[-92.265,30.9306],[-92.215,30.9426],[-92.175,30.9452],[-92.145,30.9382],[-92.1159,30.9095],[-92.0876,30.8591],[-92.0499,30.8125],[-92.0029,30.7695],[-91.9785,30.7179],[-91.9767,30.6577],[-91.9994,30.6134],[-92.0465,30.585],[-92.11,30.5751],[-92.19,30.5837],[-92.2475,30.6066],[-92.2824,30.6436],[-92.3096,30.705],[-92.3288,30.791],[-92.3361,30.8468]]]}},{"type":"Feature","properties":{"c":"#ffffb2","v0":5.0,"v1":10.0},"geometry":{"type":"Polygon","coordinates":[[[-84.3468,30.7265],[-84.344,30.7523],[-84.3295,30.7765],[-84.3032,30.7991],[-84.205,30.821],[-84.035,30.8421],[-83.9276,30.8308],[-83.8828,30.7871],[-83.8514,30.7394],[-83.8336,30.6878],[-83.8307,30.6448],[-83.8426,30.6104],[-83.8589,30.5862],[-83.8796,30.5721],[-83.94,30.5653],[-84.04,30.5655],[-84.145,30.5809],[-84.255,30.6112],[-84.3182,30.6353],[-84.3345,30.6531],[-84.344,30.6749],[-84.3468,30.7007],[-84.3468,30.7265]],[[-84.3357,30.7265],[-84.3309,30.7523],[-84.3189,30.7735],[-84.2996,30.79],[-84.205,30.8093],[-84.035,30.8314],[-83.9281,30.8188],[-83.8843,30.7716],[-83.8559,30.7265],[-83.8428,30.6835],[-83.84,30.6491],[-83.8475,30.6233],[-83.8609,30.6021],[-83.8803,30.5856],[-83.94,30.5773],[-84.04,30.5773],[-84.145,30.5927],[-84.255,30.6234],[-84.317,30.6575],[-84.3311,30.6949],[-84.3357,30.7265]]]}},{"type":"Feature","properties":{"c":"#ffffb2","v0":5.0,"v1":10.0},"geometry":{"type":"Polygon","coordinates":[[[-86.2066,30.6749],[-86.1986,30.7007],[-86.1635,30.7447],[-86.1012,30.8067],[-86.0605,30.811],[-86.0415,30.7576],[-86.0079,30.7093],[-85.9595,30.6663],[-85.9346,30.6319],[-85.9329,30.6061],[-85.9425,30.5846],[-85.9631,30.5674],[-86.0076,30.5534],[-86.0759,30.5426],[-86.1351,30.5684],[-86.1854,30.6308],[-86.2066,30.6749]]]}},{"type":"Feature","properties":{"c":"#ffffb2","v0":5.0,"v1":10.0},"geometry":{"type":"Polygon","coordinates":[[[-87.2724,30.5415],[-87.2532,30.576],[-87.2252,30.6012],[-87.1884,30.6171],[-87.15,30.6242],[-87.11,30.6225],[-87.07,30.6097],[-87.03,30.5858],[-86.97,30.5715],[-86.89,30.5668],[-86.8278,30.5415],[-86.7834,30.4956],[-86.7504,30.4295],[-86.7289,30.3432],[-86.7225,30.2871],[-86.7313,30.2612],[-86.7493,30.2382],[-86.7764,30.218],[-86.81,30.2064],[-86.85,30.2032],[-86.8978,30.2176],[-86.9533,30.2496],[-87.0083,30.2726],[-87.0628,30.2868],[-87.1316,30.3343],[-87.2149,30.415],[-87.2629,30.4726],[-87.2756,30.5071],[-87.2724,30.5415]],[[-87.2589,30.5409],[-87.2396,30.574],[-87.21,30.5972],[-87.17,30.6105],[-87.135,30.6153],[-87.105,30.6115],[-87.0654,30.5969],[-87.0162,30.5715],[-86.9562,30.5574],[-86.8854,30.5547],[-86.831,30.5332],[-86.7931,30.4928],[-86.7649,30.4209],[-86.7466,30.3173],[-86.7506,30.2539],[-86.7769,30.2307],[-86.805,30.2167],[-86.835,30.2117],[-86.885,30.227],[-86.955,30.2625],[-87.015,30.2865],[-87.065,30.299],[-87.1279,30.3428],[-87.2038,30.4178],[-87.2484,30.4726],[-87.2618,30.5071],[-87.2589,30.5409]]]}},{"type":"Feature","properties":{"c":"#ffffb2","v0":5.0,"v1":10.0},"geometry":{"type":"Polygon","coordinates":[[[-90.2255,30.2137],[-90.2198,30.2482],[-90.2071,30.2785],[-90.1873,30.3044],[-90.1456,30.3336],[-90.0819,30.3661],[-89.995,30.371],[-89.885,30.3483],[-89.8178,30.3234],[-89.7935,30.2963],[-89.7755,30.2612],[-89.7638,30.218],[-89.7628,30.1834],[-89.7724,30.1575],[-89.8054,30.1258],[-89.8618,30.0883],[-89.935,30.064],[-90.025,30.0529],[-90.1,30.0572],[-90.16,30.0771],[-90.1996,30.1143],[-90.2187,30.169],[-90.2255,30.2137]],[[-90.2149,30.2137],[-90.2077,30.2482],[-90.1936,30.2785],[-90.1727,30.3044],[-90.1342,30.3309],[-90.0781,30.358],[-89.995,30.36],[-89.885,30.3368],[-89.8211,30.3146],[-89.8032,30.2934],[-89.7886,30.2612],[-89.7772,30.218],[-89.7769,30.1834],[-89.7879,30.1575],[-89.8175,30.1286],[-89.8658,30.0966],[-89.935,30.0752],[-90.025,30.0644],[-90.0976,30.0674],[-90.1527,30.0842],[-90.1898,30.1186],[-90.2089,30.1705],[-90.2149,30.2137]]]}},{"type":"Feature","properties":{"c":"#ffffb2","v0":5.0,"v1":10.0},"geometry":{"type":"Polygon","coordinates":[[[-90.932,30.0666],[-90.9219,30.1186],[-90.9036,30.1618],[-90.877,30.1964],[-90.8503,30.221],[-90.8234,30.2357],[-90.775,30.2429],[-90.705,30.2424],[-90.655,30.234],[-90.625,30.2175],[-90.59,30.2248],[-90.55,30.2558],[-90.505,30.273],[-90.455,30.2764],[-90.41,30.268],[-90.37,30.248],[-90.3365,30.219],[-90.3094,30.1809],[-90.3007,30.1359],[-90.3103,30.084],[-90.3539,30.0294],[-90.4313,29.9721],[-90.505,29.9506],[-90.575,29.9647],[-90.625,29.9645],[-90.655,29.9499],[-90.71,29.9387],[-90.79,29.9308],[-90.8488,29.938],[-90.8863,29.9603],[-90.9131,29.9887],[-90.929,30.0234],[-90.932,30.0666]],[[-90.9197,30.0666],[-90.9093,30.1186],[-90.8906,30.1612],[-90.8635,30.1945],[-90.835,30.2174],[-90.805,30.2299],[-90.765,30.236],[-90.715,30.2357],[-90.67,30.2247],[-90.63,30.2029],[-90.59,30.209],[-90.55,30.2431],[-90.51,30.2628],[-90.47,30.2681],[-90.427,30.2608],[-90.381,30.2409],[-90.3445,30.2094],[-90.3176,30.1661],[-90.3107,30.1229],[-90.3239,30.0796],[-90.3654,30.0324],[-90.4351,29.9812],[-90.505,29.962],[-90.575,29.9748],[-90.63,29.9733],[-90.67,29.9574],[-90.725,29.9467],[-90.795,29.9413],[-90.845,29.9469],[-90.875,29.9637],[-90.8987,29.9892],[-90.9161,30.0235],[-90.9197,30.0666]]]}},{"type":"Feature","properties":{"c":"#ffffb2","v0":5.0,"v1":10.0},"geometry":{"type":"Polygon","coordinates":[[[-81.9593,29.4415],[-81.924,29.4938],[-81.8622,29.5536],[-81.7741,29.6211],[-81.71,29.6594],[-81.67,29.6686],[-81.6335,29.6653],[-81.6005,29.6495],[-81.5768,29.6286],[-81.5625,29.6025],[-81.5553,29.5677],[-81.5553,29.5242],[-81.5722,29.4676],[-81.606,29.398],[-81.6347,29.3522],[-81.6582,29.3304],[-81.69,29.3098],[-81.73,29.2905],[-81.78,29.2809],[-81.84,29.2809],[-81.8887,29.2928],[-81.9262,29.3164],[-81.9529,29.35],[-81.969,29.3936],[-81.9593,29.4415]],[[-81.9419,29.4459],[-81.8959,29.5068],[-81.8322,29.5664],[-81.7507,29.6247],[-81.695,29.6561],[-81.665,29.6607],[-81.6335,29.6533],[-81.6006,29.634],[-81.5786,29.6069],[-81.5674,29.5721],[-81.5649,29.5373],[-81.5708,29.5025],[-81.5895,29.4546],[-81.6207,29.3936],[-81.6498,29.3523],[-81.6766,29.3306],[-81.71,29.3118],[-81.75,29.2958],[-81.8,29.2906],[-81.86,29.296],[-81.9036,29.3104],[-81.9307,29.3339],[-81.9494,29.3631],[-81.9597,29.398],[-81.9419,29.4459]]]}},{"type":"Feature","properties":{"c":"#ffffb2","v0":5.0,"v1":10.0},"geometry":{"type":"Polygon","coordinates":[[[-81.1806,28.6854],[-81.1663,28.7292],[-81.1468,28.7613],[-81.1223,28.7815],[-81.09,28.7934],[-81.05,28.7971],[-81.015,28.7934],[-80.985,28.7825],[-80.8767,28.7004],[-80.6901,28.547],[-80.5919,28.4482],[-80.5822,28.4043],[-80.5905,28.3707],[-80.6168,28.3474],[-80.645,28.3349],[-80.675,28.3331],[-80.745,28.3573],[-80.855,28.4076],[-80.95,28.4305],[-81.03,28.426],[-81.0833,28.4354],[-81.1099,28.4586],[-81.1393,28.5186],[-81.1716,28.6152],[-81.1806,28.6854]],[[-81.1723,28.681],[-81.1622,28.7161],[-81.1454,28.7453],[-81.1218,28.7685],[-81.095,28.7828],[-81.065,28.7882],[-81.03,28.7844],[-80.99,28.7713],[-80.88,28.6905],[-80.7,28.5417],[-80.6038,28.4548],[-80.5914,28.4299],[-80.5896,28.4043],[-80.5984,28.3779],[-80.6246,28.359],[-80.6682,28.3476],[-80.745,28.3674],[-80.855,28.4183],[-80.94,28.4398],[-81.0,28.4321],[-81.045,28.4328],[-81.075,28.4417],[-81.1118,28.5006],[-81.1555,28.6092],[-81.1723,28.681]]]}},{"type":"Feature","properties":{"c":"#ffffb2","v0":5.0,"v1":10.0},"geometry":{"type":"Polygon","coordinates":[[[-80.6084,28.2275],[-80.5828,28.2701],[-80.55,28.2989],[-80.51,28.3136],[-80.47,28.3094],[-80.43,28.2861],[-80.385,28.2465],[-80.335,28.1906],[-80.2899,28.1514],[-80.2497,28.1291],[-80.2255,28.043],[-80.2175,27.8928],[-80.2276,27.7981],[-80.2559,27.7591],[-80.305,27.734],[-80.375,27.7228],[-80.4372,27.7379],[-80.4915,27.7793],[-80.53,27.8398],[-80.5527,27.9193],[-80.5629,27.9856],[-80.5605,28.0386],[-80.5748,28.1003],[-80.6057,28.1709],[-80.6084,28.2275]],[[-80.6062,28.215],[-80.6033,28.2326],[-80.5888,28.2542],[-80.5629,28.28],[-80.53,28.2957],[-80.49,28.3016],[-80.4316,28.2667],[-80.3549,28.1911],[-80.2984,28.1444],[-80.2621,28.1268],[-80.2387,28.0474],[-80.2281,27.9061],[-80.2347,27.8146],[-80.2582,27.773],[-80.3,27.7454],[-80.36,27.7317],[-80.4187,27.7436],[-80.476,27.7812],[-80.5171,27.8442],[-80.542,27.9326],[-80.5523,27.9988],[-80.5481,28.043],[-80.5615,28.1003],[-80.5923,28.1709],[-80.6062,28.215]]]}},{"type":"Feature","properties":{"c":"#ffffb2","v0":5.0,"v1":10.0},"geometry":{"type":"Polygon","coordinates":[[[-81.1348,27.219],[-81.1219,27.2634],[-81.0872,27.3345],[-81.031,27.4322],[-80.9696,27.5008],[-80.9032,27.5404],[-80.8581,27.6024],[-80.8343,27.6869],[-80.8043,27.737],[-80.7681,27.7525],[-80.73,27.7512],[-80.69,27.733],[-80.6576,27.7031],[-80.6327,27.6615],[-80.6203,27.6052],[-80.6203,27.5343],[-80.6305,27.4722],[-80.651,27.4189],[-80.6895,27.3523],[-80.746,27.2723],[-80.7982,27.2126],[-80.8461,27.1732],[-80.91,27.1399],[-80.99,27.1128],[-81.05,27.1032],[-81.09,27.111],[-81.1178,27.1354],[-81.1335,27.1763],[-81.1348,27.219]],[[-81.0885,27.2634],[-81.024,27.3967],[-80.956,27.4855],[-80.8846,27.5298],[-80.8392,27.5921],[-80.8197,27.6724],[-80.795,27.7195],[-80.765,27.7336],[-80.735,27.7344],[-80.705,27.7216],[-80.6778,27.6966],[-80.6534,27.6593],[-80.6411,27.6052],[-80.6411,27.5343],[-80.6493,27.4766],[-80.6658,27.4322],[-80.7031,27.3684],[-80.761,27.2851],[-80.81,27.2262],[-80.85,27.1918],[-80.91,27.1604],[-80.99,27.132],[-81.0451,27.1198],[-81.0752,27.1236],[-81.0979,27.1434],[-81.1132,27.179],[-81.0885,27.2634]]]}},{"type":"Feature","properties":{"c":"#ffffb2","v0":5.0,"v1":10.0},"geometry":{"type":"Polygon","coordinates":[[[-80.5903,26.9385],[-80.5668,26.992],[-80.5318,27.0276],[-80.4855,27.0454],[-80.4879,27.0766],[-80.5391,27.1211],[-80.5702,27.1567],[-80.5813,27.1834],[-80.5844,27.219],[-80.5793,27.2634],[-80.5591,27.3079],[-80.5239,27.3523],[-80.4923,27.382],[-80.4641,27.397],[-80.435,27.4045],[-80.405,27.4045],[-80.3324,27.3748],[-80.2171,27.3154],[-80.1485,27.2679],[-80.1266,27.2323],[-80.1149,27.1923],[-80.1136,27.1478],[-80.1206,27.0989],[-80.1358,27.0454],[-80.1551,27.0059],[-80.1784,26.9803],[-80.225,26.9546],[-80.295,26.929],[-80.345,26.8984],[-80.375,26.8626],[-80.415,26.8318],[-80.465,26.806],[-80.51,26.8],[-80.55,26.814],[-80.578,26.8437],[-80.5941,26.8891],[-80.5903,26.9385]],[[-80.576,26.9385],[-80.5508,26.992],[-80.5148,27.0276],[-80.4679,27.0454],[-80.4706,27.0766],[-80.5231,27.1211],[-80.5559,27.1567],[-80.5691,27.1834],[-80.5728,27.219],[-80.5669,27.2634],[-80.5503,27.3034],[-80.523,27.339],[-80.4845,27.3667],[-80.4348,27.3866],[-80.355,27.372],[-80.245,27.3226],[-80.1761,27.2815],[-80.1484,27.2487],[-80.1313,27.2145],[-80.1249,27.179],[-80.127,27.1345],[-80.1374,27.0811],[-80.154,27.0365],[-80.1769,27.0009],[-80.2037,26.973],[-80.2346,26.9528],[-80.27,26.9401],[-80.31,26.935],[-80.345,26.914],[-80.375,26.8772],[-80.415,26.8455],[-80.465,26.8187],[-80.5067,26.8097],[-80.54,26.8182],[-80.5647,26.8448],[-80.5806,26.8894],[-80.576,26.9385]]]}},{"type":"Feature","properties":{"c":"#ffffb2","v0":5.0,"v1":10.0},"geometry":{"type":"Polygon","coordinates":[[[-81.2088,26.2006],[-81.1734,26.2813],[-81.1628,26.344],[-81.177,26.3889],[-81.184,26.4471],[-81.184,26.5187],[-81.1555,26.5842],[-81.0985,26.6435],[-81.01,26.6646],[-80.89,26.6474],[-80.81,26.6143],[-80.77,26.5651],[-80.735,26.5604],[-80.705,26.6002],[-80.665,26.6295],[-80.615,26.6482],[-80.56,26.6512],[-80.5,26.6385],[-80.4435,26.6127],[-80.3905,26.5739],[-80.3639,26.5321],[-80.3635,26.4874],[-80.39,26.434],[-80.4433,26.372],[-80.5,26.2891],[-80.56,26.1851],[-80.6,26.1298],[-80.62,26.123],[-80.65,26.1232],[-80.69,26.1305],[-80.74,26.1521],[-80.8,26.1881],[-80.855,26.1778],[-80.905,26.1211],[-80.97,26.0792],[-81.05,26.0522],[-81.115,26.0481],[-81.165,26.0669],[-81.1991,26.0973],[-81.2174,26.1392],[-81.2088,26.2006]],[[-81.1966,26.2006],[-81.1596,26.2813],[-81.1492,26.3485],[-81.1657,26.4023],[-81.1744,26.456],[-81.1752,26.5097],[-81.1542,26.5655],[-81.1114,26.6232],[-81.075,26.6556],[-81.045,26.6626],[-80.985,26.6583],[-80.895,26.6427],[-80.8382,26.6282],[-80.8145,26.6148],[-80.7945,26.5861],[-80.7782,26.542],[-80.76,26.5247],[-80.74,26.5344],[-80.715,26.5597],[-80.685,26.6007],[-80.65,26.6275],[-80.61,26.6402],[-80.56,26.64],[-80.5,26.6271],[-80.4468,26.6041],[-80.4004,26.571],[-80.3769,26.5321],[-80.3764,26.4874],[-80.3996,26.439],[-80.4465,26.387],[-80.505,26.3046],[-80.575,26.1918],[-80.635,26.1379],[-80.685,26.1432],[-80.74,26.1649],[-80.8,26.2031],[-80.86,26.1898],[-80.92,26.125],[-80.985,26.0819],[-81.055,26.0605],[-81.1142,26.0595],[-81.1625,26.0787],[-81.1938,26.1063],[-81.208,26.1422],[-81.1966,26.2006]]]}},{"type":"Feature","properties":{"c":"#ffffb2","v0":5.0,"v1":10.0},"geometry":{"type":"Polygon","coordinates":[[[-80.9378,26.3844],[-80.8979,26.4023],[-80.886,26.4011],[-80.902,26.3809],[-80.922,26.372],[-80.9459,26.3743],[-80.9378,26.3844]]]}},{"type":"Feature","properties":{"c":"#ffffb2","v0":5.0,"v1":10.0},"geometry":{"type":"Polygon","coordinates":[[[-80.6166,22.2758],[-80.6052,22.3128],[-80.5771,22.3515],[-80.5324,22.3919],[-80.485,22.419],[-80.435,22.4327],[-80.385,22.4371],[-80.335,22.432],[-80.2947,22.4096],[-80.2642,22.3698],[-80.2228,22.336],[-80.1707,22.3082],[-80.1413,22.2666],[-80.1347,22.211],[-80.0954,22.1647],[-80.0233,22.1277],[-79.9863,22.0721],[-79.9843,21.9979],[-80.02,21.9309],[-80.0933,21.8712],[-80.16,21.8413],[-80.22,21.8414],[-80.2657,21.8527],[-80.297,21.8753],[-80.327,21.9283],[-80.3557,22.0117],[-80.415,22.0731],[-80.505,22.1124],[-80.5618,22.1449],[-80.5854,22.1705],[-80.6035,22.2018],[-80.616,22.2388],[-80.6166,22.2758]],[[-80.6029,22.2758],[-80.5913,22.3128],[-80.5666,22.3485],[-80.5289,22.3828],[-80.485,22.4073],[-80.435,22.4222],[-80.385,22.4265],[-80.335,22.4204],[-80.295,22.396],[-80.265,22.3536],[-80.2271,22.3228],[-80.1812,22.3038],[-80.156,22.2666],[-80.1515,22.211],[-80.1121,22.1647],[-80.0379,22.1277],[-79.996,22.0906],[-79.9864,22.0535],[-79.9852,22.0165],[-79.9926,21.9794],[-80.0297,21.9339],[-80.0966,21.8801],[-80.15,21.8509],[-80.19,21.8462],[-80.225,21.8486],[-80.255,21.8581],[-80.2798,21.8734],[-80.2993,21.8946],[-80.3209,21.9423],[-80.3447,22.0165],[-80.4049,22.0768],[-80.5016,22.1234],[-80.5647,22.1743],[-80.5941,22.2297],[-80.6029,22.2758]]]}},{"type":"Feature","properties":{"c":"#fed976","v0":10.0,"v1":20.0},"geometry":{"type":"Polygon","coordinates":[[[-93.7116,51.0831],[-93.6877,51.1459],[-93.6643,51.1878],[-93.6414,51.2089],[-93.615,51.2235],[-93.585,51.2316],[-93.535,51.2301],[-93.465,51.219],[-93.375,51.2494],[-93.265,51.3214],[-93.16,51.3813],[-93.06,51.4292],[-92.995,51.4546],[-92.965,51.4575],[-92.9341,51.451],[-92.9022,51.4352],[-92.8782,51.4149],[-92.862,51.3899],[-92.8547,51.3462],[-92.8563,51.2837],[-92.8648,51.2399],[-92.8802,51.2148],[-92.9101,51.1866],[-92.9547,51.1553],[-92.992,51.1019],[-93.022,51.0265],[-93.0503,50.979],[-93.0768,50.9596],[-93.11,50.9476],[-93.15,50.9431],[-93.205,50.9452],[-93.275,50.9538],[-93.3278,50.9784],[-93.3635,51.0189],[-93.3992,51.0391],[-93.4348,51.0391],[-93.4672,51.0265],[-93.4963,51.0013],[-93.5078,50.9415],[-93.5017,50.8469],[-93.5065,50.7932],[-93.5222,50.7805],[-93.545,50.7719],[-93.575,50.7674],[-93.6034,50.7705],[-93.6302,50.7814],[-93.6487,50.7963],[-93.6588,50.8153],[-93.651,50.85],[-93.6255,50.9005],[-93.6404,50.9573],[-93.6959,51.0202],[-93.7116,51.0831]],[[-93.6953,51.0799],[-93.6747,51.1365],[-93.6508,51.1774],[-93.6236,51.2028],[-93.6,51.2177],[-93.58,51.2221],[-93.535,51.2183],[-93.465,51.2065],[-93.3708,51.2386],[-93.2523,51.3145],[-93.1473,51.3745],[-93.0558,51.4187],[-92.995,51.4424],[-92.965,51.4456],[-92.9394,51.4422],[-92.9182,51.4323],[-92.8985,51.4149],[-92.8804,51.3899],[-92.8723,51.3462],[-92.8742,51.2837],[-92.8834,51.2399],[-92.9,51.2148],[-92.9304,51.1866],[-92.9746,51.1553],[-93.0078,51.1082],[-93.0298,51.0454],[-93.0532,51.0011],[-93.0777,50.9755],[-93.105,50.9598],[-93.135,50.954],[-93.185,50.9548],[-93.255,50.9621],[-93.3,50.9715],[-93.32,50.9829],[-93.34,51.0037],[-93.36,51.0336],[-93.3903,51.0493],[-93.431,51.0509],[-93.466,51.0437],[-93.4953,51.0278],[-93.5143,51.0121],[-93.523,50.9965],[-93.525,50.9415],[-93.5204,50.8469],[-93.536,50.7938],[-93.572,50.7824],[-93.6,50.7811],[-93.62,50.7899],[-93.634,50.8019],[-93.6419,50.8172],[-93.6335,50.8532],[-93.6088,50.91],[-93.6237,50.9667],[-93.6783,51.0234],[-93.6953,51.0799]]]}},{"type":"Feature","properties":{"c":"#fed976","v0":10.0,"v1":20.0},"geometry":{"type":"Polygon","coordinates":[[[-92.6803,51.0838],[-92.6334,51.1229],[-92.58,51.1463],[-92.52,51.154],[-92.46,51.1767],[-92.4,51.2144],[-92.355,51.2348],[-92.325,51.2379],[-92.3032,51.2364],[-92.2895,51.2304],[-92.2894,51.1992],[-92.303,51.1427],[-92.2937,51.0925],[-92.2616,51.0485],[-92.2566,51.0159],[-92.2789,50.9947],[-92.305,50.9888],[-92.335,50.9983],[-92.3535,51.0215],[-92.3606,51.0584],[-92.3706,51.0825],[-92.3835,51.0939],[-92.405,51.0984],[-92.435,51.0962],[-92.5,51.0764],[-92.6,51.0389],[-92.66,51.0232],[-92.68,51.0291],[-92.6934,51.0401],[-92.7003,51.0562],[-92.6803,51.0838]]]}},{"type":"Feature","properties":{"c":"#fed976","v0":10.0,"v1":20.0},"geometry":{"type":"Polygon","coordinates":[[[-94.4975,50.1279],[-94.4748,50.1856],[-94.4451,50.2226],[-94.4084,50.2389],[-94.3529,50.2517],[-94.2788,50.2609],[-94.2088,50.2885],[-94.1429,50.3343],[-94.065,50.3694],[-93.975,50.3936],[-93.915,50.4015],[-93.885,50.3932],[-93.8575,50.3774],[-93.8325,50.3539],[-93.8194,50.3326],[-93.8182,50.3135],[-93.8287,50.2911],[-93.8508,50.2655],[-93.9039,50.2285],[-93.988,50.1798],[-94.0536,50.1478],[-94.1007,50.1324],[-94.133,50.1054],[-94.1505,50.0669],[-94.1719,50.0395],[-94.1973,50.0232],[-94.245,50.015],[-94.315,50.0148],[-94.385,50.0289],[-94.455,50.0572],[-94.4947,50.0783],[-94.5041,50.0921],[-94.4975,50.1279]],[[-94.4885,50.1215],[-94.4778,50.1663],[-94.4618,50.1965],[-94.4406,50.212],[-94.415,50.2253],[-94.385,50.2364],[-94.335,50.2463],[-94.265,50.255],[-94.205,50.2789],[-94.155,50.3178],[-94.09,50.3507],[-94.01,50.3777],[-93.955,50.3918],[-93.925,50.3933],[-93.8979,50.3875],[-93.8737,50.3743],[-93.8538,50.3549],[-93.838,50.3294],[-93.8388,50.3039],[-93.8562,50.2783],[-93.9062,50.2411],[-93.9887,50.1922],[-94.0585,50.157],[-94.1156,50.1354],[-94.1499,50.1086],[-94.1614,50.0766],[-94.1779,50.052],[-94.1993,50.035],[-94.24,50.0248],[-94.3,50.0216],[-94.365,50.0334],[-94.435,50.0602],[-94.476,50.08],[-94.4879,50.0927],[-94.4885,50.1215]]]}},{"type":"Feature","properties":{"c":"#fed976","v0":10.0,"v1":20.0},"geometry":{"type":"Polygon","coordinates":[[[-95.1713,50.083],[-95.1647,50.1022],[-95.1485,50.121],[-95.1228,50.1394],[-95.06,50.1647],[-94.96,50.1972],[-94.865,50.2141],[-94.775,50.2156],[-94.7168,50.2126],[-94.6904,50.2052],[-94.6708,50.1952],[-94.6581,50.1824],[-94.657,50.1567],[-94.6675,50.1183],[-94.6871,50.0908],[-94.7157,50.0743],[-94.7557,50.0615],[-94.8071,50.0523],[-94.8229,50.038],[-94.8029,50.0188],[-94.7914,49.9995],[-94.7884,49.9802],[-94.7921,49.9609],[-94.8025,49.9416],[-94.8183,49.926],[-94.8394,49.9141],[-94.875,49.909],[-94.925,49.9108],[-94.99,49.9302],[-95.07,49.9671],[-95.1235,49.9978],[-95.1504,50.0225],[-95.1665,50.0445],[-95.1719,50.0637],[-95.1713,50.083]],[[-95.1473,50.0894],[-95.121,50.1215],[-95.0584,50.1541],[-94.9595,50.1873],[-94.865,50.2047],[-94.775,50.2065],[-94.7142,50.1995],[-94.6827,50.1838],[-94.6668,50.1631],[-94.6666,50.1375],[-94.6773,50.1153],[-94.6991,50.0967],[-94.745,50.0803],[-94.815,50.0663],[-94.8377,50.0372],[-94.8131,49.9928],[-94.807,49.9609],[-94.8193,49.9416],[-94.8366,49.9275],[-94.8589,49.9185],[-94.89,49.9162],[-94.93,49.9207],[-94.9892,49.9413],[-95.0677,49.978],[-95.1203,50.0156],[-95.1471,50.0541],[-95.1473,50.0894]]]}},{"type":"Feature","properties":{"c":"#fed976","v0":10.0,"v1":20.0},"geometry":{"type":"Polygon","coordinates":[[[-94.0654,47.0192],[-94.0505,47.0805],[-94.0183,47.135],[-93.9688,47.1826],[-93.9255,47.2158],[-93.8885,47.2347],[-93.845,47.246],[-93.795,47.2497],[-93.75,47.2598],[-93.71,47.2766],[-93.655,47.2913],[-93.585,47.304],[-93.525,47.3051],[-93.475,47.2944],[-93.43,47.2897],[-93.39,47.2911],[-93.3559,47.2874],[-93.3276,47.2786],[-93.3026,47.2636],[-93.2809,47.2421],[-93.23,47.2362],[-93.15,47.2458],[-93.0982,47.2464],[-93.0746,47.2378],[-93.0583,47.2267],[-93.0493,47.2132],[-93.0493,47.186],[-93.0582,47.1452],[-93.1145,47.0989],[-93.2182,47.0472],[-93.31,47.0232],[-93.39,47.0268],[-93.46,47.0364],[-93.52,47.052],[-93.5631,47.0352],[-93.5893,46.9859],[-93.6143,46.9524],[-93.6381,46.9347],[-93.68,46.9282],[-93.74,46.9331],[-93.79,46.9306],[-93.83,46.921],[-93.875,46.9161],[-93.925,46.916],[-93.97,46.9214],[-94.01,46.9321],[-94.0407,46.9502],[-94.0621,46.9758],[-94.0654,47.0192]],[[-94.0537,47.0158],[-94.0424,47.0703],[-94.01,47.1238],[-93.9567,47.1762],[-93.91,47.2115],[-93.87,47.2299],[-93.825,47.2399],[-93.775,47.2415],[-93.73,47.2517],[-93.69,47.2705],[-93.64,47.2849],[-93.58,47.2949],[-93.525,47.2949],[-93.475,47.2847],[-93.43,47.2803],[-93.39,47.2816],[-93.3559,47.2769],[-93.3277,47.2661],[-93.3027,47.2491],[-93.2809,47.2259],[-93.25,47.221],[-93.21,47.2344],[-93.175,47.2416],[-93.145,47.2423],[-93.119,47.2404],[-93.097,47.2358],[-93.0793,47.2267],[-93.0659,47.2132],[-93.0619,47.1887],[-93.0673,47.1533],[-93.12,47.11],[-93.22,47.0587],[-93.31,47.0341],[-93.39,47.0364],[-93.465,47.0471],[-93.535,47.0661],[-93.5769,47.0538],[-93.5907,47.0103],[-93.6157,46.9744],[-93.6519,46.9462],[-93.695,46.9354],[-93.745,46.9422],[-93.79,46.9406],[-93.83,46.9307],[-93.88,46.9263],[-93.94,46.9276],[-93.985,46.9337],[-94.015,46.9445],[-94.0373,46.9595],[-94.052,46.9789],[-94.0537,47.0158]]]}},{"type":"Feature","properties":{"c":"#fed976","v0":10.0,"v1":20.0},"geometry":{"type":"Polygon","coordinates":[[[-96.1198,46.2536],[-96.0958,46.295],[-96.0454,46.3286],[-95.9685,46.3543],[-95.87,46.3637],[-95.75,46.3567],[-95.6718,46.3439],[-95.6353,46.3251],[-95.6226,46.2916],[-95.6337,46.2432],[-95.6819,46.191],[-95.7673,46.1351],[-95.845,46.1069],[-95.915,46.1065],[-95.97,46.1115],[-96.01,46.1219],[-96.0482,46.1397],[-96.0845,46.1649],[-96.1099,46.1913],[-96.1245,46.219],[-96.1198,46.2536]],[[-96.106,46.2523],[-96.082,46.2913],[-96.03,46.3232],[-95.95,46.348],[-95.86,46.357],[-95.76,46.3501],[-95.6914,46.3389],[-95.6541,46.3235],[-95.6408,46.2916],[-95.6516,46.2432],[-95.6952,46.1935],[-95.7717,46.1426],[-95.845,46.1168],[-95.915,46.1162],[-95.965,46.1196],[-95.995,46.127],[-96.0286,46.1423],[-96.0659,46.1657],[-96.0929,46.1913],[-96.1096,46.219],[-96.106,46.2523]]]}},{"type":"Feature","properties":{"c":"#fed976","v0":10.0,"v1":20.0},"geometry":{"type":"Polygon","coordinates":[[[-98.088,45.0304],[-98.076,45.0594],[-98.05,45.0774],[-98.01,45.0844],[-97.945,45.0787],[-97.855,45.0603],[-97.7876,45.0352],[-97.7427,45.0035],[-97.6977,44.9824],[-97.6526,44.9719],[-97.605,44.9877],[-97.555,45.0298],[-97.505,45.0571],[-97.455,45.0696],[-97.41,45.0989],[-97.37,45.1451],[-97.33,45.1732],[-97.29,45.1833],[-97.23,45.1858],[-97.15,45.1809],[-97.0969,45.1696],[-97.0707,45.1519],[-97.0459,45.1254],[-97.0226,45.0901],[-97.0186,45.0265],[-97.0342,44.9345],[-97.0639,44.8725],[-97.108,44.8403],[-97.155,44.8159],[-97.205,44.7992],[-97.265,44.794],[-97.335,44.8002],[-97.4,44.7992],[-97.46,44.7909],[-97.54,44.7872],[-97.64,44.788],[-97.735,44.7969],[-97.825,44.814],[-97.904,44.8391],[-97.9721,44.872],[-98.0253,44.9098],[-98.0637,44.9522],[-98.0857,44.9841],[-98.0913,45.0053],[-98.088,45.0304]],[[-98.0723,45.0296],[-98.0574,45.057],[-98.035,45.0725],[-98.005,45.0762],[-97.95,45.0701],[-97.87,45.0543],[-97.7905,45.0246],[-97.7114,44.9811],[-97.6564,44.9592],[-97.6255,44.9589],[-97.59,44.9784],[-97.55,45.0179],[-97.5011,45.0463],[-97.4434,45.0637],[-97.3972,45.0936],[-97.3625,45.136],[-97.3264,45.1624],[-97.2888,45.173],[-97.23,45.1751],[-97.15,45.169],[-97.0888,45.1425],[-97.0463,45.0958],[-97.0312,45.03],[-97.0433,44.9452],[-97.0745,44.8837],[-97.1248,44.8458],[-97.17,44.8206],[-97.21,44.8079],[-97.265,44.8045],[-97.335,44.8102],[-97.395,44.8092],[-97.445,44.8015],[-97.5,44.8004],[-97.56,44.8059],[-97.615,44.806],[-97.665,44.8008],[-97.73,44.8059],[-97.81,44.8214],[-97.8885,44.8475],[-97.9654,44.8843],[-98.0228,44.931],[-98.0608,44.9876],[-98.0723,45.0296]]]}},{"type":"Feature","properties":{"c":"#fed976","v0":10.0,"v1":20.0},"geometry":{"type":"Polygon","coordinates":[[[-89.1257,44.4654],[-89.1111,44.5011],[-89.0753,44.5436],[-89.0184,44.5931],[-88.94,44.6233],[-88.84,44.6342],[-88.7664,44.6202],[-88.7193,44.5812],[-88.6929,44.526],[-88.6874,44.4547],[-88.6959,44.4085],[-88.7186,44.3874],[-88.77,44.3752],[-88.85,44.3719],[-88.93,44.3741],[-89.01,44.382],[-89.065,44.3913],[-89.095,44.402],[-89.1158,44.4174],[-89.1273,44.4375],[-89.1257,44.4654]],[[-89.1112,44.4654],[-89.0947,44.5011],[-89.0573,44.5423],[-88.9991,44.589],[-88.925,44.6163],[-88.835,44.6241],[-88.7681,44.6079],[-88.7244,44.5676],[-88.7016,44.5153],[-88.6998,44.4511],[-88.7117,44.4098],[-88.7372,44.3916],[-88.825,44.3858],[-88.975,44.3926],[-89.0638,44.4017],[-89.0914,44.4132],[-89.1088,44.4261],[-89.116,44.4404],[-89.1112,44.4654]]]}},{"type":"Feature","properties":{"c":"#fed976","v0":10.0,"v1":20.0},"geometry":{"type":"Polygon","coordinates":[[[-84.2286,44.2401],[-84.1932,44.3117],[-84.1641,44.3495],[-84.1414,44.3534],[-84.105,44.3512],[-84.055,44.3426],[-84.005,44.3497],[-83.955,44.3725],[-83.919,44.3783],[-83.8969,44.3673],[-83.8769,44.3475],[-83.8591,44.3189],[-83.8348,44.2974],[-83.804,44.2831],[-83.7766,44.258],[-83.7527,44.2222],[-83.7481,44.1981],[-83.7627,44.1859],[-83.785,44.1794],[-83.815,44.1786],[-83.85,44.1964],[-83.89,44.2326],[-83.919,44.214],[-83.9369,44.1406],[-83.9619,44.0976],[-83.994,44.0853],[-84.03,44.0848],[-84.07,44.0964],[-84.1,44.1173],[-84.12,44.1477],[-84.155,44.1627],[-84.205,44.1624],[-84.2341,44.1727],[-84.2422,44.1938],[-84.2286,44.2401]]]}},{"type":"Feature","properties":{"c":"#fed976","v0":10.0,"v1":20.0},"geometry":{"type":"Polygon","coordinates":[[[-88.7796,43.787],[-88.7654,43.8159],[-88.7362,43.8438],[-88.6921,43.8708],[-88.645,43.8843],[-88.595,43.8844],[-88.5467,43.8709],[-88.5002,43.8438],[-88.4763,43.8123],[-88.475,43.7762],[-88.4877,43.7401],[-88.5144,43.7039],[-88.487,43.6714],[-88.4057,43.6424],[-88.3471,43.5845],[-88.3112,43.4975],[-88.3104,43.414],[-88.3447,43.3341],[-88.3889,43.2782],[-88.443,43.2466],[-88.495,43.2309],[-88.545,43.2311],[-88.6073,43.2615],[-88.6819,43.322],[-88.7206,43.3741],[-88.7235,43.4177],[-88.7062,43.4612],[-88.6687,43.5048],[-88.6382,43.5555],[-88.6147,43.6135],[-88.6331,43.6533],[-88.6935,43.675],[-88.7394,43.7075],[-88.7709,43.7509],[-88.7796,43.787]],[[-88.7601,43.7889],[-88.74,43.8216],[-88.71,43.8474],[-88.67,43.8664],[-88.625,43.8732],[-88.575,43.868],[-88.5345,43.853],[-88.5036,43.8282],[-88.4908,43.7978],[-88.496,43.7617],[-88.5165,43.725],[-88.5522,43.6876],[-88.6,43.6718],[-88.66,43.6775],[-88.7054,43.6926],[-88.7361,43.717],[-88.7561,43.7401],[-88.7654,43.7617],[-88.7601,43.7889]],[[-88.7135,43.4068],[-88.7095,43.4286],[-88.6881,43.4626],[-88.6494,43.5089],[-88.615,43.5622],[-88.585,43.6226],[-88.55,43.6545],[-88.51,43.6578],[-88.4639,43.6516],[-88.4118,43.6359],[-88.3667,43.5845],[-88.3287,43.4975],[-88.3218,43.4213],[-88.3459,43.3559],[-88.3685,43.3122],[-88.3896,43.2904],[-88.4226,43.269],[-88.4675,43.2481],[-88.51,43.2394],[-88.55,43.243],[-88.5997,43.268],[-88.6592,43.3145],[-88.6956,43.3522],[-88.7088,43.3813],[-88.7135,43.4068]]]}},{"type":"Feature","properties":{"c":"#fed976","v0":10.0,"v1":20.0},"geometry":{"type":"Polygon","coordinates":[[[-111.3616,43.3195],[-111.3531,43.3413],[-111.3391,43.358],[-111.3197,43.3694],[-111.275,43.3785],[-111.205,43.3853],[-111.15,43.4051],[-111.11,43.4377],[-111.065,43.4592],[-111.015,43.4698],[-110.9737,43.5133],[-110.9411,43.5898],[-110.9011,43.6432],[-110.8537,43.6737],[-110.795,43.6908],[-110.725,43.6947],[-110.655,43.6886],[-110.585,43.6725],[-110.508,43.6409],[-110.424,43.5937],[-110.3814,43.5519],[-110.3801,43.5157],[-110.3921,43.4866],[-110.4174,43.4649],[-110.455,43.4499],[-110.505,43.4418],[-110.555,43.4253],[-110.605,43.4006],[-110.66,43.3839],[-110.72,43.3752],[-110.79,43.3805],[-110.87,43.3998],[-110.9335,43.377],[-110.9805,43.312],[-111.0605,43.2523],[-111.1735,43.1978],[-111.2501,43.1759],[-111.2903,43.1867],[-111.3243,43.2212],[-111.352,43.2795],[-111.3616,43.3195]],[[-111.3386,43.3215],[-111.3195,43.3474],[-111.275,43.3635],[-111.205,43.3698],[-111.1497,43.3896],[-111.1092,43.4228],[-111.0592,43.4467],[-110.9997,43.4612],[-110.9536,43.5084],[-110.9209,43.5881],[-110.8809,43.6411],[-110.8336,43.6675],[-110.78,43.6814],[-110.72,43.6828],[-110.655,43.6753],[-110.585,43.6588],[-110.5112,43.6268],[-110.4335,43.5793],[-110.3957,43.541],[-110.3978,43.512],[-110.4067,43.4904],[-110.4222,43.4762],[-110.46,43.4631],[-110.52,43.4512],[-110.57,43.4345],[-110.61,43.413],[-110.665,43.3978],[-110.735,43.3888],[-110.795,43.3936],[-110.845,43.4123],[-110.885,43.421],[-110.915,43.4195],[-110.95,43.3876],[-110.99,43.325],[-111.065,43.2665],[-111.175,43.212],[-111.2484,43.1902],[-111.2853,43.2012],[-111.3148,43.2321],[-111.337,43.2831],[-111.3386,43.3215]]]}},{"type":"Feature","properties":{"c":"#fed976","v0":10.0,"v1":20.0},"geometry":{"type":"Polygon","coordinates":[[[-112.3816,43.1264],[-112.3587,43.1702],[-112.313,43.2085],[-112.2443,43.2414],[-112.185,43.2572],[-112.135,43.2561],[-112.075,43.2625],[-112.005,43.2766],[-111.955,43.2809],[-111.925,43.2755],[-111.9003,43.2635],[-111.881,43.245],[-111.8701,43.2176],[-111.8676,43.1811],[-111.8729,43.1519],[-111.8862,43.13],[-111.9287,43.1081],[-112.0005,43.0862],[-112.0698,43.0536],[-112.1366,43.0102],[-112.19,42.9875],[-112.23,42.9858],[-112.27,42.9918],[-112.31,43.0056],[-112.3435,43.0245],[-112.3705,43.0486],[-112.3862,43.0716],[-112.3908,43.0935],[-112.3816,43.1264]],[[-112.3706,43.1227],[-112.3533,43.1592],[-112.316,43.1934],[-112.2587,43.2254],[-112.2,43.2421],[-112.14,43.2438],[-112.075,43.2518],[-112.005,43.2661],[-111.955,43.2698],[-111.925,43.2628],[-111.9041,43.2534],[-111.8922,43.2417],[-111.8847,43.2176],[-111.8818,43.1811],[-111.8877,43.1524],[-111.9026,43.1314],[-111.9484,43.1095],[-112.0251,43.0867],[-112.0901,43.0562],[-112.1434,43.0181],[-112.19,42.9981],[-112.23,42.9961],[-112.265,43.0001],[-112.295,43.0102],[-112.3216,43.0229],[-112.3448,43.0383],[-112.3621,43.0607],[-112.3736,43.0899],[-112.3706,43.1227]]]}},{"type":"Feature","properties":{"c":"#fed976","v0":10.0,"v1":20.0},"geometry":{"type":"Polygon","coordinates":[[[-87.2397,42.8117],[-87.2251,42.8411],[-87.1858,42.8884],[-87.1219,42.9538],[-87.075,42.9881],[-87.045,42.9915],[-87.0154,42.9845],[-86.9863,42.967],[-86.9538,42.9327],[-86.9179,42.8814],[-86.8942,42.8337],[-86.8825,42.7897],[-86.8945,42.7457],[-86.9303,42.7016],[-86.9294,42.6464],[-86.8918,42.5802],[-86.8873,42.524],[-86.9158,42.4777],[-86.955,42.4533],[-87.005,42.4505],[-87.0684,42.4737],[-87.1451,42.5226],[-87.1994,42.6096],[-87.2311,42.7346],[-87.2397,42.8117]],[[-87.1943,42.8411],[-87.1215,42.929],[-87.0713,42.9747],[-87.0438,42.9783],[-87.0168,42.971],[-86.9904,42.9528],[-86.9623,42.9217],[-86.9323,42.8777],[-86.9114,42.8337],[-86.8996,42.7897],[-86.9114,42.7457],[-86.9468,42.7016],[-86.9457,42.6464],[-86.9081,42.5802],[-86.8995,42.5277],[-86.9198,42.4891],[-86.955,42.4682],[-87.005,42.4651],[-87.0636,42.4845],[-87.1308,42.5262],[-87.181,42.6096],[-87.2141,42.7346],[-87.1943,42.8411]]]}},{"type":"Feature","properties":{"c":"#fed976","v0":10.0,"v1":20.0},"geometry":{"type":"Polygon","coordinates":[[[-101.735,42.8406],[-101.7183,42.869],[-101.67,42.9017],[-101.59,42.9388],[-101.535,42.9593],[-101.505,42.9631],[-101.4487,42.9414],[-101.366,42.8941],[-101.3077,42.8447],[-101.2739,42.7934],[-101.2752,42.7434],[-101.3117,42.6948],[-101.35,42.6666],[-101.39,42.6588],[-101.43,42.6624],[-101.47,42.6775],[-101.505,42.6979],[-101.535,42.7234],[-101.585,42.7374],[-101.655,42.7399],[-101.7033,42.7625],[-101.73,42.8051],[-101.735,42.8406]],[[-101.7189,42.8374],[-101.7074,42.8594],[-101.6588,42.8902],[-101.5729,42.9299],[-101.52,42.95],[-101.5,42.9506],[-101.4503,42.9272],[-101.371,42.8796],[-101.3175,42.8337],[-101.2897,42.7897],[-101.2931,42.7457],[-101.3275,42.7016],[-101.361,42.6768],[-101.3937,42.6714],[-101.445,42.6892],[-101.515,42.7303],[-101.582,42.7513],[-101.6459,42.7525],[-101.6895,42.7714],[-101.7129,42.8081],[-101.7189,42.8374]]]}},{"type":"Feature","properties":{"c":"#fed976","v0":10.0,"v1":20.0},"geometry":{"type":"Polygon","coordinates":[[[-89.5211,42.4733],[-89.5091,42.5028],[-89.4798,42.5344],[-89.4333,42.5679],[-89.4046,42.6011],[-89.3939,42.6338],[-89.3952,42.6685],[-89.4086,42.7053],[-89.399,42.7389],[-89.3663,42.7695],[-89.34,42.7894],[-89.32,42.7984],[-89.295,42.801],[-89.265,42.7972],[-89.205,42.8101],[-89.115,42.8398],[-89.055,42.8514],[-89.025,42.8448],[-89.0066,42.8268],[-88.9998,42.7972],[-89.008,42.7677],[-89.0313,42.7383],[-89.0843,42.7016],[-89.1669,42.6575],[-89.2131,42.6023],[-89.2228,42.536],[-89.2212,42.4881],[-89.2084,42.4586],[-89.2062,42.4364],[-89.2149,42.4217],[-89.2369,42.4113],[-89.2723,42.4054],[-89.305,42.3886],[-89.335,42.361],[-89.365,42.3467],[-89.395,42.3457],[-89.4317,42.3588],[-89.475,42.3859],[-89.5043,42.4143],[-89.5195,42.4438],[-89.5211,42.4733]],[[-89.5036,42.4733],[-89.4898,42.5028],[-89.4597,42.5354],[-89.4132,42.5711],[-89.3855,42.6042],[-89.3766,42.6348],[-89.3785,42.6648],[-89.3912,42.6942],[-89.3807,42.7269],[-89.3469,42.763],[-89.32,42.7821],[-89.3,42.7844],[-89.28,42.7777],[-89.26,42.762],[-89.24,42.766],[-89.22,42.7896],[-89.165,42.8103],[-89.075,42.8283],[-89.0261,42.8235],[-89.0182,42.7961],[-89.0265,42.7677],[-89.051,42.7383],[-89.1024,42.7053],[-89.1808,42.6685],[-89.226,42.6133],[-89.2379,42.5397],[-89.2404,42.4842],[-89.2335,42.4469],[-89.245,42.4269],[-89.275,42.4243],[-89.305,42.4079],[-89.335,42.3775],[-89.36,42.3607],[-89.38,42.3572],[-89.41,42.365],[-89.45,42.3841],[-89.4801,42.4099],[-89.5004,42.4423],[-89.5036,42.4733]]]}},{"type":"Feature","properties":{"c":"#fed976","v0":10.0,"v1":20.0},"geometry":{"type":"Polygon","coordinates":[[[-103.498,42.4364],[-103.4678,42.4807],[-103.432,42.5056],[-103.3907,42.5112],[-103.355,42.5313],[-103.325,42.566],[-103.27,42.5948],[-103.19,42.6179],[-103.138,42.653],[-103.1139,42.7001],[-103.0689,42.7446],[-103.003,42.7865],[-102.935,42.8083],[-102.865,42.8101],[-102.8111,42.7965],[-102.7732,42.7675],[-102.7424,42.7273],[-102.7187,42.6759],[-102.7176,42.6286],[-102.7392,42.5857],[-102.77,42.5536],[-102.81,42.5325],[-102.865,42.5175],[-102.935,42.5088],[-103.005,42.4731],[-103.075,42.4104],[-103.1371,42.3731],[-103.1914,42.3612],[-103.2364,42.338],[-103.2721,42.3036],[-103.31,42.284],[-103.35,42.2793],[-103.385,42.2819],[-103.415,42.2917],[-103.4508,42.3261],[-103.4923,42.3849],[-103.498,42.4364]],[[-103.4872,42.4334],[-103.4624,42.4716],[-103.4281,42.4937],[-103.3843,42.4998],[-103.3458,42.5213],[-103.3126,42.5581],[-103.2562,42.5876],[-103.1765,42.6096],[-103.1273,42.6428],[-103.1087,42.6869],[-103.067,42.7305],[-103.0023,42.7737],[-102.935,42.7965],[-102.865,42.7989],[-102.8121,42.7847],[-102.7762,42.7538],[-102.7488,42.7163],[-102.7298,42.6722],[-102.7287,42.6317],[-102.7456,42.5949],[-102.778,42.5641],[-102.826,42.5393],[-102.885,42.522],[-102.955,42.5123],[-102.9978,42.4953],[-103.0135,42.4708],[-103.0435,42.4427],[-103.0878,42.4108],[-103.14,42.3869],[-103.2,42.3711],[-103.245,42.3472],[-103.275,42.3152],[-103.305,42.296],[-103.335,42.2896],[-103.365,42.2893],[-103.395,42.2953],[-103.4229,42.3088],[-103.4488,42.3299],[-103.4713,42.3589],[-103.4902,42.3958],[-103.4872,42.4334]]]}},{"type":"Feature","properties":{"c":"#fed976","v0":10.0,"v1":20.0},"geometry":{"type":"Polygon","coordinates":[[[-111.1289,42.222],[-111.1077,42.2516],[-111.0802,42.2775],[-111.0464,42.2997],[-111.04,42.3367],[-111.0608,42.3884],[-111.0559,42.4328],[-111.0253,42.4699],[-110.99,42.4921],[-110.95,42.4993],[-110.905,42.4962],[-110.855,42.4828],[-110.815,42.4856],[-110.785,42.5048],[-110.75,42.516],[-110.71,42.5191],[-110.675,42.5191],[-110.645,42.516],[-110.62,42.5078],[-110.5999,42.4947],[-110.5842,42.4733],[-110.5729,42.4438],[-110.5742,42.4143],[-110.588,42.3848],[-110.6087,42.3631],[-110.6362,42.3493],[-110.675,42.3406],[-110.725,42.3371],[-110.7677,42.3144],[-110.803,42.2726],[-110.8454,42.2479],[-110.8946,42.2405],[-110.937,42.2116],[-110.9723,42.1611],[-111.005,42.1333],[-111.035,42.1283],[-111.06,42.1288],[-111.08,42.135],[-111.1024,42.1553],[-111.1272,42.1899],[-111.1289,42.222]],[[-111.1158,42.2183],[-111.1014,42.2405],[-111.0729,42.2664],[-111.0302,42.296],[-111.0213,42.333],[-111.0462,42.3774],[-111.0464,42.4185],[-111.0221,42.4566],[-110.99,42.4799],[-110.95,42.4885],[-110.905,42.4849],[-110.855,42.4693],[-110.805,42.4735],[-110.755,42.4975],[-110.71,42.5089],[-110.67,42.5078],[-110.6395,42.5025],[-110.6186,42.4929],[-110.6014,42.4733],[-110.5881,42.4438],[-110.5886,42.4154],[-110.6029,42.388],[-110.625,42.3682],[-110.655,42.356],[-110.695,42.348],[-110.745,42.3442],[-110.785,42.3219],[-110.815,42.2811],[-110.855,42.2583],[-110.905,42.2536],[-110.945,42.2258],[-110.975,42.1749],[-111.01,42.1477],[-111.05,42.1442],[-111.0833,42.1587],[-111.1098,42.191],[-111.1158,42.2183]]]}},{"type":"Feature","properties":{"c":"#fed976","v0":10.0,"v1":20.0},"geometry":{"type":"Polygon","coordinates":[[[-105.4452,42.3995],[-105.4294,42.4291],[-105.4086,42.4502],[-105.3829,42.4631],[-105.305,42.4626],[-105.175,42.4488],[-105.0985,42.4276],[-105.0756,42.399],[-105.0658,42.3663],[-105.069,42.3293],[-105.0505,42.3033],[-105.0102,42.2882],[-104.976,42.266],[-104.9481,42.2367],[-104.9348,42.1998],[-104.9362,42.1553],[-104.9602,42.123],[-105.0067,42.1028],[-105.07,42.1014],[-105.15,42.1187],[-105.1992,42.14],[-105.2175,42.165],[-105.23,42.1961],[-105.2366,42.2331],[-105.2816,42.2664],[-105.365,42.296],[-105.4183,42.3293],[-105.4415,42.3663],[-105.4452,42.3995]],[[-105.4322,42.3979],[-105.4174,42.4242],[-105.395,42.4435],[-105.365,42.4559],[-105.2903,42.4538],[-105.171,42.4373],[-105.1031,42.418],[-105.0864,42.3958],[-105.0806,42.3663],[-105.0856,42.3293],[-105.0636,42.2999],[-105.0145,42.2781],[-104.9779,42.2522],[-104.9538,42.2222],[-104.9449,42.1887],[-104.9513,42.1516],[-104.9733,42.1259],[-105.0111,42.1115],[-105.065,42.1109],[-105.135,42.1241],[-105.1821,42.1462],[-105.2064,42.177],[-105.2215,42.2109],[-105.2273,42.2479],[-105.2702,42.2783],[-105.3501,42.302],[-105.4024,42.3316],[-105.4272,42.367],[-105.4322,42.3979]]]}},{"type":"Feature","properties":{"c":"#fed976","v0":10.0,"v1":20.0},"geometry":{"type":"Polygon","coordinates":[[[-116.0825,41.9065],[-116.0714,41.9288],[-116.0494,41.9474],[-116.0163,41.9623],[-116.0048,41.9995],[-116.0148,42.0589],[-116.0019,42.1368],[-115.9659,42.2331],[-115.9284,42.3102],[-115.8895,42.3682],[-115.84,42.4021],[-115.78,42.4122],[-115.74,42.4127],[-115.72,42.4036],[-115.7,42.3839],[-115.68,42.3535],[-115.645,42.3313],[-115.595,42.3174],[-115.535,42.3152],[-115.465,42.3247],[-115.4123,42.3212],[-115.3768,42.3044],[-115.3449,42.2738],[-115.3166,42.2294],[-115.3085,42.1739],[-115.3205,42.1071],[-115.3424,42.0653],[-115.3741,42.0486],[-115.4354,42.0412],[-115.5262,42.0431],[-115.545,42.018],[-115.4916,41.966],[-115.467,41.9288],[-115.4711,41.9065],[-115.4823,41.8875],[-115.5008,41.8719],[-115.52,41.8618],[-115.54,41.8572],[-115.575,41.8655],[-115.625,41.8868],[-115.7,41.904],[-115.8,41.9172],[-115.8577,41.9204],[-115.8731,41.9136],[-115.8931,41.8917],[-115.9177,41.8547],[-115.95,41.8315],[-115.99,41.8223],[-116.025,41.8251],[-116.055,41.8399],[-116.0745,41.8593],[-116.0835,41.8833],[-116.0825,41.9065]],[[-116.0608,41.903],[-116.0536,41.9184],[-116.028,41.937],[-115.9839,41.9588],[-115.9705,41.9846],[-115.9876,42.0143],[-115.9962,42.044],[-115.9963,42.0737],[-115.9798,42.1331],[-115.947,42.222],[-115.9182,42.2775],[-115.8935,42.2997],[-115.8811,42.3219],[-115.8812,42.3441],[-115.8734,42.3632],[-115.8578,42.3793],[-115.825,42.3903],[-115.775,42.3963],[-115.735,42.3805],[-115.705,42.343],[-115.67,42.3195],[-115.63,42.31],[-115.6,42.2968],[-115.58,42.2796],[-115.545,42.282],[-115.495,42.3038],[-115.455,42.3127],[-115.425,42.3088],[-115.4006,42.3004],[-115.3817,42.2876],[-115.3605,42.2627],[-115.3369,42.2257],[-115.3314,42.175],[-115.3438,42.1106],[-115.365,42.0726],[-115.395,42.0612],[-115.445,42.0589],[-115.515,42.0658],[-115.5635,42.0667],[-115.5905,42.0615],[-115.603,42.0515],[-115.6011,42.0366],[-115.5727,42.0079],[-115.5176,41.9652],[-115.49,41.9355],[-115.4901,41.9186],[-115.4981,41.9028],[-115.5142,41.8879],[-115.6042,41.8958],[-115.7681,41.9267],[-115.8616,41.9378],[-115.8848,41.9293],[-115.9081,41.9065],[-115.9317,41.8693],[-115.9601,41.8468],[-115.9934,41.839],[-116.02,41.8403],[-116.04,41.8506],[-116.0536,41.8656],[-116.0608,41.8854],[-116.0608,41.903]]]}},{"type":"Feature","properties":{"c":"#fed976","v0":10.0,"v1":20.0},"geometry":{"type":"Polygon","coordinates":[[[-90.4312,42.2331],[-90.4233,42.2553],[-90.402,42.2765],[-90.3673,42.2966],[-90.285,42.319],[-90.155,42.3434],[-90.06,42.3506],[-90.0,42.3405],[-89.9585,42.3219],[-89.9355,42.2948],[-89.924,42.2627],[-89.924,42.2257],[-89.9315,42.1961],[-89.9465,42.1739],[-89.988,42.1563],[-90.056,42.1434],[-90.12,42.1237],[-90.18,42.0973],[-90.24,42.0827],[-90.3,42.0799],[-90.345,42.0833],[-90.375,42.0929],[-90.4013,42.1288],[-90.4239,42.191],[-90.4312,42.2331]],[[-90.4161,42.2331],[-90.4056,42.2553],[-90.3828,42.2754],[-90.3476,42.2934],[-90.27,42.3133],[-90.15,42.3352],[-90.065,42.3425],[-90.015,42.3352],[-89.977,42.319],[-89.9511,42.2938],[-89.9381,42.2627],[-89.9381,42.2257],[-89.9461,42.197],[-89.962,42.1765],[-90.0007,42.1617],[-90.0622,42.1525],[-90.1222,42.1346],[-90.1807,42.1078],[-90.2514,42.0967],[-90.3342,42.1012],[-90.387,42.1331],[-90.4099,42.1924],[-90.4161,42.2331]]]}},{"type":"Feature","properties":{"c":"#fed976","v0":10.0,"v1":20.0},"geometry":{"type":"Polygon","coordinates":[[[-110.3544,42.07],[-110.3351,42.1813],[-110.3144,42.2516],[-110.292,42.2812],[-110.2632,42.3044],[-110.2277,42.3212],[-110.195,42.3302],[-110.165,42.3314],[-110.1399,42.3267],[-110.1198,42.3161],[-110.0902,42.2812],[-110.051,42.222],[-110.0111,42.194],[-109.9704,42.1971],[-109.9368,42.1897],[-109.9103,42.1717],[-109.8935,42.1368],[-109.8865,42.0849],[-109.8887,42.0477],[-109.9002,42.0255],[-109.9219,42.0122],[-109.954,42.008],[-109.9942,42.0192],[-110.0426,42.0457],[-110.0764,42.0366],[-110.0955,41.992],[-110.1263,41.9571],[-110.1688,41.9318],[-110.225,41.9225],[-110.295,41.9294],[-110.3367,41.9383],[-110.3502,41.9493],[-110.3587,41.9697],[-110.3622,41.9995],[-110.3544,42.07]],[[-110.3407,42.0663],[-110.3254,42.1702],[-110.308,42.2368],[-110.2884,42.2664],[-110.2615,42.2905],[-110.2272,42.3091],[-110.195,42.3188],[-110.165,42.3195],[-110.1398,42.3139],[-110.1194,42.302],[-110.0944,42.2663],[-110.0648,42.2067],[-110.025,42.1793],[-109.975,42.184],[-109.9385,42.1767],[-109.9154,42.1575],[-109.9055,42.1183],[-109.9086,42.0589],[-109.9252,42.0266],[-109.9551,42.0213],[-109.995,42.0365],[-110.045,42.072],[-110.0831,42.0597],[-110.1092,41.9997],[-110.1392,41.9603],[-110.1731,41.9415],[-110.225,41.936],[-110.295,41.9439],[-110.3346,41.9645],[-110.3438,41.9977],[-110.3407,42.0663]]]}},{"type":"Feature","properties":{"c":"#fed976","v0":10.0,"v1":20.0},"geometry":{"type":"Polygon","coordinates":[[[-91.1633,42.0217],[-91.1395,42.0663],[-91.0732,42.1159],[-90.9644,42.1704],[-90.88,42.1949],[-90.82,42.1893],[-90.7613,42.1621],[-90.7039,42.1131],[-90.6804,42.0626],[-90.6909,42.0106],[-90.7146,41.9726],[-90.7515,41.9487],[-90.85,41.9277],[-91.01,41.9096],[-91.1058,41.9104],[-91.1375,41.9301],[-91.1588,41.9548],[-91.1697,41.9846],[-91.1633,42.0217]],[[-91.1483,42.0214],[-91.1228,42.0652],[-91.08,42.0978],[-91.02,42.119],[-90.97,42.1437],[-90.93,42.172],[-90.88,42.183],[-90.82,42.1768],[-90.7655,42.1524],[-90.7166,42.1099],[-90.6973,42.0626],[-90.7075,42.0106],[-90.727,41.9754],[-90.7557,41.9569],[-90.8,41.9467],[-90.86,41.9447],[-90.935,41.935],[-91.025,41.9176],[-91.0866,41.9166],[-91.1197,41.9322],[-91.1425,41.9548],[-91.1549,41.9846],[-91.1483,42.0214]]]}},{"type":"Feature","properties":{"c":"#fed976","v0":10.0,"v1":20.0},"geometry":{"type":"Polygon","coordinates":[[[-111.5375,41.7724],[-111.5257,41.7947],[-111.4818,41.832],[-111.406,41.8842],[-111.3514,41.9288],[-111.318,41.966],[-111.2685,41.9929],[-111.2028,42.0095],[-111.1522,42.0021],[-111.1167,41.9706],[-111.0657,41.9362],[-110.9991,41.899],[-110.9619,41.8593],[-110.954,41.8169],[-110.9305,41.7722],[-110.8915,41.725],[-110.8796,41.6716],[-110.895,41.6118],[-110.8945,41.5812],[-110.8782,41.5797],[-110.845,41.6048],[-110.795,41.6564],[-110.7462,41.6758],[-110.6986,41.663],[-110.6707,41.6454],[-110.6625,41.623],[-110.6649,41.5856],[-110.6778,41.5333],[-110.7098,41.4958],[-110.7609,41.4733],[-110.8023,41.4463],[-110.8341,41.4148],[-110.905,41.3992],[-111.015,41.3995],[-111.0777,41.4116],[-111.093,41.4353],[-111.0811,41.4621],[-111.0421,41.4921],[-111.0344,41.5216],[-111.0581,41.5507],[-111.09,41.5724],[-111.13,41.5867],[-111.175,41.6146],[-111.225,41.6561],[-111.275,41.6675],[-111.325,41.6489],[-111.36,41.641],[-111.38,41.6435],[-111.4211,41.659],[-111.4833,41.6873],[-111.5217,41.7164],[-111.5362,41.7463],[-111.5375,41.7724]],[[-111.5207,41.7686],[-111.5142,41.7836],[-111.4707,41.8194],[-111.3902,41.8762],[-111.335,41.9217],[-111.305,41.956],[-111.26,41.9797],[-111.2,41.9929],[-111.1223,41.9661],[-111.0269,41.8991],[-110.9765,41.8469],[-110.9712,41.8097],[-110.9494,41.7686],[-110.9112,41.7239],[-110.9007,41.6679],[-110.9178,41.6006],[-110.9084,41.5669],[-110.8724,41.5669],[-110.8383,41.5884],[-110.8061,41.6312],[-110.775,41.6561],[-110.745,41.6631],[-110.7172,41.6566],[-110.6916,41.6367],[-110.6837,41.6006],[-110.6937,41.5482],[-110.7226,41.5108],[-110.7704,41.4883],[-110.8132,41.4601],[-110.8511,41.4261],[-110.915,41.4095],[-111.005,41.4104],[-111.0552,41.4199],[-111.0657,41.438],[-111.0565,41.4546],[-111.0276,41.4696],[-111.0102,41.4883],[-111.0041,41.5108],[-111.0171,41.537],[-111.0492,41.5669],[-111.0854,41.5894],[-111.1256,41.6043],[-111.1718,41.6327],[-111.2239,41.6743],[-111.275,41.6852],[-111.325,41.6652],[-111.36,41.6569],[-111.38,41.6601],[-111.4192,41.6754],[-111.4776,41.7027],[-111.5111,41.7276],[-111.5197,41.75],[-111.5207,41.7686]]]}},{"type":"Feature","properties":{"c":"#fed976","v0":10.0,"v1":20.0},"geometry":{"type":"Polygon","coordinates":[[[-89.5791,41.5007],[-89.5597,41.5478],[-89.535,41.5789],[-89.505,41.5941],[-89.47,41.601],[-89.43,41.5996],[-89.4,41.6197],[-89.38,41.6615],[-89.355,41.6863],[-89.325,41.6942],[-89.2959,41.6878],[-89.2676,41.667],[-89.2549,41.6417],[-89.2578,41.6118],[-89.267,41.5894],[-89.2823,41.5744],[-89.275,41.5584],[-89.245,41.5414],[-89.2234,41.534],[-89.2102,41.536],[-89.1985,41.5557],[-89.1882,41.5931],[-89.1648,41.6204],[-89.1283,41.6375],[-89.09,41.6439],[-89.05,41.6395],[-88.995,41.6235],[-88.925,41.5957],[-88.8615,41.5556],[-88.8046,41.5033],[-88.7731,41.4508],[-88.767,41.3984],[-88.7805,41.3544],[-88.8135,41.3191],[-88.86,41.2975],[-88.92,41.2896],[-88.97,41.2956],[-89.01,41.3153],[-89.065,41.3546],[-89.135,41.4136],[-89.195,41.4111],[-89.245,41.3472],[-89.3,41.3118],[-89.36,41.3048],[-89.4254,41.319],[-89.4961,41.3544],[-89.5458,41.3984],[-89.5744,41.4508],[-89.5791,41.5007]],[[-89.5698,41.4921],[-89.5631,41.522],[-89.5473,41.5479],[-89.5224,41.5697],[-89.4729,41.5809],[-89.3988,41.5816],[-89.3635,41.6006],[-89.367,41.638],[-89.3541,41.6636],[-89.3247,41.6776],[-89.3028,41.6813],[-89.2883,41.6748],[-89.2778,41.6604],[-89.271,41.638],[-89.2836,41.6118],[-89.3156,41.5819],[-89.327,41.5632],[-89.3177,41.5557],[-89.2823,41.5404],[-89.2208,41.5172],[-89.1838,41.5322],[-89.1714,41.5853],[-89.1514,41.6178],[-89.1238,41.6296],[-89.095,41.6347],[-89.065,41.633],[-89.02,41.6218],[-88.96,41.601],[-88.9104,41.5772],[-88.8711,41.5504],[-88.8343,41.5183],[-88.8,41.4808],[-88.7817,41.4396],[-88.7792,41.3946],[-88.791,41.3576],[-88.817,41.3287],[-88.86,41.31],[-88.92,41.3018],[-88.975,41.3119],[-89.025,41.3406],[-89.08,41.3844],[-89.14,41.4434],[-89.195,41.4376],[-89.245,41.3669],[-89.295,41.3265],[-89.345,41.3164],[-89.405,41.3267],[-89.475,41.3573],[-89.5258,41.3988],[-89.5574,41.451],[-89.5698,41.4921]]]}},{"type":"Feature","properties":{"c":"#fed976","v0":10.0,"v1":20.0},"geometry":{"type":"Polygon","coordinates":[[[-110.0744,41.5501],[-110.0581,41.5763],[-110.04,41.591],[-110.02,41.5942],[-109.99,41.588],[-109.95,41.5723],[-109.9,41.5766],[-109.84,41.6009],[-109.79,41.6289],[-109.75,41.6605],[-109.7136,41.6714],[-109.6809,41.6616],[-109.6534,41.6342],[-109.6313,41.5894],[-109.6259,41.552],[-109.6374,41.522],[-109.6549,41.4983],[-109.6783,41.4807],[-109.75,41.4625],[-109.87,41.4435],[-109.955,41.4384],[-110.005,41.4472],[-110.0431,41.4729],[-110.0694,41.5156],[-110.0744,41.5501]],[[-110.028,41.5402],[-110.016,41.5466],[-110.0,41.5439],[-109.98,41.5321],[-109.955,41.5268],[-109.925,41.5279],[-109.86,41.5554],[-109.76,41.6092],[-109.6991,41.6188],[-109.6772,41.5842],[-109.6708,41.5557],[-109.6798,41.5333],[-109.6957,41.5149],[-109.7186,41.5006],[-109.78,41.4873],[-109.88,41.4749],[-109.9459,41.4708],[-109.9777,41.475],[-110.0038,41.4921],[-110.024,41.522],[-110.028,41.5402]]]}},{"type":"Feature","properties":{"c":"#fed976","v0":10.0,"v1":20.0},"geometry":{"type":"Polygon","coordinates":[[[-105.7878,40.948],[-105.7626,40.9734],[-105.73,40.9847],[-105.69,40.982],[-105.6628,41.0033],[-105.6485,41.0486],[-105.6207,41.0901],[-105.5793,41.1277],[-105.5595,41.1541],[-105.5612,41.1691],[-105.5864,41.1993],[-105.6353,41.2444],[-105.6587,41.2857],[-105.6568,41.3233],[-105.6394,41.3522],[-105.6065,41.3724],[-105.55,41.392],[-105.47,41.4111],[-105.415,41.4165],[-105.385,41.4081],[-105.355,41.3909],[-105.325,41.3648],[-105.27,41.3688],[-105.19,41.403],[-105.133,41.4118],[-105.0989,41.3953],[-105.0763,41.3646],[-105.0649,41.3195],[-105.0627,41.2895],[-105.0695,41.2745],[-105.118,41.2406],[-105.208,41.188],[-105.2335,41.1353],[-105.1946,41.0825],[-105.1238,41.0736],[-105.0213,41.1085],[-104.94,41.1155],[-104.88,41.0946],[-104.8417,41.0734],[-104.8251,41.0518],[-104.8179,41.026],[-104.8202,40.9958],[-104.8423,40.9505],[-104.8843,40.89],[-104.9165,40.8539],[-104.9388,40.8422],[-104.965,40.8412],[-104.995,40.8509],[-105.015,40.8684],[-105.025,40.8938],[-105.0581,40.9137],[-105.1143,40.9281],[-105.1543,40.9484],[-105.1781,40.9743],[-105.215,40.9762],[-105.265,40.9539],[-105.315,40.9552],[-105.365,40.9801],[-105.4185,40.9707],[-105.4755,40.927],[-105.4925,40.8862],[-105.4693,40.8484],[-105.4608,40.8207],[-105.4669,40.8032],[-105.48,40.7897],[-105.5,40.7801],[-105.525,40.7777],[-105.555,40.7823],[-105.615,40.8075],[-105.705,40.8532],[-105.7626,40.8909],[-105.7878,40.9205],[-105.7878,40.948]],[[-105.7729,40.944],[-105.7576,40.9614],[-105.7238,40.969],[-105.6713,40.9667],[-105.6417,40.9882],[-105.6348,41.0335],[-105.6081,41.0787],[-105.5615,41.124],[-105.5411,41.1571],[-105.547,41.1781],[-105.5725,41.2082],[-105.6176,41.2474],[-105.6376,41.2865],[-105.6325,41.3257],[-105.58,41.3604],[-105.48,41.3905],[-105.42,41.4038],[-105.4,41.4001],[-105.37,41.3826],[-105.33,41.3514],[-105.27,41.3528],[-105.19,41.3871],[-105.14,41.4016],[-105.12,41.3963],[-105.1033,41.3657],[-105.09,41.3099],[-105.1337,41.2519],[-105.2346,41.1917],[-105.2711,41.1503],[-105.2431,41.1277],[-105.2212,41.0938],[-105.2054,41.0486],[-105.2106,41.0122],[-105.2369,40.9846],[-105.26,40.9676],[-105.28,40.961],[-105.315,40.9714],[-105.365,40.9989],[-105.4227,40.9896],[-105.4882,40.9434],[-105.5101,40.8976],[-105.4882,40.8522],[-105.4807,40.8219],[-105.4874,40.8068],[-105.5105,40.7996],[-105.5502,40.8003],[-105.615,40.8237],[-105.705,40.8699],[-105.7576,40.9036],[-105.7729,40.9248],[-105.7729,40.944]],[[-105.1581,41.0222],[-105.1373,41.0448],[-105.0927,41.07],[-105.0242,41.0977],[-104.96,41.103],[-104.9,41.0861],[-104.8609,41.0647],[-104.8426,41.0389],[-104.8355,41.0146],[-104.8394,40.992],[-104.8686,40.9486],[-104.9229,40.8844],[-104.96,40.8546],[-104.98,40.8593],[-105.0,40.8779],[-105.02,40.9104],[-105.0566,40.9326],[-105.1099,40.9445],[-105.1445,40.9656],[-105.1605,40.9958],[-105.1581,41.0222]]]}},{"type":"Feature","properties":{"c":"#fed976","v0":10.0,"v1":20.0},"geometry":{"type":"Polygon","coordinates":[[[-98.5574,41.041],[-98.5465,41.0712],[-98.5283,41.0916],[-98.5028,41.1023],[-98.47,41.1037],[-98.43,41.0957],[-98.3953,41.0791],[-98.366,41.0537],[-98.3526,41.0184],[-98.355,40.9731],[-98.3431,40.9316],[-98.3167,40.8938],[-98.2979,40.8371],[-98.2865,40.7614],[-98.2814,40.7007],[-98.2825,40.6552],[-98.2885,40.6287],[-98.2992,40.6211],[-98.3199,40.6211],[-98.3508,40.6287],[-98.3774,40.6438],[-98.3998,40.6666],[-98.4264,40.7083],[-98.4573,40.7689],[-98.4766,40.8333],[-98.4844,40.9013],[-98.5069,40.958],[-98.5442,41.0033],[-98.5574,41.041]]]}},{"type":"Feature","properties":{"c":"#fed976","v0":10.0,"v1":20.0},"geometry":{"type":"Polygon","coordinates":[[[-112.2053,40.9731],[-112.2021,40.9882],[-112.1879,41.0055],[-112.1626,41.025],[-112.125,41.0374],[-112.075,41.0427],[-111.99,41.0192],[-111.87,40.9671],[-111.7962,40.9282],[-111.7685,40.9027],[-111.7483,40.8711],[-111.7353,40.8333],[-111.7447,40.7841],[-111.7764,40.7235],[-111.8167,40.6812],[-111.8656,40.6574],[-111.9188,40.6536],[-111.9763,40.6699],[-112.0343,40.7121],[-112.0927,40.7803],[-112.1431,40.8522],[-112.1856,40.9278],[-112.2053,40.9731]],[[-112.181,40.9796],[-112.1603,41.0076],[-112.12,41.0244],[-112.06,41.0299],[-111.975,41.0059],[-111.865,40.9525],[-111.7932,40.898],[-111.7595,40.8422],[-111.7598,40.7841],[-111.794,40.7235],[-111.8308,40.6839],[-111.8703,40.6653],[-111.915,40.6626],[-111.965,40.6758],[-112.0187,40.7154],[-112.076,40.7814],[-112.1264,40.8522],[-112.1697,40.9278],[-112.181,40.9796]]]}},{"type":"Feature","properties":{"c":"#fed976","v0":10.0,"v1":20.0},"geometry":{"type":"Polygon","coordinates":[[[-111.7302,40.9316],[-111.7232,40.9542],[-111.7123,40.9693],[-111.6974,40.9767],[-111.63,40.9878],[-111.51,41.0024],[-111.4069,40.9836],[-111.3206,40.9313],[-111.2767,40.8824],[-111.2752,40.8371],[-111.3133,40.7815],[-111.3911,40.7159],[-111.49,40.6745],[-111.61,40.6575],[-111.6811,40.6601],[-111.7034,40.6821],[-111.7063,40.7235],[-111.6898,40.7841],[-111.6946,40.8408],[-111.7206,40.8938],[-111.7302,40.9316]],[[-111.7106,40.9309],[-111.6969,40.9522],[-111.635,40.9729],[-111.525,40.9931],[-111.4264,40.9787],[-111.3391,40.9296],[-111.2921,40.8862],[-111.2856,40.8484],[-111.2937,40.8144],[-111.3167,40.7841],[-111.3536,40.7506],[-111.4045,40.7141],[-111.485,40.6858],[-111.595,40.6658],[-111.6625,40.6652],[-111.6876,40.6838],[-111.6916,40.7235],[-111.6746,40.7841],[-111.6789,40.8408],[-111.7046,40.8938],[-111.7106,40.9309]]]}},{"type":"Feature","properties":{"c":"#fed976","v0":10.0,"v1":20.0},"geometry":{"type":"Polygon","coordinates":[[[-106.1088,40.7812],[-106.0963,40.8056],[-106.07,40.8219],[-106.03,40.8299],[-105.975,40.822],[-105.905,40.7981],[-105.85,40.7683],[-105.81,40.7325],[-105.77,40.7214],[-105.73,40.7349],[-105.675,40.7396],[-105.605,40.7355],[-105.56,40.7221],[-105.54,40.6994],[-105.51,40.6795],[-105.47,40.6624],[-105.4431,40.6409],[-105.4293,40.615],[-105.3946,40.5869],[-105.3389,40.5565],[-105.3055,40.5185],[-105.2944,40.4729],[-105.3041,40.4451],[-105.3347,40.4351],[-105.385,40.4312],[-105.455,40.4333],[-105.5019,40.4421],[-105.5258,40.4576],[-105.5458,40.4867],[-105.5619,40.5296],[-105.615,40.5647],[-105.705,40.5923],[-105.765,40.6271],[-105.795,40.6693],[-105.83,40.6828],[-105.87,40.6677],[-105.91,40.6611],[-105.95,40.6632],[-105.9974,40.6753],[-106.0522,40.6973],[-106.0884,40.7235],[-106.1062,40.7538],[-106.1088,40.7812]],[[-106.0809,40.7801],[-106.0603,40.8023],[-106.03,40.8126],[-105.99,40.811],[-105.9419,40.7961],[-105.8858,40.7679],[-105.8535,40.7424],[-105.845,40.7197],[-105.8531,40.7009],[-105.8777,40.686],[-105.905,40.6785],[-105.935,40.6784],[-105.979,40.6897],[-106.0371,40.7122],[-106.0724,40.7348],[-106.085,40.7576],[-106.0809,40.7801]],[[-105.7671,40.6856],[-105.7582,40.7007],[-105.7428,40.7121],[-105.7211,40.7197],[-105.6801,40.7224],[-105.62,40.7203],[-105.58,40.708],[-105.56,40.6855],[-105.53,40.6662],[-105.49,40.6503],[-105.4634,40.6285],[-105.4503,40.6008],[-105.4153,40.5727],[-105.3584,40.5444],[-105.3253,40.514],[-105.3159,40.4815],[-105.3209,40.4611],[-105.3403,40.4527],[-105.385,40.4502],[-105.455,40.4536],[-105.4979,40.4616],[-105.5136,40.4742],[-105.5286,40.5012],[-105.5429,40.5425],[-105.595,40.5772],[-105.685,40.6052],[-105.7404,40.6339],[-105.7612,40.6633],[-105.7671,40.6856]]]}},{"type":"Feature","properties":{"c":"#fed976","v0":10.0,"v1":20.0},"geometry":{"type":"Polygon","coordinates":[[[-113.6321,40.0646],[-113.625,40.0876],[-113.6086,40.1082],[-113.5829,40.1265],[-113.54,40.1482],[-113.48,40.1734],[-113.435,40.1856],[-113.405,40.1847],[-113.3355,40.1592],[-113.2266,40.1089],[-113.1535,40.0455],[-113.1162,39.9689],[-113.1056,39.9211],[-113.1219,39.9021],[-113.15,39.8859],[-113.19,39.8725],[-113.255,39.8724],[-113.345,39.8857],[-113.42,39.8914],[-113.48,39.8897],[-113.5331,39.9031],[-113.5792,39.9316],[-113.6106,39.9727],[-113.6273,40.0264],[-113.6321,40.0646]],[[-113.6086,40.0705],[-113.5829,40.1051],[-113.53,40.1359],[-113.45,40.1629],[-113.3552,40.1532],[-113.2455,40.1069],[-113.1716,40.0455],[-113.1334,39.9689],[-113.1233,39.9216],[-113.1411,39.9036],[-113.165,39.8901],[-113.195,39.881],[-113.25,39.883],[-113.33,39.8961],[-113.4,39.9009],[-113.46,39.8975],[-113.5138,39.9083],[-113.5613,39.9334],[-113.5942,39.9727],[-113.6124,40.0264],[-113.6086,40.0705]]]}},{"type":"Feature","properties":{"c":"#fed976","v0":10.0,"v1":20.0},"geometry":{"type":"Polygon","coordinates":[[[-84.344,40.0703],[-84.3213,40.1046],[-84.26,40.1384],[-84.16,40.1718],[-84.085,40.1761],[-84.035,40.1515],[-83.975,40.132],[-83.905,40.1176],[-83.8582,40.0923],[-83.8345,40.056],[-83.8261,40.0264],[-83.8328,40.0034],[-83.8547,39.9774],[-83.8916,39.9484],[-83.935,39.9235],[-83.985,39.9027],[-84.04,39.8885],[-84.1,39.8811],[-84.1445,39.883],[-84.1736,39.8942],[-84.1986,39.9122],[-84.2195,39.9369],[-84.2548,39.9599],[-84.3043,39.9812],[-84.3357,40.0072],[-84.3488,40.0378],[-84.344,40.0703]],[[-84.3286,40.0695],[-84.3029,40.1023],[-84.245,40.1331],[-84.155,40.1619],[-84.0877,40.1647],[-84.0431,40.1413],[-83.9881,40.1242],[-83.9227,40.1132],[-83.8811,40.1017],[-83.8633,40.0897],[-83.85,40.0723],[-83.8412,40.0493],[-83.8409,40.0264],[-83.8489,40.0034],[-83.8722,39.9781],[-83.9107,39.9506],[-83.95,39.9287],[-83.99,39.9126],[-84.04,39.9009],[-84.1,39.8937],[-84.14,39.893],[-84.16,39.8988],[-84.1837,39.9166],[-84.2112,39.9463],[-84.2463,39.9689],[-84.2892,39.9842],[-84.3183,40.0072],[-84.3338,40.0378],[-84.3286,40.0695]]]}},{"type":"Feature","properties":{"c":"#fed976","v0":10.0,"v1":20.0},"geometry":{"type":"Polygon","coordinates":[[[-116.1114,39.9114],[-116.0975,39.9651],[-116.0804,40.0032],[-116.0601,40.0257],[-116.03,40.0424],[-115.99,40.053],[-115.955,40.0546],[-115.925,40.047],[-115.9,40.0258],[-115.88,39.9911],[-115.845,39.9728],[-115.795,39.9711],[-115.756,39.9603],[-115.728,39.9405],[-115.7147,39.873],[-115.716,39.7578],[-115.735,39.6898],[-115.7717,39.6692],[-115.815,39.664],[-115.865,39.6742],[-115.9,39.6953],[-115.92,39.7271],[-115.955,39.7451],[-116.005,39.7492],[-116.0448,39.7615],[-116.0745,39.7821],[-116.0966,39.8154],[-116.1111,39.8615],[-116.1114,39.9114]],[[-116.0907,39.9191],[-116.0637,39.9881],[-116.0352,40.0286],[-116.0051,40.0406],[-115.975,40.045],[-115.945,40.0415],[-115.9162,40.0201],[-115.8886,39.9809],[-115.8486,39.9604],[-115.7962,39.9587],[-115.7602,39.951],[-115.7407,39.9374],[-115.7272,39.8884],[-115.7197,39.8039],[-115.7204,39.7463],[-115.7293,39.7155],[-115.7478,39.6929],[-115.7759,39.6783],[-115.81,39.6739],[-115.85,39.6797],[-115.88,39.6992],[-115.9,39.7325],[-115.935,39.751],[-115.985,39.7547],[-116.0255,39.7655],[-116.0564,39.7834],[-116.0799,39.8154],[-116.0961,39.8615],[-116.0907,39.9191]]]}},{"type":"Feature","properties":{"c":"#fed976","v0":10.0,"v1":20.0},"geometry":{"type":"Polygon","coordinates":[[[-115.4653,39.5653],[-115.4062,39.6963],[-115.34,39.7997],[-115.2667,39.8757],[-115.21,39.9201],[-115.17,39.9329],[-115.13,39.9287],[-115.09,39.9074],[-115.045,39.8924],[-114.995,39.8839],[-114.9634,39.8578],[-114.9502,39.8142],[-114.9514,39.777],[-114.967,39.7463],[-115.0036,39.7204],[-115.0612,39.6996],[-115.11,39.6935],[-115.15,39.7021],[-115.2065,39.6625],[-115.2794,39.5746],[-115.3394,39.5105],[-115.3865,39.4703],[-115.425,39.4507],[-115.455,39.4518],[-115.4762,39.4642],[-115.4887,39.4879],[-115.4653,39.5653]],[[-115.4553,39.5576],[-115.4055,39.6732],[-115.3426,39.7732],[-115.2665,39.8577],[-115.2089,39.9066],[-115.1696,39.92],[-115.1312,39.9162],[-115.0935,39.8951],[-115.0504,39.8807],[-115.002,39.873],[-114.9728,39.85],[-114.9628,39.8116],[-114.9659,39.7781],[-114.982,39.7495],[-115.02,39.7264],[-115.08,39.7087],[-115.13,39.7119],[-115.17,39.7358],[-115.1944,39.7282],[-115.2032,39.689],[-115.2432,39.6308],[-115.3145,39.5538],[-115.3701,39.5008],[-115.41,39.4722],[-115.4391,39.4606],[-115.4573,39.4661],[-115.4698,39.4766],[-115.4767,39.492],[-115.4553,39.5576]]]}},{"type":"Feature","properties":{"c":"#fed976","v0":10.0,"v1":20.0},"geometry":{"type":"Polygon","coordinates":[[[-114.671,39.4024],[-114.6037,39.4547],[-114.5706,39.5164],[-114.5718,39.5876],[-114.556,39.6501],[-114.5232,39.704],[-114.4676,39.7527],[-114.3892,39.7962],[-114.335,39.8194],[-114.305,39.8225],[-114.275,39.8192],[-114.245,39.8095],[-114.2167,39.7901],[-114.1901,39.7609],[-114.1742,39.7347],[-114.1689,39.7117],[-114.1796,39.6693],[-114.2064,39.6077],[-114.2229,39.546],[-114.2292,39.4843],[-114.2162,39.4264],[-114.1838,39.3723],[-114.1732,39.3198],[-114.1844,39.2688],[-114.215,39.2368],[-114.265,39.2238],[-114.31,39.1918],[-114.35,39.1408],[-114.39,39.1128],[-114.43,39.1079],[-114.4689,39.1189],[-114.5068,39.1459],[-114.5289,39.1826],[-114.5352,39.2291],[-114.5737,39.2717],[-114.6442,39.3104],[-114.6858,39.3414],[-114.6984,39.3646],[-114.671,39.4024]],[[-114.6554,39.3994],[-114.5909,39.4457],[-114.5586,39.5075],[-114.5585,39.5846],[-114.5414,39.6495],[-114.5071,39.7023],[-114.45,39.7492],[-114.37,39.7902],[-114.3061,39.8061],[-114.2583,39.7969],[-114.2209,39.7693],[-114.1939,39.7232],[-114.1942,39.6693],[-114.2217,39.6077],[-114.2386,39.546],[-114.2446,39.4843],[-114.2312,39.4264],[-114.1981,39.3723],[-114.1861,39.322],[-114.1951,39.2756],[-114.2272,39.2469],[-114.2824,39.2359],[-114.3207,39.2088],[-114.3421,39.1655],[-114.3621,39.1377],[-114.3807,39.1254],[-114.405,39.1191],[-114.435,39.1188],[-114.4646,39.1289],[-114.4938,39.1492],[-114.5138,39.1865],[-114.5245,39.2408],[-114.5649,39.2858],[-114.635,39.3218],[-114.6744,39.3489],[-114.6833,39.3671],[-114.6554,39.3994]]]}},{"type":"Feature","properties":{"c":"#fed976","v0":10.0,"v1":20.0},"geometry":{"type":"Polygon","coordinates":[[[-104.9702,39.5173],[-104.9434,39.5523],[-104.905,39.5727],[-104.855,39.5787],[-104.8216,39.6036],[-104.8048,39.6474],[-104.7848,39.6806],[-104.7616,39.703],[-104.725,39.7219],[-104.675,39.7372],[-104.628,39.7375],[-104.584,39.7228],[-104.5554,39.6963],[-104.5422,39.6578],[-104.5181,39.627],[-104.483,39.6039],[-104.4605,39.5807],[-104.4506,39.5576],[-104.4487,39.5345],[-104.4548,39.5113],[-104.4817,39.4843],[-104.5293,39.4534],[-104.5553,39.4148],[-104.5596,39.3684],[-104.5838,39.3339],[-104.6279,39.3111],[-104.665,39.3016],[-104.695,39.3053],[-104.76,39.3286],[-104.86,39.3715],[-104.9284,39.4196],[-104.9652,39.4731],[-104.9702,39.5173]],[[-104.9534,39.5163],[-104.9245,39.5495],[-104.885,39.5678],[-104.835,39.5713],[-104.7993,39.601],[-104.7778,39.6568],[-104.7378,39.697],[-104.6793,39.7217],[-104.633,39.7293],[-104.5991,39.7201],[-104.5741,39.6948],[-104.558,39.6535],[-104.5332,39.6227],[-104.4996,39.6024],[-104.477,39.5807],[-104.4653,39.5576],[-104.4635,39.5345],[-104.4715,39.5113],[-104.4992,39.4845],[-104.5464,39.4541],[-104.57,39.4185],[-104.57,39.3779],[-104.595,39.3454],[-104.645,39.3211],[-104.7299,39.3335],[-104.8496,39.3826],[-104.9241,39.4303],[-104.9533,39.4766],[-104.9534,39.5163]]]}},{"type":"Feature","properties":{"c":"#fed976","v0":10.0,"v1":20.0},"geometry":{"type":"Polygon","coordinates":[[[-114.4239,39.3688],[-114.4146,39.385],[-114.395,39.3908],[-114.365,39.386],[-114.355,39.3597],[-114.365,39.3118],[-114.3846,39.3061],[-114.4139,39.3425],[-114.4239,39.3688]],[[-114.4112,39.3646],[-114.4092,39.3723],[-114.3986,39.377],[-114.3795,39.3788],[-114.37,39.3674],[-114.37,39.3428],[-114.375,39.3282],[-114.385,39.3235],[-114.3956,39.3311],[-114.4067,39.3508],[-114.4112,39.3646]]]}},{"type":"Feature","properties":{"c":"#fed976","v0":10.0,"v1":20.0},"geometry":{"type":"Polygon","coordinates":[[[-116.1668,39.1439],[-116.1529,39.1749],[-116.117,39.2055],[-116.059,39.2357],[-115.99,39.2469],[-115.91,39.2392],[-115.855,39.2466],[-115.825,39.2692],[-115.77,39.2924],[-115.69,39.3162],[-115.635,39.3264],[-115.605,39.3231],[-115.5808,39.3119],[-115.5623,39.2929],[-115.5546,39.2717],[-115.5577,39.2485],[-115.602,39.1846],[-115.6873,39.0799],[-115.7245,38.9789],[-115.7134,38.8816],[-115.711,38.8252],[-115.7174,38.8096],[-115.7329,38.7944],[-115.7576,38.7797],[-115.83,38.7714],[-115.95,38.7696],[-116.0319,38.777],[-116.0756,38.7935],[-116.105,38.8135],[-116.1202,38.8368],[-116.1265,38.8641],[-116.1239,38.8952],[-116.1353,38.9653],[-116.1609,39.074],[-116.1668,39.1439]],[[-116.1522,39.143],[-116.1374,39.1724],[-116.105,39.2],[-116.055,39.226],[-115.99,39.2345],[-115.91,39.2257],[-115.855,39.2326],[-115.825,39.2553],[-115.77,39.2791],[-115.69,39.304],[-115.64,39.316],[-115.62,39.3152],[-115.5999,39.307],[-115.5796,39.2912],[-115.5712,39.2717],[-115.5747,39.2485],[-115.6197,39.1826],[-115.7062,39.074],[-115.742,38.9769],[-115.7272,38.8913],[-115.7323,38.8326],[-115.7574,38.8007],[-115.83,38.7834],[-115.95,38.7809],[-116.03,38.788],[-116.07,38.8049],[-116.1074,38.8922],[-116.1422,39.0497],[-116.1522,39.143]]]}},{"type":"Feature","properties":{"c":"#fed976","v0":10.0,"v1":20.0},"geometry":{"type":"Polygon","coordinates":[[[-108.2528,38.9712],[-108.2243,39.0297],[-108.175,39.0735],[-108.105,39.1026],[-108.035,39.1206],[-107.965,39.1273],[-107.9,39.1269],[-107.84,39.1193],[-107.79,39.1318],[-107.75,39.1643],[-107.72,39.1828],[-107.7,39.1875],[-107.67,39.187],[-107.63,39.1814],[-107.5964,39.1699],[-107.5693,39.1526],[-107.555,39.1284],[-107.5534,39.0973],[-107.5622,39.0585],[-107.5814,39.0119],[-107.6007,38.9819],[-107.6202,38.9684],[-107.65,38.9609],[-107.69,38.9592],[-107.7153,38.9542],[-107.726,38.946],[-107.7228,38.9147],[-107.7055,38.8602],[-107.7102,38.8205],[-107.7367,38.7956],[-107.7691,38.7839],[-107.8072,38.7854],[-107.8344,38.8018],[-107.8508,38.8329],[-107.8868,38.866],[-107.9423,38.901],[-108.025,38.9123],[-108.135,38.8999],[-108.2048,38.898],[-108.2344,38.9065],[-108.2536,38.9186],[-108.2626,38.9341],[-108.2528,38.9712]],[[-108.2375,38.9691],[-108.2117,39.0236],[-108.1616,39.0654],[-108.0872,39.0948],[-108.02,39.112],[-107.96,39.117],[-107.895,39.116],[-107.825,39.1089],[-107.765,39.1237],[-107.715,39.1603],[-107.67,39.1753],[-107.63,39.169],[-107.599,39.1564],[-107.577,39.1377],[-107.577,39.0935],[-107.599,39.0236],[-107.64,38.9829],[-107.7,38.9713],[-107.7346,38.9596],[-107.7439,38.9478],[-107.7402,38.9147],[-107.7233,38.8602],[-107.7237,38.8239],[-107.7412,38.8057],[-107.765,38.796],[-107.795,38.7948],[-107.8164,38.8078],[-107.8293,38.835],[-107.8693,38.8693],[-107.9364,38.9108],[-108.02,38.9247],[-108.12,38.9111],[-108.185,38.9069],[-108.215,38.9124],[-108.2351,38.9218],[-108.2453,38.9352],[-108.2375,38.9691]]]}},{"type":"Feature","properties":{"c":"#fed976","v0":10.0,"v1":20.0},"geometry":{"type":"Polygon","coordinates":[[[-102.5246,38.8758],[-102.5183,38.8991],[-102.4989,38.9198],[-102.4663,38.9377],[-102.405,38.9362],[-102.315,38.9152],[-102.2535,38.9062],[-102.2206,38.9093],[-102.2301,38.938],[-102.2821,38.9925],[-102.3057,39.0391],[-102.3009,39.0779],[-102.2814,39.1116],[-102.2471,39.1401],[-102.21,39.1565],[-102.17,39.1608],[-102.1235,39.1426],[-102.0704,39.1021],[-102.0418,39.0585],[-102.0377,39.0119],[-102.0604,38.9691],[-102.1099,38.9303],[-102.1001,38.8836],[-102.031,38.829],[-101.9978,38.7901],[-102.0005,38.7667],[-102.0139,38.7448],[-102.038,38.7244],[-102.14,38.7216],[-102.32,38.7364],[-102.4319,38.7583],[-102.4756,38.7873],[-102.505,38.8174],[-102.5201,38.8485],[-102.5246,38.8758]],[[-102.2878,39.0663],[-102.2742,39.0973],[-102.2431,39.1232],[-102.1944,39.1438],[-102.1431,39.136],[-102.0893,39.0999],[-102.0601,39.0585],[-102.0556,39.0119],[-102.0675,38.9775],[-102.0958,38.9554],[-102.135,38.9443],[-102.185,38.9442],[-102.2267,38.9552],[-102.26,38.9775],[-102.2811,39.0041],[-102.2901,39.0352],[-102.2878,39.0663]],[[-102.5075,38.8758],[-102.4994,38.8991],[-102.484,38.9164],[-102.4613,38.9276],[-102.405,38.9226],[-102.315,38.9016],[-102.24,38.8928],[-102.18,38.8962],[-102.1223,38.8817],[-102.067,38.8492],[-102.0328,38.8174],[-102.0197,38.7862],[-102.0223,38.7602],[-102.0408,38.7395],[-102.06,38.727],[-102.08,38.7227],[-102.125,38.7273],[-102.195,38.741],[-102.27,38.7492],[-102.35,38.7519],[-102.41,38.7636],[-102.45,38.7842],[-102.4804,38.8119],[-102.5012,38.8467],[-102.5075,38.8758]]]}},{"type":"Feature","properties":{"c":"#fed976","v0":10.0,"v1":20.0},"geometry":{"type":"Polygon","coordinates":[[[-103.022,38.9691],[-103.012,38.9925],[-102.9827,39.0144],[-102.9342,39.035],[-102.89,39.0657],[-102.85,39.1064],[-102.805,39.1301],[-102.755,39.1367],[-102.7057,39.1255],[-102.657,39.0964],[-102.6326,39.0313],[-102.6324,38.9303],[-102.6568,38.8652],[-102.7056,38.8361],[-102.78,38.8234],[-102.88,38.827],[-102.9543,38.8609],[-103.0028,38.9253],[-103.022,38.9691]],[[-103.0063,38.9686],[-102.9954,38.9907],[-102.9678,39.0102],[-102.9234,39.0269],[-102.8898,39.0507],[-102.8671,39.0818],[-102.8443,39.1032],[-102.8214,39.1148],[-102.79,39.1223],[-102.75,39.1254],[-102.7078,39.1118],[-102.6634,39.0815],[-102.6412,39.0236],[-102.6411,38.938],[-102.6483,38.8863],[-102.6628,38.8684],[-102.69,38.8517],[-102.73,38.8361],[-102.795,38.8322],[-102.885,38.84],[-102.9504,38.8723],[-102.9913,38.9291],[-103.0063,38.9686]]]}},{"type":"Feature","properties":{"c":"#fed976","v0":10.0,"v1":20.0},"geometry":{"type":"Polygon","coordinates":[[[-114.4238,38.9847],[-114.3958,39.0391],[-114.3689,39.0725],[-114.343,39.0848],[-114.32,39.0902],[-114.3,39.0887],[-114.2773,39.0747],[-114.252,39.0484],[-114.2372,39.0158],[-114.233,38.9769],[-114.2156,38.9515],[-114.1852,38.9395],[-114.161,38.9239],[-114.143,38.9048],[-114.1124,38.8485],[-114.0692,38.755],[-114.0627,38.6848],[-114.0932,38.6379],[-114.1092,38.5949],[-114.1109,38.5558],[-114.0925,38.5206],[-114.0538,38.4893],[-114.0402,38.4463],[-114.0517,38.3914],[-114.0391,38.3444],[-114.0025,38.3051],[-113.9874,38.2698],[-113.9939,38.2384],[-114.0053,38.2163],[-114.0218,38.2034],[-114.045,38.1957],[-114.075,38.1931],[-114.1,38.1963],[-114.12,38.2055],[-114.1364,38.2211],[-114.1493,38.2431],[-114.1543,38.2699],[-114.1514,38.3013],[-114.17,38.326],[-114.21,38.344],[-114.2585,38.3871],[-114.3156,38.4553],[-114.3524,38.5167],[-114.3691,38.5715],[-114.365,38.6379],[-114.3404,38.716],[-114.3369,38.7667],[-114.3547,38.7901],[-114.3653,38.8174],[-114.3688,38.8485],[-114.385,38.8758],[-114.4138,38.8991],[-114.4306,38.9225],[-114.4354,38.9458],[-114.4238,38.9847]],[[-114.4102,38.983],[-114.3834,39.0339],[-114.35,39.0631],[-114.31,39.0705],[-114.2812,39.0645],[-114.2637,39.045],[-114.2533,39.0158],[-114.2501,38.9769],[-114.2288,38.9477],[-114.1896,38.9281],[-114.1626,38.9086],[-114.1479,38.8893],[-114.1329,38.854],[-114.1176,38.8026],[-114.0978,38.7597],[-114.0733,38.7254],[-114.0764,38.6848],[-114.1069,38.6379],[-114.1251,38.5949],[-114.1308,38.5558],[-114.111,38.5167],[-114.0655,38.4776],[-114.0527,38.4306],[-114.0727,38.3757],[-114.0695,38.3432],[-114.0432,38.333],[-114.0221,38.3173],[-114.0062,38.2961],[-113.9996,38.2738],[-114.0021,38.2502],[-114.0151,38.2295],[-114.0384,38.2116],[-114.0688,38.2077],[-114.1063,38.2177],[-114.1295,38.2345],[-114.1385,38.258],[-114.1401,38.2855],[-114.1345,38.3169],[-114.1544,38.3405],[-114.2,38.3561],[-114.2515,38.3993],[-114.3088,38.4698],[-114.3437,38.5324],[-114.356,38.5871],[-114.3499,38.6496],[-114.3254,38.7199],[-114.3239,38.7706],[-114.3454,38.8018],[-114.3566,38.8329],[-114.3577,38.8641],[-114.3715,38.8875],[-114.3981,38.903],[-114.4144,38.9225],[-114.4206,38.9458],[-114.4102,38.983]]]}},{"type":"Feature","properties":{"c":"#fed976","v0":10.0,"v1":20.0},"geometry":{"type":"Polygon","coordinates":[[[-94.5787,38.5402],[-94.569,38.5793],[-94.5472,38.6223],[-94.5134,38.6692],[-94.4698,38.7055],[-94.4166,38.7313],[-94.37,38.7431],[-94.33,38.7409],[-94.295,38.7322],[-94.265,38.7173],[-94.2285,38.6782],[-94.1854,38.6149],[-94.1733,38.5598],[-94.1921,38.5128],[-94.2336,38.4712],[-94.2979,38.435],[-94.37,38.4205],[-94.45,38.4277],[-94.5087,38.4419],[-94.5462,38.4631],[-94.5696,38.4854],[-94.579,38.5089],[-94.5787,38.5402]],[[-94.5654,38.5363],[-94.56,38.5676],[-94.5378,38.6106],[-94.499,38.6653],[-94.4622,38.702],[-94.4274,38.7208],[-94.38,38.728],[-94.32,38.7237],[-94.2754,38.7104],[-94.2462,38.6881],[-94.2191,38.6574],[-94.1942,38.6184],[-94.1874,38.5754],[-94.1989,38.5285],[-94.236,38.486],[-94.2987,38.4481],[-94.37,38.4329],[-94.45,38.4404],[-94.505,38.4527],[-94.535,38.4697],[-94.5545,38.4888],[-94.5636,38.51],[-94.5654,38.5363]]]}},{"type":"Feature","properties":{"c":"#fed976","v0":10.0,"v1":20.0},"geometry":{"type":"Polygon","coordinates":[[[-81.0829,38.5206],[-81.0681,38.5519],[-81.028,38.5812],[-80.9627,38.6085],[-80.9148,38.6398],[-80.8843,38.675],[-80.8493,38.6995],[-80.8098,38.7133],[-80.7662,38.7094],[-80.7187,38.6878],[-80.6887,38.6504],[-80.6762,38.5974],[-80.64,38.5683],[-80.58,38.5634],[-80.53,38.5478],[-80.49,38.5215],[-80.43,38.5138],[-80.35,38.5247],[-80.2963,38.516],[-80.2689,38.4878],[-80.2609,38.4619],[-80.2724,38.4384],[-80.2961,38.4192],[-80.332,38.4043],[-80.37,38.3969],[-80.41,38.3971],[-80.45,38.406],[-80.49,38.4236],[-80.55,38.4275],[-80.63,38.4177],[-80.688,38.4241],[-80.7241,38.4467],[-80.7391,38.4776],[-80.733,38.5169],[-80.755,38.5395],[-80.805,38.5454],[-80.8367,38.5414],[-80.8501,38.5276],[-80.8517,38.4893],[-80.8414,38.4267],[-80.8447,38.3855],[-80.8616,38.3657],[-80.88,38.3534],[-80.9,38.3486],[-80.9514,38.3742],[-81.0341,38.4301],[-81.0792,38.4698],[-81.0866,38.4933],[-81.0829,38.5206]],[[-81.0558,38.5167],[-81.0445,38.5402],[-81.0067,38.5646],[-80.9422,38.59],[-80.89,38.6239],[-80.85,38.6661],[-80.815,38.689],[-80.785,38.6927],[-80.7569,38.6862],[-80.7307,38.6696],[-80.7214,38.6418],[-80.729,38.6028],[-80.7703,38.5754],[-80.8452,38.5598],[-80.8768,38.5206],[-80.8649,38.458],[-80.8667,38.4139],[-80.8822,38.3882],[-80.899,38.3764],[-80.9171,38.3786],[-80.9413,38.3953],[-80.9717,38.4267],[-81.0027,38.45],[-81.0342,38.4653],[-81.0528,38.481],[-81.0585,38.497],[-81.0558,38.5167]],[[-80.7078,38.5011],[-80.6898,38.5246],[-80.6631,38.5387],[-80.6277,38.5434],[-80.5967,38.5434],[-80.5701,38.5387],[-80.5401,38.5228],[-80.5067,38.4958],[-80.45,38.4893],[-80.37,38.5033],[-80.319,38.5011],[-80.2969,38.4828],[-80.2955,38.4619],[-80.3149,38.4384],[-80.341,38.4244],[-80.3737,38.4197],[-80.42,38.4284],[-80.48,38.4504],[-80.53,38.4551],[-80.57,38.4424],[-80.61,38.4362],[-80.65,38.4363],[-80.6798,38.4417],[-80.6994,38.4526],[-80.7111,38.4659],[-80.7149,38.4815],[-80.7078,38.5011]]]}},{"type":"Feature","properties":{"c":"#fed976","v0":10.0,"v1":20.0},"geometry":{"type":"Polygon","coordinates":[[[-105.1922,38.2973],[-105.1708,38.3522],[-105.1426,38.3947],[-105.1075,38.4248],[-105.07,38.4465],[-105.03,38.4598],[-104.98,38.4645],[-104.92,38.4606],[-104.8827,38.4506],[-104.8681,38.4347],[-104.8604,38.411],[-104.8598,38.3797],[-104.8785,38.3405],[-104.9166,38.2934],[-104.909,38.258],[-104.8558,38.2345],[-104.8263,38.2031],[-104.8205,38.1638],[-104.8219,38.1323],[-104.8304,38.1087],[-104.8536,38.087],[-104.8912,38.0672],[-104.93,38.0605],[-104.97,38.067],[-105.005,38.0927],[-105.035,38.1375],[-105.08,38.168],[-105.14,38.1843],[-105.1782,38.2118],[-105.1947,38.2505],[-105.1922,38.2973]],[[-105.177,38.2895],[-105.1649,38.3287],[-105.1416,38.3664],[-105.1072,38.4026],[-105.07,38.4282],[-105.03,38.4431],[-104.982,38.4486],[-104.926,38.4444],[-104.8935,38.4228],[-104.8845,38.3836],[-104.8997,38.3365],[-104.9391,38.2816],[-104.9299,38.2423],[-104.8718,38.2188],[-104.8446,38.1822],[-104.8482,38.1326],[-104.865,38.0992],[-104.895,38.082],[-104.925,38.0748],[-104.955,38.0776],[-104.9865,38.1032],[-105.0195,38.1514],[-105.0672,38.1834],[-105.1294,38.1991],[-105.1662,38.2227],[-105.1775,38.2541],[-105.177,38.2895]]]}},{"type":"Feature","properties":{"c":"#fed976","v0":10.0,"v1":20.0},"geometry":{"type":"Polygon","coordinates":[[[-105.5612,37.892],[-105.5491,37.9235],[-105.5198,37.9475],[-105.4733,37.964],[-105.405,37.9683],[-105.315,37.9606],[-105.2538,37.9406],[-105.2215,37.9082],[-105.2065,37.872],[-105.2088,37.8321],[-105.22,37.8058],[-105.24,37.7933],[-105.275,37.7831],[-105.325,37.7753],[-105.3557,37.7621],[-105.3672,37.7433],[-105.3722,37.7256],[-105.3707,37.7088],[-105.3517,37.6811],[-105.3152,37.6425],[-105.2947,37.6033],[-105.2905,37.5637],[-105.2752,37.5241],[-105.2489,37.4844],[-105.2393,37.4503],[-105.2464,37.4219],[-105.27,37.3963],[-105.31,37.3736],[-105.36,37.3619],[-105.42,37.3613],[-105.4732,37.375],[-105.5195,37.4029],[-105.5417,37.4288],[-105.5398,37.4526],[-105.515,37.4963],[-105.4674,37.5597],[-105.458,37.6113],[-105.4868,37.6509],[-105.5177,37.7221],[-105.5507,37.8249],[-105.5612,37.892]],[[-105.5289,37.888],[-105.5188,37.9117],[-105.4978,37.9286],[-105.4659,37.9388],[-105.41,37.9413],[-105.33,37.9361],[-105.2762,37.9191],[-105.2487,37.8905],[-105.2387,37.8618],[-105.2462,37.8332],[-105.2786,37.8134],[-105.3359,37.8026],[-105.3744,37.7853],[-105.3942,37.7616],[-105.4039,37.734],[-105.4035,37.7023],[-105.3862,37.6707],[-105.3519,37.639],[-105.3307,37.5994],[-105.3227,37.5518],[-105.3065,37.5116],[-105.2822,37.4789],[-105.2739,37.4511],[-105.2818,37.4283],[-105.3018,37.4089],[-105.3339,37.393],[-105.371,37.3851],[-105.4129,37.3851],[-105.4529,37.3963],[-105.491,37.4187],[-105.4838,37.4703],[-105.4315,37.5511],[-105.4215,37.6137],[-105.4538,37.6583],[-105.486,37.7295],[-105.5179,37.8273],[-105.5289,37.888]]]}},{"type":"Feature","properties":{"c":"#fed976","v0":10.0,"v1":20.0},"geometry":{"type":"Polygon","coordinates":[[[-108.2042,37.639],[-108.1943,37.6707],[-108.1571,37.7023],[-108.0928,37.734],[-108.043,37.7724],[-108.0077,37.8175],[-107.96,37.8448],[-107.9,37.8543],[-107.86,37.8532],[-107.84,37.8416],[-107.8206,37.7985],[-107.8018,37.7238],[-107.7933,37.6548],[-107.7949,37.5914],[-107.8493,37.4994],[-107.9564,37.3787],[-108.03,37.3165],[-108.07,37.313],[-108.1033,37.3217],[-108.1299,37.3428],[-108.1397,37.3851],[-108.1328,37.4487],[-108.1458,37.5003],[-108.1785,37.5399],[-108.1984,37.5756],[-108.2055,37.6073],[-108.2042,37.639]],[[-108.1874,37.639],[-108.1746,37.6707],[-108.1386,37.6996],[-108.0795,37.7258],[-108.035,37.7599],[-108.005,37.802],[-107.965,37.8282],[-107.915,37.8387],[-107.8788,37.8402],[-107.8563,37.8326],[-107.8355,37.7893],[-107.8163,37.7102],[-107.8083,37.6429],[-107.8116,37.5875],[-107.8624,37.5033],[-107.9608,37.3903],[-108.025,37.3308],[-108.055,37.3249],[-108.0837,37.3298],[-108.111,37.3455],[-108.1211,37.3851],[-108.1141,37.4487],[-108.1293,37.5042],[-108.1668,37.5518],[-108.1876,37.5875],[-108.1917,37.6113],[-108.1874,37.639]]]}},{"type":"Feature","properties":{"c":"#fed976","v0":10.0,"v1":20.0},"geometry":{"type":"Polygon","coordinates":[[[-108.8133,37.5241],[-108.8065,37.5479],[-108.7848,37.5729],[-108.7483,37.5993],[-108.69,37.6241],[-108.61,37.6473],[-108.555,37.6575],[-108.525,37.6547],[-108.5005,37.6458],[-108.4814,37.6307],[-108.469,37.6073],[-108.4634,37.5756],[-108.438,37.5554],[-108.3927,37.5468],[-108.3604,37.5349],[-108.3411,37.5197],[-108.3148,37.4765],[-108.2813,37.405],[-108.2672,37.3533],[-108.2723,37.3215],[-108.2887,37.294],[-108.3162,37.2707],[-108.36,37.259],[-108.42,37.259],[-108.4618,37.2667],[-108.4855,37.282],[-108.5105,37.3101],[-108.5368,37.3508],[-108.605,37.3849],[-108.715,37.4124],[-108.7817,37.4477],[-108.805,37.4907],[-108.8133,37.5241]],[[-108.7984,37.5241],[-108.7902,37.5479],[-108.7721,37.5698],[-108.744,37.5899],[-108.69,37.6119],[-108.61,37.6358],[-108.555,37.6459],[-108.525,37.6423],[-108.5025,37.6321],[-108.4876,37.6156],[-108.4782,37.5914],[-108.4744,37.5597],[-108.4519,37.5419],[-108.4106,37.5379],[-108.3794,37.53],[-108.3583,37.5181],[-108.3314,37.4804],[-108.2986,37.4169],[-108.2844,37.3653],[-108.2889,37.3255],[-108.3059,37.2956],[-108.3353,37.2756],[-108.375,37.267],[-108.425,37.2698],[-108.4746,37.2997],[-108.5237,37.3567],[-108.6037,37.3993],[-108.7146,37.4278],[-108.7781,37.4595],[-108.7944,37.4946],[-108.7984,37.5241]]]}},{"type":"Feature","properties":{"c":"#fed976","v0":10.0,"v1":20.0},"geometry":{"type":"Polygon","coordinates":[[[-82.5089,36.8116],[-82.4963,36.8451],[-82.445,36.8699],[-82.355,36.886],[-82.29,36.9118],[-82.25,36.9473],[-82.21,36.9741],[-82.17,36.9924],[-82.105,37.0105],[-82.015,37.0284],[-81.935,37.0377],[-81.865,37.0384],[-81.815,37.035],[-81.785,37.0273],[-81.7617,37.0143],[-81.745,36.9959],[-81.7367,36.9708],[-81.7367,36.9388],[-81.755,36.9081],[-81.7917,36.8787],[-81.8507,36.8587],[-81.9322,36.8481],[-82.0122,36.831],[-82.0907,36.8074],[-82.16,36.7938],[-82.22,36.7902],[-82.2631,36.758],[-82.2894,36.697],[-82.3144,36.6554],[-82.3381,36.6332],[-82.3659,36.6252],[-82.3977,36.6314],[-82.4389,36.6746],[-82.4897,36.7547],[-82.5089,36.8116]],[[-82.4932,36.8107],[-82.4777,36.8424],[-82.425,36.8645],[-82.335,36.8769],[-82.275,36.8998],[-82.245,36.9331],[-82.21,36.9598],[-82.17,36.9798],[-82.105,36.9989],[-82.015,37.0171],[-81.935,37.0265],[-81.865,37.0271],[-81.815,37.0222],[-81.785,37.0119],[-81.7641,36.9978],[-81.7522,36.9798],[-81.748,36.9588],[-81.7515,36.9348],[-81.7675,36.9114],[-81.7958,36.8887],[-81.86,36.8697],[-81.96,36.8546],[-82.045,36.8361],[-82.115,36.8142],[-82.175,36.8039],[-82.225,36.8051],[-82.275,36.7634],[-82.325,36.679],[-82.3649,36.6401],[-82.3948,36.647],[-82.4326,36.6866],[-82.4781,36.7587],[-82.4932,36.8107]]]}},{"type":"Feature","properties":{"c":"#fed976","v0":10.0,"v1":20.0},"geometry":{"type":"Polygon","coordinates":[[[-106.5205,36.6144],[-106.5103,36.6385],[-106.4879,36.6625],[-106.4533,36.6866],[-106.4526,36.7187],[-106.486,36.7587],[-106.5021,36.7948],[-106.5007,36.8268],[-106.4625,36.8728],[-106.3875,36.9328],[-106.33,36.9626],[-106.29,36.9622],[-106.2381,36.9203],[-106.1743,36.8366],[-106.134,36.7628],[-106.1173,36.6986],[-106.1119,36.6545],[-106.1179,36.6304],[-106.1432,36.6104],[-106.1877,36.5944],[-106.235,36.6019],[-106.285,36.6331],[-106.32,36.6499],[-106.34,36.6523],[-106.3506,36.6327],[-106.3519,36.591],[-106.3669,36.5592],[-106.3956,36.5372],[-106.43,36.5318],[-106.47,36.543],[-106.4989,36.562],[-106.5167,36.5889],[-106.5205,36.6144]],[[-106.4878,36.8228],[-106.4739,36.8468],[-106.4377,36.8813],[-106.3792,36.9262],[-106.33,36.9483],[-106.29,36.9475],[-106.242,36.9091],[-106.1861,36.8329],[-106.1493,36.7628],[-106.1315,36.6986],[-106.127,36.6545],[-106.1358,36.6304],[-106.1576,36.6132],[-106.1925,36.6029],[-106.235,36.6141],[-106.285,36.6468],[-106.33,36.6677],[-106.37,36.6768],[-106.4085,36.6977],[-106.4454,36.7304],[-106.4716,36.7628],[-106.487,36.7948],[-106.4878,36.8228]],[[-106.503,36.6144],[-106.4907,36.6385],[-106.4659,36.6563],[-106.4286,36.6678],[-106.4017,36.6678],[-106.385,36.6563],[-106.3727,36.6385],[-106.3648,36.6144],[-106.3659,36.5903],[-106.376,36.5662],[-106.3933,36.5503],[-106.4178,36.5427],[-106.4411,36.5427],[-106.4633,36.5503],[-106.4831,36.5662],[-106.5005,36.5903],[-106.503,36.6144]]]}},{"type":"Feature","properties":{"c":"#fed976","v0":10.0,"v1":20.0},"geometry":{"type":"Polygon","coordinates":[[[-107.6458,36.5903],[-107.627,36.6304],[-107.6045,36.6585],[-107.5782,36.6746],[-107.5586,36.7066],[-107.5456,36.7547],[-107.5119,36.7962],[-107.4573,36.8311],[-107.405,36.8503],[-107.355,36.8538],[-107.3018,36.8324],[-107.2454,36.786],[-107.217,36.7347],[-107.2166,36.6786],[-107.2698,36.6117],[-107.3766,36.5339],[-107.455,36.492],[-107.505,36.4861],[-107.55,36.4863],[-107.59,36.4926],[-107.6182,36.5023],[-107.6345,36.5154],[-107.6458,36.5341],[-107.652,36.5582],[-107.6458,36.5903]],[[-107.6346,36.5863],[-107.621,36.6184],[-107.5982,36.6453],[-107.5661,36.6671],[-107.546,36.6992],[-107.5379,36.7416],[-107.5079,36.781],[-107.456,36.8176],[-107.41,36.839],[-107.37,36.8454],[-107.3212,36.8272],[-107.2635,36.7842],[-107.2301,36.7507],[-107.221,36.7267],[-107.2207,36.6986],[-107.229,36.6665],[-107.2824,36.615],[-107.3808,36.544],[-107.47,36.5066],[-107.55,36.5028],[-107.5987,36.5061],[-107.6161,36.5167],[-107.629,36.5341],[-107.6372,36.5582],[-107.6346,36.5863]]]}},{"type":"Feature","properties":{"c":"#fed976","v0":10.0,"v1":20.0},"geometry":{"type":"Polygon","coordinates":[[[-75.4242,36.4979],[-75.3868,36.5461],[-75.3613,36.5943],[-75.3478,36.6425],[-75.3233,36.6808],[-75.2878,36.7093],[-75.245,36.7247],[-75.195,36.7272],[-75.135,36.7186],[-75.065,36.6991],[-75.0122,36.6716],[-74.9765,36.6362],[-74.9594,36.5943],[-74.9609,36.5461],[-74.9787,36.5107],[-75.0129,36.4881],[-75.045,36.4772],[-75.075,36.4781],[-75.1,36.4847],[-75.12,36.497],[-75.155,36.4859],[-75.205,36.4516],[-75.26,36.4301],[-75.32,36.4213],[-75.365,36.4202],[-75.395,36.4266],[-75.4182,36.4408],[-75.4347,36.4628],[-75.4242,36.4979]],[[-75.4065,36.498],[-75.3688,36.5464],[-75.3434,36.5946],[-75.3302,36.6426],[-75.3102,36.6773],[-75.2834,36.6988],[-75.25,36.712],[-75.21,36.7169],[-75.155,36.7102],[-75.085,36.6917],[-75.0314,36.6665],[-74.9942,36.6344],[-74.9743,36.5983],[-74.9717,36.5582],[-74.9853,36.5262],[-75.0151,36.5023],[-75.045,36.4912],[-75.075,36.4928],[-75.105,36.5039],[-75.135,36.5244],[-75.1597,36.5194],[-75.179,36.489],[-75.209,36.4646],[-75.2497,36.4461],[-75.3,36.4368],[-75.36,36.4367],[-75.3988,36.4459],[-75.4165,36.4645],[-75.4065,36.498]]]}},{"type":"Feature","properties":{"c":"#fed976","v0":10.0,"v1":20.0},"geometry":{"type":"Polygon","coordinates":[[[-110.216,36.2684],[-110.18,36.341],[-110.1375,36.3933],[-110.0885,36.4255],[-110.0455,36.4722],[-110.0085,36.5334],[-109.975,36.5686],[-109.945,36.5776],[-109.8993,36.5711],[-109.838,36.5491],[-109.7911,36.51],[-109.7587,36.4537],[-109.7407,36.4094],[-109.737,36.3772],[-109.7439,36.354],[-109.7613,36.3396],[-109.807,36.3275],[-109.8811,36.3177],[-109.9151,36.2805],[-109.9091,36.216],[-109.912,36.1712],[-109.924,36.1462],[-109.945,36.1299],[-109.975,36.1223],[-110.035,36.1232],[-110.125,36.1326],[-110.1823,36.1449],[-110.2069,36.16],[-110.2229,36.1837],[-110.2303,36.216],[-110.216,36.2684]],[[-110.2041,36.2644],[-110.1726,36.3289],[-110.1301,36.3797],[-110.0767,36.4168],[-110.03,36.4669],[-109.99,36.53],[-109.955,36.5622],[-109.925,36.5635],[-109.8853,36.5536],[-109.8358,36.5326],[-109.795,36.4858],[-109.763,36.4134],[-109.7578,36.3679],[-109.7793,36.3493],[-109.8264,36.3372],[-109.8991,36.3317],[-109.9317,36.2926],[-109.9242,36.22],[-109.9278,36.1722],[-109.9426,36.149],[-110.005,36.1407],[-110.115,36.147],[-110.1804,36.1586],[-110.2011,36.1754],[-110.2136,36.1958],[-110.2177,36.22],[-110.2041,36.2644]]]}},{"type":"Feature","properties":{"c":"#fed976","v0":10.0,"v1":20.0},"geometry":{"type":"Polygon","coordinates":[[[-78.8379,36.2362],[-78.8243,36.2765],[-78.8006,36.3133],[-78.7669,36.3465],[-78.7028,36.3787],[-78.6085,36.4099],[-78.5235,36.4484],[-78.4478,36.4942],[-78.385,36.5183],[-78.335,36.5209],[-78.2932,36.5101],[-78.2596,36.4859],[-78.2389,36.4617],[-78.2311,36.4376],[-78.233,36.4134],[-78.2447,36.3893],[-78.3104,36.3381],[-78.4301,36.2597],[-78.5207,36.2154],[-78.5821,36.205],[-78.6471,36.1842],[-78.7157,36.1529],[-78.765,36.1415],[-78.795,36.15],[-78.8187,36.1697],[-78.8361,36.2006],[-78.8379,36.2362]],[[-78.8223,36.2362],[-78.8085,36.2765],[-78.7787,36.3162],[-78.7329,36.3553],[-78.675,36.3832],[-78.605,36.3999],[-78.525,36.4341],[-78.435,36.4858],[-78.37,36.5116],[-78.33,36.5114],[-78.2972,36.5019],[-78.2716,36.4832],[-78.2543,36.4617],[-78.2452,36.4376],[-78.2474,36.4134],[-78.261,36.3893],[-78.3233,36.3414],[-78.4344,36.2698],[-78.525,36.2271],[-78.595,36.2133],[-78.66,36.1922],[-78.72,36.1636],[-78.7639,36.1538],[-78.7918,36.163],[-78.8116,36.1797],[-78.8234,36.2039],[-78.8223,36.2362]]]}},{"type":"Feature","properties":{"c":"#fed976","v0":10.0,"v1":20.0},"geometry":{"type":"Polygon","coordinates":[[[-79.133,35.702],[-79.1296,35.775],[-79.1104,35.8318],[-79.0752,35.8723],[-79.0591,35.9331],[-79.062,36.014],[-79.045,36.0728],[-79.0083,36.1095],[-78.96,36.1277],[-78.9,36.1274],[-78.8539,36.109],[-78.8217,36.0727],[-78.7921,36.0221],[-78.7653,35.9574],[-78.7523,35.9007],[-78.7533,35.8521],[-78.7848,35.8115],[-78.8468,35.7791],[-78.8871,35.7385],[-78.9058,35.6898],[-78.9338,35.647],[-78.9713,35.6101],[-79.015,35.5906],[-79.065,35.5884],[-79.099,35.5946],[-79.1171,35.6093],[-79.1283,35.6289],[-79.1325,35.6532],[-79.133,35.702]],[[-79.1185,35.702],[-79.1146,35.775],[-79.0948,35.8318],[-79.0592,35.8723],[-79.0462,35.9129],[-79.0558,35.9533],[-79.0572,35.9938],[-79.0503,36.0343],[-79.0327,36.0692],[-79.0042,36.0988],[-78.965,36.1154],[-78.915,36.1192],[-78.8707,36.1004],[-78.8322,36.059],[-78.8001,36.0059],[-78.7744,35.9412],[-78.7618,35.8926],[-78.7625,35.8602],[-78.7697,35.8359],[-78.7832,35.8199],[-78.815,35.8022],[-78.865,35.7829],[-78.8978,35.7504],[-78.9135,35.7046],[-78.9385,35.6628],[-78.9728,35.6249],[-79.015,35.605],[-79.065,35.6029],[-79.0976,35.6177],[-79.1128,35.6495],[-79.1185,35.702]]]}},{"type":"Feature","properties":{"c":"#fed976","v0":10.0,"v1":20.0},"geometry":{"type":"Polygon","coordinates":[[[-84.8569,35.6817],[-84.8466,35.7142],[-84.8336,35.7367],[-84.8179,35.7494],[-84.77,35.7665],[-84.69,35.788],[-84.61,35.8],[-84.53,35.8025],[-84.4742,35.7895],[-84.4426,35.7609],[-84.4285,35.7101],[-84.432,35.637],[-84.4528,35.5854],[-84.4909,35.5554],[-84.53,35.5342],[-84.57,35.5218],[-84.615,35.5182],[-84.665,35.5235],[-84.725,35.5493],[-84.795,35.5957],[-84.838,35.6306],[-84.8541,35.6538],[-84.8569,35.6817]],[[-84.837,35.6843],[-84.819,35.7219],[-84.775,35.7516],[-84.705,35.7732],[-84.625,35.7856],[-84.535,35.7889],[-84.4778,35.7795],[-84.4533,35.7576],[-84.4406,35.7142],[-84.4396,35.6492],[-84.4718,35.5951],[-84.5373,35.552],[-84.6,35.533],[-84.66,35.5381],[-84.7242,35.5637],[-84.7925,35.6099],[-84.8315,35.641],[-84.8411,35.6573],[-84.837,35.6843]]]}},{"type":"Feature","properties":{"c":"#fed976","v0":10.0,"v1":20.0},"geometry":{"type":"Polygon","coordinates":[[[-82.6868,35.1738],[-82.6756,35.2013],[-82.6419,35.2258],[-82.5857,35.2474],[-82.543,35.2786],[-82.5139,35.3194],[-82.482,35.3502],[-82.4473,35.3709],[-82.41,35.3813],[-82.37,35.3814],[-82.32,35.3945],[-82.26,35.4207],[-82.22,35.4315],[-82.2,35.4271],[-82.1815,35.4159],[-82.1646,35.3978],[-82.152,35.3602],[-82.1436,35.303],[-82.1749,35.25],[-82.2457,35.201],[-82.2857,35.1519],[-82.2949,35.1028],[-82.3121,35.0677],[-82.3374,35.0465],[-82.37,35.0335],[-82.41,35.0286],[-82.48,35.0408],[-82.58,35.0703],[-82.6456,35.1038],[-82.6768,35.1413],[-82.6868,35.1738]],[[-82.6729,35.1724],[-82.6616,35.1969],[-82.6295,35.2188],[-82.5765,35.2381],[-82.535,35.2683],[-82.505,35.3094],[-82.475,35.3393],[-82.445,35.3581],[-82.405,35.3687],[-82.355,35.371],[-82.305,35.3841],[-82.255,35.4081],[-82.2158,35.4122],[-82.1873,35.3965],[-82.169,35.3602],[-82.1608,35.303],[-82.1901,35.2529],[-82.2567,35.2097],[-82.2967,35.1607],[-82.3101,35.1058],[-82.3251,35.0713],[-82.3417,35.0572],[-82.37,35.047],[-82.41,35.0407],[-82.475,35.0509],[-82.565,35.0777],[-82.6271,35.1084],[-82.6614,35.1429],[-82.6729,35.1724]]]}},{"type":"Feature","properties":{"c":"#fed976","v0":10.0,"v1":20.0},"geometry":{"type":"Polygon","coordinates":[[[-77.4736,35.1601],[-77.4661,35.1928],[-77.4543,35.2161],[-77.4381,35.2301],[-77.39,35.2494],[-77.31,35.2741],[-77.255,35.2864],[-77.225,35.2863],[-77.17,35.2713],[-77.09,35.2412],[-77.01,35.2462],[-76.93,35.2863],[-76.875,35.3051],[-76.845,35.3026],[-76.8163,35.2905],[-76.7888,35.2689],[-76.767,35.2296],[-76.7507,35.1724],[-76.7529,35.0987],[-76.7735,35.0087],[-76.7576,34.9554],[-76.7051,34.939],[-76.6734,34.9062],[-76.6623,34.857],[-76.6663,34.8119],[-76.6853,34.7708],[-76.7319,34.7051],[-76.8061,34.6146],[-76.8149,34.5695],[-76.7583,34.5699],[-76.7136,34.5493],[-76.6807,34.5077],[-76.6592,34.425],[-76.6491,34.3012],[-76.6605,34.2174],[-76.6935,34.1737],[-76.725,34.1478],[-76.755,34.1398],[-76.785,34.1383],[-76.815,34.1433],[-76.8639,34.1816],[-76.9318,34.2531],[-76.9714,34.3343],[-76.9827,34.425],[-76.9538,34.4932],[-76.8846,34.5388],[-76.875,34.5651],[-76.925,34.5721],[-76.965,34.5893],[-76.995,34.6167],[-77.055,34.6183],[-77.145,34.5942],[-77.2285,34.5995],[-77.3056,34.6342],[-77.357,34.6804],[-77.3827,34.7379],[-77.3973,34.816],[-77.4009,34.9144],[-77.4213,35.0087],[-77.4586,35.0987],[-77.4736,35.1601]],[[-76.9741,34.4498],[-76.9604,34.4745],[-76.9227,34.5011],[-76.8609,34.5296],[-76.81,34.5485],[-76.77,34.5577],[-76.74,34.5567],[-76.72,34.5454],[-76.7021,34.5265],[-76.6862,34.5001],[-76.6727,34.4498],[-76.6618,34.3755],[-76.6578,34.3095],[-76.6607,34.2516],[-76.6714,34.2103],[-76.6899,34.1855],[-76.7168,34.1666],[-76.7523,34.1537],[-76.7892,34.1537],[-76.8275,34.1666],[-76.8724,34.202],[-76.9241,34.2599],[-76.9576,34.326],[-76.9732,34.4003],[-76.9741,34.4498]],[[-77.4535,35.1642],[-77.4342,35.205],[-77.3809,35.2385],[-77.2936,35.2646],[-77.2,35.262],[-77.1,35.2307],[-77.0374,35.2176],[-77.0121,35.2229],[-76.9721,35.2429],[-76.9174,35.2776],[-76.87,35.2898],[-76.83,35.2795],[-76.7981,35.258],[-76.7744,35.2254],[-76.761,35.1969],[-76.7579,35.1724],[-76.7682,35.111],[-76.7918,35.0128],[-76.8002,34.9589],[-76.7934,34.9494],[-76.7672,34.9412],[-76.7217,34.9343],[-76.6919,34.9103],[-76.6779,34.8693],[-76.678,34.8283],[-76.6921,34.7872],[-76.7319,34.7245],[-76.7973,34.6402],[-76.84,34.5927],[-76.86,34.5823],[-76.885,34.578],[-76.915,34.5801],[-76.95,34.597],[-76.99,34.6289],[-77.04,34.6329],[-77.1,34.609],[-77.145,34.5962],[-77.175,34.5945],[-77.2239,34.6082],[-77.2918,34.6371],[-77.3397,34.6804],[-77.3677,34.7379],[-77.383,34.816],[-77.3858,34.9144],[-77.4062,35.0087],[-77.4441,35.0987],[-77.4535,35.1642]]]}},{"type":"Feature","properties":{"c":"#fed976","v0":10.0,"v1":20.0},"geometry":{"type":"Polygon","coordinates":[[[-108.1095,35.1389],[-108.0965,35.1619],[-108.075,35.1713],[-108.045,35.1671],[-107.9956,35.1311],[-107.9269,35.0631],[-107.8519,35.0041],[-107.7706,34.9538],[-107.695,34.9855],[-107.625,35.099],[-107.575,35.1614],[-107.545,35.1729],[-107.515,35.1762],[-107.485,35.1713],[-107.4593,35.1504],[-107.4378,35.1132],[-107.4445,35.066],[-107.4795,35.0087],[-107.4976,34.9595],[-107.499,34.9185],[-107.4873,34.8853],[-107.4624,34.8599],[-107.425,34.8381],[-107.375,34.8198],[-107.3366,34.7997],[-107.3099,34.7777],[-107.2906,34.7544],[-107.2788,34.7297],[-107.2788,34.7009],[-107.2906,34.668],[-107.3248,34.6333],[-107.3816,34.5967],[-107.425,34.5755],[-107.455,34.5699],[-107.485,34.5708],[-107.515,34.5784],[-107.56,34.6412],[-107.62,34.759],[-107.655,34.8223],[-107.665,34.8314],[-107.6845,34.8186],[-107.7135,34.784],[-107.7435,34.7671],[-107.7745,34.768],[-107.825,34.8029],[-107.895,34.8716],[-107.9554,34.9203],[-108.0063,34.9492],[-108.0528,35.0046],[-108.095,35.0865],[-108.1095,35.1389]],[[-107.7007,34.9349],[-107.6921,34.9759],[-107.6618,35.0333],[-107.6097,35.1069],[-107.5703,35.1496],[-107.5434,35.1614],[-107.515,35.1638],[-107.485,35.1571],[-107.4627,35.139],[-107.4482,35.1094],[-107.459,35.066],[-107.4951,35.0087],[-107.5138,34.9595],[-107.5149,34.9185],[-107.5041,34.885],[-107.4814,34.8589],[-107.44,34.8334],[-107.38,34.8085],[-107.3378,34.7846],[-107.3135,34.7617],[-107.298,34.7379],[-107.2914,34.7133],[-107.2988,34.6845],[-107.3202,34.6516],[-107.3506,34.6242],[-107.3902,34.6022],[-107.435,34.59],[-107.485,34.5875],[-107.5361,34.6273],[-107.5883,34.7093],[-107.622,34.7749],[-107.6372,34.8242],[-107.6598,34.8652],[-107.69,34.898],[-107.7007,34.9349]]]}},{"type":"Feature","properties":{"c":"#fed976","v0":10.0,"v1":20.0},"geometry":{"type":"Polygon","coordinates":[[[-101.5512,34.816],[-101.5455,34.8488],[-101.5294,34.8861],[-101.5031,34.9278],[-101.47,34.9531],[-101.43,34.9618],[-101.3945,34.9614],[-101.3636,34.952],[-101.3393,34.9226],[-101.3216,34.8734],[-101.334,34.8119],[-101.3766,34.7379],[-101.3959,34.6966],[-101.392,34.6878],[-101.355,34.6831],[-101.285,34.6826],[-101.2362,34.6746],[-101.2087,34.6593],[-101.1879,34.631],[-101.1737,34.5899],[-101.1745,34.5528],[-101.1903,34.5199],[-101.2212,34.4972],[-101.2671,34.4849],[-101.345,34.491],[-101.455,34.5155],[-101.5194,34.5464],[-101.5381,34.5836],[-101.5492,34.6516],[-101.5525,34.7503],[-101.5512,34.816]],[[-101.5363,34.816],[-101.5294,34.8488],[-101.5119,34.8851],[-101.484,34.9249],[-101.455,34.9472],[-101.425,34.952],[-101.3955,34.9485],[-101.3664,34.9367],[-101.346,34.9103],[-101.3342,34.8693],[-101.3495,34.8078],[-101.3919,34.7256],[-101.4073,34.6802],[-101.3958,34.6715],[-101.36,34.6689],[-101.3,34.6722],[-101.255,34.6671],[-101.225,34.6535],[-101.2027,34.6315],[-101.1881,34.601],[-101.1881,34.5672],[-101.2027,34.53],[-101.23,34.5066],[-101.27,34.4968],[-101.3421,34.503],[-101.4463,34.5252],[-101.5068,34.5528],[-101.5237,34.5858],[-101.5294,34.6269],[-101.5237,34.6763],[-101.5256,34.7256],[-101.5351,34.7749],[-101.5363,34.816]]]}},{"type":"Feature","properties":{"c":"#fed976","v0":10.0,"v1":20.0},"geometry":{"type":"Polygon","coordinates":[[[-79.1896,34.5682],[-79.1765,34.5989],[-79.155,34.6204],[-79.125,34.6328],[-79.08,34.6365],[-79.02,34.6316],[-78.9661,34.6183],[-78.9182,34.5966],[-78.8866,34.5693],[-78.871,34.5363],[-78.8711,34.491],[-78.8867,34.4333],[-78.8769,34.3962],[-78.8418,34.3797],[-78.819,34.359],[-78.8086,34.3343],[-78.8113,34.2971],[-78.8273,34.2475],[-78.849,34.2176],[-78.8763,34.2075],[-78.905,34.2037],[-78.935,34.2064],[-78.9674,34.2238],[-79.0022,34.2561],[-79.0386,34.2806],[-79.0767,34.2971],[-79.101,34.3177],[-79.1114,34.3425],[-79.114,34.3797],[-79.1088,34.4292],[-79.1251,34.4663],[-79.1629,34.491],[-79.1854,34.5157],[-79.1925,34.5405],[-79.1896,34.5682]],[[-79.1774,34.5652],[-79.1682,34.5899],[-79.1452,34.6088],[-79.1084,34.6221],[-79.06,34.6241],[-79.0,34.6151],[-78.9515,34.6003],[-78.9144,34.5796],[-78.8913,34.5528],[-78.8822,34.5199],[-78.8865,34.4786],[-78.9041,34.4292],[-78.8921,34.3924],[-78.8507,34.3682],[-78.8269,34.3476],[-78.8207,34.3304],[-78.8257,34.2984],[-78.8419,34.2514],[-78.875,34.2261],[-78.925,34.2225],[-78.965,34.2363],[-78.995,34.2674],[-79.03,34.2924],[-79.07,34.3112],[-79.0891,34.3539],[-79.0873,34.4206],[-79.1057,34.4663],[-79.1444,34.491],[-79.1683,34.5157],[-79.1774,34.5405],[-79.1774,34.5652]]]}},{"type":"Feature","properties":{"c":"#fed976","v0":10.0,"v1":20.0},"geometry":{"type":"Polygon","coordinates":[[[-107.3631,34.3095],[-107.3324,34.3838],[-107.3003,34.4368],[-107.2668,34.4686],[-107.21,34.4839],[-107.13,34.4826],[-107.0725,34.4709],[-107.0376,34.4486],[-107.0094,34.4168],[-106.988,34.3755],[-106.9822,34.326],[-106.9921,34.2682],[-107.0052,34.2324],[-107.0217,34.2188],[-107.05,34.2075],[-107.09,34.1985],[-107.135,34.1722],[-107.185,34.1287],[-107.225,34.1071],[-107.255,34.1075],[-107.2821,34.1158],[-107.3062,34.1319],[-107.3302,34.1565],[-107.354,34.1896],[-107.3691,34.2227],[-107.3753,34.2558],[-107.3631,34.3095]],[[-107.3584,34.293],[-107.3467,34.3343],[-107.3181,34.384],[-107.2727,34.4421],[-107.21,34.4705],[-107.13,34.4691],[-107.0773,34.4607],[-107.0519,34.4452],[-107.0291,34.4209],[-107.0086,34.3879],[-107.0025,34.3384],[-107.0107,34.2723],[-107.04,34.231],[-107.0904,34.2144],[-107.1392,34.1841],[-107.1864,34.1401],[-107.2325,34.1236],[-107.2775,34.1345],[-107.3145,34.1606],[-107.3437,34.202],[-107.3598,34.2351],[-107.3628,34.2599],[-107.3584,34.293]]]}},{"type":"Feature","properties":{"c":"#fed976","v0":10.0,"v1":20.0},"geometry":{"type":"Polygon","coordinates":[[[-106.9383,33.775],[-106.9208,33.8082],[-106.8823,33.8498],[-106.823,33.8996],[-106.8024,33.9452],[-106.8206,33.9867],[-106.824,34.0281],[-106.8127,34.0696],[-106.8351,34.111],[-106.8912,34.1524],[-106.9211,34.1979],[-106.9249,34.2475],[-106.9126,34.2865],[-106.8842,34.3149],[-106.845,34.3303],[-106.795,34.3329],[-106.7521,34.3146],[-106.7162,34.2754],[-106.7008,34.231],[-106.706,34.1813],[-106.6839,34.1433],[-106.6346,34.1168],[-106.5977,34.0837],[-106.5732,34.0439],[-106.5656,34.0074],[-106.575,33.9742],[-106.6002,33.9411],[-106.6411,33.9079],[-106.6646,33.883],[-106.6707,33.8664],[-106.6586,33.8373],[-106.6284,33.7957],[-106.6046,33.7376],[-106.587,33.6627],[-106.5912,33.6097],[-106.6171,33.5787],[-106.66,33.5645],[-106.72,33.5672],[-106.775,33.5828],[-106.825,33.6111],[-106.8575,33.6419],[-106.8724,33.6752],[-106.8967,33.7084],[-106.9303,33.7417],[-106.9383,33.775]],[[-106.921,33.775],[-106.9024,33.8082],[-106.8637,33.8456],[-106.8049,33.8871],[-106.7855,33.9328],[-106.8056,33.9825],[-106.8056,34.0323],[-106.7857,34.082],[-106.7993,34.1147],[-106.8464,34.1305],[-106.882,34.1595],[-106.9061,34.2016],[-106.9093,34.2434],[-106.8915,34.2847],[-106.8595,34.3104],[-106.8132,34.3207],[-106.7798,34.3207],[-106.7595,34.3104],[-106.7391,34.2888],[-106.7188,34.2558],[-106.714,34.2109],[-106.7247,34.1544],[-106.71,34.1234],[-106.67,34.1182],[-106.6328,34.0968],[-106.5984,34.0593],[-106.5825,34.024],[-106.5852,33.9908],[-106.6114,33.9535],[-106.6612,33.912],[-106.6875,33.8788],[-106.6901,33.8539],[-106.6762,33.8248],[-106.6456,33.7916],[-106.6214,33.7376],[-106.6038,33.6627],[-106.6037,33.6136],[-106.6212,33.5903],[-106.655,33.5779],[-106.705,33.5763],[-106.7589,33.5921],[-106.8167,33.6253],[-106.8517,33.6582],[-106.8639,33.6908],[-106.8851,33.7199],[-106.9152,33.7455],[-106.921,33.775]]]}},{"type":"Feature","properties":{"c":"#fed976","v0":10.0,"v1":20.0},"geometry":{"type":"Polygon","coordinates":[[[-77.4039,34.2601],[-77.3813,34.3018],[-77.36,34.3285],[-77.34,34.3401],[-77.315,34.3459],[-77.285,34.3457],[-77.2554,34.3355],[-77.2261,34.3154],[-77.2111,34.2758],[-77.2104,34.2166],[-77.15,34.1771],[-77.03,34.1574],[-76.9459,34.1208],[-76.8976,34.0673],[-76.8736,34.024],[-76.8739,33.9908],[-76.8844,33.9535],[-76.9051,33.912],[-76.934,33.882],[-76.9713,33.8633],[-77.01,33.8593],[-77.05,33.87],[-77.0838,33.8876],[-77.1115,33.9122],[-77.1365,33.9498],[-77.1588,34.0005],[-77.1868,34.0378],[-77.2205,34.0618],[-77.2428,34.0861],[-77.2536,34.111],[-77.2868,34.1302],[-77.3423,34.1437],[-77.3813,34.1726],[-77.4039,34.217],[-77.4039,34.2601]],[[-77.3885,34.2599],[-77.3628,34.3012],[-77.34,34.3254],[-77.32,34.3328],[-77.295,34.3336],[-77.265,34.3279],[-77.2418,34.3119],[-77.2255,34.2855],[-77.2212,34.2434],[-77.229,34.1855],[-77.2622,34.1559],[-77.3207,34.1548],[-77.3628,34.1755],[-77.3885,34.218],[-77.3885,34.2599]],[[-77.2382,34.1316],[-77.2327,34.148],[-77.22,34.1585],[-77.2,34.1632],[-77.135,34.1571],[-77.025,34.1403],[-76.9485,34.1049],[-76.9056,34.051],[-76.8965,33.9908],[-76.9212,33.9245],[-76.9477,33.8849],[-76.9759,33.872],[-77.01,33.8716],[-77.05,33.8837],[-77.1127,33.9482],[-77.1982,34.0651],[-77.2382,34.1316]]]}},{"type":"Feature","properties":{"c":"#fed976","v0":10.0,"v1":20.0},"geometry":{"type":"Polygon","coordinates":[[[-80.2908,33.6618],[-80.2769,33.7016],[-80.244,33.7308],[-80.1919,33.7492],[-80.1602,33.7874],[-80.1489,33.8456],[-80.1049,33.9042],[-80.0283,33.9631],[-79.97,34.0017],[-79.93,34.0197],[-79.8826,34.0234],[-79.8277,34.0128],[-79.7912,33.9908],[-79.7731,33.9577],[-79.7641,33.9245],[-79.7642,33.8913],[-79.7863,33.8498],[-79.8306,33.7999],[-79.8531,33.7376],[-79.8538,33.6627],[-79.8831,33.5802],[-79.941,33.49],[-79.98,33.4404],[-80.0,33.4315],[-80.04,33.427],[-80.1,33.4271],[-80.1387,33.4433],[-80.1562,33.4757],[-80.1885,33.5085],[-80.2357,33.5419],[-80.2689,33.5794],[-80.2881,33.621],[-80.2908,33.6618]],[[-80.2751,33.6616],[-80.2584,33.7011],[-80.2247,33.726],[-80.1741,33.7365],[-80.1503,33.7583],[-80.1535,33.7916],[-80.1438,33.8283],[-80.1213,33.8683],[-80.065,33.9196],[-79.975,33.9819],[-79.91,34.0139],[-79.87,34.0156],[-79.84,34.0119],[-79.82,34.003],[-79.802,33.9841],[-79.786,33.9554],[-79.7793,33.9203],[-79.7819,33.8788],[-79.8066,33.8373],[-79.8534,33.7957],[-79.8731,33.7417],[-79.8657,33.6752],[-79.89,33.5961],[-79.9461,33.5044],[-79.9881,33.4531],[-80.016,33.4424],[-80.0532,33.4382],[-80.0995,33.4406],[-80.1295,33.4556],[-80.1432,33.4833],[-80.1731,33.5125],[-80.2192,33.5432],[-80.2526,33.5794],[-80.2732,33.621],[-80.2751,33.6616]]]}},{"type":"Feature","properties":{"c":"#fed976","v0":10.0,"v1":20.0},"geometry":{"type":"Polygon","coordinates":[[[-87.638,33.4948],[-87.6193,33.5341],[-87.59,33.5576],[-87.55,33.5656],[-87.45,33.5371],[-87.29,33.4722],[-87.2003,33.4278],[-87.181,33.4037],[-87.1727,33.375],[-87.1754,33.3416],[-87.2101,33.3004],[-87.2767,33.2515],[-87.335,33.228],[-87.385,33.2301],[-87.4564,33.2587],[-87.5492,33.314],[-87.6086,33.375],[-87.6344,33.4418],[-87.638,33.4948]],[[-87.6251,33.4919],[-87.6103,33.5252],[-87.5847,33.5454],[-87.5482,33.5525],[-87.4875,33.5358],[-87.4024,33.4954],[-87.3274,33.4659],[-87.2625,33.4474],[-87.219,33.4266],[-87.1969,33.4033],[-87.1857,33.3792],[-87.1854,33.3541],[-87.2164,33.3166],[-87.2788,33.2665],[-87.33,33.2405],[-87.37,33.2386],[-87.4363,33.2636],[-87.5288,33.3156],[-87.5895,33.375],[-87.6181,33.4418],[-87.6251,33.4919]]]}},{"type":"Feature","properties":{"c":"#fed976","v0":10.0,"v1":20.0},"geometry":{"type":"Polygon","coordinates":[[[-81.8467,33.1953],[-81.8306,33.2371],[-81.8025,33.2747],[-81.7623,33.3082],[-81.7284,33.3458],[-81.7008,33.3875],[-81.6678,33.4205],[-81.6293,33.4447],[-81.595,33.4568],[-81.565,33.4568],[-81.525,33.4455],[-81.475,33.423],[-81.42,33.4089],[-81.36,33.4034],[-81.3155,33.3859],[-81.2864,33.3564],[-81.2719,33.3207],[-81.2719,33.2789],[-81.2914,33.2285],[-81.3305,33.1694],[-81.3573,33.1108],[-81.3719,33.0526],[-81.4119,33.0009],[-81.4773,32.9556],[-81.53,32.9301],[-81.57,32.9245],[-81.6031,32.9261],[-81.6294,32.9351],[-81.6604,32.9648],[-81.6962,33.0152],[-81.7455,33.0571],[-81.8083,33.0906],[-81.8435,33.1241],[-81.851,33.1576],[-81.8467,33.1953]],[[-81.8314,33.1953],[-81.8134,33.2371],[-81.7858,33.2727],[-81.7486,33.3022],[-81.715,33.3392],[-81.685,33.384],[-81.655,33.4157],[-81.625,33.4346],[-81.595,33.444],[-81.565,33.444],[-81.53,33.4335],[-81.49,33.4124],[-81.44,33.3999],[-81.38,33.396],[-81.3343,33.381],[-81.3029,33.3547],[-81.2871,33.3207],[-81.287,33.2789],[-81.3043,33.2329],[-81.339,33.1827],[-81.3641,33.1283],[-81.3794,33.0697],[-81.4028,33.024],[-81.4343,32.9914],[-81.465,32.9679],[-81.495,32.9534],[-81.525,32.9429],[-81.555,32.9363],[-81.585,32.9364],[-81.615,32.9434],[-81.65,32.9736],[-81.69,33.0271],[-81.7377,33.0673],[-81.7932,33.094],[-81.8258,33.1241],[-81.8356,33.1576],[-81.8314,33.1953]]]}},{"type":"Feature","properties":{"c":"#fed976","v0":10.0,"v1":20.0},"geometry":{"type":"Polygon","coordinates":[[[-87.0303,33.0697],[-87.0248,33.0948],[-87.004,33.1225],[-86.968,33.1526],[-86.89,33.1689],[-86.77,33.1714],[-86.7193,33.1981],[-86.7379,33.2492],[-86.7329,33.2921],[-86.7043,33.3268],[-86.675,33.3466],[-86.645,33.3514],[-86.615,33.345],[-86.585,33.3274],[-86.5569,33.3369],[-86.5306,33.3735],[-86.5056,33.3964],[-86.4819,33.4056],[-86.455,33.4081],[-86.425,33.4038],[-86.397,33.3909],[-86.371,33.3692],[-86.3447,33.304],[-86.318,33.1953],[-86.316,33.1218],[-86.3387,33.0836],[-86.4,33.0585],[-86.5,33.0464],[-86.58,33.021],[-86.64,32.9824],[-86.705,32.956],[-86.775,32.9417],[-86.85,32.9427],[-86.93,32.959],[-86.9858,32.9896],[-87.0173,33.0346],[-87.0303,33.0697]],[[-87.0156,33.0697],[-87.0084,33.0948],[-86.9861,33.1209],[-86.9487,33.148],[-86.8721,33.1605],[-86.7564,33.1586],[-86.6957,33.1618],[-86.69,33.1702],[-86.6984,33.1995],[-86.7209,33.2497],[-86.7216,33.2886],[-86.7005,33.3162],[-86.675,33.3324],[-86.645,33.3371],[-86.61,33.3273],[-86.57,33.303],[-86.5444,33.3077],[-86.5332,33.3415],[-86.5182,33.3669],[-86.4994,33.384],[-86.475,33.3933],[-86.445,33.3946],[-86.4163,33.3861],[-86.389,33.3676],[-86.3612,33.304],[-86.3329,33.1953],[-86.3234,33.1283],[-86.3327,33.1032],[-86.3455,33.0856],[-86.3618,33.0754],[-86.425,33.0634],[-86.535,33.0495],[-86.61,33.0264],[-86.65,32.9939],[-86.705,32.9699],[-86.775,32.9543],[-86.845,32.9528],[-86.915,32.9654],[-86.9673,32.9931],[-87.0019,33.0358],[-87.0156,33.0697]]]}},{"type":"Feature","properties":{"c":"#fed976","v0":10.0,"v1":20.0},"geometry":{"type":"Polygon","coordinates":[[[-81.1344,33.1074],[-81.1273,33.1409],[-81.1103,33.1701],[-81.0834,33.1949],[-81.02,33.2226],[-80.92,33.2531],[-80.855,33.278],[-80.825,33.2972],[-80.78,33.3059],[-80.72,33.3039],[-80.6766,33.2917],[-80.6497,33.2692],[-80.6334,33.2455],[-80.6276,33.2204],[-80.633,33.1911],[-80.6498,33.1576],[-80.7162,33.1087],[-80.8321,33.0442],[-80.935,33.0067],[-81.025,32.9962],[-81.0814,32.9991],[-81.1042,33.0154],[-81.1212,33.0403],[-81.1323,33.0738],[-81.1344,33.1074]],[[-81.1221,33.1032],[-81.1188,33.1283],[-81.1053,33.1539],[-81.0818,33.1799],[-81.0168,33.2092],[-80.9105,33.2417],[-80.8405,33.2686],[-80.8068,33.2896],[-80.77,33.2995],[-80.73,33.2981],[-80.6933,33.2834],[-80.6598,33.2553],[-80.6429,33.2287],[-80.6423,33.2036],[-80.651,33.1785],[-80.6689,33.1534],[-80.7359,33.1101],[-80.852,33.0484],[-80.95,33.0141],[-81.03,33.0071],[-81.0834,33.0253],[-81.1103,33.0688],[-81.1221,33.1032]]]}},{"type":"Feature","properties":{"c":"#fed976","v0":10.0,"v1":20.0},"geometry":{"type":"Polygon","coordinates":[[[-107.8048,32.6312],[-107.7949,32.6534],[-107.773,32.6744],[-107.739,32.6944],[-107.722,32.7338],[-107.7218,32.7927],[-107.7088,32.836],[-107.6829,32.8638],[-107.65,32.8841],[-107.61,32.8968],[-107.5876,32.908],[-107.5827,32.9179],[-107.602,32.9522],[-107.6454,33.011],[-107.6637,33.0655],[-107.657,33.1157],[-107.6177,33.1517],[-107.5459,33.1733],[-107.47,33.1747],[-107.39,33.1559],[-107.3371,33.1325],[-107.3112,33.1046],[-107.2966,33.0697],[-107.2932,33.0277],[-107.3429,32.9313],[-107.4456,32.78],[-107.5282,32.6875],[-107.5906,32.6538],[-107.6176,32.6159],[-107.609,32.5738],[-107.6135,32.5232],[-107.631,32.4642],[-107.6573,32.4264],[-107.6924,32.4099],[-107.725,32.4094],[-107.755,32.4249],[-107.7799,32.4795],[-107.7998,32.5733],[-107.8048,32.6312]],[[-107.7895,32.631],[-107.7765,32.6526],[-107.7527,32.6694],[-107.7182,32.6815],[-107.7059,32.7085],[-107.7156,32.7506],[-107.7131,32.7885],[-107.6985,32.8221],[-107.6604,32.8557],[-107.5986,32.8893],[-107.5694,32.9187],[-107.5728,32.9439],[-107.5954,32.9816],[-107.6372,33.0319],[-107.6558,33.0738],[-107.6512,33.1074],[-107.6142,33.1357],[-107.5447,33.159],[-107.475,33.1636],[-107.405,33.1495],[-107.3541,33.1253],[-107.3222,33.091],[-107.3063,33.0571],[-107.3064,33.0235],[-107.3586,32.9313],[-107.4629,32.78],[-107.5288,32.6952],[-107.5563,32.6768],[-107.5893,32.6642],[-107.6279,32.6573],[-107.6402,32.6286],[-107.626,32.578],[-107.6289,32.5232],[-107.6488,32.4642],[-107.6715,32.4295],[-107.6972,32.4193],[-107.721,32.4193],[-107.7429,32.4295],[-107.7644,32.4811],[-107.7855,32.5738],[-107.7895,32.631]]]}},{"type":"Feature","properties":{"c":"#fed976","v0":10.0,"v1":20.0},"geometry":{"type":"Polygon","coordinates":[[[-76.3757,32.6959],[-76.3313,32.8809],[-76.2944,32.9831],[-76.2648,33.0028],[-76.235,33.0149],[-76.205,33.0195],[-76.165,33.0084],[-76.115,32.9817],[-76.065,32.9892],[-76.015,33.0308],[-75.9674,33.0488],[-75.9223,33.0431],[-75.8788,33.0194],[-75.8371,32.9774],[-75.8128,32.9439],[-75.8061,32.9187],[-75.823,32.8683],[-75.8637,32.7927],[-75.8955,32.7511],[-75.9185,32.7438],[-75.96,32.7469],[-76.02,32.7606],[-76.09,32.7463],[-76.17,32.7041],[-76.2229,32.6589],[-76.2487,32.6106],[-76.2737,32.5793],[-76.2979,32.5649],[-76.325,32.5589],[-76.355,32.561],[-76.377,32.5724],[-76.3909,32.593],[-76.3757,32.6959]],[[-76.3753,32.6412],[-76.3666,32.717],[-76.3491,32.7758],[-76.3229,32.8179],[-76.3126,32.8599],[-76.3184,32.9019],[-76.3137,32.9355],[-76.2986,32.9606],[-76.2657,32.9823],[-76.2152,33.0004],[-76.165,32.9939],[-76.115,32.9626],[-76.065,32.9696],[-76.015,33.0149],[-75.97,33.0362],[-75.93,33.0335],[-75.8907,33.0132],[-75.8522,32.9754],[-75.8289,32.9439],[-75.8208,32.9187],[-75.8351,32.8716],[-75.8717,32.8028],[-75.9,32.7644],[-75.92,32.7568],[-75.965,32.7583],[-76.035,32.7692],[-76.11,32.7517],[-76.19,32.706],[-76.245,32.6575],[-76.275,32.6063],[-76.305,32.5781],[-76.335,32.5728],[-76.3574,32.5784],[-76.3723,32.595],[-76.3753,32.6412]]]}},{"type":"Feature","properties":{"c":"#fed976","v0":10.0,"v1":20.0},"geometry":{"type":"Polygon","coordinates":[[[-84.2325,32.8515],[-84.2267,32.8767],[-84.2103,32.9018],[-84.1834,32.9267],[-84.125,32.9577],[-84.035,32.9947],[-83.96,33.0047],[-83.9,32.9876],[-83.84,32.9804],[-83.78,32.9833],[-83.7365,32.9734],[-83.7095,32.9509],[-83.69,32.9229],[-83.6781,32.8893],[-83.6816,32.8588],[-83.7005,32.8314],[-83.77,32.7965],[-83.89,32.7541],[-84.005,32.7356],[-84.115,32.7411],[-84.1863,32.7676],[-84.219,32.8151],[-84.2325,32.8515]],[[-84.2086,32.8603],[-84.1829,32.9033],[-84.125,32.9438],[-84.035,32.9821],[-83.965,32.992],[-83.915,32.9735],[-83.87,32.9688],[-83.83,32.978],[-83.795,32.9796],[-83.765,32.9736],[-83.7379,32.9587],[-83.7137,32.9348],[-83.6979,32.9103],[-83.6905,32.8851],[-83.6976,32.86],[-83.7192,32.8349],[-83.785,32.803],[-83.895,32.7641],[-84.0,32.7458],[-84.1,32.7482],[-84.1628,32.7591],[-84.1884,32.7787],[-84.2063,32.8011],[-84.2164,32.8263],[-84.2086,32.8603]]]}},{"type":"Feature","properties":{"c":"#fed976","v0":10.0,"v1":20.0},"geometry":{"type":"Polygon","coordinates":[[[-109.7613,32.7674],[-109.7284,32.8263],[-109.7139,32.8725],[-109.718,32.9061],[-109.7097,32.9397],[-109.689,32.9732],[-109.6315,32.9933],[-109.5372,32.9998],[-109.4722,32.9956],[-109.4365,32.9807],[-109.4115,32.9522],[-109.397,32.9103],[-109.3929,32.8725],[-109.399,32.8389],[-109.3922,32.8137],[-109.3725,32.7969],[-109.3559,32.7674],[-109.3425,32.7254],[-109.3443,32.6824],[-109.3614,32.6385],[-109.395,32.6068],[-109.445,32.5871],[-109.485,32.5777],[-109.515,32.5785],[-109.545,32.5937],[-109.575,32.6234],[-109.625,32.6439],[-109.695,32.6553],[-109.742,32.6803],[-109.7659,32.7188],[-109.7613,32.7674]],[[-109.7421,32.7674],[-109.7086,32.8263],[-109.6941,32.8725],[-109.6988,32.9061],[-109.6933,32.9361],[-109.6778,32.9625],[-109.63,32.9789],[-109.55,32.9854],[-109.4935,32.9848],[-109.4604,32.9771],[-109.4363,32.9606],[-109.421,32.9355],[-109.4136,32.9061],[-109.4142,32.8725],[-109.4234,32.8459],[-109.4411,32.8262],[-109.475,32.8056],[-109.525,32.7839],[-109.5624,32.7475],[-109.5871,32.6963],[-109.6121,32.6672],[-109.6374,32.6602],[-109.665,32.6597],[-109.695,32.6656],[-109.7222,32.686],[-109.7467,32.7207],[-109.7421,32.7674]],[[-109.5443,32.6836],[-109.4948,32.743],[-109.45,32.776],[-109.41,32.7825],[-109.3807,32.7612],[-109.3622,32.7121],[-109.3622,32.6711],[-109.3807,32.6383],[-109.42,32.6142],[-109.48,32.5987],[-109.52,32.5957],[-109.54,32.6049],[-109.5548,32.6206],[-109.5643,32.6428],[-109.5443,32.6836]]]}},{"type":"Feature","properties":{"c":"#fed976","v0":10.0,"v1":20.0},"geometry":{"type":"Polygon","coordinates":[[[-81.9659,32.336],[-81.942,32.3753],[-81.8918,32.4006],[-81.8154,32.412],[-81.6967,32.4431],[-81.5357,32.4937],[-81.4404,32.5527],[-81.4108,32.6201],[-81.3695,32.6739],[-81.3165,32.7139],[-81.265,32.7373],[-81.215,32.744],[-81.1703,32.7366],[-81.1308,32.7151],[-81.105,32.6833],[-81.0929,32.6412],[-81.1002,32.5949],[-81.1269,32.5443],[-81.1727,32.4854],[-81.2376,32.4181],[-81.3,32.3748],[-81.36,32.3555],[-81.425,32.3018],[-81.495,32.2136],[-81.55,32.1668],[-81.59,32.1616],[-81.69,32.1745],[-81.85,32.2054],[-81.9382,32.2279],[-81.9547,32.2418],[-81.9667,32.2657],[-81.9741,32.2995],[-81.9659,32.336]],[[-81.9591,32.3291],[-81.9498,32.3544],[-81.9364,32.3727],[-81.9188,32.384],[-81.8822,32.3924],[-81.8265,32.398],[-81.7115,32.4267],[-81.5372,32.4784],[-81.4324,32.5417],[-81.3971,32.6165],[-81.3521,32.6728],[-81.2974,32.7108],[-81.245,32.7302],[-81.195,32.7308],[-81.1592,32.7244],[-81.1376,32.711],[-81.1201,32.6833],[-81.1069,32.6412],[-81.1112,32.5991],[-81.133,32.5569],[-81.1754,32.5017],[-81.2385,32.4333],[-81.3,32.3902],[-81.36,32.3725],[-81.425,32.3187],[-81.495,32.2287],[-81.55,32.1805],[-81.59,32.174],[-81.685,32.1846],[-81.835,32.2124],[-81.9217,32.2361],[-81.945,32.2558],[-81.9584,32.2784],[-81.9619,32.3037],[-81.9591,32.3291]]]}},{"type":"Feature","properties":{"c":"#fed976","v0":10.0,"v1":20.0},"geometry":{"type":"Polygon","coordinates":[[[-111.174,32.5696],[-111.1689,32.6033],[-111.1573,32.6273],[-111.1391,32.6415],[-111.095,32.6493],[-111.025,32.6508],[-110.9688,32.6437],[-110.9264,32.628],[-110.885,32.578],[-110.8445,32.4937],[-110.8297,32.4178],[-110.8406,32.3502],[-110.8536,32.3037],[-110.8688,32.2784],[-110.8998,32.2589],[-110.9466,32.2454],[-110.985,32.2462],[-111.015,32.2611],[-111.045,32.3049],[-111.075,32.3775],[-111.108,32.4316],[-111.1439,32.4674],[-111.1655,32.5021],[-111.1728,32.5359],[-111.174,32.5696]],[[-111.1541,32.5729],[-111.138,32.6131],[-111.095,32.6347],[-111.025,32.6376],[-110.97,32.6301],[-110.9301,32.6122],[-110.8922,32.5654],[-110.8565,32.4895],[-110.844,32.4178],[-110.8548,32.3502],[-110.8676,32.3053],[-110.8825,32.2831],[-110.91,32.2671],[-110.95,32.2573],[-110.9838,32.26],[-111.0114,32.275],[-111.0364,32.3139],[-111.0588,32.3766],[-111.0886,32.4273],[-111.1259,32.4659],[-111.149,32.5021],[-111.1578,32.5359],[-111.1541,32.5729]]]}},{"type":"Feature","properties":{"c":"#fed976","v0":10.0,"v1":20.0},"geometry":{"type":"Polygon","coordinates":[[[-88.3386,32.2318],[-88.3288,32.2657],[-88.3074,32.3037],[-88.2744,32.346],[-88.2459,32.3724],[-88.222,32.383],[-88.155,32.3896],[-88.045,32.392],[-87.9702,32.3825],[-87.9307,32.361],[-87.9042,32.3375],[-87.8907,32.3122],[-87.8887,32.2741],[-87.8981,32.2234],[-87.9246,32.184],[-87.9682,32.1561],[-88.06,32.1414],[-88.2,32.1399],[-88.2835,32.1454],[-88.3104,32.1579],[-88.3288,32.1768],[-88.3386,32.2022],[-88.3386,32.2318]],[[-88.3228,32.2318],[-88.3124,32.2657],[-88.2829,32.306],[-88.2343,32.3529],[-88.165,32.3799],[-88.075,32.387],[-88.01,32.3841],[-87.97,32.3711],[-87.9382,32.3526],[-87.9147,32.3285],[-87.9026,32.2953],[-87.902,32.253],[-87.9188,32.2135],[-87.9529,32.1768],[-88.04,32.156],[-88.18,32.1511],[-88.265,32.1541],[-88.295,32.165],[-88.3145,32.1816],[-88.3235,32.2038],[-88.3228,32.2318]]]}},{"type":"Feature","properties":{"c":"#fed976","v0":10.0,"v1":20.0},"geometry":{"type":"Polygon","coordinates":[[[-111.9247,32.054],[-111.8984,32.1049],[-111.8764,32.1373],[-111.8588,32.1513],[-111.825,32.164],[-111.775,32.1755],[-111.725,32.2164],[-111.675,32.2865],[-111.61,32.3353],[-111.53,32.3628],[-111.475,32.3759],[-111.445,32.3747],[-111.4215,32.3681],[-111.4046,32.3562],[-111.3875,32.3248],[-111.3702,32.2741],[-111.3704,32.2149],[-111.388,32.1472],[-111.4502,32.0722],[-111.5567,31.9899],[-111.635,31.9419],[-111.685,31.9283],[-111.745,31.9235],[-111.815,31.9275],[-111.8669,31.9374],[-111.9007,31.9529],[-111.9227,31.9777],[-111.9328,32.0116],[-111.9247,32.054]],[[-111.9102,32.0532],[-111.8834,32.1025],[-111.84,32.1364],[-111.78,32.155],[-111.725,32.1999],[-111.675,32.2713],[-111.61,32.3211],[-111.53,32.3496],[-111.475,32.3627],[-111.445,32.3607],[-111.4224,32.353],[-111.4071,32.3399],[-111.3935,32.3122],[-111.3817,32.2699],[-111.3826,32.2191],[-111.3962,32.1599],[-111.4548,32.0885],[-111.5583,32.0048],[-111.635,31.9556],[-111.685,31.9407],[-111.74,31.9341],[-111.8,31.9357],[-111.85,31.9458],[-111.89,31.9646],[-111.9134,31.9876],[-111.9202,32.0149],[-111.9102,32.0532]]]}},{"type":"Feature","properties":{"c":"#fed976","v0":10.0,"v1":20.0},"geometry":{"type":"Polygon","coordinates":[[[-116.0453,31.8495],[-116.0084,31.9328],[-115.96,31.9833],[-115.9,32.0013],[-115.855,32.0261],[-115.825,32.0577],[-115.785,32.0737],[-115.735,32.074],[-115.6876,32.0585],[-115.6429,32.0273],[-115.6174,31.9777],[-115.6111,31.9098],[-115.6465,31.8588],[-115.7238,31.8249],[-115.7893,31.7889],[-115.8431,31.751],[-115.895,31.7286],[-115.945,31.7217],[-115.9853,31.7279],[-116.016,31.7472],[-116.0395,31.7696],[-116.0556,31.7951],[-116.0453,31.8495]],[[-116.0322,31.8461],[-116.0009,31.9225],[-115.9564,31.9686],[-115.8988,31.9843],[-115.85,32.0111],[-115.81,32.049],[-115.77,32.066],[-115.73,32.062],[-115.689,32.0437],[-115.6469,32.011],[-115.626,31.965],[-115.6265,31.9056],[-115.659,31.8631],[-115.7237,31.8376],[-115.7896,31.8027],[-115.8565,31.7584],[-115.91,31.735],[-115.95,31.7325],[-115.9895,31.7504],[-116.0284,31.7887],[-116.0322,31.8461]]]}},{"type":"Feature","properties":{"c":"#fed976","v0":10.0,"v1":20.0},"geometry":{"type":"Polygon","coordinates":[[[-84.8779,31.1554],[-84.8653,31.1811],[-84.838,31.211],[-84.7959,31.2452],[-84.7907,31.288],[-84.8223,31.3392],[-84.8315,31.4118],[-84.8182,31.5057],[-84.7762,31.6016],[-84.7054,31.6997],[-84.6341,31.7593],[-84.5624,31.7803],[-84.5024,31.8089],[-84.4541,31.845],[-84.385,31.8637],[-84.295,31.8652],[-84.23,31.8603],[-84.19,31.849],[-84.145,31.822],[-84.095,31.7792],[-84.0374,31.7406],[-83.9721,31.7061],[-83.9371,31.659],[-83.9324,31.5994],[-83.955,31.5411],[-84.005,31.4842],[-84.0507,31.4416],[-84.092,31.4132],[-84.1172,31.3691],[-84.1263,31.3093],[-84.1956,31.2468],[-84.3252,31.1814],[-84.415,31.1245],[-84.465,31.0761],[-84.51,31.0443],[-84.55,31.0294],[-84.595,31.0334],[-84.645,31.0564],[-84.705,31.0609],[-84.775,31.0468],[-84.8243,31.0483],[-84.8529,31.0655],[-84.8715,31.0912],[-84.8799,31.1255],[-84.8779,31.1554]],[[-84.8327,31.1725],[-84.7767,31.2324],[-84.7654,31.288],[-84.799,31.3392],[-84.8103,31.4076],[-84.7993,31.4929],[-84.7629,31.5827],[-84.701,31.6771],[-84.63,31.7376],[-84.55,31.7641],[-84.49,31.7937],[-84.45,31.8264],[-84.385,31.8438],[-84.295,31.846],[-84.235,31.8433],[-84.205,31.8357],[-84.165,31.8108],[-84.115,31.7684],[-84.0595,31.7326],[-83.9984,31.7034],[-83.9619,31.676],[-83.95,31.6505],[-83.9465,31.6207],[-83.9515,31.5866],[-83.9773,31.544],[-84.0239,31.4929],[-84.0679,31.4536],[-84.1093,31.4262],[-84.135,31.3822],[-84.145,31.3217],[-84.215,31.259],[-84.345,31.1941],[-84.43,31.1399],[-84.47,31.0964],[-84.51,31.0666],[-84.55,31.0507],[-84.59,31.0538],[-84.63,31.0758],[-84.69,31.08],[-84.77,31.0664],[-84.8204,31.0676],[-84.8412,31.0833],[-84.8539,31.1041],[-84.8585,31.1297],[-84.8327,31.1725]]]}},{"type":"Feature","properties":{"c":"#fed976","v0":10.0,"v1":20.0},"geometry":{"type":"Polygon","coordinates":[[[-112.121,31.6079],[-112.0936,31.6505],[-112.0603,31.6803],[-112.0209,31.6973],[-111.998,31.7271],[-111.9916,31.7696],[-111.9738,31.8003],[-111.9446,31.8192],[-111.9,31.8224],[-111.84,31.8099],[-111.79,31.7808],[-111.75,31.735],[-111.71,31.7077],[-111.67,31.699],[-111.625,31.6777],[-111.575,31.644],[-111.525,31.6377],[-111.475,31.6589],[-111.435,31.6673],[-111.405,31.663],[-111.3722,31.6508],[-111.3367,31.6307],[-111.3103,31.6037],[-111.293,31.5696],[-111.2886,31.5227],[-111.297,31.463],[-111.2938,31.4033],[-111.279,31.3435],[-111.2744,31.3008],[-111.28,31.2752],[-111.3147,31.2293],[-111.3782,31.1633],[-111.44,31.1214],[-111.5,31.1037],[-111.5439,31.1068],[-111.5716,31.1306],[-111.5935,31.1683],[-111.6096,31.2196],[-111.6154,31.2623],[-111.6109,31.2965],[-111.5948,31.3307],[-111.5671,31.3649],[-111.5824,31.3882],[-111.6408,31.4008],[-111.6897,31.4179],[-111.729,31.4394],[-111.764,31.4911],[-111.7947,31.5728],[-111.825,31.6126],[-111.855,31.6106],[-111.8814,31.5826],[-111.9042,31.5285],[-111.9342,31.4919],[-111.9714,31.4729],[-112.015,31.4726],[-112.065,31.4911],[-112.1012,31.5219],[-112.1235,31.5651],[-112.121,31.6079]],[[-112.1081,31.6057],[-112.0827,31.644],[-112.05,31.6699],[-112.01,31.6836],[-111.985,31.7162],[-111.975,31.7677],[-111.955,31.7997],[-111.925,31.8122],[-111.885,31.8111],[-111.835,31.7963],[-111.795,31.767],[-111.765,31.7233],[-111.725,31.6964],[-111.675,31.6862],[-111.625,31.6642],[-111.575,31.6303],[-111.54,31.6135],[-111.52,31.6137],[-111.495,31.6245],[-111.465,31.6458],[-111.435,31.6542],[-111.405,31.6498],[-111.3681,31.6281],[-111.3243,31.5891],[-111.3014,31.4929],[-111.2994,31.3392],[-111.3275,31.2324],[-111.3857,31.1725],[-111.4437,31.1342],[-111.5012,31.1176],[-111.5422,31.1218],[-111.5666,31.1471],[-111.585,31.1811],[-111.5973,31.2239],[-111.601,31.2623],[-111.596,31.2965],[-111.5792,31.335],[-111.5504,31.3777],[-111.5695,31.4043],[-111.6365,31.415],[-111.685,31.4278],[-111.715,31.4428],[-111.745,31.495],[-111.775,31.5842],[-111.8144,31.6267],[-111.8633,31.6227],[-111.8957,31.5952],[-111.9114,31.544],[-111.937,31.5077],[-111.9723,31.4861],[-112.0104,31.4818],[-112.0512,31.4949],[-112.0839,31.5227],[-112.1085,31.5653],[-112.1081,31.6057]]]}},{"type":"Feature","properties":{"c":"#fed976","v0":10.0,"v1":20.0},"geometry":{"type":"Polygon","coordinates":[[[-81.6194,31.1076],[-81.5998,31.1403],[-81.5584,31.166],[-81.4952,31.1846],[-81.4452,31.2183],[-81.4084,31.267],[-81.361,31.3097],[-81.3029,31.3465],[-81.2794,31.3734],[-81.2905,31.3905],[-81.3154,31.4076],[-81.3541,31.4246],[-81.3811,31.446],[-81.3965,31.4716],[-81.3963,31.5227],[-81.3807,31.5994],[-81.3377,31.6462],[-81.2673,31.6633],[-81.2116,31.6848],[-81.1705,31.7107],[-81.135,31.7211],[-81.105,31.7159],[-81.0775,31.7029],[-81.0525,31.6822],[-81.0363,31.659],[-81.0289,31.6335],[-81.0252,31.5696],[-81.0253,31.4673],[-81.0323,31.399],[-81.0463,31.3649],[-81.0853,31.3307],[-81.1494,31.2965],[-81.1904,31.2538],[-81.2084,31.2025],[-81.2505,31.1446],[-81.3168,31.08],[-81.4,31.0392],[-81.5,31.0222],[-81.5638,31.0202],[-81.5915,31.0333],[-81.6113,31.0527],[-81.6233,31.0784],[-81.6194,31.1076]],[[-81.6038,31.1071],[-81.5813,31.1388],[-81.54,31.1624],[-81.48,31.1779],[-81.43,31.2118],[-81.39,31.2643],[-81.34,31.3031],[-81.28,31.3281],[-81.26,31.3589],[-81.28,31.3953],[-81.3128,31.427],[-81.3583,31.4539],[-81.3848,31.4801],[-81.3923,31.5057],[-81.3891,31.544],[-81.3752,31.5952],[-81.3287,31.6323],[-81.2496,31.6555],[-81.195,31.6773],[-81.165,31.6979],[-81.135,31.7054],[-81.105,31.6999],[-81.0774,31.6781],[-81.0521,31.6398],[-81.0438,31.5568],[-81.0524,31.4289],[-81.07,31.3535],[-81.0967,31.3307],[-81.132,31.3137],[-81.176,31.3022],[-81.2041,31.2709],[-81.2163,31.2196],[-81.2543,31.1612],[-81.3181,31.0956],[-81.4,31.0541],[-81.5,31.0366],[-81.56,31.032],[-81.58,31.0406],[-81.5963,31.0564],[-81.6088,31.0796],[-81.6038,31.1071]]]}},{"type":"Feature","properties":{"c":"#fed976","v0":10.0,"v1":20.0},"geometry":{"type":"Polygon","coordinates":[[[-88.2927,31.5355],[-88.2824,31.5696],[-88.2605,31.5932],[-88.2268,31.6065],[-88.185,31.6123],[-88.135,31.6107],[-88.0902,31.5998],[-88.0507,31.5797],[-88.0214,31.544],[-88.0024,31.4929],[-87.9772,31.458],[-87.9457,31.4395],[-87.9235,31.4181],[-87.9105,31.394],[-87.8998,31.3521],[-87.8913,31.2923],[-87.8978,31.2448],[-87.9193,31.2098],[-87.955,31.183],[-88.005,31.1644],[-88.055,31.1654],[-88.105,31.1859],[-88.1439,31.2298],[-88.1716,31.2971],[-88.2048,31.3435],[-88.2435,31.3691],[-88.2717,31.4161],[-88.2891,31.4843],[-88.2927,31.5355]],[[-88.281,31.5312],[-88.2756,31.5568],[-88.2622,31.5764],[-88.2407,31.5899],[-88.2,31.5969],[-88.14,31.5974],[-88.0948,31.5906],[-88.0645,31.5766],[-88.0404,31.544],[-88.0224,31.4929],[-87.9976,31.458],[-87.9659,31.4394],[-87.942,31.4181],[-87.926,31.394],[-87.9137,31.3521],[-87.905,31.2923],[-87.913,31.2448],[-87.9377,31.2096],[-87.97,31.1858],[-88.01,31.1732],[-88.0543,31.178],[-88.1028,31.2],[-88.1378,31.2421],[-88.1593,31.3041],[-88.1917,31.3511],[-88.235,31.383],[-88.2634,31.4289],[-88.2769,31.4886],[-88.281,31.5312]]]}},{"type":"Feature","properties":{"c":"#fed976","v0":10.0,"v1":20.0},"geometry":{"type":"Polygon","coordinates":[[[-82.4228,31.4971],[-82.4162,31.5227],[-82.4021,31.5461],[-82.3807,31.5672],[-82.34,31.5778],[-82.28,31.5777],[-82.2406,31.5671],[-82.2217,31.546],[-82.1972,31.4929],[-82.1671,31.4076],[-82.1532,31.3093],[-82.1556,31.1982],[-82.1709,31.1212],[-82.1991,31.0784],[-82.2324,31.0446],[-82.2708,31.0198],[-82.305,31.0078],[-82.335,31.0084],[-82.3629,31.0208],[-82.3888,31.0449],[-82.3914,31.1126],[-82.3708,31.2239],[-82.3769,31.3307],[-82.4097,31.4332],[-82.4228,31.4971]],[[-82.4,31.5038],[-82.38,31.5426],[-82.355,31.5659],[-82.325,31.5737],[-82.295,31.5736],[-82.265,31.5654],[-82.228,31.508],[-82.1839,31.4012],[-82.1647,31.2965],[-82.1704,31.1939],[-82.1881,31.1212],[-82.2178,31.0784],[-82.252,31.0469],[-82.2907,31.0268],[-82.325,31.0218],[-82.355,31.0319],[-82.375,31.0463],[-82.3849,31.0648],[-82.3786,31.1255],[-82.356,31.2281],[-82.361,31.3307],[-82.3937,31.4332],[-82.4,31.5038]]]}},{"type":"Feature","properties":{"c":"#fed976","v0":10.0,"v1":20.0},"geometry":{"type":"Polygon","coordinates":[[[-92.7591,31.4448],[-92.7264,31.5021],[-92.695,31.5351],[-92.665,31.5438],[-92.62,31.547],[-92.56,31.5446],[-92.5162,31.5329],[-92.4885,31.5119],[-92.465,31.4843],[-92.4459,31.4502],[-92.4029,31.4076],[-92.3361,31.3563],[-92.2975,31.3136],[-92.2872,31.2794],[-92.2868,31.2452],[-92.2962,31.211],[-92.3131,31.1863],[-92.3377,31.171],[-92.38,31.1585],[-92.44,31.1487],[-92.4941,31.1564],[-92.5423,31.1814],[-92.5973,31.1953],[-92.6591,31.198],[-92.7023,31.2109],[-92.727,31.2338],[-92.7483,31.288],[-92.7664,31.3734],[-92.7591,31.4448]],[[-92.7557,31.4332],[-92.744,31.4673],[-92.7261,31.495],[-92.702,31.5163],[-92.65,31.5276],[-92.57,31.5288],[-92.51,31.5037],[-92.47,31.4522],[-92.4171,31.4025],[-92.3513,31.3547],[-92.3133,31.3179],[-92.3029,31.2923],[-92.2998,31.2623],[-92.3039,31.2281],[-92.3169,31.2026],[-92.339,31.1856],[-92.375,31.1717],[-92.425,31.1607],[-92.465,31.1588],[-92.495,31.1661],[-92.52,31.1789],[-92.54,31.1971],[-92.585,31.2082],[-92.655,31.2121],[-92.6982,31.2218],[-92.7147,31.2374],[-92.7326,31.288],[-92.7519,31.3734],[-92.7557,31.4332]]]}},{"type":"Feature","properties":{"c":"#fed976","v0":10.0,"v1":20.0},"geometry":{"type":"Polygon","coordinates":[[[-85.476,30.9841],[-85.4712,31.0098],[-85.4591,31.0313],[-85.4397,31.0485],[-85.3897,31.0613],[-85.3092,31.0698],[-85.2626,31.0998],[-85.25,31.1511],[-85.2303,31.1886],[-85.2034,31.2122],[-85.175,31.2282],[-85.145,31.2366],[-85.11,31.2374],[-85.07,31.2306],[-85.0387,31.2146],[-85.0161,31.1894],[-85.0071,31.1383],[-85.0116,31.0612],[-84.9929,31.0154],[-84.951,31.0008],[-84.9161,30.9794],[-84.8882,30.9511],[-84.8744,30.8983],[-84.8746,30.8211],[-84.855,30.7609],[-84.8155,30.7179],[-84.7981,30.6835],[-84.8027,30.6577],[-84.8162,30.6397],[-84.8387,30.6294],[-84.87,30.627],[-84.91,30.6326],[-85.04,30.678],[-85.26,30.7631],[-85.3941,30.8299],[-85.4423,30.8784],[-85.4694,30.9198],[-85.4755,30.9541],[-85.476,30.9841]],[[-85.4557,30.9894],[-85.4386,31.0256],[-85.3905,31.047],[-85.3116,31.0536],[-85.2668,31.0612],[-85.2559,31.0698],[-85.2471,31.0955],[-85.2404,31.1383],[-85.2253,31.1721],[-85.2018,31.1969],[-85.175,31.2139],[-85.145,31.223],[-85.11,31.2241],[-85.07,31.2172],[-85.0416,31.2003],[-85.0249,31.1732],[-85.0204,31.1255],[-85.0282,31.057],[-84.9992,31.0055],[-84.9335,30.9712],[-84.8947,30.9369],[-84.8827,30.9026],[-84.8803,30.8597],[-84.8873,30.8082],[-84.8735,30.7652],[-84.8386,30.7308],[-84.8189,30.7007],[-84.8142,30.6749],[-84.8214,30.6557],[-84.8405,30.6431],[-84.87,30.6398],[-84.91,30.6457],[-85.035,30.6892],[-85.245,30.7703],[-85.375,30.8346],[-85.425,30.8821],[-85.4536,30.9222],[-85.4607,30.9549],[-85.4557,30.9894]]]}},{"type":"Feature","properties":{"c":"#fed976","v0":10.0,"v1":20.0},"geometry":{"type":"Polygon","coordinates":[[[-83.0048,31.0141],[-82.991,31.0655],[-82.9606,31.1117],[-82.9135,31.1527],[-82.835,31.1842],[-82.725,31.2064],[-82.65,31.2151],[-82.61,31.2105],[-82.5774,31.2003],[-82.5521,31.1846],[-82.5448,31.1469],[-82.5554,31.0869],[-82.6031,31.0254],[-82.6877,30.9623],[-82.75,30.9268],[-82.79,30.919],[-82.845,30.9194],[-82.915,30.9282],[-82.9617,30.9379],[-82.9851,30.9487],[-83.0006,30.9627],[-83.008,30.9798],[-83.0048,31.0141]],[[-82.9903,31.0141],[-82.9752,31.0655],[-82.9482,31.1083],[-82.9094,31.1424],[-82.835,31.1709],[-82.725,31.1939],[-82.65,31.2027],[-82.61,31.1973],[-82.5796,31.1859],[-82.5587,31.1684],[-82.5537,31.1369],[-82.5646,31.0913],[-82.61,31.0375],[-82.69,30.9755],[-82.75,30.94],[-82.79,30.9313],[-82.845,30.9314],[-82.915,30.9404],[-82.962,30.9558],[-82.9859,30.9775],[-82.9903,31.0141]]]}},{"type":"Feature","properties":{"c":"#fed976","v0":10.0,"v1":20.0},"geometry":{"type":"Polygon","coordinates":[[[-88.6974,30.6921],[-88.6688,30.7523],[-88.663,30.8039],[-88.6801,30.8468],[-88.6808,30.9155],[-88.6651,31.0098],[-88.6355,31.0805],[-88.5918,31.1275],[-88.555,31.1561],[-88.525,31.1662],[-88.495,31.1692],[-88.465,31.1652],[-88.4315,31.1451],[-88.3944,31.1092],[-88.3613,31.0484],[-88.3321,30.9627],[-88.3237,30.894],[-88.3363,30.8425],[-88.3812,30.7867],[-88.4585,30.7265],[-88.5154,30.6724],[-88.5518,30.6244],[-88.59,30.6007],[-88.63,30.6013],[-88.6618,30.6082],[-88.6854,30.6211],[-88.7009,30.6362],[-88.7081,30.6534],[-88.6974,30.6921]],[[-88.6833,30.6921],[-88.6541,30.7523],[-88.6484,30.8039],[-88.6661,30.8468],[-88.6686,30.9112],[-88.6562,30.997],[-88.6299,31.0635],[-88.59,31.111],[-88.545,31.1401],[-88.495,31.1511],[-88.4482,31.1359],[-88.4046,31.0947],[-88.3799,31.0527],[-88.3741,31.0098],[-88.3617,30.9712],[-88.3427,30.9369],[-88.335,30.9026],[-88.3388,30.8683],[-88.3527,30.8339],[-88.3767,30.7996],[-88.419,30.7624],[-88.4797,30.7225],[-88.525,30.6808],[-88.555,30.6373],[-88.59,30.6155],[-88.63,30.6153],[-88.662,30.6269],[-88.6859,30.6503],[-88.6833,30.6921]]]}},{"type":"Feature","properties":{"c":"#fed976","v0":10.0,"v1":20.0},"geometry":{"type":"Polygon","coordinates":[[[-91.1532,30.7996],[-91.144,30.8339],[-91.1179,30.8683],[-91.0748,30.9026],[-91.0594,30.9412],[-91.0717,30.9841],[-91.0743,31.0227],[-91.0673,31.057],[-91.0503,31.0856],[-91.0234,31.1086],[-90.975,31.1244],[-90.905,31.1329],[-90.8468,31.1257],[-90.8003,31.1027],[-90.7753,31.0571],[-90.7718,30.9889],[-90.7459,30.946],[-90.6977,30.9285],[-90.6652,30.8983],[-90.6483,30.8554],[-90.6074,30.8235],[-90.5425,30.8026],[-90.5015,30.7725],[-90.4845,30.7333],[-90.4827,30.6964],[-90.496,30.662],[-90.5145,30.6393],[-90.5382,30.6284],[-90.58,30.6186],[-90.64,30.61],[-90.7,30.6197],[-90.76,30.6477],[-90.81,30.6416],[-90.85,30.6014],[-90.895,30.5787],[-90.945,30.5734],[-90.9949,30.585],[-91.0446,30.6134],[-91.0916,30.6663],[-91.1358,30.7437],[-91.1532,30.7996]],[[-91.1402,30.7967],[-91.1334,30.8252],[-91.1058,30.8595],[-91.0574,30.8997],[-91.0408,30.9412],[-91.0561,30.9841],[-91.0595,31.0227],[-91.0511,31.057],[-91.0327,31.0842],[-91.0042,31.1043],[-90.96,31.1168],[-90.9,31.1216],[-90.8483,31.1115],[-90.805,31.0866],[-90.785,31.0436],[-90.7883,30.9826],[-90.765,30.9431],[-90.715,30.9251],[-90.68,30.8924],[-90.66,30.8448],[-90.6173,30.8114],[-90.5518,30.7921],[-90.5128,30.7609],[-90.5003,30.7179],[-90.503,30.6829],[-90.521,30.6558],[-90.565,30.6361],[-90.635,30.6238],[-90.6913,30.6288],[-90.7339,30.651],[-90.7589,30.6794],[-90.7663,30.714],[-90.79,30.7009],[-90.83,30.64],[-90.86,30.604],[-90.88,30.5927],[-90.91,30.5861],[-90.95,30.5839],[-90.9905,30.5941],[-91.0316,30.6164],[-91.0751,30.6663],[-91.1208,30.7437],[-91.1402,30.7967]]]}},{"type":"Feature","properties":{"c":"#fed976","v0":10.0,"v1":20.0},"geometry":{"type":"Polygon","coordinates":[[[-90.2922,30.7437],[-90.2826,30.7695],[-90.2649,30.791],[-90.2392,30.8082],[-90.1999,30.8554],[-90.147,30.9326],[-90.1029,30.9873],[-90.0676,31.0195],[-90.02,31.0426],[-89.96,31.0567],[-89.9063,31.0534],[-89.8589,31.0329],[-89.8273,31.0055],[-89.8116,30.9712],[-89.8053,30.9326],[-89.8083,30.8897],[-89.8449,30.832],[-89.915,30.7593],[-89.98,30.7179],[-90.04,30.7079],[-90.09,30.6856],[-90.13,30.6509],[-90.165,30.6312],[-90.195,30.6263],[-90.2264,30.6334],[-90.2592,30.6525],[-90.281,30.6792],[-90.2917,30.7136],[-90.2922,30.7437]],[[-90.2247,30.8033],[-90.1082,30.948],[-90.025,31.0281],[-89.975,31.0438],[-89.9258,31.0444],[-89.8775,31.0299],[-89.8444,31.0055],[-89.8266,30.9712],[-89.8191,30.9326],[-89.822,30.8897],[-89.845,30.8517],[-89.8883,30.8185],[-89.92,30.7864],[-89.94,30.7553],[-89.9827,30.7333],[-90.048,30.7202],[-90.108,30.6941],[-90.1627,30.655],[-90.2071,30.6421],[-90.2413,30.6554],[-90.2646,30.6792],[-90.2768,30.7136],[-90.2247,30.8033]]]}},{"type":"Feature","properties":{"c":"#fed976","v0":10.0,"v1":20.0},"geometry":{"type":"Polygon","coordinates":[[[-92.3361,30.8468],[-92.3314,30.8726],[-92.3193,30.8952],[-92.2998,30.9148],[-92.265,30.9306],[-92.215,30.9426],[-92.175,30.9452],[-92.145,30.9382],[-92.1159,30.9095],[-92.0876,30.8591],[-92.0499,30.8125],[-92.0029,30.7695],[-91.9785,30.7179],[-91.9767,30.6577],[-91.9994,30.6134],[-92.0465,30.585],[-92.11,30.5751],[-92.19,30.5837],[-92.2475,30.6066],[-92.2824,30.6436],[-92.3096,30.705],[-92.3288,30.791],[-92.3361,30.8468]],[[-92.3217,30.8468],[-92.3166,30.8726],[-92.3031,30.8939],[-92.281,30.9109],[-92.25,30.9234],[-92.21,30.9314],[-92.1753,30.9315],[-92.146,30.9237],[-92.121,30.8981],[-92.1003,30.8549],[-92.0663,30.8119],[-92.0188,30.7693],[-91.9905,30.7308],[-91.9814,30.6964],[-91.9808,30.6663],[-91.989,30.6405],[-92.0123,30.6164],[-92.0508,30.594],[-92.11,30.5877],[-92.19,30.5975],[-92.2435,30.6173],[-92.2704,30.6471],[-92.294,30.705],[-92.3141,30.791],[-92.3217,30.8468]]]}},{"type":"Feature","properties":{"c":"#fed976","v0":10.0,"v1":20.0},"geometry":{"type":"Polygon","coordinates":[[[-84.3357,30.7265],[-84.3309,30.7523],[-84.3189,30.7735],[-84.2996,30.79],[-84.205,30.8093],[-84.035,30.8314],[-83.9281,30.8188],[-83.8843,30.7716],[-83.8559,30.7265],[-83.8428,30.6835],[-83.84,30.6491],[-83.8475,30.6233],[-83.8609,30.6021],[-83.8803,30.5856],[-83.94,30.5773],[-84.04,30.5773],[-84.145,30.5927],[-84.255,30.6234],[-84.317,30.6575],[-84.3311,30.6949],[-84.3357,30.7265]],[[-84.3211,30.7265],[-84.3154,30.7523],[-84.3019,30.7718],[-84.2806,30.7849],[-84.195,30.8013],[-84.045,30.8208],[-83.96,30.8268],[-83.94,30.8192],[-83.9171,30.7985],[-83.8913,30.7649],[-83.8724,30.7222],[-83.8603,30.6706],[-83.8682,30.6297],[-83.8961,30.5994],[-83.955,30.5855],[-84.045,30.588],[-84.14,30.6025],[-84.24,30.6291],[-84.2985,30.6602],[-84.3154,30.6958],[-84.3211,30.7265]]]}},{"type":"Feature","properties":{"c":"#fed976","v0":10.0,"v1":20.0},"geometry":{"type":"Polygon","coordinates":[[[-87.2589,30.5409],[-87.2396,30.574],[-87.21,30.5972],[-87.17,30.6105],[-87.135,30.6153],[-87.105,30.6115],[-87.0654,30.5969],[-87.0162,30.5715],[-86.9562,30.5574],[-86.8854,30.5547],[-86.831,30.5332],[-86.7931,30.4928],[-86.7649,30.4209],[-86.7466,30.3173],[-86.7506,30.2539],[-86.7769,30.2307],[-86.805,30.2167],[-86.835,30.2117],[-86.885,30.227],[-86.955,30.2625],[-87.015,30.2865],[-87.065,30.299],[-87.1279,30.3428],[-87.2038,30.4178],[-87.2484,30.4726],[-87.2618,30.5071],[-87.2589,30.5409]],[[-87.2436,30.5406],[-87.2212,30.5732],[-87.195,30.5933],[-87.165,30.6011],[-87.135,30.6029],[-87.105,30.5989],[-87.07,30.5854],[-87.03,30.5625],[-86.97,30.548],[-86.89,30.5419],[-86.8329,30.518],[-86.7988,30.4762],[-86.7749,30.4079],[-86.7611,30.313],[-86.7632,30.2576],[-86.7811,30.2417],[-86.805,30.2306],[-86.835,30.2244],[-86.88,30.2375],[-86.94,30.2699],[-87.0,30.2945],[-87.06,30.3114],[-87.1273,30.358],[-87.2018,30.4344],[-87.243,30.4855],[-87.2508,30.5114],[-87.2436,30.5406]]]}},{"type":"Feature","properties":{"c":"#fed976","v0":10.0,"v1":20.0},"geometry":{"type":"Polygon","coordinates":[[[-92.0068,30.5114],[-91.9846,30.5544],[-91.9527,30.5841],[-91.9109,30.6003],[-91.8489,30.5788],[-91.7668,30.5195],[-91.7118,30.4889],[-91.6839,30.487],[-91.645,30.4994],[-91.595,30.5261],[-91.525,30.5334],[-91.435,30.5211],[-91.3736,30.5044],[-91.3408,30.4832],[-91.3194,30.4554],[-91.3095,30.4209],[-91.3209,30.3808],[-91.3536,30.3351],[-91.405,30.3061],[-91.475,30.294],[-91.535,30.2935],[-91.585,30.3048],[-91.65,30.3309],[-91.73,30.3717],[-91.79,30.3851],[-91.83,30.371],[-91.875,30.3666],[-91.925,30.3719],[-91.9634,30.3861],[-91.9903,30.4093],[-92.0073,30.4381],[-92.0143,30.4726],[-92.0068,30.5114]],[[-91.9953,30.5076],[-91.9784,30.5432],[-91.95,30.5696],[-91.91,30.5869],[-91.85,30.5655],[-91.77,30.5053],[-91.7141,30.4745],[-91.6823,30.4732],[-91.6423,30.4861],[-91.5941,30.5132],[-91.525,30.5205],[-91.435,30.508],[-91.3778,30.4945],[-91.3535,30.4799],[-91.3357,30.4554],[-91.3242,30.4209],[-91.3313,30.3844],[-91.3571,30.3458],[-91.41,30.3208],[-91.49,30.3091],[-91.55,30.3085],[-91.59,30.3188],[-91.65,30.3455],[-91.73,30.3887],[-91.79,30.4017],[-91.83,30.3846],[-91.87,30.3771],[-91.91,30.3792],[-91.9442,30.3904],[-91.9727,30.4107],[-91.9911,30.4381],[-91.9995,30.4726],[-91.9953,30.5076]]]}},{"type":"Feature","properties":{"c":"#fed976","v0":10.0,"v1":20.0},"geometry":{"type":"Polygon","coordinates":[[[-90.2149,30.2137],[-90.2077,30.2482],[-90.1936,30.2785],[-90.1727,30.3044],[-90.1342,30.3309],[-90.0781,30.358],[-89.995,30.36],[-89.885,30.3368],[-89.8211,30.3146],[-89.8032,30.2934],[-89.7886,30.2612],[-89.7772,30.218],[-89.7769,30.1834],[-89.7879,30.1575],[-89.8175,30.1286],[-89.8658,30.0966],[-89.935,30.0752],[-90.025,30.0644],[-90.0976,30.0674],[-90.1527,30.0842],[-90.1898,30.1186],[-90.2089,30.1705],[-90.2149,30.2137]],[[-90.1934,30.2223],[-90.1717,30.2742],[-90.1331,30.315],[-90.0777,30.345],[-89.9985,30.3493],[-89.8954,30.328],[-89.8333,30.3044],[-89.8122,30.2785],[-89.7975,30.2482],[-89.7893,30.2137],[-89.7914,30.1842],[-89.8038,30.1598],[-89.83,30.1345],[-89.87,30.1082],[-89.935,30.089],[-90.025,30.0767],[-90.095,30.0783],[-90.145,30.0937],[-90.1786,30.1251],[-90.1957,30.1726],[-90.1934,30.2223]]]}},{"type":"Feature","properties":{"c":"#fed976","v0":10.0,"v1":20.0},"geometry":{"type":"Polygon","coordinates":[[[-90.9197,30.0666],[-90.9093,30.1186],[-90.8906,30.1612],[-90.8635,30.1945],[-90.835,30.2174],[-90.805,30.2299],[-90.765,30.236],[-90.715,30.2357],[-90.67,30.2247],[-90.63,30.2029],[-90.59,30.209],[-90.55,30.2431],[-90.51,30.2628],[-90.47,30.2681],[-90.427,30.2608],[-90.381,30.2409],[-90.3445,30.2094],[-90.3176,30.1661],[-90.3107,30.1229],[-90.3239,30.0796],[-90.3654,30.0324],[-90.4351,29.9812],[-90.505,29.962],[-90.575,29.9748],[-90.63,29.9733],[-90.67,29.9574],[-90.725,29.9467],[-90.795,29.9413],[-90.845,29.9469],[-90.875,29.9637],[-90.8987,29.9892],[-90.9161,30.0235],[-90.9197,30.0666]],[[-90.9039,30.0666],[-90.8931,30.1186],[-90.8775,30.1575],[-90.8571,30.1834],[-90.8327,30.2033],[-90.8042,30.2171],[-90.765,30.2238],[-90.715,30.2235],[-90.67,30.2107],[-90.63,30.1856],[-90.59,30.1912],[-90.55,30.2274],[-90.51,30.2488],[-90.47,30.2554],[-90.43,30.2501],[-90.39,30.2327],[-90.357,30.2042],[-90.3311,30.1644],[-90.3255,30.1229],[-90.3404,30.0796],[-90.3834,30.0346],[-90.4545,29.9879],[-90.52,29.9721],[-90.58,29.9872],[-90.63,29.9864],[-90.67,29.9699],[-90.725,29.959],[-90.795,29.9538],[-90.8445,29.9606],[-90.8734,29.9793],[-90.8933,30.0017],[-90.904,30.0277],[-90.9039,30.0666]]]}},{"type":"Feature","properties":{"c":"#fed976","v0":10.0,"v1":20.0},"geometry":{"type":"Polygon","coordinates":[[[-81.9419,29.4459],[-81.8959,29.5068],[-81.8322,29.5664],[-81.7507,29.6247],[-81.695,29.6561],[-81.665,29.6607],[-81.6335,29.6533],[-81.6006,29.634],[-81.5786,29.6069],[-81.5674,29.5721],[-81.5649,29.5373],[-81.5708,29.5025],[-81.5895,29.4546],[-81.6207,29.3936],[-81.6498,29.3523],[-81.6766,29.3306],[-81.71,29.3118],[-81.75,29.2958],[-81.8,29.2906],[-81.86,29.296],[-81.9036,29.3104],[-81.9307,29.3339],[-81.9494,29.3631],[-81.9597,29.398],[-81.9419,29.4459]],[[-81.9303,29.4415],[-81.8922,29.4938],[-81.8324,29.5497],[-81.7508,29.6095],[-81.695,29.6422],[-81.665,29.6479],[-81.6378,29.6442],[-81.6134,29.6309],[-81.5953,29.6112],[-81.5835,29.5851],[-81.5785,29.5547],[-81.5805,29.5199],[-81.5965,29.472],[-81.6266,29.411],[-81.6537,29.369],[-81.6779,29.346],[-81.71,29.3259],[-81.75,29.3087],[-81.795,29.3012],[-81.845,29.3033],[-81.8843,29.3147],[-81.913,29.3354],[-81.9329,29.3631],[-81.9438,29.398],[-81.9303,29.4415]]]}},{"type":"Feature","properties":{"c":"#fed976","v0":10.0,"v1":20.0},"geometry":{"type":"Polygon","coordinates":[[[-81.1723,28.681],[-81.1622,28.7161],[-81.1454,28.7453],[-81.1218,28.7685],[-81.095,28.7828],[-81.065,28.7882],[-81.03,28.7844],[-80.99,28.7713],[-80.88,28.6905],[-80.7,28.5417],[-80.6038,28.4548],[-80.5914,28.4299],[-80.5896,28.4043],[-80.5984,28.3779],[-80.6246,28.359],[-80.6682,28.3476],[-80.745,28.3674],[-80.855,28.4183],[-80.94,28.4398],[-81.0,28.4321],[-81.045,28.4328],[-81.075,28.4417],[-81.1118,28.5006],[-81.1555,28.6092],[-81.1723,28.681]],[[-81.1499,28.6888],[-81.1233,28.7395],[-81.095,28.7683],[-81.065,28.7753],[-81.035,28.7744],[-81.005,28.7657],[-80.8961,28.6842],[-80.7083,28.5299],[-80.6126,28.435],[-80.6091,28.3999],[-80.628,28.3753],[-80.6693,28.3613],[-80.745,28.3803],[-80.855,28.4324],[-80.95,28.4564],[-81.03,28.4522],[-81.0933,28.5034],[-81.1399,28.6101],[-81.1499,28.6888]]]}},{"type":"Feature","properties":{"c":"#fed976","v0":10.0,"v1":20.0},"geometry":{"type":"Polygon","coordinates":[[[-80.6062,28.215],[-80.6033,28.2326],[-80.5888,28.2542],[-80.5629,28.28],[-80.53,28.2957],[-80.49,28.3016],[-80.4316,28.2667],[-80.3549,28.1911],[-80.2984,28.1444],[-80.2621,28.1268],[-80.2387,28.0474],[-80.2281,27.9061],[-80.2347,27.8146],[-80.2582,27.773],[-80.3,27.7454],[-80.36,27.7317],[-80.4187,27.7436],[-80.476,27.7812],[-80.5171,27.8442],[-80.542,27.9326],[-80.5523,27.9988],[-80.5481,28.043],[-80.5615,28.1003],[-80.5923,28.1709],[-80.6062,28.215]],[[-80.5823,28.2238],[-80.5608,28.2591],[-80.53,28.28],[-80.49,28.2864],[-80.435,28.2539],[-80.365,28.1824],[-80.3097,28.135],[-80.2691,28.1119],[-80.2463,28.0297],[-80.2415,27.8884],[-80.2518,27.8022],[-80.2773,27.7712],[-80.32,27.7522],[-80.38,27.7452],[-80.4326,27.7607],[-80.4778,27.7987],[-80.5105,27.8575],[-80.5306,27.937],[-80.5379,27.9988],[-80.5325,28.043],[-80.5457,28.1003],[-80.5773,28.1709],[-80.5823,28.2238]]]}},{"type":"Feature","properties":{"c":"#fed976","v0":10.0,"v1":20.0},"geometry":{"type":"Polygon","coordinates":[[[-81.0885,27.2634],[-81.024,27.3967],[-80.956,27.4855],[-80.8846,27.5298],[-80.8392,27.5921],[-80.8197,27.6724],[-80.795,27.7195],[-80.765,27.7336],[-80.735,27.7344],[-80.705,27.7216],[-80.6778,27.6966],[-80.6534,27.6593],[-80.6411,27.6052],[-80.6411,27.5343],[-80.6493,27.4766],[-80.6658,27.4322],[-80.7031,27.3684],[-80.761,27.2851],[-80.81,27.2262],[-80.85,27.1918],[-80.91,27.1604],[-80.99,27.132],[-81.0451,27.1198],[-81.0752,27.1236],[-81.0979,27.1434],[-81.1132,27.179],[-81.0885,27.2634]],[[-81.0385,27.2554],[-80.9795,27.3727],[-80.9139,27.4526],[-80.8417,27.4952],[-80.7967,27.5554],[-80.7789,27.6333],[-80.76,27.6743],[-80.74,27.6786],[-80.7203,27.6663],[-80.7009,27.6374],[-80.6911,27.5963],[-80.691,27.5431],[-80.7158,27.4692],[-80.7653,27.3746],[-80.817,27.299],[-80.871,27.2427],[-80.931,27.2028],[-80.997,27.1794],[-81.0395,27.1749],[-81.0585,27.1895],[-81.0385,27.2554]]]}},{"type":"Feature","properties":{"c":"#fed976","v0":10.0,"v1":20.0},"geometry":{"type":"Polygon","coordinates":[[[-80.576,26.9385],[-80.5508,26.992],[-80.5148,27.0276],[-80.4679,27.0454],[-80.4706,27.0766],[-80.5231,27.1211],[-80.5559,27.1567],[-80.5691,27.1834],[-80.5728,27.219],[-80.5669,27.2634],[-80.5503,27.3034],[-80.523,27.339],[-80.4845,27.3667],[-80.4348,27.3866],[-80.355,27.372],[-80.245,27.3226],[-80.1761,27.2815],[-80.1484,27.2487],[-80.1313,27.2145],[-80.1249,27.179],[-80.127,27.1345],[-80.1374,27.0811],[-80.154,27.0365],[-80.1769,27.0009],[-80.2037,26.973],[-80.2346,26.9528],[-80.27,26.9401],[-80.31,26.935],[-80.345,26.914],[-80.375,26.8772],[-80.415,26.8455],[-80.465,26.8187],[-80.5067,26.8097],[-80.54,26.8182],[-80.5647,26.8448],[-80.5806,26.8894],[-80.576,26.9385]],[[-80.5656,26.934],[-80.5467,26.9786],[-80.5155,27.0075],[-80.4718,27.0208],[-80.4443,27.0342],[-80.433,27.0476],[-80.431,27.0632],[-80.4385,27.0811],[-80.4592,27.0985],[-80.4931,27.1155],[-80.5217,27.1377],[-80.5451,27.1652],[-80.5568,27.2012],[-80.5569,27.2457],[-80.5447,27.2857],[-80.5203,27.3212],[-80.4836,27.3503],[-80.4345,27.373],[-80.36,27.3623],[-80.26,27.3185],[-80.1977,27.2849],[-80.173,27.2617],[-80.1545,27.2323],[-80.1424,27.1967],[-80.1377,27.1612],[-80.1403,27.1256],[-80.1532,27.0811],[-80.1765,27.0276],[-80.2036,26.9897],[-80.2345,26.9674],[-80.275,26.9518],[-80.325,26.9428],[-80.36,26.9226],[-80.38,26.8912],[-80.415,26.8611],[-80.465,26.8323],[-80.505,26.8227],[-80.535,26.8324],[-80.5563,26.8559],[-80.5688,26.8931],[-80.5656,26.934]]]}},{"type":"Feature","properties":{"c":"#fed976","v0":10.0,"v1":20.0},"geometry":{"type":"Polygon","coordinates":[[[-81.1966,26.2006],[-81.1596,26.2813],[-81.1492,26.3485],[-81.1657,26.4023],[-81.1744,26.456],[-81.1752,26.5097],[-81.1542,26.5655],[-81.1114,26.6232],[-81.075,26.6556],[-81.045,26.6626],[-80.985,26.6583],[-80.895,26.6427],[-80.8382,26.6282],[-80.8145,26.6148],[-80.7945,26.5861],[-80.7782,26.542],[-80.76,26.5247],[-80.74,26.5344],[-80.715,26.5597],[-80.685,26.6007],[-80.65,26.6275],[-80.61,26.6402],[-80.56,26.64],[-80.5,26.6271],[-80.4468,26.6041],[-80.4004,26.571],[-80.3769,26.5321],[-80.3764,26.4874],[-80.3996,26.439],[-80.4465,26.387],[-80.505,26.3046],[-80.575,26.1918],[-80.635,26.1379],[-80.685,26.1432],[-80.74,26.1649],[-80.8,26.2031],[-80.86,26.1898],[-80.92,26.125],[-80.985,26.0819],[-81.055,26.0605],[-81.1142,26.0595],[-81.1625,26.0787],[-81.1938,26.1063],[-81.208,26.1422],[-81.1966,26.2006]],[[-81.1811,26.2006],[-81.1406,26.2813],[-81.1297,26.344],[-81.1483,26.3889],[-81.1586,26.4426],[-81.1606,26.5053],[-81.1387,26.5642],[-81.0929,26.6195],[-81.01,26.6383],[-80.89,26.6207],[-80.8224,26.602],[-80.8071,26.5822],[-80.7971,26.5522],[-80.7924,26.512],[-80.7709,26.503],[-80.7328,26.5254],[-80.7028,26.5537],[-80.6809,26.5878],[-80.655,26.6118],[-80.625,26.6255],[-80.58,26.6279],[-80.52,26.619],[-80.4634,26.5951],[-80.4103,26.5561],[-80.386,26.5187],[-80.3904,26.4829],[-80.4134,26.4426],[-80.4549,26.3978],[-80.5092,26.3194],[-80.5764,26.2072],[-80.64,26.1554],[-80.7,26.1639],[-80.75,26.187],[-80.79,26.2245],[-80.815,26.2425],[-80.825,26.241],[-80.86,26.2073],[-80.92,26.1412],[-80.985,26.0966],[-81.055,26.0734],[-81.11,26.0693],[-81.15,26.0842],[-81.1778,26.1088],[-81.1935,26.143],[-81.1811,26.2006]]]}},{"type":"Feature","properties":{"c":"#fed976","v0":10.0,"v1":20.0},"geometry":{"type":"Polygon","coordinates":[[[-80.9644,26.3844],[-80.8679,26.4381],[-80.8403,26.4381],[-80.8816,26.3844],[-80.9242,26.353],[-80.9681,26.3439],[-80.9956,26.3439],[-81.0069,26.353],[-80.9644,26.3844]],[[-80.9378,26.3844],[-80.8979,26.4023],[-80.886,26.4011],[-80.902,26.3809],[-80.922,26.372],[-80.9459,26.3743],[-80.9378,26.3844]]]}},{"type":"Feature","properties":{"c":"#fed976","v0":10.0,"v1":20.0},"geometry":{"type":"Polygon","coordinates":[[[-80.6029,22.2758],[-80.5913,22.3128],[-80.5666,22.3485],[-80.5289,22.3828],[-80.485,22.4073],[-80.435,22.4222],[-80.385,22.4265],[-80.335,22.4204],[-80.295,22.396],[-80.265,22.3536],[-80.2271,22.3228],[-80.1812,22.3038],[-80.156,22.2666],[-80.1515,22.211],[-80.1121,22.1647],[-80.0379,22.1277],[-79.996,22.0906],[-79.9864,22.0535],[-79.9852,22.0165],[-79.9926,21.9794],[-80.0297,21.9339],[-80.0966,21.8801],[-80.15,21.8509],[-80.19,21.8462],[-80.225,21.8486],[-80.255,21.8581],[-80.2798,21.8734],[-80.2993,21.8946],[-80.3209,21.9423],[-80.3447,22.0165],[-80.4049,22.0768],[-80.5016,22.1234],[-80.5647,22.1743],[-80.5941,22.2297],[-80.6029,22.2758]],[[-80.5918,22.2712],[-80.5848,22.299],[-80.5635,22.3307],[-80.5278,22.3665],[-80.485,22.3924],[-80.435,22.4086],[-80.39,22.4154],[-80.35,22.4128],[-80.315,22.3914],[-80.2849,22.3514],[-80.2449,22.3196],[-80.195,22.2962],[-80.1677,22.2545],[-80.1632,22.1947],[-80.1382,22.1583],[-80.0927,22.1454],[-80.054,22.1268],[-80.0219,22.1027],[-80.0077,22.0582],[-80.0112,21.9933],[-80.0422,21.9376],[-80.1007,21.8911],[-80.16,21.868],[-80.22,21.8683],[-80.261,21.8776],[-80.2831,21.896],[-80.3081,21.9455],[-80.336,22.026],[-80.395,22.0867],[-80.485,22.1275],[-80.5463,22.1752],[-80.5789,22.23],[-80.5918,22.2712]]]}},{"type":"Feature","properties":{"c":"#feb24c","v0":20.0,"v1":30.0},"geometry":{"type":"Polygon","coordinates":[[[-93.6953,51.0799],[-93.6747,51.1365],[-93.6508,51.1774],[-93.6236,51.2028],[-93.6,51.2177],[-93.58,51.2221],[-93.535,51.2183],[-93.465,51.2065],[-93.3708,51.2386],[-93.2523,51.3145],[-93.1473,51.3745],[-93.0558,51.4187],[-92.995,51.4424],[-92.965,51.4456],[-92.9394,51.4422],[-92.9182,51.4323],[-92.8985,51.4149],[-92.8804,51.3899],[-92.8723,51.3462],[-92.8742,51.2837],[-92.8834,51.2399],[-92.9,51.2148],[-92.9304,51.1866],[-92.9746,51.1553],[-93.0078,51.1082],[-93.0298,51.0454],[-93.0532,51.0011],[-93.0777,50.9755],[-93.105,50.9598],[-93.135,50.954],[-93.185,50.9548],[-93.255,50.9621],[-93.3,50.9715],[-93.32,50.9829],[-93.34,51.0037],[-93.36,51.0336],[-93.3903,51.0493],[-93.431,51.0509],[-93.466,51.0437],[-93.4953,51.0278],[-93.5143,51.0121],[-93.523,50.9965],[-93.525,50.9415],[-93.5204,50.8469],[-93.536,50.7938],[-93.572,50.7824],[-93.6,50.7811],[-93.62,50.7899],[-93.634,50.8019],[-93.6419,50.8172],[-93.6335,50.8532],[-93.6088,50.91],[-93.6237,50.9667],[-93.6783,51.0234],[-93.6953,51.0799]],[[-93.6809,51.0799],[-93.6602,51.1365],[-93.6399,51.1746],[-93.62,51.1945],[-93.6,51.2071],[-93.58,51.2124],[-93.535,51.209],[-93.465,51.1969],[-93.37,51.2288],[-93.25,51.3047],[-93.145,51.3645],[-93.055,51.4083],[-92.995,51.4319],[-92.965,51.4355],[-92.94,51.4317],[-92.92,51.4206],[-92.9032,51.4025],[-92.8896,51.3775],[-92.8845,51.3368],[-92.8878,51.2806],[-92.8951,51.243],[-92.9063,51.2242],[-92.9371,51.196],[-92.9873,51.1584],[-93.0216,51.1113],[-93.0401,51.0548],[-93.0595,51.0134],[-93.0798,50.9872],[-93.105,50.9705],[-93.135,50.9633],[-93.185,50.9636],[-93.255,50.9714],[-93.3061,50.9945],[-93.3383,51.0326],[-93.3733,51.0553],[-93.4111,51.0626],[-93.4524,51.0563],[-93.4973,51.0365],[-93.5323,51.0032],[-93.5574,50.9565],[-93.6003,50.9628],[-93.6609,51.0221],[-93.6809,51.0799]],[[-93.6241,50.8406],[-93.6089,50.8721],[-93.5885,50.8986],[-93.5628,50.9201],[-93.5434,50.9201],[-93.5303,50.8986],[-93.5253,50.8674],[-93.5284,50.8263],[-93.545,50.8009],[-93.575,50.7912],[-93.6004,50.7959],[-93.6213,50.8152],[-93.6241,50.8406]]]}},{"type":"Feature","properties":{"c":"#feb24c","v0":20.0,"v1":30.0},"geometry":{"type":"Polygon","coordinates":[[[-94.4885,50.1215],[-94.4778,50.1663],[-94.4618,50.1965],[-94.4406,50.212],[-94.415,50.2253],[-94.385,50.2364],[-94.335,50.2463],[-94.265,50.255],[-94.205,50.2789],[-94.155,50.3178],[-94.09,50.3507],[-94.01,50.3777],[-93.955,50.3918],[-93.925,50.3933],[-93.8979,50.3875],[-93.8737,50.3743],[-93.8538,50.3549],[-93.838,50.3294],[-93.8388,50.3039],[-93.8562,50.2783],[-93.9062,50.2411],[-93.9887,50.1922],[-94.0585,50.157],[-94.1156,50.1354],[-94.1499,50.1086],[-94.1614,50.0766],[-94.1779,50.052],[-94.1993,50.035],[-94.24,50.0248],[-94.3,50.0216],[-94.365,50.0334],[-94.435,50.0602],[-94.476,50.08],[-94.4879,50.0927],[-94.4885,50.1215]],[[-94.4729,50.1343],[-94.4554,50.1792],[-94.4274,50.2098],[-94.3891,50.2262],[-94.3338,50.239],[-94.2615,50.2482],[-94.1965,50.2741],[-94.1388,50.3169],[-94.07,50.3507],[-93.99,50.3755],[-93.94,50.3876],[-93.92,50.3869],[-93.8979,50.3786],[-93.8737,50.3628],[-93.8564,50.3454],[-93.846,50.3262],[-93.8481,50.3058],[-93.8627,50.2842],[-93.915,50.2469],[-94.005,50.1936],[-94.075,50.1581],[-94.125,50.1404],[-94.1653,50.1073],[-94.1959,50.059],[-94.2409,50.033],[-94.3003,50.0293],[-94.365,50.0416],[-94.435,50.0697],[-94.4729,50.0908],[-94.4788,50.1048],[-94.4729,50.1343]]]}},{"type":"Feature","properties":{"c":"#feb24c","v0":20.0,"v1":30.0},"geometry":{"type":"Polygon","coordinates":[[[-95.1473,50.0894],[-95.121,50.1215],[-95.0584,50.1541],[-94.9595,50.1873],[-94.865,50.2047],[-94.775,50.2065],[-94.7142,50.1995],[-94.6827,50.1838],[-94.6668,50.1631],[-94.6666,50.1375],[-94.6773,50.1153],[-94.6991,50.0967],[-94.745,50.0803],[-94.815,50.0663],[-94.8377,50.0372],[-94.8131,49.9928],[-94.807,49.9609],[-94.8193,49.9416],[-94.8366,49.9275],[-94.8589,49.9185],[-94.89,49.9162],[-94.93,49.9207],[-94.9892,49.9413],[-95.0677,49.978],[-95.1203,50.0156],[-95.1471,50.0541],[-95.1473,50.0894]],[[-95.1344,50.0894],[-95.1054,50.1215],[-95.0457,50.1522],[-94.9552,50.1817],[-94.865,50.1973],[-94.775,50.199],[-94.7173,50.1938],[-94.6918,50.1819],[-94.6775,50.1663],[-94.6743,50.1471],[-94.6821,50.1272],[-94.7007,50.1067],[-94.7494,50.0875],[-94.8282,50.0695],[-94.8536,50.0413],[-94.8255,50.0027],[-94.8149,49.9738],[-94.8219,49.9545],[-94.8365,49.939],[-94.8588,49.9275],[-94.885,49.9223],[-94.915,49.9236],[-94.9701,49.9423],[-95.0504,49.9783],[-95.1052,50.0156],[-95.1343,50.0541],[-95.1344,50.0894]]]}},{"type":"Feature","properties":{"c":"#feb24c","v0":20.0,"v1":30.0},"geometry":{"type":"Polygon","coordinates":[[[-94.0537,47.0158],[-94.0424,47.0703],[-94.01,47.1238],[-93.9567,47.1762],[-93.91,47.2115],[-93.87,47.2299],[-93.825,47.2399],[-93.775,47.2415],[-93.73,47.2517],[-93.69,47.2705],[-93.64,47.2849],[-93.58,47.2949],[-93.525,47.2949],[-93.475,47.2847],[-93.43,47.2803],[-93.39,47.2816],[-93.3559,47.2769],[-93.3277,47.2661],[-93.3027,47.2491],[-93.2809,47.2259],[-93.25,47.221],[-93.21,47.2344],[-93.175,47.2416],[-93.145,47.2423],[-93.119,47.2404],[-93.097,47.2358],[-93.0793,47.2267],[-93.0659,47.2132],[-93.0619,47.1887],[-93.0673,47.1533],[-93.12,47.11],[-93.22,47.0587],[-93.31,47.0341],[-93.39,47.0364],[-93.465,47.0471],[-93.535,47.0661],[-93.5769,47.0538],[-93.5907,47.0103],[-93.6157,46.9744],[-93.6519,46.9462],[-93.695,46.9354],[-93.745,46.9422],[-93.79,46.9406],[-93.83,46.9307],[-93.88,46.9263],[-93.94,46.9276],[-93.985,46.9337],[-94.015,46.9445],[-94.0373,46.9595],[-94.052,46.9789],[-94.0537,47.0158]],[[-94.0423,47.0158],[-94.0308,47.0703],[-94.001,47.1214],[-93.9528,47.169],[-93.909,47.2024],[-93.8697,47.2218],[-93.825,47.2316],[-93.775,47.2319],[-93.73,47.2421],[-93.69,47.2622],[-93.635,47.2774],[-93.565,47.2878],[-93.515,47.2883],[-93.485,47.2787],[-93.44,47.2732],[-93.38,47.2717],[-93.335,47.2546],[-93.305,47.222],[-93.255,47.2133],[-93.185,47.2286],[-93.135,47.2338],[-93.105,47.229],[-93.0852,47.2215],[-93.0756,47.2114],[-93.0731,47.1894],[-93.0778,47.1554],[-93.1326,47.1131],[-93.2375,47.0624],[-93.305,47.0409],[-93.335,47.0485],[-93.37,47.0506],[-93.41,47.047],[-93.47,47.0574],[-93.55,47.0817],[-93.5924,47.0709],[-93.5972,47.0251],[-93.6172,46.9865],[-93.6524,46.9552],[-93.695,46.9429],[-93.745,46.9494],[-93.79,46.9478],[-93.83,46.9381],[-93.875,46.9331],[-93.925,46.933],[-93.97,46.9396],[-94.01,46.9529],[-94.0345,46.9668],[-94.0435,46.9813],[-94.0423,47.0158]]]}},{"type":"Feature","properties":{"c":"#feb24c","v0":20.0,"v1":30.0},"geometry":{"type":"Polygon","coordinates":[[[-96.106,46.2523],[-96.082,46.2913],[-96.03,46.3232],[-95.95,46.348],[-95.86,46.357],[-95.76,46.3501],[-95.6914,46.3389],[-95.6541,46.3235],[-95.6408,46.2916],[-95.6516,46.2432],[-95.6952,46.1935],[-95.7717,46.1426],[-95.845,46.1168],[-95.915,46.1162],[-95.965,46.1196],[-95.995,46.127],[-96.0286,46.1423],[-96.0659,46.1657],[-96.0929,46.1913],[-96.1096,46.219],[-96.106,46.2523]],[[-96.0966,46.2501],[-96.0772,46.2847],[-96.0281,46.3146],[-95.9494,46.3399],[-95.86,46.3491],[-95.76,46.3421],[-95.6933,46.3295],[-95.6598,46.3111],[-95.6498,46.2814],[-95.6633,46.2403],[-95.705,46.1962],[-95.775,46.1491],[-95.855,46.1272],[-95.945,46.1306],[-96.0102,46.1435],[-96.0506,46.1661],[-96.0797,46.1913],[-96.0974,46.219],[-96.0966,46.2501]]]}},{"type":"Feature","properties":{"c":"#feb24c","v0":20.0,"v1":30.0},"geometry":{"type":"Polygon","coordinates":[[[-98.0723,45.0296],[-98.0574,45.057],[-98.035,45.0725],[-98.005,45.0762],[-97.95,45.0701],[-97.87,45.0543],[-97.7905,45.0246],[-97.7114,44.9811],[-97.6564,44.9592],[-97.6255,44.9589],[-97.59,44.9784],[-97.55,45.0179],[-97.5011,45.0463],[-97.4434,45.0637],[-97.3972,45.0936],[-97.3625,45.136],[-97.3264,45.1624],[-97.2888,45.173],[-97.23,45.1751],[-97.15,45.169],[-97.0888,45.1425],[-97.0463,45.0958],[-97.0312,45.03],[-97.0433,44.9452],[-97.0745,44.8837],[-97.1248,44.8458],[-97.17,44.8206],[-97.21,44.8079],[-97.265,44.8045],[-97.335,44.8102],[-97.395,44.8092],[-97.445,44.8015],[-97.5,44.8004],[-97.56,44.8059],[-97.615,44.806],[-97.665,44.8008],[-97.73,44.8059],[-97.81,44.8214],[-97.8885,44.8475],[-97.9654,44.8843],[-98.0228,44.931],[-98.0608,44.9876],[-98.0723,45.0296]],[[-98.0635,45.0269],[-98.0545,45.049],[-98.03,45.0618],[-97.99,45.0654],[-97.935,45.0598],[-97.865,45.0449],[-97.795,45.0173],[-97.725,44.9767],[-97.67,44.9548],[-97.63,44.9516],[-97.59,44.9692],[-97.55,45.0076],[-97.502,45.0346],[-97.4461,45.0504],[-97.4009,45.0795],[-97.3664,45.1218],[-97.3294,45.1498],[-97.2898,45.1632],[-97.2306,45.1668],[-97.1518,45.1603],[-97.0935,45.136],[-97.0557,45.0936],[-97.0431,45.03],[-97.0558,44.9452],[-97.0841,44.8863],[-97.128,44.8536],[-97.17,44.8303],[-97.21,44.8165],[-97.265,44.8126],[-97.335,44.8184],[-97.395,44.8175],[-97.445,44.8099],[-97.525,44.8061],[-97.635,44.8064],[-97.73,44.8142],[-97.81,44.8296],[-97.8849,44.8537],[-97.9546,44.8863],[-98.0091,44.931],[-98.0484,44.9876],[-98.0635,45.0269]]]}},{"type":"Feature","properties":{"c":"#feb24c","v0":20.0,"v1":30.0},"geometry":{"type":"Polygon","coordinates":[[[-89.1112,44.4654],[-89.0947,44.5011],[-89.0573,44.5423],[-88.9991,44.589],[-88.925,44.6163],[-88.835,44.6241],[-88.7681,44.6079],[-88.7244,44.5676],[-88.7016,44.5153],[-88.6998,44.4511],[-88.7117,44.4098],[-88.7372,44.3916],[-88.825,44.3858],[-88.975,44.3926],[-89.0638,44.4017],[-89.0914,44.4132],[-89.1088,44.4261],[-89.116,44.4404],[-89.1112,44.4654]],[[-89.1028,44.4618],[-89.092,44.4904],[-89.0574,44.5295],[-88.9991,44.5793],[-88.93,44.6092],[-88.85,44.6192],[-88.7986,44.6193],[-88.7757,44.6093],[-88.7516,44.5901],[-88.7264,44.5617],[-88.712,44.5189],[-88.7084,44.4618],[-88.7174,44.4226],[-88.7391,44.4014],[-88.825,44.394],[-88.975,44.4006],[-89.0604,44.4076],[-89.0812,44.4152],[-89.0957,44.4261],[-89.104,44.4404],[-89.1028,44.4618]]]}},{"type":"Feature","properties":{"c":"#feb24c","v0":20.0,"v1":30.0},"geometry":{"type":"Polygon","coordinates":[[[-88.7601,43.7889],[-88.74,43.8216],[-88.71,43.8474],[-88.67,43.8664],[-88.625,43.8732],[-88.575,43.868],[-88.5345,43.853],[-88.5036,43.8282],[-88.4908,43.7978],[-88.496,43.7617],[-88.5165,43.725],[-88.5522,43.6876],[-88.6,43.6718],[-88.66,43.6775],[-88.7054,43.6926],[-88.7361,43.717],[-88.7561,43.7401],[-88.7654,43.7617],[-88.7601,43.7889]],[[-88.7493,43.787],[-88.7317,43.8159],[-88.7047,43.8394],[-88.6682,43.8577],[-88.63,43.8657],[-88.59,43.8636],[-88.5528,43.8509],[-88.5183,43.8275],[-88.5033,43.799],[-88.5078,43.7651],[-88.53,43.7308],[-88.57,43.696],[-88.615,43.6818],[-88.665,43.6882],[-88.707,43.7117],[-88.741,43.7523],[-88.7493,43.787]]]}},{"type":"Feature","properties":{"c":"#feb24c","v0":20.0,"v1":30.0},"geometry":{"type":"Polygon","coordinates":[[[-111.3386,43.3215],[-111.3195,43.3474],[-111.275,43.3635],[-111.205,43.3698],[-111.1497,43.3896],[-111.1092,43.4228],[-111.0592,43.4467],[-110.9997,43.4612],[-110.9536,43.5084],[-110.9209,43.5881],[-110.8809,43.6411],[-110.8336,43.6675],[-110.78,43.6814],[-110.72,43.6828],[-110.655,43.6753],[-110.585,43.6588],[-110.5112,43.6268],[-110.4335,43.5793],[-110.3957,43.541],[-110.3978,43.512],[-110.4067,43.4904],[-110.4222,43.4762],[-110.46,43.4631],[-110.52,43.4512],[-110.57,43.4345],[-110.61,43.413],[-110.665,43.3978],[-110.735,43.3888],[-110.795,43.3936],[-110.845,43.4123],[-110.885,43.421],[-110.915,43.4195],[-110.95,43.3876],[-110.99,43.325],[-111.065,43.2665],[-111.175,43.212],[-111.2484,43.1902],[-111.2853,43.2012],[-111.3148,43.2321],[-111.337,43.2831],[-111.3386,43.3215]],[[-111.3251,43.3195],[-111.3074,43.3413],[-111.2665,43.3544],[-111.2022,43.3587],[-111.145,43.3795],[-111.095,43.4168],[-111.045,43.4386],[-110.995,43.445],[-110.9522,43.4895],[-110.9167,43.5722],[-110.8767,43.6275],[-110.8322,43.6555],[-110.78,43.6703],[-110.72,43.672],[-110.655,43.6643],[-110.585,43.6472],[-110.515,43.6179],[-110.4451,43.5763],[-110.4151,43.5374],[-110.425,43.5011],[-110.46,43.4765],[-110.52,43.4637],[-110.575,43.4452],[-110.625,43.4209],[-110.68,43.4054],[-110.74,43.3985],[-110.795,43.4045],[-110.845,43.4234],[-110.89,43.4315],[-110.93,43.429],[-110.9697,43.3943],[-111.0091,43.3275],[-111.0791,43.2698],[-111.1797,43.2212],[-111.245,43.2005],[-111.275,43.2077],[-111.301,43.2356],[-111.3229,43.2843],[-111.3251,43.3195]]]}},{"type":"Feature","properties":{"c":"#feb24c","v0":20.0,"v1":30.0},"geometry":{"type":"Polygon","coordinates":[[[-88.7135,43.4068],[-88.7095,43.4286],[-88.6881,43.4626],[-88.6494,43.5089],[-88.615,43.5622],[-88.585,43.6226],[-88.55,43.6545],[-88.51,43.6578],[-88.4639,43.6516],[-88.4118,43.6359],[-88.3667,43.5845],[-88.3287,43.4975],[-88.3218,43.4213],[-88.3459,43.3559],[-88.3685,43.3122],[-88.3896,43.2904],[-88.4226,43.269],[-88.4675,43.2481],[-88.51,43.2394],[-88.55,43.243],[-88.5997,43.268],[-88.6592,43.3145],[-88.6956,43.3522],[-88.7088,43.3813],[-88.7135,43.4068]],[[-88.6697,43.4552],[-88.6032,43.5738],[-88.555,43.6376],[-88.525,43.6469],[-88.4837,43.6457],[-88.4311,43.6339],[-88.384,43.5845],[-88.3425,43.4975],[-88.3407,43.414],[-88.3787,43.3341],[-88.4208,43.2823],[-88.4669,43.2588],[-88.505,43.2472],[-88.535,43.2473],[-88.5809,43.2699],[-88.6428,43.3151],[-88.6811,43.3522],[-88.6957,43.3813],[-88.6697,43.4552]]]}},{"type":"Feature","properties":{"c":"#feb24c","v0":20.0,"v1":30.0},"geometry":{"type":"Polygon","coordinates":[[[-112.3706,43.1227],[-112.3533,43.1592],[-112.316,43.1934],[-112.2587,43.2254],[-112.2,43.2421],[-112.14,43.2438],[-112.075,43.2518],[-112.005,43.2661],[-111.955,43.2698],[-111.925,43.2628],[-111.9041,43.2534],[-111.8922,43.2417],[-111.8847,43.2176],[-111.8818,43.1811],[-111.8877,43.1524],[-111.9026,43.1314],[-111.9484,43.1095],[-112.0251,43.0867],[-112.0901,43.0562],[-112.1434,43.0181],[-112.19,42.9981],[-112.23,42.9961],[-112.265,43.0001],[-112.295,43.0102],[-112.3216,43.0229],[-112.3448,43.0383],[-112.3621,43.0607],[-112.3736,43.0899],[-112.3706,43.1227]],[[-112.3587,43.1227],[-112.3405,43.1592],[-112.3061,43.1912],[-112.2554,43.2186],[-112.2,43.2333],[-112.14,43.2353],[-112.08,43.2434],[-112.02,43.2578],[-111.975,43.2635],[-111.945,43.2605],[-111.9221,43.2531],[-111.9062,43.2416],[-111.8961,43.2212],[-111.8918,43.1921],[-111.8948,43.1663],[-111.9049,43.1439],[-111.95,43.1199],[-112.03,43.0941],[-112.095,43.0628],[-112.145,43.026],[-112.19,43.0066],[-112.23,43.0046],[-112.265,43.0088],[-112.295,43.0193],[-112.3215,43.0335],[-112.3444,43.0516],[-112.3589,43.0716],[-112.3648,43.0935],[-112.3587,43.1227]]]}},{"type":"Feature","properties":{"c":"#feb24c","v0":20.0,"v1":30.0},"geometry":{"type":"Polygon","coordinates":[[[-87.1943,42.8411],[-87.1215,42.929],[-87.0713,42.9747],[-87.0438,42.9783],[-87.0168,42.971],[-86.9904,42.9528],[-86.9623,42.9217],[-86.9323,42.8777],[-86.9114,42.8337],[-86.8996,42.7897],[-86.9114,42.7457],[-86.9468,42.7016],[-86.9457,42.6464],[-86.9081,42.5802],[-86.8995,42.5277],[-86.9198,42.4891],[-86.955,42.4682],[-87.005,42.4651],[-87.0636,42.4845],[-87.1308,42.5262],[-87.181,42.6096],[-87.2141,42.7346],[-87.1943,42.8411]],[[-87.1815,42.8401],[-87.1072,42.9261],[-87.06,42.9692],[-87.04,42.9694],[-87.02,42.9625],[-87.0,42.9485],[-86.9732,42.9164],[-86.9397,42.8662],[-86.9188,42.8227],[-86.9105,42.786],[-86.9242,42.7457],[-86.9599,42.7016],[-86.9586,42.6464],[-86.9205,42.5802],[-86.9135,42.528],[-86.9378,42.4898],[-86.965,42.4698],[-86.995,42.468],[-87.045,42.4875],[-87.115,42.5282],[-87.1672,42.6108],[-87.2015,42.735],[-87.1815,42.8401]]]}},{"type":"Feature","properties":{"c":"#feb24c","v0":20.0,"v1":30.0},"geometry":{"type":"Polygon","coordinates":[[[-101.7189,42.8374],[-101.7074,42.8594],[-101.6588,42.8902],[-101.5729,42.9299],[-101.52,42.95],[-101.5,42.9506],[-101.4503,42.9272],[-101.371,42.8796],[-101.3175,42.8337],[-101.2897,42.7897],[-101.2931,42.7457],[-101.3275,42.7016],[-101.361,42.6768],[-101.3937,42.6714],[-101.445,42.6892],[-101.515,42.7303],[-101.582,42.7513],[-101.6459,42.7525],[-101.6895,42.7714],[-101.7129,42.8081],[-101.7189,42.8374]],[[-101.7042,42.8353],[-101.6947,42.8531],[-101.65,42.8807],[-101.57,42.9181],[-101.52,42.9373],[-101.5,42.9383],[-101.455,42.9178],[-101.385,42.876],[-101.3354,42.8332],[-101.3063,42.7895],[-101.3063,42.7487],[-101.3354,42.7108],[-101.365,42.6889],[-101.395,42.6831],[-101.44,42.6996],[-101.5,42.7383],[-101.565,42.7592],[-101.635,42.7623],[-101.6797,42.7795],[-101.6992,42.8108],[-101.7042,42.8353]]]}},{"type":"Feature","properties":{"c":"#feb24c","v0":20.0,"v1":30.0},"geometry":{"type":"Polygon","coordinates":[[[-89.5036,42.4733],[-89.4898,42.5028],[-89.4597,42.5354],[-89.4132,42.5711],[-89.3855,42.6042],[-89.3766,42.6348],[-89.3785,42.6648],[-89.3912,42.6942],[-89.3807,42.7269],[-89.3469,42.763],[-89.32,42.7821],[-89.3,42.7844],[-89.28,42.7777],[-89.26,42.762],[-89.24,42.766],[-89.22,42.7896],[-89.165,42.8103],[-89.075,42.8283],[-89.0261,42.8235],[-89.0182,42.7961],[-89.0265,42.7677],[-89.051,42.7383],[-89.1024,42.7053],[-89.1808,42.6685],[-89.226,42.6133],[-89.2379,42.5397],[-89.2404,42.4842],[-89.2335,42.4469],[-89.245,42.4269],[-89.275,42.4243],[-89.305,42.4079],[-89.335,42.3775],[-89.36,42.3607],[-89.38,42.3572],[-89.41,42.365],[-89.45,42.3841],[-89.4801,42.4099],[-89.5004,42.4423],[-89.5036,42.4733]],[[-89.4909,42.4725],[-89.477,42.5004],[-89.4482,42.5299],[-89.4047,42.561],[-89.3769,42.5949],[-89.3649,42.6317],[-89.3642,42.6648],[-89.3747,42.6942],[-89.3675,42.7228],[-89.3425,42.7505],[-89.32,42.7655],[-89.3,42.7677],[-89.28,42.7584],[-89.26,42.7378],[-89.24,42.742],[-89.22,42.7712],[-89.1671,42.796],[-89.0814,42.8163],[-89.0359,42.8154],[-89.0309,42.7934],[-89.0412,42.7677],[-89.0669,42.7383],[-89.1173,42.7076],[-89.1924,42.6756],[-89.235,42.605],[-89.245,42.4957],[-89.265,42.4396],[-89.295,42.4369],[-89.32,42.4207],[-89.34,42.3911],[-89.36,42.3736],[-89.38,42.368],[-89.4075,42.3738],[-89.4426,42.3909],[-89.4696,42.4143],[-89.4885,42.4438],[-89.4909,42.4725]]]}},{"type":"Feature","properties":{"c":"#feb24c","v0":20.0,"v1":30.0},"geometry":{"type":"Polygon","coordinates":[[[-103.4872,42.4334],[-103.4624,42.4716],[-103.4281,42.4937],[-103.3843,42.4998],[-103.3458,42.5213],[-103.3126,42.5581],[-103.2562,42.5876],[-103.1765,42.6096],[-103.1273,42.6428],[-103.1087,42.6869],[-103.067,42.7305],[-103.0023,42.7737],[-102.935,42.7965],[-102.865,42.7989],[-102.8121,42.7847],[-102.7762,42.7538],[-102.7488,42.7163],[-102.7298,42.6722],[-102.7287,42.6317],[-102.7456,42.5949],[-102.778,42.5641],[-102.826,42.5393],[-102.885,42.522],[-102.955,42.5123],[-102.9978,42.4953],[-103.0135,42.4708],[-103.0435,42.4427],[-103.0878,42.4108],[-103.14,42.3869],[-103.2,42.3711],[-103.245,42.3472],[-103.275,42.3152],[-103.305,42.296],[-103.335,42.2896],[-103.365,42.2893],[-103.395,42.2953],[-103.4229,42.3088],[-103.4488,42.3299],[-103.4713,42.3589],[-103.4902,42.3958],[-103.4872,42.4334]],[[-103.4788,42.4307],[-103.4596,42.4634],[-103.425,42.4841],[-103.375,42.4929],[-103.335,42.5156],[-103.305,42.5522],[-103.25,42.581],[-103.17,42.602],[-103.12,42.6356],[-103.1,42.6818],[-103.06,42.7255],[-103.0,42.7666],[-102.94,42.7895],[-102.88,42.7944],[-102.8331,42.7859],[-102.7994,42.764],[-102.7698,42.7273],[-102.7442,42.6759],[-102.7404,42.6317],[-102.7582,42.5949],[-102.7879,42.5662],[-102.8293,42.5456],[-102.885,42.5315],[-102.955,42.5239],[-103.0,42.5059],[-103.02,42.4776],[-103.0522,42.4474],[-103.0966,42.4155],[-103.1466,42.3931],[-103.2022,42.3804],[-103.245,42.3577],[-103.275,42.3252],[-103.305,42.3053],[-103.335,42.2978],[-103.365,42.2974],[-103.395,42.3039],[-103.4296,42.3339],[-103.4688,42.3875],[-103.4788,42.4307]]]}},{"type":"Feature","properties":{"c":"#feb24c","v0":20.0,"v1":30.0},"geometry":{"type":"Polygon","coordinates":[[[-111.1158,42.2183],[-111.1014,42.2405],[-111.0729,42.2664],[-111.0302,42.296],[-111.0213,42.333],[-111.0462,42.3774],[-111.0464,42.4185],[-111.0221,42.4566],[-110.99,42.4799],[-110.95,42.4885],[-110.905,42.4849],[-110.855,42.4693],[-110.805,42.4735],[-110.755,42.4975],[-110.71,42.5089],[-110.67,42.5078],[-110.6395,42.5025],[-110.6186,42.4929],[-110.6014,42.4733],[-110.5881,42.4438],[-110.5886,42.4154],[-110.6029,42.388],[-110.625,42.3682],[-110.655,42.356],[-110.695,42.348],[-110.745,42.3442],[-110.785,42.3219],[-110.815,42.2811],[-110.855,42.2583],[-110.905,42.2536],[-110.945,42.2258],[-110.975,42.1749],[-111.01,42.1477],[-111.05,42.1442],[-111.0833,42.1587],[-111.1098,42.191],[-111.1158,42.2183]],[[-111.0812,42.2331],[-111.0229,42.2849],[-111.007,42.333],[-111.0335,42.3774],[-111.0375,42.4158],[-111.0192,42.4484],[-110.99,42.4695],[-110.95,42.4791],[-110.905,42.4758],[-110.855,42.4596],[-110.815,42.4615],[-110.785,42.4815],[-110.755,42.494],[-110.725,42.4989],[-110.695,42.5006],[-110.665,42.499],[-110.64,42.4925],[-110.62,42.4811],[-110.6058,42.4638],[-110.5975,42.4406],[-110.5982,42.418],[-110.6079,42.3958],[-110.6271,42.3783],[-110.6557,42.3653],[-110.695,42.3576],[-110.745,42.3552],[-110.79,42.3312],[-110.83,42.2857],[-110.87,42.2631],[-110.91,42.2635],[-110.945,42.238],[-110.975,42.1867],[-111.01,42.1589],[-111.05,42.1548],[-111.0801,42.1664],[-111.1003,42.1936],[-111.0812,42.2331]]]}},{"type":"Feature","properties":{"c":"#feb24c","v0":20.0,"v1":30.0},"geometry":{"type":"Polygon","coordinates":[[[-105.4322,42.3979],[-105.4174,42.4242],[-105.395,42.4435],[-105.365,42.4559],[-105.2903,42.4538],[-105.171,42.4373],[-105.1031,42.418],[-105.0864,42.3958],[-105.0806,42.3663],[-105.0856,42.3293],[-105.0636,42.2999],[-105.0145,42.2781],[-104.9779,42.2522],[-104.9538,42.2222],[-104.9449,42.1887],[-104.9513,42.1516],[-104.9733,42.1259],[-105.0111,42.1115],[-105.065,42.1109],[-105.135,42.1241],[-105.1821,42.1462],[-105.2064,42.177],[-105.2215,42.2109],[-105.2273,42.2479],[-105.2702,42.2783],[-105.3501,42.302],[-105.4024,42.3316],[-105.4272,42.367],[-105.4322,42.3979]],[[-105.4228,42.3958],[-105.4116,42.418],[-105.392,42.4353],[-105.364,42.4478],[-105.2949,42.4478],[-105.1847,42.4353],[-105.1195,42.418],[-105.0993,42.3958],[-105.0901,42.3626],[-105.092,42.3182],[-105.0722,42.2896],[-105.0307,42.2766],[-104.9975,42.2581],[-104.9724,42.2341],[-104.9568,42.2109],[-104.9504,42.1887],[-104.9524,42.1665],[-104.9626,42.1442],[-104.9833,42.1277],[-105.0144,42.1169],[-105.065,42.1187],[-105.135,42.1331],[-105.1793,42.1533],[-105.198,42.1794],[-105.2094,42.2109],[-105.2133,42.2479],[-105.259,42.2807],[-105.3463,42.3093],[-105.3996,42.3389],[-105.4188,42.3695],[-105.4228,42.3958]]]}},{"type":"Feature","properties":{"c":"#feb24c","v0":20.0,"v1":30.0},"geometry":{"type":"Polygon","coordinates":[[[-116.0608,41.903],[-116.0536,41.9184],[-116.028,41.937],[-115.9839,41.9588],[-115.9705,41.9846],[-115.9876,42.0143],[-115.9962,42.044],[-115.9963,42.0737],[-115.9798,42.1331],[-115.947,42.222],[-115.9182,42.2775],[-115.8935,42.2997],[-115.8811,42.3219],[-115.8812,42.3441],[-115.8734,42.3632],[-115.8578,42.3793],[-115.825,42.3903],[-115.775,42.3963],[-115.735,42.3805],[-115.705,42.343],[-115.67,42.3195],[-115.63,42.31],[-115.6,42.2968],[-115.58,42.2796],[-115.545,42.282],[-115.495,42.3038],[-115.455,42.3127],[-115.425,42.3088],[-115.4006,42.3004],[-115.3817,42.2876],[-115.3605,42.2627],[-115.3369,42.2257],[-115.3314,42.175],[-115.3438,42.1106],[-115.365,42.0726],[-115.395,42.0612],[-115.445,42.0589],[-115.515,42.0658],[-115.5635,42.0667],[-115.5905,42.0615],[-115.603,42.0515],[-115.6011,42.0366],[-115.5727,42.0079],[-115.5176,41.9652],[-115.49,41.9355],[-115.4901,41.9186],[-115.4981,41.9028],[-115.5142,41.8879],[-115.6042,41.8958],[-115.7681,41.9267],[-115.8616,41.9378],[-115.8848,41.9293],[-115.9081,41.9065],[-115.9317,41.8693],[-115.9601,41.8468],[-115.9934,41.839],[-116.02,41.8403],[-116.04,41.8506],[-116.0536,41.8656],[-116.0608,41.8854],[-116.0608,41.903]],[[-115.9577,42.1071],[-115.9245,42.2035],[-115.8942,42.2627],[-115.867,42.2849],[-115.8526,42.3115],[-115.8509,42.3424],[-115.84,42.3636],[-115.82,42.3751],[-115.795,42.3795],[-115.765,42.3767],[-115.74,42.3582],[-115.72,42.3239],[-115.69,42.3024],[-115.65,42.2938],[-115.615,42.276],[-115.585,42.249],[-115.56,42.2379],[-115.54,42.2427],[-115.52,42.257],[-115.5,42.2808],[-115.48,42.2935],[-115.46,42.2951],[-115.439,42.2923],[-115.417,42.2849],[-115.3932,42.2664],[-115.3678,42.2368],[-115.3537,42.1998],[-115.3511,42.1553],[-115.3553,42.122],[-115.3664,42.0997],[-115.3864,42.0849],[-115.4155,42.0774],[-115.47,42.0776],[-115.55,42.0855],[-115.6007,42.0855],[-115.6221,42.0777],[-115.6294,42.0589],[-115.6226,42.0292],[-115.5935,41.9957],[-115.542,41.9586],[-115.5196,41.9307],[-115.5265,41.9121],[-115.61,41.9178],[-115.77,41.9478],[-115.8693,41.9608],[-115.9078,41.9568],[-115.9389,41.9809],[-115.9626,42.0329],[-115.9577,42.1071]],[[-116.0301,41.9023],[-116.0167,41.9161],[-115.99,41.9299],[-115.95,41.9435],[-115.94,41.928],[-115.96,41.8832],[-115.9842,41.862],[-116.0125,41.8644],[-116.0292,41.873],[-116.0343,41.8879],[-116.0301,41.9023]]]}},{"type":"Feature","properties":{"c":"#feb24c","v0":20.0,"v1":30.0},"geometry":{"type":"Polygon","coordinates":[[[-90.4161,42.2331],[-90.4056,42.2553],[-90.3828,42.2754],[-90.3476,42.2934],[-90.27,42.3133],[-90.15,42.3352],[-90.065,42.3425],[-90.015,42.3352],[-89.977,42.319],[-89.9511,42.2938],[-89.9381,42.2627],[-89.9381,42.2257],[-89.9461,42.197],[-89.962,42.1765],[-90.0007,42.1617],[-90.0622,42.1525],[-90.1222,42.1346],[-90.1807,42.1078],[-90.2514,42.0967],[-90.3342,42.1012],[-90.387,42.1331],[-90.4099,42.1924],[-90.4161,42.2331]],[[-90.408,42.2294],[-90.404,42.2442],[-90.389,42.2603],[-90.363,42.2775],[-90.315,42.2954],[-90.245,42.3138],[-90.17,42.3268],[-90.09,42.3342],[-90.03,42.3315],[-89.99,42.3185],[-89.9648,42.3044],[-89.9544,42.289],[-89.9544,42.2551],[-89.9648,42.2027],[-90.005,42.17],[-90.075,42.1569],[-90.135,42.1384],[-90.185,42.1146],[-90.235,42.1009],[-90.285,42.0975],[-90.325,42.0994],[-90.355,42.1067],[-90.38,42.1383],[-90.4,42.1941],[-90.408,42.2294]]]}},{"type":"Feature","properties":{"c":"#feb24c","v0":20.0,"v1":30.0},"geometry":{"type":"Polygon","coordinates":[[[-110.3407,42.0663],[-110.3254,42.1702],[-110.308,42.2368],[-110.2884,42.2664],[-110.2615,42.2905],[-110.2272,42.3091],[-110.195,42.3188],[-110.165,42.3195],[-110.1398,42.3139],[-110.1194,42.302],[-110.0944,42.2663],[-110.0648,42.2067],[-110.025,42.1793],[-109.975,42.184],[-109.9385,42.1767],[-109.9154,42.1575],[-109.9055,42.1183],[-109.9086,42.0589],[-109.9252,42.0266],[-109.9551,42.0213],[-109.995,42.0365],[-110.045,42.072],[-110.0831,42.0597],[-110.1092,41.9997],[-110.1392,41.9603],[-110.1731,41.9415],[-110.225,41.936],[-110.295,41.9439],[-110.3346,41.9645],[-110.3438,41.9977],[-110.3407,42.0663]],[[-110.3304,42.0663],[-110.3144,42.1702],[-110.2961,42.2368],[-110.2754,42.2664],[-110.2513,42.2883],[-110.2238,42.3025],[-110.195,42.3098],[-110.165,42.3103],[-110.139,42.3032],[-110.1169,42.2886],[-110.0919,42.249],[-110.064,42.1845],[-110.03,42.1595],[-109.99,42.1742],[-109.9564,42.1732],[-109.9291,42.1563],[-109.9134,42.1294],[-109.9091,42.0923],[-109.912,42.0626],[-109.922,42.0403],[-109.9428,42.0316],[-109.9743,42.0364],[-110.005,42.0567],[-110.035,42.0924],[-110.055,42.11],[-110.065,42.1094],[-110.083,42.078],[-110.109,42.0157],[-110.144,41.9723],[-110.188,41.9478],[-110.238,41.9404],[-110.2941,41.95],[-110.3262,41.9697],[-110.3344,41.9995],[-110.3304,42.0663]]]}},{"type":"Feature","properties":{"c":"#feb24c","v0":20.0,"v1":30.0},"geometry":{"type":"Polygon","coordinates":[[[-91.1483,42.0214],[-91.1228,42.0652],[-91.08,42.0978],[-91.02,42.119],[-90.97,42.1437],[-90.93,42.172],[-90.88,42.183],[-90.82,42.1768],[-90.7655,42.1524],[-90.7166,42.1099],[-90.6973,42.0626],[-90.7075,42.0106],[-90.727,41.9754],[-90.7557,41.9569],[-90.8,41.9467],[-90.86,41.9447],[-90.935,41.935],[-91.025,41.9176],[-91.0866,41.9166],[-91.1197,41.9322],[-91.1425,41.9548],[-91.1549,41.9846],[-91.1483,42.0214]],[[-91.1354,42.0217],[-91.1069,42.0663],[-91.067,42.0961],[-91.0157,42.1111],[-90.965,42.1343],[-90.915,42.1657],[-90.865,42.1771],[-90.815,42.1684],[-90.7685,42.1452],[-90.7256,42.1075],[-90.7071,42.0663],[-90.713,42.0217],[-90.7295,41.9887],[-90.7565,41.9673],[-90.845,41.9467],[-90.995,41.9268],[-91.0831,41.9227],[-91.1092,41.9342],[-91.1291,41.9548],[-91.1428,41.9846],[-91.1354,42.0217]]]}},{"type":"Feature","properties":{"c":"#feb24c","v0":20.0,"v1":30.0},"geometry":{"type":"Polygon","coordinates":[[[-111.5207,41.7686],[-111.5142,41.7836],[-111.4707,41.8194],[-111.3902,41.8762],[-111.335,41.9217],[-111.305,41.956],[-111.26,41.9797],[-111.2,41.9929],[-111.1223,41.9661],[-111.0269,41.8991],[-110.9765,41.8469],[-110.9712,41.8097],[-110.9494,41.7686],[-110.9112,41.7239],[-110.9007,41.6679],[-110.9178,41.6006],[-110.9084,41.5669],[-110.8724,41.5669],[-110.8383,41.5884],[-110.8061,41.6312],[-110.775,41.6561],[-110.745,41.6631],[-110.7172,41.6566],[-110.6916,41.6367],[-110.6837,41.6006],[-110.6937,41.5482],[-110.7226,41.5108],[-110.7704,41.4883],[-110.8132,41.4601],[-110.8511,41.4261],[-110.915,41.4095],[-111.005,41.4104],[-111.0552,41.4199],[-111.0657,41.438],[-111.0565,41.4546],[-111.0276,41.4696],[-111.0102,41.4883],[-111.0041,41.5108],[-111.0171,41.537],[-111.0492,41.5669],[-111.0854,41.5894],[-111.1256,41.6043],[-111.1718,41.6327],[-111.2239,41.6743],[-111.275,41.6852],[-111.325,41.6652],[-111.36,41.6569],[-111.38,41.6601],[-111.4192,41.6754],[-111.4776,41.7027],[-111.5111,41.7276],[-111.5197,41.75],[-111.5207,41.7686]],[[-111.4476,41.8132],[-111.3292,41.9172],[-111.25,41.9737],[-111.21,41.9828],[-111.142,41.9569],[-111.0461,41.896],[-110.9933,41.8432],[-110.9836,41.7985],[-110.9616,41.7575],[-110.9272,41.7201],[-110.919,41.6641],[-110.9372,41.5894],[-110.9222,41.5515],[-110.8741,41.5507],[-110.8321,41.5731],[-110.7964,41.6189],[-110.7664,41.6444],[-110.7421,41.6498],[-110.7214,41.6424],[-110.7042,41.622],[-110.7012,41.5894],[-110.7126,41.5445],[-110.7412,41.5126],[-110.7871,41.4937],[-110.825,41.4691],[-110.855,41.4386],[-110.91,41.4239],[-110.99,41.4249],[-111.0335,41.427],[-111.0405,41.4304],[-111.0314,41.4434],[-111.0061,41.4658],[-110.9902,41.4921],[-110.9837,41.522],[-110.9979,41.5501],[-111.0326,41.5763],[-111.07,41.5968],[-111.11,41.6117],[-111.16,41.6422],[-111.22,41.6881],[-111.28,41.7006],[-111.34,41.6799],[-111.4,41.6832],[-111.46,41.7106],[-111.4942,41.7335],[-111.5026,41.752],[-111.4476,41.8132]]]}},{"type":"Feature","properties":{"c":"#feb24c","v0":20.0,"v1":30.0},"geometry":{"type":"Polygon","coordinates":[[[-89.5698,41.4921],[-89.5631,41.522],[-89.5473,41.5479],[-89.5224,41.5697],[-89.4729,41.5809],[-89.3988,41.5816],[-89.3635,41.6006],[-89.367,41.638],[-89.3541,41.6636],[-89.3247,41.6776],[-89.3028,41.6813],[-89.2883,41.6748],[-89.2778,41.6604],[-89.271,41.638],[-89.2836,41.6118],[-89.3156,41.5819],[-89.327,41.5632],[-89.3177,41.5557],[-89.2823,41.5404],[-89.2208,41.5172],[-89.1838,41.5322],[-89.1714,41.5853],[-89.1514,41.6178],[-89.1238,41.6296],[-89.095,41.6347],[-89.065,41.633],[-89.02,41.6218],[-88.96,41.601],[-88.9104,41.5772],[-88.8711,41.5504],[-88.8343,41.5183],[-88.8,41.4808],[-88.7817,41.4396],[-88.7792,41.3946],[-88.791,41.3576],[-88.817,41.3287],[-88.86,41.31],[-88.92,41.3018],[-88.975,41.3119],[-89.025,41.3406],[-89.08,41.3844],[-89.14,41.4434],[-89.195,41.4376],[-89.245,41.3669],[-89.295,41.3265],[-89.345,41.3164],[-89.405,41.3267],[-89.475,41.3573],[-89.5258,41.3988],[-89.5574,41.451],[-89.5698,41.4921]],[[-89.3527,41.638],[-89.3403,41.6604],[-89.3231,41.6691],[-89.301,41.6641],[-89.2878,41.6529],[-89.2834,41.6355],[-89.287,41.6193],[-89.2986,41.6043],[-89.3131,41.5969],[-89.3303,41.5969],[-89.3439,41.6043],[-89.3539,41.6193],[-89.3527,41.638]],[[-89.172,41.552],[-89.1673,41.5819],[-89.1512,41.6045],[-89.1237,41.6197],[-89.095,41.6264],[-89.065,41.6246],[-89.015,41.6107],[-88.945,41.5848],[-88.8811,41.5444],[-88.8232,41.4895],[-88.797,41.4321],[-88.8024,41.3721],[-88.8313,41.3318],[-88.8838,41.3114],[-88.93,41.3064],[-88.97,41.3169],[-89.0282,41.3572],[-89.1046,41.4271],[-89.1507,41.4808],[-89.1665,41.5183],[-89.172,41.552]],[[-89.5535,41.4958],[-89.5399,41.5333],[-89.5123,41.5594],[-89.4708,41.5744],[-89.4,41.5652],[-89.3,41.5317],[-89.238,41.5018],[-89.2141,41.4753],[-89.2205,41.4321],[-89.2571,41.3721],[-89.2941,41.3365],[-89.3314,41.3254],[-89.385,41.3327],[-89.455,41.3583],[-89.5076,41.3976],[-89.5427,41.4506],[-89.5535,41.4958]]]}},{"type":"Feature","properties":{"c":"#feb24c","v0":20.0,"v1":30.0},"geometry":{"type":"Polygon","coordinates":[[[-110.028,41.5402],[-110.016,41.5466],[-110.0,41.5439],[-109.98,41.5321],[-109.955,41.5268],[-109.925,41.5279],[-109.86,41.5554],[-109.76,41.6092],[-109.6991,41.6188],[-109.6772,41.5842],[-109.6708,41.5557],[-109.6798,41.5333],[-109.6957,41.5149],[-109.7186,41.5006],[-109.78,41.4873],[-109.88,41.4749],[-109.9459,41.4708],[-109.9777,41.475],[-110.0038,41.4921],[-110.024,41.522],[-110.028,41.5402]]]}},{"type":"Feature","properties":{"c":"#feb24c","v0":20.0,"v1":30.0},"geometry":{"type":"Polygon","coordinates":[[[-105.7729,40.944],[-105.7576,40.9614],[-105.7238,40.969],[-105.6713,40.9667],[-105.6417,40.9882],[-105.6348,41.0335],[-105.6081,41.0787],[-105.5615,41.124],[-105.5411,41.1571],[-105.547,41.1781],[-105.5725,41.2082],[-105.6176,41.2474],[-105.6376,41.2865],[-105.6325,41.3257],[-105.58,41.3604],[-105.48,41.3905],[-105.42,41.4038],[-105.4,41.4001],[-105.37,41.3826],[-105.33,41.3514],[-105.27,41.3528],[-105.19,41.3871],[-105.14,41.4016],[-105.12,41.3963],[-105.1033,41.3657],[-105.09,41.3099],[-105.1337,41.2519],[-105.2346,41.1917],[-105.2711,41.1503],[-105.2431,41.1277],[-105.2212,41.0938],[-105.2054,41.0486],[-105.2106,41.0122],[-105.2369,40.9846],[-105.26,40.9676],[-105.28,40.961],[-105.315,40.9714],[-105.365,40.9989],[-105.4227,40.9896],[-105.4882,40.9434],[-105.5101,40.8976],[-105.4882,40.8522],[-105.4807,40.8219],[-105.4874,40.8068],[-105.5105,40.7996],[-105.5502,40.8003],[-105.615,40.8237],[-105.705,40.8699],[-105.7576,40.9036],[-105.7729,40.9248],[-105.7729,40.944]],[[-105.7544,40.9415],[-105.7381,40.9539],[-105.705,40.9585],[-105.655,40.9554],[-105.6282,40.9756],[-105.6246,41.0192],[-105.5973,41.0674],[-105.5464,41.1202],[-105.524,41.1579],[-105.5302,41.1804],[-105.5557,41.2105],[-105.6005,41.2481],[-105.6202,41.2857],[-105.6147,41.3233],[-105.5615,41.3545],[-105.4605,41.3792],[-105.395,41.3773],[-105.365,41.3488],[-105.34,41.3316],[-105.32,41.3255],[-105.2645,41.3386],[-105.1734,41.3709],[-105.1215,41.3608],[-105.1087,41.3083],[-105.1539,41.2519],[-105.2571,41.1917],[-105.2936,41.1503],[-105.2635,41.1277],[-105.2418,41.1014],[-105.2285,41.0712],[-105.2215,41.0486],[-105.2209,41.0335],[-105.2306,41.0146],[-105.2506,40.992],[-105.273,40.9793],[-105.2977,40.9765],[-105.325,40.9876],[-105.355,41.0125],[-105.38,41.025],[-105.4,41.025],[-105.4431,40.9988],[-105.5094,40.9464],[-105.5306,40.8976],[-105.5067,40.8522],[-105.5035,40.8228],[-105.5212,40.8094],[-105.5835,40.8283],[-105.6905,40.8795],[-105.7486,40.9127],[-105.7579,40.9278],[-105.7544,40.9415]]]}},{"type":"Feature","properties":{"c":"#feb24c","v0":20.0,"v1":30.0},"geometry":{"type":"Polygon","coordinates":[[[-105.1581,41.0222],[-105.1373,41.0448],[-105.0927,41.07],[-105.0242,41.0977],[-104.96,41.103],[-104.9,41.0861],[-104.8609,41.0647],[-104.8426,41.0389],[-104.8355,41.0146],[-104.8394,40.992],[-104.8686,40.9486],[-104.9229,40.8844],[-104.96,40.8546],[-104.98,40.8593],[-105.0,40.8779],[-105.02,40.9104],[-105.0566,40.9326],[-105.1099,40.9445],[-105.1445,40.9656],[-105.1605,40.9958],[-105.1581,41.0222]],[[-105.139,41.0208],[-105.1197,41.0408],[-105.08,41.0629],[-105.02,41.0871],[-104.96,41.09],[-104.9,41.0715],[-104.8647,41.0532],[-104.8541,41.035],[-104.8515,41.0146],[-104.8567,40.992],[-104.882,40.9527],[-104.9273,40.8967],[-104.9568,40.8702],[-104.9704,40.8733],[-104.9873,40.89],[-105.0074,40.9202],[-105.0456,40.9423],[-105.1019,40.9563],[-105.1347,40.9752],[-105.144,40.999],[-105.139,41.0208]]]}},{"type":"Feature","properties":{"c":"#feb24c","v0":20.0,"v1":30.0},"geometry":{"type":"Polygon","coordinates":[[[-112.181,40.9796],[-112.1603,41.0076],[-112.12,41.0244],[-112.06,41.0299],[-111.975,41.0059],[-111.865,40.9525],[-111.7932,40.898],[-111.7595,40.8422],[-111.7598,40.7841],[-111.794,40.7235],[-111.8308,40.6839],[-111.8703,40.6653],[-111.915,40.6626],[-111.965,40.6758],[-112.0187,40.7154],[-112.076,40.7814],[-112.1264,40.8522],[-112.1697,40.9278],[-112.181,40.9796]],[[-112.1679,40.9793],[-112.1426,41.0067],[-112.105,41.0212],[-112.055,41.0229],[-111.975,40.9962],[-111.865,40.9412],[-111.7961,40.8889],[-111.7682,40.8392],[-111.7732,40.7831],[-111.8111,40.7206],[-111.85,40.6831],[-111.89,40.6708],[-111.93,40.6718],[-111.97,40.6863],[-112.0182,40.7275],[-112.0747,40.7955],[-112.1223,40.8635],[-112.1612,40.9316],[-112.1679,40.9793]]]}},{"type":"Feature","properties":{"c":"#feb24c","v0":20.0,"v1":30.0},"geometry":{"type":"Polygon","coordinates":[[[-111.7106,40.9309],[-111.6969,40.9522],[-111.635,40.9729],[-111.525,40.9931],[-111.4264,40.9787],[-111.3391,40.9296],[-111.2921,40.8862],[-111.2856,40.8484],[-111.2937,40.8144],[-111.3167,40.7841],[-111.3536,40.7506],[-111.4045,40.7141],[-111.485,40.6858],[-111.595,40.6658],[-111.6625,40.6652],[-111.6876,40.6838],[-111.6916,40.7235],[-111.6746,40.7841],[-111.6789,40.8408],[-111.7046,40.8938],[-111.7106,40.9309]],[[-111.6982,40.9278],[-111.6857,40.9429],[-111.6271,40.9614],[-111.5224,40.9834],[-111.45,40.9794],[-111.41,40.9493],[-111.3699,40.927],[-111.3296,40.9124],[-111.3055,40.8862],[-111.2975,40.8484],[-111.3277,40.7983],[-111.3959,40.736],[-111.485,40.6948],[-111.595,40.6749],[-111.6596,40.672],[-111.6788,40.6861],[-111.6803,40.7235],[-111.6641,40.7841],[-111.6681,40.8408],[-111.6923,40.8938],[-111.6982,40.9278]]]}},{"type":"Feature","properties":{"c":"#feb24c","v0":20.0,"v1":30.0},"geometry":{"type":"Polygon","coordinates":[[[-106.0809,40.7801],[-106.0603,40.8023],[-106.03,40.8126],[-105.99,40.811],[-105.9419,40.7961],[-105.8858,40.7679],[-105.8535,40.7424],[-105.845,40.7197],[-105.8531,40.7009],[-105.8777,40.686],[-105.905,40.6785],[-105.935,40.6784],[-105.979,40.6897],[-106.0371,40.7122],[-106.0724,40.7348],[-106.085,40.7576],[-106.0809,40.7801]],[[-106.0518,40.7747],[-106.0373,40.7863],[-106.015,40.7906],[-105.985,40.7877],[-105.9458,40.7705],[-105.8973,40.7392],[-105.8773,40.7186],[-105.8858,40.7089],[-105.905,40.7037],[-105.935,40.7031],[-105.9732,40.7118],[-106.0195,40.7297],[-106.0468,40.7462],[-106.055,40.7614],[-106.0518,40.7747]]]}},{"type":"Feature","properties":{"c":"#feb24c","v0":20.0,"v1":30.0},"geometry":{"type":"Polygon","coordinates":[[[-105.7671,40.6856],[-105.7582,40.7007],[-105.7428,40.7121],[-105.7211,40.7197],[-105.6801,40.7224],[-105.62,40.7203],[-105.58,40.708],[-105.56,40.6855],[-105.53,40.6662],[-105.49,40.6503],[-105.4634,40.6285],[-105.4503,40.6008],[-105.4153,40.5727],[-105.3584,40.5444],[-105.3253,40.514],[-105.3159,40.4815],[-105.3209,40.4611],[-105.3403,40.4527],[-105.385,40.4502],[-105.455,40.4536],[-105.4979,40.4616],[-105.5136,40.4742],[-105.5286,40.5012],[-105.5429,40.5425],[-105.595,40.5772],[-105.685,40.6052],[-105.7404,40.6339],[-105.7612,40.6633],[-105.7671,40.6856]],[[-105.7311,40.6833],[-105.717,40.6938],[-105.685,40.6989],[-105.635,40.6984],[-105.6,40.6872],[-105.58,40.6653],[-105.55,40.6452],[-105.51,40.6272],[-105.486,40.6065],[-105.478,40.5833],[-105.4469,40.5603],[-105.3929,40.5375],[-105.3604,40.5147],[-105.3497,40.4919],[-105.3757,40.4788],[-105.4386,40.4754],[-105.485,40.501],[-105.515,40.5554],[-105.575,40.5967],[-105.665,40.6248],[-105.717,40.6486],[-105.7311,40.6682],[-105.7311,40.6833]]]}},{"type":"Feature","properties":{"c":"#feb24c","v0":20.0,"v1":30.0},"geometry":{"type":"Polygon","coordinates":[[[-113.6086,40.0705],[-113.5829,40.1051],[-113.53,40.1359],[-113.45,40.1629],[-113.3552,40.1532],[-113.2455,40.1069],[-113.1716,40.0455],[-113.1334,39.9689],[-113.1233,39.9216],[-113.1411,39.9036],[-113.165,39.8901],[-113.195,39.881],[-113.25,39.883],[-113.33,39.8961],[-113.4,39.9009],[-113.46,39.8975],[-113.5138,39.9083],[-113.5613,39.9334],[-113.5942,39.9727],[-113.6124,40.0264],[-113.6086,40.0705]],[[-113.6001,40.0679],[-113.58,40.0974],[-113.53,40.1261],[-113.45,40.1541],[-113.3586,40.147],[-113.2557,40.1049],[-113.1849,40.0455],[-113.1461,39.9689],[-113.1376,39.9216],[-113.1592,39.9038],[-113.185,39.8921],[-113.215,39.8865],[-113.265,39.8905],[-113.335,39.9039],[-113.405,39.9103],[-113.475,39.9098],[-113.5284,39.9224],[-113.5652,39.9483],[-113.5902,39.9842],[-113.6035,40.0302],[-113.6001,40.0679]]]}},{"type":"Feature","properties":{"c":"#feb24c","v0":20.0,"v1":30.0},"geometry":{"type":"Polygon","coordinates":[[[-84.3286,40.0695],[-84.3029,40.1023],[-84.245,40.1331],[-84.155,40.1619],[-84.0877,40.1647],[-84.0431,40.1413],[-83.9881,40.1242],[-83.9227,40.1132],[-83.8811,40.1017],[-83.8633,40.0897],[-83.85,40.0723],[-83.8412,40.0493],[-83.8409,40.0264],[-83.8489,40.0034],[-83.8722,39.9781],[-83.9107,39.9506],[-83.95,39.9287],[-83.99,39.9126],[-84.04,39.9009],[-84.1,39.8937],[-84.14,39.893],[-84.16,39.8988],[-84.1837,39.9166],[-84.2112,39.9463],[-84.2463,39.9689],[-84.2892,39.9842],[-84.3183,40.0072],[-84.3338,40.0378],[-84.3286,40.0695]],[[-84.3203,40.0671],[-84.3001,40.0951],[-84.245,40.1238],[-84.155,40.1533],[-84.09,40.157],[-84.05,40.1349],[-83.995,40.1175],[-83.925,40.1046],[-83.8793,40.083],[-83.858,40.0529],[-83.8517,40.0264],[-83.8603,40.0034],[-83.881,39.9805],[-83.9137,39.9577],[-83.95,39.9381],[-83.99,39.9216],[-84.04,39.91],[-84.1,39.9032],[-84.14,39.903],[-84.16,39.9095],[-84.18,39.9254],[-84.2,39.9508],[-84.235,39.9733],[-84.285,39.9929],[-84.3151,40.0153],[-84.3253,40.0405],[-84.3203,40.0671]]]}},{"type":"Feature","properties":{"c":"#feb24c","v0":20.0,"v1":30.0},"geometry":{"type":"Polygon","coordinates":[[[-116.0907,39.9191],[-116.0637,39.9881],[-116.0352,40.0286],[-116.0051,40.0406],[-115.975,40.045],[-115.945,40.0415],[-115.9162,40.0201],[-115.8886,39.9809],[-115.8486,39.9604],[-115.7962,39.9587],[-115.7602,39.951],[-115.7407,39.9374],[-115.7272,39.8884],[-115.7197,39.8039],[-115.7204,39.7463],[-115.7293,39.7155],[-115.7478,39.6929],[-115.7759,39.6783],[-115.81,39.6739],[-115.85,39.6797],[-115.88,39.6992],[-115.9,39.7325],[-115.935,39.751],[-115.985,39.7547],[-116.0255,39.7655],[-116.0564,39.7834],[-116.0799,39.8154],[-116.0961,39.8615],[-116.0907,39.9191]],[[-116.0869,39.9114],[-116.0727,39.9651],[-116.0467,40.0034],[-116.0089,40.0265],[-115.9727,40.0342],[-115.9381,40.0264],[-115.9131,40.0064],[-115.8977,39.9741],[-115.8584,39.955],[-115.7951,39.9489],[-115.7572,39.9382],[-115.7444,39.9229],[-115.7352,39.8807],[-115.7295,39.8116],[-115.7316,39.7578],[-115.7415,39.7193],[-115.7573,39.6949],[-115.7791,39.6844],[-115.805,39.6806],[-115.835,39.6835],[-115.8573,39.6887],[-115.872,39.6963],[-115.887,39.7163],[-115.9023,39.7487],[-115.94,39.767],[-116.0,39.7712],[-116.0438,39.7857],[-116.0715,39.8106],[-116.0875,39.8385],[-116.0918,39.8692],[-116.0869,39.9114]]]}},{"type":"Feature","properties":{"c":"#feb24c","v0":20.0,"v1":30.0},"geometry":{"type":"Polygon","coordinates":[[[-115.4553,39.5576],[-115.4055,39.6732],[-115.3426,39.7732],[-115.2665,39.8577],[-115.2089,39.9066],[-115.1696,39.92],[-115.1312,39.9162],[-115.0935,39.8951],[-115.0504,39.8807],[-115.002,39.873],[-114.9728,39.85],[-114.9628,39.8116],[-114.9659,39.7781],[-114.982,39.7495],[-115.02,39.7264],[-115.08,39.7087],[-115.13,39.7119],[-115.17,39.7358],[-115.1944,39.7282],[-115.2032,39.689],[-115.2432,39.6308],[-115.3145,39.5538],[-115.3701,39.5008],[-115.41,39.4722],[-115.4391,39.4606],[-115.4573,39.4661],[-115.4698,39.4766],[-115.4767,39.492],[-115.4553,39.5576]],[[-115.4407,39.5615],[-115.3862,39.6847],[-115.3225,39.7847],[-115.2497,39.8615],[-115.1975,39.9043],[-115.1658,39.913],[-115.135,39.9078],[-115.105,39.8886],[-115.065,39.8759],[-115.015,39.8696],[-114.9846,39.8518],[-114.9737,39.8224],[-114.9739,39.7924],[-114.985,39.7616],[-115.0205,39.7369],[-115.0802,39.718],[-115.13,39.7233],[-115.17,39.7526],[-115.1974,39.7428],[-115.2121,39.6938],[-115.2512,39.6347],[-115.3147,39.5653],[-115.3673,39.5153],[-115.4091,39.4846],[-115.4395,39.4769],[-115.4585,39.4921],[-115.4407,39.5615]]]}},{"type":"Feature","properties":{"c":"#feb24c","v0":20.0,"v1":30.0},"geometry":{"type":"Polygon","coordinates":[[[-114.6554,39.3994],[-114.5909,39.4457],[-114.5586,39.5075],[-114.5585,39.5846],[-114.5414,39.6495],[-114.5071,39.7023],[-114.45,39.7492],[-114.37,39.7902],[-114.3061,39.8061],[-114.2583,39.7969],[-114.2209,39.7693],[-114.1939,39.7232],[-114.1942,39.6693],[-114.2217,39.6077],[-114.2386,39.546],[-114.2446,39.4843],[-114.2312,39.4264],[-114.1981,39.3723],[-114.1861,39.322],[-114.1951,39.2756],[-114.2272,39.2469],[-114.2824,39.2359],[-114.3207,39.2088],[-114.3421,39.1655],[-114.3621,39.1377],[-114.3807,39.1254],[-114.405,39.1191],[-114.435,39.1188],[-114.4646,39.1289],[-114.4938,39.1492],[-114.5138,39.1865],[-114.5245,39.2408],[-114.5649,39.2858],[-114.635,39.3218],[-114.6744,39.3489],[-114.6833,39.3671],[-114.6554,39.3994]],[[-114.6428,39.3994],[-114.5777,39.4457],[-114.5456,39.5075],[-114.5464,39.5846],[-114.5326,39.6462],[-114.5044,39.6924],[-114.4552,39.7357],[-114.3851,39.7761],[-114.325,39.7951],[-114.275,39.7927],[-114.2355,39.7687],[-114.2066,39.723],[-114.2058,39.6693],[-114.2332,39.6077],[-114.2499,39.546],[-114.2559,39.4843],[-114.2425,39.4264],[-114.2097,39.3723],[-114.1975,39.3232],[-114.2058,39.2791],[-114.225,39.2529],[-114.255,39.2445],[-114.285,39.2443],[-114.315,39.2525],[-114.335,39.2325],[-114.345,39.1844],[-114.37,39.151],[-114.41,39.1323],[-114.4464,39.1321],[-114.4792,39.1503],[-114.5001,39.1865],[-114.5092,39.2408],[-114.5503,39.2872],[-114.6232,39.3259],[-114.6636,39.353],[-114.6714,39.3684],[-114.6428,39.3994]]]}},{"type":"Feature","properties":{"c":"#feb24c","v0":20.0,"v1":30.0},"geometry":{"type":"Polygon","coordinates":[[[-104.9534,39.5163],[-104.9245,39.5495],[-104.885,39.5678],[-104.835,39.5713],[-104.7993,39.601],[-104.7778,39.6568],[-104.7378,39.697],[-104.6793,39.7217],[-104.633,39.7293],[-104.5991,39.7201],[-104.5741,39.6948],[-104.558,39.6535],[-104.5332,39.6227],[-104.4996,39.6024],[-104.477,39.5807],[-104.4653,39.5576],[-104.4635,39.5345],[-104.4715,39.5113],[-104.4992,39.4845],[-104.5464,39.4541],[-104.57,39.4185],[-104.57,39.3779],[-104.595,39.3454],[-104.645,39.3211],[-104.7299,39.3335],[-104.8496,39.3826],[-104.9241,39.4303],[-104.9533,39.4766],[-104.9534,39.5163]],[[-104.9456,39.5138],[-104.9219,39.5419],[-104.8836,39.5573],[-104.8308,39.5601],[-104.7919,39.5923],[-104.7669,39.6539],[-104.7283,39.695],[-104.6761,39.7154],[-104.6324,39.7193],[-104.5972,39.7065],[-104.5737,39.6809],[-104.5619,39.6424],[-104.5413,39.6154],[-104.512,39.6],[-104.4907,39.5807],[-104.4775,39.5576],[-104.4755,39.5345],[-104.4847,39.5113],[-104.5109,39.4882],[-104.5542,39.465],[-104.5767,39.4303],[-104.5786,39.3839],[-104.5971,39.3504],[-104.6324,39.3299],[-104.71,39.3408],[-104.83,39.3832],[-104.9069,39.4283],[-104.9406,39.4759],[-104.9456,39.5138]]]}},{"type":"Feature","properties":{"c":"#feb24c","v0":20.0,"v1":30.0},"geometry":{"type":"Polygon","coordinates":[[[-114.4323,39.3712],[-114.4174,39.3923],[-114.3927,39.4],[-114.3582,39.3944],[-114.3401,39.3607],[-114.3387,39.2988],[-114.3511,39.2717],[-114.3773,39.2795],[-114.4028,39.3027],[-114.4274,39.3414],[-114.4323,39.3712]],[[-114.4239,39.3688],[-114.4146,39.385],[-114.395,39.3908],[-114.365,39.386],[-114.355,39.3597],[-114.365,39.3118],[-114.3846,39.3061],[-114.4139,39.3425],[-114.4239,39.3688]]]}},{"type":"Feature","properties":{"c":"#feb24c","v0":20.0,"v1":30.0},"geometry":{"type":"Polygon","coordinates":[[[-116.1522,39.143],[-116.1374,39.1724],[-116.105,39.2],[-116.055,39.226],[-115.99,39.2345],[-115.91,39.2257],[-115.855,39.2326],[-115.825,39.2553],[-115.77,39.2791],[-115.69,39.304],[-115.64,39.316],[-115.62,39.3152],[-115.5999,39.307],[-115.5796,39.2912],[-115.5712,39.2717],[-115.5747,39.2485],[-115.6197,39.1826],[-115.7062,39.074],[-115.742,38.9769],[-115.7272,38.8913],[-115.7323,38.8326],[-115.7574,38.8007],[-115.83,38.7834],[-115.95,38.7809],[-116.03,38.788],[-116.07,38.8049],[-116.1074,38.8922],[-116.1422,39.0497],[-116.1522,39.143]],[[-116.1431,39.14],[-116.1336,39.1633],[-116.1041,39.1887],[-116.0547,39.2162],[-115.99,39.2255],[-115.91,39.2168],[-115.855,39.2232],[-115.825,39.2449],[-115.77,39.2687],[-115.69,39.2947],[-115.6329,39.3016],[-115.5987,39.2894],[-115.5836,39.2717],[-115.5876,39.2485],[-115.6147,39.2109],[-115.6649,39.159],[-115.7076,39.1047],[-115.7428,39.048],[-115.753,38.9808],[-115.7382,38.903],[-115.7331,38.8524],[-115.7379,38.829],[-115.7477,38.8116],[-115.7626,38.8],[-115.825,38.7925],[-115.935,38.789],[-116.0125,38.7948],[-116.0574,38.8098],[-116.0969,38.8952],[-116.1309,39.0507],[-116.1431,39.14]]]}},{"type":"Feature","properties":{"c":"#feb24c","v0":20.0,"v1":30.0},"geometry":{"type":"Polygon","coordinates":[[[-108.2375,38.9691],[-108.2117,39.0236],[-108.1616,39.0654],[-108.0872,39.0948],[-108.02,39.112],[-107.96,39.117],[-107.895,39.116],[-107.825,39.1089],[-107.765,39.1237],[-107.715,39.1603],[-107.67,39.1753],[-107.63,39.169],[-107.599,39.1564],[-107.577,39.1377],[-107.577,39.0935],[-107.599,39.0236],[-107.64,38.9829],[-107.7,38.9713],[-107.7346,38.9596],[-107.7439,38.9478],[-107.7402,38.9147],[-107.7233,38.8602],[-107.7237,38.8239],[-107.7412,38.8057],[-107.765,38.796],[-107.795,38.7948],[-107.8164,38.8078],[-107.8293,38.835],[-107.8693,38.8693],[-107.9364,38.9108],[-108.02,38.9247],[-108.12,38.9111],[-108.185,38.9069],[-108.215,38.9124],[-108.2351,38.9218],[-108.2453,38.9352],[-108.2375,38.9691]],[[-108.226,38.9792],[-108.202,39.0227],[-108.155,39.0583],[-108.085,39.0859],[-108.02,39.1023],[-107.96,39.1076],[-107.895,39.1063],[-107.825,39.0985],[-107.765,39.1132],[-107.715,39.1504],[-107.67,39.1656],[-107.63,39.1586],[-107.6022,39.1484],[-107.5867,39.1351],[-107.5867,39.0973],[-107.6024,39.0352],[-107.6463,38.9925],[-107.7184,38.9691],[-107.7481,38.9264],[-107.7354,38.8641],[-107.7393,38.8252],[-107.7598,38.8098],[-107.78,38.8043],[-107.8,38.8088],[-107.815,38.8238],[-107.825,38.8493],[-107.86,38.8804],[-107.92,38.9171],[-107.965,38.9374],[-107.995,38.9415],[-108.055,38.9363],[-108.145,38.9219],[-108.1992,38.9176],[-108.2176,38.9234],[-108.2296,38.9341],[-108.2352,38.9497],[-108.226,38.9792]]]}},{"type":"Feature","properties":{"c":"#feb24c","v0":20.0,"v1":30.0},"geometry":{"type":"Polygon","coordinates":[[[-102.2878,39.0663],[-102.2742,39.0973],[-102.2431,39.1232],[-102.1944,39.1438],[-102.1431,39.136],[-102.0893,39.0999],[-102.0601,39.0585],[-102.0556,39.0119],[-102.0675,38.9775],[-102.0958,38.9554],[-102.135,38.9443],[-102.185,38.9442],[-102.2267,38.9552],[-102.26,38.9775],[-102.2811,39.0041],[-102.2901,39.0352],[-102.2878,39.0663]],[[-102.2742,39.0663],[-102.2587,39.0973],[-102.2308,39.1204],[-102.1903,39.1356],[-102.1469,39.1278],[-102.1006,39.0971],[-102.0732,39.0624],[-102.0648,39.0236],[-102.0729,38.9919],[-102.0976,38.9673],[-102.13,38.9538],[-102.17,38.9512],[-102.2077,38.9595],[-102.2432,38.9789],[-102.2661,39.0041],[-102.2767,39.0352],[-102.2742,39.0663]]]}},{"type":"Feature","properties":{"c":"#feb24c","v0":20.0,"v1":30.0},"geometry":{"type":"Polygon","coordinates":[[[-103.0063,38.9686],[-102.9954,38.9907],[-102.9678,39.0102],[-102.9234,39.0269],[-102.8898,39.0507],[-102.8671,39.0818],[-102.8443,39.1032],[-102.8214,39.1148],[-102.79,39.1223],[-102.75,39.1254],[-102.7078,39.1118],[-102.6634,39.0815],[-102.6412,39.0236],[-102.6411,38.938],[-102.6483,38.8863],[-102.6628,38.8684],[-102.69,38.8517],[-102.73,38.8361],[-102.795,38.8322],[-102.885,38.84],[-102.9504,38.8723],[-102.9913,38.9291],[-103.0063,38.9686]],[[-102.9982,38.9653],[-102.9927,38.9808],[-102.965,38.9992],[-102.915,39.0203],[-102.87,39.051],[-102.83,39.0913],[-102.79,39.113],[-102.75,39.1163],[-102.7108,39.1051],[-102.6724,39.0792],[-102.6531,39.0236],[-102.6529,38.938],[-102.6721,38.8821],[-102.7107,38.8558],[-102.775,38.843],[-102.865,38.8439],[-102.9327,38.8726],[-102.9782,38.9292],[-102.9982,38.9653]]]}},{"type":"Feature","properties":{"c":"#feb24c","v0":20.0,"v1":30.0},"geometry":{"type":"Polygon","coordinates":[[[-114.4102,38.983],[-114.3834,39.0339],[-114.35,39.0631],[-114.31,39.0705],[-114.2812,39.0645],[-114.2637,39.045],[-114.2533,39.0158],[-114.2501,38.9769],[-114.2288,38.9477],[-114.1896,38.9281],[-114.1626,38.9086],[-114.1479,38.8893],[-114.1329,38.854],[-114.1176,38.8026],[-114.0978,38.7597],[-114.0733,38.7254],[-114.0764,38.6848],[-114.1069,38.6379],[-114.1251,38.5949],[-114.1308,38.5558],[-114.111,38.5167],[-114.0655,38.4776],[-114.0527,38.4306],[-114.0727,38.3757],[-114.0695,38.3432],[-114.0432,38.333],[-114.0221,38.3173],[-114.0062,38.2961],[-113.9996,38.2738],[-114.0021,38.2502],[-114.0151,38.2295],[-114.0384,38.2116],[-114.0688,38.2077],[-114.1063,38.2177],[-114.1295,38.2345],[-114.1385,38.258],[-114.1401,38.2855],[-114.1345,38.3169],[-114.1544,38.3405],[-114.2,38.3561],[-114.2515,38.3993],[-114.3088,38.4698],[-114.3437,38.5324],[-114.356,38.5871],[-114.3499,38.6496],[-114.3254,38.7199],[-114.3239,38.7706],[-114.3454,38.8018],[-114.3566,38.8329],[-114.3577,38.8641],[-114.3715,38.8875],[-114.3981,38.903],[-114.4144,38.9225],[-114.4206,38.9458],[-114.4102,38.983]],[[-114.4024,38.9798],[-114.3808,39.0243],[-114.355,39.0525],[-114.325,39.0644],[-114.2989,39.0615],[-114.2768,39.044],[-114.2626,39.0119],[-114.2563,38.9653],[-114.2374,38.9365],[-114.2058,38.9256],[-114.1805,38.91],[-114.1616,38.8898],[-114.1436,38.8524],[-114.1264,38.7979],[-114.1065,38.755],[-114.0838,38.7238],[-114.0869,38.687],[-114.1156,38.6447],[-114.1346,38.6018],[-114.1437,38.5581],[-114.1247,38.5167],[-114.0775,38.4776],[-114.0554,38.4463],[-114.0584,38.4228],[-114.0724,38.3956],[-114.0975,38.3646],[-114.135,38.3534],[-114.185,38.362],[-114.239,38.401],[-114.297,38.4704],[-114.3327,38.5285],[-114.3461,38.5754],[-114.3403,38.6379],[-114.3152,38.716],[-114.3132,38.7706],[-114.3343,38.8018],[-114.3445,38.8329],[-114.3439,38.8641],[-114.3568,38.8875],[-114.3832,38.903],[-114.4006,38.9225],[-114.4091,38.9458],[-114.4024,38.9798]],[[-114.1267,38.2815],[-114.1156,38.305],[-114.1,38.3198],[-114.08,38.326],[-114.06,38.326],[-114.04,38.3199],[-114.0244,38.3051],[-114.0131,38.2816],[-114.0128,38.258],[-114.0236,38.2345],[-114.0392,38.2193],[-114.0597,38.2125],[-114.0803,38.2125],[-114.1008,38.2193],[-114.1164,38.2345],[-114.1269,38.258],[-114.1267,38.2815]]]}},{"type":"Feature","properties":{"c":"#feb24c","v0":20.0,"v1":30.0},"geometry":{"type":"Polygon","coordinates":[[[-102.5075,38.8758],[-102.4994,38.8991],[-102.484,38.9164],[-102.4613,38.9276],[-102.405,38.9226],[-102.315,38.9016],[-102.24,38.8928],[-102.18,38.8962],[-102.1223,38.8817],[-102.067,38.8492],[-102.0328,38.8174],[-102.0197,38.7862],[-102.0223,38.7602],[-102.0408,38.7395],[-102.06,38.727],[-102.08,38.7227],[-102.125,38.7273],[-102.195,38.741],[-102.27,38.7492],[-102.35,38.7519],[-102.41,38.7636],[-102.45,38.7842],[-102.4804,38.8119],[-102.5012,38.8467],[-102.5075,38.8758]],[[-102.4968,38.8727],[-102.4923,38.8898],[-102.48,38.9043],[-102.46,38.9162],[-102.405,38.9118],[-102.315,38.8911],[-102.24,38.8824],[-102.18,38.8856],[-102.1223,38.8698],[-102.0669,38.8348],[-102.036,38.8057],[-102.0295,38.7823],[-102.0422,38.7606],[-102.0741,38.7405],[-102.125,38.7374],[-102.195,38.7512],[-102.27,38.7594],[-102.35,38.7619],[-102.4079,38.7728],[-102.4437,38.7921],[-102.471,38.8174],[-102.4897,38.8485],[-102.4968,38.8727]]]}},{"type":"Feature","properties":{"c":"#feb24c","v0":20.0,"v1":30.0},"geometry":{"type":"Polygon","coordinates":[[[-94.5654,38.5363],[-94.56,38.5676],[-94.5378,38.6106],[-94.499,38.6653],[-94.4622,38.702],[-94.4274,38.7208],[-94.38,38.728],[-94.32,38.7237],[-94.2754,38.7104],[-94.2462,38.6881],[-94.2191,38.6574],[-94.1942,38.6184],[-94.1874,38.5754],[-94.1989,38.5285],[-94.236,38.486],[-94.2987,38.4481],[-94.37,38.4329],[-94.45,38.4404],[-94.505,38.4527],[-94.535,38.4697],[-94.5545,38.4888],[-94.5636,38.51],[-94.5654,38.5363]],[[-94.5552,38.5363],[-94.549,38.5676],[-94.5295,38.6067],[-94.4967,38.6535],[-94.4627,38.6881],[-94.4276,38.7103],[-94.38,38.7191],[-94.32,38.7146],[-94.2657,38.684],[-94.2172,38.6272],[-94.1956,38.5793],[-94.2009,38.5402],[-94.2352,38.4998],[-94.2984,38.4581],[-94.365,38.4393],[-94.435,38.4435],[-94.4895,38.4565],[-94.5284,38.4784],[-94.5505,38.4972],[-94.5557,38.5128],[-94.5552,38.5363]]]}},{"type":"Feature","properties":{"c":"#feb24c","v0":20.0,"v1":30.0},"geometry":{"type":"Polygon","coordinates":[[[-81.0558,38.5167],[-81.0445,38.5402],[-81.0067,38.5646],[-80.9422,38.59],[-80.89,38.6239],[-80.85,38.6661],[-80.815,38.689],[-80.785,38.6927],[-80.7569,38.6862],[-80.7307,38.6696],[-80.7214,38.6418],[-80.729,38.6028],[-80.7703,38.5754],[-80.8452,38.5598],[-80.8768,38.5206],[-80.8649,38.458],[-80.8667,38.4139],[-80.8822,38.3882],[-80.899,38.3764],[-80.9171,38.3786],[-80.9413,38.3953],[-80.9717,38.4267],[-81.0027,38.45],[-81.0342,38.4653],[-81.0528,38.481],[-81.0585,38.497],[-81.0558,38.5167]]]}},{"type":"Feature","properties":{"c":"#feb24c","v0":20.0,"v1":30.0},"geometry":{"type":"Polygon","coordinates":[[[-80.7078,38.5011],[-80.6898,38.5246],[-80.6631,38.5387],[-80.6277,38.5434],[-80.5967,38.5434],[-80.5701,38.5387],[-80.5401,38.5228],[-80.5067,38.4958],[-80.45,38.4893],[-80.37,38.5033],[-80.319,38.5011],[-80.2969,38.4828],[-80.2955,38.4619],[-80.3149,38.4384],[-80.341,38.4244],[-80.3737,38.4197],[-80.42,38.4284],[-80.48,38.4504],[-80.53,38.4551],[-80.57,38.4424],[-80.61,38.4362],[-80.65,38.4363],[-80.6798,38.4417],[-80.6994,38.4526],[-80.7111,38.4659],[-80.7149,38.4815],[-80.7078,38.5011]]]}},{"type":"Feature","properties":{"c":"#feb24c","v0":20.0,"v1":30.0},"geometry":{"type":"Polygon","coordinates":[[[-105.177,38.2895],[-105.1649,38.3287],[-105.1416,38.3664],[-105.1072,38.4026],[-105.07,38.4282],[-105.03,38.4431],[-104.982,38.4486],[-104.926,38.4444],[-104.8935,38.4228],[-104.8845,38.3836],[-104.8997,38.3365],[-104.9391,38.2816],[-104.9299,38.2423],[-104.8718,38.2188],[-104.8446,38.1822],[-104.8482,38.1326],[-104.865,38.0992],[-104.895,38.082],[-104.925,38.0748],[-104.955,38.0776],[-104.9865,38.1032],[-105.0195,38.1514],[-105.0672,38.1834],[-105.1294,38.1991],[-105.1662,38.2227],[-105.1775,38.2541],[-105.177,38.2895]],[[-105.1609,38.2855],[-105.1526,38.3169],[-105.1305,38.3522],[-105.0946,38.3914],[-105.06,38.4172],[-105.0267,38.4296],[-104.985,38.4343],[-104.935,38.4312],[-104.9073,38.4132],[-104.902,38.3804],[-104.9198,38.3365],[-104.961,38.2816],[-104.9737,38.2466],[-104.9579,38.2315],[-104.9291,38.2197],[-104.8872,38.2112],[-104.8665,38.1834],[-104.8671,38.1362],[-104.878,38.1066],[-104.8993,38.0946],[-104.925,38.0906],[-104.955,38.0945],[-104.9834,38.1202],[-105.0101,38.1676],[-105.051,38.1952],[-105.106,38.2031],[-105.1414,38.2227],[-105.1571,38.2541],[-105.1609,38.2855]]]}},{"type":"Feature","properties":{"c":"#feb24c","v0":20.0,"v1":30.0},"geometry":{"type":"Polygon","coordinates":[[[-105.5289,37.888],[-105.5188,37.9117],[-105.4978,37.9286],[-105.4659,37.9388],[-105.41,37.9413],[-105.33,37.9361],[-105.2762,37.9191],[-105.2487,37.8905],[-105.2387,37.8618],[-105.2462,37.8332],[-105.2786,37.8134],[-105.3359,37.8026],[-105.3744,37.7853],[-105.3942,37.7616],[-105.4039,37.734],[-105.4035,37.7023],[-105.3862,37.6707],[-105.3519,37.639],[-105.3307,37.5994],[-105.3227,37.5518],[-105.3065,37.5116],[-105.2822,37.4789],[-105.2739,37.4511],[-105.2818,37.4283],[-105.3018,37.4089],[-105.3339,37.393],[-105.371,37.3851],[-105.4129,37.3851],[-105.4529,37.3963],[-105.491,37.4187],[-105.4838,37.4703],[-105.4315,37.5511],[-105.4215,37.6137],[-105.4538,37.6583],[-105.486,37.7295],[-105.5179,37.8273],[-105.5289,37.888]]]}},{"type":"Feature","properties":{"c":"#feb24c","v0":20.0,"v1":30.0},"geometry":{"type":"Polygon","coordinates":[[[-108.1874,37.639],[-108.1746,37.6707],[-108.1386,37.6996],[-108.0795,37.7258],[-108.035,37.7599],[-108.005,37.802],[-107.965,37.8282],[-107.915,37.8387],[-107.8788,37.8402],[-107.8563,37.8326],[-107.8355,37.7893],[-107.8163,37.7102],[-107.8083,37.6429],[-107.8116,37.5875],[-107.8624,37.5033],[-107.9608,37.3903],[-108.025,37.3308],[-108.055,37.3249],[-108.0837,37.3298],[-108.111,37.3455],[-108.1211,37.3851],[-108.1141,37.4487],[-108.1293,37.5042],[-108.1668,37.5518],[-108.1876,37.5875],[-108.1917,37.6113],[-108.1874,37.639]],[[-108.1732,37.639],[-108.1579,37.6707],[-108.1252,37.696],[-108.0751,37.715],[-108.03,37.7485],[-107.99,37.7964],[-107.95,37.8234],[-107.91,37.8293],[-107.88,37.8278],[-107.86,37.8187],[-107.8424,37.7783],[-107.8272,37.7065],[-107.8213,37.6429],[-107.8248,37.5875],[-107.8724,37.5066],[-107.9641,37.4003],[-108.025,37.3434],[-108.055,37.3361],[-108.08,37.3378],[-108.1,37.3488],[-108.1125,37.3659],[-108.1176,37.3893],[-108.1141,37.4209],[-108.1021,37.4606],[-108.115,37.5042],[-108.1527,37.5518],[-108.1739,37.5875],[-108.1785,37.6113],[-108.1732,37.639]]]}},{"type":"Feature","properties":{"c":"#feb24c","v0":20.0,"v1":30.0},"geometry":{"type":"Polygon","coordinates":[[[-108.7984,37.5241],[-108.7902,37.5479],[-108.7721,37.5698],[-108.744,37.5899],[-108.69,37.6119],[-108.61,37.6358],[-108.555,37.6459],[-108.525,37.6423],[-108.5025,37.6321],[-108.4876,37.6156],[-108.4782,37.5914],[-108.4744,37.5597],[-108.4519,37.5419],[-108.4106,37.5379],[-108.3794,37.53],[-108.3583,37.5181],[-108.3314,37.4804],[-108.2986,37.4169],[-108.2844,37.3653],[-108.2889,37.3255],[-108.3059,37.2956],[-108.3353,37.2756],[-108.375,37.267],[-108.425,37.2698],[-108.4746,37.2997],[-108.5237,37.3567],[-108.6037,37.3993],[-108.7146,37.4278],[-108.7781,37.4595],[-108.7944,37.4946],[-108.7984,37.5241]],[[-108.7872,37.5241],[-108.7783,37.5479],[-108.7579,37.5695],[-108.726,37.5889],[-108.675,37.6087],[-108.605,37.6287],[-108.555,37.6365],[-108.525,37.632],[-108.5046,37.6083],[-108.4939,37.5654],[-108.4639,37.5396],[-108.4146,37.5309],[-108.3801,37.519],[-108.3604,37.5039],[-108.3362,37.4685],[-108.3077,37.4129],[-108.2956,37.3653],[-108.3,37.3255],[-108.3141,37.2979],[-108.338,37.2825],[-108.375,37.2763],[-108.425,37.2793],[-108.47,37.307],[-108.51,37.3592],[-108.585,37.399],[-108.695,37.4264],[-108.7604,37.4581],[-108.7813,37.4941],[-108.7872,37.5241]]]}},{"type":"Feature","properties":{"c":"#feb24c","v0":20.0,"v1":30.0},"geometry":{"type":"Polygon","coordinates":[[[-82.4932,36.8107],[-82.4777,36.8424],[-82.425,36.8645],[-82.335,36.8769],[-82.275,36.8998],[-82.245,36.9331],[-82.21,36.9598],[-82.17,36.9798],[-82.105,36.9989],[-82.015,37.0171],[-81.935,37.0265],[-81.865,37.0271],[-81.815,37.0222],[-81.785,37.0119],[-81.7641,36.9978],[-81.7522,36.9798],[-81.748,36.9588],[-81.7515,36.9348],[-81.7675,36.9114],[-81.7958,36.8887],[-81.86,36.8697],[-81.96,36.8546],[-82.045,36.8361],[-82.115,36.8142],[-82.175,36.8039],[-82.225,36.8051],[-82.275,36.7634],[-82.325,36.679],[-82.3649,36.6401],[-82.3948,36.647],[-82.4326,36.6866],[-82.4781,36.7587],[-82.4932,36.8107]],[[-82.4845,36.8078],[-82.4748,36.8338],[-82.445,36.8533],[-82.395,36.8665],[-82.35,36.872],[-82.31,36.87],[-82.2747,36.8865],[-82.244,36.9214],[-82.209,36.9492],[-82.1697,36.9701],[-82.105,36.9896],[-82.015,37.0078],[-81.94,37.0174],[-81.88,37.0184],[-81.835,37.0164],[-81.805,37.0113],[-81.7819,36.9992],[-81.7657,36.9803],[-81.7607,36.9573],[-81.7669,36.9302],[-81.785,36.9076],[-81.815,36.8893],[-81.875,36.8741],[-81.965,36.862],[-82.045,36.8451],[-82.115,36.8234],[-82.1797,36.8121],[-82.2391,36.8113],[-82.2846,36.7748],[-82.3161,36.7026],[-82.3414,36.6607],[-82.3605,36.6491],[-82.3796,36.6491],[-82.3989,36.6607],[-82.4287,36.6986],[-82.4692,36.7628],[-82.4845,36.8078]]]}},{"type":"Feature","properties":{"c":"#feb24c","v0":20.0,"v1":30.0},"geometry":{"type":"Polygon","coordinates":[[[-106.4878,36.8228],[-106.4739,36.8468],[-106.4377,36.8813],[-106.3792,36.9262],[-106.33,36.9483],[-106.29,36.9475],[-106.242,36.9091],[-106.1861,36.8329],[-106.1493,36.7628],[-106.1315,36.6986],[-106.127,36.6545],[-106.1358,36.6304],[-106.1576,36.6132],[-106.1925,36.6029],[-106.235,36.6141],[-106.285,36.6468],[-106.33,36.6677],[-106.37,36.6768],[-106.4085,36.6977],[-106.4454,36.7304],[-106.4716,36.7628],[-106.487,36.7948],[-106.4878,36.8228]],[[-106.4754,36.8228],[-106.4601,36.8468],[-106.4268,36.8786],[-106.3756,36.918],[-106.3316,36.938],[-106.2948,36.9385],[-106.2516,36.9068],[-106.2019,36.8428],[-106.168,36.7668],[-106.15,36.6786],[-106.1482,36.6287],[-106.1627,36.617],[-106.185,36.6119],[-106.215,36.6131],[-106.2466,36.627],[-106.2799,36.6534],[-106.3249,36.6779],[-106.3816,36.7005],[-106.4283,36.7366],[-106.4648,36.7861],[-106.4754,36.8228]]]}},{"type":"Feature","properties":{"c":"#feb24c","v0":20.0,"v1":30.0},"geometry":{"type":"Polygon","coordinates":[[[-107.6346,36.5863],[-107.621,36.6184],[-107.5982,36.6453],[-107.5661,36.6671],[-107.546,36.6992],[-107.5379,36.7416],[-107.5079,36.781],[-107.456,36.8176],[-107.41,36.839],[-107.37,36.8454],[-107.3212,36.8272],[-107.2635,36.7842],[-107.2301,36.7507],[-107.221,36.7267],[-107.2207,36.6986],[-107.229,36.6665],[-107.2824,36.615],[-107.3808,36.544],[-107.47,36.5066],[-107.55,36.5028],[-107.5987,36.5061],[-107.6161,36.5167],[-107.629,36.5341],[-107.6372,36.5582],[-107.6346,36.5863]],[[-107.6227,36.5863],[-107.6081,36.6184],[-107.5869,36.6425],[-107.5591,36.6585],[-107.5393,36.6906],[-107.5277,36.7387],[-107.4989,36.7786],[-107.453,36.8102],[-107.41,36.8291],[-107.37,36.8353],[-107.3213,36.8155],[-107.2639,36.7697],[-107.2376,36.7227],[-107.2426,36.6746],[-107.2913,36.6174],[-107.3838,36.5511],[-107.47,36.516],[-107.55,36.5122],[-107.6,36.5253],[-107.62,36.5552],[-107.6227,36.5863]]]}},{"type":"Feature","properties":{"c":"#feb24c","v0":20.0,"v1":30.0},"geometry":{"type":"Polygon","coordinates":[[[-75.4065,36.498],[-75.3688,36.5464],[-75.3434,36.5946],[-75.3302,36.6426],[-75.3102,36.6773],[-75.2834,36.6988],[-75.25,36.712],[-75.21,36.7169],[-75.155,36.7102],[-75.085,36.6917],[-75.0314,36.6665],[-74.9942,36.6344],[-74.9743,36.5983],[-74.9717,36.5582],[-74.9853,36.5262],[-75.0151,36.5023],[-75.045,36.4912],[-75.075,36.4928],[-75.105,36.5039],[-75.135,36.5244],[-75.1597,36.5194],[-75.179,36.489],[-75.209,36.4646],[-75.2497,36.4461],[-75.3,36.4368],[-75.36,36.4367],[-75.3988,36.4459],[-75.4165,36.4645],[-75.4065,36.498]],[[-75.3932,36.4979],[-75.3563,36.5461],[-75.331,36.5943],[-75.3171,36.6425],[-75.2951,36.6764],[-75.265,36.6961],[-75.235,36.7069],[-75.205,36.7088],[-75.155,36.7005],[-75.085,36.682],[-75.0346,36.6592],[-75.0039,36.632],[-74.9856,36.6023],[-74.9796,36.5702],[-74.99,36.5407],[-75.0167,36.5137],[-75.0449,36.5017],[-75.0748,36.5045],[-75.1048,36.5177],[-75.1349,36.5413],[-75.1593,36.5373],[-75.1778,36.5057],[-75.2028,36.4802],[-75.2343,36.461],[-75.28,36.4491],[-75.34,36.4445],[-75.3804,36.4501],[-75.4012,36.4659],[-75.3932,36.4979]]]}},{"type":"Feature","properties":{"c":"#feb24c","v0":20.0,"v1":30.0},"geometry":{"type":"Polygon","coordinates":[[[-106.503,36.6144],[-106.4907,36.6385],[-106.4659,36.6563],[-106.4286,36.6678],[-106.4017,36.6678],[-106.385,36.6563],[-106.3727,36.6385],[-106.3648,36.6144],[-106.3659,36.5903],[-106.376,36.5662],[-106.3933,36.5503],[-106.4178,36.5427],[-106.4411,36.5427],[-106.4633,36.5503],[-106.4831,36.5662],[-106.5005,36.5903],[-106.503,36.6144]],[[-106.4952,36.6104],[-106.4897,36.6264],[-106.4727,36.6411],[-106.4442,36.6544],[-106.42,36.6574],[-106.4,36.6501],[-106.3857,36.6355],[-106.377,36.6134],[-106.377,36.592],[-106.3857,36.5712],[-106.4,36.5576],[-106.42,36.5513],[-106.44,36.5518],[-106.46,36.5593],[-106.477,36.5728],[-106.4909,36.5925],[-106.4952,36.6104]]]}},{"type":"Feature","properties":{"c":"#feb24c","v0":20.0,"v1":30.0},"geometry":{"type":"Polygon","coordinates":[[[-110.2041,36.2644],[-110.1726,36.3289],[-110.1301,36.3797],[-110.0767,36.4168],[-110.03,36.4669],[-109.99,36.53],[-109.955,36.5622],[-109.925,36.5635],[-109.8853,36.5536],[-109.8358,36.5326],[-109.795,36.4858],[-109.763,36.4134],[-109.7578,36.3679],[-109.7793,36.3493],[-109.8264,36.3372],[-109.8991,36.3317],[-109.9317,36.2926],[-109.9242,36.22],[-109.9278,36.1722],[-109.9426,36.149],[-110.005,36.1407],[-110.115,36.147],[-110.1804,36.1586],[-110.2011,36.1754],[-110.2136,36.1958],[-110.2177,36.22],[-110.2041,36.2644]],[[-110.192,36.2644],[-110.1598,36.3289],[-110.1188,36.3772],[-110.0691,36.4094],[-110.0257,36.4565],[-109.9886,36.5183],[-109.96,36.5517],[-109.94,36.5567],[-109.904,36.5499],[-109.8521,36.5313],[-109.8094,36.4858],[-109.7761,36.4134],[-109.7671,36.3705],[-109.7824,36.357],[-109.83,36.3464],[-109.91,36.3385],[-109.9453,36.3049],[-109.9358,36.2457],[-109.9358,36.1994],[-109.9453,36.1662],[-109.96,36.1471],[-109.98,36.1419],[-110.035,36.1445],[-110.125,36.1549],[-110.1773,36.166],[-110.192,36.1778],[-110.2015,36.1958],[-110.2059,36.22],[-110.192,36.2644]]]}},{"type":"Feature","properties":{"c":"#feb24c","v0":20.0,"v1":30.0},"geometry":{"type":"Polygon","coordinates":[[[-78.8223,36.2362],[-78.8085,36.2765],[-78.7787,36.3162],[-78.7329,36.3553],[-78.675,36.3832],[-78.605,36.3999],[-78.525,36.4341],[-78.435,36.4858],[-78.37,36.5116],[-78.33,36.5114],[-78.2972,36.5019],[-78.2716,36.4832],[-78.2543,36.4617],[-78.2452,36.4376],[-78.2474,36.4134],[-78.261,36.3893],[-78.3233,36.3414],[-78.4344,36.2698],[-78.525,36.2271],[-78.595,36.2133],[-78.66,36.1922],[-78.72,36.1636],[-78.7639,36.1538],[-78.7918,36.163],[-78.8116,36.1797],[-78.8234,36.2039],[-78.8223,36.2362]],[[-78.812,36.2362],[-78.7969,36.2765],[-78.7695,36.3139],[-78.7298,36.3483],[-78.675,36.3738],[-78.605,36.3906],[-78.525,36.4249],[-78.435,36.4766],[-78.37,36.5024],[-78.33,36.5021],[-78.3003,36.495],[-78.281,36.4808],[-78.2665,36.4617],[-78.2568,36.4376],[-78.2552,36.4175],[-78.2616,36.4014],[-78.3212,36.3558],[-78.4337,36.2806],[-78.5251,36.2362],[-78.5952,36.2228],[-78.6602,36.2015],[-78.7201,36.1725],[-78.7602,36.1604],[-78.7805,36.1652],[-78.7979,36.1797],[-78.8123,36.2039],[-78.812,36.2362]]]}},{"type":"Feature","properties":{"c":"#feb24c","v0":20.0,"v1":30.0},"geometry":{"type":"Polygon","coordinates":[[[-79.1185,35.702],[-79.1146,35.775],[-79.0948,35.8318],[-79.0592,35.8723],[-79.0462,35.9129],[-79.0558,35.9533],[-79.0572,35.9938],[-79.0503,36.0343],[-79.0327,36.0692],[-79.0042,36.0988],[-78.965,36.1154],[-78.915,36.1192],[-78.8707,36.1004],[-78.8322,36.059],[-78.8001,36.0059],[-78.7744,35.9412],[-78.7618,35.8926],[-78.7625,35.8602],[-78.7697,35.8359],[-78.7832,35.8199],[-78.815,35.8022],[-78.865,35.7829],[-78.8978,35.7504],[-78.9135,35.7046],[-78.9385,35.6628],[-78.9728,35.6249],[-79.015,35.605],[-79.065,35.6029],[-79.0976,35.6177],[-79.1128,35.6495],[-79.1185,35.702]],[[-79.1068,35.702],[-79.1029,35.775],[-79.0832,35.8302],[-79.0477,35.8674],[-79.0348,35.908],[-79.0443,35.9517],[-79.0456,35.9938],[-79.0387,36.0343],[-79.019,36.0688],[-78.9863,36.0976],[-78.95,36.1118],[-78.91,36.1115],[-78.8718,36.0891],[-78.8353,36.0444],[-78.8062,35.9938],[-78.7842,35.9372],[-78.7737,35.8926],[-78.7747,35.8602],[-78.8063,35.8278],[-78.8687,35.7953],[-78.906,35.7588],[-78.9183,35.7182],[-78.9411,35.6776],[-78.9744,35.637],[-79.0108,35.6137],[-79.0503,35.6078],[-79.0797,35.62],[-79.0991,35.6503],[-79.1068,35.702]]]}},{"type":"Feature","properties":{"c":"#feb24c","v0":20.0,"v1":30.0},"geometry":{"type":"Polygon","coordinates":[[[-84.837,35.6843],[-84.819,35.7219],[-84.775,35.7516],[-84.705,35.7732],[-84.625,35.7856],[-84.535,35.7889],[-84.4778,35.7795],[-84.4533,35.7576],[-84.4406,35.7142],[-84.4396,35.6492],[-84.4718,35.5951],[-84.5373,35.552],[-84.6,35.533],[-84.66,35.5381],[-84.7242,35.5637],[-84.7925,35.6099],[-84.8315,35.641],[-84.8411,35.6573],[-84.837,35.6843]],[[-84.8237,35.6964],[-84.8012,35.7258],[-84.755,35.7499],[-84.685,35.7687],[-84.615,35.7797],[-84.545,35.7829],[-84.4957,35.775],[-84.4672,35.7561],[-84.451,35.7182],[-84.4471,35.6614],[-84.4663,35.6133],[-84.5088,35.574],[-84.56,35.55],[-84.62,35.5411],[-84.6905,35.5608],[-84.7714,35.6089],[-84.8177,35.6451],[-84.8292,35.6695],[-84.8237,35.6964]]]}},{"type":"Feature","properties":{"c":"#feb24c","v0":20.0,"v1":30.0},"geometry":{"type":"Polygon","coordinates":[[[-82.6729,35.1724],[-82.6616,35.1969],[-82.6295,35.2188],[-82.5765,35.2381],[-82.535,35.2683],[-82.505,35.3094],[-82.475,35.3393],[-82.445,35.3581],[-82.405,35.3687],[-82.355,35.371],[-82.305,35.3841],[-82.255,35.4081],[-82.2158,35.4122],[-82.1873,35.3965],[-82.169,35.3602],[-82.1608,35.303],[-82.1901,35.2529],[-82.2567,35.2097],[-82.2967,35.1607],[-82.3101,35.1058],[-82.3251,35.0713],[-82.3417,35.0572],[-82.37,35.047],[-82.41,35.0407],[-82.475,35.0509],[-82.565,35.0777],[-82.6271,35.1084],[-82.6614,35.1429],[-82.6729,35.1724]],[[-82.6626,35.1703],[-82.6542,35.1907],[-82.6229,35.2111],[-82.5687,35.2316],[-82.5268,35.2622],[-82.4974,35.303],[-82.4695,35.3319],[-82.4432,35.3488],[-82.405,35.3582],[-82.355,35.3602],[-82.305,35.3735],[-82.255,35.3982],[-82.2189,35.4051],[-82.1966,35.3942],[-82.1792,35.3642],[-82.1668,35.3153],[-82.1952,35.2663],[-82.2644,35.2173],[-82.3044,35.1683],[-82.3152,35.1192],[-82.333,35.0839],[-82.3577,35.0624],[-82.39,35.0513],[-82.43,35.0506],[-82.49,35.0629],[-82.57,35.0881],[-82.6242,35.1155],[-82.6526,35.1452],[-82.6626,35.1703]]]}},{"type":"Feature","properties":{"c":"#feb24c","v0":20.0,"v1":30.0},"geometry":{"type":"Polygon","coordinates":[[[-77.4535,35.1642],[-77.4342,35.205],[-77.3809,35.2385],[-77.2936,35.2646],[-77.2,35.262],[-77.1,35.2307],[-77.0374,35.2176],[-77.0121,35.2229],[-76.9721,35.2429],[-76.9174,35.2776],[-76.87,35.2898],[-76.83,35.2795],[-76.7981,35.258],[-76.7744,35.2254],[-76.761,35.1969],[-76.7579,35.1724],[-76.7682,35.111],[-76.7918,35.0128],[-76.8002,34.9589],[-76.7934,34.9494],[-76.7672,34.9412],[-76.7217,34.9343],[-76.6919,34.9103],[-76.6779,34.8693],[-76.678,34.8283],[-76.6921,34.7872],[-76.7319,34.7245],[-76.7973,34.6402],[-76.84,34.5927],[-76.86,34.5823],[-76.885,34.578],[-76.915,34.5801],[-76.95,34.597],[-76.99,34.6289],[-77.04,34.6329],[-77.1,34.609],[-77.145,34.5962],[-77.175,34.5945],[-77.2239,34.6082],[-77.2918,34.6371],[-77.3397,34.6804],[-77.3677,34.7379],[-77.383,34.816],[-77.3858,34.9144],[-77.4062,35.0087],[-77.4441,35.0987],[-77.4535,35.1642]],[[-77.4504,35.156],[-77.4462,35.1805],[-77.4356,35.2005],[-77.4185,35.2159],[-77.37,35.2349],[-77.29,35.2576],[-77.2,35.2531],[-77.1,35.2215],[-77.035,35.2094],[-77.005,35.2168],[-76.965,35.2368],[-76.915,35.2694],[-76.87,35.2799],[-76.83,35.2684],[-76.7992,35.237],[-76.7776,35.1857],[-76.7786,35.1069],[-76.8023,35.0005],[-76.7881,34.9421],[-76.736,34.9318],[-76.7027,34.9072],[-76.688,34.8683],[-76.6883,34.8283],[-76.7038,34.7872],[-76.7461,34.7237],[-76.8154,34.6376],[-76.87,34.5936],[-76.91,34.5917],[-76.945,34.6063],[-76.975,34.6374],[-77.035,34.64],[-77.125,34.6141],[-77.2053,34.6138],[-77.276,34.639],[-77.3251,34.6763],[-77.3528,34.7256],[-77.3693,34.8037],[-77.3746,34.9103],[-77.3961,35.0087],[-77.4337,35.0987],[-77.4504,35.156]]]}},{"type":"Feature","properties":{"c":"#feb24c","v0":20.0,"v1":30.0},"geometry":{"type":"Polygon","coordinates":[[[-107.7007,34.9349],[-107.6921,34.9759],[-107.6618,35.0333],[-107.6097,35.1069],[-107.5703,35.1496],[-107.5434,35.1614],[-107.515,35.1638],[-107.485,35.1571],[-107.4627,35.139],[-107.4482,35.1094],[-107.459,35.066],[-107.4951,35.0087],[-107.5138,34.9595],[-107.5149,34.9185],[-107.5041,34.885],[-107.4814,34.8589],[-107.44,34.8334],[-107.38,34.8085],[-107.3378,34.7846],[-107.3135,34.7617],[-107.298,34.7379],[-107.2914,34.7133],[-107.2988,34.6845],[-107.3202,34.6516],[-107.3506,34.6242],[-107.3902,34.6022],[-107.435,34.59],[-107.485,34.5875],[-107.5361,34.6273],[-107.5883,34.7093],[-107.622,34.7749],[-107.6372,34.8242],[-107.6598,34.8652],[-107.69,34.898],[-107.7007,34.9349]],[[-107.6878,34.9472],[-107.6803,34.98],[-107.6499,35.0329],[-107.5966,35.1059],[-107.555,35.1462],[-107.525,35.1538],[-107.5,35.1535],[-107.48,35.1452],[-107.4665,35.1254],[-107.4594,35.094],[-107.473,35.0537],[-107.507,35.0046],[-107.5247,34.9595],[-107.526,34.9185],[-107.5125,34.8819],[-107.4842,34.8496],[-107.445,34.8242],[-107.395,34.8057],[-107.356,34.7849],[-107.328,34.7618],[-107.3103,34.7379],[-107.3027,34.7133],[-107.3117,34.6834],[-107.3372,34.6484],[-107.375,34.6208],[-107.425,34.6005],[-107.4664,34.5933],[-107.4991,34.5993],[-107.5373,34.6393],[-107.5809,34.7133],[-107.6095,34.7749],[-107.6231,34.8242],[-107.6453,34.8693],[-107.6761,34.9103],[-107.6878,34.9472]]]}},{"type":"Feature","properties":{"c":"#feb24c","v0":20.0,"v1":30.0},"geometry":{"type":"Polygon","coordinates":[[[-101.5363,34.816],[-101.5294,34.8488],[-101.5119,34.8851],[-101.484,34.9249],[-101.455,34.9472],[-101.425,34.952],[-101.3955,34.9485],[-101.3664,34.9367],[-101.346,34.9103],[-101.3342,34.8693],[-101.3495,34.8078],[-101.3919,34.7256],[-101.4073,34.6802],[-101.3958,34.6715],[-101.36,34.6689],[-101.3,34.6722],[-101.255,34.6671],[-101.225,34.6535],[-101.2027,34.6315],[-101.1881,34.601],[-101.1881,34.5672],[-101.2027,34.53],[-101.23,34.5066],[-101.27,34.4968],[-101.3421,34.503],[-101.4463,34.5252],[-101.5068,34.5528],[-101.5237,34.5858],[-101.5294,34.6269],[-101.5237,34.6763],[-101.5256,34.7256],[-101.5351,34.7749],[-101.5363,34.816]],[[-101.5141,34.8324],[-101.4864,34.898],[-101.4619,34.9343],[-101.4406,34.9411],[-101.4144,34.9411],[-101.3831,34.9343],[-101.3606,34.9103],[-101.3466,34.8693],[-101.3612,34.8078],[-101.4044,34.7256],[-101.417,34.6777],[-101.399,34.6641],[-101.365,34.6595],[-101.315,34.6637],[-101.275,34.6617],[-101.245,34.6535],[-101.2207,34.6334],[-101.202,34.6016],[-101.1986,34.5693],[-101.2104,34.5363],[-101.2347,34.5153],[-101.2716,34.5063],[-101.34,34.5122],[-101.44,34.5331],[-101.4977,34.5582],[-101.5131,34.5876],[-101.5178,34.6269],[-101.5117,34.6763],[-101.5135,34.7256],[-101.5232,34.7749],[-101.5141,34.8324]]]}},{"type":"Feature","properties":{"c":"#feb24c","v0":20.0,"v1":30.0},"geometry":{"type":"Polygon","coordinates":[[[-79.1774,34.5652],[-79.1682,34.5899],[-79.1452,34.6088],[-79.1084,34.6221],[-79.06,34.6241],[-79.0,34.6151],[-78.9515,34.6003],[-78.9144,34.5796],[-78.8913,34.5528],[-78.8822,34.5199],[-78.8865,34.4786],[-78.9041,34.4292],[-78.8921,34.3924],[-78.8507,34.3682],[-78.8269,34.3476],[-78.8207,34.3304],[-78.8257,34.2984],[-78.8419,34.2514],[-78.875,34.2261],[-78.925,34.2225],[-78.965,34.2363],[-78.995,34.2674],[-79.03,34.2924],[-79.07,34.3112],[-79.0891,34.3539],[-79.0873,34.4206],[-79.1057,34.4663],[-79.1444,34.491],[-79.1683,34.5157],[-79.1774,34.5405],[-79.1774,34.5652]],[[-79.1656,34.565],[-79.1552,34.5893],[-79.135,34.606],[-79.105,34.615],[-79.065,34.6165],[-79.015,34.6104],[-78.9699,34.5978],[-78.9298,34.5788],[-78.9044,34.5528],[-78.8939,34.5199],[-78.8975,34.4786],[-78.9151,34.4292],[-78.901,34.3879],[-78.8552,34.3549],[-78.837,34.3136],[-78.8463,34.264],[-78.8757,34.2372],[-78.9252,34.233],[-78.965,34.247],[-78.995,34.279],[-79.0269,34.3017],[-79.0607,34.3151],[-79.0813,34.3343],[-79.0886,34.359],[-79.0875,34.392],[-79.0779,34.4333],[-79.0923,34.4664],[-79.1308,34.4914],[-79.1552,34.5162],[-79.1656,34.5406],[-79.1656,34.565]]]}},{"type":"Feature","properties":{"c":"#feb24c","v0":20.0,"v1":30.0},"geometry":{"type":"Polygon","coordinates":[[[-76.9741,34.4498],[-76.9604,34.4745],[-76.9227,34.5011],[-76.8609,34.5296],[-76.81,34.5485],[-76.77,34.5577],[-76.74,34.5567],[-76.72,34.5454],[-76.7021,34.5265],[-76.6862,34.5001],[-76.6727,34.4498],[-76.6618,34.3755],[-76.6578,34.3095],[-76.6607,34.2516],[-76.6714,34.2103],[-76.6899,34.1855],[-76.7168,34.1666],[-76.7523,34.1537],[-76.7892,34.1537],[-76.8275,34.1666],[-76.8724,34.202],[-76.9241,34.2599],[-76.9576,34.326],[-76.9732,34.4003],[-76.9741,34.4498]],[[-76.9647,34.4476],[-76.9549,34.4678],[-76.915,34.4937],[-76.845,34.5251],[-76.795,34.5435],[-76.765,34.5489],[-76.74,34.5452],[-76.72,34.5324],[-76.699,34.4709],[-76.6769,34.3606],[-76.6677,34.2847],[-76.6715,34.2434],[-76.6825,34.2112],[-76.7008,34.1882],[-76.735,34.1727],[-76.785,34.1649],[-76.8365,34.1847],[-76.8896,34.2321],[-76.9238,34.2682],[-76.9391,34.293],[-76.9525,34.3384],[-76.9639,34.4044],[-76.9647,34.4476]]]}},{"type":"Feature","properties":{"c":"#feb24c","v0":20.0,"v1":30.0},"geometry":{"type":"Polygon","coordinates":[[[-107.3584,34.293],[-107.3467,34.3343],[-107.3181,34.384],[-107.2727,34.4421],[-107.21,34.4705],[-107.13,34.4691],[-107.0773,34.4607],[-107.0519,34.4452],[-107.0291,34.4209],[-107.0086,34.3879],[-107.0025,34.3384],[-107.0107,34.2723],[-107.04,34.231],[-107.0904,34.2144],[-107.1392,34.1841],[-107.1864,34.1401],[-107.2325,34.1236],[-107.2775,34.1345],[-107.3145,34.1606],[-107.3437,34.202],[-107.3598,34.2351],[-107.3628,34.2599],[-107.3584,34.293]],[[-107.3505,34.2888],[-107.3432,34.3219],[-107.3172,34.3692],[-107.2724,34.4308],[-107.215,34.4629],[-107.145,34.4656],[-107.089,34.4513],[-107.0469,34.4201],[-107.0195,34.3879],[-107.0066,34.3549],[-107.0039,34.3177],[-107.0113,34.2764],[-107.0238,34.2486],[-107.0413,34.2342],[-107.07,34.2226],[-107.11,34.2139],[-107.15,34.1891],[-107.19,34.1481],[-107.225,34.1283],[-107.255,34.1295],[-107.2782,34.1367],[-107.2947,34.1499],[-107.3157,34.1855],[-107.3414,34.2434],[-107.3505,34.2888]]]}},{"type":"Feature","properties":{"c":"#feb24c","v0":20.0,"v1":30.0},"geometry":{"type":"Polygon","coordinates":[[[-106.921,33.775],[-106.9024,33.8082],[-106.8637,33.8456],[-106.8049,33.8871],[-106.7855,33.9328],[-106.8056,33.9825],[-106.8056,34.0323],[-106.7857,34.082],[-106.7993,34.1147],[-106.8464,34.1305],[-106.882,34.1595],[-106.9061,34.2016],[-106.9093,34.2434],[-106.8915,34.2847],[-106.8595,34.3104],[-106.8132,34.3207],[-106.7798,34.3207],[-106.7595,34.3104],[-106.7391,34.2888],[-106.7188,34.2558],[-106.714,34.2109],[-106.7247,34.1544],[-106.71,34.1234],[-106.67,34.1182],[-106.6328,34.0968],[-106.5984,34.0593],[-106.5825,34.024],[-106.5852,33.9908],[-106.6114,33.9535],[-106.6612,33.912],[-106.6875,33.8788],[-106.6901,33.8539],[-106.6762,33.8248],[-106.6456,33.7916],[-106.6214,33.7376],[-106.6038,33.6627],[-106.6037,33.6136],[-106.6212,33.5903],[-106.655,33.5779],[-106.705,33.5763],[-106.7589,33.5921],[-106.8167,33.6253],[-106.8517,33.6582],[-106.8639,33.6908],[-106.8851,33.7199],[-106.9152,33.7455],[-106.921,33.775]],[[-106.9076,33.775],[-106.8877,33.8082],[-106.8467,33.8456],[-106.7847,33.8871],[-106.7661,33.9328],[-106.7911,33.9825],[-106.798,34.024],[-106.7868,34.0571],[-106.7684,34.0831],[-106.7428,34.1017],[-106.71,34.1092],[-106.67,34.1055],[-106.6378,34.092],[-106.6134,34.0688],[-106.5979,34.0447],[-106.5914,34.0199],[-106.5944,33.995],[-106.6068,33.9701],[-106.6361,33.9411],[-106.6825,33.9079],[-106.7052,33.8788],[-106.7042,33.8539],[-106.6866,33.8207],[-106.6524,33.7791],[-106.6272,33.7334],[-106.6109,33.6835],[-106.6058,33.646],[-106.6121,33.621],[-106.6239,33.6019],[-106.6413,33.5887],[-106.67,33.583],[-106.71,33.5849],[-106.755,33.5999],[-106.805,33.628],[-106.8365,33.6587],[-106.8496,33.6919],[-106.8715,33.7209],[-106.9022,33.7459],[-106.9076,33.775]],[[-106.901,34.2392],[-106.8907,34.2723],[-106.8667,34.296],[-106.8289,34.3105],[-106.7947,34.3105],[-106.7641,34.296],[-106.7408,34.2682],[-106.7248,34.2268],[-106.728,34.1896],[-106.7503,34.1565],[-106.7736,34.1368],[-106.7979,34.1304],[-106.825,34.1336],[-106.855,34.1464],[-106.879,34.1703],[-106.8971,34.2052],[-106.901,34.2392]]]}},{"type":"Feature","properties":{"c":"#feb24c","v0":20.0,"v1":30.0},"geometry":{"type":"Polygon","coordinates":[[[-77.3885,34.2599],[-77.3628,34.3012],[-77.34,34.3254],[-77.32,34.3328],[-77.295,34.3336],[-77.265,34.3279],[-77.2418,34.3119],[-77.2255,34.2855],[-77.2212,34.2434],[-77.229,34.1855],[-77.2622,34.1559],[-77.3207,34.1548],[-77.3628,34.1755],[-77.3885,34.218],[-77.3885,34.2599]],[[-77.3863,34.2516],[-77.3787,34.2764],[-77.3636,34.2972],[-77.3412,34.3139],[-77.32,34.3236],[-77.3,34.3263],[-77.2776,34.3221],[-77.2527,34.3109],[-77.2406,34.2764],[-77.2414,34.2186],[-77.2488,34.1825],[-77.2629,34.1682],[-77.29,34.1621],[-77.33,34.1639],[-77.36,34.1835],[-77.3801,34.2206],[-77.3863,34.2516]]]}},{"type":"Feature","properties":{"c":"#feb24c","v0":20.0,"v1":30.0},"geometry":{"type":"Polygon","coordinates":[[[-77.2382,34.1316],[-77.2327,34.148],[-77.22,34.1585],[-77.2,34.1632],[-77.135,34.1571],[-77.025,34.1403],[-76.9485,34.1049],[-76.9056,34.051],[-76.8965,33.9908],[-76.9212,33.9245],[-76.9477,33.8849],[-76.9759,33.872],[-77.01,33.8716],[-77.05,33.8837],[-77.1127,33.9482],[-77.1982,34.0651],[-77.2382,34.1316]],[[-77.2236,34.1299],[-77.2145,34.1428],[-77.2,34.151],[-77.18,34.1545],[-77.12,34.147],[-77.02,34.1286],[-76.9513,34.0956],[-76.9138,34.0479],[-76.8976,34.0074],[-76.9026,33.9742],[-76.9158,33.9411],[-76.9371,33.9079],[-76.9634,33.8872],[-76.9945,33.879],[-77.0272,33.8832],[-77.0616,33.8996],[-77.0966,33.9401],[-77.1322,34.0045],[-77.1674,34.0501],[-77.2021,34.0769],[-77.2217,34.0986],[-77.2259,34.1151],[-77.2236,34.1299]]]}},{"type":"Feature","properties":{"c":"#feb24c","v0":20.0,"v1":30.0},"geometry":{"type":"Polygon","coordinates":[[[-80.2751,33.6616],[-80.2584,33.7011],[-80.2247,33.726],[-80.1741,33.7365],[-80.1503,33.7583],[-80.1535,33.7916],[-80.1438,33.8283],[-80.1213,33.8683],[-80.065,33.9196],[-79.975,33.9819],[-79.91,34.0139],[-79.87,34.0156],[-79.84,34.0119],[-79.82,34.003],[-79.802,33.9841],[-79.786,33.9554],[-79.7793,33.9203],[-79.7819,33.8788],[-79.8066,33.8373],[-79.8534,33.7957],[-79.8731,33.7417],[-79.8657,33.6752],[-79.89,33.5961],[-79.9461,33.5044],[-79.9881,33.4531],[-80.016,33.4424],[-80.0532,33.4382],[-80.0995,33.4406],[-80.1295,33.4556],[-80.1432,33.4833],[-80.1731,33.5125],[-80.2192,33.5432],[-80.2526,33.5794],[-80.2732,33.621],[-80.2751,33.6616]],[[-80.2673,33.6587],[-80.2558,33.6924],[-80.2211,33.7173],[-80.1633,33.7336],[-80.1368,33.7583],[-80.1418,33.7916],[-80.1357,33.8253],[-80.1186,33.8596],[-80.065,33.9085],[-79.975,33.9719],[-79.915,34.0051],[-79.885,34.0081],[-79.8565,34.005],[-79.8296,33.9955],[-79.8094,33.9784],[-79.7958,33.9535],[-79.7904,33.9203],[-79.7932,33.8788],[-79.8197,33.8373],[-79.8698,33.7957],[-79.888,33.7583],[-79.8741,33.7251],[-79.8686,33.6918],[-79.8717,33.6585],[-79.9022,33.5961],[-79.9602,33.5044],[-80.0194,33.4558],[-80.0798,33.4503],[-80.1188,33.4628],[-80.1364,33.4933],[-80.1664,33.5213],[-80.2088,33.5467],[-80.2408,33.58],[-80.2623,33.6212],[-80.2673,33.6587]]]}},{"type":"Feature","properties":{"c":"#feb24c","v0":20.0,"v1":30.0},"geometry":{"type":"Polygon","coordinates":[[[-87.6251,33.4919],[-87.6103,33.5252],[-87.5847,33.5454],[-87.5482,33.5525],[-87.4875,33.5358],[-87.4024,33.4954],[-87.3274,33.4659],[-87.2625,33.4474],[-87.219,33.4266],[-87.1969,33.4033],[-87.1857,33.3792],[-87.1854,33.3541],[-87.2164,33.3166],[-87.2788,33.2665],[-87.33,33.2405],[-87.37,33.2386],[-87.4363,33.2636],[-87.5288,33.3156],[-87.5895,33.375],[-87.6181,33.4418],[-87.6251,33.4919]],[[-87.6138,33.4912],[-87.5979,33.5233],[-87.575,33.5412],[-87.545,33.5448],[-87.455,33.5167],[-87.305,33.4569],[-87.2219,33.4181],[-87.2056,33.4005],[-87.1974,33.3792],[-87.1971,33.3541],[-87.2252,33.3193],[-87.2817,33.2748],[-87.33,33.2512],[-87.37,33.2486],[-87.435,33.2733],[-87.525,33.3253],[-87.5829,33.3823],[-87.6088,33.4442],[-87.6138,33.4912]]]}},{"type":"Feature","properties":{"c":"#feb24c","v0":20.0,"v1":30.0},"geometry":{"type":"Polygon","coordinates":[[[-81.8314,33.1953],[-81.8134,33.2371],[-81.7858,33.2727],[-81.7486,33.3022],[-81.715,33.3392],[-81.685,33.384],[-81.655,33.4157],[-81.625,33.4346],[-81.595,33.444],[-81.565,33.444],[-81.53,33.4335],[-81.49,33.4124],[-81.44,33.3999],[-81.38,33.396],[-81.3343,33.381],[-81.3029,33.3547],[-81.2871,33.3207],[-81.287,33.2789],[-81.3043,33.2329],[-81.339,33.1827],[-81.3641,33.1283],[-81.3794,33.0697],[-81.4028,33.024],[-81.4343,32.9914],[-81.465,32.9679],[-81.495,32.9534],[-81.525,32.9429],[-81.555,32.9363],[-81.585,32.9364],[-81.615,32.9434],[-81.65,32.9736],[-81.69,33.0271],[-81.7377,33.0673],[-81.7932,33.094],[-81.8258,33.1241],[-81.8356,33.1576],[-81.8314,33.1953]],[[-81.8228,33.1911],[-81.8106,33.2246],[-81.7559,33.2896],[-81.6586,33.3861],[-81.595,33.4343],[-81.565,33.4343],[-81.53,33.4235],[-81.49,33.4019],[-81.44,33.3894],[-81.38,33.386],[-81.3372,33.3736],[-81.3117,33.3523],[-81.2988,33.3207],[-81.2987,33.2789],[-81.3164,33.2322],[-81.3521,33.1805],[-81.3772,33.1261],[-81.3916,33.0689],[-81.4266,33.0194],[-81.4822,32.9774],[-81.525,32.953],[-81.555,32.9462],[-81.5839,32.9462],[-81.6117,32.953],[-81.6437,32.9816],[-81.68,33.0319],[-81.7261,33.0707],[-81.782,33.0981],[-81.8147,33.1274],[-81.8241,33.1587],[-81.8228,33.1911]]]}},{"type":"Feature","properties":{"c":"#feb24c","v0":20.0,"v1":30.0},"geometry":{"type":"Polygon","coordinates":[[[-87.0156,33.0697],[-87.0084,33.0948],[-86.9861,33.1209],[-86.9487,33.148],[-86.8721,33.1605],[-86.7564,33.1586],[-86.6957,33.1618],[-86.69,33.1702],[-86.6984,33.1995],[-86.7209,33.2497],[-86.7216,33.2886],[-86.7005,33.3162],[-86.675,33.3324],[-86.645,33.3371],[-86.61,33.3273],[-86.57,33.303],[-86.5444,33.3077],[-86.5332,33.3415],[-86.5182,33.3669],[-86.4994,33.384],[-86.475,33.3933],[-86.445,33.3946],[-86.4163,33.3861],[-86.389,33.3676],[-86.3612,33.304],[-86.3329,33.1953],[-86.3234,33.1283],[-86.3327,33.1032],[-86.3455,33.0856],[-86.3618,33.0754],[-86.425,33.0634],[-86.535,33.0495],[-86.61,33.0264],[-86.65,32.9939],[-86.705,32.9699],[-86.775,32.9543],[-86.845,32.9528],[-86.915,32.9654],[-86.9673,32.9931],[-87.0019,33.0358],[-87.0156,33.0697]],[[-87.0037,33.0697],[-86.9959,33.0948],[-86.9765,33.1185],[-86.9455,33.1407],[-86.87,33.151],[-86.75,33.1493],[-86.6861,33.1549],[-86.6784,33.1679],[-86.6862,33.1995],[-86.7096,33.2497],[-86.7084,33.2882],[-86.6828,33.315],[-86.66,33.3286],[-86.64,33.3289],[-86.61,33.3132],[-86.57,33.2815],[-86.535,33.2948],[-86.505,33.3531],[-86.475,33.3831],[-86.445,33.3848],[-86.4167,33.3746],[-86.3902,33.3526],[-86.3653,33.2915],[-86.3419,33.1911],[-86.3402,33.1258],[-86.3601,33.0955],[-86.425,33.0733],[-86.535,33.059],[-86.615,33.0337],[-86.665,32.9972],[-86.72,32.9732],[-86.78,32.9616],[-86.845,32.9625],[-86.915,32.9756],[-86.9644,33.0009],[-86.9932,33.0384],[-87.0037,33.0697]]]}},{"type":"Feature","properties":{"c":"#feb24c","v0":20.0,"v1":30.0},"geometry":{"type":"Polygon","coordinates":[[[-81.1221,33.1032],[-81.1188,33.1283],[-81.1053,33.1539],[-81.0818,33.1799],[-81.0168,33.2092],[-80.9105,33.2417],[-80.8405,33.2686],[-80.8068,33.2896],[-80.77,33.2995],[-80.73,33.2981],[-80.6933,33.2834],[-80.6598,33.2553],[-80.6429,33.2287],[-80.6423,33.2036],[-80.651,33.1785],[-80.6689,33.1534],[-80.7359,33.1101],[-80.852,33.0484],[-80.95,33.0141],[-81.03,33.0071],[-81.0834,33.0253],[-81.1103,33.0688],[-81.1221,33.1032]],[[-81.1115,33.1032],[-81.1076,33.1283],[-81.0918,33.1545],[-81.0639,33.1819],[-81.0,33.2094],[-80.9,33.2369],[-80.835,33.2606],[-80.805,33.2804],[-80.77,33.2897],[-80.73,33.2884],[-80.6961,33.2762],[-80.6684,33.2529],[-80.6542,33.2287],[-80.6536,33.2036],[-80.6625,33.1791],[-80.6808,33.1552],[-80.745,33.1143],[-80.855,33.0562],[-80.95,33.0238],[-81.03,33.0171],[-81.0809,33.0329],[-81.1026,33.0714],[-81.1115,33.1032]]]}},{"type":"Feature","properties":{"c":"#feb24c","v0":20.0,"v1":30.0},"geometry":{"type":"Polygon","coordinates":[[[-107.7895,32.631],[-107.7765,32.6526],[-107.7527,32.6694],[-107.7182,32.6815],[-107.7059,32.7085],[-107.7156,32.7506],[-107.7131,32.7885],[-107.6985,32.8221],[-107.6604,32.8557],[-107.5986,32.8893],[-107.5694,32.9187],[-107.5728,32.9439],[-107.5954,32.9816],[-107.6372,33.0319],[-107.6558,33.0738],[-107.6512,33.1074],[-107.6142,33.1357],[-107.5447,33.159],[-107.475,33.1636],[-107.405,33.1495],[-107.3541,33.1253],[-107.3222,33.091],[-107.3063,33.0571],[-107.3064,33.0235],[-107.3586,32.9313],[-107.4629,32.78],[-107.5288,32.6952],[-107.5563,32.6768],[-107.5893,32.6642],[-107.6279,32.6573],[-107.6402,32.6286],[-107.626,32.578],[-107.6289,32.5232],[-107.6488,32.4642],[-107.6715,32.4295],[-107.6972,32.4193],[-107.721,32.4193],[-107.7429,32.4295],[-107.7644,32.4811],[-107.7855,32.5738],[-107.7895,32.631]],[[-107.6992,32.7906],[-107.6797,32.8284],[-107.6416,32.862],[-107.5847,32.8914],[-107.5578,32.9187],[-107.5608,32.9439],[-107.5833,32.9816],[-107.6252,33.0319],[-107.6433,33.0738],[-107.6375,33.1074],[-107.6035,33.1333],[-107.5412,33.1518],[-107.475,33.1537],[-107.405,33.139],[-107.357,33.1172],[-107.3309,33.0883],[-107.3179,33.0571],[-107.318,33.0235],[-107.3707,32.9313],[-107.4761,32.78],[-107.5441,32.6965],[-107.5747,32.6808],[-107.61,32.6744],[-107.65,32.6774],[-107.6797,32.7021],[-107.6992,32.7485],[-107.6992,32.7906]],[[-107.7757,32.6308],[-107.7586,32.6522],[-107.735,32.6639],[-107.705,32.666],[-107.6769,32.6511],[-107.6508,32.6192],[-107.6373,32.5822],[-107.6364,32.5401],[-107.6494,32.496],[-107.6765,32.4499],[-107.7058,32.433],[-107.7375,32.4454],[-107.7611,32.4937],[-107.7766,32.578],[-107.7757,32.6308]]]}},{"type":"Feature","properties":{"c":"#feb24c","v0":20.0,"v1":30.0},"geometry":{"type":"Polygon","coordinates":[[[-76.3753,32.6412],[-76.3666,32.717],[-76.3491,32.7758],[-76.3229,32.8179],[-76.3126,32.8599],[-76.3184,32.9019],[-76.3137,32.9355],[-76.2986,32.9606],[-76.2657,32.9823],[-76.2152,33.0004],[-76.165,32.9939],[-76.115,32.9626],[-76.065,32.9696],[-76.015,33.0149],[-75.97,33.0362],[-75.93,33.0335],[-75.8907,33.0132],[-75.8522,32.9754],[-75.8289,32.9439],[-75.8208,32.9187],[-75.8351,32.8716],[-75.8717,32.8028],[-75.9,32.7644],[-75.92,32.7568],[-75.965,32.7583],[-76.035,32.7692],[-76.11,32.7517],[-76.19,32.706],[-76.245,32.6575],[-76.275,32.6063],[-76.305,32.5781],[-76.335,32.5728],[-76.3574,32.5784],[-76.3723,32.595],[-76.3753,32.6412]],[[-76.3615,32.6412],[-76.3548,32.717],[-76.3381,32.7758],[-76.3116,32.8179],[-76.3013,32.8599],[-76.3071,32.9019],[-76.305,32.9325],[-76.295,32.9519],[-76.265,32.9713],[-76.215,32.9907],[-76.165,32.9825],[-76.115,32.9467],[-76.065,32.9535],[-76.015,33.003],[-75.98,33.0301],[-75.96,33.0348],[-75.94,33.0328],[-75.92,33.024],[-75.8937,33.0038],[-75.861,32.9722],[-75.8403,32.9439],[-75.8316,32.9187],[-75.8461,32.8725],[-75.8838,32.8053],[-75.9445,32.7752],[-76.0282,32.7823],[-76.1122,32.7613],[-76.1967,32.7121],[-76.2547,32.6623],[-76.2861,32.6117],[-76.3139,32.5855],[-76.338,32.5835],[-76.3537,32.5877],[-76.3612,32.5981],[-76.3615,32.6412]]]}},{"type":"Feature","properties":{"c":"#feb24c","v0":20.0,"v1":30.0},"geometry":{"type":"Polygon","coordinates":[[[-84.2086,32.8603],[-84.1829,32.9033],[-84.125,32.9438],[-84.035,32.9821],[-83.965,32.992],[-83.915,32.9735],[-83.87,32.9688],[-83.83,32.978],[-83.795,32.9796],[-83.765,32.9736],[-83.7379,32.9587],[-83.7137,32.9348],[-83.6979,32.9103],[-83.6905,32.8851],[-83.6976,32.86],[-83.7192,32.8349],[-83.785,32.803],[-83.895,32.7641],[-84.0,32.7458],[-84.1,32.7482],[-84.1628,32.7591],[-84.1884,32.7787],[-84.2063,32.8011],[-84.2164,32.8263],[-84.2086,32.8603]],[[-84.2066,32.8515],[-84.1991,32.8767],[-84.1857,32.8977],[-84.1665,32.9145],[-84.1152,32.9403],[-84.0317,32.9751],[-83.975,32.9899],[-83.945,32.9847],[-83.92,32.9743],[-83.9,32.9586],[-83.86,32.9554],[-83.8,32.9648],[-83.7587,32.962],[-83.7362,32.9471],[-83.7181,32.9229],[-83.7045,32.8893],[-83.7057,32.8623],[-83.7219,32.8419],[-83.79,32.8119],[-83.91,32.7723],[-84.015,32.7541],[-84.105,32.7574],[-84.1651,32.779],[-84.1953,32.8189],[-84.2066,32.8515]]]}},{"type":"Feature","properties":{"c":"#feb24c","v0":20.0,"v1":30.0},"geometry":{"type":"Polygon","coordinates":[[[-109.7421,32.7674],[-109.7086,32.8263],[-109.6941,32.8725],[-109.6988,32.9061],[-109.6933,32.9361],[-109.6778,32.9625],[-109.63,32.9789],[-109.55,32.9854],[-109.4935,32.9848],[-109.4604,32.9771],[-109.4363,32.9606],[-109.421,32.9355],[-109.4136,32.9061],[-109.4142,32.8725],[-109.4234,32.8459],[-109.4411,32.8262],[-109.475,32.8056],[-109.525,32.7839],[-109.5624,32.7475],[-109.5871,32.6963],[-109.6121,32.6672],[-109.6374,32.6602],[-109.665,32.6597],[-109.695,32.6656],[-109.7222,32.686],[-109.7467,32.7207],[-109.7421,32.7674]],[[-109.727,32.7632],[-109.6956,32.8137],[-109.6771,32.8683],[-109.6717,32.9271],[-109.6542,32.9614],[-109.6247,32.9715],[-109.57,32.9723],[-109.49,32.964],[-109.4437,32.9464],[-109.4312,32.9195],[-109.427,32.8935],[-109.4311,32.8683],[-109.4624,32.8417],[-109.5208,32.8136],[-109.5654,32.7716],[-109.5962,32.7155],[-109.6312,32.6844],[-109.6704,32.6782],[-109.7032,32.6908],[-109.7295,32.7223],[-109.727,32.7632]]]}},{"type":"Feature","properties":{"c":"#feb24c","v0":20.0,"v1":30.0},"geometry":{"type":"Polygon","coordinates":[[[-109.5443,32.6836],[-109.4948,32.743],[-109.45,32.776],[-109.41,32.7825],[-109.3807,32.7612],[-109.3622,32.7121],[-109.3622,32.6711],[-109.3807,32.6383],[-109.42,32.6142],[-109.48,32.5987],[-109.52,32.5957],[-109.54,32.6049],[-109.5548,32.6206],[-109.5643,32.6428],[-109.5443,32.6836]],[[-109.5254,32.6818],[-109.4751,32.7378],[-109.435,32.7641],[-109.405,32.7607],[-109.3844,32.7412],[-109.3733,32.7054],[-109.3739,32.6749],[-109.3862,32.6496],[-109.4218,32.6288],[-109.4806,32.6125],[-109.5201,32.6167],[-109.5404,32.6415],[-109.5254,32.6818]]]}},{"type":"Feature","properties":{"c":"#feb24c","v0":20.0,"v1":30.0},"geometry":{"type":"Polygon","coordinates":[[[-81.9591,32.3291],[-81.9498,32.3544],[-81.9364,32.3727],[-81.9188,32.384],[-81.8822,32.3924],[-81.8265,32.398],[-81.7115,32.4267],[-81.5372,32.4784],[-81.4324,32.5417],[-81.3971,32.6165],[-81.3521,32.6728],[-81.2974,32.7108],[-81.245,32.7302],[-81.195,32.7308],[-81.1592,32.7244],[-81.1376,32.711],[-81.1201,32.6833],[-81.1069,32.6412],[-81.1112,32.5991],[-81.133,32.5569],[-81.1754,32.5017],[-81.2385,32.4333],[-81.3,32.3902],[-81.36,32.3725],[-81.425,32.3187],[-81.495,32.2287],[-81.55,32.1805],[-81.59,32.174],[-81.685,32.1846],[-81.835,32.2124],[-81.9217,32.2361],[-81.945,32.2558],[-81.9584,32.2784],[-81.9619,32.3037],[-81.9591,32.3291]],[[-81.9425,32.3322],[-81.9208,32.3639],[-81.84,32.3924],[-81.7,32.4178],[-81.5813,32.4484],[-81.484,32.4842],[-81.4213,32.5359],[-81.3934,32.6033],[-81.3521,32.6577],[-81.2974,32.699],[-81.255,32.7219],[-81.225,32.7265],[-81.1925,32.7226],[-81.1575,32.7104],[-81.1328,32.6833],[-81.1186,32.6412],[-81.1192,32.6033],[-81.1347,32.5696],[-81.1743,32.5171],[-81.2381,32.4458],[-81.3025,32.3994],[-81.3675,32.3778],[-81.4325,32.3238],[-81.4975,32.2372],[-81.55,32.1904],[-81.59,32.1835],[-81.685,32.194],[-81.835,32.2221],[-81.9187,32.2435],[-81.9362,32.2583],[-81.9471,32.2784],[-81.9513,32.3037],[-81.9425,32.3322]]]}},{"type":"Feature","properties":{"c":"#feb24c","v0":20.0,"v1":30.0},"geometry":{"type":"Polygon","coordinates":[[[-111.1541,32.5729],[-111.138,32.6131],[-111.095,32.6347],[-111.025,32.6376],[-110.97,32.6301],[-110.9301,32.6122],[-110.8922,32.5654],[-110.8565,32.4895],[-110.844,32.4178],[-110.8548,32.3502],[-110.8676,32.3053],[-110.8825,32.2831],[-110.91,32.2671],[-110.95,32.2573],[-110.9838,32.26],[-111.0114,32.275],[-111.0364,32.3139],[-111.0588,32.3766],[-111.0886,32.4273],[-111.1259,32.4659],[-111.149,32.5021],[-111.1578,32.5359],[-111.1541,32.5729]],[[-111.1495,32.5654],[-111.1464,32.5907],[-111.1361,32.6093],[-111.1187,32.6212],[-111.08,32.6278],[-111.02,32.6293],[-110.9734,32.6233],[-110.9401,32.61],[-110.9052,32.5654],[-110.8684,32.4895],[-110.8607,32.4093],[-110.8821,32.3248],[-110.9071,32.2774],[-110.9357,32.267],[-110.9653,32.267],[-110.9959,32.2774],[-111.0243,32.3164],[-111.0505,32.384],[-111.0834,32.4389],[-111.123,32.4811],[-111.1448,32.5148],[-111.149,32.5401],[-111.1495,32.5654]]]}},{"type":"Feature","properties":{"c":"#feb24c","v0":20.0,"v1":30.0},"geometry":{"type":"Polygon","coordinates":[[[-88.3228,32.2318],[-88.3124,32.2657],[-88.2829,32.306],[-88.2343,32.3529],[-88.165,32.3799],[-88.075,32.387],[-88.01,32.3841],[-87.97,32.3711],[-87.9382,32.3526],[-87.9147,32.3285],[-87.9026,32.2953],[-87.902,32.253],[-87.9188,32.2135],[-87.9529,32.1768],[-88.04,32.156],[-88.18,32.1511],[-88.265,32.1541],[-88.295,32.165],[-88.3145,32.1816],[-88.3235,32.2038],[-88.3228,32.2318]],[[-88.3124,32.2318],[-88.3012,32.2657],[-88.2742,32.3036],[-88.2314,32.3455],[-88.165,32.3702],[-88.075,32.3775],[-88.01,32.3745],[-87.97,32.3612],[-87.9411,32.345],[-87.9233,32.3259],[-87.914,32.2953],[-87.9133,32.253],[-87.9272,32.2159],[-87.9557,32.1842],[-88.04,32.1654],[-88.18,32.1598],[-88.2641,32.163],[-88.2924,32.175],[-88.3094,32.1895],[-88.3152,32.2065],[-88.3124,32.2318]]]}},{"type":"Feature","properties":{"c":"#feb24c","v0":20.0,"v1":30.0},"geometry":{"type":"Polygon","coordinates":[[[-111.9102,32.0532],[-111.8834,32.1025],[-111.84,32.1364],[-111.78,32.155],[-111.725,32.1999],[-111.675,32.2713],[-111.61,32.3211],[-111.53,32.3496],[-111.475,32.3627],[-111.445,32.3607],[-111.4224,32.353],[-111.4071,32.3399],[-111.3935,32.3122],[-111.3817,32.2699],[-111.3826,32.2191],[-111.3962,32.1599],[-111.4548,32.0885],[-111.5583,32.0048],[-111.635,31.9556],[-111.685,31.9407],[-111.74,31.9341],[-111.8,31.9357],[-111.85,31.9458],[-111.89,31.9646],[-111.9134,31.9876],[-111.9202,32.0149],[-111.9102,32.0532]],[[-111.8982,32.054],[-111.8679,32.1049],[-111.8234,32.1387],[-111.7647,32.1557],[-111.709,32.2001],[-111.6563,32.272],[-111.595,32.3198],[-111.525,32.3435],[-111.4706,32.3498],[-111.4319,32.3388],[-111.4058,32.3122],[-111.3925,32.2699],[-111.393,32.2191],[-111.4075,32.1599],[-111.4635,32.091],[-111.5612,32.0123],[-111.635,31.9653],[-111.685,31.9501],[-111.74,31.9433],[-111.8,31.9451],[-111.8476,31.9539],[-111.8828,31.9698],[-111.9036,31.9904],[-111.9101,32.0159],[-111.8982,32.054]]]}},{"type":"Feature","properties":{"c":"#feb24c","v0":20.0,"v1":30.0},"geometry":{"type":"Polygon","coordinates":[[[-116.0322,31.8461],[-116.0009,31.9225],[-115.9564,31.9686],[-115.8988,31.9843],[-115.85,32.0111],[-115.81,32.049],[-115.77,32.066],[-115.73,32.062],[-115.689,32.0437],[-115.6469,32.011],[-115.626,31.965],[-115.6265,31.9056],[-115.659,31.8631],[-115.7237,31.8376],[-115.7896,31.8027],[-115.8565,31.7584],[-115.91,31.735],[-115.95,31.7325],[-115.9895,31.7504],[-116.0284,31.7887],[-116.0322,31.8461]],[[-116.0212,31.8588],[-115.988,31.9268],[-115.946,31.9657],[-115.8953,31.9756],[-115.85,32.0],[-115.81,32.0388],[-115.775,32.0583],[-115.745,32.0586],[-115.7069,32.0427],[-115.6608,32.0107],[-115.6343,31.9734],[-115.6272,31.931],[-115.6282,31.9013],[-115.6374,31.8843],[-115.674,31.8639],[-115.738,31.84],[-115.8,31.8076],[-115.86,31.7666],[-115.9,31.743],[-115.92,31.7368],[-115.945,31.7382],[-115.975,31.7472],[-116.002,31.7699],[-116.0259,31.8066],[-116.0212,31.8588]]]}},{"type":"Feature","properties":{"c":"#feb24c","v0":20.0,"v1":30.0},"geometry":{"type":"Polygon","coordinates":[[[-84.8327,31.1725],[-84.7767,31.2324],[-84.7654,31.288],[-84.799,31.3392],[-84.8103,31.4076],[-84.7993,31.4929],[-84.7629,31.5827],[-84.701,31.6771],[-84.63,31.7376],[-84.55,31.7641],[-84.49,31.7937],[-84.45,31.8264],[-84.385,31.8438],[-84.295,31.846],[-84.235,31.8433],[-84.205,31.8357],[-84.165,31.8108],[-84.115,31.7684],[-84.0595,31.7326],[-83.9984,31.7034],[-83.9619,31.676],[-83.95,31.6505],[-83.9465,31.6207],[-83.9515,31.5866],[-83.9773,31.544],[-84.0239,31.4929],[-84.0679,31.4536],[-84.1093,31.4262],[-84.135,31.3822],[-84.145,31.3217],[-84.215,31.259],[-84.345,31.1941],[-84.43,31.1399],[-84.47,31.0964],[-84.51,31.0666],[-84.55,31.0507],[-84.59,31.0538],[-84.63,31.0758],[-84.69,31.08],[-84.77,31.0664],[-84.8204,31.0676],[-84.8412,31.0833],[-84.8539,31.1041],[-84.8585,31.1297],[-84.8327,31.1725]],[[-84.834,31.134],[-84.8312,31.1511],[-84.8027,31.1854],[-84.7485,31.2367],[-84.7222,31.2709],[-84.7239,31.288],[-84.7415,31.3136],[-84.775,31.3478],[-84.7863,31.4075],[-84.7754,31.4928],[-84.74,31.5793],[-84.68,31.6671],[-84.61,31.7241],[-84.53,31.7502],[-84.4709,31.7787],[-84.4326,31.8095],[-84.3726,31.8254],[-84.2909,31.8263],[-84.1833,31.7881],[-84.05,31.7106],[-83.9805,31.6505],[-83.9747,31.6079],[-83.9943,31.5611],[-84.0394,31.5099],[-84.0858,31.4673],[-84.1335,31.4332],[-84.1633,31.3862],[-84.1751,31.3264],[-84.2426,31.2666],[-84.366,31.2068],[-84.441,31.1597],[-84.4676,31.1255],[-84.4982,31.0984],[-84.5327,31.0785],[-84.575,31.0786],[-84.625,31.0987],[-84.685,31.1015],[-84.755,31.0871],[-84.8013,31.0913],[-84.824,31.1141],[-84.834,31.134]]]}},{"type":"Feature","properties":{"c":"#feb24c","v0":20.0,"v1":30.0},"geometry":{"type":"Polygon","coordinates":[[[-112.1081,31.6057],[-112.0827,31.644],[-112.05,31.6699],[-112.01,31.6836],[-111.985,31.7162],[-111.975,31.7677],[-111.955,31.7997],[-111.925,31.8122],[-111.885,31.8111],[-111.835,31.7963],[-111.795,31.767],[-111.765,31.7233],[-111.725,31.6964],[-111.675,31.6862],[-111.625,31.6642],[-111.575,31.6303],[-111.54,31.6135],[-111.52,31.6137],[-111.495,31.6245],[-111.465,31.6458],[-111.435,31.6542],[-111.405,31.6498],[-111.3681,31.6281],[-111.3243,31.5891],[-111.3014,31.4929],[-111.2994,31.3392],[-111.3275,31.2324],[-111.3857,31.1725],[-111.4437,31.1342],[-111.5012,31.1176],[-111.5422,31.1218],[-111.5666,31.1471],[-111.585,31.1811],[-111.5973,31.2239],[-111.601,31.2623],[-111.596,31.2965],[-111.5792,31.335],[-111.5504,31.3777],[-111.5695,31.4043],[-111.6365,31.415],[-111.685,31.4278],[-111.715,31.4428],[-111.745,31.495],[-111.775,31.5842],[-111.8144,31.6267],[-111.8633,31.6227],[-111.8957,31.5952],[-111.9114,31.544],[-111.937,31.5077],[-111.9723,31.4861],[-112.0104,31.4818],[-112.0512,31.4949],[-112.0839,31.5227],[-112.1085,31.5653],[-112.1081,31.6057]],[[-112.0982,31.6037],[-112.0757,31.6377],[-112.0414,31.6633],[-111.9955,31.6803],[-111.9715,31.7101],[-111.9696,31.7526],[-111.9539,31.7827],[-111.9246,31.8003],[-111.8835,31.8003],[-111.8305,31.7827],[-111.7905,31.7496],[-111.7635,31.701],[-111.73,31.6774],[-111.69,31.6788],[-111.64,31.6604],[-111.58,31.6222],[-111.54,31.6026],[-111.52,31.6018],[-111.495,31.6128],[-111.465,31.6355],[-111.435,31.6445],[-111.405,31.6397],[-111.3762,31.6289],[-111.3485,31.6121],[-111.3284,31.5909],[-111.3158,31.5653],[-111.3136,31.5227],[-111.3217,31.463],[-111.3183,31.4033],[-111.3035,31.3435],[-111.2997,31.3008],[-111.3069,31.2752],[-111.3404,31.2328],[-111.4001,31.1737],[-111.455,31.1379],[-111.505,31.1256],[-111.5393,31.1295],[-111.5578,31.1496],[-111.5737,31.1854],[-111.5869,31.2367],[-111.5756,31.2965],[-111.5398,31.3649],[-111.5289,31.4044],[-111.543,31.4153],[-111.58,31.4229],[-111.64,31.4273],[-111.685,31.4379],[-111.715,31.4548],[-111.74,31.5089],[-111.76,31.6004],[-111.8,31.6429],[-111.86,31.6366],[-111.9,31.6055],[-111.92,31.5494],[-111.945,31.5122],[-111.975,31.4941],[-112.01,31.4916],[-112.05,31.5048],[-112.0799,31.5303],[-112.0996,31.5678],[-112.0982,31.6037]]]}},{"type":"Feature","properties":{"c":"#feb24c","v0":20.0,"v1":30.0},"geometry":{"type":"Polygon","coordinates":[[[-81.6038,31.1071],[-81.5813,31.1388],[-81.54,31.1624],[-81.48,31.1779],[-81.43,31.2118],[-81.39,31.2643],[-81.34,31.3031],[-81.28,31.3281],[-81.26,31.3589],[-81.28,31.3953],[-81.3128,31.427],[-81.3583,31.4539],[-81.3848,31.4801],[-81.3923,31.5057],[-81.3891,31.544],[-81.3752,31.5952],[-81.3287,31.6323],[-81.2496,31.6555],[-81.195,31.6773],[-81.165,31.6979],[-81.135,31.7054],[-81.105,31.6999],[-81.0774,31.6781],[-81.0521,31.6398],[-81.0438,31.5568],[-81.0524,31.4289],[-81.07,31.3535],[-81.0967,31.3307],[-81.132,31.3137],[-81.176,31.3022],[-81.2041,31.2709],[-81.2163,31.2196],[-81.2543,31.1612],[-81.3181,31.0956],[-81.4,31.0541],[-81.5,31.0366],[-81.56,31.032],[-81.58,31.0406],[-81.5963,31.0564],[-81.6088,31.0796],[-81.6038,31.1071]],[[-81.3758,31.5448],[-81.3586,31.5975],[-81.29,31.6418],[-81.17,31.6777],[-81.0959,31.6812],[-81.0676,31.6522],[-81.0548,31.5739],[-81.0575,31.446],[-81.0766,31.3668],[-81.1122,31.3365],[-81.15,31.3218],[-81.19,31.3228],[-81.2267,31.3465],[-81.2602,31.3929],[-81.2964,31.4246],[-81.3354,31.4417],[-81.3622,31.4673],[-81.377,31.5014],[-81.3758,31.5448]],[[-81.5899,31.107],[-81.5633,31.1384],[-81.5235,31.1598],[-81.4705,31.1711],[-81.4155,31.2086],[-81.3585,31.272],[-81.315,31.3084],[-81.285,31.3178],[-81.257,31.316],[-81.2309,31.303],[-81.2195,31.2752],[-81.223,31.2324],[-81.2563,31.1768],[-81.3194,31.1083],[-81.4008,31.0651],[-81.5003,31.0472],[-81.5633,31.0515],[-81.5899,31.078],[-81.5899,31.107]]]}},{"type":"Feature","properties":{"c":"#feb24c","v0":20.0,"v1":30.0},"geometry":{"type":"Polygon","coordinates":[[[-88.281,31.5312],[-88.2756,31.5568],[-88.2622,31.5764],[-88.2407,31.5899],[-88.2,31.5969],[-88.14,31.5974],[-88.0948,31.5906],[-88.0645,31.5766],[-88.0404,31.544],[-88.0224,31.4929],[-87.9976,31.458],[-87.9659,31.4394],[-87.942,31.4181],[-87.926,31.394],[-87.9137,31.3521],[-87.905,31.2923],[-87.913,31.2448],[-87.9377,31.2096],[-87.97,31.1858],[-88.01,31.1732],[-88.0543,31.178],[-88.1028,31.2],[-88.1378,31.2421],[-88.1593,31.3041],[-88.1917,31.3511],[-88.235,31.383],[-88.2634,31.4289],[-88.2769,31.4886],[-88.281,31.5312]],[[-88.27,31.5312],[-88.2632,31.5568],[-88.2473,31.5751],[-88.2224,31.5861],[-88.185,31.5908],[-88.135,31.5891],[-88.095,31.5807],[-88.065,31.5653],[-88.0414,31.5308],[-88.0243,31.4771],[-87.9993,31.4422],[-87.9664,31.4262],[-87.9448,31.4091],[-87.9343,31.391],[-87.9248,31.3521],[-87.9162,31.2923],[-87.9214,31.2476],[-87.9405,31.2181],[-87.97,31.1966],[-88.01,31.1832],[-88.0509,31.1851],[-88.0928,31.2024],[-88.1267,31.2452],[-88.1527,31.3136],[-88.1855,31.3606],[-88.2251,31.3862],[-88.2521,31.4289],[-88.2663,31.4886],[-88.27,31.5312]]]}},{"type":"Feature","properties":{"c":"#feb24c","v0":20.0,"v1":30.0},"geometry":{"type":"Polygon","coordinates":[[[-82.4,31.5038],[-82.38,31.5426],[-82.355,31.5659],[-82.325,31.5737],[-82.295,31.5736],[-82.265,31.5654],[-82.228,31.508],[-82.1839,31.4012],[-82.1647,31.2965],[-82.1704,31.1939],[-82.1881,31.1212],[-82.2178,31.0784],[-82.252,31.0469],[-82.2907,31.0268],[-82.325,31.0218],[-82.355,31.0319],[-82.375,31.0463],[-82.3849,31.0648],[-82.3786,31.1255],[-82.356,31.2281],[-82.361,31.3307],[-82.3937,31.4332],[-82.4,31.5038]],[[-82.387,31.5035],[-82.3623,31.5419],[-82.3265,31.5589],[-82.2796,31.5547],[-82.2355,31.5014],[-82.1942,31.399],[-82.1746,31.3008],[-82.1766,31.2068],[-82.1906,31.1382],[-82.2169,31.0953],[-82.25,31.0621],[-82.29,31.0387],[-82.32,31.0289],[-82.34,31.0329],[-82.3572,31.0447],[-82.3717,31.0643],[-82.3756,31.1041],[-82.3687,31.164],[-82.357,31.211],[-82.3406,31.2452],[-82.3491,31.3179],[-82.3825,31.4289],[-82.387,31.5035]]]}},{"type":"Feature","properties":{"c":"#feb24c","v0":20.0,"v1":30.0},"geometry":{"type":"Polygon","coordinates":[[[-92.7557,31.4332],[-92.744,31.4673],[-92.7261,31.495],[-92.702,31.5163],[-92.65,31.5276],[-92.57,31.5288],[-92.51,31.5037],[-92.47,31.4522],[-92.4171,31.4025],[-92.3513,31.3547],[-92.3133,31.3179],[-92.3029,31.2923],[-92.2998,31.2623],[-92.3039,31.2281],[-92.3169,31.2026],[-92.339,31.1856],[-92.375,31.1717],[-92.425,31.1607],[-92.465,31.1588],[-92.495,31.1661],[-92.52,31.1789],[-92.54,31.1971],[-92.585,31.2082],[-92.655,31.2121],[-92.6982,31.2218],[-92.7147,31.2374],[-92.7326,31.288],[-92.7519,31.3734],[-92.7557,31.4332]],[[-92.7354,31.4412],[-92.7051,31.4914],[-92.65,31.517],[-92.57,31.5182],[-92.5113,31.4931],[-92.4738,31.4418],[-92.4239,31.3948],[-92.3618,31.3521],[-92.3247,31.3136],[-92.3126,31.2794],[-92.3095,31.2495],[-92.3152,31.2239],[-92.3511,31.1994],[-92.417,31.176],[-92.4631,31.1675],[-92.4893,31.1737],[-92.5143,31.1875],[-92.5381,31.2089],[-92.58,31.2184],[-92.64,31.2161],[-92.6819,31.2268],[-92.7058,31.2505],[-92.7259,31.3008],[-92.7423,31.3777],[-92.7354,31.4412]]]}},{"type":"Feature","properties":{"c":"#feb24c","v0":20.0,"v1":30.0},"geometry":{"type":"Polygon","coordinates":[[[-85.4557,30.9894],[-85.4386,31.0256],[-85.3905,31.047],[-85.3116,31.0536],[-85.2668,31.0612],[-85.2559,31.0698],[-85.2471,31.0955],[-85.2404,31.1383],[-85.2253,31.1721],[-85.2018,31.1969],[-85.175,31.2139],[-85.145,31.223],[-85.11,31.2241],[-85.07,31.2172],[-85.0416,31.2003],[-85.0249,31.1732],[-85.0204,31.1255],[-85.0282,31.057],[-84.9992,31.0055],[-84.9335,30.9712],[-84.8947,30.9369],[-84.8827,30.9026],[-84.8803,30.8597],[-84.8873,30.8082],[-84.8735,30.7652],[-84.8386,30.7308],[-84.8189,30.7007],[-84.8142,30.6749],[-84.8214,30.6557],[-84.8405,30.6431],[-84.87,30.6398],[-84.91,30.6457],[-85.035,30.6892],[-85.245,30.7703],[-85.375,30.8346],[-85.425,30.8821],[-85.4536,30.9222],[-85.4607,30.9549],[-85.4557,30.9894]],[[-85.4507,30.9841],[-85.4438,31.0098],[-85.4327,31.0276],[-85.4176,31.0376],[-85.37,31.0466],[-85.29,31.0546],[-85.2439,31.0839],[-85.2317,31.1344],[-85.2167,31.1695],[-85.1989,31.1891],[-85.175,31.204],[-85.145,31.2142],[-85.11,31.2151],[-85.07,31.2066],[-85.0443,31.1917],[-85.0328,31.1704],[-85.0309,31.1255],[-85.0386,31.057],[-85.0071,31.0012],[-84.9362,30.9584],[-84.9007,30.8983],[-84.9007,30.8211],[-84.8813,30.7609],[-84.8426,30.7179],[-84.8238,30.6878],[-84.8249,30.6706],[-84.8416,30.6584],[-84.8739,30.6511],[-84.935,30.6606],[-85.025,30.6869],[-85.14,30.7302],[-85.28,30.7907],[-85.374,30.8456],[-85.422,30.8951],[-85.448,30.9326],[-85.4521,30.9584],[-85.4507,30.9841]]]}},{"type":"Feature","properties":{"c":"#feb24c","v0":20.0,"v1":30.0},"geometry":{"type":"Polygon","coordinates":[[[-82.9903,31.0141],[-82.9752,31.0655],[-82.9482,31.1083],[-82.9094,31.1424],[-82.835,31.1709],[-82.725,31.1939],[-82.65,31.2027],[-82.61,31.1973],[-82.5796,31.1859],[-82.5587,31.1684],[-82.5537,31.1369],[-82.5646,31.0913],[-82.61,31.0375],[-82.69,30.9755],[-82.75,30.94],[-82.79,30.9313],[-82.845,30.9314],[-82.915,30.9404],[-82.962,30.9558],[-82.9859,30.9775],[-82.9903,31.0141]],[[-82.9787,31.0141],[-82.9639,31.0655],[-82.9398,31.106],[-82.9066,31.1357],[-82.835,31.162],[-82.725,31.185],[-82.65,31.1936],[-82.61,31.1879],[-82.5825,31.1787],[-82.5675,31.166],[-82.5644,31.1383],[-82.5733,31.0955],[-82.6209,31.042],[-82.707,30.9777],[-82.8,30.9479],[-82.9,30.9526],[-82.959,30.9633],[-82.9771,30.98],[-82.9787,31.0141]]]}},{"type":"Feature","properties":{"c":"#feb24c","v0":20.0,"v1":30.0},"geometry":{"type":"Polygon","coordinates":[[[-88.6833,30.6921],[-88.6541,30.7523],[-88.6484,30.8039],[-88.6661,30.8468],[-88.6686,30.9112],[-88.6562,30.997],[-88.6299,31.0635],[-88.59,31.111],[-88.545,31.1401],[-88.495,31.1511],[-88.4482,31.1359],[-88.4046,31.0947],[-88.3799,31.0527],[-88.3741,31.0098],[-88.3617,30.9712],[-88.3427,30.9369],[-88.335,30.9026],[-88.3388,30.8683],[-88.3527,30.8339],[-88.3767,30.7996],[-88.419,30.7624],[-88.4797,30.7225],[-88.525,30.6808],[-88.555,30.6373],[-88.59,30.6155],[-88.63,30.6153],[-88.662,30.6269],[-88.6859,30.6503],[-88.6833,30.6921]],[[-88.6716,30.6921],[-88.6423,30.7523],[-88.6368,30.8039],[-88.655,30.8468],[-88.6581,30.9112],[-88.646,30.997],[-88.6174,31.064],[-88.5725,31.1125],[-88.53,31.1393],[-88.49,31.1446],[-88.451,31.1289],[-88.4131,31.0924],[-88.3807,31.0312],[-88.3538,30.9455],[-88.3452,30.8855],[-88.3549,30.8511],[-88.3705,30.8211],[-88.3921,30.7953],[-88.4303,30.7652],[-88.4852,30.7308],[-88.527,30.6921],[-88.5557,30.6491],[-88.585,30.6253],[-88.615,30.6209],[-88.6441,30.6295],[-88.6722,30.6512],[-88.6716,30.6921]]]}},{"type":"Feature","properties":{"c":"#feb24c","v0":20.0,"v1":30.0},"geometry":{"type":"Polygon","coordinates":[[[-91.1402,30.7967],[-91.1334,30.8252],[-91.1058,30.8595],[-91.0574,30.8997],[-91.0408,30.9412],[-91.0561,30.9841],[-91.0595,31.0227],[-91.0511,31.057],[-91.0327,31.0842],[-91.0042,31.1043],[-90.96,31.1168],[-90.9,31.1216],[-90.8483,31.1115],[-90.805,31.0866],[-90.785,31.0436],[-90.7883,30.9826],[-90.765,30.9431],[-90.715,30.9251],[-90.68,30.8924],[-90.66,30.8448],[-90.6173,30.8114],[-90.5518,30.7921],[-90.5128,30.7609],[-90.5003,30.7179],[-90.503,30.6829],[-90.521,30.6558],[-90.565,30.6361],[-90.635,30.6238],[-90.6913,30.6288],[-90.7339,30.651],[-90.7589,30.6794],[-90.7663,30.714],[-90.79,30.7009],[-90.83,30.64],[-90.86,30.604],[-90.88,30.5927],[-90.91,30.5861],[-90.95,30.5839],[-90.9905,30.5941],[-91.0316,30.6164],[-91.0751,30.6663],[-91.1208,30.7437],[-91.1402,30.7967]],[[-91.1305,30.7953],[-91.125,30.8211],[-91.0965,30.8554],[-91.045,30.8983],[-91.0278,30.9412],[-91.0449,30.9841],[-91.0488,31.0227],[-91.0395,31.057],[-91.0237,31.0817],[-91.0012,31.097],[-90.96,31.1074],[-90.9,31.1129],[-90.8513,31.1053],[-90.8138,31.0845],[-90.7949,31.0398],[-90.7947,30.9712],[-90.7684,30.9285],[-90.7161,30.9118],[-90.6851,30.8817],[-90.6754,30.8384],[-90.6368,30.8082],[-90.5694,30.791],[-90.5271,30.7652],[-90.5097,30.7308],[-90.5083,30.6986],[-90.5228,30.6686],[-90.565,30.647],[-90.635,30.6338],[-90.688,30.6359],[-90.7241,30.6533],[-90.7491,30.6842],[-90.763,30.7285],[-90.7935,30.7156],[-90.8404,30.6455],[-90.8904,30.6059],[-90.9435,30.5969],[-90.9913,30.6055],[-91.034,30.6317],[-91.0749,30.6792],[-91.1138,30.748],[-91.1305,30.7953]]]}},{"type":"Feature","properties":{"c":"#feb24c","v0":20.0,"v1":30.0},"geometry":{"type":"Polygon","coordinates":[[[-90.2247,30.8033],[-90.1082,30.948],[-90.025,31.0281],[-89.975,31.0438],[-89.9258,31.0444],[-89.8775,31.0299],[-89.8444,31.0055],[-89.8266,30.9712],[-89.8191,30.9326],[-89.822,30.8897],[-89.845,30.8517],[-89.8883,30.8185],[-89.92,30.7864],[-89.94,30.7553],[-89.9827,30.7333],[-90.048,30.7202],[-90.108,30.6941],[-90.1627,30.655],[-90.2071,30.6421],[-90.2413,30.6554],[-90.2646,30.6792],[-90.2768,30.7136],[-90.2247,30.8033]],[[-90.2167,30.8005],[-90.1056,30.9397],[-90.02,31.0176],[-89.96,31.0343],[-89.9103,31.0334],[-89.871,31.0148],[-89.845,30.9884],[-89.8326,30.9541],[-89.8285,30.9198],[-89.8329,30.8855],[-89.8538,30.8554],[-89.8913,30.8296],[-89.925,30.797],[-89.955,30.7575],[-90.0,30.7333],[-90.06,30.7245],[-90.115,30.7014],[-90.165,30.664],[-90.205,30.6509],[-90.235,30.6623],[-90.2556,30.6837],[-90.2667,30.7151],[-90.2167,30.8005]]]}},{"type":"Feature","properties":{"c":"#feb24c","v0":20.0,"v1":30.0},"geometry":{"type":"Polygon","coordinates":[[[-92.3217,30.8468],[-92.3166,30.8726],[-92.3031,30.8939],[-92.281,30.9109],[-92.25,30.9234],[-92.21,30.9314],[-92.1753,30.9315],[-92.146,30.9237],[-92.121,30.8981],[-92.1003,30.8549],[-92.0663,30.8119],[-92.0188,30.7693],[-91.9905,30.7308],[-91.9814,30.6964],[-91.9808,30.6663],[-91.989,30.6405],[-92.0123,30.6164],[-92.0508,30.594],[-92.11,30.5877],[-92.19,30.5975],[-92.2435,30.6173],[-92.2704,30.6471],[-92.294,30.705],[-92.3141,30.791],[-92.3217,30.8468]],[[-92.3111,30.8468],[-92.305,30.8726],[-92.2939,30.8917],[-92.278,30.9041],[-92.2399,30.9127],[-92.1797,30.9174],[-92.1348,30.894],[-92.1054,30.8425],[-92.0695,30.7996],[-92.0273,30.7652],[-92.0014,30.7308],[-91.992,30.6964],[-91.9917,30.6663],[-92.0006,30.6405],[-92.0263,30.6182],[-92.0688,30.5995],[-92.125,30.596],[-92.195,30.6078],[-92.2406,30.6258],[-92.2617,30.65],[-92.2827,30.705],[-92.3036,30.791],[-92.3111,30.8468]]]}},{"type":"Feature","properties":{"c":"#feb24c","v0":20.0,"v1":30.0},"geometry":{"type":"Polygon","coordinates":[[[-84.3211,30.7265],[-84.3154,30.7523],[-84.3019,30.7718],[-84.2806,30.7849],[-84.195,30.8013],[-84.045,30.8208],[-83.96,30.8268],[-83.94,30.8192],[-83.9171,30.7985],[-83.8913,30.7649],[-83.8724,30.7222],[-83.8603,30.6706],[-83.8682,30.6297],[-83.8961,30.5994],[-83.955,30.5855],[-84.045,30.588],[-84.14,30.6025],[-84.24,30.6291],[-84.2985,30.6602],[-84.3154,30.6958],[-84.3211,30.7265]],[[-84.31,30.7265],[-84.3029,30.7523],[-84.292,30.7693],[-84.2773,30.7774],[-84.195,30.7914],[-84.045,30.8112],[-83.9502,30.8029],[-83.9105,30.7663],[-83.8834,30.7265],[-83.8687,30.6835],[-83.8661,30.6491],[-83.8757,30.6233],[-83.8879,30.6064],[-83.9026,30.5983],[-83.955,30.5953],[-84.045,30.5974],[-84.14,30.6123],[-84.24,30.64],[-84.2959,30.6688],[-84.3077,30.6987],[-84.31,30.7265]]]}},{"type":"Feature","properties":{"c":"#feb24c","v0":20.0,"v1":30.0},"geometry":{"type":"Polygon","coordinates":[[[-91.9953,30.5076],[-91.9784,30.5432],[-91.95,30.5696],[-91.91,30.5869],[-91.85,30.5655],[-91.77,30.5053],[-91.7141,30.4745],[-91.6823,30.4732],[-91.6423,30.4861],[-91.5941,30.5132],[-91.525,30.5205],[-91.435,30.508],[-91.3778,30.4945],[-91.3535,30.4799],[-91.3357,30.4554],[-91.3242,30.4209],[-91.3313,30.3844],[-91.3571,30.3458],[-91.41,30.3208],[-91.49,30.3091],[-91.55,30.3085],[-91.59,30.3188],[-91.65,30.3455],[-91.73,30.3887],[-91.79,30.4017],[-91.83,30.3846],[-91.87,30.3771],[-91.91,30.3792],[-91.9442,30.3904],[-91.9727,30.4107],[-91.9911,30.4381],[-91.9995,30.4726],[-91.9953,30.5076]],[[-91.9848,30.5071],[-91.9675,30.5415],[-91.9417,30.5656],[-91.9072,30.5793],[-91.8659,30.5707],[-91.8178,30.5398],[-91.7828,30.5081],[-91.7609,30.4756],[-91.73,30.4599],[-91.69,30.4612],[-91.64,30.4758],[-91.58,30.5036],[-91.505,30.5091],[-91.415,30.4921],[-91.3599,30.4637],[-91.3397,30.4236],[-91.3447,30.3844],[-91.3749,30.3459],[-91.425,30.3229],[-91.495,30.3156],[-91.555,30.3196],[-91.605,30.3351],[-91.665,30.364],[-91.735,30.4063],[-91.785,30.418],[-91.815,30.3994],[-91.855,30.3901],[-91.905,30.3901],[-91.9412,30.3978],[-91.9637,30.4132],[-91.9795,30.4381],[-91.9888,30.4726],[-91.9848,30.5071]]]}},{"type":"Feature","properties":{"c":"#feb24c","v0":20.0,"v1":30.0},"geometry":{"type":"Polygon","coordinates":[[[-87.2436,30.5406],[-87.2212,30.5732],[-87.195,30.5933],[-87.165,30.6011],[-87.135,30.6029],[-87.105,30.5989],[-87.07,30.5854],[-87.03,30.5625],[-86.97,30.548],[-86.89,30.5419],[-86.8329,30.518],[-86.7988,30.4762],[-86.7749,30.4079],[-86.7611,30.313],[-86.7632,30.2576],[-86.7811,30.2417],[-86.805,30.2306],[-86.835,30.2244],[-86.88,30.2375],[-86.94,30.2699],[-87.0,30.2945],[-87.06,30.3114],[-87.1273,30.358],[-87.2018,30.4344],[-87.243,30.4855],[-87.2508,30.5114],[-87.2436,30.5406]],[[-87.2355,30.5378],[-87.2185,30.5647],[-87.195,30.5826],[-87.165,30.5916],[-87.115,30.5823],[-87.045,30.5548],[-86.97,30.538],[-86.89,30.5317],[-86.8357,30.5103],[-86.8072,30.4737],[-86.7863,30.4079],[-86.773,30.313],[-86.7873,30.2569],[-86.8291,30.2397],[-86.88,30.2474],[-86.94,30.2801],[-87.0,30.3049],[-87.06,30.3217],[-87.124,30.3658],[-87.192,30.437],[-87.2305,30.4855],[-87.2395,30.5114],[-87.2355,30.5378]]]}},{"type":"Feature","properties":{"c":"#feb24c","v0":20.0,"v1":30.0},"geometry":{"type":"Polygon","coordinates":[[[-90.1934,30.2223],[-90.1717,30.2742],[-90.1331,30.315],[-90.0777,30.345],[-89.9985,30.3493],[-89.8954,30.328],[-89.8333,30.3044],[-89.8122,30.2785],[-89.7975,30.2482],[-89.7893,30.2137],[-89.7914,30.1842],[-89.8038,30.1598],[-89.83,30.1345],[-89.87,30.1082],[-89.935,30.089],[-90.025,30.0767],[-90.095,30.0783],[-90.145,30.0937],[-90.1786,30.1251],[-90.1957,30.1726],[-90.1934,30.2223]],[[-90.1831,30.2216],[-90.161,30.272],[-90.125,30.3104],[-90.075,30.3369],[-90.0,30.3402],[-89.9,30.3203],[-89.8365,30.2819],[-89.8096,30.2249],[-89.7996,30.1875],[-89.8065,30.1696],[-89.835,30.1446],[-89.885,30.1124],[-89.95,30.0922],[-90.03,30.084],[-90.0937,30.0874],[-90.1411,30.1024],[-90.1721,30.1315],[-90.1868,30.1748],[-90.1831,30.2216]]]}},{"type":"Feature","properties":{"c":"#feb24c","v0":20.0,"v1":30.0},"geometry":{"type":"Polygon","coordinates":[[[-90.9039,30.0666],[-90.8931,30.1186],[-90.8775,30.1575],[-90.8571,30.1834],[-90.8327,30.2033],[-90.8042,30.2171],[-90.765,30.2238],[-90.715,30.2235],[-90.67,30.2107],[-90.63,30.1856],[-90.59,30.1912],[-90.55,30.2274],[-90.51,30.2488],[-90.47,30.2554],[-90.43,30.2501],[-90.39,30.2327],[-90.357,30.2042],[-90.3311,30.1644],[-90.3255,30.1229],[-90.3404,30.0796],[-90.3834,30.0346],[-90.4545,29.9879],[-90.52,29.9721],[-90.58,29.9872],[-90.63,29.9864],[-90.67,29.9699],[-90.725,29.959],[-90.795,29.9538],[-90.8445,29.9606],[-90.8734,29.9793],[-90.8933,30.0017],[-90.904,30.0277],[-90.9039,30.0666]],[[-90.8939,30.0666],[-90.8823,30.1186],[-90.8549,30.162],[-90.8116,30.197],[-90.765,30.2142],[-90.715,30.2137],[-90.67,30.2001],[-90.63,30.1736],[-90.59,30.179],[-90.55,30.2165],[-90.51,30.2387],[-90.47,30.2458],[-90.4307,30.2404],[-90.3922,30.2226],[-90.362,30.1964],[-90.3401,30.1618],[-90.3344,30.1257],[-90.3448,30.0882],[-90.385,30.0457],[-90.455,29.9983],[-90.52,29.9821],[-90.58,29.9971],[-90.63,29.9964],[-90.67,29.9798],[-90.725,29.9688],[-90.795,29.9633],[-90.8414,29.9676],[-90.8643,29.9817],[-90.8817,30.0017],[-90.8937,30.0277],[-90.8939,30.0666]]]}},{"type":"Feature","properties":{"c":"#feb24c","v0":20.0,"v1":30.0},"geometry":{"type":"Polygon","coordinates":[[[-81.9303,29.4415],[-81.8922,29.4938],[-81.8324,29.5497],[-81.7508,29.6095],[-81.695,29.6422],[-81.665,29.6479],[-81.6378,29.6442],[-81.6134,29.6309],[-81.5953,29.6112],[-81.5835,29.5851],[-81.5785,29.5547],[-81.5805,29.5199],[-81.5965,29.472],[-81.6266,29.411],[-81.6537,29.369],[-81.6779,29.346],[-81.71,29.3259],[-81.75,29.3087],[-81.795,29.3012],[-81.845,29.3033],[-81.8843,29.3147],[-81.913,29.3354],[-81.9329,29.3631],[-81.9438,29.398],[-81.9303,29.4415]],[[-81.9198,29.4415],[-81.8799,29.4938],[-81.8225,29.5472],[-81.7475,29.602],[-81.695,29.6322],[-81.665,29.6379],[-81.64,29.6353],[-81.62,29.6243],[-81.6057,29.5897],[-81.597,29.5315],[-81.617,29.4633],[-81.6657,29.3849],[-81.71,29.3367],[-81.75,29.3186],[-81.795,29.3108],[-81.845,29.3131],[-81.8814,29.3222],[-81.9041,29.3378],[-81.9215,29.3631],[-81.9336,29.398],[-81.9198,29.4415]]]}},{"type":"Feature","properties":{"c":"#feb24c","v0":20.0,"v1":30.0},"geometry":{"type":"Polygon","coordinates":[[[-81.1499,28.6888],[-81.1233,28.7395],[-81.095,28.7683],[-81.065,28.7753],[-81.035,28.7744],[-81.005,28.7657],[-80.8961,28.6842],[-80.7083,28.5299],[-80.6126,28.435],[-80.6091,28.3999],[-80.628,28.3753],[-80.6693,28.3613],[-80.745,28.3803],[-80.855,28.4324],[-80.95,28.4564],[-81.03,28.4522],[-81.0933,28.5034],[-81.1399,28.6101],[-81.1499,28.6888]],[[-81.1495,28.6766],[-81.1432,28.7029],[-81.1275,28.7281],[-81.1025,28.7522],[-81.065,28.7608],[-81.015,28.754],[-80.8994,28.6761],[-80.7182,28.5272],[-80.6258,28.435],[-80.6224,28.3999],[-80.643,28.3788],[-80.6877,28.3719],[-80.76,28.3937],[-80.86,28.4442],[-80.935,28.4645],[-80.985,28.4546],[-81.025,28.4527],[-81.055,28.4586],[-81.0907,28.5121],[-81.1321,28.613],[-81.1495,28.6766]]]}},{"type":"Feature","properties":{"c":"#feb24c","v0":20.0,"v1":30.0},"geometry":{"type":"Polygon","coordinates":[[[-80.5823,28.2238],[-80.5608,28.2591],[-80.53,28.28],[-80.49,28.2864],[-80.435,28.2539],[-80.365,28.1824],[-80.3097,28.135],[-80.2691,28.1119],[-80.2463,28.0297],[-80.2415,27.8884],[-80.2518,27.8022],[-80.2773,27.7712],[-80.32,27.7522],[-80.38,27.7452],[-80.4326,27.7607],[-80.4778,27.7987],[-80.5105,27.8575],[-80.5306,27.937],[-80.5379,27.9988],[-80.5325,28.043],[-80.5457,28.1003],[-80.5773,28.1709],[-80.5823,28.2238]],[[-80.5743,28.2209],[-80.5581,28.2504],[-80.535,28.2703],[-80.505,28.2807],[-80.473,28.2748],[-80.4391,28.2525],[-80.3998,28.215],[-80.3551,28.1621],[-80.3151,28.1268],[-80.2797,28.1092],[-80.2585,28.0342],[-80.2514,27.9017],[-80.2532,27.8221],[-80.2639,27.7955],[-80.2794,27.7759],[-80.2998,27.7633],[-80.335,27.7556],[-80.385,27.7531],[-80.4322,27.7727],[-80.4766,27.8145],[-80.5064,27.8707],[-80.5216,27.9414],[-80.5268,27.9988],[-80.5219,28.043],[-80.5351,28.1003],[-80.5666,28.1709],[-80.5743,28.2209]]]}},{"type":"Feature","properties":{"c":"#feb24c","v0":20.0,"v1":30.0},"geometry":{"type":"Polygon","coordinates":[[[-81.0385,27.2554],[-80.9795,27.3727],[-80.9139,27.4526],[-80.8417,27.4952],[-80.7967,27.5554],[-80.7789,27.6333],[-80.76,27.6743],[-80.74,27.6786],[-80.7203,27.6663],[-80.7009,27.6374],[-80.6911,27.5963],[-80.691,27.5431],[-80.7158,27.4692],[-80.7653,27.3746],[-80.817,27.299],[-80.871,27.2427],[-80.931,27.2028],[-80.997,27.1794],[-81.0395,27.1749],[-81.0585,27.1895],[-81.0385,27.2554]]]}},{"type":"Feature","properties":{"c":"#feb24c","v0":20.0,"v1":30.0},"geometry":{"type":"Polygon","coordinates":[[[-80.5656,26.934],[-80.5467,26.9786],[-80.5155,27.0075],[-80.4718,27.0208],[-80.4443,27.0342],[-80.433,27.0476],[-80.431,27.0632],[-80.4385,27.0811],[-80.4592,27.0985],[-80.4931,27.1155],[-80.5217,27.1377],[-80.5451,27.1652],[-80.5568,27.2012],[-80.5569,27.2457],[-80.5447,27.2857],[-80.5203,27.3212],[-80.4836,27.3503],[-80.4345,27.373],[-80.36,27.3623],[-80.26,27.3185],[-80.1977,27.2849],[-80.173,27.2617],[-80.1545,27.2323],[-80.1424,27.1967],[-80.1377,27.1612],[-80.1403,27.1256],[-80.1532,27.0811],[-80.1765,27.0276],[-80.2036,26.9897],[-80.2345,26.9674],[-80.275,26.9518],[-80.325,26.9428],[-80.36,26.9226],[-80.38,26.8912],[-80.415,26.8611],[-80.465,26.8323],[-80.505,26.8227],[-80.535,26.8324],[-80.5563,26.8559],[-80.5688,26.8931],[-80.5656,26.934]],[[-80.5557,26.9322],[-80.5386,26.9731],[-80.5083,26.9999],[-80.465,27.0124],[-80.4368,27.0276],[-80.4235,27.0454],[-80.419,27.0632],[-80.4232,27.0811],[-80.4465,27.1014],[-80.4888,27.1243],[-80.5202,27.151],[-80.5405,27.1815],[-80.5494,27.2145],[-80.5468,27.2501],[-80.5331,27.2857],[-80.5082,27.3212],[-80.4744,27.3478],[-80.4315,27.3654],[-80.36,27.3517],[-80.26,27.3067],[-80.1978,27.2712],[-80.1733,27.2453],[-80.1574,27.219],[-80.1503,27.1923],[-80.152,27.1478],[-80.1628,27.0855],[-80.1764,27.041],[-80.193,27.0142],[-80.2185,26.9906],[-80.2528,26.97],[-80.29,26.9583],[-80.33,26.9554],[-80.3634,26.9345],[-80.3901,26.8955],[-80.4251,26.8641],[-80.4684,26.84],[-80.5021,26.8311],[-80.5263,26.8373],[-80.5449,26.8582],[-80.5578,26.8939],[-80.5557,26.9322]]]}},{"type":"Feature","properties":{"c":"#feb24c","v0":20.0,"v1":30.0},"geometry":{"type":"Polygon","coordinates":[[[-81.1811,26.2006],[-81.1406,26.2813],[-81.1297,26.344],[-81.1483,26.3889],[-81.1586,26.4426],[-81.1606,26.5053],[-81.1387,26.5642],[-81.0929,26.6195],[-81.01,26.6383],[-80.89,26.6207],[-80.8224,26.602],[-80.8071,26.5822],[-80.7971,26.5522],[-80.7924,26.512],[-80.7709,26.503],[-80.7328,26.5254],[-80.7028,26.5537],[-80.6809,26.5878],[-80.655,26.6118],[-80.625,26.6255],[-80.58,26.6279],[-80.52,26.619],[-80.4634,26.5951],[-80.4103,26.5561],[-80.386,26.5187],[-80.3904,26.4829],[-80.4134,26.4426],[-80.4549,26.3978],[-80.5092,26.3194],[-80.5764,26.2072],[-80.64,26.1554],[-80.7,26.1639],[-80.75,26.187],[-80.79,26.2245],[-80.815,26.2425],[-80.825,26.241],[-80.86,26.2073],[-80.92,26.1412],[-80.985,26.0966],[-81.055,26.0734],[-81.11,26.0693],[-81.15,26.0842],[-81.1778,26.1088],[-81.1935,26.143],[-81.1811,26.2006]],[[-81.1825,26.1826],[-81.1675,26.2275],[-81.1453,26.2678],[-81.1161,26.3037],[-81.1127,26.344],[-81.1352,26.3889],[-81.1475,26.4426],[-81.1495,26.5053],[-81.1304,26.5615],[-81.0901,26.6115],[-81.02,26.6317],[-80.92,26.6221],[-80.8553,26.6061],[-80.8259,26.5836],[-80.8159,26.5524],[-80.8253,26.5126],[-80.881,26.4589],[-80.9829,26.3913],[-81.0369,26.353],[-81.043,26.344],[-81.0371,26.3369],[-81.019,26.3317],[-80.9782,26.3362],[-80.9147,26.3504],[-80.8619,26.3844],[-80.8199,26.4381],[-80.7567,26.5029],[-80.6722,26.5787],[-80.595,26.6135],[-80.525,26.6074],[-80.4663,26.5874],[-80.419,26.5535],[-80.3975,26.5187],[-80.4018,26.4829],[-80.4255,26.4419],[-80.4685,26.3958],[-80.5219,26.3196],[-80.5856,26.2133],[-80.6406,26.1625],[-80.6869,26.167],[-80.735,26.191],[-80.785,26.2343],[-80.82,26.2515],[-80.84,26.2424],[-80.875,26.2082],[-80.925,26.1488],[-80.975,26.1088],[-81.025,26.0883],[-81.075,26.081],[-81.125,26.0869],[-81.16,26.1074],[-81.1801,26.1426],[-81.1825,26.1826]],[[-80.9644,26.3844],[-80.8679,26.4381],[-80.8403,26.4381],[-80.8816,26.3844],[-80.9242,26.353],[-80.9681,26.3439],[-80.9956,26.3439],[-81.0069,26.353],[-80.9644,26.3844]]]}},{"type":"Feature","properties":{"c":"#feb24c","v0":20.0,"v1":30.0},"geometry":{"type":"Polygon","coordinates":[[[-80.5918,22.2712],[-80.5848,22.299],[-80.5635,22.3307],[-80.5278,22.3665],[-80.485,22.3924],[-80.435,22.4086],[-80.39,22.4154],[-80.35,22.4128],[-80.315,22.3914],[-80.2849,22.3514],[-80.2449,22.3196],[-80.195,22.2962],[-80.1677,22.2545],[-80.1632,22.1947],[-80.1382,22.1583],[-80.0927,22.1454],[-80.054,22.1268],[-80.0219,22.1027],[-80.0077,22.0582],[-80.0112,21.9933],[-80.0422,21.9376],[-80.1007,21.8911],[-80.16,21.868],[-80.22,21.8683],[-80.261,21.8776],[-80.2831,21.896],[-80.3081,21.9455],[-80.336,22.026],[-80.395,22.0867],[-80.485,22.1275],[-80.5463,22.1752],[-80.5789,22.23],[-80.5918,22.2712]],[[-80.5806,22.2712],[-80.5729,22.299],[-80.5543,22.328],[-80.5248,22.3583],[-80.485,22.3818],[-80.435,22.3984],[-80.39,22.4052],[-80.35,22.4022],[-80.315,22.3793],[-80.285,22.3367],[-80.2467,22.3055],[-80.2,22.2857],[-80.175,22.2456],[-80.1717,22.1853],[-80.132,22.139],[-80.056,22.1067],[-80.0151,22.0721],[-80.0093,22.035],[-80.011,22.0025],[-80.0201,21.9747],[-80.051,21.9399],[-80.1037,21.8981],[-80.16,21.8775],[-80.22,21.8781],[-80.258,21.885],[-80.274,21.8984],[-80.297,21.9469],[-80.3271,22.0304],[-80.3891,22.0938],[-80.483,22.1373],[-80.5436,22.1837],[-80.5709,22.2328],[-80.5806,22.2712]]]}},{"type":"Feature","properties":{"c":"#fd8d3c","v0":30.0,"v1":40.0},"geometry":{"type":"Polygon","coordinates":[[[-93.6809,51.0799],[-93.6602,51.1365],[-93.6399,51.1746],[-93.62,51.1945],[-93.6,51.2071],[-93.58,51.2124],[-93.535,51.209],[-93.465,51.1969],[-93.37,51.2288],[-93.25,51.3047],[-93.145,51.3645],[-93.055,51.4083],[-92.995,51.4319],[-92.965,51.4355],[-92.94,51.4317],[-92.92,51.4206],[-92.9032,51.4025],[-92.8896,51.3775],[-92.8845,51.3368],[-92.8878,51.2806],[-92.8951,51.243],[-92.9063,51.2242],[-92.9371,51.196],[-92.9873,51.1584],[-93.0216,51.1113],[-93.0401,51.0548],[-93.0595,51.0134],[-93.0798,50.9872],[-93.105,50.9705],[-93.135,50.9633],[-93.185,50.9636],[-93.255,50.9714],[-93.3061,50.9945],[-93.3383,51.0326],[-93.3733,51.0553],[-93.4111,51.0626],[-93.4524,51.0563],[-93.4973,51.0365],[-93.5323,51.0032],[-93.5574,50.9565],[-93.6003,50.9628],[-93.6609,51.0221],[-93.6809,51.0799]],[[-93.6655,51.0799],[-93.6449,51.1365],[-93.6234,51.1741],[-93.6011,51.1928],[-93.555,51.1966],[-93.485,51.1854],[-93.44,51.1814],[-93.42,51.1844],[-93.3509,51.2245],[-93.2327,51.3015],[-93.1327,51.3596],[-93.0509,51.3989],[-93.0,51.4215],[-92.98,51.4272],[-92.9594,51.4263],[-92.9382,51.4187],[-92.92,51.4024],[-92.905,51.3774],[-92.8993,51.3368],[-92.9028,51.2806],[-92.9105,51.243],[-92.9225,51.2242],[-92.9511,51.1992],[-92.9961,51.1678],[-93.0315,51.1178],[-93.0572,51.0491],[-93.0797,51.0051],[-93.0991,50.9858],[-93.1241,50.9746],[-93.1547,50.9715],[-93.2,50.9741],[-93.26,50.9825],[-93.3014,51.003],[-93.3243,51.0354],[-93.3543,51.058],[-93.3914,51.0706],[-93.4379,51.0674],[-93.4937,51.0485],[-93.5337,51.0201],[-93.5579,50.9822],[-93.585,50.9711],[-93.615,50.987],[-93.6415,51.0092],[-93.6644,51.0375],[-93.6655,51.0799]]]}},{"type":"Feature","properties":{"c":"#fd8d3c","v0":30.0,"v1":40.0},"geometry":{"type":"Polygon","coordinates":[[[-93.6241,50.8406],[-93.6089,50.8721],[-93.5885,50.8986],[-93.5628,50.9201],[-93.5434,50.9201],[-93.5303,50.8986],[-93.5253,50.8674],[-93.5284,50.8263],[-93.545,50.8009],[-93.575,50.7912],[-93.6004,50.7959],[-93.6213,50.8152],[-93.6241,50.8406]],[[-93.6097,50.839],[-93.5966,50.8674],[-93.58,50.8867],[-93.56,50.8968],[-93.5481,50.8794],[-93.5442,50.8346],[-93.5542,50.8084],[-93.5781,50.8009],[-93.5966,50.804],[-93.6097,50.8179],[-93.6097,50.839]]]}},{"type":"Feature","properties":{"c":"#fd8d3c","v0":30.0,"v1":40.0},"geometry":{"type":"Polygon","coordinates":[[[-94.4729,50.1343],[-94.4554,50.1792],[-94.4274,50.2098],[-94.3891,50.2262],[-94.3338,50.239],[-94.2615,50.2482],[-94.1965,50.2741],[-94.1388,50.3169],[-94.07,50.3507],[-93.99,50.3755],[-93.94,50.3876],[-93.92,50.3869],[-93.8979,50.3786],[-93.8737,50.3628],[-93.8564,50.3454],[-93.846,50.3262],[-93.8481,50.3058],[-93.8627,50.2842],[-93.915,50.2469],[-94.005,50.1936],[-94.075,50.1581],[-94.125,50.1404],[-94.1653,50.1073],[-94.1959,50.059],[-94.2409,50.033],[-94.3003,50.0293],[-94.365,50.0416],[-94.435,50.0697],[-94.4729,50.0908],[-94.4788,50.1048],[-94.4729,50.1343]],[[-94.4616,50.1343],[-94.4422,50.1792],[-94.4169,50.2081],[-94.3856,50.2211],[-94.33,50.2335],[-94.25,50.2454],[-94.18,50.2731],[-94.12,50.3167],[-94.05,50.3495],[-93.97,50.3716],[-93.9128,50.3725],[-93.8784,50.3523],[-93.86,50.3326],[-93.8576,50.3135],[-93.8648,50.2947],[-93.8816,50.2764],[-93.93,50.244],[-94.01,50.1977],[-94.0763,50.1653],[-94.129,50.1468],[-94.1639,50.1183],[-94.1812,50.0798],[-94.1998,50.0541],[-94.2198,50.0413],[-94.2548,50.0347],[-94.3049,50.0345],[-94.3621,50.0474],[-94.4264,50.0733],[-94.4617,50.0926],[-94.4681,50.1054],[-94.4616,50.1343]]]}},{"type":"Feature","properties":{"c":"#fd8d3c","v0":30.0,"v1":40.0},"geometry":{"type":"Polygon","coordinates":[[[-95.1344,50.0894],[-95.1054,50.1215],[-95.0457,50.1522],[-94.9552,50.1817],[-94.865,50.1973],[-94.775,50.199],[-94.7173,50.1938],[-94.6918,50.1819],[-94.6775,50.1663],[-94.6743,50.1471],[-94.6821,50.1272],[-94.7007,50.1067],[-94.7494,50.0875],[-94.8282,50.0695],[-94.8536,50.0413],[-94.8255,50.0027],[-94.8149,49.9738],[-94.8219,49.9545],[-94.8365,49.939],[-94.8588,49.9275],[-94.885,49.9223],[-94.915,49.9236],[-94.9701,49.9423],[-95.0504,49.9783],[-95.1052,50.0156],[-95.1343,50.0541],[-95.1344,50.0894]],[[-95.1272,50.0876],[-95.1024,50.1162],[-95.04,50.1463],[-94.94,50.178],[-94.85,50.1938],[-94.77,50.1936],[-94.7182,50.186],[-94.6945,50.1708],[-94.6842,50.1535],[-94.6872,50.1343],[-94.699,50.1168],[-94.7197,50.1012],[-94.7677,50.0851],[-94.843,50.0687],[-94.8657,50.0413],[-94.8358,50.0027],[-94.825,49.9738],[-94.8331,49.9545],[-94.8454,49.9407],[-94.8618,49.9324],[-94.885,49.929],[-94.915,49.9304],[-94.97,49.9493],[-95.05,49.9857],[-95.1024,50.0212],[-95.1272,50.056],[-95.1272,50.0876]]]}},{"type":"Feature","properties":{"c":"#fd8d3c","v0":30.0,"v1":40.0},"geometry":{"type":"Polygon","coordinates":[[[-94.0423,47.0158],[-94.0308,47.0703],[-94.001,47.1214],[-93.9528,47.169],[-93.909,47.2024],[-93.8697,47.2218],[-93.825,47.2316],[-93.775,47.2319],[-93.73,47.2421],[-93.69,47.2622],[-93.635,47.2774],[-93.565,47.2878],[-93.515,47.2883],[-93.485,47.2787],[-93.44,47.2732],[-93.38,47.2717],[-93.335,47.2546],[-93.305,47.222],[-93.255,47.2133],[-93.185,47.2286],[-93.135,47.2338],[-93.105,47.229],[-93.0852,47.2215],[-93.0756,47.2114],[-93.0731,47.1894],[-93.0778,47.1554],[-93.1326,47.1131],[-93.2375,47.0624],[-93.305,47.0409],[-93.335,47.0485],[-93.37,47.0506],[-93.41,47.047],[-93.47,47.0574],[-93.55,47.0817],[-93.5924,47.0709],[-93.5972,47.0251],[-93.6172,46.9865],[-93.6524,46.9552],[-93.695,46.9429],[-93.745,46.9494],[-93.79,46.9478],[-93.83,46.9381],[-93.875,46.9331],[-93.925,46.933],[-93.97,46.9396],[-94.01,46.9529],[-94.0345,46.9668],[-94.0435,46.9813],[-94.0423,47.0158]],[[-94.0332,47.0158],[-94.0213,47.0703],[-93.9908,47.1214],[-93.9417,47.169],[-93.9004,47.2009],[-93.8668,47.2172],[-93.825,47.225],[-93.775,47.2242],[-93.73,47.2344],[-93.69,47.2556],[-93.635,47.2712],[-93.565,47.2812],[-93.515,47.2816],[-93.485,47.2723],[-93.44,47.2668],[-93.38,47.2651],[-93.335,47.2465],[-93.305,47.211],[-93.26,47.2023],[-93.2,47.2206],[-93.155,47.2289],[-93.125,47.2274],[-93.1026,47.2215],[-93.0877,47.2114],[-93.0827,47.19],[-93.0876,47.1571],[-93.14,47.1167],[-93.24,47.0688],[-93.305,47.05],[-93.335,47.0605],[-93.37,47.0621],[-93.41,47.0549],[-93.48,47.0661],[-93.58,47.0958],[-93.6219,47.0903],[-93.6056,47.0497],[-93.6156,47.0087],[-93.6519,46.9673],[-93.695,46.9497],[-93.745,46.956],[-93.79,46.9541],[-93.83,46.9441],[-93.875,46.939],[-93.925,46.9389],[-93.965,46.943],[-93.995,46.9514],[-94.0173,46.9638],[-94.0319,46.9803],[-94.0332,47.0158]]]}},{"type":"Feature","properties":{"c":"#fd8d3c","v0":30.0,"v1":40.0},"geometry":{"type":"Polygon","coordinates":[[[-96.0966,46.2501],[-96.0772,46.2847],[-96.0281,46.3146],[-95.9494,46.3399],[-95.86,46.3491],[-95.76,46.3421],[-95.6933,46.3295],[-95.6598,46.3111],[-95.6498,46.2814],[-95.6633,46.2403],[-95.705,46.1962],[-95.775,46.1491],[-95.855,46.1272],[-95.945,46.1306],[-96.0102,46.1435],[-96.0506,46.1661],[-96.0797,46.1913],[-96.0974,46.219],[-96.0966,46.2501]],[[-96.0857,46.2501],[-96.0638,46.2847],[-96.0171,46.3129],[-95.9457,46.3347],[-95.86,46.3421],[-95.76,46.3352],[-95.6962,46.3242],[-95.6686,46.3094],[-95.662,46.2812],[-95.6763,46.2397],[-95.7201,46.1967],[-95.7934,46.1521],[-95.86,46.13],[-95.92,46.1305],[-95.965,46.1349],[-95.995,46.1433],[-96.025,46.1576],[-96.055,46.1779],[-96.0767,46.1992],[-96.09,46.2216],[-96.0857,46.2501]]]}},{"type":"Feature","properties":{"c":"#fd8d3c","v0":30.0,"v1":40.0},"geometry":{"type":"Polygon","coordinates":[[[-98.0635,45.0269],[-98.0545,45.049],[-98.03,45.0618],[-97.99,45.0654],[-97.935,45.0598],[-97.865,45.0449],[-97.795,45.0173],[-97.725,44.9767],[-97.67,44.9548],[-97.63,44.9516],[-97.59,44.9692],[-97.55,45.0076],[-97.502,45.0346],[-97.4461,45.0504],[-97.4009,45.0795],[-97.3664,45.1218],[-97.3294,45.1498],[-97.2898,45.1632],[-97.2306,45.1668],[-97.1518,45.1603],[-97.0935,45.136],[-97.0557,45.0936],[-97.0431,45.03],[-97.0558,44.9452],[-97.0841,44.8863],[-97.128,44.8536],[-97.17,44.8303],[-97.21,44.8165],[-97.265,44.8126],[-97.335,44.8184],[-97.395,44.8175],[-97.445,44.8099],[-97.525,44.8061],[-97.635,44.8064],[-97.73,44.8142],[-97.81,44.8296],[-97.8849,44.8537],[-97.9546,44.8863],[-98.0091,44.931],[-98.0484,44.9876],[-98.0635,45.0269]],[[-98.0523,45.0265],[-98.0401,45.0477],[-98.018,45.0587],[-97.986,45.0595],[-97.9355,45.0524],[-97.8666,45.0375],[-97.8016,45.0114],[-97.7405,44.9741],[-97.685,44.952],[-97.635,44.9452],[-97.585,44.9635],[-97.535,45.0068],[-97.4833,45.0359],[-97.43,45.0509],[-97.385,45.0805],[-97.3483,45.1248],[-97.315,45.151],[-97.285,45.1591],[-97.235,45.1615],[-97.165,45.1581],[-97.1093,45.1355],[-97.0679,45.0934],[-97.0529,45.0316],[-97.0643,44.95],[-97.0903,44.8933],[-97.131,44.8618],[-97.171,44.8388],[-97.2103,44.8244],[-97.265,44.82],[-97.335,44.8257],[-97.4,44.8244],[-97.46,44.8161],[-97.515,44.815],[-97.565,44.8209],[-97.615,44.8213],[-97.665,44.8161],[-97.73,44.8213],[-97.81,44.837],[-97.8816,44.8593],[-97.9447,44.8882],[-97.9968,44.931],[-98.0378,44.9876],[-98.0523,45.0265]]]}},{"type":"Feature","properties":{"c":"#fd8d3c","v0":30.0,"v1":40.0},"geometry":{"type":"Polygon","coordinates":[[[-89.1028,44.4618],[-89.092,44.4904],[-89.0574,44.5295],[-88.9991,44.5793],[-88.93,44.6092],[-88.85,44.6192],[-88.7986,44.6193],[-88.7757,44.6093],[-88.7516,44.5901],[-88.7264,44.5617],[-88.712,44.5189],[-88.7084,44.4618],[-88.7174,44.4226],[-88.7391,44.4014],[-88.825,44.394],[-88.975,44.4006],[-89.0604,44.4076],[-89.0812,44.4152],[-89.0957,44.4261],[-89.104,44.4404],[-89.1028,44.4618]],[[-89.0938,44.4618],[-89.0825,44.4904],[-89.0501,44.5279],[-88.9967,44.5744],[-88.93,44.6025],[-88.85,44.6123],[-88.7882,44.5997],[-88.7447,44.5648],[-88.7211,44.5189],[-88.7174,44.4618],[-88.7242,44.4243],[-88.7414,44.4064],[-88.825,44.4006],[-88.975,44.4069],[-89.0624,44.4195],[-89.0871,44.4382],[-89.0938,44.4618]]]}},{"type":"Feature","properties":{"c":"#fd8d3c","v0":30.0,"v1":40.0},"geometry":{"type":"Polygon","coordinates":[[[-88.7493,43.787],[-88.7317,43.8159],[-88.7047,43.8394],[-88.6682,43.8577],[-88.63,43.8657],[-88.59,43.8636],[-88.5528,43.8509],[-88.5183,43.8275],[-88.5033,43.799],[-88.5078,43.7651],[-88.53,43.7308],[-88.57,43.696],[-88.615,43.6818],[-88.665,43.6882],[-88.707,43.7117],[-88.741,43.7523],[-88.7493,43.787]],[[-88.7367,43.7866],[-88.7189,43.8146],[-88.695,43.836],[-88.665,43.8507],[-88.63,43.8568],[-88.59,43.8542],[-88.5548,43.8401],[-88.5243,43.8143],[-88.5134,43.787],[-88.5221,43.7581],[-88.5473,43.7291],[-88.5891,43.6999],[-88.63,43.6895],[-88.67,43.6979],[-88.7039,43.7198],[-88.7317,43.755],[-88.7367,43.7866]]]}},{"type":"Feature","properties":{"c":"#fd8d3c","v0":30.0,"v1":40.0},"geometry":{"type":"Polygon","coordinates":[[[-111.3251,43.3195],[-111.3074,43.3413],[-111.2665,43.3544],[-111.2022,43.3587],[-111.145,43.3795],[-111.095,43.4168],[-111.045,43.4386],[-110.995,43.445],[-110.9522,43.4895],[-110.9167,43.5722],[-110.8767,43.6275],[-110.8322,43.6555],[-110.78,43.6703],[-110.72,43.672],[-110.655,43.6643],[-110.585,43.6472],[-110.515,43.6179],[-110.4451,43.5763],[-110.4151,43.5374],[-110.425,43.5011],[-110.46,43.4765],[-110.52,43.4637],[-110.575,43.4452],[-110.625,43.4209],[-110.68,43.4054],[-110.74,43.3985],[-110.795,43.4045],[-110.845,43.4234],[-110.89,43.4315],[-110.93,43.429],[-110.9697,43.3943],[-111.0091,43.3275],[-111.0791,43.2698],[-111.1797,43.2212],[-111.245,43.2005],[-111.275,43.2077],[-111.301,43.2356],[-111.3229,43.2843],[-111.3251,43.3195]],[[-111.3056,43.3184],[-111.2819,43.338],[-111.24,43.3493],[-111.18,43.3522],[-111.1283,43.3715],[-111.085,43.4071],[-111.0435,43.4249],[-111.0039,43.4249],[-110.9853,43.4104],[-110.9876,43.3813],[-110.9994,43.3522],[-111.0209,43.3232],[-111.0813,43.284],[-111.1804,43.2348],[-111.2424,43.213],[-111.2671,43.2185],[-111.2889,43.2431],[-111.308,43.2868],[-111.3056,43.3184]],[[-110.921,43.5017],[-110.9003,43.568],[-110.88,43.6111],[-110.86,43.6312],[-110.835,43.6463],[-110.805,43.6564],[-110.765,43.6613],[-110.715,43.6611],[-110.6564,43.6527],[-110.5892,43.6362],[-110.5224,43.6062],[-110.4558,43.5628],[-110.4311,43.5265],[-110.4483,43.4975],[-110.4802,43.4796],[-110.5267,43.4729],[-110.5714,43.4583],[-110.6143,43.4361],[-110.6593,43.4209],[-110.7064,43.4129],[-110.7433,43.4092],[-110.7699,43.41],[-110.8198,43.4213],[-110.893,43.4431],[-110.9301,43.4576],[-110.9309,43.4649],[-110.921,43.5017]]]}},{"type":"Feature","properties":{"c":"#fd8d3c","v0":30.0,"v1":40.0},"geometry":{"type":"Polygon","coordinates":[[[-88.6697,43.4552],[-88.6032,43.5738],[-88.555,43.6376],[-88.525,43.6469],[-88.4837,43.6457],[-88.4311,43.6339],[-88.384,43.5845],[-88.3425,43.4975],[-88.3407,43.414],[-88.3787,43.3341],[-88.4208,43.2823],[-88.4669,43.2588],[-88.505,43.2472],[-88.535,43.2473],[-88.5809,43.2699],[-88.6428,43.3151],[-88.6811,43.3522],[-88.6957,43.3813],[-88.6697,43.4552]],[[-88.6584,43.454],[-88.592,43.57],[-88.5436,43.6316],[-88.5133,43.6388],[-88.4761,43.6367],[-88.432,43.6253],[-88.391,43.5782],[-88.353,43.4954],[-88.353,43.4147],[-88.391,43.3361],[-88.43,43.2867],[-88.47,43.2667],[-88.505,43.2568],[-88.535,43.257],[-88.58,43.28],[-88.64,43.3257],[-88.6754,43.3603],[-88.6862,43.384],[-88.6584,43.454]]]}},{"type":"Feature","properties":{"c":"#fd8d3c","v0":30.0,"v1":40.0},"geometry":{"type":"Polygon","coordinates":[[[-112.3587,43.1227],[-112.3405,43.1592],[-112.3061,43.1912],[-112.2554,43.2186],[-112.2,43.2333],[-112.14,43.2353],[-112.08,43.2434],[-112.02,43.2578],[-111.975,43.2635],[-111.945,43.2605],[-111.9221,43.2531],[-111.9062,43.2416],[-111.8961,43.2212],[-111.8918,43.1921],[-111.8948,43.1663],[-111.9049,43.1439],[-111.95,43.1199],[-112.03,43.0941],[-112.095,43.0628],[-112.145,43.026],[-112.19,43.0066],[-112.23,43.0046],[-112.265,43.0088],[-112.295,43.0193],[-112.3215,43.0335],[-112.3444,43.0516],[-112.3589,43.0716],[-112.3648,43.0935],[-112.3587,43.1227]],[[-112.3487,43.1227],[-112.3292,43.1592],[-112.292,43.1906],[-112.2373,43.217],[-112.185,43.23],[-112.135,43.2296],[-112.075,43.2367],[-112.005,43.2512],[-111.9597,43.2564],[-111.9392,43.2524],[-111.9221,43.2431],[-111.9084,43.2285],[-111.9064,43.1993],[-111.9162,43.1556],[-111.9583,43.1227],[-112.0327,43.1008],[-112.0949,43.0712],[-112.145,43.0339],[-112.2,43.0171],[-112.26,43.0209],[-112.3037,43.0323],[-112.3311,43.0512],[-112.3482,43.0716],[-112.3551,43.0935],[-112.3487,43.1227]]]}},{"type":"Feature","properties":{"c":"#fd8d3c","v0":30.0,"v1":40.0},"geometry":{"type":"Polygon","coordinates":[[[-87.1815,42.8401],[-87.1072,42.9261],[-87.06,42.9692],[-87.04,42.9694],[-87.02,42.9625],[-87.0,42.9485],[-86.9732,42.9164],[-86.9397,42.8662],[-86.9188,42.8227],[-86.9105,42.786],[-86.9242,42.7457],[-86.9599,42.7016],[-86.9586,42.6464],[-86.9205,42.5802],[-86.9135,42.528],[-86.9378,42.4898],[-86.965,42.4698],[-86.995,42.468],[-87.045,42.4875],[-87.115,42.5282],[-87.1672,42.6108],[-87.2015,42.735],[-87.1815,42.8401]],[[-87.1724,42.8372],[-87.1041,42.9175],[-87.06,42.9581],[-87.04,42.9591],[-87.0208,42.9519],[-87.0025,42.9366],[-86.9788,42.907],[-86.9499,42.8631],[-86.9313,42.8227],[-86.923,42.786],[-86.9365,42.7457],[-86.9719,42.7016],[-86.9706,42.6464],[-86.9326,42.5802],[-86.9227,42.5307],[-86.9409,42.498],[-86.965,42.4805],[-86.995,42.4783],[-87.0442,42.4983],[-87.1126,42.5406],[-87.1618,42.6207],[-87.1916,42.7383],[-87.1724,42.8372]]]}},{"type":"Feature","properties":{"c":"#fd8d3c","v0":30.0,"v1":40.0},"geometry":{"type":"Polygon","coordinates":[[[-101.7042,42.8353],[-101.6947,42.8531],[-101.65,42.8807],[-101.57,42.9181],[-101.52,42.9373],[-101.5,42.9383],[-101.455,42.9178],[-101.385,42.876],[-101.3354,42.8332],[-101.3063,42.7895],[-101.3063,42.7487],[-101.3354,42.7108],[-101.365,42.6889],[-101.395,42.6831],[-101.44,42.6996],[-101.5,42.7383],[-101.565,42.7592],[-101.635,42.7623],[-101.6797,42.7795],[-101.6992,42.8108],[-101.7042,42.8353]],[[-101.6861,42.8337],[-101.6759,42.8484],[-101.6256,42.8731],[-101.5352,42.9077],[-101.46,42.9068],[-101.4,42.8706],[-101.3549,42.8313],[-101.3247,42.7889],[-101.3207,42.753],[-101.3431,42.7236],[-101.3682,42.7051],[-101.3961,42.6973],[-101.44,42.7132],[-101.5,42.7526],[-101.565,42.7748],[-101.635,42.7798],[-101.6753,42.7933],[-101.6859,42.8154],[-101.6861,42.8337]]]}},{"type":"Feature","properties":{"c":"#fd8d3c","v0":30.0,"v1":40.0},"geometry":{"type":"Polygon","coordinates":[[[-89.4909,42.4725],[-89.477,42.5004],[-89.4482,42.5299],[-89.4047,42.561],[-89.3769,42.5949],[-89.3649,42.6317],[-89.3642,42.6648],[-89.3747,42.6942],[-89.3675,42.7228],[-89.3425,42.7505],[-89.32,42.7655],[-89.3,42.7677],[-89.28,42.7584],[-89.26,42.7378],[-89.24,42.742],[-89.22,42.7712],[-89.1671,42.796],[-89.0814,42.8163],[-89.0359,42.8154],[-89.0309,42.7934],[-89.0412,42.7677],[-89.0669,42.7383],[-89.1173,42.7076],[-89.1924,42.6756],[-89.235,42.605],[-89.245,42.4957],[-89.265,42.4396],[-89.295,42.4369],[-89.32,42.4207],[-89.34,42.3911],[-89.36,42.3736],[-89.38,42.368],[-89.4075,42.3738],[-89.4426,42.3909],[-89.4696,42.4143],[-89.4885,42.4438],[-89.4909,42.4725]],[[-89.48,42.4696],[-89.4706,42.4918],[-89.4418,42.5213],[-89.3937,42.5581],[-89.3637,42.5949],[-89.3517,42.6317],[-89.3496,42.6648],[-89.3573,42.6942],[-89.3534,42.7174],[-89.3378,42.7342],[-89.325,42.746],[-89.315,42.7526],[-89.29,42.7446],[-89.25,42.7219],[-89.2205,42.7285],[-89.2014,42.7644],[-89.1564,42.791],[-89.0855,42.8083],[-89.0483,42.8083],[-89.0448,42.791],[-89.0564,42.7677],[-89.0831,42.7383],[-89.1299,42.7138],[-89.1966,42.6941],[-89.2412,42.6353],[-89.2637,42.5372],[-89.2959,42.4623],[-89.3379,42.4106],[-89.3667,42.3825],[-89.3822,42.3779],[-89.4,42.3791],[-89.42,42.3863],[-89.4437,42.407],[-89.471,42.4414],[-89.48,42.4696]]]}},{"type":"Feature","properties":{"c":"#fd8d3c","v0":30.0,"v1":40.0},"geometry":{"type":"Polygon","coordinates":[[[-103.4788,42.4307],[-103.4596,42.4634],[-103.425,42.4841],[-103.375,42.4929],[-103.335,42.5156],[-103.305,42.5522],[-103.25,42.581],[-103.17,42.602],[-103.12,42.6356],[-103.1,42.6818],[-103.06,42.7255],[-103.0,42.7666],[-102.94,42.7895],[-102.88,42.7944],[-102.8331,42.7859],[-102.7994,42.764],[-102.7698,42.7273],[-102.7442,42.6759],[-102.7404,42.6317],[-102.7582,42.5949],[-102.7879,42.5662],[-102.8293,42.5456],[-102.885,42.5315],[-102.955,42.5239],[-103.0,42.5059],[-103.02,42.4776],[-103.0522,42.4474],[-103.0966,42.4155],[-103.1466,42.3931],[-103.2022,42.3804],[-103.245,42.3577],[-103.275,42.3252],[-103.305,42.3053],[-103.335,42.2978],[-103.365,42.2974],[-103.395,42.3039],[-103.4296,42.3339],[-103.4688,42.3875],[-103.4788,42.4307]],[[-103.4724,42.4281],[-103.4575,42.4556],[-103.4248,42.474],[-103.3743,42.4834],[-103.3343,42.5067],[-103.3048,42.5438],[-103.248,42.5733],[-103.164,42.5951],[-103.1138,42.628],[-103.0972,42.6722],[-103.0592,42.7155],[-102.9997,42.7581],[-102.94,42.7821],[-102.88,42.7875],[-102.8325,42.7773],[-102.7976,42.7513],[-102.7701,42.7163],[-102.75,42.6722],[-102.7499,42.6317],[-102.7696,42.5949],[-102.8021,42.5667],[-102.8474,42.5472],[-102.9,42.5352],[-102.96,42.5308],[-103.025,42.4966],[-103.095,42.4328],[-103.155,42.3961],[-103.205,42.3868],[-103.25,42.3633],[-103.29,42.3257],[-103.335,42.309],[-103.385,42.3133],[-103.4275,42.3402],[-103.4624,42.3896],[-103.4724,42.4281]]]}},{"type":"Feature","properties":{"c":"#fd8d3c","v0":30.0,"v1":40.0},"geometry":{"type":"Polygon","coordinates":[[[-111.0812,42.2331],[-111.0229,42.2849],[-111.007,42.333],[-111.0335,42.3774],[-111.0375,42.4158],[-111.0192,42.4484],[-110.99,42.4695],[-110.95,42.4791],[-110.905,42.4758],[-110.855,42.4596],[-110.815,42.4615],[-110.785,42.4815],[-110.755,42.494],[-110.725,42.4989],[-110.695,42.5006],[-110.665,42.499],[-110.64,42.4925],[-110.62,42.4811],[-110.6058,42.4638],[-110.5975,42.4406],[-110.5982,42.418],[-110.6079,42.3958],[-110.6271,42.3783],[-110.6557,42.3653],[-110.695,42.3576],[-110.745,42.3552],[-110.79,42.3312],[-110.83,42.2857],[-110.87,42.2631],[-110.91,42.2635],[-110.945,42.238],[-110.975,42.1867],[-111.01,42.1589],[-111.05,42.1548],[-111.0801,42.1664],[-111.1003,42.1936],[-111.0812,42.2331]],[[-111.092,42.2173],[-111.0773,42.2376],[-111.0486,42.2598],[-111.0057,42.284],[-110.9974,42.3219],[-111.0236,42.3737],[-111.025,42.4162],[-111.0017,42.4495],[-110.975,42.4686],[-110.945,42.4737],[-110.905,42.4678],[-110.855,42.4509],[-110.805,42.4552],[-110.755,42.4806],[-110.71,42.4925],[-110.67,42.4909],[-110.6427,42.4859],[-110.6281,42.4775],[-110.6165,42.4623],[-110.6077,42.4401],[-110.609,42.418],[-110.6204,42.3958],[-110.6662,42.3774],[-110.7464,42.3626],[-110.8024,42.3345],[-110.8341,42.2931],[-110.875,42.2712],[-110.925,42.2689],[-110.9637,42.2415],[-110.9912,42.189],[-111.0212,42.1626],[-111.0537,42.1623],[-111.0773,42.1735],[-111.092,42.196],[-111.092,42.2173]]]}},{"type":"Feature","properties":{"c":"#fd8d3c","v0":30.0,"v1":40.0},"geometry":{"type":"Polygon","coordinates":[[[-105.4228,42.3958],[-105.4116,42.418],[-105.392,42.4353],[-105.364,42.4478],[-105.2949,42.4478],[-105.1847,42.4353],[-105.1195,42.418],[-105.0993,42.3958],[-105.0901,42.3626],[-105.092,42.3182],[-105.0722,42.2896],[-105.0307,42.2766],[-104.9975,42.2581],[-104.9724,42.2341],[-104.9568,42.2109],[-104.9504,42.1887],[-104.9524,42.1665],[-104.9626,42.1442],[-104.9833,42.1277],[-105.0144,42.1169],[-105.065,42.1187],[-105.135,42.1331],[-105.1793,42.1533],[-105.198,42.1794],[-105.2094,42.2109],[-105.2133,42.2479],[-105.259,42.2807],[-105.3463,42.3093],[-105.3996,42.3389],[-105.4188,42.3695],[-105.4228,42.3958]],[[-105.4134,42.3958],[-105.4006,42.418],[-105.3832,42.4336],[-105.3611,42.4427],[-105.295,42.4408],[-105.185,42.4279],[-105.122,42.4123],[-105.1059,42.3939],[-105.0996,42.3626],[-105.103,42.3182],[-105.0737,42.2812],[-105.0116,42.2516],[-104.9747,42.2257],[-104.9632,42.2035],[-104.9605,42.1798],[-104.9668,42.1547],[-104.985,42.1363],[-105.015,42.1246],[-105.0644,42.126],[-105.1333,42.1406],[-105.1755,42.159],[-105.1909,42.1813],[-105.2015,42.2129],[-105.2072,42.2538],[-105.2522,42.2871],[-105.3366,42.3128],[-105.389,42.3404],[-105.4095,42.37],[-105.4134,42.3958]]]}},{"type":"Feature","properties":{"c":"#fd8d3c","v0":30.0,"v1":40.0},"geometry":{"type":"Polygon","coordinates":[[[-115.9577,42.1071],[-115.9245,42.2035],[-115.8942,42.2627],[-115.867,42.2849],[-115.8526,42.3115],[-115.8509,42.3424],[-115.84,42.3636],[-115.82,42.3751],[-115.795,42.3795],[-115.765,42.3767],[-115.74,42.3582],[-115.72,42.3239],[-115.69,42.3024],[-115.65,42.2938],[-115.615,42.276],[-115.585,42.249],[-115.56,42.2379],[-115.54,42.2427],[-115.52,42.257],[-115.5,42.2808],[-115.48,42.2935],[-115.46,42.2951],[-115.439,42.2923],[-115.417,42.2849],[-115.3932,42.2664],[-115.3678,42.2368],[-115.3537,42.1998],[-115.3511,42.1553],[-115.3553,42.122],[-115.3664,42.0997],[-115.3864,42.0849],[-115.4155,42.0774],[-115.47,42.0776],[-115.55,42.0855],[-115.6007,42.0855],[-115.6221,42.0777],[-115.6294,42.0589],[-115.6226,42.0292],[-115.5935,41.9957],[-115.542,41.9586],[-115.5196,41.9307],[-115.5265,41.9121],[-115.61,41.9178],[-115.77,41.9478],[-115.8693,41.9608],[-115.9078,41.9568],[-115.9389,41.9809],[-115.9626,42.0329],[-115.9577,42.1071]]]}},{"type":"Feature","properties":{"c":"#fd8d3c","v0":30.0,"v1":40.0},"geometry":{"type":"Polygon","coordinates":[[[-90.408,42.2294],[-90.404,42.2442],[-90.389,42.2603],[-90.363,42.2775],[-90.315,42.2954],[-90.245,42.3138],[-90.17,42.3268],[-90.09,42.3342],[-90.03,42.3315],[-89.99,42.3185],[-89.9648,42.3044],[-89.9544,42.289],[-89.9544,42.2551],[-89.9648,42.2027],[-90.005,42.17],[-90.075,42.1569],[-90.135,42.1384],[-90.185,42.1146],[-90.235,42.1009],[-90.285,42.0975],[-90.325,42.0994],[-90.355,42.1067],[-90.38,42.1383],[-90.4,42.1941],[-90.408,42.2294]],[[-90.3886,42.2361],[-90.3629,42.2642],[-90.315,42.2878],[-90.245,42.307],[-90.17,42.3203],[-90.09,42.3277],[-90.035,42.3274],[-90.005,42.3193],[-89.982,42.3067],[-89.9659,42.2897],[-89.9579,42.2627],[-89.9579,42.2257],[-89.9641,42.1998],[-89.9766,42.185],[-90.0146,42.1726],[-90.0782,42.1625],[-90.135,42.1454],[-90.185,42.1212],[-90.235,42.1075],[-90.285,42.1044],[-90.3244,42.1067],[-90.3533,42.1144],[-90.3762,42.1442],[-90.3931,42.1961],[-90.3886,42.2361]]]}},{"type":"Feature","properties":{"c":"#fd8d3c","v0":30.0,"v1":40.0},"geometry":{"type":"Polygon","coordinates":[[[-110.3304,42.0663],[-110.3144,42.1702],[-110.2961,42.2368],[-110.2754,42.2664],[-110.2513,42.2883],[-110.2238,42.3025],[-110.195,42.3098],[-110.165,42.3103],[-110.139,42.3032],[-110.1169,42.2886],[-110.0919,42.249],[-110.064,42.1845],[-110.03,42.1595],[-109.99,42.1742],[-109.9564,42.1732],[-109.9291,42.1563],[-109.9134,42.1294],[-109.9091,42.0923],[-109.912,42.0626],[-109.922,42.0403],[-109.9428,42.0316],[-109.9743,42.0364],[-110.005,42.0567],[-110.035,42.0924],[-110.055,42.11],[-110.065,42.1094],[-110.083,42.078],[-110.109,42.0157],[-110.144,41.9723],[-110.188,41.9478],[-110.238,41.9404],[-110.2941,41.95],[-110.3262,41.9697],[-110.3344,41.9995],[-110.3304,42.0663]],[[-110.0289,42.1429],[-110.003,42.1626],[-109.9776,42.17],[-109.9528,42.1652],[-109.9344,42.1516],[-109.9224,42.1294],[-109.9198,42.0984],[-109.9266,42.0587],[-109.94,42.0383],[-109.96,42.0373],[-109.9782,42.0423],[-109.9946,42.0533],[-110.0126,42.0774],[-110.0321,42.1145],[-110.0289,42.1429]],[[-110.3238,42.0292],[-110.314,42.0589],[-110.312,42.0923],[-110.318,42.1294],[-110.3131,42.1702],[-110.2972,42.2146],[-110.2744,42.2513],[-110.2448,42.2803],[-110.21,42.2968],[-110.17,42.3009],[-110.1387,42.2938],[-110.1161,42.2756],[-110.0963,42.2368],[-110.0794,42.1776],[-110.0839,42.1108],[-110.1101,42.0366],[-110.1298,41.9919],[-110.1433,41.9767],[-110.17,41.9626],[-110.21,41.9497],[-110.25,41.9469],[-110.29,41.9541],[-110.3147,41.9719],[-110.324,42.0002],[-110.3238,42.0292]]]}},{"type":"Feature","properties":{"c":"#fd8d3c","v0":30.0,"v1":40.0},"geometry":{"type":"Polygon","coordinates":[[[-91.1354,42.0217],[-91.1069,42.0663],[-91.067,42.0961],[-91.0157,42.1111],[-90.965,42.1343],[-90.915,42.1657],[-90.865,42.1771],[-90.815,42.1684],[-90.7685,42.1452],[-90.7256,42.1075],[-90.7071,42.0663],[-90.713,42.0217],[-90.7295,41.9887],[-90.7565,41.9673],[-90.845,41.9467],[-90.995,41.9268],[-91.0831,41.9227],[-91.1092,41.9342],[-91.1291,41.9548],[-91.1428,41.9846],[-91.1354,42.0217]],[[-91.1279,42.0199],[-91.1026,42.0607],[-91.06,42.0896],[-91.0,42.1065],[-90.96,42.1262],[-90.94,42.1488],[-90.92,42.1635],[-90.9,42.1704],[-90.8687,42.1711],[-90.8262,42.1655],[-90.7826,42.1442],[-90.7379,42.1071],[-90.7181,42.0663],[-90.7233,42.0217],[-90.7369,41.9906],[-90.759,41.9729],[-90.805,41.9623],[-90.875,41.9588],[-90.95,41.9489],[-91.03,41.9326],[-91.0837,41.9321],[-91.111,41.9473],[-91.1286,41.966],[-91.1366,41.9883],[-91.1279,42.0199]]]}},{"type":"Feature","properties":{"c":"#fd8d3c","v0":30.0,"v1":40.0},"geometry":{"type":"Polygon","coordinates":[[[-111.4476,41.8132],[-111.3292,41.9172],[-111.25,41.9737],[-111.21,41.9828],[-111.142,41.9569],[-111.0461,41.896],[-110.9933,41.8432],[-110.9836,41.7985],[-110.9616,41.7575],[-110.9272,41.7201],[-110.919,41.6641],[-110.9372,41.5894],[-110.9222,41.5515],[-110.8741,41.5507],[-110.8321,41.5731],[-110.7964,41.6189],[-110.7664,41.6444],[-110.7421,41.6498],[-110.7214,41.6424],[-110.7042,41.622],[-110.7012,41.5894],[-110.7126,41.5445],[-110.7412,41.5126],[-110.7871,41.4937],[-110.825,41.4691],[-110.855,41.4386],[-110.91,41.4239],[-110.99,41.4249],[-111.0335,41.427],[-111.0405,41.4304],[-111.0314,41.4434],[-111.0061,41.4658],[-110.9902,41.4921],[-110.9837,41.522],[-110.9979,41.5501],[-111.0326,41.5763],[-111.07,41.5968],[-111.11,41.6117],[-111.16,41.6422],[-111.22,41.6881],[-111.28,41.7006],[-111.34,41.6799],[-111.4,41.6832],[-111.46,41.7106],[-111.4942,41.7335],[-111.5026,41.752],[-111.4476,41.8132]],[[-111.4302,41.8076],[-111.3234,41.9004],[-111.2549,41.9525],[-111.2247,41.964],[-111.1631,41.9437],[-111.0703,41.8916],[-111.0187,41.8432],[-111.0085,41.7985],[-110.986,41.7575],[-110.9513,41.7201],[-110.9332,41.694],[-110.9317,41.6791],[-110.9457,41.6471],[-110.9752,41.5981],[-111.0249,41.5906],[-111.0947,41.6247],[-111.1547,41.6622],[-111.2049,41.7031],[-111.245,41.7243],[-111.275,41.7259],[-111.31,41.7171],[-111.35,41.6979],[-111.395,41.7001],[-111.445,41.7237],[-111.4734,41.7419],[-111.4802,41.7548],[-111.4302,41.8076]],[[-110.9741,41.4646],[-110.958,41.4996],[-110.9209,41.5221],[-110.8628,41.532],[-110.8178,41.5585],[-110.7859,41.6016],[-110.76,41.6254],[-110.74,41.6299],[-110.735,41.6048],[-110.745,41.5499],[-110.765,41.5183],[-110.795,41.5098],[-110.83,41.4882],[-110.87,41.4534],[-110.913,41.4388],[-110.9591,41.4443],[-110.9741,41.4646]]]}},{"type":"Feature","properties":{"c":"#fd8d3c","v0":30.0,"v1":40.0},"geometry":{"type":"Polygon","coordinates":[[[-116.0301,41.9023],[-116.0167,41.9161],[-115.99,41.9299],[-115.95,41.9435],[-115.94,41.928],[-115.96,41.8832],[-115.9842,41.862],[-116.0125,41.8644],[-116.0292,41.873],[-116.0343,41.8879],[-116.0301,41.9023]]]}},{"type":"Feature","properties":{"c":"#fd8d3c","v0":30.0,"v1":40.0},"geometry":{"type":"Polygon","coordinates":[[[-89.3527,41.638],[-89.3403,41.6604],[-89.3231,41.6691],[-89.301,41.6641],[-89.2878,41.6529],[-89.2834,41.6355],[-89.287,41.6193],[-89.2986,41.6043],[-89.3131,41.5969],[-89.3303,41.5969],[-89.3439,41.6043],[-89.3539,41.6193],[-89.3527,41.638]],[[-89.3413,41.6342],[-89.3366,41.6492],[-89.3282,41.6574],[-89.3161,41.6588],[-89.3089,41.6475],[-89.3067,41.6237],[-89.3117,41.6109],[-89.3239,41.6092],[-89.3334,41.6129],[-89.3402,41.6222],[-89.3413,41.6342]]]}},{"type":"Feature","properties":{"c":"#fd8d3c","v0":30.0,"v1":40.0},"geometry":{"type":"Polygon","coordinates":[[[-89.172,41.552],[-89.1673,41.5819],[-89.1512,41.6045],[-89.1237,41.6197],[-89.095,41.6264],[-89.065,41.6246],[-89.015,41.6107],[-88.945,41.5848],[-88.8811,41.5444],[-88.8232,41.4895],[-88.797,41.4321],[-88.8024,41.3721],[-88.8313,41.3318],[-88.8838,41.3114],[-88.93,41.3064],[-88.97,41.3169],[-89.0282,41.3572],[-89.1046,41.4271],[-89.1507,41.4808],[-89.1665,41.5183],[-89.172,41.552]],[[-89.1615,41.5645],[-89.1538,41.5896],[-89.135,41.6072],[-89.105,41.6172],[-89.045,41.6074],[-88.955,41.5781],[-88.8834,41.538],[-88.8302,41.4874],[-88.8016,41.4434],[-88.7974,41.4059],[-88.8006,41.3758],[-88.8111,41.3533],[-88.8398,41.3335],[-88.8866,41.3164],[-88.93,41.3136],[-88.97,41.3249],[-89.0225,41.3598],[-89.0874,41.418],[-89.1313,41.4733],[-89.154,41.5258],[-89.1615,41.5645]]]}},{"type":"Feature","properties":{"c":"#fd8d3c","v0":30.0,"v1":40.0},"geometry":{"type":"Polygon","coordinates":[[[-89.5535,41.4958],[-89.5399,41.5333],[-89.5123,41.5594],[-89.4708,41.5744],[-89.4,41.5652],[-89.3,41.5317],[-89.238,41.5018],[-89.2141,41.4753],[-89.2205,41.4321],[-89.2571,41.3721],[-89.2941,41.3365],[-89.3314,41.3254],[-89.385,41.3327],[-89.455,41.3583],[-89.5076,41.3976],[-89.5427,41.4506],[-89.5535,41.4958]],[[-89.5397,41.4958],[-89.524,41.5333],[-89.4996,41.5569],[-89.4665,41.5668],[-89.4018,41.5555],[-89.3053,41.5232],[-89.2472,41.4958],[-89.2273,41.4733],[-89.2355,41.4329],[-89.2718,41.3745],[-89.305,41.3413],[-89.335,41.3335],[-89.3808,41.3402],[-89.4423,41.3615],[-89.4917,41.3984],[-89.5289,41.4508],[-89.5397,41.4958]]]}},{"type":"Feature","properties":{"c":"#fd8d3c","v0":30.0,"v1":40.0},"geometry":{"type":"Polygon","coordinates":[[[-105.7544,40.9415],[-105.7381,40.9539],[-105.705,40.9585],[-105.655,40.9554],[-105.6282,40.9756],[-105.6246,41.0192],[-105.5973,41.0674],[-105.5464,41.1202],[-105.524,41.1579],[-105.5302,41.1804],[-105.5557,41.2105],[-105.6005,41.2481],[-105.6202,41.2857],[-105.6147,41.3233],[-105.5615,41.3545],[-105.4605,41.3792],[-105.395,41.3773],[-105.365,41.3488],[-105.34,41.3316],[-105.32,41.3255],[-105.2645,41.3386],[-105.1734,41.3709],[-105.1215,41.3608],[-105.1087,41.3083],[-105.1539,41.2519],[-105.2571,41.1917],[-105.2936,41.1503],[-105.2635,41.1277],[-105.2418,41.1014],[-105.2285,41.0712],[-105.2215,41.0486],[-105.2209,41.0335],[-105.2306,41.0146],[-105.2506,40.992],[-105.273,40.9793],[-105.2977,40.9765],[-105.325,40.9876],[-105.355,41.0125],[-105.38,41.025],[-105.4,41.025],[-105.4431,40.9988],[-105.5094,40.9464],[-105.5306,40.8976],[-105.5067,40.8522],[-105.5035,40.8228],[-105.5212,40.8094],[-105.5835,40.8283],[-105.6905,40.8795],[-105.7486,40.9127],[-105.7579,40.9278],[-105.7544,40.9415]],[[-105.7157,40.9334],[-105.6719,40.9295],[-105.64,40.9322],[-105.62,40.9412],[-105.6081,40.9696],[-105.6044,41.0172],[-105.5772,41.0674],[-105.5266,41.1202],[-105.5039,41.1579],[-105.5091,41.1804],[-105.5363,41.2138],[-105.5854,41.2579],[-105.605,41.2942],[-105.595,41.3227],[-105.545,41.3464],[-105.455,41.3653],[-105.395,41.3599],[-105.365,41.3302],[-105.34,41.3134],[-105.32,41.3095],[-105.27,41.3232],[-105.19,41.3542],[-105.145,41.3674],[-105.135,41.3628],[-105.1291,41.3409],[-105.1274,41.3016],[-105.1674,41.262],[-105.2491,41.2222],[-105.3004,41.1921],[-105.3212,41.1718],[-105.3109,41.1428],[-105.2695,41.1051],[-105.2472,41.0712],[-105.244,41.041],[-105.2493,41.0179],[-105.2631,41.0017],[-105.28,40.9936],[-105.3,40.9936],[-105.3271,41.0168],[-105.3614,41.0631],[-105.3842,41.0863],[-105.3957,41.0863],[-105.4201,41.0599],[-105.4575,41.0071],[-105.4986,40.9656],[-105.5433,40.9354],[-105.555,40.9013],[-105.5336,40.8635],[-105.5247,40.8387],[-105.5282,40.8269],[-105.58,40.8448],[-105.68,40.8925],[-105.7319,40.9211],[-105.7357,40.9306],[-105.7157,40.9334]]]}},{"type":"Feature","properties":{"c":"#fd8d3c","v0":30.0,"v1":40.0},"geometry":{"type":"Polygon","coordinates":[[[-105.139,41.0208],[-105.1197,41.0408],[-105.08,41.0629],[-105.02,41.0871],[-104.96,41.09],[-104.9,41.0715],[-104.8647,41.0532],[-104.8541,41.035],[-104.8515,41.0146],[-104.8567,40.992],[-104.882,40.9527],[-104.9273,40.8967],[-104.9568,40.8702],[-104.9704,40.8733],[-104.9873,40.89],[-105.0074,40.9202],[-105.0456,40.9423],[-105.1019,40.9563],[-105.1347,40.9752],[-105.144,40.999],[-105.139,41.0208]],[[-105.1215,41.0071],[-105.1053,41.0297],[-105.0703,41.052],[-105.0168,41.0741],[-104.965,41.0779],[-104.915,41.0636],[-104.8843,41.0488],[-104.873,41.0336],[-104.868,41.0184],[-104.8694,41.0033],[-104.8901,40.9739],[-104.93,40.9302],[-104.97,40.9204],[-105.01,40.9444],[-105.0486,40.9587],[-105.0857,40.9633],[-105.1106,40.9731],[-105.1233,40.9882],[-105.1215,41.0071]]]}},{"type":"Feature","properties":{"c":"#fd8d3c","v0":30.0,"v1":40.0},"geometry":{"type":"Polygon","coordinates":[[[-112.1679,40.9793],[-112.1426,41.0067],[-112.105,41.0212],[-112.055,41.0229],[-111.975,40.9962],[-111.865,40.9412],[-111.7961,40.8889],[-111.7682,40.8392],[-111.7732,40.7831],[-111.8111,40.7206],[-111.85,40.6831],[-111.89,40.6708],[-111.93,40.6718],[-111.97,40.6863],[-112.0182,40.7275],[-112.0747,40.7955],[-112.1223,40.8635],[-112.1612,40.9316],[-112.1679,40.9793]],[[-112.1602,40.9773],[-112.1401,41.0008],[-112.105,41.0134],[-112.055,41.0154],[-111.9757,40.9886],[-111.8672,40.9329],[-111.8006,40.8824],[-111.776,40.8371],[-111.7824,40.7841],[-111.8197,40.7235],[-111.8563,40.6878],[-111.8921,40.677],[-111.93,40.6798],[-111.97,40.696],[-112.0351,40.7696],[-112.1252,40.9003],[-112.1602,40.9773]]]}},{"type":"Feature","properties":{"c":"#fd8d3c","v0":30.0,"v1":40.0},"geometry":{"type":"Polygon","coordinates":[[[-111.6982,40.9278],[-111.6857,40.9429],[-111.6271,40.9614],[-111.5224,40.9834],[-111.45,40.9794],[-111.41,40.9493],[-111.3699,40.927],[-111.3296,40.9124],[-111.3055,40.8862],[-111.2975,40.8484],[-111.3277,40.7983],[-111.3959,40.736],[-111.485,40.6948],[-111.595,40.6749],[-111.6596,40.672],[-111.6788,40.6861],[-111.6803,40.7235],[-111.6641,40.7841],[-111.6681,40.8408],[-111.6923,40.8938],[-111.6982,40.9278]],[[-111.687,40.9256],[-111.6757,40.9364],[-111.62,40.9532],[-111.52,40.976],[-111.45,40.9721],[-111.41,40.9415],[-111.37,40.9182],[-111.33,40.9024],[-111.3081,40.8782],[-111.3044,40.8457],[-111.337,40.7992],[-111.4059,40.7386],[-111.4927,40.6994],[-111.5976,40.6814],[-111.6581,40.6814],[-111.6743,40.6994],[-111.6739,40.7386],[-111.6568,40.7992],[-111.6594,40.8522],[-111.6816,40.8976],[-111.687,40.9256]]]}},{"type":"Feature","properties":{"c":"#fd8d3c","v0":30.0,"v1":40.0},"geometry":{"type":"Polygon","coordinates":[[[-106.0518,40.7747],[-106.0373,40.7863],[-106.015,40.7906],[-105.985,40.7877],[-105.9458,40.7705],[-105.8973,40.7392],[-105.8773,40.7186],[-105.8858,40.7089],[-105.905,40.7037],[-105.935,40.7031],[-105.9732,40.7118],[-106.0195,40.7297],[-106.0468,40.7462],[-106.055,40.7614],[-106.0518,40.7747]]]}},{"type":"Feature","properties":{"c":"#fd8d3c","v0":30.0,"v1":40.0},"geometry":{"type":"Polygon","coordinates":[[[-105.7311,40.6833],[-105.717,40.6938],[-105.685,40.6989],[-105.635,40.6984],[-105.6,40.6872],[-105.58,40.6653],[-105.55,40.6452],[-105.51,40.6272],[-105.486,40.6065],[-105.478,40.5833],[-105.4469,40.5603],[-105.3929,40.5375],[-105.3604,40.5147],[-105.3497,40.4919],[-105.3757,40.4788],[-105.4386,40.4754],[-105.485,40.501],[-105.515,40.5554],[-105.575,40.5967],[-105.665,40.6248],[-105.717,40.6486],[-105.7311,40.6682],[-105.7311,40.6833]]]}},{"type":"Feature","properties":{"c":"#fd8d3c","v0":30.0,"v1":40.0},"geometry":{"type":"Polygon","coordinates":[[[-113.6001,40.0679],[-113.58,40.0974],[-113.53,40.1261],[-113.45,40.1541],[-113.3586,40.147],[-113.2557,40.1049],[-113.1849,40.0455],[-113.1461,39.9689],[-113.1376,39.9216],[-113.1592,39.9038],[-113.185,39.8921],[-113.215,39.8865],[-113.265,39.8905],[-113.335,39.9039],[-113.405,39.9103],[-113.475,39.9098],[-113.5284,39.9224],[-113.5652,39.9483],[-113.5902,39.9842],[-113.6035,40.0302],[-113.6001,40.0679]],[[-113.5935,40.0657],[-113.5778,40.0908],[-113.53,40.1176],[-113.45,40.146],[-113.36,40.1396],[-113.26,40.0985],[-113.1921,40.0411],[-113.1563,39.9674],[-113.1613,39.9206],[-113.2071,39.9006],[-113.265,39.8975],[-113.335,39.9112],[-113.4,39.9165],[-113.46,39.9134],[-113.51,39.9231],[-113.55,39.9456],[-113.5778,39.981],[-113.5935,40.0291],[-113.5935,40.0657]]]}},{"type":"Feature","properties":{"c":"#fd8d3c","v0":30.0,"v1":40.0},"geometry":{"type":"Polygon","coordinates":[[[-84.3203,40.0671],[-84.3001,40.0951],[-84.245,40.1238],[-84.155,40.1533],[-84.09,40.157],[-84.05,40.1349],[-83.995,40.1175],[-83.925,40.1046],[-83.8793,40.083],[-83.858,40.0529],[-83.8517,40.0264],[-83.8603,40.0034],[-83.881,39.9805],[-83.9137,39.9577],[-83.95,39.9381],[-83.99,39.9216],[-84.04,39.91],[-84.1,39.9032],[-84.14,39.903],[-84.16,39.9095],[-84.18,39.9254],[-84.2,39.9508],[-84.235,39.9733],[-84.285,39.9929],[-84.3151,40.0153],[-84.3253,40.0405],[-84.3203,40.0671]],[[-84.3139,40.065],[-84.298,40.0887],[-84.245,40.1154],[-84.155,40.1451],[-84.09,40.149],[-84.05,40.127],[-83.995,40.1095],[-83.925,40.0966],[-83.8815,40.0771],[-83.8646,40.0509],[-83.861,40.0264],[-83.8707,40.0034],[-83.8892,39.9824],[-83.9164,39.9633],[-83.95,39.9456],[-83.99,39.9291],[-84.04,39.9175],[-84.1,39.9108],[-84.15,39.9239],[-84.19,39.9568],[-84.23,39.9792],[-84.27,39.991],[-84.298,40.011],[-84.3139,40.0391],[-84.3139,40.065]]]}},{"type":"Feature","properties":{"c":"#fd8d3c","v0":30.0,"v1":40.0},"geometry":{"type":"Polygon","coordinates":[[[-116.0869,39.9114],[-116.0727,39.9651],[-116.0467,40.0034],[-116.0089,40.0265],[-115.9727,40.0342],[-115.9381,40.0264],[-115.9131,40.0064],[-115.8977,39.9741],[-115.8584,39.955],[-115.7951,39.9489],[-115.7572,39.9382],[-115.7444,39.9229],[-115.7352,39.8807],[-115.7295,39.8116],[-115.7316,39.7578],[-115.7415,39.7193],[-115.7573,39.6949],[-115.7791,39.6844],[-115.805,39.6806],[-115.835,39.6835],[-115.8573,39.6887],[-115.872,39.6963],[-115.887,39.7163],[-115.9023,39.7487],[-115.94,39.767],[-116.0,39.7712],[-116.0438,39.7857],[-116.0715,39.8106],[-116.0875,39.8385],[-116.0918,39.8692],[-116.0869,39.9114]],[[-116.0778,39.9114],[-116.0633,39.9651],[-116.0395,40.0018],[-116.0065,40.0216],[-115.975,40.0284],[-115.945,40.0222],[-115.92,40.0016],[-115.9,39.9664],[-115.86,39.9466],[-115.8,39.9423],[-115.7645,39.9339],[-115.7536,39.9214],[-115.745,39.8807],[-115.7387,39.8116],[-115.7391,39.7599],[-115.7464,39.7258],[-115.76,39.7032],[-115.78,39.6923],[-115.805,39.6882],[-115.835,39.691],[-115.865,39.7131],[-115.895,39.7545],[-115.94,39.7768],[-116.0,39.7801],[-116.0415,39.7921],[-116.0644,39.8128],[-116.0782,39.8385],[-116.0828,39.8692],[-116.0778,39.9114]]]}},{"type":"Feature","properties":{"c":"#fd8d3c","v0":30.0,"v1":40.0},"geometry":{"type":"Polygon","coordinates":[[[-115.4407,39.5615],[-115.3862,39.6847],[-115.3225,39.7847],[-115.2497,39.8615],[-115.1975,39.9043],[-115.1658,39.913],[-115.135,39.9078],[-115.105,39.8886],[-115.065,39.8759],[-115.015,39.8696],[-114.9846,39.8518],[-114.9737,39.8224],[-114.9739,39.7924],[-114.985,39.7616],[-115.0205,39.7369],[-115.0802,39.718],[-115.13,39.7233],[-115.17,39.7526],[-115.1974,39.7428],[-115.2121,39.6938],[-115.2512,39.6347],[-115.3147,39.5653],[-115.3673,39.5153],[-115.4091,39.4846],[-115.4395,39.4769],[-115.4585,39.4921],[-115.4407,39.5615]],[[-115.428,39.5769],[-115.3682,39.7001],[-115.3062,39.7944],[-115.2421,39.8599],[-115.195,39.8967],[-115.165,39.9048],[-115.135,39.8992],[-115.105,39.8797],[-115.065,39.8662],[-115.015,39.8586],[-114.987,39.8392],[-114.9809,39.808],[-114.9844,39.7809],[-114.9975,39.7578],[-115.0305,39.739],[-115.0835,39.7245],[-115.1245,39.7322],[-115.1536,39.7621],[-115.1746,39.777],[-115.1876,39.777],[-115.2032,39.7501],[-115.2216,39.6963],[-115.2626,39.6347],[-115.3265,39.5653],[-115.3763,39.5181],[-115.4121,39.493],[-115.437,39.4891],[-115.4509,39.5065],[-115.428,39.5769]]]}},{"type":"Feature","properties":{"c":"#fd8d3c","v0":30.0,"v1":40.0},"geometry":{"type":"Polygon","coordinates":[[[-114.6428,39.3994],[-114.5777,39.4457],[-114.5456,39.5075],[-114.5464,39.5846],[-114.5326,39.6462],[-114.5044,39.6924],[-114.4552,39.7357],[-114.3851,39.7761],[-114.325,39.7951],[-114.275,39.7927],[-114.2355,39.7687],[-114.2066,39.723],[-114.2058,39.6693],[-114.2332,39.6077],[-114.2499,39.546],[-114.2559,39.4843],[-114.2425,39.4264],[-114.2097,39.3723],[-114.1975,39.3232],[-114.2058,39.2791],[-114.225,39.2529],[-114.255,39.2445],[-114.285,39.2443],[-114.315,39.2525],[-114.335,39.2325],[-114.345,39.1844],[-114.37,39.151],[-114.41,39.1323],[-114.4464,39.1321],[-114.4792,39.1503],[-114.5001,39.1865],[-114.5092,39.2408],[-114.5503,39.2872],[-114.6232,39.3259],[-114.6636,39.353],[-114.6714,39.3684],[-114.6428,39.3994]],[[-114.6308,39.3994],[-114.5663,39.4457],[-114.5348,39.5075],[-114.5363,39.5846],[-114.5222,39.6462],[-114.4927,39.6924],[-114.4409,39.7351],[-114.367,39.7743],[-114.31,39.7908],[-114.27,39.7848],[-114.2379,39.7614],[-114.2138,39.7205],[-114.2155,39.6693],[-114.2432,39.6077],[-114.26,39.5422],[-114.2659,39.4727],[-114.2524,39.4148],[-114.2195,39.3684],[-114.2054,39.3259],[-114.21,39.2872],[-114.2217,39.263],[-114.2406,39.2533],[-114.265,39.2521],[-114.295,39.2592],[-114.3161,39.2757],[-114.3283,39.3014],[-114.3322,39.3336],[-114.328,39.3723],[-114.3369,39.3967],[-114.359,39.4069],[-114.385,39.4102],[-114.415,39.4064],[-114.4351,39.3974],[-114.4454,39.3833],[-114.4483,39.3646],[-114.4438,39.3414],[-114.4187,39.3074],[-114.3729,39.2625],[-114.3479,39.2315],[-114.3436,39.2144],[-114.3486,39.1927],[-114.3629,39.1663],[-114.385,39.1478],[-114.415,39.1371],[-114.445,39.1416],[-114.475,39.1611],[-114.495,39.1977],[-114.505,39.2513],[-114.53,39.2858],[-114.57,39.3013],[-114.6083,39.3259],[-114.6448,39.3594],[-114.6308,39.3994]],[[-114.4323,39.3712],[-114.4174,39.3923],[-114.3927,39.4],[-114.3582,39.3944],[-114.3401,39.3607],[-114.3387,39.2988],[-114.3511,39.2717],[-114.3773,39.2795],[-114.4028,39.3027],[-114.4274,39.3414],[-114.4323,39.3712]]]}},{"type":"Feature","properties":{"c":"#fd8d3c","v0":30.0,"v1":40.0},"geometry":{"type":"Polygon","coordinates":[[[-104.9456,39.5138],[-104.9219,39.5419],[-104.8836,39.5573],[-104.8308,39.5601],[-104.7919,39.5923],[-104.7669,39.6539],[-104.7283,39.695],[-104.6761,39.7154],[-104.6324,39.7193],[-104.5972,39.7065],[-104.5737,39.6809],[-104.5619,39.6424],[-104.5413,39.6154],[-104.512,39.6],[-104.4907,39.5807],[-104.4775,39.5576],[-104.4755,39.5345],[-104.4847,39.5113],[-104.5109,39.4882],[-104.5542,39.465],[-104.5767,39.4303],[-104.5786,39.3839],[-104.5971,39.3504],[-104.6324,39.3299],[-104.71,39.3408],[-104.83,39.3832],[-104.9069,39.4283],[-104.9406,39.4759],[-104.9456,39.5138]],[[-104.9381,39.5115],[-104.9194,39.5351],[-104.88,39.5501],[-104.82,39.5564],[-104.7819,39.587],[-104.7658,39.6419],[-104.7308,39.6816],[-104.6769,39.7062],[-104.6354,39.7138],[-104.6061,39.7047],[-104.5856,39.6809],[-104.5739,39.6424],[-104.5535,39.6152],[-104.5245,39.5995],[-104.5024,39.5802],[-104.4873,39.5574],[-104.4853,39.5345],[-104.4966,39.5113],[-104.5235,39.4882],[-104.566,39.465],[-104.5858,39.4341],[-104.5831,39.3955],[-104.5988,39.364],[-104.6329,39.3395],[-104.71,39.3489],[-104.83,39.3919],[-104.9044,39.435],[-104.9331,39.4782],[-104.9381,39.5115]]]}},{"type":"Feature","properties":{"c":"#fd8d3c","v0":30.0,"v1":40.0},"geometry":{"type":"Polygon","coordinates":[[[-116.1431,39.14],[-116.1336,39.1633],[-116.1041,39.1887],[-116.0547,39.2162],[-115.99,39.2255],[-115.91,39.2168],[-115.855,39.2232],[-115.825,39.2449],[-115.77,39.2687],[-115.69,39.2947],[-115.6329,39.3016],[-115.5987,39.2894],[-115.5836,39.2717],[-115.5876,39.2485],[-115.6147,39.2109],[-115.6649,39.159],[-115.7076,39.1047],[-115.7428,39.048],[-115.753,38.9808],[-115.7382,38.903],[-115.7331,38.8524],[-115.7379,38.829],[-115.7477,38.8116],[-115.7626,38.8],[-115.825,38.7925],[-115.935,38.789],[-116.0125,38.7948],[-116.0574,38.8098],[-116.0969,38.8952],[-116.1309,39.0507],[-116.1431,39.14]],[[-116.1327,39.14],[-116.1218,39.1633],[-116.0947,39.1865],[-116.0516,39.2098],[-116.015,39.2228],[-115.985,39.2254],[-115.945,39.221],[-115.895,39.2095],[-115.85,39.2168],[-115.81,39.2428],[-115.76,39.2654],[-115.7,39.2846],[-115.66,39.2958],[-115.64,39.2992],[-115.621,39.2965],[-115.603,39.2877],[-115.5957,39.2717],[-115.5992,39.2485],[-115.6239,39.2136],[-115.6699,39.1671],[-115.7124,39.1128],[-115.7516,39.0507],[-115.7636,38.9769],[-115.7485,38.8913],[-115.7532,38.8357],[-115.7777,38.8099],[-115.84,38.7964],[-115.94,38.7952],[-116.01,38.8011],[-116.05,38.8141],[-116.0871,38.8977],[-116.1212,39.0516],[-116.1327,39.14]]]}},{"type":"Feature","properties":{"c":"#fd8d3c","v0":30.0,"v1":40.0},"geometry":{"type":"Polygon","coordinates":[[[-108.226,38.9792],[-108.202,39.0227],[-108.155,39.0583],[-108.085,39.0859],[-108.02,39.1023],[-107.96,39.1076],[-107.895,39.1063],[-107.825,39.0985],[-107.765,39.1132],[-107.715,39.1504],[-107.67,39.1656],[-107.63,39.1586],[-107.6022,39.1484],[-107.5867,39.1351],[-107.5867,39.0973],[-107.6024,39.0352],[-107.6463,38.9925],[-107.7184,38.9691],[-107.7481,38.9264],[-107.7354,38.8641],[-107.7393,38.8252],[-107.7598,38.8098],[-107.78,38.8043],[-107.8,38.8088],[-107.815,38.8238],[-107.825,38.8493],[-107.86,38.8804],[-107.92,38.9171],[-107.965,38.9374],[-107.995,38.9415],[-108.055,38.9363],[-108.145,38.9219],[-108.1992,38.9176],[-108.2176,38.9234],[-108.2296,38.9341],[-108.2352,38.9497],[-108.226,38.9792]],[[-108.2161,38.9769],[-108.1961,39.0158],[-108.1521,39.049],[-108.084,39.0767],[-108.02,39.0934],[-107.96,39.0992],[-107.895,39.098],[-107.825,39.0897],[-107.765,39.1042],[-107.715,39.1417],[-107.6653,39.1524],[-107.6158,39.1364],[-107.5992,39.0973],[-107.6155,39.0352],[-107.6503,39.0001],[-107.7034,38.9919],[-107.7391,38.9803],[-107.7573,38.9651],[-107.7609,38.9264],[-107.7498,38.8641],[-107.7507,38.828],[-107.7636,38.8182],[-107.7764,38.8143],[-107.7892,38.8163],[-107.7992,38.829],[-107.8066,38.8524],[-107.8452,38.8843],[-107.9151,38.9248],[-107.97,38.9463],[-108.01,38.9487],[-108.065,38.9429],[-108.135,38.9288],[-108.18,38.9235],[-108.2,38.9269],[-108.214,38.9358],[-108.2221,38.9502],[-108.2161,38.9769]]]}},{"type":"Feature","properties":{"c":"#fd8d3c","v0":30.0,"v1":40.0},"geometry":{"type":"Polygon","coordinates":[[[-102.2742,39.0663],[-102.2587,39.0973],[-102.2308,39.1204],[-102.1903,39.1356],[-102.1469,39.1278],[-102.1006,39.0971],[-102.0732,39.0624],[-102.0648,39.0236],[-102.0729,38.9919],[-102.0976,38.9673],[-102.13,38.9538],[-102.17,38.9512],[-102.2077,38.9595],[-102.2432,38.9789],[-102.2661,39.0041],[-102.2767,39.0352],[-102.2742,39.0663]],[[-102.261,39.0663],[-102.2427,39.0973],[-102.2176,39.1178],[-102.1859,39.1277],[-102.15,39.1194],[-102.11,39.093],[-102.0858,39.0608],[-102.0774,39.023],[-102.0824,38.9946],[-102.1008,38.9756],[-102.13,38.9646],[-102.17,38.9614],[-102.205,38.9682],[-102.235,38.9848],[-102.2551,39.0075],[-102.2652,39.0363],[-102.261,39.0663]]]}},{"type":"Feature","properties":{"c":"#fd8d3c","v0":30.0,"v1":40.0},"geometry":{"type":"Polygon","coordinates":[[[-102.9982,38.9653],[-102.9927,38.9808],[-102.965,38.9992],[-102.915,39.0203],[-102.87,39.051],[-102.83,39.0913],[-102.79,39.113],[-102.75,39.1163],[-102.7108,39.1051],[-102.6724,39.0792],[-102.6531,39.0236],[-102.6529,38.938],[-102.6721,38.8821],[-102.7107,38.8558],[-102.775,38.843],[-102.865,38.8439],[-102.9327,38.8726],[-102.9782,38.9292],[-102.9982,38.9653]],[[-102.9875,38.9653],[-102.981,38.9808],[-102.9559,38.9965],[-102.912,39.0124],[-102.87,39.0412],[-102.83,39.0829],[-102.79,39.1051],[-102.75,39.1079],[-102.7133,39.0985],[-102.68,39.077],[-102.6632,39.0236],[-102.6628,38.938],[-102.6795,38.8841],[-102.7132,38.8619],[-102.745,38.8481],[-102.775,38.8426],[-102.82,38.8433],[-102.88,38.8502],[-102.9302,38.8796],[-102.9706,38.9315],[-102.9875,38.9653]]]}},{"type":"Feature","properties":{"c":"#fd8d3c","v0":30.0,"v1":40.0},"geometry":{"type":"Polygon","coordinates":[[[-114.4024,38.9798],[-114.3808,39.0243],[-114.355,39.0525],[-114.325,39.0644],[-114.2989,39.0615],[-114.2768,39.044],[-114.2626,39.0119],[-114.2563,38.9653],[-114.2374,38.9365],[-114.2058,38.9256],[-114.1805,38.91],[-114.1616,38.8898],[-114.1436,38.8524],[-114.1264,38.7979],[-114.1065,38.755],[-114.0838,38.7238],[-114.0869,38.687],[-114.1156,38.6447],[-114.1346,38.6018],[-114.1437,38.5581],[-114.1247,38.5167],[-114.0775,38.4776],[-114.0554,38.4463],[-114.0584,38.4228],[-114.0724,38.3956],[-114.0975,38.3646],[-114.135,38.3534],[-114.185,38.362],[-114.239,38.401],[-114.297,38.4704],[-114.3327,38.5285],[-114.3461,38.5754],[-114.3403,38.6379],[-114.3152,38.716],[-114.3132,38.7706],[-114.3343,38.8018],[-114.3445,38.8329],[-114.3439,38.8641],[-114.3568,38.8875],[-114.3832,38.903],[-114.4006,38.9225],[-114.4091,38.9458],[-114.4024,38.9798]],[[-114.3956,38.9769],[-114.3782,39.0158],[-114.3546,39.0419],[-114.3249,39.0552],[-114.2997,39.0513],[-114.279,39.0302],[-114.2678,39.0002],[-114.266,38.9614],[-114.2391,38.9264],[-114.1872,38.8952],[-114.1529,38.8524],[-114.1364,38.7979],[-114.1164,38.755],[-114.0931,38.7238],[-114.0952,38.6887],[-114.1227,38.6496],[-114.1421,38.6067],[-114.1535,38.5598],[-114.1351,38.5167],[-114.087,38.4776],[-114.0747,38.4338],[-114.0982,38.3853],[-114.135,38.3649],[-114.185,38.3727],[-114.2367,38.4087],[-114.2901,38.4729],[-114.3233,38.5324],[-114.3363,38.5871],[-114.3304,38.6496],[-114.3056,38.7199],[-114.3037,38.7706],[-114.3248,38.8018],[-114.3366,38.8368],[-114.339,38.8758],[-114.3526,38.9008],[-114.3775,38.9119],[-114.3936,38.9275],[-114.4008,38.9475],[-114.3956,38.9769]]]}},{"type":"Feature","properties":{"c":"#fd8d3c","v0":30.0,"v1":40.0},"geometry":{"type":"Polygon","coordinates":[[[-102.4968,38.8727],[-102.4923,38.8898],[-102.48,38.9043],[-102.46,38.9162],[-102.405,38.9118],[-102.315,38.8911],[-102.24,38.8824],[-102.18,38.8856],[-102.1223,38.8698],[-102.0669,38.8348],[-102.036,38.8057],[-102.0295,38.7823],[-102.0422,38.7606],[-102.0741,38.7405],[-102.125,38.7374],[-102.195,38.7512],[-102.27,38.7594],[-102.35,38.7619],[-102.4079,38.7728],[-102.4437,38.7921],[-102.471,38.8174],[-102.4897,38.8485],[-102.4968,38.8727]],[[-102.4823,38.8737],[-102.4741,38.8928],[-102.46,38.9051],[-102.44,38.9108],[-102.39,38.9029],[-102.31,38.8816],[-102.24,38.8725],[-102.18,38.8756],[-102.1261,38.8622],[-102.0784,38.8323],[-102.0509,38.8057],[-102.0436,38.7823],[-102.0574,38.7628],[-102.0925,38.7471],[-102.14,38.7464],[-102.2,38.7604],[-102.27,38.7689],[-102.35,38.7716],[-102.405,38.7811],[-102.435,38.7974],[-102.4591,38.8201],[-102.4773,38.8494],[-102.4823,38.8737]]]}},{"type":"Feature","properties":{"c":"#fd8d3c","v0":30.0,"v1":40.0},"geometry":{"type":"Polygon","coordinates":[[[-94.5552,38.5363],[-94.549,38.5676],[-94.5295,38.6067],[-94.4967,38.6535],[-94.4627,38.6881],[-94.4276,38.7103],[-94.38,38.7191],[-94.32,38.7146],[-94.2657,38.684],[-94.2172,38.6272],[-94.1956,38.5793],[-94.2009,38.5402],[-94.2352,38.4998],[-94.2984,38.4581],[-94.365,38.4393],[-94.435,38.4435],[-94.4895,38.4565],[-94.5284,38.4784],[-94.5505,38.4972],[-94.5557,38.5128],[-94.5552,38.5363]],[[-94.543,38.5402],[-94.5317,38.5793],[-94.5082,38.6223],[-94.4724,38.6692],[-94.4434,38.698],[-94.4211,38.709],[-94.38,38.7118],[-94.32,38.7065],[-94.2679,38.6776],[-94.2238,38.6251],[-94.2048,38.5793],[-94.2111,38.5402],[-94.2431,38.5017],[-94.301,38.4639],[-94.365,38.4469],[-94.435,38.4509],[-94.4866,38.462],[-94.5197,38.4802],[-94.5394,38.4972],[-94.5456,38.5128],[-94.543,38.5402]]]}},{"type":"Feature","properties":{"c":"#fd8d3c","v0":30.0,"v1":40.0},"geometry":{"type":"Polygon","coordinates":[[[-105.1609,38.2855],[-105.1526,38.3169],[-105.1305,38.3522],[-105.0946,38.3914],[-105.06,38.4172],[-105.0267,38.4296],[-104.985,38.4343],[-104.935,38.4312],[-104.9073,38.4132],[-104.902,38.3804],[-104.9198,38.3365],[-104.961,38.2816],[-104.9737,38.2466],[-104.9579,38.2315],[-104.9291,38.2197],[-104.8872,38.2112],[-104.8665,38.1834],[-104.8671,38.1362],[-104.878,38.1066],[-104.8993,38.0946],[-104.925,38.0906],[-104.955,38.0945],[-104.9834,38.1202],[-105.0101,38.1676],[-105.051,38.1952],[-105.106,38.2031],[-105.1414,38.2227],[-105.1571,38.2541],[-105.1609,38.2855]],[[-105.1309,38.2894],[-105.117,38.3286],[-105.0973,38.3599],[-105.0719,38.3835],[-105.0469,38.4001],[-105.0223,38.4096],[-104.9898,38.4136],[-104.9495,38.4119],[-104.9289,38.3993],[-104.928,38.3757],[-104.9415,38.3522],[-104.9694,38.3287],[-104.995,38.2937],[-105.0183,38.2473],[-105.0507,38.2238],[-105.0922,38.2231],[-105.1192,38.2345],[-105.1317,38.258],[-105.1309,38.2894]],[[-104.9592,38.1913],[-104.9126,38.1913],[-104.8878,38.1795],[-104.8848,38.1559],[-104.889,38.1362],[-104.9005,38.1205],[-104.9215,38.1166],[-104.952,38.1244],[-104.9711,38.1441],[-104.9787,38.1755],[-104.9592,38.1913]]]}},{"type":"Feature","properties":{"c":"#fd8d3c","v0":30.0,"v1":40.0},"geometry":{"type":"Polygon","coordinates":[[[-114.1267,38.2815],[-114.1156,38.305],[-114.1,38.3198],[-114.08,38.326],[-114.06,38.326],[-114.04,38.3199],[-114.0244,38.3051],[-114.0131,38.2816],[-114.0128,38.258],[-114.0236,38.2345],[-114.0392,38.2193],[-114.0597,38.2125],[-114.0803,38.2125],[-114.1008,38.2193],[-114.1164,38.2345],[-114.1269,38.258],[-114.1267,38.2815]],[[-114.12,38.2782],[-114.1133,38.295],[-114.095,38.307],[-114.065,38.3142],[-114.042,38.3019],[-114.0261,38.2701],[-114.0311,38.2447],[-114.057,38.2258],[-114.08,38.2206],[-114.1,38.2289],[-114.1133,38.2423],[-114.12,38.2606],[-114.12,38.2782]]]}},{"type":"Feature","properties":{"c":"#fd8d3c","v0":30.0,"v1":40.0},"geometry":{"type":"Polygon","coordinates":[[[-108.1732,37.639],[-108.1579,37.6707],[-108.1252,37.696],[-108.0751,37.715],[-108.03,37.7485],[-107.99,37.7964],[-107.95,37.8234],[-107.91,37.8293],[-107.88,37.8278],[-107.86,37.8187],[-107.8424,37.7783],[-107.8272,37.7065],[-107.8213,37.6429],[-107.8248,37.5875],[-107.8724,37.5066],[-107.9641,37.4003],[-108.025,37.3434],[-108.055,37.3361],[-108.08,37.3378],[-108.1,37.3488],[-108.1125,37.3659],[-108.1176,37.3893],[-108.1141,37.4209],[-108.1021,37.4606],[-108.115,37.5042],[-108.1527,37.5518],[-108.1739,37.5875],[-108.1785,37.6113],[-108.1732,37.639]],[[-108.1637,37.6352],[-108.1546,37.6594],[-108.1223,37.6831],[-108.0669,37.7065],[-108.0219,37.7404],[-107.9873,37.7848],[-107.9443,37.8085],[-107.893,37.8115],[-107.8586,37.7774],[-107.841,37.7063],[-107.8329,37.6469],[-107.8343,37.5994],[-107.8816,37.5201],[-107.9747,37.409],[-108.0335,37.3509],[-108.0578,37.3461],[-108.0783,37.3501],[-108.095,37.3629],[-108.0978,37.397],[-108.0869,37.4526],[-108.1003,37.5042],[-108.1382,37.5518],[-108.1599,37.5875],[-108.1655,37.6113],[-108.1637,37.6352]]]}},{"type":"Feature","properties":{"c":"#fd8d3c","v0":30.0,"v1":40.0},"geometry":{"type":"Polygon","coordinates":[[[-108.7872,37.5241],[-108.7783,37.5479],[-108.7579,37.5695],[-108.726,37.5889],[-108.675,37.6087],[-108.605,37.6287],[-108.555,37.6365],[-108.525,37.632],[-108.5046,37.6083],[-108.4939,37.5654],[-108.4639,37.5396],[-108.4146,37.5309],[-108.3801,37.519],[-108.3604,37.5039],[-108.3362,37.4685],[-108.3077,37.4129],[-108.2956,37.3653],[-108.3,37.3255],[-108.3141,37.2979],[-108.338,37.2825],[-108.375,37.2763],[-108.425,37.2793],[-108.47,37.307],[-108.51,37.3592],[-108.585,37.399],[-108.695,37.4264],[-108.7604,37.4581],[-108.7813,37.4941],[-108.7872,37.5241]],[[-108.7696,37.5296],[-108.7432,37.5646],[-108.68,37.594],[-108.58,37.6178],[-108.5229,37.6241],[-108.5088,37.6129],[-108.4988,37.5879],[-108.4929,37.5492],[-108.465,37.527],[-108.415,37.5216],[-108.3826,37.5132],[-108.3678,37.5019],[-108.3449,37.4645],[-108.3139,37.401],[-108.302,37.3533],[-108.3094,37.3215],[-108.3273,37.299],[-108.3558,37.2858],[-108.3899,37.2818],[-108.4298,37.2871],[-108.4698,37.3159],[-108.5099,37.3683],[-108.5847,37.408],[-108.6942,37.4351],[-108.7574,37.4645],[-108.7744,37.4963],[-108.7696,37.5296]]]}},{"type":"Feature","properties":{"c":"#fd8d3c","v0":30.0,"v1":40.0},"geometry":{"type":"Polygon","coordinates":[[[-82.4845,36.8078],[-82.4748,36.8338],[-82.445,36.8533],[-82.395,36.8665],[-82.35,36.872],[-82.31,36.87],[-82.2747,36.8865],[-82.244,36.9214],[-82.209,36.9492],[-82.1697,36.9701],[-82.105,36.9896],[-82.015,37.0078],[-81.94,37.0174],[-81.88,37.0184],[-81.835,37.0164],[-81.805,37.0113],[-81.7819,36.9992],[-81.7657,36.9803],[-81.7607,36.9573],[-81.7669,36.9302],[-81.785,36.9076],[-81.815,36.8893],[-81.875,36.8741],[-81.965,36.862],[-82.045,36.8451],[-82.115,36.8234],[-82.1797,36.8121],[-82.2391,36.8113],[-82.2846,36.7748],[-82.3161,36.7026],[-82.3414,36.6607],[-82.3605,36.6491],[-82.3796,36.6491],[-82.3989,36.6607],[-82.4287,36.6986],[-82.4692,36.7628],[-82.4845,36.8078]],[[-82.4726,36.8079],[-82.4575,36.8342],[-82.43,36.8519],[-82.39,36.861],[-82.345,36.8643],[-82.295,36.8619],[-82.26,36.8771],[-82.24,36.9098],[-82.205,36.9389],[-82.155,36.9644],[-82.09,36.9852],[-82.01,37.0014],[-81.94,37.01],[-81.88,37.0111],[-81.837,37.0094],[-81.8111,37.0049],[-81.7906,36.9947],[-81.7755,36.9788],[-81.7701,36.9588],[-81.7744,36.9348],[-81.7899,36.9142],[-81.8166,36.8969],[-81.875,36.8822],[-81.965,36.87],[-82.045,36.853],[-82.115,36.8311],[-82.18,36.8228],[-82.24,36.8281],[-82.2861,36.7938],[-82.3184,36.7197],[-82.3434,36.6754],[-82.3611,36.6609],[-82.3975,36.689],[-82.4526,36.7596],[-82.4726,36.8079]]]}},{"type":"Feature","properties":{"c":"#fd8d3c","v0":30.0,"v1":40.0},"geometry":{"type":"Polygon","coordinates":[[[-106.4754,36.8228],[-106.4601,36.8468],[-106.4268,36.8786],[-106.3756,36.918],[-106.3316,36.938],[-106.2948,36.9385],[-106.2516,36.9068],[-106.2019,36.8428],[-106.168,36.7668],[-106.15,36.6786],[-106.1482,36.6287],[-106.1627,36.617],[-106.185,36.6119],[-106.215,36.6131],[-106.2466,36.627],[-106.2799,36.6534],[-106.3249,36.6779],[-106.3816,36.7005],[-106.4283,36.7366],[-106.4648,36.7861],[-106.4754,36.8228]],[[-106.4439,36.8388],[-106.3865,36.8948],[-106.3408,36.9261],[-106.3069,36.9327],[-106.2644,36.9047],[-106.2132,36.8421],[-106.179,36.7668],[-106.1618,36.6786],[-106.1674,36.6299],[-106.1958,36.6207],[-106.23,36.6303],[-106.27,36.6587],[-106.315,36.6818],[-106.365,36.6997],[-106.4055,36.7221],[-106.4366,36.7492],[-106.4573,36.7748],[-106.4675,36.7988],[-106.4439,36.8388]]]}},{"type":"Feature","properties":{"c":"#fd8d3c","v0":30.0,"v1":40.0},"geometry":{"type":"Polygon","coordinates":[[[-107.6227,36.5863],[-107.6081,36.6184],[-107.5869,36.6425],[-107.5591,36.6585],[-107.5393,36.6906],[-107.5277,36.7387],[-107.4989,36.7786],[-107.453,36.8102],[-107.41,36.8291],[-107.37,36.8353],[-107.3213,36.8155],[-107.2639,36.7697],[-107.2376,36.7227],[-107.2426,36.6746],[-107.2913,36.6174],[-107.3838,36.5511],[-107.47,36.516],[-107.55,36.5122],[-107.6,36.5253],[-107.62,36.5552],[-107.6227,36.5863]],[[-107.6137,36.5859],[-107.5979,36.6171],[-107.5759,36.6412],[-107.5477,36.6581],[-107.5279,36.6906],[-107.5165,36.7387],[-107.4907,36.7766],[-107.4502,36.8043],[-107.41,36.8209],[-107.37,36.8265],[-107.3238,36.8087],[-107.2713,36.7674],[-107.2478,36.7227],[-107.2533,36.6746],[-107.3019,36.6184],[-107.3936,36.5542],[-107.4721,36.5197],[-107.5374,36.515],[-107.58,36.5177],[-107.6,36.5279],[-107.6129,36.5423],[-107.6187,36.5609],[-107.6137,36.5859]]]}},{"type":"Feature","properties":{"c":"#fd8d3c","v0":30.0,"v1":40.0},"geometry":{"type":"Polygon","coordinates":[[[-75.3932,36.4979],[-75.3563,36.5461],[-75.331,36.5943],[-75.3171,36.6425],[-75.2951,36.6764],[-75.265,36.6961],[-75.235,36.7069],[-75.205,36.7088],[-75.155,36.7005],[-75.085,36.682],[-75.0346,36.6592],[-75.0039,36.632],[-74.9856,36.6023],[-74.9796,36.5702],[-74.99,36.5407],[-75.0167,36.5137],[-75.0449,36.5017],[-75.0748,36.5045],[-75.1048,36.5177],[-75.1349,36.5413],[-75.1593,36.5373],[-75.1778,36.5057],[-75.2028,36.4802],[-75.2343,36.461],[-75.28,36.4491],[-75.34,36.4445],[-75.3804,36.4501],[-75.4012,36.4659],[-75.3932,36.4979]],[[-75.3799,36.4979],[-75.3438,36.5461],[-75.3187,36.5943],[-75.3046,36.6425],[-75.2857,36.6741],[-75.2619,36.6891],[-75.235,36.6978],[-75.205,36.7],[-75.1577,36.6925],[-75.0931,36.6752],[-75.0457,36.6545],[-75.0155,36.6304],[-74.9972,36.6023],[-74.9908,36.5702],[-74.9982,36.5432],[-75.0194,36.5212],[-75.04,36.5096],[-75.06,36.5083],[-75.09,36.5221],[-75.13,36.551],[-75.1628,36.5466],[-75.1885,36.5088],[-75.2135,36.4827],[-75.2378,36.4683],[-75.275,36.4581],[-75.325,36.4522],[-75.362,36.4554],[-75.386,36.4676],[-75.3799,36.4979]]]}},{"type":"Feature","properties":{"c":"#fd8d3c","v0":30.0,"v1":40.0},"geometry":{"type":"Polygon","coordinates":[[[-106.4952,36.6104],[-106.4897,36.6264],[-106.4727,36.6411],[-106.4442,36.6544],[-106.42,36.6574],[-106.4,36.6501],[-106.3857,36.6355],[-106.377,36.6134],[-106.377,36.592],[-106.3857,36.5712],[-106.4,36.5576],[-106.42,36.5513],[-106.44,36.5518],[-106.46,36.5593],[-106.477,36.5728],[-106.4909,36.5925],[-106.4952,36.6104]],[[-106.4835,36.6104],[-106.4771,36.6264],[-106.4629,36.6388],[-106.441,36.6476],[-106.4207,36.6476],[-106.4022,36.6388],[-106.3904,36.6264],[-106.3852,36.6104],[-106.3856,36.5943],[-106.3916,36.5783],[-106.4035,36.567],[-106.4212,36.5605],[-106.4442,36.5686],[-106.4725,36.5911],[-106.4835,36.6104]]]}},{"type":"Feature","properties":{"c":"#fd8d3c","v0":30.0,"v1":40.0},"geometry":{"type":"Polygon","coordinates":[[[-110.192,36.2644],[-110.1598,36.3289],[-110.1188,36.3772],[-110.0691,36.4094],[-110.0257,36.4565],[-109.9886,36.5183],[-109.96,36.5517],[-109.94,36.5567],[-109.904,36.5499],[-109.8521,36.5313],[-109.8094,36.4858],[-109.7761,36.4134],[-109.7671,36.3705],[-109.7824,36.357],[-109.83,36.3464],[-109.91,36.3385],[-109.9453,36.3049],[-109.9358,36.2457],[-109.9358,36.1994],[-109.9453,36.1662],[-109.96,36.1471],[-109.98,36.1419],[-110.035,36.1445],[-110.125,36.1549],[-110.1773,36.166],[-110.192,36.1778],[-110.2015,36.1958],[-110.2059,36.22],[-110.192,36.2644]],[[-110.1818,36.2644],[-110.1486,36.3289],[-110.1068,36.3772],[-110.0564,36.4094],[-110.0159,36.4535],[-109.9853,36.5095],[-109.96,36.5406],[-109.94,36.5468],[-109.905,36.5405],[-109.855,36.5218],[-109.8153,36.4787],[-109.786,36.411],[-109.781,36.3717],[-109.8003,36.3606],[-109.8471,36.3526],[-109.9212,36.3475],[-109.9562,36.2999],[-109.9521,36.2095],[-109.96,36.1602],[-109.98,36.1518],[-110.03,36.1515],[-110.11,36.1592],[-110.1593,36.1682],[-110.1778,36.1786],[-110.1899,36.1958],[-110.1956,36.22],[-110.1818,36.2644]]]}},{"type":"Feature","properties":{"c":"#fd8d3c","v0":30.0,"v1":40.0},"geometry":{"type":"Polygon","coordinates":[[[-78.812,36.2362],[-78.7969,36.2765],[-78.7695,36.3139],[-78.7298,36.3483],[-78.675,36.3738],[-78.605,36.3906],[-78.525,36.4249],[-78.435,36.4766],[-78.37,36.5024],[-78.33,36.5021],[-78.3003,36.495],[-78.281,36.4808],[-78.2665,36.4617],[-78.2568,36.4376],[-78.2552,36.4175],[-78.2616,36.4014],[-78.3212,36.3558],[-78.4337,36.2806],[-78.5251,36.2362],[-78.5952,36.2228],[-78.6602,36.2015],[-78.7201,36.1725],[-78.7602,36.1604],[-78.7805,36.1652],[-78.7979,36.1797],[-78.8123,36.2039],[-78.812,36.2362]],[[-78.8023,36.2362],[-78.7872,36.2765],[-78.76,36.3128],[-78.7207,36.345],[-78.6683,36.3684],[-78.6028,36.383],[-78.525,36.4165],[-78.435,36.4688],[-78.375,36.4961],[-78.345,36.4984],[-78.3179,36.4931],[-78.2937,36.4802],[-78.2764,36.4617],[-78.2659,36.4376],[-78.2645,36.4175],[-78.272,36.4014],[-78.3293,36.3579],[-78.4364,36.287],[-78.53,36.2429],[-78.61,36.2257],[-78.675,36.2043],[-78.725,36.1788],[-78.76,36.1689],[-78.78,36.1746],[-78.795,36.1871],[-78.8049,36.2064],[-78.8023,36.2362]]]}},{"type":"Feature","properties":{"c":"#fd8d3c","v0":30.0,"v1":40.0},"geometry":{"type":"Polygon","coordinates":[[[-79.1068,35.702],[-79.1029,35.775],[-79.0832,35.8302],[-79.0477,35.8674],[-79.0348,35.908],[-79.0443,35.9517],[-79.0456,35.9938],[-79.0387,36.0343],[-79.019,36.0688],[-78.9863,36.0976],[-78.95,36.1118],[-78.91,36.1115],[-78.8718,36.0891],[-78.8353,36.0444],[-78.8062,35.9938],[-78.7842,35.9372],[-78.7737,35.8926],[-78.7747,35.8602],[-78.8063,35.8278],[-78.8687,35.7953],[-78.906,35.7588],[-78.9183,35.7182],[-78.9411,35.6776],[-78.9744,35.637],[-79.0108,35.6137],[-79.0503,35.6078],[-79.0797,35.62],[-79.0991,35.6503],[-79.1068,35.702]],[[-79.0985,35.6979],[-79.0969,35.7629],[-79.0773,35.8156],[-79.0397,35.8561],[-79.0238,35.9169],[-79.0296,35.9979],[-79.0219,36.0518],[-79.0006,36.0788],[-78.97,36.0963],[-78.93,36.1043],[-78.8995,36.1029],[-78.8786,36.0922],[-78.858,36.0706],[-78.8375,36.0383],[-78.8163,35.9938],[-78.7941,35.9372],[-78.7837,35.8926],[-78.7852,35.8602],[-78.817,35.8287],[-78.879,35.7981],[-78.9163,35.7616],[-78.929,35.7191],[-78.949,35.6803],[-78.9763,35.645],[-79.01,35.624],[-79.05,35.6172],[-79.0773,35.6267],[-79.092,35.6525],[-79.0985,35.6979]]]}},{"type":"Feature","properties":{"c":"#fd8d3c","v0":30.0,"v1":40.0},"geometry":{"type":"Polygon","coordinates":[[[-84.8237,35.6964],[-84.8012,35.7258],[-84.755,35.7499],[-84.685,35.7687],[-84.615,35.7797],[-84.545,35.7829],[-84.4957,35.775],[-84.4672,35.7561],[-84.451,35.7182],[-84.4471,35.6614],[-84.4663,35.6133],[-84.5088,35.574],[-84.56,35.55],[-84.62,35.5411],[-84.6905,35.5608],[-84.7714,35.6089],[-84.8177,35.6451],[-84.8292,35.6695],[-84.8237,35.6964]],[[-84.8112,35.6958],[-84.7837,35.7242],[-84.74,35.7465],[-84.68,35.7627],[-84.615,35.7721],[-84.545,35.7748],[-84.4982,35.7688],[-84.4747,35.754],[-84.4611,35.7182],[-84.4573,35.6614],[-84.4741,35.6155],[-84.5114,35.5805],[-84.56,35.5583],[-84.62,35.549],[-84.6869,35.5665],[-84.7608,35.6108],[-84.8045,35.6451],[-84.8181,35.6695],[-84.8112,35.6958]]]}},{"type":"Feature","properties":{"c":"#fd8d3c","v0":30.0,"v1":40.0},"geometry":{"type":"Polygon","coordinates":[[[-82.6626,35.1703],[-82.6542,35.1907],[-82.6229,35.2111],[-82.5687,35.2316],[-82.5268,35.2622],[-82.4974,35.303],[-82.4695,35.3319],[-82.4432,35.3488],[-82.405,35.3582],[-82.355,35.3602],[-82.305,35.3735],[-82.255,35.3982],[-82.2189,35.4051],[-82.1966,35.3942],[-82.1792,35.3642],[-82.1668,35.3153],[-82.1952,35.2663],[-82.2644,35.2173],[-82.3044,35.1683],[-82.3152,35.1192],[-82.333,35.0839],[-82.3577,35.0624],[-82.39,35.0513],[-82.43,35.0506],[-82.49,35.0629],[-82.57,35.0881],[-82.6242,35.1155],[-82.6526,35.1452],[-82.6626,35.1703]],[[-82.6504,35.1711],[-82.6368,35.1931],[-82.6043,35.2135],[-82.5528,35.2324],[-82.5028,35.2685],[-82.4543,35.3217],[-82.405,35.349],[-82.355,35.3504],[-82.305,35.3636],[-82.255,35.3887],[-82.22,35.3955],[-82.2,35.3841],[-82.1853,35.3565],[-82.176,35.3127],[-82.206,35.2666],[-82.2753,35.2182],[-82.3153,35.1692],[-82.326,35.1195],[-82.341,35.086],[-82.3603,35.0688],[-82.39,35.0597],[-82.43,35.0587],[-82.49,35.071],[-82.57,35.0965],[-82.6218,35.1219],[-82.6454,35.1474],[-82.6504,35.1711]]]}},{"type":"Feature","properties":{"c":"#fd8d3c","v0":30.0,"v1":40.0},"geometry":{"type":"Polygon","coordinates":[[[-77.4504,35.156],[-77.4462,35.1805],[-77.4356,35.2005],[-77.4185,35.2159],[-77.37,35.2349],[-77.29,35.2576],[-77.2,35.2531],[-77.1,35.2215],[-77.035,35.2094],[-77.005,35.2168],[-76.965,35.2368],[-76.915,35.2694],[-76.87,35.2799],[-76.83,35.2684],[-76.7992,35.237],[-76.7776,35.1857],[-76.7786,35.1069],[-76.8023,35.0005],[-76.7881,34.9421],[-76.736,34.9318],[-76.7027,34.9072],[-76.688,34.8683],[-76.6883,34.8283],[-76.7038,34.7872],[-76.7461,34.7237],[-76.8154,34.6376],[-76.87,34.5936],[-76.91,34.5917],[-76.945,34.6063],[-76.975,34.6374],[-77.035,34.64],[-77.125,34.6141],[-77.2053,34.6138],[-77.276,34.639],[-77.3251,34.6763],[-77.3528,34.7256],[-77.3693,34.8037],[-77.3746,34.9103],[-77.3961,35.0087],[-77.4337,35.0987],[-77.4504,35.156]],[[-77.4352,35.1615],[-77.4184,35.1971],[-77.37,35.2264],[-77.29,35.2496],[-77.2,35.2454],[-77.1,35.2139],[-77.035,35.2015],[-77.005,35.2083],[-76.965,35.2282],[-76.915,35.2612],[-76.8718,35.2728],[-76.8354,35.263],[-76.8068,35.2336],[-76.7861,35.1846],[-76.7882,35.1069],[-76.8131,35.0005],[-76.8216,34.9427],[-76.8139,34.9337],[-76.785,34.9257],[-76.735,34.9187],[-76.7051,34.8986],[-76.6952,34.8654],[-76.6981,34.8283],[-76.7137,34.7872],[-76.7536,34.7264],[-76.8179,34.6456],[-76.87,34.6037],[-76.91,34.6007],[-76.945,34.615],[-76.975,34.6466],[-77.035,34.6489],[-77.125,34.622],[-77.205,34.6217],[-77.275,34.648],[-77.323,34.6875],[-77.3489,34.7403],[-77.3633,34.816],[-77.3662,34.9144],[-77.3867,35.0087],[-77.4246,35.0987],[-77.4352,35.1615]]]}},{"type":"Feature","properties":{"c":"#fd8d3c","v0":30.0,"v1":40.0},"geometry":{"type":"Polygon","coordinates":[[[-107.6878,34.9472],[-107.6803,34.98],[-107.6499,35.0329],[-107.5966,35.1059],[-107.555,35.1462],[-107.525,35.1538],[-107.5,35.1535],[-107.48,35.1452],[-107.4665,35.1254],[-107.4594,35.094],[-107.473,35.0537],[-107.507,35.0046],[-107.5247,34.9595],[-107.526,34.9185],[-107.5125,34.8819],[-107.4842,34.8496],[-107.445,34.8242],[-107.395,34.8057],[-107.356,34.7849],[-107.328,34.7618],[-107.3103,34.7379],[-107.3027,34.7133],[-107.3117,34.6834],[-107.3372,34.6484],[-107.375,34.6208],[-107.425,34.6005],[-107.4664,34.5933],[-107.4991,34.5993],[-107.5373,34.6393],[-107.5809,34.7133],[-107.6095,34.7749],[-107.6231,34.8242],[-107.6453,34.8693],[-107.6761,34.9103],[-107.6878,34.9472]],[[-107.6787,34.9453],[-107.6729,34.9741],[-107.645,35.0242],[-107.595,35.0956],[-107.555,35.1359],[-107.525,35.1451],[-107.5,35.1443],[-107.48,35.1334],[-107.4689,35.1156],[-107.4668,35.0907],[-107.4828,35.0537],[-107.5171,35.0046],[-107.5348,34.9595],[-107.5359,34.9185],[-107.5199,34.8794],[-107.4866,34.842],[-107.445,34.8144],[-107.395,34.7965],[-107.3587,34.7782],[-107.3361,34.7596],[-107.3209,34.7379],[-107.313,34.7133],[-107.3213,34.6845],[-107.346,34.6516],[-107.3812,34.6259],[-107.4271,34.6075],[-107.465,34.6015],[-107.495,34.6077],[-107.5306,34.6457],[-107.5718,34.7154],[-107.5991,34.7749],[-107.6125,34.8242],[-107.6348,34.8693],[-107.666,34.9103],[-107.6787,34.9453]]]}},{"type":"Feature","properties":{"c":"#fd8d3c","v0":30.0,"v1":40.0},"geometry":{"type":"Polygon","coordinates":[[[-101.5141,34.8324],[-101.4864,34.898],[-101.4619,34.9343],[-101.4406,34.9411],[-101.4144,34.9411],[-101.3831,34.9343],[-101.3606,34.9103],[-101.3466,34.8693],[-101.3612,34.8078],[-101.4044,34.7256],[-101.417,34.6777],[-101.399,34.6641],[-101.365,34.6595],[-101.315,34.6637],[-101.275,34.6617],[-101.245,34.6535],[-101.2207,34.6334],[-101.202,34.6016],[-101.1986,34.5693],[-101.2104,34.5363],[-101.2347,34.5153],[-101.2716,34.5063],[-101.34,34.5122],[-101.44,34.5331],[-101.4977,34.5582],[-101.5131,34.5876],[-101.5178,34.6269],[-101.5117,34.6763],[-101.5135,34.7256],[-101.5232,34.7749],[-101.5141,34.8324]],[[-101.5062,34.8296],[-101.4821,34.8896],[-101.455,34.9237],[-101.425,34.932],[-101.4,34.932],[-101.38,34.9236],[-101.3651,34.9018],[-101.3554,34.8665],[-101.3725,34.8078],[-101.4166,34.7256],[-101.4264,34.6753],[-101.4021,34.657],[-101.365,34.6503],[-101.315,34.6552],[-101.275,34.6529],[-101.245,34.6432],[-101.2232,34.6252],[-101.2095,34.5989],[-101.2095,34.5697],[-101.2232,34.5375],[-101.245,34.5187],[-101.275,34.5132],[-101.3388,34.5211],[-101.4363,34.5422],[-101.4919,34.5693],[-101.5056,34.6022],[-101.5087,34.6393],[-101.5013,34.6804],[-101.5027,34.7256],[-101.513,34.7749],[-101.5062,34.8296]]]}},{"type":"Feature","properties":{"c":"#fd8d3c","v0":30.0,"v1":40.0},"geometry":{"type":"Polygon","coordinates":[[[-79.1656,34.565],[-79.1552,34.5893],[-79.135,34.606],[-79.105,34.615],[-79.065,34.6165],[-79.015,34.6104],[-78.9699,34.5978],[-78.9298,34.5788],[-78.9044,34.5528],[-78.8939,34.5199],[-78.8975,34.4786],[-78.9151,34.4292],[-78.901,34.3879],[-78.8552,34.3549],[-78.837,34.3136],[-78.8463,34.264],[-78.8757,34.2372],[-78.9252,34.233],[-78.965,34.247],[-78.995,34.279],[-79.0269,34.3017],[-79.0607,34.3151],[-79.0813,34.3343],[-79.0886,34.359],[-79.0875,34.392],[-79.0779,34.4333],[-79.0923,34.4664],[-79.1308,34.4914],[-79.1552,34.5162],[-79.1656,34.5406],[-79.1656,34.565]],[[-79.1589,34.5619],[-79.153,34.5799],[-79.135,34.5948],[-79.105,34.6064],[-79.065,34.6089],[-79.015,34.6023],[-78.97,34.5884],[-78.93,34.5673],[-78.9069,34.5434],[-78.9007,34.5167],[-78.9067,34.4786],[-78.9249,34.4292],[-78.9111,34.3879],[-78.8652,34.3549],[-78.8417,34.3219],[-78.8405,34.2888],[-78.8464,34.264],[-78.8595,34.2475],[-78.8864,34.2392],[-78.9269,34.2392],[-78.9579,34.2521],[-78.9793,34.2779],[-79.01,34.3001],[-79.05,34.3186],[-79.0731,34.3428],[-79.0794,34.3729],[-79.0774,34.4044],[-79.0671,34.4374],[-79.084,34.4696],[-79.128,34.5009],[-79.153,34.5256],[-79.1589,34.5437],[-79.1589,34.5619]]]}},{"type":"Feature","properties":{"c":"#fd8d3c","v0":30.0,"v1":40.0},"geometry":{"type":"Polygon","coordinates":[[[-76.9647,34.4476],[-76.9549,34.4678],[-76.915,34.4937],[-76.845,34.5251],[-76.795,34.5435],[-76.765,34.5489],[-76.74,34.5452],[-76.72,34.5324],[-76.699,34.4709],[-76.6769,34.3606],[-76.6677,34.2847],[-76.6715,34.2434],[-76.6825,34.2112],[-76.7008,34.1882],[-76.735,34.1727],[-76.785,34.1649],[-76.8365,34.1847],[-76.8896,34.2321],[-76.9238,34.2682],[-76.9391,34.293],[-76.9525,34.3384],[-76.9639,34.4044],[-76.9647,34.4476]],[[-76.957,34.4457],[-76.9493,34.4622],[-76.9116,34.4859],[-76.8439,34.517],[-76.795,34.5351],[-76.765,34.5403],[-76.7414,34.5371],[-76.7243,34.5256],[-76.7056,34.4704],[-76.6851,34.3714],[-76.6756,34.3012],[-76.6769,34.2599],[-76.6857,34.226],[-76.7019,34.1996],[-76.735,34.182],[-76.785,34.1734],[-76.8337,34.1908],[-76.8811,34.2341],[-76.9131,34.2682],[-76.9296,34.293],[-76.9436,34.3384],[-76.9551,34.4044],[-76.957,34.4457]]]}},{"type":"Feature","properties":{"c":"#fd8d3c","v0":30.0,"v1":40.0},"geometry":{"type":"Polygon","coordinates":[[[-107.3505,34.2888],[-107.3432,34.3219],[-107.3172,34.3692],[-107.2724,34.4308],[-107.215,34.4629],[-107.145,34.4656],[-107.089,34.4513],[-107.0469,34.4201],[-107.0195,34.3879],[-107.0066,34.3549],[-107.0039,34.3177],[-107.0113,34.2764],[-107.0238,34.2486],[-107.0413,34.2342],[-107.07,34.2226],[-107.11,34.2139],[-107.15,34.1891],[-107.19,34.1481],[-107.225,34.1283],[-107.255,34.1295],[-107.2782,34.1367],[-107.2947,34.1499],[-107.3157,34.1855],[-107.3414,34.2434],[-107.3505,34.2888]],[[-107.3415,34.2886],[-107.3338,34.3211],[-107.31,34.366],[-107.27,34.4235],[-107.22,34.4551],[-107.16,34.461],[-107.1065,34.4491],[-107.0594,34.4193],[-107.0293,34.3879],[-107.0163,34.3549],[-107.0136,34.3177],[-107.0212,34.2764],[-107.0513,34.2467],[-107.1038,34.2286],[-107.15,34.1986],[-107.19,34.1568],[-107.22,34.1349],[-107.24,34.1329],[-107.2604,34.1381],[-107.2813,34.1504],[-107.3051,34.1855],[-107.3319,34.2434],[-107.3415,34.2886]]]}},{"type":"Feature","properties":{"c":"#fd8d3c","v0":30.0,"v1":40.0},"geometry":{"type":"Polygon","coordinates":[[[-77.3863,34.2516],[-77.3787,34.2764],[-77.3636,34.2972],[-77.3412,34.3139],[-77.32,34.3236],[-77.3,34.3263],[-77.2776,34.3221],[-77.2527,34.3109],[-77.2406,34.2764],[-77.2414,34.2186],[-77.2488,34.1825],[-77.2629,34.1682],[-77.29,34.1621],[-77.33,34.1639],[-77.36,34.1835],[-77.3801,34.2206],[-77.3863,34.2516]],[[-77.3687,34.2579],[-77.3429,34.2952],[-77.315,34.3141],[-77.285,34.3146],[-77.2627,34.3084],[-77.248,34.2953],[-77.248,34.2594],[-77.2627,34.2004],[-77.2892,34.1714],[-77.3276,34.1725],[-77.3555,34.1896],[-77.3729,34.2227],[-77.3687,34.2579]]]}},{"type":"Feature","properties":{"c":"#fd8d3c","v0":30.0,"v1":40.0},"geometry":{"type":"Polygon","coordinates":[[[-106.901,34.2392],[-106.8907,34.2723],[-106.8667,34.296],[-106.8289,34.3105],[-106.7947,34.3105],[-106.7641,34.296],[-106.7408,34.2682],[-106.7248,34.2268],[-106.728,34.1896],[-106.7503,34.1565],[-106.7736,34.1368],[-106.7979,34.1304],[-106.825,34.1336],[-106.855,34.1464],[-106.879,34.1703],[-106.8971,34.2052],[-106.901,34.2392]],[[-106.8898,34.2392],[-106.8777,34.2723],[-106.8563,34.2939],[-106.8254,34.3039],[-106.795,34.3001],[-106.765,34.2825],[-106.7444,34.2568],[-106.7332,34.223],[-106.7382,34.1915],[-106.7594,34.1622],[-106.78,34.1447],[-106.8,34.1392],[-106.825,34.1441],[-106.855,34.1594],[-106.8765,34.181],[-106.8894,34.2088],[-106.8898,34.2392]]]}},{"type":"Feature","properties":{"c":"#fd8d3c","v0":30.0,"v1":40.0},"geometry":{"type":"Polygon","coordinates":[[[-77.2236,34.1299],[-77.2145,34.1428],[-77.2,34.151],[-77.18,34.1545],[-77.12,34.147],[-77.02,34.1286],[-76.9513,34.0956],[-76.9138,34.0479],[-76.8976,34.0074],[-76.9026,33.9742],[-76.9158,33.9411],[-76.9371,33.9079],[-76.9634,33.8872],[-76.9945,33.879],[-77.0272,33.8832],[-77.0616,33.8996],[-77.0966,33.9401],[-77.1322,34.0045],[-77.1674,34.0501],[-77.2021,34.0769],[-77.2217,34.0986],[-77.2259,34.1151],[-77.2236,34.1299]],[[-77.2058,34.1298],[-77.1819,34.1425],[-77.13,34.1446],[-77.05,34.1362],[-77.0,34.1261],[-76.98,34.1144],[-76.9531,34.0832],[-76.9194,34.0327],[-76.9144,33.9806],[-76.9381,33.9269],[-76.965,33.8956],[-76.995,33.8866],[-77.025,33.8893],[-77.055,33.9037],[-77.0882,33.9434],[-77.1245,34.0082],[-77.1587,34.053],[-77.1909,34.0779],[-77.2096,34.0986],[-77.215,34.1151],[-77.2058,34.1298]]]}},{"type":"Feature","properties":{"c":"#fd8d3c","v0":30.0,"v1":40.0},"geometry":{"type":"Polygon","coordinates":[[[-106.9076,33.775],[-106.8877,33.8082],[-106.8467,33.8456],[-106.7847,33.8871],[-106.7661,33.9328],[-106.7911,33.9825],[-106.798,34.024],[-106.7868,34.0571],[-106.7684,34.0831],[-106.7428,34.1017],[-106.71,34.1092],[-106.67,34.1055],[-106.6378,34.092],[-106.6134,34.0688],[-106.5979,34.0447],[-106.5914,34.0199],[-106.5944,33.995],[-106.6068,33.9701],[-106.6361,33.9411],[-106.6825,33.9079],[-106.7052,33.8788],[-106.7042,33.8539],[-106.6866,33.8207],[-106.6524,33.7791],[-106.6272,33.7334],[-106.6109,33.6835],[-106.6058,33.646],[-106.6121,33.621],[-106.6239,33.6019],[-106.6413,33.5887],[-106.67,33.583],[-106.71,33.5849],[-106.755,33.5999],[-106.805,33.628],[-106.8365,33.6587],[-106.8496,33.6919],[-106.8715,33.7209],[-106.9022,33.7459],[-106.9076,33.775]],[[-106.7872,34.0234],[-106.7757,34.0554],[-106.755,34.0799],[-106.725,34.0968],[-106.6941,34.1015],[-106.6623,34.094],[-106.6349,34.0737],[-106.6118,34.0406],[-106.6068,34.0074],[-106.6198,33.9742],[-106.6472,33.9468],[-106.6891,33.9252],[-106.72,33.9196],[-106.74,33.93],[-106.7607,33.9532],[-106.7822,33.9894],[-106.7872,34.0234]],[[-106.8939,33.775],[-106.873,33.8082],[-106.8295,33.8411],[-106.7632,33.8738],[-106.725,33.872],[-106.715,33.8359],[-106.6941,33.803],[-106.6623,33.7732],[-106.6383,33.7334],[-106.6221,33.6835],[-106.6174,33.646],[-106.6242,33.621],[-106.6382,33.6034],[-106.6594,33.593],[-106.685,33.5899],[-106.715,33.5942],[-106.7549,33.6118],[-106.8047,33.643],[-106.8347,33.6734],[-106.8449,33.7033],[-106.8636,33.7282],[-106.8907,33.7483],[-106.8939,33.775]]]}},{"type":"Feature","properties":{"c":"#fd8d3c","v0":30.0,"v1":40.0},"geometry":{"type":"Polygon","coordinates":[[[-80.2673,33.6587],[-80.2558,33.6924],[-80.2211,33.7173],[-80.1633,33.7336],[-80.1368,33.7583],[-80.1418,33.7916],[-80.1357,33.8253],[-80.1186,33.8596],[-80.065,33.9085],[-79.975,33.9719],[-79.915,34.0051],[-79.885,34.0081],[-79.8565,34.005],[-79.8296,33.9955],[-79.8094,33.9784],[-79.7958,33.9535],[-79.7904,33.9203],[-79.7932,33.8788],[-79.8197,33.8373],[-79.8698,33.7957],[-79.888,33.7583],[-79.8741,33.7251],[-79.8686,33.6918],[-79.8717,33.6585],[-79.9022,33.5961],[-79.9602,33.5044],[-80.0194,33.4558],[-80.0798,33.4503],[-80.1188,33.4628],[-80.1364,33.4933],[-80.1664,33.5213],[-80.2088,33.5467],[-80.2408,33.58],[-80.2623,33.6212],[-80.2673,33.6587]],[[-80.2573,33.6585],[-80.2433,33.6918],[-80.2088,33.7126],[-80.1538,33.7209],[-80.1285,33.7459],[-80.133,33.7874],[-80.1264,33.8248],[-80.1086,33.8581],[-80.0573,33.905],[-79.9724,33.9655],[-79.9049,33.9945],[-79.8547,33.9921],[-79.8216,33.9784],[-79.8056,33.9535],[-79.7977,33.9245],[-79.7979,33.8913],[-79.826,33.8498],[-79.8819,33.7999],[-79.9023,33.7625],[-79.8871,33.7376],[-79.879,33.7084],[-79.878,33.6752],[-79.9057,33.611],[-79.9619,33.5159],[-80.02,33.4662],[-80.08,33.4621],[-80.1158,33.4722],[-80.1275,33.4964],[-80.1546,33.521],[-80.1973,33.5461],[-80.23,33.5794],[-80.2528,33.621],[-80.2573,33.6585]]]}},{"type":"Feature","properties":{"c":"#fd8d3c","v0":30.0,"v1":40.0},"geometry":{"type":"Polygon","coordinates":[[[-87.6138,33.4912],[-87.5979,33.5233],[-87.575,33.5412],[-87.545,33.5448],[-87.455,33.5167],[-87.305,33.4569],[-87.2219,33.4181],[-87.2056,33.4005],[-87.1974,33.3792],[-87.1971,33.3541],[-87.2252,33.3193],[-87.2817,33.2748],[-87.33,33.2512],[-87.37,33.2486],[-87.435,33.2733],[-87.525,33.3253],[-87.5829,33.3823],[-87.6088,33.4442],[-87.6138,33.4912]],[[-87.6064,33.4884],[-87.5955,33.5148],[-87.575,33.5305],[-87.545,33.5353],[-87.49,33.5184],[-87.41,33.4798],[-87.3381,33.4516],[-87.2744,33.434],[-87.2339,33.4168],[-87.2166,33.4001],[-87.2078,33.3792],[-87.2075,33.3541],[-87.2353,33.3207],[-87.2913,33.2789],[-87.337,33.2575],[-87.3723,33.2564],[-87.4335,33.2814],[-87.5205,33.3327],[-87.5759,33.3875],[-87.5999,33.446],[-87.6064,33.4884]]]}},{"type":"Feature","properties":{"c":"#fd8d3c","v0":30.0,"v1":40.0},"geometry":{"type":"Polygon","coordinates":[[[-81.8228,33.1911],[-81.8106,33.2246],[-81.7559,33.2896],[-81.6586,33.3861],[-81.595,33.4343],[-81.565,33.4343],[-81.53,33.4235],[-81.49,33.4019],[-81.44,33.3894],[-81.38,33.386],[-81.3372,33.3736],[-81.3117,33.3523],[-81.2988,33.3207],[-81.2987,33.2789],[-81.3164,33.2322],[-81.3521,33.1805],[-81.3772,33.1261],[-81.3916,33.0689],[-81.4266,33.0194],[-81.4822,32.9774],[-81.525,32.953],[-81.555,32.9462],[-81.5839,32.9462],[-81.6117,32.953],[-81.6437,32.9816],[-81.68,33.0319],[-81.7261,33.0707],[-81.782,33.0981],[-81.8147,33.1274],[-81.8241,33.1587],[-81.8228,33.1911]],[[-81.8129,33.1911],[-81.7998,33.2246],[-81.7474,33.2873],[-81.6558,33.3792],[-81.595,33.4252],[-81.565,33.4252],[-81.53,33.4145],[-81.49,33.3932],[-81.445,33.3821],[-81.395,33.3812],[-81.355,33.371],[-81.3249,33.3514],[-81.3081,33.3249],[-81.3047,33.2915],[-81.322,33.2455],[-81.3599,33.1869],[-81.3866,33.1283],[-81.402,33.0697],[-81.4348,33.0215],[-81.4849,32.9838],[-81.535,32.9631],[-81.585,32.9593],[-81.63,32.9836],[-81.67,33.0359],[-81.7196,33.0776],[-81.7789,33.1086],[-81.8113,33.1367],[-81.8167,33.1618],[-81.8129,33.1911]]]}},{"type":"Feature","properties":{"c":"#fd8d3c","v0":30.0,"v1":40.0},"geometry":{"type":"Polygon","coordinates":[[[-87.0037,33.0697],[-86.9959,33.0948],[-86.9765,33.1185],[-86.9455,33.1407],[-86.87,33.151],[-86.75,33.1493],[-86.6861,33.1549],[-86.6784,33.1679],[-86.6862,33.1995],[-86.7096,33.2497],[-86.7084,33.2882],[-86.6828,33.315],[-86.66,33.3286],[-86.64,33.3289],[-86.61,33.3132],[-86.57,33.2815],[-86.535,33.2948],[-86.505,33.3531],[-86.475,33.3831],[-86.445,33.3848],[-86.4167,33.3746],[-86.3902,33.3526],[-86.3653,33.2915],[-86.3419,33.1911],[-86.3402,33.1258],[-86.3601,33.0955],[-86.425,33.0733],[-86.535,33.059],[-86.615,33.0337],[-86.665,32.9972],[-86.72,32.9732],[-86.78,32.9616],[-86.845,32.9625],[-86.915,32.9756],[-86.9644,33.0009],[-86.9932,33.0384],[-87.0037,33.0697]],[[-86.9938,33.0697],[-86.985,33.0948],[-86.9629,33.1177],[-86.9276,33.1383],[-86.8531,33.1467],[-86.7392,33.1428],[-86.6776,33.1492],[-86.6683,33.166],[-86.6755,33.1995],[-86.6992,33.2497],[-86.7008,33.2858],[-86.6803,33.308],[-86.66,33.3191],[-86.64,33.319],[-86.61,33.3019],[-86.57,33.2679],[-86.535,33.2811],[-86.505,33.3416],[-86.475,33.3731],[-86.445,33.3757],[-86.4193,33.3681],[-86.398,33.3505],[-86.3753,33.2915],[-86.3513,33.1911],[-86.3469,33.128],[-86.3623,33.1024],[-86.425,33.0823],[-86.535,33.0678],[-86.615,33.0424],[-86.665,33.0058],[-86.72,32.9815],[-86.78,32.9695],[-86.844,32.9701],[-86.912,32.9834],[-86.959,33.0068],[-86.9852,33.0403],[-86.9938,33.0697]]]}},{"type":"Feature","properties":{"c":"#fd8d3c","v0":30.0,"v1":40.0},"geometry":{"type":"Polygon","coordinates":[[[-81.1115,33.1032],[-81.1076,33.1283],[-81.0918,33.1545],[-81.0639,33.1819],[-81.0,33.2094],[-80.9,33.2369],[-80.835,33.2606],[-80.805,33.2804],[-80.77,33.2897],[-80.73,33.2884],[-80.6961,33.2762],[-80.6684,33.2529],[-80.6542,33.2287],[-80.6536,33.2036],[-80.6625,33.1791],[-80.6808,33.1552],[-80.745,33.1143],[-80.855,33.0562],[-80.95,33.0238],[-81.03,33.0171],[-81.0809,33.0329],[-81.1026,33.0714],[-81.1115,33.1032]],[[-81.1026,33.1032],[-81.0984,33.1283],[-81.0847,33.1522],[-81.0616,33.175],[-81.0,33.2001],[-80.9,33.2276],[-80.835,33.2515],[-80.805,33.2718],[-80.77,33.2815],[-80.73,33.2804],[-80.6985,33.2703],[-80.6755,33.251],[-80.6635,33.2287],[-80.6627,33.2036],[-80.6692,33.1816],[-80.6831,33.1627],[-80.745,33.1237],[-80.855,33.0646],[-80.945,33.0301],[-81.015,33.0202],[-81.0596,33.0216],[-81.0787,33.0341],[-81.0924,33.0529],[-81.1006,33.078],[-81.1026,33.1032]]]}},{"type":"Feature","properties":{"c":"#fd8d3c","v0":30.0,"v1":40.0},"geometry":{"type":"Polygon","coordinates":[[[-107.6992,32.7906],[-107.6797,32.8284],[-107.6416,32.862],[-107.5847,32.8914],[-107.5578,32.9187],[-107.5608,32.9439],[-107.5833,32.9816],[-107.6252,33.0319],[-107.6433,33.0738],[-107.6375,33.1074],[-107.6035,33.1333],[-107.5412,33.1518],[-107.475,33.1537],[-107.405,33.139],[-107.357,33.1172],[-107.3309,33.0883],[-107.3179,33.0571],[-107.318,33.0235],[-107.3707,32.9313],[-107.4761,32.78],[-107.5441,32.6965],[-107.5747,32.6808],[-107.61,32.6744],[-107.65,32.6774],[-107.6797,32.7021],[-107.6992,32.7485],[-107.6992,32.7906]],[[-107.6911,32.7885],[-107.6742,32.8221],[-107.6418,32.8481],[-107.5939,32.8666],[-107.5639,32.8834],[-107.5517,32.8985],[-107.547,32.9187],[-107.55,32.9439],[-107.5726,32.9816],[-107.6149,33.0319],[-107.6345,33.0713],[-107.6315,33.0998],[-107.595,33.1237],[-107.525,33.1432],[-107.46,33.145],[-107.4,33.129],[-107.3581,33.1051],[-107.3342,33.0731],[-107.3238,33.0445],[-107.327,33.0194],[-107.3682,32.9564],[-107.4474,32.8557],[-107.4978,32.783],[-107.5193,32.7384],[-107.545,32.7074],[-107.575,32.6898],[-107.605,32.682],[-107.635,32.6839],[-107.6624,32.7066],[-107.6872,32.75],[-107.6911,32.7885]]]}},{"type":"Feature","properties":{"c":"#fd8d3c","v0":30.0,"v1":40.0},"geometry":{"type":"Polygon","coordinates":[[[-76.3615,32.6412],[-76.3548,32.717],[-76.3381,32.7758],[-76.3116,32.8179],[-76.3013,32.8599],[-76.3071,32.9019],[-76.305,32.9325],[-76.295,32.9519],[-76.265,32.9713],[-76.215,32.9907],[-76.165,32.9825],[-76.115,32.9467],[-76.065,32.9535],[-76.015,33.003],[-75.98,33.0301],[-75.96,33.0348],[-75.94,33.0328],[-75.92,33.024],[-75.8937,33.0038],[-75.861,32.9722],[-75.8403,32.9439],[-75.8316,32.9187],[-75.8461,32.8725],[-75.8838,32.8053],[-75.9445,32.7752],[-76.0282,32.7823],[-76.1122,32.7613],[-76.1967,32.7121],[-76.2547,32.6623],[-76.2861,32.6117],[-76.3139,32.5855],[-76.338,32.5835],[-76.3537,32.5877],[-76.3612,32.5981],[-76.3615,32.6412]],[[-76.3488,32.6412],[-76.3448,32.717],[-76.3289,32.7758],[-76.3013,32.8179],[-76.291,32.8599],[-76.298,32.9019],[-76.2971,32.9313],[-76.2882,32.948],[-76.2603,32.9654],[-76.2134,32.9833],[-76.165,32.9719],[-76.115,32.9312],[-76.065,32.9378],[-76.015,32.9916],[-75.975,33.0197],[-75.945,33.0222],[-75.907,32.9983],[-75.8609,32.948],[-75.8388,32.9103],[-75.8408,32.8851],[-75.8558,32.8515],[-75.8839,32.8095],[-75.906,32.7841],[-75.922,32.7753],[-75.965,32.777],[-76.035,32.789],[-76.1153,32.7681],[-76.206,32.7144],[-76.2624,32.6665],[-76.2843,32.6244],[-76.304,32.5999],[-76.3213,32.5931],[-76.3352,32.5931],[-76.3456,32.5999],[-76.3488,32.6412]]]}},{"type":"Feature","properties":{"c":"#fd8d3c","v0":30.0,"v1":40.0},"geometry":{"type":"Polygon","coordinates":[[[-84.2066,32.8515],[-84.1991,32.8767],[-84.1857,32.8977],[-84.1665,32.9145],[-84.1152,32.9403],[-84.0317,32.9751],[-83.975,32.9899],[-83.945,32.9847],[-83.92,32.9743],[-83.9,32.9586],[-83.86,32.9554],[-83.8,32.9648],[-83.7587,32.962],[-83.7362,32.9471],[-83.7181,32.9229],[-83.7045,32.8893],[-83.7057,32.8623],[-83.7219,32.8419],[-83.79,32.8119],[-83.91,32.7723],[-84.015,32.7541],[-84.105,32.7574],[-84.1651,32.779],[-84.1953,32.8189],[-84.2066,32.8515]],[[-84.1889,32.8587],[-84.163,32.8984],[-84.11,32.9349],[-84.03,32.9683],[-83.98,32.9842],[-83.96,32.9825],[-83.935,32.9711],[-83.905,32.9499],[-83.86,32.9449],[-83.8,32.956],[-83.7549,32.9434],[-83.7246,32.9073],[-83.7156,32.8767],[-83.7279,32.8515],[-83.7631,32.8324],[-83.821,32.8193],[-83.875,32.7998],[-83.925,32.774],[-84.0,32.7626],[-84.1,32.7657],[-84.163,32.7852],[-84.1889,32.821],[-84.1889,32.8587]]]}},{"type":"Feature","properties":{"c":"#fd8d3c","v0":30.0,"v1":40.0},"geometry":{"type":"Polygon","coordinates":[[[-109.727,32.7632],[-109.6956,32.8137],[-109.6771,32.8683],[-109.6717,32.9271],[-109.6542,32.9614],[-109.6247,32.9715],[-109.57,32.9723],[-109.49,32.964],[-109.4437,32.9464],[-109.4312,32.9195],[-109.427,32.8935],[-109.4311,32.8683],[-109.4624,32.8417],[-109.5208,32.8136],[-109.5654,32.7716],[-109.5962,32.7155],[-109.6312,32.6844],[-109.6704,32.6782],[-109.7032,32.6908],[-109.7295,32.7223],[-109.727,32.7632]],[[-109.7086,32.7632],[-109.676,32.8137],[-109.6623,32.8557],[-109.6675,32.8893],[-109.6651,32.9173],[-109.655,32.9398],[-109.605,32.9519],[-109.515,32.9537],[-109.464,32.9467],[-109.4521,32.9308],[-109.4471,32.9076],[-109.449,32.8769],[-109.48,32.849],[-109.54,32.8237],[-109.585,32.782],[-109.615,32.724],[-109.645,32.694],[-109.675,32.692],[-109.6987,32.7027],[-109.7162,32.7262],[-109.7086,32.7632]]]}},{"type":"Feature","properties":{"c":"#fd8d3c","v0":30.0,"v1":40.0},"geometry":{"type":"Polygon","coordinates":[[[-109.5254,32.6818],[-109.4751,32.7378],[-109.435,32.7641],[-109.405,32.7607],[-109.3844,32.7412],[-109.3733,32.7054],[-109.3739,32.6749],[-109.3862,32.6496],[-109.4218,32.6288],[-109.4806,32.6125],[-109.5201,32.6167],[-109.5404,32.6415],[-109.5254,32.6818]],[[-109.5113,32.6767],[-109.4704,32.7224],[-109.44,32.7469],[-109.42,32.75],[-109.4037,32.7355],[-109.3912,32.7035],[-109.3912,32.6765],[-109.4037,32.6545],[-109.43,32.6371],[-109.47,32.6244],[-109.5004,32.627],[-109.5213,32.6449],[-109.5113,32.6767]]]}},{"type":"Feature","properties":{"c":"#fd8d3c","v0":30.0,"v1":40.0},"geometry":{"type":"Polygon","coordinates":[[[-81.9425,32.3322],[-81.9208,32.3639],[-81.84,32.3924],[-81.7,32.4178],[-81.5813,32.4484],[-81.484,32.4842],[-81.4213,32.5359],[-81.3934,32.6033],[-81.3521,32.6577],[-81.2974,32.699],[-81.255,32.7219],[-81.225,32.7265],[-81.1925,32.7226],[-81.1575,32.7104],[-81.1328,32.6833],[-81.1186,32.6412],[-81.1192,32.6033],[-81.1347,32.5696],[-81.1743,32.5171],[-81.2381,32.4458],[-81.3025,32.3994],[-81.3675,32.3778],[-81.4325,32.3238],[-81.4975,32.2372],[-81.55,32.1904],[-81.59,32.1835],[-81.685,32.194],[-81.835,32.2221],[-81.9187,32.2435],[-81.9362,32.2583],[-81.9471,32.2784],[-81.9513,32.3037],[-81.9425,32.3322]],[[-81.9359,32.3174],[-81.9186,32.3534],[-81.84,32.3831],[-81.7,32.4066],[-81.58,32.4376],[-81.48,32.476],[-81.4148,32.5306],[-81.3843,32.6015],[-81.3443,32.6556],[-81.2948,32.6929],[-81.25,32.7132],[-81.21,32.7164],[-81.1773,32.7104],[-81.1519,32.6951],[-81.1351,32.6665],[-81.1268,32.6244],[-81.1369,32.5822],[-81.1655,32.5401],[-81.2073,32.4907],[-81.2624,32.4341],[-81.32,32.3967],[-81.38,32.3785],[-81.445,32.3253],[-81.515,32.237],[-81.565,32.1914],[-81.595,32.1887],[-81.68,32.2001],[-81.82,32.2256],[-81.9,32.2437],[-81.92,32.2543],[-81.9336,32.2696],[-81.9409,32.2895],[-81.9359,32.3174]]]}},{"type":"Feature","properties":{"c":"#fd8d3c","v0":30.0,"v1":40.0},"geometry":{"type":"Polygon","coordinates":[[[-107.7757,32.6308],[-107.7586,32.6522],[-107.735,32.6639],[-107.705,32.666],[-107.6769,32.6511],[-107.6508,32.6192],[-107.6373,32.5822],[-107.6364,32.5401],[-107.6494,32.496],[-107.6765,32.4499],[-107.7058,32.433],[-107.7375,32.4454],[-107.7611,32.4937],[-107.7766,32.578],[-107.7757,32.6308]],[[-107.7682,32.6284],[-107.7561,32.6448],[-107.74,32.6546],[-107.72,32.6577],[-107.6946,32.6453],[-107.6637,32.6173],[-107.6476,32.5822],[-107.6464,32.5401],[-107.6568,32.4985],[-107.6789,32.4575],[-107.7,32.438],[-107.72,32.44],[-107.7349,32.4479],[-107.7446,32.4616],[-107.7484,32.4853],[-107.7463,32.519],[-107.7524,32.5569],[-107.767,32.5991],[-107.7682,32.6284]]]}},{"type":"Feature","properties":{"c":"#fd8d3c","v0":30.0,"v1":40.0},"geometry":{"type":"Polygon","coordinates":[[[-111.1495,32.5654],[-111.1464,32.5907],[-111.1361,32.6093],[-111.1187,32.6212],[-111.08,32.6278],[-111.02,32.6293],[-110.9734,32.6233],[-110.9401,32.61],[-110.9052,32.5654],[-110.8684,32.4895],[-110.8607,32.4093],[-110.8821,32.3248],[-110.9071,32.2774],[-110.9357,32.267],[-110.9653,32.267],[-110.9959,32.2774],[-111.0243,32.3164],[-111.0505,32.384],[-111.0834,32.4389],[-111.123,32.4811],[-111.1448,32.5148],[-111.149,32.5401],[-111.1495,32.5654]],[[-111.134,32.5689],[-111.118,32.6012],[-111.08,32.6185],[-111.02,32.6206],[-110.975,32.6151],[-110.945,32.602],[-110.9123,32.5595],[-110.8769,32.4875],[-110.8647,32.4178],[-110.8758,32.3502],[-110.8885,32.3076],[-110.9028,32.2901],[-110.925,32.2788],[-110.955,32.2736],[-110.9812,32.2781],[-111.0037,32.2924],[-111.0245,32.3291],[-111.0434,32.3882],[-111.0728,32.4389],[-111.1125,32.4811],[-111.1348,32.5148],[-111.1396,32.5401],[-111.134,32.5689]]]}},{"type":"Feature","properties":{"c":"#fd8d3c","v0":30.0,"v1":40.0},"geometry":{"type":"Polygon","coordinates":[[[-88.3124,32.2318],[-88.3012,32.2657],[-88.2742,32.3036],[-88.2314,32.3455],[-88.165,32.3702],[-88.075,32.3775],[-88.01,32.3745],[-87.97,32.3612],[-87.9411,32.345],[-87.9233,32.3259],[-87.914,32.2953],[-87.9133,32.253],[-87.9272,32.2159],[-87.9557,32.1842],[-88.04,32.1654],[-88.18,32.1598],[-88.2641,32.163],[-88.2924,32.175],[-88.3094,32.1895],[-88.3152,32.2065],[-88.3124,32.2318]],[[-88.3038,32.23],[-88.2946,32.2602],[-88.27,32.2961],[-88.23,32.3378],[-88.165,32.3624],[-88.075,32.37],[-88.01,32.3665],[-87.97,32.3521],[-87.9419,32.3335],[-87.9258,32.3108],[-87.9208,32.2784],[-87.927,32.2361],[-87.945,32.2039],[-87.975,32.1818],[-88.055,32.1694],[-88.185,32.1665],[-88.2609,32.1691],[-88.2826,32.1771],[-88.2972,32.1895],[-88.3046,32.2065],[-88.3038,32.23]]]}},{"type":"Feature","properties":{"c":"#fd8d3c","v0":30.0,"v1":40.0},"geometry":{"type":"Polygon","coordinates":[[[-111.8982,32.054],[-111.8679,32.1049],[-111.8234,32.1387],[-111.7647,32.1557],[-111.709,32.2001],[-111.6563,32.272],[-111.595,32.3198],[-111.525,32.3435],[-111.4706,32.3498],[-111.4319,32.3388],[-111.4058,32.3122],[-111.3925,32.2699],[-111.393,32.2191],[-111.4075,32.1599],[-111.4635,32.091],[-111.5612,32.0123],[-111.635,31.9653],[-111.685,31.9501],[-111.74,31.9433],[-111.8,31.9451],[-111.8476,31.9539],[-111.8828,31.9698],[-111.9036,31.9904],[-111.9101,32.0159],[-111.8982,32.054]],[[-111.8908,32.052],[-111.8636,32.0987],[-111.82,32.1308],[-111.76,32.1483],[-111.705,32.1925],[-111.655,32.2634],[-111.6,32.3103],[-111.54,32.3332],[-111.4885,32.3418],[-111.4456,32.3361],[-111.4168,32.3122],[-111.4021,32.2699],[-111.4021,32.2191],[-111.417,32.1599],[-111.4708,32.0933],[-111.5636,32.0193],[-111.635,31.9741],[-111.685,31.9579],[-111.735,31.9498],[-111.785,31.9498],[-111.8295,31.9568],[-111.8685,31.9707],[-111.8922,31.9904],[-111.9004,32.0159],[-111.8908,32.052]]]}},{"type":"Feature","properties":{"c":"#fd8d3c","v0":30.0,"v1":40.0},"geometry":{"type":"Polygon","coordinates":[[[-116.0212,31.8588],[-115.988,31.9268],[-115.946,31.9657],[-115.8953,31.9756],[-115.85,32.0],[-115.81,32.0388],[-115.775,32.0583],[-115.745,32.0586],[-115.7069,32.0427],[-115.6608,32.0107],[-115.6343,31.9734],[-115.6272,31.931],[-115.6282,31.9013],[-115.6374,31.8843],[-115.674,31.8639],[-115.738,31.84],[-115.8,31.8076],[-115.86,31.7666],[-115.9,31.743],[-115.92,31.7368],[-115.945,31.7382],[-115.975,31.7472],[-116.002,31.7699],[-116.0259,31.8066],[-116.0212,31.8588]],[[-116.0136,31.8562],[-115.9845,31.9187],[-115.9416,31.9569],[-115.8848,31.9708],[-115.8398,31.9957],[-115.8066,32.0318],[-115.775,32.0501],[-115.745,32.0505],[-115.7097,32.0367],[-115.669,32.0087],[-115.6448,31.9777],[-115.637,31.9438],[-115.6374,31.9153],[-115.6458,31.8924],[-115.68,31.8699],[-115.74,31.8476],[-115.8,31.8161],[-115.86,31.7753],[-115.91,31.7536],[-115.95,31.751],[-115.9827,31.76],[-116.0081,31.7806],[-116.0226,31.7994],[-116.0263,31.8164],[-116.0136,31.8562]]]}},{"type":"Feature","properties":{"c":"#fd8d3c","v0":30.0,"v1":40.0},"geometry":{"type":"Polygon","coordinates":[[[-84.834,31.134],[-84.8312,31.1511],[-84.8027,31.1854],[-84.7485,31.2367],[-84.7222,31.2709],[-84.7239,31.288],[-84.7415,31.3136],[-84.775,31.3478],[-84.7863,31.4075],[-84.7754,31.4928],[-84.74,31.5793],[-84.68,31.6671],[-84.61,31.7241],[-84.53,31.7502],[-84.4709,31.7787],[-84.4326,31.8095],[-84.3726,31.8254],[-84.2909,31.8263],[-84.1833,31.7881],[-84.05,31.7106],[-83.9805,31.6505],[-83.9747,31.6079],[-83.9943,31.5611],[-84.0394,31.5099],[-84.0858,31.4673],[-84.1335,31.4332],[-84.1633,31.3862],[-84.1751,31.3264],[-84.2426,31.2666],[-84.366,31.2068],[-84.441,31.1597],[-84.4676,31.1255],[-84.4982,31.0984],[-84.5327,31.0785],[-84.575,31.0786],[-84.625,31.0987],[-84.685,31.1015],[-84.755,31.0871],[-84.8013,31.0913],[-84.824,31.1141],[-84.834,31.134]]]}},{"type":"Feature","properties":{"c":"#fd8d3c","v0":30.0,"v1":40.0},"geometry":{"type":"Polygon","coordinates":[[[-112.0982,31.6037],[-112.0757,31.6377],[-112.0414,31.6633],[-111.9955,31.6803],[-111.9715,31.7101],[-111.9696,31.7526],[-111.9539,31.7827],[-111.9246,31.8003],[-111.8835,31.8003],[-111.8305,31.7827],[-111.7905,31.7496],[-111.7635,31.701],[-111.73,31.6774],[-111.69,31.6788],[-111.64,31.6604],[-111.58,31.6222],[-111.54,31.6026],[-111.52,31.6018],[-111.495,31.6128],[-111.465,31.6355],[-111.435,31.6445],[-111.405,31.6397],[-111.3762,31.6289],[-111.3485,31.6121],[-111.3284,31.5909],[-111.3158,31.5653],[-111.3136,31.5227],[-111.3217,31.463],[-111.3183,31.4033],[-111.3035,31.3435],[-111.2997,31.3008],[-111.3069,31.2752],[-111.3404,31.2328],[-111.4001,31.1737],[-111.455,31.1379],[-111.505,31.1256],[-111.5393,31.1295],[-111.5578,31.1496],[-111.5737,31.1854],[-111.5869,31.2367],[-111.5756,31.2965],[-111.5398,31.3649],[-111.5289,31.4044],[-111.543,31.4153],[-111.58,31.4229],[-111.64,31.4273],[-111.685,31.4379],[-111.715,31.4548],[-111.74,31.5089],[-111.76,31.6004],[-111.8,31.6429],[-111.86,31.6366],[-111.9,31.6055],[-111.92,31.5494],[-111.945,31.5122],[-111.975,31.4941],[-112.01,31.4916],[-112.05,31.5048],[-112.0799,31.5303],[-112.0996,31.5678],[-112.0982,31.6037]],[[-111.758,31.6164],[-111.7512,31.642],[-111.7334,31.6602],[-111.7045,31.6711],[-111.655,31.6562],[-111.585,31.6156],[-111.54,31.5945],[-111.52,31.593],[-111.49,31.6042],[-111.45,31.6283],[-111.4055,31.6269],[-111.3565,31.6001],[-111.3282,31.5739],[-111.3205,31.5483],[-111.3211,31.5057],[-111.3298,31.446],[-111.3271,31.3862],[-111.3129,31.3264],[-111.3122,31.2837],[-111.3251,31.2581],[-111.3612,31.2196],[-111.4204,31.1683],[-111.47,31.1394],[-111.51,31.1328],[-111.543,31.1541],[-111.5691,31.2035],[-111.5816,31.2452],[-111.5806,31.2794],[-111.5656,31.3136],[-111.5367,31.3478],[-111.5208,31.3777],[-111.5177,31.4033],[-111.5646,31.4262],[-111.6615,31.4464],[-111.7228,31.4933],[-111.7485,31.5669],[-111.758,31.6164]],[[-112.088,31.6037],[-112.0627,31.638],[-112.03,31.6597],[-111.99,31.6691],[-111.9637,31.7031],[-111.9511,31.7616],[-111.9261,31.7924],[-111.8887,31.7956],[-111.85,31.7848],[-111.81,31.7601],[-111.7873,31.7287],[-111.7818,31.6908],[-111.7868,31.6664],[-111.8023,31.6555],[-111.8357,31.647],[-111.8871,31.6408],[-111.9152,31.6164],[-111.9201,31.5739],[-111.9344,31.5389],[-111.9581,31.5115],[-111.99,31.5001],[-112.03,31.5047],[-112.0627,31.5269],[-112.088,31.5667],[-112.088,31.6037]]]}},{"type":"Feature","properties":{"c":"#fd8d3c","v0":30.0,"v1":40.0},"geometry":{"type":"Polygon","coordinates":[[[-81.3758,31.5448],[-81.3586,31.5975],[-81.29,31.6418],[-81.17,31.6777],[-81.0959,31.6812],[-81.0676,31.6522],[-81.0548,31.5739],[-81.0575,31.446],[-81.0766,31.3668],[-81.1122,31.3365],[-81.15,31.3218],[-81.19,31.3228],[-81.2267,31.3465],[-81.2602,31.3929],[-81.2964,31.4246],[-81.3354,31.4417],[-81.3622,31.4673],[-81.377,31.5014],[-81.3758,31.5448]],[[-81.365,31.544],[-81.3458,31.5952],[-81.2797,31.6368],[-81.1666,31.6689],[-81.0976,31.6689],[-81.0729,31.6368],[-81.0628,31.5611],[-81.0674,31.4417],[-81.0848,31.3691],[-81.1149,31.3435],[-81.145,31.3303],[-81.175,31.3298],[-81.21,31.3529],[-81.25,31.3998],[-81.29,31.4322],[-81.33,31.4502],[-81.3561,31.474],[-81.3684,31.5037],[-81.365,31.544]]]}},{"type":"Feature","properties":{"c":"#fd8d3c","v0":30.0,"v1":40.0},"geometry":{"type":"Polygon","coordinates":[[[-88.27,31.5312],[-88.2632,31.5568],[-88.2473,31.5751],[-88.2224,31.5861],[-88.185,31.5908],[-88.135,31.5891],[-88.095,31.5807],[-88.065,31.5653],[-88.0414,31.5308],[-88.0243,31.4771],[-87.9993,31.4422],[-87.9664,31.4262],[-87.9448,31.4091],[-87.9343,31.391],[-87.9248,31.3521],[-87.9162,31.2923],[-87.9214,31.2476],[-87.9405,31.2181],[-87.97,31.1966],[-88.01,31.1832],[-88.0509,31.1851],[-88.0928,31.2024],[-88.1267,31.2452],[-88.1527,31.3136],[-88.1855,31.3606],[-88.2251,31.3862],[-88.2521,31.4289],[-88.2663,31.4886],[-88.27,31.5312]],[[-88.2609,31.5305],[-88.2536,31.5546],[-88.24,31.5708],[-88.22,31.5793],[-88.185,31.5828],[-88.135,31.5814],[-88.0966,31.5737],[-88.0698,31.5596],[-88.0504,31.527],[-88.0382,31.4758],[-88.0142,31.4417],[-87.9785,31.4246],[-87.9549,31.4076],[-87.9436,31.3905],[-87.9335,31.3521],[-87.9249,31.2923],[-87.9329,31.2465],[-87.9576,31.2147],[-87.99,31.1958],[-88.03,31.19],[-88.0672,31.1973],[-88.1015,31.2179],[-88.1275,31.2581],[-88.1453,31.3179],[-88.1743,31.3606],[-88.2148,31.3862],[-88.2424,31.4289],[-88.2572,31.4886],[-88.2609,31.5305]]]}},{"type":"Feature","properties":{"c":"#fd8d3c","v0":30.0,"v1":40.0},"geometry":{"type":"Polygon","coordinates":[[[-82.387,31.5035],[-82.3623,31.5419],[-82.3265,31.5589],[-82.2796,31.5547],[-82.2355,31.5014],[-82.1942,31.399],[-82.1746,31.3008],[-82.1766,31.2068],[-82.1906,31.1382],[-82.2169,31.0953],[-82.25,31.0621],[-82.29,31.0387],[-82.32,31.0289],[-82.34,31.0329],[-82.3572,31.0447],[-82.3717,31.0643],[-82.3756,31.1041],[-82.3687,31.164],[-82.357,31.211],[-82.3406,31.2452],[-82.3491,31.3179],[-82.3825,31.4289],[-82.387,31.5035]],[[-82.3789,31.501],[-82.3596,31.5344],[-82.33,31.551],[-82.29,31.5508],[-82.2484,31.5],[-82.2051,31.3985],[-82.1846,31.3008],[-82.1868,31.2068],[-82.2015,31.1383],[-82.2286,31.0955],[-82.2591,31.0645],[-82.293,31.0453],[-82.3245,31.0453],[-82.3535,31.0645],[-82.3648,31.1041],[-82.3582,31.164],[-82.3467,31.211],[-82.3304,31.2452],[-82.3388,31.3179],[-82.372,31.4289],[-82.3789,31.501]]]}},{"type":"Feature","properties":{"c":"#fd8d3c","v0":30.0,"v1":40.0},"geometry":{"type":"Polygon","coordinates":[[[-92.7354,31.4412],[-92.7051,31.4914],[-92.65,31.517],[-92.57,31.5182],[-92.5113,31.4931],[-92.4738,31.4418],[-92.4239,31.3948],[-92.3618,31.3521],[-92.3247,31.3136],[-92.3126,31.2794],[-92.3095,31.2495],[-92.3152,31.2239],[-92.3511,31.1994],[-92.417,31.176],[-92.4631,31.1675],[-92.4893,31.1737],[-92.5143,31.1875],[-92.5381,31.2089],[-92.58,31.2184],[-92.64,31.2161],[-92.6819,31.2268],[-92.7058,31.2505],[-92.7259,31.3008],[-92.7423,31.3777],[-92.7354,31.4412]],[[-92.7291,31.439],[-92.703,31.4848],[-92.65,31.5083],[-92.57,31.5094],[-92.5142,31.4865],[-92.4826,31.4396],[-92.4352,31.3948],[-92.372,31.3521],[-92.3342,31.3136],[-92.3217,31.2794],[-92.3189,31.2495],[-92.3257,31.2239],[-92.3594,31.2013],[-92.4198,31.1818],[-92.46,31.1739],[-92.48,31.1774],[-92.505,31.1921],[-92.535,31.2178],[-92.58,31.2288],[-92.64,31.225],[-92.6794,31.2329],[-92.6983,31.2525],[-92.7163,31.3008],[-92.7335,31.3777],[-92.7291,31.439]]]}},{"type":"Feature","properties":{"c":"#fd8d3c","v0":30.0,"v1":40.0},"geometry":{"type":"Polygon","coordinates":[[[-81.5899,31.107],[-81.5633,31.1384],[-81.5235,31.1598],[-81.4705,31.1711],[-81.4155,31.2086],[-81.3585,31.272],[-81.315,31.3084],[-81.285,31.3178],[-81.257,31.316],[-81.2309,31.303],[-81.2195,31.2752],[-81.223,31.2324],[-81.2563,31.1768],[-81.3194,31.1083],[-81.4008,31.0651],[-81.5003,31.0472],[-81.5633,31.0515],[-81.5899,31.078],[-81.5899,31.107]],[[-81.5821,31.1045],[-81.5607,31.1312],[-81.52,31.1525],[-81.46,31.1684],[-81.405,31.2057],[-81.355,31.2643],[-81.315,31.2983],[-81.285,31.3077],[-81.261,31.3084],[-81.2429,31.3005],[-81.2344,31.2752],[-81.2353,31.2324],[-81.2643,31.1796],[-81.3214,31.1168],[-81.4,31.0759],[-81.5,31.0571],[-81.5607,31.0585],[-81.5821,31.0803],[-81.5821,31.1045]]]}},{"type":"Feature","properties":{"c":"#fd8d3c","v0":30.0,"v1":40.0},"geometry":{"type":"Polygon","coordinates":[[[-85.4507,30.9841],[-85.4438,31.0098],[-85.4327,31.0276],[-85.4176,31.0376],[-85.37,31.0466],[-85.29,31.0546],[-85.2439,31.0839],[-85.2317,31.1344],[-85.2167,31.1695],[-85.1989,31.1891],[-85.175,31.204],[-85.145,31.2142],[-85.11,31.2151],[-85.07,31.2066],[-85.0443,31.1917],[-85.0328,31.1704],[-85.0309,31.1255],[-85.0386,31.057],[-85.0071,31.0012],[-84.9362,30.9584],[-84.9007,30.8983],[-84.9007,30.8211],[-84.8813,30.7609],[-84.8426,30.7179],[-84.8238,30.6878],[-84.8249,30.6706],[-84.8416,30.6584],[-84.8739,30.6511],[-84.935,30.6606],[-85.025,30.6869],[-85.14,30.7302],[-85.28,30.7907],[-85.374,30.8456],[-85.422,30.8951],[-85.448,30.9326],[-85.4521,30.9584],[-85.4507,30.9841]],[[-85.4364,30.9869],[-85.4188,31.0182],[-85.37,31.0374],[-85.29,31.0447],[-85.2416,31.0762],[-85.2247,31.1319],[-85.2078,31.1683],[-85.191,31.1854],[-85.1694,31.1982],[-85.1431,31.2068],[-85.115,31.2091],[-85.085,31.205],[-85.0615,31.1921],[-85.0445,31.1705],[-85.0395,31.1236],[-85.0465,31.0514],[-85.0153,30.9957],[-84.9459,30.9565],[-84.911,30.8983],[-84.9106,30.8211],[-84.8913,30.7609],[-84.8531,30.7179],[-84.8357,30.6878],[-84.8391,30.6706],[-84.8531,30.6603],[-84.8777,30.6569],[-84.935,30.6684],[-85.025,30.6948],[-85.14,30.7383],[-85.28,30.7991],[-85.3712,30.8521],[-85.4137,30.8972],[-85.4375,30.9326],[-85.4426,30.9584],[-85.4364,30.9869]]]}},{"type":"Feature","properties":{"c":"#fd8d3c","v0":30.0,"v1":40.0},"geometry":{"type":"Polygon","coordinates":[[[-82.9787,31.0141],[-82.9639,31.0655],[-82.9398,31.106],[-82.9066,31.1357],[-82.835,31.162],[-82.725,31.185],[-82.65,31.1936],[-82.61,31.1879],[-82.5825,31.1787],[-82.5675,31.166],[-82.5644,31.1383],[-82.5733,31.0955],[-82.6209,31.042],[-82.707,30.9777],[-82.8,30.9479],[-82.9,30.9526],[-82.959,30.9633],[-82.9771,30.98],[-82.9787,31.0141]],[[-82.9692,31.027],[-82.9536,31.0698],[-82.9269,31.1058],[-82.889,31.1349],[-82.82,31.1593],[-82.72,31.1791],[-82.6453,31.1816],[-82.5959,31.167],[-82.5756,31.1383],[-82.5845,31.0955],[-82.6292,31.0441],[-82.7097,30.9841],[-82.765,30.9515],[-82.795,30.9463],[-82.845,30.9486],[-82.915,30.9584],[-82.9567,30.9739],[-82.9702,30.995],[-82.9692,31.027]]]}},{"type":"Feature","properties":{"c":"#fd8d3c","v0":30.0,"v1":40.0},"geometry":{"type":"Polygon","coordinates":[[[-88.6716,30.6921],[-88.6423,30.7523],[-88.6368,30.8039],[-88.655,30.8468],[-88.6581,30.9112],[-88.646,30.997],[-88.6174,31.064],[-88.5725,31.1125],[-88.53,31.1393],[-88.49,31.1446],[-88.451,31.1289],[-88.4131,31.0924],[-88.3807,31.0312],[-88.3538,30.9455],[-88.3452,30.8855],[-88.3549,30.8511],[-88.3705,30.8211],[-88.3921,30.7953],[-88.4303,30.7652],[-88.4852,30.7308],[-88.527,30.6921],[-88.5557,30.6491],[-88.585,30.6253],[-88.615,30.6209],[-88.6441,30.6295],[-88.6722,30.6512],[-88.6716,30.6921]],[[-88.6621,30.6921],[-88.6331,30.7523],[-88.6277,30.8039],[-88.6459,30.8468],[-88.6506,30.9069],[-88.6418,30.9841],[-88.6155,31.0488],[-88.5718,31.1012],[-88.53,31.1301],[-88.49,31.1357],[-88.4534,31.1224],[-88.4201,31.0902],[-88.3901,31.0312],[-88.3634,30.9455],[-88.3528,30.8897],[-88.3583,30.864],[-88.3733,30.8351],[-88.3978,30.803],[-88.4385,30.7687],[-88.4954,30.732],[-88.5399,30.6921],[-88.5719,30.6491],[-88.6034,30.6292],[-88.6345,30.6325],[-88.6566,30.6411],[-88.6699,30.6551],[-88.6621,30.6921]]]}},{"type":"Feature","properties":{"c":"#fd8d3c","v0":30.0,"v1":40.0},"geometry":{"type":"Polygon","coordinates":[[[-91.1305,30.7953],[-91.125,30.8211],[-91.0965,30.8554],[-91.045,30.8983],[-91.0278,30.9412],[-91.0449,30.9841],[-91.0488,31.0227],[-91.0395,31.057],[-91.0237,31.0817],[-91.0012,31.097],[-90.96,31.1074],[-90.9,31.1129],[-90.8513,31.1053],[-90.8138,31.0845],[-90.7949,31.0398],[-90.7947,30.9712],[-90.7684,30.9285],[-90.7161,30.9118],[-90.6851,30.8817],[-90.6754,30.8384],[-90.6368,30.8082],[-90.5694,30.791],[-90.5271,30.7652],[-90.5097,30.7308],[-90.5083,30.6986],[-90.5228,30.6686],[-90.565,30.647],[-90.635,30.6338],[-90.688,30.6359],[-90.7241,30.6533],[-90.7491,30.6842],[-90.763,30.7285],[-90.7935,30.7156],[-90.8404,30.6455],[-90.8904,30.6059],[-90.9435,30.5969],[-90.9913,30.6055],[-91.034,30.6317],[-91.0749,30.6792],[-91.1138,30.748],[-91.1305,30.7953]],[[-91.1212,30.7953],[-91.1146,30.8211],[-91.0852,30.8554],[-91.033,30.8983],[-91.0157,30.9369],[-91.0333,30.9712],[-91.0391,31.0078],[-91.033,31.0466],[-91.015,31.075],[-90.985,31.0929],[-90.945,31.1033],[-90.895,31.1061],[-90.858,31.1034],[-90.8341,31.0953],[-90.8161,31.0826],[-90.8041,31.0655],[-90.8003,31.027],[-90.8048,30.967],[-90.7808,30.9284],[-90.7283,30.9112],[-90.6975,30.8812],[-90.6883,30.8382],[-90.6502,30.8079],[-90.5834,30.7903],[-90.5402,30.7645],[-90.5205,30.7306],[-90.5205,30.6986],[-90.5402,30.6685],[-90.585,30.6496],[-90.655,30.642],[-90.7002,30.6442],[-90.7206,30.6561],[-90.7343,30.6835],[-90.7411,30.7265],[-90.7509,30.7513],[-90.7636,30.7578],[-90.7772,30.7578],[-90.7915,30.7513],[-90.8165,30.715],[-90.8522,30.6489],[-90.895,30.6118],[-90.945,30.6038],[-90.9886,30.6111],[-91.0258,30.6336],[-91.0644,30.6792],[-91.1045,30.748],[-91.1212,30.7953]]]}},{"type":"Feature","properties":{"c":"#fd8d3c","v0":30.0,"v1":40.0},"geometry":{"type":"Polygon","coordinates":[[[-90.2167,30.8005],[-90.1056,30.9397],[-90.02,31.0176],[-89.96,31.0343],[-89.9103,31.0334],[-89.871,31.0148],[-89.845,30.9884],[-89.8326,30.9541],[-89.8285,30.9198],[-89.8329,30.8855],[-89.8538,30.8554],[-89.8913,30.8296],[-89.925,30.797],[-89.955,30.7575],[-90.0,30.7333],[-90.06,30.7245],[-90.115,30.7014],[-90.165,30.664],[-90.205,30.6509],[-90.235,30.6623],[-90.2556,30.6837],[-90.2667,30.7151],[-90.2167,30.8005]],[[-90.2078,30.7996],[-90.0968,30.9369],[-90.0185,31.013],[-89.9728,31.0278],[-89.9279,31.0278],[-89.8837,31.013],[-89.8555,30.9927],[-89.8433,30.967],[-89.8391,30.9326],[-89.843,30.8897],[-89.864,30.8554],[-89.9021,30.8296],[-89.9333,30.7994],[-89.9578,30.7647],[-90.0,30.7427],[-90.06,30.7336],[-90.115,30.71],[-90.165,30.6719],[-90.2046,30.6595],[-90.2337,30.6727],[-90.252,30.6921],[-90.2596,30.7179],[-90.2078,30.7996]]]}},{"type":"Feature","properties":{"c":"#fd8d3c","v0":30.0,"v1":40.0},"geometry":{"type":"Polygon","coordinates":[[[-92.3111,30.8468],[-92.305,30.8726],[-92.2939,30.8917],[-92.278,30.9041],[-92.2399,30.9127],[-92.1797,30.9174],[-92.1348,30.894],[-92.1054,30.8425],[-92.0695,30.7996],[-92.0273,30.7652],[-92.0014,30.7308],[-91.992,30.6964],[-91.9917,30.6663],[-92.0006,30.6405],[-92.0263,30.6182],[-92.0688,30.5995],[-92.125,30.596],[-92.195,30.6078],[-92.2406,30.6258],[-92.2617,30.65],[-92.2827,30.705],[-92.3036,30.791],[-92.3111,30.8468]],[[-92.2964,30.8508],[-92.2788,30.8844],[-92.24,30.9036],[-92.18,30.9085],[-92.1378,30.8874],[-92.1133,30.8403],[-92.0778,30.7953],[-92.0312,30.7523],[-92.0049,30.7179],[-91.999,30.6921],[-92.0011,30.6663],[-92.0114,30.6405],[-92.0398,30.62],[-92.0866,30.6048],[-92.14,30.6037],[-92.2,30.6169],[-92.2381,30.6331],[-92.2543,30.6524],[-92.2731,30.705],[-92.2945,30.791],[-92.2964,30.8508]]]}},{"type":"Feature","properties":{"c":"#fd8d3c","v0":30.0,"v1":40.0},"geometry":{"type":"Polygon","coordinates":[[[-84.31,30.7265],[-84.3029,30.7523],[-84.292,30.7693],[-84.2773,30.7774],[-84.195,30.7914],[-84.045,30.8112],[-83.9502,30.8029],[-83.9105,30.7663],[-83.8834,30.7265],[-83.8687,30.6835],[-83.8661,30.6491],[-83.8757,30.6233],[-83.8879,30.6064],[-83.9026,30.5983],[-83.955,30.5953],[-84.045,30.5974],[-84.14,30.6123],[-84.24,30.64],[-84.2959,30.6688],[-84.3077,30.6987],[-84.31,30.7265]],[[-84.296,30.7286],[-84.2787,30.7584],[-84.195,30.783],[-84.045,30.8026],[-83.9499,30.792],[-83.9097,30.7512],[-83.8857,30.7093],[-83.878,30.6663],[-83.8831,30.6342],[-83.901,30.6131],[-83.955,30.6034],[-84.045,30.6054],[-84.135,30.6181],[-84.225,30.6415],[-84.2787,30.6683],[-84.296,30.6985],[-84.296,30.7286]]]}},{"type":"Feature","properties":{"c":"#fd8d3c","v0":30.0,"v1":40.0},"geometry":{"type":"Polygon","coordinates":[[[-87.2355,30.5378],[-87.2185,30.5647],[-87.195,30.5826],[-87.165,30.5916],[-87.115,30.5823],[-87.045,30.5548],[-86.97,30.538],[-86.89,30.5317],[-86.8357,30.5103],[-86.8072,30.4737],[-86.7863,30.4079],[-86.773,30.313],[-86.7873,30.2569],[-86.8291,30.2397],[-86.88,30.2474],[-86.94,30.2801],[-87.0,30.3049],[-87.06,30.3217],[-87.124,30.3658],[-87.192,30.437],[-87.2305,30.4855],[-87.2395,30.5114],[-87.2355,30.5378]],[[-87.2286,30.535],[-87.2162,30.5565],[-87.195,30.5726],[-87.165,30.5831],[-87.115,30.5747],[-87.045,30.5473],[-86.9723,30.5313],[-86.897,30.5266],[-86.845,30.5071],[-86.8162,30.4726],[-86.7928,30.4166],[-86.7748,30.3389],[-86.7687,30.2914],[-86.7747,30.2742],[-86.7957,30.2588],[-86.8319,30.2453],[-86.88,30.2553],[-86.94,30.2888],[-86.9978,30.3128],[-87.0535,30.3273],[-87.1146,30.3691],[-87.1813,30.4381],[-87.2197,30.4855],[-87.2298,30.5114],[-87.2286,30.535]]]}},{"type":"Feature","properties":{"c":"#fd8d3c","v0":30.0,"v1":40.0},"geometry":{"type":"Polygon","coordinates":[[[-91.9848,30.5071],[-91.9675,30.5415],[-91.9417,30.5656],[-91.9072,30.5793],[-91.8659,30.5707],[-91.8178,30.5398],[-91.7828,30.5081],[-91.7609,30.4756],[-91.73,30.4599],[-91.69,30.4612],[-91.64,30.4758],[-91.58,30.5036],[-91.505,30.5091],[-91.415,30.4921],[-91.3599,30.4637],[-91.3397,30.4236],[-91.3447,30.3844],[-91.3749,30.3459],[-91.425,30.3229],[-91.495,30.3156],[-91.555,30.3196],[-91.605,30.3351],[-91.665,30.364],[-91.735,30.4063],[-91.785,30.418],[-91.815,30.3994],[-91.855,30.3901],[-91.905,30.3901],[-91.9412,30.3978],[-91.9637,30.4132],[-91.9795,30.4381],[-91.9888,30.4726],[-91.9848,30.5071]],[[-91.9759,30.5063],[-91.9586,30.5392],[-91.935,30.5612],[-91.905,30.5721],[-91.8652,30.56],[-91.8157,30.5247],[-91.7874,30.4898],[-91.7801,30.4554],[-91.7899,30.4281],[-91.8166,30.4082],[-91.85,30.3969],[-91.89,30.3943],[-91.925,30.402],[-91.955,30.42],[-91.9736,30.4442],[-91.9809,30.4746],[-91.9759,30.5063]],[[-91.6911,30.4559],[-91.597,30.4914],[-91.505,30.5003],[-91.415,30.4828],[-91.362,30.4564],[-91.346,30.4212],[-91.351,30.3866],[-91.377,30.3526],[-91.42,30.3311],[-91.48,30.3221],[-91.54,30.3262],[-91.6,30.3434],[-91.657,30.3735],[-91.7111,30.4166],[-91.6911,30.4559]]]}},{"type":"Feature","properties":{"c":"#fd8d3c","v0":30.0,"v1":40.0},"geometry":{"type":"Polygon","coordinates":[[[-90.1831,30.2216],[-90.161,30.272],[-90.125,30.3104],[-90.075,30.3369],[-90.0,30.3402],[-89.9,30.3203],[-89.8365,30.2819],[-89.8096,30.2249],[-89.7996,30.1875],[-89.8065,30.1696],[-89.835,30.1446],[-89.885,30.1124],[-89.95,30.0922],[-90.03,30.084],[-90.0937,30.0874],[-90.1411,30.1024],[-90.1721,30.1315],[-90.1868,30.1748],[-90.1831,30.2216]],[[-90.1765,30.2186],[-90.1588,30.2629],[-90.125,30.2995],[-90.075,30.3283],[-90.0,30.3322],[-89.9,30.3112],[-89.8388,30.2747],[-89.8165,30.2225],[-89.8092,30.1877],[-89.817,30.1705],[-89.8431,30.1475],[-89.8877,30.1188],[-89.95,30.1002],[-90.03,30.0918],[-90.0905,30.0932],[-90.1315,30.1043],[-90.1604,30.1315],[-90.177,30.1748],[-90.1765,30.2186]]]}},{"type":"Feature","properties":{"c":"#fd8d3c","v0":30.0,"v1":40.0},"geometry":{"type":"Polygon","coordinates":[[[-90.8939,30.0666],[-90.8823,30.1186],[-90.8549,30.162],[-90.8116,30.197],[-90.765,30.2142],[-90.715,30.2137],[-90.67,30.2001],[-90.63,30.1736],[-90.59,30.179],[-90.55,30.2165],[-90.51,30.2387],[-90.47,30.2458],[-90.4307,30.2404],[-90.3922,30.2226],[-90.362,30.1964],[-90.3401,30.1618],[-90.3344,30.1257],[-90.3448,30.0882],[-90.385,30.0457],[-90.455,29.9983],[-90.52,29.9821],[-90.58,29.9971],[-90.63,29.9964],[-90.67,29.9798],[-90.725,29.9688],[-90.795,29.9633],[-90.8414,29.9676],[-90.8643,29.9817],[-90.8817,30.0017],[-90.8937,30.0277],[-90.8939,30.0666]],[[-90.8868,30.0623],[-90.88,30.1056],[-90.855,30.1471],[-90.8117,30.187],[-90.765,30.2066],[-90.715,30.206],[-90.67,30.1921],[-90.63,30.1648],[-90.5876,30.1712],[-90.5429,30.211],[-90.5029,30.2337],[-90.4676,30.2391],[-90.4337,30.2348],[-90.4012,30.2207],[-90.3731,30.1964],[-90.3496,30.1618],[-90.3422,30.1272],[-90.3512,30.0926],[-90.3892,30.0522],[-90.4564,30.0059],[-90.52,29.9902],[-90.58,30.0051],[-90.63,30.0042],[-90.67,29.9875],[-90.725,29.9766],[-90.795,29.9716],[-90.845,29.987],[-90.8751,30.0228],[-90.8868,30.0623]]]}},{"type":"Feature","properties":{"c":"#fd8d3c","v0":30.0,"v1":40.0},"geometry":{"type":"Polygon","coordinates":[[[-81.9198,29.4415],[-81.8799,29.4938],[-81.8225,29.5472],[-81.7475,29.602],[-81.695,29.6322],[-81.665,29.6379],[-81.64,29.6353],[-81.62,29.6243],[-81.6057,29.5897],[-81.597,29.5315],[-81.617,29.4633],[-81.6657,29.3849],[-81.71,29.3367],[-81.75,29.3186],[-81.795,29.3108],[-81.845,29.3131],[-81.8814,29.3222],[-81.9041,29.3378],[-81.9215,29.3631],[-81.9336,29.398],[-81.9198,29.4415]],[[-81.91,29.4411],[-81.87,29.4924],[-81.815,29.5435],[-81.745,29.5945],[-81.695,29.6232],[-81.665,29.6297],[-81.6403,29.6265],[-81.621,29.6134],[-81.6088,29.5808],[-81.6038,29.5286],[-81.6168,29.472],[-81.6478,29.411],[-81.6749,29.371],[-81.6983,29.352],[-81.725,29.3362],[-81.755,29.3235],[-81.795,29.3185],[-81.845,29.3211],[-81.8818,29.3326],[-81.9055,29.3529],[-81.9205,29.3762],[-81.9269,29.4023],[-81.91,29.4411]]]}},{"type":"Feature","properties":{"c":"#fd8d3c","v0":30.0,"v1":40.0},"geometry":{"type":"Polygon","coordinates":[[[-81.1495,28.6766],[-81.1432,28.7029],[-81.1275,28.7281],[-81.1025,28.7522],[-81.065,28.7608],[-81.015,28.754],[-80.8994,28.6761],[-80.7182,28.5272],[-80.6258,28.435],[-80.6224,28.3999],[-80.643,28.3788],[-80.6877,28.3719],[-80.76,28.3937],[-80.86,28.4442],[-80.935,28.4645],[-80.985,28.4546],[-81.025,28.4527],[-81.055,28.4586],[-81.0907,28.5121],[-81.1321,28.613],[-81.1495,28.6766]],[[-81.1305,28.6865],[-81.1035,28.7326],[-81.065,28.7523],[-81.015,28.7454],[-80.9025,28.6697],[-80.7275,28.5251],[-80.6375,28.436],[-80.6325,28.4029],[-80.65,28.3839],[-80.69,28.3791],[-80.76,28.402],[-80.86,28.4526],[-80.935,28.4728],[-80.985,28.4626],[-81.0241,28.4607],[-81.0524,28.467],[-81.0859,28.5186],[-81.1246,28.6152],[-81.1305,28.6865]]]}},{"type":"Feature","properties":{"c":"#fd8d3c","v0":30.0,"v1":40.0},"geometry":{"type":"Polygon","coordinates":[[[-80.5743,28.2209],[-80.5581,28.2504],[-80.535,28.2703],[-80.505,28.2807],[-80.473,28.2748],[-80.4391,28.2525],[-80.3998,28.215],[-80.3551,28.1621],[-80.3151,28.1268],[-80.2797,28.1092],[-80.2585,28.0342],[-80.2514,27.9017],[-80.2532,27.8221],[-80.2639,27.7955],[-80.2794,27.7759],[-80.2998,27.7633],[-80.335,27.7556],[-80.385,27.7531],[-80.4322,27.7727],[-80.4766,27.8145],[-80.5064,27.8707],[-80.5216,27.9414],[-80.5268,27.9988],[-80.5219,28.043],[-80.5351,28.1003],[-80.5666,28.1709],[-80.5743,28.2209]],[[-80.562,28.2218],[-80.5407,28.2532],[-80.515,28.2689],[-80.485,28.269],[-80.4389,28.2357],[-80.3766,28.169],[-80.3248,28.1224],[-80.2835,28.0959],[-80.262,28.0165],[-80.2602,27.884],[-80.272,27.8048],[-80.2973,27.779],[-80.335,27.7647],[-80.385,27.7619],[-80.4296,27.7792],[-80.4689,27.8166],[-80.4965,27.8707],[-80.5125,27.9414],[-80.5177,27.9988],[-80.5119,28.043],[-80.5249,28.1003],[-80.5567,28.1709],[-80.562,28.2218]]]}},{"type":"Feature","properties":{"c":"#fd8d3c","v0":30.0,"v1":40.0},"geometry":{"type":"Polygon","coordinates":[[[-80.5557,26.9322],[-80.5386,26.9731],[-80.5083,26.9999],[-80.465,27.0124],[-80.4368,27.0276],[-80.4235,27.0454],[-80.419,27.0632],[-80.4232,27.0811],[-80.4465,27.1014],[-80.4888,27.1243],[-80.5202,27.151],[-80.5405,27.1815],[-80.5494,27.2145],[-80.5468,27.2501],[-80.5331,27.2857],[-80.5082,27.3212],[-80.4744,27.3478],[-80.4315,27.3654],[-80.36,27.3517],[-80.26,27.3067],[-80.1978,27.2712],[-80.1733,27.2453],[-80.1574,27.219],[-80.1503,27.1923],[-80.152,27.1478],[-80.1628,27.0855],[-80.1764,27.041],[-80.193,27.0142],[-80.2185,26.9906],[-80.2528,26.97],[-80.29,26.9583],[-80.33,26.9554],[-80.3634,26.9345],[-80.3901,26.8955],[-80.4251,26.8641],[-80.4684,26.84],[-80.5021,26.8311],[-80.5263,26.8373],[-80.5449,26.8582],[-80.5578,26.8939],[-80.5557,26.9322]],[[-80.5483,26.9296],[-80.5345,26.9652],[-80.5032,26.9911],[-80.4544,27.0071],[-80.4243,27.0249],[-80.4129,27.0445],[-80.4088,27.0632],[-80.4121,27.0811],[-80.4368,27.1033],[-80.483,27.13],[-80.5151,27.1567],[-80.533,27.1834],[-80.5405,27.2145],[-80.5377,27.2501],[-80.5232,27.2857],[-80.497,27.3212],[-80.4755,27.3447],[-80.4585,27.356],[-80.435,27.3618],[-80.405,27.3618],[-80.345,27.3398],[-80.255,27.2958],[-80.1964,27.2501],[-80.1692,27.2027],[-80.1657,27.1389],[-80.1859,27.0588],[-80.2145,27.0062],[-80.2515,26.9811],[-80.2902,26.9677],[-80.3306,26.9661],[-80.3656,26.9443],[-80.3952,26.9024],[-80.43,26.8703],[-80.47,26.848],[-80.5,26.839],[-80.52,26.8433],[-80.5363,26.8621],[-80.5489,26.8952],[-80.5483,26.9296]]]}},{"type":"Feature","properties":{"c":"#fd8d3c","v0":30.0,"v1":40.0},"geometry":{"type":"Polygon","coordinates":[[[-81.1825,26.1826],[-81.1675,26.2275],[-81.1453,26.2678],[-81.1161,26.3037],[-81.1127,26.344],[-81.1352,26.3889],[-81.1475,26.4426],[-81.1495,26.5053],[-81.1304,26.5615],[-81.0901,26.6115],[-81.02,26.6317],[-80.92,26.6221],[-80.8553,26.6061],[-80.8259,26.5836],[-80.8159,26.5524],[-80.8253,26.5126],[-80.881,26.4589],[-80.9829,26.3913],[-81.0369,26.353],[-81.043,26.344],[-81.0371,26.3369],[-81.019,26.3317],[-80.9782,26.3362],[-80.9147,26.3504],[-80.8619,26.3844],[-80.8199,26.4381],[-80.7567,26.5029],[-80.6722,26.5787],[-80.595,26.6135],[-80.525,26.6074],[-80.4663,26.5874],[-80.419,26.5535],[-80.3975,26.5187],[-80.4018,26.4829],[-80.4255,26.4419],[-80.4685,26.3958],[-80.5219,26.3196],[-80.5856,26.2133],[-80.6406,26.1625],[-80.6869,26.167],[-80.735,26.191],[-80.785,26.2343],[-80.82,26.2515],[-80.84,26.2424],[-80.875,26.2082],[-80.925,26.1488],[-80.975,26.1088],[-81.025,26.0883],[-81.075,26.081],[-81.125,26.0869],[-81.16,26.1074],[-81.1801,26.1426],[-81.1825,26.1826]],[[-81.1389,26.5321],[-81.1291,26.5589],[-81.1057,26.5879],[-81.0686,26.619],[-81.005,26.628],[-80.915,26.6151],[-80.8568,26.5951],[-80.8303,26.568],[-80.8253,26.5377],[-80.8418,26.5042],[-80.905,26.4519],[-81.015,26.3808],[-81.0853,26.3573],[-81.116,26.3813],[-81.1345,26.4247],[-81.1407,26.4874],[-81.1389,26.5321]],[[-81.1637,26.1951],[-81.1279,26.2648],[-81.1,26.3052],[-81.08,26.3163],[-81.025,26.3269],[-80.935,26.337],[-80.825,26.4085],[-80.695,26.5412],[-80.595,26.6047],[-80.525,26.5989],[-80.4688,26.5811],[-80.4265,26.5514],[-80.4065,26.5206],[-80.4088,26.4886],[-80.43,26.4512],[-80.47,26.4083],[-80.525,26.3313],[-80.595,26.2201],[-80.655,26.1705],[-80.705,26.1826],[-80.75,26.2082],[-80.79,26.2472],[-80.82,26.2625],[-80.84,26.2541],[-80.875,26.2198],[-80.925,26.1596],[-80.975,26.1188],[-81.025,26.0973],[-81.075,26.0897],[-81.125,26.0961],[-81.1579,26.1145],[-81.1737,26.1449],[-81.1637,26.1951]]]}},{"type":"Feature","properties":{"c":"#fd8d3c","v0":30.0,"v1":40.0},"geometry":{"type":"Polygon","coordinates":[[[-80.5806,22.2712],[-80.5729,22.299],[-80.5543,22.328],[-80.5248,22.3583],[-80.485,22.3818],[-80.435,22.3984],[-80.39,22.4052],[-80.35,22.4022],[-80.315,22.3793],[-80.285,22.3367],[-80.2467,22.3055],[-80.2,22.2857],[-80.175,22.2456],[-80.1717,22.1853],[-80.132,22.139],[-80.056,22.1067],[-80.0151,22.0721],[-80.0093,22.035],[-80.011,22.0025],[-80.0201,21.9747],[-80.051,21.9399],[-80.1037,21.8981],[-80.16,21.8775],[-80.22,21.8781],[-80.258,21.885],[-80.274,21.8984],[-80.297,21.9469],[-80.3271,22.0304],[-80.3891,22.0938],[-80.483,22.1373],[-80.5436,22.1837],[-80.5709,22.2328],[-80.5806,22.2712]],[[-80.5715,22.2712],[-80.5634,22.299],[-80.542,22.3284],[-80.5073,22.3595],[-80.47,22.381],[-80.43,22.3928],[-80.39,22.3969],[-80.35,22.3933],[-80.315,22.3697],[-80.285,22.3261],[-80.2495,22.2972],[-80.2084,22.2829],[-80.185,22.2434],[-80.1793,22.1786],[-80.1396,22.1323],[-80.0659,22.1045],[-80.0277,22.0628],[-80.025,22.0072],[-80.0503,21.9562],[-80.1034,21.9097],[-80.16,21.8869],[-80.22,21.8878],[-80.27,21.9342],[-80.31,22.0261],[-80.3783,22.0952],[-80.4749,22.1416],[-80.5363,22.1879],[-80.5624,22.2342],[-80.5715,22.2712]]]}},{"type":"Feature","properties":{"c":"#fc4e2a","v0":40.0,"v1":50.0},"geometry":{"type":"Polygon","coordinates":[[[-93.6655,51.0799],[-93.6449,51.1365],[-93.6234,51.1741],[-93.6011,51.1928],[-93.555,51.1966],[-93.485,51.1854],[-93.44,51.1814],[-93.42,51.1844],[-93.3509,51.2245],[-93.2327,51.3015],[-93.1327,51.3596],[-93.0509,51.3989],[-93.0,51.4215],[-92.98,51.4272],[-92.9594,51.4263],[-92.9382,51.4187],[-92.92,51.4024],[-92.905,51.3774],[-92.8993,51.3368],[-92.9028,51.2806],[-92.9105,51.243],[-92.9225,51.2242],[-92.9511,51.1992],[-92.9961,51.1678],[-93.0315,51.1178],[-93.0572,51.0491],[-93.0797,51.0051],[-93.0991,50.9858],[-93.1241,50.9746],[-93.1547,50.9715],[-93.2,50.9741],[-93.26,50.9825],[-93.3014,51.003],[-93.3243,51.0354],[-93.3543,51.058],[-93.3914,51.0706],[-93.4379,51.0674],[-93.4937,51.0485],[-93.5337,51.0201],[-93.5579,50.9822],[-93.585,50.9711],[-93.615,50.987],[-93.6415,51.0092],[-93.6644,51.0375],[-93.6655,51.0799]],[[-93.6386,51.0853],[-93.6062,51.1525],[-93.545,51.1823],[-93.455,51.1749],[-93.3492,51.2103],[-93.2277,51.2884],[-93.1227,51.3487],[-93.0342,51.3913],[-92.9771,51.41],[-92.9512,51.4049],[-92.9327,51.3899],[-92.9216,51.3649],[-92.9195,51.3246],[-92.9265,51.2688],[-92.9578,51.2188],[-93.0135,51.1744],[-93.0601,51.1113],[-93.0977,51.0296],[-93.1548,50.9905],[-93.2316,50.994],[-93.2836,51.0129],[-93.3109,51.0471],[-93.3409,51.0702],[-93.3736,51.0822],[-93.42,51.0817],[-93.48,51.0689],[-93.53,51.0442],[-93.57,51.0078],[-93.6062,51.0051],[-93.6386,51.0362],[-93.6386,51.0853]]]}},{"type":"Feature","properties":{"c":"#fc4e2a","v0":40.0,"v1":50.0},"geometry":{"type":"Polygon","coordinates":[[[-93.6097,50.839],[-93.5966,50.8674],[-93.58,50.8867],[-93.56,50.8968],[-93.5481,50.8794],[-93.5442,50.8346],[-93.5542,50.8084],[-93.5781,50.8009],[-93.5966,50.804],[-93.6097,50.8179],[-93.6097,50.839]],[[-93.5881,50.8359],[-93.576,50.8582],[-93.5676,50.8582],[-93.5628,50.8359],[-93.5628,50.8216],[-93.5676,50.8152],[-93.576,50.8152],[-93.5881,50.8216],[-93.5881,50.8359]]]}},{"type":"Feature","properties":{"c":"#fc4e2a","v0":40.0,"v1":50.0},"geometry":{"type":"Polygon","coordinates":[[[-94.4616,50.1343],[-94.4422,50.1792],[-94.4169,50.2081],[-94.3856,50.2211],[-94.33,50.2335],[-94.25,50.2454],[-94.18,50.2731],[-94.12,50.3167],[-94.05,50.3495],[-93.97,50.3716],[-93.9128,50.3725],[-93.8784,50.3523],[-93.86,50.3326],[-93.8576,50.3135],[-93.8648,50.2947],[-93.8816,50.2764],[-93.93,50.244],[-94.01,50.1977],[-94.0763,50.1653],[-94.129,50.1468],[-94.1639,50.1183],[-94.1812,50.0798],[-94.1998,50.0541],[-94.2198,50.0413],[-94.2548,50.0347],[-94.3049,50.0345],[-94.3621,50.0474],[-94.4264,50.0733],[-94.4617,50.0926],[-94.4681,50.1054],[-94.4616,50.1343]],[[-94.4569,50.1279],[-94.4498,50.1599],[-94.4322,50.1853],[-94.4041,50.204],[-94.345,50.2211],[-94.255,50.2364],[-94.185,50.2636],[-94.135,50.3025],[-94.075,50.334],[-94.005,50.358],[-93.96,50.3714],[-93.94,50.3742],[-93.9188,50.3705],[-93.8964,50.3601],[-93.8794,50.3454],[-93.8679,50.3262],[-93.8686,50.3071],[-93.8816,50.2879],[-93.9286,50.2544],[-94.0095,50.2067],[-94.0795,50.1714],[-94.1385,50.1488],[-94.1763,50.1183],[-94.193,50.0798],[-94.2085,50.0559],[-94.2228,50.0467],[-94.255,50.042],[-94.305,50.0416],[-94.358,50.0527],[-94.4139,50.075],[-94.4465,50.0926],[-94.4558,50.1054],[-94.4569,50.1279]]]}},{"type":"Feature","properties":{"c":"#fc4e2a","v0":40.0,"v1":50.0},"geometry":{"type":"Polygon","coordinates":[[[-95.1272,50.0876],[-95.1024,50.1162],[-95.04,50.1463],[-94.94,50.178],[-94.85,50.1938],[-94.77,50.1936],[-94.7182,50.186],[-94.6945,50.1708],[-94.6842,50.1535],[-94.6872,50.1343],[-94.699,50.1168],[-94.7197,50.1012],[-94.7677,50.0851],[-94.843,50.0687],[-94.8657,50.0413],[-94.8358,50.0027],[-94.825,49.9738],[-94.8331,49.9545],[-94.8454,49.9407],[-94.8618,49.9324],[-94.885,49.929],[-94.915,49.9304],[-94.97,49.9493],[-95.05,49.9857],[-95.1024,50.0212],[-95.1272,50.056],[-95.1272,50.0876]],[[-95.1193,50.0862],[-95.0971,50.1119],[-95.037,50.1404],[-94.939,50.1718],[-94.8532,50.1878],[-94.7795,50.1884],[-94.7302,50.1824],[-94.7053,50.1695],[-94.6945,50.1535],[-94.6979,50.1343],[-94.7082,50.1183],[-94.7254,50.1054],[-94.768,50.0937],[-94.836,50.083],[-94.8757,50.0734],[-94.8872,50.0648],[-94.8773,50.0413],[-94.846,50.0027],[-94.8403,49.9714],[-94.8601,49.9473],[-94.885,49.936],[-94.915,49.9374],[-94.9687,49.9559],[-95.0462,49.9914],[-95.0962,50.0252],[-95.119,50.0573],[-95.1193,50.0862]]]}},{"type":"Feature","properties":{"c":"#fc4e2a","v0":40.0,"v1":50.0},"geometry":{"type":"Polygon","coordinates":[[[-94.0332,47.0158],[-94.0213,47.0703],[-93.9908,47.1214],[-93.9417,47.169],[-93.9004,47.2009],[-93.8668,47.2172],[-93.825,47.225],[-93.775,47.2242],[-93.73,47.2344],[-93.69,47.2556],[-93.635,47.2712],[-93.565,47.2812],[-93.515,47.2816],[-93.485,47.2723],[-93.44,47.2668],[-93.38,47.2651],[-93.335,47.2465],[-93.305,47.211],[-93.26,47.2023],[-93.2,47.2206],[-93.155,47.2289],[-93.125,47.2274],[-93.1026,47.2215],[-93.0877,47.2114],[-93.0827,47.19],[-93.0876,47.1571],[-93.14,47.1167],[-93.24,47.0688],[-93.305,47.05],[-93.335,47.0605],[-93.37,47.0621],[-93.41,47.0549],[-93.48,47.0661],[-93.58,47.0958],[-93.6219,47.0903],[-93.6056,47.0497],[-93.6156,47.0087],[-93.6519,46.9673],[-93.695,46.9497],[-93.745,46.956],[-93.79,46.9541],[-93.83,46.9441],[-93.875,46.939],[-93.925,46.9389],[-93.965,46.943],[-93.995,46.9514],[-94.0173,46.9638],[-94.0319,46.9803],[-94.0332,47.0158]],[[-94.0241,47.0158],[-94.0116,47.0703],[-93.9815,47.1205],[-93.9338,47.1665],[-93.895,47.1969],[-93.865,47.2118],[-93.82,47.2186],[-93.76,47.2172],[-93.715,47.2274],[-93.685,47.2491],[-93.64,47.2652],[-93.58,47.2756],[-93.5,47.275],[-93.4,47.2632],[-93.335,47.2392],[-93.305,47.2029],[-93.26,47.1946],[-93.2,47.2143],[-93.1499,47.2197],[-93.1098,47.2108],[-93.0898,47.1927],[-93.0899,47.1652],[-93.14,47.1268],[-93.24,47.0774],[-93.3,47.0614],[-93.32,47.079],[-93.35,47.0796],[-93.39,47.0632],[-93.47,47.0708],[-93.59,47.1025],[-93.6389,47.0961],[-93.6168,47.0517],[-93.6218,47.0104],[-93.6539,46.9724],[-93.695,46.9564],[-93.745,46.9623],[-93.79,46.9601],[-93.83,46.9499],[-93.875,46.9447],[-93.925,46.9446],[-93.9642,46.9487],[-93.9927,46.957],[-94.0128,46.968],[-94.0245,46.9817],[-94.0241,47.0158]]]}},{"type":"Feature","properties":{"c":"#fc4e2a","v0":40.0,"v1":50.0},"geometry":{"type":"Polygon","coordinates":[[[-96.0857,46.2501],[-96.0638,46.2847],[-96.0171,46.3129],[-95.9457,46.3347],[-95.86,46.3421],[-95.76,46.3352],[-95.6962,46.3242],[-95.6686,46.3094],[-95.662,46.2812],[-95.6763,46.2397],[-95.7201,46.1967],[-95.7934,46.1521],[-95.86,46.13],[-95.92,46.1305],[-95.965,46.1349],[-95.995,46.1433],[-96.025,46.1576],[-96.055,46.1779],[-96.0767,46.1992],[-96.09,46.2216],[-96.0857,46.2501]],[[-96.0773,46.2483],[-96.0591,46.2791],[-96.015,46.3055],[-95.945,46.3274],[-95.865,46.3358],[-95.775,46.3306],[-95.7141,46.3215],[-95.6824,46.3085],[-95.6702,46.2847],[-95.6776,46.2501],[-95.7185,46.2088],[-95.7928,46.1607],[-95.87,46.1393],[-95.95,46.1446],[-96.005,46.1556],[-96.035,46.1725],[-96.0591,46.1939],[-96.0773,46.2198],[-96.0773,46.2483]]]}},{"type":"Feature","properties":{"c":"#fc4e2a","v0":40.0,"v1":50.0},"geometry":{"type":"Polygon","coordinates":[[[-98.0523,45.0265],[-98.0401,45.0477],[-98.018,45.0587],[-97.986,45.0595],[-97.9355,45.0524],[-97.8666,45.0375],[-97.8016,45.0114],[-97.7405,44.9741],[-97.685,44.952],[-97.635,44.9452],[-97.585,44.9635],[-97.535,45.0068],[-97.4833,45.0359],[-97.43,45.0509],[-97.385,45.0805],[-97.3483,45.1248],[-97.315,45.151],[-97.285,45.1591],[-97.235,45.1615],[-97.165,45.1581],[-97.1093,45.1355],[-97.0679,45.0934],[-97.0529,45.0316],[-97.0643,44.95],[-97.0903,44.8933],[-97.131,44.8618],[-97.171,44.8388],[-97.2103,44.8244],[-97.265,44.82],[-97.335,44.8257],[-97.4,44.8244],[-97.46,44.8161],[-97.515,44.815],[-97.565,44.8209],[-97.615,44.8213],[-97.665,44.8161],[-97.73,44.8213],[-97.81,44.837],[-97.8816,44.8593],[-97.9447,44.8882],[-97.9968,44.931],[-98.0378,44.9876],[-98.0523,45.0265]],[[-98.0388,45.0258],[-98.0196,45.0456],[-97.98,45.0512],[-97.92,45.0425],[-97.875,45.0337],[-97.845,45.0247],[-97.805,45.0038],[-97.755,44.9711],[-97.705,44.9491],[-97.655,44.9379],[-97.6179,44.9356],[-97.5937,44.942],[-97.5637,44.9638],[-97.5279,45.0011],[-97.485,45.0259],[-97.435,45.0383],[-97.3924,45.0656],[-97.3571,45.1078],[-97.3271,45.1351],[-97.3024,45.1475],[-97.25,45.1524],[-97.17,45.1496],[-97.112,45.1293],[-97.0761,45.0914],[-97.0628,45.0336],[-97.0722,44.9558],[-97.0994,44.8991],[-97.1444,44.8637],[-97.1826,44.8407],[-97.2142,44.8302],[-97.265,44.8277],[-97.335,44.8333],[-97.4,44.8319],[-97.46,44.8234],[-97.515,44.8221],[-97.565,44.8279],[-97.615,44.8283],[-97.665,44.8234],[-97.73,44.8289],[-97.81,44.8447],[-97.88,44.8665],[-97.94,44.8944],[-97.9896,44.9353],[-98.0288,44.989],[-98.0388,45.0258]]]}},{"type":"Feature","properties":{"c":"#fc4e2a","v0":40.0,"v1":50.0},"geometry":{"type":"Polygon","coordinates":[[[-89.0938,44.4618],[-89.0825,44.4904],[-89.0501,44.5279],[-88.9967,44.5744],[-88.93,44.6025],[-88.85,44.6123],[-88.7882,44.5997],[-88.7447,44.5648],[-88.7211,44.5189],[-88.7174,44.4618],[-88.7242,44.4243],[-88.7414,44.4064],[-88.825,44.4006],[-88.975,44.4069],[-89.0624,44.4195],[-89.0871,44.4382],[-89.0938,44.4618]],[[-89.0847,44.4618],[-89.0728,44.4904],[-89.0427,44.5262],[-88.9942,44.5694],[-88.93,44.596],[-88.85,44.6058],[-88.7906,44.5949],[-88.7517,44.5632],[-88.7301,44.5189],[-88.7259,44.4618],[-88.7304,44.426],[-88.7435,44.4114],[-88.825,44.4071],[-88.975,44.4132],[-89.0602,44.424],[-89.0805,44.4397],[-89.0847,44.4618]]]}},{"type":"Feature","properties":{"c":"#fc4e2a","v0":40.0,"v1":50.0},"geometry":{"type":"Polygon","coordinates":[[[-88.7367,43.7866],[-88.7189,43.8146],[-88.695,43.836],[-88.665,43.8507],[-88.63,43.8568],[-88.59,43.8542],[-88.5548,43.8401],[-88.5243,43.8143],[-88.5134,43.787],[-88.5221,43.7581],[-88.5473,43.7291],[-88.5891,43.6999],[-88.63,43.6895],[-88.67,43.6979],[-88.7039,43.7198],[-88.7317,43.755],[-88.7367,43.7866]],[[-88.7264,43.7834],[-88.7142,43.8051],[-88.6935,43.824],[-88.6645,43.8401],[-88.63,43.8468],[-88.59,43.844],[-88.5582,43.8323],[-88.5347,43.8117],[-88.5247,43.7906],[-88.5282,43.7689],[-88.55,43.7425],[-88.59,43.7112],[-88.63,43.7003],[-88.67,43.7096],[-88.7006,43.7289],[-88.7219,43.758],[-88.7264,43.7834]]]}},{"type":"Feature","properties":{"c":"#fc4e2a","v0":40.0,"v1":50.0},"geometry":{"type":"Polygon","coordinates":[[[-110.921,43.5017],[-110.9003,43.568],[-110.88,43.6111],[-110.86,43.6312],[-110.835,43.6463],[-110.805,43.6564],[-110.765,43.6613],[-110.715,43.6611],[-110.6564,43.6527],[-110.5892,43.6362],[-110.5224,43.6062],[-110.4558,43.5628],[-110.4311,43.5265],[-110.4483,43.4975],[-110.4802,43.4796],[-110.5267,43.4729],[-110.5714,43.4583],[-110.6143,43.4361],[-110.6593,43.4209],[-110.7064,43.4129],[-110.7433,43.4092],[-110.7699,43.41],[-110.8198,43.4213],[-110.893,43.4431],[-110.9301,43.4576],[-110.9309,43.4649],[-110.921,43.5017]],[[-110.8914,43.5096],[-110.8771,43.5629],[-110.85,43.603],[-110.81,43.6301],[-110.765,43.6434],[-110.715,43.643],[-110.66,43.6355],[-110.6,43.6209],[-110.5395,43.5955],[-110.4786,43.5592],[-110.4536,43.5303],[-110.4645,43.5089],[-110.49,43.496],[-110.53,43.4916],[-110.575,43.4769],[-110.625,43.4519],[-110.6734,43.4358],[-110.7203,43.4285],[-110.7803,43.4354],[-110.8534,43.4564],[-110.8921,43.4709],[-110.8964,43.479],[-110.8914,43.5096]]]}},{"type":"Feature","properties":{"c":"#fc4e2a","v0":40.0,"v1":50.0},"geometry":{"type":"Polygon","coordinates":[[[-88.6584,43.454],[-88.592,43.57],[-88.5436,43.6316],[-88.5133,43.6388],[-88.4761,43.6367],[-88.432,43.6253],[-88.391,43.5782],[-88.353,43.4954],[-88.353,43.4147],[-88.391,43.3361],[-88.43,43.2867],[-88.47,43.2667],[-88.505,43.2568],[-88.535,43.257],[-88.58,43.28],[-88.64,43.3257],[-88.6754,43.3603],[-88.6862,43.384],[-88.6584,43.454]],[[-88.6461,43.452],[-88.582,43.564],[-88.535,43.623],[-88.505,43.6291],[-88.4728,43.6275],[-88.4384,43.6181],[-88.4027,43.5736],[-88.3656,43.4939],[-88.3634,43.4177],[-88.3962,43.345],[-88.4319,43.2982],[-88.4706,43.2775],[-88.5028,43.2666],[-88.5284,43.2655],[-88.5703,43.2868],[-88.6283,43.3304],[-88.6626,43.3632],[-88.6729,43.385],[-88.6461,43.452]]]}},{"type":"Feature","properties":{"c":"#fc4e2a","v0":40.0,"v1":50.0},"geometry":{"type":"Polygon","coordinates":[[[-111.3056,43.3184],[-111.2819,43.338],[-111.24,43.3493],[-111.18,43.3522],[-111.1283,43.3715],[-111.085,43.4071],[-111.0435,43.4249],[-111.0039,43.4249],[-110.9853,43.4104],[-110.9876,43.3813],[-110.9994,43.3522],[-111.0209,43.3232],[-111.0813,43.284],[-111.1804,43.2348],[-111.2424,43.213],[-111.2671,43.2185],[-111.2889,43.2431],[-111.308,43.2868],[-111.3056,43.3184]],[[-111.2817,43.3144],[-111.2606,43.326],[-111.225,43.332],[-111.175,43.3324],[-111.125,43.3519],[-111.075,43.3905],[-111.04,43.4087],[-111.02,43.4066],[-111.02,43.3844],[-111.04,43.3419],[-111.095,43.2987],[-111.185,43.2547],[-111.24,43.2358],[-111.26,43.2421],[-111.2756,43.2611],[-111.2867,43.2928],[-111.2817,43.3144]]]}},{"type":"Feature","properties":{"c":"#fc4e2a","v0":40.0,"v1":50.0},"geometry":{"type":"Polygon","coordinates":[[[-112.3487,43.1227],[-112.3292,43.1592],[-112.292,43.1906],[-112.2373,43.217],[-112.185,43.23],[-112.135,43.2296],[-112.075,43.2367],[-112.005,43.2512],[-111.9597,43.2564],[-111.9392,43.2524],[-111.9221,43.2431],[-111.9084,43.2285],[-111.9064,43.1993],[-111.9162,43.1556],[-111.9583,43.1227],[-112.0327,43.1008],[-112.0949,43.0712],[-112.145,43.0339],[-112.2,43.0171],[-112.26,43.0209],[-112.3037,43.0323],[-112.3311,43.0512],[-112.3482,43.0716],[-112.3551,43.0935],[-112.3487,43.1227]],[[-112.3394,43.1222],[-112.3198,43.1574],[-112.285,43.1871],[-112.235,43.211],[-112.185,43.223],[-112.135,43.2228],[-112.075,43.2301],[-112.005,43.2446],[-111.9553,43.2442],[-111.9259,43.2289],[-111.9159,43.2001],[-111.9253,43.1578],[-111.965,43.1269],[-112.035,43.1075],[-112.1,43.0776],[-112.16,43.0374],[-112.2153,43.0208],[-112.266,43.0279],[-112.302,43.0387],[-112.3233,43.0534],[-112.3378,43.0716],[-112.3454,43.0935],[-112.3394,43.1222]]]}},{"type":"Feature","properties":{"c":"#fc4e2a","v0":40.0,"v1":50.0},"geometry":{"type":"Polygon","coordinates":[[[-87.1724,42.8372],[-87.1041,42.9175],[-87.06,42.9581],[-87.04,42.9591],[-87.0208,42.9519],[-87.0025,42.9366],[-86.9788,42.907],[-86.9499,42.8631],[-86.9313,42.8227],[-86.923,42.786],[-86.9365,42.7457],[-86.9719,42.7016],[-86.9706,42.6464],[-86.9326,42.5802],[-86.9227,42.5307],[-86.9409,42.498],[-86.965,42.4805],[-86.995,42.4783],[-87.0442,42.4983],[-87.1126,42.5406],[-87.1618,42.6207],[-87.1916,42.7383],[-87.1724,42.8372]],[[-87.1628,42.8337],[-87.1009,42.907],[-87.06,42.9446],[-87.04,42.9464],[-87.0244,42.9428],[-87.0132,42.9336],[-86.9927,42.907],[-86.9631,42.8631],[-86.9441,42.8227],[-86.9359,42.786],[-86.9494,42.7493],[-86.9846,42.7126],[-86.9998,42.6795],[-86.9948,42.6501],[-86.9758,42.6133],[-86.9429,42.5692],[-86.9352,42.5323],[-86.9527,42.5028],[-86.9736,42.4882],[-86.9979,42.4884],[-87.0404,42.5068],[-87.1011,42.5435],[-87.147,42.6207],[-87.1781,42.7383],[-87.1628,42.8337]]]}},{"type":"Feature","properties":{"c":"#fc4e2a","v0":40.0,"v1":50.0},"geometry":{"type":"Polygon","coordinates":[[[-101.6861,42.8337],[-101.6759,42.8484],[-101.6256,42.8731],[-101.5352,42.9077],[-101.46,42.9068],[-101.4,42.8706],[-101.3549,42.8313],[-101.3247,42.7889],[-101.3207,42.753],[-101.3431,42.7236],[-101.3682,42.7051],[-101.3961,42.6973],[-101.44,42.7132],[-101.5,42.7526],[-101.565,42.7748],[-101.635,42.7798],[-101.6753,42.7933],[-101.6859,42.8154],[-101.6861,42.8337]],[[-101.6059,42.8429],[-101.5286,42.8759],[-101.465,42.876],[-101.415,42.8433],[-101.3807,42.8122],[-101.362,42.7825],[-101.367,42.7572],[-101.3957,42.7361],[-101.43,42.7418],[-101.47,42.7743],[-101.525,42.7947],[-101.595,42.803],[-101.6336,42.8119],[-101.6409,42.8216],[-101.6059,42.8429]]]}},{"type":"Feature","properties":{"c":"#fc4e2a","v0":40.0,"v1":50.0},"geometry":{"type":"Polygon","coordinates":[[[-89.48,42.4696],[-89.4706,42.4918],[-89.4418,42.5213],[-89.3937,42.5581],[-89.3637,42.5949],[-89.3517,42.6317],[-89.3496,42.6648],[-89.3573,42.6942],[-89.3534,42.7174],[-89.3378,42.7342],[-89.325,42.746],[-89.315,42.7526],[-89.29,42.7446],[-89.25,42.7219],[-89.2205,42.7285],[-89.2014,42.7644],[-89.1564,42.791],[-89.0855,42.8083],[-89.0483,42.8083],[-89.0448,42.791],[-89.0564,42.7677],[-89.0831,42.7383],[-89.1299,42.7138],[-89.1966,42.6941],[-89.2412,42.6353],[-89.2637,42.5372],[-89.2959,42.4623],[-89.3379,42.4106],[-89.3667,42.3825],[-89.3822,42.3779],[-89.4,42.3791],[-89.42,42.3863],[-89.4437,42.407],[-89.471,42.4414],[-89.48,42.4696]],[[-89.1937,42.7346],[-89.1882,42.7567],[-89.1549,42.775],[-89.0938,42.7897],[-89.0799,42.7769],[-89.1133,42.7367],[-89.14,42.7143],[-89.16,42.7098],[-89.1766,42.7115],[-89.1898,42.7196],[-89.1937,42.7346]],[[-89.4653,42.4692],[-89.4551,42.4903],[-89.4278,42.5161],[-89.3834,42.5466],[-89.3542,42.5802],[-89.3402,42.617],[-89.3342,42.6538],[-89.3364,42.6906],[-89.3306,42.7134],[-89.3169,42.7222],[-89.296,42.7149],[-89.268,42.6913],[-89.263,42.6344],[-89.281,42.5441],[-89.315,42.4711],[-89.365,42.4156],[-89.4028,42.3944],[-89.4285,42.4077],[-89.4486,42.4254],[-89.4632,42.4475],[-89.4653,42.4692]]]}},{"type":"Feature","properties":{"c":"#fc4e2a","v0":40.0,"v1":50.0},"geometry":{"type":"Polygon","coordinates":[[[-103.4724,42.4281],[-103.4575,42.4556],[-103.4248,42.474],[-103.3743,42.4834],[-103.3343,42.5067],[-103.3048,42.5438],[-103.248,42.5733],[-103.164,42.5951],[-103.1138,42.628],[-103.0972,42.6722],[-103.0592,42.7155],[-102.9997,42.7581],[-102.94,42.7821],[-102.88,42.7875],[-102.8325,42.7773],[-102.7976,42.7513],[-102.7701,42.7163],[-102.75,42.6722],[-102.7499,42.6317],[-102.7696,42.5949],[-102.8021,42.5667],[-102.8474,42.5472],[-102.9,42.5352],[-102.96,42.5308],[-103.025,42.4966],[-103.095,42.4328],[-103.155,42.3961],[-103.205,42.3868],[-103.25,42.3633],[-103.29,42.3257],[-103.335,42.309],[-103.385,42.3133],[-103.4275,42.3402],[-103.4624,42.3896],[-103.4724,42.4281]],[[-103.4609,42.4292],[-103.4403,42.459],[-103.4054,42.4775],[-103.3561,42.4845],[-103.3211,42.5045],[-103.3004,42.5373],[-103.245,42.5658],[-103.155,42.59],[-103.1023,42.6251],[-103.0869,42.6712],[-103.0519,42.7137],[-102.9973,42.7527],[-102.94,42.7751],[-102.88,42.7808],[-102.8349,42.7724],[-102.8048,42.7497],[-102.7795,42.7163],[-102.7588,42.6722],[-102.7589,42.632],[-102.7796,42.5958],[-102.81,42.5692],[-102.85,42.5522],[-102.9023,42.5408],[-102.967,42.5351],[-103.012,42.5157],[-103.0373,42.4826],[-103.0747,42.4494],[-103.124,42.4161],[-103.1718,42.3958],[-103.218,42.3884],[-103.2583,42.3672],[-103.2928,42.332],[-103.325,42.3128],[-103.355,42.3097],[-103.38,42.3119],[-103.4,42.3196],[-103.4253,42.3461],[-103.4559,42.3916],[-103.4609,42.4292]]]}},{"type":"Feature","properties":{"c":"#fc4e2a","v0":40.0,"v1":50.0},"geometry":{"type":"Polygon","coordinates":[[[-111.092,42.2173],[-111.0773,42.2376],[-111.0486,42.2598],[-111.0057,42.284],[-110.9974,42.3219],[-111.0236,42.3737],[-111.025,42.4162],[-111.0017,42.4495],[-110.975,42.4686],[-110.945,42.4737],[-110.905,42.4678],[-110.855,42.4509],[-110.805,42.4552],[-110.755,42.4806],[-110.71,42.4925],[-110.67,42.4909],[-110.6427,42.4859],[-110.6281,42.4775],[-110.6165,42.4623],[-110.6077,42.4401],[-110.609,42.418],[-110.6204,42.3958],[-110.6662,42.3774],[-110.7464,42.3626],[-110.8024,42.3345],[-110.8341,42.2931],[-110.875,42.2712],[-110.925,42.2689],[-110.9637,42.2415],[-110.9912,42.189],[-111.0212,42.1626],[-111.0537,42.1623],[-111.0773,42.1735],[-111.092,42.196],[-111.092,42.2173]],[[-111.0215,42.4106],[-111.0123,42.4327],[-110.9933,42.45],[-110.9644,42.4623],[-110.92,42.4598],[-110.86,42.4425],[-110.81,42.4457],[-110.77,42.4693],[-110.73,42.4822],[-110.69,42.4843],[-110.6564,42.475],[-110.6293,42.4542],[-110.6223,42.4291],[-110.6355,42.3995],[-110.679,42.3797],[-110.753,42.3697],[-110.81,42.3429],[-110.85,42.2993],[-110.89,42.2798],[-110.93,42.2843],[-110.969,42.3148],[-111.0071,42.3713],[-111.0215,42.4106]],[[-111.0736,42.221],[-111.0445,42.2484],[-111.02,42.2657],[-111.0,42.2728],[-110.9854,42.2739],[-110.9762,42.2689],[-110.9812,42.2425],[-111.0004,42.1946],[-111.025,42.1713],[-111.055,42.1725],[-111.0745,42.1816],[-111.0836,42.1987],[-111.0736,42.221]]]}},{"type":"Feature","properties":{"c":"#fc4e2a","v0":40.0,"v1":50.0},"geometry":{"type":"Polygon","coordinates":[[[-105.4134,42.3958],[-105.4006,42.418],[-105.3832,42.4336],[-105.3611,42.4427],[-105.295,42.4408],[-105.185,42.4279],[-105.122,42.4123],[-105.1059,42.3939],[-105.0996,42.3626],[-105.103,42.3182],[-105.0737,42.2812],[-105.0116,42.2516],[-104.9747,42.2257],[-104.9632,42.2035],[-104.9605,42.1798],[-104.9668,42.1547],[-104.985,42.1363],[-105.015,42.1246],[-105.0644,42.126],[-105.1333,42.1406],[-105.1755,42.159],[-105.1909,42.1813],[-105.2015,42.2129],[-105.2072,42.2538],[-105.2522,42.2871],[-105.3366,42.3128],[-105.389,42.3404],[-105.4095,42.37],[-105.4134,42.3958]],[[-105.4059,42.3943],[-105.3953,42.4134],[-105.38,42.4273],[-105.36,42.4361],[-105.295,42.4338],[-105.185,42.4203],[-105.1236,42.4027],[-105.1107,42.3809],[-105.1071,42.3515],[-105.1127,42.3145],[-105.0842,42.2812],[-105.0216,42.2516],[-104.9842,42.2257],[-104.9718,42.2035],[-104.968,42.1813],[-104.9726,42.159],[-104.9887,42.1422],[-105.0162,42.1309],[-105.0604,42.1309],[-105.1212,42.1422],[-105.1612,42.159],[-105.1804,42.1813],[-105.1934,42.2146],[-105.2003,42.259],[-105.2453,42.2931],[-105.3284,42.3168],[-105.3803,42.3427],[-105.4009,42.3707],[-105.4059,42.3943]]]}},{"type":"Feature","properties":{"c":"#fc4e2a","v0":40.0,"v1":50.0},"geometry":{"type":"Polygon","coordinates":[[[-90.3886,42.2361],[-90.3629,42.2642],[-90.315,42.2878],[-90.245,42.307],[-90.17,42.3203],[-90.09,42.3277],[-90.035,42.3274],[-90.005,42.3193],[-89.982,42.3067],[-89.9659,42.2897],[-89.9579,42.2627],[-89.9579,42.2257],[-89.9641,42.1998],[-89.9766,42.185],[-90.0146,42.1726],[-90.0782,42.1625],[-90.135,42.1454],[-90.185,42.1212],[-90.235,42.1075],[-90.285,42.1044],[-90.3244,42.1067],[-90.3533,42.1144],[-90.3762,42.1442],[-90.3931,42.1961],[-90.3886,42.2361]],[[-90.3823,42.2343],[-90.3608,42.2587],[-90.3136,42.2809],[-90.2408,42.3009],[-90.1658,42.3144],[-90.0886,42.3214],[-90.035,42.3206],[-90.005,42.3118],[-89.9841,42.3009],[-89.9723,42.2878],[-89.9665,42.2627],[-89.9665,42.2257],[-89.9724,42.2008],[-89.9841,42.1881],[-90.02,42.1774],[-90.08,42.1689],[-90.135,42.1523],[-90.185,42.1277],[-90.2459,42.1161],[-90.3177,42.1175],[-90.3634,42.1442],[-90.3832,42.1961],[-90.3823,42.2343]]]}},{"type":"Feature","properties":{"c":"#fc4e2a","v0":40.0,"v1":50.0},"geometry":{"type":"Polygon","coordinates":[[[-110.3238,42.0292],[-110.314,42.0589],[-110.312,42.0923],[-110.318,42.1294],[-110.3131,42.1702],[-110.2972,42.2146],[-110.2744,42.2513],[-110.2448,42.2803],[-110.21,42.2968],[-110.17,42.3009],[-110.1387,42.2938],[-110.1161,42.2756],[-110.0963,42.2368],[-110.0794,42.1776],[-110.0839,42.1108],[-110.1101,42.0366],[-110.1298,41.9919],[-110.1433,41.9767],[-110.17,41.9626],[-110.21,41.9497],[-110.25,41.9469],[-110.29,41.9541],[-110.3147,41.9719],[-110.324,42.0002],[-110.3238,42.0292]],[[-110.315,42.0292],[-110.3052,42.0589],[-110.3033,42.0923],[-110.3094,42.1294],[-110.3043,42.1702],[-110.2881,42.2146],[-110.2675,42.2494],[-110.2425,42.2746],[-110.2106,42.2894],[-110.1719,42.2938],[-110.1419,42.2866],[-110.1206,42.2677],[-110.1031,42.2344],[-110.0892,42.1867],[-110.0948,42.122],[-110.12,42.0403],[-110.1419,41.9912],[-110.1606,41.9746],[-110.185,41.9624],[-110.215,41.9547],[-110.25,41.9552],[-110.29,41.964],[-110.3125,41.9798],[-110.3174,42.0028],[-110.315,42.0292]]]}},{"type":"Feature","properties":{"c":"#fc4e2a","v0":40.0,"v1":50.0},"geometry":{"type":"Polygon","coordinates":[[[-110.0289,42.1429],[-110.003,42.1626],[-109.9776,42.17],[-109.9528,42.1652],[-109.9344,42.1516],[-109.9224,42.1294],[-109.9198,42.0984],[-109.9266,42.0587],[-109.94,42.0383],[-109.96,42.0373],[-109.9782,42.0423],[-109.9946,42.0533],[-110.0126,42.0774],[-110.0321,42.1145],[-110.0289,42.1429]],[[-110.018,42.1299],[-109.9993,42.1533],[-109.9765,42.1607],[-109.9495,42.1522],[-109.9332,42.1294],[-109.9276,42.0923],[-109.9293,42.0663],[-109.9381,42.0515],[-109.9548,42.0477],[-109.9794,42.0552],[-110.0006,42.0737],[-110.0184,42.1034],[-110.018,42.1299]]]}},{"type":"Feature","properties":{"c":"#fc4e2a","v0":40.0,"v1":50.0},"geometry":{"type":"Polygon","coordinates":[[[-91.1279,42.0199],[-91.1026,42.0607],[-91.06,42.0896],[-91.0,42.1065],[-90.96,42.1262],[-90.94,42.1488],[-90.92,42.1635],[-90.9,42.1704],[-90.8687,42.1711],[-90.8262,42.1655],[-90.7826,42.1442],[-90.7379,42.1071],[-90.7181,42.0663],[-90.7233,42.0217],[-90.7369,41.9906],[-90.759,41.9729],[-90.805,41.9623],[-90.875,41.9588],[-90.95,41.9489],[-91.03,41.9326],[-91.0837,41.9321],[-91.111,41.9473],[-91.1286,41.966],[-91.1366,41.9883],[-91.1279,42.0199]],[[-91.1205,42.018],[-91.0984,42.0552],[-91.0577,42.0812],[-90.9984,42.096],[-90.9491,42.1193],[-90.9097,42.1509],[-90.87,42.1643],[-90.83,42.1594],[-90.7891,42.1399],[-90.7473,42.1057],[-90.7273,42.0699],[-90.7291,42.0325],[-90.7419,42.0028],[-90.7658,41.9807],[-90.8108,41.9683],[-90.8769,41.9655],[-90.95,41.9561],[-91.03,41.9401],[-91.081,41.9378],[-91.1029,41.9491],[-91.1182,41.966],[-91.1271,41.9883],[-91.1205,42.018]]]}},{"type":"Feature","properties":{"c":"#fc4e2a","v0":40.0,"v1":50.0},"geometry":{"type":"Polygon","coordinates":[[[-111.4302,41.8076],[-111.3234,41.9004],[-111.2549,41.9525],[-111.2247,41.964],[-111.1631,41.9437],[-111.0703,41.8916],[-111.0187,41.8432],[-111.0085,41.7985],[-110.986,41.7575],[-110.9513,41.7201],[-110.9332,41.694],[-110.9317,41.6791],[-110.9457,41.6471],[-110.9752,41.5981],[-111.0249,41.5906],[-111.0947,41.6247],[-111.1547,41.6622],[-111.2049,41.7031],[-111.245,41.7243],[-111.275,41.7259],[-111.31,41.7171],[-111.35,41.6979],[-111.395,41.7001],[-111.445,41.7237],[-111.4734,41.7419],[-111.4802,41.7548],[-111.4302,41.8076]]]}},{"type":"Feature","properties":{"c":"#fc4e2a","v0":40.0,"v1":50.0},"geometry":{"type":"Polygon","coordinates":[[[-89.3413,41.6342],[-89.3366,41.6492],[-89.3282,41.6574],[-89.3161,41.6588],[-89.3089,41.6475],[-89.3067,41.6237],[-89.3117,41.6109],[-89.3239,41.6092],[-89.3334,41.6129],[-89.3402,41.6222],[-89.3413,41.6342]]]}},{"type":"Feature","properties":{"c":"#fc4e2a","v0":40.0,"v1":50.0},"geometry":{"type":"Polygon","coordinates":[[[-110.9741,41.4646],[-110.958,41.4996],[-110.9209,41.5221],[-110.8628,41.532],[-110.8178,41.5585],[-110.7859,41.6016],[-110.76,41.6254],[-110.74,41.6299],[-110.735,41.6048],[-110.745,41.5499],[-110.765,41.5183],[-110.795,41.5098],[-110.83,41.4882],[-110.87,41.4534],[-110.913,41.4388],[-110.9591,41.4443],[-110.9741,41.4646]]]}},{"type":"Feature","properties":{"c":"#fc4e2a","v0":40.0,"v1":50.0},"geometry":{"type":"Polygon","coordinates":[[[-89.1615,41.5645],[-89.1538,41.5896],[-89.135,41.6072],[-89.105,41.6172],[-89.045,41.6074],[-88.955,41.5781],[-88.8834,41.538],[-88.8302,41.4874],[-88.8016,41.4434],[-88.7974,41.4059],[-88.8006,41.3758],[-88.8111,41.3533],[-88.8398,41.3335],[-88.8866,41.3164],[-88.93,41.3136],[-88.97,41.3249],[-89.0225,41.3598],[-89.0874,41.418],[-89.1313,41.4733],[-89.154,41.5258],[-89.1615,41.5645]],[[-89.1541,41.5632],[-89.1477,41.5856],[-89.1308,41.6016],[-89.1036,41.6112],[-89.045,41.6009],[-88.955,41.5706],[-88.884,41.5284],[-88.8321,41.4742],[-88.8114,41.4209],[-88.822,41.3683],[-88.848,41.3352],[-88.8893,41.3215],[-88.93,41.3206],[-88.97,41.3325],[-89.023,41.3694],[-89.0889,41.4312],[-89.1307,41.4846],[-89.1484,41.5295],[-89.1541,41.5632]]]}},{"type":"Feature","properties":{"c":"#fc4e2a","v0":40.0,"v1":50.0},"geometry":{"type":"Polygon","coordinates":[[[-89.5397,41.4958],[-89.524,41.5333],[-89.4996,41.5569],[-89.4665,41.5668],[-89.4018,41.5555],[-89.3053,41.5232],[-89.2472,41.4958],[-89.2273,41.4733],[-89.2355,41.4329],[-89.2718,41.3745],[-89.305,41.3413],[-89.335,41.3335],[-89.3808,41.3402],[-89.4423,41.3615],[-89.4917,41.3984],[-89.5289,41.4508],[-89.5397,41.4958]],[[-89.5269,41.4928],[-89.5156,41.5241],[-89.495,41.5446],[-89.465,41.5543],[-89.4093,41.5462],[-89.3279,41.5201],[-89.2739,41.4958],[-89.2474,41.4733],[-89.2501,41.4359],[-89.2819,41.3834],[-89.3108,41.353],[-89.3369,41.3448],[-89.38,41.352],[-89.44,41.3745],[-89.4856,41.4086],[-89.5169,41.4543],[-89.5269,41.4928]]]}},{"type":"Feature","properties":{"c":"#fc4e2a","v0":40.0,"v1":50.0},"geometry":{"type":"Polygon","coordinates":[[[-105.7157,40.9334],[-105.6719,40.9295],[-105.64,40.9322],[-105.62,40.9412],[-105.6081,40.9696],[-105.6044,41.0172],[-105.5772,41.0674],[-105.5266,41.1202],[-105.5039,41.1579],[-105.5091,41.1804],[-105.5363,41.2138],[-105.5854,41.2579],[-105.605,41.2942],[-105.595,41.3227],[-105.545,41.3464],[-105.455,41.3653],[-105.395,41.3599],[-105.365,41.3302],[-105.34,41.3134],[-105.32,41.3095],[-105.27,41.3232],[-105.19,41.3542],[-105.145,41.3674],[-105.135,41.3628],[-105.1291,41.3409],[-105.1274,41.3016],[-105.1674,41.262],[-105.2491,41.2222],[-105.3004,41.1921],[-105.3212,41.1718],[-105.3109,41.1428],[-105.2695,41.1051],[-105.2472,41.0712],[-105.244,41.041],[-105.2493,41.0179],[-105.2631,41.0017],[-105.28,40.9936],[-105.3,40.9936],[-105.3271,41.0168],[-105.3614,41.0631],[-105.3842,41.0863],[-105.3957,41.0863],[-105.4201,41.0599],[-105.4575,41.0071],[-105.4986,40.9656],[-105.5433,40.9354],[-105.555,40.9013],[-105.5336,40.8635],[-105.5247,40.8387],[-105.5282,40.8269],[-105.58,40.8448],[-105.68,40.8925],[-105.7319,40.9211],[-105.7357,40.9306],[-105.7157,40.9334]]]}},{"type":"Feature","properties":{"c":"#fc4e2a","v0":40.0,"v1":50.0},"geometry":{"type":"Polygon","coordinates":[[[-105.1215,41.0071],[-105.1053,41.0297],[-105.0703,41.052],[-105.0168,41.0741],[-104.965,41.0779],[-104.915,41.0636],[-104.8843,41.0488],[-104.873,41.0336],[-104.868,41.0184],[-104.8694,41.0033],[-104.8901,40.9739],[-104.93,40.9302],[-104.97,40.9204],[-105.01,40.9444],[-105.0486,40.9587],[-105.0857,40.9633],[-105.1106,40.9731],[-105.1233,40.9882],[-105.1215,41.0071]]]}},{"type":"Feature","properties":{"c":"#fc4e2a","v0":40.0,"v1":50.0},"geometry":{"type":"Polygon","coordinates":[[[-112.1602,40.9773],[-112.1401,41.0008],[-112.105,41.0134],[-112.055,41.0154],[-111.9757,40.9886],[-111.8672,40.9329],[-111.8006,40.8824],[-111.776,40.8371],[-111.7824,40.7841],[-111.8197,40.7235],[-111.8563,40.6878],[-111.8921,40.677],[-111.93,40.6798],[-111.97,40.696],[-112.0351,40.7696],[-112.1252,40.9003],[-112.1602,40.9773]],[[-112.1526,40.9752],[-112.1375,40.9945],[-112.1078,41.0058],[-112.0635,41.0092],[-111.9873,40.9844],[-111.8792,40.9316],[-111.8122,40.8824],[-111.7864,40.8371],[-111.7926,40.7844],[-111.8309,40.7244],[-111.865,40.6905],[-111.895,40.6827],[-111.9281,40.6862],[-111.9643,40.7009],[-112.0268,40.7727],[-112.1157,40.9013],[-112.1526,40.9752]]]}},{"type":"Feature","properties":{"c":"#fc4e2a","v0":40.0,"v1":50.0},"geometry":{"type":"Polygon","coordinates":[[[-111.687,40.9256],[-111.6757,40.9364],[-111.62,40.9532],[-111.52,40.976],[-111.45,40.9721],[-111.41,40.9415],[-111.37,40.9182],[-111.33,40.9024],[-111.3081,40.8782],[-111.3044,40.8457],[-111.337,40.7992],[-111.4059,40.7386],[-111.4927,40.6994],[-111.5976,40.6814],[-111.6581,40.6814],[-111.6743,40.6994],[-111.6739,40.7386],[-111.6568,40.7992],[-111.6594,40.8522],[-111.6816,40.8976],[-111.687,40.9256]],[[-111.6754,40.9127],[-111.6647,40.9278],[-111.612,40.9466],[-111.5173,40.9691],[-111.451,40.9653],[-111.413,40.9353],[-111.3747,40.9127],[-111.3361,40.8976],[-111.3142,40.8787],[-111.3091,40.856],[-111.3165,40.8295],[-111.3364,40.7992],[-111.3723,40.7659],[-111.4241,40.7297],[-111.5,40.7038],[-111.6,40.6883],[-111.6558,40.6912],[-111.6674,40.7127],[-111.6648,40.75],[-111.6481,40.803],[-111.65,40.8484],[-111.6705,40.8862],[-111.6754,40.9127]]]}},{"type":"Feature","properties":{"c":"#fc4e2a","v0":40.0,"v1":50.0},"geometry":{"type":"Polygon","coordinates":[[[-113.5935,40.0657],[-113.5778,40.0908],[-113.53,40.1176],[-113.45,40.146],[-113.36,40.1396],[-113.26,40.0985],[-113.1921,40.0411],[-113.1563,39.9674],[-113.1613,39.9206],[-113.2071,39.9006],[-113.265,39.8975],[-113.335,39.9112],[-113.4,39.9165],[-113.46,39.9134],[-113.51,39.9231],[-113.55,39.9456],[-113.5778,39.981],[-113.5935,40.0291],[-113.5935,40.0657]],[[-113.5818,40.0664],[-113.5606,40.0928],[-113.515,40.1176],[-113.445,40.1409],[-113.3602,40.1315],[-113.2607,40.0895],[-113.1957,40.034],[-113.1651,39.9651],[-113.1699,39.9223],[-113.21,39.9057],[-113.265,39.9042],[-113.335,39.918],[-113.4,39.9235],[-113.46,39.9207],[-113.5082,39.9298],[-113.5446,39.9508],[-113.5702,39.9842],[-113.585,40.0302],[-113.5818,40.0664]]]}},{"type":"Feature","properties":{"c":"#fc4e2a","v0":40.0,"v1":50.0},"geometry":{"type":"Polygon","coordinates":[[[-84.3139,40.065],[-84.298,40.0887],[-84.245,40.1154],[-84.155,40.1451],[-84.09,40.149],[-84.05,40.127],[-83.995,40.1095],[-83.925,40.0966],[-83.8815,40.0771],[-83.8646,40.0509],[-83.861,40.0264],[-83.8707,40.0034],[-83.8892,39.9824],[-83.9164,39.9633],[-83.95,39.9456],[-83.99,39.9291],[-84.04,39.9175],[-84.1,39.9108],[-84.15,39.9239],[-84.19,39.9568],[-84.23,39.9792],[-84.27,39.991],[-84.298,40.011],[-84.3139,40.0391],[-84.3139,40.065]],[[-84.3044,40.0646],[-84.2865,40.0876],[-84.2356,40.1124],[-84.1519,40.1391],[-84.09,40.1415],[-84.05,40.1198],[-84.0,40.1047],[-83.94,40.0962],[-83.8986,40.0784],[-83.8758,40.0514],[-83.8808,40.0187],[-83.9137,39.9804],[-83.9551,39.9517],[-84.005,39.9328],[-84.055,39.9212],[-84.105,39.9171],[-84.15,39.9317],[-84.19,39.9652],[-84.23,39.9878],[-84.27,39.9995],[-84.2959,40.0173],[-84.3076,40.0412],[-84.3044,40.0646]]]}},{"type":"Feature","properties":{"c":"#fc4e2a","v0":40.0,"v1":50.0},"geometry":{"type":"Polygon","coordinates":[[[-116.0778,39.9114],[-116.0633,39.9651],[-116.0395,40.0018],[-116.0065,40.0216],[-115.975,40.0284],[-115.945,40.0222],[-115.92,40.0016],[-115.9,39.9664],[-115.86,39.9466],[-115.8,39.9423],[-115.7645,39.9339],[-115.7536,39.9214],[-115.745,39.8807],[-115.7387,39.8116],[-115.7391,39.7599],[-115.7464,39.7258],[-115.76,39.7032],[-115.78,39.6923],[-115.805,39.6882],[-115.835,39.691],[-115.865,39.7131],[-115.895,39.7545],[-115.94,39.7768],[-116.0,39.7801],[-116.0415,39.7921],[-116.0644,39.8128],[-116.0782,39.8385],[-116.0828,39.8692],[-116.0778,39.9114]],[[-116.0693,39.9114],[-116.0539,39.9651],[-116.0322,40.0001],[-116.0041,40.0166],[-115.9751,40.0204],[-115.9452,40.0116],[-115.9202,39.9906],[-115.9001,39.9575],[-115.86,39.9385],[-115.8,39.9338],[-115.7634,39.8928],[-115.7503,39.8156],[-115.7464,39.7616],[-115.7519,39.7309],[-115.7635,39.7101],[-115.7812,39.6993],[-115.805,39.6954],[-115.835,39.6983],[-115.8612,39.7191],[-115.8836,39.7577],[-115.9286,39.7802],[-115.9962,39.7865],[-116.04,39.7999],[-116.06,39.8203],[-116.0717,39.844],[-116.0752,39.871],[-116.0693,39.9114]]]}},{"type":"Feature","properties":{"c":"#fc4e2a","v0":40.0,"v1":50.0},"geometry":{"type":"Polygon","coordinates":[[[-115.428,39.5769],[-115.3682,39.7001],[-115.3062,39.7944],[-115.2421,39.8599],[-115.195,39.8967],[-115.165,39.9048],[-115.135,39.8992],[-115.105,39.8797],[-115.065,39.8662],[-115.015,39.8586],[-114.987,39.8392],[-114.9809,39.808],[-114.9844,39.7809],[-114.9975,39.7578],[-115.0305,39.739],[-115.0835,39.7245],[-115.1245,39.7322],[-115.1536,39.7621],[-115.1746,39.777],[-115.1876,39.777],[-115.2032,39.7501],[-115.2216,39.6963],[-115.2626,39.6347],[-115.3265,39.5653],[-115.3763,39.5181],[-115.4121,39.493],[-115.437,39.4891],[-115.4509,39.5065],[-115.428,39.5769]],[[-115.4226,39.5686],[-115.3742,39.6753],[-115.3146,39.7676],[-115.2437,39.8456],[-115.1937,39.8886],[-115.1646,39.8966],[-115.135,39.891],[-115.105,39.8718],[-115.0681,39.8601],[-115.0244,39.8559],[-114.9986,39.8385],[-114.9907,39.8078],[-114.9925,39.7822],[-115.0042,39.7619],[-115.035,39.7454],[-115.085,39.7325],[-115.1202,39.7389],[-115.1407,39.7643],[-115.1657,39.7775],[-115.1952,39.7785],[-115.218,39.7516],[-115.2339,39.6968],[-115.2789,39.6307],[-115.353,39.5533],[-115.4,39.5093],[-115.42,39.4986],[-115.4342,39.4988],[-115.4426,39.5097],[-115.4226,39.5686]]]}},{"type":"Feature","properties":{"c":"#fc4e2a","v0":40.0,"v1":50.0},"geometry":{"type":"Polygon","coordinates":[[[-114.6308,39.3994],[-114.5663,39.4457],[-114.5348,39.5075],[-114.5363,39.5846],[-114.5222,39.6462],[-114.4927,39.6924],[-114.4409,39.7351],[-114.367,39.7743],[-114.31,39.7908],[-114.27,39.7848],[-114.2379,39.7614],[-114.2138,39.7205],[-114.2155,39.6693],[-114.2432,39.6077],[-114.26,39.5422],[-114.2659,39.4727],[-114.2524,39.4148],[-114.2195,39.3684],[-114.2054,39.3259],[-114.21,39.2872],[-114.2217,39.263],[-114.2406,39.2533],[-114.265,39.2521],[-114.295,39.2592],[-114.3161,39.2757],[-114.3283,39.3014],[-114.3322,39.3336],[-114.328,39.3723],[-114.3369,39.3967],[-114.359,39.4069],[-114.385,39.4102],[-114.415,39.4064],[-114.4351,39.3974],[-114.4454,39.3833],[-114.4483,39.3646],[-114.4438,39.3414],[-114.4187,39.3074],[-114.3729,39.2625],[-114.3479,39.2315],[-114.3436,39.2144],[-114.3486,39.1927],[-114.3629,39.1663],[-114.385,39.1478],[-114.415,39.1371],[-114.445,39.1416],[-114.475,39.1611],[-114.495,39.1977],[-114.505,39.2513],[-114.53,39.2858],[-114.57,39.3013],[-114.6083,39.3259],[-114.6448,39.3594],[-114.6308,39.3994]],[[-114.6188,39.3994],[-114.5547,39.4457],[-114.5237,39.5075],[-114.5258,39.5846],[-114.5153,39.6424],[-114.4922,39.6809],[-114.448,39.72],[-114.3827,39.7599],[-114.3271,39.7791],[-114.2814,39.7777],[-114.2468,39.7578],[-114.2233,39.7193],[-114.2253,39.6693],[-114.2529,39.6077],[-114.2701,39.5422],[-114.2769,39.4727],[-114.2635,39.4148],[-114.23,39.3684],[-114.2163,39.3259],[-114.2224,39.2872],[-114.2366,39.2651],[-114.2589,39.2595],[-114.281,39.2634],[-114.3029,39.2767],[-114.3127,39.3066],[-114.3103,39.353],[-114.3138,39.3839],[-114.3233,39.3994],[-114.3435,39.4105],[-114.3745,39.4174],[-114.4032,39.4174],[-114.4295,39.4105],[-114.4452,39.3878],[-114.4501,39.3491],[-114.4273,39.2988],[-114.3769,39.2369],[-114.3578,39.1943],[-114.37,39.171],[-114.3896,39.1546],[-114.4165,39.1451],[-114.4426,39.149],[-114.4679,39.1663],[-114.4854,39.202],[-114.4952,39.2563],[-114.5206,39.2911],[-114.5617,39.3066],[-114.5994,39.3298],[-114.6337,39.3607],[-114.6188,39.3994]]]}},{"type":"Feature","properties":{"c":"#fc4e2a","v0":40.0,"v1":50.0},"geometry":{"type":"Polygon","coordinates":[[[-104.9381,39.5115],[-104.9194,39.5351],[-104.88,39.5501],[-104.82,39.5564],[-104.7819,39.587],[-104.7658,39.6419],[-104.7308,39.6816],[-104.6769,39.7062],[-104.6354,39.7138],[-104.6061,39.7047],[-104.5856,39.6809],[-104.5739,39.6424],[-104.5535,39.6152],[-104.5245,39.5995],[-104.5024,39.5802],[-104.4873,39.5574],[-104.4853,39.5345],[-104.4966,39.5113],[-104.5235,39.4882],[-104.566,39.465],[-104.5858,39.4341],[-104.5831,39.3955],[-104.5988,39.364],[-104.6329,39.3395],[-104.71,39.3489],[-104.83,39.3919],[-104.9044,39.435],[-104.9331,39.4782],[-104.9381,39.5115]],[[-104.9262,39.5115],[-104.9021,39.535],[-104.865,39.5465],[-104.8149,39.5462],[-104.7799,39.5761],[-104.76,39.6361],[-104.725,39.6774],[-104.675,39.6999],[-104.6386,39.7084],[-104.6158,39.7029],[-104.5978,39.6809],[-104.5847,39.6424],[-104.5611,39.6128],[-104.527,39.5923],[-104.5046,39.573],[-104.4939,39.555],[-104.4939,39.5355],[-104.5046,39.5143],[-104.53,39.4938],[-104.57,39.4741],[-104.5903,39.4422],[-104.591,39.3982],[-104.606,39.3659],[-104.6353,39.3453],[-104.71,39.3568],[-104.83,39.4003],[-104.9021,39.4415],[-104.9262,39.4803],[-104.9262,39.5115]]]}},{"type":"Feature","properties":{"c":"#fc4e2a","v0":40.0,"v1":50.0},"geometry":{"type":"Polygon","coordinates":[[[-116.1327,39.14],[-116.1218,39.1633],[-116.0947,39.1865],[-116.0516,39.2098],[-116.015,39.2228],[-115.985,39.2254],[-115.945,39.221],[-115.895,39.2095],[-115.85,39.2168],[-115.81,39.2428],[-115.76,39.2654],[-115.7,39.2846],[-115.66,39.2958],[-115.64,39.2992],[-115.621,39.2965],[-115.603,39.2877],[-115.5957,39.2717],[-115.5992,39.2485],[-115.6239,39.2136],[-115.6699,39.1671],[-115.7124,39.1128],[-115.7516,39.0507],[-115.7636,38.9769],[-115.7485,38.8913],[-115.7532,38.8357],[-115.7777,38.8099],[-115.84,38.7964],[-115.94,38.7952],[-116.01,38.8011],[-116.05,38.8141],[-116.0871,38.8977],[-116.1212,39.0516],[-116.1327,39.14]],[[-116.1219,39.14],[-116.1089,39.1633],[-116.0793,39.1857],[-116.0331,39.2074],[-115.975,39.2126],[-115.905,39.2013],[-115.85,39.2083],[-115.81,39.2336],[-115.76,39.2562],[-115.7,39.276],[-115.66,39.2875],[-115.64,39.2905],[-115.6224,39.286],[-115.6072,39.2739],[-115.6451,39.2059],[-115.7361,39.0818],[-115.7736,38.9808],[-115.7576,38.903],[-115.7597,38.8494],[-115.7799,38.8201],[-115.84,38.8046],[-115.94,38.8029],[-116.01,38.8097],[-116.05,38.825],[-116.0846,38.9067],[-116.1138,39.0545],[-116.1219,39.14]]]}},{"type":"Feature","properties":{"c":"#fc4e2a","v0":40.0,"v1":50.0},"geometry":{"type":"Polygon","coordinates":[[[-108.2161,38.9769],[-108.1961,39.0158],[-108.1521,39.049],[-108.084,39.0767],[-108.02,39.0934],[-107.96,39.0992],[-107.895,39.098],[-107.825,39.0897],[-107.765,39.1042],[-107.715,39.1417],[-107.6653,39.1524],[-107.6158,39.1364],[-107.5992,39.0973],[-107.6155,39.0352],[-107.6503,39.0001],[-107.7034,38.9919],[-107.7391,38.9803],[-107.7573,38.9651],[-107.7609,38.9264],[-107.7498,38.8641],[-107.7507,38.828],[-107.7636,38.8182],[-107.7764,38.8143],[-107.7892,38.8163],[-107.7992,38.829],[-107.8066,38.8524],[-107.8452,38.8843],[-107.9151,38.9248],[-107.97,38.9463],[-108.01,38.9487],[-108.065,38.9429],[-108.135,38.9288],[-108.18,38.9235],[-108.2,38.9269],[-108.214,38.9358],[-108.2221,38.9502],[-108.2161,38.9769]],[[-108.2031,38.9769],[-108.1816,39.0158],[-108.1402,39.0469],[-108.079,39.0702],[-108.0188,39.0847],[-107.9596,39.0905],[-107.895,39.0889],[-107.825,39.0801],[-107.765,39.0944],[-107.715,39.1319],[-107.6688,39.145],[-107.6264,39.1339],[-107.6102,39.1012],[-107.6201,39.0469],[-107.6313,39.0146],[-107.6438,39.0045],[-107.6754,38.9967],[-107.7263,38.9913],[-107.7586,38.9808],[-107.7724,38.9653],[-107.782,38.9366],[-107.7873,38.8948],[-107.835,38.895],[-107.925,38.9374],[-108.015,38.9515],[-108.105,38.9375],[-108.16,38.9312],[-108.18,38.9326],[-108.196,38.9393],[-108.2079,38.9514],[-108.2031,38.9769]]]}},{"type":"Feature","properties":{"c":"#fc4e2a","v0":40.0,"v1":50.0},"geometry":{"type":"Polygon","coordinates":[[[-102.261,39.0663],[-102.2427,39.0973],[-102.2176,39.1178],[-102.1859,39.1277],[-102.15,39.1194],[-102.11,39.093],[-102.0858,39.0608],[-102.0774,39.023],[-102.0824,38.9946],[-102.1008,38.9756],[-102.13,38.9646],[-102.17,38.9614],[-102.205,38.9682],[-102.235,38.9848],[-102.2551,39.0075],[-102.2652,39.0363],[-102.261,39.0663]],[[-102.2495,39.0632],[-102.2365,39.0881],[-102.215,39.1054],[-102.185,39.1153],[-102.1515,39.1067],[-102.1144,39.0798],[-102.0937,39.0507],[-102.0895,39.0197],[-102.0964,38.9964],[-102.1144,38.9808],[-102.1401,38.9725],[-102.1734,38.9714],[-102.2032,38.9792],[-102.2297,38.9958],[-102.2462,39.0158],[-102.2527,39.0391],[-102.2495,39.0632]]]}},{"type":"Feature","properties":{"c":"#fc4e2a","v0":40.0,"v1":50.0},"geometry":{"type":"Polygon","coordinates":[[[-102.9875,38.9653],[-102.981,38.9808],[-102.9559,38.9965],[-102.912,39.0124],[-102.87,39.0412],[-102.83,39.0829],[-102.79,39.1051],[-102.75,39.1079],[-102.7133,39.0985],[-102.68,39.077],[-102.6632,39.0236],[-102.6628,38.938],[-102.6795,38.8841],[-102.7132,38.8619],[-102.745,38.8481],[-102.775,38.8426],[-102.82,38.8433],[-102.88,38.8502],[-102.9302,38.8796],[-102.9706,38.9315],[-102.9875,38.9653]],[[-102.9766,38.9653],[-102.9683,38.9808],[-102.9425,38.9964],[-102.8991,39.0119],[-102.8605,39.0387],[-102.8268,39.0767],[-102.79,39.0971],[-102.75,39.0997],[-102.716,39.0924],[-102.688,39.075],[-102.6725,39.0274],[-102.6693,38.9497],[-102.6833,38.8977],[-102.7144,38.8716],[-102.745,38.8556],[-102.775,38.8498],[-102.82,38.8508],[-102.88,38.8587],[-102.9277,38.8864],[-102.9631,38.9338],[-102.9766,38.9653]]]}},{"type":"Feature","properties":{"c":"#fc4e2a","v0":40.0,"v1":50.0},"geometry":{"type":"Polygon","coordinates":[[[-114.3956,38.9769],[-114.3782,39.0158],[-114.3546,39.0419],[-114.3249,39.0552],[-114.2997,39.0513],[-114.279,39.0302],[-114.2678,39.0002],[-114.266,38.9614],[-114.2391,38.9264],[-114.1872,38.8952],[-114.1529,38.8524],[-114.1364,38.7979],[-114.1164,38.755],[-114.0931,38.7238],[-114.0952,38.6887],[-114.1227,38.6496],[-114.1421,38.6067],[-114.1535,38.5598],[-114.1351,38.5167],[-114.087,38.4776],[-114.0747,38.4338],[-114.0982,38.3853],[-114.135,38.3649],[-114.185,38.3727],[-114.2367,38.4087],[-114.2901,38.4729],[-114.3233,38.5324],[-114.3363,38.5871],[-114.3304,38.6496],[-114.3056,38.7199],[-114.3037,38.7706],[-114.3248,38.8018],[-114.3366,38.8368],[-114.339,38.8758],[-114.3526,38.9008],[-114.3775,38.9119],[-114.3936,38.9275],[-114.4008,38.9475],[-114.3956,38.9769]],[[-114.3846,38.979],[-114.3615,39.022],[-114.34,39.0461],[-114.32,39.0513],[-114.305,39.0508],[-114.295,39.0445],[-114.2865,39.0165],[-114.2796,38.9668],[-114.2525,38.9303],[-114.2054,38.9069],[-114.1707,38.8641],[-114.1484,38.8018],[-114.1269,38.7589],[-114.1061,38.7355],[-114.1142,38.677],[-114.1511,38.5832],[-114.1452,38.5167],[-114.0965,38.4776],[-114.0762,38.4424],[-114.0843,38.411],[-114.0987,38.3876],[-114.1196,38.3722],[-114.1476,38.3683],[-114.1827,38.3759],[-114.2289,38.4149],[-114.2862,38.4854],[-114.3197,38.5441],[-114.3296,38.591],[-114.3219,38.6496],[-114.2968,38.7199],[-114.2956,38.7739],[-114.3185,38.8116],[-114.3291,38.8466],[-114.3273,38.879],[-114.3415,38.903],[-114.3714,38.9186],[-114.3888,38.9341],[-114.3937,38.9497],[-114.3846,38.979]]]}},{"type":"Feature","properties":{"c":"#fc4e2a","v0":40.0,"v1":50.0},"geometry":{"type":"Polygon","coordinates":[[[-102.4823,38.8737],[-102.4741,38.8928],[-102.46,38.9051],[-102.44,38.9108],[-102.39,38.9029],[-102.31,38.8816],[-102.24,38.8725],[-102.18,38.8756],[-102.1261,38.8622],[-102.0784,38.8323],[-102.0509,38.8057],[-102.0436,38.7823],[-102.0574,38.7628],[-102.0925,38.7471],[-102.14,38.7464],[-102.2,38.7604],[-102.27,38.7689],[-102.35,38.7716],[-102.405,38.7811],[-102.435,38.7974],[-102.4591,38.8201],[-102.4773,38.8494],[-102.4823,38.8737]],[[-102.4619,38.8736],[-102.4406,38.8925],[-102.39,38.8914],[-102.31,38.8703],[-102.24,38.8613],[-102.18,38.8645],[-102.13,38.8534],[-102.09,38.828],[-102.0665,38.8042],[-102.0594,38.7818],[-102.0694,38.7656],[-102.0965,38.7555],[-102.14,38.7575],[-102.2,38.7717],[-102.27,38.7801],[-102.35,38.7827],[-102.4037,38.7924],[-102.4311,38.809],[-102.4517,38.829],[-102.4656,38.8524],[-102.4619,38.8736]]]}},{"type":"Feature","properties":{"c":"#fc4e2a","v0":40.0,"v1":50.0},"geometry":{"type":"Polygon","coordinates":[[[-94.543,38.5402],[-94.5317,38.5793],[-94.5082,38.6223],[-94.4724,38.6692],[-94.4434,38.698],[-94.4211,38.709],[-94.38,38.7118],[-94.32,38.7065],[-94.2679,38.6776],[-94.2238,38.6251],[-94.2048,38.5793],[-94.2111,38.5402],[-94.2431,38.5017],[-94.301,38.4639],[-94.365,38.4469],[-94.435,38.4509],[-94.4866,38.462],[-94.5197,38.4802],[-94.5394,38.4972],[-94.5456,38.5128],[-94.543,38.5402]],[[-94.5341,38.5402],[-94.5224,38.5793],[-94.5023,38.6184],[-94.4739,38.6574],[-94.4465,38.6848],[-94.4199,38.7004],[-94.3775,38.7051],[-94.3192,38.6989],[-94.2701,38.6716],[-94.2304,38.6231],[-94.2139,38.5793],[-94.2206,38.5402],[-94.2504,38.5034],[-94.3035,38.469],[-94.365,38.4539],[-94.435,38.4581],[-94.4836,38.4675],[-94.5107,38.482],[-94.5283,38.4972],[-94.5361,38.5128],[-94.5341,38.5402]]]}},{"type":"Feature","properties":{"c":"#fc4e2a","v0":40.0,"v1":50.0},"geometry":{"type":"Polygon","coordinates":[[[-105.1309,38.2894],[-105.117,38.3286],[-105.0973,38.3599],[-105.0719,38.3835],[-105.0469,38.4001],[-105.0223,38.4096],[-104.9898,38.4136],[-104.9495,38.4119],[-104.9289,38.3993],[-104.928,38.3757],[-104.9415,38.3522],[-104.9694,38.3287],[-104.995,38.2937],[-105.0183,38.2473],[-105.0507,38.2238],[-105.0922,38.2231],[-105.1192,38.2345],[-105.1317,38.258],[-105.1309,38.2894]]]}},{"type":"Feature","properties":{"c":"#fc4e2a","v0":40.0,"v1":50.0},"geometry":{"type":"Polygon","coordinates":[[[-114.12,38.2782],[-114.1133,38.295],[-114.095,38.307],[-114.065,38.3142],[-114.042,38.3019],[-114.0261,38.2701],[-114.0311,38.2447],[-114.057,38.2258],[-114.08,38.2206],[-114.1,38.2289],[-114.1133,38.2423],[-114.12,38.2606],[-114.12,38.2782]],[[-114.1087,38.2792],[-114.0962,38.298],[-114.08,38.3079],[-114.06,38.3088],[-114.0442,38.2955],[-114.0326,38.2679],[-114.0376,38.2465],[-114.0592,38.2313],[-114.0784,38.2274],[-114.0953,38.2347],[-114.1065,38.2463],[-114.1121,38.262],[-114.1087,38.2792]]]}},{"type":"Feature","properties":{"c":"#fc4e2a","v0":40.0,"v1":50.0},"geometry":{"type":"Polygon","coordinates":[[[-104.9592,38.1913],[-104.9126,38.1913],[-104.8878,38.1795],[-104.8848,38.1559],[-104.889,38.1362],[-104.9005,38.1205],[-104.9215,38.1166],[-104.952,38.1244],[-104.9711,38.1441],[-104.9787,38.1755],[-104.9592,38.1913]]]}},{"type":"Feature","properties":{"c":"#fc4e2a","v0":40.0,"v1":50.0},"geometry":{"type":"Polygon","coordinates":[[[-108.1637,37.6352],[-108.1546,37.6594],[-108.1223,37.6831],[-108.0669,37.7065],[-108.0219,37.7404],[-107.9873,37.7848],[-107.9443,37.8085],[-107.893,37.8115],[-107.8586,37.7774],[-107.841,37.7063],[-107.8329,37.6469],[-107.8343,37.5994],[-107.8816,37.5201],[-107.9747,37.409],[-108.0335,37.3509],[-108.0578,37.3461],[-108.0783,37.3501],[-108.095,37.3629],[-108.0978,37.397],[-108.0869,37.4526],[-108.1003,37.5042],[-108.1382,37.5518],[-108.1599,37.5875],[-108.1655,37.6113],[-108.1637,37.6352]],[[-108.1474,37.635],[-108.136,37.6588],[-108.1052,37.6799],[-108.0551,37.6984],[-108.0119,37.73],[-107.9757,37.7748],[-107.9372,37.7972],[-107.8964,37.7972],[-107.8695,37.7416],[-107.8565,37.6302],[-107.895,37.5218],[-107.985,37.4164],[-108.04,37.3622],[-108.06,37.3593],[-108.075,37.3627],[-108.085,37.3725],[-108.0836,37.4032],[-108.0709,37.4547],[-108.0867,37.5161],[-108.131,37.5875],[-108.1474,37.635]]]}},{"type":"Feature","properties":{"c":"#fc4e2a","v0":40.0,"v1":50.0},"geometry":{"type":"Polygon","coordinates":[[[-108.7696,37.5296],[-108.7432,37.5646],[-108.68,37.594],[-108.58,37.6178],[-108.5229,37.6241],[-108.5088,37.6129],[-108.4988,37.5879],[-108.4929,37.5492],[-108.465,37.527],[-108.415,37.5216],[-108.3826,37.5132],[-108.3678,37.5019],[-108.3449,37.4645],[-108.3139,37.401],[-108.302,37.3533],[-108.3094,37.3215],[-108.3273,37.299],[-108.3558,37.2858],[-108.3899,37.2818],[-108.4298,37.2871],[-108.4698,37.3159],[-108.5099,37.3683],[-108.5847,37.408],[-108.6942,37.4351],[-108.7574,37.4645],[-108.7744,37.4963],[-108.7696,37.5296]],[[-108.7625,37.528],[-108.7387,37.5597],[-108.6876,37.5879],[-108.6092,37.6126],[-108.56,37.6241],[-108.54,37.6225],[-108.523,37.5983],[-108.5089,37.5514],[-108.469,37.5201],[-108.4033,37.5042],[-108.3557,37.4685],[-108.3262,37.4129],[-108.3118,37.3692],[-108.3124,37.3374],[-108.3221,37.3135],[-108.3407,37.2975],[-108.3702,37.2896],[-108.4106,37.2897],[-108.4546,37.3176],[-108.5022,37.3732],[-108.5771,37.4129],[-108.6794,37.4368],[-108.7415,37.4645],[-108.7634,37.4963],[-108.7625,37.528]]]}},{"type":"Feature","properties":{"c":"#fc4e2a","v0":40.0,"v1":50.0},"geometry":{"type":"Polygon","coordinates":[[[-82.4726,36.8079],[-82.4575,36.8342],[-82.43,36.8519],[-82.39,36.861],[-82.345,36.8643],[-82.295,36.8619],[-82.26,36.8771],[-82.24,36.9098],[-82.205,36.9389],[-82.155,36.9644],[-82.09,36.9852],[-82.01,37.0014],[-81.94,37.01],[-81.88,37.0111],[-81.837,37.0094],[-81.8111,37.0049],[-81.7906,36.9947],[-81.7755,36.9788],[-81.7701,36.9588],[-81.7744,36.9348],[-81.7899,36.9142],[-81.8166,36.8969],[-81.875,36.8822],[-81.965,36.87],[-82.045,36.853],[-82.115,36.8311],[-82.18,36.8228],[-82.24,36.8281],[-82.2861,36.7938],[-82.3184,36.7197],[-82.3434,36.6754],[-82.3611,36.6609],[-82.3975,36.689],[-82.4526,36.7596],[-82.4726,36.8079]],[[-82.2458,36.8748],[-82.2292,36.9068],[-82.1982,36.9345],[-82.1527,36.9577],[-82.075,36.9781],[-81.965,36.9957],[-81.885,37.0031],[-81.835,37.0002],[-81.8021,36.9918],[-81.7864,36.9778],[-81.7808,36.9588],[-81.7853,36.9348],[-81.8032,36.9151],[-81.8344,36.8996],[-81.895,36.8857],[-81.985,36.8735],[-82.065,36.8571],[-82.135,36.8363],[-82.185,36.8281],[-82.215,36.8325],[-82.236,36.8407],[-82.2481,36.8528],[-82.2458,36.8748]],[[-82.4688,36.8028],[-82.4648,36.8188],[-82.4546,36.8314],[-82.4382,36.8405],[-82.41,36.8486],[-82.37,36.8556],[-82.3363,36.855],[-82.3088,36.8469],[-82.3128,36.7988],[-82.3484,36.7107],[-82.3923,36.6986],[-82.4447,36.7628],[-82.4688,36.8028]]]}},{"type":"Feature","properties":{"c":"#fc4e2a","v0":40.0,"v1":50.0},"geometry":{"type":"Polygon","coordinates":[[[-106.4439,36.8388],[-106.3865,36.8948],[-106.3408,36.9261],[-106.3069,36.9327],[-106.2644,36.9047],[-106.2132,36.8421],[-106.179,36.7668],[-106.1618,36.6786],[-106.1674,36.6299],[-106.1958,36.6207],[-106.23,36.6303],[-106.27,36.6587],[-106.315,36.6818],[-106.365,36.6997],[-106.4055,36.7221],[-106.4366,36.7492],[-106.4573,36.7748],[-106.4675,36.7988],[-106.4439,36.8388]],[[-106.4337,36.8375],[-106.3779,36.8909],[-106.335,36.9197],[-106.305,36.924],[-106.265,36.8928],[-106.215,36.8261],[-106.1813,36.7612],[-106.1638,36.6981],[-106.158,36.6585],[-106.1638,36.6425],[-106.1775,36.6323],[-106.1992,36.6279],[-106.23,36.6399],[-106.27,36.6684],[-106.3131,36.6907],[-106.3592,36.7067],[-106.4021,36.7387],[-106.4418,36.7868],[-106.4337,36.8375]]]}},{"type":"Feature","properties":{"c":"#fc4e2a","v0":40.0,"v1":50.0},"geometry":{"type":"Polygon","coordinates":[[[-107.6137,36.5859],[-107.5979,36.6171],[-107.5759,36.6412],[-107.5477,36.6581],[-107.5279,36.6906],[-107.5165,36.7387],[-107.4907,36.7766],[-107.4502,36.8043],[-107.41,36.8209],[-107.37,36.8265],[-107.3238,36.8087],[-107.2713,36.7674],[-107.2478,36.7227],[-107.2533,36.6746],[-107.3019,36.6184],[-107.3936,36.5542],[-107.4721,36.5197],[-107.5374,36.515],[-107.58,36.5177],[-107.6,36.5279],[-107.6129,36.5423],[-107.6187,36.5609],[-107.6137,36.5859]],[[-107.6073,36.5831],[-107.5958,36.6088],[-107.5734,36.6329],[-107.5401,36.6553],[-107.5175,36.6906],[-107.5057,36.7387],[-107.482,36.7748],[-107.4465,36.7988],[-107.4091,36.8129],[-107.3697,36.8171],[-107.3263,36.8011],[-107.279,36.7648],[-107.2525,36.7347],[-107.2468,36.7107],[-107.2496,36.6866],[-107.2608,36.6625],[-107.3123,36.6191],[-107.4041,36.5564],[-107.48,36.5236],[-107.54,36.5209],[-107.5808,36.5322],[-107.6023,36.5576],[-107.6073,36.5831]]]}},{"type":"Feature","properties":{"c":"#fc4e2a","v0":40.0,"v1":50.0},"geometry":{"type":"Polygon","coordinates":[[[-75.3799,36.4979],[-75.3438,36.5461],[-75.3187,36.5943],[-75.3046,36.6425],[-75.2857,36.6741],[-75.2619,36.6891],[-75.235,36.6978],[-75.205,36.7],[-75.1577,36.6925],[-75.0931,36.6752],[-75.0457,36.6545],[-75.0155,36.6304],[-74.9972,36.6023],[-74.9908,36.5702],[-74.9982,36.5432],[-75.0194,36.5212],[-75.04,36.5096],[-75.06,36.5083],[-75.09,36.5221],[-75.13,36.551],[-75.1628,36.5466],[-75.1885,36.5088],[-75.2135,36.4827],[-75.2378,36.4683],[-75.275,36.4581],[-75.325,36.4522],[-75.362,36.4554],[-75.386,36.4676],[-75.3799,36.4979]],[[-75.3649,36.4979],[-75.3308,36.5461],[-75.3092,36.5903],[-75.3,36.6304],[-75.284,36.6596],[-75.2613,36.6778],[-75.235,36.688],[-75.205,36.6904],[-75.16,36.6836],[-75.1,36.6675],[-75.055,36.6481],[-75.025,36.6254],[-75.0074,36.5991],[-75.0023,36.5691],[-75.0073,36.5458],[-75.0224,36.529],[-75.04,36.5202],[-75.06,36.5194],[-75.09,36.5336],[-75.13,36.5628],[-75.175,36.5509],[-75.225,36.4976],[-75.275,36.4679],[-75.325,36.4617],[-75.358,36.4624],[-75.374,36.47],[-75.3649,36.4979]]]}},{"type":"Feature","properties":{"c":"#fc4e2a","v0":40.0,"v1":50.0},"geometry":{"type":"Polygon","coordinates":[[[-106.4835,36.6104],[-106.4771,36.6264],[-106.4629,36.6388],[-106.441,36.6476],[-106.4207,36.6476],[-106.4022,36.6388],[-106.3904,36.6264],[-106.3852,36.6104],[-106.3856,36.5943],[-106.3916,36.5783],[-106.4035,36.567],[-106.4212,36.5605],[-106.4442,36.5686],[-106.4725,36.5911],[-106.4835,36.6104]],[[-106.4641,36.6123],[-106.4414,36.6323],[-106.4208,36.6323],[-106.4024,36.6123],[-106.4024,36.5934],[-106.4208,36.5755],[-106.4414,36.5755],[-106.4641,36.5934],[-106.4641,36.6123]]]}},{"type":"Feature","properties":{"c":"#fc4e2a","v0":40.0,"v1":50.0},"geometry":{"type":"Polygon","coordinates":[[[-110.1818,36.2644],[-110.1486,36.3289],[-110.1068,36.3772],[-110.0564,36.4094],[-110.0159,36.4535],[-109.9853,36.5095],[-109.96,36.5406],[-109.94,36.5468],[-109.905,36.5405],[-109.855,36.5218],[-109.8153,36.4787],[-109.786,36.411],[-109.781,36.3717],[-109.8003,36.3606],[-109.8471,36.3526],[-109.9212,36.3475],[-109.9562,36.2999],[-109.9521,36.2095],[-109.96,36.1602],[-109.98,36.1518],[-110.03,36.1515],[-110.11,36.1592],[-110.1593,36.1682],[-110.1778,36.1786],[-110.1899,36.1958],[-110.1956,36.22],[-110.1818,36.2644]],[[-110.1739,36.2612],[-110.1446,36.3193],[-110.105,36.3646],[-110.055,36.3969],[-110.015,36.4409],[-109.985,36.4963],[-109.96,36.5282],[-109.94,36.5366],[-109.9069,36.5321],[-109.8606,36.5147],[-109.8243,36.4738],[-109.7979,36.4094],[-109.826,36.3733],[-109.9087,36.3654],[-109.956,36.3574],[-109.968,36.3491],[-109.9683,36.3208],[-109.9568,36.2725],[-109.9537,36.2281],[-109.9589,36.1878],[-110.0086,36.1687],[-110.1029,36.1709],[-110.1596,36.187],[-110.1789,36.2171],[-110.1739,36.2612]]]}},{"type":"Feature","properties":{"c":"#fc4e2a","v0":40.0,"v1":50.0},"geometry":{"type":"Polygon","coordinates":[[[-78.8023,36.2362],[-78.7872,36.2765],[-78.76,36.3128],[-78.7207,36.345],[-78.6683,36.3684],[-78.6028,36.383],[-78.525,36.4165],[-78.435,36.4688],[-78.375,36.4961],[-78.345,36.4984],[-78.3179,36.4931],[-78.2937,36.4802],[-78.2764,36.4617],[-78.2659,36.4376],[-78.2645,36.4175],[-78.272,36.4014],[-78.3293,36.3579],[-78.4364,36.287],[-78.53,36.2429],[-78.61,36.2257],[-78.675,36.2043],[-78.725,36.1788],[-78.76,36.1689],[-78.78,36.1746],[-78.795,36.1871],[-78.8049,36.2064],[-78.8023,36.2362]],[[-78.7934,36.2361],[-78.7778,36.2764],[-78.75,36.312],[-78.71,36.3431],[-78.66,36.3646],[-78.6,36.3765],[-78.52,36.4101],[-78.42,36.4653],[-78.355,36.4912],[-78.325,36.4877],[-78.3024,36.4789],[-78.2872,36.4648],[-78.2822,36.4406],[-78.2874,36.4065],[-78.345,36.3546],[-78.455,36.2849],[-78.545,36.2436],[-78.615,36.2308],[-78.675,36.2118],[-78.725,36.1865],[-78.7586,36.1764],[-78.7757,36.1813],[-78.7886,36.1918],[-78.797,36.2079],[-78.7934,36.2361]]]}},{"type":"Feature","properties":{"c":"#fc4e2a","v0":40.0,"v1":50.0},"geometry":{"type":"Polygon","coordinates":[[[-79.0985,35.6979],[-79.0969,35.7629],[-79.0773,35.8156],[-79.0397,35.8561],[-79.0238,35.9169],[-79.0296,35.9979],[-79.0219,36.0518],[-79.0006,36.0788],[-78.97,36.0963],[-78.93,36.1043],[-78.8995,36.1029],[-78.8786,36.0922],[-78.858,36.0706],[-78.8375,36.0383],[-78.8163,35.9938],[-78.7941,35.9372],[-78.7837,35.8926],[-78.7852,35.8602],[-78.817,35.8287],[-78.879,35.7981],[-78.9163,35.7616],[-78.929,35.7191],[-78.949,35.6803],[-78.9763,35.645],[-79.01,35.624],[-79.05,35.6172],[-79.0773,35.6267],[-79.092,35.6525],[-79.0985,35.6979]],[[-79.0888,35.6979],[-79.0867,35.7629],[-79.0667,35.8156],[-79.0288,35.8561],[-79.0128,35.9169],[-79.0189,35.9979],[-79.0089,36.0522],[-78.983,36.08],[-78.955,36.0953],[-78.925,36.0983],[-78.8939,36.0844],[-78.8618,36.0537],[-78.8321,35.9938],[-78.8047,35.9048],[-78.798,35.8521],[-78.8117,35.8359],[-78.842,35.8197],[-78.8889,35.8034],[-78.9207,35.771],[-78.9374,35.7223],[-78.9586,35.6817],[-78.9845,35.6492],[-79.0156,35.6308],[-79.0519,35.6264],[-79.075,35.6346],[-79.0849,35.6551],[-79.0888,35.6979]]]}},{"type":"Feature","properties":{"c":"#fc4e2a","v0":40.0,"v1":50.0},"geometry":{"type":"Polygon","coordinates":[[[-84.8112,35.6958],[-84.7837,35.7242],[-84.74,35.7465],[-84.68,35.7627],[-84.615,35.7721],[-84.545,35.7748],[-84.4982,35.7688],[-84.4747,35.754],[-84.4611,35.7182],[-84.4573,35.6614],[-84.4741,35.6155],[-84.5114,35.5805],[-84.56,35.5583],[-84.62,35.549],[-84.6869,35.5665],[-84.7608,35.6108],[-84.8045,35.6451],[-84.8181,35.6695],[-84.8112,35.6958]],[[-84.8041,35.6939],[-84.7814,35.7184],[-84.74,35.7389],[-84.68,35.7552],[-84.615,35.7646],[-84.545,35.7671],[-84.5,35.7606],[-84.48,35.7453],[-84.4688,35.7115],[-84.4664,35.6591],[-84.4864,35.6153],[-84.5288,35.58],[-84.5745,35.5597],[-84.6234,35.5543],[-84.6834,35.5731],[-84.7545,35.6161],[-84.7964,35.6486],[-84.8091,35.6707],[-84.8041,35.6939]]]}},{"type":"Feature","properties":{"c":"#fc4e2a","v0":40.0,"v1":50.0},"geometry":{"type":"Polygon","coordinates":[[[-82.6504,35.1711],[-82.6368,35.1931],[-82.6043,35.2135],[-82.5528,35.2324],[-82.5028,35.2685],[-82.4543,35.3217],[-82.405,35.349],[-82.355,35.3504],[-82.305,35.3636],[-82.255,35.3887],[-82.22,35.3955],[-82.2,35.3841],[-82.1853,35.3565],[-82.176,35.3127],[-82.206,35.2666],[-82.2753,35.2182],[-82.3153,35.1692],[-82.326,35.1195],[-82.341,35.086],[-82.3603,35.0688],[-82.39,35.0597],[-82.43,35.0587],[-82.49,35.071],[-82.57,35.0965],[-82.6218,35.1219],[-82.6454,35.1474],[-82.6504,35.1711]],[[-82.6429,35.1687],[-82.6343,35.186],[-82.6012,35.2065],[-82.5437,35.23],[-82.4937,35.2663],[-82.4512,35.3152],[-82.405,35.3401],[-82.355,35.3411],[-82.305,35.3542],[-82.255,35.3796],[-82.2219,35.3873],[-82.2056,35.3774],[-82.1935,35.352],[-82.1858,35.3112],[-82.2139,35.2699],[-82.278,35.2282],[-82.318,35.1791],[-82.334,35.1228],[-82.349,35.0883],[-82.363,35.0756],[-82.385,35.0674],[-82.415,35.0638],[-82.47,35.0743],[-82.55,35.0991],[-82.6043,35.1236],[-82.6329,35.1479],[-82.6429,35.1687]]]}},{"type":"Feature","properties":{"c":"#fc4e2a","v0":40.0,"v1":50.0},"geometry":{"type":"Polygon","coordinates":[[[-77.4352,35.1615],[-77.4184,35.1971],[-77.37,35.2264],[-77.29,35.2496],[-77.2,35.2454],[-77.1,35.2139],[-77.035,35.2015],[-77.005,35.2083],[-76.965,35.2282],[-76.915,35.2612],[-76.8718,35.2728],[-76.8354,35.263],[-76.8068,35.2336],[-76.7861,35.1846],[-76.7882,35.1069],[-76.8131,35.0005],[-76.8216,34.9427],[-76.8139,34.9337],[-76.785,34.9257],[-76.735,34.9187],[-76.7051,34.8986],[-76.6952,34.8654],[-76.6981,34.8283],[-76.7137,34.7872],[-76.7536,34.7264],[-76.8179,34.6456],[-76.87,34.6037],[-76.91,34.6007],[-76.945,34.615],[-76.975,34.6466],[-77.035,34.6489],[-77.125,34.622],[-77.205,34.6217],[-77.275,34.648],[-77.323,34.6875],[-77.3489,34.7403],[-77.3633,34.816],[-77.3662,34.9144],[-77.3867,35.0087],[-77.4246,35.0987],[-77.4352,35.1615]],[[-77.4276,35.1601],[-77.4123,35.1928],[-77.366,35.2202],[-77.2887,35.2425],[-77.195,35.2378],[-77.085,35.2063],[-76.995,35.2103],[-76.925,35.2498],[-76.8747,35.2667],[-76.8442,35.261],[-76.8177,35.2336],[-76.7953,35.1846],[-76.797,35.1069],[-76.8229,35.0005],[-76.8294,34.9405],[-76.8165,34.927],[-76.7886,34.9188],[-76.7457,34.9159],[-76.7179,34.898],[-76.7054,34.8652],[-76.7044,34.8324],[-76.7151,34.7995],[-76.7528,34.7415],[-76.8176,34.6583],[-76.8661,34.613],[-76.8984,34.6058],[-76.9334,34.6195],[-76.9711,34.654],[-77.035,34.6574],[-77.125,34.6295],[-77.2039,34.6287],[-77.2718,34.6549],[-77.3176,34.6927],[-77.3414,34.742],[-77.3547,34.816],[-77.3577,34.9144],[-77.3782,35.0087],[-77.4162,35.0987],[-77.4276,35.1601]]]}},{"type":"Feature","properties":{"c":"#fc4e2a","v0":40.0,"v1":50.0},"geometry":{"type":"Polygon","coordinates":[[[-107.6787,34.9453],[-107.6729,34.9741],[-107.645,35.0242],[-107.595,35.0956],[-107.555,35.1359],[-107.525,35.1451],[-107.5,35.1443],[-107.48,35.1334],[-107.4689,35.1156],[-107.4668,35.0907],[-107.4828,35.0537],[-107.5171,35.0046],[-107.5348,34.9595],[-107.5359,34.9185],[-107.5199,34.8794],[-107.4866,34.842],[-107.445,34.8144],[-107.395,34.7965],[-107.3587,34.7782],[-107.3361,34.7596],[-107.3209,34.7379],[-107.313,34.7133],[-107.3213,34.6845],[-107.346,34.6516],[-107.3812,34.6259],[-107.4271,34.6075],[-107.465,34.6015],[-107.495,34.6077],[-107.5306,34.6457],[-107.5718,34.7154],[-107.5991,34.7749],[-107.6125,34.8242],[-107.6348,34.8693],[-107.666,34.9103],[-107.6787,34.9453]],[[-107.6445,34.9923],[-107.5889,35.0824],[-107.5533,35.131],[-107.5378,35.1381],[-107.518,35.1381],[-107.4939,35.131],[-107.4803,35.1151],[-107.4773,35.0906],[-107.4927,35.0537],[-107.5266,35.0046],[-107.5433,34.9554],[-107.5429,34.9062],[-107.5254,34.8652],[-107.4911,34.8324],[-107.4502,34.8078],[-107.4028,34.7913],[-107.3668,34.7729],[-107.3423,34.7523],[-107.3287,34.7277],[-107.3261,34.6989],[-107.3365,34.6722],[-107.36,34.6475],[-107.3914,34.628],[-107.4305,34.6137],[-107.4635,34.6096],[-107.4904,34.6156],[-107.546,34.7009],[-107.6302,34.8652],[-107.6445,34.9923]]]}},{"type":"Feature","properties":{"c":"#fc4e2a","v0":40.0,"v1":50.0},"geometry":{"type":"Polygon","coordinates":[[[-101.5062,34.8296],[-101.4821,34.8896],[-101.455,34.9237],[-101.425,34.932],[-101.4,34.932],[-101.38,34.9236],[-101.3651,34.9018],[-101.3554,34.8665],[-101.3725,34.8078],[-101.4166,34.7256],[-101.4264,34.6753],[-101.4021,34.657],[-101.365,34.6503],[-101.315,34.6552],[-101.275,34.6529],[-101.245,34.6432],[-101.2232,34.6252],[-101.2095,34.5989],[-101.2095,34.5697],[-101.2232,34.5375],[-101.245,34.5187],[-101.275,34.5132],[-101.3388,34.5211],[-101.4363,34.5422],[-101.4919,34.5693],[-101.5056,34.6022],[-101.5087,34.6393],[-101.5013,34.6804],[-101.5027,34.7256],[-101.513,34.7749],[-101.5062,34.8296]],[[-101.4961,34.8283],[-101.4721,34.8857],[-101.4526,34.9176],[-101.4375,34.9239],[-101.4175,34.9239],[-101.3925,34.9176],[-101.3754,34.898],[-101.3662,34.8652],[-101.3843,34.8078],[-101.4297,34.7256],[-101.4418,34.674],[-101.4206,34.653],[-101.368,34.6407],[-101.284,34.637],[-101.2348,34.6228],[-101.2203,34.5981],[-101.2173,34.5726],[-101.2258,34.5464],[-101.245,34.5298],[-101.275,34.5226],[-101.335,34.5277],[-101.425,34.545],[-101.4773,34.5658],[-101.4918,34.5901],[-101.4949,34.6269],[-101.4866,34.6763],[-101.4889,34.7256],[-101.5016,34.7749],[-101.4961,34.8283]]]}},{"type":"Feature","properties":{"c":"#fc4e2a","v0":40.0,"v1":50.0},"geometry":{"type":"Polygon","coordinates":[[[-79.1589,34.5619],[-79.153,34.5799],[-79.135,34.5948],[-79.105,34.6064],[-79.065,34.6089],[-79.015,34.6023],[-78.97,34.5884],[-78.93,34.5673],[-78.9069,34.5434],[-78.9007,34.5167],[-78.9067,34.4786],[-78.9249,34.4292],[-78.9111,34.3879],[-78.8652,34.3549],[-78.8417,34.3219],[-78.8405,34.2888],[-78.8464,34.264],[-78.8595,34.2475],[-78.8864,34.2392],[-78.9269,34.2392],[-78.9579,34.2521],[-78.9793,34.2779],[-79.01,34.3001],[-79.05,34.3186],[-79.0731,34.3428],[-79.0794,34.3729],[-79.0774,34.4044],[-79.0671,34.4374],[-79.084,34.4696],[-79.128,34.5009],[-79.153,34.5256],[-79.1589,34.5437],[-79.1589,34.5619]],[[-79.1502,34.561],[-79.1443,34.5775],[-79.1285,34.5906],[-79.1028,34.6003],[-79.065,34.6017],[-79.015,34.5948],[-78.9719,34.5817],[-78.9358,34.5625],[-78.9148,34.5405],[-78.9092,34.5157],[-78.9155,34.4786],[-78.9337,34.4292],[-78.9383,34.3962],[-78.9292,34.3797],[-78.9067,34.3632],[-78.8708,34.3466],[-78.8511,34.326],[-78.8475,34.3012],[-78.8518,34.2782],[-78.8639,34.257],[-78.885,34.2449],[-78.915,34.2418],[-78.945,34.2558],[-78.975,34.287],[-79.0093,34.3115],[-79.0478,34.3294],[-79.0632,34.3673],[-79.0554,34.425],[-79.074,34.4704],[-79.1191,34.5034],[-79.1445,34.5281],[-79.1503,34.5446],[-79.1502,34.561]]]}},{"type":"Feature","properties":{"c":"#fc4e2a","v0":40.0,"v1":50.0},"geometry":{"type":"Polygon","coordinates":[[[-76.957,34.4457],[-76.9493,34.4622],[-76.9116,34.4859],[-76.8439,34.517],[-76.795,34.5351],[-76.765,34.5403],[-76.7414,34.5371],[-76.7243,34.5256],[-76.7056,34.4704],[-76.6851,34.3714],[-76.6756,34.3012],[-76.6769,34.2599],[-76.6857,34.226],[-76.7019,34.1996],[-76.735,34.182],[-76.785,34.1734],[-76.8337,34.1908],[-76.8811,34.2341],[-76.9131,34.2682],[-76.9296,34.293],[-76.9436,34.3384],[-76.9551,34.4044],[-76.957,34.4457]],[[-76.9466,34.4456],[-76.9355,34.4621],[-76.9,34.484],[-76.84,34.5114],[-76.8,34.5277],[-76.78,34.5329],[-76.7592,34.5316],[-76.7375,34.5238],[-76.7157,34.458],[-76.6939,34.3343],[-76.6851,34.2599],[-76.6894,34.2351],[-76.7011,34.2127],[-76.7204,34.1926],[-76.75,34.1813],[-76.79,34.1788],[-76.8348,34.2013],[-76.8844,34.2486],[-76.92,34.3136],[-76.9414,34.3962],[-76.9466,34.4456]]]}},{"type":"Feature","properties":{"c":"#fc4e2a","v0":40.0,"v1":50.0},"geometry":{"type":"Polygon","coordinates":[[[-107.3415,34.2886],[-107.3338,34.3211],[-107.31,34.366],[-107.27,34.4235],[-107.22,34.4551],[-107.16,34.461],[-107.1065,34.4491],[-107.0594,34.4193],[-107.0293,34.3879],[-107.0163,34.3549],[-107.0136,34.3177],[-107.0212,34.2764],[-107.0513,34.2467],[-107.1038,34.2286],[-107.15,34.1986],[-107.19,34.1568],[-107.22,34.1349],[-107.24,34.1329],[-107.2604,34.1381],[-107.2813,34.1504],[-107.3051,34.1855],[-107.3319,34.2434],[-107.3415,34.2886]],[[-107.3352,34.2847],[-107.3311,34.3095],[-107.3093,34.3521],[-107.2698,34.4126],[-107.22,34.4464],[-107.16,34.4535],[-107.1088,34.4439],[-107.0664,34.4176],[-107.0384,34.3879],[-107.025,34.3549],[-107.0226,34.3177],[-107.0313,34.2764],[-107.0615,34.2475],[-107.1134,34.231],[-107.157,34.2031],[-107.1923,34.1638],[-107.22,34.143],[-107.24,34.1406],[-107.26,34.146],[-107.28,34.1592],[-107.3018,34.1925],[-107.3255,34.2457],[-107.3352,34.2847]]]}},{"type":"Feature","properties":{"c":"#fc4e2a","v0":40.0,"v1":50.0},"geometry":{"type":"Polygon","coordinates":[[[-106.8898,34.2392],[-106.8777,34.2723],[-106.8563,34.2939],[-106.8254,34.3039],[-106.795,34.3001],[-106.765,34.2825],[-106.7444,34.2568],[-106.7332,34.223],[-106.7382,34.1915],[-106.7594,34.1622],[-106.78,34.1447],[-106.8,34.1392],[-106.825,34.1441],[-106.855,34.1594],[-106.8765,34.181],[-106.8894,34.2088],[-106.8898,34.2392]],[[-106.8809,34.236],[-106.8736,34.2627],[-106.855,34.2818],[-106.825,34.2934],[-106.798,34.2925],[-106.7741,34.279],[-106.7565,34.2558],[-106.7452,34.2227],[-106.7472,34.1949],[-106.7624,34.1724],[-106.78,34.1575],[-106.8,34.1503],[-106.8228,34.1533],[-106.8485,34.1665],[-106.8672,34.1855],[-106.8787,34.2103],[-106.8809,34.236]]]}},{"type":"Feature","properties":{"c":"#fc4e2a","v0":40.0,"v1":50.0},"geometry":{"type":"Polygon","coordinates":[[[-77.3687,34.2579],[-77.3429,34.2952],[-77.315,34.3141],[-77.285,34.3146],[-77.2627,34.3084],[-77.248,34.2953],[-77.248,34.2594],[-77.2627,34.2004],[-77.2892,34.1714],[-77.3276,34.1725],[-77.3555,34.1896],[-77.3729,34.2227],[-77.3687,34.2579]],[[-77.3624,34.2558],[-77.3408,34.289],[-77.32,34.3072],[-77.3,34.3105],[-77.28,34.3063],[-77.2601,34.2946],[-77.252,34.2682],[-77.2557,34.2268],[-77.2648,34.1979],[-77.2792,34.1813],[-77.3023,34.1764],[-77.3341,34.1831],[-77.3558,34.1997],[-77.3674,34.226],[-77.3624,34.2558]]]}},{"type":"Feature","properties":{"c":"#fc4e2a","v0":40.0,"v1":50.0},"geometry":{"type":"Polygon","coordinates":[[[-77.2058,34.1298],[-77.1819,34.1425],[-77.13,34.1446],[-77.05,34.1362],[-77.0,34.1261],[-76.98,34.1144],[-76.9531,34.0832],[-76.9194,34.0327],[-76.9144,33.9806],[-76.9381,33.9269],[-76.965,33.8956],[-76.995,33.8866],[-77.025,33.8893],[-77.055,33.9037],[-77.0882,33.9434],[-77.1245,34.0082],[-77.1587,34.053],[-77.1909,34.0779],[-77.2096,34.0986],[-77.215,34.1151],[-77.2058,34.1298]],[[-77.1979,34.1155],[-77.1793,34.1328],[-77.125,34.1348],[-77.035,34.1216],[-76.9708,34.0922],[-76.9325,34.0467],[-76.9232,33.995],[-76.9431,33.9369],[-76.9673,33.9032],[-76.9958,33.894],[-77.021,33.894],[-77.0431,33.9032],[-77.0768,33.9452],[-77.1223,34.0199],[-77.1606,34.0696],[-77.1916,34.0944],[-77.1979,34.1155]]]}},{"type":"Feature","properties":{"c":"#fc4e2a","v0":40.0,"v1":50.0},"geometry":{"type":"Polygon","coordinates":[[[-106.7872,34.0234],[-106.7757,34.0554],[-106.755,34.0799],[-106.725,34.0968],[-106.6941,34.1015],[-106.6623,34.094],[-106.6349,34.0737],[-106.6118,34.0406],[-106.6068,34.0074],[-106.6198,33.9742],[-106.6472,33.9468],[-106.6891,33.9252],[-106.72,33.9196],[-106.74,33.93],[-106.7607,33.9532],[-106.7822,33.9894],[-106.7872,34.0234]],[[-106.7779,34.0199],[-106.7711,34.0447],[-106.7533,34.0667],[-106.7244,34.0857],[-106.695,34.0916],[-106.665,34.0843],[-106.6404,34.0665],[-106.6211,34.0382],[-106.6161,34.0101],[-106.6254,33.9824],[-106.65,33.9586],[-106.69,33.9387],[-106.72,33.9344],[-106.74,33.9456],[-106.7578,33.9653],[-106.7734,33.9934],[-106.7779,34.0199]]]}},{"type":"Feature","properties":{"c":"#fc4e2a","v0":40.0,"v1":50.0},"geometry":{"type":"Polygon","coordinates":[[[-80.2573,33.6585],[-80.2433,33.6918],[-80.2088,33.7126],[-80.1538,33.7209],[-80.1285,33.7459],[-80.133,33.7874],[-80.1264,33.8248],[-80.1086,33.8581],[-80.0573,33.905],[-79.9724,33.9655],[-79.9049,33.9945],[-79.8547,33.9921],[-79.8216,33.9784],[-79.8056,33.9535],[-79.7977,33.9245],[-79.7979,33.8913],[-79.826,33.8498],[-79.8819,33.7999],[-79.9023,33.7625],[-79.8871,33.7376],[-79.879,33.7084],[-79.878,33.6752],[-79.9057,33.611],[-79.9619,33.5159],[-80.02,33.4662],[-80.08,33.4621],[-80.1158,33.4722],[-80.1275,33.4964],[-80.1546,33.521],[-80.1973,33.5461],[-80.23,33.5794],[-80.2528,33.621],[-80.2573,33.6585]],[[-80.2495,33.6572],[-80.2365,33.6878],[-80.205,33.7045],[-80.155,33.7072],[-80.126,33.7127],[-80.1181,33.7209],[-80.1171,33.7459],[-80.1232,33.7874],[-80.1172,33.8243],[-80.0991,33.8564],[-80.05,33.9013],[-79.97,33.959],[-79.905,33.9861],[-79.855,33.9829],[-79.8241,33.9546],[-79.8124,33.9013],[-79.8164,33.8622],[-79.8361,33.8373],[-79.8629,33.8165],[-79.897,33.7999],[-79.907,33.7583],[-79.893,33.6918],[-79.9131,33.6127],[-79.9674,33.521],[-80.0134,33.4718],[-80.0511,33.4649],[-80.08,33.4649],[-80.0999,33.4718],[-80.117,33.4877],[-80.1312,33.5127],[-80.1562,33.5341],[-80.1921,33.5519],[-80.2215,33.5811],[-80.2445,33.6216],[-80.2495,33.6572]]]}},{"type":"Feature","properties":{"c":"#fc4e2a","v0":40.0,"v1":50.0},"geometry":{"type":"Polygon","coordinates":[[[-106.8939,33.775],[-106.873,33.8082],[-106.8295,33.8411],[-106.7632,33.8738],[-106.725,33.872],[-106.715,33.8359],[-106.6941,33.803],[-106.6623,33.7732],[-106.6383,33.7334],[-106.6221,33.6835],[-106.6174,33.646],[-106.6242,33.621],[-106.6382,33.6034],[-106.6594,33.593],[-106.685,33.5899],[-106.715,33.5942],[-106.7549,33.6118],[-106.8047,33.643],[-106.8347,33.6734],[-106.8449,33.7033],[-106.8636,33.7282],[-106.8907,33.7483],[-106.8939,33.775]],[[-106.8709,33.7936],[-106.8303,33.831],[-106.7935,33.8559],[-106.7604,33.8684],[-106.7375,33.8581],[-106.725,33.8248],[-106.7037,33.7957],[-106.6737,33.7708],[-106.6504,33.7334],[-106.6337,33.6835],[-106.6298,33.646],[-106.6388,33.621],[-106.6599,33.6063],[-106.6933,33.6018],[-106.735,33.6132],[-106.785,33.6404],[-106.8303,33.6843],[-106.8709,33.7447],[-106.8709,33.7936]]]}},{"type":"Feature","properties":{"c":"#fc4e2a","v0":40.0,"v1":50.0},"geometry":{"type":"Polygon","coordinates":[[[-87.6064,33.4884],[-87.5955,33.5148],[-87.575,33.5305],[-87.545,33.5353],[-87.49,33.5184],[-87.41,33.4798],[-87.3381,33.4516],[-87.2744,33.434],[-87.2339,33.4168],[-87.2166,33.4001],[-87.2078,33.3792],[-87.2075,33.3541],[-87.2353,33.3207],[-87.2913,33.2789],[-87.337,33.2575],[-87.3723,33.2564],[-87.4335,33.2814],[-87.5205,33.3327],[-87.5759,33.3875],[-87.5999,33.446],[-87.6064,33.4884]],[[-87.596,33.4877],[-87.5842,33.5127],[-87.5662,33.5262],[-87.5421,33.5283],[-87.49,33.51],[-87.41,33.4713],[-87.34,33.444],[-87.28,33.428],[-87.2405,33.4088],[-87.2214,33.3863],[-87.2136,33.3667],[-87.217,33.35],[-87.2465,33.3218],[-87.3022,33.2822],[-87.345,33.2629],[-87.375,33.264],[-87.4303,33.288],[-87.511,33.3349],[-87.564,33.3875],[-87.5893,33.446],[-87.596,33.4877]]]}},{"type":"Feature","properties":{"c":"#fc4e2a","v0":40.0,"v1":50.0},"geometry":{"type":"Polygon","coordinates":[[[-81.8129,33.1911],[-81.7998,33.2246],[-81.7474,33.2873],[-81.6558,33.3792],[-81.595,33.4252],[-81.565,33.4252],[-81.53,33.4145],[-81.49,33.3932],[-81.445,33.3821],[-81.395,33.3812],[-81.355,33.371],[-81.3249,33.3514],[-81.3081,33.3249],[-81.3047,33.2915],[-81.322,33.2455],[-81.3599,33.1869],[-81.3866,33.1283],[-81.402,33.0697],[-81.4348,33.0215],[-81.4849,32.9838],[-81.535,32.9631],[-81.585,32.9593],[-81.63,32.9836],[-81.67,33.0359],[-81.7196,33.0776],[-81.7789,33.1086],[-81.8113,33.1367],[-81.8167,33.1618],[-81.8129,33.1911]],[[-81.8028,33.1911],[-81.7884,33.2246],[-81.7384,33.2849],[-81.6528,33.3722],[-81.595,33.4158],[-81.565,33.4158],[-81.53,33.4053],[-81.49,33.3842],[-81.445,33.3733],[-81.395,33.3726],[-81.3558,33.3604],[-81.3275,33.3367],[-81.3133,33.3124],[-81.3133,33.2873],[-81.3322,33.2455],[-81.37,33.1869],[-81.397,33.1283],[-81.413,33.0697],[-81.4434,33.0235],[-81.4883,32.99],[-81.5355,32.9718],[-81.5852,32.969],[-81.63,32.994],[-81.67,33.0466],[-81.7165,33.0857],[-81.7694,33.1113],[-81.7995,33.1367],[-81.8065,33.1618],[-81.8028,33.1911]]]}},{"type":"Feature","properties":{"c":"#fc4e2a","v0":40.0,"v1":50.0},"geometry":{"type":"Polygon","coordinates":[[[-86.9938,33.0697],[-86.985,33.0948],[-86.9629,33.1177],[-86.9276,33.1383],[-86.8531,33.1467],[-86.7392,33.1428],[-86.6776,33.1492],[-86.6683,33.166],[-86.6755,33.1995],[-86.6992,33.2497],[-86.7008,33.2858],[-86.6803,33.308],[-86.66,33.3191],[-86.64,33.319],[-86.61,33.3019],[-86.57,33.2679],[-86.535,33.2811],[-86.505,33.3416],[-86.475,33.3731],[-86.445,33.3757],[-86.4193,33.3681],[-86.398,33.3505],[-86.3753,33.2915],[-86.3513,33.1911],[-86.3469,33.128],[-86.3623,33.1024],[-86.425,33.0823],[-86.535,33.0678],[-86.615,33.0424],[-86.665,33.0058],[-86.72,32.9815],[-86.78,32.9695],[-86.844,32.9701],[-86.912,32.9834],[-86.959,33.0068],[-86.9852,33.0403],[-86.9938,33.0697]],[[-86.9841,33.0694],[-86.9747,33.0941],[-86.955,33.115],[-86.925,33.1323],[-86.85,33.1397],[-86.73,33.1374],[-86.6668,33.1499],[-86.6604,33.1774],[-86.6683,33.2078],[-86.6904,33.2413],[-86.6936,33.271],[-86.6779,33.2971],[-86.66,33.3099],[-86.64,33.3094],[-86.61,33.2917],[-86.57,33.2566],[-86.5429,33.2438],[-86.5286,33.2533],[-86.5136,33.2838],[-86.4979,33.3353],[-86.48,33.3641],[-86.46,33.3702],[-86.437,33.3653],[-86.411,33.3495],[-86.386,33.2954],[-86.362,33.2028],[-86.355,33.1423],[-86.365,33.1138],[-86.425,33.0918],[-86.535,33.0763],[-86.615,33.0505],[-86.665,33.0145],[-86.72,32.9901],[-86.78,32.9773],[-86.84,32.976],[-86.9,32.9863],[-86.9447,33.0079],[-86.9741,33.0407],[-86.9841,33.0694]]]}},{"type":"Feature","properties":{"c":"#fc4e2a","v0":40.0,"v1":50.0},"geometry":{"type":"Polygon","coordinates":[[[-81.1026,33.1032],[-81.0984,33.1283],[-81.0847,33.1522],[-81.0616,33.175],[-81.0,33.2001],[-80.9,33.2276],[-80.835,33.2515],[-80.805,33.2718],[-80.77,33.2815],[-80.73,33.2804],[-80.6985,33.2703],[-80.6755,33.251],[-80.6635,33.2287],[-80.6627,33.2036],[-80.6692,33.1816],[-80.6831,33.1627],[-80.745,33.1237],[-80.855,33.0646],[-80.945,33.0301],[-81.015,33.0202],[-81.0596,33.0216],[-81.0787,33.0341],[-81.0924,33.0529],[-81.1006,33.078],[-81.1026,33.1032]],[[-81.0941,33.1032],[-81.0893,33.1283],[-81.0726,33.1528],[-81.0442,33.1766],[-80.985,33.1998],[-80.895,33.2225],[-80.83,33.2451],[-80.79,33.2676],[-80.755,33.2771],[-80.725,33.2736],[-80.7009,33.2643],[-80.6827,33.2489],[-80.6727,33.2298],[-80.6709,33.2067],[-80.6767,33.1858],[-80.6901,33.167],[-80.7501,33.129],[-80.8567,33.0716],[-80.945,33.0379],[-81.015,33.0279],[-81.0616,33.0399],[-81.0849,33.0737],[-81.0941,33.1032]]]}},{"type":"Feature","properties":{"c":"#fc4e2a","v0":40.0,"v1":50.0},"geometry":{"type":"Polygon","coordinates":[[[-107.6911,32.7885],[-107.6742,32.8221],[-107.6418,32.8481],[-107.5939,32.8666],[-107.5639,32.8834],[-107.5517,32.8985],[-107.547,32.9187],[-107.55,32.9439],[-107.5726,32.9816],[-107.6149,33.0319],[-107.6345,33.0713],[-107.6315,33.0998],[-107.595,33.1237],[-107.525,33.1432],[-107.46,33.145],[-107.4,33.129],[-107.3581,33.1051],[-107.3342,33.0731],[-107.3238,33.0445],[-107.327,33.0194],[-107.3682,32.9564],[-107.4474,32.8557],[-107.4978,32.783],[-107.5193,32.7384],[-107.545,32.7074],[-107.575,32.6898],[-107.605,32.682],[-107.635,32.6839],[-107.6624,32.7066],[-107.6872,32.75],[-107.6911,32.7885]],[[-107.681,32.7885],[-107.6623,32.8221],[-107.6322,32.8457],[-107.5907,32.8593],[-107.5615,32.8761],[-107.5444,32.8961],[-107.5371,32.9187],[-107.5397,32.9439],[-107.5621,32.9816],[-107.6042,33.0319],[-107.6246,33.0697],[-107.6232,33.0948],[-107.5894,33.1168],[-107.5231,33.1356],[-107.46,33.1363],[-107.4,33.119],[-107.3605,33.0886],[-107.3416,33.0452],[-107.3737,32.969],[-107.4567,32.8599],[-107.508,32.7842],[-107.5276,32.7422],[-107.5456,32.7148],[-107.5619,32.7022],[-107.585,32.6941],[-107.615,32.6908],[-107.64,32.6953],[-107.66,32.7078],[-107.6751,32.7284],[-107.6853,32.7572],[-107.681,32.7885]]]}},{"type":"Feature","properties":{"c":"#fc4e2a","v0":40.0,"v1":50.0},"geometry":{"type":"Polygon","coordinates":[[[-76.3488,32.6412],[-76.3448,32.717],[-76.3289,32.7758],[-76.3013,32.8179],[-76.291,32.8599],[-76.298,32.9019],[-76.2971,32.9313],[-76.2882,32.948],[-76.2603,32.9654],[-76.2134,32.9833],[-76.165,32.9719],[-76.115,32.9312],[-76.065,32.9378],[-76.015,32.9916],[-75.975,33.0197],[-75.945,33.0222],[-75.907,32.9983],[-75.8609,32.948],[-75.8388,32.9103],[-75.8408,32.8851],[-75.8558,32.8515],[-75.8839,32.8095],[-75.906,32.7841],[-75.922,32.7753],[-75.965,32.777],[-76.035,32.789],[-76.1153,32.7681],[-76.206,32.7144],[-76.2624,32.6665],[-76.2843,32.6244],[-76.304,32.5999],[-76.3213,32.5931],[-76.3352,32.5931],[-76.3456,32.5999],[-76.3488,32.6412]],[[-76.3352,32.7338],[-76.331,32.759],[-76.3162,32.7885],[-76.2907,32.8221],[-76.2817,32.8599],[-76.2892,32.9019],[-76.282,32.9355],[-76.26,32.9606],[-76.2293,32.9739],[-76.1898,32.9752],[-76.15,32.9553],[-76.11,32.9142],[-76.07,32.9189],[-76.03,32.9691],[-75.995,33.001],[-75.965,33.0145],[-75.9258,33.0008],[-75.8774,32.9601],[-75.8525,32.9229],[-75.8513,32.8893],[-75.8655,32.8513],[-75.8952,32.809],[-75.95,32.7918],[-76.03,32.7996],[-76.115,32.7772],[-76.205,32.7246],[-76.265,32.6756],[-76.295,32.6302],[-76.315,32.6073],[-76.325,32.607],[-76.3318,32.6354],[-76.3354,32.6926],[-76.3352,32.7338]]]}},{"type":"Feature","properties":{"c":"#fc4e2a","v0":40.0,"v1":50.0},"geometry":{"type":"Polygon","coordinates":[[[-84.1889,32.8587],[-84.163,32.8984],[-84.11,32.9349],[-84.03,32.9683],[-83.98,32.9842],[-83.96,32.9825],[-83.935,32.9711],[-83.905,32.9499],[-83.86,32.9449],[-83.8,32.956],[-83.7549,32.9434],[-83.7246,32.9073],[-83.7156,32.8767],[-83.7279,32.8515],[-83.7631,32.8324],[-83.821,32.8193],[-83.875,32.7998],[-83.925,32.774],[-84.0,32.7626],[-84.1,32.7657],[-84.163,32.7852],[-84.1889,32.821],[-84.1889,32.8587]],[[-84.1826,32.8565],[-84.1609,32.8919],[-84.11,32.9266],[-84.03,32.9609],[-83.9797,32.9768],[-83.959,32.9744],[-83.934,32.9622],[-83.9047,32.9402],[-83.87,32.9366],[-83.83,32.9514],[-83.8,32.9575],[-83.78,32.9548],[-83.7571,32.9374],[-83.7313,32.9053],[-83.7263,32.8769],[-83.7421,32.852],[-83.775,32.835],[-83.825,32.8258],[-83.875,32.8079],[-83.925,32.7813],[-83.997,32.7689],[-84.091,32.7707],[-84.1518,32.7885],[-84.1796,32.8221],[-84.1826,32.8565]]]}},{"type":"Feature","properties":{"c":"#fc4e2a","v0":40.0,"v1":50.0},"geometry":{"type":"Polygon","coordinates":[[[-109.7086,32.7632],[-109.676,32.8137],[-109.6623,32.8557],[-109.6675,32.8893],[-109.6651,32.9173],[-109.655,32.9398],[-109.605,32.9519],[-109.515,32.9537],[-109.464,32.9467],[-109.4521,32.9308],[-109.4471,32.9076],[-109.449,32.8769],[-109.48,32.849],[-109.54,32.8237],[-109.585,32.782],[-109.615,32.724],[-109.645,32.694],[-109.675,32.692],[-109.6987,32.7027],[-109.7162,32.7262],[-109.7086,32.7632]],[[-109.6283,32.9131],[-109.6161,32.9272],[-109.585,32.9345],[-109.535,32.935],[-109.501,32.9238],[-109.483,32.9008],[-109.4822,32.8809],[-109.4987,32.8641],[-109.5327,32.8493],[-109.5842,32.8365],[-109.6161,32.8491],[-109.6283,32.8871],[-109.6283,32.9131]],[[-109.6762,32.7581],[-109.6454,32.7983],[-109.635,32.7947],[-109.645,32.7471],[-109.6604,32.727],[-109.6812,32.7343],[-109.6762,32.7581]]]}},{"type":"Feature","properties":{"c":"#fc4e2a","v0":40.0,"v1":50.0},"geometry":{"type":"Polygon","coordinates":[[[-109.5113,32.6767],[-109.4704,32.7224],[-109.44,32.7469],[-109.42,32.75],[-109.4037,32.7355],[-109.3912,32.7035],[-109.3912,32.6765],[-109.4037,32.6545],[-109.43,32.6371],[-109.47,32.6244],[-109.5004,32.627],[-109.5213,32.6449],[-109.5113,32.6767]],[[-109.4755,32.6685],[-109.4452,32.6979],[-109.4288,32.7021],[-109.4265,32.6812],[-109.4416,32.6665],[-109.4743,32.658],[-109.4755,32.6685]]]}},{"type":"Feature","properties":{"c":"#fc4e2a","v0":40.0,"v1":50.0},"geometry":{"type":"Polygon","coordinates":[[[-81.9359,32.3174],[-81.9186,32.3534],[-81.84,32.3831],[-81.7,32.4066],[-81.58,32.4376],[-81.48,32.476],[-81.4148,32.5306],[-81.3843,32.6015],[-81.3443,32.6556],[-81.2948,32.6929],[-81.25,32.7132],[-81.21,32.7164],[-81.1773,32.7104],[-81.1519,32.6951],[-81.1351,32.6665],[-81.1268,32.6244],[-81.1369,32.5822],[-81.1655,32.5401],[-81.2073,32.4907],[-81.2624,32.4341],[-81.32,32.3967],[-81.38,32.3785],[-81.445,32.3253],[-81.515,32.237],[-81.565,32.1914],[-81.595,32.1887],[-81.68,32.2001],[-81.82,32.2256],[-81.9,32.2437],[-81.92,32.2543],[-81.9336,32.2696],[-81.9409,32.2895],[-81.9359,32.3174]],[[-81.927,32.3164],[-81.9084,32.3502],[-81.8418,32.3787],[-81.7273,32.4018],[-81.66,32.4107],[-81.64,32.4053],[-81.58,32.4232],[-81.48,32.4644],[-81.4123,32.523],[-81.377,32.599],[-81.337,32.6536],[-81.2923,32.6868],[-81.255,32.706],[-81.225,32.7111],[-81.1947,32.7071],[-81.1641,32.694],[-81.1445,32.6665],[-81.1359,32.6244],[-81.1461,32.5822],[-81.1752,32.5401],[-81.2148,32.4929],[-81.2649,32.4406],[-81.32,32.4059],[-81.38,32.3889],[-81.445,32.3355],[-81.515,32.2458],[-81.565,32.1992],[-81.595,32.1959],[-81.68,32.2071],[-81.82,32.2328],[-81.9016,32.2591],[-81.9248,32.286],[-81.927,32.3164]]]}},{"type":"Feature","properties":{"c":"#fc4e2a","v0":40.0,"v1":50.0},"geometry":{"type":"Polygon","coordinates":[[[-107.7682,32.6284],[-107.7561,32.6448],[-107.74,32.6546],[-107.72,32.6577],[-107.6946,32.6453],[-107.6637,32.6173],[-107.6476,32.5822],[-107.6464,32.5401],[-107.6568,32.4985],[-107.6789,32.4575],[-107.7,32.438],[-107.72,32.44],[-107.7349,32.4479],[-107.7446,32.4616],[-107.7484,32.4853],[-107.7463,32.519],[-107.7524,32.5569],[-107.767,32.5991],[-107.7682,32.6284]],[[-107.7501,32.6275],[-107.7234,32.6421],[-107.6955,32.6337],[-107.6664,32.6022],[-107.6614,32.5518],[-107.6805,32.4824],[-107.7021,32.4529],[-107.7263,32.4632],[-107.7447,32.5064],[-107.7572,32.5822],[-107.7501,32.6275]]]}},{"type":"Feature","properties":{"c":"#fc4e2a","v0":40.0,"v1":50.0},"geometry":{"type":"Polygon","coordinates":[[[-111.134,32.5689],[-111.118,32.6012],[-111.08,32.6185],[-111.02,32.6206],[-110.975,32.6151],[-110.945,32.602],[-110.9123,32.5595],[-110.8769,32.4875],[-110.8647,32.4178],[-110.8758,32.3502],[-110.8885,32.3076],[-110.9028,32.2901],[-110.925,32.2788],[-110.955,32.2736],[-110.9812,32.2781],[-111.0037,32.2924],[-111.0245,32.3291],[-111.0434,32.3882],[-111.0728,32.4389],[-111.1125,32.4811],[-111.1348,32.5148],[-111.1396,32.5401],[-111.134,32.5689]],[[-111.1273,32.5664],[-111.1158,32.5938],[-111.08,32.6089],[-111.02,32.6118],[-110.9762,32.6066],[-110.9487,32.5932],[-110.9183,32.5527],[-110.885,32.4853],[-110.8787,32.4116],[-110.8996,32.3317],[-110.925,32.2887],[-110.955,32.2826],[-110.9783,32.2845],[-110.9948,32.2945],[-111.0129,32.3291],[-111.0326,32.3882],[-111.0623,32.4389],[-111.1019,32.4811],[-111.1245,32.5148],[-111.1302,32.5401],[-111.1273,32.5664]]]}},{"type":"Feature","properties":{"c":"#fc4e2a","v0":40.0,"v1":50.0},"geometry":{"type":"Polygon","coordinates":[[[-88.3038,32.23],[-88.2946,32.2602],[-88.27,32.2961],[-88.23,32.3378],[-88.165,32.3624],[-88.075,32.37],[-88.01,32.3665],[-87.97,32.3521],[-87.9419,32.3335],[-87.9258,32.3108],[-87.9208,32.2784],[-87.927,32.2361],[-87.945,32.2039],[-87.975,32.1818],[-88.055,32.1694],[-88.185,32.1665],[-88.2609,32.1691],[-88.2826,32.1771],[-88.2972,32.1895],[-88.3046,32.2065],[-88.3038,32.23]],[[-88.2965,32.2276],[-88.2902,32.253],[-88.2678,32.287],[-88.2293,32.3296],[-88.165,32.3547],[-88.075,32.3625],[-88.01,32.3586],[-87.97,32.3433],[-87.944,32.3265],[-87.9321,32.3085],[-87.9294,32.2784],[-87.936,32.2361],[-87.952,32.2057],[-87.9773,32.1872],[-88.055,32.1766],[-88.185,32.1738],[-88.2624,32.183],[-88.2872,32.2043],[-88.2965,32.2276]]]}},{"type":"Feature","properties":{"c":"#fc4e2a","v0":40.0,"v1":50.0},"geometry":{"type":"Polygon","coordinates":[[[-111.8908,32.052],[-111.8636,32.0987],[-111.82,32.1308],[-111.76,32.1483],[-111.705,32.1925],[-111.655,32.2634],[-111.6,32.3103],[-111.54,32.3332],[-111.4885,32.3418],[-111.4456,32.3361],[-111.4168,32.3122],[-111.4021,32.2699],[-111.4021,32.2191],[-111.417,32.1599],[-111.4708,32.0933],[-111.5636,32.0193],[-111.635,31.9741],[-111.685,31.9579],[-111.735,31.9498],[-111.785,31.9498],[-111.8295,31.9568],[-111.8685,31.9707],[-111.8922,31.9904],[-111.9004,32.0159],[-111.8908,32.052]],[[-111.8843,32.0498],[-111.8602,32.0921],[-111.8183,32.1218],[-111.7586,32.1387],[-111.704,32.1829],[-111.6547,32.2543],[-111.6,32.3019],[-111.54,32.3257],[-111.49,32.3351],[-111.45,32.3301],[-111.4232,32.3079],[-111.4095,32.2685],[-111.4095,32.2211],[-111.4232,32.1657],[-111.475,32.1013],[-111.565,32.0278],[-111.635,31.9824],[-111.685,31.9653],[-111.735,31.9568],[-111.785,31.9568],[-111.8261,31.962],[-111.8584,31.9725],[-111.88,31.9904],[-111.8909,32.0159],[-111.8843,32.0498]]]}},{"type":"Feature","properties":{"c":"#fc4e2a","v0":40.0,"v1":50.0},"geometry":{"type":"Polygon","coordinates":[[[-116.0136,31.8562],[-115.9845,31.9187],[-115.9416,31.9569],[-115.8848,31.9708],[-115.8398,31.9957],[-115.8066,32.0318],[-115.775,32.0501],[-115.745,32.0505],[-115.7097,32.0367],[-115.669,32.0087],[-115.6448,31.9777],[-115.637,31.9438],[-115.6374,31.9153],[-115.6458,31.8924],[-115.68,31.8699],[-115.74,31.8476],[-115.8,31.8161],[-115.86,31.7753],[-115.91,31.7536],[-115.95,31.751],[-115.9827,31.76],[-116.0081,31.7806],[-116.0226,31.7994],[-116.0263,31.8164],[-116.0136,31.8562]],[[-116.0058,31.8546],[-115.9783,31.914],[-115.9359,31.9505],[-115.8786,31.964],[-115.835,31.9884],[-115.805,32.0237],[-115.775,32.0417],[-115.745,32.0423],[-115.71,32.0273],[-115.67,31.9964],[-115.65,31.9588],[-115.65,31.9145],[-115.6814,31.8797],[-115.7442,31.8545],[-115.8092,31.82],[-115.8764,31.7761],[-115.93,31.7583],[-115.97,31.7663],[-115.9974,31.784],[-116.0122,31.8112],[-116.0058,31.8546]]]}},{"type":"Feature","properties":{"c":"#fc4e2a","v0":40.0,"v1":50.0},"geometry":{"type":"Polygon","coordinates":[[[-112.088,31.6037],[-112.0627,31.638],[-112.03,31.6597],[-111.99,31.6691],[-111.9637,31.7031],[-111.9511,31.7616],[-111.9261,31.7924],[-111.8887,31.7956],[-111.85,31.7848],[-111.81,31.7601],[-111.7873,31.7287],[-111.7818,31.6908],[-111.7868,31.6664],[-111.8023,31.6555],[-111.8357,31.647],[-111.8871,31.6408],[-111.9152,31.6164],[-111.9201,31.5739],[-111.9344,31.5389],[-111.9581,31.5115],[-111.99,31.5001],[-112.03,31.5047],[-112.0627,31.5269],[-112.088,31.5667],[-112.088,31.6037]],[[-112.0815,31.6013],[-112.0605,31.6307],[-112.0239,31.652],[-111.9718,31.6652],[-111.948,31.6931],[-111.9524,31.7356],[-111.9485,31.7651],[-111.9362,31.7816],[-111.91,31.788],[-111.87,31.7842],[-111.8361,31.7717],[-111.8083,31.7505],[-111.7922,31.7271],[-111.7877,31.7016],[-111.7916,31.6815],[-111.8039,31.6669],[-111.84,31.655],[-111.9,31.6458],[-111.93,31.6203],[-111.93,31.5786],[-111.94,31.5449],[-111.96,31.5194],[-111.99,31.509],[-112.03,31.5136],[-112.0605,31.5336],[-112.0815,31.569],[-112.0815,31.6013]]]}},{"type":"Feature","properties":{"c":"#fc4e2a","v0":40.0,"v1":50.0},"geometry":{"type":"Polygon","coordinates":[[[-81.365,31.544],[-81.3458,31.5952],[-81.2797,31.6368],[-81.1666,31.6689],[-81.0976,31.6689],[-81.0729,31.6368],[-81.0628,31.5611],[-81.0674,31.4417],[-81.0848,31.3691],[-81.1149,31.3435],[-81.145,31.3303],[-81.175,31.3298],[-81.21,31.3529],[-81.25,31.3998],[-81.29,31.4322],[-81.33,31.4502],[-81.3561,31.474],[-81.3684,31.5037],[-81.365,31.544]],[[-81.3556,31.5421],[-81.3385,31.5894],[-81.275,31.6285],[-81.165,31.6594],[-81.1,31.6613],[-81.0799,31.6342],[-81.0727,31.5611],[-81.0782,31.4417],[-81.0932,31.3715],[-81.1177,31.3507],[-81.145,31.3404],[-81.175,31.3406],[-81.2091,31.3639],[-81.2474,31.4101],[-81.2859,31.4417],[-81.3247,31.4588],[-81.3491,31.4801],[-81.3592,31.5057],[-81.3556,31.5421]]]}},{"type":"Feature","properties":{"c":"#fc4e2a","v0":40.0,"v1":50.0},"geometry":{"type":"Polygon","coordinates":[[[-111.758,31.6164],[-111.7512,31.642],[-111.7334,31.6602],[-111.7045,31.6711],[-111.655,31.6562],[-111.585,31.6156],[-111.54,31.5945],[-111.52,31.593],[-111.49,31.6042],[-111.45,31.6283],[-111.4055,31.6269],[-111.3565,31.6001],[-111.3282,31.5739],[-111.3205,31.5483],[-111.3211,31.5057],[-111.3298,31.446],[-111.3271,31.3862],[-111.3129,31.3264],[-111.3122,31.2837],[-111.3251,31.2581],[-111.3612,31.2196],[-111.4204,31.1683],[-111.47,31.1394],[-111.51,31.1328],[-111.543,31.1541],[-111.5691,31.2035],[-111.5816,31.2452],[-111.5806,31.2794],[-111.5656,31.3136],[-111.5367,31.3478],[-111.5208,31.3777],[-111.5177,31.4033],[-111.5646,31.4262],[-111.6615,31.4464],[-111.7228,31.4933],[-111.7485,31.5669],[-111.758,31.6164]],[[-111.7479,31.6164],[-111.7388,31.642],[-111.7232,31.6582],[-111.7011,31.665],[-111.655,31.6482],[-111.585,31.6077],[-111.54,31.5864],[-111.52,31.5844],[-111.49,31.5955],[-111.45,31.6199],[-111.408,31.6208],[-111.364,31.598],[-111.3377,31.5739],[-111.3292,31.5483],[-111.3294,31.5057],[-111.3381,31.446],[-111.3356,31.3862],[-111.3218,31.3264],[-111.3217,31.2837],[-111.3353,31.2581],[-111.3691,31.2217],[-111.423,31.1745],[-111.47,31.148],[-111.51,31.1422],[-111.5409,31.1615],[-111.5628,31.2059],[-111.573,31.2452],[-111.5716,31.2794],[-111.5564,31.3136],[-111.5273,31.3478],[-111.5104,31.3777],[-111.5055,31.4033],[-111.5548,31.4286],[-111.6583,31.4536],[-111.7206,31.5006],[-111.7418,31.5693],[-111.7479,31.6164]]]}},{"type":"Feature","properties":{"c":"#fc4e2a","v0":40.0,"v1":50.0},"geometry":{"type":"Polygon","coordinates":[[[-88.2609,31.5305],[-88.2536,31.5546],[-88.24,31.5708],[-88.22,31.5793],[-88.185,31.5828],[-88.135,31.5814],[-88.0966,31.5737],[-88.0698,31.5596],[-88.0504,31.527],[-88.0382,31.4758],[-88.0142,31.4417],[-87.9785,31.4246],[-87.9549,31.4076],[-87.9436,31.3905],[-87.9335,31.3521],[-87.9249,31.2923],[-87.9329,31.2465],[-87.9576,31.2147],[-87.99,31.1958],[-88.03,31.19],[-88.0672,31.1973],[-88.1015,31.2179],[-88.1275,31.2581],[-88.1453,31.3179],[-88.1743,31.3606],[-88.2148,31.3862],[-88.2424,31.4289],[-88.2572,31.4886],[-88.2609,31.5305]],[[-88.2548,31.5271],[-88.2516,31.5444],[-88.24,31.5589],[-88.22,31.5704],[-88.19,31.5764],[-88.15,31.5767],[-88.1144,31.5708],[-88.0831,31.5586],[-88.0616,31.527],[-88.0499,31.4758],[-88.0196,31.4332],[-87.9708,31.399],[-87.9421,31.3521],[-87.9336,31.2923],[-87.9395,31.2487],[-87.9598,31.2213],[-87.985,31.2034],[-88.015,31.1951],[-88.0496,31.2002],[-88.0888,31.2188],[-88.1173,31.2581],[-88.135,31.3179],[-88.1655,31.3629],[-88.2085,31.3931],[-88.2366,31.4358],[-88.2498,31.4909],[-88.2548,31.5271]]]}},{"type":"Feature","properties":{"c":"#fc4e2a","v0":40.0,"v1":50.0},"geometry":{"type":"Polygon","coordinates":[[[-82.3789,31.501],[-82.3596,31.5344],[-82.33,31.551],[-82.29,31.5508],[-82.2484,31.5],[-82.2051,31.3985],[-82.1846,31.3008],[-82.1868,31.2068],[-82.2015,31.1383],[-82.2286,31.0955],[-82.2591,31.0645],[-82.293,31.0453],[-82.3245,31.0453],[-82.3535,31.0645],[-82.3648,31.1041],[-82.3582,31.164],[-82.3467,31.211],[-82.3304,31.2452],[-82.3388,31.3179],[-82.372,31.4289],[-82.3789,31.501]],[[-82.371,31.4984],[-82.357,31.5266],[-82.33,31.5403],[-82.29,31.5398],[-82.2501,31.4874],[-82.2104,31.383],[-82.1926,31.288],[-82.1966,31.2025],[-82.2115,31.1396],[-82.2372,31.0993],[-82.265,31.0707],[-82.295,31.0537],[-82.3218,31.0524],[-82.3453,31.0668],[-82.355,31.0998],[-82.3508,31.1511],[-82.3397,31.1982],[-82.3216,31.241],[-82.3289,31.3179],[-82.3616,31.4289],[-82.371,31.4984]]]}},{"type":"Feature","properties":{"c":"#fc4e2a","v0":40.0,"v1":50.0},"geometry":{"type":"Polygon","coordinates":[[[-92.7291,31.439],[-92.703,31.4848],[-92.65,31.5083],[-92.57,31.5094],[-92.5142,31.4865],[-92.4826,31.4396],[-92.4352,31.3948],[-92.372,31.3521],[-92.3342,31.3136],[-92.3217,31.2794],[-92.3189,31.2495],[-92.3257,31.2239],[-92.3594,31.2013],[-92.4198,31.1818],[-92.46,31.1739],[-92.48,31.1774],[-92.505,31.1921],[-92.535,31.2178],[-92.58,31.2288],[-92.64,31.225],[-92.6794,31.2329],[-92.6983,31.2525],[-92.7163,31.3008],[-92.7335,31.3777],[-92.7291,31.439]],[[-92.7278,31.4317],[-92.7159,31.463],[-92.7,31.4859],[-92.68,31.5005],[-92.6351,31.5062],[-92.5654,31.503],[-92.5154,31.4777],[-92.4851,31.4304],[-92.44,31.3876],[-92.38,31.3495],[-92.345,31.3042],[-92.335,31.2516],[-92.34,31.2176],[-92.36,31.2024],[-92.39,31.191],[-92.43,31.1835],[-92.46,31.1818],[-92.48,31.1859],[-92.505,31.2009],[-92.535,31.2269],[-92.58,31.2378],[-92.64,31.2337],[-92.6771,31.2393],[-92.6914,31.2547],[-92.7074,31.3008],[-92.725,31.3777],[-92.7278,31.4317]]]}},{"type":"Feature","properties":{"c":"#fc4e2a","v0":40.0,"v1":50.0},"geometry":{"type":"Polygon","coordinates":[[[-81.5821,31.1045],[-81.5607,31.1312],[-81.52,31.1525],[-81.46,31.1684],[-81.405,31.2057],[-81.355,31.2643],[-81.315,31.2983],[-81.285,31.3077],[-81.261,31.3084],[-81.2429,31.3005],[-81.2344,31.2752],[-81.2353,31.2324],[-81.2643,31.1796],[-81.3214,31.1168],[-81.4,31.0759],[-81.5,31.0571],[-81.5607,31.0585],[-81.5821,31.0803],[-81.5821,31.1045]],[[-81.5738,31.102],[-81.5579,31.1235],[-81.52,31.1417],[-81.46,31.1567],[-81.405,31.1941],[-81.355,31.2538],[-81.315,31.2885],[-81.285,31.298],[-81.2616,31.2969],[-81.2447,31.2853],[-81.2397,31.2609],[-81.2466,31.2239],[-81.28,31.175],[-81.34,31.1142],[-81.415,31.077],[-81.505,31.0635],[-81.5579,31.0654],[-81.5738,31.0826],[-81.5738,31.102]]]}},{"type":"Feature","properties":{"c":"#fc4e2a","v0":40.0,"v1":50.0},"geometry":{"type":"Polygon","coordinates":[[[-85.4364,30.9869],[-85.4188,31.0182],[-85.37,31.0374],[-85.29,31.0447],[-85.2416,31.0762],[-85.2247,31.1319],[-85.2078,31.1683],[-85.191,31.1854],[-85.1694,31.1982],[-85.1431,31.2068],[-85.115,31.2091],[-85.085,31.205],[-85.0615,31.1921],[-85.0445,31.1705],[-85.0395,31.1236],[-85.0465,31.0514],[-85.0153,30.9957],[-84.9459,30.9565],[-84.911,30.8983],[-84.9106,30.8211],[-84.8913,30.7609],[-84.8531,30.7179],[-84.8357,30.6878],[-84.8391,30.6706],[-84.8531,30.6603],[-84.8777,30.6569],[-84.935,30.6684],[-85.025,30.6948],[-85.14,30.7383],[-85.28,30.7991],[-85.3712,30.8521],[-85.4137,30.8972],[-85.4375,30.9326],[-85.4426,30.9584],[-85.4364,30.9869]],[[-85.4353,30.9801],[-85.4318,30.9978],[-85.42,31.0132],[-85.4,31.0263],[-85.3546,31.0346],[-85.2839,31.0381],[-85.2381,31.0698],[-85.2171,31.1297],[-85.1975,31.168],[-85.1792,31.1846],[-85.145,31.1933],[-85.095,31.1943],[-85.0636,31.186],[-85.0508,31.1685],[-85.0473,31.1212],[-85.0531,31.0441],[-85.0222,30.9884],[-84.9547,30.9541],[-84.9167,30.9241],[-84.9083,30.8983],[-84.9078,30.8597],[-84.9151,30.8082],[-84.8996,30.7566],[-84.8612,30.705],[-84.854,30.6752],[-84.878,30.6671],[-84.9332,30.6757],[-85.0195,30.701],[-85.1345,30.7449],[-85.2782,30.8073],[-85.37,30.8614],[-85.41,30.9071],[-85.4318,30.9403],[-85.4353,30.9609],[-85.4353,30.9801]]]}},{"type":"Feature","properties":{"c":"#fc4e2a","v0":40.0,"v1":50.0},"geometry":{"type":"Polygon","coordinates":[[[-82.9692,31.027],[-82.9536,31.0698],[-82.9269,31.1058],[-82.889,31.1349],[-82.82,31.1593],[-82.72,31.1791],[-82.6453,31.1816],[-82.5959,31.167],[-82.5756,31.1383],[-82.5845,31.0955],[-82.6292,31.0441],[-82.7097,30.9841],[-82.765,30.9515],[-82.795,30.9463],[-82.845,30.9486],[-82.915,30.9584],[-82.9567,30.9739],[-82.9702,30.995],[-82.9692,31.027]],[[-82.9598,31.027],[-82.944,31.0698],[-82.9196,31.1038],[-82.8865,31.1291],[-82.82,31.1518],[-82.72,31.1719],[-82.6483,31.1764],[-82.6049,31.1653],[-82.5875,31.1383],[-82.5961,31.0955],[-82.6378,31.0461],[-82.7126,30.9901],[-82.795,30.9632],[-82.885,30.9654],[-82.9394,30.9763],[-82.9583,30.9958],[-82.9598,31.027]]]}},{"type":"Feature","properties":{"c":"#fc4e2a","v0":40.0,"v1":50.0},"geometry":{"type":"Polygon","coordinates":[[[-88.6621,30.6921],[-88.6331,30.7523],[-88.6277,30.8039],[-88.6459,30.8468],[-88.6506,30.9069],[-88.6418,30.9841],[-88.6155,31.0488],[-88.5718,31.1012],[-88.53,31.1301],[-88.49,31.1357],[-88.4534,31.1224],[-88.4201,31.0902],[-88.3901,31.0312],[-88.3634,30.9455],[-88.3528,30.8897],[-88.3583,30.864],[-88.3733,30.8351],[-88.3978,30.803],[-88.4385,30.7687],[-88.4954,30.732],[-88.5399,30.6921],[-88.5719,30.6491],[-88.6034,30.6292],[-88.6345,30.6325],[-88.6566,30.6411],[-88.6699,30.6551],[-88.6621,30.6921]],[[-88.6526,30.705],[-88.6239,30.7566],[-88.6186,30.8039],[-88.6368,30.8468],[-88.6415,30.9069],[-88.6328,30.9841],[-88.6088,31.0464],[-88.5696,31.094],[-88.53,31.1209],[-88.49,31.1273],[-88.454,31.1121],[-88.422,31.0753],[-88.3942,31.0184],[-88.3704,30.9412],[-88.3614,30.8897],[-88.3671,30.864],[-88.38,30.8375],[-88.4,30.8101],[-88.44,30.777],[-88.5,30.7382],[-88.545,30.6979],[-88.575,30.6564],[-88.605,30.6374],[-88.635,30.641],[-88.6542,30.652],[-88.6627,30.6702],[-88.6526,30.705]]]}},{"type":"Feature","properties":{"c":"#fc4e2a","v0":40.0,"v1":50.0},"geometry":{"type":"Polygon","coordinates":[[[-91.1212,30.7953],[-91.1146,30.8211],[-91.0852,30.8554],[-91.033,30.8983],[-91.0157,30.9369],[-91.0333,30.9712],[-91.0391,31.0078],[-91.033,31.0466],[-91.015,31.075],[-90.985,31.0929],[-90.945,31.1033],[-90.895,31.1061],[-90.858,31.1034],[-90.8341,31.0953],[-90.8161,31.0826],[-90.8041,31.0655],[-90.8003,31.027],[-90.8048,30.967],[-90.7808,30.9284],[-90.7283,30.9112],[-90.6975,30.8812],[-90.6883,30.8382],[-90.6502,30.8079],[-90.5834,30.7903],[-90.5402,30.7645],[-90.5205,30.7306],[-90.5205,30.6986],[-90.5402,30.6685],[-90.585,30.6496],[-90.655,30.642],[-90.7002,30.6442],[-90.7206,30.6561],[-90.7343,30.6835],[-90.7411,30.7265],[-90.7509,30.7513],[-90.7636,30.7578],[-90.7772,30.7578],[-90.7915,30.7513],[-90.8165,30.715],[-90.8522,30.6489],[-90.895,30.6118],[-90.945,30.6038],[-90.9886,30.6111],[-91.0258,30.6336],[-91.0644,30.6792],[-91.1045,30.748],[-91.1212,30.7953]],[[-91.1123,30.7953],[-91.1043,30.8211],[-91.0743,30.8554],[-91.0223,30.8983],[-91.0056,30.9369],[-91.0243,30.9712],[-91.0319,31.0055],[-91.0284,31.0398],[-91.0125,31.0664],[-90.9842,31.0852],[-90.945,31.0961],[-90.895,31.0988],[-90.8542,31.0894],[-90.8225,31.0678],[-90.8075,31.0239],[-90.8092,30.9577],[-90.785,30.918],[-90.735,30.9047],[-90.705,30.8757],[-90.695,30.8308],[-90.655,30.7994],[-90.585,30.7817],[-90.5423,30.7581],[-90.5268,30.7284],[-90.5268,30.7006],[-90.5423,30.6746],[-90.5837,30.6574],[-90.6512,30.649],[-90.6962,30.6527],[-90.7187,30.6686],[-90.7307,30.6944],[-90.7321,30.7301],[-90.7421,30.7536],[-90.7607,30.7646],[-90.7802,30.7646],[-90.8005,30.7536],[-90.8255,30.7173],[-90.8552,30.6558],[-90.895,30.6205],[-90.945,30.6115],[-90.986,30.6165],[-91.0181,30.6354],[-91.0546,30.6792],[-91.0957,30.748],[-91.1123,30.7953]]]}},{"type":"Feature","properties":{"c":"#fc4e2a","v0":40.0,"v1":50.0},"geometry":{"type":"Polygon","coordinates":[[[-90.2078,30.7996],[-90.0968,30.9369],[-90.0185,31.013],[-89.9728,31.0278],[-89.9279,31.0278],[-89.8837,31.013],[-89.8555,30.9927],[-89.8433,30.967],[-89.8391,30.9326],[-89.843,30.8897],[-89.864,30.8554],[-89.9021,30.8296],[-89.9333,30.7994],[-89.9578,30.7647],[-90.0,30.7427],[-90.06,30.7336],[-90.115,30.71],[-90.165,30.6719],[-90.2046,30.6595],[-90.2337,30.6727],[-90.252,30.6921],[-90.2596,30.7179],[-90.2078,30.7996]],[[-90.1987,30.7993],[-90.0862,30.936],[-90.01,31.0103],[-89.97,31.0223],[-89.9306,31.0226],[-89.8917,31.0112],[-89.8656,30.9927],[-89.8522,30.967],[-89.8457,30.9369],[-89.8462,30.9026],[-89.8673,30.8689],[-89.9091,30.8357],[-89.94,30.8037],[-89.96,30.7728],[-90.0036,30.7507],[-90.0707,30.7375],[-90.1257,30.7132],[-90.1686,30.678],[-90.2019,30.6651],[-90.2258,30.6745],[-90.2421,30.6921],[-90.2506,30.7179],[-90.1987,30.7993]]]}},{"type":"Feature","properties":{"c":"#fc4e2a","v0":40.0,"v1":50.0},"geometry":{"type":"Polygon","coordinates":[[[-92.2964,30.8508],[-92.2788,30.8844],[-92.24,30.9036],[-92.18,30.9085],[-92.1378,30.8874],[-92.1133,30.8403],[-92.0778,30.7953],[-92.0312,30.7523],[-92.0049,30.7179],[-91.999,30.6921],[-92.0011,30.6663],[-92.0114,30.6405],[-92.0398,30.62],[-92.0866,30.6048],[-92.14,30.6037],[-92.2,30.6169],[-92.2381,30.6331],[-92.2543,30.6524],[-92.2731,30.705],[-92.2945,30.791],[-92.2964,30.8508]],[[-92.2954,30.8433],[-92.2918,30.8619],[-92.28,30.8789],[-92.26,30.8941],[-92.225,30.9018],[-92.175,30.9018],[-92.14,30.8801],[-92.12,30.8366],[-92.0867,30.7939],[-92.0402,30.7519],[-92.0137,30.7179],[-92.0074,30.6921],[-92.01,30.6663],[-92.0216,30.6405],[-92.0531,30.6217],[-92.1044,30.6099],[-92.1531,30.6099],[-92.1993,30.6217],[-92.2317,30.6405],[-92.2503,30.6663],[-92.269,30.7179],[-92.2878,30.7953],[-92.2954,30.8433]]]}},{"type":"Feature","properties":{"c":"#fc4e2a","v0":40.0,"v1":50.0},"geometry":{"type":"Polygon","coordinates":[[[-84.296,30.7286],[-84.2787,30.7584],[-84.195,30.783],[-84.045,30.8026],[-83.9499,30.792],[-83.9097,30.7512],[-83.8857,30.7093],[-83.878,30.6663],[-83.8831,30.6342],[-83.901,30.6131],[-83.955,30.6034],[-84.045,30.6054],[-84.135,30.6181],[-84.225,30.6415],[-84.2787,30.6683],[-84.296,30.6985],[-84.296,30.7286]],[[-84.2897,30.7265],[-84.2761,30.7523],[-84.1945,30.775],[-84.0448,30.7945],[-83.9498,30.7816],[-83.9093,30.7363],[-83.8875,30.6964],[-83.8843,30.662],[-83.8946,30.6353],[-83.9182,30.6162],[-83.97,30.6085],[-84.05,30.6123],[-84.135,30.626],[-84.225,30.6497],[-84.2766,30.6745],[-84.2898,30.7006],[-84.2897,30.7265]]]}},{"type":"Feature","properties":{"c":"#fc4e2a","v0":40.0,"v1":50.0},"geometry":{"type":"Polygon","coordinates":[[[-91.9759,30.5063],[-91.9586,30.5392],[-91.935,30.5612],[-91.905,30.5721],[-91.8652,30.56],[-91.8157,30.5247],[-91.7874,30.4898],[-91.7801,30.4554],[-91.7899,30.4281],[-91.8166,30.4082],[-91.85,30.3969],[-91.89,30.3943],[-91.925,30.402],[-91.955,30.42],[-91.9736,30.4442],[-91.9809,30.4746],[-91.9759,30.5063]],[[-91.9698,30.5037],[-91.9566,30.5315],[-91.935,30.5514],[-91.905,30.5634],[-91.87,30.5565],[-91.83,30.5307],[-91.8033,30.5022],[-91.7899,30.471],[-91.7949,30.4431],[-91.8183,30.4187],[-91.85,30.4049],[-91.89,30.4018],[-91.9242,30.4097],[-91.9525,30.4287],[-91.9691,30.451],[-91.974,30.4769],[-91.9698,30.5037]]]}},{"type":"Feature","properties":{"c":"#fc4e2a","v0":40.0,"v1":50.0},"geometry":{"type":"Polygon","coordinates":[[[-87.2286,30.535],[-87.2162,30.5565],[-87.195,30.5726],[-87.165,30.5831],[-87.115,30.5747],[-87.045,30.5473],[-86.9723,30.5313],[-86.897,30.5266],[-86.845,30.5071],[-86.8162,30.4726],[-86.7928,30.4166],[-86.7748,30.3389],[-86.7687,30.2914],[-86.7747,30.2742],[-86.7957,30.2588],[-86.8319,30.2453],[-86.88,30.2553],[-86.94,30.2888],[-86.9978,30.3128],[-87.0535,30.3273],[-87.1146,30.3691],[-87.1813,30.4381],[-87.2197,30.4855],[-87.2298,30.5114],[-87.2286,30.535]],[[-87.2167,30.5362],[-87.1989,30.56],[-87.175,30.5742],[-87.145,30.5788],[-87.1,30.5673],[-87.04,30.5399],[-86.98,30.5265],[-86.92,30.5272],[-86.88,30.5231],[-86.86,30.5141],[-86.8389,30.4918],[-86.8166,30.456],[-86.7978,30.4036],[-86.7826,30.3346],[-86.7783,30.2914],[-86.7851,30.2742],[-86.8039,30.2606],[-86.8346,30.2509],[-86.88,30.263],[-86.94,30.297],[-86.995,30.3198],[-87.045,30.3312],[-87.105,30.3726],[-87.175,30.444],[-87.2139,30.4908],[-87.2217,30.5131],[-87.2167,30.5362]]]}},{"type":"Feature","properties":{"c":"#fc4e2a","v0":40.0,"v1":50.0},"geometry":{"type":"Polygon","coordinates":[[[-91.6911,30.4559],[-91.597,30.4914],[-91.505,30.5003],[-91.415,30.4828],[-91.362,30.4564],[-91.346,30.4212],[-91.351,30.3866],[-91.377,30.3526],[-91.42,30.3311],[-91.48,30.3221],[-91.54,30.3262],[-91.6,30.3434],[-91.657,30.3735],[-91.7111,30.4166],[-91.6911,30.4559]],[[-91.7154,30.4259],[-91.7118,30.436],[-91.67,30.456],[-91.59,30.486],[-91.51,30.4947],[-91.43,30.4821],[-91.3791,30.4578],[-91.3573,30.4217],[-91.3573,30.3887],[-91.3791,30.3589],[-91.415,30.339],[-91.465,30.3289],[-91.52,30.3304],[-91.58,30.3436],[-91.6368,30.3679],[-91.6904,30.4032],[-91.7154,30.4259]]]}},{"type":"Feature","properties":{"c":"#fc4e2a","v0":40.0,"v1":50.0},"geometry":{"type":"Polygon","coordinates":[[[-90.1765,30.2186],[-90.1588,30.2629],[-90.125,30.2995],[-90.075,30.3283],[-90.0,30.3322],[-89.9,30.3112],[-89.8388,30.2747],[-89.8165,30.2225],[-89.8092,30.1877],[-89.817,30.1705],[-89.8431,30.1475],[-89.8877,30.1188],[-89.95,30.1002],[-90.03,30.0918],[-90.0905,30.0932],[-90.1315,30.1043],[-90.1604,30.1315],[-90.177,30.1748],[-90.1765,30.2186]],[[-90.1683,30.218],[-90.1505,30.2612],[-90.1187,30.2959],[-90.0729,30.322],[-90.0,30.324],[-89.9,30.3018],[-89.8411,30.2671],[-89.8234,30.22],[-89.8384,30.1755],[-89.8861,30.1336],[-89.95,30.1083],[-90.03,30.0997],[-90.09,30.1012],[-90.13,30.1129],[-90.1568,30.1381],[-90.1704,30.177],[-90.1683,30.218]]]}},{"type":"Feature","properties":{"c":"#fc4e2a","v0":40.0,"v1":50.0},"geometry":{"type":"Polygon","coordinates":[[[-90.8868,30.0623],[-90.88,30.1056],[-90.855,30.1471],[-90.8117,30.187],[-90.765,30.2066],[-90.715,30.206],[-90.67,30.1921],[-90.63,30.1648],[-90.5876,30.1712],[-90.5429,30.211],[-90.5029,30.2337],[-90.4676,30.2391],[-90.4337,30.2348],[-90.4012,30.2207],[-90.3731,30.1964],[-90.3496,30.1618],[-90.3422,30.1272],[-90.3512,30.0926],[-90.3892,30.0522],[-90.4564,30.0059],[-90.52,29.9902],[-90.58,30.0051],[-90.63,30.0042],[-90.67,29.9875],[-90.725,29.9766],[-90.795,29.9716],[-90.845,29.987],[-90.8751,30.0228],[-90.8868,30.0623]],[[-90.878,30.0623],[-90.8709,30.1056],[-90.848,30.1453],[-90.8093,30.1815],[-90.765,30.1991],[-90.715,30.1983],[-90.67,30.184],[-90.63,30.1562],[-90.585,30.1638],[-90.535,30.2066],[-90.495,30.2297],[-90.465,30.233],[-90.435,30.2279],[-90.405,30.2144],[-90.3791,30.1919],[-90.3572,30.1603],[-90.3511,30.1272],[-90.361,30.0926],[-90.3969,30.0542],[-90.459,30.0121],[-90.52,29.9983],[-90.58,30.0128],[-90.63,30.0117],[-90.67,29.9951],[-90.725,29.9845],[-90.795,29.9797],[-90.8429,29.9932],[-90.8687,30.0248],[-90.878,30.0623]]]}},{"type":"Feature","properties":{"c":"#fc4e2a","v0":40.0,"v1":50.0},"geometry":{"type":"Polygon","coordinates":[[[-81.91,29.4411],[-81.87,29.4924],[-81.815,29.5435],[-81.745,29.5945],[-81.695,29.6232],[-81.665,29.6297],[-81.6403,29.6265],[-81.621,29.6134],[-81.6088,29.5808],[-81.6038,29.5286],[-81.6168,29.472],[-81.6478,29.411],[-81.6749,29.371],[-81.6983,29.352],[-81.725,29.3362],[-81.755,29.3235],[-81.795,29.3185],[-81.845,29.3211],[-81.8818,29.3326],[-81.9055,29.3529],[-81.9205,29.3762],[-81.9269,29.4023],[-81.91,29.4411]],[[-81.9036,29.4385],[-81.8679,29.4847],[-81.815,29.5337],[-81.745,29.5854],[-81.7,29.6151],[-81.68,29.6227],[-81.6579,29.6216],[-81.6337,29.6118],[-81.6175,29.5851],[-81.6092,29.5416],[-81.6266,29.4807],[-81.6696,29.4023],[-81.7109,29.3534],[-81.7503,29.3341],[-81.79,29.3244],[-81.83,29.3244],[-81.8645,29.3341],[-81.8934,29.3534],[-81.9112,29.3762],[-81.918,29.4023],[-81.9036,29.4385]]]}},{"type":"Feature","properties":{"c":"#fc4e2a","v0":40.0,"v1":50.0},"geometry":{"type":"Polygon","coordinates":[[[-81.1305,28.6865],[-81.1035,28.7326],[-81.065,28.7523],[-81.015,28.7454],[-80.9025,28.6697],[-80.7275,28.5251],[-80.6375,28.436],[-80.6325,28.4029],[-80.65,28.3839],[-80.69,28.3791],[-80.76,28.402],[-80.86,28.4526],[-80.935,28.4728],[-80.985,28.4626],[-81.0241,28.4607],[-81.0524,28.467],[-81.0859,28.5186],[-81.1246,28.6152],[-81.1305,28.6865]],[[-81.1243,28.6843],[-81.1014,28.726],[-81.0651,28.7435],[-81.0152,28.7369],[-80.9052,28.6629],[-80.7351,28.5214],[-80.6453,28.4379],[-80.636,28.4125],[-80.6487,28.3955],[-80.6836,28.3867],[-80.7532,28.4083],[-80.8577,28.4602],[-80.9452,28.4822],[-81.0155,28.4742],[-81.0719,28.5186],[-81.1145,28.6152],[-81.1243,28.6843]]]}},{"type":"Feature","properties":{"c":"#fc4e2a","v0":40.0,"v1":50.0},"geometry":{"type":"Polygon","coordinates":[[[-80.562,28.2218],[-80.5407,28.2532],[-80.515,28.2689],[-80.485,28.269],[-80.4389,28.2357],[-80.3766,28.169],[-80.3248,28.1224],[-80.2835,28.0959],[-80.262,28.0165],[-80.2602,27.884],[-80.272,27.8048],[-80.2973,27.779],[-80.335,27.7647],[-80.385,27.7619],[-80.4296,27.7792],[-80.4689,27.8166],[-80.4965,27.8707],[-80.5125,27.9414],[-80.5177,27.9988],[-80.5119,28.043],[-80.5249,28.1003],[-80.5567,28.1709],[-80.562,28.2218]],[[-80.5548,28.2195],[-80.5383,28.2461],[-80.515,28.2595],[-80.485,28.2596],[-80.44,28.2269],[-80.38,28.1612],[-80.3308,28.117],[-80.2925,28.0941],[-80.2713,28.0209],[-80.2672,27.8972],[-80.2764,27.8202],[-80.2988,27.7899],[-80.335,27.7733],[-80.385,27.7707],[-80.4272,27.7858],[-80.4617,27.8188],[-80.4872,27.8707],[-80.5036,27.9414],[-80.5087,27.9988],[-80.5025,28.043],[-80.5153,28.1003],[-80.5472,28.1709],[-80.5548,28.2195]]]}},{"type":"Feature","properties":{"c":"#fc4e2a","v0":40.0,"v1":50.0},"geometry":{"type":"Polygon","coordinates":[[[-80.5483,26.9296],[-80.5345,26.9652],[-80.5032,26.9911],[-80.4544,27.0071],[-80.4243,27.0249],[-80.4129,27.0445],[-80.4088,27.0632],[-80.4121,27.0811],[-80.4368,27.1033],[-80.483,27.13],[-80.5151,27.1567],[-80.533,27.1834],[-80.5405,27.2145],[-80.5377,27.2501],[-80.5232,27.2857],[-80.497,27.3212],[-80.4755,27.3447],[-80.4585,27.356],[-80.435,27.3618],[-80.405,27.3618],[-80.345,27.3398],[-80.255,27.2958],[-80.1964,27.2501],[-80.1692,27.2027],[-80.1657,27.1389],[-80.1859,27.0588],[-80.2145,27.0062],[-80.2515,26.9811],[-80.2902,26.9677],[-80.3306,26.9661],[-80.3656,26.9443],[-80.3952,26.9024],[-80.43,26.8703],[-80.47,26.848],[-80.5,26.839],[-80.52,26.8433],[-80.5363,26.8621],[-80.5489,26.8952],[-80.5483,26.9296]],[[-80.5385,26.9296],[-80.5232,26.9652],[-80.4942,26.9887],[-80.4514,26.9999],[-80.423,27.0132],[-80.4089,27.0288],[-80.4039,27.0523],[-80.408,27.084],[-80.435,27.1142],[-80.485,27.1431],[-80.5165,27.1718],[-80.5295,27.2003],[-80.5244,27.2412],[-80.5012,27.2946],[-80.4697,27.3306],[-80.4299,27.3495],[-80.365,27.3387],[-80.275,27.2984],[-80.2178,27.2668],[-80.1933,27.2438],[-80.1766,27.2145],[-80.1676,27.179],[-80.1688,27.1345],[-80.1801,27.0811],[-80.2018,27.0369],[-80.2339,27.002],[-80.28,26.9798],[-80.34,26.9703],[-80.3794,26.9477],[-80.3981,26.9118],[-80.4231,26.8838],[-80.4544,26.8636],[-80.4848,26.8547],[-80.5145,26.857],[-80.5335,26.8716],[-80.542,26.8984],[-80.5385,26.9296]]]}},{"type":"Feature","properties":{"c":"#fc4e2a","v0":40.0,"v1":50.0},"geometry":{"type":"Polygon","coordinates":[[[-81.1389,26.5321],[-81.1291,26.5589],[-81.1057,26.5879],[-81.0686,26.619],[-81.005,26.628],[-80.915,26.6151],[-80.8568,26.5951],[-80.8303,26.568],[-80.8253,26.5377],[-80.8418,26.5042],[-80.905,26.4519],[-81.015,26.3808],[-81.0853,26.3573],[-81.116,26.3813],[-81.1345,26.4247],[-81.1407,26.4874],[-81.1389,26.5321]],[[-81.1301,26.5321],[-81.1194,26.5589],[-81.098,26.5859],[-81.066,26.6128],[-81.005,26.6199],[-80.915,26.607],[-80.8589,26.589],[-80.8367,26.566],[-80.8317,26.5404],[-80.8439,26.5122],[-80.905,26.4635],[-81.015,26.3944],[-81.083,26.3682],[-81.109,26.3849],[-81.1253,26.4247],[-81.1321,26.4874],[-81.1301,26.5321]]]}},{"type":"Feature","properties":{"c":"#fc4e2a","v0":40.0,"v1":50.0},"geometry":{"type":"Polygon","coordinates":[[[-81.1637,26.1951],[-81.1279,26.2648],[-81.1,26.3052],[-81.08,26.3163],[-81.025,26.3269],[-80.935,26.337],[-80.825,26.4085],[-80.695,26.5412],[-80.595,26.6047],[-80.525,26.5989],[-80.4688,26.5811],[-80.4265,26.5514],[-80.4065,26.5206],[-80.4088,26.4886],[-80.43,26.4512],[-80.47,26.4083],[-80.525,26.3313],[-80.595,26.2201],[-80.655,26.1705],[-80.705,26.1826],[-80.75,26.2082],[-80.79,26.2472],[-80.82,26.2625],[-80.84,26.2541],[-80.875,26.2198],[-80.925,26.1596],[-80.975,26.1188],[-81.025,26.0973],[-81.075,26.0897],[-81.125,26.0961],[-81.1579,26.1145],[-81.1737,26.1449],[-81.1637,26.1951]],[[-81.1573,26.1923],[-81.1258,26.2566],[-81.0519,26.3015],[-80.9356,26.3269],[-80.8156,26.4045],[-80.6919,26.5343],[-80.6,26.5979],[-80.54,26.5954],[-80.4864,26.5797],[-80.4391,26.551],[-80.415,26.5232],[-80.414,26.4963],[-80.434,26.4605],[-80.4749,26.4157],[-80.5291,26.3385],[-80.5964,26.2286],[-80.6542,26.1793],[-80.7027,26.1905],[-80.7477,26.2161],[-80.7892,26.2561],[-80.8602,26.2337],[-80.9606,26.1488],[-81.0356,26.1023],[-81.0852,26.0943],[-81.1236,26.0988],[-81.1509,26.1158],[-81.1666,26.1332],[-81.1709,26.1512],[-81.1573,26.1923]]]}},{"type":"Feature","properties":{"c":"#fc4e2a","v0":40.0,"v1":50.0},"geometry":{"type":"Polygon","coordinates":[[[-80.5715,22.2712],[-80.5634,22.299],[-80.542,22.3284],[-80.5073,22.3595],[-80.47,22.381],[-80.43,22.3928],[-80.39,22.3969],[-80.35,22.3933],[-80.315,22.3697],[-80.285,22.3261],[-80.2495,22.2972],[-80.2084,22.2829],[-80.185,22.2434],[-80.1793,22.1786],[-80.1396,22.1323],[-80.0659,22.1045],[-80.0277,22.0628],[-80.025,22.0072],[-80.0503,21.9562],[-80.1034,21.9097],[-80.16,21.8869],[-80.22,21.8878],[-80.27,21.9342],[-80.31,22.0261],[-80.3783,22.0952],[-80.4749,22.1416],[-80.5363,22.1879],[-80.5624,22.2342],[-80.5715,22.2712]],[[-80.5623,22.2712],[-80.5539,22.299],[-80.5347,22.3262],[-80.5049,22.3528],[-80.47,22.3724],[-80.43,22.3849],[-80.39,22.3888],[-80.35,22.3841],[-80.3151,22.3599],[-80.2852,22.3162],[-80.2502,22.2861],[-80.2101,22.2697],[-80.1897,22.2326],[-80.1891,22.175],[-80.1517,22.1323],[-80.0776,22.1045],[-80.0387,22.0628],[-80.035,22.0072],[-80.0624,21.9563],[-80.1208,21.9102],[-80.175,21.8898],[-80.225,21.8951],[-80.2674,21.9414],[-80.3023,22.0285],[-80.3673,22.0953],[-80.4624,22.1418],[-80.5241,22.1881],[-80.5524,22.2342],[-80.5623,22.2712]]]}},{"type":"Feature","properties":{"c":"#e31a1c","v0":50.0,"v1":60.0},"geometry":{"type":"Polygon","coordinates":[[[-93.6386,51.0853],[-93.6062,51.1525],[-93.545,51.1823],[-93.455,51.1749],[-93.3492,51.2103],[-93.2277,51.2884],[-93.1227,51.3487],[-93.0342,51.3913],[-92.9771,51.41],[-92.9512,51.4049],[-92.9327,51.3899],[-92.9216,51.3649],[-92.9195,51.3246],[-92.9265,51.2688],[-92.9578,51.2188],[-93.0135,51.1744],[-93.0601,51.1113],[-93.0977,51.0296],[-93.1548,50.9905],[-93.2316,50.994],[-93.2836,51.0129],[-93.3109,51.0471],[-93.3409,51.0702],[-93.3736,51.0822],[-93.42,51.0817],[-93.48,51.0689],[-93.53,51.0442],[-93.57,51.0078],[-93.6062,51.0051],[-93.6386,51.0362],[-93.6386,51.0853]]]}},{"type":"Feature","properties":{"c":"#e31a1c","v0":50.0,"v1":60.0},"geometry":{"type":"Polygon","coordinates":[[[-93.5881,50.8359],[-93.576,50.8582],[-93.5676,50.8582],[-93.5628,50.8359],[-93.5628,50.8216],[-93.5676,50.8152],[-93.576,50.8152],[-93.5881,50.8216],[-93.5881,50.8359]]]}},{"type":"Feature","properties":{"c":"#e31a1c","v0":50.0,"v1":60.0},"geometry":{"type":"Polygon","coordinates":[[[-94.4569,50.1279],[-94.4498,50.1599],[-94.4322,50.1853],[-94.4041,50.204],[-94.345,50.2211],[-94.255,50.2364],[-94.185,50.2636],[-94.135,50.3025],[-94.075,50.334],[-94.005,50.358],[-93.96,50.3714],[-93.94,50.3742],[-93.9188,50.3705],[-93.8964,50.3601],[-93.8794,50.3454],[-93.8679,50.3262],[-93.8686,50.3071],[-93.8816,50.2879],[-93.9286,50.2544],[-94.0095,50.2067],[-94.0795,50.1714],[-94.1385,50.1488],[-94.1763,50.1183],[-94.193,50.0798],[-94.2085,50.0559],[-94.2228,50.0467],[-94.255,50.042],[-94.305,50.0416],[-94.358,50.0527],[-94.4139,50.075],[-94.4465,50.0926],[-94.4558,50.1054],[-94.4569,50.1279]],[[-94.4457,50.1279],[-94.4384,50.1599],[-94.4257,50.1824],[-94.4076,50.1952],[-94.3514,50.2102],[-94.2571,50.2274],[-94.1832,50.2562],[-94.1296,50.2965],[-94.0646,50.3294],[-93.9882,50.3549],[-93.935,50.3625],[-93.905,50.3523],[-93.8859,50.3396],[-93.8777,50.3243],[-93.8777,50.3097],[-93.8859,50.2959],[-93.9314,50.264],[-94.0142,50.2138],[-94.0842,50.1782],[-94.1414,50.1571],[-94.185,50.1226],[-94.215,50.0745],[-94.254,50.0497],[-94.3019,50.0484],[-94.3567,50.0637],[-94.4185,50.0958],[-94.4457,50.1279]]]}},{"type":"Feature","properties":{"c":"#e31a1c","v0":50.0,"v1":60.0},"geometry":{"type":"Polygon","coordinates":[[[-95.1193,50.0862],[-95.0971,50.1119],[-95.037,50.1404],[-94.939,50.1718],[-94.8532,50.1878],[-94.7795,50.1884],[-94.7302,50.1824],[-94.7053,50.1695],[-94.6945,50.1535],[-94.6979,50.1343],[-94.7082,50.1183],[-94.7254,50.1054],[-94.768,50.0937],[-94.836,50.083],[-94.8757,50.0734],[-94.8872,50.0648],[-94.8773,50.0413],[-94.846,50.0027],[-94.8403,49.9714],[-94.8601,49.9473],[-94.885,49.936],[-94.915,49.9374],[-94.9687,49.9559],[-95.0462,49.9914],[-95.0962,50.0252],[-95.119,50.0573],[-95.1193,50.0862]],[[-95.107,50.0861],[-95.0823,50.1115],[-95.025,50.1382],[-94.935,50.1664],[-94.855,50.1809],[-94.785,50.1819],[-94.7386,50.1776],[-94.7157,50.168],[-94.7057,50.1538],[-94.7086,50.1352],[-94.72,50.1193],[-94.74,50.1062],[-94.78,50.096],[-94.84,50.0889],[-94.8787,50.0791],[-94.8962,50.0667],[-94.8892,50.0413],[-94.8575,50.0027],[-94.8487,49.9733],[-94.8629,49.953],[-94.885,49.9435],[-94.915,49.9448],[-94.965,49.9615],[-95.035,49.9936],[-95.0823,50.0256],[-95.107,50.0574],[-95.107,50.0861]]]}},{"type":"Feature","properties":{"c":"#e31a1c","v0":50.0,"v1":60.0},"geometry":{"type":"Polygon","coordinates":[[[-94.0241,47.0158],[-94.0116,47.0703],[-93.9815,47.1205],[-93.9338,47.1665],[-93.895,47.1969],[-93.865,47.2118],[-93.82,47.2186],[-93.76,47.2172],[-93.715,47.2274],[-93.685,47.2491],[-93.64,47.2652],[-93.58,47.2756],[-93.5,47.275],[-93.4,47.2632],[-93.335,47.2392],[-93.305,47.2029],[-93.26,47.1946],[-93.2,47.2143],[-93.1499,47.2197],[-93.1098,47.2108],[-93.0898,47.1927],[-93.0899,47.1652],[-93.14,47.1268],[-93.24,47.0774],[-93.3,47.0614],[-93.32,47.079],[-93.35,47.0796],[-93.39,47.0632],[-93.47,47.0708],[-93.59,47.1025],[-93.6389,47.0961],[-93.6168,47.0517],[-93.6218,47.0104],[-93.6539,46.9724],[-93.695,46.9564],[-93.745,46.9623],[-93.79,46.9601],[-93.83,46.9499],[-93.875,46.9447],[-93.925,46.9446],[-93.9642,46.9487],[-93.9927,46.957],[-94.0128,46.968],[-94.0245,46.9817],[-94.0241,47.0158]],[[-94.0167,47.0124],[-94.0084,47.0601],[-93.9766,47.1112],[-93.9213,47.1656],[-93.8777,47.1988],[-93.8459,47.2108],[-93.805,47.2138],[-93.755,47.208],[-93.71,47.2183],[-93.67,47.2449],[-93.625,47.2624],[-93.575,47.2708],[-93.53,47.27],[-93.49,47.2598],[-93.445,47.2552],[-93.395,47.2562],[-93.35,47.2366],[-93.31,47.1965],[-93.26,47.1869],[-93.2,47.2078],[-93.155,47.2167],[-93.125,47.2137],[-93.1058,47.2073],[-93.0975,47.1976],[-93.0975,47.181],[-93.1058,47.1574],[-93.155,47.1246],[-93.245,47.0828],[-93.3,47.0741],[-93.32,47.0987],[-93.35,47.0986],[-93.39,47.0739],[-93.455,47.076],[-93.545,47.1049],[-93.61,47.1208],[-93.65,47.1236],[-93.6559,47.1046],[-93.6278,47.0636],[-93.6278,47.0224],[-93.6559,46.981],[-93.695,46.963],[-93.745,46.9685],[-93.81,46.9655],[-93.89,46.9543],[-93.9455,46.9518],[-93.9765,46.9581],[-93.9992,46.968],[-94.0136,46.9817],[-94.0167,47.0124]]]}},{"type":"Feature","properties":{"c":"#e31a1c","v0":50.0,"v1":60.0},"geometry":{"type":"Polygon","coordinates":[[[-96.0773,46.2483],[-96.0591,46.2791],[-96.015,46.3055],[-95.945,46.3274],[-95.865,46.3358],[-95.775,46.3306],[-95.7141,46.3215],[-95.6824,46.3085],[-95.6702,46.2847],[-95.6776,46.2501],[-95.7185,46.2088],[-95.7928,46.1607],[-95.87,46.1393],[-95.95,46.1446],[-96.005,46.1556],[-96.035,46.1725],[-96.0591,46.1939],[-96.0773,46.2198],[-96.0773,46.2483]],[[-96.0676,46.2466],[-96.0521,46.2743],[-96.0107,46.2989],[-95.9436,46.3203],[-95.865,46.3283],[-95.775,46.3229],[-95.7178,46.3156],[-95.6934,46.3065],[-95.6845,46.2847],[-95.6909,46.2501],[-95.7281,46.2108],[-95.796,46.1669],[-95.8657,46.1461],[-95.9371,46.1485],[-95.9918,46.1601],[-96.0299,46.1809],[-96.0555,46.2017],[-96.0688,46.2224],[-96.0676,46.2466]]]}},{"type":"Feature","properties":{"c":"#e31a1c","v0":50.0,"v1":60.0},"geometry":{"type":"Polygon","coordinates":[[[-98.0388,45.0258],[-98.0196,45.0456],[-97.98,45.0512],[-97.92,45.0425],[-97.875,45.0337],[-97.845,45.0247],[-97.805,45.0038],[-97.755,44.9711],[-97.705,44.9491],[-97.655,44.9379],[-97.6179,44.9356],[-97.5937,44.942],[-97.5637,44.9638],[-97.5279,45.0011],[-97.485,45.0259],[-97.435,45.0383],[-97.3924,45.0656],[-97.3571,45.1078],[-97.3271,45.1351],[-97.3024,45.1475],[-97.25,45.1524],[-97.17,45.1496],[-97.112,45.1293],[-97.0761,45.0914],[-97.0628,45.0336],[-97.0722,44.9558],[-97.0994,44.8991],[-97.1444,44.8637],[-97.1826,44.8407],[-97.2142,44.8302],[-97.265,44.8277],[-97.335,44.8333],[-97.4,44.8319],[-97.46,44.8234],[-97.515,44.8221],[-97.565,44.8279],[-97.615,44.8283],[-97.665,44.8234],[-97.73,44.8289],[-97.81,44.8447],[-97.88,44.8665],[-97.94,44.8944],[-97.9896,44.9353],[-98.0288,44.989],[-98.0388,45.0258]],[[-98.0299,45.0236],[-98.0166,45.0391],[-97.9795,45.0426],[-97.9186,45.0342],[-97.8536,45.0109],[-97.7845,44.9725],[-97.72,44.9459],[-97.66,44.9312],[-97.615,44.9282],[-97.585,44.9369],[-97.5515,44.96],[-97.5146,44.9973],[-97.4704,45.023],[-97.419,45.0371],[-97.3774,45.0643],[-97.3458,45.1047],[-97.32,45.13],[-97.3,45.1404],[-97.2527,45.1449],[-97.1782,45.1436],[-97.123,45.1254],[-97.0872,45.0901],[-97.0743,45.0336],[-97.0844,44.9558],[-97.1246,44.8959],[-97.1949,44.854],[-97.265,44.8358],[-97.335,44.8413],[-97.4,44.8399],[-97.46,44.8316],[-97.515,44.8304],[-97.565,44.8363],[-97.615,44.8367],[-97.665,44.8316],[-97.7296,44.8368],[-97.8089,44.8524],[-97.8778,44.8743],[-97.9364,44.9027],[-97.9834,44.9416],[-98.0188,44.9912],[-98.0299,45.0236]]]}},{"type":"Feature","properties":{"c":"#e31a1c","v0":50.0,"v1":60.0},"geometry":{"type":"Polygon","coordinates":[[[-89.0847,44.4618],[-89.0728,44.4904],[-89.0427,44.5262],[-88.9942,44.5694],[-88.93,44.596],[-88.85,44.6058],[-88.7906,44.5949],[-88.7517,44.5632],[-88.7301,44.5189],[-88.7259,44.4618],[-88.7304,44.426],[-88.7435,44.4114],[-88.825,44.4071],[-88.975,44.4132],[-89.0602,44.424],[-89.0805,44.4397],[-89.0847,44.4618]],[[-89.0749,44.4618],[-89.0627,44.4904],[-89.0349,44.5243],[-88.9916,44.5637],[-88.93,44.5887],[-88.85,44.5991],[-88.7929,44.5901],[-88.7587,44.5617],[-88.7388,44.5224],[-88.7332,44.4725],[-88.7353,44.4387],[-88.7451,44.4211],[-88.78,44.4104],[-88.84,44.4066],[-88.91,44.4085],[-88.99,44.4161],[-89.0428,44.4268],[-89.0683,44.4406],[-89.0749,44.4618]]]}},{"type":"Feature","properties":{"c":"#e31a1c","v0":50.0,"v1":60.0},"geometry":{"type":"Polygon","coordinates":[[[-88.7264,43.7834],[-88.7142,43.8051],[-88.6935,43.824],[-88.6645,43.8401],[-88.63,43.8468],[-88.59,43.844],[-88.5582,43.8323],[-88.5347,43.8117],[-88.5247,43.7906],[-88.5282,43.7689],[-88.55,43.7425],[-88.59,43.7112],[-88.63,43.7003],[-88.67,43.7096],[-88.7006,43.7289],[-88.7219,43.758],[-88.7264,43.7834]],[[-88.6973,43.7879],[-88.6658,43.8185],[-88.6318,43.8329],[-88.5955,43.8312],[-88.5687,43.8231],[-88.5515,43.8087],[-88.5446,43.7908],[-88.5482,43.7694],[-88.565,43.7468],[-88.595,43.7227],[-88.625,43.713],[-88.655,43.7176],[-88.6808,43.733],[-88.7023,43.7594],[-88.6973,43.7879]]]}},{"type":"Feature","properties":{"c":"#e31a1c","v0":50.0,"v1":60.0},"geometry":{"type":"Polygon","coordinates":[[[-110.8914,43.5096],[-110.8771,43.5629],[-110.85,43.603],[-110.81,43.6301],[-110.765,43.6434],[-110.715,43.643],[-110.66,43.6355],[-110.6,43.6209],[-110.5395,43.5955],[-110.4786,43.5592],[-110.4536,43.5303],[-110.4645,43.5089],[-110.49,43.496],[-110.53,43.4916],[-110.575,43.4769],[-110.625,43.4519],[-110.6734,43.4358],[-110.7203,43.4285],[-110.7803,43.4354],[-110.8534,43.4564],[-110.8921,43.4709],[-110.8964,43.479],[-110.8914,43.5096]]]}},{"type":"Feature","properties":{"c":"#e31a1c","v0":50.0,"v1":60.0},"geometry":{"type":"Polygon","coordinates":[[[-88.6461,43.452],[-88.582,43.564],[-88.535,43.623],[-88.505,43.6291],[-88.4728,43.6275],[-88.4384,43.6181],[-88.4027,43.5736],[-88.3656,43.4939],[-88.3634,43.4177],[-88.3962,43.345],[-88.4319,43.2982],[-88.4706,43.2775],[-88.5028,43.2666],[-88.5284,43.2655],[-88.5703,43.2868],[-88.6283,43.3304],[-88.6626,43.3632],[-88.6729,43.385],[-88.6461,43.452]],[[-88.6274,43.4503],[-88.5637,43.5591],[-88.5064,43.6102],[-88.4555,43.6038],[-88.4141,43.5639],[-88.3823,43.4906],[-88.3823,43.4192],[-88.4141,43.3495],[-88.447,43.3059],[-88.4809,43.2883],[-88.5082,43.2795],[-88.5289,43.2795],[-88.5668,43.3013],[-88.6219,43.345],[-88.6519,43.3741],[-88.6568,43.3886],[-88.6274,43.4503]]]}},{"type":"Feature","properties":{"c":"#e31a1c","v0":50.0,"v1":60.0},"geometry":{"type":"Polygon","coordinates":[[[-111.2817,43.3144],[-111.2606,43.326],[-111.225,43.332],[-111.175,43.3324],[-111.125,43.3519],[-111.075,43.3905],[-111.04,43.4087],[-111.02,43.4066],[-111.02,43.3844],[-111.04,43.3419],[-111.095,43.2987],[-111.185,43.2547],[-111.24,43.2358],[-111.26,43.2421],[-111.2756,43.2611],[-111.2867,43.2928],[-111.2817,43.3144]]]}},{"type":"Feature","properties":{"c":"#e31a1c","v0":50.0,"v1":60.0},"geometry":{"type":"Polygon","coordinates":[[[-112.3394,43.1222],[-112.3198,43.1574],[-112.285,43.1871],[-112.235,43.211],[-112.185,43.223],[-112.135,43.2228],[-112.075,43.2301],[-112.005,43.2446],[-111.9553,43.2442],[-111.9259,43.2289],[-111.9159,43.2001],[-111.9253,43.1578],[-111.965,43.1269],[-112.035,43.1075],[-112.1,43.0776],[-112.16,43.0374],[-112.2153,43.0208],[-112.266,43.0279],[-112.302,43.0387],[-112.3233,43.0534],[-112.3378,43.0716],[-112.3454,43.0935],[-112.3394,43.1222]],[[-112.3315,43.1194],[-112.3172,43.1491],[-112.285,43.1766],[-112.235,43.2021],[-112.185,43.2148],[-112.135,43.215],[-112.08,43.2224],[-112.02,43.237],[-111.9731,43.2385],[-111.9393,43.227],[-111.9243,43.2029],[-111.9281,43.1662],[-111.965,43.1374],[-112.035,43.1164],[-112.1,43.0858],[-112.16,43.0454],[-112.215,43.0289],[-112.265,43.0362],[-112.3022,43.056],[-112.3265,43.0883],[-112.3315,43.1194]]]}},{"type":"Feature","properties":{"c":"#e31a1c","v0":50.0,"v1":60.0},"geometry":{"type":"Polygon","coordinates":[[[-87.1628,42.8337],[-87.1009,42.907],[-87.06,42.9446],[-87.04,42.9464],[-87.0244,42.9428],[-87.0132,42.9336],[-86.9927,42.907],[-86.9631,42.8631],[-86.9441,42.8227],[-86.9359,42.786],[-86.9494,42.7493],[-86.9846,42.7126],[-86.9998,42.6795],[-86.9948,42.6501],[-86.9758,42.6133],[-86.9429,42.5692],[-86.9352,42.5323],[-86.9527,42.5028],[-86.9736,42.4882],[-86.9979,42.4884],[-87.0404,42.5068],[-87.1011,42.5435],[-87.147,42.6207],[-87.1781,42.7383],[-87.1628,42.8337]],[[-87.146,42.8301],[-87.0876,42.896],[-87.0513,42.9291],[-87.0371,42.9293],[-87.025,42.9237],[-87.015,42.9122],[-86.9952,42.8755],[-86.9657,42.8134],[-86.9686,42.7604],[-87.0039,42.7163],[-87.0172,42.6759],[-87.0084,42.6391],[-86.9893,42.6023],[-86.9598,42.5655],[-86.9513,42.5354],[-86.9638,42.5122],[-87.0076,42.5196],[-87.0827,42.5575],[-87.134,42.6317],[-87.1615,42.742],[-87.146,42.8301]]]}},{"type":"Feature","properties":{"c":"#e31a1c","v0":50.0,"v1":60.0},"geometry":{"type":"Polygon","coordinates":[[[-101.6059,42.8429],[-101.5286,42.8759],[-101.465,42.876],[-101.415,42.8433],[-101.3807,42.8122],[-101.362,42.7825],[-101.367,42.7572],[-101.3957,42.7361],[-101.43,42.7418],[-101.47,42.7743],[-101.525,42.7947],[-101.595,42.803],[-101.6336,42.8119],[-101.6409,42.8216],[-101.6059,42.8429]]]}},{"type":"Feature","properties":{"c":"#e31a1c","v0":50.0,"v1":60.0},"geometry":{"type":"Polygon","coordinates":[[[-89.1937,42.7346],[-89.1882,42.7567],[-89.1549,42.775],[-89.0938,42.7897],[-89.0799,42.7769],[-89.1133,42.7367],[-89.14,42.7143],[-89.16,42.7098],[-89.1766,42.7115],[-89.1898,42.7196],[-89.1937,42.7346]]]}},{"type":"Feature","properties":{"c":"#e31a1c","v0":50.0,"v1":60.0},"geometry":{"type":"Polygon","coordinates":[[[-103.4609,42.4292],[-103.4403,42.459],[-103.4054,42.4775],[-103.3561,42.4845],[-103.3211,42.5045],[-103.3004,42.5373],[-103.245,42.5658],[-103.155,42.59],[-103.1023,42.6251],[-103.0869,42.6712],[-103.0519,42.7137],[-102.9973,42.7527],[-102.94,42.7751],[-102.88,42.7808],[-102.8349,42.7724],[-102.8048,42.7497],[-102.7795,42.7163],[-102.7588,42.6722],[-102.7589,42.632],[-102.7796,42.5958],[-102.81,42.5692],[-102.85,42.5522],[-102.9023,42.5408],[-102.967,42.5351],[-103.012,42.5157],[-103.0373,42.4826],[-103.0747,42.4494],[-103.124,42.4161],[-103.1718,42.3958],[-103.218,42.3884],[-103.2583,42.3672],[-103.2928,42.332],[-103.325,42.3128],[-103.355,42.3097],[-103.38,42.3119],[-103.4,42.3196],[-103.4253,42.3461],[-103.4559,42.3916],[-103.4609,42.4292]],[[-103.454,42.427],[-103.438,42.4524],[-103.405,42.4685],[-103.355,42.4754],[-103.315,42.498],[-103.285,42.5363],[-103.2299,42.5644],[-103.1496,42.5823],[-103.0996,42.6168],[-103.0799,42.6679],[-103.045,42.7113],[-102.995,42.7468],[-102.945,42.7686],[-102.895,42.7765],[-102.855,42.7726],[-102.825,42.757],[-102.7969,42.7244],[-102.7707,42.6749],[-102.7707,42.6312],[-102.7969,42.5932],[-102.825,42.5683],[-102.855,42.5563],[-102.905,42.5467],[-102.975,42.5394],[-103.02,42.5207],[-103.04,42.4907],[-103.072,42.4603],[-103.1159,42.4296],[-103.1659,42.4079],[-103.222,42.3952],[-103.27,42.3704],[-103.31,42.3336],[-103.35,42.3195],[-103.39,42.3281],[-103.423,42.3529],[-103.449,42.3938],[-103.454,42.427]]]}},{"type":"Feature","properties":{"c":"#e31a1c","v0":50.0,"v1":60.0},"geometry":{"type":"Polygon","coordinates":[[[-89.4653,42.4692],[-89.4551,42.4903],[-89.4278,42.5161],[-89.3834,42.5466],[-89.3542,42.5802],[-89.3402,42.617],[-89.3342,42.6538],[-89.3364,42.6906],[-89.3306,42.7134],[-89.3169,42.7222],[-89.296,42.7149],[-89.268,42.6913],[-89.263,42.6344],[-89.281,42.5441],[-89.315,42.4711],[-89.365,42.4156],[-89.4028,42.3944],[-89.4285,42.4077],[-89.4486,42.4254],[-89.4632,42.4475],[-89.4653,42.4692]],[[-89.4384,42.4661],[-89.4328,42.4812],[-89.4075,42.5033],[-89.3626,42.5325],[-89.3326,42.5641],[-89.3175,42.5981],[-89.3055,42.6091],[-89.2965,42.5972],[-89.2965,42.574],[-89.3055,42.5395],[-89.3231,42.51],[-89.3494,42.4856],[-89.3689,42.4586],[-89.3818,42.4291],[-89.4015,42.4254],[-89.428,42.4475],[-89.4384,42.4661]]]}},{"type":"Feature","properties":{"c":"#e31a1c","v0":50.0,"v1":60.0},"geometry":{"type":"Polygon","coordinates":[[[-111.0215,42.4106],[-111.0123,42.4327],[-110.9933,42.45],[-110.9644,42.4623],[-110.92,42.4598],[-110.86,42.4425],[-110.81,42.4457],[-110.77,42.4693],[-110.73,42.4822],[-110.69,42.4843],[-110.6564,42.475],[-110.6293,42.4542],[-110.6223,42.4291],[-110.6355,42.3995],[-110.679,42.3797],[-110.753,42.3697],[-110.81,42.3429],[-110.85,42.2993],[-110.89,42.2798],[-110.93,42.2843],[-110.969,42.3148],[-111.0071,42.3713],[-111.0215,42.4106]],[[-111.0086,42.4106],[-110.9975,42.4327],[-110.9815,42.4478],[-110.9605,42.4558],[-110.92,42.4508],[-110.86,42.4328],[-110.81,42.4356],[-110.77,42.4591],[-110.735,42.4725],[-110.705,42.4759],[-110.68,42.4758],[-110.66,42.4723],[-110.6444,42.4638],[-110.6332,42.4505],[-110.6282,42.4357],[-110.6294,42.4195],[-110.6389,42.4047],[-110.6568,42.3914],[-110.6996,42.3811],[-110.7674,42.3737],[-110.8185,42.3495],[-110.8528,42.3086],[-110.885,42.2901],[-110.915,42.2941],[-110.951,42.322],[-110.9931,42.3737],[-111.0086,42.4106]]]}},{"type":"Feature","properties":{"c":"#e31a1c","v0":50.0,"v1":60.0},"geometry":{"type":"Polygon","coordinates":[[[-105.4059,42.3943],[-105.3953,42.4134],[-105.38,42.4273],[-105.36,42.4361],[-105.295,42.4338],[-105.185,42.4203],[-105.1236,42.4027],[-105.1107,42.3809],[-105.1071,42.3515],[-105.1127,42.3145],[-105.0842,42.2812],[-105.0216,42.2516],[-104.9842,42.2257],[-104.9718,42.2035],[-104.968,42.1813],[-104.9726,42.159],[-104.9887,42.1422],[-105.0162,42.1309],[-105.0604,42.1309],[-105.1212,42.1422],[-105.1612,42.159],[-105.1804,42.1813],[-105.1934,42.2146],[-105.2003,42.259],[-105.2453,42.2931],[-105.3284,42.3168],[-105.3803,42.3427],[-105.4009,42.3707],[-105.4059,42.3943]],[[-105.3889,42.397],[-105.363,42.4215],[-105.295,42.4264],[-105.185,42.4117],[-105.1257,42.3957],[-105.1172,42.3786],[-105.1161,42.3515],[-105.1225,42.3145],[-105.0945,42.2812],[-105.0322,42.2516],[-104.9944,42.2257],[-104.9812,42.2035],[-104.9774,42.1813],[-104.9829,42.159],[-104.9967,42.1438],[-105.0189,42.1357],[-105.06,42.1376],[-105.12,42.1494],[-105.1589,42.1683],[-105.1767,42.1943],[-105.1865,42.2257],[-105.1883,42.2627],[-105.2344,42.2951],[-105.3248,42.3227],[-105.378,42.3486],[-105.3939,42.3727],[-105.3889,42.397]]]}},{"type":"Feature","properties":{"c":"#e31a1c","v0":50.0,"v1":60.0},"geometry":{"type":"Polygon","coordinates":[[[-90.3823,42.2343],[-90.3608,42.2587],[-90.3136,42.2809],[-90.2408,42.3009],[-90.1658,42.3144],[-90.0886,42.3214],[-90.035,42.3206],[-90.005,42.3118],[-89.9841,42.3009],[-89.9723,42.2878],[-89.9665,42.2627],[-89.9665,42.2257],[-89.9724,42.2008],[-89.9841,42.1881],[-90.02,42.1774],[-90.08,42.1689],[-90.135,42.1523],[-90.185,42.1277],[-90.2459,42.1161],[-90.3177,42.1175],[-90.3634,42.1442],[-90.3832,42.1961],[-90.3823,42.2343]],[[-90.38,42.2294],[-90.3725,42.2442],[-90.354,42.2586],[-90.3247,42.2726],[-90.255,42.2893],[-90.145,42.3087],[-90.07,42.3159],[-90.03,42.311],[-90.0005,42.298],[-89.9814,42.277],[-89.9764,42.2473],[-89.9855,42.2091],[-90.02,42.1853],[-90.08,42.1762],[-90.14,42.1586],[-90.2,42.1325],[-90.26,42.1209],[-90.32,42.1238],[-90.3584,42.1495],[-90.3753,42.1978],[-90.38,42.2294]]]}},{"type":"Feature","properties":{"c":"#e31a1c","v0":50.0,"v1":60.0},"geometry":{"type":"Polygon","coordinates":[[[-110.315,42.0292],[-110.3052,42.0589],[-110.3033,42.0923],[-110.3094,42.1294],[-110.3043,42.1702],[-110.2881,42.2146],[-110.2675,42.2494],[-110.2425,42.2746],[-110.2106,42.2894],[-110.1719,42.2938],[-110.1419,42.2866],[-110.1206,42.2677],[-110.1031,42.2344],[-110.0892,42.1867],[-110.0948,42.122],[-110.12,42.0403],[-110.1419,41.9912],[-110.1606,41.9746],[-110.185,41.9624],[-110.215,41.9547],[-110.25,41.9552],[-110.29,41.964],[-110.3125,41.9798],[-110.3174,42.0028],[-110.315,42.0292]],[[-110.3029,42.0663],[-110.2866,42.1702],[-110.2664,42.2363],[-110.2421,42.2648],[-110.215,42.2826],[-110.185,42.2898],[-110.1587,42.2867],[-110.1361,42.2732],[-110.1169,42.2442],[-110.1011,42.1998],[-110.1055,42.1331],[-110.1302,42.044],[-110.1644,41.9893],[-110.2081,41.9691],[-110.2459,41.9616],[-110.2778,41.967],[-110.2981,41.9809],[-110.3067,42.0032],[-110.3029,42.0663]]]}},{"type":"Feature","properties":{"c":"#e31a1c","v0":50.0,"v1":60.0},"geometry":{"type":"Polygon","coordinates":[[[-111.0736,42.221],[-111.0445,42.2484],[-111.02,42.2657],[-111.0,42.2728],[-110.9854,42.2739],[-110.9762,42.2689],[-110.9812,42.2425],[-111.0004,42.1946],[-111.025,42.1713],[-111.055,42.1725],[-111.0745,42.1816],[-111.0836,42.1987],[-111.0736,42.221]],[[-111.0635,42.2183],[-111.0412,42.2404],[-111.02,42.2522],[-111.0,42.2537],[-110.9978,42.2353],[-111.0133,42.1968],[-111.0298,42.1776],[-111.0471,42.1776],[-111.0604,42.185],[-111.0699,42.1998],[-111.0635,42.2183]]]}},{"type":"Feature","properties":{"c":"#e31a1c","v0":50.0,"v1":60.0},"geometry":{"type":"Polygon","coordinates":[[[-110.018,42.1299],[-109.9993,42.1533],[-109.9765,42.1607],[-109.9495,42.1522],[-109.9332,42.1294],[-109.9276,42.0923],[-109.9293,42.0663],[-109.9381,42.0515],[-109.9548,42.0477],[-109.9794,42.0552],[-110.0006,42.0737],[-110.0184,42.1034],[-110.018,42.1299]],[[-110.0102,42.1278],[-109.9967,42.1468],[-109.9793,42.1542],[-109.9578,42.15],[-109.9436,42.1331],[-109.9367,42.1034],[-109.9374,42.0795],[-109.9458,42.0613],[-109.96,42.0562],[-109.98,42.0643],[-109.9967,42.0808],[-110.0102,42.1058],[-110.0102,42.1278]]]}},{"type":"Feature","properties":{"c":"#e31a1c","v0":50.0,"v1":60.0},"geometry":{"type":"Polygon","coordinates":[[[-91.1205,42.018],[-91.0984,42.0552],[-91.0577,42.0812],[-90.9984,42.096],[-90.9491,42.1193],[-90.9097,42.1509],[-90.87,42.1643],[-90.83,42.1594],[-90.7891,42.1399],[-90.7473,42.1057],[-90.7273,42.0699],[-90.7291,42.0325],[-90.7419,42.0028],[-90.7658,41.9807],[-90.8108,41.9683],[-90.8769,41.9655],[-90.95,41.9561],[-91.03,41.9401],[-91.081,41.9378],[-91.1029,41.9491],[-91.1182,41.966],[-91.1271,41.9883],[-91.1205,42.018]],[[-91.109,42.018],[-91.0849,42.0552],[-91.0421,42.0798],[-90.9807,42.0918],[-90.935,42.1131],[-90.905,42.1435],[-90.8695,42.156],[-90.8285,42.1506],[-90.7889,42.1294],[-90.7507,42.0923],[-90.7354,42.0552],[-90.7431,42.018],[-90.7577,41.9934],[-90.7792,41.9812],[-90.82,41.9743],[-90.88,41.9726],[-90.95,41.9637],[-91.03,41.9476],[-91.08,41.9459],[-91.1,41.9584],[-91.1128,41.9734],[-91.1183,41.9908],[-91.109,42.018]]]}},{"type":"Feature","properties":{"c":"#e31a1c","v0":50.0,"v1":60.0},"geometry":{"type":"Polygon","coordinates":[[[-89.1541,41.5632],[-89.1477,41.5856],[-89.1308,41.6016],[-89.1036,41.6112],[-89.045,41.6009],[-88.955,41.5706],[-88.884,41.5284],[-88.8321,41.4742],[-88.8114,41.4209],[-88.822,41.3683],[-88.848,41.3352],[-88.8893,41.3215],[-88.93,41.3206],[-88.97,41.3325],[-89.023,41.3694],[-89.0889,41.4312],[-89.1307,41.4846],[-89.1484,41.5295],[-89.1541,41.5632]],[[-89.1451,41.5632],[-89.1373,41.5856],[-89.1225,41.6],[-89.1008,41.6063],[-89.0469,41.5951],[-88.9608,41.5663],[-88.8921,41.5258],[-88.8408,41.4733],[-88.8189,41.4228],[-88.8263,41.3743],[-88.85,41.3428],[-88.89,41.3285],[-88.9281,41.3265],[-88.9643,41.3369],[-89.0143,41.3713],[-89.0781,41.4298],[-89.1198,41.4823],[-89.1393,41.5288],[-89.1451,41.5632]]]}},{"type":"Feature","properties":{"c":"#e31a1c","v0":50.0,"v1":60.0},"geometry":{"type":"Polygon","coordinates":[[[-89.5269,41.4928],[-89.5156,41.5241],[-89.495,41.5446],[-89.465,41.5543],[-89.4093,41.5462],[-89.3279,41.5201],[-89.2739,41.4958],[-89.2474,41.4733],[-89.2501,41.4359],[-89.2819,41.3834],[-89.3108,41.353],[-89.3369,41.3448],[-89.38,41.352],[-89.44,41.3745],[-89.4856,41.4086],[-89.5169,41.4543],[-89.5269,41.4928]],[[-89.4981,41.4884],[-89.4927,41.5109],[-89.48,41.5257],[-89.46,41.5326],[-89.4047,41.5176],[-89.314,41.4806],[-89.2826,41.4396],[-89.3104,41.3946],[-89.3308,41.3704],[-89.3436,41.367],[-89.3749,41.3745],[-89.4246,41.3929],[-89.4623,41.4209],[-89.4879,41.4583],[-89.4981,41.4884]]]}},{"type":"Feature","properties":{"c":"#e31a1c","v0":50.0,"v1":60.0},"geometry":{"type":"Polygon","coordinates":[[[-112.1526,40.9752],[-112.1375,40.9945],[-112.1078,41.0058],[-112.0635,41.0092],[-111.9873,40.9844],[-111.8792,40.9316],[-111.8122,40.8824],[-111.7864,40.8371],[-111.7926,40.7844],[-111.8309,40.7244],[-111.865,40.6905],[-111.895,40.6827],[-111.9281,40.6862],[-111.9643,40.7009],[-112.0268,40.7727],[-112.1157,40.9013],[-112.1526,40.9752]],[[-112.14,40.9747],[-112.12,40.993],[-112.09,41.0017],[-112.05,41.0008],[-111.98,40.9747],[-111.88,40.9235],[-111.8184,40.877],[-111.7953,40.8352],[-111.8003,40.7869],[-111.8334,40.732],[-111.865,40.7001],[-111.895,40.6912],[-111.925,40.6923],[-111.955,40.7031],[-112.015,40.7729],[-112.105,40.9014],[-112.14,40.9747]]]}},{"type":"Feature","properties":{"c":"#e31a1c","v0":50.0,"v1":60.0},"geometry":{"type":"Polygon","coordinates":[[[-111.6754,40.9127],[-111.6647,40.9278],[-111.612,40.9466],[-111.5173,40.9691],[-111.451,40.9653],[-111.413,40.9353],[-111.3747,40.9127],[-111.3361,40.8976],[-111.3142,40.8787],[-111.3091,40.856],[-111.3165,40.8295],[-111.3364,40.7992],[-111.3723,40.7659],[-111.4241,40.7297],[-111.5,40.7038],[-111.6,40.6883],[-111.6558,40.6912],[-111.6674,40.7127],[-111.6648,40.75],[-111.6481,40.803],[-111.65,40.8484],[-111.6705,40.8862],[-111.6754,40.9127]],[[-111.6597,40.9133],[-111.6399,40.9296],[-111.59,40.9465],[-111.51,40.9638],[-111.4547,40.9594],[-111.4242,40.9333],[-111.3887,40.9127],[-111.3483,40.8976],[-111.325,40.8787],[-111.3189,40.856],[-111.3244,40.8313],[-111.3415,40.8046],[-111.375,40.7732],[-111.425,40.7371],[-111.5,40.7117],[-111.6,40.6971],[-111.6534,40.6982],[-111.6602,40.715],[-111.6555,40.75],[-111.6394,40.803],[-111.6409,40.8484],[-111.6601,40.8862],[-111.6597,40.9133]]]}},{"type":"Feature","properties":{"c":"#e31a1c","v0":50.0,"v1":60.0},"geometry":{"type":"Polygon","coordinates":[[[-113.5818,40.0664],[-113.5606,40.0928],[-113.515,40.1176],[-113.445,40.1409],[-113.3602,40.1315],[-113.2607,40.0895],[-113.1957,40.034],[-113.1651,39.9651],[-113.1699,39.9223],[-113.21,39.9057],[-113.265,39.9042],[-113.335,39.918],[-113.4,39.9235],[-113.46,39.9207],[-113.5082,39.9298],[-113.5446,39.9508],[-113.5702,39.9842],[-113.585,40.0302],[-113.5818,40.0664]],[[-113.5735,40.0646],[-113.5558,40.0876],[-113.5127,40.1105],[-113.4442,40.1335],[-113.3634,40.1258],[-113.2703,40.0876],[-113.2087,40.034],[-113.1788,39.9651],[-113.1854,39.9242],[-113.2285,39.9114],[-113.28,39.9118],[-113.34,39.9254],[-113.4031,39.9318],[-113.4694,39.931],[-113.515,39.9382],[-113.5398,39.9536],[-113.5597,39.9842],[-113.5748,40.0302],[-113.5735,40.0646]]]}},{"type":"Feature","properties":{"c":"#e31a1c","v0":50.0,"v1":60.0},"geometry":{"type":"Polygon","coordinates":[[[-84.3044,40.0646],[-84.2865,40.0876],[-84.2356,40.1124],[-84.1519,40.1391],[-84.09,40.1415],[-84.05,40.1198],[-84.0,40.1047],[-83.94,40.0962],[-83.8986,40.0784],[-83.8758,40.0514],[-83.8808,40.0187],[-83.9137,39.9804],[-83.9551,39.9517],[-84.005,39.9328],[-84.055,39.9212],[-84.105,39.9171],[-84.15,39.9317],[-84.19,39.9652],[-84.23,39.9878],[-84.27,39.9995],[-84.2959,40.0173],[-84.3076,40.0412],[-84.3044,40.0646]],[[-84.2957,40.0636],[-84.2786,40.0843],[-84.23,40.1073],[-84.15,40.1323],[-84.09,40.1341],[-84.05,40.1127],[-84.0,40.0977],[-83.94,40.0891],[-83.9008,40.0731],[-83.8824,40.0496],[-83.8774,40.0281],[-83.8858,40.0086],[-83.905,39.989],[-83.935,39.9693],[-83.97,39.9521],[-84.01,39.9374],[-84.055,39.9283],[-84.105,39.9248],[-84.15,39.9398],[-84.19,39.9733],[-84.23,39.9965],[-84.27,40.0092],[-84.2936,40.025],[-84.3007,40.0438],[-84.2957,40.0636]]]}},{"type":"Feature","properties":{"c":"#e31a1c","v0":50.0,"v1":60.0},"geometry":{"type":"Polygon","coordinates":[[[-116.0693,39.9114],[-116.0539,39.9651],[-116.0322,40.0001],[-116.0041,40.0166],[-115.9751,40.0204],[-115.9452,40.0116],[-115.9202,39.9906],[-115.9001,39.9575],[-115.86,39.9385],[-115.8,39.9338],[-115.7634,39.8928],[-115.7503,39.8156],[-115.7464,39.7616],[-115.7519,39.7309],[-115.7635,39.7101],[-115.7812,39.6993],[-115.805,39.6954],[-115.835,39.6983],[-115.8612,39.7191],[-115.8836,39.7577],[-115.9286,39.7802],[-115.9962,39.7865],[-116.04,39.7999],[-116.06,39.8203],[-116.0717,39.844],[-116.0752,39.871],[-116.0693,39.9114]],[[-116.0605,39.9114],[-116.0443,39.9651],[-116.0246,39.9983],[-116.0015,40.0112],[-115.9781,40.015],[-115.9542,40.0098],[-115.9342,39.9908],[-115.9181,39.9581],[-115.88,39.9389],[-115.82,39.9333],[-115.7846,39.9267],[-115.7739,39.919],[-115.7645,39.8807],[-115.7563,39.8116],[-115.7555,39.7616],[-115.762,39.7309],[-115.7814,39.712],[-115.8138,39.7052],[-115.837,39.7052],[-115.8511,39.712],[-115.8661,39.7329],[-115.882,39.7676],[-115.9224,39.7868],[-115.9873,39.7905],[-116.029,39.8001],[-116.0473,39.8154],[-116.0595,39.8385],[-116.0656,39.8692],[-116.0605,39.9114]]]}},{"type":"Feature","properties":{"c":"#e31a1c","v0":50.0,"v1":60.0},"geometry":{"type":"Polygon","coordinates":[[[-115.4226,39.5686],[-115.3742,39.6753],[-115.3146,39.7676],[-115.2437,39.8456],[-115.1937,39.8886],[-115.1646,39.8966],[-115.135,39.891],[-115.105,39.8718],[-115.0681,39.8601],[-115.0244,39.8559],[-114.9986,39.8385],[-114.9907,39.8078],[-114.9925,39.7822],[-115.0042,39.7619],[-115.035,39.7454],[-115.085,39.7325],[-115.1202,39.7389],[-115.1407,39.7643],[-115.1657,39.7775],[-115.1952,39.7785],[-115.218,39.7516],[-115.2339,39.6968],[-115.2789,39.6307],[-115.353,39.5533],[-115.4,39.5093],[-115.42,39.4986],[-115.4342,39.4988],[-115.4426,39.5097],[-115.4226,39.5686]],[[-115.4065,39.5839],[-115.3555,39.6904],[-115.2959,39.7788],[-115.2276,39.8493],[-115.1826,39.886],[-115.1609,39.889],[-115.135,39.8815],[-115.105,39.8634],[-115.07,39.8527],[-115.03,39.8494],[-115.0076,39.83],[-115.0029,39.7947],[-115.0129,39.7682],[-115.0376,39.7505],[-115.065,39.7405],[-115.095,39.7381],[-115.12,39.7495],[-115.14,39.7748],[-115.165,39.7884],[-115.195,39.7903],[-115.22,39.7618],[-115.24,39.703],[-115.285,39.6367],[-115.355,39.5631],[-115.4,39.5228],[-115.42,39.5158],[-115.4305,39.5169],[-115.4315,39.5261],[-115.4065,39.5839]]]}},{"type":"Feature","properties":{"c":"#e31a1c","v0":50.0,"v1":60.0},"geometry":{"type":"Polygon","coordinates":[[[-114.6188,39.3994],[-114.5547,39.4457],[-114.5237,39.5075],[-114.5258,39.5846],[-114.5153,39.6424],[-114.4922,39.6809],[-114.448,39.72],[-114.3827,39.7599],[-114.3271,39.7791],[-114.2814,39.7777],[-114.2468,39.7578],[-114.2233,39.7193],[-114.2253,39.6693],[-114.2529,39.6077],[-114.2701,39.5422],[-114.2769,39.4727],[-114.2635,39.4148],[-114.23,39.3684],[-114.2163,39.3259],[-114.2224,39.2872],[-114.2366,39.2651],[-114.2589,39.2595],[-114.281,39.2634],[-114.3029,39.2767],[-114.3127,39.3066],[-114.3103,39.353],[-114.3138,39.3839],[-114.3233,39.3994],[-114.3435,39.4105],[-114.3745,39.4174],[-114.4032,39.4174],[-114.4295,39.4105],[-114.4452,39.3878],[-114.4501,39.3491],[-114.4273,39.2988],[-114.3769,39.2369],[-114.3578,39.1943],[-114.37,39.171],[-114.3896,39.1546],[-114.4165,39.1451],[-114.4426,39.149],[-114.4679,39.1663],[-114.4854,39.202],[-114.4952,39.2563],[-114.5206,39.2911],[-114.5617,39.3066],[-114.5994,39.3298],[-114.6337,39.3607],[-114.6188,39.3994]],[[-114.606,39.3955],[-114.5476,39.4341],[-114.5177,39.4959],[-114.5162,39.5807],[-114.5041,39.6418],[-114.4814,39.6791],[-114.445,39.7141],[-114.395,39.7468],[-114.345,39.7656],[-114.295,39.7704],[-114.2582,39.7547],[-114.2347,39.7183],[-114.2369,39.6693],[-114.2646,39.6077],[-114.2819,39.5383],[-114.2887,39.4612],[-114.2766,39.4068],[-114.2455,39.3752],[-114.23,39.3393],[-114.23,39.299],[-114.24,39.2756],[-114.26,39.2691],[-114.2799,39.2741],[-114.2996,39.2906],[-114.3054,39.3259],[-114.2973,39.38],[-114.3174,39.4128],[-114.3658,39.4242],[-114.405,39.426],[-114.435,39.4184],[-114.4557,39.4049],[-114.467,39.3858],[-114.4692,39.3607],[-114.4621,39.3298],[-114.4348,39.2872],[-114.3872,39.233],[-114.37,39.1945],[-114.3833,39.1716],[-114.4,39.1578],[-114.42,39.153],[-114.4395,39.1567],[-114.4586,39.1688],[-114.4715,39.202],[-114.4782,39.2563],[-114.5037,39.292],[-114.5479,39.3094],[-114.5863,39.3326],[-114.6189,39.3616],[-114.606,39.3955]]]}},{"type":"Feature","properties":{"c":"#e31a1c","v0":50.0,"v1":60.0},"geometry":{"type":"Polygon","coordinates":[[[-104.9262,39.5115],[-104.9021,39.535],[-104.865,39.5465],[-104.8149,39.5462],[-104.7799,39.5761],[-104.76,39.6361],[-104.725,39.6774],[-104.675,39.6999],[-104.6386,39.7084],[-104.6158,39.7029],[-104.5978,39.6809],[-104.5847,39.6424],[-104.5611,39.6128],[-104.527,39.5923],[-104.5046,39.573],[-104.4939,39.555],[-104.4939,39.5355],[-104.5046,39.5143],[-104.53,39.4938],[-104.57,39.4741],[-104.5903,39.4422],[-104.591,39.3982],[-104.606,39.3659],[-104.6353,39.3453],[-104.71,39.3568],[-104.83,39.4003],[-104.9021,39.4415],[-104.9262,39.4803],[-104.9262,39.5115]],[[-104.9191,39.5094],[-104.8997,39.5285],[-104.8611,39.5401],[-104.8034,39.5441],[-104.7682,39.573],[-104.7555,39.627],[-104.7394,39.6625],[-104.7198,39.6798],[-104.695,39.6923],[-104.665,39.7001],[-104.64,39.7014],[-104.62,39.6962],[-104.6021,39.6721],[-104.5862,39.6292],[-104.5629,39.6],[-104.5323,39.5846],[-104.5124,39.5692],[-104.5031,39.5538],[-104.5013,39.5379],[-104.5071,39.5217],[-104.5321,39.5024],[-104.5764,39.4801],[-104.5993,39.4457],[-104.601,39.3994],[-104.6139,39.3678],[-104.638,39.3511],[-104.7065,39.3627],[-104.8196,39.4026],[-104.8893,39.4419],[-104.9156,39.4805],[-104.9191,39.5094]]]}},{"type":"Feature","properties":{"c":"#e31a1c","v0":50.0,"v1":60.0},"geometry":{"type":"Polygon","coordinates":[[[-116.1219,39.14],[-116.1089,39.1633],[-116.0793,39.1857],[-116.0331,39.2074],[-115.975,39.2126],[-115.905,39.2013],[-115.85,39.2083],[-115.81,39.2336],[-115.76,39.2562],[-115.7,39.276],[-115.66,39.2875],[-115.64,39.2905],[-115.6224,39.286],[-115.6072,39.2739],[-115.6451,39.2059],[-115.7361,39.0818],[-115.7736,38.9808],[-115.7576,38.903],[-115.7597,38.8494],[-115.7799,38.8201],[-115.84,38.8046],[-115.94,38.8029],[-116.01,38.8097],[-116.05,38.825],[-116.0846,38.9067],[-116.1138,39.0545],[-116.1219,39.14]],[[-116.1101,39.1394],[-116.0967,39.1614],[-116.0733,39.1808],[-116.0399,39.1975],[-115.9849,39.2011],[-115.9083,39.1914],[-115.8494,39.1991],[-115.8083,39.2243],[-115.7583,39.2467],[-115.6994,39.2663],[-115.66,39.2777],[-115.64,39.2808],[-115.6256,39.2787],[-115.6169,39.2715],[-115.6576,39.2059],[-115.7478,39.0818],[-115.785,38.9886],[-115.7691,38.9264],[-115.7626,38.8797],[-115.7653,38.8485],[-115.7725,38.8284],[-115.7842,38.8193],[-115.84,38.8139],[-115.94,38.812],[-116.0064,38.8166],[-116.0391,38.8275],[-116.0708,38.9069],[-116.1015,39.0546],[-116.1101,39.1394]]]}},{"type":"Feature","properties":{"c":"#e31a1c","v0":50.0,"v1":60.0},"geometry":{"type":"Polygon","coordinates":[[[-108.2031,38.9769],[-108.1816,39.0158],[-108.1402,39.0469],[-108.079,39.0702],[-108.0188,39.0847],[-107.9596,39.0905],[-107.895,39.0889],[-107.825,39.0801],[-107.765,39.0944],[-107.715,39.1319],[-107.6688,39.145],[-107.6264,39.1339],[-107.6102,39.1012],[-107.6201,39.0469],[-107.6313,39.0146],[-107.6438,39.0045],[-107.6754,38.9967],[-107.7263,38.9913],[-107.7586,38.9808],[-107.7724,38.9653],[-107.782,38.9366],[-107.7873,38.8948],[-107.835,38.895],[-107.925,38.9374],[-108.015,38.9515],[-108.105,38.9375],[-108.16,38.9312],[-108.18,38.9326],[-108.196,38.9393],[-108.2079,38.9514],[-108.2031,38.9769]],[[-108.1901,38.9732],[-108.1767,39.0046],[-108.14,39.0325],[-108.08,39.0571],[-108.02,39.0728],[-107.96,39.0799],[-107.895,39.0787],[-107.825,39.0693],[-107.76,39.0837],[-107.7,39.1219],[-107.6558,39.1339],[-107.6273,39.1199],[-107.6204,39.0896],[-107.635,39.043],[-107.6743,39.0122],[-107.7381,38.9972],[-107.78,38.9662],[-107.8,38.9193],[-107.85,38.9142],[-107.93,38.9511],[-108.01,38.9625],[-108.09,38.9482],[-108.1467,38.9452],[-108.1801,38.9534],[-108.1901,38.9732]]]}},{"type":"Feature","properties":{"c":"#e31a1c","v0":50.0,"v1":60.0},"geometry":{"type":"Polygon","coordinates":[[[-102.2495,39.0632],[-102.2365,39.0881],[-102.215,39.1054],[-102.185,39.1153],[-102.1515,39.1067],[-102.1144,39.0798],[-102.0937,39.0507],[-102.0895,39.0197],[-102.0964,38.9964],[-102.1144,38.9808],[-102.1401,38.9725],[-102.1734,38.9714],[-102.2032,38.9792],[-102.2297,38.9958],[-102.2462,39.0158],[-102.2527,39.0391],[-102.2495,39.0632]],[[-102.2283,39.0609],[-102.2161,39.0814],[-102.1974,39.093],[-102.1722,39.0959],[-102.1472,39.0861],[-102.1224,39.0636],[-102.11,39.0403],[-102.11,39.0162],[-102.1302,39.0002],[-102.1708,38.9925],[-102.2008,38.9962],[-102.2203,39.0113],[-102.2311,39.0268],[-102.2333,39.0428],[-102.2283,39.0609]]]}},{"type":"Feature","properties":{"c":"#e31a1c","v0":50.0,"v1":60.0},"geometry":{"type":"Polygon","coordinates":[[[-102.9766,38.9653],[-102.9683,38.9808],[-102.9425,38.9964],[-102.8991,39.0119],[-102.8605,39.0387],[-102.8268,39.0767],[-102.79,39.0971],[-102.75,39.0997],[-102.716,39.0924],[-102.688,39.075],[-102.6725,39.0274],[-102.6693,38.9497],[-102.6833,38.8977],[-102.7144,38.8716],[-102.745,38.8556],[-102.775,38.8498],[-102.82,38.8508],[-102.88,38.8587],[-102.9277,38.8864],[-102.9631,38.9338],[-102.9766,38.9653]],[[-102.9656,38.9649],[-102.9552,38.9796],[-102.93,38.9938],[-102.89,39.0074],[-102.855,39.0323],[-102.825,39.0686],[-102.795,39.0893],[-102.765,39.0944],[-102.734,39.0892],[-102.7019,39.0739],[-102.684,39.0274],[-102.6802,38.9497],[-102.6912,38.8998],[-102.7171,38.8778],[-102.77,38.8662],[-102.85,38.8651],[-102.9102,38.8878],[-102.9506,38.9343],[-102.9656,38.9649]]]}},{"type":"Feature","properties":{"c":"#e31a1c","v0":50.0,"v1":60.0},"geometry":{"type":"Polygon","coordinates":[[[-114.3846,38.979],[-114.3615,39.022],[-114.34,39.0461],[-114.32,39.0513],[-114.305,39.0508],[-114.295,39.0445],[-114.2865,39.0165],[-114.2796,38.9668],[-114.2525,38.9303],[-114.2054,38.9069],[-114.1707,38.8641],[-114.1484,38.8018],[-114.1269,38.7589],[-114.1061,38.7355],[-114.1142,38.677],[-114.1511,38.5832],[-114.1452,38.5167],[-114.0965,38.4776],[-114.0762,38.4424],[-114.0843,38.411],[-114.0987,38.3876],[-114.1196,38.3722],[-114.1476,38.3683],[-114.1827,38.3759],[-114.2289,38.4149],[-114.2862,38.4854],[-114.3197,38.5441],[-114.3296,38.591],[-114.3219,38.6496],[-114.2968,38.7199],[-114.2956,38.7739],[-114.3185,38.8116],[-114.3291,38.8466],[-114.3273,38.879],[-114.3415,38.903],[-114.3714,38.9186],[-114.3888,38.9341],[-114.3937,38.9497],[-114.3846,38.979]],[[-114.378,38.9765],[-114.3593,39.0145],[-114.3368,39.0339],[-114.3103,39.0348],[-114.2923,39.008],[-114.2829,38.9536],[-114.2561,38.9179],[-114.212,38.9009],[-114.179,38.862],[-114.1571,38.8011],[-114.1361,38.7589],[-114.1159,38.7355],[-114.1243,38.677],[-114.1612,38.5832],[-114.1771,38.5285],[-114.172,38.5128],[-114.1474,38.4933],[-114.1035,38.4698],[-114.0831,38.4463],[-114.0862,38.4228],[-114.0983,38.4016],[-114.1194,38.3827],[-114.145,38.3756],[-114.175,38.3802],[-114.2189,38.417],[-114.2767,38.4861],[-114.3106,38.5441],[-114.3206,38.591],[-114.3131,38.6496],[-114.288,38.7199],[-114.2869,38.7745],[-114.3099,38.8135],[-114.3198,38.8485],[-114.3166,38.8797],[-114.3292,38.903],[-114.3577,38.9186],[-114.3758,38.9341],[-114.3835,38.9497],[-114.378,38.9765]]]}},{"type":"Feature","properties":{"c":"#e31a1c","v0":50.0,"v1":60.0},"geometry":{"type":"Polygon","coordinates":[[[-102.4619,38.8736],[-102.4406,38.8925],[-102.39,38.8914],[-102.31,38.8703],[-102.24,38.8613],[-102.18,38.8645],[-102.13,38.8534],[-102.09,38.828],[-102.0665,38.8042],[-102.0594,38.7818],[-102.0694,38.7656],[-102.0965,38.7555],[-102.14,38.7575],[-102.2,38.7717],[-102.27,38.7801],[-102.35,38.7827],[-102.4037,38.7924],[-102.4311,38.809],[-102.4517,38.829],[-102.4656,38.8524],[-102.4619,38.8736]],[[-102.4403,38.869],[-102.4201,38.8787],[-102.375,38.8733],[-102.305,38.8525],[-102.24,38.8438],[-102.18,38.8471],[-102.1317,38.8332],[-102.095,38.8018],[-102.085,38.7815],[-102.1017,38.7722],[-102.14,38.7746],[-102.2,38.7887],[-102.27,38.7972],[-102.35,38.8],[-102.4051,38.8171],[-102.4353,38.8484],[-102.4403,38.869]]]}},{"type":"Feature","properties":{"c":"#e31a1c","v0":50.0,"v1":60.0},"geometry":{"type":"Polygon","coordinates":[[[-94.5341,38.5402],[-94.5224,38.5793],[-94.5023,38.6184],[-94.4739,38.6574],[-94.4465,38.6848],[-94.4199,38.7004],[-94.3775,38.7051],[-94.3192,38.6989],[-94.2701,38.6716],[-94.2304,38.6231],[-94.2139,38.5793],[-94.2206,38.5402],[-94.2504,38.5034],[-94.3035,38.469],[-94.365,38.4539],[-94.435,38.4581],[-94.4836,38.4675],[-94.5107,38.482],[-94.5283,38.4972],[-94.5361,38.5128],[-94.5341,38.5402]],[[-94.528,38.5363],[-94.5212,38.5676],[-94.4908,38.6124],[-94.4369,38.6708],[-94.3823,38.6981],[-94.3268,38.6944],[-94.2792,38.6692],[-94.2396,38.6223],[-94.2224,38.5805],[-94.2275,38.5439],[-94.255,38.5089],[-94.305,38.4756],[-94.365,38.4611],[-94.435,38.4654],[-94.4854,38.4809],[-94.5161,38.5074],[-94.528,38.5363]]]}},{"type":"Feature","properties":{"c":"#e31a1c","v0":50.0,"v1":60.0},"geometry":{"type":"Polygon","coordinates":[[[-114.1087,38.2792],[-114.0962,38.298],[-114.08,38.3079],[-114.06,38.3088],[-114.0442,38.2955],[-114.0326,38.2679],[-114.0376,38.2465],[-114.0592,38.2313],[-114.0784,38.2274],[-114.0953,38.2347],[-114.1065,38.2463],[-114.1121,38.262],[-114.1087,38.2792]],[[-114.0967,38.2785],[-114.0789,38.2958],[-114.061,38.2958],[-114.0429,38.2785],[-114.0429,38.2603],[-114.061,38.2414],[-114.0789,38.2414],[-114.0967,38.2603],[-114.0967,38.2785]]]}},{"type":"Feature","properties":{"c":"#e31a1c","v0":50.0,"v1":60.0},"geometry":{"type":"Polygon","coordinates":[[[-108.1474,37.635],[-108.136,37.6588],[-108.1052,37.6799],[-108.0551,37.6984],[-108.0119,37.73],[-107.9757,37.7748],[-107.9372,37.7972],[-107.8964,37.7972],[-107.8695,37.7416],[-107.8565,37.6302],[-107.895,37.5218],[-107.985,37.4164],[-108.04,37.3622],[-108.06,37.3593],[-108.075,37.3627],[-108.085,37.3725],[-108.0836,37.4032],[-108.0709,37.4547],[-108.0867,37.5161],[-108.131,37.5875],[-108.1474,37.635]],[[-108.1172,37.6311],[-108.1088,37.6469],[-108.0809,37.6633],[-108.0336,37.6803],[-107.99,37.7109],[-107.95,37.755],[-107.9224,37.7742],[-107.9072,37.7684],[-107.8941,37.7379],[-107.8829,37.6825],[-107.8802,37.6311],[-107.886,37.5835],[-107.9292,37.5166],[-108.0097,37.4301],[-108.0466,37.4142],[-108.0397,37.469],[-108.0575,37.528],[-108.1001,37.5914],[-108.1172,37.6311]]]}},{"type":"Feature","properties":{"c":"#e31a1c","v0":50.0,"v1":60.0},"geometry":{"type":"Polygon","coordinates":[[[-108.7625,37.528],[-108.7387,37.5597],[-108.6876,37.5879],[-108.6092,37.6126],[-108.56,37.6241],[-108.54,37.6225],[-108.523,37.5983],[-108.5089,37.5514],[-108.469,37.5201],[-108.4033,37.5042],[-108.3557,37.4685],[-108.3262,37.4129],[-108.3118,37.3692],[-108.3124,37.3374],[-108.3221,37.3135],[-108.3407,37.2975],[-108.3702,37.2896],[-108.4106,37.2897],[-108.4546,37.3176],[-108.5022,37.3732],[-108.5771,37.4129],[-108.6794,37.4368],[-108.7415,37.4645],[-108.7634,37.4963],[-108.7625,37.528]],[[-108.7514,37.528],[-108.7238,37.5597],[-108.675,37.586],[-108.605,37.6067],[-108.56,37.6158],[-108.54,37.6132],[-108.525,37.5897],[-108.515,37.5452],[-108.4783,37.5163],[-108.4148,37.503],[-108.3675,37.4685],[-108.3364,37.4129],[-108.3214,37.3692],[-108.3223,37.3374],[-108.3346,37.3145],[-108.3582,37.3005],[-108.385,37.2945],[-108.415,37.2967],[-108.4503,37.3236],[-108.491,37.3752],[-108.541,37.4118],[-108.6003,37.4332],[-108.655,37.4472],[-108.705,37.4538],[-108.7388,37.4708],[-108.7564,37.4984],[-108.7514,37.528]]]}},{"type":"Feature","properties":{"c":"#e31a1c","v0":50.0,"v1":60.0},"geometry":{"type":"Polygon","coordinates":[[[-82.2458,36.8748],[-82.2292,36.9068],[-82.1982,36.9345],[-82.1527,36.9577],[-82.075,36.9781],[-81.965,36.9957],[-81.885,37.0031],[-81.835,37.0002],[-81.8021,36.9918],[-81.7864,36.9778],[-81.7808,36.9588],[-81.7853,36.9348],[-81.8032,36.9151],[-81.8344,36.8996],[-81.895,36.8857],[-81.985,36.8735],[-82.065,36.8571],[-82.135,36.8363],[-82.185,36.8281],[-82.215,36.8325],[-82.236,36.8407],[-82.2481,36.8528],[-82.2458,36.8748]],[[-82.2315,36.8743],[-82.2172,36.9052],[-82.19,36.9306],[-82.15,36.9505],[-82.08,36.9693],[-81.98,36.987],[-81.905,36.9954],[-81.855,36.9946],[-81.8199,36.9883],[-81.7996,36.9766],[-81.7896,36.9623],[-81.7899,36.9455],[-81.8,36.9291],[-81.82,36.9132],[-81.875,36.899],[-81.965,36.8866],[-82.045,36.8694],[-82.115,36.8474],[-82.165,36.8368],[-82.195,36.8374],[-82.2172,36.843],[-82.2315,36.8536],[-82.2315,36.8743]]]}},{"type":"Feature","properties":{"c":"#e31a1c","v0":50.0,"v1":60.0},"geometry":{"type":"Polygon","coordinates":[[[-106.4337,36.8375],[-106.3779,36.8909],[-106.335,36.9197],[-106.305,36.924],[-106.265,36.8928],[-106.215,36.8261],[-106.1813,36.7612],[-106.1638,36.6981],[-106.158,36.6585],[-106.1638,36.6425],[-106.1775,36.6323],[-106.1992,36.6279],[-106.23,36.6399],[-106.27,36.6684],[-106.3131,36.6907],[-106.3592,36.7067],[-106.4021,36.7387],[-106.4418,36.7868],[-106.4337,36.8375]],[[-106.4251,36.8348],[-106.3744,36.8828],[-106.3343,36.9085],[-106.3048,36.9118],[-106.27,36.8878],[-106.23,36.8364],[-106.2,36.7702],[-106.18,36.6892],[-106.18,36.6455],[-106.2,36.6392],[-106.23,36.6505],[-106.27,36.6794],[-106.31,36.7001],[-106.35,36.7127],[-106.3901,36.742],[-106.4303,36.7879],[-106.4251,36.8348]]]}},{"type":"Feature","properties":{"c":"#e31a1c","v0":50.0,"v1":60.0},"geometry":{"type":"Polygon","coordinates":[[[-82.4688,36.8028],[-82.4648,36.8188],[-82.4546,36.8314],[-82.4382,36.8405],[-82.41,36.8486],[-82.37,36.8556],[-82.3363,36.855],[-82.3088,36.8469],[-82.3128,36.7988],[-82.3484,36.7107],[-82.3923,36.6986],[-82.4447,36.7628],[-82.4688,36.8028]],[[-82.4572,36.8028],[-82.4521,36.8188],[-82.4382,36.8308],[-82.4156,36.8388],[-82.3808,36.8412],[-82.3336,36.8379],[-82.325,36.7974],[-82.355,36.7194],[-82.3924,36.709],[-82.4373,36.7662],[-82.4572,36.8028]]]}},{"type":"Feature","properties":{"c":"#e31a1c","v0":50.0,"v1":60.0},"geometry":{"type":"Polygon","coordinates":[[[-107.6073,36.5831],[-107.5958,36.6088],[-107.5734,36.6329],[-107.5401,36.6553],[-107.5175,36.6906],[-107.5057,36.7387],[-107.482,36.7748],[-107.4465,36.7988],[-107.4091,36.8129],[-107.3697,36.8171],[-107.3263,36.8011],[-107.279,36.7648],[-107.2525,36.7347],[-107.2468,36.7107],[-107.2496,36.6866],[-107.2608,36.6625],[-107.3123,36.6191],[-107.4041,36.5564],[-107.48,36.5236],[-107.54,36.5209],[-107.5808,36.5322],[-107.6023,36.5576],[-107.6073,36.5831]],[[-107.5981,36.5823],[-107.5868,36.6064],[-107.5643,36.6304],[-107.5307,36.6545],[-107.5107,36.6866],[-107.5044,36.7267],[-107.4834,36.7605],[-107.4478,36.788],[-107.415,36.8056],[-107.385,36.8135],[-107.344,36.7997],[-107.2919,36.7644],[-107.2625,36.7347],[-107.256,36.7107],[-107.257,36.6886],[-107.2657,36.6685],[-107.3124,36.6284],[-107.3971,36.5682],[-107.4721,36.5354],[-107.5374,36.5301],[-107.5784,36.5381],[-107.5953,36.5595],[-107.5981,36.5823]]]}},{"type":"Feature","properties":{"c":"#e31a1c","v0":50.0,"v1":60.0},"geometry":{"type":"Polygon","coordinates":[[[-75.3649,36.4979],[-75.3308,36.5461],[-75.3092,36.5903],[-75.3,36.6304],[-75.284,36.6596],[-75.2613,36.6778],[-75.235,36.688],[-75.205,36.6904],[-75.16,36.6836],[-75.1,36.6675],[-75.055,36.6481],[-75.025,36.6254],[-75.0074,36.5991],[-75.0023,36.5691],[-75.0073,36.5458],[-75.0224,36.529],[-75.04,36.5202],[-75.06,36.5194],[-75.09,36.5336],[-75.13,36.5628],[-75.175,36.5509],[-75.225,36.4976],[-75.275,36.4679],[-75.325,36.4617],[-75.358,36.4624],[-75.374,36.47],[-75.3649,36.4979]],[[-75.3456,36.51],[-75.3142,36.5501],[-75.2938,36.5903],[-75.2842,36.6304],[-75.2671,36.658],[-75.2424,36.6731],[-75.19,36.6725],[-75.11,36.6562],[-75.0573,36.6366],[-75.0319,36.6138],[-75.0219,36.5855],[-75.0273,36.5519],[-75.04,36.5351],[-75.06,36.5349],[-75.08,36.5449],[-75.1,36.565],[-75.125,36.5784],[-75.155,36.5851],[-75.1872,36.5639],[-75.2215,36.5145],[-75.2615,36.485],[-75.3072,36.4754],[-75.3378,36.4754],[-75.3534,36.485],[-75.3456,36.51]]]}},{"type":"Feature","properties":{"c":"#e31a1c","v0":50.0,"v1":60.0},"geometry":{"type":"Polygon","coordinates":[[[-106.4641,36.6123],[-106.4414,36.6323],[-106.4208,36.6323],[-106.4024,36.6123],[-106.4024,36.5934],[-106.4208,36.5755],[-106.4414,36.5755],[-106.4641,36.5934],[-106.4641,36.6123]],[[-106.4587,36.6082],[-106.4529,36.62],[-106.4397,36.624],[-106.419,36.6203],[-106.414,36.6084],[-106.4247,36.5885],[-106.4379,36.5844],[-106.4537,36.5964],[-106.4587,36.6082]]]}},{"type":"Feature","properties":{"c":"#e31a1c","v0":50.0,"v1":60.0},"geometry":{"type":"Polygon","coordinates":[[[-110.1739,36.2612],[-110.1446,36.3193],[-110.105,36.3646],[-110.055,36.3969],[-110.015,36.4409],[-109.985,36.4963],[-109.96,36.5282],[-109.94,36.5366],[-109.9069,36.5321],[-109.8606,36.5147],[-109.8243,36.4738],[-109.7979,36.4094],[-109.826,36.3733],[-109.9087,36.3654],[-109.956,36.3574],[-109.968,36.3491],[-109.9683,36.3208],[-109.9568,36.2725],[-109.9537,36.2281],[-109.9589,36.1878],[-110.0086,36.1687],[-110.1029,36.1709],[-110.1596,36.187],[-110.1789,36.2171],[-110.1739,36.2612]],[[-110.1622,36.2604],[-110.1333,36.3168],[-110.0937,36.3611],[-110.0432,36.3933],[-110.0024,36.4376],[-109.9711,36.4939],[-109.9291,36.5172],[-109.8764,36.5077],[-109.8361,36.4755],[-109.8083,36.4207],[-109.7983,36.3886],[-109.8061,36.3793],[-109.8515,36.3712],[-109.9346,36.3645],[-109.9746,36.315],[-109.9715,36.2227],[-110.015,36.1778],[-110.105,36.1804],[-110.1567,36.1944],[-110.17,36.2196],[-110.1622,36.2604]]]}},{"type":"Feature","properties":{"c":"#e31a1c","v0":50.0,"v1":60.0},"geometry":{"type":"Polygon","coordinates":[[[-78.7934,36.2361],[-78.7778,36.2764],[-78.75,36.312],[-78.71,36.3431],[-78.66,36.3646],[-78.6,36.3765],[-78.52,36.4101],[-78.42,36.4653],[-78.355,36.4912],[-78.325,36.4877],[-78.3024,36.4789],[-78.2872,36.4648],[-78.2822,36.4406],[-78.2874,36.4065],[-78.345,36.3546],[-78.455,36.2849],[-78.545,36.2436],[-78.615,36.2308],[-78.675,36.2118],[-78.725,36.1865],[-78.7586,36.1764],[-78.7757,36.1813],[-78.7886,36.1918],[-78.797,36.2079],[-78.7934,36.2361]],[[-78.7869,36.2328],[-78.7756,36.2665],[-78.75,36.3002],[-78.71,36.3339],[-78.66,36.3567],[-78.6,36.3685],[-78.52,36.4022],[-78.42,36.4577],[-78.36,36.4854],[-78.34,36.4852],[-78.3197,36.4782],[-78.2991,36.4645],[-78.2909,36.4416],[-78.295,36.4094],[-78.3468,36.3611],[-78.4463,36.2967],[-78.5345,36.2562],[-78.6115,36.2399],[-78.675,36.2192],[-78.725,36.1942],[-78.7606,36.1902],[-78.7819,36.2074],[-78.7869,36.2328]]]}},{"type":"Feature","properties":{"c":"#e31a1c","v0":50.0,"v1":60.0},"geometry":{"type":"Polygon","coordinates":[[[-79.0888,35.6979],[-79.0867,35.7629],[-79.0667,35.8156],[-79.0288,35.8561],[-79.0128,35.9169],[-79.0189,35.9979],[-79.0089,36.0522],[-78.983,36.08],[-78.955,36.0953],[-78.925,36.0983],[-78.8939,36.0844],[-78.8618,36.0537],[-78.8321,35.9938],[-78.8047,35.9048],[-78.798,35.8521],[-78.8117,35.8359],[-78.842,35.8197],[-78.8889,35.8034],[-78.9207,35.771],[-78.9374,35.7223],[-78.9586,35.6817],[-78.9845,35.6492],[-79.0156,35.6308],[-79.0519,35.6264],[-79.075,35.6346],[-79.0849,35.6551],[-79.0888,35.6979]],[[-79.0773,35.6979],[-79.0754,35.7629],[-79.0551,35.8156],[-79.0166,35.8561],[-79.0008,35.9169],[-79.0077,35.9979],[-79.0009,36.0496],[-78.9803,36.0723],[-78.955,36.0853],[-78.925,36.0887],[-78.8947,36.0733],[-78.864,36.0392],[-78.8373,35.9817],[-78.8144,35.9007],[-78.834,35.844],[-78.8959,35.8115],[-78.9326,35.7743],[-78.9442,35.7324],[-78.965,35.6926],[-78.995,35.655],[-79.0233,35.6354],[-79.05,35.6337],[-79.0671,35.641],[-79.0745,35.6573],[-79.0773,35.6979]]]}},{"type":"Feature","properties":{"c":"#e31a1c","v0":50.0,"v1":60.0},"geometry":{"type":"Polygon","coordinates":[[[-84.8041,35.6939],[-84.7814,35.7184],[-84.74,35.7389],[-84.68,35.7552],[-84.615,35.7646],[-84.545,35.7671],[-84.5,35.7606],[-84.48,35.7453],[-84.4688,35.7115],[-84.4664,35.6591],[-84.4864,35.6153],[-84.5288,35.58],[-84.5745,35.5597],[-84.6234,35.5543],[-84.6834,35.5731],[-84.7545,35.6161],[-84.7964,35.6486],[-84.8091,35.6707],[-84.8041,35.6939]],[[-84.8002,35.6898],[-84.7908,35.706],[-84.7571,35.7233],[-84.699,35.7416],[-84.63,35.7529],[-84.55,35.7573],[-84.5021,35.7522],[-84.4864,35.7377],[-84.478,35.706],[-84.4768,35.6573],[-84.4967,35.6167],[-84.5376,35.5841],[-84.5811,35.5661],[-84.627,35.5625],[-84.685,35.5826],[-84.755,35.6261],[-84.7937,35.6564],[-84.8012,35.6732],[-84.8002,35.6898]]]}},{"type":"Feature","properties":{"c":"#e31a1c","v0":50.0,"v1":60.0},"geometry":{"type":"Polygon","coordinates":[[[-82.6429,35.1687],[-82.6343,35.186],[-82.6012,35.2065],[-82.5437,35.23],[-82.4937,35.2663],[-82.4512,35.3152],[-82.405,35.3401],[-82.355,35.3411],[-82.305,35.3542],[-82.255,35.3796],[-82.2219,35.3873],[-82.2056,35.3774],[-82.1935,35.352],[-82.1858,35.3112],[-82.2139,35.2699],[-82.278,35.2282],[-82.318,35.1791],[-82.334,35.1228],[-82.349,35.0883],[-82.363,35.0756],[-82.385,35.0674],[-82.415,35.0638],[-82.47,35.0743],[-82.55,35.0991],[-82.6043,35.1236],[-82.6329,35.1479],[-82.6429,35.1687]],[[-82.631,35.1683],[-82.6205,35.1846],[-82.5889,35.2031],[-82.5363,35.2237],[-82.49,35.2579],[-82.45,35.3057],[-82.405,35.33],[-82.355,35.3309],[-82.31,35.343],[-82.27,35.3663],[-82.2398,35.3766],[-82.2194,35.3738],[-82.2052,35.352],[-82.1972,35.3112],[-82.2252,35.2704],[-82.2891,35.2296],[-82.3333,35.1764],[-82.3579,35.111],[-82.3901,35.0774],[-82.43,35.0757],[-82.49,35.0879],[-82.57,35.114],[-82.6166,35.1353],[-82.6297,35.1518],[-82.631,35.1683]]]}},{"type":"Feature","properties":{"c":"#e31a1c","v0":50.0,"v1":60.0},"geometry":{"type":"Polygon","coordinates":[[[-77.4276,35.1601],[-77.4123,35.1928],[-77.366,35.2202],[-77.2887,35.2425],[-77.195,35.2378],[-77.085,35.2063],[-76.995,35.2103],[-76.925,35.2498],[-76.8747,35.2667],[-76.8442,35.261],[-76.8177,35.2336],[-76.7953,35.1846],[-76.797,35.1069],[-76.8229,35.0005],[-76.8294,34.9405],[-76.8165,34.927],[-76.7886,34.9188],[-76.7457,34.9159],[-76.7179,34.898],[-76.7054,34.8652],[-76.7044,34.8324],[-76.7151,34.7995],[-76.7528,34.7415],[-76.8176,34.6583],[-76.8661,34.613],[-76.8984,34.6058],[-76.9334,34.6195],[-76.9711,34.654],[-77.035,34.6574],[-77.125,34.6295],[-77.2039,34.6287],[-77.2718,34.6549],[-77.3176,34.6927],[-77.3414,34.742],[-77.3547,34.816],[-77.3577,34.9144],[-77.3782,35.0087],[-77.4162,35.0987],[-77.4276,35.1601]],[[-77.4172,35.16],[-77.3991,35.1924],[-77.355,35.218],[-77.285,35.2367],[-77.195,35.2302],[-77.085,35.1986],[-76.995,35.2025],[-76.925,35.2418],[-76.875,35.2582],[-76.845,35.2516],[-76.8209,35.2222],[-76.8027,35.1699],[-76.8066,35.0947],[-76.8325,34.9964],[-76.8366,34.9382],[-76.8189,34.9203],[-76.79,34.9103],[-76.75,34.9083],[-76.7245,34.8926],[-76.7134,34.8634],[-76.7134,34.8323],[-76.7245,34.7994],[-76.7628,34.7418],[-76.8284,34.6598],[-76.8784,34.6184],[-76.9128,34.6179],[-76.945,34.6332],[-76.975,34.6642],[-77.035,34.6656],[-77.125,34.6375],[-77.2008,34.6346],[-77.2625,34.6569],[-77.3059,34.6927],[-77.3312,34.742],[-77.3466,34.8201],[-77.352,34.9267],[-77.3726,35.021],[-77.4083,35.1028],[-77.4172,35.16]]]}},{"type":"Feature","properties":{"c":"#e31a1c","v0":50.0,"v1":60.0},"geometry":{"type":"Polygon","coordinates":[[[-107.6445,34.9923],[-107.5889,35.0824],[-107.5533,35.131],[-107.5378,35.1381],[-107.518,35.1381],[-107.4939,35.131],[-107.4803,35.1151],[-107.4773,35.0906],[-107.4927,35.0537],[-107.5266,35.0046],[-107.5433,34.9554],[-107.5429,34.9062],[-107.5254,34.8652],[-107.4911,34.8324],[-107.4502,34.8078],[-107.4028,34.7913],[-107.3668,34.7729],[-107.3423,34.7523],[-107.3287,34.7277],[-107.3261,34.6989],[-107.3365,34.6722],[-107.36,34.6475],[-107.3914,34.628],[-107.4305,34.6137],[-107.4635,34.6096],[-107.4904,34.6156],[-107.546,34.7009],[-107.6302,34.8652],[-107.6445,34.9923]],[[-107.6373,34.9882],[-107.5883,35.0701],[-107.5554,35.1164],[-107.5385,35.1273],[-107.52,35.1298],[-107.5,35.1242],[-107.489,35.1106],[-107.487,35.089],[-107.503,35.0537],[-107.5369,35.0046],[-107.554,34.9554],[-107.5542,34.9062],[-107.538,34.8652],[-107.5055,34.8324],[-107.4594,34.8041],[-107.3998,34.7804],[-107.3615,34.7599],[-107.3446,34.7425],[-107.3361,34.7215],[-107.3361,34.6968],[-107.349,34.6722],[-107.375,34.6475],[-107.4135,34.631],[-107.4646,34.6228],[-107.5123,34.6557],[-107.5566,34.7297],[-107.5846,34.7913],[-107.5963,34.8406],[-107.6155,34.8775],[-107.6422,34.9021],[-107.6572,34.9226],[-107.6603,34.939],[-107.6373,34.9882]]]}},{"type":"Feature","properties":{"c":"#e31a1c","v0":50.0,"v1":60.0},"geometry":{"type":"Polygon","coordinates":[[[-101.4961,34.8283],[-101.4721,34.8857],[-101.4526,34.9176],[-101.4375,34.9239],[-101.4175,34.9239],[-101.3925,34.9176],[-101.3754,34.898],[-101.3662,34.8652],[-101.3843,34.8078],[-101.4297,34.7256],[-101.4418,34.674],[-101.4206,34.653],[-101.368,34.6407],[-101.284,34.637],[-101.2348,34.6228],[-101.2203,34.5981],[-101.2173,34.5726],[-101.2258,34.5464],[-101.245,34.5298],[-101.275,34.5226],[-101.335,34.5277],[-101.425,34.545],[-101.4773,34.5658],[-101.4918,34.5901],[-101.4949,34.6269],[-101.4866,34.6763],[-101.4889,34.7256],[-101.5016,34.7749],[-101.4961,34.8283]],[[-101.4844,34.8266],[-101.4615,34.8808],[-101.435,34.9078],[-101.405,34.9077],[-101.3861,34.8929],[-101.3782,34.8635],[-101.3932,34.8213],[-101.4311,34.7662],[-101.455,34.7354],[-101.465,34.7288],[-101.4765,34.744],[-101.4894,34.781],[-101.4844,34.8266]],[[-101.4847,34.6295],[-101.4749,34.6511],[-101.45,34.6535],[-101.41,34.6366],[-101.36,34.6303],[-101.3,34.6345],[-101.2596,34.628],[-101.2387,34.6108],[-101.2285,34.5899],[-101.2289,34.5652],[-101.2443,34.5471],[-101.2748,34.5356],[-101.31,34.5369],[-101.35,34.5508],[-101.39,34.5584],[-101.43,34.5596],[-101.4599,34.5748],[-101.4797,34.6041],[-101.4847,34.6295]]]}},{"type":"Feature","properties":{"c":"#e31a1c","v0":50.0,"v1":60.0},"geometry":{"type":"Polygon","coordinates":[[[-79.1502,34.561],[-79.1443,34.5775],[-79.1285,34.5906],[-79.1028,34.6003],[-79.065,34.6017],[-79.015,34.5948],[-78.9719,34.5817],[-78.9358,34.5625],[-78.9148,34.5405],[-78.9092,34.5157],[-78.9155,34.4786],[-78.9337,34.4292],[-78.9383,34.3962],[-78.9292,34.3797],[-78.9067,34.3632],[-78.8708,34.3466],[-78.8511,34.326],[-78.8475,34.3012],[-78.8518,34.2782],[-78.8639,34.257],[-78.885,34.2449],[-78.915,34.2418],[-78.945,34.2558],[-78.975,34.287],[-79.0093,34.3115],[-79.0478,34.3294],[-79.0632,34.3673],[-79.0554,34.425],[-79.074,34.4704],[-79.1191,34.5034],[-79.1445,34.5281],[-79.1503,34.5446],[-79.1502,34.561]],[[-79.14,34.5609],[-79.1333,34.577],[-79.12,34.5881],[-79.1,34.5941],[-79.0672,34.5943],[-79.0217,34.5886],[-78.9814,34.5775],[-78.9463,34.561],[-78.9256,34.5405],[-78.9193,34.5157],[-78.9251,34.4786],[-78.9432,34.4292],[-78.9467,34.3943],[-78.9356,34.374],[-78.9138,34.3575],[-78.8815,34.3448],[-78.8667,34.3177],[-78.8694,34.2764],[-78.8856,34.2542],[-78.9152,34.2509],[-78.945,34.2654],[-78.975,34.2974],[-79.0062,34.3197],[-79.0385,34.3321],[-79.0571,34.3508],[-79.0617,34.3755],[-79.0582,34.4044],[-79.0463,34.4374],[-79.0628,34.4704],[-79.1077,34.5034],[-79.1334,34.5281],[-79.14,34.5446],[-79.14,34.5609]]]}},{"type":"Feature","properties":{"c":"#e31a1c","v0":50.0,"v1":60.0},"geometry":{"type":"Polygon","coordinates":[[[-76.9466,34.4456],[-76.9355,34.4621],[-76.9,34.484],[-76.84,34.5114],[-76.8,34.5277],[-76.78,34.5329],[-76.7592,34.5316],[-76.7375,34.5238],[-76.7157,34.458],[-76.6939,34.3343],[-76.6851,34.2599],[-76.6894,34.2351],[-76.7011,34.2127],[-76.7204,34.1926],[-76.75,34.1813],[-76.79,34.1788],[-76.8348,34.2013],[-76.8844,34.2486],[-76.92,34.3136],[-76.9414,34.3962],[-76.9466,34.4456]],[[-76.9392,34.443],[-76.9331,34.4543],[-76.898,34.4749],[-76.8341,34.5049],[-76.7841,34.5177],[-76.748,34.5134],[-76.7203,34.4598],[-76.7009,34.3569],[-76.6922,34.2888],[-76.6941,34.2558],[-76.7038,34.2272],[-76.7213,34.2031],[-76.75,34.1899],[-76.79,34.1875],[-76.8322,34.2078],[-76.8765,34.2508],[-76.9096,34.3136],[-76.9314,34.3962],[-76.9392,34.443]]]}},{"type":"Feature","properties":{"c":"#e31a1c","v0":50.0,"v1":60.0},"geometry":{"type":"Polygon","coordinates":[[[-107.3352,34.2847],[-107.3311,34.3095],[-107.3093,34.3521],[-107.2698,34.4126],[-107.22,34.4464],[-107.16,34.4535],[-107.1088,34.4439],[-107.0664,34.4176],[-107.0384,34.3879],[-107.025,34.3549],[-107.0226,34.3177],[-107.0313,34.2764],[-107.0615,34.2475],[-107.1134,34.231],[-107.157,34.2031],[-107.1923,34.1638],[-107.22,34.143],[-107.24,34.1406],[-107.26,34.146],[-107.28,34.1592],[-107.3018,34.1925],[-107.3255,34.2457],[-107.3352,34.2847]],[[-107.3267,34.2847],[-107.322,34.3095],[-107.3004,34.3508],[-107.2618,34.4085],[-107.2144,34.4404],[-107.1581,34.4465],[-107.1113,34.4383],[-107.074,34.4157],[-107.0482,34.3879],[-107.034,34.3549],[-107.0291,34.3219],[-107.0336,34.2888],[-107.0644,34.2605],[-107.1215,34.237],[-107.165,34.2072],[-107.195,34.171],[-107.22,34.1516],[-107.24,34.1491],[-107.259,34.1541],[-107.2769,34.1668],[-107.2967,34.1979],[-107.3183,34.2475],[-107.3267,34.2847]]]}},{"type":"Feature","properties":{"c":"#e31a1c","v0":50.0,"v1":60.0},"geometry":{"type":"Polygon","coordinates":[[[-77.3624,34.2558],[-77.3408,34.289],[-77.32,34.3072],[-77.3,34.3105],[-77.28,34.3063],[-77.2601,34.2946],[-77.252,34.2682],[-77.2557,34.2268],[-77.2648,34.1979],[-77.2792,34.1813],[-77.3023,34.1764],[-77.3341,34.1831],[-77.3558,34.1997],[-77.3674,34.226],[-77.3624,34.2558]],[[-77.3554,34.2535],[-77.3385,34.2821],[-77.32,34.2984],[-77.3,34.3025],[-77.2829,34.3006],[-77.2687,34.2927],[-77.2629,34.2682],[-77.2655,34.2268],[-77.2726,34.1998],[-77.2842,34.1872],[-77.3026,34.1831],[-77.3277,34.1874],[-77.3462,34.202],[-77.358,34.2268],[-77.3554,34.2535]]]}},{"type":"Feature","properties":{"c":"#e31a1c","v0":50.0,"v1":60.0},"geometry":{"type":"Polygon","coordinates":[[[-106.8809,34.236],[-106.8736,34.2627],[-106.855,34.2818],[-106.825,34.2934],[-106.798,34.2925],[-106.7741,34.279],[-106.7565,34.2558],[-106.7452,34.2227],[-106.7472,34.1949],[-106.7624,34.1724],[-106.78,34.1575],[-106.8,34.1503],[-106.8228,34.1533],[-106.8485,34.1665],[-106.8672,34.1855],[-106.8787,34.2103],[-106.8809,34.236]],[[-106.868,34.2351],[-106.86,34.2599],[-106.8445,34.2764],[-106.8215,34.2845],[-106.8,34.2821],[-106.78,34.269],[-106.7657,34.2483],[-106.7572,34.2202],[-106.7672,34.1941],[-106.7957,34.1701],[-106.82,34.1631],[-106.84,34.1733],[-106.8555,34.1895],[-106.8665,34.2116],[-106.868,34.2351]]]}},{"type":"Feature","properties":{"c":"#e31a1c","v0":50.0,"v1":60.0},"geometry":{"type":"Polygon","coordinates":[[[-77.1979,34.1155],[-77.1793,34.1328],[-77.125,34.1348],[-77.035,34.1216],[-76.9708,34.0922],[-76.9325,34.0467],[-76.9232,33.995],[-76.9431,33.9369],[-76.9673,33.9032],[-76.9958,33.894],[-77.021,33.894],[-77.0431,33.9032],[-77.0768,33.9452],[-77.1223,34.0199],[-77.1606,34.0696],[-77.1916,34.0944],[-77.1979,34.1155]],[[-77.1889,34.1132],[-77.1763,34.126],[-77.125,34.1256],[-77.035,34.1122],[-76.9731,34.0851],[-76.9394,34.0444],[-76.9332,33.995],[-76.9547,33.9369],[-76.9766,33.9052],[-76.9989,33.8999],[-77.0231,33.904],[-77.0492,33.9177],[-77.0804,33.9577],[-77.1166,34.024],[-77.1498,34.0696],[-77.1801,34.0944],[-77.1889,34.1132]]]}},{"type":"Feature","properties":{"c":"#e31a1c","v0":50.0,"v1":60.0},"geometry":{"type":"Polygon","coordinates":[[[-106.7779,34.0199],[-106.7711,34.0447],[-106.7533,34.0667],[-106.7244,34.0857],[-106.695,34.0916],[-106.665,34.0843],[-106.6404,34.0665],[-106.6211,34.0382],[-106.6161,34.0101],[-106.6254,33.9824],[-106.65,33.9586],[-106.69,33.9387],[-106.72,33.9344],[-106.74,33.9456],[-106.7578,33.9653],[-106.7734,33.9934],[-106.7779,34.0199]],[[-106.7644,34.0199],[-106.7563,34.0447],[-106.7417,34.0636],[-106.7206,34.0764],[-106.6977,34.0806],[-106.6731,34.076],[-106.652,34.0613],[-106.6343,34.0364],[-106.6295,34.0116],[-106.6375,33.9867],[-106.6537,33.9665],[-106.6779,33.9509],[-106.7,33.9451],[-106.72,33.949],[-106.7396,33.9651],[-106.7588,33.9933],[-106.7644,34.0199]]]}},{"type":"Feature","properties":{"c":"#e31a1c","v0":50.0,"v1":60.0},"geometry":{"type":"Polygon","coordinates":[[[-80.2495,33.6572],[-80.2365,33.6878],[-80.205,33.7045],[-80.155,33.7072],[-80.126,33.7127],[-80.1181,33.7209],[-80.1171,33.7459],[-80.1232,33.7874],[-80.1172,33.8243],[-80.0991,33.8564],[-80.05,33.9013],[-79.97,33.959],[-79.905,33.9861],[-79.855,33.9829],[-79.8241,33.9546],[-79.8124,33.9013],[-79.8164,33.8622],[-79.8361,33.8373],[-79.8629,33.8165],[-79.897,33.7999],[-79.907,33.7583],[-79.893,33.6918],[-79.9131,33.6127],[-79.9674,33.521],[-80.0134,33.4718],[-80.0511,33.4649],[-80.08,33.4649],[-80.0999,33.4718],[-80.117,33.4877],[-80.1312,33.5127],[-80.1562,33.5341],[-80.1921,33.5519],[-80.2215,33.5811],[-80.2445,33.6216],[-80.2495,33.6572]],[[-80.243,33.6549],[-80.2343,33.6808],[-80.2,33.6979],[-80.14,33.7059],[-80.1118,33.7345],[-80.1154,33.7837],[-80.1104,33.8218],[-80.0968,33.8489],[-80.05,33.8918],[-79.97,33.9504],[-79.9061,33.9783],[-79.8583,33.9756],[-79.8298,33.9494],[-79.8205,33.8996],[-79.8244,33.8639],[-79.8415,33.8423],[-79.8697,33.8215],[-79.9092,33.8016],[-79.9205,33.7583],[-79.9035,33.6918],[-79.9234,33.6127],[-79.9802,33.521],[-80.0299,33.4752],[-80.0726,33.4752],[-80.1029,33.4889],[-80.121,33.5163],[-80.15,33.5406],[-80.19,33.5619],[-80.2193,33.5898],[-80.238,33.6245],[-80.243,33.6549]]]}},{"type":"Feature","properties":{"c":"#e31a1c","v0":50.0,"v1":60.0},"geometry":{"type":"Polygon","coordinates":[[[-106.8709,33.7936],[-106.8303,33.831],[-106.7935,33.8559],[-106.7604,33.8684],[-106.7375,33.8581],[-106.725,33.8248],[-106.7037,33.7957],[-106.6737,33.7708],[-106.6504,33.7334],[-106.6337,33.6835],[-106.6298,33.646],[-106.6388,33.621],[-106.6599,33.6063],[-106.6933,33.6018],[-106.735,33.6132],[-106.785,33.6404],[-106.8303,33.6843],[-106.8709,33.7447],[-106.8709,33.7936]],[[-106.8621,33.7874],[-106.838,33.8124],[-106.807,33.8332],[-106.769,33.85],[-106.7464,33.8458],[-106.7391,33.8208],[-106.7191,33.7943],[-106.6864,33.7666],[-106.6624,33.7292],[-106.6472,33.6821],[-106.6422,33.649],[-106.6474,33.6299],[-106.665,33.6181],[-106.695,33.6135],[-106.7309,33.623],[-106.7728,33.6467],[-106.8138,33.6876],[-106.854,33.7459],[-106.8621,33.7874]]]}},{"type":"Feature","properties":{"c":"#e31a1c","v0":50.0,"v1":60.0},"geometry":{"type":"Polygon","coordinates":[[[-87.596,33.4877],[-87.5842,33.5127],[-87.5662,33.5262],[-87.5421,33.5283],[-87.49,33.51],[-87.41,33.4713],[-87.34,33.444],[-87.28,33.428],[-87.2405,33.4088],[-87.2214,33.3863],[-87.2136,33.3667],[-87.217,33.35],[-87.2465,33.3218],[-87.3022,33.2822],[-87.345,33.2629],[-87.375,33.264],[-87.4303,33.288],[-87.511,33.3349],[-87.564,33.3875],[-87.5893,33.446],[-87.596,33.4877]],[[-87.5866,33.4862],[-87.5755,33.5081],[-87.56,33.5193],[-87.54,33.5196],[-87.495,33.5025],[-87.425,33.4679],[-87.355,33.4405],[-87.285,33.4203],[-87.2432,33.4014],[-87.2295,33.3838],[-87.2245,33.3668],[-87.2282,33.3505],[-87.255,33.3249],[-87.305,33.2899],[-87.345,33.2727],[-87.375,33.2732],[-87.43,33.2981],[-87.51,33.3474],[-87.5605,33.3978],[-87.5816,33.4494],[-87.5866,33.4862]]]}},{"type":"Feature","properties":{"c":"#e31a1c","v0":50.0,"v1":60.0},"geometry":{"type":"Polygon","coordinates":[[[-81.8028,33.1911],[-81.7884,33.2246],[-81.7384,33.2849],[-81.6528,33.3722],[-81.595,33.4158],[-81.565,33.4158],[-81.53,33.4053],[-81.49,33.3842],[-81.445,33.3733],[-81.395,33.3726],[-81.3558,33.3604],[-81.3275,33.3367],[-81.3133,33.3124],[-81.3133,33.2873],[-81.3322,33.2455],[-81.37,33.1869],[-81.397,33.1283],[-81.413,33.0697],[-81.4434,33.0235],[-81.4883,32.99],[-81.5355,32.9718],[-81.5852,32.969],[-81.63,32.994],[-81.67,33.0466],[-81.7165,33.0857],[-81.7694,33.1113],[-81.7995,33.1367],[-81.8065,33.1618],[-81.8028,33.1911]],[[-81.7915,33.1906],[-81.7772,33.2232],[-81.7282,33.2818],[-81.6445,33.3662],[-81.5913,33.4084],[-81.5686,33.4084],[-81.5354,33.3972],[-81.4918,33.3749],[-81.445,33.3635],[-81.395,33.363],[-81.3587,33.3533],[-81.3361,33.3344],[-81.3247,33.3124],[-81.3246,33.2873],[-81.3436,33.2455],[-81.3819,33.1869],[-81.4082,33.1295],[-81.4227,33.0734],[-81.45,33.0299],[-81.49,32.9991],[-81.525,32.98],[-81.555,32.9726],[-81.58,32.9716],[-81.6,32.9771],[-81.6263,33.0034],[-81.659,33.0504],[-81.704,33.0889],[-81.7613,33.119],[-81.7922,33.1441],[-81.7965,33.1643],[-81.7915,33.1906]]]}},{"type":"Feature","properties":{"c":"#e31a1c","v0":50.0,"v1":60.0},"geometry":{"type":"Polygon","coordinates":[[[-86.9841,33.0694],[-86.9747,33.0941],[-86.955,33.115],[-86.925,33.1323],[-86.85,33.1397],[-86.73,33.1374],[-86.6668,33.1499],[-86.6604,33.1774],[-86.6683,33.2078],[-86.6904,33.2413],[-86.6936,33.271],[-86.6779,33.2971],[-86.66,33.3099],[-86.64,33.3094],[-86.61,33.2917],[-86.57,33.2566],[-86.5429,33.2438],[-86.5286,33.2533],[-86.5136,33.2838],[-86.4979,33.3353],[-86.48,33.3641],[-86.46,33.3702],[-86.437,33.3653],[-86.411,33.3495],[-86.386,33.2954],[-86.362,33.2028],[-86.355,33.1423],[-86.365,33.1138],[-86.425,33.0918],[-86.535,33.0763],[-86.615,33.0505],[-86.665,33.0145],[-86.72,32.9901],[-86.78,32.9773],[-86.84,32.976],[-86.9,32.9863],[-86.9447,33.0079],[-86.9741,33.0407],[-86.9841,33.0694]],[[-86.9762,33.0659],[-86.9721,33.0837],[-86.955,33.1024],[-86.925,33.1221],[-86.8499,33.13],[-86.7297,33.1261],[-86.6628,33.1367],[-86.6492,33.1618],[-86.6547,33.1953],[-86.6793,33.2371],[-86.6861,33.2683],[-86.6754,33.2888],[-86.66,33.2987],[-86.64,33.298],[-86.61,33.2804],[-86.57,33.246],[-86.54,33.236],[-86.52,33.2504],[-86.5017,33.2828],[-86.4852,33.3331],[-86.4599,33.3541],[-86.4259,33.3458],[-86.3968,33.2956],[-86.3728,33.2036],[-86.3643,33.145],[-86.3713,33.1199],[-86.4336,33.0984],[-86.5512,33.0804],[-86.63,33.0549],[-86.67,33.022],[-86.72,32.999],[-86.78,32.9859],[-86.84,32.9848],[-86.9,32.9957],[-86.9421,33.0151],[-86.9662,33.0431],[-86.9762,33.0659]]]}},{"type":"Feature","properties":{"c":"#e31a1c","v0":50.0,"v1":60.0},"geometry":{"type":"Polygon","coordinates":[[[-81.0941,33.1032],[-81.0893,33.1283],[-81.0726,33.1528],[-81.0442,33.1766],[-80.985,33.1998],[-80.895,33.2225],[-80.83,33.2451],[-80.79,33.2676],[-80.755,33.2771],[-80.725,33.2736],[-80.7009,33.2643],[-80.6827,33.2489],[-80.6727,33.2298],[-80.6709,33.2067],[-80.6767,33.1858],[-80.6901,33.167],[-80.7501,33.129],[-80.8567,33.0716],[-80.945,33.0379],[-81.015,33.0279],[-81.0616,33.0399],[-81.0849,33.0737],[-81.0941,33.1032]],[[-81.0854,33.1032],[-81.0799,33.1283],[-81.0653,33.1507],[-81.0418,33.1704],[-80.98,33.1931],[-80.88,33.2187],[-80.815,33.2414],[-80.785,33.261],[-80.7484,33.2635],[-80.7051,33.2487],[-80.6828,33.2287],[-80.6814,33.2036],[-80.6877,33.1827],[-80.7018,33.166],[-80.7591,33.131],[-80.8597,33.0777],[-80.945,33.0462],[-81.015,33.0364],[-81.0595,33.0463],[-81.0786,33.0758],[-81.0854,33.1032]]]}},{"type":"Feature","properties":{"c":"#e31a1c","v0":50.0,"v1":60.0},"geometry":{"type":"Polygon","coordinates":[[[-107.681,32.7885],[-107.6623,32.8221],[-107.6322,32.8457],[-107.5907,32.8593],[-107.5615,32.8761],[-107.5444,32.8961],[-107.5371,32.9187],[-107.5397,32.9439],[-107.5621,32.9816],[-107.6042,33.0319],[-107.6246,33.0697],[-107.6232,33.0948],[-107.5894,33.1168],[-107.5231,33.1356],[-107.46,33.1363],[-107.4,33.119],[-107.3605,33.0886],[-107.3416,33.0452],[-107.3737,32.969],[-107.4567,32.8599],[-107.508,32.7842],[-107.5276,32.7422],[-107.5456,32.7148],[-107.5619,32.7022],[-107.585,32.6941],[-107.615,32.6908],[-107.64,32.6953],[-107.66,32.7078],[-107.6751,32.7284],[-107.6853,32.7572],[-107.681,32.7885]],[[-107.672,32.7858],[-107.6573,32.8143],[-107.625,32.838],[-107.575,32.857],[-107.5437,32.8764],[-107.5312,32.8962],[-107.5285,32.9229],[-107.5355,32.9564],[-107.5577,32.9942],[-107.5951,33.0361],[-107.6128,33.0693],[-107.6109,33.0938],[-107.58,33.1135],[-107.52,33.1284],[-107.465,33.1299],[-107.415,33.1181],[-107.38,33.1026],[-107.36,33.0834],[-107.3483,33.0613],[-107.3449,33.0361],[-107.382,32.9732],[-107.4596,32.8725],[-107.5112,32.7969],[-107.5368,32.7464],[-107.5697,32.7156],[-107.6099,32.7044],[-107.6423,32.7171],[-107.667,32.7534],[-107.672,32.7858]]]}},{"type":"Feature","properties":{"c":"#e31a1c","v0":50.0,"v1":60.0},"geometry":{"type":"Polygon","coordinates":[[[-76.3352,32.7338],[-76.331,32.759],[-76.3162,32.7885],[-76.2907,32.8221],[-76.2817,32.8599],[-76.2892,32.9019],[-76.282,32.9355],[-76.26,32.9606],[-76.2293,32.9739],[-76.1898,32.9752],[-76.15,32.9553],[-76.11,32.9142],[-76.07,32.9189],[-76.03,32.9691],[-75.995,33.001],[-75.965,33.0145],[-75.9258,33.0008],[-75.8774,32.9601],[-75.8525,32.9229],[-75.8513,32.8893],[-75.8655,32.8513],[-75.8952,32.809],[-75.95,32.7918],[-76.03,32.7996],[-76.115,32.7772],[-76.205,32.7246],[-76.265,32.6756],[-76.295,32.6302],[-76.315,32.6073],[-76.325,32.607],[-76.3318,32.6354],[-76.3354,32.6926],[-76.3352,32.7338]],[[-76.3265,32.7338],[-76.3219,32.759],[-76.3067,32.7885],[-76.2811,32.8221],[-76.2721,32.8599],[-76.2798,32.9019],[-76.2706,32.9355],[-76.2445,32.9606],[-76.2161,32.9715],[-76.1854,32.9681],[-76.155,32.9448],[-76.125,32.9017],[-76.1018,32.8824],[-76.0855,32.887],[-76.0505,32.9197],[-75.9968,32.9806],[-75.96,33.0094],[-75.94,33.0064],[-75.9132,32.9886],[-75.8797,32.956],[-75.8622,32.9229],[-75.8607,32.8893],[-75.8772,32.8515],[-75.9117,32.8095],[-75.9642,32.7944],[-76.0347,32.8064],[-76.13,32.7748],[-76.25,32.6994],[-76.3147,32.6766],[-76.3241,32.7063],[-76.3265,32.7338]]]}},{"type":"Feature","properties":{"c":"#e31a1c","v0":50.0,"v1":60.0},"geometry":{"type":"Polygon","coordinates":[[[-84.1826,32.8565],[-84.1609,32.8919],[-84.11,32.9266],[-84.03,32.9609],[-83.9797,32.9768],[-83.959,32.9744],[-83.934,32.9622],[-83.9047,32.9402],[-83.87,32.9366],[-83.83,32.9514],[-83.8,32.9575],[-83.78,32.9548],[-83.7571,32.9374],[-83.7313,32.9053],[-83.7263,32.8769],[-83.7421,32.852],[-83.775,32.835],[-83.825,32.8258],[-83.875,32.8079],[-83.925,32.7813],[-83.997,32.7689],[-84.091,32.7707],[-84.1518,32.7885],[-84.1796,32.8221],[-84.1826,32.8565]],[[-84.1736,32.8557],[-84.1519,32.8893],[-84.1033,32.9222],[-84.0278,32.9545],[-83.98,32.9691],[-83.96,32.9662],[-83.935,32.9532],[-83.905,32.9302],[-83.87,32.9268],[-83.83,32.9429],[-83.8,32.9495],[-83.78,32.9466],[-83.7593,32.9312],[-83.7379,32.9032],[-83.7329,32.8791],[-83.7443,32.8586],[-83.78,32.8422],[-83.84,32.8298],[-83.89,32.8116],[-83.93,32.7876],[-83.995,32.776],[-84.085,32.7769],[-84.1436,32.7927],[-84.1708,32.8235],[-84.1736,32.8557]]]}},{"type":"Feature","properties":{"c":"#e31a1c","v0":50.0,"v1":60.0},"geometry":{"type":"Polygon","coordinates":[[[-109.6283,32.9131],[-109.6161,32.9272],[-109.585,32.9345],[-109.535,32.935],[-109.501,32.9238],[-109.483,32.9008],[-109.4822,32.8809],[-109.4987,32.8641],[-109.5327,32.8493],[-109.5842,32.8365],[-109.6161,32.8491],[-109.6283,32.8871],[-109.6283,32.9131]]]}},{"type":"Feature","properties":{"c":"#e31a1c","v0":50.0,"v1":60.0},"geometry":{"type":"Polygon","coordinates":[[[-109.6762,32.7581],[-109.6454,32.7983],[-109.635,32.7947],[-109.645,32.7471],[-109.6604,32.727],[-109.6812,32.7343],[-109.6762,32.7581]]]}},{"type":"Feature","properties":{"c":"#e31a1c","v0":50.0,"v1":60.0},"geometry":{"type":"Polygon","coordinates":[[[-109.4755,32.6685],[-109.4452,32.6979],[-109.4288,32.7021],[-109.4265,32.6812],[-109.4416,32.6665],[-109.4743,32.658],[-109.4755,32.6685]]]}},{"type":"Feature","properties":{"c":"#e31a1c","v0":50.0,"v1":60.0},"geometry":{"type":"Polygon","coordinates":[[[-81.927,32.3164],[-81.9084,32.3502],[-81.8418,32.3787],[-81.7273,32.4018],[-81.66,32.4107],[-81.64,32.4053],[-81.58,32.4232],[-81.48,32.4644],[-81.4123,32.523],[-81.377,32.599],[-81.337,32.6536],[-81.2923,32.6868],[-81.255,32.706],[-81.225,32.7111],[-81.1947,32.7071],[-81.1641,32.694],[-81.1445,32.6665],[-81.1359,32.6244],[-81.1461,32.5822],[-81.1752,32.5401],[-81.2148,32.4929],[-81.2649,32.4406],[-81.32,32.4059],[-81.38,32.3889],[-81.445,32.3355],[-81.515,32.2458],[-81.565,32.1992],[-81.595,32.1959],[-81.68,32.2071],[-81.82,32.2328],[-81.9016,32.2591],[-81.9248,32.286],[-81.927,32.3164]],[[-81.9184,32.3151],[-81.8995,32.3464],[-81.835,32.3722],[-81.725,32.3926],[-81.66,32.3974],[-81.64,32.3867],[-81.615,32.3935],[-81.585,32.4179],[-81.535,32.4417],[-81.465,32.4647],[-81.4053,32.5207],[-81.3559,32.6095],[-81.3097,32.6665],[-81.2667,32.6917],[-81.224,32.7001],[-81.1816,32.6917],[-81.1555,32.6665],[-81.1457,32.6244],[-81.1531,32.5853],[-81.1777,32.5493],[-81.215,32.5045],[-81.265,32.4508],[-81.32,32.4158],[-81.38,32.3995],[-81.445,32.3459],[-81.515,32.2548],[-81.565,32.2074],[-81.595,32.2037],[-81.68,32.2148],[-81.82,32.2407],[-81.8995,32.2651],[-81.9184,32.288],[-81.9184,32.3151]]]}},{"type":"Feature","properties":{"c":"#e31a1c","v0":50.0,"v1":60.0},"geometry":{"type":"Polygon","coordinates":[[[-107.7501,32.6275],[-107.7234,32.6421],[-107.6955,32.6337],[-107.6664,32.6022],[-107.6614,32.5518],[-107.6805,32.4824],[-107.7021,32.4529],[-107.7263,32.4632],[-107.7447,32.5064],[-107.7572,32.5822],[-107.7501,32.6275]],[[-107.7417,32.6249],[-107.7206,32.6344],[-107.6983,32.6259],[-107.6748,32.5996],[-107.6648,32.5669],[-107.6683,32.5277],[-107.68,32.4952],[-107.7,32.4692],[-107.7206,32.4972],[-107.7417,32.5792],[-107.7417,32.6249]]]}},{"type":"Feature","properties":{"c":"#e31a1c","v0":50.0,"v1":60.0},"geometry":{"type":"Polygon","coordinates":[[[-111.1273,32.5664],[-111.1158,32.5938],[-111.08,32.6089],[-111.02,32.6118],[-110.9762,32.6066],[-110.9487,32.5932],[-110.9183,32.5527],[-110.885,32.4853],[-110.8787,32.4116],[-110.8996,32.3317],[-110.925,32.2887],[-110.955,32.2826],[-110.9783,32.2845],[-110.9948,32.2945],[-111.0129,32.3291],[-111.0326,32.3882],[-111.0623,32.4389],[-111.1019,32.4811],[-111.1245,32.5148],[-111.1302,32.5401],[-111.1273,32.5664]],[[-111.1212,32.5612],[-111.1183,32.578],[-111.1102,32.5899],[-111.0967,32.5968],[-111.065,32.6014],[-111.015,32.6038],[-110.9793,32.6003],[-110.958,32.5911],[-110.9302,32.5527],[-110.8961,32.4853],[-110.8881,32.4135],[-110.9062,32.3375],[-110.929,32.297],[-110.9563,32.2919],[-110.9786,32.2961],[-110.9959,32.3096],[-111.0114,32.3417],[-111.0252,32.3924],[-111.0518,32.4389],[-111.0912,32.4811],[-111.1139,32.5148],[-111.1198,32.5401],[-111.1212,32.5612]]]}},{"type":"Feature","properties":{"c":"#e31a1c","v0":50.0,"v1":60.0},"geometry":{"type":"Polygon","coordinates":[[[-88.2965,32.2276],[-88.2902,32.253],[-88.2678,32.287],[-88.2293,32.3296],[-88.165,32.3547],[-88.075,32.3625],[-88.01,32.3586],[-87.97,32.3433],[-87.944,32.3265],[-87.9321,32.3085],[-87.9294,32.2784],[-87.936,32.2361],[-87.952,32.2057],[-87.9773,32.1872],[-88.055,32.1766],[-88.185,32.1738],[-88.2624,32.183],[-88.2872,32.2043],[-88.2965,32.2276]],[[-88.2856,32.2301],[-88.2752,32.2603],[-88.25,32.2935],[-88.21,32.3296],[-88.15,32.3504],[-88.07,32.3559],[-88.015,32.3539],[-87.985,32.3443],[-87.9613,32.3295],[-87.944,32.3095],[-87.9365,32.2826],[-87.9388,32.2488],[-87.9525,32.2204],[-87.9775,32.1974],[-88.055,32.1844],[-88.185,32.1813],[-88.2602,32.1885],[-88.2806,32.2061],[-88.2856,32.2301]]]}},{"type":"Feature","properties":{"c":"#e31a1c","v0":50.0,"v1":60.0},"geometry":{"type":"Polygon","coordinates":[[[-111.8843,32.0498],[-111.8602,32.0921],[-111.8183,32.1218],[-111.7586,32.1387],[-111.704,32.1829],[-111.6547,32.2543],[-111.6,32.3019],[-111.54,32.3257],[-111.49,32.3351],[-111.45,32.3301],[-111.4232,32.3079],[-111.4095,32.2685],[-111.4095,32.2211],[-111.4232,32.1657],[-111.475,32.1013],[-111.565,32.0278],[-111.635,31.9824],[-111.685,31.9653],[-111.735,31.9568],[-111.785,31.9568],[-111.8261,31.962],[-111.8584,31.9725],[-111.88,31.9904],[-111.8909,32.0159],[-111.8843,32.0498]],[[-111.8733,32.0508],[-111.8444,32.0952],[-111.8017,32.1248],[-111.7452,32.1397],[-111.6945,32.1811],[-111.6497,32.2488],[-111.598,32.2945],[-111.5393,32.3182],[-111.49,32.3266],[-111.45,32.3197],[-111.4252,32.2993],[-111.4157,32.2656],[-111.4169,32.2234],[-111.4289,32.1726],[-111.4808,32.1091],[-111.5726,32.0328],[-111.6414,31.9871],[-111.6871,31.9719],[-111.735,31.9643],[-111.785,31.9643],[-111.825,31.9695],[-111.855,31.9798],[-111.8744,31.9958],[-111.8833,32.0177],[-111.8733,32.0508]]]}},{"type":"Feature","properties":{"c":"#e31a1c","v0":50.0,"v1":60.0},"geometry":{"type":"Polygon","coordinates":[[[-116.0058,31.8546],[-115.9783,31.914],[-115.9359,31.9505],[-115.8786,31.964],[-115.835,31.9884],[-115.805,32.0237],[-115.775,32.0417],[-115.745,32.0423],[-115.71,32.0273],[-115.67,31.9964],[-115.65,31.9588],[-115.65,31.9145],[-115.6814,31.8797],[-115.7442,31.8545],[-115.8092,31.82],[-115.8764,31.7761],[-115.93,31.7583],[-115.97,31.7663],[-115.9974,31.784],[-116.0122,31.8112],[-116.0058,31.8546]],[[-115.9966,31.8546],[-115.9677,31.914],[-115.9275,31.9478],[-115.8758,31.9559],[-115.835,31.9781],[-115.805,32.0143],[-115.775,32.033],[-115.745,32.034],[-115.712,32.0203],[-115.6761,31.9919],[-115.6591,31.9565],[-115.6611,31.914],[-115.6941,31.8803],[-115.758,31.8552],[-115.82,31.8226],[-115.88,31.7827],[-115.925,31.7637],[-115.955,31.7657],[-115.9802,31.7813],[-116.0007,31.8103],[-115.9966,31.8546]]]}},{"type":"Feature","properties":{"c":"#e31a1c","v0":50.0,"v1":60.0},"geometry":{"type":"Polygon","coordinates":[[[-112.0815,31.6013],[-112.0605,31.6307],[-112.0239,31.652],[-111.9718,31.6652],[-111.948,31.6931],[-111.9524,31.7356],[-111.9485,31.7651],[-111.9362,31.7816],[-111.91,31.788],[-111.87,31.7842],[-111.8361,31.7717],[-111.8083,31.7505],[-111.7922,31.7271],[-111.7877,31.7016],[-111.7916,31.6815],[-111.8039,31.6669],[-111.84,31.655],[-111.9,31.6458],[-111.93,31.6203],[-111.93,31.5786],[-111.94,31.5449],[-111.96,31.5194],[-111.99,31.509],[-112.03,31.5136],[-112.0605,31.5336],[-112.0815,31.569],[-112.0815,31.6013]],[[-112.0693,31.6017],[-112.0431,31.6317],[-112.0089,31.6445],[-111.9668,31.64],[-111.9433,31.6207],[-111.9383,31.5866],[-111.9444,31.5561],[-111.9615,31.5292],[-111.9872,31.5164],[-112.0216,31.5178],[-112.0497,31.5355],[-112.0715,31.5696],[-112.0693,31.6017]],[[-111.9424,31.7498],[-111.9341,31.7697],[-111.915,31.7801],[-111.885,31.7809],[-111.8536,31.771],[-111.8209,31.7502],[-111.8024,31.7271],[-111.7984,31.7016],[-111.8047,31.6819],[-111.8216,31.668],[-111.85,31.6625],[-111.89,31.6654],[-111.9191,31.6851],[-111.9374,31.7216],[-111.9424,31.7498]]]}},{"type":"Feature","properties":{"c":"#e31a1c","v0":50.0,"v1":60.0},"geometry":{"type":"Polygon","coordinates":[[[-81.3556,31.5421],[-81.3385,31.5894],[-81.275,31.6285],[-81.165,31.6594],[-81.1,31.6613],[-81.0799,31.6342],[-81.0727,31.5611],[-81.0782,31.4417],[-81.0932,31.3715],[-81.1177,31.3507],[-81.145,31.3404],[-81.175,31.3406],[-81.2091,31.3639],[-81.2474,31.4101],[-81.2859,31.4417],[-81.3247,31.4588],[-81.3491,31.4801],[-81.3592,31.5057],[-81.3556,31.5421]],[[-81.3463,31.5398],[-81.332,31.5824],[-81.2711,31.6184],[-81.1637,31.6479],[-81.1026,31.6479],[-81.0878,31.6184],[-81.0836,31.5483],[-81.0901,31.4374],[-81.1043,31.3734],[-81.1265,31.3563],[-81.148,31.3478],[-81.1688,31.3478],[-81.1973,31.3691],[-81.2335,31.4118],[-81.2712,31.442],[-81.3104,31.4595],[-81.3358,31.4809],[-81.3475,31.5059],[-81.3463,31.5398]]]}},{"type":"Feature","properties":{"c":"#e31a1c","v0":50.0,"v1":60.0},"geometry":{"type":"Polygon","coordinates":[[[-111.7479,31.6164],[-111.7388,31.642],[-111.7232,31.6582],[-111.7011,31.665],[-111.655,31.6482],[-111.585,31.6077],[-111.54,31.5864],[-111.52,31.5844],[-111.49,31.5955],[-111.45,31.6199],[-111.408,31.6208],[-111.364,31.598],[-111.3377,31.5739],[-111.3292,31.5483],[-111.3294,31.5057],[-111.3381,31.446],[-111.3356,31.3862],[-111.3218,31.3264],[-111.3217,31.2837],[-111.3353,31.2581],[-111.3691,31.2217],[-111.423,31.1745],[-111.47,31.148],[-111.51,31.1422],[-111.5409,31.1615],[-111.5628,31.2059],[-111.573,31.2452],[-111.5716,31.2794],[-111.5564,31.3136],[-111.5273,31.3478],[-111.5104,31.3777],[-111.5055,31.4033],[-111.5548,31.4286],[-111.6583,31.4536],[-111.7206,31.5006],[-111.7418,31.5693],[-111.7479,31.6164]],[[-111.7396,31.6135],[-111.7332,31.6332],[-111.72,31.6473],[-111.7,31.6558],[-111.655,31.6399],[-111.585,31.5994],[-111.535,31.5798],[-111.505,31.581],[-111.475,31.5922],[-111.445,31.6134],[-111.41,31.6139],[-111.37,31.5936],[-111.346,31.5715],[-111.338,31.5475],[-111.3382,31.5057],[-111.3467,31.446],[-111.3442,31.3862],[-111.3308,31.3264],[-111.3556,31.2622],[-111.4185,31.1936],[-111.47,31.1572],[-111.51,31.1531],[-111.5386,31.1704],[-111.5559,31.2089],[-111.5635,31.2452],[-111.5616,31.2794],[-111.5443,31.3179],[-111.5116,31.3606],[-111.497,31.3948],[-111.5005,31.4204],[-111.5511,31.4417],[-111.649,31.4588],[-111.7091,31.5014],[-111.7315,31.5696],[-111.7396,31.6135]]]}},{"type":"Feature","properties":{"c":"#e31a1c","v0":50.0,"v1":60.0},"geometry":{"type":"Polygon","coordinates":[[[-88.2548,31.5271],[-88.2516,31.5444],[-88.24,31.5589],[-88.22,31.5704],[-88.19,31.5764],[-88.15,31.5767],[-88.1144,31.5708],[-88.0831,31.5586],[-88.0616,31.527],[-88.0499,31.4758],[-88.0196,31.4332],[-87.9708,31.399],[-87.9421,31.3521],[-87.9336,31.2923],[-87.9395,31.2487],[-87.9598,31.2213],[-87.985,31.2034],[-88.015,31.1951],[-88.0496,31.2002],[-88.0888,31.2188],[-88.1173,31.2581],[-88.135,31.3179],[-88.1655,31.3629],[-88.2085,31.3931],[-88.2366,31.4358],[-88.2498,31.4909],[-88.2548,31.5271]],[[-88.2456,31.527],[-88.2411,31.544],[-88.2266,31.5574],[-88.2022,31.5671],[-88.16,31.5648],[-88.1,31.5506],[-88.065,31.5175],[-88.055,31.4655],[-88.0264,31.4251],[-87.9793,31.3963],[-87.9515,31.3521],[-87.9429,31.2923],[-87.9488,31.2495],[-87.9691,31.2239],[-87.9919,31.208],[-88.0173,31.2018],[-88.0468,31.2061],[-88.0803,31.2208],[-88.109,31.2623],[-88.1331,31.3307],[-88.1649,31.3777],[-88.2044,31.4033],[-88.2301,31.4417],[-88.242,31.4929],[-88.2456,31.527]]]}},{"type":"Feature","properties":{"c":"#e31a1c","v0":50.0,"v1":60.0},"geometry":{"type":"Polygon","coordinates":[[[-82.371,31.4984],[-82.357,31.5266],[-82.33,31.5403],[-82.29,31.5398],[-82.2501,31.4874],[-82.2104,31.383],[-82.1926,31.288],[-82.1966,31.2025],[-82.2115,31.1396],[-82.2372,31.0993],[-82.265,31.0707],[-82.295,31.0537],[-82.3218,31.0524],[-82.3453,31.0668],[-82.355,31.0998],[-82.3508,31.1511],[-82.3397,31.1982],[-82.3216,31.241],[-82.3289,31.3179],[-82.3616,31.4289],[-82.371,31.4984]],[[-82.3592,31.4971],[-82.3446,31.5227],[-82.3205,31.5326],[-82.2868,31.5267],[-82.253,31.4755],[-82.2191,31.379],[-82.204,31.288],[-82.2077,31.2025],[-82.2202,31.1426],[-82.2417,31.1083],[-82.2668,31.0822],[-82.2956,31.0641],[-82.3193,31.0641],[-82.338,31.0822],[-82.3359,31.1383],[-82.3131,31.2324],[-82.3179,31.3307],[-82.3502,31.4332],[-82.3592,31.4971]]]}},{"type":"Feature","properties":{"c":"#e31a1c","v0":50.0,"v1":60.0},"geometry":{"type":"Polygon","coordinates":[[[-92.7278,31.4317],[-92.7159,31.463],[-92.7,31.4859],[-92.68,31.5005],[-92.6351,31.5062],[-92.5654,31.503],[-92.5154,31.4777],[-92.4851,31.4304],[-92.44,31.3876],[-92.38,31.3495],[-92.345,31.3042],[-92.335,31.2516],[-92.34,31.2176],[-92.36,31.2024],[-92.39,31.191],[-92.43,31.1835],[-92.46,31.1818],[-92.48,31.1859],[-92.505,31.2009],[-92.535,31.2269],[-92.58,31.2378],[-92.64,31.2337],[-92.6771,31.2393],[-92.6914,31.2547],[-92.7074,31.3008],[-92.725,31.3777],[-92.7278,31.4317]],[[-92.7111,31.437],[-92.6837,31.4789],[-92.64,31.5002],[-92.58,31.5007],[-92.5313,31.4755],[-92.4938,31.4245],[-92.4465,31.3819],[-92.3893,31.3478],[-92.3551,31.3051],[-92.344,31.2538],[-92.3664,31.218],[-92.4221,31.1976],[-92.46,31.1899],[-92.48,31.195],[-92.5008,31.2095],[-92.5224,31.2333],[-92.5674,31.2441],[-92.6358,31.2418],[-92.6837,31.2845],[-92.7111,31.3723],[-92.7111,31.437]]]}},{"type":"Feature","properties":{"c":"#e31a1c","v0":50.0,"v1":60.0},"geometry":{"type":"Polygon","coordinates":[[[-81.5738,31.102],[-81.5579,31.1235],[-81.52,31.1417],[-81.46,31.1567],[-81.405,31.1941],[-81.355,31.2538],[-81.315,31.2885],[-81.285,31.298],[-81.2616,31.2969],[-81.2447,31.2853],[-81.2397,31.2609],[-81.2466,31.2239],[-81.28,31.175],[-81.34,31.1142],[-81.415,31.077],[-81.505,31.0635],[-81.5579,31.0654],[-81.5738,31.0826],[-81.5738,31.102]],[[-81.5602,31.1015],[-81.5401,31.1221],[-81.505,31.1372],[-81.455,31.1466],[-81.402,31.1834],[-81.346,31.2474],[-81.3008,31.2794],[-81.2663,31.2794],[-81.2515,31.2623],[-81.2565,31.2281],[-81.2868,31.1819],[-81.3423,31.1237],[-81.41,31.0878],[-81.49,31.0741],[-81.5401,31.0733],[-81.5602,31.0852],[-81.5602,31.1015]]]}},{"type":"Feature","properties":{"c":"#e31a1c","v0":50.0,"v1":60.0},"geometry":{"type":"Polygon","coordinates":[[[-85.4353,30.9801],[-85.4318,30.9978],[-85.42,31.0132],[-85.4,31.0263],[-85.3546,31.0346],[-85.2839,31.0381],[-85.2381,31.0698],[-85.2171,31.1297],[-85.1975,31.168],[-85.1792,31.1846],[-85.145,31.1933],[-85.095,31.1943],[-85.0636,31.186],[-85.0508,31.1685],[-85.0473,31.1212],[-85.0531,31.0441],[-85.0222,30.9884],[-84.9547,30.9541],[-84.9167,30.9241],[-84.9083,30.8983],[-84.9078,30.8597],[-84.9151,30.8082],[-84.8996,30.7566],[-84.8612,30.705],[-84.854,30.6752],[-84.878,30.6671],[-84.9332,30.6757],[-85.0195,30.701],[-85.1345,30.7449],[-85.2782,30.8073],[-85.37,30.8614],[-85.41,30.9071],[-85.4318,30.9403],[-85.4353,30.9609],[-85.4353,30.9801]],[[-85.419,30.9847],[-85.3997,31.0117],[-85.3511,31.0289],[-85.2732,31.0362],[-85.2269,31.0655],[-85.2121,31.1169],[-85.1961,31.1529],[-85.1787,31.1736],[-85.145,31.1841],[-85.095,31.1845],[-85.0655,31.1742],[-85.0566,31.1531],[-85.0555,31.1083],[-85.0621,31.0398],[-85.0316,30.9881],[-84.9639,30.9532],[-84.9257,30.9232],[-84.917,30.898],[-84.9163,30.8597],[-84.9236,30.8082],[-84.9095,30.7566],[-84.874,30.705],[-84.8696,30.6784],[-84.8965,30.6767],[-84.95,30.6879],[-85.03,30.7121],[-85.14,30.7551],[-85.28,30.8171],[-85.3697,30.8788],[-85.409,30.9404],[-85.419,30.9847]]]}},{"type":"Feature","properties":{"c":"#e31a1c","v0":50.0,"v1":60.0},"geometry":{"type":"Polygon","coordinates":[[[-82.9598,31.027],[-82.944,31.0698],[-82.9196,31.1038],[-82.8865,31.1291],[-82.82,31.1518],[-82.72,31.1719],[-82.6483,31.1764],[-82.6049,31.1653],[-82.5875,31.1383],[-82.5961,31.0955],[-82.6378,31.0461],[-82.7126,30.9901],[-82.795,30.9632],[-82.885,30.9654],[-82.9394,30.9763],[-82.9583,30.9958],[-82.9598,31.027]],[[-82.9511,31.0256],[-82.937,31.0658],[-82.915,31.0978],[-82.885,31.1217],[-82.82,31.1439],[-82.72,31.1644],[-82.65,31.1688],[-82.61,31.1569],[-82.595,31.1323],[-82.605,31.095],[-82.645,31.0497],[-82.715,30.9966],[-82.765,30.9671],[-82.795,30.9614],[-82.84,30.9626],[-82.9,30.9706],[-82.937,30.9824],[-82.9511,30.9978],[-82.9511,31.0256]]]}},{"type":"Feature","properties":{"c":"#e31a1c","v0":50.0,"v1":60.0},"geometry":{"type":"Polygon","coordinates":[[[-88.6526,30.705],[-88.6239,30.7566],[-88.6186,30.8039],[-88.6368,30.8468],[-88.6415,30.9069],[-88.6328,30.9841],[-88.6088,31.0464],[-88.5696,31.094],[-88.53,31.1209],[-88.49,31.1273],[-88.454,31.1121],[-88.422,31.0753],[-88.3942,31.0184],[-88.3704,30.9412],[-88.3614,30.8897],[-88.3671,30.864],[-88.38,30.8375],[-88.4,30.8101],[-88.44,30.777],[-88.5,30.7382],[-88.545,30.6979],[-88.575,30.6564],[-88.605,30.6374],[-88.635,30.641],[-88.6542,30.652],[-88.6627,30.6702],[-88.6526,30.705]],[[-88.6431,30.705],[-88.6145,30.7566],[-88.6094,30.8039],[-88.6278,30.8468],[-88.6325,30.9069],[-88.6236,30.9841],[-88.6018,31.0441],[-88.567,31.0869],[-88.5297,31.1117],[-88.4899,31.1184],[-88.4563,31.1056],[-88.4288,31.0732],[-88.4031,31.0184],[-88.3791,30.9412],[-88.3702,30.8897],[-88.3763,30.864],[-88.3892,30.8382],[-88.4089,30.8125],[-88.4465,30.7821],[-88.5022,30.7472],[-88.545,30.7084],[-88.575,30.6659],[-88.6012,30.6446],[-88.6235,30.6448],[-88.6403,30.6534],[-88.6517,30.6706],[-88.6431,30.705]]]}},{"type":"Feature","properties":{"c":"#e31a1c","v0":50.0,"v1":60.0},"geometry":{"type":"Polygon","coordinates":[[[-91.1123,30.7953],[-91.1043,30.8211],[-91.0743,30.8554],[-91.0223,30.8983],[-91.0056,30.9369],[-91.0243,30.9712],[-91.0319,31.0055],[-91.0284,31.0398],[-91.0125,31.0664],[-90.9842,31.0852],[-90.945,31.0961],[-90.895,31.0988],[-90.8542,31.0894],[-90.8225,31.0678],[-90.8075,31.0239],[-90.8092,30.9577],[-90.785,30.918],[-90.735,30.9047],[-90.705,30.8757],[-90.695,30.8308],[-90.655,30.7994],[-90.585,30.7817],[-90.5423,30.7581],[-90.5268,30.7284],[-90.5268,30.7006],[-90.5423,30.6746],[-90.5837,30.6574],[-90.6512,30.649],[-90.6962,30.6527],[-90.7187,30.6686],[-90.7307,30.6944],[-90.7321,30.7301],[-90.7421,30.7536],[-90.7607,30.7646],[-90.7802,30.7646],[-90.8005,30.7536],[-90.8255,30.7173],[-90.8552,30.6558],[-90.895,30.6205],[-90.945,30.6115],[-90.986,30.6165],[-91.0181,30.6354],[-91.0546,30.6792],[-91.0957,30.748],[-91.1123,30.7953]],[[-91.1033,30.7951],[-91.0944,30.8204],[-91.0639,30.8548],[-91.0116,30.8981],[-90.9951,30.9369],[-91.0146,30.9712],[-91.0224,31.0055],[-91.0186,31.0398],[-91.005,31.0644],[-90.9817,31.0793],[-90.945,31.0883],[-90.895,31.0914],[-90.8565,31.0839],[-90.8296,31.0659],[-90.8166,31.0227],[-90.8176,30.9541],[-90.7911,30.9115],[-90.737,30.8948],[-90.7069,30.8648],[-90.7008,30.8213],[-90.6613,30.791],[-90.5884,30.7738],[-90.5459,30.7523],[-90.5337,30.7265],[-90.5332,30.7031],[-90.5444,30.682],[-90.58,30.666],[-90.64,30.6551],[-90.6828,30.657],[-90.7085,30.6718],[-90.7228,30.7007],[-90.7256,30.7437],[-90.7427,30.7674],[-90.7742,30.7718],[-90.81,30.7394],[-90.85,30.6702],[-90.89,30.6297],[-90.93,30.618],[-90.97,30.6223],[-91.01,30.6425],[-91.0494,30.685],[-91.0883,30.75],[-91.1033,30.7951]]]}},{"type":"Feature","properties":{"c":"#e31a1c","v0":50.0,"v1":60.0},"geometry":{"type":"Polygon","coordinates":[[[-90.1987,30.7993],[-90.0862,30.936],[-90.01,31.0103],[-89.97,31.0223],[-89.9306,31.0226],[-89.8917,31.0112],[-89.8656,30.9927],[-89.8522,30.967],[-89.8457,30.9369],[-89.8462,30.9026],[-89.8673,30.8689],[-89.9091,30.8357],[-89.94,30.8037],[-89.96,30.7728],[-90.0036,30.7507],[-90.0707,30.7375],[-90.1257,30.7132],[-90.1686,30.678],[-90.2019,30.6651],[-90.2258,30.6745],[-90.2421,30.6921],[-90.2506,30.7179],[-90.1987,30.7993]],[[-90.1918,30.7969],[-90.0839,30.9289],[-90.01,31.0013],[-89.97,31.0145],[-89.9336,31.0172],[-89.9008,31.0094],[-89.8769,30.9927],[-89.8619,30.967],[-89.8548,30.9369],[-89.8555,30.9026],[-89.8744,30.8718],[-89.9115,30.8445],[-89.9408,30.8145],[-89.9625,30.7816],[-90.0075,30.7583],[-90.0758,30.7443],[-90.13,30.7202],[-90.17,30.686],[-90.2,30.6724],[-90.22,30.6794],[-90.2339,30.6949],[-90.2418,30.7189],[-90.1918,30.7969]]]}},{"type":"Feature","properties":{"c":"#e31a1c","v0":50.0,"v1":60.0},"geometry":{"type":"Polygon","coordinates":[[[-92.2954,30.8433],[-92.2918,30.8619],[-92.28,30.8789],[-92.26,30.8941],[-92.225,30.9018],[-92.175,30.9018],[-92.14,30.8801],[-92.12,30.8366],[-92.0867,30.7939],[-92.0402,30.7519],[-92.0137,30.7179],[-92.0074,30.6921],[-92.01,30.6663],[-92.0216,30.6405],[-92.0531,30.6217],[-92.1044,30.6099],[-92.1531,30.6099],[-92.1993,30.6217],[-92.2317,30.6405],[-92.2503,30.6663],[-92.269,30.7179],[-92.2878,30.7953],[-92.2954,30.8433]],[[-92.2792,30.8488],[-92.2597,30.8786],[-92.225,30.8928],[-92.175,30.8916],[-92.14,30.8689],[-92.12,30.8244],[-92.0889,30.7844],[-92.0468,30.7487],[-92.0226,30.7179],[-92.0161,30.6921],[-92.0172,30.6686],[-92.0257,30.6474],[-92.045,30.6306],[-92.075,30.6182],[-92.12,30.616],[-92.18,30.6242],[-92.2202,30.641],[-92.2406,30.6665],[-92.2603,30.7179],[-92.2793,30.7953],[-92.2792,30.8488]]]}},{"type":"Feature","properties":{"c":"#e31a1c","v0":50.0,"v1":60.0},"geometry":{"type":"Polygon","coordinates":[[[-84.2897,30.7265],[-84.2761,30.7523],[-84.1945,30.775],[-84.0448,30.7945],[-83.9498,30.7816],[-83.9093,30.7363],[-83.8875,30.6964],[-83.8843,30.662],[-83.8946,30.6353],[-83.9182,30.6162],[-83.97,30.6085],[-84.05,30.6123],[-84.135,30.626],[-84.225,30.6497],[-84.2766,30.6745],[-84.2898,30.7006],[-84.2897,30.7265]],[[-84.2783,30.7257],[-84.2594,30.7498],[-84.185,30.771],[-84.055,30.7894],[-83.975,30.7891],[-83.945,30.7701],[-83.9195,30.736],[-83.8985,30.6867],[-83.8985,30.6502],[-83.9195,30.6266],[-83.97,30.6166],[-84.05,30.6202],[-84.135,30.6345],[-84.225,30.6594],[-84.2744,30.6823],[-84.2833,30.7032],[-84.2783,30.7257]]]}},{"type":"Feature","properties":{"c":"#e31a1c","v0":50.0,"v1":60.0},"geometry":{"type":"Polygon","coordinates":[[[-87.2167,30.5362],[-87.1989,30.56],[-87.175,30.5742],[-87.145,30.5788],[-87.1,30.5673],[-87.04,30.5399],[-86.98,30.5265],[-86.92,30.5272],[-86.88,30.5231],[-86.86,30.5141],[-86.8389,30.4918],[-86.8166,30.456],[-86.7978,30.4036],[-86.7826,30.3346],[-86.7783,30.2914],[-86.7851,30.2742],[-86.8039,30.2606],[-86.8346,30.2509],[-86.88,30.263],[-86.94,30.297],[-86.995,30.3198],[-87.045,30.3312],[-87.105,30.3726],[-87.175,30.444],[-87.2139,30.4908],[-87.2217,30.5131],[-87.2167,30.5362]],[[-87.2099,30.5339],[-87.1966,30.5532],[-87.175,30.5655],[-87.145,30.5708],[-87.1,30.5597],[-87.04,30.532],[-86.975,30.5168],[-86.905,30.5142],[-86.8575,30.4985],[-86.8324,30.4698],[-86.8124,30.411],[-86.7975,30.3222],[-86.805,30.2719],[-86.835,30.2601],[-86.88,30.2714],[-86.94,30.3057],[-86.995,30.3286],[-87.045,30.3399],[-87.1045,30.3816],[-87.1736,30.4538],[-87.2103,30.4985],[-87.2145,30.5157],[-87.2099,30.5339]]]}},{"type":"Feature","properties":{"c":"#e31a1c","v0":50.0,"v1":60.0},"geometry":{"type":"Polygon","coordinates":[[[-91.9698,30.5037],[-91.9566,30.5315],[-91.935,30.5514],[-91.905,30.5634],[-91.87,30.5565],[-91.83,30.5307],[-91.8033,30.5022],[-91.7899,30.471],[-91.7949,30.4431],[-91.8183,30.4187],[-91.85,30.4049],[-91.89,30.4018],[-91.9242,30.4097],[-91.9525,30.4287],[-91.9691,30.451],[-91.974,30.4769],[-91.9698,30.5037]],[[-91.9616,30.5028],[-91.9487,30.5286],[-91.9292,30.5465],[-91.9031,30.5563],[-91.8702,30.5477],[-91.8305,30.5206],[-91.8066,30.4941],[-91.7984,30.4683],[-91.8033,30.4453],[-91.8211,30.4251],[-91.85,30.4133],[-91.89,30.4099],[-91.9217,30.4157],[-91.945,30.4306],[-91.9595,30.451],[-91.9652,30.4769],[-91.9616,30.5028]]]}},{"type":"Feature","properties":{"c":"#e31a1c","v0":50.0,"v1":60.0},"geometry":{"type":"Polygon","coordinates":[[[-91.7154,30.4259],[-91.7118,30.436],[-91.67,30.456],[-91.59,30.486],[-91.51,30.4947],[-91.43,30.4821],[-91.3791,30.4578],[-91.3573,30.4217],[-91.3573,30.3887],[-91.3791,30.3589],[-91.415,30.339],[-91.465,30.3289],[-91.52,30.3304],[-91.58,30.3436],[-91.6368,30.3679],[-91.6904,30.4032],[-91.7154,30.4259]],[[-91.6584,30.4389],[-91.5861,30.475],[-91.51,30.4865],[-91.43,30.4735],[-91.3814,30.4511],[-91.3642,30.4195],[-91.3645,30.3907],[-91.3824,30.3648],[-91.421,30.3469],[-91.4803,30.337],[-91.535,30.3387],[-91.585,30.3521],[-91.6311,30.3743],[-91.6734,30.4054],[-91.6584,30.4389]]]}},{"type":"Feature","properties":{"c":"#e31a1c","v0":50.0,"v1":60.0},"geometry":{"type":"Polygon","coordinates":[[[-90.1683,30.218],[-90.1505,30.2612],[-90.1187,30.2959],[-90.0729,30.322],[-90.0,30.324],[-89.9,30.3018],[-89.8411,30.2671],[-89.8234,30.22],[-89.8384,30.1755],[-89.8861,30.1336],[-89.95,30.1083],[-90.03,30.0997],[-90.09,30.1012],[-90.13,30.1129],[-90.1568,30.1381],[-90.1704,30.177],[-90.1683,30.218]],[[-90.1595,30.218],[-90.1405,30.2612],[-90.1108,30.2939],[-90.0703,30.316],[-90.005,30.3185],[-89.915,30.3013],[-89.8584,30.2687],[-89.8352,30.2205],[-89.8452,30.1775],[-89.8884,30.1399],[-89.95,30.1165],[-90.03,30.1075],[-90.0894,30.109],[-90.1281,30.1212],[-90.1528,30.1445],[-90.1636,30.1791],[-90.1595,30.218]]]}},{"type":"Feature","properties":{"c":"#e31a1c","v0":50.0,"v1":60.0},"geometry":{"type":"Polygon","coordinates":[[[-90.878,30.0623],[-90.8709,30.1056],[-90.848,30.1453],[-90.8093,30.1815],[-90.765,30.1991],[-90.715,30.1983],[-90.67,30.184],[-90.63,30.1562],[-90.585,30.1638],[-90.535,30.2066],[-90.495,30.2297],[-90.465,30.233],[-90.435,30.2279],[-90.405,30.2144],[-90.3791,30.1919],[-90.3572,30.1603],[-90.3511,30.1272],[-90.361,30.0926],[-90.3969,30.0542],[-90.459,30.0121],[-90.52,29.9983],[-90.58,30.0128],[-90.63,30.0117],[-90.67,29.9951],[-90.725,29.9845],[-90.795,29.9797],[-90.8429,29.9932],[-90.8687,30.0248],[-90.878,30.0623]],[[-90.8692,30.0623],[-90.8616,30.1056],[-90.8408,30.1433],[-90.8069,30.1754],[-90.765,30.1909],[-90.715,30.1897],[-90.67,30.1754],[-90.63,30.1478],[-90.6,30.1375],[-90.58,30.1447],[-90.555,30.1661],[-90.525,30.2017],[-90.495,30.2213],[-90.465,30.225],[-90.435,30.2195],[-90.405,30.2047],[-90.3813,30.1841],[-90.364,30.1577],[-90.3608,30.1272],[-90.3717,30.0926],[-90.4054,30.0564],[-90.4618,30.0185],[-90.52,30.0067],[-90.58,30.021],[-90.63,30.0199],[-90.67,30.0035],[-90.72,29.9921],[-90.78,29.9859],[-90.82,29.9865],[-90.84,29.994],[-90.8558,30.0085],[-90.8673,30.03],[-90.8692,30.0623]]]}},{"type":"Feature","properties":{"c":"#e31a1c","v0":50.0,"v1":60.0},"geometry":{"type":"Polygon","coordinates":[[[-81.9036,29.4385],[-81.8679,29.4847],[-81.815,29.5337],[-81.745,29.5854],[-81.7,29.6151],[-81.68,29.6227],[-81.6579,29.6216],[-81.6337,29.6118],[-81.6175,29.5851],[-81.6092,29.5416],[-81.6266,29.4807],[-81.6696,29.4023],[-81.7109,29.3534],[-81.7503,29.3341],[-81.79,29.3244],[-81.83,29.3244],[-81.8645,29.3341],[-81.8934,29.3534],[-81.9112,29.3762],[-81.918,29.4023],[-81.9036,29.4385]],[[-81.8771,29.4525],[-81.8057,29.5266],[-81.75,29.5761],[-81.71,29.6009],[-81.675,29.611],[-81.645,29.6064],[-81.6259,29.5831],[-81.6178,29.5409],[-81.6366,29.4807],[-81.6821,29.4023],[-81.7212,29.3554],[-81.7537,29.3399],[-81.79,29.3322],[-81.83,29.3323],[-81.862,29.34],[-81.8859,29.3554],[-81.9016,29.3762],[-81.909,29.4023],[-81.8771,29.4525]]]}},{"type":"Feature","properties":{"c":"#e31a1c","v0":50.0,"v1":60.0},"geometry":{"type":"Polygon","coordinates":[[[-81.1243,28.6843],[-81.1014,28.726],[-81.0651,28.7435],[-81.0152,28.7369],[-80.9052,28.6629],[-80.7351,28.5214],[-80.6453,28.4379],[-80.636,28.4125],[-80.6487,28.3955],[-80.6836,28.3867],[-80.7532,28.4083],[-80.8577,28.4602],[-80.9452,28.4822],[-81.0155,28.4742],[-81.0719,28.5186],[-81.1145,28.6152],[-81.1243,28.6843]],[[-81.1178,28.682],[-81.0993,28.7191],[-81.0692,28.7367],[-81.0276,28.7346],[-80.9176,28.6601],[-80.7392,28.513],[-80.6483,28.4295],[-80.6449,28.4097],[-80.6599,28.3983],[-80.6933,28.3953],[-80.76,28.419],[-80.86,28.4696],[-80.945,28.4911],[-81.015,28.4837],[-81.0693,28.5259],[-81.1078,28.6176],[-81.1178,28.682]]]}},{"type":"Feature","properties":{"c":"#e31a1c","v0":50.0,"v1":60.0},"geometry":{"type":"Polygon","coordinates":[[[-80.5548,28.2195],[-80.5383,28.2461],[-80.515,28.2595],[-80.485,28.2596],[-80.44,28.2269],[-80.38,28.1612],[-80.3308,28.117],[-80.2925,28.0941],[-80.2713,28.0209],[-80.2672,27.8972],[-80.2764,27.8202],[-80.2988,27.7899],[-80.335,27.7733],[-80.385,27.7707],[-80.4272,27.7858],[-80.4617,27.8188],[-80.4872,27.8707],[-80.5036,27.9414],[-80.5087,27.9988],[-80.5025,28.043],[-80.5153,28.1003],[-80.5472,28.1709],[-80.5548,28.2195]],[[-80.5477,28.2167],[-80.5359,28.2379],[-80.5199,28.2511],[-80.4996,28.2564],[-80.4548,28.2238],[-80.3856,28.1533],[-80.3345,28.1092],[-80.3017,28.0915],[-80.2825,28.0209],[-80.2772,27.8972],[-80.2841,27.8221],[-80.3031,27.7955],[-80.337,27.7813],[-80.3857,27.7793],[-80.425,27.7929],[-80.455,27.8221],[-80.478,27.8717],[-80.4941,27.9418],[-80.499,27.9988],[-80.4929,28.043],[-80.5058,28.1003],[-80.5376,28.1709],[-80.5477,28.2167]]]}},{"type":"Feature","properties":{"c":"#e31a1c","v0":50.0,"v1":60.0},"geometry":{"type":"Polygon","coordinates":[[[-80.5385,26.9296],[-80.5232,26.9652],[-80.4942,26.9887],[-80.4514,26.9999],[-80.423,27.0132],[-80.4089,27.0288],[-80.4039,27.0523],[-80.408,27.084],[-80.435,27.1142],[-80.485,27.1431],[-80.5165,27.1718],[-80.5295,27.2003],[-80.5244,27.2412],[-80.5012,27.2946],[-80.4697,27.3306],[-80.4299,27.3495],[-80.365,27.3387],[-80.275,27.2984],[-80.2178,27.2668],[-80.1933,27.2438],[-80.1766,27.2145],[-80.1676,27.179],[-80.1688,27.1345],[-80.1801,27.0811],[-80.2018,27.0369],[-80.2339,27.002],[-80.28,26.9798],[-80.34,26.9703],[-80.3794,26.9477],[-80.3981,26.9118],[-80.4231,26.8838],[-80.4544,26.8636],[-80.4848,26.8547],[-80.5145,26.857],[-80.5335,26.8716],[-80.542,26.8984],[-80.5385,26.9296]],[[-80.5304,26.9279],[-80.5168,26.9602],[-80.487,26.9824],[-80.4409,26.9947],[-80.4116,27.0098],[-80.3989,27.0276],[-80.3955,27.0543],[-80.4014,27.09],[-80.4258,27.1185],[-80.4686,27.1398],[-80.4993,27.1665],[-80.518,27.1985],[-80.5151,27.2412],[-80.4908,27.2946],[-80.4614,27.3285],[-80.4271,27.3432],[-80.3553,27.3209],[-80.2458,27.2619],[-80.1862,27.2145],[-80.1764,27.179],[-80.1762,27.1384],[-80.1854,27.0929],[-80.205,27.0511],[-80.235,27.0129],[-80.28,26.9902],[-80.34,26.9831],[-80.38,26.9606],[-80.4,26.9227],[-80.425,26.8935],[-80.455,26.8731],[-80.4811,26.8617],[-80.5032,26.8594],[-80.52,26.8716],[-80.5315,26.8984],[-80.5304,26.9279]]]}},{"type":"Feature","properties":{"c":"#e31a1c","v0":50.0,"v1":60.0},"geometry":{"type":"Polygon","coordinates":[[[-81.1301,26.5321],[-81.1194,26.5589],[-81.098,26.5859],[-81.066,26.6128],[-81.005,26.6199],[-80.915,26.607],[-80.8589,26.589],[-80.8367,26.566],[-80.8317,26.5404],[-80.8439,26.5122],[-80.905,26.4635],[-81.015,26.3944],[-81.083,26.3682],[-81.109,26.3849],[-81.1253,26.4247],[-81.1321,26.4874],[-81.1301,26.5321]],[[-81.1175,26.5356],[-81.0992,26.5696],[-81.075,26.5948],[-81.045,26.6114],[-80.99,26.6129],[-80.91,26.5992],[-80.8613,26.5829],[-80.8438,26.5639],[-80.8412,26.541],[-80.8536,26.5142],[-80.9123,26.4681],[-81.0174,26.4028],[-81.0806,26.3759],[-81.1019,26.3875],[-81.1161,26.4247],[-81.1232,26.4874],[-81.1175,26.5356]]]}},{"type":"Feature","properties":{"c":"#e31a1c","v0":50.0,"v1":60.0},"geometry":{"type":"Polygon","coordinates":[[[-81.1573,26.1923],[-81.1258,26.2566],[-81.0519,26.3015],[-80.9356,26.3269],[-80.8156,26.4045],[-80.6919,26.5343],[-80.6,26.5979],[-80.54,26.5954],[-80.4864,26.5797],[-80.4391,26.551],[-80.415,26.5232],[-80.414,26.4963],[-80.434,26.4605],[-80.4749,26.4157],[-80.5291,26.3385],[-80.5964,26.2286],[-80.6542,26.1793],[-80.7027,26.1905],[-80.7477,26.2161],[-80.7892,26.2561],[-80.8602,26.2337],[-80.9606,26.1488],[-81.0356,26.1023],[-81.0852,26.0943],[-81.1236,26.0988],[-81.1509,26.1158],[-81.1666,26.1332],[-81.1709,26.1512],[-81.1573,26.1923]],[[-81.1478,26.1916],[-81.1157,26.2544],[-81.0422,26.2976],[-80.9274,26.3213],[-80.81,26.3976],[-80.69,26.5264],[-80.6,26.5895],[-80.54,26.587],[-80.489,26.5735],[-80.447,26.5489],[-80.4253,26.5232],[-80.4239,26.4963],[-80.4438,26.4605],[-80.485,26.4157],[-80.5367,26.3412],[-80.5989,26.2368],[-80.6504,26.1874],[-80.6912,26.1932],[-80.7362,26.2184],[-80.7854,26.2631],[-80.82,26.2819],[-80.84,26.2749],[-80.875,26.2412],[-80.925,26.181],[-80.965,26.1419],[-80.995,26.1241],[-81.035,26.1111],[-81.085,26.1028],[-81.121,26.1051],[-81.1429,26.1179],[-81.1564,26.1332],[-81.1614,26.1512],[-81.1478,26.1916]]]}},{"type":"Feature","properties":{"c":"#e31a1c","v0":50.0,"v1":60.0},"geometry":{"type":"Polygon","coordinates":[[[-80.5623,22.2712],[-80.5539,22.299],[-80.5347,22.3262],[-80.5049,22.3528],[-80.47,22.3724],[-80.43,22.3849],[-80.39,22.3888],[-80.35,22.3841],[-80.3151,22.3599],[-80.2852,22.3162],[-80.2502,22.2861],[-80.2101,22.2697],[-80.1897,22.2326],[-80.1891,22.175],[-80.1517,22.1323],[-80.0776,22.1045],[-80.0387,22.0628],[-80.035,22.0072],[-80.0624,21.9563],[-80.1208,21.9102],[-80.175,21.8898],[-80.225,21.8951],[-80.2674,21.9414],[-80.3023,22.0285],[-80.3673,22.0953],[-80.4624,22.1418],[-80.5241,22.1881],[-80.5524,22.2342],[-80.5623,22.2712]],[[-80.553,22.2712],[-80.5438,22.299],[-80.5269,22.3239],[-80.5023,22.3459],[-80.465,22.364],[-80.415,22.3781],[-80.375,22.3817],[-80.345,22.3749],[-80.32,22.3532],[-80.3,22.3167],[-80.2672,22.2882],[-80.2215,22.2676],[-80.1965,22.2264],[-80.1922,22.1646],[-80.165,22.1279],[-80.115,22.1164],[-80.0771,22.101],[-80.0513,22.0817],[-80.0395,22.0489],[-80.0417,22.0025],[-80.0697,21.9585],[-80.1232,21.9167],[-80.174,21.8981],[-80.2221,21.9028],[-80.2621,21.9471],[-80.294,22.031],[-80.325,22.0849],[-80.355,22.1091],[-80.405,22.1346],[-80.475,22.1615],[-80.5219,22.1955],[-80.5457,22.2367],[-80.553,22.2712]]]}},{"type":"Feature","properties":{"c":"#bd0026","v0":60.0,"v1":75.0},"geometry":{"type":"Polygon","coordinates":[[[-94.4457,50.1279],[-94.4384,50.1599],[-94.4257,50.1824],[-94.4076,50.1952],[-94.3514,50.2102],[-94.2571,50.2274],[-94.1832,50.2562],[-94.1296,50.2965],[-94.0646,50.3294],[-93.9882,50.3549],[-93.935,50.3625],[-93.905,50.3523],[-93.8859,50.3396],[-93.8777,50.3243],[-93.8777,50.3097],[-93.8859,50.2959],[-93.9314,50.264],[-94.0142,50.2138],[-94.0842,50.1782],[-94.1414,50.1571],[-94.185,50.1226],[-94.215,50.0745],[-94.254,50.0497],[-94.3019,50.0484],[-94.3567,50.0637],[-94.4185,50.0958],[-94.4457,50.1279]],[[-94.417,50.1364],[-94.4123,50.1598],[-94.4036,50.1758],[-94.3908,50.1844],[-94.3358,50.198],[-94.2386,50.2166],[-94.157,50.2485],[-94.091,50.294],[-94.031,50.3248],[-93.977,50.3412],[-93.94,50.3463],[-93.92,50.3403],[-93.9078,50.3321],[-93.9035,50.3218],[-93.9085,50.3082],[-93.9228,50.2914],[-93.965,50.2625],[-94.035,50.2217],[-94.1021,50.1885],[-94.1662,50.1631],[-94.2112,50.1281],[-94.2371,50.0835],[-94.2739,50.0642],[-94.3217,50.0703],[-94.3617,50.0805],[-94.3939,50.0948],[-94.4123,50.1077],[-94.417,50.119],[-94.417,50.1364]]]}},{"type":"Feature","properties":{"c":"#bd0026","v0":60.0,"v1":75.0},"geometry":{"type":"Polygon","coordinates":[[[-95.107,50.0861],[-95.0823,50.1115],[-95.025,50.1382],[-94.935,50.1664],[-94.855,50.1809],[-94.785,50.1819],[-94.7386,50.1776],[-94.7157,50.168],[-94.7057,50.1538],[-94.7086,50.1352],[-94.72,50.1193],[-94.74,50.1062],[-94.78,50.096],[-94.84,50.0889],[-94.8787,50.0791],[-94.8962,50.0667],[-94.8892,50.0413],[-94.8575,50.0027],[-94.8487,49.9733],[-94.8629,49.953],[-94.885,49.9435],[-94.915,49.9448],[-94.965,49.9615],[-95.035,49.9936],[-95.0823,50.0256],[-95.107,50.0574],[-95.107,50.0861]],[[-95.087,50.083],[-95.0677,50.1022],[-95.016,50.1253],[-94.932,50.1521],[-94.85,50.1645],[-94.77,50.1626],[-94.7292,50.1556],[-94.7276,50.1435],[-94.7357,50.1311],[-94.7534,50.1183],[-94.7893,50.1091],[-94.8431,50.1035],[-94.8834,50.0939],[-94.9101,50.0802],[-94.9237,50.0637],[-94.9241,50.0445],[-94.9095,50.022],[-94.88,49.9963],[-94.8714,49.9763],[-94.8838,49.9621],[-94.9319,49.9718],[-95.0158,50.0053],[-95.0675,50.0348],[-95.0869,50.0605],[-95.087,50.083]]]}},{"type":"Feature","properties":{"c":"#bd0026","v0":60.0,"v1":75.0},"geometry":{"type":"Polygon","coordinates":[[[-94.0167,47.0124],[-94.0084,47.0601],[-93.9766,47.1112],[-93.9213,47.1656],[-93.8777,47.1988],[-93.8459,47.2108],[-93.805,47.2138],[-93.755,47.208],[-93.71,47.2183],[-93.67,47.2449],[-93.625,47.2624],[-93.575,47.2708],[-93.53,47.27],[-93.49,47.2598],[-93.445,47.2552],[-93.395,47.2562],[-93.35,47.2366],[-93.31,47.1965],[-93.26,47.1869],[-93.2,47.2078],[-93.155,47.2167],[-93.125,47.2137],[-93.1058,47.2073],[-93.0975,47.1976],[-93.0975,47.181],[-93.1058,47.1574],[-93.155,47.1246],[-93.245,47.0828],[-93.3,47.0741],[-93.32,47.0987],[-93.35,47.0986],[-93.39,47.0739],[-93.455,47.076],[-93.545,47.1049],[-93.61,47.1208],[-93.65,47.1236],[-93.6559,47.1046],[-93.6278,47.0636],[-93.6278,47.0224],[-93.6559,46.981],[-93.695,46.963],[-93.745,46.9685],[-93.81,46.9655],[-93.89,46.9543],[-93.9455,46.9518],[-93.9765,46.9581],[-93.9992,46.968],[-94.0136,46.9817],[-94.0167,47.0124]],[[-94.0004,47.0124],[-93.9927,47.0601],[-93.9647,47.1078],[-93.9163,47.1554],[-93.8773,47.186],[-93.8477,47.1996],[-93.8022,47.2022],[-93.7407,47.1938],[-93.7,47.2023],[-93.68,47.2279],[-93.64,47.2465],[-93.58,47.2583],[-93.53,47.2591],[-93.49,47.2489],[-93.445,47.2443],[-93.395,47.2454],[-93.355,47.2258],[-93.325,47.1856],[-93.275,47.1761],[-93.205,47.1974],[-93.1548,47.2042],[-93.1243,47.1966],[-93.113,47.1826],[-93.1207,47.1622],[-93.1609,47.1346],[-93.2336,47.0999],[-93.285,47.0946],[-93.315,47.1188],[-93.35,47.1164],[-93.39,47.0874],[-93.455,47.0875],[-93.545,47.1166],[-93.6125,47.133],[-93.6576,47.1366],[-93.6848,47.1316],[-93.6941,47.118],[-93.6814,47.0907],[-93.6466,47.0499],[-93.6444,47.0144],[-93.6748,46.9844],[-93.71,46.9725],[-93.75,46.9789],[-93.81,46.9762],[-93.89,46.9646],[-93.9486,46.9662],[-93.9857,46.9811],[-94.0004,47.0124]]]}},{"type":"Feature","properties":{"c":"#bd0026","v0":60.0,"v1":75.0},"geometry":{"type":"Polygon","coordinates":[[[-96.0676,46.2466],[-96.0521,46.2743],[-96.0107,46.2989],[-95.9436,46.3203],[-95.865,46.3283],[-95.775,46.3229],[-95.7178,46.3156],[-95.6934,46.3065],[-95.6845,46.2847],[-95.6909,46.2501],[-95.7281,46.2108],[-95.796,46.1669],[-95.8657,46.1461],[-95.9371,46.1485],[-95.9918,46.1601],[-96.0299,46.1809],[-96.0555,46.2017],[-96.0688,46.2224],[-96.0676,46.2466]],[[-96.0456,46.2432],[-96.0352,46.2641],[-95.9974,46.2848],[-95.9321,46.3055],[-95.8571,46.3126],[-95.7724,46.3061],[-95.7238,46.2992],[-95.7115,46.2918],[-95.7067,46.2778],[-95.7094,46.257],[-95.7405,46.2259],[-95.8002,46.1843],[-95.8616,46.1636],[-95.9247,46.1636],[-95.9712,46.1705],[-96.0011,46.1844],[-96.0247,46.2017],[-96.0421,46.2224],[-96.0456,46.2432]]]}},{"type":"Feature","properties":{"c":"#bd0026","v0":60.0,"v1":75.0},"geometry":{"type":"Polygon","coordinates":[[[-98.0299,45.0236],[-98.0166,45.0391],[-97.9795,45.0426],[-97.9186,45.0342],[-97.8536,45.0109],[-97.7845,44.9725],[-97.72,44.9459],[-97.66,44.9312],[-97.615,44.9282],[-97.585,44.9369],[-97.5515,44.96],[-97.5146,44.9973],[-97.4704,45.023],[-97.419,45.0371],[-97.3774,45.0643],[-97.3458,45.1047],[-97.32,45.13],[-97.3,45.1404],[-97.2527,45.1449],[-97.1782,45.1436],[-97.123,45.1254],[-97.0872,45.0901],[-97.0743,45.0336],[-97.0844,44.9558],[-97.1246,44.8959],[-97.1949,44.854],[-97.265,44.8358],[-97.335,44.8413],[-97.4,44.8399],[-97.46,44.8316],[-97.515,44.8304],[-97.565,44.8363],[-97.615,44.8367],[-97.665,44.8316],[-97.7296,44.8368],[-97.8089,44.8524],[-97.8778,44.8743],[-97.9364,44.9027],[-97.9834,44.9416],[-98.0188,44.9912],[-98.0299,45.0236]],[[-97.9711,45.0128],[-97.9037,45.0065],[-97.835,44.9831],[-97.765,44.9427],[-97.7,44.918],[-97.64,44.9091],[-97.595,44.9099],[-97.565,44.9203],[-97.535,44.9423],[-97.505,44.9757],[-97.4607,45.0018],[-97.402,45.0206],[-97.352,45.0531],[-97.3107,45.0991],[-97.26,45.1237],[-97.2,45.1269],[-97.153,45.1144],[-97.1189,45.0864],[-97.1056,45.0371],[-97.1131,44.9664],[-97.1451,44.9122],[-97.2017,44.8746],[-97.265,44.8584],[-97.335,44.8635],[-97.4,44.8613],[-97.46,44.852],[-97.54,44.8481],[-97.64,44.8497],[-97.7218,44.8564],[-97.7853,44.8684],[-97.8491,44.8885],[-97.9129,44.9168],[-97.9598,44.9522],[-97.9898,44.9947],[-97.9711,45.0128]]]}},{"type":"Feature","properties":{"c":"#bd0026","v0":60.0,"v1":75.0},"geometry":{"type":"Polygon","coordinates":[[[-89.0749,44.4618],[-89.0627,44.4904],[-89.0349,44.5243],[-88.9916,44.5637],[-88.93,44.5887],[-88.85,44.5991],[-88.7929,44.5901],[-88.7587,44.5617],[-88.7388,44.5224],[-88.7332,44.4725],[-88.7353,44.4387],[-88.7451,44.4211],[-88.78,44.4104],[-88.84,44.4066],[-88.91,44.4085],[-88.99,44.4161],[-89.0428,44.4268],[-89.0683,44.4406],[-89.0749,44.4618]],[[-89.0361,44.4908],[-88.9787,44.5487],[-88.915,44.5813],[-88.845,44.5887],[-88.7947,44.5775],[-88.7642,44.5479],[-88.748,44.5118],[-88.7462,44.4689],[-88.7515,44.4401],[-88.7638,44.4251],[-88.835,44.4209],[-88.965,44.4273],[-89.0387,44.4384],[-89.0561,44.454],[-89.0361,44.4908]]]}},{"type":"Feature","properties":{"c":"#bd0026","v0":60.0,"v1":75.0},"geometry":{"type":"Polygon","coordinates":[[[-88.6973,43.7879],[-88.6658,43.8185],[-88.6318,43.8329],[-88.5955,43.8312],[-88.5687,43.8231],[-88.5515,43.8087],[-88.5446,43.7908],[-88.5482,43.7694],[-88.565,43.7468],[-88.595,43.7227],[-88.625,43.713],[-88.655,43.7176],[-88.6808,43.733],[-88.7023,43.7594],[-88.6973,43.7879]]]}},{"type":"Feature","properties":{"c":"#bd0026","v0":60.0,"v1":75.0},"geometry":{"type":"Polygon","coordinates":[[[-88.6274,43.4503],[-88.5637,43.5591],[-88.5064,43.6102],[-88.4555,43.6038],[-88.4141,43.5639],[-88.3823,43.4906],[-88.3823,43.4192],[-88.4141,43.3495],[-88.447,43.3059],[-88.4809,43.2883],[-88.5082,43.2795],[-88.5289,43.2795],[-88.5668,43.3013],[-88.6219,43.345],[-88.6519,43.3741],[-88.6568,43.3886],[-88.6274,43.4503]]]}},{"type":"Feature","properties":{"c":"#bd0026","v0":60.0,"v1":75.0},"geometry":{"type":"Polygon","coordinates":[[[-112.3315,43.1194],[-112.3172,43.1491],[-112.285,43.1766],[-112.235,43.2021],[-112.185,43.2148],[-112.135,43.215],[-112.08,43.2224],[-112.02,43.237],[-111.9731,43.2385],[-111.9393,43.227],[-111.9243,43.2029],[-111.9281,43.1662],[-111.965,43.1374],[-112.035,43.1164],[-112.1,43.0858],[-112.16,43.0454],[-112.215,43.0289],[-112.265,43.0362],[-112.3022,43.056],[-112.3265,43.0883],[-112.3315,43.1194]],[[-112.3108,43.118],[-112.2969,43.145],[-112.275,43.1669],[-112.245,43.1837],[-112.17,43.2014],[-112.05,43.22],[-111.9792,43.2273],[-111.9576,43.2232],[-111.9476,43.2045],[-111.9492,43.171],[-111.985,43.1443],[-112.055,43.1244],[-112.115,43.0961],[-112.165,43.0595],[-112.21,43.0426],[-112.25,43.0454],[-112.2803,43.054],[-112.3009,43.0682],[-112.3128,43.0826],[-112.3161,43.0972],[-112.3108,43.118]]]}},{"type":"Feature","properties":{"c":"#bd0026","v0":60.0,"v1":75.0},"geometry":{"type":"Polygon","coordinates":[[[-87.146,42.8301],[-87.0876,42.896],[-87.0513,42.9291],[-87.0371,42.9293],[-87.025,42.9237],[-87.015,42.9122],[-86.9952,42.8755],[-86.9657,42.8134],[-86.9686,42.7604],[-87.0039,42.7163],[-87.0172,42.6759],[-87.0084,42.6391],[-86.9893,42.6023],[-86.9598,42.5655],[-86.9513,42.5354],[-86.9638,42.5122],[-87.0076,42.5196],[-87.0827,42.5575],[-87.134,42.6317],[-87.1615,42.742],[-87.146,42.8301]]]}},{"type":"Feature","properties":{"c":"#bd0026","v0":60.0,"v1":75.0},"geometry":{"type":"Polygon","coordinates":[[[-103.454,42.427],[-103.438,42.4524],[-103.405,42.4685],[-103.355,42.4754],[-103.315,42.498],[-103.285,42.5363],[-103.2299,42.5644],[-103.1496,42.5823],[-103.0996,42.6168],[-103.0799,42.6679],[-103.045,42.7113],[-102.995,42.7468],[-102.945,42.7686],[-102.895,42.7765],[-102.855,42.7726],[-102.825,42.757],[-102.7969,42.7244],[-102.7707,42.6749],[-102.7707,42.6312],[-102.7969,42.5932],[-102.825,42.5683],[-102.855,42.5563],[-102.905,42.5467],[-102.975,42.5394],[-103.02,42.5207],[-103.04,42.4907],[-103.072,42.4603],[-103.1159,42.4296],[-103.1659,42.4079],[-103.222,42.3952],[-103.27,42.3704],[-103.31,42.3336],[-103.35,42.3195],[-103.39,42.3281],[-103.423,42.3529],[-103.449,42.3938],[-103.454,42.427]],[[-103.4384,42.4254],[-103.4214,42.4475],[-103.3877,42.4623],[-103.3372,42.4696],[-103.3014,42.4905],[-103.2805,42.5247],[-103.225,42.552],[-103.135,42.5724],[-103.0832,42.6068],[-103.0696,42.6553],[-103.039,42.6979],[-102.9912,42.7346],[-102.943,42.7571],[-102.8943,42.7653],[-102.855,42.7595],[-102.825,42.7398],[-102.8006,42.71],[-102.7819,42.6701],[-102.7807,42.6354],[-102.7969,42.606],[-102.8213,42.5838],[-102.8538,42.5688],[-102.905,42.5585],[-102.975,42.553],[-103.025,42.5318],[-103.055,42.4949],[-103.094,42.4609],[-103.1419,42.4298],[-103.1886,42.4106],[-103.2339,42.4032],[-103.275,42.3813],[-103.3117,42.345],[-103.3473,42.3302],[-103.382,42.337],[-103.4112,42.3589],[-103.435,42.3958],[-103.4384,42.4254]]]}},{"type":"Feature","properties":{"c":"#bd0026","v0":60.0,"v1":75.0},"geometry":{"type":"Polygon","coordinates":[[[-89.4384,42.4661],[-89.4328,42.4812],[-89.4075,42.5033],[-89.3626,42.5325],[-89.3326,42.5641],[-89.3175,42.5981],[-89.3055,42.6091],[-89.2965,42.5972],[-89.2965,42.574],[-89.3055,42.5395],[-89.3231,42.51],[-89.3494,42.4856],[-89.3689,42.4586],[-89.3818,42.4291],[-89.4015,42.4254],[-89.428,42.4475],[-89.4384,42.4661]]]}},{"type":"Feature","properties":{"c":"#bd0026","v0":60.0,"v1":75.0},"geometry":{"type":"Polygon","coordinates":[[[-111.0086,42.4106],[-110.9975,42.4327],[-110.9815,42.4478],[-110.9605,42.4558],[-110.92,42.4508],[-110.86,42.4328],[-110.81,42.4356],[-110.77,42.4591],[-110.735,42.4725],[-110.705,42.4759],[-110.68,42.4758],[-110.66,42.4723],[-110.6444,42.4638],[-110.6332,42.4505],[-110.6282,42.4357],[-110.6294,42.4195],[-110.6389,42.4047],[-110.6568,42.3914],[-110.6996,42.3811],[-110.7674,42.3737],[-110.8185,42.3495],[-110.8528,42.3086],[-110.885,42.2901],[-110.915,42.2941],[-110.951,42.322],[-110.9931,42.3737],[-111.0086,42.4106]],[[-110.7467,42.4222],[-110.7356,42.4381],[-110.7147,42.4454],[-110.6841,42.4444],[-110.6694,42.4364],[-110.6707,42.4217],[-110.6916,42.4143],[-110.732,42.4143],[-110.7467,42.4222]],[[-110.9693,42.4073],[-110.9564,42.4228],[-110.925,42.4217],[-110.875,42.4039],[-110.855,42.3779],[-110.865,42.3437],[-110.88,42.3262],[-110.9,42.3255],[-110.9264,42.3438],[-110.9593,42.3809],[-110.9693,42.4073]]]}},{"type":"Feature","properties":{"c":"#bd0026","v0":60.0,"v1":75.0},"geometry":{"type":"Polygon","coordinates":[[[-105.3889,42.397],[-105.363,42.4215],[-105.295,42.4264],[-105.185,42.4117],[-105.1257,42.3957],[-105.1172,42.3786],[-105.1161,42.3515],[-105.1225,42.3145],[-105.0945,42.2812],[-105.0322,42.2516],[-104.9944,42.2257],[-104.9812,42.2035],[-104.9774,42.1813],[-104.9829,42.159],[-104.9967,42.1438],[-105.0189,42.1357],[-105.06,42.1376],[-105.12,42.1494],[-105.1589,42.1683],[-105.1767,42.1943],[-105.1865,42.2257],[-105.1883,42.2627],[-105.2344,42.2951],[-105.3248,42.3227],[-105.378,42.3486],[-105.3939,42.3727],[-105.3889,42.397]],[[-105.3824,42.3918],[-105.3741,42.406],[-105.36,42.4155],[-105.34,42.4205],[-105.2843,42.4171],[-105.193,42.4054],[-105.1424,42.3921],[-105.1326,42.3774],[-105.1316,42.3478],[-105.1395,42.3034],[-105.1128,42.2701],[-105.0514,42.2479],[-105.0135,42.2183],[-104.9991,42.1813],[-105.0014,42.158],[-105.0205,42.1485],[-105.06,42.1506],[-105.12,42.1642],[-105.1557,42.1838],[-105.167,42.2093],[-105.1695,42.2368],[-105.1631,42.2664],[-105.2076,42.296],[-105.3032,42.3256],[-105.3598,42.3515],[-105.3776,42.3737],[-105.3824,42.3918]]]}},{"type":"Feature","properties":{"c":"#bd0026","v0":60.0,"v1":75.0},"geometry":{"type":"Polygon","coordinates":[[[-90.38,42.2294],[-90.3725,42.2442],[-90.354,42.2586],[-90.3247,42.2726],[-90.255,42.2893],[-90.145,42.3087],[-90.07,42.3159],[-90.03,42.311],[-90.0005,42.298],[-89.9814,42.277],[-89.9764,42.2473],[-89.9855,42.2091],[-90.02,42.1853],[-90.08,42.1762],[-90.14,42.1586],[-90.2,42.1325],[-90.26,42.1209],[-90.32,42.1238],[-90.3584,42.1495],[-90.3753,42.1978],[-90.38,42.2294]],[[-90.3552,42.2331],[-90.3281,42.2553],[-90.2822,42.2738],[-90.2177,42.2886],[-90.1516,42.2987],[-90.0839,42.3041],[-90.0399,42.3041],[-90.0196,42.2987],[-90.0038,42.2886],[-89.9925,42.2738],[-89.9927,42.2484],[-90.0042,42.2122],[-90.035,42.1915],[-90.085,42.1864],[-90.14,42.1705],[-90.2,42.1439],[-90.2566,42.1312],[-90.3099,42.1325],[-90.3445,42.1553],[-90.3607,42.1998],[-90.3552,42.2331]]]}},{"type":"Feature","properties":{"c":"#bd0026","v0":60.0,"v1":75.0},"geometry":{"type":"Polygon","coordinates":[[[-110.3029,42.0663],[-110.2866,42.1702],[-110.2664,42.2363],[-110.2421,42.2648],[-110.215,42.2826],[-110.185,42.2898],[-110.1587,42.2867],[-110.1361,42.2732],[-110.1169,42.2442],[-110.1011,42.1998],[-110.1055,42.1331],[-110.1302,42.044],[-110.1644,41.9893],[-110.2081,41.9691],[-110.2459,41.9616],[-110.2778,41.967],[-110.2981,41.9809],[-110.3067,42.0032],[-110.3029,42.0663]],[[-110.2875,42.0626],[-110.2749,42.159],[-110.259,42.2211],[-110.2397,42.2487],[-110.215,42.267],[-110.185,42.2759],[-110.1608,42.2731],[-110.1425,42.2588],[-110.1272,42.2331],[-110.1149,42.1961],[-110.1196,42.1368],[-110.1412,42.0552],[-110.1591,42.0069],[-110.1733,41.992],[-110.1928,41.9817],[-110.2176,41.976],[-110.2434,41.976],[-110.2702,41.9817],[-110.2862,41.992],[-110.2913,42.0069],[-110.2875,42.0626]]]}},{"type":"Feature","properties":{"c":"#bd0026","v0":60.0,"v1":75.0},"geometry":{"type":"Polygon","coordinates":[[[-111.0635,42.2183],[-111.0412,42.2404],[-111.02,42.2522],[-111.0,42.2537],[-110.9978,42.2353],[-111.0133,42.1968],[-111.0298,42.1776],[-111.0471,42.1776],[-111.0604,42.185],[-111.0699,42.1998],[-111.0635,42.2183]]]}},{"type":"Feature","properties":{"c":"#bd0026","v0":60.0,"v1":75.0},"geometry":{"type":"Polygon","coordinates":[[[-110.0102,42.1278],[-109.9967,42.1468],[-109.9793,42.1542],[-109.9578,42.15],[-109.9436,42.1331],[-109.9367,42.1034],[-109.9374,42.0795],[-109.9458,42.0613],[-109.96,42.0562],[-109.98,42.0643],[-109.9967,42.0808],[-110.0102,42.1058],[-110.0102,42.1278]],[[-109.9957,42.1232],[-109.9919,42.1331],[-109.9819,42.1368],[-109.9656,42.1343],[-109.9556,42.122],[-109.9518,42.0997],[-109.9549,42.0849],[-109.9648,42.0774],[-109.9768,42.0849],[-109.9907,42.1071],[-109.9957,42.1232]]]}},{"type":"Feature","properties":{"c":"#bd0026","v0":60.0,"v1":75.0},"geometry":{"type":"Polygon","coordinates":[[[-91.109,42.018],[-91.0849,42.0552],[-91.0421,42.0798],[-90.9807,42.0918],[-90.935,42.1131],[-90.905,42.1435],[-90.8695,42.156],[-90.8285,42.1506],[-90.7889,42.1294],[-90.7507,42.0923],[-90.7354,42.0552],[-90.7431,42.018],[-90.7577,41.9934],[-90.7792,41.9812],[-90.82,41.9743],[-90.88,41.9726],[-90.95,41.9637],[-91.03,41.9476],[-91.08,41.9459],[-91.1,41.9584],[-91.1128,41.9734],[-91.1183,41.9908],[-91.109,42.018]],[[-91.0917,42.0143],[-91.074,42.044],[-91.0314,42.0644],[-90.9638,42.0753],[-90.92,42.096],[-90.9,42.1265],[-90.8711,42.1396],[-90.8333,42.1353],[-90.7994,42.1183],[-90.7693,42.0886],[-90.7562,42.0589],[-90.7601,42.0292],[-90.769,42.0086],[-90.783,41.9972],[-90.82,41.9903],[-90.88,41.988],[-90.945,41.9786],[-91.015,41.9622],[-91.06,41.9577],[-91.08,41.965],[-91.0926,41.9764],[-91.0979,41.9918],[-91.0917,42.0143]]]}},{"type":"Feature","properties":{"c":"#bd0026","v0":60.0,"v1":75.0},"geometry":{"type":"Polygon","coordinates":[[[-89.1451,41.5632],[-89.1373,41.5856],[-89.1225,41.6],[-89.1008,41.6063],[-89.0469,41.5951],[-88.9608,41.5663],[-88.8921,41.5258],[-88.8408,41.4733],[-88.8189,41.4228],[-88.8263,41.3743],[-88.85,41.3428],[-88.89,41.3285],[-88.9281,41.3265],[-88.9643,41.3369],[-89.0143,41.3713],[-89.0781,41.4298],[-89.1198,41.4823],[-89.1393,41.5288],[-89.1451,41.5632]],[[-89.1325,41.5594],[-89.1293,41.5744],[-89.1183,41.586],[-89.0994,41.5942],[-89.0468,41.583],[-88.9605,41.5523],[-88.8955,41.5145],[-88.8517,41.4696],[-88.8329,41.4246],[-88.839,41.3796],[-88.859,41.3511],[-88.893,41.3392],[-88.9283,41.3392],[-88.9648,41.3511],[-89.011,41.3834],[-89.067,41.4359],[-89.1047,41.4846],[-89.1243,41.5295],[-89.1325,41.5594]]]}},{"type":"Feature","properties":{"c":"#bd0026","v0":60.0,"v1":75.0},"geometry":{"type":"Polygon","coordinates":[[[-89.4981,41.4884],[-89.4927,41.5109],[-89.48,41.5257],[-89.46,41.5326],[-89.4047,41.5176],[-89.314,41.4806],[-89.2826,41.4396],[-89.3104,41.3946],[-89.3308,41.3704],[-89.3436,41.367],[-89.3749,41.3745],[-89.4246,41.3929],[-89.4623,41.4209],[-89.4879,41.4583],[-89.4981,41.4884]]]}},{"type":"Feature","properties":{"c":"#bd0026","v0":60.0,"v1":75.0},"geometry":{"type":"Polygon","coordinates":[[[-112.14,40.9747],[-112.12,40.993],[-112.09,41.0017],[-112.05,41.0008],[-111.98,40.9747],[-111.88,40.9235],[-111.8184,40.877],[-111.7953,40.8352],[-111.8003,40.7869],[-111.8334,40.732],[-111.865,40.7001],[-111.895,40.6912],[-111.925,40.6923],[-111.955,40.7031],[-112.015,40.7729],[-112.105,40.9014],[-112.14,40.9747]],[[-112.118,40.9715],[-112.0993,40.9833],[-112.075,40.9876],[-112.045,40.9846],[-111.9802,40.956],[-111.8807,40.9019],[-111.8251,40.856],[-111.8134,40.8181],[-111.8232,40.7773],[-111.8544,40.7333],[-111.885,40.7101],[-111.915,40.7077],[-111.94,40.7133],[-111.96,40.7269],[-112.0093,40.7917],[-112.088,40.9077],[-112.118,40.9715]]]}},{"type":"Feature","properties":{"c":"#bd0026","v0":60.0,"v1":75.0},"geometry":{"type":"Polygon","coordinates":[[[-111.6597,40.9133],[-111.6399,40.9296],[-111.59,40.9465],[-111.51,40.9638],[-111.4547,40.9594],[-111.4242,40.9333],[-111.3887,40.9127],[-111.3483,40.8976],[-111.325,40.8787],[-111.3189,40.856],[-111.3244,40.8313],[-111.3415,40.8046],[-111.375,40.7732],[-111.425,40.7371],[-111.5,40.7117],[-111.6,40.6971],[-111.6534,40.6982],[-111.6602,40.715],[-111.6555,40.75],[-111.6394,40.803],[-111.6409,40.8484],[-111.6601,40.8862],[-111.6597,40.9133]],[[-111.6346,40.9127],[-111.6086,40.9278],[-111.5642,40.9409],[-111.5014,40.952],[-111.455,40.9446],[-111.425,40.9187],[-111.3914,40.898],[-111.3541,40.8826],[-111.3343,40.8673],[-111.3322,40.8522],[-111.3609,40.8168],[-111.4203,40.7612],[-111.495,40.7258],[-111.585,40.7107],[-111.6342,40.7082],[-111.6425,40.7184],[-111.6387,40.75],[-111.6229,40.803],[-111.6231,40.8484],[-111.6394,40.8862],[-111.6346,40.9127]]]}},{"type":"Feature","properties":{"c":"#bd0026","v0":60.0,"v1":75.0},"geometry":{"type":"Polygon","coordinates":[[[-113.5735,40.0646],[-113.5558,40.0876],[-113.5127,40.1105],[-113.4442,40.1335],[-113.3634,40.1258],[-113.2703,40.0876],[-113.2087,40.034],[-113.1788,39.9651],[-113.1854,39.9242],[-113.2285,39.9114],[-113.28,39.9118],[-113.34,39.9254],[-113.4031,39.9318],[-113.4694,39.931],[-113.515,39.9382],[-113.5398,39.9536],[-113.5597,39.9842],[-113.5748,40.0302],[-113.5735,40.0646]],[[-113.5513,40.0646],[-113.5272,40.0876],[-113.4888,40.1067],[-113.4363,40.1219],[-113.3654,40.1104],[-113.2762,40.0722],[-113.222,40.0225],[-113.2029,39.9612],[-113.2076,39.9277],[-113.2359,39.9219],[-113.28,39.9257],[-113.34,39.9391],[-113.403,39.9458],[-113.4689,39.9459],[-113.5115,39.9536],[-113.5308,39.9689],[-113.5462,39.9957],[-113.5576,40.034],[-113.5513,40.0646]]]}},{"type":"Feature","properties":{"c":"#bd0026","v0":60.0,"v1":75.0},"geometry":{"type":"Polygon","coordinates":[[[-84.2957,40.0636],[-84.2786,40.0843],[-84.23,40.1073],[-84.15,40.1323],[-84.09,40.1341],[-84.05,40.1127],[-84.0,40.0977],[-83.94,40.0891],[-83.9008,40.0731],[-83.8824,40.0496],[-83.8774,40.0281],[-83.8858,40.0086],[-83.905,39.989],[-83.935,39.9693],[-83.97,39.9521],[-84.01,39.9374],[-84.055,39.9283],[-84.105,39.9248],[-84.15,39.9398],[-84.19,39.9733],[-84.23,39.9965],[-84.27,40.0092],[-84.2936,40.025],[-84.3007,40.0438],[-84.2957,40.0636]],[[-84.2833,40.0608],[-84.2706,40.0761],[-84.2257,40.0955],[-84.1486,40.1189],[-84.095,40.1217],[-84.065,40.1038],[-84.015,40.0888],[-83.945,40.0769],[-83.9045,40.0626],[-83.8935,40.0461],[-83.8935,40.0279],[-83.9045,40.0079],[-83.9266,39.9888],[-83.9597,39.9704],[-84.0147,39.9552],[-84.0916,39.9432],[-84.145,39.9519],[-84.175,39.9812],[-84.21,40.0012],[-84.25,40.0118],[-84.2749,40.0261],[-84.2847,40.0441],[-84.2833,40.0608]]]}},{"type":"Feature","properties":{"c":"#bd0026","v0":60.0,"v1":75.0},"geometry":{"type":"Polygon","coordinates":[[[-116.0605,39.9114],[-116.0443,39.9651],[-116.0246,39.9983],[-116.0015,40.0112],[-115.9781,40.015],[-115.9542,40.0098],[-115.9342,39.9908],[-115.9181,39.9581],[-115.88,39.9389],[-115.82,39.9333],[-115.7846,39.9267],[-115.7739,39.919],[-115.7645,39.8807],[-115.7563,39.8116],[-115.7555,39.7616],[-115.762,39.7309],[-115.7814,39.712],[-115.8138,39.7052],[-115.837,39.7052],[-115.8511,39.712],[-115.8661,39.7329],[-115.882,39.7676],[-115.9224,39.7868],[-115.9873,39.7905],[-116.029,39.8001],[-116.0473,39.8154],[-116.0595,39.8385],[-116.0656,39.8692],[-116.0605,39.9114]],[[-116.0475,39.9076],[-116.0354,39.9536],[-116.0196,39.9837],[-115.9999,39.9981],[-115.98,40.002],[-115.96,39.9954],[-115.94,39.9757],[-115.92,39.9427],[-115.8809,39.9234],[-115.8227,39.918],[-115.7883,39.8692],[-115.7777,39.777],[-115.7874,39.727],[-115.8173,39.7193],[-115.8467,39.7371],[-115.8756,39.7802],[-115.92,39.8017],[-115.98,39.8017],[-116.0197,39.8109],[-116.0391,39.8293],[-116.05,39.85],[-116.0523,39.873],[-116.0475,39.9076]]]}},{"type":"Feature","properties":{"c":"#bd0026","v0":60.0,"v1":75.0},"geometry":{"type":"Polygon","coordinates":[[[-115.4065,39.5839],[-115.3555,39.6904],[-115.2959,39.7788],[-115.2276,39.8493],[-115.1826,39.886],[-115.1609,39.889],[-115.135,39.8815],[-115.105,39.8634],[-115.07,39.8527],[-115.03,39.8494],[-115.0076,39.83],[-115.0029,39.7947],[-115.0129,39.7682],[-115.0376,39.7505],[-115.065,39.7405],[-115.095,39.7381],[-115.12,39.7495],[-115.14,39.7748],[-115.165,39.7884],[-115.195,39.7903],[-115.22,39.7618],[-115.24,39.703],[-115.285,39.6367],[-115.355,39.5631],[-115.4,39.5228],[-115.42,39.5158],[-115.4305,39.5169],[-115.4315,39.5261],[-115.4065,39.5839]],[[-115.2023,39.8361],[-115.1808,39.862],[-115.155,39.8669],[-115.125,39.851],[-115.09,39.8418],[-115.05,39.8394],[-115.0263,39.8267],[-115.019,39.8038],[-115.0215,39.7847],[-115.0337,39.7693],[-115.0523,39.7589],[-115.0774,39.7535],[-115.105,39.7646],[-115.135,39.7921],[-115.1658,39.8102],[-115.1973,39.8188],[-115.2023,39.8361]],[[-115.3716,39.6108],[-115.3439,39.6785],[-115.32,39.7258],[-115.3,39.7528],[-115.2818,39.769],[-115.2653,39.7743],[-115.2587,39.754],[-115.2622,39.7078],[-115.2904,39.6568],[-115.3435,39.6009],[-115.3739,39.5739],[-115.3816,39.5759],[-115.3716,39.6108]]]}},{"type":"Feature","properties":{"c":"#bd0026","v0":60.0,"v1":75.0},"geometry":{"type":"Polygon","coordinates":[[[-114.606,39.3955],[-114.5476,39.4341],[-114.5177,39.4959],[-114.5162,39.5807],[-114.5041,39.6418],[-114.4814,39.6791],[-114.445,39.7141],[-114.395,39.7468],[-114.345,39.7656],[-114.295,39.7704],[-114.2582,39.7547],[-114.2347,39.7183],[-114.2369,39.6693],[-114.2646,39.6077],[-114.2819,39.5383],[-114.2887,39.4612],[-114.2766,39.4068],[-114.2455,39.3752],[-114.23,39.3393],[-114.23,39.299],[-114.24,39.2756],[-114.26,39.2691],[-114.2799,39.2741],[-114.2996,39.2906],[-114.3054,39.3259],[-114.2973,39.38],[-114.3174,39.4128],[-114.3658,39.4242],[-114.405,39.426],[-114.435,39.4184],[-114.4557,39.4049],[-114.467,39.3858],[-114.4692,39.3607],[-114.4621,39.3298],[-114.4348,39.2872],[-114.3872,39.233],[-114.37,39.1945],[-114.3833,39.1716],[-114.4,39.1578],[-114.42,39.153],[-114.4395,39.1567],[-114.4586,39.1688],[-114.4715,39.202],[-114.4782,39.2563],[-114.5037,39.292],[-114.5479,39.3094],[-114.5863,39.3326],[-114.6189,39.3616],[-114.606,39.3955]],[[-114.2792,39.3232],[-114.2731,39.341],[-114.265,39.3371],[-114.255,39.3116],[-114.255,39.2976],[-114.265,39.2951],[-114.2731,39.299],[-114.2792,39.3092],[-114.2792,39.3232]],[[-114.4412,39.2268],[-114.4337,39.2377],[-114.4221,39.2377],[-114.4063,39.2268],[-114.4013,39.2101],[-114.4071,39.1876],[-114.415,39.1761],[-114.425,39.1755],[-114.4337,39.1867],[-114.4412,39.2098],[-114.4412,39.2268]],[[-114.5675,39.3955],[-114.514,39.4341],[-114.4879,39.4956],[-114.4893,39.5799],[-114.4801,39.6377],[-114.4604,39.6691],[-114.4354,39.6964],[-114.4051,39.7196],[-114.365,39.7376],[-114.315,39.7503],[-114.28,39.7394],[-114.26,39.705],[-114.2631,39.664],[-114.2892,39.6162],[-114.3079,39.5576],[-114.3191,39.4882],[-114.361,39.448],[-114.4337,39.437],[-114.48,39.4053],[-114.5,39.3528],[-114.525,39.331],[-114.555,39.34],[-114.5761,39.3524],[-114.5882,39.3683],[-114.5675,39.3955]]]}},{"type":"Feature","properties":{"c":"#bd0026","v0":60.0,"v1":75.0},"geometry":{"type":"Polygon","coordinates":[[[-104.9191,39.5094],[-104.8997,39.5285],[-104.8611,39.5401],[-104.8034,39.5441],[-104.7682,39.573],[-104.7555,39.627],[-104.7394,39.6625],[-104.7198,39.6798],[-104.695,39.6923],[-104.665,39.7001],[-104.64,39.7014],[-104.62,39.6962],[-104.6021,39.6721],[-104.5862,39.6292],[-104.5629,39.6],[-104.5323,39.5846],[-104.5124,39.5692],[-104.5031,39.5538],[-104.5013,39.5379],[-104.5071,39.5217],[-104.5321,39.5024],[-104.5764,39.4801],[-104.5993,39.4457],[-104.601,39.3994],[-104.6139,39.3678],[-104.638,39.3511],[-104.7065,39.3627],[-104.8196,39.4026],[-104.8893,39.4419],[-104.9156,39.4805],[-104.9191,39.5094]],[[-104.9007,39.5064],[-104.8802,39.5197],[-104.8437,39.5274],[-104.7911,39.5296],[-104.7562,39.5615],[-104.7391,39.6231],[-104.7154,39.6624],[-104.6851,39.6792],[-104.6588,39.6869],[-104.6363,39.6855],[-104.6188,39.6655],[-104.6061,39.627],[-104.5789,39.5923],[-104.5371,39.5615],[-104.5196,39.5387],[-104.5265,39.5241],[-104.5524,39.5049],[-104.5973,39.4809],[-104.6189,39.4496],[-104.6174,39.411],[-104.625,39.3832],[-104.6417,39.3664],[-104.705,39.3773],[-104.815,39.4159],[-104.8802,39.4513],[-104.9007,39.4836],[-104.9007,39.5064]]]}},{"type":"Feature","properties":{"c":"#bd0026","v0":60.0,"v1":75.0},"geometry":{"type":"Polygon","coordinates":[[[-116.1101,39.1394],[-116.0967,39.1614],[-116.0733,39.1808],[-116.0399,39.1975],[-115.9849,39.2011],[-115.9083,39.1914],[-115.8494,39.1991],[-115.8083,39.2243],[-115.7583,39.2467],[-115.6994,39.2663],[-115.66,39.2777],[-115.64,39.2808],[-115.6256,39.2787],[-115.6169,39.2715],[-115.6576,39.2059],[-115.7478,39.0818],[-115.785,38.9886],[-115.7691,38.9264],[-115.7626,38.8797],[-115.7653,38.8485],[-115.7725,38.8284],[-115.7842,38.8193],[-115.84,38.8139],[-115.94,38.812],[-116.0064,38.8166],[-116.0391,38.8275],[-116.0708,38.9069],[-116.1015,39.0546],[-116.1101,39.1394]],[[-116.0707,39.1431],[-116.0302,39.1727],[-115.97,39.1823],[-115.89,39.1718],[-115.8292,39.1803],[-115.7877,39.2077],[-115.7418,39.2291],[-115.6917,39.2446],[-115.6674,39.2446],[-115.669,39.2291],[-115.6864,39.2059],[-115.7197,39.1749],[-115.7576,39.1245],[-115.8002,39.0546],[-115.8131,38.9925],[-115.7962,38.938],[-115.7927,38.8913],[-115.8025,38.8524],[-115.853,38.8325],[-115.9443,38.8317],[-116.0013,38.8356],[-116.024,38.8442],[-116.0493,38.9186],[-116.0771,39.0585],[-116.0707,39.1431]]]}},{"type":"Feature","properties":{"c":"#bd0026","v0":60.0,"v1":75.0},"geometry":{"type":"Polygon","coordinates":[[[-108.1901,38.9732],[-108.1767,39.0046],[-108.14,39.0325],[-108.08,39.0571],[-108.02,39.0728],[-107.96,39.0799],[-107.895,39.0787],[-107.825,39.0693],[-107.76,39.0837],[-107.7,39.1219],[-107.6558,39.1339],[-107.6273,39.1199],[-107.6204,39.0896],[-107.635,39.043],[-107.6743,39.0122],[-107.7381,38.9972],[-107.78,38.9662],[-107.8,38.9193],[-107.85,38.9142],[-107.93,38.9511],[-108.01,38.9625],[-108.09,38.9482],[-108.1467,38.9452],[-108.1801,38.9534],[-108.1901,38.9732]]]}},{"type":"Feature","properties":{"c":"#bd0026","v0":60.0,"v1":75.0},"geometry":{"type":"Polygon","coordinates":[[[-102.2283,39.0609],[-102.2161,39.0814],[-102.1974,39.093],[-102.1722,39.0959],[-102.1472,39.0861],[-102.1224,39.0636],[-102.11,39.0403],[-102.11,39.0162],[-102.1302,39.0002],[-102.1708,38.9925],[-102.2008,38.9962],[-102.2203,39.0113],[-102.2311,39.0268],[-102.2333,39.0428],[-102.2283,39.0609]]]}},{"type":"Feature","properties":{"c":"#bd0026","v0":60.0,"v1":75.0},"geometry":{"type":"Polygon","coordinates":[[[-102.9656,38.9649],[-102.9552,38.9796],[-102.93,38.9938],[-102.89,39.0074],[-102.855,39.0323],[-102.825,39.0686],[-102.795,39.0893],[-102.765,39.0944],[-102.734,39.0892],[-102.7019,39.0739],[-102.684,39.0274],[-102.6802,38.9497],[-102.6912,38.8998],[-102.7171,38.8778],[-102.77,38.8662],[-102.85,38.8651],[-102.9102,38.8878],[-102.9506,38.9343],[-102.9656,38.9649]],[[-102.9259,38.9691],[-102.8789,38.9925],[-102.8391,39.0222],[-102.8064,39.0583],[-102.78,39.0774],[-102.76,39.0794],[-102.7375,39.073],[-102.7126,39.0582],[-102.6998,39.0158],[-102.6991,38.9458],[-102.7087,38.903],[-102.7286,38.8875],[-102.7764,38.8804],[-102.8521,38.8819],[-102.9048,38.9013],[-102.9345,38.9388],[-102.9259,38.9691]]]}},{"type":"Feature","properties":{"c":"#bd0026","v0":60.0,"v1":75.0},"geometry":{"type":"Polygon","coordinates":[[[-114.378,38.9765],[-114.3593,39.0145],[-114.3368,39.0339],[-114.3103,39.0348],[-114.2923,39.008],[-114.2829,38.9536],[-114.2561,38.9179],[-114.212,38.9009],[-114.179,38.862],[-114.1571,38.8011],[-114.1361,38.7589],[-114.1159,38.7355],[-114.1243,38.677],[-114.1612,38.5832],[-114.1771,38.5285],[-114.172,38.5128],[-114.1474,38.4933],[-114.1035,38.4698],[-114.0831,38.4463],[-114.0862,38.4228],[-114.0983,38.4016],[-114.1194,38.3827],[-114.145,38.3756],[-114.175,38.3802],[-114.2189,38.417],[-114.2767,38.4861],[-114.3106,38.5441],[-114.3206,38.591],[-114.3131,38.6496],[-114.288,38.7199],[-114.2869,38.7745],[-114.3099,38.8135],[-114.3198,38.8485],[-114.3166,38.8797],[-114.3292,38.903],[-114.3577,38.9186],[-114.3758,38.9341],[-114.3835,38.9497],[-114.378,38.9765]],[[-114.3664,38.9711],[-114.3555,38.9984],[-114.34,39.0154],[-114.32,39.0221],[-114.31,39.0025],[-114.31,38.9565],[-114.32,38.9339],[-114.34,38.9345],[-114.3555,38.9405],[-114.3664,38.9518],[-114.3664,38.9711]],[[-114.2999,38.634],[-114.2742,38.7043],[-114.2725,38.7628],[-114.2946,38.8096],[-114.3017,38.8503],[-114.2939,38.8849],[-114.285,38.9026],[-114.275,38.9033],[-114.252,38.8976],[-114.2159,38.8857],[-114.1874,38.8485],[-114.1663,38.7862],[-114.1461,38.7433],[-114.127,38.7199],[-114.1306,38.6887],[-114.1571,38.6496],[-114.1773,38.6028],[-114.1912,38.548],[-114.172,38.5011],[-114.1197,38.4619],[-114.1026,38.429],[-114.1209,38.4022],[-114.1433,38.3905],[-114.1698,38.3937],[-114.2098,38.4263],[-114.2633,38.4882],[-114.2957,38.5391],[-114.307,38.5789],[-114.2999,38.634]]]}},{"type":"Feature","properties":{"c":"#bd0026","v0":60.0,"v1":75.0},"geometry":{"type":"Polygon","coordinates":[[[-102.4403,38.869],[-102.4201,38.8787],[-102.375,38.8733],[-102.305,38.8525],[-102.24,38.8438],[-102.18,38.8471],[-102.1317,38.8332],[-102.095,38.8018],[-102.085,38.7815],[-102.1017,38.7722],[-102.14,38.7746],[-102.2,38.7887],[-102.27,38.7972],[-102.35,38.8],[-102.4051,38.8171],[-102.4353,38.8484],[-102.4403,38.869]]]}},{"type":"Feature","properties":{"c":"#bd0026","v0":60.0,"v1":75.0},"geometry":{"type":"Polygon","coordinates":[[[-94.528,38.5363],[-94.5212,38.5676],[-94.4908,38.6124],[-94.4369,38.6708],[-94.3823,38.6981],[-94.3268,38.6944],[-94.2792,38.6692],[-94.2396,38.6223],[-94.2224,38.5805],[-94.2275,38.5439],[-94.255,38.5089],[-94.305,38.4756],[-94.365,38.4611],[-94.435,38.4654],[-94.4854,38.4809],[-94.5161,38.5074],[-94.528,38.5363]],[[-94.499,38.566],[-94.4663,38.6254],[-94.435,38.6646],[-94.405,38.6838],[-94.367,38.6892],[-94.3209,38.6811],[-94.2807,38.6535],[-94.2462,38.6067],[-94.2348,38.5676],[-94.2463,38.5363],[-94.2766,38.5075],[-94.3255,38.4813],[-94.38,38.4715],[-94.44,38.4779],[-94.4797,38.4871],[-94.499,38.499],[-94.5103,38.5128],[-94.5136,38.5285],[-94.499,38.566]]]}},{"type":"Feature","properties":{"c":"#bd0026","v0":60.0,"v1":75.0},"geometry":{"type":"Polygon","coordinates":[[[-114.0967,38.2785],[-114.0789,38.2958],[-114.061,38.2958],[-114.0429,38.2785],[-114.0429,38.2603],[-114.061,38.2414],[-114.0789,38.2414],[-114.0967,38.2603],[-114.0967,38.2785]],[[-114.0845,38.2744],[-114.0748,38.2835],[-114.0649,38.2835],[-114.0548,38.2744],[-114.0548,38.2644],[-114.0649,38.2537],[-114.0748,38.2537],[-114.0845,38.2644],[-114.0845,38.2744]]]}},{"type":"Feature","properties":{"c":"#bd0026","v0":60.0,"v1":75.0},"geometry":{"type":"Polygon","coordinates":[[[-108.1172,37.6311],[-108.1088,37.6469],[-108.0809,37.6633],[-108.0336,37.6803],[-107.99,37.7109],[-107.95,37.755],[-107.9224,37.7742],[-107.9072,37.7684],[-107.8941,37.7379],[-107.8829,37.6825],[-107.8802,37.6311],[-107.886,37.5835],[-107.9292,37.5166],[-108.0097,37.4301],[-108.0466,37.4142],[-108.0397,37.469],[-108.0575,37.528],[-108.1001,37.5914],[-108.1172,37.6311]]]}},{"type":"Feature","properties":{"c":"#bd0026","v0":60.0,"v1":75.0},"geometry":{"type":"Polygon","coordinates":[[[-108.7514,37.528],[-108.7238,37.5597],[-108.675,37.586],[-108.605,37.6067],[-108.56,37.6158],[-108.54,37.6132],[-108.525,37.5897],[-108.515,37.5452],[-108.4783,37.5163],[-108.4148,37.503],[-108.3675,37.4685],[-108.3364,37.4129],[-108.3214,37.3692],[-108.3223,37.3374],[-108.3346,37.3145],[-108.3582,37.3005],[-108.385,37.2945],[-108.415,37.2967],[-108.4503,37.3236],[-108.491,37.3752],[-108.541,37.4118],[-108.6003,37.4332],[-108.655,37.4472],[-108.705,37.4538],[-108.7388,37.4708],[-108.7564,37.4984],[-108.7514,37.528]],[[-108.7399,37.5244],[-108.72,37.5488],[-108.67,37.5715],[-108.59,37.5925],[-108.5432,37.5803],[-108.5296,37.5349],[-108.4896,37.5043],[-108.4232,37.4885],[-108.3755,37.4528],[-108.3466,37.3971],[-108.3347,37.3573],[-108.3398,37.3335],[-108.3503,37.3176],[-108.3662,37.3096],[-108.3882,37.3076],[-108.4161,37.3114],[-108.45,37.3393],[-108.49,37.3911],[-108.56,37.4289],[-108.66,37.4529],[-108.72,37.4767],[-108.7399,37.5004],[-108.7399,37.5244]]]}},{"type":"Feature","properties":{"c":"#bd0026","v0":60.0,"v1":75.0},"geometry":{"type":"Polygon","coordinates":[[[-82.2315,36.8743],[-82.2172,36.9052],[-82.19,36.9306],[-82.15,36.9505],[-82.08,36.9693],[-81.98,36.987],[-81.905,36.9954],[-81.855,36.9946],[-81.8199,36.9883],[-81.7996,36.9766],[-81.7896,36.9623],[-81.7899,36.9455],[-81.8,36.9291],[-81.82,36.9132],[-81.875,36.899],[-81.965,36.8866],[-82.045,36.8694],[-82.115,36.8474],[-82.165,36.8368],[-82.195,36.8374],[-82.2172,36.843],[-82.2315,36.8536],[-82.2315,36.8743]],[[-82.1952,36.8908],[-82.1586,36.9228],[-82.0977,36.9479],[-82.0126,36.9659],[-81.94,36.9756],[-81.88,36.977],[-81.8398,36.972],[-81.8193,36.9605],[-81.8159,36.9468],[-81.8294,36.9308],[-81.8846,36.9157],[-81.9815,36.9015],[-82.06,36.8844],[-82.12,36.8646],[-82.1644,36.8557],[-82.1933,36.8578],[-82.2092,36.8628],[-82.2121,36.8708],[-82.1952,36.8908]]]}},{"type":"Feature","properties":{"c":"#bd0026","v0":60.0,"v1":75.0},"geometry":{"type":"Polygon","coordinates":[[[-106.4251,36.8348],[-106.3744,36.8828],[-106.3343,36.9085],[-106.3048,36.9118],[-106.27,36.8878],[-106.23,36.8364],[-106.2,36.7702],[-106.18,36.6892],[-106.18,36.6455],[-106.2,36.6392],[-106.23,36.6505],[-106.27,36.6794],[-106.31,36.7001],[-106.35,36.7127],[-106.3901,36.742],[-106.4303,36.7879],[-106.4251,36.8348]],[[-106.3897,36.8308],[-106.3353,36.8708],[-106.2885,36.8654],[-106.2495,36.8146],[-106.225,36.76],[-106.215,36.7017],[-106.25,36.6911],[-106.3299,36.7282],[-106.3816,36.7628],[-106.4052,36.7948],[-106.3897,36.8308]]]}},{"type":"Feature","properties":{"c":"#bd0026","v0":60.0,"v1":75.0},"geometry":{"type":"Polygon","coordinates":[[[-82.4572,36.8028],[-82.4521,36.8188],[-82.4382,36.8308],[-82.4156,36.8388],[-82.3808,36.8412],[-82.3336,36.8379],[-82.325,36.7974],[-82.355,36.7194],[-82.3924,36.709],[-82.4373,36.7662],[-82.4572,36.8028]],[[-82.4249,36.8031],[-82.4016,36.8196],[-82.38,36.8287],[-82.36,36.8302],[-82.3451,36.8259],[-82.3354,36.8159],[-82.3404,36.7909],[-82.3601,36.751],[-82.38,36.7358],[-82.4,36.7454],[-82.4166,36.7613],[-82.4299,36.7836],[-82.4249,36.8031]]]}},{"type":"Feature","properties":{"c":"#bd0026","v0":60.0,"v1":75.0},"geometry":{"type":"Polygon","coordinates":[[[-107.5981,36.5823],[-107.5868,36.6064],[-107.5643,36.6304],[-107.5307,36.6545],[-107.5107,36.6866],[-107.5044,36.7267],[-107.4834,36.7605],[-107.4478,36.788],[-107.415,36.8056],[-107.385,36.8135],[-107.344,36.7997],[-107.2919,36.7644],[-107.2625,36.7347],[-107.256,36.7107],[-107.257,36.6886],[-107.2657,36.6685],[-107.3124,36.6284],[-107.3971,36.5682],[-107.4721,36.5354],[-107.5374,36.5301],[-107.5784,36.5381],[-107.5953,36.5595],[-107.5981,36.5823]],[[-107.5839,36.5798],[-107.5746,36.5991],[-107.5536,36.6191],[-107.5207,36.64],[-107.4989,36.6746],[-107.4884,36.7227],[-107.4662,36.7587],[-107.4325,36.7828],[-107.4042,36.7963],[-107.3814,36.7994],[-107.3457,36.7834],[-107.297,36.7483],[-107.277,36.7124],[-107.2857,36.6759],[-107.33,36.6301],[-107.41,36.575],[-107.475,36.5447],[-107.525,36.5391],[-107.5596,36.5448],[-107.5789,36.5617],[-107.5839,36.5798]]]}},{"type":"Feature","properties":{"c":"#bd0026","v0":60.0,"v1":75.0},"geometry":{"type":"Polygon","coordinates":[[[-75.3456,36.51],[-75.3142,36.5501],[-75.2938,36.5903],[-75.2842,36.6304],[-75.2671,36.658],[-75.2424,36.6731],[-75.19,36.6725],[-75.11,36.6562],[-75.0573,36.6366],[-75.0319,36.6138],[-75.0219,36.5855],[-75.0273,36.5519],[-75.04,36.5351],[-75.06,36.5349],[-75.08,36.5449],[-75.1,36.565],[-75.125,36.5784],[-75.155,36.5851],[-75.1872,36.5639],[-75.2215,36.5145],[-75.2615,36.485],[-75.3072,36.4754],[-75.3378,36.4754],[-75.3534,36.485],[-75.3456,36.51]]]}},{"type":"Feature","properties":{"c":"#bd0026","v0":60.0,"v1":75.0},"geometry":{"type":"Polygon","coordinates":[[[-106.4587,36.6082],[-106.4529,36.62],[-106.4397,36.624],[-106.419,36.6203],[-106.414,36.6084],[-106.4247,36.5885],[-106.4379,36.5844],[-106.4537,36.5964],[-106.4587,36.6082]]]}},{"type":"Feature","properties":{"c":"#bd0026","v0":60.0,"v1":75.0},"geometry":{"type":"Polygon","coordinates":[[[-110.1622,36.2604],[-110.1333,36.3168],[-110.0937,36.3611],[-110.0432,36.3933],[-110.0024,36.4376],[-109.9711,36.4939],[-109.9291,36.5172],[-109.8764,36.5077],[-109.8361,36.4755],[-109.8083,36.4207],[-109.7983,36.3886],[-109.8061,36.3793],[-109.8515,36.3712],[-109.9346,36.3645],[-109.9746,36.315],[-109.9715,36.2227],[-110.015,36.1778],[-110.105,36.1804],[-110.1567,36.1944],[-110.17,36.2196],[-110.1622,36.2604]],[[-109.9664,36.4323],[-109.9421,36.4782],[-109.915,36.4965],[-109.885,36.4875],[-109.8597,36.4645],[-109.8391,36.4278],[-109.8391,36.4052],[-109.8597,36.3968],[-109.8971,36.3968],[-109.9514,36.4052],[-109.9664,36.4323]],[[-110.134,36.2589],[-110.1047,36.3124],[-110.075,36.346],[-110.045,36.3596],[-110.02,36.3371],[-110.0,36.2785],[-109.9914,36.2369],[-109.9943,36.2122],[-110.0262,36.1999],[-110.0872,36.1999],[-110.1255,36.2079],[-110.1409,36.2241],[-110.134,36.2589]]]}},{"type":"Feature","properties":{"c":"#bd0026","v0":60.0,"v1":75.0},"geometry":{"type":"Polygon","coordinates":[[[-78.7869,36.2328],[-78.7756,36.2665],[-78.75,36.3002],[-78.71,36.3339],[-78.66,36.3567],[-78.6,36.3685],[-78.52,36.4022],[-78.42,36.4577],[-78.36,36.4854],[-78.34,36.4852],[-78.3197,36.4782],[-78.2991,36.4645],[-78.2909,36.4416],[-78.295,36.4094],[-78.3468,36.3611],[-78.4463,36.2967],[-78.5345,36.2562],[-78.6115,36.2399],[-78.675,36.2192],[-78.725,36.1942],[-78.7606,36.1902],[-78.7819,36.2074],[-78.7869,36.2328]],[[-78.7694,36.2458],[-78.7565,36.2732],[-78.735,36.2992],[-78.705,36.324],[-78.655,36.3444],[-78.585,36.3604],[-78.505,36.3948],[-78.415,36.4474],[-78.3543,36.4697],[-78.3228,36.4617],[-78.3039,36.4497],[-78.2978,36.4336],[-78.3003,36.4175],[-78.3112,36.4014],[-78.3651,36.363],[-78.4617,36.3022],[-78.545,36.2651],[-78.615,36.2517],[-78.675,36.2329],[-78.725,36.2087],[-78.7565,36.2055],[-78.7694,36.2233],[-78.7694,36.2458]]]}},{"type":"Feature","properties":{"c":"#bd0026","v0":60.0,"v1":75.0},"geometry":{"type":"Polygon","coordinates":[[[-79.0773,35.6979],[-79.0754,35.7629],[-79.0551,35.8156],[-79.0166,35.8561],[-79.0008,35.9169],[-79.0077,35.9979],[-79.0009,36.0496],[-78.9803,36.0723],[-78.955,36.0853],[-78.925,36.0887],[-78.8947,36.0733],[-78.864,36.0392],[-78.8373,35.9817],[-78.8144,35.9007],[-78.834,35.844],[-78.8959,35.8115],[-78.9326,35.7743],[-78.9442,35.7324],[-78.965,35.6926],[-78.995,35.655],[-79.0233,35.6354],[-79.05,35.6337],[-79.0671,35.641],[-79.0745,35.6573],[-79.0773,35.6979]],[[-79.0512,35.6979],[-79.0489,35.7629],[-79.0286,35.8156],[-78.9904,35.8561],[-78.9763,35.9129],[-78.9865,35.9857],[-78.9862,36.0308],[-78.9754,36.0481],[-78.9575,36.0602],[-78.9326,36.0672],[-78.9076,36.0559],[-78.8825,36.0263],[-78.86,35.9738],[-78.84,35.8982],[-78.8589,35.8482],[-78.9168,35.8238],[-78.9568,35.7809],[-78.9789,35.7195],[-79.0,35.6797],[-79.02,35.6615],[-79.0356,35.6557],[-79.0468,35.6622],[-79.0512,35.6979]]]}},{"type":"Feature","properties":{"c":"#bd0026","v0":60.0,"v1":75.0},"geometry":{"type":"Polygon","coordinates":[[[-84.8002,35.6898],[-84.7908,35.706],[-84.7571,35.7233],[-84.699,35.7416],[-84.63,35.7529],[-84.55,35.7573],[-84.5021,35.7522],[-84.4864,35.7377],[-84.478,35.706],[-84.4768,35.6573],[-84.4967,35.6167],[-84.5376,35.5841],[-84.5811,35.5661],[-84.627,35.5625],[-84.685,35.5826],[-84.755,35.6261],[-84.7937,35.6564],[-84.8012,35.6732],[-84.8002,35.6898]],[[-84.7803,35.6869],[-84.7734,35.6973],[-84.745,35.7104],[-84.695,35.7262],[-84.635,35.7367],[-84.565,35.7421],[-84.5226,35.7412],[-84.5079,35.734],[-84.4987,35.7101],[-84.4949,35.6695],[-84.5023,35.6369],[-84.5208,35.6125],[-84.555,35.5936],[-84.605,35.5804],[-84.6628,35.5926],[-84.7284,35.6303],[-84.7668,35.6573],[-84.7781,35.6736],[-84.7803,35.6869]]]}},{"type":"Feature","properties":{"c":"#bd0026","v0":60.0,"v1":75.0},"geometry":{"type":"Polygon","coordinates":[[[-82.631,35.1683],[-82.6205,35.1846],[-82.5889,35.2031],[-82.5363,35.2237],[-82.49,35.2579],[-82.45,35.3057],[-82.405,35.33],[-82.355,35.3309],[-82.31,35.343],[-82.27,35.3663],[-82.2398,35.3766],[-82.2194,35.3738],[-82.2052,35.352],[-82.1972,35.3112],[-82.2252,35.2704],[-82.2891,35.2296],[-82.3333,35.1764],[-82.3579,35.111],[-82.3901,35.0774],[-82.43,35.0757],[-82.49,35.0879],[-82.57,35.114],[-82.6166,35.1353],[-82.6297,35.1518],[-82.631,35.1683]],[[-82.5831,35.1764],[-82.5229,35.2091],[-82.4771,35.2465],[-82.4457,35.2886],[-82.405,35.3102],[-82.355,35.3113],[-82.3041,35.323],[-82.2523,35.345],[-82.2245,35.3398],[-82.2207,35.3071],[-82.247,35.2745],[-82.3033,35.2418],[-82.3461,35.1916],[-82.3754,35.1239],[-82.405,35.0906],[-82.435,35.0918],[-82.4908,35.1093],[-82.5724,35.1432],[-82.5831,35.1764]]]}},{"type":"Feature","properties":{"c":"#bd0026","v0":60.0,"v1":75.0},"geometry":{"type":"Polygon","coordinates":[[[-77.4172,35.16],[-77.3991,35.1924],[-77.355,35.218],[-77.285,35.2367],[-77.195,35.2302],[-77.085,35.1986],[-76.995,35.2025],[-76.925,35.2418],[-76.875,35.2582],[-76.845,35.2516],[-76.8209,35.2222],[-76.8027,35.1699],[-76.8066,35.0947],[-76.8325,34.9964],[-76.8366,34.9382],[-76.8189,34.9203],[-76.79,34.9103],[-76.75,34.9083],[-76.7245,34.8926],[-76.7134,34.8634],[-76.7134,34.8323],[-76.7245,34.7994],[-76.7628,34.7418],[-76.8284,34.6598],[-76.8784,34.6184],[-76.9128,34.6179],[-76.945,34.6332],[-76.975,34.6642],[-77.035,34.6656],[-77.125,34.6375],[-77.2008,34.6346],[-77.2625,34.6569],[-77.3059,34.6927],[-77.3312,34.742],[-77.3466,34.8201],[-77.352,34.9267],[-77.3726,35.021],[-77.4083,35.1028],[-77.4172,35.16]],[[-77.4057,35.156],[-77.3952,35.1806],[-77.355,35.2026],[-77.285,35.2219],[-77.2,35.2159],[-77.1,35.1844],[-77.035,35.1714],[-77.005,35.1771],[-76.965,35.1964],[-76.915,35.2292],[-76.875,35.2411],[-76.845,35.232],[-76.8247,35.2065],[-76.8142,35.1647],[-76.8216,35.0906],[-76.8469,34.9841],[-76.8522,34.9236],[-76.8374,34.9091],[-76.8099,34.9009],[-76.7698,34.899],[-76.7435,34.8857],[-76.731,34.8611],[-76.7306,34.8324],[-76.7423,34.7995],[-76.7786,34.7453],[-76.8395,34.6697],[-76.88,34.6301],[-76.9,34.6267],[-76.93,34.6424],[-76.97,34.6772],[-77.035,34.6802],[-77.125,34.6512],[-77.2,34.6486],[-77.26,34.6724],[-77.3,34.7069],[-77.32,34.752],[-77.3319,34.826],[-77.3356,34.9287],[-77.3558,35.021],[-77.3925,35.1028],[-77.4057,35.156]]]}},{"type":"Feature","properties":{"c":"#bd0026","v0":60.0,"v1":75.0},"geometry":{"type":"Polygon","coordinates":[[[-107.6373,34.9882],[-107.5883,35.0701],[-107.5554,35.1164],[-107.5385,35.1273],[-107.52,35.1298],[-107.5,35.1242],[-107.489,35.1106],[-107.487,35.089],[-107.503,35.0537],[-107.5369,35.0046],[-107.554,34.9554],[-107.5542,34.9062],[-107.538,34.8652],[-107.5055,34.8324],[-107.4594,34.8041],[-107.3998,34.7804],[-107.3615,34.7599],[-107.3446,34.7425],[-107.3361,34.7215],[-107.3361,34.6968],[-107.349,34.6722],[-107.375,34.6475],[-107.4135,34.631],[-107.4646,34.6228],[-107.5123,34.6557],[-107.5566,34.7297],[-107.5846,34.7913],[-107.5963,34.8406],[-107.6155,34.8775],[-107.6422,34.9021],[-107.6572,34.9226],[-107.6603,34.939],[-107.6373,34.9882]],[[-107.5592,35.0586],[-107.5531,35.0848],[-107.54,35.1013],[-107.52,35.1081],[-107.51,35.1021],[-107.51,35.0833],[-107.52,35.0639],[-107.54,35.0438],[-107.5531,35.0367],[-107.5592,35.0426],[-107.5592,35.0586]],[[-107.5631,34.8213],[-107.5544,34.8319],[-107.5062,34.8155],[-107.4186,34.772],[-107.3686,34.742],[-107.3561,34.7256],[-107.3555,34.7051],[-107.3669,34.6804],[-107.3978,34.6598],[-107.4481,34.6434],[-107.4969,34.6804],[-107.5439,34.7708],[-107.5631,34.8213]],[[-107.6383,34.9559],[-107.6328,34.9733],[-107.62,34.9885],[-107.6,35.0013],[-107.5861,35.0049],[-107.5783,34.9992],[-107.577,34.9718],[-107.5823,34.9226],[-107.5962,34.902],[-107.6187,34.91],[-107.6328,34.9223],[-107.6383,34.9389],[-107.6383,34.9559]]]}},{"type":"Feature","properties":{"c":"#bd0026","v0":60.0,"v1":75.0},"geometry":{"type":"Polygon","coordinates":[[[-101.4844,34.8266],[-101.4615,34.8808],[-101.435,34.9078],[-101.405,34.9077],[-101.3861,34.8929],[-101.3782,34.8635],[-101.3932,34.8213],[-101.4311,34.7662],[-101.455,34.7354],[-101.465,34.7288],[-101.4765,34.744],[-101.4894,34.781],[-101.4844,34.8266]],[[-101.449,34.8306],[-101.4363,34.8599],[-101.425,34.873],[-101.415,34.8699],[-101.415,34.8561],[-101.425,34.8318],[-101.435,34.8146],[-101.445,34.8045],[-101.4513,34.8036],[-101.454,34.8119],[-101.449,34.8306]]]}},{"type":"Feature","properties":{"c":"#bd0026","v0":60.0,"v1":75.0},"geometry":{"type":"Polygon","coordinates":[[[-101.4847,34.6295],[-101.4749,34.6511],[-101.45,34.6535],[-101.41,34.6366],[-101.36,34.6303],[-101.3,34.6345],[-101.2596,34.628],[-101.2387,34.6108],[-101.2285,34.5899],[-101.2289,34.5652],[-101.2443,34.5471],[-101.2748,34.5356],[-101.31,34.5369],[-101.35,34.5508],[-101.39,34.5584],[-101.43,34.5596],[-101.4599,34.5748],[-101.4797,34.6041],[-101.4847,34.6295]],[[-101.354,34.5899],[-101.3524,34.5981],[-101.3362,34.6036],[-101.3054,34.6063],[-101.2839,34.598],[-101.2718,34.5789],[-101.288,34.5734],[-101.3325,34.5816],[-101.354,34.5899]]]}},{"type":"Feature","properties":{"c":"#bd0026","v0":60.0,"v1":75.0},"geometry":{"type":"Polygon","coordinates":[[[-79.14,34.5609],[-79.1333,34.577],[-79.12,34.5881],[-79.1,34.5941],[-79.0672,34.5943],[-79.0217,34.5886],[-78.9814,34.5775],[-78.9463,34.561],[-78.9256,34.5405],[-78.9193,34.5157],[-78.9251,34.4786],[-78.9432,34.4292],[-78.9467,34.3943],[-78.9356,34.374],[-78.9138,34.3575],[-78.8815,34.3448],[-78.8667,34.3177],[-78.8694,34.2764],[-78.8856,34.2542],[-78.9152,34.2509],[-78.945,34.2654],[-78.975,34.2974],[-79.0062,34.3197],[-79.0385,34.3321],[-79.0571,34.3508],[-79.0617,34.3755],[-79.0582,34.4044],[-79.0463,34.4374],[-79.0628,34.4704],[-79.1077,34.5034],[-79.1334,34.5281],[-79.14,34.5446],[-79.14,34.5609]],[[-79.1216,34.5589],[-79.1139,34.5711],[-79.1,34.5785],[-79.08,34.5811],[-79.05,34.579],[-79.01,34.5721],[-78.9771,34.5606],[-78.9514,34.5444],[-78.9457,34.4993],[-78.9599,34.425],[-78.962,34.3797],[-78.9518,34.3632],[-78.9291,34.3466],[-78.8941,34.3301],[-78.8799,34.3076],[-78.8866,34.2789],[-78.9,34.2654],[-78.92,34.2669],[-78.94,34.2807],[-78.96,34.3067],[-78.9884,34.3285],[-79.0251,34.3461],[-79.0376,34.3797],[-79.026,34.4292],[-79.0465,34.4786],[-79.0991,34.5281],[-79.1216,34.5589]]]}},{"type":"Feature","properties":{"c":"#bd0026","v0":60.0,"v1":75.0},"geometry":{"type":"Polygon","coordinates":[[[-76.9392,34.443],[-76.9331,34.4543],[-76.898,34.4749],[-76.8341,34.5049],[-76.7841,34.5177],[-76.748,34.5134],[-76.7203,34.4598],[-76.7009,34.3569],[-76.6922,34.2888],[-76.6941,34.2558],[-76.7038,34.2272],[-76.7213,34.2031],[-76.75,34.1899],[-76.79,34.1875],[-76.8322,34.2078],[-76.8765,34.2508],[-76.9096,34.3136],[-76.9314,34.3962],[-76.9392,34.443]],[[-76.8962,34.454],[-76.8387,34.487],[-76.7935,34.5035],[-76.7605,34.5034],[-76.7346,34.458],[-76.7159,34.3673],[-76.7129,34.293],[-76.7258,34.2351],[-76.7467,34.2028],[-76.7756,34.1962],[-76.815,34.2156],[-76.865,34.261],[-76.8987,34.3222],[-76.9162,34.399],[-76.8962,34.454]]]}},{"type":"Feature","properties":{"c":"#bd0026","v0":60.0,"v1":75.0},"geometry":{"type":"Polygon","coordinates":[[[-107.3267,34.2847],[-107.322,34.3095],[-107.3004,34.3508],[-107.2618,34.4085],[-107.2144,34.4404],[-107.1581,34.4465],[-107.1113,34.4383],[-107.074,34.4157],[-107.0482,34.3879],[-107.034,34.3549],[-107.0291,34.3219],[-107.0336,34.2888],[-107.0644,34.2605],[-107.1215,34.237],[-107.165,34.2072],[-107.195,34.171],[-107.22,34.1516],[-107.24,34.1491],[-107.259,34.1541],[-107.2769,34.1668],[-107.2967,34.1979],[-107.3183,34.2475],[-107.3267,34.2847]],[[-107.2931,34.3112],[-107.251,34.3889],[-107.205,34.4302],[-107.155,34.4351],[-107.115,34.4283],[-107.085,34.4099],[-107.0632,34.3851],[-107.0496,34.354],[-107.0452,34.3219],[-107.0499,34.2888],[-107.0767,34.2651],[-107.1256,34.2508],[-107.165,34.2252],[-107.195,34.1885],[-107.225,34.1715],[-107.255,34.1745],[-107.281,34.2001],[-107.3031,34.2482],[-107.2931,34.3112]]]}},{"type":"Feature","properties":{"c":"#bd0026","v0":60.0,"v1":75.0},"geometry":{"type":"Polygon","coordinates":[[[-77.3554,34.2535],[-77.3385,34.2821],[-77.32,34.2984],[-77.3,34.3025],[-77.2829,34.3006],[-77.2687,34.2927],[-77.2629,34.2682],[-77.2655,34.2268],[-77.2726,34.1998],[-77.2842,34.1872],[-77.3026,34.1831],[-77.3277,34.1874],[-77.3462,34.202],[-77.358,34.2268],[-77.3554,34.2535]],[[-77.34,34.2516],[-77.322,34.2764],[-77.3025,34.2847],[-77.2814,34.2764],[-77.2757,34.2542],[-77.2852,34.2181],[-77.3,34.2003],[-77.32,34.2007],[-77.3347,34.2105],[-77.3442,34.2297],[-77.34,34.2516]]]}},{"type":"Feature","properties":{"c":"#bd0026","v0":60.0,"v1":75.0},"geometry":{"type":"Polygon","coordinates":[[[-106.868,34.2351],[-106.86,34.2599],[-106.8445,34.2764],[-106.8215,34.2845],[-106.8,34.2821],[-106.78,34.269],[-106.7657,34.2483],[-106.7572,34.2202],[-106.7672,34.1941],[-106.7957,34.1701],[-106.82,34.1631],[-106.84,34.1733],[-106.8555,34.1895],[-106.8665,34.2116],[-106.868,34.2351]]]}},{"type":"Feature","properties":{"c":"#bd0026","v0":60.0,"v1":75.0},"geometry":{"type":"Polygon","coordinates":[[[-77.1889,34.1132],[-77.1763,34.126],[-77.125,34.1256],[-77.035,34.1122],[-76.9731,34.0851],[-76.9394,34.0444],[-76.9332,33.995],[-76.9547,33.9369],[-76.9766,33.9052],[-76.9989,33.8999],[-77.0231,33.904],[-77.0492,33.9177],[-77.0804,33.9577],[-77.1166,34.024],[-77.1498,34.0696],[-77.1801,34.0944],[-77.1889,34.1132]],[[-77.1313,34.1072],[-77.0638,34.1078],[-77.02,34.1028],[-77.0,34.0923],[-76.9767,34.0671],[-76.95,34.0273],[-76.945,33.9862],[-76.9617,33.9436],[-76.98,33.9194],[-77.0,33.9135],[-77.02,33.9159],[-77.04,33.9266],[-77.0788,33.9757],[-77.1363,34.0632],[-77.1313,34.1072]]]}},{"type":"Feature","properties":{"c":"#bd0026","v0":60.0,"v1":75.0},"geometry":{"type":"Polygon","coordinates":[[[-106.7644,34.0199],[-106.7563,34.0447],[-106.7417,34.0636],[-106.7206,34.0764],[-106.6977,34.0806],[-106.6731,34.076],[-106.652,34.0613],[-106.6343,34.0364],[-106.6295,34.0116],[-106.6375,33.9867],[-106.6537,33.9665],[-106.6779,33.9509],[-106.7,33.9451],[-106.72,33.949],[-106.7396,33.9651],[-106.7588,33.9933],[-106.7644,34.0199]]]}},{"type":"Feature","properties":{"c":"#bd0026","v0":60.0,"v1":75.0},"geometry":{"type":"Polygon","coordinates":[[[-80.243,33.6549],[-80.2343,33.6808],[-80.2,33.6979],[-80.14,33.7059],[-80.1118,33.7345],[-80.1154,33.7837],[-80.1104,33.8218],[-80.0968,33.8489],[-80.05,33.8918],[-79.97,33.9504],[-79.9061,33.9783],[-79.8583,33.9756],[-79.8298,33.9494],[-79.8205,33.8996],[-79.8244,33.8639],[-79.8415,33.8423],[-79.8697,33.8215],[-79.9092,33.8016],[-79.9205,33.7583],[-79.9035,33.6918],[-79.9234,33.6127],[-79.9802,33.521],[-80.0299,33.4752],[-80.0726,33.4752],[-80.1029,33.4889],[-80.121,33.5163],[-80.15,33.5406],[-80.19,33.5619],[-80.2193,33.5898],[-80.238,33.6245],[-80.243,33.6549]],[[-80.2267,33.6533],[-80.2156,33.6761],[-80.19,33.6866],[-80.15,33.6848],[-80.1198,33.69],[-80.0995,33.7023],[-80.0923,33.7334],[-80.098,33.7833],[-80.094,33.8207],[-80.0802,33.8456],[-80.0374,33.8847],[-79.9658,33.9378],[-79.91,33.9651],[-79.87,33.9666],[-79.8453,33.9442],[-79.8359,33.8978],[-79.8608,33.8539],[-79.9203,33.8124],[-79.9396,33.7708],[-79.9189,33.7292],[-79.9088,33.696],[-79.9093,33.671],[-79.9347,33.6168],[-79.9849,33.5333],[-80.0288,33.4916],[-80.0663,33.4918],[-80.0942,33.5044],[-80.1125,33.5294],[-80.1395,33.5502],[-80.1752,33.5669],[-80.2029,33.5919],[-80.2225,33.6252],[-80.2267,33.6533]]]}},{"type":"Feature","properties":{"c":"#bd0026","v0":60.0,"v1":75.0},"geometry":{"type":"Polygon","coordinates":[[[-106.8621,33.7874],[-106.838,33.8124],[-106.807,33.8332],[-106.769,33.85],[-106.7464,33.8458],[-106.7391,33.8208],[-106.7191,33.7943],[-106.6864,33.7666],[-106.6624,33.7292],[-106.6472,33.6821],[-106.6422,33.649],[-106.6474,33.6299],[-106.665,33.6181],[-106.695,33.6135],[-106.7309,33.623],[-106.7728,33.6467],[-106.8138,33.6876],[-106.854,33.7459],[-106.8621,33.7874]]]}},{"type":"Feature","properties":{"c":"#bd0026","v0":60.0,"v1":75.0},"geometry":{"type":"Polygon","coordinates":[[[-87.5866,33.4862],[-87.5755,33.5081],[-87.56,33.5193],[-87.54,33.5196],[-87.495,33.5025],[-87.425,33.4679],[-87.355,33.4405],[-87.285,33.4203],[-87.2432,33.4014],[-87.2295,33.3838],[-87.2245,33.3668],[-87.2282,33.3505],[-87.255,33.3249],[-87.305,33.2899],[-87.345,33.2727],[-87.375,33.2732],[-87.43,33.2981],[-87.51,33.3474],[-87.5605,33.3978],[-87.5816,33.4494],[-87.5866,33.4862]],[[-87.566,33.4824],[-87.5553,33.4967],[-87.545,33.5029],[-87.535,33.501],[-87.495,33.4829],[-87.425,33.4487],[-87.3634,33.4257],[-87.3102,33.4142],[-87.2742,33.3959],[-87.2554,33.3708],[-87.2691,33.3416],[-87.3154,33.3082],[-87.351,33.2915],[-87.376,33.2915],[-87.4228,33.3124],[-87.4912,33.3541],[-87.5369,33.4001],[-87.5599,33.4502],[-87.566,33.4824]]]}},{"type":"Feature","properties":{"c":"#bd0026","v0":60.0,"v1":75.0},"geometry":{"type":"Polygon","coordinates":[[[-81.7915,33.1906],[-81.7772,33.2232],[-81.7282,33.2818],[-81.6445,33.3662],[-81.5913,33.4084],[-81.5686,33.4084],[-81.5354,33.3972],[-81.4918,33.3749],[-81.445,33.3635],[-81.395,33.363],[-81.3587,33.3533],[-81.3361,33.3344],[-81.3247,33.3124],[-81.3246,33.2873],[-81.3436,33.2455],[-81.3819,33.1869],[-81.4082,33.1295],[-81.4227,33.0734],[-81.45,33.0299],[-81.49,32.9991],[-81.525,32.98],[-81.555,32.9726],[-81.58,32.9716],[-81.6,32.9771],[-81.6263,33.0034],[-81.659,33.0504],[-81.704,33.0889],[-81.7613,33.119],[-81.7922,33.1441],[-81.7965,33.1643],[-81.7915,33.1906]],[[-81.7685,33.1869],[-81.7578,33.212],[-81.7118,33.2659],[-81.6306,33.3485],[-81.565,33.3786],[-81.515,33.3562],[-81.465,33.3449],[-81.415,33.3448],[-81.38,33.3393],[-81.36,33.3284],[-81.3499,33.3109],[-81.3497,33.2868],[-81.3673,33.2497],[-81.4028,33.1995],[-81.4279,33.145],[-81.4426,33.0864],[-81.4649,33.0443],[-81.495,33.0187],[-81.53,33.0032],[-81.57,32.9978],[-81.6029,33.0148],[-81.6287,33.0542],[-81.6717,33.0906],[-81.732,33.1241],[-81.7651,33.1492],[-81.771,33.166],[-81.7685,33.1869]]]}},{"type":"Feature","properties":{"c":"#bd0026","v0":60.0,"v1":75.0},"geometry":{"type":"Polygon","coordinates":[[[-86.9762,33.0659],[-86.9721,33.0837],[-86.955,33.1024],[-86.925,33.1221],[-86.8499,33.13],[-86.7297,33.1261],[-86.6628,33.1367],[-86.6492,33.1618],[-86.6547,33.1953],[-86.6793,33.2371],[-86.6861,33.2683],[-86.6754,33.2888],[-86.66,33.2987],[-86.64,33.298],[-86.61,33.2804],[-86.57,33.246],[-86.54,33.236],[-86.52,33.2504],[-86.5017,33.2828],[-86.4852,33.3331],[-86.4599,33.3541],[-86.4259,33.3458],[-86.3968,33.2956],[-86.3728,33.2036],[-86.3643,33.145],[-86.3713,33.1199],[-86.4336,33.0984],[-86.5512,33.0804],[-86.63,33.0549],[-86.67,33.022],[-86.72,32.999],[-86.78,32.9859],[-86.84,32.9848],[-86.9,32.9957],[-86.9421,33.0151],[-86.9662,33.0431],[-86.9762,33.0659]],[[-86.9552,33.0655],[-86.9507,33.0822],[-86.9339,33.0976],[-86.9046,33.1115],[-86.83,33.1166],[-86.71,33.1127],[-86.6431,33.1308],[-86.6292,33.171],[-86.6333,33.212],[-86.6552,33.2538],[-86.6576,33.2747],[-86.6404,33.2747],[-86.6163,33.2592],[-86.5854,33.228],[-86.56,33.2126],[-86.54,33.2127],[-86.5212,33.2199],[-86.5036,33.2342],[-86.4886,33.2662],[-86.4762,33.3161],[-86.46,33.3399],[-86.44,33.3376],[-86.4179,33.2918],[-86.3936,33.2024],[-86.3836,33.1482],[-86.3879,33.1295],[-86.45,33.111],[-86.57,33.0927],[-86.6459,33.0686],[-86.6777,33.0386],[-86.7227,33.0165],[-86.7809,33.0025],[-86.835,32.9996],[-86.885,33.0079],[-86.9219,33.0233],[-86.9456,33.0458],[-86.9552,33.0655]]]}},{"type":"Feature","properties":{"c":"#bd0026","v0":60.0,"v1":75.0},"geometry":{"type":"Polygon","coordinates":[[[-81.0854,33.1032],[-81.0799,33.1283],[-81.0653,33.1507],[-81.0418,33.1704],[-80.98,33.1931],[-80.88,33.2187],[-80.815,33.2414],[-80.785,33.261],[-80.7484,33.2635],[-80.7051,33.2487],[-80.6828,33.2287],[-80.6814,33.2036],[-80.6877,33.1827],[-80.7018,33.166],[-80.7591,33.131],[-80.8597,33.0777],[-80.945,33.0462],[-81.015,33.0364],[-81.0595,33.0463],[-81.0786,33.0758],[-81.0854,33.1032]],[[-81.0698,33.1032],[-81.0627,33.1283],[-81.047,33.1492],[-81.0227,33.166],[-80.9654,33.1848],[-80.8751,33.2058],[-80.8136,33.2267],[-80.7809,33.2476],[-80.7559,33.2579],[-80.7386,33.2578],[-80.7204,33.2494],[-80.7011,33.2329],[-80.7015,33.2078],[-80.7215,33.1744],[-80.7809,33.1325],[-80.8799,33.0822],[-80.9546,33.0532],[-81.0049,33.0454],[-81.0408,33.0538],[-81.0625,33.0783],[-81.0698,33.1032]]]}},{"type":"Feature","properties":{"c":"#bd0026","v0":60.0,"v1":75.0},"geometry":{"type":"Polygon","coordinates":[[[-107.672,32.7858],[-107.6573,32.8143],[-107.625,32.838],[-107.575,32.857],[-107.5437,32.8764],[-107.5312,32.8962],[-107.5285,32.9229],[-107.5355,32.9564],[-107.5577,32.9942],[-107.5951,33.0361],[-107.6128,33.0693],[-107.6109,33.0938],[-107.58,33.1135],[-107.52,33.1284],[-107.465,33.1299],[-107.415,33.1181],[-107.38,33.1026],[-107.36,33.0834],[-107.3483,33.0613],[-107.3449,33.0361],[-107.382,32.9732],[-107.4596,32.8725],[-107.5112,32.7969],[-107.5368,32.7464],[-107.5697,32.7156],[-107.6099,32.7044],[-107.6423,32.7171],[-107.667,32.7534],[-107.672,32.7858]],[[-107.6487,32.7842],[-107.6328,32.8095],[-107.6002,32.8305],[-107.5511,32.8473],[-107.5203,32.8683],[-107.5079,32.8935],[-107.5048,32.9229],[-107.5111,32.9564],[-107.5332,32.9954],[-107.5711,33.0398],[-107.5904,33.0691],[-107.5911,33.0834],[-107.5661,33.0971],[-107.5154,33.1099],[-107.4657,33.1099],[-107.417,33.0971],[-107.3862,33.0738],[-107.3731,33.0403],[-107.4066,32.9732],[-107.4865,32.8725],[-107.5356,32.8011],[-107.5541,32.759],[-107.58,32.7335],[-107.6133,32.7244],[-107.6367,32.7328],[-107.65,32.7587],[-107.6487,32.7842]]]}},{"type":"Feature","properties":{"c":"#bd0026","v0":60.0,"v1":75.0},"geometry":{"type":"Polygon","coordinates":[[[-76.3265,32.7338],[-76.3219,32.759],[-76.3067,32.7885],[-76.2811,32.8221],[-76.2721,32.8599],[-76.2798,32.9019],[-76.2706,32.9355],[-76.2445,32.9606],[-76.2161,32.9715],[-76.1854,32.9681],[-76.155,32.9448],[-76.125,32.9017],[-76.1018,32.8824],[-76.0855,32.887],[-76.0505,32.9197],[-75.9968,32.9806],[-75.96,33.0094],[-75.94,33.0064],[-75.9132,32.9886],[-75.8797,32.956],[-75.8622,32.9229],[-75.8607,32.8893],[-75.8772,32.8515],[-75.9117,32.8095],[-75.9642,32.7944],[-76.0347,32.8064],[-76.13,32.7748],[-76.25,32.6994],[-76.3147,32.6766],[-76.3241,32.7063],[-76.3265,32.7338]],[[-76.2979,32.7632],[-76.2672,32.8137],[-76.2561,32.8599],[-76.2644,32.9019],[-76.2589,32.932],[-76.2396,32.9503],[-76.215,32.9569],[-76.185,32.9517],[-76.155,32.9263],[-76.125,32.8808],[-76.1,32.8606],[-76.08,32.8657],[-76.045,32.9002],[-75.995,32.9638],[-75.96,32.9935],[-75.94,32.9892],[-75.915,32.971],[-75.8851,32.9389],[-75.8715,32.9103],[-75.8744,32.8851],[-75.8894,32.8555],[-75.9165,32.8216],[-75.965,32.8108],[-76.035,32.823],[-76.125,32.7963],[-76.235,32.7303],[-76.2958,32.7075],[-76.3074,32.7278],[-76.2979,32.7632]]]}},{"type":"Feature","properties":{"c":"#bd0026","v0":60.0,"v1":75.0},"geometry":{"type":"Polygon","coordinates":[[[-84.1736,32.8557],[-84.1519,32.8893],[-84.1033,32.9222],[-84.0278,32.9545],[-83.98,32.9691],[-83.96,32.9662],[-83.935,32.9532],[-83.905,32.9302],[-83.87,32.9268],[-83.83,32.9429],[-83.8,32.9495],[-83.78,32.9466],[-83.7593,32.9312],[-83.7379,32.9032],[-83.7329,32.8791],[-83.7443,32.8586],[-83.78,32.8422],[-83.84,32.8298],[-83.89,32.8116],[-83.93,32.7876],[-83.995,32.776],[-84.085,32.7769],[-84.1436,32.7927],[-84.1708,32.8235],[-84.1736,32.8557]],[[-84.163,32.8515],[-84.1489,32.8767],[-84.1039,32.9064],[-84.028,32.9408],[-83.965,32.9436],[-83.915,32.9151],[-83.865,32.9101],[-83.815,32.9288],[-83.7784,32.9259],[-83.7553,32.9015],[-83.7492,32.8809],[-83.7601,32.8641],[-83.7917,32.8516],[-83.8439,32.8435],[-83.89,32.8266],[-83.93,32.8007],[-83.995,32.7885],[-84.085,32.79],[-84.14,32.8027],[-84.16,32.8268],[-84.163,32.8515]]]}},{"type":"Feature","properties":{"c":"#bd0026","v0":60.0,"v1":75.0},"geometry":{"type":"Polygon","coordinates":[[[-81.9184,32.3151],[-81.8995,32.3464],[-81.835,32.3722],[-81.725,32.3926],[-81.66,32.3974],[-81.64,32.3867],[-81.615,32.3935],[-81.585,32.4179],[-81.535,32.4417],[-81.465,32.4647],[-81.4053,32.5207],[-81.3559,32.6095],[-81.3097,32.6665],[-81.2667,32.6917],[-81.224,32.7001],[-81.1816,32.6917],[-81.1555,32.6665],[-81.1457,32.6244],[-81.1531,32.5853],[-81.1777,32.5493],[-81.215,32.5045],[-81.265,32.4508],[-81.32,32.4158],[-81.38,32.3995],[-81.445,32.3459],[-81.515,32.2548],[-81.565,32.2074],[-81.595,32.2037],[-81.68,32.2148],[-81.82,32.2407],[-81.8995,32.2651],[-81.9184,32.288],[-81.9184,32.3151]],[[-81.9057,32.3122],[-81.8915,32.3375],[-81.8358,32.3587],[-81.7386,32.3757],[-81.67,32.3772],[-81.63,32.3632],[-81.5987,32.3715],[-81.576,32.4024],[-81.5221,32.4346],[-81.437,32.4684],[-81.3833,32.5164],[-81.3611,32.5785],[-81.3396,32.6206],[-81.3189,32.6428],[-81.2889,32.6637],[-81.2496,32.6834],[-81.215,32.6888],[-81.185,32.6798],[-81.1667,32.6573],[-81.1602,32.6213],[-81.1702,32.5846],[-81.1967,32.5473],[-81.2321,32.5051],[-81.2763,32.4581],[-81.3289,32.4262],[-81.3901,32.4093],[-81.453,32.357],[-81.5177,32.2691],[-81.565,32.2224],[-81.595,32.2168],[-81.6788,32.227],[-81.8164,32.2528],[-81.8921,32.2741],[-81.9059,32.291],[-81.9057,32.3122]]]}},{"type":"Feature","properties":{"c":"#bd0026","v0":60.0,"v1":75.0},"geometry":{"type":"Polygon","coordinates":[[[-107.7417,32.6249],[-107.7206,32.6344],[-107.6983,32.6259],[-107.6748,32.5996],[-107.6648,32.5669],[-107.6683,32.5277],[-107.68,32.4952],[-107.7,32.4692],[-107.7206,32.4972],[-107.7417,32.5792],[-107.7417,32.6249]],[[-107.713,32.6003],[-107.6977,32.5943],[-107.69,32.5781],[-107.69,32.5518],[-107.6977,32.5548],[-107.713,32.5871],[-107.713,32.6003]]]}},{"type":"Feature","properties":{"c":"#bd0026","v0":60.0,"v1":75.0},"geometry":{"type":"Polygon","coordinates":[[[-111.1212,32.5612],[-111.1183,32.578],[-111.1102,32.5899],[-111.0967,32.5968],[-111.065,32.6014],[-111.015,32.6038],[-110.9793,32.6003],[-110.958,32.5911],[-110.9302,32.5527],[-110.8961,32.4853],[-110.8881,32.4135],[-110.9062,32.3375],[-110.929,32.297],[-110.9563,32.2919],[-110.9786,32.2961],[-110.9959,32.3096],[-111.0114,32.3417],[-111.0252,32.3924],[-111.0518,32.4389],[-111.0912,32.4811],[-111.1139,32.5148],[-111.1198,32.5401],[-111.1212,32.5612]],[[-111.0941,32.5601],[-111.078,32.5749],[-111.05,32.5836],[-111.01,32.5861],[-110.9831,32.5829],[-110.9693,32.574],[-110.9462,32.5359],[-110.9138,32.4684],[-110.9057,32.4043],[-110.9219,32.3435],[-110.94,32.3124],[-110.96,32.3108],[-110.975,32.3147],[-110.985,32.324],[-110.997,32.3551],[-111.0111,32.4081],[-111.0361,32.4525],[-111.072,32.4883],[-111.093,32.5178],[-111.0991,32.5411],[-111.0941,32.5601]]]}},{"type":"Feature","properties":{"c":"#bd0026","v0":60.0,"v1":75.0},"geometry":{"type":"Polygon","coordinates":[[[-88.2856,32.2301],[-88.2752,32.2603],[-88.25,32.2935],[-88.21,32.3296],[-88.15,32.3504],[-88.07,32.3559],[-88.015,32.3539],[-87.985,32.3443],[-87.9613,32.3295],[-87.944,32.3095],[-87.9365,32.2826],[-87.9388,32.2488],[-87.9525,32.2204],[-87.9775,32.1974],[-88.055,32.1844],[-88.185,32.1813],[-88.2602,32.1885],[-88.2806,32.2061],[-88.2856,32.2301]],[[-88.2531,32.2575],[-88.211,32.3089],[-88.15,32.3373],[-88.07,32.3428],[-88.01,32.334],[-87.97,32.311],[-87.95,32.2859],[-87.95,32.2587],[-87.9609,32.2334],[-87.9827,32.2098],[-88.0527,32.1963],[-88.1709,32.193],[-88.2375,32.193],[-88.2526,32.1963],[-88.2637,32.2065],[-88.2706,32.2234],[-88.2531,32.2575]]]}},{"type":"Feature","properties":{"c":"#bd0026","v0":60.0,"v1":75.0},"geometry":{"type":"Polygon","coordinates":[[[-111.8733,32.0508],[-111.8444,32.0952],[-111.8017,32.1248],[-111.7452,32.1397],[-111.6945,32.1811],[-111.6497,32.2488],[-111.598,32.2945],[-111.5393,32.3182],[-111.49,32.3266],[-111.45,32.3197],[-111.4252,32.2993],[-111.4157,32.2656],[-111.4169,32.2234],[-111.4289,32.1726],[-111.4808,32.1091],[-111.5726,32.0328],[-111.6414,31.9871],[-111.6871,31.9719],[-111.735,31.9643],[-111.785,31.9643],[-111.825,31.9695],[-111.855,31.9798],[-111.8744,31.9958],[-111.8833,32.0177],[-111.8733,32.0508]],[[-111.8621,32.0465],[-111.8407,32.0823],[-111.8,32.1086],[-111.74,32.1255],[-111.685,32.1697],[-111.635,32.2414],[-111.5864,32.287],[-111.5392,32.3066],[-111.4992,32.3158],[-111.4664,32.3147],[-111.444,32.2978],[-111.4319,32.2651],[-111.432,32.2234],[-111.4442,32.1726],[-111.4921,32.1133],[-111.5755,32.0455],[-111.6388,32.0031],[-111.6821,31.9862],[-111.7253,31.9769],[-111.7684,31.9754],[-111.8072,31.9797],[-111.8415,31.9897],[-111.8622,32.0031],[-111.8693,32.0201],[-111.8621,32.0465]]]}},{"type":"Feature","properties":{"c":"#bd0026","v0":60.0,"v1":75.0},"geometry":{"type":"Polygon","coordinates":[[[-115.9966,31.8546],[-115.9677,31.914],[-115.9275,31.9478],[-115.8758,31.9559],[-115.835,31.9781],[-115.805,32.0143],[-115.775,32.033],[-115.745,32.034],[-115.712,32.0203],[-115.6761,31.9919],[-115.6591,31.9565],[-115.6611,31.914],[-115.6941,31.8803],[-115.758,31.8552],[-115.82,31.8226],[-115.88,31.7827],[-115.925,31.7637],[-115.955,31.7657],[-115.9802,31.7813],[-116.0007,31.8103],[-115.9966,31.8546]],[[-115.9832,31.8504],[-115.96,31.9013],[-115.9238,31.931],[-115.8746,31.9396],[-115.83,31.9644],[-115.79,32.0055],[-115.7464,32.0139],[-115.6992,31.9898],[-115.6731,31.965],[-115.6681,31.9395],[-115.671,31.9183],[-115.682,31.9013],[-115.7131,31.884],[-115.7644,31.8664],[-115.82,31.8374],[-115.88,31.797],[-115.925,31.7783],[-115.955,31.7813],[-115.9762,31.7933],[-115.9886,31.8143],[-115.9832,31.8504]]]}},{"type":"Feature","properties":{"c":"#bd0026","v0":60.0,"v1":75.0},"geometry":{"type":"Polygon","coordinates":[[[-111.9424,31.7498],[-111.9341,31.7697],[-111.915,31.7801],[-111.885,31.7809],[-111.8536,31.771],[-111.8209,31.7502],[-111.8024,31.7271],[-111.7984,31.7016],[-111.8047,31.6819],[-111.8216,31.668],[-111.85,31.6625],[-111.89,31.6654],[-111.9191,31.6851],[-111.9374,31.7216],[-111.9424,31.7498]],[[-111.9259,31.7477],[-111.9153,31.7634],[-111.895,31.7682],[-111.865,31.7621],[-111.8408,31.75],[-111.8223,31.7319],[-111.8135,31.7143],[-111.8146,31.6973],[-111.8339,31.6861],[-111.8713,31.6808],[-111.9003,31.6936],[-111.9209,31.7244],[-111.9259,31.7477]]]}},{"type":"Feature","properties":{"c":"#bd0026","v0":60.0,"v1":75.0},"geometry":{"type":"Polygon","coordinates":[[[-111.7396,31.6135],[-111.7332,31.6332],[-111.72,31.6473],[-111.7,31.6558],[-111.655,31.6399],[-111.585,31.5994],[-111.535,31.5798],[-111.505,31.581],[-111.475,31.5922],[-111.445,31.6134],[-111.41,31.6139],[-111.37,31.5936],[-111.346,31.5715],[-111.338,31.5475],[-111.3382,31.5057],[-111.3467,31.446],[-111.3442,31.3862],[-111.3308,31.3264],[-111.3556,31.2622],[-111.4185,31.1936],[-111.47,31.1572],[-111.51,31.1531],[-111.5386,31.1704],[-111.5559,31.2089],[-111.5635,31.2452],[-111.5616,31.2794],[-111.5443,31.3179],[-111.5116,31.3606],[-111.497,31.3948],[-111.5005,31.4204],[-111.5511,31.4417],[-111.649,31.4588],[-111.7091,31.5014],[-111.7315,31.5696],[-111.7396,31.6135]],[[-111.7173,31.6138],[-111.6991,31.6341],[-111.655,31.6245],[-111.585,31.5849],[-111.535,31.5649],[-111.505,31.5646],[-111.475,31.5753],[-111.445,31.5972],[-111.4124,31.5985],[-111.3772,31.5792],[-111.3614,31.5312],[-111.3648,31.4545],[-111.3602,31.3862],[-111.3476,31.3264],[-111.3734,31.2639],[-111.4378,31.1985],[-111.48,31.1639],[-111.5,31.1601],[-111.515,31.1628],[-111.525,31.1718],[-111.5355,31.1935],[-111.5464,31.228],[-111.5494,31.2581],[-111.5444,31.2837],[-111.526,31.3179],[-111.494,31.3606],[-111.4776,31.3948],[-111.4768,31.4204],[-111.4848,31.4389],[-111.5016,31.4503],[-111.54,31.4562],[-111.6,31.4567],[-111.645,31.4626],[-111.675,31.4741],[-111.6991,31.5108],[-111.7173,31.5727],[-111.7173,31.6138]]]}},{"type":"Feature","properties":{"c":"#bd0026","v0":60.0,"v1":75.0},"geometry":{"type":"Polygon","coordinates":[[[-81.3463,31.5398],[-81.332,31.5824],[-81.2711,31.6184],[-81.1637,31.6479],[-81.1026,31.6479],[-81.0878,31.6184],[-81.0836,31.5483],[-81.0901,31.4374],[-81.1043,31.3734],[-81.1265,31.3563],[-81.148,31.3478],[-81.1688,31.3478],[-81.1973,31.3691],[-81.2335,31.4118],[-81.2712,31.442],[-81.3104,31.4595],[-81.3358,31.4809],[-81.3475,31.5059],[-81.3463,31.5398]],[[-81.322,31.5355],[-81.3096,31.5696],[-81.2583,31.5994],[-81.1681,31.625],[-81.1186,31.6292],[-81.1096,31.6122],[-81.1063,31.5525],[-81.1088,31.4502],[-81.125,31.3918],[-81.155,31.3773],[-81.186,31.3901],[-81.2179,31.4302],[-81.253,31.4588],[-81.2913,31.4758],[-81.3148,31.4929],[-81.3237,31.5099],[-81.322,31.5355]]]}},{"type":"Feature","properties":{"c":"#bd0026","v0":60.0,"v1":75.0},"geometry":{"type":"Polygon","coordinates":[[[-112.0693,31.6017],[-112.0431,31.6317],[-112.0089,31.6445],[-111.9668,31.64],[-111.9433,31.6207],[-111.9383,31.5866],[-111.9444,31.5561],[-111.9615,31.5292],[-111.9872,31.5164],[-112.0216,31.5178],[-112.0497,31.5355],[-112.0715,31.5696],[-112.0693,31.6017]],[[-112.057,31.5976],[-112.039,31.6196],[-112.02,31.6326],[-112.0,31.6366],[-111.9797,31.6256],[-111.9592,31.5996],[-111.954,31.5739],[-111.964,31.5483],[-111.9792,31.5322],[-111.9997,31.5256],[-112.0217,31.5299],[-112.045,31.545],[-112.059,31.5611],[-112.0637,31.5781],[-112.057,31.5976]]]}},{"type":"Feature","properties":{"c":"#bd0026","v0":60.0,"v1":75.0},"geometry":{"type":"Polygon","coordinates":[[[-88.2456,31.527],[-88.2411,31.544],[-88.2266,31.5574],[-88.2022,31.5671],[-88.16,31.5648],[-88.1,31.5506],[-88.065,31.5175],[-88.055,31.4655],[-88.0264,31.4251],[-87.9793,31.3963],[-87.9515,31.3521],[-87.9429,31.2923],[-87.9488,31.2495],[-87.9691,31.2239],[-87.9919,31.208],[-88.0173,31.2018],[-88.0468,31.2061],[-88.0803,31.2208],[-88.109,31.2623],[-88.1331,31.3307],[-88.1649,31.3777],[-88.2044,31.4033],[-88.2301,31.4417],[-88.242,31.4929],[-88.2456,31.527]],[[-88.2222,31.5284],[-88.2007,31.5484],[-88.163,31.5526],[-88.1091,31.5412],[-88.0787,31.5099],[-88.0718,31.4588],[-88.0437,31.4195],[-87.9946,31.3921],[-87.9661,31.3494],[-87.9583,31.2914],[-87.9633,31.2519],[-87.9811,31.2309],[-88.0001,31.2181],[-88.0202,31.2134],[-88.0461,31.2196],[-88.0778,31.2367],[-88.1017,31.2752],[-88.1175,31.335],[-88.1461,31.3777],[-88.1874,31.4033],[-88.2142,31.4417],[-88.2267,31.4929],[-88.2222,31.5284]]]}},{"type":"Feature","properties":{"c":"#bd0026","v0":60.0,"v1":75.0},"geometry":{"type":"Polygon","coordinates":[[[-82.3592,31.4971],[-82.3446,31.5227],[-82.3205,31.5326],[-82.2868,31.5267],[-82.253,31.4755],[-82.2191,31.379],[-82.204,31.288],[-82.2077,31.2025],[-82.2202,31.1426],[-82.2417,31.1083],[-82.2668,31.0822],[-82.2956,31.0641],[-82.3193,31.0641],[-82.338,31.0822],[-82.3359,31.1383],[-82.3131,31.2324],[-82.3179,31.3307],[-82.3502,31.4332],[-82.3592,31.4971]],[[-82.3352,31.4904],[-82.3317,31.5026],[-82.32,31.5075],[-82.3,31.505],[-82.2745,31.4605],[-82.2436,31.374],[-82.2287,31.2923],[-82.2298,31.2153],[-82.2403,31.1596],[-82.2601,31.1252],[-82.28,31.1026],[-82.3,31.0919],[-82.3101,31.1091],[-82.3104,31.1542],[-82.3016,31.2025],[-82.2837,31.2538],[-82.2903,31.3307],[-82.3214,31.4332],[-82.3352,31.4904]]]}},{"type":"Feature","properties":{"c":"#bd0026","v0":60.0,"v1":75.0},"geometry":{"type":"Polygon","coordinates":[[[-92.7111,31.437],[-92.6837,31.4789],[-92.64,31.5002],[-92.58,31.5007],[-92.5313,31.4755],[-92.4938,31.4245],[-92.4465,31.3819],[-92.3893,31.3478],[-92.3551,31.3051],[-92.344,31.2538],[-92.3664,31.218],[-92.4221,31.1976],[-92.46,31.1899],[-92.48,31.195],[-92.5008,31.2095],[-92.5224,31.2333],[-92.5674,31.2441],[-92.6358,31.2418],[-92.6837,31.2845],[-92.7111,31.3723],[-92.7111,31.437]],[[-92.7003,31.4334],[-92.6801,31.4681],[-92.639,31.4852],[-92.577,31.4846],[-92.532,31.4616],[-92.504,31.4161],[-92.46,31.3751],[-92.4,31.3386],[-92.3647,31.3101],[-92.3542,31.2896],[-92.3509,31.2666],[-92.3549,31.241],[-92.3802,31.2214],[-92.4267,31.2079],[-92.47,31.2163],[-92.51,31.2465],[-92.56,31.2578],[-92.62,31.2501],[-92.6554,31.2503],[-92.6663,31.2583],[-92.6814,31.3008],[-92.7008,31.3777],[-92.7003,31.4334]]]}},{"type":"Feature","properties":{"c":"#bd0026","v0":60.0,"v1":75.0},"geometry":{"type":"Polygon","coordinates":[[[-81.5602,31.1015],[-81.5401,31.1221],[-81.505,31.1372],[-81.455,31.1466],[-81.402,31.1834],[-81.346,31.2474],[-81.3008,31.2794],[-81.2663,31.2794],[-81.2515,31.2623],[-81.2565,31.2281],[-81.2868,31.1819],[-81.3423,31.1237],[-81.41,31.0878],[-81.49,31.0741],[-81.5401,31.0733],[-81.5602,31.0852],[-81.5602,31.1015]],[[-81.4529,31.1169],[-81.4192,31.134],[-81.3843,31.1684],[-81.3481,31.2199],[-81.3163,31.2498],[-81.289,31.2582],[-81.2783,31.2495],[-81.2844,31.2239],[-81.308,31.1891],[-81.3493,31.1454],[-81.3949,31.1197],[-81.4448,31.1121],[-81.4529,31.1169]]]}},{"type":"Feature","properties":{"c":"#bd0026","v0":60.0,"v1":75.0},"geometry":{"type":"Polygon","coordinates":[[[-85.419,30.9847],[-85.3997,31.0117],[-85.3511,31.0289],[-85.2732,31.0362],[-85.2269,31.0655],[-85.2121,31.1169],[-85.1961,31.1529],[-85.1787,31.1736],[-85.145,31.1841],[-85.095,31.1845],[-85.0655,31.1742],[-85.0566,31.1531],[-85.0555,31.1083],[-85.0621,31.0398],[-85.0316,30.9881],[-84.9639,30.9532],[-84.9257,30.9232],[-84.917,30.898],[-84.9163,30.8597],[-84.9236,30.8082],[-84.9095,30.7566],[-84.874,30.705],[-84.8696,30.6784],[-84.8965,30.6767],[-84.95,30.6879],[-85.03,30.7121],[-85.14,30.7551],[-85.28,30.8171],[-85.3697,30.8788],[-85.409,30.9404],[-85.419,30.9847]],[[-85.4077,30.981],[-85.3959,31.0004],[-85.35,31.014],[-85.27,31.0217],[-85.223,31.0335],[-85.209,31.0491],[-85.1961,31.0826],[-85.1842,31.134],[-85.1662,31.1654],[-85.1421,31.1769],[-85.1189,31.1812],[-85.0967,31.1783],[-85.081,31.1683],[-85.0717,31.1511],[-85.0708,31.1083],[-85.0783,31.0398],[-85.074,30.996],[-85.058,30.9769],[-85.0218,30.9555],[-84.9655,30.9317],[-84.9387,30.8855],[-84.9416,30.8168],[-84.9284,30.7609],[-84.8992,30.7179],[-84.9262,30.705],[-85.0095,30.7222],[-85.1208,30.7612],[-85.2603,30.8219],[-85.3509,30.882],[-85.3927,30.9415],[-85.4077,30.981]]]}},{"type":"Feature","properties":{"c":"#bd0026","v0":60.0,"v1":75.0},"geometry":{"type":"Polygon","coordinates":[[[-82.9511,31.0256],[-82.937,31.0658],[-82.915,31.0978],[-82.885,31.1217],[-82.82,31.1439],[-82.72,31.1644],[-82.65,31.1688],[-82.61,31.1569],[-82.595,31.1323],[-82.605,31.095],[-82.645,31.0497],[-82.715,30.9966],[-82.765,30.9671],[-82.795,30.9614],[-82.84,30.9626],[-82.9,30.9706],[-82.937,30.9824],[-82.9511,30.9978],[-82.9511,31.0256]],[[-82.9354,31.0227],[-82.9255,31.057],[-82.9079,31.0854],[-82.8826,31.108],[-82.825,31.1297],[-82.735,31.1504],[-82.6689,31.1562],[-82.6267,31.1471],[-82.6081,31.1297],[-82.6133,31.1041],[-82.6544,31.0626],[-82.7315,31.0053],[-82.805,30.9788],[-82.875,30.9832],[-82.9176,30.9904],[-82.9328,31.0005],[-82.9354,31.0227]]]}},{"type":"Feature","properties":{"c":"#bd0026","v0":60.0,"v1":75.0},"geometry":{"type":"Polygon","coordinates":[[[-88.6431,30.705],[-88.6145,30.7566],[-88.6094,30.8039],[-88.6278,30.8468],[-88.6325,30.9069],[-88.6236,30.9841],[-88.6018,31.0441],[-88.567,31.0869],[-88.5297,31.1117],[-88.4899,31.1184],[-88.4563,31.1056],[-88.4288,31.0732],[-88.4031,31.0184],[-88.3791,30.9412],[-88.3702,30.8897],[-88.3763,30.864],[-88.3892,30.8382],[-88.4089,30.8125],[-88.4465,30.7821],[-88.5022,30.7472],[-88.545,30.7084],[-88.575,30.6659],[-88.6012,30.6446],[-88.6235,30.6448],[-88.6403,30.6534],[-88.6517,30.6706],[-88.6431,30.705]],[[-88.6256,30.705],[-88.5979,30.7566],[-88.5932,30.8039],[-88.6115,30.8468],[-88.6163,30.9069],[-88.6075,30.9841],[-88.5893,31.0398],[-88.5617,31.0741],[-88.5334,31.0966],[-88.5045,31.1075],[-88.475,31.0991],[-88.445,31.0714],[-88.4194,31.0103],[-88.3983,30.9157],[-88.3983,30.8533],[-88.4194,30.8232],[-88.4598,30.7888],[-88.5193,30.7502],[-88.5604,30.7136],[-88.5831,30.6792],[-88.6033,30.6615],[-88.6211,30.6604],[-88.6324,30.6647],[-88.6371,30.6744],[-88.6256,30.705]]]}},{"type":"Feature","properties":{"c":"#bd0026","v0":60.0,"v1":75.0},"geometry":{"type":"Polygon","coordinates":[[[-91.1033,30.7951],[-91.0944,30.8204],[-91.0639,30.8548],[-91.0116,30.8981],[-90.9951,30.9369],[-91.0146,30.9712],[-91.0224,31.0055],[-91.0186,31.0398],[-91.005,31.0644],[-90.9817,31.0793],[-90.945,31.0883],[-90.895,31.0914],[-90.8565,31.0839],[-90.8296,31.0659],[-90.8166,31.0227],[-90.8176,30.9541],[-90.7911,30.9115],[-90.737,30.8948],[-90.7069,30.8648],[-90.7008,30.8213],[-90.6613,30.791],[-90.5884,30.7738],[-90.5459,30.7523],[-90.5337,30.7265],[-90.5332,30.7031],[-90.5444,30.682],[-90.58,30.666],[-90.64,30.6551],[-90.6828,30.657],[-90.7085,30.6718],[-90.7228,30.7007],[-90.7256,30.7437],[-90.7427,30.7674],[-90.7742,30.7718],[-90.81,30.7394],[-90.85,30.6702],[-90.89,30.6297],[-90.93,30.618],[-90.97,30.6223],[-91.01,30.6425],[-91.0494,30.685],[-91.0883,30.75],[-91.1033,30.7951]],[[-90.706,30.7148],[-90.6953,30.7516],[-90.665,30.7692],[-90.615,30.7678],[-90.5786,30.758],[-90.5558,30.7399],[-90.5508,30.7176],[-90.5636,30.6911],[-90.595,30.6739],[-90.645,30.666],[-90.6803,30.6706],[-90.701,30.6878],[-90.706,30.7148]],[[-91.0907,30.791],[-91.0865,30.8082],[-91.0553,30.8425],[-90.9971,30.894],[-90.9785,30.9376],[-90.9995,30.9733],[-91.007,31.0076],[-91.0009,31.0405],[-90.9859,31.062],[-90.962,31.0722],[-90.925,31.0765],[-90.875,31.0747],[-90.8444,31.0654],[-90.8333,31.0483],[-90.8301,31.0098],[-90.8346,30.9498],[-90.8302,30.9131],[-90.8167,30.8997],[-90.79,30.8904],[-90.75,30.8851],[-90.7294,30.8617],[-90.7281,30.8203],[-90.7522,30.791],[-90.8018,30.7738],[-90.8374,30.7379],[-90.8591,30.6832],[-90.885,30.6481],[-90.915,30.6326],[-90.95,30.6316],[-90.99,30.6451],[-91.0307,30.6845],[-91.0721,30.7498],[-91.0907,30.791]]]}},{"type":"Feature","properties":{"c":"#bd0026","v0":60.0,"v1":75.0},"geometry":{"type":"Polygon","coordinates":[[[-90.1918,30.7969],[-90.0839,30.9289],[-90.01,31.0013],[-89.97,31.0145],[-89.9336,31.0172],[-89.9008,31.0094],[-89.8769,30.9927],[-89.8619,30.967],[-89.8548,30.9369],[-89.8555,30.9026],[-89.8744,30.8718],[-89.9115,30.8445],[-89.9408,30.8145],[-89.9625,30.7816],[-90.0075,30.7583],[-90.0758,30.7443],[-90.13,30.7202],[-90.17,30.686],[-90.2,30.6724],[-90.22,30.6794],[-90.2339,30.6949],[-90.2418,30.7189],[-90.1918,30.7969]],[[-90.1768,30.7953],[-90.0693,30.9241],[-89.9992,30.9934],[-89.9664,31.0034],[-89.935,31.0042],[-89.905,30.9959],[-89.8855,30.9652],[-89.8764,30.912],[-89.8907,30.8726],[-89.9282,30.8468],[-89.9577,30.8182],[-89.9792,30.7868],[-90.02,30.7665],[-90.08,30.7575],[-90.13,30.7356],[-90.17,30.7009],[-90.1977,30.6868],[-90.213,30.6932],[-90.2231,30.705],[-90.2281,30.7222],[-90.1768,30.7953]]]}},{"type":"Feature","properties":{"c":"#bd0026","v0":60.0,"v1":75.0},"geometry":{"type":"Polygon","coordinates":[[[-92.2792,30.8488],[-92.2597,30.8786],[-92.225,30.8928],[-92.175,30.8916],[-92.14,30.8689],[-92.12,30.8244],[-92.0889,30.7844],[-92.0468,30.7487],[-92.0226,30.7179],[-92.0161,30.6921],[-92.0172,30.6686],[-92.0257,30.6474],[-92.045,30.6306],[-92.075,30.6182],[-92.12,30.616],[-92.18,30.6242],[-92.2202,30.641],[-92.2406,30.6665],[-92.2603,30.7179],[-92.2793,30.7953],[-92.2792,30.8488]],[[-92.2679,30.845],[-92.256,30.8672],[-92.2293,30.8801],[-92.188,30.8837],[-92.1573,30.864],[-92.1371,30.8211],[-92.1059,30.7824],[-92.0637,30.748],[-92.0425,30.7093],[-92.0423,30.6663],[-92.0642,30.6396],[-92.1081,30.6292],[-92.1501,30.6292],[-92.1902,30.6396],[-92.2262,30.6921],[-92.258,30.7867],[-92.2679,30.845]]]}},{"type":"Feature","properties":{"c":"#bd0026","v0":60.0,"v1":75.0},"geometry":{"type":"Polygon","coordinates":[[[-84.2783,30.7257],[-84.2594,30.7498],[-84.185,30.771],[-84.055,30.7894],[-83.975,30.7891],[-83.945,30.7701],[-83.9195,30.736],[-83.8985,30.6867],[-83.8985,30.6502],[-83.9195,30.6266],[-83.97,30.6166],[-84.05,30.6202],[-84.135,30.6345],[-84.225,30.6594],[-84.2744,30.6823],[-84.2833,30.7032],[-84.2783,30.7257]],[[-84.2668,30.7223],[-84.2556,30.7395],[-84.185,30.7573],[-84.055,30.7756],[-83.975,30.7728],[-83.945,30.749],[-83.9236,30.7183],[-83.9108,30.6808],[-83.9108,30.6537],[-83.9236,30.637],[-83.97,30.6305],[-84.05,30.6344],[-84.13,30.6466],[-84.21,30.6672],[-84.2556,30.6866],[-84.2668,30.7046],[-84.2668,30.7223]]]}},{"type":"Feature","properties":{"c":"#bd0026","v0":60.0,"v1":75.0},"geometry":{"type":"Polygon","coordinates":[[[-91.9616,30.5028],[-91.9487,30.5286],[-91.9292,30.5465],[-91.9031,30.5563],[-91.8702,30.5477],[-91.8305,30.5206],[-91.8066,30.4941],[-91.7984,30.4683],[-91.8033,30.4453],[-91.8211,30.4251],[-91.85,30.4133],[-91.89,30.4099],[-91.9217,30.4157],[-91.945,30.4306],[-91.9595,30.451],[-91.9652,30.4769],[-91.9616,30.5028]],[[-91.9474,30.5008],[-91.9358,30.5228],[-91.92,30.5368],[-91.9,30.5429],[-91.8749,30.5362],[-91.8447,30.5168],[-91.8249,30.4941],[-91.8155,30.4683],[-91.8206,30.4467],[-91.8402,30.4295],[-91.865,30.4209],[-91.895,30.4209],[-91.92,30.4295],[-91.94,30.4467],[-91.9508,30.464],[-91.9524,30.4812],[-91.9474,30.5008]]]}},{"type":"Feature","properties":{"c":"#bd0026","v0":60.0,"v1":75.0},"geometry":{"type":"Polygon","coordinates":[[[-87.2099,30.5339],[-87.1966,30.5532],[-87.175,30.5655],[-87.145,30.5708],[-87.1,30.5597],[-87.04,30.532],[-86.975,30.5168],[-86.905,30.5142],[-86.8575,30.4985],[-86.8324,30.4698],[-86.8124,30.411],[-86.7975,30.3222],[-86.805,30.2719],[-86.835,30.2601],[-86.88,30.2714],[-86.94,30.3057],[-86.995,30.3286],[-87.045,30.3399],[-87.1045,30.3816],[-87.1736,30.4538],[-87.2103,30.4985],[-87.2145,30.5157],[-87.2099,30.5339]],[[-87.1924,30.5326],[-87.1775,30.5493],[-87.16,30.5583],[-87.14,30.5598],[-87.1,30.5467],[-87.04,30.519],[-86.975,30.5031],[-86.905,30.4991],[-86.86,30.4833],[-86.84,30.4557],[-86.8239,30.4022],[-86.8116,30.3226],[-86.8166,30.2791],[-86.8389,30.2717],[-86.875,30.2834],[-86.925,30.314],[-86.98,30.3374],[-87.04,30.3535],[-87.1025,30.4023],[-87.1674,30.4837],[-87.1924,30.5326]]]}},{"type":"Feature","properties":{"c":"#bd0026","v0":60.0,"v1":75.0},"geometry":{"type":"Polygon","coordinates":[[[-91.6584,30.4389],[-91.5861,30.475],[-91.51,30.4865],[-91.43,30.4735],[-91.3814,30.4511],[-91.3642,30.4195],[-91.3645,30.3907],[-91.3824,30.3648],[-91.421,30.3469],[-91.4803,30.337],[-91.535,30.3387],[-91.585,30.3521],[-91.6311,30.3743],[-91.6734,30.4054],[-91.6584,30.4389]],[[-91.6285,30.422],[-91.5895,30.4587],[-91.53,30.4727],[-91.45,30.464],[-91.4,30.4499],[-91.38,30.4306],[-91.3751,30.4079],[-91.3853,30.3821],[-91.4103,30.3632],[-91.4501,30.3515],[-91.4914,30.3472],[-91.5343,30.3503],[-91.5788,30.3648],[-91.625,30.3907],[-91.6285,30.422]]]}},{"type":"Feature","properties":{"c":"#bd0026","v0":60.0,"v1":75.0},"geometry":{"type":"Polygon","coordinates":[[[-90.1595,30.218],[-90.1405,30.2612],[-90.1108,30.2939],[-90.0703,30.316],[-90.005,30.3185],[-89.915,30.3013],[-89.8584,30.2687],[-89.8352,30.2205],[-89.8452,30.1775],[-89.8884,30.1399],[-89.95,30.1165],[-90.03,30.1075],[-90.0894,30.109],[-90.1281,30.1212],[-90.1528,30.1445],[-90.1636,30.1791],[-90.1595,30.218]],[[-90.1481,30.2131],[-90.136,30.2465],[-90.11,30.2758],[-90.07,30.3009],[-90.005,30.3043],[-89.915,30.286],[-89.8626,30.2567],[-89.8479,30.2165],[-89.8628,30.1791],[-89.9074,30.1445],[-89.9647,30.1246],[-90.0349,30.1193],[-90.085,30.1203],[-90.115,30.1276],[-90.136,30.1476],[-90.1481,30.1801],[-90.1481,30.2131]]]}},{"type":"Feature","properties":{"c":"#bd0026","v0":60.0,"v1":75.0},"geometry":{"type":"Polygon","coordinates":[[[-90.8692,30.0623],[-90.8616,30.1056],[-90.8408,30.1433],[-90.8069,30.1754],[-90.765,30.1909],[-90.715,30.1897],[-90.67,30.1754],[-90.63,30.1478],[-90.6,30.1375],[-90.58,30.1447],[-90.555,30.1661],[-90.525,30.2017],[-90.495,30.2213],[-90.465,30.225],[-90.435,30.2195],[-90.405,30.2047],[-90.3813,30.1841],[-90.364,30.1577],[-90.3608,30.1272],[-90.3717,30.0926],[-90.4054,30.0564],[-90.4618,30.0185],[-90.52,30.0067],[-90.58,30.021],[-90.63,30.0199],[-90.67,30.0035],[-90.72,29.9921],[-90.78,29.9859],[-90.82,29.9865],[-90.84,29.994],[-90.8558,30.0085],[-90.8673,30.03],[-90.8692,30.0623]],[[-90.853,30.0753],[-90.8447,30.1099],[-90.8271,30.1402],[-90.8001,30.1661],[-90.7655,30.1791],[-90.7235,30.1791],[-90.6794,30.1642],[-90.6331,30.1343],[-90.6,30.1222],[-90.58,30.1277],[-90.555,30.1487],[-90.525,30.1851],[-90.495,30.206],[-90.465,30.2116],[-90.43,30.1969],[-90.3899,30.162],[-90.3749,30.1289],[-90.385,30.0977],[-90.415,30.0655],[-90.465,30.032],[-90.52,30.0217],[-90.58,30.0345],[-90.6325,30.0321],[-90.6776,30.0147],[-90.7276,30.0038],[-90.7825,29.9992],[-90.82,30.0026],[-90.84,30.014],[-90.8518,30.0292],[-90.8554,30.0484],[-90.853,30.0753]]]}},{"type":"Feature","properties":{"c":"#bd0026","v0":60.0,"v1":75.0},"geometry":{"type":"Polygon","coordinates":[[[-81.8771,29.4525],[-81.8057,29.5266],[-81.75,29.5761],[-81.71,29.6009],[-81.675,29.611],[-81.645,29.6064],[-81.6259,29.5831],[-81.6178,29.5409],[-81.6366,29.4807],[-81.6821,29.4023],[-81.7212,29.3554],[-81.7537,29.3399],[-81.79,29.3322],[-81.83,29.3323],[-81.862,29.34],[-81.8859,29.3554],[-81.9016,29.3762],[-81.909,29.4023],[-81.8771,29.4525]],[[-81.8625,29.4502],[-81.7942,29.5199],[-81.7376,29.5672],[-81.6925,29.5924],[-81.6619,29.6011],[-81.6458,29.5933],[-81.6358,29.5704],[-81.6319,29.5323],[-81.65,29.4789],[-81.69,29.4103],[-81.725,29.3681],[-81.755,29.3525],[-81.79,29.3448],[-81.83,29.3449],[-81.86,29.353],[-81.88,29.3689],[-81.8917,29.3865],[-81.895,29.4058],[-81.8625,29.4502]]]}},{"type":"Feature","properties":{"c":"#bd0026","v0":60.0,"v1":75.0},"geometry":{"type":"Polygon","coordinates":[[[-81.1178,28.682],[-81.0993,28.7191],[-81.0692,28.7367],[-81.0276,28.7346],[-80.9176,28.6601],[-80.7392,28.513],[-80.6483,28.4295],[-80.6449,28.4097],[-80.6599,28.3983],[-80.6933,28.3953],[-80.76,28.419],[-80.86,28.4696],[-80.945,28.4911],[-81.015,28.4837],[-81.0693,28.5259],[-81.1078,28.6176],[-81.1178,28.682]],[[-81.1018,28.6804],[-81.0806,28.7143],[-81.0531,28.7275],[-81.0192,28.7199],[-80.9162,28.6415],[-80.7442,28.4922],[-80.6662,28.4135],[-80.6821,28.4056],[-80.745,28.4285],[-80.855,28.4823],[-80.9406,28.5038],[-81.0017,28.4931],[-81.0523,28.5317],[-81.0924,28.6196],[-81.1018,28.6804]]]}},{"type":"Feature","properties":{"c":"#bd0026","v0":60.0,"v1":75.0},"geometry":{"type":"Polygon","coordinates":[[[-80.5477,28.2167],[-80.5359,28.2379],[-80.5199,28.2511],[-80.4996,28.2564],[-80.4548,28.2238],[-80.3856,28.1533],[-80.3345,28.1092],[-80.3017,28.0915],[-80.2825,28.0209],[-80.2772,27.8972],[-80.2841,27.8221],[-80.3031,27.7955],[-80.337,27.7813],[-80.3857,27.7793],[-80.425,27.7929],[-80.455,27.8221],[-80.478,27.8717],[-80.4941,27.9418],[-80.499,27.9988],[-80.4929,28.043],[-80.5058,28.1003],[-80.5376,28.1709],[-80.5477,28.2167]],[[-80.5235,28.215],[-80.5003,28.2326],[-80.4413,28.1973],[-80.3465,28.1092],[-80.2968,28.0081],[-80.2923,27.8943],[-80.3,27.826],[-80.32,27.8033],[-80.345,27.7908],[-80.375,27.7884],[-80.4052,27.7993],[-80.4355,27.8233],[-80.4593,27.8707],[-80.4765,27.9414],[-80.4817,27.9988],[-80.4748,28.043],[-80.4873,28.1003],[-80.5191,28.1709],[-80.5235,28.215]]]}},{"type":"Feature","properties":{"c":"#bd0026","v0":60.0,"v1":75.0},"geometry":{"type":"Polygon","coordinates":[[[-80.5304,26.9279],[-80.5168,26.9602],[-80.487,26.9824],[-80.4409,26.9947],[-80.4116,27.0098],[-80.3989,27.0276],[-80.3955,27.0543],[-80.4014,27.09],[-80.4258,27.1185],[-80.4686,27.1398],[-80.4993,27.1665],[-80.518,27.1985],[-80.5151,27.2412],[-80.4908,27.2946],[-80.4614,27.3285],[-80.4271,27.3432],[-80.3553,27.3209],[-80.2458,27.2619],[-80.1862,27.2145],[-80.1764,27.179],[-80.1762,27.1384],[-80.1854,27.0929],[-80.205,27.0511],[-80.235,27.0129],[-80.28,26.9902],[-80.34,26.9831],[-80.38,26.9606],[-80.4,26.9227],[-80.425,26.8935],[-80.455,26.8731],[-80.4811,26.8617],[-80.5032,26.8594],[-80.52,26.8716],[-80.5315,26.8984],[-80.5304,26.9279]],[[-80.5018,27.2515],[-80.4806,27.29],[-80.46,27.316],[-80.44,27.3295],[-80.38,27.315],[-80.28,27.2723],[-80.2192,27.2286],[-80.1975,27.1836],[-80.1975,27.1277],[-80.2192,27.0606],[-80.245,27.0192],[-80.275,27.0035],[-80.31,26.9984],[-80.35,27.004],[-80.3736,27.0321],[-80.3807,27.0825],[-80.4107,27.1232],[-80.4636,27.1542],[-80.4956,27.1853],[-80.5068,27.2167],[-80.5018,27.2515]],[[-80.513,26.9263],[-80.4977,26.9553],[-80.47,26.9712],[-80.43,26.9739],[-80.4103,26.9638],[-80.4108,26.941],[-80.4208,26.9197],[-80.4403,26.8999],[-80.464,26.8865],[-80.492,26.8796],[-80.5096,26.885],[-80.517,26.9028],[-80.513,26.9263]]]}},{"type":"Feature","properties":{"c":"#bd0026","v0":60.0,"v1":75.0},"geometry":{"type":"Polygon","coordinates":[[[-81.1175,26.5356],[-81.0992,26.5696],[-81.075,26.5948],[-81.045,26.6114],[-80.99,26.6129],[-80.91,26.5992],[-80.8613,26.5829],[-80.8438,26.5639],[-80.8412,26.541],[-80.8536,26.5142],[-80.9123,26.4681],[-81.0174,26.4028],[-81.0806,26.3759],[-81.1019,26.3875],[-81.1161,26.4247],[-81.1232,26.4874],[-81.1175,26.5356]],[[-81.1014,26.5356],[-81.0805,26.5695],[-81.06,26.5912],[-81.04,26.6008],[-80.99,26.5982],[-80.91,26.5835],[-80.8652,26.5707],[-80.8557,26.5599],[-80.859,26.541],[-80.8753,26.5142],[-80.9301,26.4726],[-81.0234,26.4162],[-81.0781,26.3938],[-81.0942,26.4054],[-81.1047,26.4381],[-81.1094,26.4918],[-81.1014,26.5356]]]}},{"type":"Feature","properties":{"c":"#bd0026","v0":60.0,"v1":75.0},"geometry":{"type":"Polygon","coordinates":[[[-81.1478,26.1916],[-81.1157,26.2544],[-81.0422,26.2976],[-80.9274,26.3213],[-80.81,26.3976],[-80.69,26.5264],[-80.6,26.5895],[-80.54,26.587],[-80.489,26.5735],[-80.447,26.5489],[-80.4253,26.5232],[-80.4239,26.4963],[-80.4438,26.4605],[-80.485,26.4157],[-80.5367,26.3412],[-80.5989,26.2368],[-80.6504,26.1874],[-80.6912,26.1932],[-80.7362,26.2184],[-80.7854,26.2631],[-80.82,26.2819],[-80.84,26.2749],[-80.875,26.2412],[-80.925,26.181],[-80.965,26.1419],[-80.995,26.1241],[-81.035,26.1111],[-81.085,26.1028],[-81.121,26.1051],[-81.1429,26.1179],[-81.1564,26.1332],[-81.1614,26.1512],[-81.1478,26.1916]],[[-81.1341,26.1888],[-81.1047,26.246],[-81.0316,26.2864],[-80.9148,26.3099],[-80.7998,26.3848],[-80.6866,26.5111],[-80.6001,26.5738],[-80.5402,26.5728],[-80.4913,26.5589],[-80.4533,26.5321],[-80.4872,26.4381],[-80.5931,26.2768],[-80.662,26.1999],[-80.694,26.2077],[-80.7259,26.2301],[-80.7576,26.2672],[-80.7876,26.2896],[-80.8159,26.2972],[-80.87,26.2605],[-80.95,26.1795],[-81.015,26.1317],[-81.065,26.1172],[-81.1006,26.1136],[-81.1218,26.1207],[-81.1365,26.1332],[-81.1447,26.1512],[-81.1341,26.1888]]]}},{"type":"Feature","properties":{"c":"#bd0026","v0":60.0,"v1":75.0},"geometry":{"type":"Polygon","coordinates":[[[-80.553,22.2712],[-80.5438,22.299],[-80.5269,22.3239],[-80.5023,22.3459],[-80.465,22.364],[-80.415,22.3781],[-80.375,22.3817],[-80.345,22.3749],[-80.32,22.3532],[-80.3,22.3167],[-80.2672,22.2882],[-80.2215,22.2676],[-80.1965,22.2264],[-80.1922,22.1646],[-80.165,22.1279],[-80.115,22.1164],[-80.0771,22.101],[-80.0513,22.0817],[-80.0395,22.0489],[-80.0417,22.0025],[-80.0697,21.9585],[-80.1232,21.9167],[-80.174,21.8981],[-80.2221,21.9028],[-80.2621,21.9471],[-80.294,22.031],[-80.325,22.0849],[-80.355,22.1091],[-80.405,22.1346],[-80.475,22.1615],[-80.5219,22.1955],[-80.5457,22.2367],[-80.553,22.2712]],[[-80.5388,22.2682],[-80.5329,22.29],[-80.516,22.3132],[-80.4879,22.3376],[-80.4429,22.3539],[-80.381,22.3622],[-80.335,22.3445],[-80.305,22.301],[-80.27,22.2698],[-80.23,22.2512],[-80.2089,22.2133],[-80.2068,22.1562],[-80.1684,22.1138],[-80.0938,22.086],[-80.0575,22.0489],[-80.0597,22.0025],[-80.083,21.9622],[-80.1277,21.9278],[-80.17,21.9112],[-80.21,21.9124],[-80.249,21.9574],[-80.2871,22.0462],[-80.3539,22.1138],[-80.4495,22.1601],[-80.5084,22.2018],[-80.5306,22.2388],[-80.5388,22.2682]]]}},{"type":"Feature","properties":{"c":"#800026","v0":75.0,"v1":90.0},"geometry":{"type":"Polygon","coordinates":[[[-94.417,50.1364],[-94.4123,50.1598],[-94.4036,50.1758],[-94.3908,50.1844],[-94.3358,50.198],[-94.2386,50.2166],[-94.157,50.2485],[-94.091,50.294],[-94.031,50.3248],[-93.977,50.3412],[-93.94,50.3463],[-93.92,50.3403],[-93.9078,50.3321],[-93.9035,50.3218],[-93.9085,50.3082],[-93.9228,50.2914],[-93.965,50.2625],[-94.035,50.2217],[-94.1021,50.1885],[-94.1662,50.1631],[-94.2112,50.1281],[-94.2371,50.0835],[-94.2739,50.0642],[-94.3217,50.0703],[-94.3617,50.0805],[-94.3939,50.0948],[-94.4123,50.1077],[-94.417,50.119],[-94.417,50.1364]]]}},{"type":"Feature","properties":{"c":"#800026","v0":75.0,"v1":90.0},"geometry":{"type":"Polygon","coordinates":[[[-95.087,50.083],[-95.0677,50.1022],[-95.016,50.1253],[-94.932,50.1521],[-94.85,50.1645],[-94.77,50.1626],[-94.7292,50.1556],[-94.7276,50.1435],[-94.7357,50.1311],[-94.7534,50.1183],[-94.7893,50.1091],[-94.8431,50.1035],[-94.8834,50.0939],[-94.9101,50.0802],[-94.9237,50.0637],[-94.9241,50.0445],[-94.9095,50.022],[-94.88,49.9963],[-94.8714,49.9763],[-94.8838,49.9621],[-94.9319,49.9718],[-95.0158,50.0053],[-95.0675,50.0348],[-95.0869,50.0605],[-95.087,50.083]]]}},{"type":"Feature","properties":{"c":"#800026","v0":75.0,"v1":90.0},"geometry":{"type":"Polygon","coordinates":[[[-94.0004,47.0124],[-93.9927,47.0601],[-93.9647,47.1078],[-93.9163,47.1554],[-93.8773,47.186],[-93.8477,47.1996],[-93.8022,47.2022],[-93.7407,47.1938],[-93.7,47.2023],[-93.68,47.2279],[-93.64,47.2465],[-93.58,47.2583],[-93.53,47.2591],[-93.49,47.2489],[-93.445,47.2443],[-93.395,47.2454],[-93.355,47.2258],[-93.325,47.1856],[-93.275,47.1761],[-93.205,47.1974],[-93.1548,47.2042],[-93.1243,47.1966],[-93.113,47.1826],[-93.1207,47.1622],[-93.1609,47.1346],[-93.2336,47.0999],[-93.285,47.0946],[-93.315,47.1188],[-93.35,47.1164],[-93.39,47.0874],[-93.455,47.0875],[-93.545,47.1166],[-93.6125,47.133],[-93.6576,47.1366],[-93.6848,47.1316],[-93.6941,47.118],[-93.6814,47.0907],[-93.6466,47.0499],[-93.6444,47.0144],[-93.6748,46.9844],[-93.71,46.9725],[-93.75,46.9789],[-93.81,46.9762],[-93.89,46.9646],[-93.9486,46.9662],[-93.9857,46.9811],[-94.0004,47.0124]],[[-93.2538,47.149],[-93.2113,47.1702],[-93.1775,47.1804],[-93.1524,47.1796],[-93.1674,47.1647],[-93.2225,47.1358],[-93.2563,47.1256],[-93.2688,47.1341],[-93.2538,47.149]],[[-93.972,47.0192],[-93.9669,47.0533],[-93.9408,47.0946],[-93.8936,47.1432],[-93.855,47.1727],[-93.825,47.1831],[-93.792,47.1826],[-93.7559,47.1713],[-93.7347,47.1486],[-93.7283,47.1146],[-93.7089,47.0839],[-93.6764,47.0567],[-93.6676,47.0303],[-93.6825,47.0048],[-93.715,46.9939],[-93.765,46.9977],[-93.82,46.9937],[-93.88,46.982],[-93.925,46.979],[-93.955,46.9849],[-93.9712,46.9915],[-93.9735,46.9986],[-93.972,47.0192]],[[-93.6626,47.1903],[-93.6542,47.2124],[-93.625,47.2288],[-93.575,47.2395],[-93.53,47.2396],[-93.49,47.2289],[-93.45,47.2247],[-93.41,47.2268],[-93.3827,47.2123],[-93.368,47.1812],[-93.378,47.1482],[-93.4127,47.1133],[-93.4882,47.1133],[-93.6045,47.1482],[-93.6637,47.169],[-93.6658,47.1758],[-93.6626,47.1903]]]}},{"type":"Feature","properties":{"c":"#800026","v0":75.0,"v1":90.0},"geometry":{"type":"Polygon","coordinates":[[[-96.0456,46.2432],[-96.0352,46.2641],[-95.9974,46.2848],[-95.9321,46.3055],[-95.8571,46.3126],[-95.7724,46.3061],[-95.7238,46.2992],[-95.7115,46.2918],[-95.7067,46.2778],[-95.7094,46.257],[-95.7405,46.2259],[-95.8002,46.1843],[-95.8616,46.1636],[-95.9247,46.1636],[-95.9712,46.1705],[-96.0011,46.1844],[-96.0247,46.2017],[-96.0421,46.2224],[-96.0456,46.2432]]]}},{"type":"Feature","properties":{"c":"#800026","v0":75.0,"v1":90.0},"geometry":{"type":"Polygon","coordinates":[[[-97.9711,45.0128],[-97.9037,45.0065],[-97.835,44.9831],[-97.765,44.9427],[-97.7,44.918],[-97.64,44.9091],[-97.595,44.9099],[-97.565,44.9203],[-97.535,44.9423],[-97.505,44.9757],[-97.4607,45.0018],[-97.402,45.0206],[-97.352,45.0531],[-97.3107,45.0991],[-97.26,45.1237],[-97.2,45.1269],[-97.153,45.1144],[-97.1189,45.0864],[-97.1056,45.0371],[-97.1131,44.9664],[-97.1451,44.9122],[-97.2017,44.8746],[-97.265,44.8584],[-97.335,44.8635],[-97.4,44.8613],[-97.46,44.852],[-97.54,44.8481],[-97.64,44.8497],[-97.7218,44.8564],[-97.7853,44.8684],[-97.8491,44.8885],[-97.9129,44.9168],[-97.9598,44.9522],[-97.9898,44.9947],[-97.9711,45.0128]]]}},{"type":"Feature","properties":{"c":"#800026","v0":75.0,"v1":90.0},"geometry":{"type":"Polygon","coordinates":[[[-89.0361,44.4908],[-88.9787,44.5487],[-88.915,44.5813],[-88.845,44.5887],[-88.7947,44.5775],[-88.7642,44.5479],[-88.748,44.5118],[-88.7462,44.4689],[-88.7515,44.4401],[-88.7638,44.4251],[-88.835,44.4209],[-88.965,44.4273],[-89.0387,44.4384],[-89.0561,44.454],[-89.0361,44.4908]],[[-89.0102,44.4868],[-88.9589,44.5367],[-88.9072,44.5652],[-88.855,44.5723],[-88.8142,44.5619],[-88.7847,44.5338],[-88.77,44.5019],[-88.77,44.4662],[-88.775,44.4446],[-88.785,44.4371],[-88.8163,44.4334],[-88.8688,44.4333],[-88.9303,44.4404],[-89.0006,44.4547],[-89.0102,44.4868]]]}},{"type":"Feature","properties":{"c":"#800026","v0":75.0,"v1":90.0},"geometry":{"type":"Polygon","coordinates":[[[-112.3108,43.118],[-112.2969,43.145],[-112.275,43.1669],[-112.245,43.1837],[-112.17,43.2014],[-112.05,43.22],[-111.9792,43.2273],[-111.9576,43.2232],[-111.9476,43.2045],[-111.9492,43.171],[-111.985,43.1443],[-112.055,43.1244],[-112.115,43.0961],[-112.165,43.0595],[-112.21,43.0426],[-112.25,43.0454],[-112.2803,43.054],[-112.3009,43.0682],[-112.3128,43.0826],[-112.3161,43.0972],[-112.3108,43.118]]]}},{"type":"Feature","properties":{"c":"#800026","v0":75.0,"v1":90.0},"geometry":{"type":"Polygon","coordinates":[[[-103.4384,42.4254],[-103.4214,42.4475],[-103.3877,42.4623],[-103.3372,42.4696],[-103.3014,42.4905],[-103.2805,42.5247],[-103.225,42.552],[-103.135,42.5724],[-103.0832,42.6068],[-103.0696,42.6553],[-103.039,42.6979],[-102.9912,42.7346],[-102.943,42.7571],[-102.8943,42.7653],[-102.855,42.7595],[-102.825,42.7398],[-102.8006,42.71],[-102.7819,42.6701],[-102.7807,42.6354],[-102.7969,42.606],[-102.8213,42.5838],[-102.8538,42.5688],[-102.905,42.5585],[-102.975,42.553],[-103.025,42.5318],[-103.055,42.4949],[-103.094,42.4609],[-103.1419,42.4298],[-103.1886,42.4106],[-103.2339,42.4032],[-103.275,42.3813],[-103.3117,42.345],[-103.3473,42.3302],[-103.382,42.337],[-103.4112,42.3589],[-103.435,42.3958],[-103.4384,42.4254]],[[-103.0432,42.6025],[-103.0344,42.6546],[-103.005,42.6966],[-102.955,42.7287],[-102.9104,42.7432],[-102.8713,42.7399],[-102.84,42.72],[-102.8164,42.6832],[-102.8097,42.6501],[-102.8199,42.6207],[-102.8439,42.5986],[-102.8818,42.5839],[-102.9374,42.5765],[-103.0108,42.5765],[-103.0432,42.6025]],[[-103.41,42.4206],[-103.3967,42.4332],[-103.365,42.4437],[-103.315,42.4519],[-103.28,42.473],[-103.26,42.5069],[-103.203,42.5296],[-103.109,42.5412],[-103.069,42.5332],[-103.083,42.5055],[-103.11,42.4785],[-103.15,42.452],[-103.195,42.4341],[-103.245,42.4246],[-103.285,42.4031],[-103.315,42.3696],[-103.3423,42.3535],[-103.367,42.3546],[-103.3887,42.37],[-103.4073,42.3995],[-103.41,42.4206]]]}},{"type":"Feature","properties":{"c":"#800026","v0":75.0,"v1":90.0},"geometry":{"type":"Polygon","coordinates":[[[-110.7467,42.4222],[-110.7356,42.4381],[-110.7147,42.4454],[-110.6841,42.4444],[-110.6694,42.4364],[-110.6707,42.4217],[-110.6916,42.4143],[-110.732,42.4143],[-110.7467,42.4222]]]}},{"type":"Feature","properties":{"c":"#800026","v0":75.0,"v1":90.0},"geometry":{"type":"Polygon","coordinates":[[[-110.9693,42.4073],[-110.9564,42.4228],[-110.925,42.4217],[-110.875,42.4039],[-110.855,42.3779],[-110.865,42.3437],[-110.88,42.3262],[-110.9,42.3255],[-110.9264,42.3438],[-110.9593,42.3809],[-110.9693,42.4073]]]}},{"type":"Feature","properties":{"c":"#800026","v0":75.0,"v1":90.0},"geometry":{"type":"Polygon","coordinates":[[[-105.3824,42.3918],[-105.3741,42.406],[-105.36,42.4155],[-105.34,42.4205],[-105.2843,42.4171],[-105.193,42.4054],[-105.1424,42.3921],[-105.1326,42.3774],[-105.1316,42.3478],[-105.1395,42.3034],[-105.1128,42.2701],[-105.0514,42.2479],[-105.0135,42.2183],[-104.9991,42.1813],[-105.0014,42.158],[-105.0205,42.1485],[-105.06,42.1506],[-105.12,42.1642],[-105.1557,42.1838],[-105.167,42.2093],[-105.1695,42.2368],[-105.1631,42.2664],[-105.2076,42.296],[-105.3032,42.3256],[-105.3598,42.3515],[-105.3776,42.3737],[-105.3824,42.3918]],[[-105.3491,42.389],[-105.3364,42.3975],[-105.2941,42.3975],[-105.2224,42.389],[-105.1796,42.3774],[-105.1657,42.3626],[-105.1616,42.3486],[-105.1672,42.3355],[-105.1788,42.3281],[-105.1965,42.3264],[-105.2365,42.3333],[-105.2988,42.3486],[-105.3364,42.3634],[-105.3491,42.3776],[-105.3491,42.389]],[[-105.1401,42.2267],[-105.1334,42.236],[-105.11,42.2374],[-105.07,42.2308],[-105.0422,42.215],[-105.0267,42.1901],[-105.0417,42.1778],[-105.0872,42.1783],[-105.1184,42.1894],[-105.1351,42.2111],[-105.1401,42.2267]]]}},{"type":"Feature","properties":{"c":"#800026","v0":75.0,"v1":90.0},"geometry":{"type":"Polygon","coordinates":[[[-90.3552,42.2331],[-90.3281,42.2553],[-90.2822,42.2738],[-90.2177,42.2886],[-90.1516,42.2987],[-90.0839,42.3041],[-90.0399,42.3041],[-90.0196,42.2987],[-90.0038,42.2886],[-89.9925,42.2738],[-89.9927,42.2484],[-90.0042,42.2122],[-90.035,42.1915],[-90.085,42.1864],[-90.14,42.1705],[-90.2,42.1439],[-90.2566,42.1312],[-90.3099,42.1325],[-90.3445,42.1553],[-90.3607,42.1998],[-90.3552,42.2331]],[[-90.326,42.2294],[-90.3041,42.2442],[-90.2542,42.259],[-90.1761,42.2738],[-90.1107,42.2812],[-90.058,42.2812],[-90.0268,42.2738],[-90.0171,42.259],[-90.0167,42.2419],[-90.0256,42.2225],[-90.055,42.2097],[-90.105,42.2035],[-90.16,42.1875],[-90.22,42.1617],[-90.265,42.1487],[-90.295,42.1485],[-90.3167,42.1668],[-90.3302,42.2036],[-90.326,42.2294]]]}},{"type":"Feature","properties":{"c":"#800026","v0":75.0,"v1":90.0},"geometry":{"type":"Polygon","coordinates":[[[-110.2875,42.0626],[-110.2749,42.159],[-110.259,42.2211],[-110.2397,42.2487],[-110.215,42.267],[-110.185,42.2759],[-110.1608,42.2731],[-110.1425,42.2588],[-110.1272,42.2331],[-110.1149,42.1961],[-110.1196,42.1368],[-110.1412,42.0552],[-110.1591,42.0069],[-110.1733,41.992],[-110.1928,41.9817],[-110.2176,41.976],[-110.2434,41.976],[-110.2702,41.9817],[-110.2862,41.992],[-110.2913,42.0069],[-110.2875,42.0626]],[[-110.2423,42.0711],[-110.2341,42.155],[-110.22,42.2083],[-110.2,42.2312],[-110.185,42.241],[-110.175,42.2375],[-110.165,42.2134],[-110.155,42.1686],[-110.16,42.1166],[-110.18,42.0574],[-110.2,42.0234],[-110.22,42.0144],[-110.2341,42.0147],[-110.2423,42.0244],[-110.2423,42.0711]]]}},{"type":"Feature","properties":{"c":"#800026","v0":75.0,"v1":90.0},"geometry":{"type":"Polygon","coordinates":[[[-109.9957,42.1232],[-109.9919,42.1331],[-109.9819,42.1368],[-109.9656,42.1343],[-109.9556,42.122],[-109.9518,42.0997],[-109.9549,42.0849],[-109.9648,42.0774],[-109.9768,42.0849],[-109.9907,42.1071],[-109.9957,42.1232]]]}},{"type":"Feature","properties":{"c":"#800026","v0":75.0,"v1":90.0},"geometry":{"type":"Polygon","coordinates":[[[-91.0917,42.0143],[-91.074,42.044],[-91.0314,42.0644],[-90.9638,42.0753],[-90.92,42.096],[-90.9,42.1265],[-90.8711,42.1396],[-90.8333,42.1353],[-90.7994,42.1183],[-90.7693,42.0886],[-90.7562,42.0589],[-90.7601,42.0292],[-90.769,42.0086],[-90.783,41.9972],[-90.82,41.9903],[-90.88,41.988],[-90.945,41.9786],[-91.015,41.9622],[-91.06,41.9577],[-91.08,41.965],[-91.0926,41.9764],[-91.0979,41.9918],[-91.0917,42.0143]]]}},{"type":"Feature","properties":{"c":"#800026","v0":75.0,"v1":90.0},"geometry":{"type":"Polygon","coordinates":[[[-89.1325,41.5594],[-89.1293,41.5744],[-89.1183,41.586],[-89.0994,41.5942],[-89.0468,41.583],[-88.9605,41.5523],[-88.8955,41.5145],[-88.8517,41.4696],[-88.8329,41.4246],[-88.839,41.3796],[-88.859,41.3511],[-88.893,41.3392],[-88.9283,41.3392],[-88.9648,41.3511],[-89.011,41.3834],[-89.067,41.4359],[-89.1047,41.4846],[-89.1243,41.5295],[-89.1325,41.5594]],[[-89.0979,41.5573],[-89.0793,41.5679],[-89.035,41.5594],[-88.965,41.5318],[-88.9111,41.4965],[-88.8734,41.4536],[-88.8584,41.4157],[-88.8661,41.3829],[-88.885,41.3638],[-88.915,41.3583],[-88.9439,41.3635],[-88.9717,41.3792],[-89.0117,41.4146],[-89.0639,41.4696],[-89.0943,41.5108],[-89.1029,41.5383],[-89.0979,41.5573]]]}},{"type":"Feature","properties":{"c":"#800026","v0":75.0,"v1":90.0},"geometry":{"type":"Polygon","coordinates":[[[-112.118,40.9715],[-112.0993,40.9833],[-112.075,40.9876],[-112.045,40.9846],[-111.9802,40.956],[-111.8807,40.9019],[-111.8251,40.856],[-111.8134,40.8181],[-111.8232,40.7773],[-111.8544,40.7333],[-111.885,40.7101],[-111.915,40.7077],[-111.94,40.7133],[-111.96,40.7269],[-112.0093,40.7917],[-112.088,40.9077],[-112.118,40.9715]]]}},{"type":"Feature","properties":{"c":"#800026","v0":75.0,"v1":90.0},"geometry":{"type":"Polygon","coordinates":[[[-111.6346,40.9127],[-111.6086,40.9278],[-111.5642,40.9409],[-111.5014,40.952],[-111.455,40.9446],[-111.425,40.9187],[-111.3914,40.898],[-111.3541,40.8826],[-111.3343,40.8673],[-111.3322,40.8522],[-111.3609,40.8168],[-111.4203,40.7612],[-111.495,40.7258],[-111.585,40.7107],[-111.6342,40.7082],[-111.6425,40.7184],[-111.6387,40.75],[-111.6229,40.803],[-111.6231,40.8484],[-111.6394,40.8862],[-111.6346,40.9127]],[[-111.5988,40.8943],[-111.5929,40.9028],[-111.565,40.9126],[-111.515,40.9238],[-111.46,40.9123],[-111.4,40.8781],[-111.37,40.8553],[-111.37,40.8441],[-111.395,40.8173],[-111.445,40.7749],[-111.5,40.7527],[-111.56,40.7506],[-111.5873,40.7696],[-111.5818,40.8095],[-111.5848,40.8446],[-111.596,40.8749],[-111.5988,40.8943]]]}},{"type":"Feature","properties":{"c":"#800026","v0":75.0,"v1":90.0},"geometry":{"type":"Polygon","coordinates":[[[-113.5513,40.0646],[-113.5272,40.0876],[-113.4888,40.1067],[-113.4363,40.1219],[-113.3654,40.1104],[-113.2762,40.0722],[-113.222,40.0225],[-113.2029,39.9612],[-113.2076,39.9277],[-113.2359,39.9219],[-113.28,39.9257],[-113.34,39.9391],[-113.403,39.9458],[-113.4689,39.9459],[-113.5115,39.9536],[-113.5308,39.9689],[-113.5462,39.9957],[-113.5576,40.034],[-113.5513,40.0646]]]}},{"type":"Feature","properties":{"c":"#800026","v0":75.0,"v1":90.0},"geometry":{"type":"Polygon","coordinates":[[[-84.2833,40.0608],[-84.2706,40.0761],[-84.2257,40.0955],[-84.1486,40.1189],[-84.095,40.1217],[-84.065,40.1038],[-84.015,40.0888],[-83.945,40.0769],[-83.9045,40.0626],[-83.8935,40.0461],[-83.8935,40.0279],[-83.9045,40.0079],[-83.9266,39.9888],[-83.9597,39.9704],[-84.0147,39.9552],[-84.0916,39.9432],[-84.145,39.9519],[-84.175,39.9812],[-84.21,40.0012],[-84.25,40.0118],[-84.2749,40.0261],[-84.2847,40.0441],[-84.2833,40.0608]],[[-84.2204,40.0654],[-84.1468,40.09],[-84.095,40.0946],[-84.065,40.0792],[-84.02,40.0674],[-83.96,40.0591],[-83.9271,40.0507],[-83.9213,40.0421],[-83.9228,40.0302],[-83.9316,40.0149],[-83.951,39.9995],[-83.9809,39.9842],[-84.0244,39.9724],[-84.0815,39.9642],[-84.125,39.9734],[-84.155,39.9999],[-84.19,40.0187],[-84.23,40.0296],[-84.2518,40.0395],[-84.2554,40.0486],[-84.2204,40.0654]]]}},{"type":"Feature","properties":{"c":"#800026","v0":75.0,"v1":90.0},"geometry":{"type":"Polygon","coordinates":[[[-116.0475,39.9076],[-116.0354,39.9536],[-116.0196,39.9837],[-115.9999,39.9981],[-115.98,40.002],[-115.96,39.9954],[-115.94,39.9757],[-115.92,39.9427],[-115.8809,39.9234],[-115.8227,39.918],[-115.7883,39.8692],[-115.7777,39.777],[-115.7874,39.727],[-115.8173,39.7193],[-115.8467,39.7371],[-115.8756,39.7802],[-115.92,39.8017],[-115.98,39.8017],[-116.0197,39.8109],[-116.0391,39.8293],[-116.05,39.85],[-116.0523,39.873],[-116.0475,39.9076]],[[-116.0145,39.907],[-115.9982,39.952],[-115.975,39.9574],[-115.945,39.9231],[-115.905,39.9027],[-115.855,39.8961],[-115.8239,39.8562],[-115.8116,39.7829],[-115.8266,39.7673],[-115.8689,39.8094],[-115.9163,39.8286],[-115.969,39.8249],[-116.0022,39.8385],[-116.0158,39.8692],[-116.0145,39.907]]]}},{"type":"Feature","properties":{"c":"#800026","v0":75.0,"v1":90.0},"geometry":{"type":"Polygon","coordinates":[[[-115.2023,39.8361],[-115.1808,39.862],[-115.155,39.8669],[-115.125,39.851],[-115.09,39.8418],[-115.05,39.8394],[-115.0263,39.8267],[-115.019,39.8038],[-115.0215,39.7847],[-115.0337,39.7693],[-115.0523,39.7589],[-115.0774,39.7535],[-115.105,39.7646],[-115.135,39.7921],[-115.1658,39.8102],[-115.1973,39.8188],[-115.2023,39.8361]]]}},{"type":"Feature","properties":{"c":"#800026","v0":75.0,"v1":90.0},"geometry":{"type":"Polygon","coordinates":[[[-115.3716,39.6108],[-115.3439,39.6785],[-115.32,39.7258],[-115.3,39.7528],[-115.2818,39.769],[-115.2653,39.7743],[-115.2587,39.754],[-115.2622,39.7078],[-115.2904,39.6568],[-115.3435,39.6009],[-115.3739,39.5739],[-115.3816,39.5759],[-115.3716,39.6108]]]}},{"type":"Feature","properties":{"c":"#800026","v0":75.0,"v1":90.0},"geometry":{"type":"Polygon","coordinates":[[[-114.5675,39.3955],[-114.514,39.4341],[-114.4879,39.4956],[-114.4893,39.5799],[-114.4801,39.6377],[-114.4604,39.6691],[-114.4354,39.6964],[-114.4051,39.7196],[-114.365,39.7376],[-114.315,39.7503],[-114.28,39.7394],[-114.26,39.705],[-114.2631,39.664],[-114.2892,39.6162],[-114.3079,39.5576],[-114.3191,39.4882],[-114.361,39.448],[-114.4337,39.437],[-114.48,39.4053],[-114.5,39.3528],[-114.525,39.331],[-114.555,39.34],[-114.5761,39.3524],[-114.5882,39.3683],[-114.5675,39.3955]]]}},{"type":"Feature","properties":{"c":"#800026","v0":75.0,"v1":90.0},"geometry":{"type":"Polygon","coordinates":[[[-104.9007,39.5064],[-104.8802,39.5197],[-104.8437,39.5274],[-104.7911,39.5296],[-104.7562,39.5615],[-104.7391,39.6231],[-104.7154,39.6624],[-104.6851,39.6792],[-104.6588,39.6869],[-104.6363,39.6855],[-104.6188,39.6655],[-104.6061,39.627],[-104.5789,39.5923],[-104.5371,39.5615],[-104.5196,39.5387],[-104.5265,39.5241],[-104.5524,39.5049],[-104.5973,39.4809],[-104.6189,39.4496],[-104.6174,39.411],[-104.625,39.3832],[-104.6417,39.3664],[-104.705,39.3773],[-104.815,39.4159],[-104.8802,39.4513],[-104.9007,39.4836],[-104.9007,39.5064]]]}},{"type":"Feature","properties":{"c":"#800026","v0":75.0,"v1":90.0},"geometry":{"type":"Polygon","coordinates":[[[-114.2792,39.3232],[-114.2731,39.341],[-114.265,39.3371],[-114.255,39.3116],[-114.255,39.2976],[-114.265,39.2951],[-114.2731,39.299],[-114.2792,39.3092],[-114.2792,39.3232]]]}},{"type":"Feature","properties":{"c":"#800026","v0":75.0,"v1":90.0},"geometry":{"type":"Polygon","coordinates":[[[-116.0707,39.1431],[-116.0302,39.1727],[-115.97,39.1823],[-115.89,39.1718],[-115.8292,39.1803],[-115.7877,39.2077],[-115.7418,39.2291],[-115.6917,39.2446],[-115.6674,39.2446],[-115.669,39.2291],[-115.6864,39.2059],[-115.7197,39.1749],[-115.7576,39.1245],[-115.8002,39.0546],[-115.8131,38.9925],[-115.7962,38.938],[-115.7927,38.8913],[-115.8025,38.8524],[-115.853,38.8325],[-115.9443,38.8317],[-116.0013,38.8356],[-116.024,38.8442],[-116.0493,38.9186],[-116.0771,39.0585],[-116.0707,39.1431]]]}},{"type":"Feature","properties":{"c":"#800026","v0":75.0,"v1":90.0},"geometry":{"type":"Polygon","coordinates":[[[-114.4412,39.2268],[-114.4337,39.2377],[-114.4221,39.2377],[-114.4063,39.2268],[-114.4013,39.2101],[-114.4071,39.1876],[-114.415,39.1761],[-114.425,39.1755],[-114.4337,39.1867],[-114.4412,39.2098],[-114.4412,39.2268]]]}},{"type":"Feature","properties":{"c":"#800026","v0":75.0,"v1":90.0},"geometry":{"type":"Polygon","coordinates":[[[-102.9259,38.9691],[-102.8789,38.9925],[-102.8391,39.0222],[-102.8064,39.0583],[-102.78,39.0774],[-102.76,39.0794],[-102.7375,39.073],[-102.7126,39.0582],[-102.6998,39.0158],[-102.6991,38.9458],[-102.7087,38.903],[-102.7286,38.8875],[-102.7764,38.8804],[-102.8521,38.8819],[-102.9048,38.9013],[-102.9345,38.9388],[-102.9259,38.9691]]]}},{"type":"Feature","properties":{"c":"#800026","v0":75.0,"v1":90.0},"geometry":{"type":"Polygon","coordinates":[[[-114.3664,38.9711],[-114.3555,38.9984],[-114.34,39.0154],[-114.32,39.0221],[-114.31,39.0025],[-114.31,38.9565],[-114.32,38.9339],[-114.34,38.9345],[-114.3555,38.9405],[-114.3664,38.9518],[-114.3664,38.9711]]]}},{"type":"Feature","properties":{"c":"#800026","v0":75.0,"v1":90.0},"geometry":{"type":"Polygon","coordinates":[[[-114.2999,38.634],[-114.2742,38.7043],[-114.2725,38.7628],[-114.2946,38.8096],[-114.3017,38.8503],[-114.2939,38.8849],[-114.285,38.9026],[-114.275,38.9033],[-114.252,38.8976],[-114.2159,38.8857],[-114.1874,38.8485],[-114.1663,38.7862],[-114.1461,38.7433],[-114.127,38.7199],[-114.1306,38.6887],[-114.1571,38.6496],[-114.1773,38.6028],[-114.1912,38.548],[-114.172,38.5011],[-114.1197,38.4619],[-114.1026,38.429],[-114.1209,38.4022],[-114.1433,38.3905],[-114.1698,38.3937],[-114.2098,38.4263],[-114.2633,38.4882],[-114.2957,38.5391],[-114.307,38.5789],[-114.2999,38.634]],[[-114.2716,38.634],[-114.2461,38.7043],[-114.2437,38.7628],[-114.2646,38.8096],[-114.2688,38.8439],[-114.2563,38.8659],[-114.24,38.8706],[-114.22,38.8579],[-114.2041,38.8275],[-114.1922,38.7792],[-114.1771,38.7433],[-114.1587,38.7199],[-114.1625,38.6887],[-114.1885,38.6496],[-114.2086,38.5975],[-114.2229,38.5321],[-114.24,38.5098],[-114.26,38.5306],[-114.2736,38.5555],[-114.2808,38.5844],[-114.2716,38.634]],[[-114.1771,38.4563],[-114.1457,38.4528],[-114.13,38.4438],[-114.13,38.4294],[-114.14,38.4216],[-114.16,38.4204],[-114.1757,38.4293],[-114.1871,38.4485],[-114.1771,38.4563]]]}},{"type":"Feature","properties":{"c":"#800026","v0":75.0,"v1":90.0},"geometry":{"type":"Polygon","coordinates":[[[-94.499,38.566],[-94.4663,38.6254],[-94.435,38.6646],[-94.405,38.6838],[-94.367,38.6892],[-94.3209,38.6811],[-94.2807,38.6535],[-94.2462,38.6067],[-94.2348,38.5676],[-94.2463,38.5363],[-94.2766,38.5075],[-94.3255,38.4813],[-94.38,38.4715],[-94.44,38.4779],[-94.4797,38.4871],[-94.499,38.499],[-94.5103,38.5128],[-94.5136,38.5285],[-94.499,38.566]],[[-94.4739,38.5622],[-94.4446,38.6139],[-94.42,38.6472],[-94.4,38.662],[-94.3716,38.6673],[-94.3349,38.6633],[-94.3049,38.6483],[-94.2816,38.6222],[-94.27,38.5911],[-94.27,38.5549],[-94.2899,38.5249],[-94.3296,38.5012],[-94.3746,38.4915],[-94.4249,38.4959],[-94.4596,38.5077],[-94.4789,38.5267],[-94.4739,38.5622]]]}},{"type":"Feature","properties":{"c":"#800026","v0":75.0,"v1":90.0},"geometry":{"type":"Polygon","coordinates":[[[-114.0845,38.2744],[-114.0748,38.2835],[-114.0649,38.2835],[-114.0548,38.2744],[-114.0548,38.2644],[-114.0649,38.2537],[-114.0748,38.2537],[-114.0845,38.2644],[-114.0845,38.2744]]]}},{"type":"Feature","properties":{"c":"#800026","v0":75.0,"v1":90.0},"geometry":{"type":"Polygon","coordinates":[[[-108.7399,37.5244],[-108.72,37.5488],[-108.67,37.5715],[-108.59,37.5925],[-108.5432,37.5803],[-108.5296,37.5349],[-108.4896,37.5043],[-108.4232,37.4885],[-108.3755,37.4528],[-108.3466,37.3971],[-108.3347,37.3573],[-108.3398,37.3335],[-108.3503,37.3176],[-108.3662,37.3096],[-108.3882,37.3076],[-108.4161,37.3114],[-108.45,37.3393],[-108.49,37.3911],[-108.56,37.4289],[-108.66,37.4529],[-108.72,37.4767],[-108.7399,37.5004],[-108.7399,37.5244]],[[-108.4741,37.4504],[-108.4447,37.4537],[-108.425,37.4503],[-108.415,37.44],[-108.4016,37.4184],[-108.3847,37.3856],[-108.3797,37.362],[-108.3866,37.3474],[-108.4147,37.3673],[-108.4641,37.4216],[-108.4741,37.4504]],[[-108.6916,37.5201],[-108.6678,37.536],[-108.6394,37.5467],[-108.6065,37.5523],[-108.58,37.5335],[-108.56,37.4905],[-108.5884,37.4797],[-108.6651,37.5013],[-108.6916,37.5201]]]}},{"type":"Feature","properties":{"c":"#800026","v0":75.0,"v1":90.0},"geometry":{"type":"Polygon","coordinates":[[[-82.1952,36.8908],[-82.1586,36.9228],[-82.0977,36.9479],[-82.0126,36.9659],[-81.94,36.9756],[-81.88,36.977],[-81.8398,36.972],[-81.8193,36.9605],[-81.8159,36.9468],[-81.8294,36.9308],[-81.8846,36.9157],[-81.9815,36.9015],[-82.06,36.8844],[-82.12,36.8646],[-82.1644,36.8557],[-82.1933,36.8578],[-82.2092,36.8628],[-82.2121,36.8708],[-82.1952,36.8908]]]}},{"type":"Feature","properties":{"c":"#800026","v0":75.0,"v1":90.0},"geometry":{"type":"Polygon","coordinates":[[[-106.3897,36.8308],[-106.3353,36.8708],[-106.2885,36.8654],[-106.2495,36.8146],[-106.225,36.76],[-106.215,36.7017],[-106.25,36.6911],[-106.3299,36.7282],[-106.3816,36.7628],[-106.4052,36.7948],[-106.3897,36.8308]]]}},{"type":"Feature","properties":{"c":"#800026","v0":75.0,"v1":90.0},"geometry":{"type":"Polygon","coordinates":[[[-82.4249,36.8031],[-82.4016,36.8196],[-82.38,36.8287],[-82.36,36.8302],[-82.3451,36.8259],[-82.3354,36.8159],[-82.3404,36.7909],[-82.3601,36.751],[-82.38,36.7358],[-82.4,36.7454],[-82.4166,36.7613],[-82.4299,36.7836],[-82.4249,36.8031]]]}},{"type":"Feature","properties":{"c":"#800026","v0":75.0,"v1":90.0},"geometry":{"type":"Polygon","coordinates":[[[-107.5839,36.5798],[-107.5746,36.5991],[-107.5536,36.6191],[-107.5207,36.64],[-107.4989,36.6746],[-107.4884,36.7227],[-107.4662,36.7587],[-107.4325,36.7828],[-107.4042,36.7963],[-107.3814,36.7994],[-107.3457,36.7834],[-107.297,36.7483],[-107.277,36.7124],[-107.2857,36.6759],[-107.33,36.6301],[-107.41,36.575],[-107.475,36.5447],[-107.525,36.5391],[-107.5596,36.5448],[-107.5789,36.5617],[-107.5839,36.5798]],[[-107.5341,36.5863],[-107.4966,36.6184],[-107.4726,36.6585],[-107.462,36.7066],[-107.4473,36.7387],[-107.4284,36.7547],[-107.4117,36.7652],[-107.3972,36.7701],[-107.37,36.762],[-107.33,36.7408],[-107.309,36.7183],[-107.3069,36.6945],[-107.3247,36.6665],[-107.3623,36.6345],[-107.4033,36.6055],[-107.4478,36.5797],[-107.4907,36.5677],[-107.5322,36.5694],[-107.5341,36.5863]]]}},{"type":"Feature","properties":{"c":"#800026","v0":75.0,"v1":90.0},"geometry":{"type":"Polygon","coordinates":[[[-109.9664,36.4323],[-109.9421,36.4782],[-109.915,36.4965],[-109.885,36.4875],[-109.8597,36.4645],[-109.8391,36.4278],[-109.8391,36.4052],[-109.8597,36.3968],[-109.8971,36.3968],[-109.9514,36.4052],[-109.9664,36.4323]]]}},{"type":"Feature","properties":{"c":"#800026","v0":75.0,"v1":90.0},"geometry":{"type":"Polygon","coordinates":[[[-78.7694,36.2458],[-78.7565,36.2732],[-78.735,36.2992],[-78.705,36.324],[-78.655,36.3444],[-78.585,36.3604],[-78.505,36.3948],[-78.415,36.4474],[-78.3543,36.4697],[-78.3228,36.4617],[-78.3039,36.4497],[-78.2978,36.4336],[-78.3003,36.4175],[-78.3112,36.4014],[-78.3651,36.363],[-78.4617,36.3022],[-78.545,36.2651],[-78.615,36.2517],[-78.675,36.2329],[-78.725,36.2087],[-78.7565,36.2055],[-78.7694,36.2233],[-78.7694,36.2458]],[[-78.7256,36.2644],[-78.6981,36.2967],[-78.6507,36.3201],[-78.5836,36.3348],[-78.505,36.3686],[-78.415,36.4214],[-78.3596,36.4463],[-78.3389,36.4432],[-78.3398,36.4255],[-78.3623,36.3933],[-78.4077,36.3571],[-78.476,36.3168],[-78.5451,36.2897],[-78.615,36.2758],[-78.67,36.2597],[-78.71,36.2414],[-78.7323,36.2363],[-78.737,36.2443],[-78.7256,36.2644]]]}},{"type":"Feature","properties":{"c":"#800026","v0":75.0,"v1":90.0},"geometry":{"type":"Polygon","coordinates":[[[-110.134,36.2589],[-110.1047,36.3124],[-110.075,36.346],[-110.045,36.3596],[-110.02,36.3371],[-110.0,36.2785],[-109.9914,36.2369],[-109.9943,36.2122],[-110.0262,36.1999],[-110.0872,36.1999],[-110.1255,36.2079],[-110.1409,36.2241],[-110.134,36.2589]]]}},{"type":"Feature","properties":{"c":"#800026","v0":75.0,"v1":90.0},"geometry":{"type":"Polygon","coordinates":[[[-79.0512,35.6979],[-79.0489,35.7629],[-79.0286,35.8156],[-78.9904,35.8561],[-78.9763,35.9129],[-78.9865,35.9857],[-78.9862,36.0308],[-78.9754,36.0481],[-78.9575,36.0602],[-78.9326,36.0672],[-78.9076,36.0559],[-78.8825,36.0263],[-78.86,35.9738],[-78.84,35.8982],[-78.8589,35.8482],[-78.9168,35.8238],[-78.9568,35.7809],[-78.9789,35.7195],[-79.0,35.6797],[-79.02,35.6615],[-79.0356,35.6557],[-79.0468,35.6622],[-79.0512,35.6979]]]}},{"type":"Feature","properties":{"c":"#800026","v0":75.0,"v1":90.0},"geometry":{"type":"Polygon","coordinates":[[[-84.7803,35.6869],[-84.7734,35.6973],[-84.745,35.7104],[-84.695,35.7262],[-84.635,35.7367],[-84.565,35.7421],[-84.5226,35.7412],[-84.5079,35.734],[-84.4987,35.7101],[-84.4949,35.6695],[-84.5023,35.6369],[-84.5208,35.6125],[-84.555,35.5936],[-84.605,35.5804],[-84.6628,35.5926],[-84.7284,35.6303],[-84.7668,35.6573],[-84.7781,35.6736],[-84.7803,35.6869]]]}},{"type":"Feature","properties":{"c":"#800026","v0":75.0,"v1":90.0},"geometry":{"type":"Polygon","coordinates":[[[-82.5831,35.1764],[-82.5229,35.2091],[-82.4771,35.2465],[-82.4457,35.2886],[-82.405,35.3102],[-82.355,35.3113],[-82.3041,35.323],[-82.2523,35.345],[-82.2245,35.3398],[-82.2207,35.3071],[-82.247,35.2745],[-82.3033,35.2418],[-82.3461,35.1916],[-82.3754,35.1239],[-82.405,35.0906],[-82.435,35.0918],[-82.4908,35.1093],[-82.5724,35.1432],[-82.5831,35.1764]]]}},{"type":"Feature","properties":{"c":"#800026","v0":75.0,"v1":90.0},"geometry":{"type":"Polygon","coordinates":[[[-77.4057,35.156],[-77.3952,35.1806],[-77.355,35.2026],[-77.285,35.2219],[-77.2,35.2159],[-77.1,35.1844],[-77.035,35.1714],[-77.005,35.1771],[-76.965,35.1964],[-76.915,35.2292],[-76.875,35.2411],[-76.845,35.232],[-76.8247,35.2065],[-76.8142,35.1647],[-76.8216,35.0906],[-76.8469,34.9841],[-76.8522,34.9236],[-76.8374,34.9091],[-76.8099,34.9009],[-76.7698,34.899],[-76.7435,34.8857],[-76.731,34.8611],[-76.7306,34.8324],[-76.7423,34.7995],[-76.7786,34.7453],[-76.8395,34.6697],[-76.88,34.6301],[-76.9,34.6267],[-76.93,34.6424],[-76.97,34.6772],[-77.035,34.6802],[-77.125,34.6512],[-77.2,34.6486],[-77.26,34.6724],[-77.3,34.7069],[-77.32,34.752],[-77.3319,34.826],[-77.3356,34.9287],[-77.3558,35.021],[-77.3925,35.1028],[-77.4057,35.156]],[[-77.3611,35.1519],[-77.3438,35.1683],[-77.3088,35.181],[-77.2563,35.1901],[-77.18,35.179],[-77.08,35.1479],[-76.99,35.1513],[-76.91,35.1893],[-76.865,35.1915],[-76.855,35.1579],[-76.8638,35.0886],[-76.8913,34.9835],[-76.8963,34.9186],[-76.8788,34.894],[-76.845,34.8744],[-76.795,34.8597],[-76.7697,34.8474],[-76.7691,34.8374],[-76.7991,34.7944],[-76.8597,34.7183],[-76.915,34.6928],[-76.965,34.7181],[-77.03,34.7176],[-77.11,34.6911],[-77.175,34.6843],[-77.225,34.6972],[-77.26,34.7228],[-77.28,34.7613],[-77.291,34.8304],[-77.293,34.9302],[-77.313,35.021],[-77.3509,35.1028],[-77.3611,35.1519]]]}},{"type":"Feature","properties":{"c":"#800026","v0":75.0,"v1":90.0},"geometry":{"type":"Polygon","coordinates":[[[-107.5592,35.0586],[-107.5531,35.0848],[-107.54,35.1013],[-107.52,35.1081],[-107.51,35.1021],[-107.51,35.0833],[-107.52,35.0639],[-107.54,35.0438],[-107.5531,35.0367],[-107.5592,35.0426],[-107.5592,35.0586]]]}},{"type":"Feature","properties":{"c":"#800026","v0":75.0,"v1":90.0},"geometry":{"type":"Polygon","coordinates":[[[-107.6383,34.9559],[-107.6328,34.9733],[-107.62,34.9885],[-107.6,35.0013],[-107.5861,35.0049],[-107.5783,34.9992],[-107.577,34.9718],[-107.5823,34.9226],[-107.5962,34.902],[-107.6187,34.91],[-107.6328,34.9223],[-107.6383,34.9389],[-107.6383,34.9559]]]}},{"type":"Feature","properties":{"c":"#800026","v0":75.0,"v1":90.0},"geometry":{"type":"Polygon","coordinates":[[[-101.449,34.8306],[-101.4363,34.8599],[-101.425,34.873],[-101.415,34.8699],[-101.415,34.8561],[-101.425,34.8318],[-101.435,34.8146],[-101.445,34.8045],[-101.4513,34.8036],[-101.454,34.8119],[-101.449,34.8306]]]}},{"type":"Feature","properties":{"c":"#800026","v0":75.0,"v1":90.0},"geometry":{"type":"Polygon","coordinates":[[[-107.5631,34.8213],[-107.5544,34.8319],[-107.5062,34.8155],[-107.4186,34.772],[-107.3686,34.742],[-107.3561,34.7256],[-107.3555,34.7051],[-107.3669,34.6804],[-107.3978,34.6598],[-107.4481,34.6434],[-107.4969,34.6804],[-107.5439,34.7708],[-107.5631,34.8213]]]}},{"type":"Feature","properties":{"c":"#800026","v0":75.0,"v1":90.0},"geometry":{"type":"Polygon","coordinates":[[[-101.354,34.5899],[-101.3524,34.5981],[-101.3362,34.6036],[-101.3054,34.6063],[-101.2839,34.598],[-101.2718,34.5789],[-101.288,34.5734],[-101.3325,34.5816],[-101.354,34.5899]]]}},{"type":"Feature","properties":{"c":"#800026","v0":75.0,"v1":90.0},"geometry":{"type":"Polygon","coordinates":[[[-79.1216,34.5589],[-79.1139,34.5711],[-79.1,34.5785],[-79.08,34.5811],[-79.05,34.579],[-79.01,34.5721],[-78.9771,34.5606],[-78.9514,34.5444],[-78.9457,34.4993],[-78.9599,34.425],[-78.962,34.3797],[-78.9518,34.3632],[-78.9291,34.3466],[-78.8941,34.3301],[-78.8799,34.3076],[-78.8866,34.2789],[-78.9,34.2654],[-78.92,34.2669],[-78.94,34.2807],[-78.96,34.3067],[-78.9884,34.3285],[-79.0251,34.3461],[-79.0376,34.3797],[-79.026,34.4292],[-79.0465,34.4786],[-79.0991,34.5281],[-79.1216,34.5589]]]}},{"type":"Feature","properties":{"c":"#800026","v0":75.0,"v1":90.0},"geometry":{"type":"Polygon","coordinates":[[[-76.8962,34.454],[-76.8387,34.487],[-76.7935,34.5035],[-76.7605,34.5034],[-76.7346,34.458],[-76.7159,34.3673],[-76.7129,34.293],[-76.7258,34.2351],[-76.7467,34.2028],[-76.7756,34.1962],[-76.815,34.2156],[-76.865,34.261],[-76.8987,34.3222],[-76.9162,34.399],[-76.8962,34.454]],[[-76.8657,34.436],[-76.8152,34.4661],[-76.7828,34.4784],[-76.7683,34.4731],[-76.7551,34.4292],[-76.743,34.3466],[-76.7428,34.2847],[-76.7544,34.2434],[-76.7677,34.2229],[-76.7826,34.2233],[-76.81,34.2435],[-76.85,34.2836],[-76.8752,34.333],[-76.8857,34.3916],[-76.8657,34.436]]]}},{"type":"Feature","properties":{"c":"#800026","v0":75.0,"v1":90.0},"geometry":{"type":"Polygon","coordinates":[[[-107.2931,34.3112],[-107.251,34.3889],[-107.205,34.4302],[-107.155,34.4351],[-107.115,34.4283],[-107.085,34.4099],[-107.0632,34.3851],[-107.0496,34.354],[-107.0452,34.3219],[-107.0499,34.2888],[-107.0767,34.2651],[-107.1256,34.2508],[-107.165,34.2252],[-107.195,34.1885],[-107.225,34.1715],[-107.255,34.1745],[-107.281,34.2001],[-107.3031,34.2482],[-107.2931,34.3112]],[[-107.27,34.3053],[-107.2345,34.3714],[-107.2001,34.4073],[-107.1667,34.4131],[-107.135,34.4079],[-107.105,34.3919],[-107.0871,34.3602],[-107.0812,34.3126],[-107.1012,34.2822],[-107.1471,34.2689],[-107.185,34.2441],[-107.215,34.2077],[-107.24,34.1959],[-107.26,34.2087],[-107.2744,34.2294],[-107.2833,34.258],[-107.27,34.3053]]]}},{"type":"Feature","properties":{"c":"#800026","v0":75.0,"v1":90.0},"geometry":{"type":"Polygon","coordinates":[[[-77.34,34.2516],[-77.322,34.2764],[-77.3025,34.2847],[-77.2814,34.2764],[-77.2757,34.2542],[-77.2852,34.2181],[-77.3,34.2003],[-77.32,34.2007],[-77.3347,34.2105],[-77.3442,34.2297],[-77.34,34.2516]]]}},{"type":"Feature","properties":{"c":"#800026","v0":75.0,"v1":90.0},"geometry":{"type":"Polygon","coordinates":[[[-77.1313,34.1072],[-77.0638,34.1078],[-77.02,34.1028],[-77.0,34.0923],[-76.9767,34.0671],[-76.95,34.0273],[-76.945,33.9862],[-76.9617,33.9436],[-76.98,33.9194],[-77.0,33.9135],[-77.02,33.9159],[-77.04,33.9266],[-77.0788,33.9757],[-77.1363,34.0632],[-77.1313,34.1072]],[[-77.0751,34.0751],[-77.045,34.0779],[-77.0182,34.0696],[-76.9947,34.0502],[-76.9794,34.0281],[-76.9722,34.0033],[-76.974,33.9793],[-76.9847,33.9562],[-76.9961,33.9437],[-77.0082,33.942],[-77.0232,33.9489],[-77.0411,33.9647],[-77.06,33.9978],[-77.0801,34.0484],[-77.0751,34.0751]]]}},{"type":"Feature","properties":{"c":"#800026","v0":75.0,"v1":90.0},"geometry":{"type":"Polygon","coordinates":[[[-80.2267,33.6533],[-80.2156,33.6761],[-80.19,33.6866],[-80.15,33.6848],[-80.1198,33.69],[-80.0995,33.7023],[-80.0923,33.7334],[-80.098,33.7833],[-80.094,33.8207],[-80.0802,33.8456],[-80.0374,33.8847],[-79.9658,33.9378],[-79.91,33.9651],[-79.87,33.9666],[-79.8453,33.9442],[-79.8359,33.8978],[-79.8608,33.8539],[-79.9203,33.8124],[-79.9396,33.7708],[-79.9189,33.7292],[-79.9088,33.696],[-79.9093,33.671],[-79.9347,33.6168],[-79.9849,33.5333],[-80.0288,33.4916],[-80.0663,33.4918],[-80.0942,33.5044],[-80.1125,33.5294],[-80.1395,33.5502],[-80.1752,33.5669],[-80.2029,33.5919],[-80.2225,33.6252],[-80.2267,33.6533]],[[-80.1969,33.6467],[-80.1923,33.6563],[-80.17,33.6608],[-80.13,33.6603],[-80.1,33.6652],[-80.08,33.6755],[-80.0656,33.6918],[-80.0568,33.714],[-80.0551,33.75],[-80.0607,33.7999],[-80.0269,33.8539],[-79.9538,33.912],[-79.9055,33.942],[-79.8818,33.9437],[-79.87,33.9258],[-79.87,33.8881],[-79.8976,33.854],[-79.9528,33.8235],[-79.9811,33.7957],[-79.9825,33.7708],[-79.9721,33.7376],[-79.9501,33.696],[-79.9618,33.6356],[-80.0073,33.5565],[-80.035,33.5157],[-80.045,33.5135],[-80.065,33.5264],[-80.095,33.5546],[-80.125,33.5744],[-80.155,33.5858],[-80.1773,33.6041],[-80.1919,33.6293],[-80.1969,33.6467]]]}},{"type":"Feature","properties":{"c":"#800026","v0":75.0,"v1":90.0},"geometry":{"type":"Polygon","coordinates":[[[-87.566,33.4824],[-87.5553,33.4967],[-87.545,33.5029],[-87.535,33.501],[-87.495,33.4829],[-87.425,33.4487],[-87.3634,33.4257],[-87.3102,33.4142],[-87.2742,33.3959],[-87.2554,33.3708],[-87.2691,33.3416],[-87.3154,33.3082],[-87.351,33.2915],[-87.376,33.2915],[-87.4228,33.3124],[-87.4912,33.3541],[-87.5369,33.4001],[-87.5599,33.4502],[-87.566,33.4824]]]}},{"type":"Feature","properties":{"c":"#800026","v0":75.0,"v1":90.0},"geometry":{"type":"Polygon","coordinates":[[[-81.7685,33.1869],[-81.7578,33.212],[-81.7118,33.2659],[-81.6306,33.3485],[-81.565,33.3786],[-81.515,33.3562],[-81.465,33.3449],[-81.415,33.3448],[-81.38,33.3393],[-81.36,33.3284],[-81.3499,33.3109],[-81.3497,33.2868],[-81.3673,33.2497],[-81.4028,33.1995],[-81.4279,33.145],[-81.4426,33.0864],[-81.4649,33.0443],[-81.495,33.0187],[-81.53,33.0032],[-81.57,32.9978],[-81.6029,33.0148],[-81.6287,33.0542],[-81.6717,33.0906],[-81.732,33.1241],[-81.7651,33.1492],[-81.771,33.166],[-81.7685,33.1869]]]}},{"type":"Feature","properties":{"c":"#800026","v0":75.0,"v1":90.0},"geometry":{"type":"Polygon","coordinates":[[[-86.9552,33.0655],[-86.9507,33.0822],[-86.9339,33.0976],[-86.9046,33.1115],[-86.83,33.1166],[-86.71,33.1127],[-86.6431,33.1308],[-86.6292,33.171],[-86.6333,33.212],[-86.6552,33.2538],[-86.6576,33.2747],[-86.6404,33.2747],[-86.6163,33.2592],[-86.5854,33.228],[-86.56,33.2126],[-86.54,33.2127],[-86.5212,33.2199],[-86.5036,33.2342],[-86.4886,33.2662],[-86.4762,33.3161],[-86.46,33.3399],[-86.44,33.3376],[-86.4179,33.2918],[-86.3936,33.2024],[-86.3836,33.1482],[-86.3879,33.1295],[-86.45,33.111],[-86.57,33.0927],[-86.6459,33.0686],[-86.6777,33.0386],[-86.7227,33.0165],[-86.7809,33.0025],[-86.835,32.9996],[-86.885,33.0079],[-86.9219,33.0233],[-86.9456,33.0458],[-86.9552,33.0655]]]}},{"type":"Feature","properties":{"c":"#800026","v0":75.0,"v1":90.0},"geometry":{"type":"Polygon","coordinates":[[[-81.0698,33.1032],[-81.0627,33.1283],[-81.047,33.1492],[-81.0227,33.166],[-80.9654,33.1848],[-80.8751,33.2058],[-80.8136,33.2267],[-80.7809,33.2476],[-80.7559,33.2579],[-80.7386,33.2578],[-80.7204,33.2494],[-80.7011,33.2329],[-80.7015,33.2078],[-80.7215,33.1744],[-80.7809,33.1325],[-80.8799,33.0822],[-80.9546,33.0532],[-81.0049,33.0454],[-81.0408,33.0538],[-81.0625,33.0783],[-81.0698,33.1032]],[[-81.0363,33.1049],[-81.0188,33.1334],[-80.96,33.1596],[-80.86,33.1836],[-80.795,33.2047],[-80.765,33.2228],[-80.7438,33.2301],[-80.7315,33.2264],[-80.7314,33.212],[-80.7434,33.1869],[-80.7945,33.1517],[-80.8848,33.1064],[-80.955,33.0801],[-81.005,33.0729],[-81.0338,33.0746],[-81.0413,33.0853],[-81.0363,33.1049]]]}},{"type":"Feature","properties":{"c":"#800026","v0":75.0,"v1":90.0},"geometry":{"type":"Polygon","coordinates":[[[-107.6487,32.7842],[-107.6328,32.8095],[-107.6002,32.8305],[-107.5511,32.8473],[-107.5203,32.8683],[-107.5079,32.8935],[-107.5048,32.9229],[-107.5111,32.9564],[-107.5332,32.9954],[-107.5711,33.0398],[-107.5904,33.0691],[-107.5911,33.0834],[-107.5661,33.0971],[-107.5154,33.1099],[-107.4657,33.1099],[-107.417,33.0971],[-107.3862,33.0738],[-107.3731,33.0403],[-107.4066,32.9732],[-107.4865,32.8725],[-107.5356,32.8011],[-107.5541,32.759],[-107.58,32.7335],[-107.6133,32.7244],[-107.6367,32.7328],[-107.65,32.7587],[-107.6487,32.7842]]]}},{"type":"Feature","properties":{"c":"#800026","v0":75.0,"v1":90.0},"geometry":{"type":"Polygon","coordinates":[[[-76.2979,32.7632],[-76.2672,32.8137],[-76.2561,32.8599],[-76.2644,32.9019],[-76.2589,32.932],[-76.2396,32.9503],[-76.215,32.9569],[-76.185,32.9517],[-76.155,32.9263],[-76.125,32.8808],[-76.1,32.8606],[-76.08,32.8657],[-76.045,32.9002],[-75.995,32.9638],[-75.96,32.9935],[-75.94,32.9892],[-75.915,32.971],[-75.8851,32.9389],[-75.8715,32.9103],[-75.8744,32.8851],[-75.8894,32.8555],[-75.9165,32.8216],[-75.965,32.8108],[-76.035,32.823],[-76.125,32.7963],[-76.235,32.7303],[-76.2958,32.7075],[-76.3074,32.7278],[-76.2979,32.7632]],[[-76.0219,32.8786],[-76.0006,32.9243],[-75.98,32.9521],[-75.96,32.9621],[-75.938,32.956],[-75.9141,32.9339],[-75.9041,32.9083],[-75.908,32.8792],[-75.92,32.8562],[-75.94,32.8394],[-75.9706,32.8372],[-76.0119,32.8495],[-76.0219,32.8786]],[[-76.2631,32.7716],[-76.2378,32.8053],[-76.2287,32.8431],[-76.2358,32.8851],[-76.2319,32.9145],[-76.2172,32.9313],[-76.191,32.9103],[-76.1533,32.8515],[-76.1431,32.8137],[-76.1603,32.7969],[-76.1957,32.78],[-76.249,32.7632],[-76.2631,32.7716]]]}},{"type":"Feature","properties":{"c":"#800026","v0":75.0,"v1":90.0},"geometry":{"type":"Polygon","coordinates":[[[-84.163,32.8515],[-84.1489,32.8767],[-84.1039,32.9064],[-84.028,32.9408],[-83.965,32.9436],[-83.915,32.9151],[-83.865,32.9101],[-83.815,32.9288],[-83.7784,32.9259],[-83.7553,32.9015],[-83.7492,32.8809],[-83.7601,32.8641],[-83.7917,32.8516],[-83.8439,32.8435],[-83.89,32.8266],[-83.93,32.8007],[-83.995,32.7885],[-84.085,32.79],[-84.14,32.8027],[-84.16,32.8268],[-84.163,32.8515]],[[-83.8391,32.8809],[-83.8267,32.8977],[-83.8114,32.9061],[-83.7932,32.9061],[-83.7855,32.8977],[-83.7885,32.8809],[-83.8038,32.8725],[-83.8315,32.8725],[-83.8391,32.8809]],[[-84.1349,32.8473],[-84.1269,32.8641],[-84.0897,32.8871],[-84.0232,32.9162],[-83.9685,32.912],[-83.9256,32.8745],[-83.9206,32.8443],[-83.9535,32.8216],[-84.005,32.8113],[-84.075,32.8135],[-84.1172,32.8206],[-84.1317,32.8328],[-84.1349,32.8473]]]}},{"type":"Feature","properties":{"c":"#800026","v0":75.0,"v1":90.0},"geometry":{"type":"Polygon","coordinates":[[[-81.9057,32.3122],[-81.8915,32.3375],[-81.8358,32.3587],[-81.7386,32.3757],[-81.67,32.3772],[-81.63,32.3632],[-81.5987,32.3715],[-81.576,32.4024],[-81.5221,32.4346],[-81.437,32.4684],[-81.3833,32.5164],[-81.3611,32.5785],[-81.3396,32.6206],[-81.3189,32.6428],[-81.2889,32.6637],[-81.2496,32.6834],[-81.215,32.6888],[-81.185,32.6798],[-81.1667,32.6573],[-81.1602,32.6213],[-81.1702,32.5846],[-81.1967,32.5473],[-81.2321,32.5051],[-81.2763,32.4581],[-81.3289,32.4262],[-81.3901,32.4093],[-81.453,32.357],[-81.5177,32.2691],[-81.565,32.2224],[-81.595,32.2168],[-81.6788,32.227],[-81.8164,32.2528],[-81.8921,32.2741],[-81.9059,32.291],[-81.9057,32.3122]],[[-81.3597,32.4937],[-81.3274,32.578],[-81.2859,32.6324],[-81.2353,32.6569],[-81.2032,32.6569],[-81.1896,32.6324],[-81.1896,32.6072],[-81.2032,32.5814],[-81.235,32.5407],[-81.285,32.485],[-81.3265,32.4557],[-81.3594,32.4529],[-81.3597,32.4937]],[[-81.8788,32.3063],[-81.8729,32.3199],[-81.83,32.3331],[-81.75,32.3459],[-81.685,32.3452],[-81.635,32.3308],[-81.5917,32.3429],[-81.5551,32.3815],[-81.5201,32.4075],[-81.4867,32.4207],[-81.4637,32.425],[-81.451,32.4202],[-81.471,32.3792],[-81.5237,32.3022],[-81.56,32.2571],[-81.58,32.2441],[-81.6629,32.253],[-81.8088,32.284],[-81.8788,32.3063]]]}},{"type":"Feature","properties":{"c":"#800026","v0":75.0,"v1":90.0},"geometry":{"type":"Polygon","coordinates":[[[-107.713,32.6003],[-107.6977,32.5943],[-107.69,32.5781],[-107.69,32.5518],[-107.6977,32.5548],[-107.713,32.5871],[-107.713,32.6003]]]}},{"type":"Feature","properties":{"c":"#800026","v0":75.0,"v1":90.0},"geometry":{"type":"Polygon","coordinates":[[[-111.0941,32.5601],[-111.078,32.5749],[-111.05,32.5836],[-111.01,32.5861],[-110.9831,32.5829],[-110.9693,32.574],[-110.9462,32.5359],[-110.9138,32.4684],[-110.9057,32.4043],[-110.9219,32.3435],[-110.94,32.3124],[-110.96,32.3108],[-110.975,32.3147],[-110.985,32.324],[-110.997,32.3551],[-111.0111,32.4081],[-111.0361,32.4525],[-111.072,32.4883],[-111.093,32.5178],[-111.0991,32.5411],[-111.0941,32.5601]]]}},{"type":"Feature","properties":{"c":"#800026","v0":75.0,"v1":90.0},"geometry":{"type":"Polygon","coordinates":[[[-88.2531,32.2575],[-88.211,32.3089],[-88.15,32.3373],[-88.07,32.3428],[-88.01,32.334],[-87.97,32.311],[-87.95,32.2859],[-87.95,32.2587],[-87.9609,32.2334],[-87.9827,32.2098],[-88.0527,32.1963],[-88.1709,32.193],[-88.2375,32.193],[-88.2526,32.1963],[-88.2637,32.2065],[-88.2706,32.2234],[-88.2531,32.2575]],[[-88.2252,32.2521],[-88.1884,32.2928],[-88.135,32.315],[-88.065,32.3189],[-88.0163,32.3113],[-87.9889,32.2922],[-87.9839,32.2669],[-88.0013,32.2355],[-88.065,32.2186],[-88.175,32.2161],[-88.2334,32.2191],[-88.2402,32.2276],[-88.2252,32.2521]]]}},{"type":"Feature","properties":{"c":"#800026","v0":75.0,"v1":90.0},"geometry":{"type":"Polygon","coordinates":[[[-111.8621,32.0465],[-111.8407,32.0823],[-111.8,32.1086],[-111.74,32.1255],[-111.685,32.1697],[-111.635,32.2414],[-111.5864,32.287],[-111.5392,32.3066],[-111.4992,32.3158],[-111.4664,32.3147],[-111.444,32.2978],[-111.4319,32.2651],[-111.432,32.2234],[-111.4442,32.1726],[-111.4921,32.1133],[-111.5755,32.0455],[-111.6388,32.0031],[-111.6821,31.9862],[-111.7253,31.9769],[-111.7684,31.9754],[-111.8072,31.9797],[-111.8415,31.9897],[-111.8622,32.0031],[-111.8693,32.0201],[-111.8621,32.0465]],[[-111.8348,32.042],[-111.8183,32.069],[-111.7809,32.0901],[-111.7228,32.1056],[-111.6678,32.15],[-111.6159,32.2233],[-111.56,32.268],[-111.5,32.2843],[-111.4656,32.2815],[-111.4567,32.2597],[-111.4567,32.2292],[-111.4656,32.1901],[-111.4933,32.1478],[-111.5399,32.1022],[-111.5892,32.0625],[-111.6413,32.0286],[-111.683,32.0081],[-111.7143,32.0012],[-111.75,31.9987],[-111.79,32.0008],[-111.8183,32.0085],[-111.8348,32.0219],[-111.8348,32.042]]]}},{"type":"Feature","properties":{"c":"#800026","v0":75.0,"v1":90.0},"geometry":{"type":"Polygon","coordinates":[[[-115.9832,31.8504],[-115.96,31.9013],[-115.9238,31.931],[-115.8746,31.9396],[-115.83,31.9644],[-115.79,32.0055],[-115.7464,32.0139],[-115.6992,31.9898],[-115.6731,31.965],[-115.6681,31.9395],[-115.671,31.9183],[-115.682,31.9013],[-115.7131,31.884],[-115.7644,31.8664],[-115.82,31.8374],[-115.88,31.797],[-115.925,31.7783],[-115.955,31.7813],[-115.9762,31.7933],[-115.9886,31.8143],[-115.9832,31.8504]],[[-115.9549,31.8461],[-115.9338,31.8886],[-115.9,31.9129],[-115.8533,31.9192],[-115.815,31.9409],[-115.785,31.9779],[-115.755,31.9916],[-115.725,31.982],[-115.7058,31.9688],[-115.6973,31.9521],[-115.6972,31.9353],[-115.7056,31.9183],[-115.7298,31.9037],[-115.7699,31.8916],[-115.82,31.8651],[-115.88,31.8243],[-115.92,31.8033],[-115.94,31.8022],[-115.9539,31.8074],[-115.9616,31.819],[-115.9549,31.8461]]]}},{"type":"Feature","properties":{"c":"#800026","v0":75.0,"v1":90.0},"geometry":{"type":"Polygon","coordinates":[[[-111.9259,31.7477],[-111.9153,31.7634],[-111.895,31.7682],[-111.865,31.7621],[-111.8408,31.75],[-111.8223,31.7319],[-111.8135,31.7143],[-111.8146,31.6973],[-111.8339,31.6861],[-111.8713,31.6808],[-111.9003,31.6936],[-111.9209,31.7244],[-111.9259,31.7477]],[[-111.8855,31.725],[-111.8752,31.7294],[-111.8675,31.7251],[-111.8626,31.7123],[-111.8678,31.7101],[-111.883,31.7186],[-111.8855,31.725]]]}},{"type":"Feature","properties":{"c":"#800026","v0":75.0,"v1":90.0},"geometry":{"type":"Polygon","coordinates":[[[-112.057,31.5976],[-112.039,31.6196],[-112.02,31.6326],[-112.0,31.6366],[-111.9797,31.6256],[-111.9592,31.5996],[-111.954,31.5739],[-111.964,31.5483],[-111.9792,31.5322],[-111.9997,31.5256],[-112.0217,31.5299],[-112.045,31.545],[-112.059,31.5611],[-112.0637,31.5781],[-112.057,31.5976]],[[-112.0186,31.5899],[-111.9995,31.5965],[-111.99,31.5913],[-111.99,31.5744],[-111.995,31.5638],[-112.005,31.5596],[-112.0145,31.5648],[-112.0236,31.5794],[-112.0186,31.5899]]]}},{"type":"Feature","properties":{"c":"#800026","v0":75.0,"v1":90.0},"geometry":{"type":"Polygon","coordinates":[[[-111.7173,31.6138],[-111.6991,31.6341],[-111.655,31.6245],[-111.585,31.5849],[-111.535,31.5649],[-111.505,31.5646],[-111.475,31.5753],[-111.445,31.5972],[-111.4124,31.5985],[-111.3772,31.5792],[-111.3614,31.5312],[-111.3648,31.4545],[-111.3602,31.3862],[-111.3476,31.3264],[-111.3734,31.2639],[-111.4378,31.1985],[-111.48,31.1639],[-111.5,31.1601],[-111.515,31.1628],[-111.525,31.1718],[-111.5355,31.1935],[-111.5464,31.228],[-111.5494,31.2581],[-111.5444,31.2837],[-111.526,31.3179],[-111.494,31.3606],[-111.4776,31.3948],[-111.4768,31.4204],[-111.4848,31.4389],[-111.5016,31.4503],[-111.54,31.4562],[-111.6,31.4567],[-111.645,31.4626],[-111.675,31.4741],[-111.6991,31.5108],[-111.7173,31.5727],[-111.7173,31.6138]],[[-111.6759,31.5897],[-111.672,31.5958],[-111.655,31.5877],[-111.625,31.5653],[-111.59,31.5481],[-111.55,31.5359],[-111.515,31.5318],[-111.485,31.5359],[-111.4585,31.5458],[-111.4356,31.5617],[-111.4152,31.5653],[-111.3974,31.5568],[-111.3922,31.5185],[-111.3996,31.4502],[-111.3972,31.3862],[-111.385,31.3264],[-111.4062,31.2709],[-111.4609,31.2196],[-111.4952,31.211],[-111.509,31.2452],[-111.497,31.2923],[-111.4593,31.3521],[-111.4397,31.399],[-111.4383,31.4332],[-111.4557,31.46],[-111.4919,31.4795],[-111.545,31.4907],[-111.615,31.4935],[-111.657,31.5178],[-111.6709,31.5637],[-111.6759,31.5897]]]}},{"type":"Feature","properties":{"c":"#800026","v0":75.0,"v1":90.0},"geometry":{"type":"Polygon","coordinates":[[[-81.322,31.5355],[-81.3096,31.5696],[-81.2583,31.5994],[-81.1681,31.625],[-81.1186,31.6292],[-81.1096,31.6122],[-81.1063,31.5525],[-81.1088,31.4502],[-81.125,31.3918],[-81.155,31.3773],[-81.186,31.3901],[-81.2179,31.4302],[-81.253,31.4588],[-81.2913,31.4758],[-81.3148,31.4929],[-81.3237,31.5099],[-81.322,31.5355]]]}},{"type":"Feature","properties":{"c":"#800026","v0":75.0,"v1":90.0},"geometry":{"type":"Polygon","coordinates":[[[-88.2222,31.5284],[-88.2007,31.5484],[-88.163,31.5526],[-88.1091,31.5412],[-88.0787,31.5099],[-88.0718,31.4588],[-88.0437,31.4195],[-87.9946,31.3921],[-87.9661,31.3494],[-87.9583,31.2914],[-87.9633,31.2519],[-87.9811,31.2309],[-88.0001,31.2181],[-88.0202,31.2134],[-88.0461,31.2196],[-88.0778,31.2367],[-88.1017,31.2752],[-88.1175,31.335],[-88.1461,31.3777],[-88.1874,31.4033],[-88.2142,31.4417],[-88.2267,31.4929],[-88.2222,31.5284]],[[-88.1945,31.523],[-88.1782,31.5321],[-88.1534,31.5321],[-88.1203,31.523],[-88.1018,31.4929],[-88.0981,31.4417],[-88.0713,31.4033],[-88.0214,31.3777],[-87.9969,31.335],[-87.9978,31.2752],[-88.0062,31.2433],[-88.0221,31.2394],[-88.04,31.2425],[-88.06,31.2527],[-88.0778,31.2888],[-88.0933,31.3509],[-88.1216,31.3948],[-88.1629,31.4204],[-88.1883,31.4545],[-88.1979,31.4971],[-88.1945,31.523]]]}},{"type":"Feature","properties":{"c":"#800026","v0":75.0,"v1":90.0},"geometry":{"type":"Polygon","coordinates":[[[-82.3352,31.4904],[-82.3317,31.5026],[-82.32,31.5075],[-82.3,31.505],[-82.2745,31.4605],[-82.2436,31.374],[-82.2287,31.2923],[-82.2298,31.2153],[-82.2403,31.1596],[-82.2601,31.1252],[-82.28,31.1026],[-82.3,31.0919],[-82.3101,31.1091],[-82.3104,31.1542],[-82.3016,31.2025],[-82.2837,31.2538],[-82.2903,31.3307],[-82.3214,31.4332],[-82.3352,31.4904]]]}},{"type":"Feature","properties":{"c":"#800026","v0":75.0,"v1":90.0},"geometry":{"type":"Polygon","coordinates":[[[-92.7003,31.4334],[-92.6801,31.4681],[-92.639,31.4852],[-92.577,31.4846],[-92.532,31.4616],[-92.504,31.4161],[-92.46,31.3751],[-92.4,31.3386],[-92.3647,31.3101],[-92.3542,31.2896],[-92.3509,31.2666],[-92.3549,31.241],[-92.3802,31.2214],[-92.4267,31.2079],[-92.47,31.2163],[-92.51,31.2465],[-92.56,31.2578],[-92.62,31.2501],[-92.6554,31.2503],[-92.6663,31.2583],[-92.6814,31.3008],[-92.7008,31.3777],[-92.7003,31.4334]],[[-92.6728,31.4284],[-92.6576,31.4531],[-92.625,31.4626],[-92.575,31.457],[-92.54,31.4343],[-92.52,31.3945],[-92.48,31.3569],[-92.42,31.3215],[-92.3877,31.2892],[-92.383,31.2599],[-92.398,31.2405],[-92.4327,31.231],[-92.47,31.2423],[-92.51,31.2744],[-92.555,31.2854],[-92.605,31.2752],[-92.6426,31.3066],[-92.6678,31.3796],[-92.6728,31.4284]]]}},{"type":"Feature","properties":{"c":"#800026","v0":75.0,"v1":90.0},"geometry":{"type":"Polygon","coordinates":[[[-81.4529,31.1169],[-81.4192,31.134],[-81.3843,31.1684],[-81.3481,31.2199],[-81.3163,31.2498],[-81.289,31.2582],[-81.2783,31.2495],[-81.2844,31.2239],[-81.308,31.1891],[-81.3493,31.1454],[-81.3949,31.1197],[-81.4448,31.1121],[-81.4529,31.1169]]]}},{"type":"Feature","properties":{"c":"#800026","v0":75.0,"v1":90.0},"geometry":{"type":"Polygon","coordinates":[[[-85.4077,30.981],[-85.3959,31.0004],[-85.35,31.014],[-85.27,31.0217],[-85.223,31.0335],[-85.209,31.0491],[-85.1961,31.0826],[-85.1842,31.134],[-85.1662,31.1654],[-85.1421,31.1769],[-85.1189,31.1812],[-85.0967,31.1783],[-85.081,31.1683],[-85.0717,31.1511],[-85.0708,31.1083],[-85.0783,31.0398],[-85.074,30.996],[-85.058,30.9769],[-85.0218,30.9555],[-84.9655,30.9317],[-84.9387,30.8855],[-84.9416,30.8168],[-84.9284,30.7609],[-84.8992,30.7179],[-84.9262,30.705],[-85.0095,30.7222],[-85.1208,30.7612],[-85.2603,30.8219],[-85.3509,30.882],[-85.3927,30.9415],[-85.4077,30.981]],[[-85.3802,30.9759],[-85.3734,30.9852],[-85.33,30.9945],[-85.25,31.0038],[-85.2024,31.0162],[-85.1872,31.032],[-85.1739,31.0655],[-85.1626,31.1169],[-85.1452,31.1462],[-85.1217,31.1535],[-85.1067,31.1107],[-85.1002,31.0177],[-85.0627,30.9541],[-84.9943,30.9198],[-84.962,30.864],[-84.9659,30.7867],[-84.9884,30.7504],[-85.0295,30.7551],[-85.115,30.7862],[-85.245,30.8436],[-85.3284,30.8971],[-85.3652,30.9465],[-85.3802,30.9759]]]}},{"type":"Feature","properties":{"c":"#800026","v0":75.0,"v1":90.0},"geometry":{"type":"Polygon","coordinates":[[[-82.9354,31.0227],[-82.9255,31.057],[-82.9079,31.0854],[-82.8826,31.108],[-82.825,31.1297],[-82.735,31.1504],[-82.6689,31.1562],[-82.6267,31.1471],[-82.6081,31.1297],[-82.6133,31.1041],[-82.6544,31.0626],[-82.7315,31.0053],[-82.805,30.9788],[-82.875,30.9832],[-82.9176,30.9904],[-82.9328,31.0005],[-82.9354,31.0227]],[[-82.9052,31.0354],[-82.8951,31.0608],[-82.88,31.0802],[-82.86,31.0935],[-82.81,31.109],[-82.73,31.1266],[-82.6766,31.1329],[-82.6497,31.1279],[-82.6697,31.0948],[-82.7366,31.0335],[-82.8051,31.0077],[-82.8752,31.0177],[-82.9052,31.0354]]]}},{"type":"Feature","properties":{"c":"#800026","v0":75.0,"v1":90.0},"geometry":{"type":"Polygon","coordinates":[[[-88.6256,30.705],[-88.5979,30.7566],[-88.5932,30.8039],[-88.6115,30.8468],[-88.6163,30.9069],[-88.6075,30.9841],[-88.5893,31.0398],[-88.5617,31.0741],[-88.5334,31.0966],[-88.5045,31.1075],[-88.475,31.0991],[-88.445,31.0714],[-88.4194,31.0103],[-88.3983,30.9157],[-88.3983,30.8533],[-88.4194,30.8232],[-88.4598,30.7888],[-88.5193,30.7502],[-88.5604,30.7136],[-88.5831,30.6792],[-88.6033,30.6615],[-88.6211,30.6604],[-88.6324,30.6647],[-88.6371,30.6744],[-88.6256,30.705]],[[-88.5874,30.9069],[-88.5781,30.9841],[-88.5625,31.0355],[-88.5408,31.0612],[-88.5199,31.0769],[-88.5,31.0826],[-88.4811,31.074],[-88.4633,31.0512],[-88.4453,30.997],[-88.4269,30.9112],[-88.4284,30.8554],[-88.4499,30.8296],[-88.483,30.8066],[-88.5277,30.7862],[-88.5605,30.799],[-88.5816,30.8452],[-88.5874,30.9069]]]}},{"type":"Feature","properties":{"c":"#800026","v0":75.0,"v1":90.0},"geometry":{"type":"Polygon","coordinates":[[[-91.0907,30.791],[-91.0865,30.8082],[-91.0553,30.8425],[-90.9971,30.894],[-90.9785,30.9376],[-90.9995,30.9733],[-91.007,31.0076],[-91.0009,31.0405],[-90.9859,31.062],[-90.962,31.0722],[-90.925,31.0765],[-90.875,31.0747],[-90.8444,31.0654],[-90.8333,31.0483],[-90.8301,31.0098],[-90.8346,30.9498],[-90.8302,30.9131],[-90.8167,30.8997],[-90.79,30.8904],[-90.75,30.8851],[-90.7294,30.8617],[-90.7281,30.8203],[-90.7522,30.791],[-90.8018,30.7738],[-90.8374,30.7379],[-90.8591,30.6832],[-90.885,30.6481],[-90.915,30.6326],[-90.95,30.6316],[-90.99,30.6451],[-91.0307,30.6845],[-91.0721,30.7498],[-91.0907,30.791]],[[-91.0599,30.7909],[-91.0533,30.8078],[-91.0228,30.8378],[-90.9685,30.881],[-90.9402,30.9112],[-90.938,30.9284],[-90.9486,30.9541],[-90.9722,30.9884],[-90.9821,31.0141],[-90.9783,31.0312],[-90.9498,31.0431],[-90.8966,31.0497],[-90.8675,31.0155],[-90.8624,30.9402],[-90.8524,30.8953],[-90.8375,30.8805],[-90.8103,30.8676],[-90.7708,30.8566],[-90.7514,30.8468],[-90.7521,30.8382],[-90.776,30.8211],[-90.8231,30.7953],[-90.8575,30.755],[-90.8792,30.7],[-90.9,30.6668],[-90.92,30.6551],[-90.945,30.654],[-90.975,30.6633],[-91.0083,30.6966],[-91.0449,30.7538],[-91.0599,30.7909]]]}},{"type":"Feature","properties":{"c":"#800026","v0":75.0,"v1":90.0},"geometry":{"type":"Polygon","coordinates":[[[-90.1768,30.7953],[-90.0693,30.9241],[-89.9992,30.9934],[-89.9664,31.0034],[-89.935,31.0042],[-89.905,30.9959],[-89.8855,30.9652],[-89.8764,30.912],[-89.8907,30.8726],[-89.9282,30.8468],[-89.9577,30.8182],[-89.9792,30.7868],[-90.02,30.7665],[-90.08,30.7575],[-90.13,30.7356],[-90.17,30.7009],[-90.1977,30.6868],[-90.213,30.6932],[-90.2231,30.705],[-90.2281,30.7222],[-90.1768,30.7953]],[[-90.1021,30.8269],[-90.0407,30.9159],[-89.995,30.9664],[-89.965,30.9786],[-89.94,30.982],[-89.92,30.9766],[-89.9067,30.9561],[-89.9,30.9205],[-89.9224,30.8769],[-89.974,30.8254],[-90.0331,30.7953],[-90.0995,30.7867],[-90.1021,30.8269]]]}},{"type":"Feature","properties":{"c":"#800026","v0":75.0,"v1":90.0},"geometry":{"type":"Polygon","coordinates":[[[-92.2679,30.845],[-92.256,30.8672],[-92.2293,30.8801],[-92.188,30.8837],[-92.1573,30.864],[-92.1371,30.8211],[-92.1059,30.7824],[-92.0637,30.748],[-92.0425,30.7093],[-92.0423,30.6663],[-92.0642,30.6396],[-92.1081,30.6292],[-92.1501,30.6292],[-92.1902,30.6396],[-92.2262,30.6921],[-92.258,30.7867],[-92.2679,30.845]],[[-92.2374,30.8418],[-92.2191,30.8576],[-92.2015,30.8619],[-92.1845,30.8547],[-92.1687,30.8339],[-92.1542,30.7996],[-92.1277,30.7682],[-92.0892,30.7398],[-92.07,30.7083],[-92.07,30.6739],[-92.085,30.6541],[-92.115,30.6489],[-92.1452,30.6503],[-92.1756,30.6581],[-92.2047,30.705],[-92.2326,30.791],[-92.2374,30.8418]]]}},{"type":"Feature","properties":{"c":"#800026","v0":75.0,"v1":90.0},"geometry":{"type":"Polygon","coordinates":[[[-84.2668,30.7223],[-84.2556,30.7395],[-84.185,30.7573],[-84.055,30.7756],[-83.975,30.7728],[-83.945,30.749],[-83.9236,30.7183],[-83.9108,30.6808],[-83.9108,30.6537],[-83.9236,30.637],[-83.97,30.6305],[-84.05,30.6344],[-84.13,30.6466],[-84.21,30.6672],[-84.2556,30.6866],[-84.2668,30.7046],[-84.2668,30.7223]],[[-84.1787,30.7248],[-84.0662,30.747],[-84.0,30.7538],[-83.98,30.7451],[-83.9615,30.7254],[-83.9446,30.6946],[-83.9396,30.674],[-83.9465,30.6634],[-83.9849,30.6591],[-84.0546,30.6611],[-84.1259,30.6749],[-84.1986,30.7007],[-84.1787,30.7248]]]}},{"type":"Feature","properties":{"c":"#800026","v0":75.0,"v1":90.0},"geometry":{"type":"Polygon","coordinates":[[[-90.706,30.7148],[-90.6953,30.7516],[-90.665,30.7692],[-90.615,30.7678],[-90.5786,30.758],[-90.5558,30.7399],[-90.5508,30.7176],[-90.5636,30.6911],[-90.595,30.6739],[-90.645,30.666],[-90.6803,30.6706],[-90.701,30.6878],[-90.706,30.7148]],[[-90.678,30.7201],[-90.6727,30.733],[-90.66,30.7418],[-90.64,30.7468],[-90.6159,30.7403],[-90.5878,30.7225],[-90.5928,30.7072],[-90.6309,30.6943],[-90.6577,30.6943],[-90.673,30.7072],[-90.678,30.7201]]]}},{"type":"Feature","properties":{"c":"#800026","v0":75.0,"v1":90.0},"geometry":{"type":"Polygon","coordinates":[[[-87.1924,30.5326],[-87.1775,30.5493],[-87.16,30.5583],[-87.14,30.5598],[-87.1,30.5467],[-87.04,30.519],[-86.975,30.5031],[-86.905,30.4991],[-86.86,30.4833],[-86.84,30.4557],[-86.8239,30.4022],[-86.8116,30.3226],[-86.8166,30.2791],[-86.8389,30.2717],[-86.875,30.2834],[-86.925,30.314],[-86.98,30.3374],[-87.04,30.3535],[-87.1025,30.4023],[-87.1674,30.4837],[-87.1924,30.5326]],[[-87.1597,30.5266],[-87.1399,30.5313],[-87.1,30.52],[-87.04,30.4929],[-86.9776,30.4776],[-86.9129,30.4743],[-86.8706,30.4295],[-86.8505,30.3432],[-86.8678,30.3146],[-86.9226,30.3436],[-86.975,30.3634],[-87.025,30.3741],[-87.0799,30.4156],[-87.1397,30.4881],[-87.1597,30.5266]]]}},{"type":"Feature","properties":{"c":"#800026","v0":75.0,"v1":90.0},"geometry":{"type":"Polygon","coordinates":[[[-91.9474,30.5008],[-91.9358,30.5228],[-91.92,30.5368],[-91.9,30.5429],[-91.8749,30.5362],[-91.8447,30.5168],[-91.8249,30.4941],[-91.8155,30.4683],[-91.8206,30.4467],[-91.8402,30.4295],[-91.865,30.4209],[-91.895,30.4209],[-91.92,30.4295],[-91.94,30.4467],[-91.9508,30.464],[-91.9524,30.4812],[-91.9474,30.5008]],[[-91.916,30.4965],[-91.8987,30.5098],[-91.8798,30.5098],[-91.8593,30.4965],[-91.848,30.4812],[-91.8458,30.464],[-91.861,30.454],[-91.8937,30.4513],[-91.9137,30.4599],[-91.921,30.4798],[-91.916,30.4965]]]}},{"type":"Feature","properties":{"c":"#800026","v0":75.0,"v1":90.0},"geometry":{"type":"Polygon","coordinates":[[[-91.6285,30.422],[-91.5895,30.4587],[-91.53,30.4727],[-91.45,30.464],[-91.4,30.4499],[-91.38,30.4306],[-91.3751,30.4079],[-91.3853,30.3821],[-91.4103,30.3632],[-91.4501,30.3515],[-91.4914,30.3472],[-91.5343,30.3503],[-91.5788,30.3648],[-91.625,30.3907],[-91.6285,30.422]],[[-91.5922,30.4156],[-91.5641,30.4394],[-91.5131,30.4437],[-91.4392,30.4285],[-91.4042,30.4122],[-91.408,30.395],[-91.4222,30.3821],[-91.4467,30.3734],[-91.4767,30.3695],[-91.5122,30.3703],[-91.5491,30.3789],[-91.5872,30.3954],[-91.5922,30.4156]]]}},{"type":"Feature","properties":{"c":"#800026","v0":75.0,"v1":90.0},"geometry":{"type":"Polygon","coordinates":[[[-90.1481,30.2131],[-90.136,30.2465],[-90.11,30.2758],[-90.07,30.3009],[-90.005,30.3043],[-89.915,30.286],[-89.8626,30.2567],[-89.8479,30.2165],[-89.8628,30.1791],[-89.9074,30.1445],[-89.9647,30.1246],[-90.0349,30.1193],[-90.085,30.1203],[-90.115,30.1276],[-90.136,30.1476],[-90.1481,30.1801],[-90.1481,30.2131]],[[-90.1233,30.2092],[-90.1144,30.2349],[-90.095,30.2576],[-90.065,30.2773],[-90.01,30.2795],[-89.93,30.2642],[-89.885,30.2485],[-89.875,30.2325],[-89.8747,30.2132],[-89.8842,30.1905],[-89.9092,30.1708],[-89.9497,30.1543],[-90.0026,30.1457],[-90.0679,30.1449],[-90.1073,30.1575],[-90.1209,30.1834],[-90.1233,30.2092]]]}},{"type":"Feature","properties":{"c":"#800026","v0":75.0,"v1":90.0},"geometry":{"type":"Polygon","coordinates":[[[-90.853,30.0753],[-90.8447,30.1099],[-90.8271,30.1402],[-90.8001,30.1661],[-90.7655,30.1791],[-90.7235,30.1791],[-90.6794,30.1642],[-90.6331,30.1343],[-90.6,30.1222],[-90.58,30.1277],[-90.555,30.1487],[-90.525,30.1851],[-90.495,30.206],[-90.465,30.2116],[-90.43,30.1969],[-90.3899,30.162],[-90.3749,30.1289],[-90.385,30.0977],[-90.415,30.0655],[-90.465,30.032],[-90.52,30.0217],[-90.58,30.0345],[-90.6325,30.0321],[-90.6776,30.0147],[-90.7276,30.0038],[-90.7825,29.9992],[-90.82,30.0026],[-90.84,30.014],[-90.8518,30.0292],[-90.8554,30.0484],[-90.853,30.0753]],[[-90.8257,30.0753],[-90.8154,30.1099],[-90.8002,30.1346],[-90.7801,30.1495],[-90.755,30.1561],[-90.725,30.1545],[-90.695,30.141],[-90.665,30.1158],[-90.635,30.1013],[-90.605,30.0974],[-90.56,30.1192],[-90.5,30.1667],[-90.4597,30.1876],[-90.4391,30.1819],[-90.4209,30.1661],[-90.4051,30.1402],[-90.4204,30.1067],[-90.4668,30.0655],[-90.52,30.0509],[-90.58,30.0627],[-90.635,30.059],[-90.685,30.0397],[-90.735,30.0281],[-90.785,30.0243],[-90.8152,30.0313],[-90.8256,30.0491],[-90.8257,30.0753]]]}},{"type":"Feature","properties":{"c":"#800026","v0":75.0,"v1":90.0},"geometry":{"type":"Polygon","coordinates":[[[-81.8625,29.4502],[-81.7942,29.5199],[-81.7376,29.5672],[-81.6925,29.5924],[-81.6619,29.6011],[-81.6458,29.5933],[-81.6358,29.5704],[-81.6319,29.5323],[-81.65,29.4789],[-81.69,29.4103],[-81.725,29.3681],[-81.755,29.3525],[-81.79,29.3448],[-81.83,29.3449],[-81.86,29.353],[-81.88,29.3689],[-81.8917,29.3865],[-81.895,29.4058],[-81.8625,29.4502]],[[-81.846,29.4285],[-81.7959,29.4894],[-81.7433,29.5329],[-81.688,29.559],[-81.6589,29.559],[-81.656,29.5329],[-81.6711,29.4894],[-81.7043,29.4285],[-81.7432,29.389],[-81.7877,29.3712],[-81.8253,29.3712],[-81.8558,29.389],[-81.846,29.4285]]]}},{"type":"Feature","properties":{"c":"#800026","v0":75.0,"v1":90.0},"geometry":{"type":"Polygon","coordinates":[[[-81.1018,28.6804],[-81.0806,28.7143],[-81.0531,28.7275],[-81.0192,28.7199],[-80.9162,28.6415],[-80.7442,28.4922],[-80.6662,28.4135],[-80.6821,28.4056],[-80.745,28.4285],[-80.855,28.4823],[-80.9406,28.5038],[-81.0017,28.4931],[-81.0523,28.5317],[-81.0924,28.6196],[-81.1018,28.6804]],[[-81.0801,28.6727],[-81.0734,28.6913],[-81.0579,28.7001],[-81.0337,28.6991],[-80.9937,28.6781],[-80.9379,28.6372],[-80.885,28.5869],[-80.835,28.5271],[-80.835,28.5069],[-80.885,28.5261],[-80.94,28.5323],[-81.0,28.5254],[-81.0434,28.5574],[-81.0701,28.6281],[-81.0801,28.6727]]]}},{"type":"Feature","properties":{"c":"#800026","v0":75.0,"v1":90.0},"geometry":{"type":"Polygon","coordinates":[[[-80.5235,28.215],[-80.5003,28.2326],[-80.4413,28.1973],[-80.3465,28.1092],[-80.2968,28.0081],[-80.2923,27.8943],[-80.3,27.826],[-80.32,27.8033],[-80.345,27.7908],[-80.375,27.7884],[-80.4052,27.7993],[-80.4355,27.8233],[-80.4593,27.8707],[-80.4765,27.9414],[-80.4817,27.9988],[-80.4748,28.043],[-80.4873,28.1003],[-80.5191,28.1709],[-80.5235,28.215]]]}},{"type":"Feature","properties":{"c":"#800026","v0":75.0,"v1":90.0},"geometry":{"type":"Polygon","coordinates":[[[-80.5018,27.2515],[-80.4806,27.29],[-80.46,27.316],[-80.44,27.3295],[-80.38,27.315],[-80.28,27.2723],[-80.2192,27.2286],[-80.1975,27.1836],[-80.1975,27.1277],[-80.2192,27.0606],[-80.245,27.0192],[-80.275,27.0035],[-80.31,26.9984],[-80.35,27.004],[-80.3736,27.0321],[-80.3807,27.0825],[-80.4107,27.1232],[-80.4636,27.1542],[-80.4956,27.1853],[-80.5068,27.2167],[-80.5018,27.2515]],[[-80.4725,27.2463],[-80.4575,27.2744],[-80.44,27.2928],[-80.42,27.3016],[-80.37,27.287],[-80.29,27.249],[-80.2419,27.2128],[-80.2258,27.1784],[-80.2258,27.1329],[-80.2419,27.0764],[-80.26,27.0422],[-80.28,27.0304],[-80.3,27.0259],[-80.32,27.0287],[-80.337,27.054],[-80.3509,27.1017],[-80.3826,27.1389],[-80.432,27.1656],[-80.4626,27.1923],[-80.4742,27.219],[-80.4725,27.2463]]]}},{"type":"Feature","properties":{"c":"#800026","v0":75.0,"v1":90.0},"geometry":{"type":"Polygon","coordinates":[[[-80.513,26.9263],[-80.4977,26.9553],[-80.47,26.9712],[-80.43,26.9739],[-80.4103,26.9638],[-80.4108,26.941],[-80.4208,26.9197],[-80.4403,26.8999],[-80.464,26.8865],[-80.492,26.8796],[-80.5096,26.885],[-80.517,26.9028],[-80.513,26.9263]],[[-80.4753,26.9296],[-80.4576,26.9296],[-80.454,26.9252],[-80.4647,26.9165],[-80.4736,26.9165],[-80.4807,26.9252],[-80.4753,26.9296]]]}},{"type":"Feature","properties":{"c":"#800026","v0":75.0,"v1":90.0},"geometry":{"type":"Polygon","coordinates":[[[-81.1014,26.5356],[-81.0805,26.5695],[-81.06,26.5912],[-81.04,26.6008],[-80.99,26.5982],[-80.91,26.5835],[-80.8652,26.5707],[-80.8557,26.5599],[-80.859,26.541],[-80.8753,26.5142],[-80.9301,26.4726],[-81.0234,26.4162],[-81.0781,26.3938],[-81.0942,26.4054],[-81.1047,26.4381],[-81.1094,26.4918],[-81.1014,26.5356]],[[-81.0668,26.5328],[-81.0423,26.5609],[-80.998,26.5699],[-80.9339,26.5596],[-80.8986,26.55],[-80.8919,26.541],[-80.9289,26.5095],[-81.0096,26.4553],[-81.0554,26.4284],[-81.0661,26.4289],[-81.0733,26.4515],[-81.0772,26.4963],[-81.0668,26.5328]]]}},{"type":"Feature","properties":{"c":"#800026","v0":75.0,"v1":90.0},"geometry":{"type":"Polygon","coordinates":[[[-81.1341,26.1888],[-81.1047,26.246],[-81.0316,26.2864],[-80.9148,26.3099],[-80.7998,26.3848],[-80.6866,26.5111],[-80.6001,26.5738],[-80.5402,26.5728],[-80.4913,26.5589],[-80.4533,26.5321],[-80.4872,26.4381],[-80.5931,26.2768],[-80.662,26.1999],[-80.694,26.2077],[-80.7259,26.2301],[-80.7576,26.2672],[-80.7876,26.2896],[-80.8159,26.2972],[-80.87,26.2605],[-80.95,26.1795],[-81.015,26.1317],[-81.065,26.1172],[-81.1006,26.1136],[-81.1218,26.1207],[-81.1365,26.1332],[-81.1447,26.1512],[-81.1341,26.1888]],[[-80.7506,26.3927],[-80.6569,26.4989],[-80.5954,26.5526],[-80.5662,26.5538],[-80.5316,26.5455],[-80.4916,26.5276],[-80.4712,26.5124],[-80.4704,26.4999],[-80.518,26.4282],[-80.614,26.2974],[-80.6691,26.232],[-80.6831,26.232],[-80.7169,26.2589],[-80.7706,26.3127],[-80.7506,26.3927]],[[-81.1036,26.1834],[-81.0812,26.2297],[-81.0333,26.2567],[-80.96,26.2641],[-80.9445,26.2409],[-80.9868,26.1871],[-81.0285,26.1549],[-81.0695,26.1444],[-81.0962,26.1444],[-81.1086,26.1549],[-81.1036,26.1834]]]}},{"type":"Feature","properties":{"c":"#800026","v0":75.0,"v1":90.0},"geometry":{"type":"Polygon","coordinates":[[[-80.5388,22.2682],[-80.5329,22.29],[-80.516,22.3132],[-80.4879,22.3376],[-80.4429,22.3539],[-80.381,22.3622],[-80.335,22.3445],[-80.305,22.301],[-80.27,22.2698],[-80.23,22.2512],[-80.2089,22.2133],[-80.2068,22.1562],[-80.1684,22.1138],[-80.0938,22.086],[-80.0575,22.0489],[-80.0597,22.0025],[-80.083,21.9622],[-80.1277,21.9278],[-80.17,21.9112],[-80.21,21.9124],[-80.249,21.9574],[-80.2871,22.0462],[-80.3539,22.1138],[-80.4495,22.1601],[-80.5084,22.2018],[-80.5306,22.2388],[-80.5388,22.2682]],[[-80.5025,22.2733],[-80.4808,22.3054],[-80.445,22.3268],[-80.395,22.3375],[-80.355,22.3223],[-80.325,22.281],[-80.295,22.2546],[-80.265,22.2429],[-80.2442,22.2051],[-80.2325,22.1411],[-80.1899,22.0952],[-80.1164,22.0674],[-80.0823,22.0363],[-80.0874,22.0019],[-80.105,21.9731],[-80.135,21.9501],[-80.165,21.9375],[-80.195,21.9355],[-80.2295,21.9781],[-80.2686,22.0655],[-80.3036,22.121],[-80.3345,22.1448],[-80.382,22.168],[-80.446,22.1905],[-80.4868,22.2157],[-80.5045,22.2434],[-80.5025,22.2733]]]}},{"type":"Feature","properties":{"c":"#800026","v0":90.0,"v1":null},"geometry":{"type":"Polygon","coordinates":[[[-93.6626,47.1903],[-93.6542,47.2124],[-93.625,47.2288],[-93.575,47.2395],[-93.53,47.2396],[-93.49,47.2289],[-93.45,47.2247],[-93.41,47.2268],[-93.3827,47.2123],[-93.368,47.1812],[-93.378,47.1482],[-93.4127,47.1133],[-93.4882,47.1133],[-93.6045,47.1482],[-93.6637,47.169],[-93.6658,47.1758],[-93.6626,47.1903]]]}},{"type":"Feature","properties":{"c":"#800026","v0":90.0,"v1":null},"geometry":{"type":"Polygon","coordinates":[[[-93.972,47.0192],[-93.9669,47.0533],[-93.9408,47.0946],[-93.8936,47.1432],[-93.855,47.1727],[-93.825,47.1831],[-93.792,47.1826],[-93.7559,47.1713],[-93.7347,47.1486],[-93.7283,47.1146],[-93.7089,47.0839],[-93.6764,47.0567],[-93.6676,47.0303],[-93.6825,47.0048],[-93.715,46.9939],[-93.765,46.9977],[-93.82,46.9937],[-93.88,46.982],[-93.925,46.979],[-93.955,46.9849],[-93.9712,46.9915],[-93.9735,46.9986],[-93.972,47.0192]]]}},{"type":"Feature","properties":{"c":"#800026","v0":90.0,"v1":null},"geometry":{"type":"Polygon","coordinates":[[[-93.2538,47.149],[-93.2113,47.1702],[-93.1775,47.1804],[-93.1524,47.1796],[-93.1674,47.1647],[-93.2225,47.1358],[-93.2563,47.1256],[-93.2688,47.1341],[-93.2538,47.149]]]}},{"type":"Feature","properties":{"c":"#800026","v0":90.0,"v1":null},"geometry":{"type":"Polygon","coordinates":[[[-89.0102,44.4868],[-88.9589,44.5367],[-88.9072,44.5652],[-88.855,44.5723],[-88.8142,44.5619],[-88.7847,44.5338],[-88.77,44.5019],[-88.77,44.4662],[-88.775,44.4446],[-88.785,44.4371],[-88.8163,44.4334],[-88.8688,44.4333],[-88.9303,44.4404],[-89.0006,44.4547],[-89.0102,44.4868]]]}},{"type":"Feature","properties":{"c":"#800026","v0":90.0,"v1":null},"geometry":{"type":"Polygon","coordinates":[[[-103.0432,42.6025],[-103.0344,42.6546],[-103.005,42.6966],[-102.955,42.7287],[-102.9104,42.7432],[-102.8713,42.7399],[-102.84,42.72],[-102.8164,42.6832],[-102.8097,42.6501],[-102.8199,42.6207],[-102.8439,42.5986],[-102.8818,42.5839],[-102.9374,42.5765],[-103.0108,42.5765],[-103.0432,42.6025]]]}},{"type":"Feature","properties":{"c":"#800026","v0":90.0,"v1":null},"geometry":{"type":"Polygon","coordinates":[[[-103.41,42.4206],[-103.3967,42.4332],[-103.365,42.4437],[-103.315,42.4519],[-103.28,42.473],[-103.26,42.5069],[-103.203,42.5296],[-103.109,42.5412],[-103.069,42.5332],[-103.083,42.5055],[-103.11,42.4785],[-103.15,42.452],[-103.195,42.4341],[-103.245,42.4246],[-103.285,42.4031],[-103.315,42.3696],[-103.3423,42.3535],[-103.367,42.3546],[-103.3887,42.37],[-103.4073,42.3995],[-103.41,42.4206]]]}},{"type":"Feature","properties":{"c":"#800026","v0":90.0,"v1":null},"geometry":{"type":"Polygon","coordinates":[[[-105.3491,42.389],[-105.3364,42.3975],[-105.2941,42.3975],[-105.2224,42.389],[-105.1796,42.3774],[-105.1657,42.3626],[-105.1616,42.3486],[-105.1672,42.3355],[-105.1788,42.3281],[-105.1965,42.3264],[-105.2365,42.3333],[-105.2988,42.3486],[-105.3364,42.3634],[-105.3491,42.3776],[-105.3491,42.389]]]}},{"type":"Feature","properties":{"c":"#800026","v0":90.0,"v1":null},"geometry":{"type":"Polygon","coordinates":[[[-90.326,42.2294],[-90.3041,42.2442],[-90.2542,42.259],[-90.1761,42.2738],[-90.1107,42.2812],[-90.058,42.2812],[-90.0268,42.2738],[-90.0171,42.259],[-90.0167,42.2419],[-90.0256,42.2225],[-90.055,42.2097],[-90.105,42.2035],[-90.16,42.1875],[-90.22,42.1617],[-90.265,42.1487],[-90.295,42.1485],[-90.3167,42.1668],[-90.3302,42.2036],[-90.326,42.2294]]]}},{"type":"Feature","properties":{"c":"#800026","v0":90.0,"v1":null},"geometry":{"type":"Polygon","coordinates":[[[-110.2423,42.0711],[-110.2341,42.155],[-110.22,42.2083],[-110.2,42.2312],[-110.185,42.241],[-110.175,42.2375],[-110.165,42.2134],[-110.155,42.1686],[-110.16,42.1166],[-110.18,42.0574],[-110.2,42.0234],[-110.22,42.0144],[-110.2341,42.0147],[-110.2423,42.0244],[-110.2423,42.0711]]]}},{"type":"Feature","properties":{"c":"#800026","v0":90.0,"v1":null},"geometry":{"type":"Polygon","coordinates":[[[-105.1401,42.2267],[-105.1334,42.236],[-105.11,42.2374],[-105.07,42.2308],[-105.0422,42.215],[-105.0267,42.1901],[-105.0417,42.1778],[-105.0872,42.1783],[-105.1184,42.1894],[-105.1351,42.2111],[-105.1401,42.2267]]]}},{"type":"Feature","properties":{"c":"#800026","v0":90.0,"v1":null},"geometry":{"type":"Polygon","coordinates":[[[-89.0979,41.5573],[-89.0793,41.5679],[-89.035,41.5594],[-88.965,41.5318],[-88.9111,41.4965],[-88.8734,41.4536],[-88.8584,41.4157],[-88.8661,41.3829],[-88.885,41.3638],[-88.915,41.3583],[-88.9439,41.3635],[-88.9717,41.3792],[-89.0117,41.4146],[-89.0639,41.4696],[-89.0943,41.5108],[-89.1029,41.5383],[-89.0979,41.5573]]]}},{"type":"Feature","properties":{"c":"#800026","v0":90.0,"v1":null},"geometry":{"type":"Polygon","coordinates":[[[-111.5988,40.8943],[-111.5929,40.9028],[-111.565,40.9126],[-111.515,40.9238],[-111.46,40.9123],[-111.4,40.8781],[-111.37,40.8553],[-111.37,40.8441],[-111.395,40.8173],[-111.445,40.7749],[-111.5,40.7527],[-111.56,40.7506],[-111.5873,40.7696],[-111.5818,40.8095],[-111.5848,40.8446],[-111.596,40.8749],[-111.5988,40.8943]]]}},{"type":"Feature","properties":{"c":"#800026","v0":90.0,"v1":null},"geometry":{"type":"Polygon","coordinates":[[[-84.2204,40.0654],[-84.1468,40.09],[-84.095,40.0946],[-84.065,40.0792],[-84.02,40.0674],[-83.96,40.0591],[-83.9271,40.0507],[-83.9213,40.0421],[-83.9228,40.0302],[-83.9316,40.0149],[-83.951,39.9995],[-83.9809,39.9842],[-84.0244,39.9724],[-84.0815,39.9642],[-84.125,39.9734],[-84.155,39.9999],[-84.19,40.0187],[-84.23,40.0296],[-84.2518,40.0395],[-84.2554,40.0486],[-84.2204,40.0654]]]}},{"type":"Feature","properties":{"c":"#800026","v0":90.0,"v1":null},"geometry":{"type":"Polygon","coordinates":[[[-116.0145,39.907],[-115.9982,39.952],[-115.975,39.9574],[-115.945,39.9231],[-115.905,39.9027],[-115.855,39.8961],[-115.8239,39.8562],[-115.8116,39.7829],[-115.8266,39.7673],[-115.8689,39.8094],[-115.9163,39.8286],[-115.969,39.8249],[-116.0022,39.8385],[-116.0158,39.8692],[-116.0145,39.907]]]}},{"type":"Feature","properties":{"c":"#800026","v0":90.0,"v1":null},"geometry":{"type":"Polygon","coordinates":[[[-114.2716,38.634],[-114.2461,38.7043],[-114.2437,38.7628],[-114.2646,38.8096],[-114.2688,38.8439],[-114.2563,38.8659],[-114.24,38.8706],[-114.22,38.8579],[-114.2041,38.8275],[-114.1922,38.7792],[-114.1771,38.7433],[-114.1587,38.7199],[-114.1625,38.6887],[-114.1885,38.6496],[-114.2086,38.5975],[-114.2229,38.5321],[-114.24,38.5098],[-114.26,38.5306],[-114.2736,38.5555],[-114.2808,38.5844],[-114.2716,38.634]]]}},{"type":"Feature","properties":{"c":"#800026","v0":90.0,"v1":null},"geometry":{"type":"Polygon","coordinates":[[[-94.4739,38.5622],[-94.4446,38.6139],[-94.42,38.6472],[-94.4,38.662],[-94.3716,38.6673],[-94.3349,38.6633],[-94.3049,38.6483],[-94.2816,38.6222],[-94.27,38.5911],[-94.27,38.5549],[-94.2899,38.5249],[-94.3296,38.5012],[-94.3746,38.4915],[-94.4249,38.4959],[-94.4596,38.5077],[-94.4789,38.5267],[-94.4739,38.5622]]]}},{"type":"Feature","properties":{"c":"#800026","v0":90.0,"v1":null},"geometry":{"type":"Polygon","coordinates":[[[-114.1771,38.4563],[-114.1457,38.4528],[-114.13,38.4438],[-114.13,38.4294],[-114.14,38.4216],[-114.16,38.4204],[-114.1757,38.4293],[-114.1871,38.4485],[-114.1771,38.4563]]]}},{"type":"Feature","properties":{"c":"#800026","v0":90.0,"v1":null},"geometry":{"type":"Polygon","coordinates":[[[-108.6916,37.5201],[-108.6678,37.536],[-108.6394,37.5467],[-108.6065,37.5523],[-108.58,37.5335],[-108.56,37.4905],[-108.5884,37.4797],[-108.6651,37.5013],[-108.6916,37.5201]]]}},{"type":"Feature","properties":{"c":"#800026","v0":90.0,"v1":null},"geometry":{"type":"Polygon","coordinates":[[[-108.4741,37.4504],[-108.4447,37.4537],[-108.425,37.4503],[-108.415,37.44],[-108.4016,37.4184],[-108.3847,37.3856],[-108.3797,37.362],[-108.3866,37.3474],[-108.4147,37.3673],[-108.4641,37.4216],[-108.4741,37.4504]]]}},{"type":"Feature","properties":{"c":"#800026","v0":90.0,"v1":null},"geometry":{"type":"Polygon","coordinates":[[[-107.5341,36.5863],[-107.4966,36.6184],[-107.4726,36.6585],[-107.462,36.7066],[-107.4473,36.7387],[-107.4284,36.7547],[-107.4117,36.7652],[-107.3972,36.7701],[-107.37,36.762],[-107.33,36.7408],[-107.309,36.7183],[-107.3069,36.6945],[-107.3247,36.6665],[-107.3623,36.6345],[-107.4033,36.6055],[-107.4478,36.5797],[-107.4907,36.5677],[-107.5322,36.5694],[-107.5341,36.5863]]]}},{"type":"Feature","properties":{"c":"#800026","v0":90.0,"v1":null},"geometry":{"type":"Polygon","coordinates":[[[-78.7256,36.2644],[-78.6981,36.2967],[-78.6507,36.3201],[-78.5836,36.3348],[-78.505,36.3686],[-78.415,36.4214],[-78.3596,36.4463],[-78.3389,36.4432],[-78.3398,36.4255],[-78.3623,36.3933],[-78.4077,36.3571],[-78.476,36.3168],[-78.5451,36.2897],[-78.615,36.2758],[-78.67,36.2597],[-78.71,36.2414],[-78.7323,36.2363],[-78.737,36.2443],[-78.7256,36.2644]]]}},{"type":"Feature","properties":{"c":"#800026","v0":90.0,"v1":null},"geometry":{"type":"Polygon","coordinates":[[[-77.3611,35.1519],[-77.3438,35.1683],[-77.3088,35.181],[-77.2563,35.1901],[-77.18,35.179],[-77.08,35.1479],[-76.99,35.1513],[-76.91,35.1893],[-76.865,35.1915],[-76.855,35.1579],[-76.8638,35.0886],[-76.8913,34.9835],[-76.8963,34.9186],[-76.8788,34.894],[-76.845,34.8744],[-76.795,34.8597],[-76.7697,34.8474],[-76.7691,34.8374],[-76.7991,34.7944],[-76.8597,34.7183],[-76.915,34.6928],[-76.965,34.7181],[-77.03,34.7176],[-77.11,34.6911],[-77.175,34.6843],[-77.225,34.6972],[-77.26,34.7228],[-77.28,34.7613],[-77.291,34.8304],[-77.293,34.9302],[-77.313,35.021],[-77.3509,35.1028],[-77.3611,35.1519]]]}},{"type":"Feature","properties":{"c":"#800026","v0":90.0,"v1":null},"geometry":{"type":"Polygon","coordinates":[[[-76.8657,34.436],[-76.8152,34.4661],[-76.7828,34.4784],[-76.7683,34.4731],[-76.7551,34.4292],[-76.743,34.3466],[-76.7428,34.2847],[-76.7544,34.2434],[-76.7677,34.2229],[-76.7826,34.2233],[-76.81,34.2435],[-76.85,34.2836],[-76.8752,34.333],[-76.8857,34.3916],[-76.8657,34.436]]]}},{"type":"Feature","properties":{"c":"#800026","v0":90.0,"v1":null},"geometry":{"type":"Polygon","coordinates":[[[-107.27,34.3053],[-107.2345,34.3714],[-107.2001,34.4073],[-107.1667,34.4131],[-107.135,34.4079],[-107.105,34.3919],[-107.0871,34.3602],[-107.0812,34.3126],[-107.1012,34.2822],[-107.1471,34.2689],[-107.185,34.2441],[-107.215,34.2077],[-107.24,34.1959],[-107.26,34.2087],[-107.2744,34.2294],[-107.2833,34.258],[-107.27,34.3053]]]}},{"type":"Feature","properties":{"c":"#800026","v0":90.0,"v1":null},"geometry":{"type":"Polygon","coordinates":[[[-77.0751,34.0751],[-77.045,34.0779],[-77.0182,34.0696],[-76.9947,34.0502],[-76.9794,34.0281],[-76.9722,34.0033],[-76.974,33.9793],[-76.9847,33.9562],[-76.9961,33.9437],[-77.0082,33.942],[-77.0232,33.9489],[-77.0411,33.9647],[-77.06,33.9978],[-77.0801,34.0484],[-77.0751,34.0751]]]}},{"type":"Feature","properties":{"c":"#800026","v0":90.0,"v1":null},"geometry":{"type":"Polygon","coordinates":[[[-80.1969,33.6467],[-80.1923,33.6563],[-80.17,33.6608],[-80.13,33.6603],[-80.1,33.6652],[-80.08,33.6755],[-80.0656,33.6918],[-80.0568,33.714],[-80.0551,33.75],[-80.0607,33.7999],[-80.0269,33.8539],[-79.9538,33.912],[-79.9055,33.942],[-79.8818,33.9437],[-79.87,33.9258],[-79.87,33.8881],[-79.8976,33.854],[-79.9528,33.8235],[-79.9811,33.7957],[-79.9825,33.7708],[-79.9721,33.7376],[-79.9501,33.696],[-79.9618,33.6356],[-80.0073,33.5565],[-80.035,33.5157],[-80.045,33.5135],[-80.065,33.5264],[-80.095,33.5546],[-80.125,33.5744],[-80.155,33.5858],[-80.1773,33.6041],[-80.1919,33.6293],[-80.1969,33.6467]]]}},{"type":"Feature","properties":{"c":"#800026","v0":90.0,"v1":null},"geometry":{"type":"Polygon","coordinates":[[[-81.0363,33.1049],[-81.0188,33.1334],[-80.96,33.1596],[-80.86,33.1836],[-80.795,33.2047],[-80.765,33.2228],[-80.7438,33.2301],[-80.7315,33.2264],[-80.7314,33.212],[-80.7434,33.1869],[-80.7945,33.1517],[-80.8848,33.1064],[-80.955,33.0801],[-81.005,33.0729],[-81.0338,33.0746],[-81.0413,33.0853],[-81.0363,33.1049]]]}},{"type":"Feature","properties":{"c":"#800026","v0":90.0,"v1":null},"geometry":{"type":"Polygon","coordinates":[[[-76.0219,32.8786],[-76.0006,32.9243],[-75.98,32.9521],[-75.96,32.9621],[-75.938,32.956],[-75.9141,32.9339],[-75.9041,32.9083],[-75.908,32.8792],[-75.92,32.8562],[-75.94,32.8394],[-75.9706,32.8372],[-76.0119,32.8495],[-76.0219,32.8786]]]}},{"type":"Feature","properties":{"c":"#800026","v0":90.0,"v1":null},"geometry":{"type":"Polygon","coordinates":[[[-76.2631,32.7716],[-76.2378,32.8053],[-76.2287,32.8431],[-76.2358,32.8851],[-76.2319,32.9145],[-76.2172,32.9313],[-76.191,32.9103],[-76.1533,32.8515],[-76.1431,32.8137],[-76.1603,32.7969],[-76.1957,32.78],[-76.249,32.7632],[-76.2631,32.7716]]]}},{"type":"Feature","properties":{"c":"#800026","v0":90.0,"v1":null},"geometry":{"type":"Polygon","coordinates":[[[-84.1349,32.8473],[-84.1269,32.8641],[-84.0897,32.8871],[-84.0232,32.9162],[-83.9685,32.912],[-83.9256,32.8745],[-83.9206,32.8443],[-83.9535,32.8216],[-84.005,32.8113],[-84.075,32.8135],[-84.1172,32.8206],[-84.1317,32.8328],[-84.1349,32.8473]]]}},{"type":"Feature","properties":{"c":"#800026","v0":90.0,"v1":null},"geometry":{"type":"Polygon","coordinates":[[[-83.8391,32.8809],[-83.8267,32.8977],[-83.8114,32.9061],[-83.7932,32.9061],[-83.7855,32.8977],[-83.7885,32.8809],[-83.8038,32.8725],[-83.8315,32.8725],[-83.8391,32.8809]]]}},{"type":"Feature","properties":{"c":"#800026","v0":90.0,"v1":null},"geometry":{"type":"Polygon","coordinates":[[[-81.3597,32.4937],[-81.3274,32.578],[-81.2859,32.6324],[-81.2353,32.6569],[-81.2032,32.6569],[-81.1896,32.6324],[-81.1896,32.6072],[-81.2032,32.5814],[-81.235,32.5407],[-81.285,32.485],[-81.3265,32.4557],[-81.3594,32.4529],[-81.3597,32.4937]]]}},{"type":"Feature","properties":{"c":"#800026","v0":90.0,"v1":null},"geometry":{"type":"Polygon","coordinates":[[[-81.8788,32.3063],[-81.8729,32.3199],[-81.83,32.3331],[-81.75,32.3459],[-81.685,32.3452],[-81.635,32.3308],[-81.5917,32.3429],[-81.5551,32.3815],[-81.5201,32.4075],[-81.4867,32.4207],[-81.4637,32.425],[-81.451,32.4202],[-81.471,32.3792],[-81.5237,32.3022],[-81.56,32.2571],[-81.58,32.2441],[-81.6629,32.253],[-81.8088,32.284],[-81.8788,32.3063]]]}},{"type":"Feature","properties":{"c":"#800026","v0":90.0,"v1":null},"geometry":{"type":"Polygon","coordinates":[[[-88.2252,32.2521],[-88.1884,32.2928],[-88.135,32.315],[-88.065,32.3189],[-88.0163,32.3113],[-87.9889,32.2922],[-87.9839,32.2669],[-88.0013,32.2355],[-88.065,32.2186],[-88.175,32.2161],[-88.2334,32.2191],[-88.2402,32.2276],[-88.2252,32.2521]]]}},{"type":"Feature","properties":{"c":"#800026","v0":90.0,"v1":null},"geometry":{"type":"Polygon","coordinates":[[[-111.8348,32.042],[-111.8183,32.069],[-111.7809,32.0901],[-111.7228,32.1056],[-111.6678,32.15],[-111.6159,32.2233],[-111.56,32.268],[-111.5,32.2843],[-111.4656,32.2815],[-111.4567,32.2597],[-111.4567,32.2292],[-111.4656,32.1901],[-111.4933,32.1478],[-111.5399,32.1022],[-111.5892,32.0625],[-111.6413,32.0286],[-111.683,32.0081],[-111.7143,32.0012],[-111.75,31.9987],[-111.79,32.0008],[-111.8183,32.0085],[-111.8348,32.0219],[-111.8348,32.042]]]}},{"type":"Feature","properties":{"c":"#800026","v0":90.0,"v1":null},"geometry":{"type":"Polygon","coordinates":[[[-115.9549,31.8461],[-115.9338,31.8886],[-115.9,31.9129],[-115.8533,31.9192],[-115.815,31.9409],[-115.785,31.9779],[-115.755,31.9916],[-115.725,31.982],[-115.7058,31.9688],[-115.6973,31.9521],[-115.6972,31.9353],[-115.7056,31.9183],[-115.7298,31.9037],[-115.7699,31.8916],[-115.82,31.8651],[-115.88,31.8243],[-115.92,31.8033],[-115.94,31.8022],[-115.9539,31.8074],[-115.9616,31.819],[-115.9549,31.8461]]]}},{"type":"Feature","properties":{"c":"#800026","v0":90.0,"v1":null},"geometry":{"type":"Polygon","coordinates":[[[-111.8855,31.725],[-111.8752,31.7294],[-111.8675,31.7251],[-111.8626,31.7123],[-111.8678,31.7101],[-111.883,31.7186],[-111.8855,31.725]]]}},{"type":"Feature","properties":{"c":"#800026","v0":90.0,"v1":null},"geometry":{"type":"Polygon","coordinates":[[[-112.0186,31.5899],[-111.9995,31.5965],[-111.99,31.5913],[-111.99,31.5744],[-111.995,31.5638],[-112.005,31.5596],[-112.0145,31.5648],[-112.0236,31.5794],[-112.0186,31.5899]]]}},{"type":"Feature","properties":{"c":"#800026","v0":90.0,"v1":null},"geometry":{"type":"Polygon","coordinates":[[[-111.6759,31.5897],[-111.672,31.5958],[-111.655,31.5877],[-111.625,31.5653],[-111.59,31.5481],[-111.55,31.5359],[-111.515,31.5318],[-111.485,31.5359],[-111.4585,31.5458],[-111.4356,31.5617],[-111.4152,31.5653],[-111.3974,31.5568],[-111.3922,31.5185],[-111.3996,31.4502],[-111.3972,31.3862],[-111.385,31.3264],[-111.4062,31.2709],[-111.4609,31.2196],[-111.4952,31.211],[-111.509,31.2452],[-111.497,31.2923],[-111.4593,31.3521],[-111.4397,31.399],[-111.4383,31.4332],[-111.4557,31.46],[-111.4919,31.4795],[-111.545,31.4907],[-111.615,31.4935],[-111.657,31.5178],[-111.6709,31.5637],[-111.6759,31.5897]]]}},{"type":"Feature","properties":{"c":"#800026","v0":90.0,"v1":null},"geometry":{"type":"Polygon","coordinates":[[[-88.1945,31.523],[-88.1782,31.5321],[-88.1534,31.5321],[-88.1203,31.523],[-88.1018,31.4929],[-88.0981,31.4417],[-88.0713,31.4033],[-88.0214,31.3777],[-87.9969,31.335],[-87.9978,31.2752],[-88.0062,31.2433],[-88.0221,31.2394],[-88.04,31.2425],[-88.06,31.2527],[-88.0778,31.2888],[-88.0933,31.3509],[-88.1216,31.3948],[-88.1629,31.4204],[-88.1883,31.4545],[-88.1979,31.4971],[-88.1945,31.523]]]}},{"type":"Feature","properties":{"c":"#800026","v0":90.0,"v1":null},"geometry":{"type":"Polygon","coordinates":[[[-92.6728,31.4284],[-92.6576,31.4531],[-92.625,31.4626],[-92.575,31.457],[-92.54,31.4343],[-92.52,31.3945],[-92.48,31.3569],[-92.42,31.3215],[-92.3877,31.2892],[-92.383,31.2599],[-92.398,31.2405],[-92.4327,31.231],[-92.47,31.2423],[-92.51,31.2744],[-92.555,31.2854],[-92.605,31.2752],[-92.6426,31.3066],[-92.6678,31.3796],[-92.6728,31.4284]]]}},{"type":"Feature","properties":{"c":"#800026","v0":90.0,"v1":null},"geometry":{"type":"Polygon","coordinates":[[[-85.3802,30.9759],[-85.3734,30.9852],[-85.33,30.9945],[-85.25,31.0038],[-85.2024,31.0162],[-85.1872,31.032],[-85.1739,31.0655],[-85.1626,31.1169],[-85.1452,31.1462],[-85.1217,31.1535],[-85.1067,31.1107],[-85.1002,31.0177],[-85.0627,30.9541],[-84.9943,30.9198],[-84.962,30.864],[-84.9659,30.7867],[-84.9884,30.7504],[-85.0295,30.7551],[-85.115,30.7862],[-85.245,30.8436],[-85.3284,30.8971],[-85.3652,30.9465],[-85.3802,30.9759]]]}},{"type":"Feature","properties":{"c":"#800026","v0":90.0,"v1":null},"geometry":{"type":"Polygon","coordinates":[[[-82.9052,31.0354],[-82.8951,31.0608],[-82.88,31.0802],[-82.86,31.0935],[-82.81,31.109],[-82.73,31.1266],[-82.6766,31.1329],[-82.6497,31.1279],[-82.6697,31.0948],[-82.7366,31.0335],[-82.8051,31.0077],[-82.8752,31.0177],[-82.9052,31.0354]]]}},{"type":"Feature","properties":{"c":"#800026","v0":90.0,"v1":null},"geometry":{"type":"Polygon","coordinates":[[[-88.5874,30.9069],[-88.5781,30.9841],[-88.5625,31.0355],[-88.5408,31.0612],[-88.5199,31.0769],[-88.5,31.0826],[-88.4811,31.074],[-88.4633,31.0512],[-88.4453,30.997],[-88.4269,30.9112],[-88.4284,30.8554],[-88.4499,30.8296],[-88.483,30.8066],[-88.5277,30.7862],[-88.5605,30.799],[-88.5816,30.8452],[-88.5874,30.9069]]]}},{"type":"Feature","properties":{"c":"#800026","v0":90.0,"v1":null},"geometry":{"type":"Polygon","coordinates":[[[-91.0599,30.7909],[-91.0533,30.8078],[-91.0228,30.8378],[-90.9685,30.881],[-90.9402,30.9112],[-90.938,30.9284],[-90.9486,30.9541],[-90.9722,30.9884],[-90.9821,31.0141],[-90.9783,31.0312],[-90.9498,31.0431],[-90.8966,31.0497],[-90.8675,31.0155],[-90.8624,30.9402],[-90.8524,30.8953],[-90.8375,30.8805],[-90.8103,30.8676],[-90.7708,30.8566],[-90.7514,30.8468],[-90.7521,30.8382],[-90.776,30.8211],[-90.8231,30.7953],[-90.8575,30.755],[-90.8792,30.7],[-90.9,30.6668],[-90.92,30.6551],[-90.945,30.654],[-90.975,30.6633],[-91.0083,30.6966],[-91.0449,30.7538],[-91.0599,30.7909]]]}},{"type":"Feature","properties":{"c":"#800026","v0":90.0,"v1":null},"geometry":{"type":"Polygon","coordinates":[[[-90.1021,30.8269],[-90.0407,30.9159],[-89.995,30.9664],[-89.965,30.9786],[-89.94,30.982],[-89.92,30.9766],[-89.9067,30.9561],[-89.9,30.9205],[-89.9224,30.8769],[-89.974,30.8254],[-90.0331,30.7953],[-90.0995,30.7867],[-90.1021,30.8269]]]}},{"type":"Feature","properties":{"c":"#800026","v0":90.0,"v1":null},"geometry":{"type":"Polygon","coordinates":[[[-92.2374,30.8418],[-92.2191,30.8576],[-92.2015,30.8619],[-92.1845,30.8547],[-92.1687,30.8339],[-92.1542,30.7996],[-92.1277,30.7682],[-92.0892,30.7398],[-92.07,30.7083],[-92.07,30.6739],[-92.085,30.6541],[-92.115,30.6489],[-92.1452,30.6503],[-92.1756,30.6581],[-92.2047,30.705],[-92.2326,30.791],[-92.2374,30.8418]]]}},{"type":"Feature","properties":{"c":"#800026","v0":90.0,"v1":null},"geometry":{"type":"Polygon","coordinates":[[[-90.678,30.7201],[-90.6727,30.733],[-90.66,30.7418],[-90.64,30.7468],[-90.6159,30.7403],[-90.5878,30.7225],[-90.5928,30.7072],[-90.6309,30.6943],[-90.6577,30.6943],[-90.673,30.7072],[-90.678,30.7201]]]}},{"type":"Feature","properties":{"c":"#800026","v0":90.0,"v1":null},"geometry":{"type":"Polygon","coordinates":[[[-84.1787,30.7248],[-84.0662,30.747],[-84.0,30.7538],[-83.98,30.7451],[-83.9615,30.7254],[-83.9446,30.6946],[-83.9396,30.674],[-83.9465,30.6634],[-83.9849,30.6591],[-84.0546,30.6611],[-84.1259,30.6749],[-84.1986,30.7007],[-84.1787,30.7248]]]}},{"type":"Feature","properties":{"c":"#800026","v0":90.0,"v1":null},"geometry":{"type":"Polygon","coordinates":[[[-87.1597,30.5266],[-87.1399,30.5313],[-87.1,30.52],[-87.04,30.4929],[-86.9776,30.4776],[-86.9129,30.4743],[-86.8706,30.4295],[-86.8505,30.3432],[-86.8678,30.3146],[-86.9226,30.3436],[-86.975,30.3634],[-87.025,30.3741],[-87.0799,30.4156],[-87.1397,30.4881],[-87.1597,30.5266]]]}},{"type":"Feature","properties":{"c":"#800026","v0":90.0,"v1":null},"geometry":{"type":"Polygon","coordinates":[[[-91.916,30.4965],[-91.8987,30.5098],[-91.8798,30.5098],[-91.8593,30.4965],[-91.848,30.4812],[-91.8458,30.464],[-91.861,30.454],[-91.8937,30.4513],[-91.9137,30.4599],[-91.921,30.4798],[-91.916,30.4965]]]}},{"type":"Feature","properties":{"c":"#800026","v0":90.0,"v1":null},"geometry":{"type":"Polygon","coordinates":[[[-91.5922,30.4156],[-91.5641,30.4394],[-91.5131,30.4437],[-91.4392,30.4285],[-91.4042,30.4122],[-91.408,30.395],[-91.4222,30.3821],[-91.4467,30.3734],[-91.4767,30.3695],[-91.5122,30.3703],[-91.5491,30.3789],[-91.5872,30.3954],[-91.5922,30.4156]]]}},{"type":"Feature","properties":{"c":"#800026","v0":90.0,"v1":null},"geometry":{"type":"Polygon","coordinates":[[[-90.1233,30.2092],[-90.1144,30.2349],[-90.095,30.2576],[-90.065,30.2773],[-90.01,30.2795],[-89.93,30.2642],[-89.885,30.2485],[-89.875,30.2325],[-89.8747,30.2132],[-89.8842,30.1905],[-89.9092,30.1708],[-89.9497,30.1543],[-90.0026,30.1457],[-90.0679,30.1449],[-90.1073,30.1575],[-90.1209,30.1834],[-90.1233,30.2092]]]}},{"type":"Feature","properties":{"c":"#800026","v0":90.0,"v1":null},"geometry":{"type":"Polygon","coordinates":[[[-90.8257,30.0753],[-90.8154,30.1099],[-90.8002,30.1346],[-90.7801,30.1495],[-90.755,30.1561],[-90.725,30.1545],[-90.695,30.141],[-90.665,30.1158],[-90.635,30.1013],[-90.605,30.0974],[-90.56,30.1192],[-90.5,30.1667],[-90.4597,30.1876],[-90.4391,30.1819],[-90.4209,30.1661],[-90.4051,30.1402],[-90.4204,30.1067],[-90.4668,30.0655],[-90.52,30.0509],[-90.58,30.0627],[-90.635,30.059],[-90.685,30.0397],[-90.735,30.0281],[-90.785,30.0243],[-90.8152,30.0313],[-90.8256,30.0491],[-90.8257,30.0753]]]}},{"type":"Feature","properties":{"c":"#800026","v0":90.0,"v1":null},"geometry":{"type":"Polygon","coordinates":[[[-81.846,29.4285],[-81.7959,29.4894],[-81.7433,29.5329],[-81.688,29.559],[-81.6589,29.559],[-81.656,29.5329],[-81.6711,29.4894],[-81.7043,29.4285],[-81.7432,29.389],[-81.7877,29.3712],[-81.8253,29.3712],[-81.8558,29.389],[-81.846,29.4285]]]}},{"type":"Feature","properties":{"c":"#800026","v0":90.0,"v1":null},"geometry":{"type":"Polygon","coordinates":[[[-81.0801,28.6727],[-81.0734,28.6913],[-81.0579,28.7001],[-81.0337,28.6991],[-80.9937,28.6781],[-80.9379,28.6372],[-80.885,28.5869],[-80.835,28.5271],[-80.835,28.5069],[-80.885,28.5261],[-80.94,28.5323],[-81.0,28.5254],[-81.0434,28.5574],[-81.0701,28.6281],[-81.0801,28.6727]]]}},{"type":"Feature","properties":{"c":"#800026","v0":90.0,"v1":null},"geometry":{"type":"Polygon","coordinates":[[[-80.4725,27.2463],[-80.4575,27.2744],[-80.44,27.2928],[-80.42,27.3016],[-80.37,27.287],[-80.29,27.249],[-80.2419,27.2128],[-80.2258,27.1784],[-80.2258,27.1329],[-80.2419,27.0764],[-80.26,27.0422],[-80.28,27.0304],[-80.3,27.0259],[-80.32,27.0287],[-80.337,27.054],[-80.3509,27.1017],[-80.3826,27.1389],[-80.432,27.1656],[-80.4626,27.1923],[-80.4742,27.219],[-80.4725,27.2463]]]}},{"type":"Feature","properties":{"c":"#800026","v0":90.0,"v1":null},"geometry":{"type":"Polygon","coordinates":[[[-80.4753,26.9296],[-80.4576,26.9296],[-80.454,26.9252],[-80.4647,26.9165],[-80.4736,26.9165],[-80.4807,26.9252],[-80.4753,26.9296]]]}},{"type":"Feature","properties":{"c":"#800026","v0":90.0,"v1":null},"geometry":{"type":"Polygon","coordinates":[[[-81.0668,26.5328],[-81.0423,26.5609],[-80.998,26.5699],[-80.9339,26.5596],[-80.8986,26.55],[-80.8919,26.541],[-80.9289,26.5095],[-81.0096,26.4553],[-81.0554,26.4284],[-81.0661,26.4289],[-81.0733,26.4515],[-81.0772,26.4963],[-81.0668,26.5328]]]}},{"type":"Feature","properties":{"c":"#800026","v0":90.0,"v1":null},"geometry":{"type":"Polygon","coordinates":[[[-80.7506,26.3927],[-80.6569,26.4989],[-80.5954,26.5526],[-80.5662,26.5538],[-80.5316,26.5455],[-80.4916,26.5276],[-80.4712,26.5124],[-80.4704,26.4999],[-80.518,26.4282],[-80.614,26.2974],[-80.6691,26.232],[-80.6831,26.232],[-80.7169,26.2589],[-80.7706,26.3127],[-80.7506,26.3927]]]}},{"type":"Feature","properties":{"c":"#800026","v0":90.0,"v1":null},"geometry":{"type":"Polygon","coordinates":[[[-81.1036,26.1834],[-81.0812,26.2297],[-81.0333,26.2567],[-80.96,26.2641],[-80.9445,26.2409],[-80.9868,26.1871],[-81.0285,26.1549],[-81.0695,26.1444],[-81.0962,26.1444],[-81.1086,26.1549],[-81.1036,26.1834]]]}},{"type":"Feature","properties":{"c":"#800026","v0":90.0,"v1":null},"geometry":{"type":"Polygon","coordinates":[[[-80.5025,22.2733],[-80.4808,22.3054],[-80.445,22.3268],[-80.395,22.3375],[-80.355,22.3223],[-80.325,22.281],[-80.295,22.2546],[-80.265,22.2429],[-80.2442,22.2051],[-80.2325,22.1411],[-80.1899,22.0952],[-80.1164,22.0674],[-80.0823,22.0363],[-80.0874,22.0019],[-80.105,21.9731],[-80.135,21.9501],[-80.165,21.9375],[-80.195,21.9355],[-80.2295,21.9781],[-80.2686,22.0655],[-80.3036,22.121],[-80.3345,22.1448],[-80.382,22.168],[-80.446,22.1905],[-80.4868,22.2157],[-80.5045,22.2434],[-80.5025,22.2733]]]}}]}