{"bounds": [[20.005001, -129.995], [54.995, -60.00500199999999]], "time": "09:36 PM", "timestamp": 1770154566.737013}