{"bounds": [[20.005001, -129.995], [54.995, -60.00500199999999]], "time": "06:34 PM", "timestamp": 1770143641.131642}