{"bounds": [[20.005001, -129.995], [54.995, -60.00500199999999]], "time": "07:32 PM", "timestamp": 1770147161.307417}