{"bounds": [[20.005001, -129.995], [54.995, -60.00500199999999]], "time": "11:03 PM", "timestamp": 1770073412.490502}