{"bounds": [[20.005001, -129.995], [54.995, -60.00500199999999]], "time": "02:08 AM", "timestamp": 1770084508.661344}