{"bounds": [[20.005001, -129.995], [54.995, -60.00500199999999]], "time": "09:45 AM", "timestamp": 1770111915.574617}