{"bounds": [[20.005001, -129.995], [54.995, -60.00500199999999]], "time": "09:46 PM", "timestamp": 1770155217.493872}