{"bounds": [[20.005001, -129.995], [54.995, -60.00500199999999]], "time": "10:26 AM", "timestamp": 1770114384.023579}