{"bounds": [[20.005001, -129.995], [54.995, -60.00500199999999]], "time": "12:27 PM", "timestamp": 1770121676.767178}