{"bounds": [[20.005001, -129.995], [54.995, -60.00500199999999]], "time": "11:29 PM", "timestamp": 1770074984.003041}