{"bounds": [[20.005001, -129.995], [54.995, -60.00500199999999]], "time": "08:03 AM", "timestamp": 1770105801.351869}