{"bounds": [[20.005001, -129.995], [54.995, -60.00500199999999]], "time": "11:50 AM", "timestamp": 1770119415.972072}