{"bounds": [[20.005001, -129.995], [54.995, -60.00500199999999]], "time": "08:04 PM", "timestamp": 1770149087.759553}