{"bounds": [[20.005001, -129.995], [54.995, -60.00500199999999]], "time": "08:57 AM", "timestamp": 1770109022.389172}