{"bounds": [[20.005001, -129.995], [54.995, -60.00500199999999]], "time": "10:04 PM", "timestamp": 1770156258.937664}