{"bounds": [[20.005001, -129.995], [54.995, -60.00500199999999]], "time": "08:53 PM", "timestamp": 1770152027.254026}