{"bounds": [[20.005001, -129.995], [54.995, -60.00500199999999]], "time": "04:23 AM", "timestamp": 1770092606.162855}