{"bounds": [[20.005001, -129.995], [54.995, -60.00500199999999]], "time": "01:44 PM", "timestamp": 1770126277.348363}