{"bounds": [[20.005001, -129.995], [54.995, -60.00500199999999]], "time": "11:55 PM", "timestamp": 1770076555.870774}