{"type":"FeatureCollection","features":[{"type":"Feature","properties":{"c":"#00fb90","v0":0.04,"v1":0.05},"geometry":{"type":"Polygon","coordinates":[[[-104.2314,52.5508],[-104.2171,52.556],[-104.1952,52.556],[-104.1655,52.5508],[-104.1726,52.5482],[-104.2166,52.5482],[-104.2314,52.5508]]]}},{"type":"Feature","properties":{"c":"#00fb90","v0":0.04,"v1":0.05},"geometry":{"type":"Polygon","coordinates":[[[-103.9211,52.2098],[-103.9137,52.2168],[-103.9013,52.2168],[-103.8838,52.2098],[-103.8875,52.2063],[-103.9124,52.2063],[-103.9211,52.2098]]]}},{"type":"Feature","properties":{"c":"#00fb90","v0":0.04,"v1":0.05},"geometry":{"type":"Polygon","coordinates":[[[-81.1413,41.9447],[-81.1204,41.954],[-81.09,41.9527],[-81.05,41.9406],[-81.02,41.9386],[-81.0,41.9465],[-80.9879,41.959],[-80.9838,41.9761],[-80.9966,41.9957],[-81.0261,42.018],[-81.0081,42.0451],[-80.9427,42.077],[-80.83,42.0994],[-80.67,42.1121],[-80.5876,42.1259],[-80.5828,42.1406],[-80.6128,42.156],[-80.6776,42.1723],[-80.7145,42.1834],[-80.7235,42.1894],[-80.7235,42.1976],[-80.7145,42.2079],[-80.615,42.2058],[-80.425,42.1913],[-80.31,42.198],[-80.27,42.226],[-80.2,42.2474],[-80.1,42.2623],[-80.02,42.2789],[-79.96,42.2973],[-79.86,42.3143],[-79.72,42.33],[-79.6445,42.3421],[-79.6336,42.3508],[-79.6295,42.3663],[-79.6321,42.3884],[-79.6126,42.4094],[-79.5709,42.429],[-79.475,42.4502],[-79.325,42.4728],[-79.2335,42.4814],[-79.2006,42.476],[-79.1846,42.4549],[-79.1855,42.418],[-79.172,42.395],[-79.144,42.3858],[-79.0919,42.3932],[-79.0156,42.4171],[-78.9556,42.4486],[-78.9119,42.4878],[-78.84,42.5185],[-78.74,42.5409],[-78.6663,42.5729],[-78.6189,42.6146],[-78.5797,42.6611],[-78.5488,42.7126],[-78.5085,42.7457],[-78.4587,42.7604],[-78.4225,42.7787],[-78.4002,42.8007],[-78.3862,42.8191],[-78.3806,42.8337],[-78.3846,42.8594],[-78.398,42.896],[-78.4211,42.9225],[-78.4537,42.9387],[-78.54,42.9494],[-78.68,42.9545],[-78.79,42.9629],[-78.87,42.9747],[-78.9572,43.0042],[-79.0516,43.0516],[-79.1043,43.0862],[-79.1153,43.1081],[-79.1031,43.1235],[-79.0677,43.1324],[-79.0,43.1273],[-78.9,43.1081],[-78.82,43.0988],[-78.76,43.0992],[-78.615,43.0854],[-78.385,43.0573],[-78.265,43.0586],[-78.255,43.0892],[-78.205,43.1071],[-78.115,43.1122],[-78.0424,43.1305],[-77.9872,43.1618],[-77.9672,43.1851],[-77.9824,43.2004],[-78.035,43.223],[-78.125,43.2529],[-78.24,43.2736],[-78.38,43.285],[-78.4513,43.2952],[-78.4538,43.3041],[-78.4364,43.3122],[-78.399,43.3195],[-78.3677,43.3359],[-78.3426,43.3613],[-78.275,43.3686],[-78.165,43.3579],[-78.075,43.3439],[-78.005,43.3269],[-77.915,43.3155],[-77.805,43.31],[-77.725,43.312],[-77.675,43.3216],[-77.62,43.3187],[-77.56,43.3034],[-77.485,43.2979],[-77.395,43.3023],[-77.325,43.312],[-77.275,43.3272],[-77.2359,43.3464],[-77.2077,43.3697],[-77.1996,43.4104],[-77.2117,43.4685],[-77.2027,43.5084],[-77.1728,43.5302],[-77.156,43.5483],[-77.1522,43.5628],[-77.1603,43.5789],[-77.1801,43.5965],[-77.2157,43.611],[-77.2672,43.6223],[-77.3029,43.6533],[-77.3226,43.7039],[-77.2269,43.7698],[-77.0156,43.8508],[-76.8918,43.9049],[-76.8554,43.932],[-76.8246,43.9816],[-76.7994,44.0535],[-76.7292,44.0966],[-76.6141,44.111],[-76.546,44.1325],[-76.5251,44.1613],[-76.5203,44.1864],[-76.5315,44.2079],[-76.5604,44.2355],[-76.6068,44.2692],[-76.665,44.2922],[-76.735,44.3045],[-76.85,44.2983],[-77.01,44.2736],[-77.145,44.2569],[-77.255,44.2482],[-77.3164,44.2447],[-77.3292,44.2464],[-77.3329,44.2509],[-77.3277,44.258],[-77.2713,44.2825],[-77.1638,44.3243],[-77.055,44.3543],[-76.945,44.3727],[-76.845,44.3993],[-76.755,44.434],[-76.645,44.4613],[-76.515,44.4811],[-76.415,44.4895],[-76.345,44.4864],[-76.27,44.4922],[-76.19,44.5069],[-76.128,44.5225],[-76.0841,44.5391],[-76.0291,44.569],[-75.963,44.6123],[-75.8602,44.6621],[-75.7205,44.7185],[-75.6526,44.7537],[-75.6565,44.7679],[-75.6964,44.7793],[-75.7721,44.7879],[-75.91,44.7838],[-76.11,44.7668],[-76.2341,44.7625],[-76.2824,44.7709],[-76.2853,44.7928],[-76.2427,44.8282],[-76.075,44.8991],[-75.782,45.0053],[-75.6323,45.0654],[-75.6261,45.0795],[-75.6397,45.0963],[-75.6732,45.1157],[-75.73,45.1211],[-75.81,45.1124],[-75.8652,45.1274],[-75.8957,45.166],[-75.8957,45.1966],[-75.8652,45.2192],[-75.785,45.251],[-75.655,45.2921],[-75.5618,45.33],[-75.5053,45.3649],[-75.4769,45.3929],[-75.4765,45.4139],[-75.4947,45.4281],[-75.5316,45.4354],[-75.595,45.4313],[-75.685,45.4158],[-75.7409,45.4156],[-75.7628,45.4309],[-75.8078,45.4414],[-75.8759,45.4471],[-75.97,45.4438],[-76.09,45.4316],[-76.1567,45.4358],[-76.1701,45.4563],[-76.168,45.4736],[-76.1503,45.4876],[-76.0719,45.5192],[-75.9326,45.5682],[-75.8632,45.6032],[-75.8637,45.6242],[-75.8917,45.6451],[-75.9471,45.6661],[-75.9436,45.695],[-75.8812,45.7317],[-75.809,45.7666],[-75.727,45.7996],[-75.6815,45.8231],[-75.6726,45.8371],[-75.6719,45.8615],[-75.6794,45.8963],[-75.6372,45.9415],[-75.5452,45.9971],[-75.477,46.0596],[-75.4324,46.1289],[-75.3834,46.1774],[-75.3299,46.2051],[-75.2531,46.2674],[-75.153,46.3641],[-75.1053,46.4227],[-75.1102,46.4434],[-75.1219,46.4557],[-75.1406,46.4597],[-75.18,46.4555],[-75.24,46.4432],[-75.305,46.4145],[-75.375,46.3692],[-75.445,46.3462],[-75.515,46.3454],[-75.58,46.3371],[-75.64,46.3214],[-75.695,46.2978],[-75.745,46.2661],[-75.855,46.235],[-76.025,46.2045],[-76.13,46.1724],[-76.17,46.1388],[-76.1827,46.0943],[-76.1681,46.0388],[-76.1752,45.9971],[-76.2038,45.9693],[-76.2558,45.938],[-76.3313,45.9032],[-76.454,45.858],[-76.6238,45.8022],[-76.779,45.769],[-76.9197,45.7584],[-77.067,45.7339],[-77.2211,45.6957],[-77.2989,45.6696],[-77.3004,45.6556],[-77.2933,45.6456],[-77.2778,45.6396],[-77.1832,45.6187],[-77.0097,45.5827],[-76.9195,45.5577],[-76.9127,45.5437],[-76.9295,45.5294],[-76.9698,45.5148],[-77.06,45.5153],[-77.2,45.5309],[-77.305,45.5379],[-77.375,45.5361],[-77.4742,45.5216],[-77.6026,45.4943],[-77.7776,45.4661],[-77.9992,45.437],[-78.13,45.4319],[-78.17,45.4506],[-78.21,45.4609],[-78.25,45.4629],[-78.285,45.4593],[-78.315,45.4502],[-78.3405,45.4369],[-78.3615,45.4192],[-78.3815,45.376],[-78.4005,45.307],[-78.455,45.2679],[-78.545,45.2587],[-78.61,45.248],[-78.65,45.2357],[-78.68,45.2311],[-78.7,45.2341],[-78.7151,45.2407],[-78.7252,45.2507],[-78.7349,45.291],[-78.7441,45.3613],[-78.7249,45.4175],[-78.6773,45.4596],[-78.6248,45.4946],[-78.5675,45.5227],[-78.5266,45.5688],[-78.5022,45.6331],[-78.455,45.6968],[-78.385,45.7599],[-78.295,45.829],[-78.185,45.904],[-78.08,45.9569],[-77.98,45.9877],[-77.91,46.0181],[-77.87,46.0481],[-77.805,46.0791],[-77.715,46.1112],[-77.6464,46.1225],[-77.5991,46.1129],[-77.5718,46.0943],[-77.5645,46.0665],[-77.554,46.0492],[-77.5403,46.0422],[-77.5026,46.0293],[-77.4409,46.0102],[-77.375,45.9999],[-77.305,45.9984],[-77.24,46.0031],[-77.18,46.0141],[-77.13,46.0356],[-77.09,46.0675],[-76.965,46.089],[-76.755,46.1002],[-76.6,46.1153],[-76.5,46.1342],[-76.4394,46.1522],[-76.4183,46.169],[-76.4183,46.1862],[-76.4394,46.2039],[-76.5306,46.2212],[-76.6918,46.2382],[-76.7747,46.2501],[-76.7795,46.257],[-76.7485,46.2778],[-76.6818,46.3123],[-76.6589,46.3416],[-76.6796,46.3656],[-76.735,46.3748],[-76.825,46.3691],[-76.9055,46.3778],[-76.9765,46.4009],[-77.0043,46.4227],[-76.9889,46.4434],[-76.959,46.4606],[-76.9145,46.4744],[-76.8704,46.4951],[-76.8267,46.5226],[-76.7211,46.5544],[-76.5537,46.5905],[-76.405,46.6157],[-76.275,46.63],[-76.13,46.6683],[-75.97,46.7305],[-75.8348,46.7671],[-75.7244,46.778],[-75.6476,46.7972],[-75.6044,46.8245],[-75.5446,46.8496],[-75.4682,46.8725],[-75.4228,46.8827],[-75.4084,46.8804],[-75.4042,46.8656],[-75.4103,46.8382],[-75.406,46.8006],[-75.3913,46.7526],[-75.3555,46.7191],[-75.2985,46.7],[-75.255,46.6911],[-75.225,46.6926],[-75.155,46.7168],[-75.045,46.7636],[-74.9572,46.8238],[-74.8915,46.8972],[-74.8265,46.9396],[-74.7622,46.9511],[-74.6982,46.9716],[-74.6345,47.0011],[-74.594,47.026],[-74.5765,47.0465],[-74.5733,47.0617],[-74.5844,47.0717],[-74.64,47.09],[-74.74,47.1167],[-74.83,47.1168],[-74.91,47.0904],[-74.97,47.0764],[-75.01,47.0749],[-75.05,47.0858],[-75.09,47.1091],[-75.13,47.1243],[-75.17,47.1314],[-75.1878,47.1426],[-75.1835,47.1579],[-75.1335,47.179],[-75.0378,47.2058],[-74.92,47.2206],[-74.78,47.2236],[-74.6786,47.2441],[-74.6158,47.2823],[-74.5358,47.3082],[-74.4386,47.3217],[-74.3655,47.3489],[-74.3163,47.3895],[-74.2871,47.42],[-74.2779,47.4402],[-74.2751,47.4572],[-74.2788,47.4707],[-74.3122,47.4977],[-74.3752,47.5382],[-74.4426,47.5661],[-74.5142,47.5813],[-74.565,47.5873],[-74.595,47.584],[-74.63,47.573],[-74.67,47.5542],[-74.715,47.5471],[-74.765,47.5515],[-74.81,47.5458],[-74.85,47.53],[-74.8815,47.5245],[-74.9045,47.5291],[-74.9245,47.559],[-74.9415,47.6141],[-74.96,47.644],[-74.98,47.6488],[-75.01,47.6471],[-75.05,47.6388],[-75.0758,47.6392],[-75.0873,47.6483],[-75.0873,47.6591],[-75.0758,47.6716],[-75.05,47.68],[-75.01,47.6843],[-74.9759,47.6949],[-74.9477,47.7118],[-74.9177,47.7394],[-74.8859,47.7777],[-74.845,47.7963],[-74.795,47.795],[-74.685,47.8232],[-74.515,47.881],[-74.39,47.9146],[-74.31,47.924],[-74.2329,47.9437],[-74.1587,47.9737],[-74.0337,48.0109],[-73.8579,48.0553],[-73.75,48.0872],[-73.71,48.1065],[-73.595,48.1393],[-73.405,48.1855],[-73.2896,48.2204],[-73.2488,48.2439],[-73.1838,48.2652],[-73.0946,48.2843],[-73.035,48.3014],[-73.005,48.3166],[-72.9909,48.3071],[-72.9927,48.2728],[-72.9831,48.2457],[-72.9621,48.2257],[-72.9262,48.2131],[-72.8754,48.2079],[-72.8,48.2157],[-72.7,48.2366],[-72.625,48.2307],[-72.575,48.1981],[-72.5298,48.1803],[-72.4894,48.1773],[-72.4494,48.1629],[-72.4098,48.1372],[-72.38,48.1236],[-72.36,48.1221],[-72.305,48.1509],[-72.215,48.2099],[-72.145,48.2449],[-72.095,48.256],[-72.0522,48.2734],[-72.0166,48.2971],[-71.9992,48.3222],[-71.9999,48.3488],[-71.9927,48.3754],[-71.9776,48.402],[-72.0,48.4411],[-72.06,48.4928],[-72.085,48.5241],[-72.075,48.5349],[-72.015,48.5554],[-71.905,48.5855],[-71.815,48.6014],[-71.745,48.6032],[-71.69,48.5962],[-71.65,48.5804],[-71.615,48.5729],[-71.585,48.5736],[-71.5051,48.5906],[-71.3754,48.6238],[-71.2904,48.6492],[-71.2501,48.6667],[-71.1718,48.6865],[-71.0554,48.7086],[-70.9966,48.7362],[-70.9953,48.7691],[-71.0188,48.7922],[-71.0671,48.8054],[-71.0759,48.8175],[-71.0453,48.8285],[-71.0054,48.8516],[-70.9561,48.8866],[-70.9012,48.9139],[-70.8404,48.9336],[-70.7864,48.9763],[-70.7392,49.0419],[-70.7156,49.0812],[-70.7157,49.0943],[-70.7244,49.1057],[-70.7415,49.1152],[-70.775,49.1178],[-70.825,49.1134],[-70.8558,49.1152],[-70.8674,49.1231],[-70.8574,49.1447],[-70.8258,49.18],[-70.78,49.2015],[-70.72,49.2094],[-70.65,49.2364],[-70.57,49.2827],[-70.5101,49.3198],[-70.4703,49.348],[-70.4388,49.3784],[-70.4154,49.4109],[-70.4087,49.4435],[-70.4186,49.476],[-70.4188,49.5182],[-70.4092,49.5701],[-70.4208,49.6072],[-70.4536,49.6296],[-70.5,49.6379],[-70.56,49.632],[-70.64,49.6104],[-70.74,49.5729],[-70.7902,49.5613],[-70.7907,49.5758],[-70.7707,49.6026],[-70.7302,49.6417],[-70.65,49.681],[-70.53,49.7206],[-70.4535,49.7592],[-70.4204,49.797],[-70.3754,49.832],[-70.3185,49.8642],[-70.2727,49.8964],[-70.238,49.9287],[-70.2306,49.9641],[-70.2504,50.0027],[-70.2677,50.0257],[-70.2826,50.0331],[-70.305,50.0343],[-70.335,50.0294],[-70.3706,50.0193],[-70.4118,50.0039],[-70.4468,49.9821],[-70.4756,49.9536],[-70.515,49.9433],[-70.565,49.9513],[-70.655,49.9374],[-70.785,49.9016],[-70.88,49.8704],[-70.94,49.8439],[-70.9951,49.8302],[-71.0454,49.8293],[-71.0728,49.8353],[-71.0774,49.8482],[-71.072,49.8707],[-71.0566,49.903],[-71.0692,49.922],[-71.1097,49.9277],[-71.2403,49.8923],[-71.461,49.8156],[-71.5772,49.7707],[-71.5888,49.7578],[-71.5791,49.7417],[-71.548,49.7223],[-71.5368,49.708],[-71.5456,49.6987],[-71.565,49.6939],[-71.595,49.6935],[-71.63,49.7012],[-71.67,49.7172],[-71.705,49.7262],[-71.735,49.7282],[-71.77,49.7209],[-71.81,49.7044],[-71.9,49.6836],[-72.04,49.6586],[-72.155,49.6278],[-72.245,49.5911],[-72.3398,49.5656],[-72.4395,49.5513],[-72.4963,49.5669],[-72.5102,49.6122],[-72.5013,49.6576],[-72.4695,49.7029],[-72.449,49.7546],[-72.4399,49.8127],[-72.4216,49.8514],[-72.3943,49.8707],[-72.3524,49.9158],[-72.2962,49.9866],[-72.2685,50.0379],[-72.2695,50.0696],[-72.24,50.1001],[-72.18,50.1293],[-72.1202,50.168],[-72.0607,50.216],[-72.0507,50.2566],[-72.0902,50.2898],[-72.0868,50.3153],[-72.0405,50.3332],[-71.9755,50.3496],[-71.8918,50.3644],[-71.815,50.3828],[-71.745,50.4048],[-71.68,50.4326],[-71.62,50.4662],[-71.58,50.4829],[-71.56,50.4828],[-71.53,50.4734],[-71.49,50.4547],[-71.41,50.4524],[-71.29,50.4664],[-71.195,50.4666],[-71.125,50.4531],[-71.075,50.4476],[-71.045,50.4501],[-70.995,50.4643],[-70.925,50.4902],[-70.84,50.5036],[-70.74,50.5045],[-70.6687,50.5216],[-70.626,50.5548],[-70.6144,50.5841],[-70.634,50.6095],[-70.6058,50.6317],[-70.5298,50.6507],[-70.4808,50.6761],[-70.4589,50.7078],[-70.4184,50.7415],[-70.3595,50.7773],[-70.3207,50.8121],[-70.3022,50.8458],[-70.1772,50.914],[-69.9457,51.0164],[-69.6397,51.1201],[-69.259,51.225],[-69.014,51.2848],[-68.9047,51.2995],[-68.78,51.325],[-68.64,51.361],[-68.4885,51.3849],[-68.3254,51.3965],[-68.2416,51.3961],[-68.2371,51.3837],[-68.26,51.3462],[-68.3103,51.2837],[-68.3361,51.2336],[-68.3374,51.196],[-68.3611,51.1521],[-68.4073,51.1019],[-68.4292,51.0674],[-68.4268,51.0485],[-68.4067,51.0296],[-68.3689,51.0107],[-68.3478,50.9855],[-68.3434,50.9541],[-68.3766,50.9037],[-68.4475,50.8343],[-68.4707,50.7837],[-68.4462,50.7521],[-68.4362,50.7204],[-68.4408,50.6888],[-68.4656,50.6349],[-68.5106,50.5587],[-68.5314,50.4983],[-68.5279,50.4537],[-68.5387,50.4092],[-68.5637,50.3645],[-68.5761,50.3294],[-68.5758,50.3039],[-68.6217,50.2272],[-68.7137,50.099],[-68.7609,50.0156],[-68.7633,49.977],[-68.7836,49.9319],[-68.8217,49.8804],[-68.8499,49.8224],[-68.8681,49.7578],[-68.8638,49.7061],[-68.8371,49.6673],[-68.8234,49.6349],[-68.8229,49.609],[-68.8429,49.5733],[-68.8835,49.5279],[-68.9265,49.463],[-68.9718,49.3784],[-68.9953,49.3295],[-68.9968,49.3165],[-68.9875,49.3002],[-68.9673,49.2806],[-68.9812,49.2676],[-69.029,49.2611],[-69.0589,49.2513],[-69.071,49.2382],[-69.0744,49.2186],[-69.0693,49.1925],[-69.0712,49.1729],[-69.0803,49.1598],[-69.1417,49.1205],[-69.2554,49.055],[-69.3238,48.9894],[-69.3468,48.9238],[-69.3606,48.8646],[-69.365,48.8119],[-69.3761,48.7757],[-69.3938,48.7559],[-69.4245,48.7349],[-69.4682,48.7127],[-69.4999,48.6863],[-69.5198,48.6557],[-69.5597,48.6239],[-69.6198,48.5908],[-69.648,48.5577],[-69.6443,48.5246],[-69.6343,48.5007],[-69.6181,48.4861],[-69.575,48.4715],[-69.505,48.457],[-69.4686,48.4312],[-69.4657,48.394],[-69.4707,48.3644],[-69.4836,48.3425],[-69.545,48.2783],[-69.655,48.1717],[-69.735,48.1098],[-69.785,48.0928],[-69.8506,48.0537],[-69.9318,47.9925],[-70.0202,47.9451],[-70.1156,47.9116],[-70.17,47.8746],[-70.1833,47.8341],[-70.2232,47.7938],[-70.2895,47.7537],[-70.3485,47.7034],[-70.4001,47.6428],[-70.442,47.6103],[-70.474,47.6059],[-70.52,47.6078],[-70.58,47.6161],[-70.6377,47.6082],[-70.6931,47.5841],[-70.7882,47.518],[-70.9231,47.4098],[-71.0686,47.3082],[-71.2249,47.2132],[-71.3148,47.1471],[-71.3383,47.1102],[-71.3692,47.0796],[-71.4077,47.0552],[-71.4245,47.026],[-71.4194,46.9919],[-71.4402,46.9477],[-71.4867,46.8935],[-71.56,46.86],[-71.66,46.8474],[-71.7219,46.8336],[-71.7458,46.8184],[-71.7614,46.8006],[-71.7688,46.78],[-71.7651,46.7595],[-71.7501,46.7389],[-71.7345,46.7248],[-71.7182,46.717],[-71.69,46.7135],[-71.65,46.7142],[-71.6192,46.7078],[-71.5977,46.6943],[-71.5846,46.6532],[-71.5798,46.5845],[-71.6156,46.5189],[-71.6919,46.4564],[-71.745,46.4219],[-71.775,46.4155],[-71.805,46.4199],[-71.835,46.4352],[-71.86,46.4409],[-71.88,46.4367],[-71.9074,46.4222],[-71.9421,46.3973],[-71.9721,46.3665],[-71.9974,46.3298],[-72.043,46.2918],[-72.109,46.2525],[-72.1483,46.2224],[-72.1608,46.2017],[-72.1628,46.1859],[-72.1543,46.1751],[-72.14,46.1692],[-72.12,46.1681],[-72.08,46.1771],[-72.02,46.1962],[-71.97,46.2064],[-71.93,46.2077],[-71.89,46.2251],[-71.85,46.2588],[-71.823,46.2718],[-71.8091,46.2643],[-71.8126,46.2501],[-71.8336,46.2294],[-71.8354,46.2086],[-71.818,46.1878],[-71.8145,46.1684],[-71.8248,46.1503],[-71.875,46.1268],[-71.965,46.0978],[-72.0372,46.0687],[-72.0915,46.0395],[-72.1515,45.9975],[-72.2172,45.9427],[-72.29,45.9045],[-72.37,45.8832],[-72.435,45.8719],[-72.485,45.8707],[-72.525,45.8797],[-72.555,45.8989],[-72.59,45.9047],[-72.63,45.897],[-72.68,45.9052],[-72.74,45.9292],[-72.79,45.9378],[-72.8299,45.931],[-72.8862,45.9067],[-72.959,45.8649],[-73.042,45.8022],[-73.1353,45.7185],[-73.1886,45.6277],[-73.202,45.5297],[-73.2174,45.4701],[-73.2348,45.449],[-73.3239,45.3823],[-73.4846,45.2698],[-73.5636,45.1994],[-73.5611,45.1712],[-73.5323,45.144],[-73.4774,45.1177],[-73.3729,45.1354],[-73.2186,45.1969],[-73.0786,45.2464],[-72.9529,45.284],[-72.8427,45.3262],[-72.7481,45.373],[-72.6952,45.4069],[-72.684,45.428],[-72.6909,45.4525],[-72.7158,45.4806],[-72.7037,45.5208],[-72.6546,45.5732],[-72.52,45.6457],[-72.3,45.7382],[-72.1324,45.7784],[-72.0171,45.7664],[-71.9705,45.7394],[-71.9925,45.6976],[-72.0852,45.6286],[-72.2484,45.5324],[-72.4,45.4595],[-72.54,45.4099],[-72.651,45.3598],[-72.7331,45.3092],[-72.7831,45.2664],[-72.801,45.2315],[-72.9135,45.168],[-73.1204,45.0761],[-73.2654,45.0037],[-73.3485,44.9509],[-73.405,44.9219],[-73.435,44.9167],[-73.475,44.9262],[-73.525,44.9503],[-73.595,44.9649],[-73.685,44.97],[-73.79,44.9472],[-73.91,44.8966],[-74.005,44.866],[-74.075,44.8553],[-74.125,44.8413],[-74.155,44.8239],[-74.1958,44.8087],[-74.2474,44.7957],[-74.2854,44.7537],[-74.3098,44.6827],[-74.3189,44.64],[-74.3128,44.6257],[-74.2998,44.6151],[-74.2799,44.6081],[-74.245,44.6059],[-74.195,44.6084],[-74.13,44.6239],[-74.05,44.6522],[-74.0042,44.658],[-73.9926,44.6412],[-73.9708,44.6257],[-73.9386,44.6115],[-73.9265,44.5973],[-73.9345,44.583],[-73.9514,44.5703],[-73.9771,44.559],[-74.015,44.5536],[-74.065,44.554],[-74.165,44.5406],[-74.315,44.5134],[-74.4078,44.4868],[-74.4434,44.4606],[-74.466,44.4297],[-74.4756,44.394],[-74.5178,44.3569],[-74.5926,44.3186],[-74.6512,44.2829],[-74.6936,44.2496],[-74.7286,44.2314],[-74.7562,44.2281],[-74.8,44.2336],[-74.86,44.2476],[-74.93,44.2419],[-75.01,44.2164],[-75.0634,44.1858],[-75.0902,44.1503],[-75.0909,44.1146],[-75.0654,44.0787],[-75.077,44.0467],[-75.1257,44.0188],[-75.17,44.0014],[-75.21,43.9947],[-75.265,43.9764],[-75.335,43.9466],[-75.42,43.9365],[-75.52,43.9461],[-75.6,43.9451],[-75.66,43.9334],[-75.715,43.9289],[-75.765,43.9317],[-75.7991,43.929],[-75.8172,43.9209],[-75.8261,43.8916],[-75.8259,43.8411],[-75.8369,43.7942],[-75.859,43.7509],[-75.905,43.7122],[-75.975,43.6782],[-76.0168,43.6529],[-76.0305,43.6363],[-76.0264,43.6135],[-76.0047,43.5845],[-76.0279,43.5601],[-76.096,43.5401],[-76.1419,43.5184],[-76.1657,43.4948],[-76.1657,43.4779],[-76.1419,43.4677],[-76.095,43.4628],[-76.025,43.463],[-75.965,43.4527],[-75.915,43.4316],[-75.8832,43.4111],[-75.8696,43.3913],[-75.8296,43.3713],[-75.7632,43.3513],[-75.7534,43.304],[-75.8001,43.2294],[-75.8901,43.209],[-76.0234,43.243],[-76.16,43.2563],[-76.3,43.2489],[-76.42,43.2386],[-76.52,43.2252],[-76.5798,43.2118],[-76.5994,43.1987],[-76.6094,43.1806],[-76.6098,43.1577],[-76.67,43.1387],[-76.79,43.1236],[-76.865,43.1044],[-76.895,43.0812],[-77.045,43.0558],[-77.315,43.0283],[-77.4581,43.0077],[-77.4742,42.9943],[-77.4874,42.9693],[-77.4975,42.9327],[-77.5275,42.8924],[-77.5773,42.8484],[-77.598,42.8154],[-77.5895,42.7934],[-77.5591,42.7714],[-77.5068,42.7493],[-77.4922,42.7273],[-77.5152,42.7053],[-77.526,42.6759],[-77.5246,42.6391],[-77.5405,42.6097],[-77.5735,42.5878],[-77.5933,42.562],[-77.6,42.5324],[-77.6133,42.5065],[-77.6333,42.4844],[-77.6315,42.4623],[-77.6081,42.4401],[-77.5976,42.4217],[-77.5998,42.4069],[-77.6132,42.3921],[-77.6377,42.3772],[-77.69,42.3648],[-77.77,42.3549],[-77.8219,42.3402],[-77.8456,42.3206],[-77.8552,42.2997],[-77.8506,42.2775],[-77.8295,42.2516],[-77.7919,42.222],[-77.8023,42.2018],[-77.8608,42.1911],[-77.955,42.1867],[-78.085,42.1886],[-78.1673,42.1829],[-78.202,42.1695],[-78.217,42.1533],[-78.2123,42.1345],[-78.185,42.112],[-78.135,42.0858],[-78.08,42.0706],[-78.02,42.0663],[-77.95,42.0681],[-77.87,42.0759],[-77.825,42.0697],[-77.815,42.0493],[-77.885,42.0153],[-78.035,41.9675],[-78.115,41.9447],[-78.125,41.9469],[-78.1313,41.9571],[-78.1339,41.9754],[-78.1489,41.9908],[-78.1763,42.0033],[-78.24,42.0099],[-78.34,42.0106],[-78.43,42.0009],[-78.51,41.9809],[-78.585,41.9737],[-78.655,41.9794],[-78.73,41.9757],[-78.81,41.9626],[-78.98,41.9613],[-79.24,41.9718],[-79.475,41.9694],[-79.685,41.954],[-79.855,41.9611],[-79.985,41.9906],[-80.0828,42.0002],[-80.1484,41.9898],[-80.1734,41.9763],[-80.1578,41.9596],[-80.0991,41.9373],[-79.9972,41.9093],[-79.9172,41.8815],[-79.8591,41.8537],[-79.715,41.8349],[-79.485,41.825],[-79.32,41.813],[-79.22,41.7991],[-79.11,41.7917],[-78.99,41.7909],[-78.89,41.7753],[-78.81,41.7449],[-78.6971,41.7115],[-78.5512,41.6749],[-78.4762,41.6452],[-78.4721,41.6223],[-78.52,41.59],[-78.62,41.548],[-78.685,41.5254],[-78.715,41.522],[-78.7423,41.5395],[-78.7669,41.5777],[-78.8269,41.6106],[-78.9223,41.6382],[-78.9817,41.6643],[-79.0051,41.6891],[-79.0301,41.7068],[-79.0567,41.7173],[-79.135,41.7235],[-79.265,41.7253],[-79.38,41.7389],[-79.48,41.7643],[-79.5799,41.7656],[-79.6796,41.7427],[-79.7271,41.7239],[-79.7223,41.7089],[-79.6924,41.6845],[-79.6375,41.6504],[-79.58,41.6299],[-79.52,41.6228],[-79.425,41.6002],[-79.295,41.562],[-79.195,41.5416],[-79.125,41.5392],[-79.06,41.5304],[-79.0,41.5155],[-78.9414,41.489],[-78.8843,41.4511],[-78.8589,41.4246],[-78.8652,41.4096],[-78.8816,41.3946],[-78.9081,41.3796],[-78.9685,41.3708],[-79.0628,41.3683],[-79.135,41.3728],[-79.185,41.3845],[-79.23,41.3787],[-79.27,41.3554],[-79.3186,41.3471],[-79.3757,41.3538],[-79.4133,41.3646],[-79.4315,41.3796],[-79.4286,41.3946],[-79.4046,41.4096],[-79.3931,41.4246],[-79.3942,41.4396],[-79.4436,41.4793],[-79.5412,41.5437],[-79.655,41.5913],[-79.785,41.6222],[-79.91,41.6441],[-80.03,41.6568],[-80.1394,41.6765],[-80.2381,41.7031],[-80.3481,41.7432],[-80.4694,41.7967],[-80.5636,41.819],[-80.6307,41.8103],[-80.7107,41.8161],[-80.8036,41.8363],[-80.865,41.8584],[-80.895,41.8824],[-80.9312,41.8946],[-80.9735,41.8951],[-81.034,41.9065],[-81.1125,41.9288],[-81.1413,41.9447]],[[-71.8518,46.2506],[-71.8506,46.2586],[-71.84,46.2621],[-71.82,46.261],[-71.815,46.2554],[-71.825,46.2452],[-71.8356,46.2417],[-71.8468,46.245],[-71.8518,46.2506]],[[-81.132,41.944],[-81.1173,41.9519],[-81.0983,41.9519],[-81.0748,41.944],[-81.0648,41.9363],[-81.0683,41.929],[-81.0873,41.929],[-81.122,41.9363],[-81.132,41.944]],[[-81.0267,41.9362],[-80.9895,41.9586],[-80.9872,41.9846],[-81.0198,42.0143],[-81.0064,42.044],[-80.9471,42.0737],[-80.8345,42.096],[-80.6688,42.1108],[-80.5835,42.1257],[-80.5787,42.1405],[-80.6097,42.1568],[-80.6766,42.1746],[-80.71,42.1903],[-80.71,42.2039],[-80.615,42.2033],[-80.425,42.1886],[-80.31,42.1955],[-80.27,42.2239],[-80.2,42.2455],[-80.1,42.2604],[-80.02,42.2769],[-79.96,42.2952],[-79.86,42.3118],[-79.72,42.3268],[-79.6426,42.3395],[-79.6279,42.35],[-79.6221,42.3663],[-79.625,42.3884],[-79.6074,42.409],[-79.5691,42.4278],[-79.475,42.4486],[-79.325,42.4712],[-79.2348,42.4802],[-79.2044,42.4756],[-79.1894,42.4534],[-79.1898,42.4134],[-79.175,42.3894],[-79.145,42.3811],[-79.0901,42.39],[-79.0103,42.4161],[-78.9501,42.4475],[-78.9095,42.4844],[-78.8394,42.5141],[-78.7398,42.5365],[-78.6655,42.5697],[-78.6164,42.6135],[-78.5757,42.6611],[-78.5432,42.7126],[-78.5028,42.7453],[-78.4543,42.7592],[-78.4178,42.7776],[-78.3934,42.8003],[-78.385,42.8374],[-78.3928,42.8887],[-78.415,42.9228],[-78.4517,42.9397],[-78.54,42.9508],[-78.68,42.9561],[-78.79,42.9647],[-78.87,42.9767],[-78.9561,43.0059],[-79.0484,43.0521],[-79.1003,43.0862],[-79.1121,43.1081],[-79.1009,43.1232],[-79.067,43.1313],[-79.0,43.1255],[-78.9,43.1057],[-78.82,43.0963],[-78.76,43.0972],[-78.61,43.0824],[-78.37,43.0518],[-78.25,43.0518],[-78.25,43.0824],[-78.2,43.102],[-78.1,43.1107],[-78.0251,43.1307],[-77.9752,43.1619],[-77.9602,43.1858],[-77.9801,43.2025],[-78.035,43.2255],[-78.125,43.2548],[-78.24,43.2753],[-78.38,43.2872],[-78.45,43.2973],[-78.45,43.3055],[-78.43,43.3136],[-78.39,43.3217],[-78.36,43.3372],[-78.34,43.3602],[-78.2799,43.3668],[-78.1796,43.3571],[-78.0896,43.3433],[-78.0099,43.3255],[-77.915,43.3138],[-77.805,43.3083],[-77.725,43.3095],[-77.675,43.3173],[-77.62,43.3144],[-77.56,43.3006],[-77.485,43.295],[-77.395,43.2978],[-77.32,43.3082],[-77.26,43.3261],[-77.2132,43.3502],[-77.1797,43.3807],[-77.1722,43.4213],[-77.1906,43.4721],[-77.1821,43.5157],[-77.1466,43.5519],[-77.1442,43.5807],[-77.1747,43.6021],[-77.2127,43.6202],[-77.2581,43.635],[-77.2807,43.6533],[-77.2806,43.675],[-77.2892,43.6967],[-77.3065,43.7184],[-77.2088,43.7711],[-76.9963,43.8547],[-76.8652,43.9195],[-76.8155,43.9657],[-76.792,44.0032],[-76.7947,44.032],[-76.7895,44.0569],[-76.7765,44.0779],[-76.7143,44.0959],[-76.603,44.1107],[-76.5351,44.129],[-76.5109,44.1505],[-76.4959,44.172],[-76.49,44.1935],[-76.5229,44.2271],[-76.5943,44.2726],[-76.665,44.3001],[-76.735,44.3097],[-76.855,44.3017],[-77.025,44.276],[-77.1591,44.2628],[-77.2574,44.262],[-77.2574,44.2806],[-77.1591,44.3186],[-77.055,44.3478],[-76.945,44.3682],[-76.8423,44.3957],[-76.7469,44.4303],[-76.6319,44.4566],[-76.4973,44.4748],[-76.395,44.4827],[-76.325,44.4801],[-76.255,44.4869],[-76.185,44.503],[-76.1262,44.5202],[-76.0787,44.5383],[-76.0218,44.5688],[-75.9555,44.6115],[-75.8525,44.6613],[-75.7127,44.7182],[-75.6448,44.7537],[-75.6487,44.7679],[-75.6905,44.7796],[-75.7702,44.7888],[-75.91,44.785],[-76.11,44.7683],[-76.23,44.7635],[-76.27,44.7706],[-76.2906,44.7779],[-76.2917,44.7855],[-76.2805,44.7999],[-76.2569,44.8212],[-76.2114,44.8461],[-76.1438,44.8748],[-75.9905,44.9315],[-75.7514,45.0161],[-75.628,45.0654],[-75.6202,45.0795],[-75.6297,45.0958],[-75.6566,45.1142],[-75.71,45.12],[-75.79,45.1133],[-75.8487,45.1288],[-75.8861,45.1665],[-75.8911,45.1959],[-75.8637,45.2171],[-75.7825,45.2488],[-75.6474,45.291],[-75.5513,45.3296],[-75.4942,45.3648],[-75.4643,45.3929],[-75.4618,45.4139],[-75.4779,45.4298],[-75.5126,45.4403],[-75.575,45.4385],[-75.665,45.4243],[-75.725,45.4243],[-75.755,45.4383],[-75.805,45.4475],[-75.875,45.4519],[-75.965,45.4484],[-76.075,45.4372],[-76.1404,45.4403],[-76.1613,45.4578],[-76.1624,45.4736],[-76.1439,45.4876],[-76.0648,45.5192],[-75.9253,45.5682],[-75.8555,45.6032],[-75.8556,45.6242],[-75.8839,45.6451],[-75.9405,45.6661],[-75.9391,45.6945],[-75.8797,45.7302],[-75.8077,45.765],[-75.7232,45.7991],[-75.6758,45.8231],[-75.6656,45.8371],[-75.6646,45.8615],[-75.6728,45.8963],[-75.6353,45.938],[-75.5523,45.9867],[-75.4856,46.0471],[-75.4352,46.1192],[-75.3772,46.1746],[-75.3116,46.2134],[-75.2327,46.2778],[-75.1406,46.3675],[-75.0925,46.4193],[-75.0882,46.4331],[-75.0921,46.4459],[-75.104,46.4579],[-75.15,46.4583],[-75.23,46.4472],[-75.305,46.4184],[-75.375,46.3717],[-75.45,46.3469],[-75.53,46.3438],[-75.6,46.3335],[-75.66,46.3161],[-75.71,46.2935],[-75.75,46.2659],[-75.855,46.2372],[-76.025,46.2075],[-76.1329,46.175],[-76.1788,46.1397],[-76.196,46.0978],[-76.1845,46.0492],[-76.1866,46.0121],[-76.2022,45.9866],[-76.254,45.9518],[-76.342,45.9078],[-76.4717,45.858],[-76.6429,45.8022],[-76.7939,45.7697],[-76.9246,45.7606],[-77.0699,45.7361],[-77.2298,45.6964],[-77.3103,45.6696],[-77.3114,45.6556],[-77.3034,45.6451],[-77.2863,45.6381],[-77.1904,45.6172],[-77.0155,45.5822],[-76.9244,45.5577],[-76.9169,45.5437],[-76.9274,45.5307],[-76.9558,45.5188],[-77.05,45.52],[-77.21,45.5342],[-77.33,45.5399],[-77.41,45.5368],[-77.505,45.5228],[-77.615,45.4978],[-77.775,45.4716],[-77.985,45.444],[-78.115,45.4402],[-78.165,45.4601],[-78.21,45.4697],[-78.25,45.4692],[-78.301,45.4543],[-78.3629,45.4251],[-78.3986,45.3788],[-78.4081,45.3156],[-78.4321,45.2834],[-78.4707,45.2823],[-78.54,45.2703],[-78.64,45.2475],[-78.6972,45.241],[-78.7115,45.2508],[-78.7235,45.291],[-78.7333,45.3613],[-78.7211,45.4127],[-78.687,45.4454],[-78.635,45.4797],[-78.565,45.5158],[-78.52,45.5615],[-78.5,45.6168],[-78.45,45.682],[-78.37,45.7571],[-78.275,45.8303],[-78.165,45.9015],[-78.065,45.9508],[-77.975,45.9783],[-77.9084,46.0072],[-77.8651,46.0375],[-77.8051,46.0644],[-77.7284,46.0877],[-77.6743,46.0982],[-77.6429,46.0956],[-77.6229,46.0811],[-77.6143,46.0548],[-77.555,46.0296],[-77.445,46.0054],[-77.36,45.9931],[-77.3,45.9928],[-77.24,45.997],[-77.18,46.0057],[-77.1274,46.0276],[-77.0822,46.0628],[-76.9422,46.0877],[-76.7074,46.1022],[-76.55,46.1192],[-76.47,46.1387],[-76.4234,46.1557],[-76.4102,46.1702],[-76.4152,46.1868],[-76.4384,46.2054],[-76.5286,46.2227],[-76.6857,46.2387],[-76.7672,46.2501],[-76.773,46.257],[-76.7424,46.2778],[-76.6754,46.3123],[-76.6539,46.3422],[-76.678,46.3675],[-76.735,46.3771],[-76.825,46.3709],[-76.9035,46.379],[-76.9706,46.4013],[-76.9972,46.4227],[-76.9832,46.4434],[-76.9547,46.4602],[-76.9116,46.4732],[-76.865,46.4949],[-76.815,46.5252],[-76.705,46.558],[-76.535,46.5932],[-76.39,46.617],[-76.27,46.6293],[-76.13,46.6666],[-75.97,46.7289],[-75.84,46.7636],[-75.74,46.7708],[-75.6574,46.7903],[-75.5923,46.8222],[-75.5323,46.845],[-75.4774,46.8586],[-75.445,46.8651],[-75.435,46.8644],[-75.4231,46.8269],[-75.4093,46.7523],[-75.3693,46.7035],[-75.3031,46.6807],[-75.2,46.6967],[-75.06,46.7515],[-74.955,46.8162],[-74.885,46.8906],[-74.82,46.9335],[-74.76,46.9449],[-74.6957,46.9669],[-74.6272,46.9995],[-74.5843,47.026],[-74.5671,47.0465],[-74.5663,47.0626],[-74.5821,47.0743],[-74.64,47.0934],[-74.74,47.1199],[-74.83,47.1195],[-74.91,47.0922],[-74.97,47.0777],[-75.01,47.076],[-75.05,47.0875],[-75.09,47.1122],[-75.1279,47.128],[-75.1636,47.1349],[-75.1798,47.1452],[-75.1766,47.1588],[-75.1288,47.1786],[-75.0363,47.2047],[-74.92,47.2186],[-74.78,47.2203],[-74.6685,47.2412],[-74.5856,47.2813],[-74.5056,47.306],[-74.4285,47.3153],[-74.365,47.3391],[-74.315,47.3774],[-74.2836,47.41],[-74.2707,47.4369],[-74.2673,47.4605],[-74.2734,47.4808],[-74.2948,47.4974],[-74.3316,47.5104],[-74.3625,47.5273],[-74.3874,47.5481],[-74.4374,47.5667],[-74.5125,47.5832],[-74.565,47.5897],[-74.595,47.5863],[-74.63,47.575],[-74.67,47.5561],[-74.715,47.5488],[-74.765,47.5532],[-74.81,47.5476],[-74.85,47.5318],[-74.8804,47.5258],[-74.9013,47.5296],[-74.9213,47.5607],[-74.9404,47.619],[-74.96,47.6508],[-74.98,47.6561],[-75.01,47.6536],[-75.05,47.6432],[-75.0741,47.6417],[-75.0822,47.6492],[-75.0822,47.6578],[-75.0741,47.6676],[-75.05,47.6748],[-75.01,47.6794],[-74.975,47.6911],[-74.945,47.7099],[-74.915,47.7379],[-74.885,47.775],[-74.845,47.793],[-74.795,47.792],[-74.685,47.8206],[-74.515,47.8787],[-74.41,47.9075],[-74.37,47.907],[-74.33,47.9117],[-74.29,47.9215],[-74.2316,47.942],[-74.1549,47.9731],[-74.0299,48.0104],[-73.8566,48.0538],[-73.75,48.085],[-73.71,48.1041],[-73.605,48.1335],[-73.435,48.1731],[-73.305,48.2121],[-73.215,48.2504],[-73.13,48.2776],[-73.05,48.2937],[-73.01,48.2824],[-73.01,48.2438],[-73.0253,48.2157],[-73.0558,48.1979],[-73.0558,48.1953],[-73.0253,48.2077],[-72.97,48.2111],[-72.89,48.2054],[-72.8029,48.2125],[-72.7088,48.2324],[-72.6338,48.2247],[-72.5779,48.1893],[-72.53,48.1696],[-72.49,48.1657],[-72.45,48.1523],[-72.41,48.1293],[-72.38,48.1175],[-72.36,48.1171],[-72.335,48.1304],[-72.305,48.1574],[-72.26,48.1868],[-72.2,48.2186],[-72.15,48.2383],[-72.11,48.2458],[-72.0675,48.2611],[-72.0224,48.2841],[-71.9909,48.3255],[-71.973,48.3854],[-71.9905,48.4389],[-72.0435,48.4863],[-72.0698,48.5161],[-72.0695,48.5284],[-72.0145,48.5498],[-71.9048,48.5802],[-71.815,48.5967],[-71.745,48.5993],[-71.69,48.5929],[-71.65,48.5773],[-71.615,48.5698],[-71.585,48.5705],[-71.485,48.5964],[-71.315,48.6477],[-71.1708,48.6849],[-71.0525,48.7081],[-70.9925,48.7366],[-70.9908,48.7703],[-70.995,48.7922],[-71.005,48.8023],[-71.0207,48.8085],[-71.0422,48.8108],[-71.0222,48.8336],[-70.9607,48.8767],[-70.8979,48.9096],[-70.8337,48.9322],[-70.7754,48.9796],[-70.7229,49.0518],[-70.6975,49.0943],[-70.6991,49.1074],[-70.7074,49.117],[-70.7225,49.1231],[-70.76,49.126],[-70.82,49.1259],[-70.84,49.1387],[-70.82,49.1643],[-70.785,49.1818],[-70.735,49.1912],[-70.6648,49.2212],[-70.5743,49.2717],[-70.5075,49.3132],[-70.4643,49.3458],[-70.4307,49.3784],[-70.4067,49.4109],[-70.3988,49.4435],[-70.407,49.476],[-70.4058,49.5182],[-70.3954,49.5701],[-70.4101,49.6083],[-70.45,49.6327],[-70.49,49.6444],[-70.53,49.6434],[-70.5979,49.6247],[-70.6938,49.5883],[-70.7538,49.5709],[-70.7779,49.5727],[-70.7685,49.5954],[-70.7256,49.639],[-70.6441,49.6802],[-70.5242,49.719],[-70.4481,49.7578],[-70.4156,49.7966],[-70.3555,49.845],[-70.2677,49.903],[-70.2211,49.9384],[-70.2158,49.9513],[-70.2224,49.9641],[-70.2411,49.977],[-70.2513,49.9931],[-70.2529,50.0123],[-70.2577,50.0258],[-70.2659,50.0334],[-70.285,50.0365],[-70.315,50.0352],[-70.355,50.026],[-70.405,50.009],[-70.445,49.9879],[-70.475,49.9627],[-70.515,49.9518],[-70.565,49.9554],[-70.655,49.9393],[-70.785,49.9034],[-70.875,49.8731],[-70.925,49.8483],[-70.97,49.8334],[-71.01,49.8285],[-71.0421,49.83],[-71.0662,49.8378],[-71.0686,49.8611],[-71.0492,49.8997],[-71.0621,49.9228],[-71.1074,49.9304],[-71.243,49.895],[-71.4689,49.8165],[-71.588,49.7707],[-71.6002,49.7578],[-71.5922,49.7444],[-71.5641,49.7306],[-71.55,49.7173],[-71.55,49.7046],[-71.565,49.6977],[-71.595,49.6966],[-71.63,49.7052],[-71.67,49.7234],[-71.705,49.7328],[-71.735,49.7334],[-71.77,49.7248],[-71.81,49.7071],[-71.9,49.686],[-72.04,49.6616],[-72.155,49.631],[-72.245,49.5944],[-72.3351,49.5681],[-72.4253,49.5521],[-72.4772,49.5474],[-72.4907,49.5539],[-72.5007,49.5766],[-72.5073,49.6155],[-72.4948,49.6576],[-72.4631,49.7029],[-72.443,49.7519],[-72.4343,49.8047],[-72.4142,49.8434],[-72.3827,49.8681],[-72.3395,49.9158],[-72.2848,49.9866],[-72.2583,50.0348],[-72.26,50.0605],[-72.2003,50.1151],[-72.0793,50.1984],[-72.0403,50.2559],[-72.0834,50.2879],[-72.0812,50.3134],[-72.0337,50.3325],[-71.935,50.3582],[-71.785,50.3904],[-71.6771,50.4223],[-71.6113,50.4539],[-71.5513,50.4608],[-71.4971,50.4432],[-71.415,50.4406],[-71.305,50.4531],[-71.21,50.454],[-71.13,50.4433],[-71.04,50.4503],[-70.94,50.475],[-70.835,50.4906],[-70.725,50.4974],[-70.6492,50.5152],[-70.6076,50.5442],[-70.5852,50.5746],[-70.5819,50.6063],[-70.5538,50.6317],[-70.501,50.6507],[-70.4634,50.6758],[-70.4411,50.7068],[-70.4031,50.7385],[-70.3492,50.7707],[-70.3102,50.8058],[-70.2861,50.8437],[-70.1938,50.9005],[-70.0334,50.9762],[-69.8808,51.0391],[-69.736,51.0894],[-69.5402,51.1448],[-69.2934,51.2054],[-69.1526,51.243],[-69.1179,51.2576],[-69.049,51.2712],[-68.946,51.2837],[-68.8956,51.2837],[-68.8978,51.2712],[-68.9267,51.2605],[-68.9822,51.2517],[-69.0342,51.236],[-69.0826,51.2135],[-69.1072,51.1835],[-69.108,51.1459],[-69.1236,51.0988],[-69.1539,51.0422],[-69.2843,50.9392],[-69.5148,50.7894],[-69.6584,50.6881],[-69.7151,50.6357],[-69.7416,50.5968],[-69.738,50.5714],[-69.7096,50.5553],[-69.6565,50.5486],[-69.5885,50.574],[-69.5054,50.6315],[-69.4087,50.6824],[-69.2984,50.7268],[-69.231,50.7489],[-69.2065,50.7489],[-69.2135,50.7331],[-69.2519,50.7014],[-69.2725,50.6761],[-69.2753,50.6571],[-69.268,50.6412],[-69.2506,50.6285],[-69.2555,50.6031],[-69.2827,50.565],[-69.3648,50.4955],[-69.5016,50.3944],[-69.6182,50.3274],[-69.7147,50.2947],[-69.8336,50.2176],[-69.9749,50.0958],[-70.0417,50.0262],[-70.0339,50.0088],[-70.0069,49.9959],[-69.9607,49.9876],[-69.9583,49.9416],[-69.9996,49.8579],[-69.9977,49.814],[-69.9526,49.81],[-69.925,49.7966],[-69.915,49.7737],[-69.87,49.7647],[-69.79,49.7696],[-69.6564,49.8121],[-69.4691,49.892],[-69.3691,49.9656],[-69.3564,50.0328],[-69.3174,50.0906],[-69.2521,50.139],[-69.2046,50.1824],[-69.1749,50.2208],[-69.1561,50.2527],[-69.1482,50.2783],[-69.1487,50.3039],[-69.1575,50.3294],[-69.1407,50.3581],[-69.0982,50.39],[-69.0231,50.4665],[-68.9154,50.5873],[-68.855,50.6729],[-68.842,50.7236],[-68.7979,50.7869],[-68.7228,50.8627],[-68.6833,50.9131],[-68.6795,50.9384],[-68.6857,50.9593],[-68.7019,50.976],[-68.725,50.9878],[-68.755,50.9948],[-68.795,50.9937],[-68.845,50.9845],[-68.8727,50.9822],[-68.878,50.9866],[-68.8781,51.0139],[-68.8729,51.0642],[-68.852,51.1082],[-68.8156,51.1459],[-68.8021,51.1992],[-68.8117,51.268],[-68.7548,51.321],[-68.6316,51.358],[-68.49,51.3815],[-68.33,51.3915],[-68.2483,51.3917],[-68.245,51.3822],[-68.2682,51.3462],[-68.3178,51.2837],[-68.3444,51.2327],[-68.3481,51.1933],[-68.3721,51.1494],[-68.4164,51.101],[-68.4364,51.0658],[-68.4321,51.0438],[-68.4101,51.0218],[-68.3702,50.9998],[-68.3501,50.9762],[-68.3496,50.951],[-68.3868,50.9005],[-68.4616,50.8248],[-68.4881,50.7711],[-68.4664,50.7394],[-68.4541,50.7109],[-68.4512,50.6856],[-68.472,50.6349],[-68.5166,50.5587],[-68.5366,50.501],[-68.5322,50.462],[-68.5441,50.4174],[-68.5722,50.3673],[-68.587,50.3262],[-68.5884,50.2943],[-68.6336,50.2176],[-68.7226,50.0958],[-68.7675,50.0156],[-68.7683,49.977],[-68.7872,49.9352],[-68.8243,49.8901],[-68.8463,49.8482],[-68.8534,49.8095],[-68.8663,49.7772],[-68.8851,49.7514],[-68.8924,49.7287],[-68.8882,49.7093],[-68.8721,49.6854],[-68.844,49.6569],[-68.83,49.6293],[-68.83,49.6024],[-68.8519,49.5648],[-68.8958,49.5164],[-68.942,49.4402],[-68.9904,49.336],[-69.0306,49.2741],[-69.0627,49.2545],[-69.0789,49.2251],[-69.0794,49.1859],[-69.1414,49.1271],[-69.2649,49.0485],[-69.3375,48.9697],[-69.3592,48.8908],[-69.395,48.8588],[-69.445,48.8738],[-69.4841,48.8772],[-69.5123,48.8688],[-69.5259,48.8547],[-69.525,48.835],[-69.5159,48.8189],[-69.4986,48.8065],[-69.4623,48.7999],[-69.4069,48.7991],[-69.3833,48.7889],[-69.3915,48.7691],[-69.4192,48.7455],[-69.4664,48.718],[-69.5009,48.6883],[-69.5227,48.6564],[-69.5645,48.6239],[-69.6261,48.5908],[-69.6502,48.5525],[-69.6367,48.509],[-69.62,48.4813],[-69.6,48.4694],[-69.5639,48.4581],[-69.5116,48.4472],[-69.4814,48.4285],[-69.4734,48.402],[-69.4755,48.3754],[-69.4877,48.3488],[-69.5478,48.2826],[-69.6559,48.1767],[-69.735,48.1149],[-69.785,48.0972],[-69.8524,48.0568],[-69.9371,47.9935],[-70.0269,47.9451],[-70.122,47.9116],[-70.1788,47.8714],[-70.1975,47.8244],[-70.2374,47.7841],[-70.2985,47.7505],[-70.3543,47.705],[-70.4048,47.6475],[-70.45,47.6162],[-70.49,47.6109],[-70.535,47.612],[-70.585,47.6193],[-70.6393,47.6102],[-70.6979,47.5847],[-70.7943,47.518],[-70.9284,47.4098],[-71.0736,47.3082],[-71.2298,47.2132],[-71.3196,47.1486],[-71.3431,47.1146],[-71.3742,47.0839],[-71.4129,47.0567],[-71.4358,47.0158],[-71.4427,46.9612],[-71.4621,46.9187],[-71.494,46.8883],[-71.56,46.8657],[-71.66,46.8509],[-71.7229,46.8353],[-71.7486,46.819],[-71.7655,46.8006],[-71.7737,46.78],[-71.7702,46.7595],[-71.755,46.7389],[-71.738,46.724],[-71.7193,46.7146],[-71.69,46.71],[-71.65,46.7101],[-71.62,46.7025],[-71.6,46.6874],[-71.591,46.6474],[-71.5929,46.5826],[-71.6296,46.5192],[-71.7011,46.4572],[-71.7501,46.4243],[-71.7767,46.4206],[-71.805,46.426],[-71.835,46.4406],[-71.86,46.4454],[-71.88,46.4405],[-71.9084,46.4247],[-71.9452,46.3981],[-71.9752,46.3678],[-71.9984,46.3338],[-72.045,46.2965],[-72.115,46.256],[-72.157,46.2246],[-72.1709,46.2024],[-72.1759,46.186],[-72.172,46.1753],[-72.16,46.1675],[-72.14,46.1627],[-72.065,46.1744],[-71.935,46.2027],[-71.8572,46.207],[-71.8315,46.1873],[-71.8215,46.1696],[-71.8272,46.1539],[-71.875,46.1314],[-71.965,46.1019],[-72.0391,46.0716],[-72.0972,46.0405],[-72.1572,45.9981],[-72.2191,45.9446],[-72.29,45.9072],[-72.37,45.8862],[-72.4299,45.8747],[-72.4697,45.8728],[-72.5047,45.8836],[-72.5349,45.9071],[-72.57,45.9167],[-72.61,45.9125],[-72.665,45.92],[-72.735,45.9391],[-72.79,45.9452],[-72.83,45.9381],[-72.8884,45.912],[-72.9651,45.8667],[-73.0495,45.8022],[-73.1418,45.7185],[-73.1949,45.6591],[-73.2091,45.6242],[-73.2158,45.5752],[-73.2152,45.5121],[-73.2237,45.4702],[-73.2412,45.4495],[-73.3318,45.3828],[-73.4954,45.27],[-73.575,45.1994],[-73.5707,45.1712],[-73.5389,45.1431],[-73.4796,45.1151],[-73.37,45.1325],[-73.21,45.1953],[-73.075,45.2426],[-72.965,45.2745],[-72.8526,45.3205],[-72.7379,45.3805],[-72.6786,45.421],[-72.6748,45.442],[-72.6834,45.4631],[-72.7042,45.4841],[-72.6934,45.5193],[-72.6511,45.5687],[-72.5235,45.6387],[-72.3104,45.7292],[-72.1481,45.7708],[-72.0364,45.7639],[-71.9805,45.7499],[-71.9803,45.729],[-71.9876,45.7091],[-72.0025,45.6903],[-72.09,45.6327],[-72.25,45.5364],[-72.4036,45.4617],[-72.5507,45.4088],[-72.6635,45.3578],[-72.7421,45.3085],[-72.7885,45.2697],[-72.8028,45.2414],[-72.8622,45.1991],[-72.9666,45.1429],[-73.0711,45.0936],[-73.1758,45.0512],[-73.2686,45.0042],[-73.3495,44.9524],[-73.4053,44.9241],[-73.4358,44.9192],[-73.4704,44.9275],[-73.5089,44.9487],[-73.5736,44.9664],[-73.6645,44.9805],[-73.777,44.9592],[-73.9109,44.9026],[-74.0109,44.8687],[-74.077,44.8575],[-74.125,44.8434],[-74.155,44.8262],[-74.1977,44.8105],[-74.253,44.7963],[-74.293,44.7537],[-74.3176,44.6827],[-74.3249,44.6373],[-74.315,44.6178],[-74.27,44.6086],[-74.19,44.6097],[-74.12,44.6229],[-74.06,44.6483],[-74.0044,44.6469],[-73.9532,44.6186],[-73.9312,44.5973],[-73.9384,44.583],[-73.954,44.5707],[-73.978,44.5604],[-74.015,44.5555],[-74.065,44.5562],[-74.17,44.5424],[-74.33,44.5143],[-74.423,44.4906],[-74.4489,44.4714],[-74.4676,44.4404],[-74.4791,44.3975],[-74.5446,44.3403],[-74.6641,44.2688],[-74.7704,44.2389],[-74.8635,44.2509],[-74.945,44.2447],[-75.015,44.2203],[-75.0686,44.1857],[-75.1058,44.1407],[-75.1101,44.1038],[-75.0814,44.0751],[-75.0878,44.0482],[-75.1293,44.0232],[-75.17,44.007],[-75.21,43.9996],[-75.265,43.9812],[-75.335,43.9516],[-75.42,43.9413],[-75.52,43.9503],[-75.635,43.9482],[-75.765,43.9351],[-75.835,43.8937],[-75.845,43.8241],[-75.8615,43.7743],[-75.8844,43.7442],[-75.9337,43.7039],[-76.0093,43.6533],[-76.0374,43.6135],[-76.018,43.5845],[-76.0387,43.5615],[-76.0996,43.5444],[-76.144,43.5227],[-76.1719,43.4962],[-76.1769,43.4774],[-76.159,43.4662],[-76.11,43.4596],[-76.03,43.4575],[-75.9631,43.4377],[-75.9093,43.4001],[-75.8461,43.3704],[-75.7735,43.3486],[-75.7604,43.3016],[-75.8068,43.2294],[-75.895,43.2127],[-76.025,43.2514],[-76.18,43.2644],[-76.36,43.2518],[-76.485,43.2388],[-76.555,43.2254],[-76.6078,43.2011],[-76.6433,43.1659],[-76.7183,43.1473],[-76.8328,43.1453],[-76.9172,43.1489],[-76.9717,43.1582],[-77.0026,43.1592],[-77.0099,43.1519],[-77.0077,43.1431],[-76.9959,43.1327],[-76.97,43.1251],[-76.93,43.1202],[-76.9119,43.1072],[-76.9157,43.0859],[-76.9607,43.0679],[-77.0469,43.0532],[-77.165,43.0432],[-77.315,43.0379],[-77.4136,43.027],[-77.4609,43.0104],[-77.5026,42.9876],[-77.5389,42.9583],[-77.5721,42.9144],[-77.6022,42.8557],[-77.6121,42.8154],[-77.6016,42.7934],[-77.5726,42.7714],[-77.525,42.7493],[-77.5111,42.7236],[-77.5309,42.6942],[-77.5381,42.6675],[-77.5327,42.6434],[-77.545,42.6209],[-77.575,42.6],[-77.595,42.5733],[-77.605,42.5408],[-77.6229,42.5118],[-77.6488,42.4861],[-77.6488,42.4592],[-77.6229,42.4309],[-77.612,42.4125],[-77.6159,42.4038],[-77.6359,42.3925],[-77.672,42.3784],[-77.715,42.3687],[-77.765,42.3636],[-77.8061,42.3522],[-77.8383,42.3345],[-77.8579,42.3145],[-77.8649,42.2923],[-77.8517,42.2627],[-77.8184,42.2257],[-77.8238,42.2029],[-77.8679,42.1943],[-77.96,42.1902],[-78.1,42.1903],[-78.1871,42.1798],[-78.2213,42.1586],[-78.2373,42.1368],[-78.235,42.1145],[-78.2029,42.0933],[-78.141,42.0731],[-78.04,42.0635],[-77.9,42.0643],[-77.8287,42.0596],[-77.8262,42.0492],[-77.8912,42.0321],[-78.0237,42.0083],[-78.115,42.0016],[-78.165,42.012],[-78.215,42.0149],[-78.265,42.0103],[-78.31,42.0115],[-78.35,42.0184],[-78.415,42.0106],[-78.505,41.9881],[-78.585,41.979],[-78.655,41.9834],[-78.73,41.9791],[-78.81,41.9662],[-78.98,41.9647],[-79.24,41.9745],[-79.475,41.9718],[-79.685,41.9565],[-79.855,41.9638],[-79.985,41.9937],[-80.0842,42.0026],[-80.1526,41.9906],[-80.1776,41.9758],[-80.1592,41.9581],[-80.115,41.9405],[-80.045,41.9228],[-79.96,41.8936],[-79.86,41.8527],[-79.59,41.8215],[-79.15,41.7998],[-78.89,41.7736],[-78.81,41.7428],[-78.6982,41.7097],[-78.5546,41.6743],[-78.4802,41.6454],[-78.475,41.623],[-78.5326,41.5894],[-78.6529,41.5445],[-78.7207,41.5258],[-78.7361,41.5333],[-78.7515,41.552],[-78.7669,41.5819],[-78.8235,41.6112],[-78.9212,41.6397],[-78.9805,41.6659],[-79.0014,41.6896],[-79.0264,41.7075],[-79.0555,41.7195],[-79.135,41.7262],[-79.265,41.7276],[-79.385,41.7413],[-79.495,41.7673],[-79.5968,41.768],[-79.6903,41.7436],[-79.734,41.7239],[-79.7279,41.7089],[-79.6961,41.6837],[-79.6387,41.6481],[-79.58,41.6269],[-79.52,41.6202],[-79.425,41.5977],[-79.295,41.5594],[-79.195,41.5389],[-79.125,41.5362],[-79.06,41.5275],[-79.0,41.5129],[-78.9422,41.4872],[-78.8866,41.4505],[-78.8621,41.4246],[-78.8686,41.4096],[-78.8853,41.3946],[-78.9121,41.3796],[-78.9716,41.3712],[-79.0639,41.3693],[-79.135,41.3742],[-79.185,41.3861],[-79.23,41.3805],[-79.27,41.3575],[-79.3165,41.3488],[-79.3696,41.3543],[-79.4062,41.3646],[-79.4262,41.3796],[-79.4238,41.3946],[-79.399,41.4096],[-79.3878,41.4246],[-79.39,41.4396],[-79.4459,41.482],[-79.5553,41.5518],[-79.71,41.6067],[-79.91,41.6466],[-80.03,41.6661],[-80.07,41.6652],[-80.1383,41.6776],[-80.235,41.7035],[-80.345,41.7447],[-80.4683,41.8014],[-80.56,41.8238],[-80.62,41.8122],[-80.7,41.817],[-80.8,41.8382],[-80.8635,41.8605],[-80.8905,41.8837],[-80.9255,41.896],[-80.9685,41.8975],[-81.0038,41.9049],[-81.0315,41.9184],[-81.0267,41.9362]],[[-70.0373,50.0316],[-70.0272,50.0509],[-69.9629,50.1054],[-69.8444,50.1952],[-69.7784,50.2495],[-69.7649,50.2687],[-69.7011,50.2998],[-69.587,50.3426],[-69.5134,50.3809],[-69.4802,50.4146],[-69.4212,50.4601],[-69.3365,50.5174],[-69.2789,50.565],[-69.2484,50.6031],[-69.2432,50.6349],[-69.2631,50.6602],[-69.247,50.6951],[-69.1947,50.7394],[-69.174,50.7623],[-69.1847,50.7637],[-69.2593,50.7384],[-69.3978,50.6863],[-69.5078,50.6348],[-69.5893,50.5838],[-69.645,50.5577],[-69.675,50.5565],[-69.7014,50.5598],[-69.7241,50.5675],[-69.7366,50.5809],[-69.7387,50.6],[-69.7328,50.619],[-69.7187,50.638],[-69.5746,50.7394],[-69.3004,50.9226],[-69.1479,51.0422],[-69.1172,51.0988],[-69.1038,51.1396],[-69.1076,51.1647],[-69.1046,51.1842],[-69.0949,51.1982],[-69.065,51.2149],[-69.015,51.2342],[-68.955,51.2441],[-68.885,51.2445],[-68.8416,51.2372],[-68.8248,51.2223],[-68.8138,51.2023],[-68.8086,51.1772],[-68.8256,51.1459],[-68.8647,51.1082],[-68.888,51.0611],[-68.8953,51.0045],[-68.8968,50.974],[-68.8923,50.9696],[-68.865,50.9736],[-68.815,50.9859],[-68.775,50.9895],[-68.745,50.9846],[-68.7207,50.9743],[-68.702,50.9588],[-68.6925,50.9384],[-68.6923,50.9131],[-68.7316,50.8616],[-68.8105,50.7837],[-68.8526,50.7236],[-68.8577,50.6814],[-68.882,50.6412],[-68.9253,50.6031],[-68.9677,50.5553],[-69.0092,50.4977],[-69.0686,50.4372],[-69.1458,50.3739],[-69.1763,50.3294],[-69.1601,50.3039],[-69.1585,50.2719],[-69.1715,50.2336],[-69.2211,50.1792],[-69.3073,50.1086],[-69.3607,50.038],[-69.3813,49.9673],[-69.4762,49.8946],[-69.6454,49.8198],[-69.76,49.7795],[-69.82,49.7738],[-69.8786,49.7886],[-69.9358,49.824],[-69.9679,49.8482],[-69.9748,49.8611],[-69.9756,49.8804],[-69.9702,49.9062],[-69.9541,49.9352],[-69.9274,49.9673],[-69.938,49.9875],[-69.986,49.9957],[-70.0181,50.0054],[-70.0343,50.0164],[-70.0373,50.0316]],[[-69.5234,48.8573],[-69.5145,48.8691],[-69.5,48.8759],[-69.48,48.8777],[-69.4525,48.8718],[-69.4174,48.8582],[-69.3947,48.8449],[-69.3843,48.8317],[-69.3897,48.8185],[-69.4109,48.8054],[-69.4336,48.7985],[-69.4579,48.7979],[-69.48,48.8015],[-69.5,48.8094],[-69.5145,48.8229],[-69.5234,48.8419],[-69.5234,48.8573]]]}},{"type":"Feature","properties":{"c":"#00fb90","v0":0.04,"v1":0.05},"geometry":{"type":"Polygon","coordinates":[[[-72.1065,50.5682],[-72.0908,50.5873],[-72.0882,50.6063],[-72.0984,50.6254],[-72.0951,50.6476],[-72.0784,50.6729],[-72.0365,50.7014],[-71.9696,50.7331],[-71.9346,50.759],[-71.9315,50.7793],[-71.9,50.7902],[-71.84,50.7918],[-71.785,50.8009],[-71.735,50.8174],[-71.7146,50.7938],[-71.7238,50.7301],[-71.7772,50.6824],[-71.8749,50.6507],[-71.9256,50.6222],[-71.9295,50.5968],[-71.9411,50.5756],[-71.9604,50.5586],[-71.995,50.5463],[-72.045,50.5386],[-72.0811,50.5407],[-72.1032,50.5527],[-72.1065,50.5682]],[[-72.1022,50.5682],[-72.0856,50.5873],[-72.0805,50.6084],[-72.0868,50.6316],[-72.075,50.6593],[-72.045,50.6916],[-72.0094,50.7149],[-71.9681,50.7291],[-71.9358,50.7457],[-71.9125,50.7647],[-71.8549,50.7805],[-71.7628,50.7932],[-71.7236,50.7869],[-71.7375,50.7616],[-71.7408,50.7392],[-71.7336,50.7196],[-71.7806,50.6911],[-71.8819,50.6536],[-71.9379,50.6158],[-71.9488,50.5778],[-71.9831,50.5531],[-72.041,50.542],[-72.0801,50.542],[-72.1004,50.5531],[-72.1022,50.5682]]]}},{"type":"Feature","properties":{"c":"#00fb90","v0":0.04,"v1":0.05},"geometry":{"type":"Polygon","coordinates":[[[-68.0548,50.5883],[-68.0516,50.5966],[-68.0393,50.5998],[-68.0179,50.5978],[-68.0129,50.5917],[-68.0243,50.5816],[-68.0366,50.5784],[-68.0498,50.5822],[-68.0548,50.5883]],[[-68.0518,50.5876],[-68.0506,50.5945],[-68.041,50.5977],[-68.023,50.5971],[-68.018,50.5925],[-68.026,50.5839],[-68.0356,50.5807],[-68.0468,50.583],[-68.0518,50.5876]]]}},{"type":"Feature","properties":{"c":"#00fb90","v0":0.04,"v1":0.05},"geometry":{"type":"Polygon","coordinates":[[[-102.6041,50.4875],[-102.5547,50.4976],[-102.498,50.4976],[-102.4339,50.4875],[-102.4586,50.4824],[-102.5721,50.4824],[-102.6041,50.4875]],[[-102.5644,50.4856],[-102.5596,50.4919],[-102.5401,50.4951],[-102.506,50.4951],[-102.4917,50.4919],[-102.4973,50.4856],[-102.5168,50.4824],[-102.5501,50.4824],[-102.5644,50.4856]]]}},{"type":"Feature","properties":{"c":"#00fb90","v0":0.04,"v1":0.05},"geometry":{"type":"Polygon","coordinates":[[[-73.5456,50.4618],[-73.5219,50.4715],[-73.4964,50.4747],[-73.4693,50.4713],[-73.4743,50.463],[-73.5114,50.4496],[-73.5369,50.4464],[-73.5506,50.4534],[-73.5456,50.4618]]]}},{"type":"Feature","properties":{"c":"#00fb90","v0":0.04,"v1":0.05},"geometry":{"type":"Polygon","coordinates":[[[-103.1994,50.45],[-103.1798,50.4615],[-103.1626,50.4646],[-103.1479,50.4595],[-103.1479,50.4511],[-103.1626,50.4393],[-103.1798,50.4361],[-103.1994,50.4415],[-103.1994,50.45]],[[-103.1966,50.448],[-103.1922,50.4555],[-103.1792,50.4587],[-103.1575,50.4575],[-103.1525,50.4521],[-103.1642,50.4425],[-103.1772,50.4393],[-103.1916,50.4426],[-103.1966,50.448]]]}},{"type":"Feature","properties":{"c":"#00fb90","v0":0.04,"v1":0.05},"geometry":{"type":"Polygon","coordinates":[[[-102.1434,50.3487],[-102.0411,50.3616],[-101.9393,50.3648],[-101.8379,50.3582],[-101.8279,50.3461],[-101.9093,50.3283],[-102.0111,50.3251],[-102.1334,50.3365],[-102.1434,50.3487]],[[-102.1005,50.3477],[-102.0135,50.3587],[-101.9312,50.3619],[-101.8536,50.3573],[-101.8436,50.3473],[-101.9012,50.332],[-101.9835,50.3288],[-102.0905,50.3377],[-102.1005,50.3477]]]}},{"type":"Feature","properties":{"c":"#00fb90","v0":0.04,"v1":0.05},"geometry":{"type":"Polygon","coordinates":[[[-72.6176,50.3271],[-72.5992,50.3479],[-72.555,50.3625],[-72.485,50.3708],[-72.4698,50.3636],[-72.5095,50.3408],[-72.5537,50.3262],[-72.6024,50.3198],[-72.6176,50.3271]],[[-72.603,50.3389],[-72.5677,50.358],[-72.5303,50.3675],[-72.4908,50.3677],[-72.4876,50.3581],[-72.5209,50.339],[-72.5556,50.3261],[-72.5919,50.3195],[-72.6127,50.3195],[-72.618,50.3261],[-72.603,50.3389]]]}},{"type":"Feature","properties":{"c":"#00fb90","v0":0.04,"v1":0.05},"geometry":{"type":"Polygon","coordinates":[[[-103.7548,50.348],[-103.7116,50.3597],[-103.669,50.3628],[-103.627,50.3576],[-103.5987,50.3518],[-103.5842,50.3454],[-103.5784,50.3294],[-103.5814,50.3039],[-103.5897,50.2885],[-103.6032,50.2833],[-103.62,50.289],[-103.64,50.3057],[-103.6816,50.3211],[-103.7448,50.3351],[-103.7548,50.348]],[[-103.7402,50.3475],[-103.6934,50.3582],[-103.65,50.3588],[-103.61,50.3493],[-103.5883,50.3408],[-103.5848,50.3332],[-103.5898,50.3214],[-103.6033,50.3053],[-103.6484,50.3085],[-103.7252,50.331],[-103.7402,50.3475]]]}},{"type":"Feature","properties":{"c":"#00fb90","v0":0.04,"v1":0.05},"geometry":{"type":"Polygon","coordinates":[[[-72.3617,50.2992],[-72.3272,50.3155],[-72.294,50.3187],[-72.2621,50.3088],[-72.2671,50.2964],[-72.309,50.2813],[-72.34,50.2738],[-72.36,50.2738],[-72.3722,50.2781],[-72.3767,50.2868],[-72.3617,50.2992]],[[-72.3575,50.2987],[-72.3258,50.3138],[-72.296,50.317],[-72.268,50.3082],[-72.268,50.2974],[-72.296,50.2845],[-72.325,50.2781],[-72.355,50.2781],[-72.3708,50.2814],[-72.3725,50.2879],[-72.3575,50.2987]]]}},{"type":"Feature","properties":{"c":"#00fb90","v0":0.04,"v1":0.05},"geometry":{"type":"Polygon","coordinates":[[[-100.5242,50.307],[-100.5014,50.3134],[-100.46,50.311],[-100.4,50.3],[-100.3668,50.2904],[-100.3605,50.2823],[-100.3868,50.2783],[-100.4457,50.2783],[-100.4903,50.2847],[-100.5205,50.2975],[-100.5242,50.307]],[[-100.4879,50.3007],[-100.42,50.2943],[-100.407,50.2896],[-100.449,50.2867],[-100.483,50.2899],[-100.5089,50.2992],[-100.4879,50.3007]]]}},{"type":"Feature","properties":{"c":"#00fb90","v0":0.04,"v1":0.05},"geometry":{"type":"Polygon","coordinates":[[[-103.6336,50.17],[-103.5912,50.1838],[-103.53,50.1933],[-103.45,50.1984],[-103.3659,50.2171],[-103.2776,50.2494],[-103.1776,50.2699],[-103.0659,50.2788],[-102.99,50.2787],[-102.95,50.2699],[-102.8831,50.2654],[-102.7892,50.2655],[-102.6542,50.248],[-102.4781,50.2129],[-102.365,50.1842],[-102.315,50.1618],[-102.26,50.1558],[-102.2,50.166],[-102.12,50.1704],[-102.02,50.1688],[-101.88,50.1754],[-101.7,50.1901],[-101.515,50.1962],[-101.325,50.1938],[-101.13,50.1837],[-100.93,50.1658],[-100.78,50.1563],[-100.68,50.1553],[-100.5243,50.1377],[-100.3128,50.1034],[-100.1759,50.0702],[-100.1136,50.038],[-100.0909,50.0123],[-100.1077,49.9931],[-100.1083,49.9706],[-100.0925,49.9448],[-100.091,49.9285],[-100.1037,49.9216],[-100.135,49.9181],[-100.185,49.918],[-100.285,49.9246],[-100.435,49.9378],[-100.5188,49.9381],[-100.5365,49.9254],[-100.5592,49.8869],[-100.587,49.8224],[-100.6131,49.7825],[-100.6377,49.7674],[-100.73,49.7692],[-100.89,49.7878],[-101.025,49.7938],[-101.135,49.7871],[-101.215,49.7896],[-101.265,49.8013],[-101.315,49.7983],[-101.365,49.7807],[-101.4078,49.7797],[-101.4434,49.7953],[-101.4745,49.8159],[-101.5012,49.8417],[-101.5334,49.8605],[-101.5711,49.8721],[-101.6046,49.8753],[-101.6339,49.8701],[-101.6739,49.8504],[-101.7246,49.8162],[-101.805,49.7954],[-101.915,49.7882],[-102.035,49.788],[-102.165,49.7948],[-102.2428,49.8026],[-102.2683,49.8115],[-102.1817,49.8321],[-101.9829,49.8643],[-101.8776,49.8869],[-101.8657,49.8997],[-101.8674,49.9127],[-101.8825,49.9257],[-101.915,49.9378],[-101.965,49.949],[-102.06,49.9495],[-102.2,49.9393],[-102.375,49.9399],[-102.585,49.9511],[-102.705,49.9701],[-102.735,49.9968],[-102.77,50.0164],[-102.81,50.0289],[-102.8232,50.0607],[-102.8097,50.1119],[-102.8147,50.1471],[-102.8382,50.1664],[-102.905,50.1792],[-103.0151,50.1856],[-103.1001,50.196],[-103.16,50.2106],[-103.2025,50.2074],[-103.2276,50.1864],[-103.2246,50.1567],[-103.1936,50.1183],[-103.2411,50.0957],[-103.367,50.089],[-103.465,50.0906],[-103.535,50.1006],[-103.5912,50.12],[-103.6336,50.1487],[-103.6336,50.17]],[[-103.6226,50.169],[-103.5875,50.1809],[-103.53,50.1895],[-103.45,50.195],[-103.3617,50.2147],[-103.2652,50.2486],[-103.1652,50.2691],[-103.0617,50.2762],[-102.99,50.2754],[-102.95,50.2667],[-102.885,50.2627],[-102.795,50.2634],[-102.68,50.2461],[-102.54,50.211],[-102.45,50.1925],[-102.41,50.1906],[-102.365,50.1791],[-102.315,50.1578],[-102.26,50.1523],[-102.2,50.1626],[-102.12,50.1664],[-102.02,50.164],[-101.88,50.1697],[-101.7,50.1837],[-101.515,50.1904],[-101.325,50.1899],[-101.13,50.1809],[-100.93,50.1633],[-100.78,50.1539],[-100.68,50.1526],[-100.525,50.1345],[-100.315,50.0996],[-100.1826,50.0671],[-100.1277,50.037],[-100.1067,50.0123],[-100.1196,49.9931],[-100.1187,49.9706],[-100.104,49.9448],[-100.125,49.9296],[-100.1817,49.925],[-100.285,49.9293],[-100.435,49.9425],[-100.5203,49.9416],[-100.541,49.9266],[-100.5643,49.8869],[-100.5904,49.8224],[-100.6151,49.7829],[-100.6384,49.7686],[-100.73,49.7709],[-100.89,49.7899],[-101.025,49.797],[-101.135,49.7923],[-101.22,49.7954],[-101.28,49.8064],[-101.33,49.8068],[-101.37,49.7966],[-101.425,49.81],[-101.495,49.8468],[-101.55,49.8693],[-101.59,49.8774],[-101.649,49.8619],[-101.727,49.8226],[-101.817,49.7995],[-101.919,49.7926],[-102.035,49.7921],[-102.165,49.798],[-102.2373,49.8047],[-102.252,49.8122],[-102.1623,49.8321],[-101.9683,49.8643],[-101.8671,49.8869],[-101.8586,49.8997],[-101.8633,49.9134],[-101.8811,49.9278],[-101.915,49.9404],[-101.965,49.951],[-102.06,49.9511],[-102.2,49.9407],[-102.37,49.94],[-102.57,49.9491],[-102.69,49.9684],[-102.73,49.998],[-102.77,50.0205],[-102.81,50.036],[-102.8219,50.0608],[-102.8056,50.0948],[-102.8056,50.1271],[-102.8219,50.1576],[-102.89,50.1778],[-103.01,50.1878],[-103.095,50.1999],[-103.145,50.2141],[-103.18,50.2203],[-103.2,50.2182],[-103.2186,50.21],[-103.2357,50.1959],[-103.2435,50.1792],[-103.2421,50.1599],[-103.2317,50.1407],[-103.2125,50.1215],[-103.2147,50.1075],[-103.2382,50.0988],[-103.295,50.0929],[-103.385,50.0897],[-103.46,50.092],[-103.52,50.1],[-103.5725,50.1188],[-103.6176,50.1483],[-103.6226,50.169]]]}},{"type":"Feature","properties":{"c":"#00fb90","v0":0.04,"v1":0.05},"geometry":{"type":"Polygon","coordinates":[[[-72.9932,50.1054],[-72.9644,50.1181],[-72.9385,50.1213],[-72.9155,50.115],[-72.9155,50.1062],[-72.9385,50.0948],[-72.9644,50.0916],[-72.9932,50.0965],[-72.9932,50.1054]],[[-72.9878,50.1048],[-72.9626,50.1163],[-72.9398,50.1195],[-72.9193,50.1144],[-72.9193,50.1067],[-72.9398,50.0963],[-72.9626,50.0931],[-72.9878,50.0971],[-72.9878,50.1048]]]}},{"type":"Feature","properties":{"c":"#00fb90","v0":0.04,"v1":0.05},"geometry":{"type":"Polygon","coordinates":[[[-73.7318,50.0316],[-73.7114,50.0509],[-73.6634,50.0702],[-73.5878,50.0896],[-73.515,50.0969],[-73.445,50.0921],[-73.375,50.0943],[-73.305,50.1035],[-73.2589,50.1026],[-73.2366,50.0917],[-73.2516,50.0763],[-73.3039,50.0566],[-73.405,50.0434],[-73.555,50.0366],[-73.655,50.0279],[-73.705,50.0172],[-73.733,50.0144],[-73.739,50.0195],[-73.7318,50.0316]],[[-73.7215,50.0312],[-73.7005,50.0496],[-73.655,50.0674],[-73.585,50.0846],[-73.515,50.0915],[-73.445,50.0881],[-73.375,50.0912],[-73.305,50.1007],[-73.2609,50.1007],[-73.2428,50.091],[-73.2578,50.0769],[-73.3059,50.0582],[-73.405,50.0466],[-73.555,50.0421],[-73.6555,50.0353],[-73.7065,50.0264],[-73.7215,50.0312]]]}},{"type":"Feature","properties":{"c":"#00fb90","v0":0.04,"v1":0.05},"geometry":{"type":"Polygon","coordinates":[[[-69.245,49.9673],[-69.2302,49.9866],[-69.2046,50.0022],[-69.1682,50.0142],[-69.135,50.0208],[-69.105,50.022],[-69.0614,50.016],[-69.0041,50.0029],[-68.9948,49.977],[-69.0334,49.9384],[-69.0771,49.9089],[-69.1257,49.8886],[-69.1698,49.8822],[-69.2095,49.8896],[-69.2351,49.9094],[-69.2466,49.9416],[-69.245,49.9673]],[[-69.2334,49.9673],[-69.2168,49.9866],[-69.1889,50.0014],[-69.1496,50.0117],[-69.115,50.0139],[-69.085,50.0081],[-69.0611,49.9966],[-69.0434,49.9792],[-69.0441,49.9577],[-69.0631,49.9319],[-69.092,49.911],[-69.1307,49.895],[-69.165,49.8895],[-69.195,49.8947],[-69.2179,49.9124],[-69.2338,49.9426],[-69.2334,49.9673]]]}},{"type":"Feature","properties":{"c":"#00fb90","v0":0.04,"v1":0.05},"geometry":{"type":"Polygon","coordinates":[[[-100.4563,49.7971],[-100.4254,49.8111],[-100.3865,49.8143],[-100.3396,49.8068],[-100.3493,49.7966],[-100.4157,49.7837],[-100.4546,49.7804],[-100.466,49.7869],[-100.4563,49.7971]],[[-100.4431,49.7933],[-100.4067,49.7998],[-100.3989,49.7984],[-100.4196,49.789],[-100.4378,49.7858],[-100.4535,49.7887],[-100.4431,49.7933]]]}},{"type":"Feature","properties":{"c":"#00fb90","v0":0.04,"v1":0.05},"geometry":{"type":"Polygon","coordinates":[[[-69.3077,49.7298],[-69.2426,49.79],[-69.19,49.8211],[-69.15,49.8232],[-69.1139,49.8157],[-69.0816,49.7987],[-69.0664,49.7707],[-69.0683,49.732],[-69.0748,49.7093],[-69.0861,49.7029],[-69.1363,49.6905],[-69.2254,49.6722],[-69.2831,49.6657],[-69.3093,49.6711],[-69.3269,49.6802],[-69.3358,49.6932],[-69.3077,49.7298]],[[-69.2565,49.761],[-69.2483,49.7804],[-69.2307,49.797],[-69.2036,49.8109],[-69.175,49.8163],[-69.145,49.8133],[-69.1225,49.8063],[-69.1074,49.7955],[-69.0998,49.7804],[-69.0997,49.761],[-69.1122,49.7428],[-69.1374,49.7256],[-69.17,49.7181],[-69.21,49.7201],[-69.2377,49.7287],[-69.253,49.7438],[-69.2565,49.761]]]}},{"type":"Feature","properties":{"c":"#00fb90","v0":0.04,"v1":0.05},"geometry":{"type":"Polygon","coordinates":[[[-69.4805,49.7812],[-69.4735,49.7892],[-69.4579,49.7925],[-69.4337,49.7909],[-69.4287,49.7824],[-69.4429,49.767],[-69.4585,49.7637],[-69.4755,49.7727],[-69.4805,49.7812]]]}},{"type":"Feature","properties":{"c":"#00fb90","v0":0.04,"v1":0.05},"geometry":{"type":"Polygon","coordinates":[[[-73.9851,49.7577],[-73.9484,49.7703],[-73.9169,49.7735],[-73.8907,49.7674],[-73.8957,49.7577],[-73.9319,49.7446],[-73.9615,49.7382],[-73.9846,49.7383],[-73.998,49.7417],[-74.0016,49.7481],[-73.9851,49.7577]],[[-73.972,49.7561],[-73.944,49.7657],[-73.9218,49.7689],[-73.9055,49.7658],[-73.9105,49.7593],[-73.9368,49.7494],[-73.959,49.7462],[-73.977,49.7496],[-73.972,49.7561]]]}},{"type":"Feature","properties":{"c":"#00fb90","v0":0.04,"v1":0.05},"geometry":{"type":"Polygon","coordinates":[[[-71.1204,49.7106],[-71.1001,49.7326],[-71.07,49.7412],[-71.03,49.7364],[-70.995,49.7453],[-70.965,49.7679],[-70.9433,49.7787],[-70.9299,49.7777],[-70.9264,49.7675],[-70.9328,49.7481],[-70.9495,49.7315],[-70.9765,49.7176],[-71.0251,49.7079],[-71.0954,49.7024],[-71.1204,49.7106]],[[-71.1126,49.7186],[-71.0975,49.7305],[-71.07,49.7343],[-71.03,49.7299],[-70.995,49.7382],[-70.965,49.7591],[-70.9461,49.7682],[-70.9384,49.7656],[-70.9368,49.7578],[-70.9415,49.7449],[-70.9604,49.7314],[-70.9935,49.7172],[-71.035,49.707],[-71.085,49.7005],[-71.1125,49.7011],[-71.1176,49.7087],[-71.1126,49.7186]]]}},{"type":"Feature","properties":{"c":"#00fb90","v0":0.04,"v1":0.05},"geometry":{"type":"Polygon","coordinates":[[[-67.3781,49.7673],[-67.3594,49.7732],[-67.3419,49.7667],[-67.3258,49.7479],[-67.3308,49.7382],[-67.3569,49.7378],[-67.3744,49.7442],[-67.3831,49.7576],[-67.3781,49.7673]],[[-67.375,49.7665],[-67.3583,49.7708],[-67.3433,49.7644],[-67.3298,49.7471],[-67.3337,49.7384],[-67.3551,49.7384],[-67.3702,49.7449],[-67.3789,49.7578],[-67.375,49.7665]]]}},{"type":"Feature","properties":{"c":"#00fb90","v0":0.04,"v1":0.05},"geometry":{"type":"Polygon","coordinates":[[[-72.4977,49.1434],[-72.4734,49.1761],[-72.4285,49.2147],[-72.3628,49.2591],[-72.225,49.3237],[-72.015,49.4084],[-71.875,49.4689],[-71.805,49.5053],[-71.72,49.5374],[-71.62,49.565],[-71.54,49.5773],[-71.48,49.5742],[-71.395,49.5827],[-71.285,49.6027],[-71.2165,49.6086],[-71.1894,49.6002],[-71.2394,49.5594],[-71.3665,49.4862],[-71.44,49.4266],[-71.46,49.3806],[-71.4954,49.3392],[-71.5461,49.3023],[-71.6669,49.2676],[-71.8577,49.2349],[-71.9873,49.2049],[-72.0558,49.1775],[-72.0975,49.1645],[-72.1126,49.1657],[-72.12,49.1729],[-72.1195,49.1859],[-72.132,49.1933],[-72.1573,49.1951],[-72.22,49.1789],[-72.32,49.1449],[-72.4049,49.1276],[-72.4748,49.1273],[-72.4977,49.1434]],[[-72.489,49.1532],[-72.4689,49.1794],[-72.4266,49.2144],[-72.3622,49.2583],[-72.225,49.3226],[-72.015,49.4072],[-71.875,49.4675],[-71.805,49.5037],[-71.72,49.5355],[-71.62,49.5627],[-71.54,49.5749],[-71.48,49.5719],[-71.395,49.5805],[-71.285,49.6006],[-71.2177,49.607],[-71.1931,49.5997],[-71.2431,49.5599],[-71.3677,49.4876],[-71.44,49.4293],[-71.46,49.3849],[-71.4826,49.3495],[-71.5079,49.3232],[-71.5344,49.3035],[-71.5621,49.2904],[-71.6715,49.2676],[-71.8625,49.2349],[-71.9909,49.2055],[-72.057,49.1794],[-72.095,49.1666],[-72.105,49.1674],[-72.1102,49.1739],[-72.1107,49.1863],[-72.1207,49.1942],[-72.1402,49.1976],[-72.21,49.1809],[-72.33,49.1442],[-72.415,49.1254],[-72.465,49.1246],[-72.4923,49.1282],[-72.4968,49.1362],[-72.489,49.1532]]]}},{"type":"Feature","properties":{"c":"#00fb90","v0":0.04,"v1":0.05},"geometry":{"type":"Polygon","coordinates":[[[-76.5271,49.3878],[-76.5157,49.4131],[-76.4866,49.4229],[-76.4397,49.4171],[-76.4454,49.4044],[-76.5036,49.3849],[-76.5271,49.3878]],[[-76.5182,49.4056],[-76.5127,49.4145],[-76.494,49.4177],[-76.4619,49.4154],[-76.4619,49.4061],[-76.494,49.3899],[-76.5127,49.3866],[-76.5182,49.3963],[-76.5182,49.4056]]]}},{"type":"Feature","properties":{"c":"#00fb90","v0":0.04,"v1":0.05},"geometry":{"type":"Polygon","coordinates":[[[-76.3516,49.4053],[-76.3372,49.4136],[-76.315,49.4157],[-76.285,49.4117],[-76.275,49.3945],[-76.2849,49.3642],[-76.3004,49.3491],[-76.3213,49.3491],[-76.3386,49.3621],[-76.3521,49.3882],[-76.3516,49.4053]],[[-76.3405,49.4045],[-76.3202,49.4112],[-76.3011,49.4112],[-76.2833,49.4045],[-76.2783,49.3889],[-76.2861,49.3643],[-76.3,49.3517],[-76.32,49.351],[-76.3352,49.3633],[-76.3455,49.3885],[-76.3405,49.4045]]]}},{"type":"Feature","properties":{"c":"#00fb90","v0":0.04,"v1":0.05},"geometry":{"type":"Polygon","coordinates":[[[-71.2539,49.3263],[-71.2297,49.3328],[-71.2257,49.3305],[-71.2419,49.3194],[-71.254,49.3161],[-71.2619,49.3207],[-71.2539,49.3263]]]}},{"type":"Feature","properties":{"c":"#00fb90","v0":0.04,"v1":0.05},"geometry":{"type":"Polygon","coordinates":[[[-71.8987,49.0714],[-71.8966,49.0911],[-71.8891,49.1038],[-71.8764,49.1098],[-71.8246,49.1196],[-71.7338,49.1333],[-71.6914,49.1303],[-71.6976,49.1107],[-71.738,49.0849],[-71.8127,49.0528],[-71.86,49.037],[-71.88,49.0373],[-71.8924,49.0435],[-71.8973,49.0556],[-71.8987,49.0714]],[[-71.8884,49.0733],[-71.8761,49.0967],[-71.835,49.1165],[-71.765,49.1327],[-71.7201,49.1373],[-71.7003,49.1305],[-71.6946,49.1205],[-71.7032,49.1074],[-71.7431,49.0859],[-71.8144,49.056],[-71.86,49.0419],[-71.88,49.0437],[-71.8911,49.0489],[-71.8934,49.0574],[-71.8884,49.0733]]]}},{"type":"Feature","properties":{"c":"#00fb90","v0":0.04,"v1":0.05},"geometry":{"type":"Polygon","coordinates":[[[-76.6178,49.1042],[-76.6114,49.1107],[-76.5687,49.1184],[-76.4896,49.1273],[-76.42,49.1312],[-76.36,49.1301],[-76.3217,49.1257],[-76.3052,49.1179],[-76.3302,49.1009],[-76.3967,49.0746],[-76.465,49.0636],[-76.535,49.0676],[-76.5827,49.0775],[-76.6082,49.0931],[-76.6178,49.1042]],[[-76.5721,49.1079],[-76.4907,49.1218],[-76.4216,49.1284],[-76.3649,49.1275],[-76.3294,49.1238],[-76.3151,49.1173],[-76.3385,49.1029],[-76.3995,49.0806],[-76.465,49.0706],[-76.535,49.0727],[-76.5807,49.0805],[-76.6021,49.0941],[-76.5721,49.1079]]]}},{"type":"Feature","properties":{"c":"#00fb90","v0":0.04,"v1":0.05},"geometry":{"type":"Polygon","coordinates":[[[-73.59,48.5873],[-73.5633,48.6134],[-73.5265,48.6333],[-73.4795,48.6469],[-73.4445,48.667],[-73.4215,48.6936],[-73.38,48.7018],[-73.32,48.6916],[-73.265,48.6959],[-73.215,48.7145],[-73.165,48.7267],[-73.115,48.7323],[-73.0796,48.7445],[-73.0589,48.7631],[-73.0591,48.7823],[-73.0801,48.8021],[-73.0871,48.8284],[-73.0801,48.8613],[-72.9549,48.9183],[-72.7116,48.9994],[-72.53,49.0482],[-72.41,49.0648],[-72.33,49.0648],[-72.29,49.0482],[-72.225,49.0525],[-72.135,49.0776],[-72.075,49.0878],[-72.045,49.0831],[-72.019,49.0727],[-71.9971,49.0565],[-71.9842,49.0288],[-71.9803,48.9894],[-72.0146,48.9533],[-72.0871,48.9205],[-72.1225,48.8942],[-72.121,48.8745],[-72.1727,48.8249],[-72.2776,48.7453],[-72.375,48.7011],[-72.465,48.6925],[-72.545,48.6734],[-72.615,48.6439],[-72.705,48.6132],[-72.815,48.5813],[-72.8797,48.5676],[-72.8991,48.5721],[-72.9065,48.5842],[-72.902,48.6041],[-72.8665,48.6272],[-72.8001,48.6536],[-72.7777,48.6735],[-72.7992,48.6867],[-72.85,48.6841],[-72.93,48.6655],[-73.015,48.6547],[-73.105,48.6518],[-73.185,48.6417],[-73.255,48.6243],[-73.2982,48.6185],[-73.3145,48.6243],[-73.3295,48.6371],[-73.3432,48.6569],[-73.36,48.6671],[-73.38,48.6678],[-73.41,48.6469],[-73.45,48.6043],[-73.49,48.5763],[-73.53,48.5629],[-73.5633,48.5607],[-73.59,48.5698],[-73.59,48.5873]],[[-73.5913,48.5842],[-73.5764,48.6041],[-73.5395,48.6239],[-73.4806,48.6437],[-73.4409,48.665],[-73.4203,48.6877],[-73.38,48.6952],[-73.32,48.6873],[-73.265,48.6932],[-73.215,48.7128],[-73.165,48.7251],[-73.115,48.7303],[-73.0787,48.7428],[-73.0562,48.7625],[-73.0542,48.7823],[-73.0726,48.8021],[-73.0788,48.8284],[-73.0729,48.8613],[-72.9499,48.9179],[-72.71,48.9982],[-72.53,49.0464],[-72.41,49.0626],[-72.33,49.0625],[-72.29,49.0463],[-72.225,49.0507],[-72.135,49.0757],[-72.075,49.0855],[-72.045,49.08],[-72.0202,49.0701],[-72.0005,49.0557],[-71.9886,49.0288],[-71.9846,48.9894],[-72.0187,48.9533],[-72.0909,48.9205],[-72.1259,48.8942],[-72.1239,48.8745],[-72.1746,48.8252],[-72.2782,48.7462],[-72.375,48.7024],[-72.465,48.6937],[-72.545,48.6747],[-72.615,48.6453],[-72.705,48.6147],[-72.815,48.583],[-72.8785,48.5689],[-72.8955,48.5725],[-72.9021,48.5842],[-72.8983,48.6041],[-72.863,48.6272],[-72.7961,48.6536],[-72.7745,48.6738],[-72.7982,48.6878],[-72.85,48.6855],[-72.93,48.6671],[-73.015,48.6564],[-73.105,48.6533],[-73.185,48.6433],[-73.255,48.6262],[-73.2973,48.62],[-73.3119,48.6248],[-73.3269,48.639],[-73.3423,48.6625],[-73.36,48.6741],[-73.38,48.6737],[-73.3986,48.6686],[-73.4157,48.6586],[-73.434,48.6371],[-73.4535,48.6041],[-73.4849,48.58],[-73.5283,48.5651],[-73.5622,48.5618],[-73.5866,48.5701],[-73.5913,48.5842]]]}},{"type":"Feature","properties":{"c":"#00fb90","v0":0.04,"v1":0.05},"geometry":{"type":"Polygon","coordinates":[[[-73.5715,48.9319],[-73.5572,48.9613],[-73.535,48.9773],[-73.505,48.9801],[-73.4859,48.9753],[-73.4777,48.9629],[-73.4827,48.9462],[-73.5009,48.9254],[-73.52,48.9093],[-73.54,48.8981],[-73.5572,48.8986],[-73.5715,48.911],[-73.5715,48.9319]],[[-73.5691,48.9308],[-73.5564,48.958],[-73.535,48.9731],[-73.505,48.9761],[-73.4869,48.9724],[-73.4806,48.9619],[-73.4856,48.9468],[-73.5019,48.9272],[-73.52,48.9121],[-73.54,48.9015],[-73.5564,48.9014],[-73.5691,48.9119],[-73.5691,48.9308]]]}},{"type":"Feature","properties":{"c":"#00fb90","v0":0.04,"v1":0.05},"geometry":{"type":"Polygon","coordinates":[[[-77.8469,48.9612],[-77.8223,48.9703],[-77.8013,48.9703],[-77.784,48.9612],[-77.784,48.9514],[-77.8013,48.9409],[-77.8223,48.9409],[-77.8469,48.9514],[-77.8469,48.9612]],[[-77.845,48.9609],[-77.8217,48.9693],[-77.8021,48.9693],[-77.7862,48.9609],[-77.7862,48.9517],[-77.8021,48.9419],[-77.8217,48.9419],[-77.845,48.9517],[-77.845,48.9609]]]}},{"type":"Feature","properties":{"c":"#00fb90","v0":0.04,"v1":0.05},"geometry":{"type":"Polygon","coordinates":[[[-76.1704,48.7856],[-76.145,48.8119],[-76.1369,48.8383],[-76.1461,48.8646],[-76.1458,48.8843],[-76.1363,48.8975],[-76.1011,48.9071],[-76.0404,48.9131],[-75.99,48.9277],[-75.95,48.9509],[-75.905,48.9585],[-75.855,48.9508],[-75.805,48.9535],[-75.755,48.9667],[-75.71,48.9663],[-75.67,48.9524],[-75.59,48.9537],[-75.47,48.9701],[-75.395,48.9676],[-75.365,48.9461],[-75.305,48.9367],[-75.215,48.9393],[-75.1121,48.9347],[-74.9962,48.9231],[-74.9379,48.9139],[-74.9371,48.9074],[-74.9551,48.8975],[-74.9917,48.8845],[-75.075,48.8728],[-75.205,48.8626],[-75.2973,48.8395],[-75.352,48.8036],[-75.457,48.7722],[-75.6123,48.7454],[-75.71,48.7249],[-75.75,48.7107],[-75.8,48.7056],[-75.86,48.7095],[-75.8981,48.7234],[-75.9142,48.7473],[-75.9342,48.7657],[-75.9581,48.7785],[-76.015,48.7775],[-76.105,48.7626],[-76.1583,48.7594],[-76.1748,48.7681],[-76.1704,48.7856]],[[-76.1669,48.7856],[-76.1418,48.8119],[-76.1334,48.8383],[-76.1418,48.8646],[-76.142,48.8835],[-76.134,48.8949],[-76.1,48.9035],[-76.04,48.9091],[-75.99,48.9242],[-75.95,48.9485],[-75.905,48.9565],[-75.855,48.9483],[-75.805,48.95],[-75.755,48.9619],[-75.71,48.9616],[-75.67,48.9493],[-75.595,48.9507],[-75.485,48.9659],[-75.41,48.9633],[-75.37,48.9427],[-75.305,48.9341],[-75.215,48.9373],[-75.1146,48.9335],[-75.0039,48.9226],[-74.9478,48.9139],[-74.9465,48.9074],[-74.9619,48.8981],[-74.994,48.886],[-75.075,48.8751],[-75.205,48.8652],[-75.3,48.8418],[-75.36,48.8048],[-75.4658,48.773],[-75.6175,48.7462],[-75.7125,48.726],[-75.7508,48.7124],[-75.8,48.7077],[-75.86,48.7118],[-75.8966,48.7252],[-75.9098,48.7479],[-75.9298,48.7663],[-75.9566,48.7806],[-76.015,48.78],[-76.105,48.7646],[-76.1574,48.7608],[-76.1721,48.7686],[-76.1669,48.7856]]]}},{"type":"Feature","properties":{"c":"#00fb90","v0":0.04,"v1":0.05},"geometry":{"type":"Polygon","coordinates":[[[-74.7703,48.9266],[-74.7168,48.9453],[-74.6542,48.9453],[-74.5825,48.9266],[-74.5575,48.9087],[-74.5792,48.8918],[-74.61,48.8888],[-74.65,48.8999],[-74.695,48.9017],[-74.745,48.8941],[-74.7768,48.897],[-74.7903,48.9105],[-74.7703,48.9266]],[[-74.7661,48.9258],[-74.7154,48.9431],[-74.6551,48.9431],[-74.5852,48.9258],[-74.5602,48.9093],[-74.5801,48.8935],[-74.61,48.8916],[-74.65,48.9037],[-74.6925,48.905],[-74.7376,48.8956],[-74.7679,48.8975],[-74.7836,48.9106],[-74.7661,48.9258]]]}},{"type":"Feature","properties":{"c":"#00fb90","v0":0.04,"v1":0.05},"geometry":{"type":"Polygon","coordinates":[[[-76.3042,48.8811],[-76.2813,48.8876],[-76.2749,48.8843],[-76.285,48.871],[-76.2964,48.8677],[-76.3092,48.8744],[-76.3042,48.8811]],[[-76.3047,48.8805],[-76.2949,48.886],[-76.2869,48.886],[-76.2808,48.8805],[-76.2857,48.8778],[-76.3017,48.8778],[-76.3047,48.8805]]]}},{"type":"Feature","properties":{"c":"#00fb90","v0":0.04,"v1":0.05},"geometry":{"type":"Polygon","coordinates":[[[-121.8495,48.7789],[-121.8232,48.7917],[-121.8006,48.7917],[-121.7818,48.7789],[-121.7818,48.7647],[-121.8006,48.7491],[-121.8232,48.7491],[-121.8495,48.7647],[-121.8495,48.7789]],[[-121.8487,48.7787],[-121.8229,48.7912],[-121.8009,48.7912],[-121.7826,48.7787],[-121.7826,48.7649],[-121.8009,48.7498],[-121.8229,48.7498],[-121.8487,48.7649],[-121.8487,48.7787]]]}},{"type":"Feature","properties":{"c":"#00fb90","v0":0.04,"v1":0.05},"geometry":{"type":"Polygon","coordinates":[[[-76.8266,48.69],[-76.784,48.6834],[-76.7643,48.6768],[-76.7673,48.6701],[-76.7791,48.6664],[-76.7997,48.6657],[-76.8195,48.6723],[-76.8384,48.6863],[-76.8266,48.69]],[[-76.8342,48.6834],[-76.8314,48.6902],[-76.8182,48.6902],[-76.7946,48.6834],[-76.7961,48.6801],[-76.8225,48.6801],[-76.8342,48.6834]]]}},{"type":"Feature","properties":{"c":"#00fb90","v0":0.04,"v1":0.05},"geometry":{"type":"Polygon","coordinates":[[[-77.8033,48.5262],[-77.7811,48.5358],[-77.734,48.5325],[-77.662,48.5162],[-77.662,48.5012],[-77.734,48.4876],[-77.7811,48.4909],[-77.8033,48.5112],[-77.8033,48.5262]],[[-77.8013,48.5258],[-77.7804,48.5346],[-77.74,48.5313],[-77.68,48.5158],[-77.68,48.5017],[-77.74,48.489],[-77.7804,48.4923],[-77.8013,48.5116],[-77.8013,48.5258]]]}},{"type":"Feature","properties":{"c":"#00fb90","v0":0.04,"v1":0.05},"geometry":{"type":"Polygon","coordinates":[[[-77.3079,48.5033],[-77.2826,48.5202],[-77.225,48.5321],[-77.135,48.5388],[-77.04,48.5416],[-76.94,48.5404],[-76.8704,48.5318],[-76.8311,48.516],[-76.8211,48.5041],[-76.8404,48.4961],[-76.9,48.4937],[-77.0,48.4968],[-77.1,48.4908],[-77.2,48.4757],[-77.265,48.4708],[-77.295,48.4761],[-77.3126,48.4827],[-77.3179,48.4908],[-77.3079,48.5033]],[[-77.3027,48.5023],[-77.2809,48.5171],[-77.225,48.5282],[-77.135,48.5354],[-77.06,48.5359],[-77.0,48.5298],[-76.95,48.5289],[-76.91,48.5333],[-76.8738,48.5286],[-76.8413,48.5149],[-76.8363,48.5046],[-76.8588,48.4976],[-76.915,48.4959],[-77.005,48.4995],[-77.1,48.4938],[-77.2,48.4787],[-77.2659,48.4771],[-77.2977,48.4889],[-77.3027,48.5023]]]}},{"type":"Feature","properties":{"c":"#00fb90","v0":0.04,"v1":0.05},"geometry":{"type":"Polygon","coordinates":[[[-79.4427,48.5081],[-79.3989,48.5081],[-79.3903,48.5033],[-79.4168,48.4939],[-79.4386,48.4939],[-79.4559,48.5033],[-79.4427,48.5081]],[[-79.4423,48.5081],[-79.41,48.5081],[-79.4029,48.5039],[-79.421,48.4956],[-79.4371,48.4956],[-79.4513,48.5039],[-79.4423,48.5081]]]}},{"type":"Feature","properties":{"c":"#00fb90","v0":0.04,"v1":0.05},"geometry":{"type":"Polygon","coordinates":[[[-68.4336,48.3723],[-68.4045,48.3927],[-68.3804,48.396],[-68.3612,48.3823],[-68.3612,48.3628],[-68.3804,48.3375],[-68.4,48.3263],[-68.42,48.3292],[-68.4345,48.3385],[-68.4436,48.3542],[-68.4336,48.3723]],[[-68.4321,48.3719],[-68.404,48.3913],[-68.3809,48.3947],[-68.3627,48.3818],[-68.3627,48.3632],[-68.3809,48.3387],[-68.4,48.328],[-68.42,48.3309],[-68.434,48.3399],[-68.4421,48.3547],[-68.4321,48.3719]]]}},{"type":"Feature","properties":{"c":"#00fb90","v0":0.04,"v1":0.05},"geometry":{"type":"Polygon","coordinates":[[[-77.9511,48.3521],[-77.8704,48.3588],[-77.8147,48.3555],[-77.7841,48.3422],[-77.7941,48.3291],[-77.8447,48.3163],[-77.895,48.3149],[-77.945,48.3248],[-77.9754,48.3345],[-77.9861,48.344],[-77.9511,48.3521]],[[-77.9465,48.3517],[-77.8688,48.3576],[-77.816,48.3543],[-77.7879,48.3418],[-77.7979,48.3295],[-77.846,48.3176],[-77.895,48.3167],[-77.945,48.3267],[-77.9738,48.336],[-77.9815,48.3446],[-77.9465,48.3517]]]}},{"type":"Feature","properties":{"c":"#00fb90","v0":0.04,"v1":0.05},"geometry":{"type":"Polygon","coordinates":[[[-77.5235,48.3403],[-77.4612,48.35],[-77.4215,48.35],[-77.4045,48.3403],[-77.4245,48.3301],[-77.4815,48.3192],[-77.5212,48.3192],[-77.5435,48.3301],[-77.5235,48.3403]],[[-77.5087,48.3389],[-77.4562,48.3456],[-77.4272,48.3456],[-77.4215,48.3389],[-77.4415,48.3314],[-77.4872,48.3233],[-77.5162,48.3233],[-77.5287,48.3314],[-77.5087,48.3389]]]}},{"type":"Feature","properties":{"c":"#00fb90","v0":0.04,"v1":0.05},"geometry":{"type":"Polygon","coordinates":[[[-77.6874,48.3386],[-77.6625,48.3446],[-77.6339,48.3413],[-77.6018,48.3286],[-77.6018,48.3186],[-77.6339,48.3112],[-77.6625,48.3145],[-77.6874,48.3285],[-77.6874,48.3386]],[[-77.6838,48.338],[-77.6613,48.3431],[-77.6365,48.3398],[-77.6094,48.3281],[-77.6094,48.319],[-77.6365,48.3125],[-77.6613,48.3158],[-77.6838,48.329],[-77.6838,48.338]]]}},{"type":"Feature","properties":{"c":"#00fb90","v0":0.04,"v1":0.05},"geometry":{"type":"Polygon","coordinates":[[[-73.606,48.2369],[-73.582,48.2526],[-73.5483,48.2593],[-73.5048,48.2569],[-73.4859,48.249],[-73.4914,48.2357],[-73.5081,48.2235],[-73.536,48.2125],[-73.56,48.2068],[-73.58,48.2066],[-73.597,48.2121],[-73.611,48.2234],[-73.606,48.2369]],[[-73.6041,48.2365],[-73.5814,48.2515],[-73.5496,48.2582],[-73.5089,48.2565],[-73.4911,48.249],[-73.4962,48.2357],[-73.5116,48.2239],[-73.5372,48.2137],[-73.56,48.2085],[-73.58,48.2084],[-73.5964,48.2135],[-73.6091,48.2238],[-73.6041,48.2365]]]}},{"type":"Feature","properties":{"c":"#00fb90","v0":0.04,"v1":0.05},"geometry":{"type":"Polygon","coordinates":[[[-77.2654,47.9564],[-77.2418,47.9722],[-77.185,47.9777],[-77.095,47.9729],[-77.035,47.9734],[-77.005,47.9794],[-76.9746,48.0007],[-76.9438,48.0373],[-76.9326,48.0622],[-76.941,48.0756],[-76.9609,48.0889],[-76.9925,48.1023],[-76.9988,48.1147],[-76.9796,48.1261],[-76.895,48.1415],[-76.745,48.1608],[-76.64,48.1699],[-76.58,48.1688],[-76.535,48.1802],[-76.505,48.2041],[-76.375,48.2208],[-76.145,48.2304],[-76.015,48.2174],[-75.985,48.1819],[-75.94,48.1561],[-75.88,48.14],[-75.825,48.1357],[-75.775,48.1433],[-75.7066,48.1409],[-75.6199,48.1285],[-75.5792,48.1157],[-75.5845,48.1023],[-75.6078,48.083],[-75.6493,48.0579],[-75.705,48.0451],[-75.775,48.0447],[-75.835,48.0381],[-75.885,48.0254],[-75.92,48.0047],[-75.94,47.976],[-75.975,47.9508],[-76.025,47.9291],[-76.09,47.9241],[-76.17,47.9359],[-76.26,47.9431],[-76.36,47.9459],[-76.45,47.9377],[-76.53,47.9186],[-76.595,47.9075],[-76.645,47.9043],[-76.6869,47.9209],[-76.7207,47.9571],[-76.7457,47.9774],[-76.7619,47.9816],[-76.8,47.9806],[-76.86,47.9741],[-76.9,47.9611],[-76.92,47.9416],[-77.0008,47.9326],[-77.1425,47.9342],[-77.2293,47.9384],[-77.2613,47.9451],[-77.2654,47.9564]],[[-77.2559,47.9565],[-77.2253,47.9726],[-77.17,47.9774],[-77.09,47.971],[-77.035,47.9705],[-77.005,47.9761],[-76.9737,47.998],[-76.941,48.0364],[-76.9286,48.0622],[-76.9366,48.0756],[-76.956,48.0889],[-76.9871,48.1023],[-76.9944,48.1142],[-76.9781,48.1246],[-76.895,48.1392],[-76.745,48.158],[-76.64,48.1671],[-76.58,48.1664],[-76.5304,48.1785],[-76.4911,48.2033],[-76.3661,48.2203],[-76.1554,48.2296],[-76.04,48.2304],[-76.02,48.2227],[-76.0008,48.2047],[-75.9825,48.1765],[-75.9575,48.161],[-75.9258,48.1581],[-75.895,48.1499],[-75.865,48.1362],[-75.825,48.1332],[-75.775,48.1407],[-75.708,48.1389],[-75.6239,48.1279],[-75.5841,48.1157],[-75.5886,48.1023],[-75.6107,48.0837],[-75.6502,48.06],[-75.705,48.0475],[-75.775,48.0464],[-75.835,48.0399],[-75.885,48.028],[-75.9229,48.007],[-75.9488,47.9769],[-75.9838,47.9515],[-76.0279,47.9309],[-76.14,47.928],[-76.32,47.9427],[-76.47,47.9383],[-76.59,47.9146],[-76.66,47.9053],[-76.68,47.9104],[-76.705,47.9319],[-76.735,47.9697],[-76.785,47.9857],[-76.855,47.9798],[-76.9,47.9663],[-76.92,47.9451],[-77.0153,47.938],[-77.1859,47.945],[-77.2559,47.9565]]]}},{"type":"Feature","properties":{"c":"#00fb90","v0":0.04,"v1":0.05},"geometry":{"type":"Polygon","coordinates":[[[-79.1699,48.0537],[-79.13,48.0769],[-79.0988,48.0869],[-79.0763,48.0838],[-79.0647,48.0722],[-79.064,48.0522],[-79.0752,48.0365],[-79.0984,48.0253],[-79.1216,48.0186],[-79.1448,48.0165],[-79.1648,48.0221],[-79.1815,48.0355],[-79.1699,48.0537]],[[-79.1644,48.0529],[-79.1281,48.0745],[-79.1,48.0842],[-79.08,48.0821],[-79.0677,48.0747],[-79.063,48.0619],[-79.073,48.0473],[-79.0977,48.0309],[-79.12,48.0214],[-79.14,48.0188],[-79.1581,48.0237],[-79.1744,48.036],[-79.1644,48.0529]]]}},{"type":"Feature","properties":{"c":"#00fb90","v0":0.04,"v1":0.05},"geometry":{"type":"Polygon","coordinates":[[[-75.2892,48.075],[-75.2631,48.0873],[-75.241,48.0873],[-75.2231,48.075],[-75.2281,48.0631],[-75.256,48.0515],[-75.2781,48.0515],[-75.2942,48.0631],[-75.2892,48.075]],[[-75.2868,48.0745],[-75.2623,48.0858],[-75.242,48.0858],[-75.2259,48.0745],[-75.2309,48.0636],[-75.257,48.0531],[-75.2773,48.0531],[-75.2918,48.0636],[-75.2868,48.0745]]]}},{"type":"Feature","properties":{"c":"#00fb90","v0":0.04,"v1":0.05},"geometry":{"type":"Polygon","coordinates":[[[-69.2495,47.5949],[-69.1965,47.6408],[-69.1387,47.6812],[-69.0761,47.7162],[-69.0411,47.7473],[-69.0337,47.7746],[-69.0137,47.8015],[-68.981,47.8279],[-68.936,47.8491],[-68.8787,47.8648],[-68.815,47.8931],[-68.745,47.9339],[-68.693,47.9561],[-68.659,47.9599],[-68.6429,47.9552],[-68.6447,47.9418],[-68.6639,47.9217],[-68.7004,47.8948],[-68.7494,47.868],[-68.8108,47.8412],[-68.8365,47.8177],[-68.8265,47.7975],[-68.8248,47.7807],[-68.8313,47.7673],[-68.8584,47.7535],[-68.9061,47.7395],[-68.956,47.7159],[-69.0081,47.6829],[-69.0369,47.6495],[-69.0424,47.6158],[-69.0613,47.5861],[-69.0938,47.5603],[-69.125,47.5431],[-69.155,47.5345],[-69.1965,47.5407],[-69.2495,47.5615],[-69.2495,47.5949]],[[-69.2341,47.6044],[-69.1914,47.6421],[-69.1373,47.6792],[-69.0718,47.7155],[-69.0321,47.7505],[-69.0181,47.7841],[-68.9981,47.811],[-68.972,47.8311],[-68.9367,47.8461],[-68.8922,47.856],[-68.8321,47.8828],[-68.7564,47.9266],[-68.7014,47.9518],[-68.6671,47.9585],[-68.6499,47.9551],[-68.6496,47.9418],[-68.6677,47.9217],[-68.7042,47.8948],[-68.7546,47.868],[-68.8189,47.8412],[-68.8448,47.8177],[-68.8324,47.7975],[-68.8296,47.7807],[-68.8364,47.7673],[-68.8624,47.7545],[-68.9075,47.7424],[-68.9575,47.7189],[-69.0126,47.6839],[-69.0429,47.6495],[-69.0485,47.6158],[-69.0609,47.5908],[-69.0803,47.5744],[-69.11,47.559],[-69.15,47.5446],[-69.1913,47.546],[-69.2338,47.5633],[-69.2551,47.5754],[-69.2553,47.5821],[-69.2341,47.6044]]]}},{"type":"Feature","properties":{"c":"#00fb90","v0":0.04,"v1":0.05},"geometry":{"type":"Polygon","coordinates":[[[-77.0159,47.8601],[-76.9986,47.871],[-76.96,47.8759],[-76.9,47.8748],[-76.8589,47.8693],[-76.8366,47.8595],[-76.8366,47.8478],[-76.8589,47.8341],[-76.895,47.8286],[-76.945,47.8314],[-76.9836,47.8382],[-77.0109,47.8491],[-77.0159,47.8601]],[[-77.0123,47.8594],[-76.9974,47.8691],[-76.96,47.8735],[-76.9,47.8726],[-76.8598,47.8677],[-76.8394,47.859],[-76.8394,47.8483],[-76.8598,47.8358],[-76.895,47.831],[-76.945,47.8339],[-76.9824,47.8402],[-77.0073,47.8498],[-77.0123,47.8594]]]}},{"type":"Feature","properties":{"c":"#00fb90","v0":0.04,"v1":0.05},"geometry":{"type":"Polygon","coordinates":[[[-76.3283,47.8488],[-76.3161,47.8639],[-76.2954,47.8707],[-76.2663,47.8689],[-76.2613,47.8605],[-76.2804,47.8456],[-76.3011,47.8389],[-76.3233,47.8404],[-76.3283,47.8488]],[[-76.3196,47.8594],[-76.2999,47.869],[-76.2823,47.8723],[-76.2668,47.8695],[-76.2668,47.861],[-76.2823,47.8471],[-76.2995,47.8404],[-76.3184,47.8409],[-76.3283,47.8445],[-76.3291,47.8512],[-76.3196,47.8594]]]}},{"type":"Feature","properties":{"c":"#00fb90","v0":0.04,"v1":0.05},"geometry":{"type":"Polygon","coordinates":[[[-77.3949,47.6836],[-77.3916,47.691],[-77.375,47.6975],[-77.345,47.7029],[-77.3088,47.7026],[-77.2665,47.6964],[-77.2436,47.6899],[-77.2399,47.6832],[-77.2661,47.6752],[-77.322,47.6659],[-77.3616,47.6659],[-77.3849,47.6752],[-77.3949,47.6836]],[[-77.3878,47.685],[-77.3759,47.6954],[-77.36,47.7014],[-77.34,47.7031],[-77.3117,47.7013],[-77.2752,47.6959],[-77.2554,47.6899],[-77.2522,47.6832],[-77.2754,47.6755],[-77.3251,47.6669],[-77.3609,47.6669],[-77.3828,47.6755],[-77.3878,47.685]]]}},{"type":"Feature","properties":{"c":"#00fb90","v0":0.04,"v1":0.05},"geometry":{"type":"Polygon","coordinates":[[[-75.7647,47.6865],[-75.7282,47.6999],[-75.6952,47.7032],[-75.6657,47.6966],[-75.661,47.6866],[-75.6812,47.6731],[-75.7092,47.6664],[-75.7452,47.6664],[-75.7681,47.6697],[-75.778,47.6765],[-75.7647,47.6865]],[[-75.7583,47.6859],[-75.7261,47.6979],[-75.6968,47.7013],[-75.6703,47.696],[-75.6569,47.6899],[-75.6565,47.6832],[-75.6697,47.6766],[-75.6966,47.6701],[-75.7261,47.6701],[-75.7583,47.6766],[-75.7583,47.6859]]]}},{"type":"Feature","properties":{"c":"#00fb90","v0":0.04,"v1":0.05},"geometry":{"type":"Polygon","coordinates":[[[-76.8433,47.6798],[-76.7996,47.6798],[-76.7908,47.6767],[-76.8169,47.6703],[-76.8388,47.6703],[-76.8563,47.6767],[-76.8433,47.6798]]]}},{"type":"Feature","properties":{"c":"#00fb90","v0":0.04,"v1":0.05},"geometry":{"type":"Polygon","coordinates":[[[-75.9842,47.6493],[-75.9481,47.6689],[-75.9023,47.6757],[-75.8468,47.6695],[-75.83,47.6596],[-75.8519,47.6461],[-75.8847,47.6347],[-75.9282,47.6254],[-75.96,47.6209],[-75.98,47.6213],[-75.9931,47.626],[-75.9992,47.6349],[-75.9842,47.6493]],[[-75.987,47.6481],[-75.9623,47.6654],[-75.9199,47.6721],[-75.8597,47.6683],[-75.8396,47.6596],[-75.8596,47.6461],[-75.8897,47.6351],[-75.9299,47.6265],[-75.96,47.6225],[-75.98,47.6233],[-75.9923,47.6276],[-75.997,47.6355],[-75.987,47.6481]]]}},{"type":"Feature","properties":{"c":"#00fb90","v0":0.04,"v1":0.05},"geometry":{"type":"Polygon","coordinates":[[[-76.3991,47.6188],[-76.3797,47.6316],[-76.3534,47.635],[-76.3203,47.6289],[-76.3045,47.6226],[-76.3059,47.6158],[-76.3225,47.6093],[-76.3542,47.6031],[-76.3797,47.6031],[-76.3991,47.6093],[-76.3991,47.6188]],[[-76.3959,47.6183],[-76.3786,47.6299],[-76.3568,47.6333],[-76.3305,47.6284],[-76.3305,47.62],[-76.3568,47.6082],[-76.3786,47.6049],[-76.3959,47.6099],[-76.3959,47.6183]]]}},{"type":"Feature","properties":{"c":"#00fb90","v0":0.04,"v1":0.05},"geometry":{"type":"Polygon","coordinates":[[[-77.927,47.5755],[-77.9157,47.5827],[-77.8915,47.5827],[-77.8546,47.5755],[-77.8496,47.5683],[-77.8765,47.561],[-77.9007,47.561],[-77.922,47.5683],[-77.927,47.5755]],[[-77.9182,47.5748],[-77.8994,47.5806],[-77.8786,47.5806],[-77.8557,47.5748],[-77.8557,47.5689],[-77.8786,47.5628],[-77.8994,47.5628],[-77.9182,47.5689],[-77.9182,47.5748]]]}},{"type":"Feature","properties":{"c":"#00fb90","v0":0.04,"v1":0.05},"geometry":{"type":"Polygon","coordinates":[[[-69.4012,47.5078],[-69.3209,47.5416],[-69.309,47.5382],[-69.3654,47.4977],[-69.4027,47.4761],[-69.4209,47.4733],[-69.4328,47.4767],[-69.4385,47.4862],[-69.4012,47.5078]],[[-69.429,47.4956],[-69.4163,47.5049],[-69.3985,47.5083],[-69.3756,47.5057],[-69.3756,47.4973],[-69.3985,47.483],[-69.4163,47.4796],[-69.429,47.4872],[-69.429,47.4956]]]}},{"type":"Feature","properties":{"c":"#00fb90","v0":0.04,"v1":0.05},"geometry":{"type":"Polygon","coordinates":[[[-75.5244,47.1057],[-75.4881,47.122],[-75.4398,47.1254],[-75.3795,47.1159],[-75.3614,47.1044],[-75.3856,47.0907],[-75.4208,47.0793],[-75.4669,47.0701],[-75.5031,47.0735],[-75.5294,47.0895],[-75.5244,47.1057]],[[-75.5224,47.1054],[-75.4875,47.1211],[-75.4423,47.1245],[-75.3868,47.1156],[-75.3868,47.1006],[-75.4423,47.0794],[-75.48,47.0694],[-75.5,47.0706],[-75.5175,47.0778],[-75.5324,47.091],[-75.5224,47.1054]]]}},{"type":"Feature","properties":{"c":"#00fb90","v0":0.04,"v1":0.05},"geometry":{"type":"Polygon","coordinates":[[[-75.8603,47.0082],[-75.8401,47.0202],[-75.755,47.0297],[-75.605,47.0367],[-75.5185,47.0341],[-75.4954,47.0219],[-75.4954,47.0097],[-75.5185,46.9975],[-75.565,46.9875],[-75.635,46.9799],[-75.715,46.9789],[-75.805,46.9847],[-75.8551,46.9912],[-75.8653,46.9985],[-75.8603,47.0082]],[[-75.8571,47.0077],[-75.839,47.0188],[-75.76,47.0276],[-75.62,47.0341],[-75.5346,47.0319],[-75.5037,47.0212],[-75.4987,47.0101],[-75.5196,46.9989],[-75.56,46.9894],[-75.62,46.9817],[-75.6986,46.9806],[-75.7958,46.9859],[-75.8498,46.9919],[-75.8607,46.9987],[-75.8571,47.0077]]]}},{"type":"Feature","properties":{"c":"#00fb90","v0":0.04,"v1":0.05},"geometry":{"type":"Polygon","coordinates":[[[-61.3154,46.3468],[-61.2952,46.3537],[-61.2892,46.3503],[-61.2973,46.3365],[-61.3074,46.333],[-61.3195,46.3399],[-61.3154,46.3468]]]}},{"type":"Feature","properties":{"c":"#00fb90","v0":0.04,"v1":0.05},"geometry":{"type":"Polygon","coordinates":[[[-84.5483,46.0345],[-84.4028,46.026],[-84.3,46.0104],[-84.24,45.9878],[-84.2067,45.9712],[-84.2001,45.9607],[-84.2051,45.9522],[-84.2217,45.9459],[-84.27,45.9451],[-84.35,45.9501],[-84.4331,45.9637],[-84.5192,45.986],[-84.577,46.0075],[-84.6064,46.0284],[-84.5483,46.0345]],[[-84.6137,46.0284],[-84.613,46.0353],[-84.6019,46.0392],[-84.5806,46.0401],[-84.51,46.0355],[-84.39,46.0255],[-84.3,46.0086],[-84.24,45.9849],[-84.2081,45.9686],[-84.2042,45.9598],[-84.2492,45.955],[-84.3431,45.9542],[-84.446,45.9716],[-84.5581,46.0071],[-84.6137,46.0284]]]}},{"type":"Feature","properties":{"c":"#00fb90","v0":0.04,"v1":0.05},"geometry":{"type":"Polygon","coordinates":[[[-73.8477,45.9519],[-73.8347,45.9728],[-73.8136,45.9887],[-73.7845,45.9996],[-73.755,46.0045],[-73.725,46.0034],[-73.705,45.998],[-73.6951,45.9881],[-73.6957,45.9728],[-73.7068,45.9519],[-73.7267,45.9337],[-73.7556,45.9183],[-73.7826,45.9113],[-73.8078,45.9129],[-73.8289,45.9206],[-73.8457,45.9345],[-73.8477,45.9519]],[[-73.8406,45.9519],[-73.8287,45.9728],[-73.8095,45.9881],[-73.7832,45.998],[-73.76,46.0037],[-73.74,46.0052],[-73.721,46.0003],[-73.7029,45.9889],[-73.6994,45.9728],[-73.7105,45.9519],[-73.7296,45.9344],[-73.7565,45.9202],[-73.78,45.9134],[-73.8,45.9141],[-73.8191,45.9212],[-73.8374,45.9347],[-73.8406,45.9519]]]}},{"type":"Feature","properties":{"c":"#00fb90","v0":0.04,"v1":0.05},"geometry":{"type":"Polygon","coordinates":[[[-63.3723,45.6362],[-63.3574,45.6394],[-63.335,45.6332],[-63.305,45.6175],[-63.265,45.6136],[-63.215,45.6217],[-63.1764,45.6209],[-63.1492,45.6114],[-63.1442,45.6016],[-63.1614,45.5914],[-63.205,45.5876],[-63.275,45.5903],[-63.3274,45.6024],[-63.3623,45.6239],[-63.3723,45.6362]],[[-63.2426,45.6106],[-63.2075,45.6184],[-63.1787,45.6184],[-63.1562,45.6106],[-63.1512,45.6025],[-63.1637,45.5941],[-63.1925,45.5941],[-63.2376,45.6025],[-63.2426,45.6106]]]}},{"type":"Feature","properties":{"c":"#00fb90","v0":0.04,"v1":0.05},"geometry":{"type":"Polygon","coordinates":[[[-72.3437,45.3213],[-72.3079,45.3399],[-72.27,45.3455],[-72.23,45.338],[-72.1876,45.3463],[-72.1428,45.3703],[-72.0678,45.39],[-71.9626,45.4054],[-71.895,45.4193],[-71.865,45.4317],[-71.8189,45.431],[-71.7567,45.4173],[-71.7452,45.3964],[-71.7843,45.3683],[-71.8304,45.3492],[-71.8835,45.339],[-71.9314,45.325],[-71.9742,45.307],[-72.0042,45.2872],[-72.0214,45.2656],[-72.05,45.253],[-72.09,45.2497],[-72.14,45.2319],[-72.2,45.1998],[-72.2402,45.1982],[-72.2606,45.2272],[-72.2914,45.2522],[-72.3326,45.2734],[-72.3553,45.291],[-72.3595,45.305],[-72.3437,45.3213]],[[-71.9838,45.3819],[-71.9213,45.3811],[-71.875,45.3897],[-71.845,45.4078],[-71.8176,45.4117],[-71.7929,45.4015],[-71.7928,45.3859],[-71.8172,45.3648],[-71.8646,45.3466],[-71.9349,45.3312],[-71.9762,45.3242],[-71.9886,45.3255],[-71.9999,45.3402],[-72.0101,45.3683],[-71.9838,45.3819]],[[-72.3332,45.3087],[-72.3044,45.3301],[-72.2702,45.3336],[-72.2305,45.3192],[-72.2205,45.3008],[-72.2402,45.2783],[-72.2744,45.2748],[-72.3232,45.2902],[-72.3332,45.3087]],[[-72.2027,45.2449],[-72.1809,45.2514],[-72.1663,45.2514],[-72.1588,45.2449],[-72.1638,45.2369],[-72.1813,45.2272],[-72.1959,45.2272],[-72.2077,45.2369],[-72.2027,45.2449]],[[-72.1548,45.3353],[-72.1383,45.3538],[-72.1172,45.3643],[-72.0917,45.367],[-72.0837,45.3578],[-72.0933,45.3367],[-72.1143,45.3261],[-72.1468,45.3261],[-72.1548,45.3353]]]}},{"type":"Feature","properties":{"c":"#00fb90","v0":0.04,"v1":0.05},"geometry":{"type":"Polygon","coordinates":[[[-98.1599,45.1193],[-98.1533,45.1282],[-98.1427,45.1317],[-98.1281,45.1298],[-98.1105,45.1183],[-98.09,45.0971],[-98.0923,45.0864],[-98.1174,45.0861],[-98.1383,45.0932],[-98.1549,45.1076],[-98.1599,45.1193]],[[-98.1512,45.1183],[-98.1359,45.1254],[-98.1186,45.1184],[-98.0995,45.0975],[-98.1,45.0876],[-98.12,45.0888],[-98.1372,45.0957],[-98.1517,45.1084],[-98.1512,45.1183]]]}},{"type":"Feature","properties":{"c":"#00fb90","v0":0.04,"v1":0.05},"geometry":{"type":"Polygon","coordinates":[[[-76.1517,45.1077],[-76.138,45.1218],[-76.1246,45.1289],[-76.1116,45.1289],[-76.1113,45.1207],[-76.1238,45.1043],[-76.1371,45.0972],[-76.1514,45.0995],[-76.1517,45.1077]]]}},{"type":"Feature","properties":{"c":"#00fb90","v0":0.04,"v1":0.05},"geometry":{"type":"Polygon","coordinates":[[[-97.8752,45.1176],[-97.8717,45.1233],[-97.8644,45.1233],[-97.8532,45.1176],[-97.8482,45.1094],[-97.8494,45.0985],[-97.855,45.0922],[-97.865,45.0904],[-97.8717,45.0958],[-97.8752,45.1085],[-97.8752,45.1176]]]}},{"type":"Feature","properties":{"c":"#00fb90","v0":0.04,"v1":0.05},"geometry":{"type":"Polygon","coordinates":[[[-68.8093,45.0355],[-68.7964,45.0464],[-68.7814,45.05],[-68.7642,45.0461],[-68.7592,45.0379],[-68.7664,45.0253],[-68.7814,45.0218],[-68.8043,45.0273],[-68.8093,45.0355]],[[-68.807,45.0349],[-68.7957,45.0448],[-68.7828,45.0483],[-68.7684,45.0455],[-68.7634,45.0387],[-68.7678,45.0278],[-68.7807,45.0242],[-68.802,45.0281],[-68.807,45.0349]]]}},{"type":"Feature","properties":{"c":"#00fb90","v0":0.04,"v1":0.05},"geometry":{"type":"Polygon","coordinates":[[[-99.7651,44.8673],[-99.6884,44.8816],[-99.6431,44.8958],[-99.6292,44.9098],[-99.6229,44.9275],[-99.6243,44.9487],[-99.6112,44.9602],[-99.5837,44.9621],[-99.5138,44.9444],[-99.4015,44.9071],[-99.2465,44.8304],[-99.0488,44.714],[-98.91,44.64],[-98.83,44.6087],[-98.745,44.6115],[-98.655,44.6485],[-98.56,44.6532],[-98.46,44.6256],[-98.375,44.6117],[-98.305,44.6114],[-98.25,44.6239],[-98.21,44.6493],[-98.18,44.6754],[-98.16,44.7025],[-98.135,44.7212],[-98.105,44.7317],[-97.99,44.7388],[-97.79,44.7425],[-97.595,44.7541],[-97.405,44.7737],[-97.285,44.7908],[-97.235,44.8054],[-97.175,44.8016],[-97.105,44.7794],[-96.985,44.7696],[-96.815,44.7722],[-96.615,44.7487],[-96.385,44.6993],[-96.22,44.6824],[-96.12,44.698],[-95.98,44.6694],[-95.8,44.5966],[-95.6743,44.5321],[-95.6029,44.4757],[-95.5649,44.4297],[-95.5602,44.394],[-95.5372,44.3546],[-95.4959,44.3117],[-95.4717,44.2544],[-95.4647,44.1828],[-95.4384,44.1313],[-95.3928,44.1002],[-95.35,44.0822],[-95.31,44.0776],[-95.2763,44.068],[-95.2488,44.0536],[-95.2221,44.0284],[-95.1962,43.9924],[-95.2029,43.9744],[-95.2421,43.9744],[-95.2987,43.9867],[-95.3729,44.0111],[-95.42,44.0102],[-95.44,43.9838],[-95.47,43.9723],[-95.51,43.9755],[-95.5512,43.9692],[-95.5937,43.9535],[-95.6287,43.9204],[-95.6561,43.87],[-95.6524,43.8087],[-95.6175,43.7364],[-95.5937,43.6714],[-95.5811,43.6135],[-95.5516,43.5664],[-95.5052,43.5302],[-95.476,43.4939],[-95.464,43.4576],[-95.443,43.4213],[-95.4131,43.385],[-95.4068,43.3486],[-95.424,43.3122],[-95.4169,43.2799],[-95.3856,43.2517],[-95.37,43.2226],[-95.37,43.1926],[-95.4018,43.1629],[-95.4653,43.1337],[-95.5054,43.0972],[-95.5221,43.0534],[-95.5266,43.0241],[-95.5188,43.0095],[-95.4887,42.9879],[-95.4362,42.9592],[-95.405,42.9288],[-95.395,42.8965],[-95.41,42.8695],[-95.45,42.848],[-95.53,42.8281],[-95.65,42.8099],[-95.73,42.801],[-95.77,42.8014],[-95.85,42.8159],[-95.97,42.8444],[-96.038,42.8653],[-96.0539,42.8785],[-96.0554,42.8924],[-96.0425,42.907],[-95.984,42.918],[-95.8798,42.9253],[-95.8259,42.9363],[-95.822,42.951],[-95.8276,42.9661],[-95.8425,42.9817],[-95.9,43.0036],[-96.0,43.0319],[-96.0762,43.0387],[-96.1286,43.0241],[-96.1782,43.0314],[-96.225,43.0607],[-96.2483,43.0862],[-96.2481,43.1081],[-96.2535,43.1227],[-96.2644,43.13],[-96.3399,43.1528],[-96.48,43.1909],[-96.63,43.2502],[-96.79,43.3307],[-96.9284,43.4172],[-97.0451,43.5094],[-97.1801,43.5999],[-97.3334,43.6885],[-97.43,43.7385],[-97.47,43.7501],[-97.515,43.7775],[-97.565,43.8205],[-97.655,43.8647],[-97.785,43.9098],[-97.8544,43.9393],[-97.8633,43.9531],[-97.8652,43.9744],[-97.86,44.0032],[-97.8656,44.0262],[-97.8819,44.0433],[-97.9152,44.0577],[-97.9657,44.0693],[-98.0307,44.0936],[-98.1102,44.1307],[-98.2,44.1583],[-98.3,44.1764],[-98.354,44.1722],[-98.3621,44.1458],[-98.3338,44.1146],[-98.2691,44.0787],[-98.2176,44.0428],[-98.1792,44.0068],[-98.1608,43.9816],[-98.1623,43.9672],[-98.1748,43.9584],[-98.1983,43.9551],[-98.235,43.9693],[-98.285,44.001],[-98.39,44.0521],[-98.55,44.1224],[-98.7,44.1804],[-98.84,44.226],[-98.9727,44.2807],[-99.0981,44.3443],[-99.1964,44.4083],[-99.2677,44.4725],[-99.3065,44.5153],[-99.3128,44.5367],[-99.2995,44.5547],[-99.2665,44.5694],[-99.2521,44.5872],[-99.2562,44.6081],[-99.3312,44.6517],[-99.4771,44.7178],[-99.5777,44.7568],[-99.6331,44.769],[-99.6907,44.7892],[-99.7505,44.8176],[-99.7862,44.8389],[-99.7977,44.8531],[-99.7651,44.8673]],[[-99.7517,44.8672],[-99.674,44.8814],[-99.6293,44.9062],[-99.6179,44.9416],[-99.6016,44.9592],[-99.5805,44.9589],[-99.5157,44.9412],[-99.407,44.9061],[-99.247,44.8267],[-99.0357,44.703],[-98.895,44.6281],[-98.825,44.6021],[-98.745,44.6075],[-98.655,44.6442],[-98.56,44.6491],[-98.46,44.6224],[-98.375,44.6087],[-98.305,44.608],[-98.2462,44.6211],[-98.1986,44.6479],[-98.1686,44.6724],[-98.1562,44.6945],[-98.1344,44.7123],[-98.1031,44.7257],[-97.9831,44.7351],[-97.7744,44.7403],[-97.575,44.7529],[-97.385,44.7729],[-97.27,44.7893],[-97.23,44.8021],[-97.175,44.7978],[-97.105,44.7763],[-96.985,44.7669],[-96.815,44.7694],[-96.615,44.7458],[-96.385,44.6961],[-96.25,44.6714],[-96.21,44.6718],[-96.165,44.6795],[-96.115,44.6946],[-95.9917,44.6635],[-95.795,44.5861],[-95.67,44.526],[-95.6168,44.4832],[-95.5838,44.4404],[-95.5711,44.3975],[-95.5455,44.3546],[-95.507,44.3117],[-95.4873,44.2724],[-95.4863,44.2365],[-95.4972,44.2115],[-95.52,44.1971],[-95.5299,44.1864],[-95.527,44.1792],[-95.4916,44.1533],[-95.4239,44.1085],[-95.355,44.0769],[-95.285,44.0583],[-95.2378,44.034],[-95.2134,44.0039],[-95.2084,43.9853],[-95.2228,43.9783],[-95.275,43.9887],[-95.365,44.0167],[-95.4237,44.0166],[-95.451,43.9885],[-95.486,43.976],[-95.5287,43.9791],[-95.588,43.9647],[-95.664,43.9328],[-95.694,43.9109],[-95.678,43.8991],[-95.6731,43.8775],[-95.6793,43.846],[-95.6643,43.8007],[-95.6281,43.7416],[-95.6023,43.6801],[-95.5869,43.6164],[-95.5563,43.5664],[-95.5105,43.5302],[-95.48,43.4903],[-95.4648,43.4467],[-95.4443,43.4104],[-95.4186,43.3813],[-95.4161,43.3486],[-95.4369,43.3122],[-95.4329,43.2824],[-95.4043,43.2591],[-95.3862,43.2336],[-95.3786,43.2059],[-95.4086,43.1725],[-95.4762,43.1335],[-95.5168,43.0897],[-95.5303,43.0411],[-95.5068,42.9985],[-95.4464,42.9619],[-95.4107,42.929],[-95.3998,42.8997],[-95.4133,42.8746],[-95.4511,42.8536],[-95.535,42.833],[-95.665,42.8128],[-95.75,42.8037],[-95.79,42.8058],[-95.865,42.8205],[-95.975,42.8478],[-96.0369,42.8673],[-96.0506,42.8791],[-96.0506,42.8924],[-96.0369,42.907],[-95.9768,42.918],[-95.8704,42.9253],[-95.8168,42.9363],[-95.816,42.951],[-95.8242,42.9669],[-95.8414,42.9842],[-95.9,43.0069],[-96.0,43.0349],[-96.07,43.0418],[-96.11,43.0274],[-96.14,43.0218],[-96.16,43.0251],[-96.1882,43.0389],[-96.2247,43.0632],[-96.2487,43.0899],[-96.2602,43.1191],[-96.337,43.153],[-96.479,43.1917],[-96.59,43.2345],[-96.67,43.2816],[-96.75,43.3219],[-96.83,43.3554],[-96.928,43.418],[-97.0441,43.5097],[-97.1791,43.6002],[-97.333,43.6895],[-97.43,43.7401],[-97.47,43.7521],[-97.515,43.7797],[-97.565,43.8231],[-97.655,43.8676],[-97.785,43.9132],[-97.8512,43.9565],[-97.8537,43.9972],[-97.8637,44.0267],[-97.8812,44.0449],[-97.915,44.06],[-97.965,44.0719],[-98.03,44.0965],[-98.11,44.1339],[-98.2038,44.1619],[-98.3113,44.1806],[-98.3691,44.1792],[-98.377,44.1577],[-98.3757,44.1397],[-98.3654,44.1254],[-98.3307,44.1038],[-98.2716,44.0751],[-98.2226,44.0428],[-98.1838,44.0068],[-98.1653,43.9816],[-98.1672,43.9672],[-98.1786,43.9591],[-98.1995,43.9573],[-98.235,43.9724],[-98.285,44.0046],[-98.3318,44.0271],[-98.3753,44.0399],[-98.4553,44.0756],[-98.5718,44.1342],[-98.705,44.1877],[-98.855,44.2363],[-98.99,44.2922],[-99.11,44.3554],[-99.2015,44.4164],[-99.2646,44.4752],[-99.2996,44.5152],[-99.3065,44.5363],[-99.2924,44.5541],[-99.2571,44.5686],[-99.2422,44.5866],[-99.2476,44.608],[-99.3252,44.6528],[-99.4751,44.721],[-99.5755,44.7601],[-99.6265,44.77],[-99.6811,44.7892],[-99.7393,44.8176],[-99.774,44.8389],[-99.7851,44.8531],[-99.7517,44.8672]]]}},{"type":"Feature","properties":{"c":"#00fb90","v0":0.04,"v1":0.05},"geometry":{"type":"Polygon","coordinates":[[[-63.612,44.7403],[-63.584,44.7561],[-63.5492,44.7596],[-63.5077,44.751],[-63.5077,44.7404],[-63.5492,44.7279],[-63.584,44.7243],[-63.612,44.7297],[-63.612,44.7403]],[[-63.6055,44.7397],[-63.5818,44.7542],[-63.5526,44.7578],[-63.5179,44.7503],[-63.5129,44.7416],[-63.5376,44.7315],[-63.5668,44.728],[-63.6005,44.7309],[-63.6055,44.7397]]]}},{"type":"Feature","properties":{"c":"#00fb90","v0":0.04,"v1":0.05},"geometry":{"type":"Polygon","coordinates":[[[-95.8054,44.7444],[-95.7018,44.7401],[-95.6248,44.7259],[-95.5744,44.7018],[-95.5439,44.6827],[-95.5334,44.6684],[-95.5686,44.6576],[-95.6495,44.6502],[-95.7318,44.6715],[-95.8154,44.7216],[-95.8054,44.7444]],[[-95.8315,44.7365],[-95.8172,44.7446],[-95.77,44.7453],[-95.69,44.7385],[-95.6213,44.7202],[-95.5639,44.6905],[-95.5371,44.672],[-95.541,44.6649],[-95.5747,44.6573],[-95.6382,44.6494],[-95.7122,44.6671],[-95.7965,44.7107],[-95.8315,44.7365]]]}},{"type":"Feature","properties":{"c":"#00fb90","v0":0.04,"v1":0.05},"geometry":{"type":"Polygon","coordinates":[[[-63.4062,44.7366],[-63.3954,44.7448],[-63.3851,44.7448],[-63.3753,44.7366],[-63.3807,44.7324],[-63.4013,44.7324],[-63.4062,44.7366]]]}},{"type":"Feature","properties":{"c":"#00fb90","v0":0.04,"v1":0.05},"geometry":{"type":"Polygon","coordinates":[[[-63.9624,44.6967],[-63.9541,44.7106],[-63.935,44.7235],[-63.905,44.7355],[-63.8755,44.7357],[-63.8466,44.724],[-63.8566,44.7076],[-63.9055,44.6863],[-63.9391,44.6792],[-63.9574,44.6862],[-63.9624,44.6967]],[[-63.9572,44.6953],[-63.9524,44.7064],[-63.935,44.7185],[-63.905,44.7315],[-63.8773,44.7331],[-63.8518,44.7232],[-63.8568,44.7096],[-63.8923,44.6924],[-63.9224,44.6853],[-63.9472,44.6883],[-63.9572,44.6953]]]}},{"type":"Feature","properties":{"c":"#00fb90","v0":0.04,"v1":0.05},"geometry":{"type":"Polygon","coordinates":[[[-78.1688,44.4104],[-78.1296,44.422],[-78.0982,44.4184],[-78.0747,44.3997],[-78.0797,44.3855],[-78.1132,44.3756],[-78.1446,44.3792],[-78.1738,44.3962],[-78.1688,44.4104]],[[-78.1662,44.41],[-78.1287,44.4208],[-78.0991,44.4172],[-78.0772,44.3993],[-78.0822,44.3858],[-78.1141,44.3767],[-78.1437,44.3803],[-78.1712,44.3965],[-78.1662,44.41]]]}},{"type":"Feature","properties":{"c":"#00fb90","v0":0.04,"v1":0.05},"geometry":{"type":"Polygon","coordinates":[[[-95.2089,44.3076],[-95.1963,44.3137],[-95.1596,44.3101],[-95.0988,44.2969],[-95.0602,44.2867],[-95.0439,44.2795],[-95.0333,44.2688],[-95.0285,44.2544],[-95.042,44.2449],[-95.074,44.2402],[-95.1213,44.2546],[-95.1839,44.2879],[-95.2089,44.3076]],[[-95.1015,44.2762],[-95.0672,44.2767],[-95.0476,44.2695],[-95.0429,44.2547],[-95.0526,44.2473],[-95.0767,44.2473],[-95.0962,44.2544],[-95.1112,44.2688],[-95.1015,44.2762]]]}},{"type":"Feature","properties":{"c":"#00fb90","v0":0.04,"v1":0.05},"geometry":{"type":"Polygon","coordinates":[[[-79.3964,43.6784],[-79.3788,43.6924],[-79.355,43.7013],[-79.325,43.7051],[-79.295,43.704],[-79.265,43.6981],[-79.2442,43.6892],[-79.2325,43.6773],[-79.2625,43.6637],[-79.3342,43.6484],[-79.3788,43.6484],[-79.3964,43.6637],[-79.3964,43.6784]],[[-79.3946,43.678],[-79.3782,43.6912],[-79.355,43.6998],[-79.325,43.7037],[-79.295,43.7024],[-79.265,43.6959],[-79.2456,43.6874],[-79.2367,43.6767],[-79.2667,43.6641],[-79.3356,43.6495],[-79.3782,43.6495],[-79.3946,43.6641],[-79.3946,43.678]]]}},{"type":"Feature","properties":{"c":"#00fb90","v0":0.04,"v1":0.05},"geometry":{"type":"Polygon","coordinates":[[[-77.0993,43.4358],[-77.0815,43.4576],[-77.0419,43.4738],[-76.9806,43.4843],[-76.9311,43.4988],[-76.8933,43.5173],[-76.8613,43.541],[-76.8352,43.57],[-76.8091,43.5856],[-76.783,43.5878],[-76.7613,43.5842],[-76.744,43.5747],[-76.774,43.5426],[-76.8513,43.4878],[-76.93,43.4471],[-77.01,43.4207],[-77.0645,43.4118],[-77.0936,43.4206],[-77.0993,43.4358]]]}},{"type":"Feature","properties":{"c":"#00fb90","v0":0.04,"v1":0.05},"geometry":{"type":"Polygon","coordinates":[[[-79.5236,43.5716],[-79.5012,43.5746],[-79.4834,43.5674],[-79.4702,43.5498],[-79.4814,43.5483],[-79.517,43.5628],[-79.5236,43.5716]]]}},{"type":"Feature","properties":{"c":"#00fb90","v0":0.04,"v1":0.05},"geometry":{"type":"Polygon","coordinates":[[[-100.1963,42.86],[-100.0988,42.8979],[-100.03,42.9161],[-99.99,42.9145],[-99.94,42.9007],[-99.88,42.8747],[-99.84,42.8649],[-99.82,42.8713],[-99.8052,42.8845],[-99.7957,42.9044],[-99.8308,42.9327],[-99.9103,42.9693],[-99.9451,42.9922],[-99.935,43.0015],[-99.89,43.0044],[-99.81,43.0008],[-99.695,42.9827],[-99.545,42.9499],[-99.4185,42.936],[-99.3155,42.9411],[-99.2594,42.951],[-99.2501,42.9656],[-99.2902,42.9985],[-99.3795,43.0497],[-99.4267,43.0826],[-99.4316,43.0972],[-99.428,43.1075],[-99.416,43.1136],[-99.3,43.1052],[-99.08,43.0823],[-98.92,43.0544],[-98.82,43.0215],[-98.7599,43.008],[-98.7397,43.0139],[-98.7256,43.0278],[-98.7177,43.0497],[-98.738,43.0826],[-98.7864,43.1264],[-98.8055,43.155],[-98.7952,43.1684],[-98.745,43.1652],[-98.655,43.1452],[-98.57,43.1419],[-98.49,43.1554],[-98.38,43.159],[-98.24,43.1526],[-98.15,43.1608],[-98.11,43.1835],[-98.01,43.1961],[-97.85,43.1988],[-97.755,43.2077],[-97.725,43.2229],[-97.68,43.222],[-97.62,43.2051],[-97.515,43.1894],[-97.365,43.1751],[-97.27,43.1608],[-97.23,43.1466],[-97.17,43.1402],[-97.09,43.1417],[-97.0126,43.133],[-96.9379,43.114],[-96.8429,43.0771],[-96.7276,43.0223],[-96.645,42.9935],[-96.595,42.9907],[-96.535,42.9742],[-96.465,42.944],[-96.405,42.9304],[-96.355,42.9336],[-96.3058,42.9007],[-96.2575,42.8316],[-96.1825,42.7691],[-96.0808,42.7133],[-95.945,42.6799],[-95.775,42.6691],[-95.63,42.6685],[-95.51,42.678],[-95.42,42.678],[-95.36,42.6685],[-95.3193,42.6566],[-95.2979,42.6425],[-95.2921,42.606],[-95.3018,42.5471],[-95.2727,42.4991],[-95.2047,42.4623],[-95.1806,42.4253],[-95.2002,42.3881],[-95.235,42.376],[-95.285,42.3889],[-95.3367,42.389],[-95.3902,42.3763],[-95.4164,42.3626],[-95.4154,42.3478],[-95.4037,42.3316],[-95.3812,42.314],[-95.3585,42.2845],[-95.3355,42.2428],[-95.3498,42.1776],[-95.4012,42.0886],[-95.42,42.0217],[-95.4061,41.9772],[-95.4316,41.9437],[-95.4966,41.9214],[-95.5371,41.8879],[-95.5532,41.8432],[-95.5559,41.8134],[-95.5453,41.7985],[-95.5157,41.7836],[-95.4671,41.7686],[-95.4446,41.7499],[-95.4482,41.7273],[-95.4558,41.7087],[-95.4675,41.6939],[-95.5002,41.6791],[-95.5537,41.6641],[-95.5916,41.638],[-95.6138,41.6006],[-95.6762,41.5729],[-95.7787,41.5549],[-95.8528,41.5324],[-95.8985,41.5055],[-95.9206,41.4808],[-95.9191,41.4583],[-95.8905,41.4284],[-95.8346,41.3909],[-95.8425,41.3642],[-95.9142,41.3485],[-95.9611,41.3335],[-95.9833,41.3192],[-95.9952,41.3008],[-95.9968,41.2782],[-95.9791,41.2481],[-95.9422,41.2105],[-95.9253,41.188],[-95.9284,41.1804],[-96.055,41.172],[-96.305,41.1625],[-96.455,41.1441],[-96.505,41.1167],[-96.5818,41.0875],[-96.6853,41.0565],[-96.7554,41.0222],[-96.7921,40.9844],[-96.8163,40.9354],[-96.8281,40.8749],[-96.8614,40.8144],[-96.9163,40.7538],[-96.9858,40.6856],[-97.0698,40.6097],[-97.1513,40.547],[-97.2304,40.4976],[-97.315,40.4828],[-97.405,40.5026],[-97.495,40.5008],[-97.585,40.4773],[-97.695,40.4629],[-97.825,40.4576],[-97.8809,40.4385],[-97.8626,40.4056],[-97.8176,40.3701],[-97.7458,40.332],[-97.6945,40.2939],[-97.6636,40.2557],[-97.6523,40.229],[-97.6607,40.2137],[-97.6862,40.201],[-97.7287,40.191],[-97.785,40.1974],[-97.855,40.2202],[-97.9306,40.271],[-98.0118,40.3498],[-98.1018,40.4078],[-98.2006,40.445],[-98.2624,40.4792],[-98.2871,40.5105],[-98.3571,40.5699],[-98.4724,40.6574],[-98.5769,40.7257],[-98.6707,40.7747],[-98.7658,40.8484],[-98.8623,40.9467],[-98.9094,41.0033],[-98.9072,41.0184],[-98.8874,41.0373],[-98.8499,41.0599],[-98.8408,41.0904],[-98.8603,41.1289],[-98.855,41.1521],[-98.825,41.1599],[-98.78,41.1585],[-98.72,41.1477],[-98.687,41.1509],[-98.6809,41.1681],[-98.7069,41.1955],[-98.7649,41.2331],[-98.7999,41.2669],[-98.8119,41.297],[-98.8309,41.3214],[-98.857,41.3403],[-98.94,41.3703],[-99.0801,41.4115],[-99.1501,41.4394],[-99.15,41.4541],[-99.135,41.4623],[-99.105,41.4641],[-99.0894,41.4717],[-99.0881,41.4853],[-99.1131,41.5061],[-99.1644,41.534],[-99.2498,41.5939],[-99.3694,41.6856],[-99.4285,41.7724],[-99.4271,41.8544],[-99.4359,41.9065],[-99.4548,41.9288],[-99.4638,41.9511],[-99.4629,41.9734],[-99.4734,42.0032],[-99.4954,42.0403],[-99.5223,42.0742],[-99.5541,42.1047],[-99.595,42.1296],[-99.645,42.1488],[-99.709,42.1854],[-99.787,42.2395],[-99.812,42.2681],[-99.784,42.2714],[-99.72,42.2553],[-99.62,42.2197],[-99.5398,42.2218],[-99.4793,42.2614],[-99.4602,42.296],[-99.4825,42.3256],[-99.4932,42.3515],[-99.4926,42.3737],[-99.5293,42.4217],[-99.6035,42.4955],[-99.641,42.536],[-99.6418,42.5434],[-99.6241,42.5569],[-99.588,42.5765],[-99.5763,42.617],[-99.5889,42.6783],[-99.6239,42.7183],[-99.6813,42.737],[-99.74,42.7721],[-99.8,42.8237],[-99.89,42.8482],[-100.01,42.8457],[-100.095,42.8373],[-100.145,42.8229],[-100.1888,42.822],[-100.2263,42.8347],[-100.1963,42.86]],[[-99.94,42.9916],[-99.9333,42.9998],[-99.9,43.0038],[-99.84,43.0036],[-99.725,42.9858],[-99.555,42.9501],[-99.42,42.9344],[-99.32,42.9385],[-99.2604,42.945],[-99.2413,42.9539],[-99.2339,42.9619],[-99.2383,42.9693],[-99.2823,42.9949],[-99.3658,43.0387],[-99.4135,43.068],[-99.4253,43.0826],[-99.4259,43.0961],[-99.4153,43.1084],[-99.385,43.1148],[-99.335,43.1151],[-99.22,43.1025],[-99.04,43.0769],[-98.9,43.0472],[-98.8,43.0133],[-98.7403,43.0015],[-98.7208,43.0117],[-98.7099,43.0278],[-98.7078,43.0497],[-98.7311,43.0826],[-98.7798,43.1264],[-98.8006,43.1538],[-98.7935,43.1648],[-98.74,43.1599],[-98.64,43.1392],[-98.55,43.1334],[-98.47,43.1424],[-98.365,43.1452],[-98.235,43.1418],[-98.1379,43.1531],[-98.0738,43.1791],[-97.9738,43.1934],[-97.8379,43.1961],[-97.755,43.2044],[-97.725,43.2182],[-97.67,43.2154],[-97.59,43.196],[-97.485,43.1806],[-97.355,43.1691],[-97.27,43.1566],[-97.23,43.143],[-97.17,43.1368],[-97.09,43.1379],[-97.015,43.1299],[-96.945,43.1127],[-96.855,43.077],[-96.745,43.0229],[-96.66,42.991],[-96.6,42.9813],[-96.54,42.9616],[-96.48,42.9317],[-96.42,42.9175],[-96.36,42.9189],[-96.305,42.8856],[-96.255,42.8174],[-96.205,42.7665],[-96.155,42.733],[-96.095,42.7013],[-96.025,42.6715],[-95.915,42.6455],[-95.765,42.6234],[-95.675,42.6142],[-95.645,42.6179],[-95.605,42.6324],[-95.555,42.6576],[-95.48,42.6667],[-95.38,42.6597],[-95.3229,42.651],[-95.3086,42.6406],[-95.3098,42.6244],[-95.3265,42.6023],[-95.3321,42.5728],[-95.3266,42.536],[-95.2888,42.4991],[-95.2187,42.4623],[-95.1902,42.4282],[-95.2034,42.397],[-95.235,42.3869],[-95.285,42.3979],[-95.335,42.4013],[-95.385,42.3971],[-95.4189,42.3887],[-95.4366,42.3762],[-95.4181,42.333],[-95.3631,42.259],[-95.3511,42.2035],[-95.3819,42.1665],[-95.4074,42.122],[-95.4276,42.07],[-95.4306,42.0217],[-95.4162,41.9772],[-95.4393,41.9464],[-95.4998,41.9295],[-95.5425,41.8923],[-95.5675,41.8347],[-95.5788,41.8022],[-95.5765,41.7947],[-95.5461,41.7836],[-95.4877,41.7686],[-95.4573,41.7537],[-95.455,41.7388],[-95.4629,41.7212],[-95.481,41.7009],[-95.5175,41.6822],[-95.5726,41.6652],[-95.6126,41.6384],[-95.6375,41.6018],[-95.69,41.577],[-95.77,41.5642],[-95.839,41.5451],[-95.897,41.5197],[-95.9262,41.4921],[-95.9267,41.4621],[-95.902,41.4284],[-95.8521,41.3909],[-95.8579,41.3657],[-95.9193,41.3528],[-95.9637,41.3378],[-95.991,41.3206],[-96.004,41.297],[-96.0027,41.2669],[-95.9873,41.2369],[-95.9577,41.2068],[-95.9747,41.1858],[-96.0382,41.174],[-96.16,41.1666],[-96.34,41.1637],[-96.455,41.1484],[-96.505,41.1209],[-96.5827,41.0906],[-96.6881,41.0576],[-96.7596,41.0222],[-96.7972,40.9844],[-96.8211,40.9354],[-96.8313,40.8749],[-96.8639,40.8144],[-96.9189,40.7538],[-96.9886,40.6856],[-97.073,40.6097],[-97.1539,40.5476],[-97.2313,40.4993],[-97.315,40.4847],[-97.405,40.5039],[-97.495,40.5025],[-97.585,40.4803],[-97.695,40.4675],[-97.825,40.4639],[-97.8817,40.4439],[-97.8651,40.4074],[-97.8214,40.3701],[-97.7504,40.332],[-97.6993,40.2939],[-97.6681,40.2557],[-97.6619,40.227],[-97.6806,40.2077],[-97.71,40.1958],[-97.75,40.1915],[-97.8011,40.2012],[-97.8632,40.2248],[-97.9332,40.275],[-98.0111,40.3516],[-98.1,40.4088],[-98.2,40.4464],[-98.2617,40.4805],[-98.2853,40.5109],[-98.3553,40.5703],[-98.4718,40.6586],[-98.5762,40.7268],[-98.6687,40.7751],[-98.7631,40.8484],[-98.8595,40.9467],[-98.9064,41.0033],[-98.9038,41.0184],[-98.8838,41.0373],[-98.8464,41.0599],[-98.8378,41.0901],[-98.8579,41.1277],[-98.8535,41.1504],[-98.8245,41.1582],[-98.78,41.1562],[-98.72,41.1444],[-98.685,41.1465],[-98.675,41.1626],[-98.6997,41.191],[-98.7591,41.2316],[-98.7955,41.2669],[-98.8087,41.297],[-98.829,41.322],[-98.8563,41.3418],[-98.9384,41.3719],[-99.0751,41.412],[-99.1451,41.4374],[-99.1484,41.448],[-99.1339,41.4555],[-99.1018,41.4599],[-99.0854,41.4696],[-99.0848,41.4846],[-99.1109,41.5066],[-99.1636,41.5358],[-99.2491,41.5957],[-99.3674,41.6861],[-99.4251,41.7724],[-99.4223,41.8544],[-99.4416,41.9362],[-99.4832,42.018],[-99.5205,42.0747],[-99.5535,42.1064],[-99.595,42.1322],[-99.645,42.1521],[-99.707,42.1881],[-99.7811,42.2403],[-99.8016,42.2664],[-99.7685,42.2664],[-99.7065,42.2498],[-99.6155,42.2165],[-99.545,42.2142],[-99.495,42.2429],[-99.4632,42.267],[-99.4496,42.2864],[-99.453,42.3071],[-99.4734,42.3293],[-99.4851,42.3515],[-99.488,42.3737],[-99.5242,42.418],[-99.5937,42.4844],[-99.6286,42.5249],[-99.6289,42.5397],[-99.6137,42.5544],[-99.5831,42.5692],[-99.5733,42.6091],[-99.5844,42.6742],[-99.6218,42.7183],[-99.6854,42.7414],[-99.7461,42.7787],[-99.8039,42.8301],[-99.8215,42.8631],[-99.7987,42.8777],[-99.7877,42.8924],[-99.7884,42.907],[-99.8274,42.9327],[-99.9047,42.9693],[-99.94,42.9916]],[[-100.2028,42.8577],[-100.1276,42.8908],[-100.07,42.91],[-100.03,42.9152],[-99.9909,42.9133],[-99.9528,42.9042],[-99.9155,42.8887],[-99.8791,42.8667],[-99.8747,42.8521],[-99.9024,42.8447],[-99.9546,42.8425],[-100.0315,42.8453],[-100.095,42.8396],[-100.145,42.8252],[-100.1876,42.8237],[-100.2228,42.8353],[-100.2028,42.8577]]]}},{"type":"Feature","properties":{"c":"#00fb90","v0":0.04,"v1":0.05},"geometry":{"type":"Polygon","coordinates":[[[-80.5214,43.0941],[-80.5005,43.1024],[-80.435,43.0978],[-80.325,43.0803],[-80.15,43.0655],[-79.91,43.0535],[-79.755,43.0414],[-79.685,43.0292],[-79.63,43.0249],[-79.59,43.0285],[-79.5527,43.0196],[-79.5181,42.9982],[-79.5215,42.9729],[-79.5631,42.9436],[-79.5954,42.9135],[-79.6185,42.8826],[-79.645,42.8629],[-79.675,42.8544],[-79.715,42.8628],[-79.765,42.8878],[-79.935,42.9265],[-80.225,42.9788],[-80.4105,43.0261],[-80.4914,43.0686],[-80.5214,43.0941]],[[-80.5166,43.0935],[-80.4989,43.1007],[-80.44,43.0961],[-80.34,43.0795],[-80.165,43.065],[-79.915,43.0524],[-79.755,43.0399],[-79.685,43.0275],[-79.63,43.0232],[-79.59,43.027],[-79.5536,43.0186],[-79.5209,42.9979],[-79.525,42.9729],[-79.5661,42.9436],[-79.5974,42.9142],[-79.6191,42.8847],[-79.645,42.8655],[-79.675,42.8567],[-79.715,42.8647],[-79.765,42.8894],[-79.935,42.9279],[-80.225,42.9802],[-80.4089,43.0272],[-80.4866,43.069],[-80.5166,43.0935]]]}},{"type":"Feature","properties":{"c":"#00fb90","v0":0.04,"v1":0.05},"geometry":{"type":"Polygon","coordinates":[[[-95.0904,42.6139],[-95.0635,42.6297],[-95.0379,42.6297],[-95.0136,42.6139],[-95.0136,42.6031],[-95.0379,42.5974],[-95.0635,42.5974],[-95.0904,42.6031],[-95.0904,42.6139]],[[-95.0825,42.613],[-95.0608,42.6271],[-95.0413,42.6271],[-95.024,42.613],[-95.0348,42.606],[-95.0738,42.606],[-95.0825,42.613]]]}},{"type":"Feature","properties":{"c":"#00fb90","v0":0.04,"v1":0.05},"geometry":{"type":"Polygon","coordinates":[[[-95.485,42.5839],[-95.4617,42.5986],[-95.4416,42.5986],[-95.4248,42.5839],[-95.4248,42.5711],[-95.4416,42.5603],[-95.4617,42.5603],[-95.485,42.5711],[-95.485,42.5839]]]}},{"type":"Feature","properties":{"c":"#00fb90","v0":0.04,"v1":0.05},"geometry":{"type":"Polygon","coordinates":[[[-95.6678,42.49],[-95.6426,42.4939],[-95.6221,42.4939],[-95.6062,42.49],[-95.5988,42.4844],[-95.5998,42.477],[-95.6177,42.4717],[-95.6526,42.4683],[-95.6726,42.472],[-95.6778,42.4827],[-95.6678,42.49]]]}},{"type":"Feature","properties":{"c":"#00fb90","v0":0.04,"v1":0.05},"geometry":{"type":"Polygon","coordinates":[[[-76.7393,42.2937],[-76.7198,42.3186],[-76.6925,42.326],[-76.6575,42.3159],[-76.6396,42.3071],[-76.6387,42.2997],[-76.6512,42.2909],[-76.6771,42.2808],[-76.7048,42.2771],[-76.7343,42.2798],[-76.7393,42.2937]],[[-76.7346,42.3043],[-76.7182,42.3207],[-76.6941,42.3244],[-76.6622,42.3154],[-76.6622,42.3019],[-76.6941,42.2839],[-76.7182,42.2802],[-76.7346,42.2908],[-76.7346,42.3043]]]}},{"type":"Feature","properties":{"c":"#00fb90","v0":0.04,"v1":0.05},"geometry":{"type":"Polygon","coordinates":[[[-77.2595,42.1998],[-77.2444,42.2146],[-77.2201,42.2238],[-77.1867,42.2273],[-77.155,42.2395],[-77.125,42.2603],[-77.085,42.2753],[-77.035,42.2845],[-76.955,42.2771],[-76.845,42.2534],[-76.7537,42.2218],[-76.6811,42.1824],[-76.658,42.1553],[-76.6845,42.1405],[-76.7358,42.1316],[-76.8119,42.1285],[-76.87,42.114],[-76.91,42.0881],[-76.95,42.0732],[-76.99,42.0693],[-77.02,42.0844],[-77.04,42.1186],[-77.08,42.147],[-77.14,42.1697],[-77.1943,42.1839],[-77.2428,42.1895],[-77.2595,42.1998]],[[-77.246,42.1984],[-77.2353,42.2104],[-77.21,42.2195],[-77.17,42.2256],[-77.1379,42.2381],[-77.1137,42.257],[-77.0787,42.2716],[-77.0329,42.2819],[-76.955,42.2734],[-76.845,42.246],[-76.7573,42.2149],[-76.6919,42.1801],[-76.6719,42.156],[-76.6973,42.1425],[-76.745,42.1344],[-76.815,42.1317],[-76.87,42.1184],[-76.91,42.0944],[-76.945,42.0799],[-76.975,42.0748],[-77.005,42.0892],[-77.035,42.1231],[-77.08,42.1522],[-77.14,42.1766],[-77.1903,42.1897],[-77.231,42.1915],[-77.246,42.1984]]]}},{"type":"Feature","properties":{"c":"#00fb90","v0":0.04,"v1":0.05},"geometry":{"type":"Polygon","coordinates":[[[-77.2333,41.8331],[-77.1511,41.8575],[-77.0861,41.8836],[-77.0383,41.9113],[-76.9683,41.9336],[-76.8761,41.9508],[-76.815,41.9735],[-76.785,42.0019],[-76.745,42.0168],[-76.695,42.0181],[-76.6469,42.0103],[-76.6007,41.9932],[-76.6107,41.9837],[-76.6769,41.9818],[-76.7157,41.9744],[-76.7271,41.9613],[-76.7282,41.9437],[-76.7192,41.9214],[-76.7185,41.9075],[-76.7262,41.902],[-76.7734,41.8871],[-76.8603,41.8628],[-76.9021,41.8395],[-76.8988,41.8171],[-76.8676,41.7985],[-76.8083,41.7836],[-76.7814,41.7724],[-76.787,41.7649],[-76.8298,41.757],[-76.9099,41.7486],[-76.98,41.7574],[-77.04,41.7834],[-77.105,41.7974],[-77.175,41.7995],[-77.2261,41.8057],[-77.2583,41.8158],[-77.2333,41.8331]],[[-77.2108,41.8338],[-77.1303,41.8596],[-77.0661,41.8857],[-77.0183,41.9119],[-76.9533,41.9327],[-76.8711,41.9478],[-76.8121,41.9701],[-76.7762,41.9996],[-76.7374,42.0143],[-76.6957,42.0143],[-76.6538,42.0069],[-76.6119,41.992],[-76.6207,41.9856],[-76.6802,41.9876],[-76.7182,41.9802],[-76.7347,41.9633],[-76.7397,41.9434],[-76.7332,41.9204],[-76.776,41.8944],[-76.868,41.8652],[-76.9122,41.8395],[-76.9086,41.8171],[-76.878,41.7985],[-76.8205,41.7836],[-76.7949,41.7724],[-76.8011,41.7649],[-76.8406,41.7587],[-76.9135,41.7539],[-76.975,41.7636],[-77.025,41.7878],[-77.1003,41.8052],[-77.2008,41.8156],[-77.2108,41.8338]]]}},{"type":"Feature","properties":{"c":"#00fb90","v0":0.04,"v1":0.05},"geometry":{"type":"Polygon","coordinates":[[[-78.3822,41.7207],[-78.3607,41.7293],[-78.3377,41.7293],[-78.313,41.7207],[-78.313,41.7127],[-78.3377,41.7054],[-78.3607,41.7054],[-78.3822,41.7127],[-78.3822,41.7207]],[[-78.378,41.7202],[-78.3593,41.7278],[-78.3399,41.7278],[-78.3196,41.7202],[-78.3289,41.7164],[-78.3679,41.7164],[-78.378,41.7202]]]}},{"type":"Feature","properties":{"c":"#00fb90","v0":0.04,"v1":0.05},"geometry":{"type":"Polygon","coordinates":[[[-77.7222,41.554],[-77.7007,41.5579],[-77.6732,41.5542],[-77.6397,41.5427],[-77.6347,41.5344],[-77.6582,41.5292],[-77.6857,41.5329],[-77.7172,41.5456],[-77.7222,41.554]],[[-77.6978,41.5482],[-77.6555,41.5407],[-77.6432,41.5352],[-77.6611,41.5315],[-77.6822,41.5352],[-77.7067,41.5464],[-77.6978,41.5482]]]}},{"type":"Feature","properties":{"c":"#00fb90","v0":0.04,"v1":0.05},"geometry":{"type":"Polygon","coordinates":[[[-79.94,41.4073],[-79.88,41.4176],[-79.8281,41.4139],[-79.7844,41.396],[-79.7708,41.3796],[-79.7873,41.3646],[-79.8192,41.3561],[-79.8664,41.3541],[-79.9039,41.3579],[-79.9317,41.3674],[-79.9517,41.3796],[-79.9639,41.3946],[-79.94,41.4073]],[[-79.9363,41.4068],[-79.8788,41.4161],[-79.8291,41.4124],[-79.7873,41.3955],[-79.7757,41.3796],[-79.7941,41.3646],[-79.825,41.3565],[-79.8683,41.3553],[-79.9031,41.359],[-79.9293,41.3677],[-79.9481,41.3796],[-79.9594,41.3946],[-79.9363,41.4068]]]}},{"type":"Feature","properties":{"c":"#00fb90","v0":0.04,"v1":0.05},"geometry":{"type":"Polygon","coordinates":[[[-99.2353,41.3464],[-99.2184,41.355],[-99.2,41.3568],[-99.18,41.352],[-99.1606,41.344],[-99.1418,41.3327],[-99.131,41.3195],[-99.1281,41.3045],[-99.1475,41.2964],[-99.1892,41.2951],[-99.2184,41.3063],[-99.2353,41.3302],[-99.2353,41.3464]],[[-99.2325,41.3458],[-99.2175,41.3534],[-99.2,41.3548],[-99.18,41.3501],[-99.1615,41.3425],[-99.1445,41.3322],[-99.1351,41.3195],[-99.1335,41.3045],[-99.152,41.2969],[-99.1907,41.2966],[-99.2175,41.3079],[-99.2325,41.3307],[-99.2325,41.3458]]]}},{"type":"Feature","properties":{"c":"#00fb90","v0":0.04,"v1":0.05},"geometry":{"type":"Polygon","coordinates":[[[-87.0949,41.1691],[-87.0855,41.1842],[-87.0681,41.1967],[-87.0427,41.2066],[-87.0,41.2116],[-86.94,41.2116],[-86.89,41.218],[-86.85,41.2307],[-86.81,41.234],[-86.77,41.228],[-86.7423,41.2167],[-86.7269,41.2],[-86.7296,41.1842],[-86.7504,41.1691],[-86.7881,41.1606],[-86.8427,41.1585],[-86.9,41.1494],[-86.96,41.1332],[-87.005,41.1259],[-87.035,41.1276],[-87.0624,41.1367],[-87.0872,41.1533],[-87.0949,41.1691]],[[-87.0919,41.1691],[-87.0824,41.1842],[-87.0657,41.1964],[-87.0419,41.2057],[-87.0,41.2102],[-86.94,41.2098],[-86.89,41.2161],[-86.85,41.2291],[-86.81,41.2325],[-86.77,41.2263],[-86.743,41.2153],[-86.729,41.1996],[-86.7333,41.1842],[-86.756,41.1691],[-86.7931,41.1611],[-86.8444,41.16],[-86.9,41.1511],[-86.96,41.1345],[-87.005,41.127],[-87.035,41.1288],[-87.0617,41.1376],[-87.085,41.1536],[-87.0919,41.1691]]]}},{"type":"Feature","properties":{"c":"#00fb90","v0":0.04,"v1":0.05},"geometry":{"type":"Polygon","coordinates":[[[-87.7191,41.1373],[-87.6997,41.1489],[-87.615,41.1705],[-87.465,41.2019],[-87.3404,41.2036],[-87.2413,41.1756],[-87.1902,41.1579],[-87.187,41.1503],[-87.2166,41.1297],[-87.2789,41.0959],[-87.37,41.087],[-87.49,41.1031],[-87.58,41.1071],[-87.64,41.099],[-87.6847,41.1041],[-87.7141,41.1224],[-87.7191,41.1373]],[[-87.7169,41.1369],[-87.699,41.1477],[-87.615,41.1689],[-87.465,41.2004],[-87.3401,41.1988],[-87.2402,41.164],[-87.2202,41.1302],[-87.2801,41.0973],[-87.37,41.0888],[-87.49,41.1046],[-87.58,41.1085],[-87.64,41.1004],[-87.684,41.1052],[-87.7119,41.1227],[-87.7169,41.1369]]]}},{"type":"Feature","properties":{"c":"#00fb90","v0":0.04,"v1":0.05},"geometry":{"type":"Polygon","coordinates":[[[-93.4624,40.9095],[-93.4541,40.9184],[-93.395,40.9334],[-93.285,40.9547],[-93.195,40.9657],[-93.125,40.9664],[-93.035,40.9815],[-92.925,41.0108],[-92.82,41.0187],[-92.72,41.0052],[-92.6,41.0021],[-92.46,41.0095],[-92.3793,41.0089],[-92.358,41.0001],[-92.3432,40.9882],[-92.335,40.9731],[-92.3388,40.958],[-92.3546,40.9429],[-92.3793,40.9301],[-92.4131,40.9196],[-92.46,40.911],[-92.52,40.9043],[-92.595,40.9089],[-92.685,40.9247],[-92.795,40.917],[-92.925,40.8858],[-93.07,40.8622],[-93.23,40.8463],[-93.33,40.8408],[-93.37,40.8457],[-93.4091,40.8624],[-93.4474,40.8909],[-93.4624,40.9095]],[[-93.4046,40.9198],[-93.2882,40.9492],[-93.195,40.9643],[-93.125,40.9652],[-93.035,40.9803],[-92.925,41.0097],[-92.82,41.0175],[-92.72,41.0037],[-92.6,41.0006],[-92.46,41.0082],[-92.3758,41.0003],[-92.3473,40.9772],[-92.3573,40.9531],[-92.4058,40.928],[-92.46,40.9122],[-92.52,40.9055],[-92.595,40.9101],[-92.685,40.9261],[-92.795,40.9185],[-92.925,40.8871],[-93.07,40.8635],[-93.23,40.8475],[-93.33,40.842],[-93.37,40.8469],[-93.4082,40.8634],[-93.4446,40.8912],[-93.4046,40.9198]]]}},{"type":"Feature","properties":{"c":"#00fb90","v0":0.04,"v1":0.05},"geometry":{"type":"Polygon","coordinates":[[[-105.2431,40.9689],[-105.221,40.9757],[-105.1996,40.9719],[-105.1789,40.9576],[-105.1789,40.9448],[-105.1996,40.9334],[-105.221,40.9372],[-105.2431,40.9561],[-105.2431,40.9689]],[[-105.2398,40.9684],[-105.2199,40.9741],[-105.2003,40.9703],[-105.1809,40.9571],[-105.1809,40.9452],[-105.2003,40.9348],[-105.2199,40.9385],[-105.2398,40.9566],[-105.2398,40.9684]]]}},{"type":"Feature","properties":{"c":"#00fb90","v0":0.04,"v1":0.05},"geometry":{"type":"Polygon","coordinates":[[[-95.064,40.9542],[-95.0339,40.9618],[-95.0267,40.9596],[-95.0422,40.9477],[-95.0573,40.9439],[-95.0718,40.9483],[-95.064,40.9542]],[[-95.0671,40.9543],[-95.0557,40.9619],[-95.0452,40.9619],[-95.0355,40.9543],[-95.0412,40.9505],[-95.0623,40.9505],[-95.0671,40.9543]]]}},{"type":"Feature","properties":{"c":"#00fb90","v0":0.04,"v1":0.05},"geometry":{"type":"Polygon","coordinates":[[[-94.9533,40.9545],[-94.9378,40.9626],[-94.885,40.9653],[-94.795,40.9625],[-94.732,40.9546],[-94.6959,40.9418],[-94.6739,40.9278],[-94.6659,40.9127],[-94.679,40.8969],[-94.713,40.8806],[-94.755,40.8725],[-94.805,40.8727],[-94.8444,40.8771],[-94.8733,40.8857],[-94.906,40.9051],[-94.9427,40.9354],[-94.9533,40.9545]],[[-94.9475,40.9536],[-94.9358,40.9599],[-94.885,40.9623],[-94.795,40.9608],[-94.7328,40.9539],[-94.6984,40.9415],[-94.6771,40.9278],[-94.6691,40.9127],[-94.6863,40.8965],[-94.7288,40.8792],[-94.775,40.8722],[-94.825,40.8754],[-94.8758,40.8954],[-94.9275,40.9321],[-94.9475,40.9536]]]}},{"type":"Feature","properties":{"c":"#00fb90","v0":0.04,"v1":0.05},"geometry":{"type":"Polygon","coordinates":[[[-96.0412,40.688],[-96.0071,40.7081],[-95.9619,40.7232],[-95.9056,40.7335],[-95.8456,40.7764],[-95.7819,40.852],[-95.7268,40.8898],[-95.6805,40.8899],[-95.6355,40.882],[-95.5918,40.866],[-95.5406,40.8546],[-95.4817,40.848],[-95.4667,40.8343],[-95.4956,40.8135],[-95.5897,40.7832],[-95.7491,40.7434],[-95.8304,40.7197],[-95.8335,40.7121],[-95.8288,40.7056],[-95.8163,40.7],[-95.78,40.7063],[-95.72,40.7243],[-95.665,40.7293],[-95.615,40.7213],[-95.5669,40.7075],[-95.5208,40.6878],[-95.4897,40.6666],[-95.4736,40.6438],[-95.469,40.6249],[-95.476,40.6097],[-95.5071,40.5831],[-95.5624,40.5452],[-95.635,40.5096],[-95.725,40.4763],[-95.7867,40.4611],[-95.82,40.4639],[-95.84,40.4962],[-95.8467,40.5579],[-95.88,40.6028],[-95.94,40.6308],[-95.99,40.6476],[-96.03,40.6532],[-96.0521,40.6615],[-96.0562,40.6725],[-96.0412,40.688]],[[-96.0394,40.6876],[-96.0065,40.7069],[-95.9605,40.722],[-95.9014,40.7331],[-95.8414,40.7761],[-95.7805,40.8509],[-95.7298,40.8887],[-95.6895,40.8896],[-95.6445,40.8814],[-95.5948,40.8643],[-95.5416,40.853],[-95.4847,40.8474],[-95.4697,40.8347],[-95.4966,40.8147],[-95.5926,40.7844],[-95.7578,40.7438],[-95.8328,40.7161],[-95.8176,40.7015],[-95.78,40.7035],[-95.72,40.7221],[-95.67,40.7287],[-95.63,40.7233],[-95.585,40.711],[-95.535,40.6917],[-95.5004,40.6697],[-95.4813,40.6449],[-95.4794,40.6211],[-95.4947,40.5983],[-95.5243,40.5722],[-95.5681,40.5428],[-95.635,40.5115],[-95.725,40.4785],[-95.7857,40.4628],[-95.8171,40.4644],[-95.8371,40.4967],[-95.8457,40.5596],[-95.88,40.6049],[-95.94,40.6327],[-95.99,40.6496],[-96.03,40.6556],[-96.0515,40.6634],[-96.0544,40.6731],[-96.0394,40.6876]]]}},{"type":"Feature","properties":{"c":"#00fb90","v0":0.04,"v1":0.05},"geometry":{"type":"Polygon","coordinates":[[[-96.6351,40.8545],[-96.565,40.8742],[-96.48,40.8751],[-96.38,40.8574],[-96.2809,40.8513],[-96.1828,40.8569],[-96.1396,40.8522],[-96.1511,40.8371],[-96.1752,40.8241],[-96.2117,40.8134],[-96.255,40.8148],[-96.305,40.8284],[-96.36,40.8298],[-96.42,40.819],[-96.475,40.8204],[-96.525,40.8337],[-96.58,40.8414],[-96.6401,40.8436],[-96.6351,40.8545]],[[-96.5731,40.8648],[-96.5444,40.8747],[-96.48,40.871],[-96.38,40.8534],[-96.29,40.8497],[-96.21,40.8597],[-96.1624,40.8597],[-96.1473,40.8497],[-96.1673,40.8357],[-96.2224,40.818],[-96.27,40.8179],[-96.31,40.8357],[-96.365,40.838],[-96.435,40.8248],[-96.4994,40.8286],[-96.5581,40.8494],[-96.5731,40.8648]]]}},{"type":"Feature","properties":{"c":"#00fb90","v0":0.04,"v1":0.05},"geometry":{"type":"Polygon","coordinates":[[[-109.6217,40.7614],[-109.5872,40.7765],[-109.5522,40.7765],[-109.5167,40.7614],[-109.5167,40.7464],[-109.5522,40.7316],[-109.585,40.7271],[-109.615,40.7331],[-109.6322,40.7405],[-109.6367,40.7493],[-109.6217,40.7614]],[[-109.6195,40.7609],[-109.5865,40.7753],[-109.553,40.7753],[-109.5191,40.7609],[-109.5191,40.7468],[-109.553,40.7328],[-109.5865,40.7328],[-109.6195,40.7468],[-109.6195,40.7609]]]}},{"type":"Feature","properties":{"c":"#00fb90","v0":0.04,"v1":0.05},"geometry":{"type":"Polygon","coordinates":[[[-87.3459,40.64],[-87.3388,40.6552],[-87.3239,40.6673],[-87.3013,40.6761],[-87.25,40.6807],[-87.17,40.681],[-87.06,40.6742],[-86.92,40.6601],[-86.8419,40.6441],[-86.8258,40.6262],[-86.8308,40.6092],[-86.8569,40.5932],[-86.95,40.5835],[-87.11,40.5804],[-87.22,40.5833],[-87.28,40.5923],[-87.3199,40.6057],[-87.3396,40.6235],[-87.3459,40.64]],[[-87.3442,40.64],[-87.3369,40.6552],[-87.3224,40.6669],[-87.3008,40.6752],[-87.25,40.6794],[-87.17,40.6796],[-87.065,40.6735],[-86.935,40.6611],[-86.858,40.6455],[-86.8339,40.6267],[-86.8239,40.6129],[-86.828,40.6041],[-86.845,40.596],[-86.875,40.5888],[-86.965,40.5838],[-87.115,40.5812],[-87.22,40.5844],[-87.28,40.5935],[-87.3195,40.6066],[-87.3385,40.6238],[-87.3442,40.64]]]}},{"type":"Feature","properties":{"c":"#00fb90","v0":0.04,"v1":0.05},"geometry":{"type":"Polygon","coordinates":[[[-87.1113,40.3282],[-87.0749,40.3587],[-87.0301,40.3828],[-86.9767,40.4006],[-86.8795,40.4044],[-86.7386,40.3942],[-86.6716,40.3968],[-86.6786,40.412],[-86.7224,40.4424],[-86.803,40.4881],[-86.83,40.5218],[-86.8033,40.5435],[-86.7396,40.5587],[-86.6387,40.5674],[-86.6059,40.5831],[-86.6412,40.6059],[-86.6566,40.6255],[-86.6522,40.642],[-86.62,40.648],[-86.56,40.6434],[-86.485,40.6186],[-86.395,40.5734],[-86.31,40.5502],[-86.23,40.549],[-86.14,40.5409],[-86.04,40.5258],[-85.935,40.5245],[-85.825,40.5369],[-85.7531,40.535],[-85.7194,40.519],[-85.7144,40.5006],[-85.7381,40.48],[-85.81,40.475],[-85.93,40.4857],[-86.04,40.4738],[-86.14,40.4392],[-86.2415,40.4137],[-86.3446,40.3973],[-86.4077,40.3777],[-86.4309,40.3549],[-86.4065,40.3282],[-86.3346,40.2977],[-86.2985,40.2786],[-86.2984,40.271],[-86.3113,40.2682],[-86.3371,40.2704],[-86.39,40.2583],[-86.47,40.232],[-86.575,40.2184],[-86.705,40.2177],[-86.7838,40.2222],[-86.8113,40.2318],[-86.8313,40.2535],[-86.8438,40.2873],[-86.9199,40.3063],[-87.0596,40.3107],[-87.1113,40.3282]],[[-87.11,40.3244],[-87.0907,40.3472],[-87.0483,40.3711],[-86.9828,40.396],[-86.8787,40.4036],[-86.7362,40.394],[-86.6686,40.3968],[-86.6759,40.412],[-86.72,40.4424],[-86.8008,40.4881],[-86.8284,40.5214],[-86.8028,40.5424],[-86.7383,40.5576],[-86.6348,40.567],[-86.601,40.5831],[-86.6369,40.6059],[-86.6537,40.6249],[-86.6512,40.6402],[-86.62,40.6457],[-86.56,40.6412],[-86.485,40.6167],[-86.395,40.572],[-86.31,40.549],[-86.23,40.5477],[-86.14,40.5391],[-86.04,40.5232],[-85.935,40.5219],[-85.825,40.5351],[-85.7538,40.534],[-85.7215,40.5186],[-85.7102,40.5033],[-85.72,40.4881],[-85.7362,40.4774],[-85.7587,40.4712],[-85.825,40.4745],[-85.935,40.4873],[-86.04,40.4761],[-86.14,40.4407],[-86.2425,40.4145],[-86.3475,40.3976],[-86.4116,40.3777],[-86.4347,40.3549],[-86.4126,40.3282],[-86.3454,40.2977],[-86.3613,40.2668],[-86.4604,40.2355],[-86.575,40.2196],[-86.705,40.2189],[-86.7832,40.2231],[-86.8095,40.2321],[-86.8295,40.2539],[-86.8432,40.2884],[-86.9174,40.3075],[-87.0522,40.3111],[-87.11,40.3244]]]}},{"type":"Feature","properties":{"c":"#00fb90","v0":0.04,"v1":0.05},"geometry":{"type":"Polygon","coordinates":[[[-88.848,40.49],[-88.7693,40.5089],[-88.69,40.5149],[-88.61,40.5079],[-88.5595,40.4946],[-88.5386,40.4751],[-88.5355,40.4501],[-88.5501,40.4196],[-88.5706,40.4007],[-88.5969,40.3935],[-88.6793,40.4125],[-88.818,40.4578],[-88.848,40.49]],[[-88.8394,40.4895],[-88.7531,40.5075],[-88.675,40.5132],[-88.605,40.5065],[-88.5613,40.4975],[-88.544,40.4862],[-88.5344,40.4729],[-88.5327,40.4577],[-88.5388,40.4386],[-88.5527,40.4158],[-88.5722,40.401],[-88.5974,40.3942],[-88.6781,40.4132],[-88.8144,40.4581],[-88.8394,40.4895]]]}},{"type":"Feature","properties":{"c":"#00fb90","v0":0.04,"v1":0.05},"geometry":{"type":"Polygon","coordinates":[[[-84.5337,40.4905],[-84.4779,40.5106],[-84.4379,40.5182],[-84.4138,40.5133],[-84.4076,40.5033],[-84.4193,40.4881],[-84.4364,40.4771],[-84.4588,40.4702],[-84.4898,40.4664],[-84.5295,40.4657],[-84.5524,40.4691],[-84.5585,40.4767],[-84.5337,40.4905]],[[-84.5352,40.489],[-84.4917,40.5061],[-84.4541,40.5137],[-84.4223,40.5118],[-84.4173,40.5015],[-84.4391,40.4825],[-84.47,40.4711],[-84.51,40.4671],[-84.5367,40.4689],[-84.5502,40.4766],[-84.5352,40.489]]]}},{"type":"Feature","properties":{"c":"#00fb90","v0":0.04,"v1":0.05},"geometry":{"type":"Polygon","coordinates":[[[-87.617,40.43],[-87.5457,40.4507],[-87.4924,40.4545],[-87.4572,40.4414],[-87.4482,40.4272],[-87.4654,40.412],[-87.488,40.4011],[-87.516,40.3946],[-87.5607,40.3984],[-87.622,40.4125],[-87.617,40.43]],[[-87.6085,40.4296],[-87.5428,40.4497],[-87.4933,40.4535],[-87.4598,40.4411],[-87.4648,40.4243],[-87.5083,40.4032],[-87.5578,40.3994],[-87.6135,40.4129],[-87.6085,40.4296]]]}},{"type":"Feature","properties":{"c":"#00fb90","v0":0.04,"v1":0.05},"geometry":{"type":"Polygon","coordinates":[[[-73.5767,39.3453],[-73.5627,39.3762],[-73.4786,39.4534],[-73.3246,39.5769],[-73.1952,39.6655],[-73.0904,39.7193],[-72.956,39.8229],[-72.792,39.9758],[-72.68,40.0668],[-72.62,40.096],[-72.55,40.1199],[-72.47,40.1385],[-72.36,40.1754],[-72.22,40.2308],[-72.12,40.2812],[-72.06,40.3265],[-71.9871,40.3668],[-71.9013,40.402],[-71.8174,40.4272],[-71.7354,40.4424],[-71.6824,40.4272],[-71.6584,40.3815],[-71.6673,40.3282],[-71.7089,40.2672],[-71.7998,40.186],[-71.9399,40.0847],[-72.04,40.0295],[-72.1,40.0204],[-72.1423,40.0061],[-72.1669,39.9864],[-72.1815,39.9651],[-72.1861,39.9421],[-72.1671,39.9152],[-72.1245,39.8845],[-72.0989,39.8423],[-72.0904,39.7885],[-72.0971,39.7524],[-72.119,39.7338],[-72.18,39.7045],[-72.28,39.6644],[-72.3296,39.6275],[-72.3289,39.5938],[-72.3339,39.5714],[-72.3446,39.5605],[-72.405,39.5453],[-72.515,39.5259],[-72.61,39.5008],[-72.69,39.4701],[-72.755,39.4577],[-72.805,39.4635],[-72.855,39.4616],[-72.905,39.452],[-72.9306,39.4642],[-72.9319,39.4982],[-72.9219,39.526],[-72.9006,39.5475],[-72.74,39.6279],[-72.44,39.767],[-72.2785,39.8523],[-72.2554,39.884],[-72.2504,39.9082],[-72.2635,39.9249],[-72.285,39.936],[-72.315,39.9417],[-72.355,39.937],[-72.405,39.922],[-72.485,39.8853],[-72.595,39.827],[-72.705,39.7878],[-72.815,39.7676],[-72.9214,39.7201],[-73.0242,39.6452],[-73.0802,39.6],[-73.0891,39.5846],[-73.0827,39.56],[-73.0609,39.5263],[-73.07,39.5049],[-73.11,39.4959],[-73.1393,39.4819],[-73.158,39.4629],[-73.158,39.4435],[-73.1393,39.4237],[-73.11,39.4167],[-73.07,39.4224],[-73.0486,39.4207],[-73.0457,39.4116],[-73.0607,39.4],[-73.0936,39.3859],[-73.115,39.3673],[-73.125,39.344],[-73.145,39.3339],[-73.175,39.337],[-73.21,39.326],[-73.25,39.3007],[-73.285,39.2846],[-73.315,39.2776],[-73.355,39.2806],[-73.405,39.2936],[-73.46,39.2983],[-73.52,39.2946],[-73.5584,39.302],[-73.5753,39.3205],[-73.5767,39.3453]],[[-73.5724,39.3453],[-73.5572,39.3762],[-73.4735,39.4534],[-73.321,39.5769],[-73.1919,39.6655],[-73.0862,39.7193],[-72.9525,39.8217],[-72.7908,39.9725],[-72.68,40.0621],[-72.62,40.091],[-72.55,40.1156],[-72.47,40.1359],[-72.36,40.1736],[-72.22,40.2286],[-72.115,40.2812],[-72.045,40.3313],[-71.97,40.3712],[-71.89,40.4008],[-71.815,40.4213],[-71.745,40.4326],[-71.699,40.4184],[-71.6771,40.3786],[-71.6821,40.3302],[-71.714,40.2734],[-71.8,40.1936],[-71.94,40.0909],[-72.04,40.0345],[-72.1,40.0247],[-72.1437,40.009],[-72.1712,39.9874],[-72.1891,39.9651],[-72.1974,39.9421],[-72.1804,39.9191],[-72.1381,39.896],[-72.1098,39.8538],[-72.0955,39.7924],[-72.0987,39.7528],[-72.1196,39.7351],[-72.18,39.7065],[-72.28,39.6671],[-72.335,39.6248],[-72.345,39.5795],[-72.405,39.547],[-72.515,39.5275],[-72.61,39.5026],[-72.69,39.4725],[-72.755,39.4601],[-72.805,39.4656],[-72.85,39.4628],[-72.89,39.4517],[-72.9152,39.4519],[-72.9256,39.4632],[-72.9239,39.4882],[-72.9102,39.5268],[-72.7479,39.6193],[-72.4368,39.7655],[-72.2698,39.8577],[-72.2468,39.896],[-72.247,39.9229],[-72.2701,39.9382],[-72.2938,39.9469],[-72.3179,39.949],[-72.355,39.9437],[-72.405,39.931],[-72.4794,39.8955],[-72.5781,39.837],[-72.6831,39.7974],[-72.7944,39.7768],[-72.8728,39.7537],[-72.9185,39.7282],[-72.9796,39.6847],[-73.0561,39.6231],[-73.086,39.573],[-73.0693,39.5345],[-73.0872,39.5036],[-73.1398,39.4805],[-73.1658,39.4612],[-73.1652,39.4457],[-73.1506,39.4264],[-73.1222,39.4032],[-73.1146,39.38],[-73.1278,39.3569],[-73.1484,39.3443],[-73.1761,39.3423],[-73.225,39.3259],[-73.295,39.2951],[-73.355,39.2855],[-73.405,39.2971],[-73.46,39.3009],[-73.52,39.297],[-73.5575,39.3037],[-73.5724,39.3211],[-73.5724,39.3453]]]}},{"type":"Feature","properties":{"c":"#00fb90","v0":0.04,"v1":0.05},"geometry":{"type":"Polygon","coordinates":[[[-85.1557,40.4093],[-85.1252,40.4192],[-85.1028,40.4192],[-85.0884,40.4093],[-85.0934,40.3995],[-85.1178,40.3897],[-85.1402,40.3897],[-85.1607,40.3995],[-85.1557,40.4093]],[[-85.1522,40.4088],[-85.1241,40.4177],[-85.1038,40.4177],[-85.0915,40.4088],[-85.0965,40.3999],[-85.1188,40.391],[-85.1391,40.391],[-85.1572,40.3999],[-85.1522,40.4088]]]}},{"type":"Feature","properties":{"c":"#00fb90","v0":0.04,"v1":0.05},"geometry":{"type":"Polygon","coordinates":[[[-84.816,40.4181],[-84.732,40.4152],[-84.6817,40.4076],[-84.6652,40.3953],[-84.6652,40.3801],[-84.6817,40.3621],[-84.705,40.3504],[-84.735,40.3449],[-84.7619,40.3462],[-84.7856,40.3545],[-84.8126,40.3739],[-84.8428,40.4044],[-84.816,40.4181]],[[-84.8055,40.4177],[-84.7285,40.414],[-84.6837,40.4026],[-84.6712,40.3835],[-84.6762,40.3672],[-84.6987,40.3539],[-84.725,40.3471],[-84.755,40.3469],[-84.7885,40.3651],[-84.8255,40.4014],[-84.8055,40.4177]]]}},{"type":"Feature","properties":{"c":"#00fb90","v0":0.04,"v1":0.05},"geometry":{"type":"Polygon","coordinates":[[[-83.9163,40.3538],[-83.8854,40.3745],[-83.8518,40.3783],[-83.8155,40.3652],[-83.8105,40.3516],[-83.8368,40.3374],[-83.8704,40.3336],[-83.9113,40.3402],[-83.9163,40.3538]],[[-83.9071,40.365],[-83.869,40.3778],[-83.8377,40.3778],[-83.8132,40.365],[-83.8182,40.352],[-83.8527,40.3386],[-83.8837,40.3348],[-83.9112,40.3405],[-83.9253,40.3472],[-83.9258,40.3549],[-83.9071,40.365]]]}},{"type":"Feature","properties":{"c":"#00fb90","v0":0.04,"v1":0.05},"geometry":{"type":"Polygon","coordinates":[[[-87.2937,40.3473],[-87.2779,40.3551],[-87.2605,40.3551],[-87.2415,40.3473],[-87.2415,40.3376],[-87.2605,40.3258],[-87.2779,40.3258],[-87.2937,40.3376],[-87.2937,40.3473]],[[-87.2915,40.3467],[-87.2772,40.3533],[-87.2617,40.3533],[-87.2451,40.3467],[-87.2451,40.338],[-87.2617,40.3272],[-87.2772,40.3272],[-87.2915,40.338],[-87.2915,40.3467]]]}},{"type":"Feature","properties":{"c":"#00fb90","v0":0.04,"v1":0.05},"geometry":{"type":"Polygon","coordinates":[[[-85.2319,40.2404],[-85.2298,40.2481],[-85.194,40.2566],[-85.1247,40.2659],[-85.0792,40.2621],[-85.0575,40.2451],[-85.0625,40.2278],[-85.0942,40.2102],[-85.1407,40.2102],[-85.2022,40.2278],[-85.2319,40.2404]],[[-85.2259,40.2404],[-85.2192,40.2481],[-85.1844,40.2562],[-85.1215,40.2649],[-85.0797,40.2611],[-85.0592,40.2448],[-85.0642,40.2282],[-85.0947,40.2112],[-85.1398,40.2112],[-85.1994,40.2282],[-85.2259,40.2404]]]}},{"type":"Feature","properties":{"c":"#00fb90","v0":0.04,"v1":0.05},"geometry":{"type":"Polygon","coordinates":[[[-85.9465,40.1731],[-85.8422,40.2295],[-85.77,40.2573],[-85.73,40.2567],[-85.7025,40.2515],[-85.6875,40.2416],[-85.684,40.2214],[-85.6922,40.1908],[-85.7214,40.1641],[-85.7717,40.1411],[-85.8352,40.1242],[-85.9117,40.1132],[-85.9622,40.117],[-85.9865,40.1356],[-85.9465,40.1731]],[[-85.9451,40.1728],[-85.8417,40.2284],[-85.775,40.2568],[-85.745,40.258],[-85.7181,40.2531],[-85.6944,40.2421],[-85.6869,40.2214],[-85.6956,40.1908],[-85.7254,40.1641],[-85.7762,40.1411],[-85.8387,40.1244],[-85.9129,40.114],[-85.9617,40.1178],[-85.9851,40.1359],[-85.9451,40.1728]]]}},{"type":"Feature","properties":{"c":"#00fb90","v0":0.04,"v1":0.05},"geometry":{"type":"Polygon","coordinates":[[[-84.0893,40.1854],[-84.0631,40.2051],[-84.03,40.218],[-83.99,40.2241],[-83.95,40.2267],[-83.91,40.2257],[-83.8705,40.2166],[-83.8316,40.1994],[-83.8221,40.1832],[-83.8421,40.1679],[-83.8816,40.1542],[-83.9405,40.1422],[-83.995,40.1392],[-84.045,40.1455],[-84.0781,40.1553],[-84.0943,40.1688],[-84.0893,40.1854]],[[-84.0876,40.1851],[-84.0625,40.2043],[-84.03,40.217],[-83.99,40.2232],[-83.95,40.2257],[-83.91,40.2245],[-83.8718,40.2156],[-83.8354,40.1991],[-83.8271,40.1832],[-83.8469,40.1679],[-83.8851,40.1544],[-83.9417,40.1428],[-83.995,40.1402],[-84.045,40.1466],[-84.0775,40.1562],[-84.0926,40.1691],[-84.0876,40.1851]]]}},{"type":"Feature","properties":{"c":"#00fb90","v0":0.04,"v1":0.05},"geometry":{"type":"Polygon","coordinates":[[[-87.4223,40.1699],[-87.4008,40.1893],[-87.3721,40.1931],[-87.3362,40.1814],[-87.3362,40.1661],[-87.3721,40.1472],[-87.4008,40.1434],[-87.4223,40.1546],[-87.4223,40.1699]],[[-87.4205,40.1695],[-87.4002,40.1881],[-87.3735,40.1919],[-87.3405,40.181],[-87.3405,40.1665],[-87.3735,40.1484],[-87.4002,40.1446],[-87.4205,40.155],[-87.4205,40.1695]]]}},{"type":"Feature","properties":{"c":"#00fb90","v0":0.04,"v1":0.05},"geometry":{"type":"Polygon","coordinates":[[[-70.9192,40.0716],[-70.8864,40.1084],[-70.87,40.1174],[-70.87,40.0986],[-70.88,40.0797],[-70.9,40.0609],[-70.9164,40.0519],[-70.9292,40.0528],[-70.9192,40.0716]]]}},{"type":"Feature","properties":{"c":"#00fb90","v0":0.04,"v1":0.05},"geometry":{"type":"Polygon","coordinates":[[[-101.9781,36.4159],[-101.9727,36.429],[-101.94,36.4478],[-101.88,36.4723],[-101.82,36.4669],[-101.76,36.4316],[-101.72,36.4314],[-101.7,36.4664],[-101.6654,36.4935],[-101.6163,36.5125],[-101.5938,36.5301],[-101.5977,36.5461],[-101.6247,36.5622],[-101.6747,36.5783],[-101.6929,36.5983],[-101.6791,36.6224],[-101.6764,36.6425],[-101.6847,36.6585],[-101.735,36.6866],[-101.8274,36.7267],[-101.8394,36.7587],[-101.7709,36.7828],[-101.735,36.812],[-101.7317,36.8464],[-101.705,36.8787],[-101.655,36.9088],[-101.5308,36.9356],[-101.3325,36.959],[-101.2145,36.9788],[-101.1768,36.9947],[-101.151,37.0126],[-101.137,37.0323],[-101.1,37.0449],[-101.04,37.0504],[-101.0075,37.0605],[-101.0024,37.0752],[-101.0142,37.0985],[-101.0428,37.1304],[-101.0253,37.1484],[-100.9618,37.1525],[-100.8929,37.1644],[-100.8186,37.1843],[-100.7536,37.1942],[-100.6979,37.1944],[-100.6655,37.2262],[-100.6565,37.2898],[-100.6339,37.3414],[-100.5978,37.3812],[-100.5373,37.4071],[-100.4524,37.4192],[-100.33,37.4274],[-100.17,37.4317],[-100.0727,37.4416],[-100.0382,37.4569],[-100.0251,37.4725],[-100.0336,37.4884],[-100.0659,37.5068],[-100.122,37.5278],[-100.213,37.5476],[-100.339,37.5663],[-100.408,37.6113],[-100.42,37.6825],[-100.387,37.7203],[-100.309,37.7247],[-100.2654,37.7326],[-100.2562,37.7441],[-100.2612,37.7591],[-100.2804,37.7776],[-100.315,37.7917],[-100.365,37.8013],[-100.475,37.8067],[-100.645,37.8079],[-100.7454,37.8175],[-100.7762,37.8356],[-100.7512,37.8593],[-100.6704,37.8886],[-100.6061,37.932],[-100.5582,37.9894],[-100.5406,38.026],[-100.5532,38.0418],[-100.6071,38.0539],[-100.7024,38.0625],[-100.7586,38.0704],[-100.7759,38.0775],[-100.7836,38.0851],[-100.7817,38.0929],[-100.698,38.1303],[-100.5327,38.1972],[-100.405,38.2384],[-100.315,38.2539],[-100.2585,38.2676],[-100.2354,38.2796],[-100.2263,38.3091],[-100.2312,38.3561],[-100.2477,38.3911],[-100.2759,38.414],[-100.305,38.4273],[-100.335,38.4311],[-100.395,38.4219],[-100.485,38.3998],[-100.5264,38.4099],[-100.5191,38.4524],[-100.525,38.4933],[-100.5438,38.5324],[-100.4874,38.5546],[-100.3558,38.5601],[-100.215,38.555],[-100.065,38.5394],[-99.905,38.5312],[-99.735,38.5302],[-99.625,38.5393],[-99.575,38.5585],[-99.5,38.5682],[-99.4,38.5685],[-99.335,38.5748],[-99.305,38.5872],[-99.281,38.6065],[-99.263,38.6326],[-99.228,38.6586],[-99.176,38.6844],[-99.0925,38.7156],[-98.9774,38.7523],[-98.9127,38.7823],[-98.8985,38.8057],[-98.902,38.829],[-98.9234,38.8524],[-98.9338,38.8719],[-98.9333,38.8875],[-98.8873,38.9238],[-98.7958,38.981],[-98.705,39.0141],[-98.615,39.0231],[-98.54,39.0363],[-98.48,39.0537],[-98.37,39.0573],[-98.21,39.0472],[-98.05,39.0451],[-97.89,39.0509],[-97.74,39.0431],[-97.6,39.0215],[-97.45,39.0215],[-97.29,39.0431],[-97.185,39.0519],[-97.135,39.0478],[-97.065,39.0561],[-96.975,39.0768],[-96.88,39.127],[-96.78,39.2067],[-96.691,39.2596],[-96.613,39.2858],[-96.553,39.2974],[-96.511,39.2946],[-96.38,39.3103],[-96.16,39.3447],[-96.0,39.3527],[-95.9,39.3345],[-95.8342,39.3342],[-95.8027,39.3519],[-95.6777,39.3794],[-95.4592,39.4169],[-95.235,39.4678],[-95.005,39.5322],[-94.855,39.5666],[-94.785,39.5711],[-94.71,39.568],[-94.63,39.5574],[-94.425,39.5757],[-94.095,39.6231],[-93.76,39.6605],[-93.42,39.6881],[-93.2197,39.7091],[-93.1592,39.7236],[-93.0042,39.7403],[-92.7547,39.7592],[-92.575,39.7683],[-92.465,39.7675],[-92.365,39.7815],[-92.275,39.8102],[-92.215,39.8221],[-92.185,39.8172],[-92.15,39.8196],[-92.11,39.8291],[-92.065,39.8293],[-92.015,39.82],[-91.97,39.8203],[-91.93,39.8303],[-91.885,39.8282],[-91.835,39.8139],[-91.775,39.8068],[-91.705,39.8069],[-91.6629,39.8033],[-91.6488,39.796],[-91.6514,39.7616],[-91.6709,39.7001],[-91.6738,39.6424],[-91.6602,39.5884],[-91.6826,39.5484],[-91.7409,39.5222],[-91.78,39.4931],[-91.8,39.4611],[-91.845,39.4291],[-91.915,39.3972],[-92.01,39.3666],[-92.13,39.3372],[-92.225,39.3021],[-92.295,39.2611],[-92.475,39.2242],[-92.765,39.1914],[-92.9228,39.1633],[-92.9485,39.14],[-92.9685,39.0992],[-92.9828,39.041],[-93.02,38.9944],[-93.08,38.9594],[-93.14,38.9524],[-93.2,38.9734],[-93.25,38.9818],[-93.29,38.9778],[-93.325,38.9831],[-93.355,38.9976],[-93.39,39.0004],[-93.43,38.9915],[-93.475,38.9904],[-93.525,38.9972],[-93.57,38.9952],[-93.61,38.9842],[-93.67,38.9843],[-93.75,38.9953],[-93.815,38.9947],[-93.865,38.9823],[-93.915,38.9802],[-93.965,38.9883],[-94.085,38.9833],[-94.275,38.9651],[-94.4,38.9407],[-94.46,38.9101],[-94.51,38.8902],[-94.55,38.8812],[-94.6,38.8509],[-94.66,38.7994],[-94.79,38.7695],[-94.99,38.761],[-95.11,38.7658],[-95.15,38.7836],[-95.205,38.7971],[-95.275,38.8062],[-95.3372,38.8046],[-95.3916,38.7923],[-95.4266,38.7727],[-95.4422,38.7458],[-95.48,38.7212],[-95.54,38.6988],[-95.5976,38.6693],[-95.6527,38.6328],[-95.7477,38.5994],[-95.8826,38.5691],[-95.97,38.5657],[-96.01,38.5892],[-96.045,38.6023],[-96.075,38.6051],[-96.125,38.599],[-96.195,38.5838],[-96.25,38.5595],[-96.29,38.5263],[-96.34,38.5287],[-96.4,38.5666],[-96.4629,38.5888],[-96.5288,38.5955],[-96.5576,38.6145],[-96.5492,38.6457],[-96.5521,38.677],[-96.5663,38.7082],[-96.5975,38.7296],[-96.6458,38.7413],[-96.7,38.7405],[-96.76,38.7271],[-96.8018,38.7095],[-96.8255,38.6878],[-96.8333,38.6653],[-96.8251,38.6418],[-96.8019,38.6223],[-96.7637,38.6067],[-96.7488,38.5871],[-96.7574,38.5637],[-96.8288,38.5498],[-96.9629,38.5456],[-97.06,38.5275],[-97.12,38.4956],[-97.185,38.4709],[-97.255,38.4534],[-97.2946,38.4284],[-97.3038,38.3959],[-97.2988,38.3671],[-97.2796,38.3421],[-97.285,38.3249],[-97.315,38.3157],[-97.345,38.2981],[-97.375,38.2721],[-97.4411,38.2461],[-97.5432,38.22],[-97.5988,38.1991],[-97.6081,38.1834],[-97.606,38.1598],[-97.5925,38.1284],[-97.6075,38.1087],[-97.6511,38.1008],[-97.6821,38.0749],[-97.7007,38.0309],[-97.75,38.0141],[-97.83,38.0247],[-97.92,38.0502],[-98.02,38.0908],[-98.115,38.1114],[-98.205,38.112],[-98.32,38.0962],[-98.46,38.064],[-98.5319,38.0562],[-98.5356,38.0728],[-98.5456,38.0851],[-98.5619,38.0929],[-98.645,38.0939],[-98.795,38.0883],[-98.9031,38.0647],[-98.9694,38.0231],[-98.9979,37.9827],[-98.9888,37.9433],[-99.0162,37.9117],[-99.0803,37.888],[-99.1246,37.8446],[-99.1493,37.7814],[-99.1487,37.7406],[-99.1229,37.7221],[-99.0756,37.7142],[-99.0068,37.7168],[-98.9889,37.7063],[-99.0221,37.6825],[-99.0398,37.6588],[-99.0422,37.635],[-99.035,37.618],[-99.0183,37.6076],[-98.985,37.602],[-98.935,37.6011],[-98.905,37.5847],[-98.895,37.5528],[-98.857,37.5346],[-98.7909,37.5302],[-98.7527,37.5241],[-98.7421,37.5161],[-98.7351,37.4937],[-98.7317,37.4567],[-98.75,37.4323],[-98.79,37.4204],[-98.84,37.4263],[-98.9,37.45],[-98.985,37.4607],[-99.095,37.4584],[-99.165,37.454],[-99.195,37.4475],[-99.22,37.4352],[-99.24,37.417],[-99.265,37.4158],[-99.295,37.4315],[-99.325,37.4407],[-99.355,37.4433],[-99.3918,37.4337],[-99.4354,37.4119],[-99.4594,37.3891],[-99.4639,37.3653],[-99.4571,37.3454],[-99.4389,37.3295],[-99.4149,37.318],[-99.385,37.3108],[-99.345,37.3194],[-99.295,37.3437],[-99.24,37.3357],[-99.18,37.2955],[-99.1443,37.2591],[-99.1329,37.2264],[-99.1179,37.2041],[-99.0993,37.1921],[-99.065,37.1797],[-99.015,37.1669],[-98.93,37.1664],[-98.81,37.178],[-98.705,37.1675],[-98.615,37.1348],[-98.5583,37.1015],[-98.5348,37.0676],[-98.5598,37.0559],[-98.6333,37.0666],[-98.6846,37.0546],[-98.7137,37.02],[-98.7387,37.0023],[-98.7596,37.0014],[-98.795,37.0146],[-98.845,37.0421],[-98.91,37.064],[-98.99,37.0805],[-99.0447,37.0832],[-99.0741,37.0721],[-99.0889,37.0506],[-99.089,37.0187],[-99.0941,36.9987],[-99.1042,36.9908],[-99.1195,36.9827],[-99.1398,36.9746],[-99.17,36.9719],[-99.21,36.9746],[-99.25,36.9684],[-99.29,36.9533],[-99.3281,36.956],[-99.3642,36.9765],[-99.378,37.0027],[-99.3695,37.0347],[-99.3765,37.0604],[-99.3988,37.0798],[-99.43,37.0952],[-99.47,37.1067],[-99.535,37.1129],[-99.625,37.114],[-99.725,37.1289],[-99.835,37.1576],[-99.9159,37.1656],[-99.9677,37.1528],[-100.0039,37.1304],[-100.0245,37.0985],[-100.0348,37.0666],[-100.0347,37.0347],[-100.0485,37.0146],[-100.0762,37.0063],[-100.12,37.0069],[-100.18,37.0162],[-100.255,37.0186],[-100.345,37.014],[-100.43,37.0266],[-100.51,37.0562],[-100.63,37.0754],[-100.79,37.0842],[-100.8812,37.0831],[-100.9035,37.0721],[-100.9197,37.0546],[-100.9297,37.0307],[-100.9185,37.0044],[-100.8862,36.9756],[-100.82,36.9691],[-100.72,36.9848],[-100.62,36.9805],[-100.52,36.9564],[-100.4677,36.9389],[-100.4631,36.9282],[-100.5031,36.9055],[-100.5877,36.8709],[-100.695,36.8684],[-100.825,36.8983],[-100.9728,36.8996],[-101.1385,36.8724],[-101.2294,36.8468],[-101.2457,36.8228],[-101.2477,36.7988],[-101.2353,36.7748],[-101.1825,36.7467],[-101.0892,36.7147],[-101.0396,36.6906],[-101.0338,36.6746],[-101.0356,36.6593],[-101.0452,36.6449],[-101.085,36.6449],[-101.155,36.6593],[-101.2063,36.6625],[-101.239,36.6545],[-101.2575,36.6385],[-101.2617,36.6144],[-101.2448,36.5863],[-101.2066,36.5542],[-101.1882,36.5332],[-101.1894,36.5234],[-101.21,36.5073],[-101.2501,36.485],[-101.264,36.4577],[-101.2518,36.4255],[-101.2917,36.3972],[-101.3839,36.3729],[-101.46,36.3726],[-101.52,36.3965],[-101.585,36.4051],[-101.655,36.3985],[-101.6893,36.3826],[-101.6878,36.3575],[-101.7028,36.335],[-101.7343,36.315],[-101.7606,36.307],[-101.7817,36.3108],[-101.8067,36.3266],[-101.8356,36.3541],[-101.8827,36.3783],[-101.9481,36.399],[-101.9781,36.4159]],[[-101.8245,36.7584],[-101.7482,36.7816],[-101.7073,36.7776],[-101.702,36.7463],[-101.687,36.7199],[-101.6623,36.6982],[-101.615,36.6847],[-101.545,36.6796],[-101.507,36.6984],[-101.5011,36.7413],[-101.5026,36.7708],[-101.5114,36.7868],[-101.5393,36.8013],[-101.5864,36.8144],[-101.635,36.8145],[-101.685,36.8016],[-101.7144,36.8111],[-101.7232,36.8429],[-101.7008,36.8748],[-101.6471,36.9068],[-101.521,36.9348],[-101.3228,36.9588],[-101.2048,36.9788],[-101.1672,36.9947],[-101.1438,37.0111],[-101.1346,37.0279],[-101.095,37.0384],[-101.025,37.0426],[-100.9906,37.0542],[-100.9918,37.0731],[-101.0053,37.0945],[-101.0313,37.1185],[-101.0407,37.1332],[-101.0336,37.1387],[-100.965,37.154],[-100.835,37.179],[-100.745,37.1898],[-100.695,37.1864],[-100.6635,37.1951],[-100.6504,37.2157],[-100.6431,37.2499],[-100.6418,37.2977],[-100.6184,37.3403],[-100.5728,37.3777],[-100.435,37.4046],[-100.205,37.4209],[-100.0728,37.4339],[-100.0385,37.4437],[-100.0216,37.4606],[-100.0221,37.4844],[-100.0592,37.5112],[-100.1331,37.5409],[-100.22,37.5574],[-100.32,37.5606],[-100.38,37.569],[-100.4,37.5827],[-100.41,37.62],[-100.41,37.6809],[-100.375,37.7137],[-100.305,37.7186],[-100.2629,37.7282],[-100.2487,37.7426],[-100.2487,37.7579],[-100.2629,37.774],[-100.3199,37.7938],[-100.4197,37.8171],[-100.4747,37.837],[-100.4849,37.8534],[-100.4999,37.8613],[-100.5198,37.8607],[-100.5212,37.8525],[-100.5043,37.8367],[-100.513,37.8249],[-100.5472,37.817],[-100.611,37.817],[-100.7043,37.8249],[-100.7508,37.834],[-100.7503,37.8444],[-100.7158,37.8641],[-100.6475,37.8932],[-100.6075,37.92],[-100.5958,37.9445],[-100.5688,37.976],[-100.5264,38.0146],[-100.5214,38.04],[-100.5538,38.0522],[-100.615,38.0619],[-100.705,38.0693],[-100.7552,38.0789],[-100.7655,38.0909],[-100.7155,38.116],[-100.6052,38.1542],[-100.5281,38.1857],[-100.4842,38.2104],[-100.4142,38.2315],[-100.3181,38.249],[-100.2562,38.2647],[-100.2285,38.2786],[-100.2194,38.313],[-100.2287,38.3679],[-100.2476,38.4054],[-100.2759,38.4255],[-100.325,38.4387],[-100.395,38.4451],[-100.4517,38.4389],[-100.495,38.4203],[-100.5051,38.4267],[-100.482,38.458],[-100.4803,38.4894],[-100.5001,38.5207],[-100.455,38.5413],[-100.345,38.5511],[-100.215,38.5483],[-100.065,38.5328],[-99.905,38.5248],[-99.735,38.5243],[-99.625,38.5325],[-99.575,38.5496],[-99.5,38.5582],[-99.4,38.5585],[-99.2972,38.5921],[-99.1915,38.6591],[-99.0702,38.7121],[-98.9332,38.7511],[-98.8601,38.7745],[-98.8508,38.7823],[-98.8613,38.8135],[-98.8914,38.868],[-98.8659,38.9225],[-98.7848,38.9769],[-98.6957,39.0095],[-98.5986,39.0202],[-98.525,39.033],[-98.475,39.048],[-98.31,39.0486],[-98.03,39.0348],[-97.87,39.0306],[-97.83,39.0361],[-97.74,39.0307],[-97.6,39.0143],[-97.45,39.0168],[-97.29,39.0381],[-97.185,39.047],[-97.135,39.0434],[-97.06,39.054],[-96.96,39.0789],[-96.8638,39.1277],[-96.7714,39.2005],[-96.6864,39.2516],[-96.6088,39.281],[-96.55,39.2941],[-96.51,39.2907],[-96.38,39.3045],[-96.16,39.3354],[-96.0,39.3433],[-95.9,39.3282],[-95.83,39.3299],[-95.79,39.3486],[-95.66,39.3765],[-95.44,39.4137],[-95.215,39.4636],[-94.985,39.526],[-94.84,39.5596],[-94.78,39.5644],[-94.71,39.5622],[-94.63,39.5529],[-94.425,39.5721],[-94.095,39.6199],[-93.76,39.6562],[-93.42,39.681],[-93.21,39.7019],[-93.13,39.7188],[-92.975,39.7361],[-92.745,39.754],[-92.575,39.7586],[-92.465,39.7498],[-92.3602,39.7572],[-92.2607,39.7806],[-92.1857,39.792],[-92.1352,39.7914],[-92.06,39.7994],[-91.96,39.8161],[-91.85,39.8173],[-91.73,39.8032],[-91.665,39.7915],[-91.655,39.7823],[-91.6635,39.7545],[-91.6905,39.708],[-91.6936,39.6578],[-91.6728,39.6039],[-91.6903,39.5615],[-91.7462,39.5306],[-91.7831,39.4991],[-91.801,39.467],[-91.845,39.435],[-91.915,39.4029],[-92.01,39.3715],[-92.13,39.3408],[-92.225,39.3058],[-92.295,39.2667],[-92.475,39.2315],[-92.765,39.2001],[-92.9249,39.1743],[-92.9548,39.154],[-92.9748,39.1284],[-92.9849,39.0974],[-92.995,39.08],[-93.005,39.0762],[-93.02,39.0804],[-93.04,39.0927],[-93.0597,39.0946],[-93.079,39.0861],[-93.0918,39.0624],[-93.098,39.0236],[-93.1083,38.9962],[-93.1228,38.9803],[-93.19,38.9829],[-93.31,39.004],[-93.44,39.0085],[-93.58,38.9964],[-93.69,38.9946],[-93.77,39.0033],[-93.83,39.0019],[-93.87,38.9904],[-93.915,38.9878],[-93.965,38.9943],[-94.085,38.988],[-94.275,38.9691],[-94.42,38.9411],[-94.52,38.9041],[-94.6,38.86],[-94.66,38.8087],[-94.79,38.7787],[-94.99,38.7702],[-95.11,38.7743],[-95.15,38.7912],[-95.205,38.8035],[-95.275,38.8114],[-95.3995,38.7964],[-95.5786,38.7584],[-95.6743,38.7355],[-95.6868,38.7277],[-95.6752,38.7121],[-95.6397,38.6887],[-95.6324,38.6653],[-95.6534,38.6418],[-95.7304,38.6136],[-95.8635,38.5805],[-95.96,38.5761],[-96.02,38.6002],[-96.09,38.6074],[-96.17,38.5977],[-96.235,38.5751],[-96.285,38.5398],[-96.34,38.5394],[-96.4,38.5741],[-96.4594,38.5933],[-96.5183,38.597],[-96.5442,38.6145],[-96.5372,38.6457],[-96.5399,38.677],[-96.5522,38.7082],[-96.5863,38.7305],[-96.6421,38.7439],[-96.7014,38.7439],[-96.7642,38.7305],[-96.8175,38.7004],[-96.8613,38.6535],[-96.854,38.6223],[-96.7957,38.6067],[-96.7674,38.5907],[-96.7691,38.5744],[-96.835,38.5624],[-96.965,38.5548],[-97.06,38.5392],[-97.12,38.5154],[-97.175,38.4997],[-97.225,38.492],[-97.2683,38.4728],[-97.3049,38.442],[-97.3208,38.4032],[-97.3158,38.3561],[-97.3306,38.3169],[-97.365,38.2855],[-97.4524,38.2541],[-97.5926,38.2227],[-97.6645,38.1992],[-97.6682,38.1836],[-97.6549,38.1639],[-97.6248,38.1402],[-97.6298,38.1209],[-97.6699,38.1061],[-97.695,38.0806],[-97.705,38.0445],[-97.745,38.0285],[-97.815,38.0328],[-97.905,38.0561],[-98.015,38.0985],[-98.115,38.1201],[-98.205,38.121],[-98.315,38.1054],[-98.445,38.0732],[-98.52,38.0678],[-98.54,38.0892],[-98.635,38.0958],[-98.805,38.0875],[-98.9208,38.0631],[-98.9825,38.0226],[-99.014,37.9866],[-99.0153,37.9551],[-99.0422,37.9235],[-99.0947,37.892],[-99.1368,37.8446],[-99.1685,37.7814],[-99.1707,37.7391],[-99.1436,37.7178],[-99.1076,37.7059],[-99.0628,37.7035],[-99.047,37.6865],[-99.0603,37.6548],[-99.0627,37.6269],[-99.0542,37.6027],[-99.04,37.5864],[-99.02,37.5778],[-98.99,37.5799],[-98.95,37.5928],[-98.925,37.5825],[-98.915,37.549],[-98.8755,37.5312],[-98.8065,37.5291],[-98.7615,37.5079],[-98.7405,37.4675],[-98.75,37.4401],[-98.79,37.4256],[-98.84,37.4314],[-98.9,37.4577],[-98.99,37.4689],[-99.11,37.465],[-99.19,37.4539],[-99.23,37.4357],[-99.275,37.4328],[-99.325,37.4453],[-99.3758,37.4429],[-99.4273,37.4256],[-99.4709,37.405],[-99.5065,37.3812],[-99.4908,37.3526],[-99.4236,37.3194],[-99.36,37.3108],[-99.3,37.3266],[-99.2433,37.3194],[-99.1899,37.289],[-99.1544,37.2539],[-99.1369,37.2141],[-99.0936,37.1782],[-99.0245,37.1464],[-98.9672,37.1384],[-98.9216,37.1543],[-98.8616,37.1668],[-98.7872,37.1758],[-98.705,37.1632],[-98.615,37.1288],[-98.5599,37.1004],[-98.5396,37.0779],[-98.5346,37.0646],[-98.5449,37.0605],[-98.58,37.0633],[-98.64,37.0731],[-98.69,37.0601],[-98.73,37.0242],[-98.81,37.0323],[-98.93,37.0841],[-99.0191,37.1032],[-99.0772,37.0894],[-99.1062,37.0626],[-99.1061,37.0227],[-99.112,36.999],[-99.124,36.9916],[-99.155,36.9867],[-99.205,36.9844],[-99.25,36.9755],[-99.29,36.9602],[-99.3247,36.9611],[-99.3541,36.9782],[-99.3651,37.0027],[-99.3577,37.0347],[-99.363,37.0618],[-99.381,37.0841],[-99.415,37.1032],[-99.465,37.1191],[-99.535,37.1253],[-99.625,37.1218],[-99.725,37.1337],[-99.835,37.1613],[-99.9192,37.1679],[-99.9775,37.1535],[-100.0151,37.1344],[-100.0319,37.1105],[-100.0427,37.0788],[-100.0476,37.0393],[-100.065,37.0159],[-100.095,37.0084],[-100.135,37.0101],[-100.185,37.021],[-100.255,37.0238],[-100.345,37.0184],[-100.43,37.0304],[-100.51,37.0598],[-100.63,37.0788],[-100.79,37.0874],[-100.8834,37.0855],[-100.9103,37.0729],[-100.9331,37.0546],[-100.9519,37.0307],[-100.9434,37.0048],[-100.9078,36.977],[-100.875,36.9604],[-100.845,36.9551],[-100.805,36.9619],[-100.755,36.9808],[-100.715,36.9899],[-100.685,36.9893],[-100.6211,36.9764],[-100.5232,36.9514],[-100.4743,36.9348],[-100.4742,36.9268],[-100.5132,36.9067],[-100.5911,36.8744],[-100.695,36.8729],[-100.825,36.9024],[-100.9741,36.9025],[-101.1424,36.8734],[-101.234,36.8508],[-101.2491,36.8348],[-101.2555,36.8148],[-101.2532,36.7908],[-101.2366,36.7683],[-101.2055,36.7474],[-101.157,36.7274],[-101.0911,36.7082],[-101.0561,36.6866],[-101.0518,36.6625],[-101.0848,36.6557],[-101.1549,36.666],[-101.205,36.6691],[-101.235,36.6648],[-101.2566,36.6516],[-101.2698,36.6295],[-101.2576,36.5983],[-101.2199,36.5582],[-101.2217,36.522],[-101.2631,36.4899],[-101.2777,36.4617],[-101.2655,36.4376],[-101.3021,36.4106],[-101.3874,36.3808],[-101.46,36.3772],[-101.52,36.3996],[-101.585,36.4105],[-101.655,36.4099],[-101.69,36.4265],[-101.69,36.4605],[-101.6693,36.4846],[-101.628,36.4988],[-101.6004,36.514],[-101.5866,36.5301],[-101.5872,36.5444],[-101.6024,36.5571],[-101.63,36.5674],[-101.67,36.5753],[-101.6842,36.5931],[-101.6726,36.6207],[-101.6726,36.6454],[-101.6842,36.6674],[-101.7332,36.6955],[-101.8195,36.7297],[-101.8245,36.7584]],[[-101.9367,36.438],[-101.8656,36.4628],[-101.803,36.4548],[-101.7489,36.4138],[-101.7166,36.3812],[-101.7062,36.3571],[-101.7082,36.3368],[-101.7227,36.3204],[-101.7422,36.3123],[-101.7665,36.3126],[-101.7965,36.3279],[-101.8322,36.3581],[-101.8744,36.3782],[-101.9232,36.3883],[-101.9537,36.4014],[-101.9661,36.4175],[-101.9367,36.438]],[[-101.6953,36.7708],[-101.6886,36.7868],[-101.6765,36.7984],[-101.6588,36.8057],[-101.63,36.8097],[-101.59,36.8102],[-101.5555,36.8026],[-101.5265,36.7867],[-101.51,36.7587],[-101.5058,36.7187],[-101.5153,36.6923],[-101.5384,36.6797],[-101.57,36.677],[-101.61,36.6843],[-101.6412,36.6946],[-101.6636,36.708],[-101.6807,36.7267],[-101.6926,36.7507],[-101.6953,36.7708]]]}},{"type":"Feature","properties":{"c":"#00fb90","v0":0.04,"v1":0.05},"geometry":{"type":"Polygon","coordinates":[[[-86.3872,39.6792],[-86.3624,39.699],[-86.3378,39.7029],[-86.3135,39.6908],[-86.3032,39.677],[-86.307,39.6616],[-86.3192,39.6492],[-86.3397,39.6397],[-86.3624,39.6435],[-86.3872,39.6607],[-86.3872,39.6792]],[[-86.3864,39.679],[-86.3621,39.6984],[-86.3381,39.7023],[-86.3144,39.6906],[-86.3045,39.677],[-86.3084,39.6616],[-86.3202,39.6494],[-86.3401,39.6404],[-86.3621,39.6442],[-86.3864,39.661],[-86.3864,39.679]]]}},{"type":"Feature","properties":{"c":"#00fb90","v0":0.04,"v1":0.05},"geometry":{"type":"Polygon","coordinates":[[[-85.0708,39.6281],[-85.0569,39.6381],[-85.0439,39.6381],[-85.0318,39.6281],[-85.0318,39.6202],[-85.0439,39.6143],[-85.0569,39.6143],[-85.0708,39.6202],[-85.0708,39.6281]]]}},{"type":"Feature","properties":{"c":"#00fb90","v0":0.04,"v1":0.05},"geometry":{"type":"Polygon","coordinates":[[[-104.5899,39.6127],[-104.5766,39.6227],[-104.5634,39.6227],[-104.5502,39.6127],[-104.5502,39.6017],[-104.5634,39.5897],[-104.5766,39.5897],[-104.5899,39.6017],[-104.5899,39.6127]],[[-104.5886,39.6123],[-104.5762,39.6216],[-104.5638,39.6216],[-104.5515,39.6123],[-104.5515,39.6021],[-104.5638,39.5908],[-104.5762,39.5908],[-104.5886,39.6021],[-104.5886,39.6123]]]}},{"type":"Feature","properties":{"c":"#00fb90","v0":0.04,"v1":0.05},"geometry":{"type":"Polygon","coordinates":[[[-108.1595,39.5963],[-108.1532,39.6042],[-108.135,39.6077],[-108.105,39.6067],[-108.0608,39.595],[-108.0025,39.5726],[-107.9678,39.5538],[-107.9567,39.5383],[-107.9609,39.5228],[-107.9803,39.5071],[-108.005,39.4991],[-108.035,39.4988],[-108.0782,39.522],[-108.1345,39.5689],[-108.1595,39.5963]],[[-108.1523,39.5968],[-108.1374,39.6058],[-108.12,39.6089],[-108.1,39.606],[-108.0618,39.5938],[-108.0053,39.5723],[-107.9716,39.5538],[-107.9605,39.5383],[-107.965,39.5229],[-107.985,39.5075],[-108.0081,39.4998],[-108.0341,39.4998],[-108.0711,39.5152],[-108.1189,39.546],[-108.1471,39.5692],[-108.1556,39.5846],[-108.1523,39.5968]]]}},{"type":"Feature","properties":{"c":"#00fb90","v0":0.04,"v1":0.05},"geometry":{"type":"Polygon","coordinates":[[[-108.4581,39.5361],[-108.4394,39.5471],[-108.4163,39.5432],[-108.389,39.5245],[-108.384,39.5113],[-108.4013,39.5035],[-108.4244,39.5073],[-108.4531,39.5229],[-108.4581,39.5361]],[[-108.4555,39.5356],[-108.4385,39.5455],[-108.4173,39.5417],[-108.3919,39.524],[-108.3869,39.5119],[-108.4023,39.5053],[-108.4235,39.5092],[-108.4505,39.5235],[-108.4555,39.5356]]]}},{"type":"Feature","properties":{"c":"#00fb90","v0":0.04,"v1":0.05},"geometry":{"type":"Polygon","coordinates":[[[-86.9623,39.3819],[-86.9541,39.3932],[-86.93,39.4038],[-86.89,39.4136],[-86.77,39.4161],[-86.57,39.4111],[-86.43,39.4151],[-86.35,39.4281],[-86.215,39.4359],[-86.025,39.4385],[-85.855,39.4578],[-85.705,39.4939],[-85.58,39.5091],[-85.48,39.5034],[-85.365,39.5076],[-85.235,39.5217],[-85.1626,39.5254],[-85.1478,39.5186],[-85.1355,39.5036],[-85.1257,39.4805],[-85.1081,39.4653],[-85.0827,39.4582],[-85.04,39.464],[-84.98,39.4828],[-84.9262,39.4826],[-84.8785,39.4631],[-84.8375,39.4303],[-84.8033,39.3839],[-84.8024,39.3298],[-84.8348,39.2679],[-84.8209,39.2098],[-84.7607,39.1555],[-84.7472,39.109],[-84.7802,39.0702],[-84.7926,39.043],[-84.7841,39.0274],[-84.7474,39.0125],[-84.6825,38.998],[-84.64,38.9764],[-84.62,38.9475],[-84.565,38.9284],[-84.475,38.9193],[-84.4236,38.9098],[-84.4109,38.9001],[-84.4065,38.8913],[-84.4103,38.8836],[-84.4367,38.8756],[-84.4856,38.8674],[-84.57,38.8647],[-84.69,38.8673],[-84.775,38.8623],[-84.825,38.8498],[-84.94,38.8372],[-85.12,38.8245],[-85.25,38.8207],[-85.33,38.8257],[-85.42,38.8205],[-85.52,38.8053],[-85.5816,38.8065],[-85.6048,38.8241],[-85.6098,38.8372],[-85.5966,38.8457],[-85.47,38.8723],[-85.23,38.9171],[-85.0803,38.94],[-85.0209,38.9413],[-84.9862,38.9497],[-84.9762,38.9653],[-84.978,38.9886],[-84.9914,39.0197],[-84.9953,39.043],[-84.9898,39.0585],[-84.9978,39.0771],[-85.0193,39.0988],[-85.05,39.1138],[-85.09,39.1221],[-85.13,39.1218],[-85.17,39.1127],[-85.2087,39.0977],[-85.2462,39.0768],[-85.2677,39.0546],[-85.2732,39.0313],[-85.2894,39.0171],[-85.3165,39.012],[-85.34,39.0105],[-85.36,39.0128],[-85.38,39.0259],[-85.4,39.0499],[-85.435,39.064],[-85.485,39.0684],[-85.615,39.0555],[-85.825,39.0253],[-85.985,39.0118],[-86.095,39.015],[-86.1602,39.0213],[-86.1806,39.0306],[-86.1865,39.0391],[-86.1779,39.0469],[-86.1077,39.072],[-85.9759,39.1145],[-85.9052,39.1416],[-85.8956,39.1535],[-85.8956,39.1646],[-85.9052,39.1749],[-85.97,39.1851],[-86.09,39.1949],[-86.1729,39.2169],[-86.2188,39.2509],[-86.2538,39.2712],[-86.2779,39.278],[-86.32,39.2642],[-86.38,39.2299],[-86.4283,39.2226],[-86.465,39.2425],[-86.4686,39.2679],[-86.4392,39.2988],[-86.4308,39.3198],[-86.4436,39.3308],[-86.495,39.3328],[-86.585,39.3257],[-86.66,39.3302],[-86.72,39.3461],[-86.775,39.3515],[-86.825,39.3464],[-86.87,39.3345],[-86.91,39.3158],[-86.9391,39.3239],[-86.9573,39.3587],[-86.9623,39.3819]],[[-86.9575,39.3809],[-86.9525,39.3902],[-86.93,39.4001],[-86.89,39.4105],[-86.77,39.4135],[-86.57,39.409],[-86.43,39.413],[-86.35,39.4255],[-86.22,39.4321],[-86.04,39.4328],[-85.87,39.4514],[-85.71,39.4878],[-85.58,39.5039],[-85.48,39.4996],[-85.37,39.5036],[-85.25,39.5157],[-85.1817,39.5201],[-85.165,39.5168],[-85.15,39.5036],[-85.1368,39.4805],[-85.1151,39.4645],[-85.085,39.4556],[-85.035,39.4594],[-84.965,39.4758],[-84.91,39.4735],[-84.87,39.4527],[-84.8349,39.4218],[-84.8048,39.3811],[-84.8075,39.3298],[-84.8429,39.2679],[-84.8574,39.2291],[-84.8511,39.2136],[-84.8219,39.1865],[-84.7697,39.1478],[-84.7597,39.109],[-84.7919,39.0702],[-84.7992,39.0352],[-84.7817,39.0041],[-84.7839,38.9769],[-84.8059,38.9536],[-84.8002,38.941],[-84.7667,38.9391],[-84.735,38.9498],[-84.705,38.973],[-84.67,38.9692],[-84.63,38.9384],[-84.585,38.9225],[-84.535,38.9217],[-84.4877,38.9148],[-84.443,38.9017],[-84.448,38.8883],[-84.5027,38.8746],[-84.585,38.8697],[-84.695,38.8739],[-84.775,38.869],[-84.825,38.8548],[-84.94,38.8417],[-85.12,38.8296],[-85.25,38.8256],[-85.33,38.8297],[-85.4164,38.8243],[-85.5093,38.8093],[-85.5654,38.8096],[-85.5847,38.8252],[-85.5886,38.8368],[-85.577,38.8446],[-85.4909,38.8646],[-85.3303,38.8967],[-85.1801,38.92],[-85.0402,38.9346],[-84.9661,38.9458],[-84.9577,38.9536],[-84.9597,38.9886],[-84.972,39.0507],[-84.9912,39.091],[-85.0171,39.1093],[-85.05,39.1218],[-85.09,39.1286],[-85.135,39.1253],[-85.185,39.1119],[-85.2269,39.0955],[-85.2606,39.076],[-85.2856,39.0543],[-85.3019,39.0304],[-85.32,39.019],[-85.34,39.0201],[-85.365,39.032],[-85.395,39.0548],[-85.435,39.0679],[-85.485,39.0713],[-85.61,39.0586],[-85.81,39.0297],[-85.97,39.0163],[-86.09,39.0183],[-86.1583,39.0233],[-86.1749,39.0312],[-86.1788,39.0391],[-86.1699,39.0469],[-86.097,39.074],[-85.9602,39.1206],[-85.8964,39.154],[-85.9055,39.1741],[-85.97,39.189],[-86.09,39.1985],[-86.17,39.22],[-86.21,39.2533],[-86.245,39.274],[-86.275,39.282],[-86.32,39.2698],[-86.38,39.2375],[-86.4257,39.2291],[-86.4572,39.2446],[-86.4593,39.2679],[-86.4319,39.2988],[-86.4262,39.3206],[-86.4421,39.3331],[-86.495,39.3357],[-86.585,39.3284],[-86.655,39.333],[-86.705,39.3495],[-86.76,39.3551],[-86.82,39.3498],[-86.87,39.34],[-86.91,39.3258],[-86.9375,39.3331],[-86.9525,39.3618],[-86.9575,39.3809]]]}},{"type":"Feature","properties":{"c":"#00fb90","v0":0.04,"v1":0.05},"geometry":{"type":"Polygon","coordinates":[[[-94.0346,39.4341],[-94.0173,39.4573],[-93.994,39.4739],[-93.9647,39.484],[-93.9151,39.4801],[-93.8452,39.4623],[-93.8281,39.438],[-93.8638,39.4071],[-93.8937,39.3878],[-93.9179,39.3802],[-93.945,39.3786],[-93.975,39.383],[-94.0033,39.3946],[-94.03,39.4132],[-94.0346,39.4341]],[[-94.0141,39.4459],[-93.998,39.4617],[-93.975,39.473],[-93.945,39.4798],[-93.9175,39.4796],[-93.8926,39.4724],[-93.8744,39.4612],[-93.863,39.4457],[-93.8654,39.4271],[-93.8818,39.4054],[-93.9,39.391],[-93.92,39.384],[-93.945,39.3836],[-93.975,39.3896],[-93.998,39.4039],[-94.0141,39.4266],[-94.0141,39.4459]]]}},{"type":"Feature","properties":{"c":"#00fb90","v0":0.04,"v1":0.05},"geometry":{"type":"Polygon","coordinates":[[[-89.8543,39.4692],[-89.8381,39.4697],[-89.8293,39.4659],[-89.8279,39.4576],[-89.8329,39.452],[-89.8443,39.4492],[-89.8531,39.4531],[-89.8593,39.4636],[-89.8543,39.4692]],[[-89.8511,39.465],[-89.837,39.4573],[-89.835,39.4526],[-89.845,39.4508],[-89.852,39.4547],[-89.8561,39.4642],[-89.8511,39.465]]]}},{"type":"Feature","properties":{"c":"#00fb90","v0":0.04,"v1":0.05},"geometry":{"type":"Polygon","coordinates":[[[-94.4033,39.4071],[-94.3762,39.4071],[-94.356,39.3994],[-94.3427,39.3839],[-94.3545,39.3793],[-94.3915,39.3855],[-94.4117,39.3933],[-94.4152,39.4025],[-94.4033,39.4071]]]}},{"type":"Feature","properties":{"c":"#00fb90","v0":0.04,"v1":0.05},"geometry":{"type":"Polygon","coordinates":[[[-97.7968,39.1693],[-97.7656,39.189],[-97.65,39.2289],[-97.45,39.289],[-97.2689,39.3178],[-97.1066,39.3155],[-97.0566,39.3017],[-97.1189,39.2764],[-97.225,39.2444],[-97.375,39.2058],[-97.525,39.1778],[-97.675,39.1605],[-97.7656,39.1537],[-97.7968,39.1575],[-97.7968,39.1693]],[[-97.6775,39.21],[-97.4592,39.28],[-97.31,39.3162],[-97.23,39.3186],[-97.1615,39.3145],[-97.1044,39.3041],[-97.1714,39.2717],[-97.3622,39.2175],[-97.5307,39.1821],[-97.6769,39.1655],[-97.7592,39.1616],[-97.7775,39.1705],[-97.6775,39.21]]]}},{"type":"Feature","properties":{"c":"#00fb90","v0":0.04,"v1":0.05},"geometry":{"type":"Polygon","coordinates":[[[-107.5311,39.2834],[-107.5035,39.2834],[-107.4348,39.2513],[-107.3249,39.1871],[-107.249,39.1523],[-107.2071,39.1467],[-107.1821,39.1327],[-107.174,39.1103],[-107.19,39.0937],[-107.23,39.0829],[-107.265,39.0816],[-107.295,39.0898],[-107.365,39.1339],[-107.475,39.2137],[-107.5337,39.261],[-107.5411,39.2759],[-107.5311,39.2834]],[[-107.5377,39.2727],[-107.5326,39.2823],[-107.52,39.2855],[-107.5,39.2824],[-107.435,39.2489],[-107.325,39.185],[-107.25,39.1501],[-107.21,39.1442],[-107.185,39.1326],[-107.175,39.1153],[-107.1849,39.1005],[-107.2148,39.088],[-107.2448,39.0829],[-107.2749,39.0852],[-107.3526,39.1317],[-107.4777,39.2225],[-107.5377,39.2727]]]}},{"type":"Feature","properties":{"c":"#00fb90","v0":0.04,"v1":0.05},"geometry":{"type":"Polygon","coordinates":[[[-86.9751,39.2504],[-86.9184,39.2775],[-86.8745,39.2814],[-86.8435,39.2621],[-86.8335,39.2458],[-86.8445,39.2326],[-86.875,39.2236],[-86.925,39.219],[-86.9634,39.2217],[-86.9901,39.2318],[-86.9751,39.2504]],[[-86.9916,39.2431],[-86.9772,39.2555],[-86.95,39.2664],[-86.91,39.2757],[-86.8765,39.2733],[-86.8495,39.2594],[-86.8395,39.2473],[-86.8465,39.2372],[-86.875,39.2289],[-86.925,39.2223],[-86.9622,39.2235],[-86.9866,39.2324],[-86.9916,39.2431]]]}},{"type":"Feature","properties":{"c":"#00fb90","v0":0.04,"v1":0.05},"geometry":{"type":"Polygon","coordinates":[[[-102.6447,39.1475],[-102.6216,39.1858],[-102.6,39.2082],[-102.58,39.2146],[-102.5551,39.211],[-102.5254,39.1973],[-102.5015,39.1671],[-102.4834,39.1206],[-102.4783,39.0937],[-102.4861,39.0864],[-102.52,39.0808],[-102.58,39.0769],[-102.6216,39.0883],[-102.6447,39.115],[-102.6447,39.1475]],[[-102.6433,39.1471],[-102.6211,39.1846],[-102.6,39.2067],[-102.58,39.2135],[-102.555,39.2095],[-102.525,39.1947],[-102.5019,39.1648],[-102.4856,39.1198],[-102.5106,39.0922],[-102.5769,39.082],[-102.6211,39.0898],[-102.6433,39.1155],[-102.6433,39.1471]]]}},{"type":"Feature","properties":{"c":"#00fb90","v0":0.04,"v1":0.05},"geometry":{"type":"Polygon","coordinates":[[[-103.2866,39.1685],[-103.2355,39.1866],[-103.185,39.1873],[-103.135,39.1705],[-103.08,39.1646],[-103.02,39.1694],[-102.97,39.1477],[-102.93,39.0995],[-102.8894,39.0731],[-102.8481,39.0686],[-102.8247,39.0546],[-102.8192,39.0313],[-102.8449,39.0144],[-102.9016,39.004],[-102.955,39.0023],[-103.005,39.0093],[-103.045,39.0081],[-103.075,38.9986],[-103.1351,39.0198],[-103.2252,39.0715],[-103.2807,39.1128],[-103.3016,39.1439],[-103.2866,39.1685]],[[-103.2649,39.1555],[-103.2301,39.1788],[-103.187,39.1821],[-103.1357,39.1656],[-103.08,39.1599],[-103.02,39.1649],[-102.9736,39.1461],[-102.9408,39.1032],[-102.9017,39.0779],[-102.8562,39.0702],[-102.8284,39.0585],[-102.8185,39.043],[-102.8226,39.028],[-102.8409,39.0136],[-102.875,39.0049],[-102.925,39.0022],[-102.97,39.005],[-103.01,39.0135],[-103.045,39.0145],[-103.075,39.0082],[-103.1209,39.0204],[-103.1826,39.051],[-103.2307,39.0857],[-103.2651,39.1245],[-103.2649,39.1555]]]}},{"type":"Feature","properties":{"c":"#00fb90","v0":0.04,"v1":0.05},"geometry":{"type":"Polygon","coordinates":[[[-105.5478,39.0848],[-105.5359,39.0907],[-105.515,39.089],[-105.485,39.0796],[-105.365,39.0213],[-105.155,38.914],[-105.015,38.8507],[-104.945,38.8316],[-104.89,38.7975],[-104.8501,38.7484],[-104.8601,38.7194],[-104.92,38.7105],[-104.985,38.7248],[-105.055,38.7622],[-105.1113,38.7861],[-105.154,38.7966],[-105.1931,38.8252],[-105.2288,38.8719],[-105.3074,38.924],[-105.4291,38.9816],[-105.5059,39.0282],[-105.5378,39.0639],[-105.5478,39.0848]],[[-105.5451,39.084],[-105.535,39.0883],[-105.5109,39.0844],[-105.4728,39.0723],[-105.3528,39.014],[-105.1509,38.9094],[-105.0154,38.8472],[-104.9463,38.8273],[-104.8953,38.794],[-104.8624,38.7472],[-104.8719,38.7209],[-104.924,38.715],[-104.985,38.7303],[-105.055,38.7667],[-105.11,38.7895],[-105.15,38.7986],[-105.1882,38.8261],[-105.2246,38.8722],[-105.3046,38.9245],[-105.4282,38.9831],[-105.505,39.0297],[-105.5351,39.0644],[-105.5451,39.084]]]}},{"type":"Feature","properties":{"c":"#00fb90","v0":0.04,"v1":0.05},"geometry":{"type":"Polygon","coordinates":[[[-92.7078,39.0119],[-92.6736,39.0274],[-92.6199,39.0416],[-92.5466,39.0545],[-92.415,39.0528],[-92.225,39.0364],[-92.11,39.0383],[-92.07,39.0584],[-92.005,39.0625],[-91.915,39.0504],[-91.85,39.0473],[-91.81,39.0534],[-91.7849,39.0511],[-91.7747,39.0405],[-91.7747,39.0291],[-91.7849,39.017],[-91.812,39.0053],[-91.8561,38.9942],[-91.9661,38.9861],[-92.142,38.9813],[-92.275,38.9693],[-92.365,38.9502],[-92.4351,38.941],[-92.4854,38.9416],[-92.5404,38.9519],[-92.6001,38.9719],[-92.6535,38.9835],[-92.7004,38.9869],[-92.7241,38.9925],[-92.7246,39.0002],[-92.7078,39.0119]],[[-92.6362,39.0166],[-92.5521,39.0414],[-92.465,39.0531],[-92.375,39.0517],[-92.28,39.043],[-92.18,39.0271],[-92.105,39.0274],[-92.055,39.0439],[-91.9698,39.0479],[-91.8494,39.0394],[-91.8144,39.0253],[-91.8648,39.0055],[-91.975,38.9939],[-92.145,38.9903],[-92.2543,38.9808],[-92.3029,38.9652],[-92.3579,38.9553],[-92.4193,38.9509],[-92.4743,38.9509],[-92.5229,38.9553],[-92.58,38.9691],[-92.6455,38.9925],[-92.6362,39.0166]]]}},{"type":"Feature","properties":{"c":"#00fb90","v0":0.04,"v1":0.05},"geometry":{"type":"Polygon","coordinates":[[[-89.8681,39.0535],[-89.8294,39.0591],[-89.7771,39.0552],[-89.7114,39.0419],[-89.6016,39.0041],[-89.4476,38.9419],[-89.3805,38.9075],[-89.4002,38.901],[-89.44,38.9064],[-89.5,38.9238],[-89.555,38.9341],[-89.605,38.9372],[-89.6944,38.9668],[-89.8231,39.0228],[-89.8681,39.0535]],[[-89.8604,39.0527],[-89.8268,39.0568],[-89.7797,39.0529],[-89.7192,39.0411],[-89.612,39.0041],[-89.458,38.9419],[-89.3933,38.9091],[-89.4178,38.9057],[-89.455,38.9122],[-89.505,38.9285],[-89.555,38.9387],[-89.605,38.9426],[-89.6918,38.9711],[-89.8154,39.0242],[-89.8604,39.0527]]]}},{"type":"Feature","properties":{"c":"#00fb90","v0":0.04,"v1":0.05},"geometry":{"type":"Polygon","coordinates":[[[-73.6763,38.9941],[-73.6588,39.005],[-73.6398,39.0089],[-73.6193,39.0057],[-73.6193,38.9962],[-73.6398,38.9803],[-73.6588,38.9764],[-73.6763,38.9845],[-73.6763,38.9941]],[[-73.6652,38.9925],[-73.6331,39.0002],[-73.6253,38.9969],[-73.6418,38.9824],[-73.6578,38.9785],[-73.6734,38.9852],[-73.6652,38.9925]]]}},{"type":"Feature","properties":{"c":"#00fb90","v0":0.04,"v1":0.05},"geometry":{"type":"Polygon","coordinates":[[[-104.9753,38.9349],[-104.9318,38.9518],[-104.8856,38.944],[-104.8369,38.9115],[-104.8199,38.8875],[-104.8347,38.8719],[-104.8541,38.8614],[-104.878,38.8561],[-104.905,38.8594],[-104.935,38.8714],[-104.9618,38.8896],[-104.9853,38.9141],[-104.9753,38.9349]],[[-104.9712,38.9341],[-104.9304,38.9497],[-104.8869,38.9419],[-104.8407,38.9108],[-104.8253,38.8875],[-104.8406,38.8719],[-104.8586,38.8623],[-104.8795,38.8587],[-104.905,38.8628],[-104.935,38.8745],[-104.9604,38.8919],[-104.9812,38.9149],[-104.9712,38.9341]]]}},{"type":"Feature","properties":{"c":"#00fb90","v0":0.04,"v1":0.05},"geometry":{"type":"Polygon","coordinates":[[[-86.5175,38.8973],[-86.4325,38.9325],[-86.355,38.9515],[-86.285,38.9543],[-86.2461,38.9523],[-86.2384,38.9454],[-86.3041,38.9225],[-86.4433,38.8836],[-86.5222,38.8636],[-86.5407,38.8625],[-86.5525,38.8664],[-86.5575,38.8752],[-86.5175,38.8973]],[[-86.5133,38.8965],[-86.4311,38.93],[-86.3545,38.9456],[-86.2834,38.9431],[-86.3182,38.9225],[-86.4589,38.8836],[-86.5355,38.868],[-86.5481,38.8758],[-86.5133,38.8965]]]}},{"type":"Feature","properties":{"c":"#00fb90","v0":0.04,"v1":0.05},"geometry":{"type":"Polygon","coordinates":[[[-105.8477,38.8857],[-105.8359,38.8977],[-105.82,38.9047],[-105.8,38.9069],[-105.75,38.8945],[-105.67,38.8674],[-105.62,38.8284],[-105.6,38.7773],[-105.57,38.7471],[-105.53,38.7376],[-105.49,38.7345],[-105.45,38.7378],[-105.4242,38.7355],[-105.4125,38.7277],[-105.413,38.7043],[-105.4256,38.6653],[-105.4415,38.6416],[-105.4605,38.6332],[-105.49,38.6365],[-105.53,38.6513],[-105.565,38.6778],[-105.595,38.7157],[-105.6577,38.7515],[-105.753,38.785],[-105.8139,38.8213],[-105.8403,38.8602],[-105.8477,38.8857]],[[-105.8386,38.8735],[-105.8195,38.8924],[-105.77,38.8912],[-105.69,38.8701],[-105.64,38.8498],[-105.62,38.8302],[-105.61,38.8012],[-105.61,38.7628],[-105.65,38.7539],[-105.73,38.7744],[-105.7895,38.8045],[-105.8286,38.8442],[-105.8386,38.8735]],[[-105.562,38.7362],[-105.474,38.7297],[-105.4313,38.7063],[-105.4338,38.6659],[-105.4438,38.642],[-105.4613,38.6345],[-105.49,38.6382],[-105.53,38.653],[-105.564,38.6801],[-105.592,38.7197],[-105.562,38.7362]]]}},{"type":"Feature","properties":{"c":"#00fb90","v0":0.04,"v1":0.05},"geometry":{"type":"Polygon","coordinates":[[[-73.7232,38.8124],[-73.6611,38.8648],[-73.615,38.8937],[-73.585,38.8992],[-73.5545,38.8963],[-73.5236,38.8852],[-73.4909,38.8446],[-73.4564,38.7745],[-73.4557,38.7121],[-73.489,38.6574],[-73.5167,38.6262],[-73.5389,38.6183],[-73.5865,38.6339],[-73.6595,38.673],[-73.7004,38.7082],[-73.7093,38.7394],[-73.7239,38.7628],[-73.7441,38.7784],[-73.7232,38.8124]],[[-73.716,38.8141],[-73.6453,38.8698],[-73.5866,38.8932],[-73.5398,38.8842],[-73.4986,38.8446],[-73.4631,38.7745],[-73.4615,38.712],[-73.4938,38.6573],[-73.525,38.6283],[-73.555,38.6251],[-73.6005,38.6407],[-73.6616,38.6753],[-73.6963,38.7082],[-73.7048,38.7394],[-73.7196,38.7628],[-73.7408,38.7784],[-73.716,38.8141]]]}},{"type":"Feature","properties":{"c":"#00fb90","v0":0.04,"v1":0.05},"geometry":{"type":"Polygon","coordinates":[[[-103.9974,38.8691],[-103.9925,38.879],[-103.975,38.8787],[-103.945,38.8681],[-103.86,38.8229],[-103.72,38.7432],[-103.61,38.6885],[-103.53,38.659],[-103.4808,38.6251],[-103.4625,38.5868],[-103.4825,38.5644],[-103.5408,38.5582],[-103.585,38.5405],[-103.615,38.5116],[-103.655,38.5041],[-103.705,38.5183],[-103.7533,38.5398],[-103.7999,38.5688],[-103.8449,38.6097],[-103.8883,38.6627],[-103.9325,38.733],[-103.9774,38.8204],[-103.9974,38.8691]],[[-103.971,38.8605],[-103.9303,38.8534],[-103.845,38.8124],[-103.715,38.7374],[-103.61,38.6839],[-103.53,38.6519],[-103.4828,38.6188],[-103.4685,38.5847],[-103.4885,38.5654],[-103.5428,38.561],[-103.585,38.5441],[-103.615,38.5146],[-103.655,38.5069],[-103.705,38.5208],[-103.7523,38.5416],[-103.797,38.5694],[-103.8414,38.6106],[-103.8856,38.6653],[-103.9285,38.7355],[-103.9704,38.8213],[-103.971,38.8605]]]}},{"type":"Feature","properties":{"c":"#00fb90","v0":0.04,"v1":0.05},"geometry":{"type":"Polygon","coordinates":[[[-95.2049,38.4806],[-95.1683,38.4944],[-95.065,38.5043],[-94.895,38.5103],[-94.775,38.5189],[-94.705,38.53],[-94.6628,38.5396],[-94.6484,38.5478],[-94.6409,38.5637],[-94.6404,38.5871],[-94.6276,38.6037],[-94.6025,38.6134],[-94.425,38.6217],[-94.095,38.6284],[-93.9076,38.6431],[-93.8628,38.6657],[-93.8318,38.6887],[-93.8147,38.7121],[-93.8074,38.7316],[-93.8099,38.7472],[-93.8308,38.7725],[-93.8703,38.8074],[-93.865,38.8173],[-93.815,38.8022],[-93.7535,38.8042],[-93.6806,38.8234],[-93.5956,38.8374],[-93.4985,38.8463],[-93.405,38.8469],[-93.315,38.8394],[-93.24,38.8273],[-93.18,38.8106],[-93.12,38.8044],[-93.06,38.8088],[-92.975,38.8049],[-92.865,38.7928],[-92.685,38.8058],[-92.435,38.8438],[-92.28,38.8501],[-92.22,38.8246],[-92.15,38.8123],[-92.07,38.8133],[-92.0191,38.7874],[-91.9974,38.7346],[-91.9774,38.7029],[-91.9591,38.6924],[-91.94,38.6876],[-91.92,38.6885],[-91.8963,38.6977],[-91.869,38.7151],[-91.8537,38.7433],[-91.8505,38.7823],[-91.8291,38.8034],[-91.7897,38.8065],[-91.7647,38.8027],[-91.7542,38.7917],[-91.7563,38.7745],[-91.7712,38.7511],[-91.7665,38.7297],[-91.7422,38.7103],[-91.585,38.6896],[-91.295,38.6676],[-91.035,38.6547],[-90.805,38.6509],[-90.6835,38.6442],[-90.6705,38.6348],[-90.6896,38.6067],[-90.7408,38.5598],[-90.7703,38.5246],[-90.7781,38.5011],[-90.8025,38.4815],[-90.8435,38.4659],[-90.9555,38.4566],[-91.1385,38.4537],[-91.295,38.4563],[-91.425,38.4644],[-91.505,38.4629],[-91.535,38.4517],[-91.565,38.4491],[-91.595,38.4552],[-91.645,38.4439],[-91.715,38.4154],[-91.79,38.396],[-91.87,38.3858],[-91.96,38.3802],[-92.06,38.3795],[-92.16,38.3957],[-92.26,38.4289],[-92.435,38.4457],[-92.685,38.4462],[-92.84,38.4527],[-92.9,38.465],[-93.025,38.4576],[-93.215,38.4306],[-93.365,38.4224],[-93.475,38.4333],[-93.57,38.4292],[-93.65,38.4103],[-93.785,38.3948],[-93.975,38.3827],[-94.0529,38.397],[-94.0188,38.4377],[-93.9493,38.4698],[-93.8444,38.4933],[-93.7898,38.5089],[-93.7853,38.5167],[-93.7898,38.5268],[-93.8033,38.5391],[-93.835,38.549],[-93.885,38.5563],[-94.05,38.5507],[-94.33,38.5322],[-94.5,38.5169],[-94.56,38.505],[-94.615,38.4882],[-94.665,38.4667],[-94.81,38.44],[-95.05,38.4083],[-95.1761,38.3931],[-95.1882,38.3946],[-95.2015,38.4149],[-95.2159,38.4541],[-95.2049,38.4806]],[[-95.2,38.4798],[-95.1667,38.4921],[-95.03,38.5064],[-94.79,38.5228],[-94.6613,38.5362],[-94.6439,38.5467],[-94.6343,38.5637],[-94.6325,38.5871],[-94.6212,38.6028],[-94.6004,38.6108],[-94.515,38.6191],[-94.365,38.6278],[-94.255,38.6283],[-94.185,38.6205],[-94.095,38.619],[-93.985,38.6237],[-93.886,38.6505],[-93.7981,38.6994],[-93.7642,38.7355],[-93.7845,38.7589],[-93.7886,38.7745],[-93.7768,38.7823],[-93.7357,38.7968],[-93.6652,38.8179],[-93.585,38.8322],[-93.495,38.8398],[-93.41,38.8403],[-93.33,38.834],[-93.255,38.8224],[-93.185,38.8055],[-93.115,38.799],[-93.045,38.803],[-92.96,38.7993],[-92.86,38.7877],[-92.685,38.8006],[-92.435,38.8381],[-92.285,38.8445],[-92.235,38.82],[-92.165,38.8062],[-92.0751,38.8033],[-92.0237,38.7784],[-92.0109,38.7316],[-91.9909,38.7003],[-91.9636,38.6844],[-91.925,38.6808],[-91.875,38.6893],[-91.8407,38.7051],[-91.8221,38.728],[-91.8191,38.7511],[-91.8316,38.7745],[-91.8261,38.7901],[-91.8025,38.7979],[-91.7862,38.7979],[-91.7774,38.7901],[-91.781,38.7784],[-91.7968,38.7628],[-91.8044,38.7472],[-91.8037,38.7316],[-91.7851,38.7149],[-91.7484,38.697],[-91.585,38.6785],[-91.295,38.6594],[-91.09,38.6509],[-90.97,38.6529],[-90.865,38.649],[-90.775,38.6394],[-90.7239,38.6295],[-90.7118,38.6195],[-90.7307,38.5832],[-90.7806,38.5206],[-90.8217,38.4829],[-90.8539,38.47],[-90.96,38.4617],[-91.14,38.458],[-91.26,38.4613],[-91.32,38.4715],[-91.385,38.4761],[-91.455,38.475],[-91.505,38.4697],[-91.535,38.4601],[-91.565,38.4576],[-91.595,38.4621],[-91.645,38.4504],[-91.715,38.4226],[-91.79,38.4028],[-91.87,38.3912],[-91.96,38.3855],[-92.06,38.3857],[-92.16,38.4025],[-92.26,38.4357],[-92.43,38.4523],[-92.67,38.4523],[-92.825,38.4581],[-92.895,38.4697],[-93.025,38.4628],[-93.215,38.4373],[-93.365,38.4295],[-93.475,38.4393],[-93.57,38.435],[-93.65,38.4163],[-93.77,38.4029],[-93.93,38.3949],[-94.0147,38.392],[-94.024,38.3942],[-94.019,38.4097],[-93.9997,38.4384],[-93.9372,38.4659],[-93.8317,38.4919],[-93.7817,38.5139],[-93.7872,38.5318],[-93.815,38.5461],[-93.865,38.557],[-94.035,38.5535],[-94.325,38.5357],[-94.529,38.5096],[-94.6471,38.4752],[-94.8221,38.4427],[-95.054,38.412],[-95.175,38.3978],[-95.185,38.4001],[-95.1967,38.4193],[-95.21,38.4556],[-95.2,38.4798]]]}},{"type":"Feature","properties":{"c":"#00fb90","v0":0.04,"v1":0.05},"geometry":{"type":"Polygon","coordinates":[[[-96.5015,38.7706],[-96.4899,38.8018],[-96.4706,38.8245],[-96.4435,38.8389],[-96.41,38.8494],[-96.37,38.8559],[-96.3295,38.8526],[-96.2886,38.8395],[-96.2692,38.8252],[-96.2714,38.8096],[-96.3069,38.7764],[-96.3756,38.7255],[-96.4258,38.7021],[-96.4575,38.7062],[-96.4818,38.7199],[-96.4988,38.7433],[-96.5015,38.7706]],[[-96.4897,38.7823],[-96.476,38.8057],[-96.4494,38.8261],[-96.4098,38.8434],[-96.3711,38.8512],[-96.3334,38.8494],[-96.3065,38.8407],[-96.2905,38.8252],[-96.291,38.8057],[-96.3078,38.7823],[-96.3396,38.7552],[-96.3865,38.7245],[-96.425,38.7114],[-96.455,38.716],[-96.4766,38.7314],[-96.4899,38.7575],[-96.4897,38.7823]]]}},{"type":"Feature","properties":{"c":"#00fb90","v0":0.04,"v1":0.05},"geometry":{"type":"Polygon","coordinates":[[[-93.9635,38.8509],[-93.9412,38.8558],[-93.9222,38.8519],[-93.9066,38.8393],[-93.9178,38.8368],[-93.9557,38.8446],[-93.9635,38.8509]]]}},{"type":"Feature","properties":{"c":"#00fb90","v0":0.04,"v1":0.05},"geometry":{"type":"Polygon","coordinates":[[[-103.4376,38.7754],[-103.4192,38.7851],[-103.375,38.7819],[-103.305,38.7657],[-103.23,38.7613],[-103.15,38.7686],[-103.0838,38.7562],[-103.0315,38.7242],[-103.0132,38.6965],[-103.0292,38.6731],[-103.0349,38.6535],[-103.0305,38.6379],[-102.9697,38.5949],[-102.8525,38.5246],[-102.8229,38.4873],[-102.881,38.4832],[-102.95,38.4898],[-103.03,38.5071],[-103.105,38.505],[-103.175,38.4834],[-103.23,38.5055],[-103.27,38.5713],[-103.3238,38.6185],[-103.3914,38.6471],[-103.4306,38.6887],[-103.4413,38.7433],[-103.4376,38.7754]],[[-103.4149,38.7728],[-103.3983,38.7771],[-103.325,38.7689],[-103.195,38.7481],[-103.1193,38.7303],[-103.098,38.7156],[-103.0795,38.6887],[-103.0638,38.6496],[-102.9986,38.5949],[-102.884,38.5246],[-102.8875,38.4975],[-103.0092,38.5137],[-103.1002,38.5137],[-103.1605,38.4975],[-103.2155,38.52],[-103.2652,38.5814],[-103.3184,38.6283],[-103.3751,38.6607],[-103.4084,38.7004],[-103.4183,38.7472],[-103.4149,38.7728]]]}},{"type":"Feature","properties":{"c":"#00fb90","v0":0.04,"v1":0.05},"geometry":{"type":"Polygon","coordinates":[[[-94.2428,37.2951],[-94.1276,37.3378],[-93.97,37.3667],[-93.77,37.3817],[-93.664,37.3922],[-93.652,37.3981],[-93.647,37.4143],[-93.649,37.4409],[-93.595,37.467],[-93.485,37.4928],[-93.4268,37.5152],[-93.4205,37.5343],[-93.4235,37.5597],[-93.436,37.5914],[-93.4342,37.6132],[-93.4181,37.625],[-93.4,37.6313],[-93.38,37.6321],[-93.3691,37.6183],[-93.3674,37.5898],[-93.3574,37.5722],[-93.3391,37.5653],[-93.3,37.5656],[-93.24,37.5731],[-93.18,37.5714],[-93.12,37.5603],[-93.05,37.561],[-92.97,37.5733],[-92.895,37.5965],[-92.825,37.6306],[-92.7613,37.6732],[-92.7038,37.7243],[-92.674,37.7577],[-92.6716,37.7735],[-92.6765,37.7853],[-92.6884,37.7932],[-92.7483,37.8037],[-92.8561,37.8168],[-92.98,37.8197],[-93.12,37.8124],[-93.215,37.8269],[-93.265,37.8631],[-93.3207,37.8839],[-93.3822,37.8893],[-93.2972,37.9047],[-93.0657,37.9301],[-92.9,37.9591],[-92.8,37.9916],[-92.7213,38.0065],[-92.6638,38.0038],[-92.6284,38.0103],[-92.6149,38.026],[-92.6137,38.045],[-92.6246,38.0673],[-92.677,38.087],[-92.7711,38.1041],[-92.7911,38.1292],[-92.737,38.1623],[-92.69,38.1819],[-92.65,38.1879],[-92.615,38.1845],[-92.585,38.1717],[-92.49,38.1589],[-92.33,38.1461],[-92.205,38.1263],[-92.115,38.0996],[-92.02,38.0844],[-91.92,38.0805],[-91.8602,38.0831],[-91.8406,38.0923],[-91.8256,38.1168],[-91.8152,38.1566],[-91.73,38.1794],[-91.57,38.1854],[-91.4615,38.1812],[-91.4046,38.167],[-91.3748,38.1441],[-91.3723,38.1126],[-91.3608,38.0905],[-91.3403,38.0779],[-91.21,38.0636],[-90.97,38.0478],[-90.8336,38.0463],[-90.8008,38.059],[-90.7816,38.0811],[-90.7761,38.1126],[-90.7625,38.1373],[-90.7408,38.1552],[-90.685,38.1798],[-90.595,38.2112],[-90.52,38.2146],[-90.46,38.19],[-90.4,38.1735],[-90.34,38.1651],[-90.3,38.1613],[-90.28,38.1619],[-90.2613,38.1695],[-90.244,38.184],[-90.2302,38.2109],[-90.2201,38.2502],[-90.2325,38.2895],[-90.2674,38.3287],[-90.2845,38.364],[-90.2839,38.3953],[-90.3102,38.4244],[-90.3634,38.4513],[-90.4131,38.463],[-90.4594,38.4597],[-90.4736,38.4737],[-90.4559,38.505],[-90.4655,38.5363],[-90.5026,38.5676],[-90.5198,38.5871],[-90.5171,38.5949],[-90.4844,38.6033],[-90.4215,38.6122],[-90.365,38.6271],[-90.315,38.6478],[-90.245,38.6466],[-90.155,38.6236],[-90.07,38.613],[-89.99,38.6148],[-89.91,38.6221],[-89.83,38.6349],[-89.76,38.6532],[-89.7,38.6771],[-89.645,38.6802],[-89.595,38.6623],[-89.515,38.6497],[-89.405,38.6425],[-89.295,38.624],[-89.185,38.5943],[-89.105,38.5842],[-89.055,38.5935],[-89.0,38.5885],[-88.94,38.569],[-88.8596,38.5535],[-88.7587,38.542],[-88.6537,38.5214],[-88.5446,38.4915],[-88.46,38.4734],[-88.4,38.4672],[-88.3558,38.4704],[-88.3273,38.483],[-88.316,38.5246],[-88.3219,38.5949],[-88.365,38.6457],[-88.4454,38.677],[-88.4937,38.7043],[-88.5097,38.7277],[-88.5105,38.7472],[-88.4959,38.7628],[-88.4603,38.7745],[-88.4036,38.7823],[-88.3133,38.7784],[-88.1896,38.7628],[-88.0983,38.7419],[-88.0394,38.7158],[-87.94,38.6965],[-87.8,38.684],[-87.7141,38.6697],[-87.6822,38.6537],[-87.6717,38.634],[-87.6824,38.6106],[-87.7211,38.5793],[-87.7878,38.5402],[-87.8225,38.5089],[-87.8253,38.4854],[-87.8125,38.4626],[-87.7842,38.4403],[-87.6662,38.4286],[-87.4587,38.4273],[-87.3387,38.4147],[-87.3062,38.3906],[-87.265,38.3773],[-87.215,38.3749],[-87.1705,38.3634],[-87.1315,38.3429],[-87.1225,38.313],[-87.1437,38.2738],[-87.1377,38.2306],[-87.1047,38.1834],[-87.0886,38.1263],[-87.0895,38.0591],[-87.1045,38.0079],[-87.1334,37.9727],[-87.1518,37.9354],[-87.1595,37.8959],[-87.2126,37.8446],[-87.3109,37.7814],[-87.3601,37.7063],[-87.3601,37.6192],[-87.346,37.5637],[-87.3178,37.5399],[-87.3001,37.5082],[-87.2929,37.4685],[-87.2595,37.4344],[-87.1998,37.4058],[-87.1589,37.378],[-87.1366,37.351],[-87.0339,37.3096],[-86.8508,37.2539],[-86.777,37.2068],[-86.8123,37.1684],[-86.85,37.1405],[-86.89,37.1232],[-86.9136,37.0985],[-86.9208,37.0666],[-86.9158,37.0369],[-86.8986,37.0094],[-86.86,36.9837],[-86.8,36.9597],[-86.7439,36.9295],[-86.6917,36.8931],[-86.685,36.8508],[-86.7238,36.8028],[-86.7799,36.7662],[-86.8533,36.7412],[-86.915,36.7109],[-86.965,36.6754],[-87.017,36.6278],[-87.071,36.568],[-87.1125,36.514],[-87.1414,36.4657],[-87.1481,36.4175],[-87.1326,36.3692],[-87.1354,36.3329],[-87.1565,36.3087],[-87.1678,36.2872],[-87.1693,36.2683],[-87.215,36.2547],[-87.305,36.2465],[-87.405,36.2294],[-87.515,36.2033],[-87.5783,36.1846],[-87.5949,36.1733],[-87.602,36.1595],[-87.5994,36.1434],[-87.5732,36.1232],[-87.5231,36.0989],[-87.5211,36.0808],[-87.567,36.0687],[-87.615,36.0648],[-87.665,36.069],[-87.715,36.0612],[-87.765,36.0415],[-87.8337,36.0252],[-87.921,36.0124],[-87.981,35.9953],[-88.0137,35.974],[-88.0882,35.9457],[-88.2045,35.9103],[-88.267,35.8886],[-88.2755,35.8805],[-88.2489,35.8561],[-88.1871,35.8156],[-88.1933,35.7872],[-88.2675,35.771],[-88.3159,35.7547],[-88.3386,35.7382],[-88.3613,35.7342],[-88.384,35.7425],[-88.4149,35.775],[-88.4539,35.8318],[-88.4526,35.8773],[-88.4109,35.9114],[-88.3557,35.9438],[-88.2872,35.9744],[-88.2522,35.9995],[-88.2507,36.019],[-88.31,36.045],[-88.43,36.0775],[-88.525,36.0892],[-88.595,36.0802],[-88.67,36.0776],[-88.75,36.0815],[-88.8171,36.1085],[-88.8712,36.1587],[-88.8959,36.1918],[-88.8912,36.2079],[-88.8991,36.219],[-88.9197,36.2251],[-88.985,36.2253],[-89.095,36.2198],[-89.1625,36.2087],[-89.1875,36.1921],[-89.2088,36.1676],[-89.2265,36.1353],[-89.244,36.116],[-89.2613,36.1097],[-89.2795,36.1097],[-89.2984,36.116],[-89.3221,36.1272],[-89.3506,36.1434],[-89.3648,36.1636],[-89.3648,36.1878],[-89.3793,36.212],[-89.4085,36.2362],[-89.4158,36.2765],[-89.4011,36.3329],[-89.4005,36.3853],[-89.414,36.4336],[-89.4357,36.4738],[-89.4656,36.5059],[-89.474,36.5461],[-89.461,36.5943],[-89.467,36.6264],[-89.4918,36.6425],[-89.5357,36.6538],[-89.5986,36.6603],[-89.655,36.6603],[-89.7051,36.6538],[-89.7364,36.6425],[-89.7491,36.6264],[-89.7552,36.6064],[-89.7548,36.5823],[-89.7884,36.5596],[-89.8561,36.5383],[-90.02,36.5345],[-90.28,36.5482],[-90.4238,36.5468],[-90.4513,36.5303],[-90.4663,36.5009],[-90.4688,36.4587],[-90.5709,36.4104],[-90.7727,36.3561],[-90.9427,36.3208],[-91.0809,36.3046],[-91.2603,36.2603],[-91.4808,36.1877],[-91.6558,36.1476],[-91.7853,36.14],[-91.8681,36.1198],[-91.9044,36.087],[-91.9794,36.0619],[-92.0931,36.0444],[-92.1901,36.0161],[-92.2704,35.977],[-92.3654,35.94],[-92.4751,35.9051],[-92.5343,35.8889],[-92.543,35.8914],[-92.5453,35.9088],[-92.5414,35.9412],[-92.5612,35.9695],[-92.605,35.9938],[-92.6256,36.01],[-92.6231,36.0181],[-92.5989,36.0301],[-92.553,36.0462],[-92.4904,36.0583],[-92.4112,36.0665],[-92.3599,36.0787],[-92.3366,36.0949],[-92.3312,36.1095],[-92.3437,36.1226],[-92.405,36.129],[-92.515,36.1288],[-92.64,36.1018],[-92.78,36.048],[-92.975,36.0],[-93.225,35.958],[-93.352,35.9421],[-93.356,35.9523],[-93.3095,35.9898],[-93.2124,36.0545],[-93.1704,36.0923],[-93.1835,36.1034],[-93.23,36.1102],[-93.31,36.1127],[-93.345,36.125],[-93.335,36.1472],[-93.25,36.1851],[-93.09,36.2387],[-92.975,36.2654],[-92.905,36.2654],[-92.805,36.2772],[-92.675,36.3007],[-92.59,36.3199],[-92.55,36.3348],[-92.529,36.351],[-92.527,36.3685],[-92.517,36.3805],[-92.499,36.3869],[-92.465,36.3874],[-92.415,36.382],[-92.35,36.3929],[-92.27,36.4203],[-92.19,36.4289],[-92.11,36.4187],[-92.0,36.4243],[-91.86,36.4457],[-91.78,36.4744],[-91.76,36.5105],[-91.7301,36.539],[-91.6903,36.5598],[-91.6564,36.5943],[-91.6282,36.6425],[-91.5665,36.6866],[-91.4712,36.7267],[-91.4071,36.7467],[-91.3741,36.7467],[-91.3817,36.7307],[-91.4299,36.6986],[-91.4501,36.6746],[-91.4422,36.6585],[-91.4312,36.6488],[-91.4171,36.6454],[-91.315,36.6642],[-91.125,36.705],[-91.0271,36.7387],[-91.0214,36.7654],[-91.0064,36.7796],[-90.9821,36.7813],[-90.9619,36.7893],[-90.9458,36.8036],[-90.9533,36.8228],[-90.9846,36.8468],[-91.0119,36.8748],[-91.0352,36.9068],[-91.0434,36.9268],[-91.0366,36.9348],[-90.9474,36.955],[-90.7758,36.9873],[-90.6707,37.0193],[-90.6322,37.0508],[-90.6172,37.0743],[-90.6257,37.0897],[-90.7,37.095],[-90.84,37.0903],[-90.9243,37.0906],[-90.9529,37.0959],[-90.9589,37.1105],[-90.9424,37.1344],[-90.9381,37.1486],[-90.946,37.1532],[-91.03,37.1588],[-91.19,37.1656],[-91.2816,37.1753],[-91.3048,37.1879],[-91.3177,37.2101],[-91.3205,37.242],[-91.3289,37.2652],[-91.343,37.28],[-91.395,37.3029],[-91.485,37.3338],[-91.595,37.3542],[-91.725,37.364],[-91.825,37.3608],[-91.895,37.3447],[-91.965,37.3465],[-92.035,37.3664],[-92.11,37.3714],[-92.19,37.3614],[-92.36,37.3667],[-92.62,37.3873],[-92.775,37.3948],[-92.825,37.3892],[-92.915,37.366],[-93.045,37.3251],[-93.185,37.2921],[-93.335,37.2669],[-93.475,37.2564],[-93.605,37.2606],[-93.72,37.2707],[-93.82,37.2866],[-93.95,37.2849],[-94.11,37.2657],[-94.2176,37.2605],[-94.2728,37.2694],[-94.2428,37.2951]],[[-94.2353,37.2943],[-94.1251,37.3353],[-93.97,37.3634],[-93.77,37.3784],[-93.6625,37.3897],[-93.6474,37.3973],[-93.6422,37.4129],[-93.6469,37.4368],[-93.5944,37.4618],[-93.4848,37.4881],[-93.4254,37.5119],[-93.4162,37.5332],[-93.4178,37.5597],[-93.4302,37.5914],[-93.4298,37.6123],[-93.4166,37.6223],[-93.4,37.6269],[-93.38,37.6261],[-93.3714,37.6132],[-93.3741,37.5881],[-93.3651,37.5716],[-93.3445,37.5637],[-93.3031,37.5631],[-93.241,37.5699],[-93.18,37.568],[-93.12,37.5573],[-93.045,37.5594],[-92.955,37.5742],[-92.88,37.5965],[-92.82,37.6263],[-92.7589,37.6684],[-92.6966,37.7226],[-92.6641,37.7577],[-92.6612,37.7735],[-92.6657,37.7853],[-92.6777,37.7932],[-92.7403,37.8045],[-92.8534,37.8191],[-92.98,37.8226],[-93.12,37.8151],[-93.2137,37.8315],[-93.2612,37.8718],[-93.2012,37.9038],[-93.0337,37.9275],[-92.9,37.9554],[-92.8,37.9874],[-92.7181,38.0031],[-92.6543,38.0026],[-92.6167,38.0103],[-92.6055,38.026],[-92.6074,38.0464],[-92.6225,38.0713],[-92.6728,38.091],[-92.7584,38.1054],[-92.7784,38.1279],[-92.7328,38.1585],[-92.69,38.1763],[-92.65,38.1814],[-92.61,38.1776],[-92.57,38.165],[-92.475,38.1533],[-92.325,38.1425],[-92.205,38.1236],[-92.115,38.0966],[-92.02,38.0803],[-91.92,38.0747],[-91.8559,38.0782],[-91.8278,38.0907],[-91.8112,38.1126],[-91.8059,38.1441],[-91.795,38.1634],[-91.7783,38.1706],[-91.7,38.1763],[-91.56,38.1806],[-91.4647,38.1771],[-91.4141,38.1656],[-91.387,38.1441],[-91.3836,38.1126],[-91.3739,38.09],[-91.358,38.0763],[-91.225,38.0613],[-90.975,38.0452],[-90.8312,38.0442],[-90.7935,38.0583],[-90.7704,38.0811],[-90.7618,38.1126],[-90.7367,38.1402],[-90.695,38.1638],[-90.6431,38.1842],[-90.581,38.2016],[-90.52,38.1993],[-90.46,38.1773],[-90.39,38.1613],[-90.31,38.1511],[-90.2438,38.1691],[-90.1914,38.2153],[-90.164,38.2541],[-90.1615,38.2855],[-90.1846,38.313],[-90.2331,38.3365],[-90.2576,38.3601],[-90.258,38.3836],[-90.2651,38.4032],[-90.2789,38.4189],[-90.3219,38.442],[-90.394,38.4727],[-90.4353,38.504],[-90.4458,38.536],[-90.465,38.5598],[-90.4931,38.5754],[-90.5003,38.5871],[-90.4867,38.5949],[-90.4325,38.6091],[-90.3375,38.6295],[-90.255,38.631],[-90.185,38.6135],[-90.105,38.6055],[-90.015,38.6071],[-89.895,38.6231],[-89.745,38.6536],[-89.645,38.6629],[-89.595,38.6512],[-89.5108,38.6415],[-89.3924,38.6339],[-89.2824,38.6148],[-89.1808,38.5841],[-89.105,38.5724],[-89.055,38.5799],[-88.94,38.568],[-88.76,38.5368],[-88.625,38.5086],[-88.535,38.4834],[-88.455,38.4682],[-88.385,38.4631],[-88.3373,38.4677],[-88.3118,38.4821],[-88.303,38.5246],[-88.3107,38.5949],[-88.3551,38.6457],[-88.4361,38.677],[-88.4853,38.7043],[-88.5027,38.7277],[-88.5033,38.7472],[-88.4869,38.7628],[-88.4566,38.7741],[-88.4122,38.7811],[-88.325,38.7758],[-88.195,38.758],[-88.1,38.737],[-88.04,38.7125],[-87.9435,38.6945],[-87.8105,38.6828],[-87.7273,38.6692],[-87.694,38.6535],[-87.6806,38.636],[-87.6869,38.6165],[-87.725,38.5889],[-87.795,38.5532],[-87.86,38.5393],[-87.92,38.5473],[-87.965,38.547],[-87.995,38.5384],[-88.0222,38.5191],[-88.0467,38.4888],[-88.0467,38.4671],[-88.0222,38.4538],[-87.99,38.4452],[-87.95,38.4411],[-87.91,38.4472],[-87.87,38.4635],[-87.825,38.4588],[-87.775,38.4333],[-87.655,38.4207],[-87.465,38.4213],[-87.35,38.4093],[-87.31,38.3847],[-87.265,38.3705],[-87.215,38.3666],[-87.1767,38.3567],[-87.15,38.3406],[-87.1439,38.313],[-87.1585,38.2738],[-87.1493,38.2306],[-87.1163,38.1834],[-87.1012,38.1284],[-87.104,38.0654],[-87.1195,38.0142],[-87.1476,37.9748],[-87.1637,37.9375],[-87.1679,37.9025],[-87.205,37.866],[-87.275,37.8282],[-87.3261,37.7945],[-87.3584,37.7647],[-87.3755,37.7102],[-87.3775,37.6311],[-87.3663,37.5756],[-87.3419,37.5439],[-87.3265,37.5122],[-87.3201,37.4804],[-87.3001,37.4496],[-87.2667,37.4197],[-87.215,37.3844],[-87.145,37.3437],[-87.032,37.299],[-86.8759,37.2504],[-86.8064,37.2101],[-86.8236,37.1782],[-86.8614,37.1464],[-86.9199,37.1145],[-86.9482,37.0706],[-86.9462,37.0147],[-86.9014,36.9718],[-86.8138,36.942],[-86.7474,36.914],[-86.7021,36.8879],[-86.6971,36.853],[-86.7324,36.8093],[-86.785,36.7753],[-86.855,36.7511],[-86.915,36.7207],[-86.965,36.684],[-87.0187,36.6338],[-87.076,36.57],[-87.1199,36.514],[-87.1505,36.4657],[-87.1587,36.4175],[-87.1442,36.3692],[-87.1501,36.3249],[-87.1763,36.2846],[-87.2295,36.2597],[-87.3098,36.2502],[-87.41,36.2304],[-87.53,36.2001],[-87.5934,36.1725],[-87.6003,36.1477],[-87.58,36.1232],[-87.5325,36.0989],[-87.5192,36.0828],[-87.5401,36.0747],[-87.5854,36.0714],[-87.6551,36.0729],[-87.715,36.0637],[-87.765,36.0438],[-87.835,36.0273],[-87.925,36.0141],[-87.985,35.998],[-88.015,35.979],[-88.0913,35.9502],[-88.214,35.9118],[-88.2785,35.8886],[-88.2846,35.8805],[-88.2628,35.8642],[-88.213,35.8399],[-88.1818,35.8197],[-88.169,35.8034],[-88.1995,35.7878],[-88.2732,35.7727],[-88.32,35.7575],[-88.34,35.7421],[-88.3605,35.7375],[-88.3815,35.7436],[-88.4114,35.775],[-88.4501,35.8318],[-88.4494,35.8764],[-88.4092,35.9088],[-88.3539,35.9412],[-88.2835,35.9736],[-88.2487,36.0008],[-88.2496,36.023],[-88.31,36.0499],[-88.43,36.0817],[-88.525,36.0925],[-88.595,36.0823],[-88.67,36.0792],[-88.75,36.0831],[-88.8159,36.1097],[-88.8676,36.1591],[-88.8906,36.1918],[-88.8848,36.2079],[-88.894,36.2198],[-88.918,36.2273],[-88.985,36.2284],[-89.095,36.2232],[-89.1607,36.2154],[-89.182,36.205],[-89.2055,36.1797],[-89.2311,36.1393],[-89.2572,36.1191],[-89.2838,36.1191],[-89.3121,36.1272],[-89.342,36.1434],[-89.3569,36.1636],[-89.3568,36.1878],[-89.3726,36.212],[-89.4043,36.2362],[-89.4128,36.2765],[-89.3981,36.3329],[-89.3974,36.3853],[-89.4107,36.4336],[-89.4321,36.4738],[-89.4617,36.5059],[-89.4703,36.5461],[-89.458,36.5943],[-89.4632,36.6264],[-89.4859,36.6425],[-89.5304,36.6543],[-89.5968,36.6618],[-89.659,36.6618],[-89.7171,36.6543],[-89.7532,36.6304],[-89.7675,36.5903],[-89.8035,36.5611],[-89.8612,36.5428],[-90.015,36.5416],[-90.265,36.5576],[-90.415,36.5582],[-90.465,36.5436],[-90.525,36.5367],[-90.595,36.5377],[-90.635,36.5292],[-90.645,36.5112],[-90.615,36.5056],[-90.545,36.5125],[-90.5022,36.5054],[-90.4866,36.4843],[-90.4814,36.4657],[-90.4865,36.4497],[-90.5886,36.4134],[-90.7878,36.3571],[-90.9561,36.3208],[-91.0934,36.3047],[-91.2721,36.2604],[-91.4921,36.1878],[-91.6641,36.1482],[-91.788,36.1418],[-91.87,36.1226],[-91.91,36.0905],[-91.985,36.0653],[-92.095,36.0468],[-92.1915,36.0176],[-92.2746,35.9775],[-92.3646,35.9418],[-92.4615,35.9106],[-92.515,35.8968],[-92.525,35.9004],[-92.5343,35.9201],[-92.543,35.9558],[-92.5647,35.9817],[-92.5993,35.9979],[-92.6161,36.01],[-92.6151,36.0181],[-92.5934,36.0295],[-92.5511,36.0443],[-92.49,36.0562],[-92.41,36.0651],[-92.3576,36.0779],[-92.3327,36.0946],[-92.3227,36.1086],[-92.3276,36.1199],[-92.39,36.127],[-92.51,36.1299],[-92.64,36.1042],[-92.78,36.0498],[-92.97,36.002],[-93.21,35.9607],[-93.3353,35.9444],[-93.3458,35.953],[-93.3035,35.9898],[-93.2083,36.0545],[-93.1681,36.0928],[-93.1827,36.1047],[-93.225,36.1107],[-93.295,36.1107],[-93.3347,36.1169],[-93.3441,36.1292],[-93.3441,36.1404],[-93.3347,36.1506],[-93.2491,36.1829],[-93.0872,36.2373],[-92.9722,36.2641],[-92.9041,36.2635],[-92.805,36.2747],[-92.675,36.2977],[-92.59,36.316],[-92.55,36.3297],[-92.52,36.3487],[-92.5,36.3731],[-92.465,36.383],[-92.415,36.3783],[-92.35,36.39],[-92.27,36.4179],[-92.19,36.4269],[-92.11,36.417],[-92.0,36.4225],[-91.86,36.4435],[-91.7827,36.4589],[-91.768,36.4688],[-91.758,36.4859],[-91.7527,36.51],[-91.7275,36.5341],[-91.6825,36.5582],[-91.6472,36.5943],[-91.6216,36.6425],[-91.5791,36.6789],[-91.5197,36.7036],[-91.4773,36.7156],[-91.4518,36.715],[-91.4447,36.7026],[-91.456,36.6786],[-91.4488,36.66],[-91.4229,36.647],[-91.375,36.6514],[-91.305,36.6731],[-91.2121,36.6917],[-91.0964,36.707],[-91.0314,36.7296],[-91.0171,36.7593],[-90.995,36.7771],[-90.965,36.7829],[-90.9455,36.7921],[-90.9364,36.8046],[-90.9582,36.8388],[-91.0107,36.8948],[-91.0333,36.9268],[-91.0258,36.9348],[-90.939,36.9544],[-90.773,36.9857],[-90.6694,37.0177],[-90.6281,37.0503],[-90.6108,37.0746],[-90.6173,37.0905],[-90.6929,37.0967],[-90.8376,37.0932],[-90.9197,37.0932],[-90.9392,37.0967],[-90.9426,37.1105],[-90.9299,37.1344],[-90.9302,37.1504],[-90.9434,37.1584],[-91.03,37.1646],[-91.19,37.169],[-91.2806,37.177],[-91.3018,37.1884],[-91.3156,37.2141],[-91.3218,37.2539],[-91.3462,37.2842],[-91.3887,37.3049],[-91.445,37.3261],[-91.515,37.3478],[-91.61,37.3619],[-91.73,37.3684],[-91.825,37.3642],[-91.895,37.3492],[-91.965,37.351],[-92.035,37.3696],[-92.11,37.3748],[-92.19,37.3663],[-92.36,37.3717],[-92.62,37.3907],[-92.775,37.3977],[-92.825,37.3925],[-92.915,37.3692],[-93.045,37.3277],[-93.185,37.2944],[-93.335,37.2693],[-93.475,37.2586],[-93.605,37.2625],[-93.72,37.2724],[-93.82,37.2884],[-93.95,37.2869],[-94.11,37.2679],[-94.2151,37.2622],[-94.2653,37.2699],[-94.2353,37.2943]],[[-88.0332,38.4992],[-88.0177,38.519],[-87.995,38.5337],[-87.965,38.5433],[-87.9343,38.5451],[-87.9029,38.5392],[-87.8801,38.5285],[-87.8661,38.5128],[-87.8665,38.4933],[-87.8812,38.4698],[-87.8989,38.4545],[-87.9196,38.4475],[-87.95,38.4466],[-87.99,38.4519],[-88.0177,38.4632],[-88.0332,38.4806],[-88.0332,38.4992]]]}},{"type":"Feature","properties":{"c":"#00fb90","v0":0.04,"v1":0.05},"geometry":{"type":"Polygon","coordinates":[[[-86.4955,38.7526],[-86.4518,38.7791],[-86.385,38.7865],[-86.295,38.7748],[-86.185,38.7725],[-86.055,38.7797],[-85.9764,38.7801],[-85.9493,38.7738],[-85.9311,38.7628],[-85.9218,38.7472],[-85.9274,38.7277],[-85.9478,38.7043],[-85.996,38.6894],[-86.072,38.683],[-86.17,38.6813],[-86.29,38.6842],[-86.3918,38.6991],[-86.4755,38.726],[-86.4955,38.7526]],[[-86.4797,38.7511],[-86.4466,38.7745],[-86.385,38.781],[-86.295,38.7704],[-86.185,38.7684],[-86.055,38.775],[-85.9804,38.7763],[-85.9612,38.7725],[-85.9457,38.7628],[-85.934,38.7472],[-85.9436,38.7277],[-85.9743,38.7043],[-86.0198,38.6907],[-86.0799,38.6868],[-86.17,38.6864],[-86.29,38.6893],[-86.3866,38.7029],[-86.4597,38.7272],[-86.4797,38.7511]]]}},{"type":"Feature","properties":{"c":"#00fb90","v0":0.04,"v1":0.05},"geometry":{"type":"Polygon","coordinates":[[[-86.7498,38.6887],[-86.7265,38.7121],[-86.6742,38.7238],[-86.593,38.7238],[-86.5868,38.706],[-86.6556,38.6703],[-86.7079,38.6586],[-86.7436,38.6708],[-86.7498,38.6887]],[[-86.7497,38.6869],[-86.7366,38.7067],[-86.6922,38.7184],[-86.6165,38.722],[-86.5784,38.7199],[-86.5781,38.7121],[-86.606,38.6951],[-86.662,38.669],[-86.7066,38.6612],[-86.7397,38.6717],[-86.7497,38.6869]]]}},{"type":"Feature","properties":{"c":"#00fb90","v0":0.04,"v1":0.05},"geometry":{"type":"Polygon","coordinates":[[[-105.3508,38.7096],[-105.3236,38.7125],[-105.3025,38.7047],[-105.2876,38.6862],[-105.2926,38.6766],[-105.3175,38.6759],[-105.3386,38.6838],[-105.3558,38.7],[-105.3508,38.7096]],[[-105.3419,38.7082],[-105.3148,38.7082],[-105.2973,38.7004],[-105.2894,38.6848],[-105.2955,38.677],[-105.3156,38.677],[-105.3331,38.6848],[-105.348,38.7004],[-105.3419,38.7082]]]}},{"type":"Feature","properties":{"c":"#00fb90","v0":0.04,"v1":0.05},"geometry":{"type":"Polygon","coordinates":[[[-104.773,38.6926],[-104.731,38.6928],[-104.7036,38.685],[-104.6908,38.6692],[-104.7118,38.6692],[-104.7666,38.6848],[-104.773,38.6926]]]}},{"type":"Feature","properties":{"c":"#00fb90","v0":0.04,"v1":0.05},"geometry":{"type":"Polygon","coordinates":[[[-108.3277,38.5417],[-108.3159,38.5526],[-108.2995,38.5565],[-108.2786,38.5535],[-108.2486,38.5385],[-108.2095,38.5115],[-108.19,38.4893],[-108.19,38.4718],[-108.2,38.4629],[-108.22,38.4625],[-108.2559,38.4808],[-108.3077,38.5178],[-108.3277,38.5417]],[[-108.326,38.5413],[-108.3153,38.5514],[-108.3,38.555],[-108.28,38.5522],[-108.25,38.5363],[-108.21,38.5073],[-108.19,38.4866],[-108.19,38.4743],[-108.2,38.4674],[-108.22,38.4662],[-108.2553,38.4832],[-108.306,38.5186],[-108.326,38.5413]]]}},{"type":"Feature","properties":{"c":"#00fb90","v0":0.04,"v1":0.05},"geometry":{"type":"Polygon","coordinates":[[[-86.8166,38.5123],[-86.7855,38.5268],[-86.7623,38.5307],[-86.7469,38.524],[-86.7519,38.5111],[-86.7773,38.492],[-86.8005,38.4881],[-86.8216,38.4994],[-86.8166,38.5123]],[[-86.8096,38.5112],[-86.7832,38.5235],[-86.764,38.5274],[-86.7521,38.5229],[-86.7571,38.5124],[-86.779,38.4959],[-86.7982,38.4919],[-86.8146,38.5006],[-86.8096,38.5112]]]}},{"type":"Feature","properties":{"c":"#00fb90","v0":0.04,"v1":0.05},"geometry":{"type":"Polygon","coordinates":[[[-96.7327,38.4828],[-96.7042,38.501],[-96.6771,38.505],[-96.6512,38.4945],[-96.6512,38.4832],[-96.6771,38.4709],[-96.7042,38.467],[-96.7327,38.4715],[-96.7327,38.4828]],[[-96.7217,38.4815],[-96.7006,38.4972],[-96.6788,38.5011],[-96.6563,38.4933],[-96.6513,38.4848],[-96.6638,38.4757],[-96.6856,38.4718],[-96.7167,38.4731],[-96.7217,38.4815]]]}},{"type":"Feature","properties":{"c":"#00fb90","v0":0.04,"v1":0.05},"geometry":{"type":"Polygon","coordinates":[[[-108.0054,38.334],[-107.9685,38.3368],[-107.9398,38.329],[-107.9193,38.3105],[-107.9193,38.297],[-107.9398,38.2884],[-107.9685,38.2963],[-108.0054,38.3205],[-108.0054,38.334]],[[-108.0014,38.3335],[-107.9671,38.3352],[-107.9411,38.3273],[-107.9232,38.3099],[-107.9232,38.2978],[-107.9411,38.2908],[-107.9671,38.2987],[-108.0014,38.3213],[-108.0014,38.3335]]]}},{"type":"Feature","properties":{"c":"#00fb90","v0":0.04,"v1":0.05},"geometry":{"type":"Polygon","coordinates":[[[-73.9608,38.1324],[-73.9403,38.1718],[-73.9,38.2182],[-73.84,38.2714],[-73.78,38.291],[-73.72,38.2769],[-73.6855,38.2581],[-73.6766,38.2345],[-73.6849,38.2109],[-73.7104,38.1873],[-73.7198,38.1563],[-73.7133,38.1177],[-73.745,38.0989],[-73.815,38.0997],[-73.865,38.0877],[-73.895,38.0629],[-73.9253,38.066],[-73.9558,38.0971],[-73.9608,38.1324]],[[-73.9567,38.1323],[-73.9373,38.1716],[-73.8981,38.2175],[-73.8394,38.2698],[-73.7886,38.2933],[-73.7459,38.2881],[-73.7159,38.28],[-73.6986,38.2689],[-73.6868,38.2532],[-73.6805,38.2329],[-73.6909,38.207],[-73.718,38.1755],[-73.7262,38.147],[-73.7154,38.1215],[-73.745,38.1074],[-73.815,38.1047],[-73.865,38.0912],[-73.895,38.0668],[-73.9241,38.0691],[-73.9524,38.0981],[-73.9567,38.1323]]]}},{"type":"Feature","properties":{"c":"#00fb90","v0":0.04,"v1":0.05},"geometry":{"type":"Polygon","coordinates":[[[-99.4831,38.0418],[-99.4721,38.0575],[-99.4374,38.0818],[-99.3791,38.1145],[-99.325,38.1274],[-99.275,38.1205],[-99.238,38.1081],[-99.2139,38.0901],[-99.2174,38.0536],[-99.2484,37.9984],[-99.2754,37.9643],[-99.2985,37.9512],[-99.33,37.9474],[-99.37,37.9528],[-99.412,37.9673],[-99.456,37.9907],[-99.4807,38.0103],[-99.486,38.026],[-99.4831,38.0418]],[[-99.4384,38.0496],[-99.4188,38.0811],[-99.3942,38.1046],[-99.3647,38.12],[-99.33,38.1254],[-99.29,38.121],[-99.2558,38.1093],[-99.2274,38.0905],[-99.2157,38.0693],[-99.2208,38.0457],[-99.245,38.0136],[-99.2883,37.973],[-99.33,37.9555],[-99.37,37.9611],[-99.4025,37.9735],[-99.4275,37.9928],[-99.4421,38.0103],[-99.4462,38.026],[-99.4384,38.0496]]]}},{"type":"Feature","properties":{"c":"#00fb90","v0":0.04,"v1":0.05},"geometry":{"type":"Polygon","coordinates":[[[-92.5308,38.0418],[-92.5192,38.0575],[-92.5026,38.0678],[-92.4809,38.0727],[-92.4571,38.0727],[-92.4312,38.0678],[-92.4087,38.0575],[-92.3895,38.0418],[-92.3849,38.026],[-92.3949,38.0103],[-92.4175,37.9972],[-92.4525,37.987],[-92.4829,37.987],[-92.5087,37.9972],[-92.5253,38.0103],[-92.5328,38.026],[-92.5308,38.0418]],[[-92.5133,38.0434],[-92.4844,38.0623],[-92.4595,38.0701],[-92.4386,38.067],[-92.419,38.0575],[-92.4007,38.0418],[-92.396,38.026],[-92.4048,38.0103],[-92.4244,37.9981],[-92.4548,37.9897],[-92.4806,37.9897],[-92.5019,37.9981],[-92.5164,38.0103],[-92.524,38.026],[-92.5133,38.0434]]]}},{"type":"Feature","properties":{"c":"#00fb90","v0":0.04,"v1":0.05},"geometry":{"type":"Polygon","coordinates":[[[-106.6736,37.8367],[-106.6663,37.8525],[-106.6544,37.8612],[-106.6381,37.8627],[-106.595,37.8439],[-106.525,37.8048],[-106.465,37.7956],[-106.415,37.8161],[-106.385,37.836],[-106.375,37.8551],[-106.3585,37.8557],[-106.3354,37.8378],[-106.3604,37.7997],[-106.4335,37.7415],[-106.505,37.7202],[-106.575,37.7357],[-106.6268,37.7648],[-106.6605,37.8075],[-106.6736,37.8367]],[[-106.6695,37.8367],[-106.6595,37.8525],[-106.6484,37.8604],[-106.6361,37.8606],[-106.595,37.8411],[-106.525,37.802],[-106.465,37.7918],[-106.415,37.8105],[-106.385,37.8276],[-106.375,37.843],[-106.365,37.852],[-106.355,37.8544],[-106.3455,37.8489],[-106.3364,37.8355],[-106.3664,37.8006],[-106.4355,37.7441],[-106.505,37.7232],[-106.575,37.7377],[-106.6261,37.7659],[-106.6584,37.8079],[-106.6695,37.8367]]]}},{"type":"Feature","properties":{"c":"#00fb90","v0":0.04,"v1":0.05},"geometry":{"type":"Polygon","coordinates":[[[-106.9887,37.8225],[-106.9629,37.8416],[-106.924,37.8456],[-106.8721,37.8344],[-106.829,37.8011],[-106.7947,37.7458],[-106.7792,37.7102],[-106.7824,37.6944],[-106.8005,37.6853],[-106.8335,37.6829],[-106.865,37.6868],[-106.895,37.6971],[-106.9329,37.7299],[-106.9787,37.7853],[-106.9887,37.8225]],[[-106.9855,37.822],[-106.9618,37.8399],[-106.925,37.842],[-106.875,37.8283],[-106.833,37.7956],[-106.7989,37.744],[-106.7839,37.7104],[-106.788,37.6948],[-106.8192,37.6908],[-106.8775,37.6985],[-106.9293,37.73],[-106.9747,37.7853],[-106.9855,37.822]]]}},{"type":"Feature","properties":{"c":"#00fb90","v0":0.04,"v1":0.05},"geometry":{"type":"Polygon","coordinates":[[[-99.6969,37.5954],[-99.6821,37.635],[-99.6453,37.6509],[-99.5864,37.6429],[-99.5668,37.6152],[-99.5863,37.5677],[-99.6145,37.5451],[-99.6515,37.5475],[-99.6786,37.5555],[-99.6957,37.5689],[-99.6969,37.5954]]]}},{"type":"Feature","properties":{"c":"#00fb90","v0":0.04,"v1":0.05},"geometry":{"type":"Polygon","coordinates":[[[-101.0851,37.6427],[-101.075,37.65],[-101.0637,37.65],[-101.0511,37.6427],[-101.0511,37.6344],[-101.0637,37.6253],[-101.075,37.6253],[-101.0851,37.6344],[-101.0851,37.6427]],[[-101.0743,37.639],[-101.0573,37.639],[-101.0541,37.6354],[-101.0647,37.6282],[-101.0732,37.6282],[-101.0796,37.6354],[-101.0743,37.639]]]}},{"type":"Feature","properties":{"c":"#00fb90","v0":0.04,"v1":0.05},"geometry":{"type":"Polygon","coordinates":[[[-100.1883,37.5993],[-100.1761,37.6149],[-100.1656,37.6189],[-100.1568,37.6112],[-100.1568,37.6019],[-100.1656,37.591],[-100.1761,37.587],[-100.1883,37.59],[-100.1883,37.5993]]]}},{"type":"Feature","properties":{"c":"#00fb90","v0":0.04,"v1":0.05},"geometry":{"type":"Polygon","coordinates":[[[-99.8903,37.5851],[-99.8768,37.604],[-99.84,37.603],[-99.78,37.5823],[-99.75,37.5534],[-99.75,37.5166],[-99.7712,37.4977],[-99.8137,37.4968],[-99.8465,37.5042],[-99.8698,37.5201],[-99.8853,37.5399],[-99.8932,37.5637],[-99.8903,37.5851]]]}},{"type":"Feature","properties":{"c":"#00fb90","v0":0.04,"v1":0.05},"geometry":{"type":"Polygon","coordinates":[[[-107.0025,37.5638],[-106.9808,37.572],[-106.968,37.572],[-106.9639,37.5638],[-106.9748,37.5597],[-107.0005,37.5597],[-107.0025,37.5638]]]}},{"type":"Feature","properties":{"c":"#00fb90","v0":0.04,"v1":0.05},"geometry":{"type":"Polygon","coordinates":[[[-106.5788,37.4269],[-106.5329,37.4468],[-106.48,37.4499],[-106.42,37.4362],[-106.375,37.4436],[-106.345,37.472],[-106.32,37.4876],[-106.3,37.4903],[-106.2784,37.469],[-106.2553,37.4237],[-106.2584,37.3613],[-106.2877,37.2818],[-106.3343,37.2446],[-106.3981,37.25],[-106.44,37.2692],[-106.46,37.3024],[-106.4927,37.3276],[-106.5382,37.3447],[-106.5712,37.3692],[-106.5916,37.401],[-106.5788,37.4269]],[[-106.5759,37.4262],[-106.532,37.4447],[-106.49,37.4472],[-106.45,37.4336],[-106.415,37.4275],[-106.385,37.4289],[-106.36,37.443],[-106.34,37.4696],[-106.32,37.4842],[-106.3,37.4869],[-106.2798,37.4585],[-106.2593,37.399],[-106.2643,37.339],[-106.2948,37.2786],[-106.34,37.25],[-106.4,37.2532],[-106.4399,37.2715],[-106.4596,37.3048],[-106.4914,37.3295],[-106.5355,37.3454],[-106.5676,37.3692],[-106.5877,37.401],[-106.5759,37.4262]]]}},{"type":"Feature","properties":{"c":"#00fb90","v0":0.04,"v1":0.05},"geometry":{"type":"Polygon","coordinates":[[[-96.2778,37.3956],[-96.2326,37.4166],[-96.1902,37.4245],[-96.1505,37.4194],[-96.1405,37.3963],[-96.1602,37.3551],[-96.18,37.3294],[-96.2,37.3193],[-96.2145,37.3161],[-96.2235,37.3197],[-96.2239,37.3295],[-96.2158,37.3454],[-96.2339,37.3613],[-96.2782,37.3772],[-96.2778,37.3956]],[[-96.2727,37.3946],[-96.2309,37.4135],[-96.195,37.4205],[-96.165,37.4157],[-96.16,37.3988],[-96.18,37.3699],[-96.2159,37.3628],[-96.2677,37.3777],[-96.2727,37.3946]]]}},{"type":"Feature","properties":{"c":"#00fb90","v0":0.04,"v1":0.05},"geometry":{"type":"Polygon","coordinates":[[[-96.6328,37.2021],[-96.5243,37.2497],[-96.41,37.2825],[-96.29,37.3005],[-96.26,37.2818],[-96.32,37.2263],[-96.3992,37.1775],[-96.4975,37.1355],[-96.5625,37.1154],[-96.5942,37.1173],[-96.6293,37.1332],[-96.6678,37.1632],[-96.6328,37.2021]],[[-96.6666,37.1874],[-96.6422,37.2056],[-96.59,37.2289],[-96.51,37.2574],[-96.4203,37.2761],[-96.3208,37.2852],[-96.2908,37.268],[-96.3303,37.2245],[-96.4,37.1814],[-96.5,37.1386],[-96.565,37.1191],[-96.595,37.1228],[-96.6272,37.1381],[-96.6616,37.1648],[-96.6666,37.1874]]]}},{"type":"Feature","properties":{"c":"#00fb90","v0":0.04,"v1":0.05},"geometry":{"type":"Polygon","coordinates":[[[-100.3921,37.2209],[-100.364,37.2425],[-100.33,37.2568],[-100.29,37.264],[-100.2444,37.2532],[-100.1933,37.2245],[-100.1606,37.1982],[-100.1463,37.1743],[-100.1518,37.1525],[-100.1773,37.133],[-100.215,37.1232],[-100.265,37.1232],[-100.31,37.1325],[-100.35,37.1511],[-100.379,37.1729],[-100.3971,37.1977],[-100.3921,37.2209]],[[-100.3693,37.2209],[-100.3431,37.2425],[-100.315,37.2549],[-100.285,37.2581],[-100.2466,37.2473],[-100.1998,37.2225],[-100.1702,37.1982],[-100.1578,37.1743],[-100.1612,37.1539],[-100.1804,37.1371],[-100.21,37.1278],[-100.25,37.1259],[-100.2917,37.1344],[-100.335,37.153],[-100.3631,37.1743],[-100.3759,37.1982],[-100.3693,37.2209]]]}},{"type":"Feature","properties":{"c":"#00fb90","v0":0.04,"v1":0.05},"geometry":{"type":"Polygon","coordinates":[[[-106.3533,37.1638],[-106.3378,37.1667],[-106.3279,37.1627],[-106.3237,37.1518],[-106.3287,37.1445],[-106.3429,37.1407],[-106.3528,37.1446],[-106.3583,37.1564],[-106.3533,37.1638]],[[-106.35,37.1503],[-106.3429,37.1583],[-106.3368,37.1583],[-106.3318,37.1503],[-106.3353,37.1464],[-106.3475,37.1464],[-106.35,37.1503]]]}},{"type":"Feature","properties":{"c":"#00fb90","v0":0.04,"v1":0.05},"geometry":{"type":"Polygon","coordinates":[[[-106.2749,37.1031],[-106.2716,37.1122],[-106.26,37.1165],[-106.24,37.1159],[-106.2124,37.0994],[-106.1771,37.0669],[-106.1771,37.0417],[-106.2124,37.0239],[-106.24,37.0238],[-106.26,37.0416],[-106.2716,37.0625],[-106.2749,37.0865],[-106.2749,37.1031]],[[-106.2622,37.102],[-106.2407,37.1091],[-106.2134,37.0971],[-106.1802,37.0661],[-106.1802,37.0424],[-106.2134,37.026],[-106.2394,37.026],[-106.2581,37.0424],[-106.2688,37.0626],[-106.2715,37.0865],[-106.2622,37.102]]]}},{"type":"Feature","properties":{"c":"#00fb90","v0":0.04,"v1":0.05},"geometry":{"type":"Polygon","coordinates":[[[-91.118,37.0985],[-91.0882,37.0985],[-91.0825,37.0938],[-91.1008,37.0844],[-91.1157,37.0844],[-91.1272,37.0938],[-91.118,37.0985]]]}},{"type":"Feature","properties":{"c":"#00fb90","v0":0.04,"v1":0.05},"geometry":{"type":"Polygon","coordinates":[[[-105.0661,36.9938],[-105.042,37.0079],[-105.018,37.0079],[-104.9941,36.9938],[-104.9941,36.9785],[-105.018,36.9619],[-105.042,36.9619],[-105.0661,36.9785],[-105.0661,36.9938]],[[-105.0641,36.9933],[-105.0414,37.0064],[-105.0188,37.0064],[-104.9964,36.9933],[-104.9964,36.979],[-105.0188,36.9635],[-105.0414,36.9635],[-105.0641,36.979],[-105.0641,36.9933]]]}},{"type":"Feature","properties":{"c":"#00fb90","v0":0.04,"v1":0.05},"geometry":{"type":"Polygon","coordinates":[[[-106.2386,36.9313],[-106.2195,36.9483],[-106.19,36.9509],[-106.15,36.939],[-106.1229,36.9265],[-106.1087,36.9134],[-106.1037,36.8959],[-106.1079,36.8742],[-106.115,36.8586],[-106.125,36.8494],[-106.15,36.8493],[-106.19,36.8584],[-106.2195,36.8779],[-106.2386,36.9079],[-106.2386,36.9313]],[[-106.2361,36.9306],[-106.2187,36.946],[-106.19,36.948],[-106.15,36.9365],[-106.1237,36.9247],[-106.111,36.9128],[-106.106,36.8981],[-106.1087,36.8806],[-106.115,36.8672],[-106.125,36.8577],[-106.15,36.8569],[-106.19,36.8647],[-106.2187,36.8822],[-106.2361,36.9093],[-106.2361,36.9306]]]}},{"type":"Feature","properties":{"c":"#00fb90","v0":0.04,"v1":0.05},"geometry":{"type":"Polygon","coordinates":[[[-91.4731,36.9388],[-91.4372,36.9388],[-91.427,36.9343],[-91.4423,36.9253],[-91.4593,36.9213],[-91.4778,36.9223],[-91.4881,36.9268],[-91.49,36.9348],[-91.4731,36.9388]]]}},{"type":"Feature","properties":{"c":"#00fb90","v0":0.04,"v1":0.05},"geometry":{"type":"Polygon","coordinates":[[[-105.1624,36.8244],[-105.1541,36.8516],[-105.1412,36.8716],[-105.1235,36.8844],[-105.0996,36.8868],[-105.0694,36.8788],[-105.0482,36.8668],[-105.0359,36.8508],[-105.0298,36.8268],[-105.0298,36.7948],[-105.0399,36.7712],[-105.06,36.7561],[-105.09,36.7514],[-105.13,36.7571],[-105.1541,36.7727],[-105.1624,36.7981],[-105.1624,36.8244]],[[-105.1584,36.8268],[-105.1451,36.8588],[-105.1264,36.8778],[-105.1021,36.8838],[-105.0777,36.8798],[-105.0532,36.8658],[-105.0388,36.8388],[-105.0345,36.7988],[-105.0417,36.7717],[-105.0606,36.7574],[-105.085,36.75],[-105.115,36.7493],[-105.1387,36.7644],[-105.1562,36.7953],[-105.1584,36.8268]]]}},{"type":"Feature","properties":{"c":"#00fb90","v0":0.04,"v1":0.05},"geometry":{"type":"Polygon","coordinates":[[[-90.292,36.6665],[-90.2611,36.6986],[-90.2217,36.7215],[-90.1739,36.7352],[-90.115,36.7425],[-90.045,36.7436],[-89.985,36.7385],[-89.935,36.727],[-89.8949,36.7076],[-89.8647,36.6802],[-89.8547,36.6565],[-89.8649,36.6364],[-89.885,36.6233],[-89.915,36.6172],[-89.97,36.6167],[-90.05,36.6217],[-90.12,36.6199],[-90.18,36.6114],[-90.2344,36.6179],[-90.2831,36.6396],[-90.292,36.6665]],[[-90.2608,36.6837],[-90.2136,36.7179],[-90.15,36.7371],[-90.07,36.7414],[-90.0,36.737],[-89.94,36.7241],[-89.8965,36.7049],[-89.8694,36.6793],[-89.8597,36.6585],[-89.8676,36.6425],[-89.8811,36.631],[-89.9004,36.624],[-89.955,36.6231],[-90.045,36.628],[-90.115,36.6252],[-90.165,36.6146],[-90.205,36.6127],[-90.235,36.6195],[-90.2586,36.6338],[-90.2758,36.6556],[-90.2608,36.6837]]]}},{"type":"Feature","properties":{"c":"#00fb90","v0":0.04,"v1":0.05},"geometry":{"type":"Polygon","coordinates":[[[-105.315,36.6926],[-105.2983,36.7126],[-105.275,36.7205],[-105.245,36.7164],[-105.2199,36.7065],[-105.1998,36.6905],[-105.1836,36.6665],[-105.1714,36.6345],[-105.1915,36.6188],[-105.2438,36.6197],[-105.2833,36.6358],[-105.31,36.667],[-105.315,36.6926]],[[-105.3133,36.6921],[-105.2978,36.711],[-105.275,36.7184],[-105.245,36.7144],[-105.2206,36.7049],[-105.2019,36.69],[-105.1883,36.6665],[-105.1798,36.6345],[-105.1991,36.6194],[-105.2464,36.6213],[-105.2828,36.6374],[-105.3083,36.6675],[-105.3133,36.6921]]]}},{"type":"Feature","properties":{"c":"#00fb90","v0":0.04,"v1":0.05},"geometry":{"type":"Polygon","coordinates":[[[-100.7995,36.6708],[-100.7932,36.6792],[-100.755,36.6795],[-100.685,36.6716],[-100.5895,36.6473],[-100.4685,36.6066],[-100.4105,36.5823],[-100.4155,36.5742],[-100.431,36.5695],[-100.457,36.5681],[-100.5,36.5784],[-100.56,36.6003],[-100.625,36.6149],[-100.695,36.622],[-100.7482,36.6359],[-100.7845,36.6563],[-100.7995,36.6708]],[[-100.7615,36.6665],[-100.7,36.6665],[-100.6366,36.6545],[-100.5715,36.6304],[-100.5817,36.6203],[-100.6672,36.6242],[-100.7306,36.6362],[-100.7717,36.6564],[-100.7615,36.6665]],[[-100.5107,36.5983],[-100.4554,36.5903],[-100.4383,36.5839],[-100.4594,36.5792],[-100.4871,36.5832],[-100.5213,36.596],[-100.5107,36.5983]]]}},{"type":"Feature","properties":{"c":"#00fb90","v0":0.04,"v1":0.05},"geometry":{"type":"Polygon","coordinates":[[[-106.1734,36.6264],[-106.1669,36.6425],[-106.1552,36.6519],[-106.1384,36.6546],[-106.1232,36.6385],[-106.1096,36.6037],[-106.1146,36.5829],[-106.1382,36.576],[-106.1567,36.5841],[-106.17,36.607],[-106.1734,36.6264]],[[-106.1697,36.6264],[-106.1616,36.6425],[-106.1507,36.6511],[-106.1369,36.6524],[-106.1247,36.6363],[-106.1142,36.603],[-106.1192,36.5848],[-106.1397,36.5818],[-106.1559,36.5898],[-106.1678,36.6089],[-106.1697,36.6264]]]}},{"type":"Feature","properties":{"c":"#00fb90","v0":0.04,"v1":0.05},"geometry":{"type":"Polygon","coordinates":[[[-106.2165,36.5291],[-106.1988,36.5432],[-106.18,36.5498],[-106.16,36.5488],[-106.155,36.5365],[-106.165,36.5131],[-106.18,36.5015],[-106.2,36.5019],[-106.2138,36.5071],[-106.2215,36.517],[-106.2165,36.5291]],[[-106.214,36.5284],[-106.198,36.5413],[-106.1802,36.5453],[-106.1606,36.5405],[-106.1556,36.5294],[-106.1652,36.5121],[-106.18,36.5036],[-106.2,36.5041],[-106.213,36.5088],[-106.219,36.5176],[-106.214,36.5284]]]}},{"type":"Feature","properties":{"c":"#00fb90","v0":0.04,"v1":0.05},"geometry":{"type":"Polygon","coordinates":[[[-105.1459,36.4632],[-105.122,36.4742],[-105.1025,36.4662],[-105.0875,36.4391],[-105.0925,36.4227],[-105.1175,36.4171],[-105.137,36.4251],[-105.1509,36.4468],[-105.1459,36.4632]],[[-105.1443,36.4627],[-105.1214,36.4728],[-105.1031,36.4648],[-105.0894,36.4386],[-105.0944,36.4232],[-105.1181,36.4185],[-105.1364,36.4265],[-105.1493,36.4473],[-105.1443,36.4627]]]}},{"type":"Feature","properties":{"c":"#00fb90","v0":0.04,"v1":0.05},"geometry":{"type":"Polygon","coordinates":[[[-102.1699,36.01],[-102.1398,36.0181],[-102.1346,36.0423],[-102.1544,36.0828],[-102.1389,36.1191],[-102.0881,36.1514],[-102.0757,36.1837],[-102.1016,36.216],[-102.1084,36.2359],[-102.0961,36.2435],[-102.075,36.2463],[-102.045,36.2444],[-101.97,36.2156],[-101.85,36.1597],[-101.75,36.1337],[-101.67,36.1378],[-101.61,36.1318],[-101.57,36.1157],[-101.5143,36.1065],[-101.443,36.1041],[-101.413,36.0884],[-101.4243,36.0591],[-101.4482,36.0389],[-101.4847,36.0277],[-101.4953,36.01],[-101.48,35.9857],[-101.4768,35.9687],[-101.4856,35.9591],[-101.515,35.9688],[-101.565,35.9978],[-101.61,36.0021],[-101.65,35.9818],[-101.7,35.9769],[-101.76,35.9876],[-101.805,35.9786],[-101.835,35.9499],[-101.92,35.9431],[-102.06,35.9581],[-102.1438,35.9757],[-102.1713,35.9959],[-102.1699,36.01]],[[-102.1589,36.01],[-102.1297,36.0181],[-102.1266,36.0423],[-102.1497,36.0828],[-102.1344,36.1191],[-102.0809,36.1514],[-102.0631,36.1842],[-102.081,36.2174],[-102.075,36.2328],[-102.045,36.2306],[-101.97,36.2024],[-101.85,36.1482],[-101.75,36.1249],[-101.67,36.1325],[-101.615,36.1292],[-101.585,36.1151],[-101.5333,36.1027],[-101.4599,36.0921],[-101.4249,36.0786],[-101.4283,36.0622],[-101.4464,36.0501],[-101.4791,36.0422],[-101.5041,36.0306],[-101.5214,36.0151],[-101.55,36.0094],[-101.59,36.0134],[-101.625,36.0068],[-101.655,35.9896],[-101.7,35.9868],[-101.76,35.9983],[-101.805,35.9893],[-101.835,35.9596],[-101.92,35.9508],[-102.06,35.9628],[-102.1409,35.9781],[-102.1626,35.9967],[-102.1589,36.01]]]}},{"type":"Feature","properties":{"c":"#00fb90","v0":0.04,"v1":0.05},"geometry":{"type":"Polygon","coordinates":[[[-101.3983,36.2045],[-101.3794,36.2137],[-101.3653,36.2137],[-101.356,36.2045],[-101.361,36.1944],[-101.3803,36.1835],[-101.3944,36.1835],[-101.4033,36.1944],[-101.3983,36.2045]]]}},{"type":"Feature","properties":{"c":"#00fb90","v0":0.04,"v1":0.05},"geometry":{"type":"Polygon","coordinates":[[[-89.5277,36.1573],[-89.5159,36.1691],[-89.5031,36.1732],[-89.4893,36.1694],[-89.4765,36.1595],[-89.4648,36.1434],[-89.4617,36.1289],[-89.4672,36.1162],[-89.48,36.1084],[-89.5,36.1055],[-89.5159,36.1159],[-89.5277,36.1396],[-89.5277,36.1573]],[[-89.5286,36.1555],[-89.5254,36.1636],[-89.5149,36.1676],[-89.4972,36.1676],[-89.4837,36.1552],[-89.4746,36.1305],[-89.48,36.1165],[-89.5,36.1131],[-89.5151,36.1214],[-89.5252,36.1414],[-89.5286,36.1555]]]}},{"type":"Feature","properties":{"c":"#00fb90","v0":0.04,"v1":0.05},"geometry":{"type":"Polygon","coordinates":[[[-89.01,36.0868],[-88.995,36.0868],[-88.9882,36.0829],[-88.9894,36.0751],[-88.9969,36.0751],[-89.0106,36.0829],[-89.01,36.0868]]]}},{"type":"Feature","properties":{"c":"#00fb90","v0":0.04,"v1":0.05},"geometry":{"type":"Polygon","coordinates":[[[-89.517,36.0265],[-89.5123,36.0352],[-89.504,36.0352],[-89.4921,36.0265],[-89.4944,36.0221],[-89.511,36.0221],[-89.517,36.0265]]]}},{"type":"Feature","properties":{"c":"#00fb90","v0":0.04,"v1":0.05},"geometry":{"type":"Polygon","coordinates":[[[-89.2675,35.9611],[-89.2558,35.9684],[-89.2424,35.9643],[-89.2273,35.9489],[-89.2273,35.9398],[-89.2424,35.937],[-89.2558,35.9411],[-89.2675,35.952],[-89.2675,35.9611]],[[-89.2547,35.9578],[-89.2382,35.9585],[-89.2297,35.9545],[-89.2292,35.9456],[-89.2375,35.9452],[-89.2545,35.9533],[-89.2547,35.9578]]]}},{"type":"Feature","properties":{"c":"#00fb90","v0":0.04,"v1":0.05},"geometry":{"type":"Polygon","coordinates":[[[-106.6128,35.9423],[-106.5843,35.9446],[-106.5262,35.9203],[-106.4385,35.8694],[-106.3917,35.8318],[-106.3857,35.8075],[-106.3995,35.777],[-106.4332,35.7404],[-106.4827,35.7323],[-106.5482,35.7527],[-106.5885,35.7832],[-106.6037,35.8237],[-106.6079,35.8561],[-106.6012,35.8805],[-106.6052,35.9048],[-106.6198,35.9291],[-106.6128,35.9423]],[[-106.6094,35.9418],[-106.5831,35.9431],[-106.5267,35.9188],[-106.4402,35.8689],[-106.3941,35.8318],[-106.3883,35.8075],[-106.4016,35.7777],[-106.4339,35.7425],[-106.4813,35.7344],[-106.5439,35.7534],[-106.587,35.8075],[-106.6106,35.8967],[-106.6094,35.9418]]]}},{"type":"Feature","properties":{"c":"#00fb90","v0":0.04,"v1":0.05},"geometry":{"type":"Polygon","coordinates":[[[-101.7937,35.8809],[-101.7912,35.8899],[-101.78,35.8943],[-101.76,35.8941],[-101.7314,35.8856],[-101.6941,35.8686],[-101.6891,35.8492],[-101.7164,35.8271],[-101.7443,35.823],[-101.7728,35.837],[-101.7891,35.8521],[-101.793,35.8683],[-101.7937,35.8809]],[[-101.7788,35.8797],[-101.7596,35.8863],[-101.7328,35.8823],[-101.6983,35.8676],[-101.6933,35.8504],[-101.7178,35.8308],[-101.7423,35.8267],[-101.7669,35.8382],[-101.7815,35.8521],[-101.7861,35.8683],[-101.7788,35.8797]]]}},{"type":"Feature","properties":{"c":"#00fb90","v0":0.04,"v1":0.05},"geometry":{"type":"Polygon","coordinates":[[[-92.7579,35.813],[-92.7126,35.8485],[-92.6571,35.8687],[-92.5913,35.8738],[-92.5713,35.8609],[-92.5971,35.8298],[-92.625,35.8072],[-92.655,35.7931],[-92.69,35.7828],[-92.73,35.7763],[-92.7576,35.7787],[-92.7729,35.7898],[-92.7579,35.813]],[[-92.7607,35.8107],[-92.7269,35.8414],[-92.6765,35.8617],[-92.6095,35.8715],[-92.5812,35.8642],[-92.5918,35.8399],[-92.6153,35.8177],[-92.6518,35.7975],[-92.69,35.7843],[-92.73,35.778],[-92.7569,35.78],[-92.7707,35.7902],[-92.7607,35.8107]]]}},{"type":"Feature","properties":{"c":"#00fb90","v0":0.04,"v1":0.05},"geometry":{"type":"Polygon","coordinates":[[[-102.051,35.7809],[-101.997,35.8171],[-101.9435,35.8292],[-101.8904,35.8174],[-101.8854,35.7903],[-101.9285,35.7479],[-101.982,35.7357],[-102.046,35.7538],[-102.051,35.7809]],[[-102.0378,35.7791],[-101.9962,35.8115],[-101.9509,35.8237],[-101.9017,35.8156],[-101.8953,35.7959],[-101.9318,35.7647],[-101.9771,35.7526],[-102.0314,35.7594],[-102.0378,35.7791]]]}},{"type":"Feature","properties":{"c":"#00fb90","v0":0.04,"v1":0.05},"geometry":{"type":"Polygon","coordinates":[[[-75.8572,35.6099],[-75.8391,35.629],[-75.8182,35.6331],[-75.7946,35.6221],[-75.7896,35.6058],[-75.8032,35.5841],[-75.8241,35.58],[-75.8522,35.5936],[-75.8572,35.6099]],[[-75.8556,35.6095],[-75.8385,35.6277],[-75.8188,35.6318],[-75.7965,35.6217],[-75.7915,35.6063],[-75.8038,35.5855],[-75.8235,35.5815],[-75.8506,35.5941],[-75.8556,35.6095]]]}},{"type":"Feature","properties":{"c":"#00fb90","v0":0.04,"v1":0.05},"geometry":{"type":"Polygon","coordinates":[[[-76.2048,35.5603],[-76.1949,35.5777],[-76.175,35.589],[-76.145,35.5944],[-76.095,35.589],[-76.025,35.573],[-75.9827,35.5576],[-75.9681,35.5428],[-75.9681,35.5291],[-75.9827,35.5167],[-76.02,35.5046],[-76.08,35.4929],[-76.1349,35.5031],[-76.1848,35.5354],[-76.2048,35.5603]],[[-76.2035,35.5599],[-76.1945,35.5765],[-76.175,35.5876],[-76.145,35.5932],[-76.095,35.5878],[-76.025,35.5712],[-75.9834,35.556],[-75.9701,35.5422],[-75.9701,35.5296],[-75.9834,35.5182],[-76.02,35.5064],[-76.08,35.4942],[-76.1345,35.5039],[-76.1835,35.5357],[-76.2035,35.5599]]]}},{"type":"Feature","properties":{"c":"#00fb90","v0":0.04,"v1":0.05},"geometry":{"type":"Polygon","coordinates":[[[-88.5429,35.4774],[-88.5076,35.4917],[-88.4293,35.4876],[-88.3078,35.4651],[-88.2978,35.4553],[-88.3993,35.458],[-88.47,35.4549],[-88.51,35.446],[-88.5376,35.4487],[-88.5529,35.463],[-88.5429,35.4774]],[[-88.5399,35.4768],[-88.5066,35.4899],[-88.4483,35.4859],[-88.3649,35.4646],[-88.3549,35.4562],[-88.4183,35.4608],[-88.47,35.4584],[-88.51,35.449],[-88.5366,35.4508],[-88.5499,35.4637],[-88.5399,35.4768]]]}},{"type":"Feature","properties":{"c":"#00fb90","v0":0.04,"v1":0.05},"geometry":{"type":"Polygon","coordinates":[[[-88.8075,35.4437],[-88.7958,35.456],[-88.7528,35.452],[-88.6784,35.4315],[-88.6414,35.4172],[-88.642,35.4091],[-88.6642,35.4037],[-88.7081,35.4011],[-88.7508,35.4093],[-88.7925,35.4282],[-88.8075,35.4437]],[[-88.8,35.4419],[-88.78,35.4505],[-88.7412,35.4424],[-88.6835,35.4175],[-88.6735,35.4047],[-88.7112,35.4042],[-88.75,35.4123],[-88.79,35.4292],[-88.8,35.4419]]]}},{"type":"Feature","properties":{"c":"#00fb90","v0":0.04,"v1":0.05},"geometry":{"type":"Polygon","coordinates":[[[-109.1739,35.4132],[-109.1664,35.4295],[-109.1545,35.4395],[-109.1382,35.4433],[-109.1181,35.4392],[-109.0944,35.4273],[-109.0794,35.4132],[-109.0734,35.3969],[-109.0753,35.3816],[-109.0851,35.3673],[-109.1,35.3581],[-109.12,35.3539],[-109.1419,35.3651],[-109.1657,35.3917],[-109.1739,35.4132]],[[-109.1719,35.4132],[-109.1636,35.4295],[-109.1521,35.4391],[-109.1374,35.4422],[-109.1186,35.4381],[-109.0958,35.4269],[-109.0813,35.4132],[-109.075,35.3969],[-109.0764,35.382],[-109.0855,35.3686],[-109.1,35.3597],[-109.12,35.3554],[-109.1415,35.3661],[-109.1646,35.3921],[-109.1719,35.4132]]]}},{"type":"Feature","properties":{"c":"#00fb90","v0":0.04,"v1":0.05},"geometry":{"type":"Polygon","coordinates":[[[-108.7224,35.2572],[-108.7141,35.2881],[-108.695,35.303],[-108.665,35.3021],[-108.6447,35.2867],[-108.6342,35.2568],[-108.6342,35.2309],[-108.6447,35.209],[-108.665,35.1967],[-108.695,35.1938],[-108.7141,35.2047],[-108.7224,35.2295],[-108.7224,35.2572]],[[-108.7211,35.2563],[-108.7137,35.2853],[-108.695,35.2994],[-108.665,35.2987],[-108.6453,35.2842],[-108.636,35.256],[-108.636,35.2316],[-108.6453,35.2111],[-108.6637,35.1989],[-108.6912,35.1948],[-108.7099,35.205],[-108.7198,35.2296],[-108.7211,35.2563]]]}},{"type":"Feature","properties":{"c":"#00fb90","v0":0.04,"v1":0.05},"geometry":{"type":"Polygon","coordinates":[[[-108.3582,35.1931],[-108.2727,35.2591],[-108.2264,35.2754],[-108.2191,35.2421],[-108.2241,35.2005],[-108.2414,35.1507],[-108.26,35.1222],[-108.28,35.1153],[-108.3177,35.1239],[-108.3732,35.148],[-108.3582,35.1931]],[[-108.3552,35.1919],[-108.2717,35.2554],[-108.2269,35.2717],[-108.2208,35.2409],[-108.2265,35.201],[-108.244,35.1519],[-108.2621,35.1241],[-108.2807,35.1174],[-108.3167,35.1256],[-108.3702,35.1486],[-108.3552,35.1919]]]}},{"type":"Feature","properties":{"c":"#00fb90","v0":0.04,"v1":0.05},"geometry":{"type":"Polygon","coordinates":[[[-107.6554,35.1741],[-107.6251,35.2021],[-107.59,35.2104],[-107.55,35.199],[-107.515,35.2058],[-107.485,35.2308],[-107.4579,35.2389],[-107.4337,35.2299],[-107.4337,35.2136],[-107.4579,35.1899],[-107.485,35.1815],[-107.515,35.1885],[-107.545,35.1823],[-107.575,35.163],[-107.605,35.1515],[-107.635,35.1478],[-107.6551,35.1495],[-107.6654,35.1566],[-107.6554,35.1741]],[[-107.5057,35.205],[-107.4819,35.2293],[-107.46,35.24],[-107.44,35.2371],[-107.435,35.2238],[-107.445,35.2002],[-107.46,35.1858],[-107.48,35.1807],[-107.4969,35.1818],[-107.5107,35.1891],[-107.5057,35.205]],[[-107.6517,35.1737],[-107.6239,35.2008],[-107.5917,35.2089],[-107.5552,35.1982],[-107.5502,35.1834],[-107.5767,35.1645],[-107.6089,35.1563],[-107.6467,35.1588],[-107.6517,35.1737]]]}},{"type":"Feature","properties":{"c":"#00fb90","v0":0.04,"v1":0.05},"geometry":{"type":"Polygon","coordinates":[[[-73.9998,35.1517],[-73.9799,35.1677],[-73.93,35.1719],[-73.85,35.1643],[-73.7884,35.1481],[-73.7453,35.1234],[-73.7194,35.1028],[-73.7109,35.0865],[-73.7325,35.0739],[-73.7842,35.0652],[-73.85,35.0636],[-73.93,35.069],[-73.9799,35.0897],[-73.9998,35.1257],[-73.9998,35.1517]],[[-73.9985,35.1514],[-73.9795,35.1666],[-73.93,35.1702],[-73.85,35.1622],[-73.7861,35.1423],[-73.7384,35.1106],[-73.7161,35.0906],[-73.7192,35.0824],[-73.7381,35.0748],[-73.7727,35.0678],[-73.835,35.0665],[-73.925,35.0711],[-73.9795,35.0909],[-73.9985,35.1261],[-73.9985,35.1514]]]}},{"type":"Feature","properties":{"c":"#00fb90","v0":0.04,"v1":0.05},"geometry":{"type":"Polygon","coordinates":[[[-108.1854,34.939],[-108.1656,34.9882],[-108.1629,35.0251],[-108.1774,35.0496],[-108.1784,35.0701],[-108.1657,35.0865],[-108.1521,35.0955],[-108.1374,35.0971],[-108.11,35.0602],[-108.07,34.9849],[-108.07,34.9231],[-108.11,34.8748],[-108.1422,34.8542],[-108.1666,34.8616],[-108.183,34.8775],[-108.1912,34.9021],[-108.1854,34.939]],[[-108.1833,34.9267],[-108.1632,34.9841],[-108.1602,35.0251],[-108.1743,35.0496],[-108.1685,35.0704],[-108.1428,35.0875],[-108.1103,35.0588],[-108.071,34.9844],[-108.071,34.9234],[-108.1103,34.8757],[-108.14,34.8537],[-108.16,34.8572],[-108.1758,34.8687],[-108.1875,34.8883],[-108.1833,34.9267]]]}},{"type":"Feature","properties":{"c":"#00fb90","v0":0.04,"v1":0.05},"geometry":{"type":"Polygon","coordinates":[[[-72.9275,35.0455],[-72.9037,35.0783],[-72.8614,35.0949],[-72.8005,35.0955],[-72.7574,35.0873],[-72.7323,35.0704],[-72.7173,35.0455],[-72.7126,35.0128],[-72.7164,34.9882],[-72.7286,34.9718],[-72.7635,34.9631],[-72.8212,34.962],[-72.8723,34.9784],[-72.917,35.0122],[-72.9275,35.0455]],[[-72.9229,35.0446],[-72.901,35.0755],[-72.8638,35.0919],[-72.8115,35.0937],[-72.7715,35.0884],[-72.7438,35.076],[-72.7265,35.0514],[-72.7195,35.0147],[-72.7245,34.9882],[-72.7414,34.9718],[-72.7732,34.9636],[-72.8199,34.9636],[-72.8658,34.98],[-72.9111,35.0128],[-72.9229,35.0446]]]}},{"type":"Feature","properties":{"c":"#00fb90","v0":0.04,"v1":0.05},"geometry":{"type":"Polygon","coordinates":[[[-108.3125,34.9882],[-108.3054,35.0046],[-108.2888,35.0195],[-108.2629,35.0329],[-108.2461,35.0206],[-108.2382,34.9826],[-108.2382,34.9558],[-108.2461,34.9402],[-108.26,34.9327],[-108.28,34.9333],[-108.2965,34.9452],[-108.3096,34.9684],[-108.3125,34.9882]],[[-108.3105,34.9882],[-108.3028,35.0046],[-108.2867,35.0166],[-108.2622,35.0243],[-108.25,35.005],[-108.25,34.9586],[-108.26,34.9356],[-108.28,34.9358],[-108.2961,34.9469],[-108.3083,34.969],[-108.3105,34.9882]]]}},{"type":"Feature","properties":{"c":"#00fb90","v0":0.04,"v1":0.05},"geometry":{"type":"Polygon","coordinates":[[[-89.2241,34.898],[-89.2003,34.9308],[-89.1788,34.9516],[-89.1596,34.9603],[-89.13,34.9628],[-89.09,34.9589],[-89.0614,34.9463],[-89.0441,34.9251],[-89.0365,34.9062],[-89.0384,34.8898],[-89.0571,34.8716],[-89.0924,34.8516],[-89.125,34.8425],[-89.155,34.8444],[-89.1865,34.8544],[-89.2195,34.8726],[-89.2241,34.898]],[[-89.2195,34.8968],[-89.1998,34.9272],[-89.18,34.9475],[-89.16,34.9578],[-89.13,34.961],[-89.09,34.9569],[-89.062,34.9448],[-89.046,34.9245],[-89.0393,34.9062],[-89.0419,34.8898],[-89.0599,34.8722],[-89.0933,34.8532],[-89.125,34.8448],[-89.155,34.8468],[-89.1848,34.8563],[-89.2145,34.8732],[-89.2195,34.8968]]]}},{"type":"Feature","properties":{"c":"#00fb90","v0":0.04,"v1":0.05},"geometry":{"type":"Polygon","coordinates":[[[-106.4813,34.6722],[-106.4437,34.7461],[-106.3981,34.816],[-106.3445,34.8816],[-106.3107,34.9165],[-106.2969,34.9207],[-106.2862,34.892],[-106.2785,34.8304],[-106.2873,34.7749],[-106.3128,34.7256],[-106.3281,34.6804],[-106.3333,34.6393],[-106.3645,34.6081],[-106.4215,34.5868],[-106.46,34.5819],[-106.48,34.5934],[-106.4925,34.6081],[-106.4976,34.6261],[-106.4813,34.6722]],[[-106.4801,34.6722],[-106.4425,34.7461],[-106.3963,34.816],[-106.3414,34.8816],[-106.308,34.9155],[-106.296,34.9176],[-106.2864,34.8889],[-106.2793,34.8294],[-106.2886,34.7749],[-106.3142,34.7256],[-106.3299,34.6804],[-106.3357,34.6393],[-106.3665,34.6083],[-106.4222,34.5876],[-106.46,34.5832],[-106.48,34.5951],[-106.4922,34.6096],[-106.4967,34.6266],[-106.4801,34.6722]]]}},{"type":"Feature","properties":{"c":"#00fb90","v0":0.04,"v1":0.05},"geometry":{"type":"Polygon","coordinates":[[[-74.2929,34.4539],[-74.2682,34.4869],[-74.2194,34.5172],[-74.1465,34.5447],[-74.0967,34.5736],[-74.07,34.6036],[-74.005,34.6531],[-73.9017,34.722],[-73.825,34.745],[-73.775,34.7222],[-73.735,34.6964],[-73.705,34.6675],[-73.6822,34.6568],[-73.6665,34.6643],[-73.6415,34.6962],[-73.6072,34.7524],[-73.55,34.7917],[-73.47,34.8141],[-73.41,34.8395],[-73.37,34.8679],[-73.2983,34.8738],[-73.1949,34.8571],[-73.1444,34.8365],[-73.1467,34.8119],[-73.1754,34.7749],[-73.2306,34.7256],[-73.2606,34.6804],[-73.2654,34.6393],[-73.3005,34.594],[-73.3658,34.5446],[-73.4363,34.5021],[-73.5121,34.4665],[-73.591,34.4211],[-73.6729,34.366],[-73.7929,34.325],[-73.951,34.2981],[-74.06,34.2695],[-74.12,34.2391],[-74.17,34.23],[-74.21,34.2424],[-74.2469,34.2627],[-74.2808,34.2911],[-74.2996,34.3384],[-74.3034,34.4044],[-74.2929,34.4539]],[[-74.29,34.4545],[-74.2633,34.4887],[-74.215,34.5183],[-74.145,34.5433],[-74.0958,34.5715],[-74.0674,34.603],[-74.0024,34.6521],[-73.9008,34.719],[-73.825,34.7404],[-73.775,34.7165],[-73.745,34.6953],[-73.735,34.677],[-73.72,34.6635],[-73.7,34.6548],[-73.6812,34.6549],[-73.6637,34.6637],[-73.6387,34.6956],[-73.6062,34.7506],[-73.55,34.7891],[-73.47,34.811],[-73.41,34.8361],[-73.37,34.8644],[-73.3,34.8707],[-73.2,34.855],[-73.1512,34.8352],[-73.1537,34.8114],[-73.1824,34.779],[-73.2372,34.7379],[-73.2707,34.6927],[-73.2827,34.6434],[-73.3195,34.594],[-73.3813,34.5446],[-73.4892,34.4745],[-73.6431,34.3838],[-73.7976,34.3254],[-73.9525,34.2995],[-74.06,34.2718],[-74.12,34.2424],[-74.17,34.2336],[-74.21,34.2457],[-74.2437,34.2651],[-74.271,34.2919],[-74.2893,34.3384],[-74.2987,34.4044],[-74.29,34.4545]]]}},{"type":"Feature","properties":{"c":"#00fb90","v0":0.04,"v1":0.05},"geometry":{"type":"Polygon","coordinates":[[[-104.438,34.779],[-104.4193,34.8035],[-104.3993,34.8117],[-104.3779,34.8036],[-104.3729,34.7874],[-104.3843,34.7632],[-104.4,34.7495],[-104.42,34.7462],[-104.4343,34.7501],[-104.443,34.7612],[-104.438,34.779]],[[-104.4364,34.7785],[-104.4188,34.8022],[-104.3998,34.8104],[-104.3794,34.8032],[-104.3744,34.7879],[-104.3848,34.7646],[-104.4,34.7513],[-104.42,34.7482],[-104.4338,34.7516],[-104.4414,34.7617],[-104.4364,34.7785]]]}},{"type":"Feature","properties":{"c":"#00fb90","v0":0.04,"v1":0.05},"geometry":{"type":"Polygon","coordinates":[[[-76.7817,34.7911],[-76.7206,34.8069],[-76.6719,34.8069],[-76.6357,34.7911],[-76.6256,34.7749],[-76.6417,34.7585],[-76.6748,34.7492],[-76.7249,34.7471],[-76.7656,34.7553],[-76.7967,34.7739],[-76.7817,34.7911]],[[-76.7786,34.7907],[-76.7195,34.8058],[-76.6725,34.8058],[-76.6375,34.7907],[-76.6275,34.7754],[-76.6425,34.7598],[-76.675,34.751],[-76.725,34.7487],[-76.7645,34.7564],[-76.7936,34.7742],[-76.7786,34.7907]]]}},{"type":"Feature","properties":{"c":"#00fb90","v0":0.04,"v1":0.05},"geometry":{"type":"Polygon","coordinates":[[[-88.6428,34.7869],[-88.6343,34.7945],[-88.6172,34.7945],[-88.5915,34.7869],[-88.57,34.7749],[-88.5527,34.7585],[-88.5605,34.7435],[-88.5935,34.7299],[-88.6159,34.7258],[-88.6278,34.7312],[-88.637,34.7461],[-88.6437,34.7708],[-88.6428,34.7869]],[[-88.6311,34.7717],[-88.617,34.7819],[-88.5956,34.7777],[-88.5669,34.7594],[-88.5669,34.7446],[-88.5956,34.7333],[-88.617,34.7375],[-88.6311,34.7569],[-88.6311,34.7717]]]}},{"type":"Feature","properties":{"c":"#00fb90","v0":0.04,"v1":0.05},"geometry":{"type":"Polygon","coordinates":[[[-107.9282,34.6434],[-107.911,34.6927],[-107.8943,34.7202],[-107.8781,34.7258],[-107.8594,34.7176],[-107.8383,34.6955],[-107.834,34.6598],[-107.8464,34.6104],[-107.862,34.5821],[-107.8807,34.5749],[-107.9017,34.5831],[-107.9251,34.6068],[-107.9282,34.6434]],[[-107.9261,34.6434],[-107.9085,34.6927],[-107.8923,34.7197],[-107.8774,34.7244],[-107.8599,34.7161],[-107.8397,34.695],[-107.836,34.6598],[-107.849,34.6104],[-107.8692,34.5846],[-107.8964,34.5823],[-107.9162,34.5905],[-107.9287,34.6093],[-107.9261,34.6434]]]}},{"type":"Feature","properties":{"c":"#00fb90","v0":0.04,"v1":0.05},"geometry":{"type":"Polygon","coordinates":[[[-108.0381,34.1305],[-107.9927,34.1779],[-107.955,34.1967],[-107.925,34.1869],[-107.89,34.1938],[-107.85,34.2172],[-107.8229,34.2232],[-107.8088,34.2118],[-107.8038,34.2002],[-107.8079,34.1883],[-107.8289,34.1717],[-107.8666,34.1505],[-107.8934,34.1193],[-107.9094,34.0779],[-107.9355,34.0475],[-107.9718,34.0283],[-107.9969,34.02],[-108.0106,34.0227],[-108.0283,34.0447],[-108.05,34.0861],[-108.0381,34.1305]],[[-108.0371,34.1287],[-107.9924,34.1723],[-107.955,34.1902],[-107.925,34.1824],[-107.89,34.1906],[-107.85,34.2151],[-107.8234,34.222],[-107.8103,34.2114],[-107.825,34.1896],[-107.8674,34.1565],[-107.8962,34.1193],[-107.9113,34.0779],[-107.9317,34.05],[-107.9572,34.0358],[-107.9808,34.0275],[-108.0025,34.0252],[-108.0249,34.0447],[-108.0479,34.0861],[-108.0371,34.1287]]]}},{"type":"Feature","properties":{"c":"#00fb90","v0":0.04,"v1":0.05},"geometry":{"type":"Polygon","coordinates":[[[-74.3403,34.1798],[-74.3201,34.1932],[-74.3121,34.1932],[-74.3163,34.1798],[-74.3264,34.1731],[-74.3424,34.1731],[-74.3403,34.1798]]]}},{"type":"Feature","properties":{"c":"#00fb90","v0":0.04,"v1":0.05},"geometry":{"type":"Polygon","coordinates":[[[-107.602,34.1152],[-107.594,34.1319],[-107.575,34.1427],[-107.545,34.1477],[-107.5192,34.1435],[-107.4976,34.1301],[-107.4846,34.1151],[-107.4803,34.0986],[-107.486,34.0819],[-107.502,34.0652],[-107.52,34.0558],[-107.54,34.0538],[-107.564,34.0663],[-107.592,34.0933],[-107.602,34.1152]],[[-107.6006,34.1151],[-107.5923,34.1317],[-107.5736,34.1423],[-107.5445,34.1469],[-107.5196,34.1427],[-107.4989,34.1298],[-107.4862,34.1151],[-107.4816,34.0986],[-107.487,34.0822],[-107.5023,34.0661],[-107.52,34.057],[-107.54,34.055],[-107.5637,34.0672],[-107.5911,34.0936],[-107.6006,34.1151]]]}},{"type":"Feature","properties":{"c":"#00fb90","v0":0.04,"v1":0.05},"geometry":{"type":"Polygon","coordinates":[[[-107.2984,33.9669],[-107.2661,33.9853],[-107.2377,33.9894],[-107.2131,33.9793],[-107.1978,33.966],[-107.1916,33.9494],[-107.1963,33.9328],[-107.212,33.9162],[-107.2323,33.9058],[-107.2574,33.9017],[-107.2811,33.9142],[-107.3034,33.9432],[-107.2984,33.9669]],[[-107.2972,33.9666],[-107.2657,33.9844],[-107.2381,33.9885],[-107.2144,33.979],[-107.1994,33.966],[-107.1932,33.9494],[-107.1982,33.9328],[-107.2143,33.9162],[-107.2342,33.9062],[-107.2581,33.9027],[-107.2807,33.9152],[-107.3022,33.9435],[-107.2972,33.9666]]]}},{"type":"Feature","properties":{"c":"#00fb90","v0":0.04,"v1":0.05},"geometry":{"type":"Polygon","coordinates":[[[-107.6937,33.8165],[-107.6826,33.8331],[-107.6653,33.8439],[-107.6418,33.8489],[-107.603,33.8406],[-107.5491,33.819],[-107.5291,33.8012],[-107.543,33.787],[-107.57,33.7765],[-107.61,33.7696],[-107.6473,33.7767],[-107.682,33.7977],[-107.6937,33.8165]],[[-107.6915,33.8165],[-107.6798,33.8331],[-107.663,33.8436],[-107.641,33.848],[-107.6037,33.8397],[-107.5511,33.8187],[-107.5311,33.8016],[-107.5437,33.7885],[-107.57,33.7783],[-107.61,33.771],[-107.6468,33.7776],[-107.6805,33.798],[-107.6915,33.8165]]]}},{"type":"Feature","properties":{"c":"#00fb90","v0":0.04,"v1":0.05},"geometry":{"type":"Polygon","coordinates":[[[-109.1277,33.7896],[-109.1026,33.8189],[-109.075,33.8311],[-109.045,33.8263],[-109.0238,33.8158],[-109.0113,33.7997],[-109.0096,33.775],[-109.0187,33.7417],[-109.0349,33.7203],[-109.0583,33.7108],[-109.08,33.7082],[-109.1,33.7125],[-109.1176,33.7298],[-109.1327,33.7599],[-109.1277,33.7896]],[[-109.1259,33.7891],[-109.102,33.8174],[-109.075,33.8292],[-109.045,33.8245],[-109.0242,33.8145],[-109.0126,33.7992],[-109.0116,33.775],[-109.021,33.7417],[-109.0368,33.7208],[-109.0589,33.7124],[-109.08,33.7105],[-109.1,33.7151],[-109.117,33.7319],[-109.1309,33.7606],[-109.1259,33.7891]]]}},{"type":"Feature","properties":{"c":"#00fb90","v0":0.04,"v1":0.05},"geometry":{"type":"Polygon","coordinates":[[[-109.7265,33.7667],[-109.7087,33.7833],[-109.6917,33.7874],[-109.6754,33.7791],[-109.6779,33.7663],[-109.6993,33.7489],[-109.7164,33.7448],[-109.7291,33.7538],[-109.7265,33.7667]],[[-109.722,33.7667],[-109.7011,33.7833],[-109.6855,33.7874],[-109.6754,33.7791],[-109.6802,33.7669],[-109.7001,33.7509],[-109.7156,33.7467],[-109.7268,33.7545],[-109.722,33.7667]]]}},{"type":"Feature","properties":{"c":"#00fb90","v0":0.04,"v1":0.05},"geometry":{"type":"Polygon","coordinates":[[[-109.6141,33.7168],[-109.6042,33.7334],[-109.5919,33.742],[-109.5773,33.7425],[-109.56,33.7241],[-109.54,33.6867],[-109.5417,33.6656],[-109.5651,33.6609],[-109.5873,33.671],[-109.6085,33.696],[-109.6141,33.7168]],[[-109.6108,33.7168],[-109.5993,33.7334],[-109.5877,33.7413],[-109.5759,33.7404],[-109.56,33.7236],[-109.54,33.6909],[-109.54,33.6704],[-109.56,33.6621],[-109.5816,33.6706],[-109.6049,33.6958],[-109.6108,33.7168]]]}},{"type":"Feature","properties":{"c":"#00fb90","v0":0.04,"v1":0.05},"geometry":{"type":"Polygon","coordinates":[[[-109.3774,33.569],[-109.3325,33.6233],[-109.295,33.6582],[-109.265,33.6738],[-109.2291,33.68],[-109.1873,33.6768],[-109.138,33.6627],[-109.0813,33.6377],[-109.1072,33.6172],[-109.2157,33.6013],[-109.29,33.5744],[-109.33,33.5365],[-109.3625,33.5237],[-109.3874,33.5358],[-109.3774,33.569]],[[-109.3653,33.5749],[-109.3018,33.6408],[-109.255,33.6761],[-109.225,33.6808],[-109.1839,33.6728],[-109.1318,33.6522],[-109.1078,33.6377],[-109.1119,33.6294],[-109.1549,33.6169],[-109.2367,33.6002],[-109.2907,33.5751],[-109.3169,33.5416],[-109.34,33.5237],[-109.36,33.5213],[-109.3768,33.5256],[-109.3903,33.5365],[-109.3653,33.5749]]]}},{"type":"Feature","properties":{"c":"#00fb90","v0":0.04,"v1":0.05},"geometry":{"type":"Polygon","coordinates":[[[-105.4766,33.5972],[-105.4722,33.6079],[-105.43,33.623],[-105.35,33.6424],[-105.3,33.649],[-105.28,33.6426],[-105.2604,33.6275],[-105.2411,33.6038],[-105.2367,33.5711],[-105.2474,33.5294],[-105.292,33.4778],[-105.3707,33.4164],[-105.4215,33.3955],[-105.4446,33.4152],[-105.4483,33.4418],[-105.4328,33.4752],[-105.4384,33.5169],[-105.4653,33.5669],[-105.4766,33.5972]],[[-105.4698,33.5984],[-105.4566,33.6113],[-105.415,33.6261],[-105.345,33.6427],[-105.3,33.6478],[-105.28,33.6414],[-105.2607,33.6266],[-105.242,33.6034],[-105.238,33.5711],[-105.2487,33.5294],[-105.293,33.4785],[-105.371,33.4184],[-105.4209,33.3975],[-105.4428,33.4159],[-105.4461,33.4418],[-105.4306,33.4752],[-105.4362,33.5169],[-105.463,33.5669],[-105.4698,33.5984]]]}},{"type":"Feature","properties":{"c":"#00fb90","v0":0.04,"v1":0.05},"geometry":{"type":"Polygon","coordinates":[[[-109.5418,33.5684],[-109.5206,33.588],[-109.5009,33.5922],[-109.4828,33.5809],[-109.4828,33.5656],[-109.5009,33.5464],[-109.5206,33.5422],[-109.5418,33.5531],[-109.5418,33.5684]],[[-109.5401,33.5679],[-109.52,33.5865],[-109.5016,33.5907],[-109.4848,33.5804],[-109.4848,33.5661],[-109.5016,33.5477],[-109.52,33.5436],[-109.5401,33.5536],[-109.5401,33.5679]]]}},{"type":"Feature","properties":{"c":"#00fb90","v0":0.04,"v1":0.05},"geometry":{"type":"Polygon","coordinates":[[[-105.6885,33.3764],[-105.6628,33.3792],[-105.649,33.3708],[-105.6469,33.3514],[-105.6555,33.3416],[-105.6746,33.3416],[-105.6884,33.35],[-105.697,33.3667],[-105.6885,33.3764]],[[-105.6865,33.3758],[-105.6622,33.3773],[-105.6498,33.369],[-105.6493,33.3507],[-105.6593,33.3433],[-105.6798,33.3467],[-105.6922,33.3551],[-105.6965,33.3684],[-105.6865,33.3758]]]}},{"type":"Feature","properties":{"c":"#00fb90","v0":0.04,"v1":0.05},"geometry":{"type":"Polygon","coordinates":[[[-105.5609,33.1995],[-105.5536,33.2163],[-105.54,33.2278],[-105.52,33.2341],[-105.4994,33.2257],[-105.4781,33.2026],[-105.4781,33.1809],[-105.4994,33.1606],[-105.5236,33.1606],[-105.5509,33.1809],[-105.5609,33.1995]],[[-105.5589,33.1995],[-105.5513,33.2162],[-105.5381,33.2274],[-105.5194,33.2331],[-105.4998,33.2247],[-105.4795,33.2023],[-105.4795,33.1813],[-105.4998,33.1618],[-105.5232,33.1618],[-105.5495,33.1813],[-105.5589,33.1995]]]}},{"type":"Feature","properties":{"c":"#00fb90","v0":0.04,"v1":0.05},"geometry":{"type":"Polygon","coordinates":[[[-105.6963,33.0882],[-105.6654,33.117],[-105.64,33.128],[-105.62,33.1212],[-105.6082,33.0942],[-105.6045,33.0471],[-105.5889,33.011],[-105.5616,32.9858],[-105.5534,32.9618],[-105.5645,32.9389],[-105.585,32.9229],[-105.615,32.9138],[-105.64,32.9118],[-105.66,32.917],[-105.6652,32.9413],[-105.6557,32.985],[-105.6661,33.0235],[-105.6965,33.0571],[-105.6963,33.0882]],[[-105.6949,33.0876],[-105.665,33.115],[-105.64,33.1249],[-105.62,33.1173],[-105.6089,33.091],[-105.6068,33.046],[-105.5919,33.011],[-105.564,32.9858],[-105.555,32.9622],[-105.565,32.9402],[-105.585,32.9247],[-105.615,32.9157],[-105.6396,32.9141],[-105.6588,32.9199],[-105.663,32.9439],[-105.6521,32.9858],[-105.6594,33.0152],[-105.6848,33.0319],[-105.7006,33.0487],[-105.7068,33.0655],[-105.6949,33.0876]]]}},{"type":"Feature","properties":{"c":"#00fb90","v0":0.04,"v1":0.05},"geometry":{"type":"Polygon","coordinates":[[[-108.05,32.9962],[-108.0367,33.0085],[-108.0243,33.0127],[-108.0129,33.0087],[-108.0129,32.9999],[-108.0243,32.9862],[-108.0367,32.982],[-108.05,32.9873],[-108.05,32.9962]],[[-108.0427,32.9942],[-108.0215,33.0026],[-108.0157,33.0007],[-108.0252,32.9885],[-108.0358,32.9843],[-108.0475,32.9881],[-108.0427,32.9942]]]}},{"type":"Feature","properties":{"c":"#00fb90","v0":0.04,"v1":0.05},"geometry":{"type":"Polygon","coordinates":[[[-107.9946,32.8951],[-107.9649,32.9068],[-107.9429,32.9068],[-107.9287,32.8951],[-107.9337,32.881],[-107.9579,32.8644],[-107.9799,32.8644],[-107.9996,32.881],[-107.9946,32.8951]],[[-107.9912,32.8946],[-107.9637,32.9052],[-107.9436,32.9052],[-107.9309,32.8946],[-107.9359,32.8817],[-107.9586,32.8664],[-107.9787,32.8664],[-107.9962,32.8817],[-107.9912,32.8946]]]}},{"type":"Feature","properties":{"c":"#00fb90","v0":0.04,"v1":0.05},"geometry":{"type":"Polygon","coordinates":[[[-105.7946,32.7969],[-105.7782,32.8137],[-105.7609,32.8179],[-105.7426,32.8095],[-105.7376,32.7976],[-105.7459,32.7822],[-105.7632,32.778],[-105.7896,32.785],[-105.7946,32.7969]],[[-105.792,32.7961],[-105.7773,32.8115],[-105.762,32.8157],[-105.746,32.8087],[-105.741,32.7986],[-105.747,32.7854],[-105.7623,32.7812],[-105.787,32.786],[-105.792,32.7961]]]}},{"type":"Feature","properties":{"c":"#00fb90","v0":0.04,"v1":0.05},"geometry":{"type":"Polygon","coordinates":[[[-86.8188,31.1897],[-86.8147,31.2153],[-86.807,31.2299],[-86.7957,31.2335],[-86.775,31.2258],[-86.745,31.2069],[-86.7262,31.188],[-86.7185,31.1691],[-86.7285,31.1474],[-86.7562,31.1229],[-86.78,31.1175],[-86.8,31.1312],[-86.8127,31.1477],[-86.8181,31.1671],[-86.8188,31.1897]],[[-86.817,31.1894],[-86.8123,31.2146],[-86.805,31.2285],[-86.795,31.2313],[-86.775,31.2233],[-86.745,31.2046],[-86.7266,31.1863],[-86.7197,31.1686],[-86.7297,31.1478],[-86.7566,31.1241],[-86.78,31.1194],[-86.8,31.1337],[-86.8123,31.1498],[-86.817,31.1678],[-86.817,31.1894]]]}},{"type":"Feature","properties":{"c":"#00fb90","v0":0.04,"v1":0.05},"geometry":{"type":"Polygon","coordinates":[[[-86.489,31.1138],[-86.4763,31.1246],[-86.465,31.1275],[-86.455,31.1226],[-86.425,31.0968],[-86.375,31.05],[-86.3456,31.0171],[-86.3368,30.998],[-86.3358,30.9798],[-86.3429,30.9627],[-86.3573,30.952],[-86.3791,30.9477],[-86.4035,30.952],[-86.4306,30.9648],[-86.4569,31.0055],[-86.4826,31.0741],[-86.489,31.1138]],[[-86.4873,31.1002],[-86.4758,31.1182],[-86.4437,31.1053],[-86.3912,31.0617],[-86.3571,31.027],[-86.3416,31.0012],[-86.3376,30.9798],[-86.3452,30.9627],[-86.3593,30.9523],[-86.3798,30.9486],[-86.4031,30.9529],[-86.4292,30.9651],[-86.455,31.0012],[-86.4804,31.0612],[-86.4873,31.1002]]]}},{"type":"Feature","properties":{"c":"#00fb90","v0":0.04,"v1":0.05},"geometry":{"type":"Polygon","coordinates":[[[-86.8049,30.6702],[-86.7816,30.6864],[-86.74,30.6834],[-86.68,30.661],[-86.6424,30.64],[-86.6272,30.6203],[-86.614,30.576],[-86.603,30.5071],[-86.5656,30.4696],[-86.5019,30.4636],[-86.4658,30.4506],[-86.4573,30.4308],[-86.4573,30.4107],[-86.4658,30.3903],[-86.495,30.3736],[-86.545,30.3606],[-86.595,30.3643],[-86.645,30.3848],[-86.691,30.449],[-86.7329,30.5566],[-86.7695,30.6233],[-86.8009,30.6491],[-86.8049,30.6702]],[[-86.8084,30.6689],[-86.7961,30.6826],[-86.78,30.6899],[-86.76,30.691],[-86.725,30.6806],[-86.675,30.6588],[-86.6428,30.6385],[-86.6284,30.6198],[-86.616,30.576],[-86.6056,30.5071],[-86.5678,30.4691],[-86.5026,30.462],[-86.4661,30.4491],[-86.4583,30.4303],[-86.4583,30.4112],[-86.4661,30.3918],[-86.495,30.3755],[-86.545,30.3623],[-86.595,30.3665],[-86.645,30.3883],[-86.69,30.452],[-86.7299,30.5576],[-86.7661,30.6233],[-86.7984,30.6491],[-86.8084,30.6689]]]}},{"type":"Feature","properties":{"c":"#00fb90","v0":0.04,"v1":0.05},"geometry":{"type":"Polygon","coordinates":[[[-85.3764,29.9497],[-85.3671,29.9757],[-85.3493,30.0012],[-85.3231,30.026],[-85.29,30.0401],[-85.25,30.0434],[-85.185,30.0222],[-85.095,29.9765],[-85.04,29.9615],[-85.02,29.9772],[-84.995,29.9861],[-84.965,29.988],[-84.94,29.9686],[-84.92,29.9278],[-84.892,29.8974],[-84.8561,29.8774],[-84.7961,29.8597],[-84.712,29.8443],[-84.6656,29.8269],[-84.6567,29.8076],[-84.6767,29.772],[-84.7256,29.72],[-84.79,29.6994],[-84.87,29.7101],[-84.9116,29.7013],[-84.9148,29.6731],[-84.9265,29.646],[-84.9465,29.6199],[-84.9567,29.5895],[-84.9571,29.5547],[-84.9755,29.5312],[-85.0118,29.519],[-85.0558,29.5364],[-85.1073,29.5834],[-85.1673,29.6175],[-85.2358,29.6387],[-85.282,29.6952],[-85.3059,29.7869],[-85.3337,29.8587],[-85.3652,29.9107],[-85.3764,29.9497]],[[-85.3623,29.9618],[-85.3274,30.0118],[-85.29,30.0385],[-85.25,30.042],[-85.185,30.0204],[-85.095,29.9738],[-85.04,29.9587],[-85.02,29.9751],[-84.995,29.9843],[-84.965,29.9862],[-84.94,29.9664],[-84.92,29.9248],[-84.8935,29.8948],[-84.8605,29.8765],[-84.8005,29.8592],[-84.7135,29.8427],[-84.666,29.8254],[-84.6579,29.8071],[-84.6779,29.7722],[-84.726,29.7207],[-84.79,29.7016],[-84.87,29.7148],[-84.9121,29.7058],[-84.9163,29.6746],[-84.9284,29.646],[-84.9485,29.6199],[-84.9591,29.5895],[-84.9601,29.5547],[-84.978,29.5316],[-85.0127,29.5202],[-85.055,29.5376],[-85.105,29.5838],[-85.165,29.618],[-85.235,29.6402],[-85.2816,29.6967],[-85.3048,29.7874],[-85.3322,29.8587],[-85.3639,29.9107],[-85.3623,29.9618]]]}},{"type":"Feature","properties":{"c":"#00fb90","v0":0.04,"v1":0.05},"geometry":{"type":"Polygon","coordinates":[[[-88.2582,29.1274],[-88.2261,29.1447],[-88.16,29.1537],[-88.06,29.1543],[-87.99,29.1701],[-87.95,29.2011],[-87.8994,29.214],[-87.8382,29.2087],[-87.7951,29.2192],[-87.7702,29.2454],[-87.7868,29.2846],[-87.8447,29.337],[-87.8728,29.3745],[-87.8709,29.3973],[-87.845,29.4044],[-87.795,29.396],[-87.75,29.405],[-87.71,29.4316],[-87.6524,29.455],[-87.5773,29.475],[-87.5395,29.5025],[-87.539,29.5373],[-87.5266,29.5621],[-87.5022,29.577],[-87.4804,29.5813],[-87.4613,29.5752],[-87.4457,29.559],[-87.4334,29.5329],[-87.4179,29.5146],[-87.3993,29.504],[-87.355,29.5078],[-87.285,29.5261],[-87.23,29.5303],[-87.19,29.5206],[-87.1035,29.5255],[-86.9705,29.5449],[-86.901,29.5721],[-86.8951,29.6069],[-86.9161,29.6503],[-86.9642,29.7025],[-86.9937,29.7488],[-87.0046,29.7893],[-86.975,29.7971],[-86.905,29.7722],[-86.835,29.7175],[-86.765,29.6328],[-86.705,29.5957],[-86.655,29.6064],[-86.6087,29.6018],[-86.5661,29.582],[-86.5011,29.563],[-86.4137,29.5449],[-86.355,29.5382],[-86.325,29.5429],[-86.29,29.5376],[-86.25,29.5221],[-86.195,29.533],[-86.125,29.5702],[-86.065,29.5862],[-86.015,29.5809],[-85.97,29.5823],[-85.93,29.5906],[-85.86,29.6266],[-85.76,29.6903],[-85.68,29.7167],[-85.62,29.7058],[-85.565,29.6903],[-85.515,29.6701],[-85.4816,29.6511],[-85.4649,29.6332],[-85.4585,29.6069],[-85.4625,29.5721],[-85.4505,29.5373],[-85.4225,29.5025],[-85.4131,29.4676],[-85.4223,29.4328],[-85.4238,29.3805],[-85.4178,29.3108],[-85.4335,29.2544],[-85.4712,29.2115],[-85.54,29.1928],[-85.64,29.1982],[-85.705,29.1861],[-85.735,29.1566],[-85.7731,29.1317],[-85.8193,29.1114],[-85.8417,29.0926],[-85.8402,29.0751],[-85.806,29.027],[-85.7391,28.9483],[-85.7068,28.9029],[-85.7089,28.8911],[-85.7276,28.8736],[-85.7627,28.8504],[-85.7845,28.8081],[-85.7931,28.7468],[-85.7905,28.7095],[-85.7768,28.6962],[-85.735,28.6843],[-85.665,28.6738],[-85.6152,28.6541],[-85.5857,28.6252],[-85.5667,28.5932],[-85.5584,28.5581],[-85.5579,28.4966],[-85.5652,28.4087],[-85.5869,28.3471],[-85.6231,28.3119],[-85.6386,28.281],[-85.6334,28.2546],[-85.5956,28.2283],[-85.5252,28.2021],[-85.455,28.1652],[-85.385,28.1175],[-85.3154,28.0866],[-85.2462,28.0722],[-85.2061,28.0562],[-85.1953,28.0386],[-85.2299,28.0019],[-85.31,27.9462],[-85.395,27.9293],[-85.485,27.9514],[-85.5442,27.9572],[-85.5725,27.9467],[-85.5917,27.9282],[-85.6018,27.9017],[-85.6018,27.8751],[-85.5917,27.8486],[-85.5466,27.8044],[-85.4667,27.7425],[-85.4425,27.6985],[-85.4742,27.6725],[-85.5316,27.6504],[-85.6149,27.6321],[-85.6899,27.6202],[-85.7566,27.6148],[-85.8265,27.6193],[-85.8995,27.6335],[-85.956,27.676],[-85.9959,27.7469],[-86.0094,27.8354],[-85.9963,27.9414],[-86.0049,28.0055],[-86.035,28.0277],[-86.082,28.0277],[-86.1459,28.0055],[-86.2059,27.9584],[-86.262,27.8864],[-86.32,27.8446],[-86.38,27.8331],[-86.45,27.8058],[-86.53,27.7627],[-86.585,27.7417],[-86.615,27.7428],[-86.6397,27.7531],[-86.6592,27.7726],[-86.6732,27.8088],[-86.6818,27.8619],[-86.732,27.9239],[-86.824,27.9948],[-86.8857,28.0698],[-86.9171,28.149],[-86.9489,28.2061],[-86.9811,28.2414],[-87.0155,28.3075],[-87.0522,28.4043],[-87.1104,28.4676],[-87.1901,28.4974],[-87.265,28.5104],[-87.335,28.5064],[-87.455,28.5527],[-87.625,28.6491],[-87.7608,28.7064],[-87.8623,28.7245],[-87.9264,28.7556],[-87.9531,28.7994],[-87.9973,28.8405],[-88.0591,28.879],[-88.1361,28.9534],[-88.2282,29.0637],[-88.2582,29.1274]],[[-88.2565,29.1272],[-88.2255,29.1441],[-88.16,29.1527],[-88.06,29.153],[-87.99,29.1687],[-87.95,29.1998],[-87.8988,29.213],[-87.8364,29.2084],[-87.7944,29.2148],[-87.7729,29.2323],[-87.7613,29.2497],[-87.7596,29.2672],[-87.7864,29.2977],[-87.842,29.3413],[-87.8698,29.3731],[-87.8699,29.3931],[-87.845,29.3993],[-87.795,29.3916],[-87.75,29.4017],[-87.71,29.4298],[-87.6515,29.4541],[-87.5745,29.4748],[-87.536,29.5025],[-87.5362,29.5373],[-87.5247,29.5617],[-87.5016,29.5758],[-87.4812,29.5801],[-87.4635,29.5748],[-87.4485,29.5584],[-87.4362,29.5309],[-87.42,29.5111],[-87.4,29.4988],[-87.355,29.5029],[-87.285,29.5231],[-87.23,29.5285],[-87.19,29.519],[-87.1024,29.5244],[-86.9671,29.5446],[-86.8971,29.5721],[-86.8924,29.6069],[-86.9141,29.6504],[-86.9623,29.7025],[-86.9923,29.7477],[-87.0041,29.7861],[-86.975,29.7936],[-86.905,29.7702],[-86.835,29.7159],[-86.765,29.6307],[-86.705,29.5935],[-86.655,29.6043],[-86.6096,29.6003],[-86.5689,29.5815],[-86.5039,29.5628],[-86.4146,29.5441],[-86.355,29.5369],[-86.325,29.5412],[-86.29,29.5358],[-86.25,29.5208],[-86.195,29.5319],[-86.125,29.569],[-86.065,29.5848],[-86.015,29.5793],[-85.97,29.5807],[-85.93,29.589],[-85.86,29.625],[-85.76,29.6888],[-85.68,29.7153],[-85.62,29.7045],[-85.565,29.689],[-85.515,29.6688],[-85.482,29.6501],[-85.4659,29.6329],[-85.46,29.6069],[-85.4643,29.5721],[-85.4524,29.5373],[-85.4244,29.5025],[-85.4149,29.4676],[-85.4241,29.4328],[-85.4256,29.3805],[-85.4195,29.3108],[-85.4348,29.2549],[-85.4716,29.2128],[-85.545,29.1935],[-85.655,29.197],[-85.72,29.185],[-85.74,29.1576],[-85.7741,29.1332],[-85.8222,29.1119],[-85.8451,29.0926],[-85.8429,29.0751],[-85.8085,29.027],[-85.742,28.9483],[-85.7274,28.8914],[-85.7646,28.8563],[-85.7881,28.8081],[-85.7977,28.7468],[-85.7944,28.7087],[-85.7781,28.6939],[-85.735,28.6817],[-85.665,28.6721],[-85.6156,28.6532],[-85.5867,28.6249],[-85.5685,28.5932],[-85.561,28.5581],[-85.5634,28.4966],[-85.5757,28.4087],[-85.6002,28.3471],[-85.6368,28.3119],[-85.6497,28.281],[-85.639,28.2546],[-85.5977,28.2279],[-85.5259,28.2008],[-85.455,28.1635],[-85.385,28.1158],[-85.3174,28.0853],[-85.2523,28.0718],[-85.2135,28.0562],[-85.2011,28.0386],[-85.2337,28.0035],[-85.3112,27.9509],[-85.395,27.9358],[-85.485,27.9581],[-85.5419,27.9667],[-85.5658,27.9616],[-85.586,27.9458],[-85.6026,27.9193],[-85.6074,27.8884],[-85.6005,27.853],[-85.5853,27.8203],[-85.5618,27.7901],[-85.5239,27.7591],[-85.4718,27.7274],[-85.4557,27.7026],[-85.4756,27.6849],[-85.5349,27.6628],[-85.6334,27.6362],[-85.7095,27.6213],[-85.7632,27.618],[-85.825,27.6231],[-85.895,27.6366],[-85.9506,27.6781],[-85.9919,27.7476],[-86.006,27.8354],[-85.9931,27.9414],[-86.0024,28.0067],[-86.0341,28.0313],[-86.0837,28.0313],[-86.151,28.0067],[-86.211,27.9597],[-86.2637,27.8901],[-86.32,27.8497],[-86.38,27.8385],[-86.45,27.8111],[-86.53,27.7675],[-86.584,27.7459],[-86.6121,27.7466],[-86.6352,27.7557],[-86.6535,27.7734],[-86.6674,27.8088],[-86.6768,27.8619],[-86.7287,27.9255],[-86.8229,27.9997],[-86.8834,28.0748],[-86.9103,28.1506],[-86.9404,28.2061],[-86.9739,28.2414],[-87.0091,28.3075],[-87.0461,28.4043],[-87.1059,28.4681],[-87.1886,28.4991],[-87.265,28.5135],[-87.335,28.5113],[-87.455,28.5577],[-87.625,28.6526],[-87.76,28.7097],[-87.86,28.7289],[-87.9227,28.7593],[-87.948,28.8006],[-87.993,28.8409],[-88.0577,28.8802],[-88.1037,28.9196],[-88.1311,28.9591],[-88.1704,29.0008],[-88.2215,29.0445],[-88.2533,29.0794],[-88.2658,29.1057],[-88.2565,29.1272]]]}},{"type":"Feature","properties":{"c":"#00fb90","v0":0.04,"v1":0.05},"geometry":{"type":"Polygon","coordinates":[[[-91.6245,29.7189],[-91.6015,29.7345],[-91.5796,29.7345],[-91.5588,29.7189],[-91.5588,29.7025],[-91.5796,29.6851],[-91.6015,29.6851],[-91.6245,29.7025],[-91.6245,29.7189]],[[-91.6228,29.7185],[-91.6009,29.7331],[-91.5803,29.7331],[-91.5608,29.7185],[-91.5608,29.703],[-91.5803,29.6866],[-91.6009,29.6866],[-91.6228,29.703],[-91.6228,29.7185]]]}},{"type":"Feature","properties":{"c":"#00fb90","v0":0.04,"v1":0.05},"geometry":{"type":"Polygon","coordinates":[[[-88.3615,29.601],[-88.3405,29.6242],[-88.3123,29.6285],[-88.2769,29.6141],[-88.2637,29.5982],[-88.2727,29.5808],[-88.2904,29.5669],[-88.3168,29.5566],[-88.3405,29.5609],[-88.3615,29.58],[-88.3615,29.601]],[[-88.3593,29.6005],[-88.3398,29.6225],[-88.3129,29.6269],[-88.2787,29.6135],[-88.2663,29.5982],[-88.2759,29.5808],[-88.293,29.5677],[-88.3177,29.5589],[-88.3398,29.5632],[-88.3593,29.5807],[-88.3593,29.6005]]]}},{"type":"Feature","properties":{"c":"#00fb90","v0":0.04,"v1":0.05},"geometry":{"type":"Polygon","coordinates":[[[-87.1005,29.289],[-87.0764,29.3152],[-87.0432,29.3326],[-87.0008,29.3413],[-86.9828,29.3326],[-86.989,29.3064],[-87.0031,29.2846],[-87.025,29.2672],[-87.0495,29.2563],[-87.0765,29.2519],[-87.0956,29.2563],[-87.1069,29.2694],[-87.1005,29.289]],[[-87.0958,29.2904],[-87.0653,29.3194],[-87.035,29.3369],[-87.005,29.3428],[-86.9867,29.3414],[-86.9802,29.3326],[-86.9924,29.3108],[-87.0234,29.2759],[-87.0517,29.2566],[-87.0772,29.2529],[-87.0953,29.2573],[-87.1058,29.2697],[-87.0958,29.2904]]]}},{"type":"Feature","properties":{"c":"#00fb90","v0":0.04,"v1":0.05},"geometry":{"type":"Polygon","coordinates":[[[-89.0131,29.1245],[-88.9977,29.136],[-88.97,29.1404],[-88.9299,29.1376],[-88.9149,29.1304],[-88.925,29.1188],[-88.9527,29.1144],[-88.9981,29.1173],[-89.0131,29.1245]],[[-89.004,29.1237],[-88.9947,29.1334],[-88.9723,29.1378],[-88.9369,29.1368],[-88.9219,29.1313],[-88.9273,29.1215],[-88.9497,29.1172],[-88.989,29.1182],[-89.004,29.1237]]]}},{"type":"Feature","properties":{"c":"#00fb90","v0":0.04,"v1":0.05},"geometry":{"type":"Polygon","coordinates":[[[-81.677,29.0036],[-81.659,29.0181],[-81.6438,29.0181],[-81.6314,29.0036],[-81.6314,28.9902],[-81.6438,28.9779],[-81.659,28.9779],[-81.677,28.9902],[-81.677,29.0036]],[[-81.6745,29.0029],[-81.6582,29.0159],[-81.6445,29.0159],[-81.6336,29.0029],[-81.6336,28.9909],[-81.6445,28.9799],[-81.6582,28.9799],[-81.6745,28.9909],[-81.6745,29.0029]]]}},{"type":"Feature","properties":{"c":"#00fb90","v0":0.04,"v1":0.05},"geometry":{"type":"Polygon","coordinates":[[[-81.4118,28.938],[-81.3973,28.9613],[-81.38,28.9703],[-81.36,28.9648],[-81.3445,28.9532],[-81.3336,28.9353],[-81.3386,28.9179],[-81.3595,28.901],[-81.3823,28.901],[-81.4068,28.9179],[-81.4118,28.938]],[[-81.4104,28.9375],[-81.3968,28.9597],[-81.38,28.9681],[-81.36,28.9625],[-81.3452,28.9514],[-81.3356,28.9347],[-81.3406,28.9184],[-81.3602,28.9023],[-81.3818,28.9023],[-81.4054,28.9184],[-81.4104,28.9375]]]}},{"type":"Feature","properties":{"c":"#00fb90","v0":0.04,"v1":0.05},"geometry":{"type":"Polygon","coordinates":[[[-84.4623,28.723],[-84.4408,28.7369],[-84.4208,28.7369],[-84.4023,28.723],[-84.4073,28.7081],[-84.4358,28.692],[-84.4558,28.692],[-84.4673,28.7081],[-84.4623,28.723]],[[-84.451,28.7208],[-84.437,28.7301],[-84.4238,28.7301],[-84.4115,28.7208],[-84.4165,28.7114],[-84.4388,28.702],[-84.452,28.702],[-84.456,28.7114],[-84.451,28.7208]]]}},{"type":"Feature","properties":{"c":"#00fb90","v0":0.04,"v1":0.05},"geometry":{"type":"Polygon","coordinates":[[[-85.0096,28.4927],[-84.9699,28.5026],[-84.925,28.4906],[-84.875,28.4569],[-84.8236,28.4476],[-84.7709,28.4627],[-84.7259,28.4842],[-84.6886,28.5123],[-84.655,28.5167],[-84.625,28.4974],[-84.585,28.4911],[-84.535,28.498],[-84.495,28.4868],[-84.465,28.4575],[-84.44,28.4416],[-84.42,28.4391],[-84.3986,28.4415],[-84.3758,28.4489],[-84.358,28.4614],[-84.3452,28.479],[-84.3332,28.5098],[-84.3218,28.5537],[-84.3188,28.5976],[-84.3241,28.6415],[-84.3075,28.6743],[-84.2692,28.6959],[-84.2347,28.7003],[-84.2042,28.6874],[-84.1874,28.6722],[-84.1841,28.6547],[-84.1921,28.624],[-84.2112,28.5801],[-84.224,28.4966],[-84.2307,28.3735],[-84.2591,28.2854],[-84.3092,28.2326],[-84.3382,28.1631],[-84.3461,28.0769],[-84.3642,28.0195],[-84.3925,27.991],[-84.3697,27.937],[-84.2958,27.8575],[-84.2635,27.7911],[-84.2729,27.738],[-84.2738,27.6805],[-84.2663,27.6185],[-84.2744,27.5756],[-84.2981,27.552],[-84.32,27.5374],[-84.34,27.532],[-84.3613,27.5349],[-84.3838,27.5463],[-84.4145,27.5786],[-84.4534,27.6318],[-84.4856,27.6893],[-84.5111,27.7513],[-84.5275,27.8177],[-84.5348,27.8884],[-84.5267,27.9458],[-84.5033,27.99],[-84.5012,28.0437],[-84.5204,28.107],[-84.535,28.142],[-84.545,28.1486],[-84.57,28.1344],[-84.61,28.0991],[-84.64,28.0818],[-84.66,28.0824],[-84.6897,28.096],[-84.7292,28.1224],[-84.7576,28.1665],[-84.7748,28.2282],[-84.8001,28.2819],[-84.8334,28.3278],[-84.86,28.3502],[-84.88,28.3491],[-84.8954,28.3394],[-84.9061,28.321],[-84.9073,28.2634],[-84.8988,28.1665],[-84.9034,28.079],[-84.9211,28.001],[-84.935,27.9575],[-84.945,27.9487],[-84.965,27.952],[-84.995,27.9675],[-85.01,27.9826],[-85.01,27.9974],[-84.9971,28.0199],[-84.9713,28.05],[-84.9638,28.1092],[-84.9745,28.1973],[-84.9735,28.2722],[-84.9608,28.3339],[-84.9732,28.3955],[-85.0107,28.457],[-85.0096,28.4927]],[[-85.0041,28.492],[-84.968,28.5005],[-84.925,28.4876],[-84.875,28.4534],[-84.8222,28.4448],[-84.7665,28.4618],[-84.7215,28.4837],[-84.6872,28.5108],[-84.655,28.5144],[-84.625,28.4948],[-84.585,28.4887],[-84.535,28.4961],[-84.495,28.4851],[-84.465,28.4558],[-84.44,28.4399],[-84.42,28.4374],[-84.3972,28.4403],[-84.3715,28.4485],[-84.3525,28.4614],[-84.3403,28.479],[-84.3288,28.5098],[-84.3179,28.5537],[-84.3153,28.5976],[-84.3211,28.6415],[-84.3055,28.6739],[-84.2685,28.6949],[-84.2352,28.6993],[-84.2056,28.6871],[-84.1891,28.6722],[-84.1857,28.6547],[-84.1941,28.624],[-84.2142,28.5801],[-84.2283,28.4966],[-84.2365,28.3735],[-84.2648,28.2854],[-84.3131,28.2326],[-84.3405,28.1665],[-84.3471,28.0871],[-84.3672,28.0297],[-84.401,27.9944],[-84.3859,27.9501],[-84.322,27.8968],[-84.2825,27.857],[-84.2676,27.8308],[-84.2651,27.7911],[-84.2751,27.738],[-84.2764,27.6805],[-84.2688,27.6185],[-84.2763,27.5763],[-84.2988,27.5541],[-84.32,27.5401],[-84.34,27.5343],[-84.3606,27.5365],[-84.3819,27.5468],[-84.4121,27.5786],[-84.4512,27.6318],[-84.4829,27.6893],[-84.5072,27.7513],[-84.5235,27.8177],[-84.5319,27.8884],[-84.5224,27.9414],[-84.4949,27.9768],[-84.4933,28.0329],[-84.5178,28.1099],[-84.54,28.1483],[-84.56,28.1482],[-84.585,28.1329],[-84.615,28.1023],[-84.64,28.0877],[-84.66,28.0891],[-84.6852,28.1013],[-84.7156,28.1242],[-84.7469,28.1753],[-84.7791,28.2546],[-84.8089,28.3096],[-84.8363,28.3404],[-84.86,28.3564],[-84.88,28.3576],[-84.8979,28.3466],[-84.9138,28.3234],[-84.9162,28.2634],[-84.9051,28.1665],[-84.9071,28.0832],[-84.9224,28.0137],[-84.935,27.9731],[-84.945,27.9615],[-84.9638,27.961],[-84.9915,27.9715],[-84.9926,27.9988],[-84.967,28.043],[-84.9593,28.1092],[-84.9696,28.1973],[-84.9671,28.2678],[-84.952,28.3207],[-84.9639,28.3823],[-85.0027,28.4526],[-85.0041,28.492]]]}},{"type":"Feature","properties":{"c":"#00fb90","v0":0.04,"v1":0.05},"geometry":{"type":"Polygon","coordinates":[[[-85.9051,28.3592],[-85.895,28.3833],[-85.88,28.3977],[-85.86,28.4024],[-85.8113,28.3815],[-85.734,28.3351],[-85.7022,28.303],[-85.7158,28.2854],[-85.741,28.2722],[-85.7777,28.2634],[-85.8202,28.2678],[-85.8684,28.2854],[-85.8969,28.3075],[-85.9057,28.3339],[-85.9051,28.3592]],[[-85.9023,28.3573],[-85.8941,28.3779],[-85.88,28.3915],[-85.86,28.3981],[-85.8163,28.3835],[-85.7488,28.3475],[-85.7142,28.3207],[-85.7126,28.303],[-85.7263,28.2855],[-85.7554,28.2682],[-85.785,28.2617],[-85.815,28.2662],[-85.8446,28.2749],[-85.8737,28.2878],[-85.8928,28.3075],[-85.9018,28.3339],[-85.9023,28.3573]]]}},{"type":"Feature","properties":{"c":"#00fb90","v0":0.04,"v1":0.05},"geometry":{"type":"Polygon","coordinates":[[[-84.1735,28.2502],[-84.1659,28.2678],[-84.1491,28.2816],[-84.123,28.2914],[-84.085,28.2894],[-84.035,28.2755],[-83.9783,28.2441],[-83.915,28.1953],[-83.8786,28.1577],[-83.8693,28.1312],[-83.876,28.1114],[-83.8987,28.0983],[-83.935,28.0909],[-83.985,28.0893],[-84.035,28.0952],[-84.085,28.1087],[-84.1268,28.1469],[-84.1605,28.2099],[-84.1735,28.2502]],[[-84.1716,28.2502],[-84.1637,28.2678],[-84.1473,28.2812],[-84.1224,28.2904],[-84.085,28.2881],[-84.035,28.2741],[-83.9788,28.2431],[-83.9164,28.195],[-83.8806,28.1577],[-83.8716,28.1312],[-83.8778,28.1118],[-83.8993,28.0994],[-83.935,28.0925],[-83.985,28.091],[-84.0346,28.0972],[-84.0837,28.1111],[-84.1221,28.1356],[-84.1498,28.1709],[-84.1666,28.2017],[-84.1726,28.2282],[-84.1716,28.2502]]]}},{"type":"Feature","properties":{"c":"#00fb90","v0":0.04,"v1":0.05},"geometry":{"type":"Polygon","coordinates":[[[-81.9097,28.2114],[-81.8966,28.222],[-81.8778,28.2264],[-81.8535,28.2247],[-81.8535,28.2162],[-81.8778,28.201],[-81.8966,28.1966],[-81.9097,28.203],[-81.9097,28.2114]],[[-81.8952,28.2106],[-81.8626,28.2194],[-81.8523,28.2186],[-81.8641,28.2082],[-81.8804,28.2038],[-81.9011,28.2053],[-81.8952,28.2106]]]}},{"type":"Feature","properties":{"c":"#00fb90","v0":0.04,"v1":0.05},"geometry":{"type":"Polygon","coordinates":[[[-82.5177,27.9811],[-82.4992,27.9899],[-82.455,27.9854],[-82.385,27.9679],[-82.3432,27.99],[-82.3296,28.0518],[-82.3363,28.1047],[-82.3634,28.1488],[-82.3652,28.1775],[-82.3417,28.1906],[-82.2834,28.1597],[-82.1901,28.0848],[-82.1201,28.0144],[-82.0734,27.9482],[-82.04,27.9125],[-82.02,27.9071],[-82.005,27.9098],[-81.995,27.9206],[-81.9803,27.921],[-81.961,27.911],[-81.9541,27.8796],[-81.9599,27.8265],[-81.9295,27.764],[-81.8632,27.6919],[-81.8159,27.6565],[-81.7876,27.6577],[-81.7852,27.6849],[-81.8088,27.738],[-81.8188,27.7734],[-81.8152,27.7911],[-81.7826,27.8074],[-81.7209,27.8221],[-81.65,27.8247],[-81.57,27.8151],[-81.505,27.8232],[-81.455,27.8491],[-81.4,27.864],[-81.34,27.8681],[-81.2722,27.8393],[-81.1966,27.7777],[-81.1599,27.7336],[-81.162,27.707],[-81.1751,27.6849],[-81.1992,27.6672],[-81.2095,27.6495],[-81.2061,27.6318],[-81.1908,27.6009],[-81.1636,27.557],[-81.1108,27.5083],[-81.0323,27.4546],[-80.9923,27.4149],[-80.9908,27.389],[-81.0,27.3777],[-81.02,27.3808],[-81.04,27.3685],[-81.06,27.3407],[-81.08,27.3229],[-81.1,27.3149],[-81.1206,27.3134],[-81.1418,27.3186],[-81.1618,27.3334],[-81.1806,27.3578],[-81.2,27.3697],[-81.22,27.3691],[-81.2331,27.3613],[-81.2392,27.3464],[-81.236,27.3212],[-81.2234,27.2857],[-81.2288,27.2546],[-81.2521,27.2279],[-81.2453,27.2019],[-81.2084,27.1766],[-81.195,27.1575],[-81.205,27.1447],[-81.2236,27.144],[-81.2508,27.1555],[-81.2669,27.1745],[-81.2717,27.2012],[-81.2829,27.2234],[-81.3004,27.2412],[-81.3393,27.2687],[-81.3998,27.3058],[-81.455,27.3307],[-81.505,27.3436],[-81.55,27.3452],[-81.59,27.3357],[-81.6155,27.3197],[-81.6266,27.297],[-81.6217,27.2634],[-81.6009,27.219],[-81.6059,27.1834],[-81.6369,27.1567],[-81.6549,27.1167],[-81.66,27.0632],[-81.6794,27.03],[-81.7131,27.017],[-81.7335,27.0037],[-81.7405,26.9899],[-81.7305,26.9536],[-81.7035,26.8945],[-81.63,26.8807],[-81.51,26.9121],[-81.4376,26.9238],[-81.4129,26.9157],[-81.392,26.885],[-81.375,26.8315],[-81.3789,26.769],[-81.4037,26.6975],[-81.3961,26.6528],[-81.3561,26.635],[-81.3319,26.6037],[-81.3234,26.5589],[-81.2986,26.5142],[-81.2574,26.4695],[-81.2502,26.4207],[-81.2767,26.3679],[-81.3,26.3417],[-81.32,26.3421],[-81.35,26.3594],[-81.39,26.3936],[-81.425,26.4049],[-81.455,26.3931],[-81.485,26.3915],[-81.515,26.3999],[-81.5341,26.4104],[-81.5424,26.4229],[-81.5403,26.4426],[-81.5279,26.4695],[-81.5238,26.4933],[-81.5279,26.514],[-81.565,26.5373],[-81.635,26.5632],[-81.6729,26.5708],[-81.6788,26.5599],[-81.6754,26.541],[-81.6628,26.5142],[-81.6374,26.4829],[-81.5991,26.4471],[-81.5755,26.3978],[-81.5665,26.3351],[-81.574,26.2887],[-81.598,26.2588],[-81.635,26.2415],[-81.685,26.2368],[-81.7393,26.2653],[-81.7978,26.3268],[-81.8728,26.3912],[-81.9643,26.4586],[-82.014,26.5079],[-82.022,26.5389],[-82.0093,26.5724],[-81.9757,26.6081],[-82.0027,26.6573],[-82.0901,26.7198],[-82.1505,26.7868],[-82.1839,26.8582],[-82.2056,26.9474],[-82.2157,27.0543],[-82.2534,27.1256],[-82.319,27.1612],[-82.3526,27.2012],[-82.3542,27.2457],[-82.3648,27.2857],[-82.3843,27.3212],[-82.3833,27.3479],[-82.3617,27.3656],[-82.3509,27.3878],[-82.3509,27.4145],[-82.3724,27.4722],[-82.4154,27.5609],[-82.4252,27.6207],[-82.4017,27.6517],[-82.36,27.6593],[-82.3,27.6434],[-82.235,27.6171],[-82.165,27.5805],[-82.12,27.5625],[-82.1,27.5629],[-82.0888,27.5692],[-82.0865,27.5814],[-82.096,27.5963],[-82.1174,27.614],[-82.1343,27.645],[-82.1468,27.6893],[-82.1823,27.7206],[-82.2408,27.7389],[-82.325,27.7787],[-82.435,27.84],[-82.4992,27.8972],[-82.5177,27.9503],[-82.5177,27.9811]],[[-82.5155,27.9806],[-82.4985,27.9884],[-82.4533,27.9839],[-82.38,27.9674],[-82.3369,27.9856],[-82.324,28.0386],[-82.3319,28.0915],[-82.3607,28.1444],[-82.3638,28.1771],[-82.3413,28.1894],[-82.3062,28.1718],[-82.2585,28.1241],[-82.2125,28.0871],[-82.1681,28.0606],[-82.1219,28.0136],[-82.074,27.9459],[-82.0271,27.9105],[-81.9812,27.9076],[-81.9551,27.8972],[-81.9488,27.8796],[-81.9506,27.853],[-81.9606,27.8177],[-81.9317,27.7633],[-81.8639,27.6899],[-81.8147,27.6545],[-81.7842,27.6571],[-81.7813,27.6849],[-81.806,27.738],[-81.8163,27.7733],[-81.8121,27.7909],[-81.78,27.8065],[-81.72,27.8201],[-81.65,27.822],[-81.57,27.812],[-81.505,27.8203],[-81.455,27.8469],[-81.4,27.8622],[-81.34,27.8662],[-81.273,27.8379],[-81.1991,27.7772],[-81.163,27.7336],[-81.1649,27.707],[-81.178,27.6849],[-81.2025,27.6672],[-81.2128,27.6495],[-81.2088,27.6318],[-81.1926,27.6004],[-81.1642,27.5553],[-81.1118,27.5065],[-81.0355,27.454],[-80.9955,27.4166],[-80.9918,27.3942],[-81.0,27.3841],[-81.02,27.3863],[-81.04,27.3727],[-81.06,27.3433],[-81.08,27.3244],[-81.1,27.3162],[-81.12,27.3145],[-81.14,27.3192],[-81.16,27.3343],[-81.18,27.3598],[-81.2,27.3722],[-81.22,27.3716],[-81.2335,27.3632],[-81.2405,27.3471],[-81.2378,27.3212],[-81.2253,27.2857],[-81.2318,27.2552],[-81.2573,27.2299],[-81.3181,27.2477],[-81.4142,27.3086],[-81.4792,27.3421],[-81.5131,27.3484],[-81.55,27.3469],[-81.59,27.3376],[-81.6161,27.3211],[-81.6282,27.2975],[-81.6241,27.2634],[-81.6036,27.219],[-81.6087,27.1834],[-81.6393,27.1567],[-81.6574,27.1167],[-81.6629,27.0632],[-81.6817,27.0308],[-81.7139,27.0194],[-81.7341,27.006],[-81.7423,26.9907],[-81.7323,26.9527],[-81.7041,26.8921],[-81.63,26.8775],[-81.51,26.909],[-81.4386,26.9215],[-81.4157,26.915],[-81.3955,26.885],[-81.378,26.8315],[-81.3819,26.769],[-81.407,26.6975],[-81.3998,26.6528],[-81.3603,26.635],[-81.337,26.6037],[-81.3299,26.5589],[-81.3045,26.5142],[-81.2608,26.4695],[-81.2517,26.4213],[-81.2772,26.3699],[-81.3,26.3442],[-81.32,26.3444],[-81.35,26.3619],[-81.39,26.3967],[-81.435,26.4093],[-81.485,26.3996],[-81.5181,26.4034],[-81.5344,26.4206],[-81.5367,26.4426],[-81.5248,26.4695],[-81.5217,26.4943],[-81.5272,26.517],[-81.565,26.5415],[-81.635,26.5677],[-81.674,26.5742],[-81.682,26.561],[-81.682,26.5455],[-81.6738,26.5276],[-81.6484,26.4963],[-81.6057,26.4515],[-81.5795,26.3978],[-81.5697,26.3351],[-81.5761,26.29],[-81.5987,26.2624],[-81.635,26.2456],[-81.685,26.2395],[-81.7387,26.2667],[-81.7961,26.3272],[-81.8711,26.3918],[-81.9637,26.4605],[-82.0136,26.5098],[-82.0207,26.5396],[-82.0064,26.5724],[-81.9706,26.6081],[-81.9976,26.6573],[-82.0874,26.7198],[-82.149,26.7868],[-82.1824,26.8582],[-82.2039,26.9474],[-82.2135,27.0543],[-82.2512,27.1262],[-82.3171,27.163],[-82.3506,27.2031],[-82.3519,27.2463],[-82.3616,27.2857],[-82.3797,27.3212],[-82.379,27.347],[-82.3597,27.3629],[-82.35,27.3861],[-82.35,27.4167],[-82.3711,27.4753],[-82.4133,27.5619],[-82.4233,27.6199],[-82.4011,27.6495],[-82.36,27.6568],[-82.3,27.6417],[-82.235,27.6157],[-82.165,27.5785],[-82.12,27.5597],[-82.1,27.5593],[-82.0879,27.5662],[-82.0836,27.5804],[-82.0925,27.5963],[-82.1143,27.614],[-82.1315,27.6452],[-82.1438,27.6897],[-82.18,27.7214],[-82.24,27.7402],[-82.3246,27.7799],[-82.4339,27.8404],[-82.4974,27.8972],[-82.5151,27.9503],[-82.5155,27.9806]],[[-81.2618,27.1809],[-81.2406,27.1847],[-81.2205,27.1803],[-81.2015,27.1675],[-81.2015,27.1564],[-81.2205,27.1467],[-81.2406,27.1512],[-81.2618,27.1697],[-81.2618,27.1809]]]}},{"type":"Feature","properties":{"c":"#00fb90","v0":0.04,"v1":0.05},"geometry":{"type":"Polygon","coordinates":[[[-81.5497,28.0149],[-81.5366,28.0204],[-81.5284,28.016],[-81.5252,28.0016],[-81.5318,27.9988],[-81.5481,28.0077],[-81.5497,28.0149]],[[-81.5473,28.0139],[-81.5358,28.0175],[-81.5298,28.0131],[-81.5293,28.0007],[-81.535,27.9988],[-81.547,28.0077],[-81.5473,28.0139]]]}},{"type":"Feature","properties":{"c":"#00fb90","v0":0.04,"v1":0.05},"geometry":{"type":"Polygon","coordinates":[[[-80.6287,27.9544],[-80.6162,27.9802],[-80.5965,27.9891],[-80.5694,27.9809],[-80.5489,27.9547],[-80.535,27.9105],[-80.5335,27.8746],[-80.5445,27.847],[-80.5645,27.8381],[-80.5935,27.8481],[-80.6147,27.8751],[-80.6282,27.9193],[-80.6287,27.9544]],[[-80.6274,27.9539],[-80.6158,27.9788],[-80.5969,27.9876],[-80.5708,27.9804],[-80.5507,27.9547],[-80.5367,27.9105],[-80.5348,27.8752],[-80.5449,27.8488],[-80.564,27.84],[-80.592,27.8487],[-80.6128,27.8751],[-80.6264,27.9193],[-80.6274,27.9539]]]}},{"type":"Feature","properties":{"c":"#00fb90","v0":0.04,"v1":0.05},"geometry":{"type":"Polygon","coordinates":[[[-85.3083,27.7642],[-85.2828,27.799],[-85.26,27.8152],[-85.24,27.8128],[-85.2233,27.8043],[-85.21,27.7896],[-85.21,27.756],[-85.2233,27.7035],[-85.2428,27.6814],[-85.2685,27.6896],[-85.2913,27.707],[-85.3112,27.7336],[-85.3083,27.7642]],[[-85.2944,27.7588],[-85.2781,27.7828],[-85.26,27.795],[-85.24,27.7956],[-85.2247,27.7881],[-85.214,27.7724],[-85.214,27.7458],[-85.2247,27.7082],[-85.2401,27.6905],[-85.2603,27.6927],[-85.2785,27.707],[-85.2945,27.7336],[-85.2944,27.7588]]]}},{"type":"Feature","properties":{"c":"#00fb90","v0":0.04,"v1":0.05},"geometry":{"type":"Polygon","coordinates":[[[-81.3858,27.7416],[-81.3619,27.7663],[-81.34,27.7776],[-81.32,27.7755],[-81.3045,27.7675],[-81.2935,27.7538],[-81.2898,27.738],[-81.2934,27.7203],[-81.3039,27.7076],[-81.3213,27.6999],[-81.3469,27.7043],[-81.3808,27.7209],[-81.3858,27.7416]],[[-81.3822,27.7409],[-81.3607,27.7645],[-81.3354,27.7689],[-81.3063,27.7542],[-81.2939,27.738],[-81.298,27.7203],[-81.3076,27.7083],[-81.3225,27.7019],[-81.3457,27.7063],[-81.3772,27.7216],[-81.3822,27.7409]]]}},{"type":"Feature","properties":{"c":"#00fb90","v0":0.04,"v1":0.05},"geometry":{"type":"Polygon","coordinates":[[[-82.6259,27.6513],[-82.602,27.6726],[-82.5803,27.677],[-82.561,27.6646],[-82.5497,27.6495],[-82.5464,27.6318],[-82.556,27.6158],[-82.5787,27.6017],[-82.602,27.6062],[-82.6259,27.6291],[-82.6259,27.6513]],[[-82.6246,27.6508],[-82.6015,27.6712],[-82.5808,27.6756],[-82.5625,27.6641],[-82.5516,27.6495],[-82.5482,27.6318],[-82.5574,27.6162],[-82.5791,27.6028],[-82.6015,27.6072],[-82.6246,27.6295],[-82.6246,27.6508]]]}},{"type":"Feature","properties":{"c":"#00fb90","v0":0.04,"v1":0.05},"geometry":{"type":"Polygon","coordinates":[[[-80.8521,27.6495],[-80.8481,27.6672],[-80.8371,27.6786],[-80.819,27.6837],[-80.7896,27.6571],[-80.7488,27.5988],[-80.7288,27.5609],[-80.7296,27.5433],[-80.75,27.5433],[-80.79,27.5609],[-80.8211,27.5874],[-80.8431,27.6229],[-80.8521,27.6495]],[[-80.848,27.6495],[-80.8421,27.6672],[-80.8319,27.6771],[-80.8173,27.6792],[-80.79,27.6456],[-80.75,27.5764],[-80.7492,27.5487],[-80.7876,27.5627],[-80.8178,27.5874],[-80.8399,27.6229],[-80.848,27.6495]]]}},{"type":"Feature","properties":{"c":"#00fb90","v0":0.04,"v1":0.05},"geometry":{"type":"Polygon","coordinates":[[[-77.5177,27.6185],[-77.4992,27.6452],[-77.482,27.654],[-77.4661,27.6451],[-77.4538,27.6229],[-77.445,27.5874],[-77.428,27.5592],[-77.4027,27.5382],[-77.3942,27.5071],[-77.4026,27.4661],[-77.4369,27.4855],[-77.4969,27.5653],[-77.5177,27.6185]],[[-77.516,27.6178],[-77.4987,27.643],[-77.4828,27.6519],[-77.4683,27.6444],[-77.4574,27.6229],[-77.45,27.5874],[-77.4325,27.5564],[-77.4049,27.5298],[-77.3959,27.5006],[-77.4053,27.4688],[-77.4387,27.4909],[-77.496,27.5671],[-77.516,27.6178]]]}},{"type":"Feature","properties":{"c":"#00fb90","v0":0.04,"v1":0.05},"geometry":{"type":"Polygon","coordinates":[[[-77.5416,27.3121],[-77.5339,27.3294],[-77.5202,27.3383],[-77.5006,27.3388],[-77.4956,27.3276],[-77.5052,27.305],[-77.5189,27.2961],[-77.5366,27.301],[-77.5416,27.3121]],[[-77.5375,27.3106],[-77.5325,27.3248],[-77.5228,27.3337],[-77.5084,27.3372],[-77.5013,27.3301],[-77.5015,27.3123],[-77.5112,27.3034],[-77.5304,27.3034],[-77.5375,27.3106]]]}},{"type":"Feature","properties":{"c":"#00fb90","v0":0.04,"v1":0.05},"geometry":{"type":"Polygon","coordinates":[[[-78.1824,27.2053],[-78.1741,27.2223],[-78.1591,27.2268],[-78.1372,27.2186],[-78.1322,27.1998],[-78.1441,27.1704],[-78.155,27.1546],[-78.165,27.1526],[-78.1741,27.1629],[-78.1824,27.1855],[-78.1824,27.2053]],[[-78.1802,27.2043],[-78.1734,27.2194],[-78.1597,27.2238],[-78.1392,27.2176],[-78.1342,27.2007],[-78.1447,27.1729],[-78.155,27.1584],[-78.165,27.1571],[-78.1734,27.1665],[-78.1802,27.1867],[-78.1802,27.2043]]]}},{"type":"Feature","properties":{"c":"#00fb90","v0":0.04,"v1":0.05},"geometry":{"type":"Polygon","coordinates":[[[-78.5651,27.1037],[-78.5417,27.1312],[-78.517,27.1357],[-78.4911,27.1171],[-78.4811,27.0974],[-78.487,27.0765],[-78.5,27.0606],[-78.52,27.0494],[-78.5387,27.0465],[-78.5562,27.0517],[-78.5679,27.0632],[-78.5738,27.0811],[-78.5651,27.1037]],[[-78.5639,27.1032],[-78.5413,27.1298],[-78.5174,27.1342],[-78.4922,27.1166],[-78.4822,27.0979],[-78.4874,27.0782],[-78.5,27.0626],[-78.52,27.051],[-78.5381,27.0475],[-78.5543,27.052],[-78.5656,27.0632],[-78.572,27.0811],[-78.5639,27.1032]]]}},{"type":"Feature","properties":{"c":"#00fb90","v0":0.04,"v1":0.05},"geometry":{"type":"Polygon","coordinates":[[[-77.9435,27.1054],[-77.9078,27.1363],[-77.8861,27.1497],[-77.8783,27.1455],[-77.8783,27.1209],[-77.8861,27.0759],[-77.9023,27.0536],[-77.927,27.0541],[-77.9449,27.0632],[-77.9559,27.0811],[-77.9435,27.1054]],[[-77.941,27.1033],[-77.9069,27.13],[-77.8899,27.1227],[-77.89,27.0815],[-77.9,27.0591],[-77.92,27.0554],[-77.937,27.0627],[-77.951,27.0809],[-77.941,27.1033]]]}},{"type":"Feature","properties":{"c":"#00fb90","v0":0.04,"v1":0.05},"geometry":{"type":"Polygon","coordinates":[[[-78.2154,26.9773],[-78.1985,27.0013],[-78.1738,27.0102],[-78.1413,27.004],[-78.1407,26.9831],[-78.1719,26.9474],[-78.1966,26.9385],[-78.2148,26.9563],[-78.2154,26.9773]],[[-78.2136,26.9762],[-78.1979,26.9982],[-78.1752,27.0071],[-78.1457,27.003],[-78.1457,26.9834],[-78.1752,26.9484],[-78.1979,26.9395],[-78.2136,26.9567],[-78.2136,26.9762]]]}},{"type":"Feature","properties":{"c":"#00fb90","v0":0.04,"v1":0.05},"geometry":{"type":"Polygon","coordinates":[[[-78.4945,26.86],[-78.4782,26.8993],[-78.4529,26.9171],[-78.4187,26.9135],[-78.3981,26.9028],[-78.391,26.885],[-78.3931,26.8617],[-78.4044,26.8329],[-78.425,26.8146],[-78.455,26.8068],[-78.4782,26.8122],[-78.4945,26.831],[-78.4945,26.86]],[[-78.4934,26.8596],[-78.4778,26.898],[-78.4535,26.9158],[-78.4204,26.9131],[-78.4002,26.9028],[-78.3929,26.885],[-78.3944,26.8622],[-78.4048,26.8344],[-78.425,26.8165],[-78.455,26.8085],[-78.4778,26.8134],[-78.4934,26.8314],[-78.4934,26.8596]]]}},{"type":"Feature","properties":{"c":"#00fb90","v0":0.04,"v1":0.05},"geometry":{"type":"Polygon","coordinates":[[[-83.0501,26.76],[-82.9765,26.7422],[-82.9313,26.7243],[-82.9143,26.7064],[-82.9269,26.692],[-82.969,26.6811],[-83.0142,26.699],[-83.0627,26.7456],[-83.0501,26.76]],[[-83.0453,26.76],[-82.9786,26.7422],[-82.9367,26.7243],[-82.9195,26.7064],[-82.9307,26.6926],[-82.9702,26.6828],[-83.0122,26.7006],[-83.0565,26.7462],[-83.0453,26.76]]]}},{"type":"Feature","properties":{"c":"#00fb90","v0":0.04,"v1":0.05},"geometry":{"type":"Polygon","coordinates":[[[-78.7343,26.5112],[-78.7181,26.5319],[-78.69,26.5294],[-78.65,26.5034],[-78.6,26.5082],[-78.54,26.5435],[-78.5076,26.5684],[-78.5029,26.583],[-78.5087,26.6081],[-78.5251,26.6439],[-78.5275,26.6669],[-78.5158,26.6771],[-78.48,26.6798],[-78.42,26.6747],[-78.345,26.6889],[-78.255,26.7223],[-78.163,26.7376],[-78.069,26.7347],[-78.0208,26.7243],[-78.0184,26.7064],[-78.0254,26.6867],[-78.0418,26.6651],[-78.1512,26.6249],[-78.3537,26.566],[-78.4608,26.5187],[-78.4726,26.4829],[-78.4964,26.4502],[-78.5321,26.4206],[-78.565,26.407],[-78.595,26.4094],[-78.62,26.4246],[-78.64,26.4528],[-78.665,26.4665],[-78.695,26.4656],[-78.7181,26.4741],[-78.7343,26.4919],[-78.7343,26.5112]],[[-78.7331,26.5108],[-78.7177,26.5307],[-78.69,26.5271],[-78.65,26.4999],[-78.6,26.5041],[-78.54,26.5398],[-78.506,26.5613],[-78.498,26.5687],[-78.5032,26.5947],[-78.5217,26.6394],[-78.5257,26.6663],[-78.5152,26.6753],[-78.48,26.6775],[-78.42,26.6728],[-78.345,26.6872],[-78.255,26.7208],[-78.19,26.7346],[-78.15,26.7288],[-78.11,26.73],[-78.07,26.7383],[-78.0421,26.7357],[-78.0264,26.7221],[-78.0264,26.7008],[-78.0421,26.6718],[-78.153,26.6271],[-78.3589,26.5667],[-78.4668,26.5187],[-78.4766,26.4829],[-78.4986,26.4506],[-78.5329,26.4219],[-78.564,26.4084],[-78.5921,26.4103],[-78.6171,26.4269],[-78.639,26.4583],[-78.665,26.4722],[-78.695,26.4686],[-78.7177,26.4753],[-78.7331,26.4923],[-78.7331,26.5108]]]}},{"type":"Feature","properties":{"c":"#00fb90","v0":0.04,"v1":0.05},"geometry":{"type":"Polygon","coordinates":[[[-81.5285,26.1288],[-81.4937,26.1736],[-81.4647,26.1993],[-81.4416,26.2057],[-81.41,26.1797],[-81.37,26.1213],[-81.3374,26.0867],[-81.3121,26.0758],[-81.3023,26.0614],[-81.308,26.0434],[-81.3338,26.021],[-81.3799,25.994],[-81.3971,25.967],[-81.3855,25.94],[-81.3872,25.9111],[-81.4024,25.8802],[-81.4246,25.8802],[-81.4539,25.9111],[-81.4547,25.94],[-81.4272,25.967],[-81.4375,25.9914],[-81.4858,26.0131],[-81.519,26.0446],[-81.5369,26.0857],[-81.5285,26.1288]],[[-81.5243,26.1288],[-81.49,26.1736],[-81.4621,26.1987],[-81.4407,26.2038],[-81.3987,26.1679],[-81.336,26.0909],[-81.331,26.036],[-81.3837,26.0031],[-81.435,25.9968],[-81.485,26.0172],[-81.5178,26.0471],[-81.5335,26.0866],[-81.5243,26.1288]],[[-81.4521,25.9392],[-81.424,25.9644],[-81.4032,25.9689],[-81.3895,25.9527],[-81.3895,25.9257],[-81.4032,25.888],[-81.424,25.8835],[-81.4521,25.9122],[-81.4521,25.9392]]]}},{"type":"Feature","properties":{"c":"#00fb90","v0":0.04,"v1":0.05},"geometry":{"type":"Polygon","coordinates":[[[-77.2867,26.0137],[-77.2756,26.044],[-77.255,26.0643],[-77.225,26.0747],[-77.2,26.0766],[-77.18,26.07],[-77.1532,26.0407],[-77.1197,25.9886],[-77.1097,25.9424],[-77.1232,25.9022],[-77.145,25.8833],[-77.175,25.8859],[-77.2156,25.915],[-77.2667,25.9707],[-77.2867,26.0137]],[[-77.28,26.0157],[-77.26,26.05],[-77.23,26.0662],[-77.19,26.0644],[-77.1536,26.0383],[-77.1208,25.9878],[-77.1108,25.9432],[-77.1236,25.9045],[-77.145,25.8862],[-77.175,25.8883],[-77.215,25.9166],[-77.265,25.9712],[-77.28,26.0157]]]}},{"type":"Feature","properties":{"c":"#00fb90","v0":0.04,"v1":0.05},"geometry":{"type":"Polygon","coordinates":[[[-78.5072,25.9554],[-78.4824,25.9772],[-78.4601,25.9817],[-78.4404,25.9689],[-78.4354,25.9515],[-78.4451,25.9294],[-78.46,25.9183],[-78.48,25.9181],[-78.4974,25.9247],[-78.5122,25.9379],[-78.5072,25.9554]],[[-78.5054,25.9549],[-78.4818,25.9756],[-78.4608,25.9801],[-78.4423,25.9684],[-78.4373,25.9521],[-78.4458,25.9314],[-78.46,25.9208],[-78.48,25.9203],[-78.4968,25.9262],[-78.5104,25.9384],[-78.5054,25.9549]]]}},{"type":"Feature","properties":{"c":"#00fb90","v0":0.04,"v1":0.05},"geometry":{"type":"Polygon","coordinates":[[[-78.6995,25.7414],[-78.6798,25.7672],[-78.66,25.7816],[-78.64,25.7846],[-78.6236,25.7807],[-78.6107,25.7699],[-78.6092,25.742],[-78.6193,25.697],[-78.6307,25.6684],[-78.6436,25.6562],[-78.6614,25.6562],[-78.6843,25.6684],[-78.6992,25.688],[-78.7059,25.715],[-78.6995,25.7414]],[[-78.6982,25.741],[-78.6794,25.766],[-78.66,25.7798],[-78.64,25.7824],[-78.6246,25.7789],[-78.6139,25.7694],[-78.6189,25.7365],[-78.6396,25.6805],[-78.6608,25.6579],[-78.6825,25.6689],[-78.6969,25.688],[-78.7041,25.715],[-78.6982,25.741]]]}},{"type":"Feature","properties":{"c":"#00fb90","v0":0.04,"v1":0.05},"geometry":{"type":"Polygon","coordinates":[[[-77.7776,25.7596],[-77.7592,25.7856],[-77.7414,25.7946],[-77.7243,25.7866],[-77.7193,25.764],[-77.7264,25.7269],[-77.74,25.7082],[-77.76,25.7079],[-77.7742,25.7175],[-77.7826,25.7368],[-77.7776,25.7596]],[[-77.7814,25.7564],[-77.7738,25.7762],[-77.757,25.7852],[-77.7311,25.7834],[-77.7213,25.7646],[-77.7277,25.7285],[-77.7407,25.7105],[-77.7602,25.7104],[-77.7738,25.7194],[-77.7814,25.7375],[-77.7814,25.7564]]]}},{"type":"Feature","properties":{"c":"#00fb90","v0":0.04,"v1":0.05},"geometry":{"type":"Polygon","coordinates":[[[-78.1749,25.5256],[-78.1568,25.5527],[-78.1183,25.5825],[-78.0594,25.6151],[-78.015,25.6297],[-77.985,25.6265],[-77.9631,25.6147],[-77.9494,25.5944],[-77.9449,25.5662],[-77.9495,25.5301],[-77.9614,25.5053],[-77.9805,25.4917],[-78.025,25.484],[-78.095,25.4823],[-78.1435,25.4891],[-78.1705,25.5044],[-78.1749,25.5256]],[[-78.1711,25.5256],[-78.1534,25.5527],[-78.1158,25.5822],[-78.0586,25.6142],[-78.02,25.6308],[-78.0,25.6319],[-77.9804,25.6249],[-77.9611,25.6099],[-77.9501,25.5843],[-77.9474,25.5482],[-77.957,25.5192],[-77.979,25.4972],[-78.025,25.4856],[-78.095,25.4844],[-78.1425,25.4909],[-78.1675,25.505],[-78.1711,25.5256]]]}},{"type":"Feature","properties":{"c":"#00fb90","v0":0.04,"v1":0.05},"geometry":{"type":"Polygon","coordinates":[[[-78.7652,25.5762],[-78.7417,25.596],[-78.7222,25.596],[-78.7066,25.5762],[-78.7066,25.5555],[-78.7222,25.5339],[-78.7375,25.5249],[-78.7524,25.5284],[-78.7641,25.5392],[-78.7727,25.5572],[-78.7652,25.5762]],[[-78.7639,25.5757],[-78.7413,25.5946],[-78.7226,25.5946],[-78.7079,25.5757],[-78.7079,25.5559],[-78.7226,25.5353],[-78.7413,25.5353],[-78.7639,25.5559],[-78.7639,25.5757]]]}},{"type":"Feature","properties":{"c":"#00fb90","v0":0.04,"v1":0.05},"geometry":{"type":"Polygon","coordinates":[[[-76.6022,25.5044],[-76.5941,25.525],[-76.58,25.5349],[-76.56,25.5341],[-76.5481,25.5147],[-76.5443,25.4769],[-76.5543,25.4563],[-76.5781,25.4529],[-76.5941,25.462],[-76.6022,25.4834],[-76.6022,25.5044]],[[-76.6001,25.5032],[-76.5934,25.5215],[-76.5807,25.5305],[-76.5622,25.5303],[-76.5512,25.5121],[-76.5476,25.476],[-76.5569,25.4571],[-76.579,25.4554],[-76.5934,25.4645],[-76.6001,25.4842],[-76.6001,25.5032]]]}},{"type":"Feature","properties":{"c":"#00fb90","v0":0.04,"v1":0.05},"geometry":{"type":"Polygon","coordinates":[[[-94.7501,25.4504],[-94.7367,25.4715],[-94.7,25.4627],[-94.64,25.4241],[-94.6081,25.3865],[-94.6044,25.3498],[-94.6094,25.3149],[-94.6231,25.2817],[-94.6399,25.2636],[-94.6597,25.2606],[-94.6732,25.2636],[-94.6805,25.2727],[-94.6906,25.3035],[-94.7035,25.3562],[-94.7217,25.3969],[-94.7451,25.4255],[-94.7501,25.4504]],[[-94.7477,25.4495],[-94.7359,25.4686],[-94.7006,25.4596],[-94.6418,25.4224],[-94.6111,25.3812],[-94.6086,25.336],[-94.6173,25.2998],[-94.6372,25.2727],[-94.6558,25.2636],[-94.6729,25.2727],[-94.6882,25.3043],[-94.7015,25.3586],[-94.7195,25.3992],[-94.7422,25.4263],[-94.7477,25.4495]]]}},{"type":"Feature","properties":{"c":"#00fb90","v0":0.04,"v1":0.05},"geometry":{"type":"Polygon","coordinates":[[[-95.4659,25.3949],[-95.4553,25.4133],[-95.44,25.4209],[-95.42,25.4178],[-95.3749,25.3769],[-95.3046,25.2984],[-95.2613,25.2184],[-95.2447,25.1369],[-95.2499,25.0808],[-95.2766,25.0499],[-95.305,25.0353],[-95.335,25.0371],[-95.3664,25.0571],[-95.3993,25.0952],[-95.4181,25.1551],[-95.4227,25.2365],[-95.4366,25.3043],[-95.4597,25.3586],[-95.4659,25.3949]],[[-95.4643,25.3941],[-95.4548,25.4111],[-95.44,25.418],[-95.42,25.4149],[-95.375,25.3739],[-95.305,25.2949],[-95.262,25.2156],[-95.2459,25.136],[-95.2509,25.0812],[-95.277,25.0511],[-95.305,25.0371],[-95.335,25.039],[-95.366,25.0586],[-95.398,25.0957],[-95.4163,25.1551],[-95.421,25.2365],[-95.4347,25.3043],[-95.4576,25.3586],[-95.4643,25.3941]]]}},{"type":"Feature","properties":{"c":"#00fb90","v0":0.04,"v1":0.05},"geometry":{"type":"Polygon","coordinates":[[[-76.5959,25.2682],[-76.5927,25.2862],[-76.5859,25.2946],[-76.5753,25.2931],[-76.57,25.2832],[-76.57,25.2649],[-76.575,25.2524],[-76.585,25.2457],[-76.5919,25.2466],[-76.5956,25.2549],[-76.5959,25.2682]],[[-76.5869,25.2772],[-76.5753,25.2772],[-76.5746,25.2714],[-76.5849,25.2599],[-76.5907,25.2599],[-76.5921,25.2714],[-76.5869,25.2772]]]}},{"type":"Feature","properties":{"c":"#00fb90","v0":0.04,"v1":0.05},"geometry":{"type":"Polygon","coordinates":[[[-94.9598,25.1375],[-94.9266,25.1838],[-94.895,25.2067],[-94.865,25.2062],[-94.8335,25.1876],[-94.8006,25.1508],[-94.785,25.1053],[-94.7868,25.0509],[-94.7983,25.0213],[-94.8194,25.0166],[-94.8666,25.0392],[-94.9398,25.0893],[-94.9598,25.1375]],[[-94.9567,25.1365],[-94.9256,25.1809],[-94.895,25.2032],[-94.865,25.2034],[-94.8341,25.1857],[-94.8023,25.1502],[-94.7873,25.1081],[-94.7891,25.0593],[-94.8,25.0312],[-94.82,25.0237],[-94.8656,25.0436],[-94.9367,25.0907],[-94.9567,25.1365]]]}},{"type":"Feature","properties":{"c":"#00fb90","v0":0.04,"v1":0.05},"geometry":{"type":"Polygon","coordinates":[[[-78.3849,24.5543],[-78.3616,24.596],[-78.3168,24.6323],[-78.2505,24.6634],[-78.2133,24.7107],[-78.2054,24.7743],[-78.1835,24.8377],[-78.1478,24.9011],[-78.13,24.9509],[-78.13,24.9871],[-78.1515,25.037],[-78.1946,25.1006],[-78.2154,25.146],[-78.2141,25.1732],[-78.2026,25.1927],[-78.1809,25.2046],[-78.145,25.2047],[-78.095,25.1928],[-78.05,25.1887],[-78.01,25.1923],[-77.9816,25.1878],[-77.9647,25.175],[-77.9503,25.1505],[-77.9384,25.1143],[-77.939,25.0509],[-77.9522,24.9603],[-77.9456,24.8923],[-77.9194,24.8469],[-77.9079,24.7924],[-77.911,24.7289],[-77.9023,24.6653],[-77.8817,24.6016],[-77.8749,24.5561],[-77.8819,24.5289],[-77.9015,24.4989],[-77.9338,24.4662],[-77.9765,24.4617],[-78.0296,24.4852],[-78.0946,24.5021],[-78.1715,24.5122],[-78.24,24.4999],[-78.3,24.4652],[-78.3437,24.4556],[-78.371,24.4711],[-78.3877,24.4925],[-78.3936,24.5198],[-78.3849,24.5543]],[[-78.3841,24.554],[-78.3614,24.5952],[-78.3164,24.6315],[-78.2493,24.6631],[-78.2134,24.7061],[-78.2087,24.7606],[-78.1873,24.8232],[-78.1491,24.8938],[-78.1298,24.9482],[-78.1295,24.9865],[-78.1506,25.0373],[-78.1932,25.1007],[-78.2138,25.146],[-78.2122,25.1732],[-78.2011,25.1923],[-78.1804,25.2035],[-78.145,25.2032],[-78.095,25.1916],[-78.05,25.1875],[-78.01,25.191],[-77.9819,25.1867],[-77.9657,25.1746],[-77.9515,25.1505],[-77.9393,25.1143],[-77.94,25.0509],[-77.9534,24.9603],[-77.9471,24.8923],[-77.9209,24.8469],[-77.9093,24.7924],[-77.9123,24.7289],[-77.9034,24.6653],[-77.8828,24.6016],[-77.8761,24.5561],[-77.8834,24.5289],[-77.9028,24.4993],[-77.9343,24.4675],[-77.9754,24.4629],[-78.0261,24.4856],[-78.0911,24.5024],[-78.1704,24.5131],[-78.24,24.5011],[-78.3,24.4664],[-78.3434,24.4565],[-78.3701,24.4714],[-78.3865,24.4925],[-78.3924,24.5198],[-78.3841,24.554]]]}},{"type":"Feature","properties":{"c":"#00fb90","v0":0.04,"v1":0.05},"geometry":{"type":"Polygon","coordinates":[[[-78.6789,25.1305],[-78.6596,25.1628],[-78.635,25.1814],[-78.605,25.1865],[-78.5756,25.1794],[-78.5467,25.1602],[-78.5295,25.1369],[-78.5241,25.1098],[-78.5285,25.0829],[-78.5428,25.0562],[-78.565,25.0382],[-78.595,25.0289],[-78.625,25.0323],[-78.655,25.0486],[-78.6746,25.0711],[-78.6839,25.0999],[-78.6789,25.1305]],[[-78.6785,25.1302],[-78.6595,25.162],[-78.635,25.1804],[-78.605,25.1854],[-78.5757,25.1786],[-78.5472,25.1599],[-78.5303,25.1369],[-78.525,25.1098],[-78.5293,25.0831],[-78.5431,25.057],[-78.565,25.0391],[-78.595,25.0296],[-78.625,25.0332],[-78.655,25.0499],[-78.6745,25.0723],[-78.6835,25.1003],[-78.6785,25.1302]]]}},{"type":"Feature","properties":{"c":"#00fb90","v0":0.04,"v1":0.05},"geometry":{"type":"Polygon","coordinates":[[[-77.3644,25.0492],[-77.3548,25.0639],[-77.3414,25.0639],[-77.3241,25.0492],[-77.3241,25.0342],[-77.3414,25.0189],[-77.3548,25.0189],[-77.3644,25.0342],[-77.3644,25.0492]],[[-77.3613,25.0481],[-77.3538,25.0605],[-77.3423,25.0605],[-77.3268,25.0481],[-77.3268,25.0351],[-77.3423,25.0215],[-77.3538,25.0215],[-77.3613,25.0351],[-77.3613,25.0481]]]}},{"type":"Feature","properties":{"c":"#00fb90","v0":0.04,"v1":0.05},"geometry":{"type":"Polygon","coordinates":[[[-95.7979,24.9628],[-95.7793,24.9859],[-95.7594,24.9859],[-95.7383,24.9628],[-95.7383,24.9417],[-95.7594,24.9227],[-95.7793,24.9227],[-95.7979,24.9417],[-95.7979,24.9628]],[[-95.7961,24.9621],[-95.7787,24.9838],[-95.76,24.9838],[-95.7399,24.9621],[-95.7399,24.9422],[-95.76,24.9242],[-95.7787,24.9242],[-95.7961,24.9422],[-95.7961,24.9621]]]}},{"type":"Feature","properties":{"c":"#00fb90","v0":0.04,"v1":0.05},"geometry":{"type":"Polygon","coordinates":[[[-100.0348,24.4879],[-100.0264,24.5061],[-100.0092,24.5155],[-99.9831,24.516],[-99.9619,24.5069],[-99.9456,24.4882],[-99.9378,24.4697],[-99.9386,24.4515],[-99.9567,24.4385],[-99.9922,24.4307],[-100.0173,24.4398],[-100.0318,24.4658],[-100.0348,24.4879]],[[-100.0323,24.4879],[-100.0229,24.5061],[-100.0062,24.515],[-99.9821,24.5145],[-99.9623,24.5054],[-99.9469,24.4877],[-99.9398,24.4697],[-99.9409,24.4515],[-99.9586,24.439],[-99.9929,24.4323],[-100.0168,24.4414],[-100.0303,24.4663],[-100.0323,24.4879]]]}},{"type":"Feature","properties":{"c":"#00fb90","v0":0.04,"v1":0.05},"geometry":{"type":"Polygon","coordinates":[[[-96.569,23.7971],[-96.543,23.8211],[-96.505,23.8216],[-96.455,23.7988],[-96.4189,23.7914],[-96.3968,23.7994],[-96.3889,23.8126],[-96.395,23.8309],[-96.4306,23.8629],[-96.4955,23.9087],[-96.5135,23.9658],[-96.4845,24.0345],[-96.4449,24.0756],[-96.3947,24.0892],[-96.3798,24.1553],[-96.4003,24.2738],[-96.4054,24.3399],[-96.3951,24.3535],[-96.375,24.3594],[-96.345,24.3575],[-96.301,24.328],[-96.2429,24.2706],[-96.2225,24.2237],[-96.2397,24.1872],[-96.2507,24.1416],[-96.2556,24.0868],[-96.2851,24.0001],[-96.3393,23.8812],[-96.3574,23.7943],[-96.3392,23.7394],[-96.3334,23.6845],[-96.34,23.6295],[-96.3552,23.5974],[-96.379,23.5883],[-96.4122,23.5929],[-96.4548,23.6112],[-96.4817,23.6295],[-96.4929,23.6478],[-96.4956,23.6753],[-96.4899,23.7119],[-96.5108,23.744],[-96.5583,23.7714],[-96.569,23.7971]],[[-96.5102,23.9651],[-96.4834,24.0322],[-96.4434,24.0733],[-96.3903,24.0884],[-96.3747,24.1553],[-96.3964,24.2738],[-96.403,24.3391],[-96.3943,24.351],[-96.375,24.3563],[-96.345,24.3547],[-96.3016,24.326],[-96.2448,24.27],[-96.2397,24.1644],[-96.2864,24.0092],[-96.3249,23.906],[-96.355,23.8551],[-96.4084,23.8551],[-96.4852,23.906],[-96.5102,23.9651]],[[-96.5729,23.7943],[-96.5618,23.8126],[-96.5447,23.824],[-96.5216,23.8283],[-96.49,23.8154],[-96.45,23.7853],[-96.415,23.7726],[-96.385,23.7773],[-96.3615,23.7627],[-96.3446,23.7289],[-96.3396,23.6842],[-96.3465,23.6288],[-96.365,23.5981],[-96.395,23.5923],[-96.4256,23.5972],[-96.4569,23.6126],[-96.4783,23.6295],[-96.4897,23.6478],[-96.4903,23.6753],[-96.48,23.7119],[-96.5008,23.744],[-96.5526,23.7714],[-96.5729,23.7943]]]}},{"type":"Feature","properties":{"c":"#00fb90","v0":0.04,"v1":0.05},"geometry":{"type":"Polygon","coordinates":[[[-78.7058,24.0376],[-78.6819,24.0671],[-78.655,24.0844],[-78.625,24.0894],[-78.6085,24.0838],[-78.6054,24.0675],[-78.6125,24.0503],[-78.6299,24.032],[-78.6514,24.0179],[-78.6771,24.0078],[-78.6969,24.0078],[-78.7108,24.0179],[-78.7058,24.0376]],[[-78.7035,24.0371],[-78.6812,24.0656],[-78.655,24.0819],[-78.625,24.0859],[-78.609,24.0807],[-78.6069,24.0665],[-78.6148,24.0503],[-78.6328,24.032],[-78.6538,24.0185],[-78.6779,24.0096],[-78.6962,24.0096],[-78.7085,24.0185],[-78.7035,24.0371]]]}},{"type":"Feature","properties":{"c":"#00fb90","v0":0.04,"v1":0.05},"geometry":{"type":"Polygon","coordinates":[[[-77.7461,23.9809],[-77.722,24.0066],[-77.6995,24.0111],[-77.6786,23.9946],[-77.671,23.9544],[-77.6766,23.8904],[-77.6871,23.8487],[-77.7024,23.8293],[-77.7187,23.8247],[-77.7361,23.835],[-77.7414,23.8538],[-77.7347,23.8812],[-77.738,23.9132],[-77.7514,23.9498],[-77.7461,23.9809]],[[-77.7444,23.9802],[-77.7215,24.0044],[-77.7,24.0084],[-77.68,23.9922],[-77.6686,23.9709],[-77.6658,23.9447],[-77.6758,23.9042],[-77.6986,23.8495],[-77.7179,23.8266],[-77.7336,23.8356],[-77.7377,23.8538],[-77.7302,23.8812],[-77.7338,23.9132],[-77.7485,23.9498],[-77.7444,23.9802]]]}},{"type":"Feature","properties":{"c":"#00fb90","v0":0.04,"v1":0.05},"geometry":{"type":"Polygon","coordinates":[[[-97.0629,23.8584],[-97.021,23.9315],[-96.9926,23.9728],[-96.9775,23.9823],[-96.96,23.985],[-96.94,23.9809],[-96.9151,23.9441],[-96.8854,23.8748],[-96.8802,23.808],[-96.8995,23.744],[-96.9294,23.7145],[-96.9698,23.7195],[-97.01,23.7376],[-97.05,23.7687],[-97.0734,23.7936],[-97.0803,23.8124],[-97.0629,23.8584]],[[-97.0596,23.8584],[-97.0159,23.9315],[-96.978,23.9695],[-96.946,23.9724],[-96.9159,23.9404],[-96.8878,23.8735],[-96.8828,23.8091],[-96.9009,23.7472],[-96.93,23.7182],[-96.97,23.7222],[-97.0096,23.7394],[-97.0488,23.7699],[-97.0716,23.7943],[-97.0782,23.8126],[-97.0596,23.8584]]]}},{"type":"Feature","properties":{"c":"#00fb90","v0":0.04,"v1":0.05},"geometry":{"type":"Polygon","coordinates":[[[-95.5985,23.8401],[-95.5829,23.8401],[-95.5751,23.8355],[-95.5752,23.8263],[-95.583,23.8263],[-95.5986,23.8355],[-95.5985,23.8401]]]}},{"type":"Feature","properties":{"c":"#00fb90","v0":0.04,"v1":0.05},"geometry":{"type":"Polygon","coordinates":[[[-78.707,23.7566],[-78.6957,23.7725],[-78.68,23.7792],[-78.66,23.7766],[-78.655,23.7653],[-78.665,23.7454],[-78.6807,23.7387],[-78.702,23.7453],[-78.707,23.7566]],[[-78.7002,23.7576],[-78.6801,23.7758],[-78.665,23.7806],[-78.655,23.7722],[-78.66,23.7584],[-78.68,23.7394],[-78.6951,23.7345],[-78.7052,23.7439],[-78.7002,23.7576]]]}},{"type":"Feature","properties":{"c":"#00fb90","v0":0.04,"v1":0.05},"geometry":{"type":"Polygon","coordinates":[[[-95.6721,23.6561],[-95.6574,23.6909],[-95.64,23.7101],[-95.62,23.7138],[-95.6008,23.7102],[-95.5824,23.6991],[-95.5733,23.6845],[-95.5734,23.6661],[-95.5876,23.6449],[-95.6159,23.6207],[-95.64,23.6059],[-95.66,23.6006],[-95.6724,23.6081],[-95.6771,23.6285],[-95.6721,23.6561]],[[-95.6697,23.6688],[-95.6566,23.6926],[-95.64,23.7065],[-95.62,23.7107],[-95.6018,23.708],[-95.5853,23.6984],[-95.5802,23.6799],[-95.5866,23.6524],[-95.6049,23.6298],[-95.635,23.6122],[-95.655,23.6041],[-95.665,23.6056],[-95.6716,23.619],[-95.6747,23.6443],[-95.6697,23.6688]]]}},{"type":"Feature","properties":{"c":"#00fb90","v0":0.04,"v1":0.05},"geometry":{"type":"Polygon","coordinates":[[[-96.8648,23.1476],[-96.8646,23.1568],[-96.8559,23.1635],[-96.8386,23.1677],[-96.805,23.1687],[-96.755,23.1667],[-96.7132,23.183],[-96.6796,23.2176],[-96.6567,23.2533],[-96.6446,23.2901],[-96.6556,23.3681],[-96.6898,23.4874],[-96.6976,23.5579],[-96.6792,23.5797],[-96.6522,23.5889],[-96.6165,23.5854],[-96.5755,23.5424],[-96.5293,23.4599],[-96.5171,23.3865],[-96.5388,23.3222],[-96.5622,23.2809],[-96.5874,23.2625],[-96.5998,23.2303],[-96.5994,23.1844],[-96.6155,23.143],[-96.6483,23.1062],[-96.666,23.0659],[-96.6687,23.0221],[-96.693,22.9991],[-96.7391,22.9969],[-96.7722,23.0188],[-96.7921,23.0648],[-96.8178,23.1016],[-96.8492,23.1292],[-96.8648,23.1476]],[[-96.6949,23.5571],[-96.6783,23.5772],[-96.6542,23.5864],[-96.6227,23.5846],[-96.5827,23.5472],[-96.5342,23.4742],[-96.52,23.4055],[-96.54,23.3411],[-96.565,23.2986],[-96.595,23.2779],[-96.6251,23.2961],[-96.6553,23.3533],[-96.6786,23.4232],[-96.695,23.5058],[-96.6949,23.5571]],[[-96.844,23.1491],[-96.8213,23.1614],[-96.79,23.1647],[-96.75,23.1592],[-96.705,23.1851],[-96.655,23.2424],[-96.6225,23.2483],[-96.6076,23.2026],[-96.6187,23.1568],[-96.6559,23.1108],[-96.6766,23.0648],[-96.6809,23.0188],[-96.7006,22.9958],[-96.7359,22.9958],[-96.763,23.0188],[-96.7817,23.0648],[-96.8071,23.1016],[-96.8393,23.1292],[-96.844,23.1491]]]}},{"type":"Feature","properties":{"c":"#00fb90","v0":0.04,"v1":0.05},"geometry":{"type":"Polygon","coordinates":[[[-78.8313,23.5557],[-78.8171,23.5731],[-78.795,23.5858],[-78.765,23.5937],[-78.749,23.5896],[-78.7471,23.5734],[-78.7571,23.5541],[-78.779,23.5317],[-78.8,23.5202],[-78.82,23.5197],[-78.8321,23.5264],[-78.8363,23.5401],[-78.8313,23.5557]],[[-78.8297,23.5551],[-78.8166,23.5714],[-78.795,23.5818],[-78.765,23.5865],[-78.76,23.5723],[-78.78,23.5391],[-78.8,23.5226],[-78.82,23.5229],[-78.8316,23.529],[-78.8347,23.541],[-78.8297,23.5551]]]}},{"type":"Feature","properties":{"c":"#00fb90","v0":0.04,"v1":0.05},"geometry":{"type":"Polygon","coordinates":[[[-96.4377,22.9728],[-96.408,23.0372],[-96.3912,23.0878],[-96.3871,23.1246],[-96.3711,23.1614],[-96.3432,23.1982],[-96.3342,23.2441],[-96.3441,23.2992],[-96.3292,23.3643],[-96.2897,23.4392],[-96.2577,23.4759],[-96.2331,23.4744],[-96.1876,23.4553],[-96.1212,23.4186],[-96.0702,23.3727],[-96.0349,23.3176],[-96.0004,23.2791],[-95.9668,23.2572],[-95.93,23.2468],[-95.89,23.2481],[-95.845,23.2637],[-95.795,23.2939],[-95.7659,23.3042],[-95.7578,23.2948],[-95.7528,23.2134],[-95.7509,23.0599],[-95.8143,22.9356],[-95.943,22.8406],[-96.053,22.7757],[-96.1443,22.7409],[-96.205,22.7119],[-96.235,22.6887],[-96.265,22.6768],[-96.295,22.676],[-96.3385,22.7004],[-96.3955,22.7499],[-96.4312,22.8162],[-96.4454,22.8991],[-96.4377,22.9728]],[[-96.4266,22.9912],[-96.3912,23.0924],[-96.36,23.1614],[-96.3333,23.1982],[-96.3237,23.2441],[-96.3314,23.2992],[-96.3189,23.363],[-96.2863,23.4355],[-96.26,23.4721],[-96.24,23.4731],[-96.1951,23.4507],[-96.1254,23.4048],[-96.0772,23.3589],[-96.0505,23.313],[-96.0204,23.277],[-95.9868,23.2508],[-95.945,23.2348],[-95.895,23.229],[-95.85,23.2362],[-95.81,23.2565],[-95.7929,23.2403],[-95.7988,23.1877],[-95.79,23.1292],[-95.7664,23.0648],[-95.7585,23.0202],[-95.7662,22.9953],[-95.8051,22.9538],[-95.8754,22.8958],[-95.9804,22.8334],[-96.1201,22.7664],[-96.205,22.7209],[-96.235,22.6967],[-96.265,22.6842],[-96.295,22.6833],[-96.335,22.7085],[-96.385,22.7595],[-96.4186,22.824],[-96.4358,22.9017],[-96.4266,22.9912]]]}},{"type":"Feature","properties":{"c":"#00fb90","v0":0.04,"v1":0.05},"geometry":{"type":"Polygon","coordinates":[[[-97.1863,23.1642],[-97.1621,23.2066],[-97.1293,23.2342],[-97.0879,23.2469],[-97.0556,23.2717],[-97.0324,23.3084],[-97.0031,23.3174],[-96.9677,23.2987],[-96.9382,23.2619],[-96.9146,23.2072],[-96.9108,23.1568],[-96.927,23.1108],[-96.9438,23.08],[-96.9613,23.0642],[-96.995,23.0575],[-97.045,23.0598],[-97.095,23.0483],[-97.145,23.023],[-97.1751,23.0159],[-97.1853,23.027],[-97.1924,23.0602],[-97.1964,23.1154],[-97.1863,23.1642]],[[-97.1839,23.1622],[-97.1613,23.2005],[-97.1268,23.2281],[-97.0804,23.2449],[-97.0504,23.2677],[-97.0368,23.2965],[-97.02,23.311],[-97.0,23.3114],[-96.9786,23.3016],[-96.9559,23.2817],[-96.9367,23.2487],[-96.921,23.2028],[-96.9193,23.1568],[-96.9319,23.1108],[-96.9461,23.0808],[-96.962,23.0667],[-96.995,23.0608],[-97.045,23.0633],[-97.095,23.0539],[-97.145,23.0327],[-97.1763,23.0523],[-97.1889,23.1128],[-97.1839,23.1622]]]}},{"type":"Feature","properties":{"c":"#00fb90","v0":0.04,"v1":0.05},"geometry":{"type":"Polygon","coordinates":[[[-96.8514,22.8376],[-96.8238,22.8529],[-96.8011,22.8483],[-96.7832,22.8238],[-96.7882,22.8073],[-96.8161,22.7989],[-96.8388,22.8035],[-96.8564,22.8211],[-96.8514,22.8376]],[[-96.8465,22.8361],[-96.8222,22.8484],[-96.8031,22.8438],[-96.7894,22.8223],[-96.7944,22.8088],[-96.8181,22.8034],[-96.8372,22.808],[-96.8515,22.8227],[-96.8465,22.8361]]]}},{"type":"Feature","properties":{"c":"#00fb90","v0":0.04,"v1":0.05},"geometry":{"type":"Polygon","coordinates":[[[-96.4843,22.5964],[-96.4748,22.6091],[-96.46,22.6111],[-96.44,22.6026],[-96.4214,22.5778],[-96.4042,22.5368],[-96.3992,22.5064],[-96.4064,22.4867],[-96.425,22.4761],[-96.455,22.4747],[-96.4748,22.5031],[-96.4843,22.5611],[-96.4843,22.5964]],[[-96.4759,22.5797],[-96.472,22.5959],[-96.46,22.5971],[-96.44,22.5833],[-96.4233,22.5614],[-96.41,22.5313],[-96.4077,22.507],[-96.4163,22.4885],[-96.4303,22.4793],[-96.4498,22.4793],[-96.4641,22.5024],[-96.4732,22.5486],[-96.4759,22.5797]]]}},{"type":"Feature","properties":{"c":"#00fb90","v0":0.05,"v1":0.25},"geometry":{"type":"Polygon","coordinates":[[[-81.0267,41.9362],[-80.9895,41.9586],[-80.9872,41.9846],[-81.0198,42.0143],[-81.0064,42.044],[-80.9471,42.0737],[-80.8345,42.096],[-80.6688,42.1108],[-80.5835,42.1257],[-80.5787,42.1405],[-80.6097,42.1568],[-80.6766,42.1746],[-80.71,42.1903],[-80.71,42.2039],[-80.615,42.2033],[-80.425,42.1886],[-80.31,42.1955],[-80.27,42.2239],[-80.2,42.2455],[-80.1,42.2604],[-80.02,42.2769],[-79.96,42.2952],[-79.86,42.3118],[-79.72,42.3268],[-79.6426,42.3395],[-79.6279,42.35],[-79.6221,42.3663],[-79.625,42.3884],[-79.6074,42.409],[-79.5691,42.4278],[-79.475,42.4486],[-79.325,42.4712],[-79.2348,42.4802],[-79.2044,42.4756],[-79.1894,42.4534],[-79.1898,42.4134],[-79.175,42.3894],[-79.145,42.3811],[-79.0901,42.39],[-79.0103,42.4161],[-78.9501,42.4475],[-78.9095,42.4844],[-78.8394,42.5141],[-78.7398,42.5365],[-78.6655,42.5697],[-78.6164,42.6135],[-78.5757,42.6611],[-78.5432,42.7126],[-78.5028,42.7453],[-78.4543,42.7592],[-78.4178,42.7776],[-78.3934,42.8003],[-78.385,42.8374],[-78.3928,42.8887],[-78.415,42.9228],[-78.4517,42.9397],[-78.54,42.9508],[-78.68,42.9561],[-78.79,42.9647],[-78.87,42.9767],[-78.9561,43.0059],[-79.0484,43.0521],[-79.1003,43.0862],[-79.1121,43.1081],[-79.1009,43.1232],[-79.067,43.1313],[-79.0,43.1255],[-78.9,43.1057],[-78.82,43.0963],[-78.76,43.0972],[-78.61,43.0824],[-78.37,43.0518],[-78.25,43.0518],[-78.25,43.0824],[-78.2,43.102],[-78.1,43.1107],[-78.0251,43.1307],[-77.9752,43.1619],[-77.9602,43.1858],[-77.9801,43.2025],[-78.035,43.2255],[-78.125,43.2548],[-78.24,43.2753],[-78.38,43.2872],[-78.45,43.2973],[-78.45,43.3055],[-78.43,43.3136],[-78.39,43.3217],[-78.36,43.3372],[-78.34,43.3602],[-78.2799,43.3668],[-78.1796,43.3571],[-78.0896,43.3433],[-78.0099,43.3255],[-77.915,43.3138],[-77.805,43.3083],[-77.725,43.3095],[-77.675,43.3173],[-77.62,43.3144],[-77.56,43.3006],[-77.485,43.295],[-77.395,43.2978],[-77.32,43.3082],[-77.26,43.3261],[-77.2132,43.3502],[-77.1797,43.3807],[-77.1722,43.4213],[-77.1906,43.4721],[-77.1821,43.5157],[-77.1466,43.5519],[-77.1442,43.5807],[-77.1747,43.6021],[-77.2127,43.6202],[-77.2581,43.635],[-77.2807,43.6533],[-77.2806,43.675],[-77.2892,43.6967],[-77.3065,43.7184],[-77.2088,43.7711],[-76.9963,43.8547],[-76.8652,43.9195],[-76.8155,43.9657],[-76.792,44.0032],[-76.7947,44.032],[-76.7895,44.0569],[-76.7765,44.0779],[-76.7143,44.0959],[-76.603,44.1107],[-76.5351,44.129],[-76.5109,44.1505],[-76.4959,44.172],[-76.49,44.1935],[-76.5229,44.2271],[-76.5943,44.2726],[-76.665,44.3001],[-76.735,44.3097],[-76.855,44.3017],[-77.025,44.276],[-77.1591,44.2628],[-77.2574,44.262],[-77.2574,44.2806],[-77.1591,44.3186],[-77.055,44.3478],[-76.945,44.3682],[-76.8423,44.3957],[-76.7469,44.4303],[-76.6319,44.4566],[-76.4973,44.4748],[-76.395,44.4827],[-76.325,44.4801],[-76.255,44.4869],[-76.185,44.503],[-76.1262,44.5202],[-76.0787,44.5383],[-76.0218,44.5688],[-75.9555,44.6115],[-75.8525,44.6613],[-75.7127,44.7182],[-75.6448,44.7537],[-75.6487,44.7679],[-75.6905,44.7796],[-75.7702,44.7888],[-75.91,44.785],[-76.11,44.7683],[-76.23,44.7635],[-76.27,44.7706],[-76.2906,44.7779],[-76.2917,44.7855],[-76.2805,44.7999],[-76.2569,44.8212],[-76.2114,44.8461],[-76.1438,44.8748],[-75.9905,44.9315],[-75.7514,45.0161],[-75.628,45.0654],[-75.6202,45.0795],[-75.6297,45.0958],[-75.6566,45.1142],[-75.71,45.12],[-75.79,45.1133],[-75.8487,45.1288],[-75.8861,45.1665],[-75.8911,45.1959],[-75.8637,45.2171],[-75.7825,45.2488],[-75.6474,45.291],[-75.5513,45.3296],[-75.4942,45.3648],[-75.4643,45.3929],[-75.4618,45.4139],[-75.4779,45.4298],[-75.5126,45.4403],[-75.575,45.4385],[-75.665,45.4243],[-75.725,45.4243],[-75.755,45.4383],[-75.805,45.4475],[-75.875,45.4519],[-75.965,45.4484],[-76.075,45.4372],[-76.1404,45.4403],[-76.1613,45.4578],[-76.1624,45.4736],[-76.1439,45.4876],[-76.0648,45.5192],[-75.9253,45.5682],[-75.8555,45.6032],[-75.8556,45.6242],[-75.8839,45.6451],[-75.9405,45.6661],[-75.9391,45.6945],[-75.8797,45.7302],[-75.8077,45.765],[-75.7232,45.7991],[-75.6758,45.8231],[-75.6656,45.8371],[-75.6646,45.8615],[-75.6728,45.8963],[-75.6353,45.938],[-75.5523,45.9867],[-75.4856,46.0471],[-75.4352,46.1192],[-75.3772,46.1746],[-75.3116,46.2134],[-75.2327,46.2778],[-75.1406,46.3675],[-75.0925,46.4193],[-75.0882,46.4331],[-75.0921,46.4459],[-75.104,46.4579],[-75.15,46.4583],[-75.23,46.4472],[-75.305,46.4184],[-75.375,46.3717],[-75.45,46.3469],[-75.53,46.3438],[-75.6,46.3335],[-75.66,46.3161],[-75.71,46.2935],[-75.75,46.2659],[-75.855,46.2372],[-76.025,46.2075],[-76.1329,46.175],[-76.1788,46.1397],[-76.196,46.0978],[-76.1845,46.0492],[-76.1866,46.0121],[-76.2022,45.9866],[-76.254,45.9518],[-76.342,45.9078],[-76.4717,45.858],[-76.6429,45.8022],[-76.7939,45.7697],[-76.9246,45.7606],[-77.0699,45.7361],[-77.2298,45.6964],[-77.3103,45.6696],[-77.3114,45.6556],[-77.3034,45.6451],[-77.2863,45.6381],[-77.1904,45.6172],[-77.0155,45.5822],[-76.9244,45.5577],[-76.9169,45.5437],[-76.9274,45.5307],[-76.9558,45.5188],[-77.05,45.52],[-77.21,45.5342],[-77.33,45.5399],[-77.41,45.5368],[-77.505,45.5228],[-77.615,45.4978],[-77.775,45.4716],[-77.985,45.444],[-78.115,45.4402],[-78.165,45.4601],[-78.21,45.4697],[-78.25,45.4692],[-78.301,45.4543],[-78.3629,45.4251],[-78.3986,45.3788],[-78.4081,45.3156],[-78.4321,45.2834],[-78.4707,45.2823],[-78.54,45.2703],[-78.64,45.2475],[-78.6972,45.241],[-78.7115,45.2508],[-78.7235,45.291],[-78.7333,45.3613],[-78.7211,45.4127],[-78.687,45.4454],[-78.635,45.4797],[-78.565,45.5158],[-78.52,45.5615],[-78.5,45.6168],[-78.45,45.682],[-78.37,45.7571],[-78.275,45.8303],[-78.165,45.9015],[-78.065,45.9508],[-77.975,45.9783],[-77.9084,46.0072],[-77.8651,46.0375],[-77.8051,46.0644],[-77.7284,46.0877],[-77.6743,46.0982],[-77.6429,46.0956],[-77.6229,46.0811],[-77.6143,46.0548],[-77.555,46.0296],[-77.445,46.0054],[-77.36,45.9931],[-77.3,45.9928],[-77.24,45.997],[-77.18,46.0057],[-77.1274,46.0276],[-77.0822,46.0628],[-76.9422,46.0877],[-76.7074,46.1022],[-76.55,46.1192],[-76.47,46.1387],[-76.4234,46.1557],[-76.4102,46.1702],[-76.4152,46.1868],[-76.4384,46.2054],[-76.5286,46.2227],[-76.6857,46.2387],[-76.7672,46.2501],[-76.773,46.257],[-76.7424,46.2778],[-76.6754,46.3123],[-76.6539,46.3422],[-76.678,46.3675],[-76.735,46.3771],[-76.825,46.3709],[-76.9035,46.379],[-76.9706,46.4013],[-76.9972,46.4227],[-76.9832,46.4434],[-76.9547,46.4602],[-76.9116,46.4732],[-76.865,46.4949],[-76.815,46.5252],[-76.705,46.558],[-76.535,46.5932],[-76.39,46.617],[-76.27,46.6293],[-76.13,46.6666],[-75.97,46.7289],[-75.84,46.7636],[-75.74,46.7708],[-75.6574,46.7903],[-75.5923,46.8222],[-75.5323,46.845],[-75.4774,46.8586],[-75.445,46.8651],[-75.435,46.8644],[-75.4231,46.8269],[-75.4093,46.7523],[-75.3693,46.7035],[-75.3031,46.6807],[-75.2,46.6967],[-75.06,46.7515],[-74.955,46.8162],[-74.885,46.8906],[-74.82,46.9335],[-74.76,46.9449],[-74.6957,46.9669],[-74.6272,46.9995],[-74.5843,47.026],[-74.5671,47.0465],[-74.5663,47.0626],[-74.5821,47.0743],[-74.64,47.0934],[-74.74,47.1199],[-74.83,47.1195],[-74.91,47.0922],[-74.97,47.0777],[-75.01,47.076],[-75.05,47.0875],[-75.09,47.1122],[-75.1279,47.128],[-75.1636,47.1349],[-75.1798,47.1452],[-75.1766,47.1588],[-75.1288,47.1786],[-75.0363,47.2047],[-74.92,47.2186],[-74.78,47.2203],[-74.6685,47.2412],[-74.5856,47.2813],[-74.5056,47.306],[-74.4285,47.3153],[-74.365,47.3391],[-74.315,47.3774],[-74.2836,47.41],[-74.2707,47.4369],[-74.2673,47.4605],[-74.2734,47.4808],[-74.2948,47.4974],[-74.3316,47.5104],[-74.3625,47.5273],[-74.3874,47.5481],[-74.4374,47.5667],[-74.5125,47.5832],[-74.565,47.5897],[-74.595,47.5863],[-74.63,47.575],[-74.67,47.5561],[-74.715,47.5488],[-74.765,47.5532],[-74.81,47.5476],[-74.85,47.5318],[-74.8804,47.5258],[-74.9013,47.5296],[-74.9213,47.5607],[-74.9404,47.619],[-74.96,47.6508],[-74.98,47.6561],[-75.01,47.6536],[-75.05,47.6432],[-75.0741,47.6417],[-75.0822,47.6492],[-75.0822,47.6578],[-75.0741,47.6676],[-75.05,47.6748],[-75.01,47.6794],[-74.975,47.6911],[-74.945,47.7099],[-74.915,47.7379],[-74.885,47.775],[-74.845,47.793],[-74.795,47.792],[-74.685,47.8206],[-74.515,47.8787],[-74.41,47.9075],[-74.37,47.907],[-74.33,47.9117],[-74.29,47.9215],[-74.2316,47.942],[-74.1549,47.9731],[-74.0299,48.0104],[-73.8566,48.0538],[-73.75,48.085],[-73.71,48.1041],[-73.605,48.1335],[-73.435,48.1731],[-73.305,48.2121],[-73.215,48.2504],[-73.13,48.2776],[-73.05,48.2937],[-73.01,48.2824],[-73.01,48.2438],[-73.0253,48.2157],[-73.0558,48.1979],[-73.0558,48.1953],[-73.0253,48.2077],[-72.97,48.2111],[-72.89,48.2054],[-72.8029,48.2125],[-72.7088,48.2324],[-72.6338,48.2247],[-72.5779,48.1893],[-72.53,48.1696],[-72.49,48.1657],[-72.45,48.1523],[-72.41,48.1293],[-72.38,48.1175],[-72.36,48.1171],[-72.335,48.1304],[-72.305,48.1574],[-72.26,48.1868],[-72.2,48.2186],[-72.15,48.2383],[-72.11,48.2458],[-72.0675,48.2611],[-72.0224,48.2841],[-71.9909,48.3255],[-71.973,48.3854],[-71.9905,48.4389],[-72.0435,48.4863],[-72.0698,48.5161],[-72.0695,48.5284],[-72.0145,48.5498],[-71.9048,48.5802],[-71.815,48.5967],[-71.745,48.5993],[-71.69,48.5929],[-71.65,48.5773],[-71.615,48.5698],[-71.585,48.5705],[-71.485,48.5964],[-71.315,48.6477],[-71.1708,48.6849],[-71.0525,48.7081],[-70.9925,48.7366],[-70.9908,48.7703],[-70.995,48.7922],[-71.005,48.8023],[-71.0207,48.8085],[-71.0422,48.8108],[-71.0222,48.8336],[-70.9607,48.8767],[-70.8979,48.9096],[-70.8337,48.9322],[-70.7754,48.9796],[-70.7229,49.0518],[-70.6975,49.0943],[-70.6991,49.1074],[-70.7074,49.117],[-70.7225,49.1231],[-70.76,49.126],[-70.82,49.1259],[-70.84,49.1387],[-70.82,49.1643],[-70.785,49.1818],[-70.735,49.1912],[-70.6648,49.2212],[-70.5743,49.2717],[-70.5075,49.3132],[-70.4643,49.3458],[-70.4307,49.3784],[-70.4067,49.4109],[-70.3988,49.4435],[-70.407,49.476],[-70.4058,49.5182],[-70.3954,49.5701],[-70.4101,49.6083],[-70.45,49.6327],[-70.49,49.6444],[-70.53,49.6434],[-70.5979,49.6247],[-70.6938,49.5883],[-70.7538,49.5709],[-70.7779,49.5727],[-70.7685,49.5954],[-70.7256,49.639],[-70.6441,49.6802],[-70.5242,49.719],[-70.4481,49.7578],[-70.4156,49.7966],[-70.3555,49.845],[-70.2677,49.903],[-70.2211,49.9384],[-70.2158,49.9513],[-70.2224,49.9641],[-70.2411,49.977],[-70.2513,49.9931],[-70.2529,50.0123],[-70.2577,50.0258],[-70.2659,50.0334],[-70.285,50.0365],[-70.315,50.0352],[-70.355,50.026],[-70.405,50.009],[-70.445,49.9879],[-70.475,49.9627],[-70.515,49.9518],[-70.565,49.9554],[-70.655,49.9393],[-70.785,49.9034],[-70.875,49.8731],[-70.925,49.8483],[-70.97,49.8334],[-71.01,49.8285],[-71.0421,49.83],[-71.0662,49.8378],[-71.0686,49.8611],[-71.0492,49.8997],[-71.0621,49.9228],[-71.1074,49.9304],[-71.243,49.895],[-71.4689,49.8165],[-71.588,49.7707],[-71.6002,49.7578],[-71.5922,49.7444],[-71.5641,49.7306],[-71.55,49.7173],[-71.55,49.7046],[-71.565,49.6977],[-71.595,49.6966],[-71.63,49.7052],[-71.67,49.7234],[-71.705,49.7328],[-71.735,49.7334],[-71.77,49.7248],[-71.81,49.7071],[-71.9,49.686],[-72.04,49.6616],[-72.155,49.631],[-72.245,49.5944],[-72.3351,49.5681],[-72.4253,49.5521],[-72.4772,49.5474],[-72.4907,49.5539],[-72.5007,49.5766],[-72.5073,49.6155],[-72.4948,49.6576],[-72.4631,49.7029],[-72.443,49.7519],[-72.4343,49.8047],[-72.4142,49.8434],[-72.3827,49.8681],[-72.3395,49.9158],[-72.2848,49.9866],[-72.2583,50.0348],[-72.26,50.0605],[-72.2003,50.1151],[-72.0793,50.1984],[-72.0403,50.2559],[-72.0834,50.2879],[-72.0812,50.3134],[-72.0337,50.3325],[-71.935,50.3582],[-71.785,50.3904],[-71.6771,50.4223],[-71.6113,50.4539],[-71.5513,50.4608],[-71.4971,50.4432],[-71.415,50.4406],[-71.305,50.4531],[-71.21,50.454],[-71.13,50.4433],[-71.04,50.4503],[-70.94,50.475],[-70.835,50.4906],[-70.725,50.4974],[-70.6492,50.5152],[-70.6076,50.5442],[-70.5852,50.5746],[-70.5819,50.6063],[-70.5538,50.6317],[-70.501,50.6507],[-70.4634,50.6758],[-70.4411,50.7068],[-70.4031,50.7385],[-70.3492,50.7707],[-70.3102,50.8058],[-70.2861,50.8437],[-70.1938,50.9005],[-70.0334,50.9762],[-69.8808,51.0391],[-69.736,51.0894],[-69.5402,51.1448],[-69.2934,51.2054],[-69.1526,51.243],[-69.1179,51.2576],[-69.049,51.2712],[-68.946,51.2837],[-68.8956,51.2837],[-68.8978,51.2712],[-68.9267,51.2605],[-68.9822,51.2517],[-69.0342,51.236],[-69.0826,51.2135],[-69.1072,51.1835],[-69.108,51.1459],[-69.1236,51.0988],[-69.1539,51.0422],[-69.2843,50.9392],[-69.5148,50.7894],[-69.6584,50.6881],[-69.7151,50.6357],[-69.7416,50.5968],[-69.738,50.5714],[-69.7096,50.5553],[-69.6565,50.5486],[-69.5885,50.574],[-69.5054,50.6315],[-69.4087,50.6824],[-69.2984,50.7268],[-69.231,50.7489],[-69.2065,50.7489],[-69.2135,50.7331],[-69.2519,50.7014],[-69.2725,50.6761],[-69.2753,50.6571],[-69.268,50.6412],[-69.2506,50.6285],[-69.2555,50.6031],[-69.2827,50.565],[-69.3648,50.4955],[-69.5016,50.3944],[-69.6182,50.3274],[-69.7147,50.2947],[-69.8336,50.2176],[-69.9749,50.0958],[-70.0417,50.0262],[-70.0339,50.0088],[-70.0069,49.9959],[-69.9607,49.9876],[-69.9583,49.9416],[-69.9996,49.8579],[-69.9977,49.814],[-69.9526,49.81],[-69.925,49.7966],[-69.915,49.7737],[-69.87,49.7647],[-69.79,49.7696],[-69.6564,49.8121],[-69.4691,49.892],[-69.3691,49.9656],[-69.3564,50.0328],[-69.3174,50.0906],[-69.2521,50.139],[-69.2046,50.1824],[-69.1749,50.2208],[-69.1561,50.2527],[-69.1482,50.2783],[-69.1487,50.3039],[-69.1575,50.3294],[-69.1407,50.3581],[-69.0982,50.39],[-69.0231,50.4665],[-68.9154,50.5873],[-68.855,50.6729],[-68.842,50.7236],[-68.7979,50.7869],[-68.7228,50.8627],[-68.6833,50.9131],[-68.6795,50.9384],[-68.6857,50.9593],[-68.7019,50.976],[-68.725,50.9878],[-68.755,50.9948],[-68.795,50.9937],[-68.845,50.9845],[-68.8727,50.9822],[-68.878,50.9866],[-68.8781,51.0139],[-68.8729,51.0642],[-68.852,51.1082],[-68.8156,51.1459],[-68.8021,51.1992],[-68.8117,51.268],[-68.7548,51.321],[-68.6316,51.358],[-68.49,51.3815],[-68.33,51.3915],[-68.2483,51.3917],[-68.245,51.3822],[-68.2682,51.3462],[-68.3178,51.2837],[-68.3444,51.2327],[-68.3481,51.1933],[-68.3721,51.1494],[-68.4164,51.101],[-68.4364,51.0658],[-68.4321,51.0438],[-68.4101,51.0218],[-68.3702,50.9998],[-68.3501,50.9762],[-68.3496,50.951],[-68.3868,50.9005],[-68.4616,50.8248],[-68.4881,50.7711],[-68.4664,50.7394],[-68.4541,50.7109],[-68.4512,50.6856],[-68.472,50.6349],[-68.5166,50.5587],[-68.5366,50.501],[-68.5322,50.462],[-68.5441,50.4174],[-68.5722,50.3673],[-68.587,50.3262],[-68.5884,50.2943],[-68.6336,50.2176],[-68.7226,50.0958],[-68.7675,50.0156],[-68.7683,49.977],[-68.7872,49.9352],[-68.8243,49.8901],[-68.8463,49.8482],[-68.8534,49.8095],[-68.8663,49.7772],[-68.8851,49.7514],[-68.8924,49.7287],[-68.8882,49.7093],[-68.8721,49.6854],[-68.844,49.6569],[-68.83,49.6293],[-68.83,49.6024],[-68.8519,49.5648],[-68.8958,49.5164],[-68.942,49.4402],[-68.9904,49.336],[-69.0306,49.2741],[-69.0627,49.2545],[-69.0789,49.2251],[-69.0794,49.1859],[-69.1414,49.1271],[-69.2649,49.0485],[-69.3375,48.9697],[-69.3592,48.8908],[-69.395,48.8588],[-69.445,48.8738],[-69.4841,48.8772],[-69.5123,48.8688],[-69.5259,48.8547],[-69.525,48.835],[-69.5159,48.8189],[-69.4986,48.8065],[-69.4623,48.7999],[-69.4069,48.7991],[-69.3833,48.7889],[-69.3915,48.7691],[-69.4192,48.7455],[-69.4664,48.718],[-69.5009,48.6883],[-69.5227,48.6564],[-69.5645,48.6239],[-69.6261,48.5908],[-69.6502,48.5525],[-69.6367,48.509],[-69.62,48.4813],[-69.6,48.4694],[-69.5639,48.4581],[-69.5116,48.4472],[-69.4814,48.4285],[-69.4734,48.402],[-69.4755,48.3754],[-69.4877,48.3488],[-69.5478,48.2826],[-69.6559,48.1767],[-69.735,48.1149],[-69.785,48.0972],[-69.8524,48.0568],[-69.9371,47.9935],[-70.0269,47.9451],[-70.122,47.9116],[-70.1788,47.8714],[-70.1975,47.8244],[-70.2374,47.7841],[-70.2985,47.7505],[-70.3543,47.705],[-70.4048,47.6475],[-70.45,47.6162],[-70.49,47.6109],[-70.535,47.612],[-70.585,47.6193],[-70.6393,47.6102],[-70.6979,47.5847],[-70.7943,47.518],[-70.9284,47.4098],[-71.0736,47.3082],[-71.2298,47.2132],[-71.3196,47.1486],[-71.3431,47.1146],[-71.3742,47.0839],[-71.4129,47.0567],[-71.4358,47.0158],[-71.4427,46.9612],[-71.4621,46.9187],[-71.494,46.8883],[-71.56,46.8657],[-71.66,46.8509],[-71.7229,46.8353],[-71.7486,46.819],[-71.7655,46.8006],[-71.7737,46.78],[-71.7702,46.7595],[-71.755,46.7389],[-71.738,46.724],[-71.7193,46.7146],[-71.69,46.71],[-71.65,46.7101],[-71.62,46.7025],[-71.6,46.6874],[-71.591,46.6474],[-71.5929,46.5826],[-71.6296,46.5192],[-71.7011,46.4572],[-71.7501,46.4243],[-71.7767,46.4206],[-71.805,46.426],[-71.835,46.4406],[-71.86,46.4454],[-71.88,46.4405],[-71.9084,46.4247],[-71.9452,46.3981],[-71.9752,46.3678],[-71.9984,46.3338],[-72.045,46.2965],[-72.115,46.256],[-72.157,46.2246],[-72.1709,46.2024],[-72.1759,46.186],[-72.172,46.1753],[-72.16,46.1675],[-72.14,46.1627],[-72.065,46.1744],[-71.935,46.2027],[-71.8572,46.207],[-71.8315,46.1873],[-71.8215,46.1696],[-71.8272,46.1539],[-71.875,46.1314],[-71.965,46.1019],[-72.0391,46.0716],[-72.0972,46.0405],[-72.1572,45.9981],[-72.2191,45.9446],[-72.29,45.9072],[-72.37,45.8862],[-72.4299,45.8747],[-72.4697,45.8728],[-72.5047,45.8836],[-72.5349,45.9071],[-72.57,45.9167],[-72.61,45.9125],[-72.665,45.92],[-72.735,45.9391],[-72.79,45.9452],[-72.83,45.9381],[-72.8884,45.912],[-72.9651,45.8667],[-73.0495,45.8022],[-73.1418,45.7185],[-73.1949,45.6591],[-73.2091,45.6242],[-73.2158,45.5752],[-73.2152,45.5121],[-73.2237,45.4702],[-73.2412,45.4495],[-73.3318,45.3828],[-73.4954,45.27],[-73.575,45.1994],[-73.5707,45.1712],[-73.5389,45.1431],[-73.4796,45.1151],[-73.37,45.1325],[-73.21,45.1953],[-73.075,45.2426],[-72.965,45.2745],[-72.8526,45.3205],[-72.7379,45.3805],[-72.6786,45.421],[-72.6748,45.442],[-72.6834,45.4631],[-72.7042,45.4841],[-72.6934,45.5193],[-72.6511,45.5687],[-72.5235,45.6387],[-72.3104,45.7292],[-72.1481,45.7708],[-72.0364,45.7639],[-71.9805,45.7499],[-71.9803,45.729],[-71.9876,45.7091],[-72.0025,45.6903],[-72.09,45.6327],[-72.25,45.5364],[-72.4036,45.4617],[-72.5507,45.4088],[-72.6635,45.3578],[-72.7421,45.3085],[-72.7885,45.2697],[-72.8028,45.2414],[-72.8622,45.1991],[-72.9666,45.1429],[-73.0711,45.0936],[-73.1758,45.0512],[-73.2686,45.0042],[-73.3495,44.9524],[-73.4053,44.9241],[-73.4358,44.9192],[-73.4704,44.9275],[-73.5089,44.9487],[-73.5736,44.9664],[-73.6645,44.9805],[-73.777,44.9592],[-73.9109,44.9026],[-74.0109,44.8687],[-74.077,44.8575],[-74.125,44.8434],[-74.155,44.8262],[-74.1977,44.8105],[-74.253,44.7963],[-74.293,44.7537],[-74.3176,44.6827],[-74.3249,44.6373],[-74.315,44.6178],[-74.27,44.6086],[-74.19,44.6097],[-74.12,44.6229],[-74.06,44.6483],[-74.0044,44.6469],[-73.9532,44.6186],[-73.9312,44.5973],[-73.9384,44.583],[-73.954,44.5707],[-73.978,44.5604],[-74.015,44.5555],[-74.065,44.5562],[-74.17,44.5424],[-74.33,44.5143],[-74.423,44.4906],[-74.4489,44.4714],[-74.4676,44.4404],[-74.4791,44.3975],[-74.5446,44.3403],[-74.6641,44.2688],[-74.7704,44.2389],[-74.8635,44.2509],[-74.945,44.2447],[-75.015,44.2203],[-75.0686,44.1857],[-75.1058,44.1407],[-75.1101,44.1038],[-75.0814,44.0751],[-75.0878,44.0482],[-75.1293,44.0232],[-75.17,44.007],[-75.21,43.9996],[-75.265,43.9812],[-75.335,43.9516],[-75.42,43.9413],[-75.52,43.9503],[-75.635,43.9482],[-75.765,43.9351],[-75.835,43.8937],[-75.845,43.8241],[-75.8615,43.7743],[-75.8844,43.7442],[-75.9337,43.7039],[-76.0093,43.6533],[-76.0374,43.6135],[-76.018,43.5845],[-76.0387,43.5615],[-76.0996,43.5444],[-76.144,43.5227],[-76.1719,43.4962],[-76.1769,43.4774],[-76.159,43.4662],[-76.11,43.4596],[-76.03,43.4575],[-75.9631,43.4377],[-75.9093,43.4001],[-75.8461,43.3704],[-75.7735,43.3486],[-75.7604,43.3016],[-75.8068,43.2294],[-75.895,43.2127],[-76.025,43.2514],[-76.18,43.2644],[-76.36,43.2518],[-76.485,43.2388],[-76.555,43.2254],[-76.6078,43.2011],[-76.6433,43.1659],[-76.7183,43.1473],[-76.8328,43.1453],[-76.9172,43.1489],[-76.9717,43.1582],[-77.0026,43.1592],[-77.0099,43.1519],[-77.0077,43.1431],[-76.9959,43.1327],[-76.97,43.1251],[-76.93,43.1202],[-76.9119,43.1072],[-76.9157,43.0859],[-76.9607,43.0679],[-77.0469,43.0532],[-77.165,43.0432],[-77.315,43.0379],[-77.4136,43.027],[-77.4609,43.0104],[-77.5026,42.9876],[-77.5389,42.9583],[-77.5721,42.9144],[-77.6022,42.8557],[-77.6121,42.8154],[-77.6016,42.7934],[-77.5726,42.7714],[-77.525,42.7493],[-77.5111,42.7236],[-77.5309,42.6942],[-77.5381,42.6675],[-77.5327,42.6434],[-77.545,42.6209],[-77.575,42.6],[-77.595,42.5733],[-77.605,42.5408],[-77.6229,42.5118],[-77.6488,42.4861],[-77.6488,42.4592],[-77.6229,42.4309],[-77.612,42.4125],[-77.6159,42.4038],[-77.6359,42.3925],[-77.672,42.3784],[-77.715,42.3687],[-77.765,42.3636],[-77.8061,42.3522],[-77.8383,42.3345],[-77.8579,42.3145],[-77.8649,42.2923],[-77.8517,42.2627],[-77.8184,42.2257],[-77.8238,42.2029],[-77.8679,42.1943],[-77.96,42.1902],[-78.1,42.1903],[-78.1871,42.1798],[-78.2213,42.1586],[-78.2373,42.1368],[-78.235,42.1145],[-78.2029,42.0933],[-78.141,42.0731],[-78.04,42.0635],[-77.9,42.0643],[-77.8287,42.0596],[-77.8262,42.0492],[-77.8912,42.0321],[-78.0237,42.0083],[-78.115,42.0016],[-78.165,42.012],[-78.215,42.0149],[-78.265,42.0103],[-78.31,42.0115],[-78.35,42.0184],[-78.415,42.0106],[-78.505,41.9881],[-78.585,41.979],[-78.655,41.9834],[-78.73,41.9791],[-78.81,41.9662],[-78.98,41.9647],[-79.24,41.9745],[-79.475,41.9718],[-79.685,41.9565],[-79.855,41.9638],[-79.985,41.9937],[-80.0842,42.0026],[-80.1526,41.9906],[-80.1776,41.9758],[-80.1592,41.9581],[-80.115,41.9405],[-80.045,41.9228],[-79.96,41.8936],[-79.86,41.8527],[-79.59,41.8215],[-79.15,41.7998],[-78.89,41.7736],[-78.81,41.7428],[-78.6982,41.7097],[-78.5546,41.6743],[-78.4802,41.6454],[-78.475,41.623],[-78.5326,41.5894],[-78.6529,41.5445],[-78.7207,41.5258],[-78.7361,41.5333],[-78.7515,41.552],[-78.7669,41.5819],[-78.8235,41.6112],[-78.9212,41.6397],[-78.9805,41.6659],[-79.0014,41.6896],[-79.0264,41.7075],[-79.0555,41.7195],[-79.135,41.7262],[-79.265,41.7276],[-79.385,41.7413],[-79.495,41.7673],[-79.5968,41.768],[-79.6903,41.7436],[-79.734,41.7239],[-79.7279,41.7089],[-79.6961,41.6837],[-79.6387,41.6481],[-79.58,41.6269],[-79.52,41.6202],[-79.425,41.5977],[-79.295,41.5594],[-79.195,41.5389],[-79.125,41.5362],[-79.06,41.5275],[-79.0,41.5129],[-78.9422,41.4872],[-78.8866,41.4505],[-78.8621,41.4246],[-78.8686,41.4096],[-78.8853,41.3946],[-78.9121,41.3796],[-78.9716,41.3712],[-79.0639,41.3693],[-79.135,41.3742],[-79.185,41.3861],[-79.23,41.3805],[-79.27,41.3575],[-79.3165,41.3488],[-79.3696,41.3543],[-79.4062,41.3646],[-79.4262,41.3796],[-79.4238,41.3946],[-79.399,41.4096],[-79.3878,41.4246],[-79.39,41.4396],[-79.4459,41.482],[-79.5553,41.5518],[-79.71,41.6067],[-79.91,41.6466],[-80.03,41.6661],[-80.07,41.6652],[-80.1383,41.6776],[-80.235,41.7035],[-80.345,41.7447],[-80.4683,41.8014],[-80.56,41.8238],[-80.62,41.8122],[-80.7,41.817],[-80.8,41.8382],[-80.8635,41.8605],[-80.8905,41.8837],[-80.9255,41.896],[-80.9685,41.8975],[-81.0038,41.9049],[-81.0315,41.9184],[-81.0267,41.9362]],[[-73.482,45.0281],[-73.4207,45.0526],[-73.3712,45.0597],[-73.3335,45.0493],[-73.3335,45.0343],[-73.3712,45.0145],[-73.4207,45.0074],[-73.482,45.0131],[-73.482,45.0281]],[[-78.7861,41.6635],[-78.722,41.6772],[-78.6513,41.6698],[-78.574,41.6411],[-78.549,41.62],[-78.5763,41.6064],[-78.605,41.5988],[-78.635,41.5972],[-78.692,41.6114],[-78.7761,41.6416],[-78.7861,41.6635]],[[-79.3513,41.5104],[-79.3504,41.517],[-79.27,41.5105],[-79.11,41.4906],[-79.0131,41.4723],[-78.9793,41.4555],[-78.9582,41.4396],[-78.9498,41.4246],[-78.9567,41.4093],[-78.9789,41.3938],[-79.02,41.3884],[-79.08,41.3931],[-79.125,41.4027],[-79.155,41.4172],[-79.195,41.4266],[-79.245,41.4311],[-79.2904,41.4517],[-79.3313,41.4886],[-79.3513,41.5104]],[[-80.8895,42.0528],[-80.8632,42.0703],[-80.775,42.0844],[-80.625,42.0951],[-80.53,42.1116],[-80.49,42.1341],[-80.43,42.141],[-80.35,42.1324],[-80.2927,42.1108],[-80.2582,42.0762],[-80.2616,42.0477],[-80.3029,42.0255],[-80.3243,42.0069],[-80.3258,41.992],[-80.2524,41.9518],[-80.1041,41.8863],[-79.9942,41.8193],[-79.9226,41.7507],[-79.8625,41.7052],[-79.8138,41.6828],[-79.7996,41.6707],[-79.8199,41.6689],[-79.845,41.676],[-79.875,41.692],[-79.915,41.7004],[-79.965,41.7013],[-80.0249,41.7203],[-80.0947,41.7575],[-80.1997,41.7929],[-80.3399,41.8266],[-80.45,41.8605],[-80.53,41.8946],[-80.625,41.9197],[-80.735,41.9358],[-80.8034,41.9504],[-80.8303,41.9633],[-80.8585,41.9883],[-80.888,42.0255],[-80.8895,42.0528]],[[-78.4748,42.6133],[-78.4687,42.628],[-78.4567,42.6385],[-78.4389,42.6447],[-78.4192,42.6373],[-78.3975,42.6164],[-78.3975,42.6004],[-78.4192,42.5892],[-78.442,42.5892],[-78.4659,42.6004],[-78.4748,42.6133]],[[-78.6869,43.0114],[-78.6623,43.0298],[-78.6,43.0394],[-78.5,43.0403],[-78.43,43.0369],[-78.39,43.0291],[-78.3618,43.0158],[-78.3455,42.997],[-78.3555,42.9822],[-78.3918,42.9716],[-78.475,42.9708],[-78.605,42.9799],[-78.6773,42.9889],[-78.6919,42.9977],[-78.6869,43.0114]],[[-78.3471,42.628],[-78.3358,42.6428],[-78.3201,42.6519],[-78.3,42.6554],[-78.28,42.6519],[-78.26,42.6414],[-78.2486,42.6286],[-78.2457,42.6135],[-78.2507,42.5972],[-78.2636,42.5795],[-78.28,42.5687],[-78.3,42.5647],[-78.3207,42.5772],[-78.3421,42.6062],[-78.3471,42.628]],[[-77.9428,43.2721],[-77.9209,43.2863],[-77.8868,43.2863],[-77.8403,43.2721],[-77.8403,43.2589],[-77.8868,43.2468],[-77.9209,43.2468],[-77.9428,43.2589],[-77.9428,43.2721]],[[-77.5582,43.2259],[-77.5394,43.2354],[-77.4998,43.2317],[-77.4393,43.215],[-77.4143,43.2025],[-77.4248,43.1943],[-77.4644,43.198],[-77.5332,43.2135],[-77.5582,43.2259]],[[-76.9928,43.6776],[-76.9776,43.6899],[-76.9427,43.6972],[-76.8881,43.6993],[-76.8831,43.6882],[-76.9277,43.664],[-76.9626,43.6568],[-76.9878,43.6665],[-76.9928,43.6776]],[[-77.0993,43.4358],[-77.0815,43.4576],[-77.0419,43.4738],[-76.9806,43.4843],[-76.9311,43.4988],[-76.8933,43.5173],[-76.8613,43.541],[-76.8352,43.57],[-76.8091,43.5856],[-76.783,43.5878],[-76.7613,43.5842],[-76.744,43.5747],[-76.774,43.5426],[-76.8513,43.4878],[-76.93,43.4471],[-77.01,43.4207],[-77.0645,43.4118],[-77.0936,43.4206],[-77.0993,43.4358]],[[-76.5449,43.6665],[-76.495,43.6857],[-76.46,43.6953],[-76.44,43.6951],[-76.4228,43.6891],[-76.4083,43.6773],[-76.4083,43.6651],[-76.4228,43.6526],[-76.45,43.6411],[-76.49,43.6308],[-76.52,43.6268],[-76.54,43.6292],[-76.555,43.637],[-76.5649,43.6503],[-76.5449,43.6665]],[[-77.1906,45.5712],[-77.1502,45.5841],[-77.0968,45.5806],[-77.0303,45.5607],[-77.0003,45.5466],[-77.0068,45.5386],[-77.04,45.5342],[-77.1,45.5335],[-77.1502,45.541],[-77.1906,45.5568],[-77.1906,45.5712]],[[-77.7152,45.5964],[-77.7117,45.6039],[-77.7036,45.6039],[-77.6907,45.5964],[-77.6925,45.5927],[-77.7088,45.5927],[-77.7152,45.5964]],[[-77.0613,45.9172],[-77.0404,45.9242],[-77.0274,45.9242],[-77.0222,45.9172],[-77.0272,45.911],[-77.0424,45.9057],[-77.0554,45.9057],[-77.0663,45.911],[-77.0613,45.9172]],[[-76.7529,46.4703],[-76.7376,46.4758],[-76.7225,46.4758],[-76.7075,46.4703],[-76.7075,46.4638],[-76.7225,46.4565],[-76.7376,46.4565],[-76.7529,46.4638],[-76.7529,46.4703]],[[-76.6292,46.5364],[-76.5615,46.5639],[-76.4982,46.5826],[-76.4394,46.5925],[-76.36,46.5903],[-76.26,46.576],[-76.19,46.5607],[-76.15,46.5445],[-76.1,46.5451],[-76.04,46.5625],[-75.99,46.5644],[-75.95,46.5508],[-75.9068,46.5283],[-75.8605,46.497],[-75.8355,46.4658],[-75.8318,46.4347],[-75.785,46.4183],[-75.695,46.4169],[-75.6326,46.4083],[-75.5978,46.3926],[-75.6228,46.3673],[-75.7076,46.3324],[-75.77,46.315],[-75.81,46.3152],[-75.843,46.305],[-75.869,46.2846],[-75.899,46.2685],[-75.933,46.257],[-75.98,46.252],[-76.04,46.2536],[-76.1,46.2619],[-76.16,46.277],[-76.218,46.282],[-76.2741,46.2769],[-76.3104,46.2778],[-76.3271,46.2847],[-76.3332,46.2916],[-76.3286,46.2985],[-76.2972,46.3038],[-76.2391,46.3074],[-76.1519,46.3212],[-76.0356,46.3452],[-75.9827,46.3779],[-75.9934,46.4193],[-76.0915,46.4342],[-76.2772,46.4227],[-76.385,46.4256],[-76.415,46.443],[-76.445,46.4469],[-76.475,46.4375],[-76.51,46.4338],[-76.55,46.4357],[-76.5765,46.4409],[-76.5895,46.4495],[-76.5911,46.4606],[-76.5812,46.4744],[-76.598,46.4916],[-76.6414,46.5123],[-76.6292,46.5364]],[[-76.1188,46.6292],[-76.0968,46.6498],[-76.0468,46.6683],[-75.9689,46.6847],[-75.91,46.7051],[-75.87,46.7294],[-75.8295,46.7383],[-75.7884,46.7319],[-75.8284,46.6963],[-75.9495,46.6315],[-76.0399,46.604],[-76.0998,46.6139],[-76.1188,46.6292]],[[-75.6428,46.5417],[-75.6209,46.5525],[-75.5926,46.556],[-75.5578,46.5521],[-75.5416,46.5467],[-75.5442,46.5398],[-75.5616,46.5339],[-75.5939,46.5288],[-75.6209,46.5288],[-75.6428,46.5339],[-75.6428,46.5417]],[[-75.0344,47.1242],[-75.0048,47.1503],[-74.9734,47.1537],[-74.9402,47.1344],[-74.9402,47.1169],[-74.9734,47.1013],[-75.0048,47.0979],[-75.0344,47.1067],[-75.0344,47.1242]],[[-74.6347,47.1464],[-74.6182,47.1625],[-74.58,47.176],[-74.52,47.1869],[-74.47,47.1917],[-74.43,47.1903],[-74.3959,47.1836],[-74.3677,47.1716],[-74.362,47.1588],[-74.3786,47.1452],[-74.4077,47.135],[-74.4492,47.1281],[-74.505,47.1247],[-74.575,47.1248],[-74.6182,47.1282],[-74.6347,47.135],[-74.6347,47.1464]],[[-74.5159,47.6586],[-74.512,47.67],[-74.505,47.6739],[-74.495,47.6702],[-74.49,47.6631],[-74.49,47.6525],[-74.497,47.6486],[-74.5109,47.6515],[-74.5159,47.6586]],[[-74.3675,47.6563],[-74.3518,47.6899],[-74.3454,47.7245],[-74.3485,47.7601],[-74.32,47.8065],[-74.26,47.8638],[-74.185,47.9151],[-74.095,47.9605],[-74.0,47.988],[-73.9,47.9976],[-73.8067,48.0124],[-73.7201,48.0322],[-73.6151,48.0466],[-73.4917,48.0555],[-73.4254,48.0555],[-73.4163,48.0466],[-73.4217,48.0288],[-73.4416,48.002],[-73.4483,47.9853],[-73.4418,47.9786],[-73.3764,47.9709],[-73.2521,47.9622],[-73.1749,47.9455],[-73.1446,47.9207],[-73.0896,47.8984],[-73.0099,47.8787],[-72.95,47.8687],[-72.91,47.8682],[-72.9174,47.8445],[-72.9723,47.7975],[-73.0009,47.7606],[-73.003,47.7337],[-73.0156,47.708],[-73.0385,47.6837],[-73.145,47.6438],[-73.335,47.5885],[-73.4473,47.5636],[-73.4818,47.5692],[-73.5003,47.5922],[-73.5027,47.6327],[-73.4854,47.6633],[-73.4485,47.6842],[-73.39,47.7042],[-73.31,47.7231],[-73.2631,47.7396],[-73.2492,47.7536],[-73.2492,47.7622],[-73.2631,47.7654],[-73.2913,47.7654],[-73.3339,47.7622],[-73.4039,47.7478],[-73.5013,47.7221],[-73.575,47.7165],[-73.625,47.7309],[-73.6552,47.7369],[-73.6657,47.7348],[-73.6707,47.7235],[-73.6702,47.7032],[-73.68,47.6983],[-73.7,47.7089],[-73.725,47.7136],[-73.755,47.7122],[-73.8,47.7081],[-73.86,47.7011],[-73.915,47.6878],[-73.965,47.6681],[-74.015,47.6638],[-74.065,47.6751],[-74.135,47.6619],[-74.225,47.6242],[-74.2856,47.6072],[-74.3169,47.6107],[-74.3433,47.6192],[-74.3647,47.6327],[-74.3675,47.6563]],[[-70.9969,49.874],[-70.978,49.8869],[-70.9551,49.8933],[-70.9284,49.8933],[-70.9238,49.8858],[-70.9413,49.8707],[-70.9641,49.8643],[-70.9923,49.8664],[-70.9969,49.874]],[[-70.0567,50.6237],[-70.0256,50.652],[-69.985,50.6691],[-69.935,50.6749],[-69.87,50.6978],[-69.79,50.7379],[-69.7371,50.7557],[-69.7113,50.7512],[-69.7066,50.7363],[-69.723,50.7109],[-69.7559,50.6814],[-69.8053,50.6477],[-69.8906,50.6255],[-70.0117,50.6148],[-70.0567,50.6237]],[[-69.4108,50.6505],[-69.3969,50.6564],[-69.3866,50.6564],[-69.3798,50.6505],[-69.3848,50.6446],[-69.4016,50.6386],[-69.4119,50.6386],[-69.4158,50.6446],[-69.4108,50.6505]],[[-75.0038,46.1463],[-74.9889,46.1671],[-74.9359,46.1948],[-74.845,46.2294],[-74.7622,46.2665],[-74.6874,46.3063],[-74.565,46.3546],[-74.395,46.4115],[-74.2519,46.4951],[-74.1355,46.6051],[-74.0455,46.6671],[-73.9818,46.6813],[-73.9244,46.7156],[-73.8733,46.77],[-73.8501,46.8143],[-73.8547,46.8485],[-73.8417,46.8861],[-73.8112,46.9271],[-73.7545,46.945],[-73.6715,46.94],[-73.6147,46.9503],[-73.5841,46.9758],[-73.5041,47.021],[-73.3747,47.0858],[-73.29,47.1364],[-73.25,47.1727],[-73.175,47.2174],[-73.065,47.2703],[-72.9918,47.3149],[-72.9555,47.3511],[-72.9574,47.3759],[-72.9974,47.3895],[-73.0256,47.4146],[-73.0419,47.4512],[-73.071,47.4715],[-73.1129,47.4754],[-73.1346,47.4842],[-73.1359,47.4977],[-73.1228,47.518],[-73.0954,47.545],[-73.0538,47.5633],[-72.9979,47.5728],[-72.935,47.5643],[-72.865,47.5375],[-72.795,47.5449],[-72.725,47.5863],[-72.6313,47.6286],[-72.514,47.6717],[-72.4512,47.7034],[-72.443,47.7236],[-72.4266,47.7424],[-72.4022,47.7599],[-72.375,47.7699],[-72.345,47.7723],[-72.315,47.7834],[-72.285,47.8032],[-72.245,47.8163],[-72.195,47.8226],[-72.085,47.8718],[-71.915,47.9639],[-71.76,48.0251],[-71.62,48.0556],[-71.51,48.0973],[-71.43,48.1499],[-71.36,48.1836],[-71.3,48.1983],[-71.2491,48.2182],[-71.2073,48.2432],[-71.1818,48.2623],[-71.1726,48.2757],[-71.18,48.2923],[-71.2039,48.3122],[-71.2144,48.3392],[-71.2115,48.3731],[-71.2392,48.3898],[-71.2977,48.389],[-71.3327,48.3816],[-71.3442,48.3675],[-71.405,48.3607],[-71.515,48.3611],[-71.5872,48.3649],[-71.6216,48.3719],[-71.637,48.382],[-71.6334,48.3953],[-71.6234,48.4053],[-71.607,48.4119],[-71.5616,48.4185],[-71.4872,48.4249],[-71.4371,48.4481],[-71.4112,48.4881],[-71.406,48.518],[-71.4214,48.5379],[-71.4146,48.5577],[-71.3856,48.5776],[-71.3008,48.6027],[-71.1603,48.633],[-71.05,48.6442],[-70.97,48.6364],[-70.9069,48.6411],[-70.8608,48.6583],[-70.8258,48.6766],[-70.8019,48.6961],[-70.7907,48.6961],[-70.792,48.6766],[-70.787,48.6634],[-70.7757,48.6565],[-70.75,48.6612],[-70.71,48.6775],[-70.665,48.6887],[-70.615,48.6949],[-70.5596,48.7166],[-70.4988,48.7538],[-70.4388,48.7744],[-70.3796,48.7785],[-70.34,48.7847],[-70.32,48.7932],[-70.2817,48.8307],[-70.2252,48.8971],[-70.1948,48.9632],[-70.1907,49.0288],[-70.1772,49.1009],[-70.1543,49.1794],[-70.116,49.2382],[-70.0623,49.2774],[-70.0338,49.3132],[-70.0305,49.3458],[-70.0173,49.3719],[-69.9943,49.3914],[-69.9645,49.403],[-69.9282,49.4067],[-69.8873,49.3969],[-69.8419,49.3737],[-69.8142,49.3556],[-69.8043,49.3426],[-69.802,49.3198],[-69.8073,49.2872],[-69.7944,49.2676],[-69.7631,49.2611],[-69.7404,49.2382],[-69.7263,49.199],[-69.7119,49.1756],[-69.6973,49.168],[-69.645,49.1776],[-69.555,49.2046],[-69.47,49.2428],[-69.39,49.2923],[-69.335,49.3171],[-69.305,49.3172],[-69.2878,49.3089],[-69.2835,49.2922],[-69.297,49.2708],[-69.3283,49.2447],[-69.3485,49.2121],[-69.3575,49.1729],[-69.349,49.1464],[-69.323,49.1328],[-69.3077,49.1197],[-69.3031,49.1072],[-69.38,49.055],[-69.5384,48.9632],[-69.6284,48.8613],[-69.65,48.7493],[-69.703,48.6635],[-69.7871,48.6041],[-69.837,48.5412],[-69.8524,48.4749],[-69.893,48.4351],[-69.9586,48.4219],[-69.9907,48.4053],[-69.9893,48.3854],[-70.0157,48.3355],[-70.07,48.2557],[-70.0985,48.199],[-70.1013,48.1657],[-70.1201,48.139],[-70.1549,48.119],[-70.1777,48.0956],[-70.1885,48.0689],[-70.2229,48.0445],[-70.281,48.0223],[-70.3218,47.9956],[-70.3454,47.9642],[-70.3654,47.9466],[-70.3818,47.9428],[-70.44,47.9544],[-70.54,47.9813],[-70.66,47.984],[-70.8,47.9626],[-70.91,47.9525],[-70.99,47.9537],[-71.0439,47.9495],[-71.0717,47.9399],[-71.0917,47.925],[-71.1039,47.9048],[-71.085,47.886],[-71.035,47.8685],[-70.9959,47.8451],[-70.9677,47.8156],[-70.9627,47.7953],[-70.9809,47.784],[-71.0336,47.774],[-71.1208,47.765],[-71.1607,47.7505],[-71.1531,47.7303],[-71.1623,47.7034],[-71.1884,47.6697],[-71.2061,47.6293],[-71.2152,47.5821],[-71.2286,47.545],[-71.2462,47.518],[-71.2438,47.4939],[-71.2213,47.4729],[-71.1813,47.4594],[-71.1238,47.4534],[-71.0937,47.4436],[-71.091,47.4301],[-71.1247,47.3933],[-71.1949,47.3332],[-71.265,47.2826],[-71.335,47.2416],[-71.445,47.1643],[-71.595,47.0505],[-71.685,46.9919],[-71.715,46.9888],[-71.74,46.9991],[-71.76,47.0228],[-71.795,47.0176],[-71.845,46.9834],[-71.9,46.9653],[-71.96,46.9633],[-71.995,46.9552],[-72.0051,46.941],[-72.0069,46.9168],[-72.0004,46.8827],[-72.0454,46.8501],[-72.1418,46.8192],[-72.25,46.7635],[-72.37,46.6829],[-72.59,46.5831],[-72.91,46.4639],[-73.125,46.3723],[-73.235,46.3085],[-73.375,46.2496],[-73.545,46.1957],[-73.685,46.17],[-73.795,46.1724],[-73.86,46.1832],[-73.88,46.2025],[-73.95,46.2006],[-74.07,46.1775],[-74.1655,46.1481],[-74.2366,46.1122],[-74.2966,46.0715],[-74.3455,46.026],[-74.405,45.9908],[-74.475,45.9658],[-74.5801,45.9677],[-74.7204,45.9966],[-74.7404,46.0527],[-74.6403,46.1359],[-74.5902,46.1852],[-74.5901,46.2008],[-74.62,46.2073],[-74.68,46.2046],[-74.76,46.1846],[-74.86,46.1472],[-74.93,46.1268],[-74.97,46.1233],[-74.9953,46.1251],[-75.006,46.1323],[-75.0038,46.1463]],[[-69.6706,49.4323],[-69.6569,49.4425],[-69.645,49.4464],[-69.635,49.4438],[-69.64,49.4357],[-69.66,49.422],[-69.6719,49.4182],[-69.6756,49.4242],[-69.6706,49.4323]],[[-69.4805,49.7812],[-69.4735,49.7892],[-69.4579,49.7925],[-69.4337,49.7909],[-69.4287,49.7824],[-69.4429,49.767],[-69.4585,49.7637],[-69.4755,49.7727],[-69.4805,49.7812]],[[-69.245,49.9673],[-69.2302,49.9866],[-69.2046,50.0022],[-69.1682,50.0142],[-69.135,50.0208],[-69.105,50.022],[-69.0614,50.016],[-69.0041,50.0029],[-68.9948,49.977],[-69.0334,49.9384],[-69.0771,49.9089],[-69.1257,49.8886],[-69.1698,49.8822],[-69.2095,49.8896],[-69.2351,49.9094],[-69.2466,49.9416],[-69.245,49.9673]],[[-79.5544,42.2072],[-79.4882,42.2368],[-79.3538,42.2552],[-79.1513,42.2623],[-79.0374,42.2771],[-79.0123,42.2996],[-78.9474,42.3219],[-78.8428,42.3441],[-78.7964,42.3663],[-78.8082,42.3884],[-78.7745,42.418],[-78.6954,42.4549],[-78.6298,42.4733],[-78.5775,42.4733],[-78.5511,42.4609],[-78.5504,42.436],[-78.52,42.4186],[-78.46,42.4086],[-78.4227,42.4063],[-78.408,42.4116],[-78.4172,42.4327],[-78.4503,42.4696],[-78.4527,42.4961],[-78.4242,42.5122],[-78.398,42.5159],[-78.3739,42.5072],[-78.3566,42.4881],[-78.3461,42.4586],[-78.3494,42.4364],[-78.3665,42.4217],[-78.3728,42.4032],[-78.3681,42.3811],[-78.4118,42.3734],[-78.5039,42.3804],[-78.5788,42.373],[-78.6364,42.3513],[-78.6564,42.3233],[-78.6388,42.2889],[-78.5929,42.2705],[-78.5186,42.2678],[-78.4735,42.2627],[-78.4577,42.2553],[-78.4797,42.2405],[-78.5395,42.2183],[-78.6646,42.1922],[-78.8549,42.1623],[-78.99,42.1523],[-79.07,42.1623],[-79.175,42.1628],[-79.305,42.154],[-79.405,42.1574],[-79.475,42.173],[-79.525,42.1779],[-79.555,42.172],[-79.5744,42.1749],[-79.5831,42.1866],[-79.5544,42.2072]],[[-74.0554,47.5805],[-74.0385,47.5977],[-74.0113,47.601],[-73.974,47.5907],[-73.969,47.5761],[-73.9963,47.5572],[-74.02,47.5489],[-74.04,47.5513],[-74.0535,47.5573],[-74.0604,47.5671],[-74.0554,47.5805]],[[-73.9137,47.5762],[-73.8979,47.5847],[-73.884,47.5847],[-73.8719,47.5762],[-73.8719,47.5677],[-73.884,47.5591],[-73.8979,47.5591],[-73.9137,47.5677],[-73.9137,47.5762]],[[-74.12,47.1348],[-74.06,47.1819],[-74.0,47.2127],[-73.94,47.2271],[-73.8887,47.2341],[-73.8461,47.2337],[-73.8079,47.2539],[-73.7742,47.2946],[-73.7555,47.3273],[-73.7518,47.3519],[-73.73,47.3665],[-73.69,47.3712],[-73.6922,47.3386],[-73.7367,47.2686],[-73.752,47.22],[-73.7383,47.1928],[-73.7404,47.169],[-73.7583,47.1486],[-73.8279,47.1228],[-73.9493,47.0918],[-74.025,47.077],[-74.055,47.0787],[-74.09,47.0874],[-74.13,47.1032],[-74.12,47.1348]],[[-70.2738,50.1439],[-70.2471,50.1824],[-70.2328,50.2122],[-70.2309,50.2334],[-70.215,50.2408],[-70.185,50.2343],[-70.07,50.2737],[-69.87,50.3589],[-69.73,50.4075],[-69.65,50.4194],[-69.57,50.4514],[-69.49,50.5036],[-69.425,50.5366],[-69.375,50.5505],[-69.3523,50.5514],[-69.3568,50.5393],[-69.3768,50.522],[-69.4123,50.4996],[-69.555,50.4215],[-69.805,50.2876],[-70.005,50.1929],[-70.155,50.1377],[-70.24,50.1091],[-70.26,50.1073],[-70.2743,50.1109],[-70.2829,50.1201],[-70.2738,50.1439]],[[-74.6575,45.6967],[-74.6125,45.7368],[-74.55,45.7606],[-74.47,45.768],[-74.4233,45.7689],[-74.4098,45.7632],[-74.4398,45.7386],[-74.5133,45.695],[-74.575,45.668],[-74.625,45.6575],[-74.6575,45.6584],[-74.6725,45.6705],[-74.6575,45.6967]],[[-73.8477,45.9519],[-73.8347,45.9728],[-73.8136,45.9887],[-73.7845,45.9996],[-73.755,46.0045],[-73.725,46.0034],[-73.705,45.998],[-73.6951,45.9881],[-73.6957,45.9728],[-73.7068,45.9519],[-73.7267,45.9337],[-73.7556,45.9183],[-73.7826,45.9113],[-73.8078,45.9129],[-73.8289,45.9206],[-73.8457,45.9345],[-73.8477,45.9519]],[[-73.54,45.938],[-73.4268,46.0145],[-73.3371,46.0839],[-73.2706,46.1463],[-73.1556,46.2153],[-72.9919,46.2909],[-72.86,46.3387],[-72.76,46.3587],[-72.6971,46.3762],[-72.6712,46.3911],[-72.6443,46.3951],[-72.6162,46.3882],[-72.7092,46.3164],[-72.9231,46.1795],[-73.075,46.0966],[-73.165,46.0682],[-73.25,46.0295],[-73.33,45.9806],[-73.4266,45.9421],[-73.5399,45.9139],[-73.54,45.938]],[[-72.5105,46.4147],[-72.4968,46.447],[-72.455,46.4769],[-72.385,46.5044],[-72.32,46.5422],[-72.26,46.5903],[-72.2178,46.6121],[-72.1934,46.6074],[-72.1757,46.5982],[-72.1649,46.5845],[-72.1671,46.5692],[-72.1824,46.5524],[-72.22,46.5311],[-72.28,46.5055],[-72.33,46.4773],[-72.37,46.4464],[-72.415,46.4218],[-72.465,46.4035],[-72.4968,46.3954],[-72.5105,46.3975],[-72.5105,46.4147]],[[-71.8791,46.8827],[-71.8566,46.9168],[-71.8365,46.9359],[-71.8188,46.9398],[-71.815,46.9251],[-71.825,46.8917],[-71.84,46.8708],[-71.86,46.8624],[-71.8751,46.86],[-71.8852,46.8637],[-71.8791,46.8827]],[[-69.3077,49.7298],[-69.2426,49.79],[-69.19,49.8211],[-69.15,49.8232],[-69.1139,49.8157],[-69.0816,49.7987],[-69.0664,49.7707],[-69.0683,49.732],[-69.0748,49.7093],[-69.0861,49.7029],[-69.1363,49.6905],[-69.2254,49.6722],[-69.2831,49.6657],[-69.3093,49.6711],[-69.3269,49.6802],[-69.3358,49.6932],[-69.3077,49.7298]],[[-76.0486,44.8318],[-75.9942,44.8885],[-75.9228,44.9297],[-75.8343,44.9556],[-75.6177,45.0369],[-75.2731,45.1735],[-75.0705,45.2628],[-75.01,45.305],[-74.9036,45.3437],[-74.7511,45.3788],[-74.6787,45.4013],[-74.6862,45.4111],[-74.715,45.4173],[-74.765,45.42],[-74.815,45.4149],[-74.865,45.4019],[-74.8994,45.4027],[-74.9182,45.4172],[-74.932,45.4385],[-74.9408,45.4666],[-74.9409,45.4876],[-74.9322,45.5016],[-74.9172,45.5192],[-74.8957,45.5402],[-74.8563,45.5629],[-74.7988,45.5874],[-74.75,45.5909],[-74.71,45.5734],[-74.65,45.5657],[-74.57,45.568],[-74.515,45.5779],[-74.485,45.5955],[-74.4664,45.6153],[-74.4593,45.6375],[-74.4443,45.653],[-74.4214,45.6619],[-74.395,45.6567],[-74.365,45.6376],[-74.35,45.6122],[-74.3499,45.5805],[-74.3399,45.5598],[-74.32,45.5501],[-74.29,45.5464],[-74.25,45.5487],[-74.195,45.5649],[-74.125,45.5952],[-74.05,45.605],[-73.97,45.5942],[-73.9194,45.5828],[-73.8981,45.5707],[-73.8831,45.5517],[-73.8744,45.5258],[-73.855,45.5083],[-73.825,45.4991],[-73.785,45.4967],[-73.735,45.501],[-73.695,45.484],[-73.665,45.4456],[-73.59,45.4454],[-73.47,45.4833],[-73.395,45.5023],[-73.365,45.5023],[-73.3412,45.4969],[-73.3237,45.486],[-73.3268,45.4666],[-73.3506,45.4385],[-73.4194,45.3943],[-73.5331,45.334],[-73.645,45.2986],[-73.755,45.2884],[-73.8183,45.294],[-73.8348,45.3154],[-73.8576,45.3296],[-73.8865,45.3367],[-73.8891,45.3542],[-73.8655,45.3823],[-73.8678,45.3989],[-73.8959,45.4039],[-73.93,45.402],[-73.97,45.3933],[-74.01,45.3932],[-74.05,45.4017],[-74.1943,45.3579],[-74.4428,45.2617],[-74.5766,45.2029],[-74.5958,45.1818],[-74.6075,45.1501],[-74.6117,45.1077],[-74.6529,45.0654],[-74.7311,45.023],[-74.7681,44.9947],[-74.764,44.9805],[-74.7489,44.9682],[-74.723,44.9577],[-74.68,44.9504],[-74.62,44.9461],[-74.545,44.9482],[-74.455,44.9567],[-74.335,44.9827],[-74.185,45.0261],[-74.0387,45.0504],[-73.896,45.0557],[-73.8317,45.0442],[-73.8459,45.0159],[-73.9072,44.9817],[-74.0157,44.9417],[-74.1,44.9036],[-74.16,44.8676],[-74.2011,44.8487],[-74.2232,44.8469],[-74.2369,44.8531],[-74.2421,44.8672],[-74.216,44.8836],[-74.1587,44.9021],[-74.1275,44.9163],[-74.1226,44.9261],[-74.1276,44.9366],[-74.1425,44.9479],[-74.17,44.9573],[-74.21,44.9649],[-74.32,44.9332],[-74.5,44.862],[-74.6569,44.8171],[-74.7906,44.7985],[-74.8672,44.7857],[-74.8866,44.7786],[-74.8925,44.7679],[-74.8849,44.7537],[-74.8883,44.7412],[-74.9028,44.7305],[-74.955,44.718],[-75.045,44.7036],[-75.145,44.6749],[-75.255,44.6318],[-75.355,44.6038],[-75.445,44.5908],[-75.53,44.5715],[-75.61,44.5458],[-75.6644,44.5366],[-75.6932,44.5438],[-75.7032,44.5539],[-75.6944,44.567],[-75.6696,44.5777],[-75.6287,44.586],[-75.583,44.6115],[-75.5326,44.6542],[-75.4536,44.6969],[-75.3458,44.7395],[-75.3065,44.765],[-75.3355,44.7735],[-75.39,44.7779],[-75.47,44.7782],[-75.54,44.7865],[-75.6,44.8027],[-75.68,44.812],[-75.78,44.8142],[-75.875,44.8092],[-75.965,44.7972],[-76.0265,44.7942],[-76.0594,44.8003],[-76.0486,44.8318]],[[-73.6331,45.7222],[-73.631,45.7295],[-73.6049,45.7365],[-73.5548,45.7431],[-73.5348,45.7416],[-73.5449,45.7321],[-73.571,45.7251],[-73.6131,45.7207],[-73.6331,45.7222]],[[-76.2194,44.3296],[-76.2026,44.3511],[-76.1782,44.3696],[-76.1461,44.3853],[-76.04,44.4085],[-75.86,44.4392],[-75.73,44.4553],[-75.65,44.4566],[-75.57,44.4667],[-75.49,44.4857],[-75.41,44.4951],[-75.33,44.4949],[-75.26,44.5062],[-75.2,44.529],[-75.13,44.5353],[-75.05,44.5251],[-74.985,44.5216],[-74.935,44.5248],[-74.895,44.5161],[-74.865,44.4955],[-74.82,44.4762],[-74.76,44.4581],[-74.7101,44.4273],[-74.6702,44.3836],[-74.6702,44.3505],[-74.7101,44.3279],[-74.755,44.3126],[-74.805,44.3048],[-74.859,44.309],[-74.9171,44.3251],[-74.9771,44.3492],[-75.039,44.3813],[-75.11,44.4062],[-75.19,44.4239],[-75.375,44.4052],[-75.665,44.3501],[-75.85,44.3221],[-75.93,44.3212],[-76.02,44.312],[-76.12,44.2946],[-76.1844,44.2941],[-76.2133,44.3106],[-76.2194,44.3296]],[[-73.7233,45.077],[-73.7144,45.0863],[-73.69,45.0934],[-73.65,45.0985],[-73.6199,45.0975],[-73.5998,45.0902],[-73.5998,45.0823],[-73.6199,45.0739],[-73.6544,45.0703],[-73.7033,45.0717],[-73.7233,45.077]],[[-76.3253,44.0068],[-76.3071,44.0428],[-76.2742,44.0715],[-76.2266,44.0931],[-76.1796,44.1223],[-76.1332,44.1593],[-76.045,44.1836],[-75.915,44.1953],[-75.8239,44.1912],[-75.7718,44.1712],[-75.7619,44.1505],[-75.7941,44.129],[-75.8534,44.1074],[-75.9398,44.0859],[-76.0147,44.0599],[-76.0782,44.0296],[-76.155,44.0038],[-76.245,43.9824],[-76.3011,43.976],[-76.3233,43.9845],[-76.3253,44.0068]]]}},{"type":"Feature","properties":{"c":"#00fb90","v0":0.05,"v1":0.25},"geometry":{"type":"Polygon","coordinates":[[[-72.1022,50.5682],[-72.0856,50.5873],[-72.0805,50.6084],[-72.0868,50.6316],[-72.075,50.6593],[-72.045,50.6916],[-72.0094,50.7149],[-71.9681,50.7291],[-71.9358,50.7457],[-71.9125,50.7647],[-71.8549,50.7805],[-71.7628,50.7932],[-71.7236,50.7869],[-71.7375,50.7616],[-71.7408,50.7392],[-71.7336,50.7196],[-71.7806,50.6911],[-71.8819,50.6536],[-71.9379,50.6158],[-71.9488,50.5778],[-71.9831,50.5531],[-72.041,50.542],[-72.0801,50.542],[-72.1004,50.5531],[-72.1022,50.5682]]]}},{"type":"Feature","properties":{"c":"#00fb90","v0":0.05,"v1":0.25},"geometry":{"type":"Polygon","coordinates":[[[-68.0518,50.5876],[-68.0506,50.5945],[-68.041,50.5977],[-68.023,50.5971],[-68.018,50.5925],[-68.026,50.5839],[-68.0356,50.5807],[-68.0468,50.583],[-68.0518,50.5876]]]}},{"type":"Feature","properties":{"c":"#00fb90","v0":0.05,"v1":0.25},"geometry":{"type":"Polygon","coordinates":[[[-102.5644,50.4856],[-102.5596,50.4919],[-102.5401,50.4951],[-102.506,50.4951],[-102.4917,50.4919],[-102.4973,50.4856],[-102.5168,50.4824],[-102.5501,50.4824],[-102.5644,50.4856]]]}},{"type":"Feature","properties":{"c":"#00fb90","v0":0.05,"v1":0.25},"geometry":{"type":"Polygon","coordinates":[[[-103.1966,50.448],[-103.1922,50.4555],[-103.1792,50.4587],[-103.1575,50.4575],[-103.1525,50.4521],[-103.1642,50.4425],[-103.1772,50.4393],[-103.1916,50.4426],[-103.1966,50.448]]]}},{"type":"Feature","properties":{"c":"#00fb90","v0":0.05,"v1":0.25},"geometry":{"type":"Polygon","coordinates":[[[-72.603,50.3389],[-72.5677,50.358],[-72.5303,50.3675],[-72.4908,50.3677],[-72.4876,50.3581],[-72.5209,50.339],[-72.5556,50.3261],[-72.5919,50.3195],[-72.6127,50.3195],[-72.618,50.3261],[-72.603,50.3389]]]}},{"type":"Feature","properties":{"c":"#00fb90","v0":0.05,"v1":0.25},"geometry":{"type":"Polygon","coordinates":[[[-103.7402,50.3475],[-103.6934,50.3582],[-103.65,50.3588],[-103.61,50.3493],[-103.5883,50.3408],[-103.5848,50.3332],[-103.5898,50.3214],[-103.6033,50.3053],[-103.6484,50.3085],[-103.7252,50.331],[-103.7402,50.3475]]]}},{"type":"Feature","properties":{"c":"#00fb90","v0":0.05,"v1":0.25},"geometry":{"type":"Polygon","coordinates":[[[-102.1005,50.3477],[-102.0135,50.3587],[-101.9312,50.3619],[-101.8536,50.3573],[-101.8436,50.3473],[-101.9012,50.332],[-101.9835,50.3288],[-102.0905,50.3377],[-102.1005,50.3477]]]}},{"type":"Feature","properties":{"c":"#00fb90","v0":0.05,"v1":0.25},"geometry":{"type":"Polygon","coordinates":[[[-72.3575,50.2987],[-72.3258,50.3138],[-72.296,50.317],[-72.268,50.3082],[-72.268,50.2974],[-72.296,50.2845],[-72.325,50.2781],[-72.355,50.2781],[-72.3708,50.2814],[-72.3725,50.2879],[-72.3575,50.2987]]]}},{"type":"Feature","properties":{"c":"#00fb90","v0":0.05,"v1":0.25},"geometry":{"type":"Polygon","coordinates":[[[-100.4879,50.3007],[-100.42,50.2943],[-100.407,50.2896],[-100.449,50.2867],[-100.483,50.2899],[-100.5089,50.2992],[-100.4879,50.3007]]]}},{"type":"Feature","properties":{"c":"#00fb90","v0":0.05,"v1":0.25},"geometry":{"type":"Polygon","coordinates":[[[-103.6226,50.169],[-103.5875,50.1809],[-103.53,50.1895],[-103.45,50.195],[-103.3617,50.2147],[-103.2652,50.2486],[-103.1652,50.2691],[-103.0617,50.2762],[-102.99,50.2754],[-102.95,50.2667],[-102.885,50.2627],[-102.795,50.2634],[-102.68,50.2461],[-102.54,50.211],[-102.45,50.1925],[-102.41,50.1906],[-102.365,50.1791],[-102.315,50.1578],[-102.26,50.1523],[-102.2,50.1626],[-102.12,50.1664],[-102.02,50.164],[-101.88,50.1697],[-101.7,50.1837],[-101.515,50.1904],[-101.325,50.1899],[-101.13,50.1809],[-100.93,50.1633],[-100.78,50.1539],[-100.68,50.1526],[-100.525,50.1345],[-100.315,50.0996],[-100.1826,50.0671],[-100.1277,50.037],[-100.1067,50.0123],[-100.1196,49.9931],[-100.1187,49.9706],[-100.104,49.9448],[-100.125,49.9296],[-100.1817,49.925],[-100.285,49.9293],[-100.435,49.9425],[-100.5203,49.9416],[-100.541,49.9266],[-100.5643,49.8869],[-100.5904,49.8224],[-100.6151,49.7829],[-100.6384,49.7686],[-100.73,49.7709],[-100.89,49.7899],[-101.025,49.797],[-101.135,49.7923],[-101.22,49.7954],[-101.28,49.8064],[-101.33,49.8068],[-101.37,49.7966],[-101.425,49.81],[-101.495,49.8468],[-101.55,49.8693],[-101.59,49.8774],[-101.649,49.8619],[-101.727,49.8226],[-101.817,49.7995],[-101.919,49.7926],[-102.035,49.7921],[-102.165,49.798],[-102.2373,49.8047],[-102.252,49.8122],[-102.1623,49.8321],[-101.9683,49.8643],[-101.8671,49.8869],[-101.8586,49.8997],[-101.8633,49.9134],[-101.8811,49.9278],[-101.915,49.9404],[-101.965,49.951],[-102.06,49.9511],[-102.2,49.9407],[-102.37,49.94],[-102.57,49.9491],[-102.69,49.9684],[-102.73,49.998],[-102.77,50.0205],[-102.81,50.036],[-102.8219,50.0608],[-102.8056,50.0948],[-102.8056,50.1271],[-102.8219,50.1576],[-102.89,50.1778],[-103.01,50.1878],[-103.095,50.1999],[-103.145,50.2141],[-103.18,50.2203],[-103.2,50.2182],[-103.2186,50.21],[-103.2357,50.1959],[-103.2435,50.1792],[-103.2421,50.1599],[-103.2317,50.1407],[-103.2125,50.1215],[-103.2147,50.1075],[-103.2382,50.0988],[-103.295,50.0929],[-103.385,50.0897],[-103.46,50.092],[-103.52,50.1],[-103.5725,50.1188],[-103.6176,50.1483],[-103.6226,50.169]],[[-102.6904,50.0678],[-102.6768,50.0825],[-102.635,50.0915],[-102.565,50.0948],[-102.505,50.0897],[-102.455,50.0761],[-102.41,50.0567],[-102.37,50.0315],[-102.305,50.0158],[-102.215,50.0095],[-102.1529,50.0134],[-102.1186,50.0277],[-102.095,50.0445],[-102.082,50.0637],[-102.0591,50.0785],[-102.0264,50.0889],[-101.985,50.0939],[-101.935,50.0937],[-101.9052,50.0885],[-101.8956,50.0784],[-101.9048,50.0573],[-101.9329,50.0252],[-101.9827,49.9975],[-102.0542,49.9741],[-102.175,49.9644],[-102.345,49.9683],[-102.45,49.9759],[-102.49,49.987],[-102.53,49.9903],[-102.57,49.9858],[-102.5998,49.9867],[-102.6194,49.9931],[-102.6267,50.0059],[-102.6217,50.0252],[-102.6386,50.0413],[-102.6776,50.0541],[-102.6904,50.0678]],[[-101.8799,50.0133],[-101.86,50.0216],[-101.8428,50.0184],[-101.8283,50.0036],[-101.8283,49.9946],[-101.8428,49.9913],[-101.86,49.9945],[-101.8799,50.0043],[-101.8799,50.0133]]]}},{"type":"Feature","properties":{"c":"#00fb90","v0":0.05,"v1":0.25},"geometry":{"type":"Polygon","coordinates":[[[-72.9878,50.1048],[-72.9626,50.1163],[-72.9398,50.1195],[-72.9193,50.1144],[-72.9193,50.1067],[-72.9398,50.0963],[-72.9626,50.0931],[-72.9878,50.0971],[-72.9878,50.1048]]]}},{"type":"Feature","properties":{"c":"#00fb90","v0":0.05,"v1":0.25},"geometry":{"type":"Polygon","coordinates":[[[-73.7215,50.0312],[-73.7005,50.0496],[-73.655,50.0674],[-73.585,50.0846],[-73.515,50.0915],[-73.445,50.0881],[-73.375,50.0912],[-73.305,50.1007],[-73.2609,50.1007],[-73.2428,50.091],[-73.2578,50.0769],[-73.3059,50.0582],[-73.405,50.0466],[-73.555,50.0421],[-73.6555,50.0353],[-73.7065,50.0264],[-73.7215,50.0312]]]}},{"type":"Feature","properties":{"c":"#00fb90","v0":0.05,"v1":0.25},"geometry":{"type":"Polygon","coordinates":[[[-100.4431,49.7933],[-100.4067,49.7998],[-100.3989,49.7984],[-100.4196,49.789],[-100.4378,49.7858],[-100.4535,49.7887],[-100.4431,49.7933]]]}},{"type":"Feature","properties":{"c":"#00fb90","v0":0.05,"v1":0.25},"geometry":{"type":"Polygon","coordinates":[[[-67.375,49.7665],[-67.3583,49.7708],[-67.3433,49.7644],[-67.3298,49.7471],[-67.3337,49.7384],[-67.3551,49.7384],[-67.3702,49.7449],[-67.3789,49.7578],[-67.375,49.7665]]]}},{"type":"Feature","properties":{"c":"#00fb90","v0":0.05,"v1":0.25},"geometry":{"type":"Polygon","coordinates":[[[-73.972,49.7561],[-73.944,49.7657],[-73.9218,49.7689],[-73.9055,49.7658],[-73.9105,49.7593],[-73.9368,49.7494],[-73.959,49.7462],[-73.977,49.7496],[-73.972,49.7561]]]}},{"type":"Feature","properties":{"c":"#00fb90","v0":0.05,"v1":0.25},"geometry":{"type":"Polygon","coordinates":[[[-71.1126,49.7186],[-71.0975,49.7305],[-71.07,49.7343],[-71.03,49.7299],[-70.995,49.7382],[-70.965,49.7591],[-70.9461,49.7682],[-70.9384,49.7656],[-70.9368,49.7578],[-70.9415,49.7449],[-70.9604,49.7314],[-70.9935,49.7172],[-71.035,49.707],[-71.085,49.7005],[-71.1125,49.7011],[-71.1176,49.7087],[-71.1126,49.7186]]]}},{"type":"Feature","properties":{"c":"#00fb90","v0":0.05,"v1":0.25},"geometry":{"type":"Polygon","coordinates":[[[-72.489,49.1532],[-72.4689,49.1794],[-72.4266,49.2144],[-72.3622,49.2583],[-72.225,49.3226],[-72.015,49.4072],[-71.875,49.4675],[-71.805,49.5037],[-71.72,49.5355],[-71.62,49.5627],[-71.54,49.5749],[-71.48,49.5719],[-71.395,49.5805],[-71.285,49.6006],[-71.2177,49.607],[-71.1931,49.5997],[-71.2431,49.5599],[-71.3677,49.4876],[-71.44,49.4293],[-71.46,49.3849],[-71.4826,49.3495],[-71.5079,49.3232],[-71.5344,49.3035],[-71.5621,49.2904],[-71.6715,49.2676],[-71.8625,49.2349],[-71.9909,49.2055],[-72.057,49.1794],[-72.095,49.1666],[-72.105,49.1674],[-72.1102,49.1739],[-72.1107,49.1863],[-72.1207,49.1942],[-72.1402,49.1976],[-72.21,49.1809],[-72.33,49.1442],[-72.415,49.1254],[-72.465,49.1246],[-72.4923,49.1282],[-72.4968,49.1362],[-72.489,49.1532]],[[-72.3935,49.2027],[-72.3378,49.2493],[-72.17,49.3283],[-71.89,49.4396],[-71.7364,49.4944],[-71.7092,49.4929],[-71.7002,49.4825],[-71.7094,49.463],[-71.703,49.4511],[-71.681,49.4467],[-71.635,49.4542],[-71.565,49.4736],[-71.505,49.4984],[-71.455,49.5288],[-71.404,49.5473],[-71.3521,49.5539],[-71.3307,49.5474],[-71.3399,49.5279],[-71.3759,49.5037],[-71.4386,49.4747],[-71.4818,49.4455],[-71.5055,49.4159],[-71.5705,49.3705],[-71.6768,49.3091],[-71.775,49.2683],[-71.865,49.248],[-71.985,49.2321],[-72.135,49.2207],[-72.255,49.2001],[-72.345,49.1702],[-72.3978,49.1613],[-72.4135,49.1734],[-72.3935,49.2027]]]}},{"type":"Feature","properties":{"c":"#00fb90","v0":0.05,"v1":0.25},"geometry":{"type":"Polygon","coordinates":[[[-76.5182,49.4056],[-76.5127,49.4145],[-76.494,49.4177],[-76.4619,49.4154],[-76.4619,49.4061],[-76.494,49.3899],[-76.5127,49.3866],[-76.5182,49.3963],[-76.5182,49.4056]]]}},{"type":"Feature","properties":{"c":"#00fb90","v0":0.05,"v1":0.25},"geometry":{"type":"Polygon","coordinates":[[[-76.3405,49.4045],[-76.3202,49.4112],[-76.3011,49.4112],[-76.2833,49.4045],[-76.2783,49.3889],[-76.2861,49.3643],[-76.3,49.3517],[-76.32,49.351],[-76.3352,49.3633],[-76.3455,49.3885],[-76.3405,49.4045]]]}},{"type":"Feature","properties":{"c":"#00fb90","v0":0.05,"v1":0.25},"geometry":{"type":"Polygon","coordinates":[[[-69.9384,49.2219],[-69.905,49.2284],[-69.8887,49.2282],[-69.8896,49.2213],[-69.9063,49.2181],[-69.9389,49.2184],[-69.9384,49.2219]]]}},{"type":"Feature","properties":{"c":"#00fb90","v0":0.05,"v1":0.25},"geometry":{"type":"Polygon","coordinates":[[[-71.8884,49.0733],[-71.8761,49.0967],[-71.835,49.1165],[-71.765,49.1327],[-71.7201,49.1373],[-71.7003,49.1305],[-71.6946,49.1205],[-71.7032,49.1074],[-71.7431,49.0859],[-71.8144,49.056],[-71.86,49.0419],[-71.88,49.0437],[-71.8911,49.0489],[-71.8934,49.0574],[-71.8884,49.0733]]]}},{"type":"Feature","properties":{"c":"#00fb90","v0":0.05,"v1":0.25},"geometry":{"type":"Polygon","coordinates":[[[-76.5721,49.1079],[-76.4907,49.1218],[-76.4216,49.1284],[-76.3649,49.1275],[-76.3294,49.1238],[-76.3151,49.1173],[-76.3385,49.1029],[-76.3995,49.0806],[-76.465,49.0706],[-76.535,49.0727],[-76.5807,49.0805],[-76.6021,49.0941],[-76.5721,49.1079]]]}},{"type":"Feature","properties":{"c":"#00fb90","v0":0.05,"v1":0.25},"geometry":{"type":"Polygon","coordinates":[[[-73.5913,48.5842],[-73.5764,48.6041],[-73.5395,48.6239],[-73.4806,48.6437],[-73.4409,48.665],[-73.4203,48.6877],[-73.38,48.6952],[-73.32,48.6873],[-73.265,48.6932],[-73.215,48.7128],[-73.165,48.7251],[-73.115,48.7303],[-73.0787,48.7428],[-73.0562,48.7625],[-73.0542,48.7823],[-73.0726,48.8021],[-73.0788,48.8284],[-73.0729,48.8613],[-72.9499,48.9179],[-72.71,48.9982],[-72.53,49.0464],[-72.41,49.0626],[-72.33,49.0625],[-72.29,49.0463],[-72.225,49.0507],[-72.135,49.0757],[-72.075,49.0855],[-72.045,49.08],[-72.0202,49.0701],[-72.0005,49.0557],[-71.9886,49.0288],[-71.9846,48.9894],[-72.0187,48.9533],[-72.0909,48.9205],[-72.1259,48.8942],[-72.1239,48.8745],[-72.1746,48.8252],[-72.2782,48.7462],[-72.375,48.7024],[-72.465,48.6937],[-72.545,48.6747],[-72.615,48.6453],[-72.705,48.6147],[-72.815,48.583],[-72.8785,48.5689],[-72.8955,48.5725],[-72.9021,48.5842],[-72.8983,48.6041],[-72.863,48.6272],[-72.7961,48.6536],[-72.7745,48.6738],[-72.7982,48.6878],[-72.85,48.6855],[-72.93,48.6671],[-73.015,48.6564],[-73.105,48.6533],[-73.185,48.6433],[-73.255,48.6262],[-73.2973,48.62],[-73.3119,48.6248],[-73.3269,48.639],[-73.3423,48.6625],[-73.36,48.6741],[-73.38,48.6737],[-73.3986,48.6686],[-73.4157,48.6586],[-73.434,48.6371],[-73.4535,48.6041],[-73.4849,48.58],[-73.5283,48.5651],[-73.5622,48.5618],[-73.5866,48.5701],[-73.5913,48.5842]],[[-73.5312,48.6008],[-73.5162,48.6008],[-73.514,48.5971],[-73.5247,48.5899],[-73.5322,48.5899],[-73.5365,48.5971],[-73.5312,48.6008]],[[-72.7757,48.9304],[-72.6753,48.9566],[-72.6313,48.9608],[-72.6438,48.9429],[-72.685,48.9276],[-72.755,48.9148],[-72.799,48.9106],[-72.817,48.915],[-72.7757,48.9304]],[[-72.4839,48.9347],[-72.4613,48.9434],[-72.4409,48.9434],[-72.4228,48.9347],[-72.4278,48.9247],[-72.4559,48.9134],[-72.4763,48.9134],[-72.4889,48.9247],[-72.4839,48.9347]],[[-72.9772,48.7592],[-72.9193,48.8119],[-72.8752,48.8443],[-72.8451,48.8565],[-72.815,48.864],[-72.785,48.8671],[-72.75,48.8598],[-72.71,48.8424],[-72.635,48.8333],[-72.525,48.8327],[-72.4392,48.8405],[-72.3775,48.8566],[-72.3393,48.8679],[-72.3245,48.8745],[-72.3389,48.8909],[-72.3826,48.9172],[-72.3508,48.9568],[-72.2436,49.0097],[-72.17,49.0377],[-72.13,49.0408],[-72.1118,49.0341],[-72.1154,49.0175],[-72.1038,49.0026],[-72.0771,48.9894],[-72.0703,48.9725],[-72.0834,48.9517],[-72.1363,48.9287],[-72.229,48.9035],[-72.2784,48.8876],[-72.2846,48.8811],[-72.2683,48.8722],[-72.2294,48.8612],[-72.209,48.8513],[-72.2069,48.8426],[-72.2419,48.8098],[-72.314,48.7527],[-72.395,48.7201],[-72.485,48.7121],[-72.56,48.6975],[-72.62,48.6763],[-72.6553,48.666],[-72.6659,48.6666],[-72.6759,48.6757],[-72.6853,48.6933],[-72.71,48.7074],[-72.75,48.7178],[-72.82,48.7188],[-72.92,48.7103],[-72.9791,48.7128],[-72.9972,48.7262],[-72.9772,48.7592]]]}},{"type":"Feature","properties":{"c":"#00fb90","v0":0.05,"v1":0.25},"geometry":{"type":"Polygon","coordinates":[[[-73.5691,48.9308],[-73.5564,48.958],[-73.535,48.9731],[-73.505,48.9761],[-73.4869,48.9724],[-73.4806,48.9619],[-73.4856,48.9468],[-73.5019,48.9272],[-73.52,48.9121],[-73.54,48.9015],[-73.5564,48.9014],[-73.5691,48.9119],[-73.5691,48.9308]]]}},{"type":"Feature","properties":{"c":"#00fb90","v0":0.05,"v1":0.25},"geometry":{"type":"Polygon","coordinates":[[[-77.845,48.9609],[-77.8217,48.9693],[-77.8021,48.9693],[-77.7862,48.9609],[-77.7862,48.9517],[-77.8021,48.9419],[-77.8217,48.9419],[-77.845,48.9517],[-77.845,48.9609]]]}},{"type":"Feature","properties":{"c":"#00fb90","v0":0.05,"v1":0.25},"geometry":{"type":"Polygon","coordinates":[[[-76.1669,48.7856],[-76.1418,48.8119],[-76.1334,48.8383],[-76.1418,48.8646],[-76.142,48.8835],[-76.134,48.8949],[-76.1,48.9035],[-76.04,48.9091],[-75.99,48.9242],[-75.95,48.9485],[-75.905,48.9565],[-75.855,48.9483],[-75.805,48.95],[-75.755,48.9619],[-75.71,48.9616],[-75.67,48.9493],[-75.595,48.9507],[-75.485,48.9659],[-75.41,48.9633],[-75.37,48.9427],[-75.305,48.9341],[-75.215,48.9373],[-75.1146,48.9335],[-75.0039,48.9226],[-74.9478,48.9139],[-74.9465,48.9074],[-74.9619,48.8981],[-74.994,48.886],[-75.075,48.8751],[-75.205,48.8652],[-75.3,48.8418],[-75.36,48.8048],[-75.4658,48.773],[-75.6175,48.7462],[-75.7125,48.726],[-75.7508,48.7124],[-75.8,48.7077],[-75.86,48.7118],[-75.8966,48.7252],[-75.9098,48.7479],[-75.9298,48.7663],[-75.9566,48.7806],[-76.015,48.78],[-76.105,48.7646],[-76.1574,48.7608],[-76.1721,48.7686],[-76.1669,48.7856]],[[-75.9278,48.8428],[-75.9026,48.8518],[-75.877,48.8518],[-75.851,48.8428],[-75.851,48.8335],[-75.877,48.8241],[-75.9026,48.8241],[-75.9278,48.8335],[-75.9278,48.8428]],[[-75.6414,48.7786],[-75.6205,48.791],[-75.601,48.7943],[-75.5831,48.7885],[-75.5831,48.781],[-75.601,48.7718],[-75.6205,48.7685],[-75.6414,48.7711],[-75.6414,48.7786]]]}},{"type":"Feature","properties":{"c":"#00fb90","v0":0.05,"v1":0.25},"geometry":{"type":"Polygon","coordinates":[[[-74.7661,48.9258],[-74.7154,48.9431],[-74.6551,48.9431],[-74.5852,48.9258],[-74.5602,48.9093],[-74.5801,48.8935],[-74.61,48.8916],[-74.65,48.9037],[-74.6925,48.905],[-74.7376,48.8956],[-74.7679,48.8975],[-74.7836,48.9106],[-74.7661,48.9258]]]}},{"type":"Feature","properties":{"c":"#00fb90","v0":0.05,"v1":0.25},"geometry":{"type":"Polygon","coordinates":[[[-76.3047,48.8805],[-76.2949,48.886],[-76.2869,48.886],[-76.2808,48.8805],[-76.2857,48.8778],[-76.3017,48.8778],[-76.3047,48.8805]]]}},{"type":"Feature","properties":{"c":"#00fb90","v0":0.05,"v1":0.25},"geometry":{"type":"Polygon","coordinates":[[[-121.8487,48.7787],[-121.8229,48.7912],[-121.8009,48.7912],[-121.7826,48.7787],[-121.7826,48.7649],[-121.8009,48.7498],[-121.8229,48.7498],[-121.8487,48.7649],[-121.8487,48.7787]],[[-121.8315,48.7751],[-121.8172,48.7804],[-121.8065,48.7804],[-121.7996,48.7751],[-121.7996,48.7685],[-121.8065,48.7607],[-121.8172,48.7607],[-121.8315,48.7685],[-121.8315,48.7751]]]}},{"type":"Feature","properties":{"c":"#00fb90","v0":0.05,"v1":0.25},"geometry":{"type":"Polygon","coordinates":[[[-76.8342,48.6834],[-76.8314,48.6902],[-76.8182,48.6902],[-76.7946,48.6834],[-76.7961,48.6801],[-76.8225,48.6801],[-76.8342,48.6834]]]}},{"type":"Feature","properties":{"c":"#00fb90","v0":0.05,"v1":0.25},"geometry":{"type":"Polygon","coordinates":[[[-77.8013,48.5258],[-77.7804,48.5346],[-77.74,48.5313],[-77.68,48.5158],[-77.68,48.5017],[-77.74,48.489],[-77.7804,48.4923],[-77.8013,48.5116],[-77.8013,48.5258]]]}},{"type":"Feature","properties":{"c":"#00fb90","v0":0.05,"v1":0.25},"geometry":{"type":"Polygon","coordinates":[[[-77.3027,48.5023],[-77.2809,48.5171],[-77.225,48.5282],[-77.135,48.5354],[-77.06,48.5359],[-77.0,48.5298],[-76.95,48.5289],[-76.91,48.5333],[-76.8738,48.5286],[-76.8413,48.5149],[-76.8363,48.5046],[-76.8588,48.4976],[-76.915,48.4959],[-77.005,48.4995],[-77.1,48.4938],[-77.2,48.4787],[-77.2659,48.4771],[-77.2977,48.4889],[-77.3027,48.5023]]]}},{"type":"Feature","properties":{"c":"#00fb90","v0":0.05,"v1":0.25},"geometry":{"type":"Polygon","coordinates":[[[-79.4423,48.5081],[-79.41,48.5081],[-79.4029,48.5039],[-79.421,48.4956],[-79.4371,48.4956],[-79.4513,48.5039],[-79.4423,48.5081]]]}},{"type":"Feature","properties":{"c":"#00fb90","v0":0.05,"v1":0.25},"geometry":{"type":"Polygon","coordinates":[[[-68.4321,48.3719],[-68.404,48.3913],[-68.3809,48.3947],[-68.3627,48.3818],[-68.3627,48.3632],[-68.3809,48.3387],[-68.4,48.328],[-68.42,48.3309],[-68.434,48.3399],[-68.4421,48.3547],[-68.4321,48.3719]]]}},{"type":"Feature","properties":{"c":"#00fb90","v0":0.05,"v1":0.25},"geometry":{"type":"Polygon","coordinates":[[[-77.9465,48.3517],[-77.8688,48.3576],[-77.816,48.3543],[-77.7879,48.3418],[-77.7979,48.3295],[-77.846,48.3176],[-77.895,48.3167],[-77.945,48.3267],[-77.9738,48.336],[-77.9815,48.3446],[-77.9465,48.3517]]]}},{"type":"Feature","properties":{"c":"#00fb90","v0":0.05,"v1":0.25},"geometry":{"type":"Polygon","coordinates":[[[-77.5087,48.3389],[-77.4562,48.3456],[-77.4272,48.3456],[-77.4215,48.3389],[-77.4415,48.3314],[-77.4872,48.3233],[-77.5162,48.3233],[-77.5287,48.3314],[-77.5087,48.3389]]]}},{"type":"Feature","properties":{"c":"#00fb90","v0":0.05,"v1":0.25},"geometry":{"type":"Polygon","coordinates":[[[-77.6838,48.338],[-77.6613,48.3431],[-77.6365,48.3398],[-77.6094,48.3281],[-77.6094,48.319],[-77.6365,48.3125],[-77.6613,48.3158],[-77.6838,48.329],[-77.6838,48.338]]]}},{"type":"Feature","properties":{"c":"#00fb90","v0":0.05,"v1":0.25},"geometry":{"type":"Polygon","coordinates":[[[-73.6041,48.2365],[-73.5814,48.2515],[-73.5496,48.2582],[-73.5089,48.2565],[-73.4911,48.249],[-73.4962,48.2357],[-73.5116,48.2239],[-73.5372,48.2137],[-73.56,48.2085],[-73.58,48.2084],[-73.5964,48.2135],[-73.6091,48.2238],[-73.6041,48.2365]]]}},{"type":"Feature","properties":{"c":"#00fb90","v0":0.05,"v1":0.25},"geometry":{"type":"Polygon","coordinates":[[[-77.2559,47.9565],[-77.2253,47.9726],[-77.17,47.9774],[-77.09,47.971],[-77.035,47.9705],[-77.005,47.9761],[-76.9737,47.998],[-76.941,48.0364],[-76.9286,48.0622],[-76.9366,48.0756],[-76.956,48.0889],[-76.9871,48.1023],[-76.9944,48.1142],[-76.9781,48.1246],[-76.895,48.1392],[-76.745,48.158],[-76.64,48.1671],[-76.58,48.1664],[-76.5304,48.1785],[-76.4911,48.2033],[-76.3661,48.2203],[-76.1554,48.2296],[-76.04,48.2304],[-76.02,48.2227],[-76.0008,48.2047],[-75.9825,48.1765],[-75.9575,48.161],[-75.9258,48.1581],[-75.895,48.1499],[-75.865,48.1362],[-75.825,48.1332],[-75.775,48.1407],[-75.708,48.1389],[-75.6239,48.1279],[-75.5841,48.1157],[-75.5886,48.1023],[-75.6107,48.0837],[-75.6502,48.06],[-75.705,48.0475],[-75.775,48.0464],[-75.835,48.0399],[-75.885,48.028],[-75.9229,48.007],[-75.9488,47.9769],[-75.9838,47.9515],[-76.0279,47.9309],[-76.14,47.928],[-76.32,47.9427],[-76.47,47.9383],[-76.59,47.9146],[-76.66,47.9053],[-76.68,47.9104],[-76.705,47.9319],[-76.735,47.9697],[-76.785,47.9857],[-76.855,47.9798],[-76.9,47.9663],[-76.92,47.9451],[-77.0153,47.938],[-77.1859,47.945],[-77.2559,47.9565]],[[-76.6239,48.1006],[-76.6013,48.1106],[-76.579,48.1139],[-76.5571,48.1106],[-76.5521,48.1012],[-76.564,48.0856],[-76.5863,48.0823],[-76.6189,48.0912],[-76.6239,48.1006]]]}},{"type":"Feature","properties":{"c":"#00fb90","v0":0.05,"v1":0.25},"geometry":{"type":"Polygon","coordinates":[[[-79.1644,48.0529],[-79.1281,48.0745],[-79.1,48.0842],[-79.08,48.0821],[-79.0677,48.0747],[-79.063,48.0619],[-79.073,48.0473],[-79.0977,48.0309],[-79.12,48.0214],[-79.14,48.0188],[-79.1581,48.0237],[-79.1744,48.036],[-79.1644,48.0529]]]}},{"type":"Feature","properties":{"c":"#00fb90","v0":0.05,"v1":0.25},"geometry":{"type":"Polygon","coordinates":[[[-75.2868,48.0745],[-75.2623,48.0858],[-75.242,48.0858],[-75.2259,48.0745],[-75.2309,48.0636],[-75.257,48.0531],[-75.2773,48.0531],[-75.2918,48.0636],[-75.2868,48.0745]]]}},{"type":"Feature","properties":{"c":"#00fb90","v0":0.05,"v1":0.25},"geometry":{"type":"Polygon","coordinates":[[[-71.4584,47.9656],[-71.4528,47.973],[-71.4387,47.973],[-71.4162,47.9656],[-71.4112,47.9583],[-71.4237,47.9512],[-71.4378,47.9512],[-71.4534,47.9583],[-71.4584,47.9656]]]}},{"type":"Feature","properties":{"c":"#00fb90","v0":0.05,"v1":0.25},"geometry":{"type":"Polygon","coordinates":[[[-69.2341,47.6044],[-69.1914,47.6421],[-69.1373,47.6792],[-69.0718,47.7155],[-69.0321,47.7505],[-69.0181,47.7841],[-68.9981,47.811],[-68.972,47.8311],[-68.9367,47.8461],[-68.8922,47.856],[-68.8321,47.8828],[-68.7564,47.9266],[-68.7014,47.9518],[-68.6671,47.9585],[-68.6499,47.9551],[-68.6496,47.9418],[-68.6677,47.9217],[-68.7042,47.8948],[-68.7546,47.868],[-68.8189,47.8412],[-68.8448,47.8177],[-68.8324,47.7975],[-68.8296,47.7807],[-68.8364,47.7673],[-68.8624,47.7545],[-68.9075,47.7424],[-68.9575,47.7189],[-69.0126,47.6839],[-69.0429,47.6495],[-69.0485,47.6158],[-69.0609,47.5908],[-69.0803,47.5744],[-69.11,47.559],[-69.15,47.5446],[-69.1913,47.546],[-69.2338,47.5633],[-69.2551,47.5754],[-69.2553,47.5821],[-69.2341,47.6044]]]}},{"type":"Feature","properties":{"c":"#00fb90","v0":0.05,"v1":0.25},"geometry":{"type":"Polygon","coordinates":[[[-73.6821,47.8696],[-73.634,47.8997],[-73.5849,47.8997],[-73.5348,47.8696],[-73.5198,47.8502],[-73.5399,47.8413],[-73.589,47.8413],[-73.6671,47.8502],[-73.6821,47.8696]]]}},{"type":"Feature","properties":{"c":"#00fb90","v0":0.05,"v1":0.25},"geometry":{"type":"Polygon","coordinates":[[[-77.0123,47.8594],[-76.9974,47.8691],[-76.96,47.8735],[-76.9,47.8726],[-76.8598,47.8677],[-76.8394,47.859],[-76.8394,47.8483],[-76.8598,47.8358],[-76.895,47.831],[-76.945,47.8339],[-76.9824,47.8402],[-77.0073,47.8498],[-77.0123,47.8594]]]}},{"type":"Feature","properties":{"c":"#00fb90","v0":0.05,"v1":0.25},"geometry":{"type":"Polygon","coordinates":[[[-76.3196,47.8594],[-76.2999,47.869],[-76.2823,47.8723],[-76.2668,47.8695],[-76.2668,47.861],[-76.2823,47.8471],[-76.2995,47.8404],[-76.3184,47.8409],[-76.3283,47.8445],[-76.3291,47.8512],[-76.3196,47.8594]]]}},{"type":"Feature","properties":{"c":"#00fb90","v0":0.05,"v1":0.25},"geometry":{"type":"Polygon","coordinates":[[[-71.1941,47.8345],[-71.1888,47.8479],[-71.1782,47.8546],[-71.1622,47.8546],[-71.1534,47.8479],[-71.152,47.8345],[-71.1626,47.8277],[-71.1853,47.8277],[-71.1941,47.8345]]]}},{"type":"Feature","properties":{"c":"#00fb90","v0":0.05,"v1":0.25},"geometry":{"type":"Polygon","coordinates":[[[-77.3878,47.685],[-77.3759,47.6954],[-77.36,47.7014],[-77.34,47.7031],[-77.3117,47.7013],[-77.2752,47.6959],[-77.2554,47.6899],[-77.2522,47.6832],[-77.2754,47.6755],[-77.3251,47.6669],[-77.3609,47.6669],[-77.3828,47.6755],[-77.3878,47.685]]]}},{"type":"Feature","properties":{"c":"#00fb90","v0":0.05,"v1":0.25},"geometry":{"type":"Polygon","coordinates":[[[-75.7583,47.6859],[-75.7261,47.6979],[-75.6968,47.7013],[-75.6703,47.696],[-75.6569,47.6899],[-75.6565,47.6832],[-75.6697,47.6766],[-75.6966,47.6701],[-75.7261,47.6701],[-75.7583,47.6766],[-75.7583,47.6859]]]}},{"type":"Feature","properties":{"c":"#00fb90","v0":0.05,"v1":0.25},"geometry":{"type":"Polygon","coordinates":[[[-75.987,47.6481],[-75.9623,47.6654],[-75.9199,47.6721],[-75.8597,47.6683],[-75.8396,47.6596],[-75.8596,47.6461],[-75.8897,47.6351],[-75.9299,47.6265],[-75.96,47.6225],[-75.98,47.6233],[-75.9923,47.6276],[-75.997,47.6355],[-75.987,47.6481]]]}},{"type":"Feature","properties":{"c":"#00fb90","v0":0.05,"v1":0.25},"geometry":{"type":"Polygon","coordinates":[[[-76.3959,47.6183],[-76.3786,47.6299],[-76.3568,47.6333],[-76.3305,47.6284],[-76.3305,47.62],[-76.3568,47.6082],[-76.3786,47.6049],[-76.3959,47.6099],[-76.3959,47.6183]]]}},{"type":"Feature","properties":{"c":"#00fb90","v0":0.05,"v1":0.25},"geometry":{"type":"Polygon","coordinates":[[[-77.9182,47.5748],[-77.8994,47.5806],[-77.8786,47.5806],[-77.8557,47.5748],[-77.8557,47.5689],[-77.8786,47.5628],[-77.8994,47.5628],[-77.9182,47.5689],[-77.9182,47.5748]]]}},{"type":"Feature","properties":{"c":"#00fb90","v0":0.05,"v1":0.25},"geometry":{"type":"Polygon","coordinates":[[[-69.429,47.4956],[-69.4163,47.5049],[-69.3985,47.5083],[-69.3756,47.5057],[-69.3756,47.4973],[-69.3985,47.483],[-69.4163,47.4796],[-69.429,47.4872],[-69.429,47.4956]]]}},{"type":"Feature","properties":{"c":"#00fb90","v0":0.05,"v1":0.25},"geometry":{"type":"Polygon","coordinates":[[[-72.8757,47.3963],[-72.7866,47.4233],[-72.7414,47.4335],[-72.74,47.4267],[-72.757,47.4134],[-72.7923,47.3935],[-72.8376,47.3833],[-72.8927,47.3829],[-72.8757,47.3963]]]}},{"type":"Feature","properties":{"c":"#00fb90","v0":0.05,"v1":0.25},"geometry":{"type":"Polygon","coordinates":[[[-75.5224,47.1054],[-75.4875,47.1211],[-75.4423,47.1245],[-75.3868,47.1156],[-75.3868,47.1006],[-75.4423,47.0794],[-75.48,47.0694],[-75.5,47.0706],[-75.5175,47.0778],[-75.5324,47.091],[-75.5224,47.1054]]]}},{"type":"Feature","properties":{"c":"#00fb90","v0":0.05,"v1":0.25},"geometry":{"type":"Polygon","coordinates":[[[-75.8571,47.0077],[-75.839,47.0188],[-75.76,47.0276],[-75.62,47.0341],[-75.5346,47.0319],[-75.5037,47.0212],[-75.4987,47.0101],[-75.5196,46.9989],[-75.56,46.9894],[-75.62,46.9817],[-75.6986,46.9806],[-75.7958,46.9859],[-75.8498,46.9919],[-75.8607,46.9987],[-75.8571,47.0077]]]}},{"type":"Feature","properties":{"c":"#00fb90","v0":0.05,"v1":0.25},"geometry":{"type":"Polygon","coordinates":[[[-71.8518,46.2506],[-71.8506,46.2586],[-71.84,46.2621],[-71.82,46.261],[-71.815,46.2554],[-71.825,46.2452],[-71.8356,46.2417],[-71.8468,46.245],[-71.8518,46.2506]]]}},{"type":"Feature","properties":{"c":"#00fb90","v0":0.05,"v1":0.25},"geometry":{"type":"Polygon","coordinates":[[[-84.6137,46.0284],[-84.613,46.0353],[-84.6019,46.0392],[-84.5806,46.0401],[-84.51,46.0355],[-84.39,46.0255],[-84.3,46.0086],[-84.24,45.9849],[-84.2081,45.9686],[-84.2042,45.9598],[-84.2492,45.955],[-84.3431,45.9542],[-84.446,45.9716],[-84.5581,46.0071],[-84.6137,46.0284]],[[-84.3887,45.9874],[-84.3762,45.9958],[-84.359,45.9958],[-84.337,45.9874],[-84.3433,45.9832],[-84.3777,45.9832],[-84.3887,45.9874]]]}},{"type":"Feature","properties":{"c":"#00fb90","v0":0.05,"v1":0.25},"geometry":{"type":"Polygon","coordinates":[[[-63.2426,45.6106],[-63.2075,45.6184],[-63.1787,45.6184],[-63.1562,45.6106],[-63.1512,45.6025],[-63.1637,45.5941],[-63.1925,45.5941],[-63.2376,45.6025],[-63.2426,45.6106]]]}},{"type":"Feature","properties":{"c":"#00fb90","v0":0.05,"v1":0.25},"geometry":{"type":"Polygon","coordinates":[[[-74.504,45.5499],[-74.468,45.5763],[-74.4311,45.5833],[-74.3934,45.5709],[-74.3884,45.5567],[-74.4161,45.5406],[-74.445,45.5306],[-74.475,45.5266],[-74.498,45.5276],[-74.514,45.5337],[-74.504,45.5499]]]}},{"type":"Feature","properties":{"c":"#00fb90","v0":0.05,"v1":0.25},"geometry":{"type":"Polygon","coordinates":[[[-71.9838,45.3819],[-71.9213,45.3811],[-71.875,45.3897],[-71.845,45.4078],[-71.8176,45.4117],[-71.7929,45.4015],[-71.7928,45.3859],[-71.8172,45.3648],[-71.8646,45.3466],[-71.9349,45.3312],[-71.9762,45.3242],[-71.9886,45.3255],[-71.9999,45.3402],[-72.0101,45.3683],[-71.9838,45.3819]]]}},{"type":"Feature","properties":{"c":"#00fb90","v0":0.05,"v1":0.25},"geometry":{"type":"Polygon","coordinates":[[[-72.1548,45.3353],[-72.1383,45.3538],[-72.1172,45.3643],[-72.0917,45.367],[-72.0837,45.3578],[-72.0933,45.3367],[-72.1143,45.3261],[-72.1468,45.3261],[-72.1548,45.3353]]]}},{"type":"Feature","properties":{"c":"#00fb90","v0":0.05,"v1":0.25},"geometry":{"type":"Polygon","coordinates":[[[-72.3332,45.3087],[-72.3044,45.3301],[-72.2702,45.3336],[-72.2305,45.3192],[-72.2205,45.3008],[-72.2402,45.2783],[-72.2744,45.2748],[-72.3232,45.2902],[-72.3332,45.3087]]]}},{"type":"Feature","properties":{"c":"#00fb90","v0":0.05,"v1":0.25},"geometry":{"type":"Polygon","coordinates":[[[-72.2027,45.2449],[-72.1809,45.2514],[-72.1663,45.2514],[-72.1588,45.2449],[-72.1638,45.2369],[-72.1813,45.2272],[-72.1959,45.2272],[-72.2077,45.2369],[-72.2027,45.2449]]]}},{"type":"Feature","properties":{"c":"#00fb90","v0":0.05,"v1":0.25},"geometry":{"type":"Polygon","coordinates":[[[-98.1512,45.1183],[-98.1359,45.1254],[-98.1186,45.1184],[-98.0995,45.0975],[-98.1,45.0876],[-98.12,45.0888],[-98.1372,45.0957],[-98.1517,45.1084],[-98.1512,45.1183]]]}},{"type":"Feature","properties":{"c":"#00fb90","v0":0.05,"v1":0.25},"geometry":{"type":"Polygon","coordinates":[[[-68.807,45.0349],[-68.7957,45.0448],[-68.7828,45.0483],[-68.7684,45.0455],[-68.7634,45.0387],[-68.7678,45.0278],[-68.7807,45.0242],[-68.802,45.0281],[-68.807,45.0349]]]}},{"type":"Feature","properties":{"c":"#00fb90","v0":0.05,"v1":0.25},"geometry":{"type":"Polygon","coordinates":[[[-99.7517,44.8672],[-99.674,44.8814],[-99.6293,44.9062],[-99.6179,44.9416],[-99.6016,44.9592],[-99.5805,44.9589],[-99.5157,44.9412],[-99.407,44.9061],[-99.247,44.8267],[-99.0357,44.703],[-98.895,44.6281],[-98.825,44.6021],[-98.745,44.6075],[-98.655,44.6442],[-98.56,44.6491],[-98.46,44.6224],[-98.375,44.6087],[-98.305,44.608],[-98.2462,44.6211],[-98.1986,44.6479],[-98.1686,44.6724],[-98.1562,44.6945],[-98.1344,44.7123],[-98.1031,44.7257],[-97.9831,44.7351],[-97.7744,44.7403],[-97.575,44.7529],[-97.385,44.7729],[-97.27,44.7893],[-97.23,44.8021],[-97.175,44.7978],[-97.105,44.7763],[-96.985,44.7669],[-96.815,44.7694],[-96.615,44.7458],[-96.385,44.6961],[-96.25,44.6714],[-96.21,44.6718],[-96.165,44.6795],[-96.115,44.6946],[-95.9917,44.6635],[-95.795,44.5861],[-95.67,44.526],[-95.6168,44.4832],[-95.5838,44.4404],[-95.5711,44.3975],[-95.5455,44.3546],[-95.507,44.3117],[-95.4873,44.2724],[-95.4863,44.2365],[-95.4972,44.2115],[-95.52,44.1971],[-95.5299,44.1864],[-95.527,44.1792],[-95.4916,44.1533],[-95.4239,44.1085],[-95.355,44.0769],[-95.285,44.0583],[-95.2378,44.034],[-95.2134,44.0039],[-95.2084,43.9853],[-95.2228,43.9783],[-95.275,43.9887],[-95.365,44.0167],[-95.4237,44.0166],[-95.451,43.9885],[-95.486,43.976],[-95.5287,43.9791],[-95.588,43.9647],[-95.664,43.9328],[-95.694,43.9109],[-95.678,43.8991],[-95.6731,43.8775],[-95.6793,43.846],[-95.6643,43.8007],[-95.6281,43.7416],[-95.6023,43.6801],[-95.5869,43.6164],[-95.5563,43.5664],[-95.5105,43.5302],[-95.48,43.4903],[-95.4648,43.4467],[-95.4443,43.4104],[-95.4186,43.3813],[-95.4161,43.3486],[-95.4369,43.3122],[-95.4329,43.2824],[-95.4043,43.2591],[-95.3862,43.2336],[-95.3786,43.2059],[-95.4086,43.1725],[-95.4762,43.1335],[-95.5168,43.0897],[-95.5303,43.0411],[-95.5068,42.9985],[-95.4464,42.9619],[-95.4107,42.929],[-95.3998,42.8997],[-95.4133,42.8746],[-95.4511,42.8536],[-95.535,42.833],[-95.665,42.8128],[-95.75,42.8037],[-95.79,42.8058],[-95.865,42.8205],[-95.975,42.8478],[-96.0369,42.8673],[-96.0506,42.8791],[-96.0506,42.8924],[-96.0369,42.907],[-95.9768,42.918],[-95.8704,42.9253],[-95.8168,42.9363],[-95.816,42.951],[-95.8242,42.9669],[-95.8414,42.9842],[-95.9,43.0069],[-96.0,43.0349],[-96.07,43.0418],[-96.11,43.0274],[-96.14,43.0218],[-96.16,43.0251],[-96.1882,43.0389],[-96.2247,43.0632],[-96.2487,43.0899],[-96.2602,43.1191],[-96.337,43.153],[-96.479,43.1917],[-96.59,43.2345],[-96.67,43.2816],[-96.75,43.3219],[-96.83,43.3554],[-96.928,43.418],[-97.0441,43.5097],[-97.1791,43.6002],[-97.333,43.6895],[-97.43,43.7401],[-97.47,43.7521],[-97.515,43.7797],[-97.565,43.8231],[-97.655,43.8676],[-97.785,43.9132],[-97.8512,43.9565],[-97.8537,43.9972],[-97.8637,44.0267],[-97.8812,44.0449],[-97.915,44.06],[-97.965,44.0719],[-98.03,44.0965],[-98.11,44.1339],[-98.2038,44.1619],[-98.3113,44.1806],[-98.3691,44.1792],[-98.377,44.1577],[-98.3757,44.1397],[-98.3654,44.1254],[-98.3307,44.1038],[-98.2716,44.0751],[-98.2226,44.0428],[-98.1838,44.0068],[-98.1653,43.9816],[-98.1672,43.9672],[-98.1786,43.9591],[-98.1995,43.9573],[-98.235,43.9724],[-98.285,44.0046],[-98.3318,44.0271],[-98.3753,44.0399],[-98.4553,44.0756],[-98.5718,44.1342],[-98.705,44.1877],[-98.855,44.2363],[-98.99,44.2922],[-99.11,44.3554],[-99.2015,44.4164],[-99.2646,44.4752],[-99.2996,44.5152],[-99.3065,44.5363],[-99.2924,44.5541],[-99.2571,44.5686],[-99.2422,44.5866],[-99.2476,44.608],[-99.3252,44.6528],[-99.4751,44.721],[-99.5755,44.7601],[-99.6265,44.77],[-99.6811,44.7892],[-99.7393,44.8176],[-99.774,44.8389],[-99.7851,44.8531],[-99.7517,44.8672]],[[-98.4293,44.4711],[-98.4164,44.4897],[-98.39,44.5058],[-98.35,44.5195],[-98.255,44.5172],[-98.105,44.499],[-97.96,44.4948],[-97.82,44.5046],[-97.695,44.5073],[-97.585,44.5029],[-97.5223,44.5053],[-97.5069,44.5143],[-97.5012,44.5224],[-97.5053,44.5296],[-97.543,44.5441],[-97.6143,44.5662],[-97.6557,44.584],[-97.667,44.5976],[-97.6498,44.6222],[-97.6042,44.6578],[-97.5635,44.6816],[-97.5278,44.6938],[-97.47,44.7027],[-97.39,44.7082],[-97.31,44.7068],[-97.23,44.6986],[-97.1656,44.6862],[-97.1167,44.6696],[-97.0859,44.6507],[-97.073,44.6293],[-97.0525,44.6134],[-97.0242,44.6028],[-97.0024,44.6171],[-96.9871,44.6561],[-96.9471,44.6856],[-96.8824,44.7056],[-96.82,44.7147],[-96.76,44.713],[-96.6921,44.6994],[-96.6164,44.674],[-96.5794,44.64],[-96.581,44.5973],[-96.5727,44.5652],[-96.5544,44.5438],[-96.5164,44.5175],[-96.4588,44.4862],[-96.4003,44.4612],[-96.3409,44.4426],[-96.2893,44.4118],[-96.2454,44.3689],[-96.1877,44.3403],[-96.1161,44.326],[-96.0562,44.301],[-96.0079,44.2652],[-95.9955,44.2258],[-96.019,44.1828],[-96.0406,44.1551],[-96.0602,44.1429],[-96.09,44.1409],[-96.13,44.149],[-96.175,44.1679],[-96.225,44.1974],[-96.26,44.2104],[-96.28,44.2068],[-96.2872,44.1905],[-96.2817,44.1614],[-96.2617,44.1416],[-96.2272,44.1309],[-96.21,44.1122],[-96.21,44.0854],[-96.19,44.0683],[-96.15,44.0609],[-96.1211,44.0437],[-96.1033,44.0167],[-96.0984,43.996],[-96.1063,43.9816],[-96.1252,43.9703],[-96.1551,43.9622],[-96.1708,43.9442],[-96.1725,43.9163],[-96.1876,43.8952],[-96.2161,43.8808],[-96.2339,43.8519],[-96.2409,43.8087],[-96.2524,43.7798],[-96.2682,43.7653],[-96.2696,43.7525],[-96.2565,43.7413],[-96.205,43.725],[-96.115,43.7035],[-96.0096,43.6838],[-95.8888,43.6659],[-95.8008,43.6316],[-95.7457,43.5809],[-95.7165,43.5483],[-95.7135,43.5338],[-95.7264,43.5189],[-95.7555,43.5036],[-95.79,43.5043],[-95.83,43.5211],[-95.865,43.524],[-95.895,43.5131],[-95.94,43.5148],[-96.0,43.529],[-96.051,43.5301],[-96.0931,43.5181],[-96.0981,43.5027],[-96.066,43.484],[-96.03,43.4721],[-95.99,43.4671],[-95.95,43.4504],[-95.91,43.4219],[-95.8733,43.4047],[-95.8398,43.3988],[-95.8157,43.3777],[-95.8012,43.3413],[-95.7699,43.305],[-95.7219,43.2686],[-95.6959,43.2355],[-95.692,43.2057],[-95.705,43.1915],[-95.735,43.1931],[-95.7578,43.1898],[-95.7733,43.1816],[-95.7811,43.1483],[-95.7811,43.0899],[-95.7934,43.058],[-95.8178,43.0525],[-95.865,43.0552],[-95.935,43.066],[-96.01,43.086],[-96.09,43.1151],[-96.185,43.1395],[-96.295,43.1592],[-96.3939,43.1821],[-96.4817,43.2082],[-96.5667,43.2477],[-96.6489,43.3007],[-96.735,43.3441],[-96.825,43.378],[-96.9223,43.4351],[-97.0269,43.5154],[-97.1736,43.6099],[-97.3623,43.7184],[-97.4843,43.7978],[-97.5396,43.8483],[-97.5818,43.8808],[-97.6108,43.8952],[-97.6312,43.9132],[-97.6431,43.9348],[-97.6743,43.9475],[-97.7248,43.9514],[-97.76,43.9582],[-97.78,43.9678],[-97.805,44.0006],[-97.835,44.0564],[-97.985,44.1584],[-98.255,44.3063],[-98.4014,44.4005],[-98.4243,44.4414],[-98.4293,44.4711]],[[-95.9053,42.8849],[-95.8684,42.8846],[-95.8299,42.8736],[-95.7896,42.8519],[-95.783,42.8411],[-95.8101,42.8411],[-95.8487,42.8521],[-95.8987,42.8741],[-95.9053,42.8849]],[[-96.0094,44.0751],[-95.9952,44.0751],[-95.9936,44.0722],[-96.0045,44.0664],[-96.0116,44.0664],[-96.0149,44.0722],[-96.0094,44.0751]],[[-96.0238,43.9624],[-96.0146,43.9671],[-95.995,43.9657],[-95.965,43.958],[-95.9466,43.9448],[-95.9397,43.9261],[-95.9447,43.9135],[-95.9616,43.9067],[-95.975,43.9057],[-95.985,43.9104],[-95.9996,43.9246],[-96.0188,43.9482],[-96.0238,43.9624]]]}},{"type":"Feature","properties":{"c":"#00fb90","v0":0.05,"v1":0.25},"geometry":{"type":"Polygon","coordinates":[[[-63.6055,44.7397],[-63.5818,44.7542],[-63.5526,44.7578],[-63.5179,44.7503],[-63.5129,44.7416],[-63.5376,44.7315],[-63.5668,44.728],[-63.6005,44.7309],[-63.6055,44.7397]]]}},{"type":"Feature","properties":{"c":"#00fb90","v0":0.05,"v1":0.25},"geometry":{"type":"Polygon","coordinates":[[[-95.8315,44.7365],[-95.8172,44.7446],[-95.77,44.7453],[-95.69,44.7385],[-95.6213,44.7202],[-95.5639,44.6905],[-95.5371,44.672],[-95.541,44.6649],[-95.5747,44.6573],[-95.6382,44.6494],[-95.7122,44.6671],[-95.7965,44.7107],[-95.8315,44.7365]]]}},{"type":"Feature","properties":{"c":"#00fb90","v0":0.05,"v1":0.25},"geometry":{"type":"Polygon","coordinates":[[[-63.9572,44.6953],[-63.9524,44.7064],[-63.935,44.7185],[-63.905,44.7315],[-63.8773,44.7331],[-63.8518,44.7232],[-63.8568,44.7096],[-63.8923,44.6924],[-63.9224,44.6853],[-63.9472,44.6883],[-63.9572,44.6953]]]}},{"type":"Feature","properties":{"c":"#00fb90","v0":0.05,"v1":0.25},"geometry":{"type":"Polygon","coordinates":[[[-98.1054,44.437],[-98.0951,44.4446],[-98.079,44.4446],[-98.0571,44.437],[-98.0521,44.4277],[-98.064,44.4167],[-98.0801,44.4167],[-98.1004,44.4277],[-98.1054,44.437]]]}},{"type":"Feature","properties":{"c":"#00fb90","v0":0.05,"v1":0.25},"geometry":{"type":"Polygon","coordinates":[[[-78.1662,44.41],[-78.1287,44.4208],[-78.0991,44.4172],[-78.0772,44.3993],[-78.0822,44.3858],[-78.1141,44.3767],[-78.1437,44.3803],[-78.1712,44.3965],[-78.1662,44.41]]]}},{"type":"Feature","properties":{"c":"#00fb90","v0":0.05,"v1":0.25},"geometry":{"type":"Polygon","coordinates":[[[-96.3185,44.3373],[-96.3128,44.3455],[-96.2923,44.3455],[-96.2569,44.3373],[-96.2419,44.3201],[-96.2473,44.2938],[-96.2678,44.2938],[-96.3035,44.3201],[-96.3185,44.3373]]]}},{"type":"Feature","properties":{"c":"#00fb90","v0":0.05,"v1":0.25},"geometry":{"type":"Polygon","coordinates":[[[-95.1015,44.2762],[-95.0672,44.2767],[-95.0476,44.2695],[-95.0429,44.2547],[-95.0526,44.2473],[-95.0767,44.2473],[-95.0962,44.2544],[-95.1112,44.2688],[-95.1015,44.2762]]]}},{"type":"Feature","properties":{"c":"#00fb90","v0":0.05,"v1":0.25},"geometry":{"type":"Polygon","coordinates":[[[-96.966,43.9535],[-96.9553,43.9692],[-96.935,43.9731],[-96.905,43.9652],[-96.8695,43.9394],[-96.8284,43.8955],[-96.8084,43.8681],[-96.8095,43.8573],[-96.8503,43.8753],[-96.931,43.9222],[-96.966,43.9535]]]}},{"type":"Feature","properties":{"c":"#00fb90","v0":0.05,"v1":0.25},"geometry":{"type":"Polygon","coordinates":[[[-97.1986,43.9407],[-97.1929,43.9596],[-97.1756,43.9632],[-97.1469,43.9515],[-97.1419,43.9404],[-97.1606,43.93],[-97.1779,43.9264],[-97.1936,43.9296],[-97.1986,43.9407]]]}},{"type":"Feature","properties":{"c":"#00fb90","v0":0.05,"v1":0.25},"geometry":{"type":"Polygon","coordinates":[[[-96.8202,43.7181],[-96.8134,43.7538],[-96.8047,43.7719],[-96.794,43.7723],[-96.7694,43.7364],[-96.7308,43.6641],[-96.717,43.6171],[-96.7281,43.5954],[-96.7477,43.5845],[-96.7759,43.5846],[-96.7984,43.6136],[-96.8152,43.6714],[-96.8202,43.7181]]]}},{"type":"Feature","properties":{"c":"#00fb90","v0":0.05,"v1":0.25},"geometry":{"type":"Polygon","coordinates":[[[-97.0033,43.7176],[-96.9811,43.7234],[-96.9574,43.7198],[-96.9321,43.7068],[-96.9271,43.6939],[-96.9424,43.6809],[-96.9661,43.6846],[-96.9983,43.7047],[-97.0033,43.7176]]]}},{"type":"Feature","properties":{"c":"#00fb90","v0":0.05,"v1":0.25},"geometry":{"type":"Polygon","coordinates":[[[-79.3946,43.678],[-79.3782,43.6912],[-79.355,43.6998],[-79.325,43.7037],[-79.295,43.7024],[-79.265,43.6959],[-79.2456,43.6874],[-79.2367,43.6767],[-79.2667,43.6641],[-79.3356,43.6495],[-79.3782,43.6495],[-79.3946,43.6641],[-79.3946,43.678]]]}},{"type":"Feature","properties":{"c":"#00fb90","v0":0.05,"v1":0.25},"geometry":{"type":"Polygon","coordinates":[[[-96.2551,43.3558],[-96.2517,43.3629],[-96.2383,43.3629],[-96.215,43.3558],[-96.21,43.3485],[-96.2233,43.3411],[-96.2367,43.3411],[-96.2501,43.3485],[-96.2551,43.3558]]]}},{"type":"Feature","properties":{"c":"#00fb90","v0":0.05,"v1":0.25},"geometry":{"type":"Polygon","coordinates":[[[-99.94,42.9916],[-99.9333,42.9998],[-99.9,43.0038],[-99.84,43.0036],[-99.725,42.9858],[-99.555,42.9501],[-99.42,42.9344],[-99.32,42.9385],[-99.2604,42.945],[-99.2413,42.9539],[-99.2339,42.9619],[-99.2383,42.9693],[-99.2823,42.9949],[-99.3658,43.0387],[-99.4135,43.068],[-99.4253,43.0826],[-99.4259,43.0961],[-99.4153,43.1084],[-99.385,43.1148],[-99.335,43.1151],[-99.22,43.1025],[-99.04,43.0769],[-98.9,43.0472],[-98.8,43.0133],[-98.7403,43.0015],[-98.7208,43.0117],[-98.7099,43.0278],[-98.7078,43.0497],[-98.7311,43.0826],[-98.7798,43.1264],[-98.8006,43.1538],[-98.7935,43.1648],[-98.74,43.1599],[-98.64,43.1392],[-98.55,43.1334],[-98.47,43.1424],[-98.365,43.1452],[-98.235,43.1418],[-98.1379,43.1531],[-98.0738,43.1791],[-97.9738,43.1934],[-97.8379,43.1961],[-97.755,43.2044],[-97.725,43.2182],[-97.67,43.2154],[-97.59,43.196],[-97.485,43.1806],[-97.355,43.1691],[-97.27,43.1566],[-97.23,43.143],[-97.17,43.1368],[-97.09,43.1379],[-97.015,43.1299],[-96.945,43.1127],[-96.855,43.077],[-96.745,43.0229],[-96.66,42.991],[-96.6,42.9813],[-96.54,42.9616],[-96.48,42.9317],[-96.42,42.9175],[-96.36,42.9189],[-96.305,42.8856],[-96.255,42.8174],[-96.205,42.7665],[-96.155,42.733],[-96.095,42.7013],[-96.025,42.6715],[-95.915,42.6455],[-95.765,42.6234],[-95.675,42.6142],[-95.645,42.6179],[-95.605,42.6324],[-95.555,42.6576],[-95.48,42.6667],[-95.38,42.6597],[-95.3229,42.651],[-95.3086,42.6406],[-95.3098,42.6244],[-95.3265,42.6023],[-95.3321,42.5728],[-95.3266,42.536],[-95.2888,42.4991],[-95.2187,42.4623],[-95.1902,42.4282],[-95.2034,42.397],[-95.235,42.3869],[-95.285,42.3979],[-95.335,42.4013],[-95.385,42.3971],[-95.4189,42.3887],[-95.4366,42.3762],[-95.4181,42.333],[-95.3631,42.259],[-95.3511,42.2035],[-95.3819,42.1665],[-95.4074,42.122],[-95.4276,42.07],[-95.4306,42.0217],[-95.4162,41.9772],[-95.4393,41.9464],[-95.4998,41.9295],[-95.5425,41.8923],[-95.5675,41.8347],[-95.5788,41.8022],[-95.5765,41.7947],[-95.5461,41.7836],[-95.4877,41.7686],[-95.4573,41.7537],[-95.455,41.7388],[-95.4629,41.7212],[-95.481,41.7009],[-95.5175,41.6822],[-95.5726,41.6652],[-95.6126,41.6384],[-95.6375,41.6018],[-95.69,41.577],[-95.77,41.5642],[-95.839,41.5451],[-95.897,41.5197],[-95.9262,41.4921],[-95.9267,41.4621],[-95.902,41.4284],[-95.8521,41.3909],[-95.8579,41.3657],[-95.9193,41.3528],[-95.9637,41.3378],[-95.991,41.3206],[-96.004,41.297],[-96.0027,41.2669],[-95.9873,41.2369],[-95.9577,41.2068],[-95.9747,41.1858],[-96.0382,41.174],[-96.16,41.1666],[-96.34,41.1637],[-96.455,41.1484],[-96.505,41.1209],[-96.5827,41.0906],[-96.6881,41.0576],[-96.7596,41.0222],[-96.7972,40.9844],[-96.8211,40.9354],[-96.8313,40.8749],[-96.8639,40.8144],[-96.9189,40.7538],[-96.9886,40.6856],[-97.073,40.6097],[-97.1539,40.5476],[-97.2313,40.4993],[-97.315,40.4847],[-97.405,40.5039],[-97.495,40.5025],[-97.585,40.4803],[-97.695,40.4675],[-97.825,40.4639],[-97.8817,40.4439],[-97.8651,40.4074],[-97.8214,40.3701],[-97.7504,40.332],[-97.6993,40.2939],[-97.6681,40.2557],[-97.6619,40.227],[-97.6806,40.2077],[-97.71,40.1958],[-97.75,40.1915],[-97.8011,40.2012],[-97.8632,40.2248],[-97.9332,40.275],[-98.0111,40.3516],[-98.1,40.4088],[-98.2,40.4464],[-98.2617,40.4805],[-98.2853,40.5109],[-98.3553,40.5703],[-98.4718,40.6586],[-98.5762,40.7268],[-98.6687,40.7751],[-98.7631,40.8484],[-98.8595,40.9467],[-98.9064,41.0033],[-98.9038,41.0184],[-98.8838,41.0373],[-98.8464,41.0599],[-98.8378,41.0901],[-98.8579,41.1277],[-98.8535,41.1504],[-98.8245,41.1582],[-98.78,41.1562],[-98.72,41.1444],[-98.685,41.1465],[-98.675,41.1626],[-98.6997,41.191],[-98.7591,41.2316],[-98.7955,41.2669],[-98.8087,41.297],[-98.829,41.322],[-98.8563,41.3418],[-98.9384,41.3719],[-99.0751,41.412],[-99.1451,41.4374],[-99.1484,41.448],[-99.1339,41.4555],[-99.1018,41.4599],[-99.0854,41.4696],[-99.0848,41.4846],[-99.1109,41.5066],[-99.1636,41.5358],[-99.2491,41.5957],[-99.3674,41.6861],[-99.4251,41.7724],[-99.4223,41.8544],[-99.4416,41.9362],[-99.4832,42.018],[-99.5205,42.0747],[-99.5535,42.1064],[-99.595,42.1322],[-99.645,42.1521],[-99.707,42.1881],[-99.7811,42.2403],[-99.8016,42.2664],[-99.7685,42.2664],[-99.7065,42.2498],[-99.6155,42.2165],[-99.545,42.2142],[-99.495,42.2429],[-99.4632,42.267],[-99.4496,42.2864],[-99.453,42.3071],[-99.4734,42.3293],[-99.4851,42.3515],[-99.488,42.3737],[-99.5242,42.418],[-99.5937,42.4844],[-99.6286,42.5249],[-99.6289,42.5397],[-99.6137,42.5544],[-99.5831,42.5692],[-99.5733,42.6091],[-99.5844,42.6742],[-99.6218,42.7183],[-99.6854,42.7414],[-99.7461,42.7787],[-99.8039,42.8301],[-99.8215,42.8631],[-99.7987,42.8777],[-99.7877,42.8924],[-99.7884,42.907],[-99.8274,42.9327],[-99.9047,42.9693],[-99.94,42.9916]],[[-95.6678,42.49],[-95.6426,42.4939],[-95.6221,42.4939],[-95.6062,42.49],[-95.5988,42.4844],[-95.5998,42.477],[-95.6177,42.4717],[-95.6526,42.4683],[-95.6726,42.472],[-95.6778,42.4827],[-95.6678,42.49]],[[-95.485,42.5839],[-95.4617,42.5986],[-95.4416,42.5986],[-95.4248,42.5839],[-95.4248,42.5711],[-95.4416,42.5603],[-95.4617,42.5603],[-95.485,42.5711],[-95.485,42.5839]],[[-99.7921,42.9732],[-99.7507,42.9738],[-99.665,42.9592],[-99.535,42.9294],[-99.435,42.9139],[-99.365,42.9128],[-99.29,42.8999],[-99.21,42.8754],[-99.085,42.8573],[-98.915,42.8455],[-98.765,42.8218],[-98.635,42.7862],[-98.56,42.78],[-98.54,42.8032],[-98.505,42.8187],[-98.455,42.8264],[-98.38,42.8231],[-98.28,42.8089],[-98.18,42.787],[-98.08,42.7574],[-98.0257,42.7452],[-98.0172,42.7504],[-98.0165,42.764],[-98.0237,42.786],[-98.0157,42.8007],[-97.9925,42.8081],[-97.9232,42.7847],[-97.8077,42.7305],[-97.67,42.6787],[-97.51,42.6293],[-97.4169,42.5939],[-97.3906,42.5725],[-97.3924,42.5471],[-97.4224,42.5176],[-97.4505,42.4961],[-97.4768,42.4825],[-97.515,42.4716],[-97.565,42.4631],[-97.64,42.4345],[-97.74,42.3855],[-97.815,42.356],[-97.865,42.346],[-97.9,42.3307],[-97.92,42.31],[-97.9514,42.2913],[-97.9941,42.2747],[-98.0178,42.2627],[-98.0223,42.2553],[-98.0159,42.2454],[-97.9986,42.2328],[-97.945,42.2283],[-97.855,42.2318],[-97.79,42.2491],[-97.75,42.2801],[-97.66,42.3001],[-97.52,42.3093],[-97.435,42.3288],[-97.405,42.3585],[-97.335,42.3829],[-97.225,42.4019],[-97.115,42.3995],[-97.005,42.3756],[-96.915,42.3642],[-96.845,42.3651],[-96.695,42.3459],[-96.465,42.3066],[-96.31,42.2701],[-96.23,42.2365],[-96.1833,42.1981],[-96.1699,42.1548],[-96.1749,42.1156],[-96.1983,42.0805],[-96.24,42.0584],[-96.3,42.0492],[-96.38,42.0459],[-96.48,42.0485],[-96.565,42.0428],[-96.635,42.0287],[-96.68,42.0255],[-96.7,42.033],[-96.725,42.0324],[-96.755,42.0234],[-96.7708,42.0103],[-96.7724,41.9932],[-96.7624,41.9818],[-96.7408,41.9761],[-96.7232,41.9649],[-96.7097,41.9483],[-96.699,41.9251],[-96.6911,41.8953],[-96.6929,41.8732],[-96.7043,41.8588],[-96.73,41.8466],[-96.77,41.8366],[-96.82,41.8338],[-96.88,41.8382],[-96.945,41.8347],[-97.015,41.8234],[-97.08,41.825],[-97.14,41.8395],[-97.19,41.8463],[-97.23,41.8455],[-97.2725,41.8316],[-97.3175,41.8045],[-97.3412,41.7836],[-97.3437,41.7686],[-97.3395,41.7575],[-97.3286,41.75],[-97.2899,41.7471],[-97.2233,41.7487],[-97.16,41.7417],[-97.1,41.7259],[-97.045,41.7206],[-96.995,41.7259],[-96.925,41.7111],[-96.835,41.6761],[-96.7845,41.6507],[-96.7736,41.6347],[-96.7736,41.6201],[-96.7845,41.6067],[-96.83,41.5971],[-96.91,41.5913],[-97.05,41.6033],[-97.25,41.6332],[-97.365,41.6707],[-97.395,41.7158],[-97.4381,41.7441],[-97.4943,41.7555],[-97.5047,41.7686],[-97.4692,41.7836],[-97.4552,41.7985],[-97.4627,41.8134],[-97.5036,41.8395],[-97.5776,41.8767],[-97.6179,41.9065],[-97.6244,41.9288],[-97.6483,41.9563],[-97.6894,41.9888],[-97.7661,42.0223],[-97.8782,42.0566],[-97.9482,42.1001],[-97.9761,42.1527],[-98.01,42.1875],[-98.05,42.2047],[-98.105,42.2138],[-98.175,42.2149],[-98.2355,42.2357],[-98.2864,42.2759],[-98.3564,42.3117],[-98.4455,42.343],[-98.535,42.3888],[-98.625,42.4491],[-98.6829,42.4778],[-98.7086,42.4748],[-98.6905,42.4364],[-98.6287,42.3626],[-98.5671,42.2553],[-98.5055,42.1145],[-98.4221,42.0255],[-98.3167,41.9883],[-98.2466,41.9437],[-98.2118,41.8916],[-98.0792,41.8022],[-97.8489,41.6753],[-97.7278,41.6211],[-97.7159,41.6397],[-97.7,41.6504],[-97.68,41.6532],[-97.6662,41.6402],[-97.6585,41.6113],[-97.6237,41.5782],[-97.5618,41.5407],[-97.4407,41.5031],[-97.2602,41.4652],[-97.1584,41.439],[-97.1351,41.4244],[-97.1048,41.3909],[-97.0674,41.3383],[-96.996,41.2745],[-96.8905,41.1993],[-96.8058,41.1547],[-96.7419,41.1408],[-96.7024,41.1408],[-96.6873,41.1547],[-96.6667,41.1616],[-96.6408,41.1616],[-96.6433,41.1537],[-96.6744,41.1379],[-96.6962,41.1191],[-96.7085,41.0972],[-96.7562,41.0637],[-96.8392,41.0184],[-96.8776,40.9693],[-96.8713,40.9165],[-96.8726,40.8787],[-96.8813,40.856],[-96.9167,40.8123],[-96.9789,40.7476],[-97.0602,40.6756],[-97.1607,40.5962],[-97.2307,40.5465],[-97.2702,40.5265],[-97.325,40.5208],[-97.395,40.5295],[-97.47,40.5303],[-97.55,40.5232],[-97.625,40.5255],[-97.695,40.5371],[-97.75,40.53],[-97.79,40.504],[-97.865,40.5121],[-97.975,40.5544],[-98.0334,40.5707],[-98.0402,40.5613],[-98.0289,40.5413],[-97.9993,40.5109],[-97.9863,40.4805],[-97.99,40.4501],[-98.0264,40.4362],[-98.0955,40.4391],[-98.1541,40.4505],[-98.2024,40.4705],[-98.2367,40.4957],[-98.2571,40.5261],[-98.3705,40.6097],[-98.5769,40.7462],[-98.6783,40.8295],[-98.6747,40.8598],[-98.6971,40.8847],[-98.7457,40.9042],[-98.7785,40.9307],[-98.7954,40.964],[-98.7654,40.9878],[-98.6885,41.002],[-98.63,41.0074],[-98.59,41.0038],[-98.5535,40.9892],[-98.5204,40.9634],[-98.5091,40.9354],[-98.5194,40.9051],[-98.5109,40.8867],[-98.4836,40.8802],[-98.4535,40.8802],[-98.4205,40.8867],[-98.3966,40.9051],[-98.3816,40.9354],[-98.3763,40.958],[-98.3805,40.9731],[-98.4345,41.0146],[-98.5382,41.0825],[-98.5971,41.139],[-98.611,41.1842],[-98.6337,41.2143],[-98.6652,41.2293],[-98.7732,41.3086],[-98.9577,41.4519],[-99.0813,41.538],[-99.1438,41.5673],[-99.1738,41.5871],[-99.1713,41.5974],[-99.1534,41.6049],[-99.1203,41.6095],[-99.1005,41.6193],[-99.0939,41.6342],[-99.0954,41.6502],[-99.1051,41.667],[-99.1617,41.7044],[-99.2651,41.7622],[-99.3193,41.8059],[-99.3242,41.8357],[-99.3129,41.8618],[-99.2854,41.8842],[-99.2713,41.914],[-99.2704,41.9512],[-99.29,41.9855],[-99.33,42.0168],[-99.38,42.042],[-99.44,42.061],[-99.4858,42.0898],[-99.5175,42.1286],[-99.5275,42.159],[-99.5159,42.1813],[-99.4732,42.222],[-99.3995,42.2812],[-99.4088,42.3478],[-99.5011,42.4217],[-99.55,42.4696],[-99.5553,42.4918],[-99.5424,42.5249],[-99.5114,42.5692],[-99.5071,42.617],[-99.5296,42.6685],[-99.5775,42.7126],[-99.6507,42.7493],[-99.7015,42.786],[-99.7297,42.8227],[-99.7424,42.8557],[-99.7394,42.8851],[-99.7567,42.918],[-99.7941,42.9546],[-99.7921,42.9732]],[[-99.3688,43.0798],[-99.3563,43.0888],[-99.3306,43.0925],[-99.2917,43.0908],[-99.2391,43.0826],[-99.1729,43.068],[-99.1283,43.0534],[-99.1051,43.0387],[-99.1026,43.0251],[-99.1209,43.0123],[-99.15,43.0051],[-99.19,43.0035],[-99.2429,43.0135],[-99.3088,43.0352],[-99.3501,43.0534],[-99.3667,43.068],[-99.3688,43.0798]],[[-97.8488,43.1548],[-97.8363,43.1679],[-97.8207,43.1679],[-97.802,43.1548],[-97.802,43.1434],[-97.8207,43.1337],[-97.8363,43.1337],[-97.8488,43.1434],[-97.8488,43.1548]],[[-99.34,41.7201],[-99.3333,41.7274],[-99.315,41.7287],[-99.285,41.7242],[-99.2612,41.7131],[-99.2436,41.6954],[-99.2369,41.6828],[-99.241,41.6753],[-99.2548,41.6711],[-99.2783,41.6702],[-99.3033,41.6814],[-99.33,41.7047],[-99.34,41.7201]],[[-97.9933,40.4227],[-97.9911,40.429],[-97.9818,40.4252],[-97.9655,40.4113],[-97.9666,40.4082],[-97.9851,40.4158],[-97.9933,40.4227]],[[-97.9399,40.3379],[-97.9333,40.3573],[-97.915,40.362],[-97.885,40.352],[-97.8483,40.3309],[-97.8048,40.2986],[-97.7821,40.2748],[-97.7801,40.2595],[-97.7968,40.252],[-97.8323,40.2523],[-97.8697,40.2638],[-97.909,40.2864],[-97.9324,40.3053],[-97.9396,40.3206],[-97.9399,40.3379]]]}},{"type":"Feature","properties":{"c":"#00fb90","v0":0.05,"v1":0.25},"geometry":{"type":"Polygon","coordinates":[[[-80.5166,43.0935],[-80.4989,43.1007],[-80.44,43.0961],[-80.34,43.0795],[-80.165,43.065],[-79.915,43.0524],[-79.755,43.0399],[-79.685,43.0275],[-79.63,43.0232],[-79.59,43.027],[-79.5536,43.0186],[-79.5209,42.9979],[-79.525,42.9729],[-79.5661,42.9436],[-79.5974,42.9142],[-79.6191,42.8847],[-79.645,42.8655],[-79.675,42.8567],[-79.715,42.8647],[-79.765,42.8894],[-79.935,42.9279],[-80.225,42.9802],[-80.4089,43.0272],[-80.4866,43.069],[-80.5166,43.0935]],[[-80.1932,43.0356],[-80.1377,43.044],[-80.055,43.0404],[-79.945,43.0248],[-79.865,43.0187],[-79.815,43.0218],[-79.7564,43.0145],[-79.6891,42.9965],[-79.6487,42.9802],[-79.6353,42.9656],[-79.6345,42.951],[-79.6461,42.9363],[-79.6715,42.9255],[-79.7105,42.9185],[-79.82,42.9291],[-80.0,42.9574],[-80.1227,42.9865],[-80.1882,43.0165],[-80.1932,43.0356]]]}},{"type":"Feature","properties":{"c":"#00fb90","v0":0.05,"v1":0.25},"geometry":{"type":"Polygon","coordinates":[[[-100.2028,42.8577],[-100.1276,42.8908],[-100.07,42.91],[-100.03,42.9152],[-99.9909,42.9133],[-99.9528,42.9042],[-99.9155,42.8887],[-99.8791,42.8667],[-99.8747,42.8521],[-99.9024,42.8447],[-99.9546,42.8425],[-100.0315,42.8453],[-100.095,42.8396],[-100.145,42.8252],[-100.1876,42.8237],[-100.2228,42.8353],[-100.2028,42.8577]]]}},{"type":"Feature","properties":{"c":"#00fb90","v0":0.05,"v1":0.25},"geometry":{"type":"Polygon","coordinates":[[[-95.0825,42.613],[-95.0608,42.6271],[-95.0413,42.6271],[-95.024,42.613],[-95.0348,42.606],[-95.0738,42.606],[-95.0825,42.613]]]}},{"type":"Feature","properties":{"c":"#00fb90","v0":0.05,"v1":0.25},"geometry":{"type":"Polygon","coordinates":[[[-97.7955,42.5282],[-97.7652,42.5493],[-97.7349,42.5567],[-97.7046,42.5503],[-97.7096,42.5374],[-97.7499,42.5181],[-97.7802,42.5108],[-97.8005,42.5153],[-97.7955,42.5282]]]}},{"type":"Feature","properties":{"c":"#00fb90","v0":0.05,"v1":0.25},"geometry":{"type":"Polygon","coordinates":[[[-98.0599,42.3748],[-98.04,42.3843],[-98.0118,42.3843],[-97.9753,42.3748],[-97.9653,42.3657],[-97.9818,42.3573],[-98.01,42.3573],[-98.0499,42.3657],[-98.0599,42.3748]]]}},{"type":"Feature","properties":{"c":"#00fb90","v0":0.05,"v1":0.25},"geometry":{"type":"Polygon","coordinates":[[[-76.7346,42.3043],[-76.7182,42.3207],[-76.6941,42.3244],[-76.6622,42.3154],[-76.6622,42.3019],[-76.6941,42.2839],[-76.7182,42.2802],[-76.7346,42.2908],[-76.7346,42.3043]]]}},{"type":"Feature","properties":{"c":"#00fb90","v0":0.05,"v1":0.25},"geometry":{"type":"Polygon","coordinates":[[[-77.246,42.1984],[-77.2353,42.2104],[-77.21,42.2195],[-77.17,42.2256],[-77.1379,42.2381],[-77.1137,42.257],[-77.0787,42.2716],[-77.0329,42.2819],[-76.955,42.2734],[-76.845,42.246],[-76.7573,42.2149],[-76.6919,42.1801],[-76.6719,42.156],[-76.6973,42.1425],[-76.745,42.1344],[-76.815,42.1317],[-76.87,42.1184],[-76.91,42.0944],[-76.945,42.0799],[-76.975,42.0748],[-77.005,42.0892],[-77.035,42.1231],[-77.08,42.1522],[-77.14,42.1766],[-77.1903,42.1897],[-77.231,42.1915],[-77.246,42.1984]]]}},{"type":"Feature","properties":{"c":"#00fb90","v0":0.05,"v1":0.25},"geometry":{"type":"Polygon","coordinates":[[[-77.2108,41.8338],[-77.1303,41.8596],[-77.0661,41.8857],[-77.0183,41.9119],[-76.9533,41.9327],[-76.8711,41.9478],[-76.8121,41.9701],[-76.7762,41.9996],[-76.7374,42.0143],[-76.6957,42.0143],[-76.6538,42.0069],[-76.6119,41.992],[-76.6207,41.9856],[-76.6802,41.9876],[-76.7182,41.9802],[-76.7347,41.9633],[-76.7397,41.9434],[-76.7332,41.9204],[-76.776,41.8944],[-76.868,41.8652],[-76.9122,41.8395],[-76.9086,41.8171],[-76.878,41.7985],[-76.8205,41.7836],[-76.7949,41.7724],[-76.8011,41.7649],[-76.8406,41.7587],[-76.9135,41.7539],[-76.975,41.7636],[-77.025,41.7878],[-77.1003,41.8052],[-77.2008,41.8156],[-77.2108,41.8338]]]}},{"type":"Feature","properties":{"c":"#00fb90","v0":0.05,"v1":0.25},"geometry":{"type":"Polygon","coordinates":[[[-81.132,41.944],[-81.1173,41.9519],[-81.0983,41.9519],[-81.0748,41.944],[-81.0648,41.9363],[-81.0683,41.929],[-81.0873,41.929],[-81.122,41.9363],[-81.132,41.944]]]}},{"type":"Feature","properties":{"c":"#00fb90","v0":0.05,"v1":0.25},"geometry":{"type":"Polygon","coordinates":[[[-78.378,41.7202],[-78.3593,41.7278],[-78.3399,41.7278],[-78.3196,41.7202],[-78.3289,41.7164],[-78.3679,41.7164],[-78.378,41.7202]]]}},{"type":"Feature","properties":{"c":"#00fb90","v0":0.05,"v1":0.25},"geometry":{"type":"Polygon","coordinates":[[[-77.6978,41.5482],[-77.6555,41.5407],[-77.6432,41.5352],[-77.6611,41.5315],[-77.6822,41.5352],[-77.7067,41.5464],[-77.6978,41.5482]]]}},{"type":"Feature","properties":{"c":"#00fb90","v0":0.05,"v1":0.25},"geometry":{"type":"Polygon","coordinates":[[[-79.9363,41.4068],[-79.8788,41.4161],[-79.8291,41.4124],[-79.7873,41.3955],[-79.7757,41.3796],[-79.7941,41.3646],[-79.825,41.3565],[-79.8683,41.3553],[-79.9031,41.359],[-79.9293,41.3677],[-79.9481,41.3796],[-79.9594,41.3946],[-79.9363,41.4068]]]}},{"type":"Feature","properties":{"c":"#00fb90","v0":0.05,"v1":0.25},"geometry":{"type":"Polygon","coordinates":[[[-99.2325,41.3458],[-99.2175,41.3534],[-99.2,41.3548],[-99.18,41.3501],[-99.1615,41.3425],[-99.1445,41.3322],[-99.1351,41.3195],[-99.1335,41.3045],[-99.152,41.2969],[-99.1907,41.2966],[-99.2175,41.3079],[-99.2325,41.3307],[-99.2325,41.3458]]]}},{"type":"Feature","properties":{"c":"#00fb90","v0":0.05,"v1":0.25},"geometry":{"type":"Polygon","coordinates":[[[-87.0919,41.1691],[-87.0824,41.1842],[-87.0657,41.1964],[-87.0419,41.2057],[-87.0,41.2102],[-86.94,41.2098],[-86.89,41.2161],[-86.85,41.2291],[-86.81,41.2325],[-86.77,41.2263],[-86.743,41.2153],[-86.729,41.1996],[-86.7333,41.1842],[-86.756,41.1691],[-86.7931,41.1611],[-86.8444,41.16],[-86.9,41.1511],[-86.96,41.1345],[-87.005,41.127],[-87.035,41.1288],[-87.0617,41.1376],[-87.085,41.1536],[-87.0919,41.1691]],[[-87.0447,41.1701],[-87.0216,41.187],[-86.9935,41.1908],[-86.9606,41.1814],[-86.9556,41.1685],[-86.9785,41.1523],[-87.0066,41.1485],[-87.0397,41.1572],[-87.0447,41.1701]]]}},{"type":"Feature","properties":{"c":"#00fb90","v0":0.05,"v1":0.25},"geometry":{"type":"Polygon","coordinates":[[[-87.7169,41.1369],[-87.699,41.1477],[-87.615,41.1689],[-87.465,41.2004],[-87.3401,41.1988],[-87.2402,41.164],[-87.2202,41.1302],[-87.2801,41.0973],[-87.37,41.0888],[-87.49,41.1046],[-87.58,41.1085],[-87.64,41.1004],[-87.684,41.1052],[-87.7119,41.1227],[-87.7169,41.1369]],[[-87.5384,41.1547],[-87.5195,41.1711],[-87.485,41.1826],[-87.435,41.1892],[-87.3962,41.1886],[-87.3687,41.1806],[-87.3496,41.1691],[-87.3388,41.1541],[-87.3426,41.1405],[-87.3609,41.1284],[-87.395,41.1208],[-87.445,41.1178],[-87.4895,41.1239],[-87.5284,41.139],[-87.5384,41.1547]]]}},{"type":"Feature","properties":{"c":"#00fb90","v0":0.05,"v1":0.25},"geometry":{"type":"Polygon","coordinates":[[[-93.4046,40.9198],[-93.2882,40.9492],[-93.195,40.9643],[-93.125,40.9652],[-93.035,40.9803],[-92.925,41.0097],[-92.82,41.0175],[-92.72,41.0037],[-92.6,41.0006],[-92.46,41.0082],[-92.3758,41.0003],[-92.3473,40.9772],[-92.3573,40.9531],[-92.4058,40.928],[-92.46,40.9122],[-92.52,40.9055],[-92.595,40.9101],[-92.685,40.9261],[-92.795,40.9185],[-92.925,40.8871],[-93.07,40.8635],[-93.23,40.8475],[-93.33,40.842],[-93.37,40.8469],[-93.4082,40.8634],[-93.4446,40.8912],[-93.4046,40.9198]],[[-93.3884,40.8972],[-93.3628,40.9115],[-93.28,40.9273],[-93.14,40.9446],[-93.02,40.9656],[-92.92,40.9906],[-92.85,41.0002],[-92.81,40.9947],[-92.7805,40.9853],[-92.7615,40.9721],[-92.7715,40.9593],[-92.8105,40.9469],[-92.855,40.9421],[-92.905,40.9448],[-92.9401,40.9359],[-92.9603,40.9154],[-92.9853,40.9004],[-93.0151,40.8909],[-93.105,40.879],[-93.255,40.8646],[-93.3478,40.8656],[-93.3834,40.8819],[-93.3884,40.8972]],[[-92.6252,40.9709],[-92.6017,40.9816],[-92.545,40.9888],[-92.455,40.9924],[-92.4002,40.9871],[-92.3806,40.9727],[-92.3806,40.9587],[-92.4002,40.9449],[-92.445,40.9338],[-92.515,40.9254],[-92.5638,40.9247],[-92.5913,40.9318],[-92.613,40.9429],[-92.629,40.958],[-92.6252,40.9709]]]}},{"type":"Feature","properties":{"c":"#00fb90","v0":0.05,"v1":0.25},"geometry":{"type":"Polygon","coordinates":[[[-105.2398,40.9684],[-105.2199,40.9741],[-105.2003,40.9703],[-105.1809,40.9571],[-105.1809,40.9452],[-105.2003,40.9348],[-105.2199,40.9385],[-105.2398,40.9566],[-105.2398,40.9684]]]}},{"type":"Feature","properties":{"c":"#00fb90","v0":0.05,"v1":0.25},"geometry":{"type":"Polygon","coordinates":[[[-95.0671,40.9543],[-95.0557,40.9619],[-95.0452,40.9619],[-95.0355,40.9543],[-95.0412,40.9505],[-95.0623,40.9505],[-95.0671,40.9543]]]}},{"type":"Feature","properties":{"c":"#00fb90","v0":0.05,"v1":0.25},"geometry":{"type":"Polygon","coordinates":[[[-94.9475,40.9536],[-94.9358,40.9599],[-94.885,40.9623],[-94.795,40.9608],[-94.7328,40.9539],[-94.6984,40.9415],[-94.6771,40.9278],[-94.6691,40.9127],[-94.6863,40.8965],[-94.7288,40.8792],[-94.775,40.8722],[-94.825,40.8754],[-94.8758,40.8954],[-94.9275,40.9321],[-94.9475,40.9536]],[[-94.8449,40.9261],[-94.795,40.9379],[-94.76,40.9402],[-94.74,40.9331],[-94.7273,40.9234],[-94.7219,40.9112],[-94.7419,40.9009],[-94.7873,40.8924],[-94.825,40.8962],[-94.8549,40.9122],[-94.8449,40.9261]]]}},{"type":"Feature","properties":{"c":"#00fb90","v0":0.05,"v1":0.25},"geometry":{"type":"Polygon","coordinates":[[[-96.0394,40.6876],[-96.0065,40.7069],[-95.9605,40.722],[-95.9014,40.7331],[-95.8414,40.7761],[-95.7805,40.8509],[-95.7298,40.8887],[-95.6895,40.8896],[-95.6445,40.8814],[-95.5948,40.8643],[-95.5416,40.853],[-95.4847,40.8474],[-95.4697,40.8347],[-95.4966,40.8147],[-95.5926,40.7844],[-95.7578,40.7438],[-95.8328,40.7161],[-95.8176,40.7015],[-95.78,40.7035],[-95.72,40.7221],[-95.67,40.7287],[-95.63,40.7233],[-95.585,40.711],[-95.535,40.6917],[-95.5004,40.6697],[-95.4813,40.6449],[-95.4794,40.6211],[-95.4947,40.5983],[-95.5243,40.5722],[-95.5681,40.5428],[-95.635,40.5115],[-95.725,40.4785],[-95.7857,40.4628],[-95.8171,40.4644],[-95.8371,40.4967],[-95.8457,40.5596],[-95.88,40.6049],[-95.94,40.6327],[-95.99,40.6496],[-96.03,40.6556],[-96.0515,40.6634],[-96.0544,40.6731],[-96.0394,40.6876]],[[-95.7928,40.792],[-95.7509,40.8382],[-95.7088,40.8496],[-95.6665,40.8261],[-95.6715,40.8022],[-95.7238,40.7779],[-95.7659,40.7666],[-95.7978,40.7681],[-95.7928,40.792]],[[-95.7835,40.6478],[-95.7478,40.6785],[-95.71,40.6959],[-95.67,40.7001],[-95.6388,40.6961],[-95.6163,40.684],[-95.5957,40.6552],[-95.5771,40.6097],[-95.5833,40.5766],[-95.6144,40.5559],[-95.665,40.5387],[-95.735,40.5249],[-95.7761,40.5239],[-95.7882,40.5355],[-95.7961,40.5641],[-95.7996,40.6097],[-95.7835,40.6478]]]}},{"type":"Feature","properties":{"c":"#00fb90","v0":0.05,"v1":0.25},"geometry":{"type":"Polygon","coordinates":[[[-96.5731,40.8648],[-96.5444,40.8747],[-96.48,40.871],[-96.38,40.8534],[-96.29,40.8497],[-96.21,40.8597],[-96.1624,40.8597],[-96.1473,40.8497],[-96.1673,40.8357],[-96.2224,40.818],[-96.27,40.8179],[-96.31,40.8357],[-96.365,40.838],[-96.435,40.8248],[-96.4994,40.8286],[-96.5581,40.8494],[-96.5731,40.8648]]]}},{"type":"Feature","properties":{"c":"#00fb90","v0":0.05,"v1":0.25},"geometry":{"type":"Polygon","coordinates":[[[-109.6195,40.7609],[-109.5865,40.7753],[-109.553,40.7753],[-109.5191,40.7609],[-109.5191,40.7468],[-109.553,40.7328],[-109.5865,40.7328],[-109.6195,40.7468],[-109.6195,40.7609]]]}},{"type":"Feature","properties":{"c":"#00fb90","v0":0.05,"v1":0.25},"geometry":{"type":"Polygon","coordinates":[[[-87.3442,40.64],[-87.3369,40.6552],[-87.3224,40.6669],[-87.3008,40.6752],[-87.25,40.6794],[-87.17,40.6796],[-87.065,40.6735],[-86.935,40.6611],[-86.858,40.6455],[-86.8339,40.6267],[-86.8239,40.6129],[-86.828,40.6041],[-86.845,40.596],[-86.875,40.5888],[-86.965,40.5838],[-87.115,40.5812],[-87.22,40.5844],[-87.28,40.5935],[-87.3195,40.6066],[-87.3385,40.6238],[-87.3442,40.64]],[[-87.3039,40.639],[-87.2813,40.6522],[-87.23,40.6574],[-87.15,40.6549],[-87.07,40.6483],[-86.9899,40.6377],[-86.9469,40.6287],[-86.941,40.6211],[-87.001,40.613],[-87.127,40.6045],[-87.2213,40.6083],[-87.2839,40.6244],[-87.3039,40.639]]]}},{"type":"Feature","properties":{"c":"#00fb90","v0":0.05,"v1":0.25},"geometry":{"type":"Polygon","coordinates":[[[-87.11,40.3244],[-87.0907,40.3472],[-87.0483,40.3711],[-86.9828,40.396],[-86.8787,40.4036],[-86.7362,40.394],[-86.6686,40.3968],[-86.6759,40.412],[-86.72,40.4424],[-86.8008,40.4881],[-86.8284,40.5214],[-86.8028,40.5424],[-86.7383,40.5576],[-86.6348,40.567],[-86.601,40.5831],[-86.6369,40.6059],[-86.6537,40.6249],[-86.6512,40.6402],[-86.62,40.6457],[-86.56,40.6412],[-86.485,40.6167],[-86.395,40.572],[-86.31,40.549],[-86.23,40.5477],[-86.14,40.5391],[-86.04,40.5232],[-85.935,40.5219],[-85.825,40.5351],[-85.7538,40.534],[-85.7215,40.5186],[-85.7102,40.5033],[-85.72,40.4881],[-85.7362,40.4774],[-85.7587,40.4712],[-85.825,40.4745],[-85.935,40.4873],[-86.04,40.4761],[-86.14,40.4407],[-86.2425,40.4145],[-86.3475,40.3976],[-86.4116,40.3777],[-86.4347,40.3549],[-86.4126,40.3282],[-86.3454,40.2977],[-86.3613,40.2668],[-86.4604,40.2355],[-86.575,40.2196],[-86.705,40.2189],[-86.7832,40.2231],[-86.8095,40.2321],[-86.8295,40.2539],[-86.8432,40.2884],[-86.9174,40.3075],[-87.0522,40.3111],[-87.11,40.3244]],[[-85.8211,40.5004],[-85.8137,40.5098],[-85.7981,40.5136],[-85.7743,40.5118],[-85.7643,40.5067],[-85.7681,40.4981],[-85.7837,40.4943],[-85.8111,40.4952],[-85.8211,40.5004]],[[-87.0327,40.351],[-87.0168,40.3663],[-86.9891,40.3791],[-86.9497,40.3896],[-86.905,40.3876],[-86.855,40.3731],[-86.79,40.3629],[-86.71,40.3571],[-86.66,40.3572],[-86.64,40.3632],[-86.6272,40.3757],[-86.6215,40.3948],[-86.6638,40.431],[-86.7539,40.4843],[-86.7827,40.5185],[-86.7503,40.5337],[-86.678,40.5432],[-86.566,40.5469],[-86.485,40.5442],[-86.435,40.5351],[-86.36,40.5303],[-86.26,40.5297],[-86.1768,40.521],[-86.1104,40.5041],[-86.1054,40.4824],[-86.1618,40.4559],[-86.235,40.4365],[-86.325,40.4243],[-86.4004,40.4071],[-86.4612,40.385],[-86.501,40.3663],[-86.5199,40.351],[-86.5062,40.3282],[-86.4598,40.2977],[-86.4423,40.2748],[-86.4537,40.2595],[-86.477,40.2465],[-86.5123,40.2359],[-86.59,40.2327],[-86.71,40.2371],[-86.7765,40.2425],[-86.7896,40.2488],[-86.7973,40.2672],[-86.7996,40.2977],[-86.8081,40.3171],[-86.8227,40.3255],[-86.87,40.3282],[-86.95,40.3253],[-87.0027,40.3288],[-87.028,40.3385],[-87.0327,40.351]]]}},{"type":"Feature","properties":{"c":"#00fb90","v0":0.05,"v1":0.25},"geometry":{"type":"Polygon","coordinates":[[[-88.8394,40.4895],[-88.7531,40.5075],[-88.675,40.5132],[-88.605,40.5065],[-88.5613,40.4975],[-88.544,40.4862],[-88.5344,40.4729],[-88.5327,40.4577],[-88.5388,40.4386],[-88.5527,40.4158],[-88.5722,40.401],[-88.5974,40.3942],[-88.6781,40.4132],[-88.8144,40.4581],[-88.8394,40.4895]],[[-88.7638,40.4861],[-88.7279,40.4972],[-88.6765,40.4972],[-88.6094,40.4861],[-88.5723,40.4729],[-88.5653,40.4577],[-88.5689,40.4412],[-88.583,40.4233],[-88.6,40.4139],[-88.62,40.413],[-88.6679,40.4295],[-88.7438,40.4635],[-88.7638,40.4861]]]}},{"type":"Feature","properties":{"c":"#00fb90","v0":0.05,"v1":0.25},"geometry":{"type":"Polygon","coordinates":[[[-84.5352,40.489],[-84.4917,40.5061],[-84.4541,40.5137],[-84.4223,40.5118],[-84.4173,40.5015],[-84.4391,40.4825],[-84.47,40.4711],[-84.51,40.4671],[-84.5367,40.4689],[-84.5502,40.4766],[-84.5352,40.489]]]}},{"type":"Feature","properties":{"c":"#00fb90","v0":0.05,"v1":0.25},"geometry":{"type":"Polygon","coordinates":[[[-87.6085,40.4296],[-87.5428,40.4497],[-87.4933,40.4535],[-87.4598,40.4411],[-87.4648,40.4243],[-87.5083,40.4032],[-87.5578,40.3994],[-87.6135,40.4129],[-87.6085,40.4296]]]}},{"type":"Feature","properties":{"c":"#00fb90","v0":0.05,"v1":0.25},"geometry":{"type":"Polygon","coordinates":[[[-73.5724,39.3453],[-73.5572,39.3762],[-73.4735,39.4534],[-73.321,39.5769],[-73.1919,39.6655],[-73.0862,39.7193],[-72.9525,39.8217],[-72.7908,39.9725],[-72.68,40.0621],[-72.62,40.091],[-72.55,40.1156],[-72.47,40.1359],[-72.36,40.1736],[-72.22,40.2286],[-72.115,40.2812],[-72.045,40.3313],[-71.97,40.3712],[-71.89,40.4008],[-71.815,40.4213],[-71.745,40.4326],[-71.699,40.4184],[-71.6771,40.3786],[-71.6821,40.3302],[-71.714,40.2734],[-71.8,40.1936],[-71.94,40.0909],[-72.04,40.0345],[-72.1,40.0247],[-72.1437,40.009],[-72.1712,39.9874],[-72.1891,39.9651],[-72.1974,39.9421],[-72.1804,39.9191],[-72.1381,39.896],[-72.1098,39.8538],[-72.0955,39.7924],[-72.0987,39.7528],[-72.1196,39.7351],[-72.18,39.7065],[-72.28,39.6671],[-72.335,39.6248],[-72.345,39.5795],[-72.405,39.547],[-72.515,39.5275],[-72.61,39.5026],[-72.69,39.4725],[-72.755,39.4601],[-72.805,39.4656],[-72.85,39.4628],[-72.89,39.4517],[-72.9152,39.4519],[-72.9256,39.4632],[-72.9239,39.4882],[-72.9102,39.5268],[-72.7479,39.6193],[-72.4368,39.7655],[-72.2698,39.8577],[-72.2468,39.896],[-72.247,39.9229],[-72.2701,39.9382],[-72.2938,39.9469],[-72.3179,39.949],[-72.355,39.9437],[-72.405,39.931],[-72.4794,39.8955],[-72.5781,39.837],[-72.6831,39.7974],[-72.7944,39.7768],[-72.8728,39.7537],[-72.9185,39.7282],[-72.9796,39.6847],[-73.0561,39.6231],[-73.086,39.573],[-73.0693,39.5345],[-73.0872,39.5036],[-73.1398,39.4805],[-73.1658,39.4612],[-73.1652,39.4457],[-73.1506,39.4264],[-73.1222,39.4032],[-73.1146,39.38],[-73.1278,39.3569],[-73.1484,39.3443],[-73.1761,39.3423],[-73.225,39.3259],[-73.295,39.2951],[-73.355,39.2855],[-73.405,39.2971],[-73.46,39.3009],[-73.52,39.297],[-73.5575,39.3037],[-73.5724,39.3211],[-73.5724,39.3453]],[[-72.7714,39.5538],[-72.7171,39.6],[-72.61,39.6501],[-72.45,39.704],[-72.32,39.7441],[-72.22,39.7705],[-72.1628,39.7821],[-72.1485,39.7787],[-72.1731,39.7578],[-72.2367,39.7193],[-72.3089,39.6895],[-72.3896,39.6682],[-72.4704,39.6297],[-72.5511,39.5739],[-72.6311,39.5348],[-72.7104,39.5123],[-72.76,39.5031],[-72.78,39.5071],[-72.7921,39.5145],[-72.7964,39.5252],[-72.7714,39.5538]],[[-73.4583,39.4071],[-73.4223,39.438],[-73.3857,39.4603],[-73.3486,39.474],[-73.31,39.4771],[-73.27,39.4696],[-73.2438,39.4512],[-73.2315,39.4218],[-73.2315,39.396],[-73.2438,39.3737],[-73.265,39.3636],[-73.295,39.3656],[-73.325,39.3607],[-73.355,39.349],[-73.395,39.3507],[-73.445,39.3659],[-73.4716,39.3781],[-73.4748,39.3871],[-73.4583,39.4071]],[[-72.8727,39.8517],[-72.8309,39.8781],[-72.7935,39.8819],[-72.7605,39.8632],[-72.7443,39.85],[-72.745,39.8423],[-72.7665,39.8313],[-72.8088,39.8169],[-72.84,39.81],[-72.86,39.8105],[-72.8759,39.8177],[-72.8877,39.8315],[-72.8727,39.8517]],[[-72.5467,40.0302],[-72.5361,40.0455],[-72.4847,40.0799],[-72.3923,40.1335],[-72.3221,40.1694],[-72.274,40.1878],[-72.2384,40.1954],[-72.2151,40.1924],[-72.2151,40.1796],[-72.2384,40.1571],[-72.295,40.1219],[-72.385,40.074],[-72.4605,40.0431],[-72.5215,40.0294],[-72.5467,40.0302]],[[-72.0659,40.2497],[-72.0286,40.276],[-72.0022,40.2874],[-71.9867,40.2841],[-71.992,40.2672],[-72.018,40.2366],[-72.0408,40.2191],[-72.0603,40.2147],[-72.0736,40.2185],[-72.0809,40.2306],[-72.0659,40.2497]]]}},{"type":"Feature","properties":{"c":"#00fb90","v0":0.05,"v1":0.25},"geometry":{"type":"Polygon","coordinates":[[[-85.1522,40.4088],[-85.1241,40.4177],[-85.1038,40.4177],[-85.0915,40.4088],[-85.0965,40.3999],[-85.1188,40.391],[-85.1391,40.391],[-85.1572,40.3999],[-85.1522,40.4088]]]}},{"type":"Feature","properties":{"c":"#00fb90","v0":0.05,"v1":0.25},"geometry":{"type":"Polygon","coordinates":[[[-84.8055,40.4177],[-84.7285,40.414],[-84.6837,40.4026],[-84.6712,40.3835],[-84.6762,40.3672],[-84.6987,40.3539],[-84.725,40.3471],[-84.755,40.3469],[-84.7885,40.3651],[-84.8255,40.4014],[-84.8055,40.4177]],[[-84.753,40.3782],[-84.7377,40.3868],[-84.7266,40.3868],[-84.7197,40.3782],[-84.7273,40.3739],[-84.7495,40.3739],[-84.753,40.3782]]]}},{"type":"Feature","properties":{"c":"#00fb90","v0":0.05,"v1":0.25},"geometry":{"type":"Polygon","coordinates":[[[-83.9071,40.365],[-83.869,40.3778],[-83.8377,40.3778],[-83.8132,40.365],[-83.8182,40.352],[-83.8527,40.3386],[-83.8837,40.3348],[-83.9112,40.3405],[-83.9253,40.3472],[-83.9258,40.3549],[-83.9071,40.365]]]}},{"type":"Feature","properties":{"c":"#00fb90","v0":0.05,"v1":0.25},"geometry":{"type":"Polygon","coordinates":[[[-87.2915,40.3467],[-87.2772,40.3533],[-87.2617,40.3533],[-87.2451,40.3467],[-87.2451,40.338],[-87.2617,40.3272],[-87.2772,40.3272],[-87.2915,40.338],[-87.2915,40.3467]]]}},{"type":"Feature","properties":{"c":"#00fb90","v0":0.05,"v1":0.25},"geometry":{"type":"Polygon","coordinates":[[[-85.2259,40.2404],[-85.2192,40.2481],[-85.1844,40.2562],[-85.1215,40.2649],[-85.0797,40.2611],[-85.0592,40.2448],[-85.0642,40.2282],[-85.0947,40.2112],[-85.1398,40.2112],[-85.1994,40.2282],[-85.2259,40.2404]]]}},{"type":"Feature","properties":{"c":"#00fb90","v0":0.05,"v1":0.25},"geometry":{"type":"Polygon","coordinates":[[[-85.9451,40.1728],[-85.8417,40.2284],[-85.775,40.2568],[-85.745,40.258],[-85.7181,40.2531],[-85.6944,40.2421],[-85.6869,40.2214],[-85.6956,40.1908],[-85.7254,40.1641],[-85.7762,40.1411],[-85.8387,40.1244],[-85.9129,40.114],[-85.9617,40.1178],[-85.9851,40.1359],[-85.9451,40.1728]],[[-85.9319,40.1615],[-85.8773,40.1946],[-85.8239,40.2137],[-85.7717,40.2188],[-85.7528,40.2099],[-85.7672,40.187],[-85.7883,40.1671],[-85.8161,40.1501],[-85.855,40.1382],[-85.905,40.1314],[-85.9373,40.1322],[-85.9519,40.1407],[-85.9319,40.1615]]]}},{"type":"Feature","properties":{"c":"#00fb90","v0":0.05,"v1":0.25},"geometry":{"type":"Polygon","coordinates":[[[-84.0876,40.1851],[-84.0625,40.2043],[-84.03,40.217],[-83.99,40.2232],[-83.95,40.2257],[-83.91,40.2245],[-83.8718,40.2156],[-83.8354,40.1991],[-83.8271,40.1832],[-83.8469,40.1679],[-83.8851,40.1544],[-83.9417,40.1428],[-83.995,40.1402],[-84.045,40.1466],[-84.0775,40.1562],[-84.0926,40.1691],[-84.0876,40.1851]],[[-84.045,40.1845],[-84.0083,40.2023],[-83.9653,40.2061],[-83.916,40.1959],[-83.896,40.185],[-83.9053,40.1733],[-83.925,40.1635],[-83.955,40.1557],[-83.9933,40.1577],[-84.04,40.1696],[-84.045,40.1845]]]}},{"type":"Feature","properties":{"c":"#00fb90","v0":0.05,"v1":0.25},"geometry":{"type":"Polygon","coordinates":[[[-87.4205,40.1695],[-87.4002,40.1881],[-87.3735,40.1919],[-87.3405,40.181],[-87.3405,40.1665],[-87.3735,40.1484],[-87.4002,40.1446],[-87.4205,40.155],[-87.4205,40.1695]]]}},{"type":"Feature","properties":{"c":"#00fb90","v0":0.05,"v1":0.25},"geometry":{"type":"Polygon","coordinates":[[[-101.8245,36.7584],[-101.7482,36.7816],[-101.7073,36.7776],[-101.702,36.7463],[-101.687,36.7199],[-101.6623,36.6982],[-101.615,36.6847],[-101.545,36.6796],[-101.507,36.6984],[-101.5011,36.7413],[-101.5026,36.7708],[-101.5114,36.7868],[-101.5393,36.8013],[-101.5864,36.8144],[-101.635,36.8145],[-101.685,36.8016],[-101.7144,36.8111],[-101.7232,36.8429],[-101.7008,36.8748],[-101.6471,36.9068],[-101.521,36.9348],[-101.3228,36.9588],[-101.2048,36.9788],[-101.1672,36.9947],[-101.1438,37.0111],[-101.1346,37.0279],[-101.095,37.0384],[-101.025,37.0426],[-100.9906,37.0542],[-100.9918,37.0731],[-101.0053,37.0945],[-101.0313,37.1185],[-101.0407,37.1332],[-101.0336,37.1387],[-100.965,37.154],[-100.835,37.179],[-100.745,37.1898],[-100.695,37.1864],[-100.6635,37.1951],[-100.6504,37.2157],[-100.6431,37.2499],[-100.6418,37.2977],[-100.6184,37.3403],[-100.5728,37.3777],[-100.435,37.4046],[-100.205,37.4209],[-100.0728,37.4339],[-100.0385,37.4437],[-100.0216,37.4606],[-100.0221,37.4844],[-100.0592,37.5112],[-100.1331,37.5409],[-100.22,37.5574],[-100.32,37.5606],[-100.38,37.569],[-100.4,37.5827],[-100.41,37.62],[-100.41,37.6809],[-100.375,37.7137],[-100.305,37.7186],[-100.2629,37.7282],[-100.2487,37.7426],[-100.2487,37.7579],[-100.2629,37.774],[-100.3199,37.7938],[-100.4197,37.8171],[-100.4747,37.837],[-100.4849,37.8534],[-100.4999,37.8613],[-100.5198,37.8607],[-100.5212,37.8525],[-100.5043,37.8367],[-100.513,37.8249],[-100.5472,37.817],[-100.611,37.817],[-100.7043,37.8249],[-100.7508,37.834],[-100.7503,37.8444],[-100.7158,37.8641],[-100.6475,37.8932],[-100.6075,37.92],[-100.5958,37.9445],[-100.5688,37.976],[-100.5264,38.0146],[-100.5214,38.04],[-100.5538,38.0522],[-100.615,38.0619],[-100.705,38.0693],[-100.7552,38.0789],[-100.7655,38.0909],[-100.7155,38.116],[-100.6052,38.1542],[-100.5281,38.1857],[-100.4842,38.2104],[-100.4142,38.2315],[-100.3181,38.249],[-100.2562,38.2647],[-100.2285,38.2786],[-100.2194,38.313],[-100.2287,38.3679],[-100.2476,38.4054],[-100.2759,38.4255],[-100.325,38.4387],[-100.395,38.4451],[-100.4517,38.4389],[-100.495,38.4203],[-100.5051,38.4267],[-100.482,38.458],[-100.4803,38.4894],[-100.5001,38.5207],[-100.455,38.5413],[-100.345,38.5511],[-100.215,38.5483],[-100.065,38.5328],[-99.905,38.5248],[-99.735,38.5243],[-99.625,38.5325],[-99.575,38.5496],[-99.5,38.5582],[-99.4,38.5585],[-99.2972,38.5921],[-99.1915,38.6591],[-99.0702,38.7121],[-98.9332,38.7511],[-98.8601,38.7745],[-98.8508,38.7823],[-98.8613,38.8135],[-98.8914,38.868],[-98.8659,38.9225],[-98.7848,38.9769],[-98.6957,39.0095],[-98.5986,39.0202],[-98.525,39.033],[-98.475,39.048],[-98.31,39.0486],[-98.03,39.0348],[-97.87,39.0306],[-97.83,39.0361],[-97.74,39.0307],[-97.6,39.0143],[-97.45,39.0168],[-97.29,39.0381],[-97.185,39.047],[-97.135,39.0434],[-97.06,39.054],[-96.96,39.0789],[-96.8638,39.1277],[-96.7714,39.2005],[-96.6864,39.2516],[-96.6088,39.281],[-96.55,39.2941],[-96.51,39.2907],[-96.38,39.3045],[-96.16,39.3354],[-96.0,39.3433],[-95.9,39.3282],[-95.83,39.3299],[-95.79,39.3486],[-95.66,39.3765],[-95.44,39.4137],[-95.215,39.4636],[-94.985,39.526],[-94.84,39.5596],[-94.78,39.5644],[-94.71,39.5622],[-94.63,39.5529],[-94.425,39.5721],[-94.095,39.6199],[-93.76,39.6562],[-93.42,39.681],[-93.21,39.7019],[-93.13,39.7188],[-92.975,39.7361],[-92.745,39.754],[-92.575,39.7586],[-92.465,39.7498],[-92.3602,39.7572],[-92.2607,39.7806],[-92.1857,39.792],[-92.1352,39.7914],[-92.06,39.7994],[-91.96,39.8161],[-91.85,39.8173],[-91.73,39.8032],[-91.665,39.7915],[-91.655,39.7823],[-91.6635,39.7545],[-91.6905,39.708],[-91.6936,39.6578],[-91.6728,39.6039],[-91.6903,39.5615],[-91.7462,39.5306],[-91.7831,39.4991],[-91.801,39.467],[-91.845,39.435],[-91.915,39.4029],[-92.01,39.3715],[-92.13,39.3408],[-92.225,39.3058],[-92.295,39.2667],[-92.475,39.2315],[-92.765,39.2001],[-92.9249,39.1743],[-92.9548,39.154],[-92.9748,39.1284],[-92.9849,39.0974],[-92.995,39.08],[-93.005,39.0762],[-93.02,39.0804],[-93.04,39.0927],[-93.0597,39.0946],[-93.079,39.0861],[-93.0918,39.0624],[-93.098,39.0236],[-93.1083,38.9962],[-93.1228,38.9803],[-93.19,38.9829],[-93.31,39.004],[-93.44,39.0085],[-93.58,38.9964],[-93.69,38.9946],[-93.77,39.0033],[-93.83,39.0019],[-93.87,38.9904],[-93.915,38.9878],[-93.965,38.9943],[-94.085,38.988],[-94.275,38.9691],[-94.42,38.9411],[-94.52,38.9041],[-94.6,38.86],[-94.66,38.8087],[-94.79,38.7787],[-94.99,38.7702],[-95.11,38.7743],[-95.15,38.7912],[-95.205,38.8035],[-95.275,38.8114],[-95.3995,38.7964],[-95.5786,38.7584],[-95.6743,38.7355],[-95.6868,38.7277],[-95.6752,38.7121],[-95.6397,38.6887],[-95.6324,38.6653],[-95.6534,38.6418],[-95.7304,38.6136],[-95.8635,38.5805],[-95.96,38.5761],[-96.02,38.6002],[-96.09,38.6074],[-96.17,38.5977],[-96.235,38.5751],[-96.285,38.5398],[-96.34,38.5394],[-96.4,38.5741],[-96.4594,38.5933],[-96.5183,38.597],[-96.5442,38.6145],[-96.5372,38.6457],[-96.5399,38.677],[-96.5522,38.7082],[-96.5863,38.7305],[-96.6421,38.7439],[-96.7014,38.7439],[-96.7642,38.7305],[-96.8175,38.7004],[-96.8613,38.6535],[-96.854,38.6223],[-96.7957,38.6067],[-96.7674,38.5907],[-96.7691,38.5744],[-96.835,38.5624],[-96.965,38.5548],[-97.06,38.5392],[-97.12,38.5154],[-97.175,38.4997],[-97.225,38.492],[-97.2683,38.4728],[-97.3049,38.442],[-97.3208,38.4032],[-97.3158,38.3561],[-97.3306,38.3169],[-97.365,38.2855],[-97.4524,38.2541],[-97.5926,38.2227],[-97.6645,38.1992],[-97.6682,38.1836],[-97.6549,38.1639],[-97.6248,38.1402],[-97.6298,38.1209],[-97.6699,38.1061],[-97.695,38.0806],[-97.705,38.0445],[-97.745,38.0285],[-97.815,38.0328],[-97.905,38.0561],[-98.015,38.0985],[-98.115,38.1201],[-98.205,38.121],[-98.315,38.1054],[-98.445,38.0732],[-98.52,38.0678],[-98.54,38.0892],[-98.635,38.0958],[-98.805,38.0875],[-98.9208,38.0631],[-98.9825,38.0226],[-99.014,37.9866],[-99.0153,37.9551],[-99.0422,37.9235],[-99.0947,37.892],[-99.1368,37.8446],[-99.1685,37.7814],[-99.1707,37.7391],[-99.1436,37.7178],[-99.1076,37.7059],[-99.0628,37.7035],[-99.047,37.6865],[-99.0603,37.6548],[-99.0627,37.6269],[-99.0542,37.6027],[-99.04,37.5864],[-99.02,37.5778],[-98.99,37.5799],[-98.95,37.5928],[-98.925,37.5825],[-98.915,37.549],[-98.8755,37.5312],[-98.8065,37.5291],[-98.7615,37.5079],[-98.7405,37.4675],[-98.75,37.4401],[-98.79,37.4256],[-98.84,37.4314],[-98.9,37.4577],[-98.99,37.4689],[-99.11,37.465],[-99.19,37.4539],[-99.23,37.4357],[-99.275,37.4328],[-99.325,37.4453],[-99.3758,37.4429],[-99.4273,37.4256],[-99.4709,37.405],[-99.5065,37.3812],[-99.4908,37.3526],[-99.4236,37.3194],[-99.36,37.3108],[-99.3,37.3266],[-99.2433,37.3194],[-99.1899,37.289],[-99.1544,37.2539],[-99.1369,37.2141],[-99.0936,37.1782],[-99.0245,37.1464],[-98.9672,37.1384],[-98.9216,37.1543],[-98.8616,37.1668],[-98.7872,37.1758],[-98.705,37.1632],[-98.615,37.1288],[-98.5599,37.1004],[-98.5396,37.0779],[-98.5346,37.0646],[-98.5449,37.0605],[-98.58,37.0633],[-98.64,37.0731],[-98.69,37.0601],[-98.73,37.0242],[-98.81,37.0323],[-98.93,37.0841],[-99.0191,37.1032],[-99.0772,37.0894],[-99.1062,37.0626],[-99.1061,37.0227],[-99.112,36.999],[-99.124,36.9916],[-99.155,36.9867],[-99.205,36.9844],[-99.25,36.9755],[-99.29,36.9602],[-99.3247,36.9611],[-99.3541,36.9782],[-99.3651,37.0027],[-99.3577,37.0347],[-99.363,37.0618],[-99.381,37.0841],[-99.415,37.1032],[-99.465,37.1191],[-99.535,37.1253],[-99.625,37.1218],[-99.725,37.1337],[-99.835,37.1613],[-99.9192,37.1679],[-99.9775,37.1535],[-100.0151,37.1344],[-100.0319,37.1105],[-100.0427,37.0788],[-100.0476,37.0393],[-100.065,37.0159],[-100.095,37.0084],[-100.135,37.0101],[-100.185,37.021],[-100.255,37.0238],[-100.345,37.0184],[-100.43,37.0304],[-100.51,37.0598],[-100.63,37.0788],[-100.79,37.0874],[-100.8834,37.0855],[-100.9103,37.0729],[-100.9331,37.0546],[-100.9519,37.0307],[-100.9434,37.0048],[-100.9078,36.977],[-100.875,36.9604],[-100.845,36.9551],[-100.805,36.9619],[-100.755,36.9808],[-100.715,36.9899],[-100.685,36.9893],[-100.6211,36.9764],[-100.5232,36.9514],[-100.4743,36.9348],[-100.4742,36.9268],[-100.5132,36.9067],[-100.5911,36.8744],[-100.695,36.8729],[-100.825,36.9024],[-100.9741,36.9025],[-101.1424,36.8734],[-101.234,36.8508],[-101.2491,36.8348],[-101.2555,36.8148],[-101.2532,36.7908],[-101.2366,36.7683],[-101.2055,36.7474],[-101.157,36.7274],[-101.0911,36.7082],[-101.0561,36.6866],[-101.0518,36.6625],[-101.0848,36.6557],[-101.1549,36.666],[-101.205,36.6691],[-101.235,36.6648],[-101.2566,36.6516],[-101.2698,36.6295],[-101.2576,36.5983],[-101.2199,36.5582],[-101.2217,36.522],[-101.2631,36.4899],[-101.2777,36.4617],[-101.2655,36.4376],[-101.3021,36.4106],[-101.3874,36.3808],[-101.46,36.3772],[-101.52,36.3996],[-101.585,36.4105],[-101.655,36.4099],[-101.69,36.4265],[-101.69,36.4605],[-101.6693,36.4846],[-101.628,36.4988],[-101.6004,36.514],[-101.5866,36.5301],[-101.5872,36.5444],[-101.6024,36.5571],[-101.63,36.5674],[-101.67,36.5753],[-101.6842,36.5931],[-101.6726,36.6207],[-101.6726,36.6454],[-101.6842,36.6674],[-101.7332,36.6955],[-101.8195,36.7297],[-101.8245,36.7584]],[[-100.3921,37.2209],[-100.364,37.2425],[-100.33,37.2568],[-100.29,37.264],[-100.2444,37.2532],[-100.1933,37.2245],[-100.1606,37.1982],[-100.1463,37.1743],[-100.1518,37.1525],[-100.1773,37.133],[-100.215,37.1232],[-100.265,37.1232],[-100.31,37.1325],[-100.35,37.1511],[-100.379,37.1729],[-100.3971,37.1977],[-100.3921,37.2209]],[[-100.1883,37.5993],[-100.1761,37.6149],[-100.1656,37.6189],[-100.1568,37.6112],[-100.1568,37.6019],[-100.1656,37.591],[-100.1761,37.587],[-100.1883,37.59],[-100.1883,37.5993]],[[-99.8903,37.5851],[-99.8768,37.604],[-99.84,37.603],[-99.78,37.5823],[-99.75,37.5534],[-99.75,37.5166],[-99.7712,37.4977],[-99.8137,37.4968],[-99.8465,37.5042],[-99.8698,37.5201],[-99.8853,37.5399],[-99.8932,37.5637],[-99.8903,37.5851]],[[-99.7347,38.2903],[-99.7182,38.3],[-99.6957,38.3],[-99.667,38.2903],[-99.667,38.281],[-99.6957,38.2719],[-99.7182,38.2719],[-99.7347,38.281],[-99.7347,38.2903]],[[-99.6196,38.3102],[-99.5732,38.3281],[-99.505,38.3431],[-99.415,38.3551],[-99.34,38.3617],[-99.28,38.3628],[-99.2331,38.3556],[-99.1993,38.3403],[-99.1943,38.3221],[-99.2181,38.301],[-99.31,38.2886],[-99.47,38.2849],[-99.5732,38.2876],[-99.6196,38.2967],[-99.6196,38.3102]],[[-96.5015,38.7706],[-96.4899,38.8018],[-96.4706,38.8245],[-96.4435,38.8389],[-96.41,38.8494],[-96.37,38.8559],[-96.3295,38.8526],[-96.2886,38.8395],[-96.2692,38.8252],[-96.2714,38.8096],[-96.3069,38.7764],[-96.3756,38.7255],[-96.4258,38.7021],[-96.4575,38.7062],[-96.4818,38.7199],[-96.4988,38.7433],[-96.5015,38.7706]],[[-94.4033,39.4071],[-94.3762,39.4071],[-94.356,39.3994],[-94.3427,39.3839],[-94.3545,39.3793],[-94.3915,39.3855],[-94.4117,39.3933],[-94.4152,39.4025],[-94.4033,39.4071]],[[-94.3012,39.1172],[-94.2937,39.1259],[-94.2802,39.1259],[-94.2606,39.1172],[-94.2556,39.1075],[-94.2652,39.0967],[-94.2787,39.0967],[-94.2962,39.1075],[-94.3012,39.1172]],[[-94.0346,39.4341],[-94.0173,39.4573],[-93.994,39.4739],[-93.9647,39.484],[-93.9151,39.4801],[-93.8452,39.4623],[-93.8281,39.438],[-93.8638,39.4071],[-93.8937,39.3878],[-93.9179,39.3802],[-93.945,39.3786],[-93.975,39.383],[-94.0033,39.3946],[-94.03,39.4132],[-94.0346,39.4341]],[[-99.7194,37.866],[-99.7131,37.8772],[-99.7,37.8845],[-99.68,37.8881],[-99.66,37.8858],[-99.64,37.8776],[-99.628,37.8663],[-99.6239,37.8518],[-99.6289,37.8375],[-99.643,37.8232],[-99.66,37.8148],[-99.68,37.8124],[-99.6972,37.8155],[-99.7115,37.8244],[-99.7196,37.8367],[-99.7216,37.8525],[-99.7194,37.866]],[[-99.4831,38.0418],[-99.4721,38.0575],[-99.4374,38.0818],[-99.3791,38.1145],[-99.325,38.1274],[-99.275,38.1205],[-99.238,38.1081],[-99.2139,38.0901],[-99.2174,38.0536],[-99.2484,37.9984],[-99.2754,37.9643],[-99.2985,37.9512],[-99.33,37.9474],[-99.37,37.9528],[-99.412,37.9673],[-99.456,37.9907],[-99.4807,38.0103],[-99.486,38.026],[-99.4831,38.0418]],[[-99.6969,37.5954],[-99.6821,37.635],[-99.6453,37.6509],[-99.5864,37.6429],[-99.5668,37.6152],[-99.5863,37.5677],[-99.6145,37.5451],[-99.6515,37.5475],[-99.6786,37.5555],[-99.6957,37.5689],[-99.6969,37.5954]],[[-99.693,37.2619],[-99.6907,37.2698],[-99.6797,37.2749],[-99.6599,37.2772],[-99.6394,37.2733],[-99.6182,37.263],[-99.6182,37.2542],[-99.6394,37.2468],[-99.661,37.2468],[-99.6831,37.2542],[-99.693,37.2619]]]}},{"type":"Feature","properties":{"c":"#00fb90","v0":0.05,"v1":0.25},"geometry":{"type":"Polygon","coordinates":[[[-86.3864,39.679],[-86.3621,39.6984],[-86.3381,39.7023],[-86.3144,39.6906],[-86.3045,39.677],[-86.3084,39.6616],[-86.3202,39.6494],[-86.3401,39.6404],[-86.3621,39.6442],[-86.3864,39.661],[-86.3864,39.679]],[[-86.3719,39.6754],[-86.3573,39.6874],[-86.3426,39.6874],[-86.3278,39.6754],[-86.3278,39.6644],[-86.3426,39.6545],[-86.3573,39.6545],[-86.3719,39.6644],[-86.3719,39.6754]]]}},{"type":"Feature","properties":{"c":"#00fb90","v0":0.05,"v1":0.25},"geometry":{"type":"Polygon","coordinates":[[[-104.5886,39.6123],[-104.5762,39.6216],[-104.5638,39.6216],[-104.5515,39.6123],[-104.5515,39.6021],[-104.5638,39.5908],[-104.5762,39.5908],[-104.5886,39.6021],[-104.5886,39.6123]]]}},{"type":"Feature","properties":{"c":"#00fb90","v0":0.05,"v1":0.25},"geometry":{"type":"Polygon","coordinates":[[[-108.1523,39.5968],[-108.1374,39.6058],[-108.12,39.6089],[-108.1,39.606],[-108.0618,39.5938],[-108.0053,39.5723],[-107.9716,39.5538],[-107.9605,39.5383],[-107.965,39.5229],[-107.985,39.5075],[-108.0081,39.4998],[-108.0341,39.4998],[-108.0711,39.5152],[-108.1189,39.546],[-108.1471,39.5692],[-108.1556,39.5846],[-108.1523,39.5968]]]}},{"type":"Feature","properties":{"c":"#00fb90","v0":0.05,"v1":0.25},"geometry":{"type":"Polygon","coordinates":[[[-108.4555,39.5356],[-108.4385,39.5455],[-108.4173,39.5417],[-108.3919,39.524],[-108.3869,39.5119],[-108.4023,39.5053],[-108.4235,39.5092],[-108.4505,39.5235],[-108.4555,39.5356]]]}},{"type":"Feature","properties":{"c":"#00fb90","v0":0.05,"v1":0.25},"geometry":{"type":"Polygon","coordinates":[[[-86.9575,39.3809],[-86.9525,39.3902],[-86.93,39.4001],[-86.89,39.4105],[-86.77,39.4135],[-86.57,39.409],[-86.43,39.413],[-86.35,39.4255],[-86.22,39.4321],[-86.04,39.4328],[-85.87,39.4514],[-85.71,39.4878],[-85.58,39.5039],[-85.48,39.4996],[-85.37,39.5036],[-85.25,39.5157],[-85.1817,39.5201],[-85.165,39.5168],[-85.15,39.5036],[-85.1368,39.4805],[-85.1151,39.4645],[-85.085,39.4556],[-85.035,39.4594],[-84.965,39.4758],[-84.91,39.4735],[-84.87,39.4527],[-84.8349,39.4218],[-84.8048,39.3811],[-84.8075,39.3298],[-84.8429,39.2679],[-84.8574,39.2291],[-84.8511,39.2136],[-84.8219,39.1865],[-84.7697,39.1478],[-84.7597,39.109],[-84.7919,39.0702],[-84.7992,39.0352],[-84.7817,39.0041],[-84.7839,38.9769],[-84.8059,38.9536],[-84.8002,38.941],[-84.7667,38.9391],[-84.735,38.9498],[-84.705,38.973],[-84.67,38.9692],[-84.63,38.9384],[-84.585,38.9225],[-84.535,38.9217],[-84.4877,38.9148],[-84.443,38.9017],[-84.448,38.8883],[-84.5027,38.8746],[-84.585,38.8697],[-84.695,38.8739],[-84.775,38.869],[-84.825,38.8548],[-84.94,38.8417],[-85.12,38.8296],[-85.25,38.8256],[-85.33,38.8297],[-85.4164,38.8243],[-85.5093,38.8093],[-85.5654,38.8096],[-85.5847,38.8252],[-85.5886,38.8368],[-85.577,38.8446],[-85.4909,38.8646],[-85.3303,38.8967],[-85.1801,38.92],[-85.0402,38.9346],[-84.9661,38.9458],[-84.9577,38.9536],[-84.9597,38.9886],[-84.972,39.0507],[-84.9912,39.091],[-85.0171,39.1093],[-85.05,39.1218],[-85.09,39.1286],[-85.135,39.1253],[-85.185,39.1119],[-85.2269,39.0955],[-85.2606,39.076],[-85.2856,39.0543],[-85.3019,39.0304],[-85.32,39.019],[-85.34,39.0201],[-85.365,39.032],[-85.395,39.0548],[-85.435,39.0679],[-85.485,39.0713],[-85.61,39.0586],[-85.81,39.0297],[-85.97,39.0163],[-86.09,39.0183],[-86.1583,39.0233],[-86.1749,39.0312],[-86.1788,39.0391],[-86.1699,39.0469],[-86.097,39.074],[-85.9602,39.1206],[-85.8964,39.154],[-85.9055,39.1741],[-85.97,39.189],[-86.09,39.1985],[-86.17,39.22],[-86.21,39.2533],[-86.245,39.274],[-86.275,39.282],[-86.32,39.2698],[-86.38,39.2375],[-86.4257,39.2291],[-86.4572,39.2446],[-86.4593,39.2679],[-86.4319,39.2988],[-86.4262,39.3206],[-86.4421,39.3331],[-86.495,39.3357],[-86.585,39.3284],[-86.655,39.333],[-86.705,39.3495],[-86.76,39.3551],[-86.82,39.3498],[-86.87,39.34],[-86.91,39.3258],[-86.9375,39.3331],[-86.9525,39.3618],[-86.9575,39.3809]]]}},{"type":"Feature","properties":{"c":"#00fb90","v0":0.05,"v1":0.25},"geometry":{"type":"Polygon","coordinates":[[[-89.8511,39.465],[-89.837,39.4573],[-89.835,39.4526],[-89.845,39.4508],[-89.852,39.4547],[-89.8561,39.4642],[-89.8511,39.465]]]}},{"type":"Feature","properties":{"c":"#00fb90","v0":0.05,"v1":0.25},"geometry":{"type":"Polygon","coordinates":[[[-97.6775,39.21],[-97.4592,39.28],[-97.31,39.3162],[-97.23,39.3186],[-97.1615,39.3145],[-97.1044,39.3041],[-97.1714,39.2717],[-97.3622,39.2175],[-97.5307,39.1821],[-97.6769,39.1655],[-97.7592,39.1616],[-97.7775,39.1705],[-97.6775,39.21]]]}},{"type":"Feature","properties":{"c":"#00fb90","v0":0.05,"v1":0.25},"geometry":{"type":"Polygon","coordinates":[[[-107.5377,39.2727],[-107.5326,39.2823],[-107.52,39.2855],[-107.5,39.2824],[-107.435,39.2489],[-107.325,39.185],[-107.25,39.1501],[-107.21,39.1442],[-107.185,39.1326],[-107.175,39.1153],[-107.1849,39.1005],[-107.2148,39.088],[-107.2448,39.0829],[-107.2749,39.0852],[-107.3526,39.1317],[-107.4777,39.2225],[-107.5377,39.2727]]]}},{"type":"Feature","properties":{"c":"#00fb90","v0":0.05,"v1":0.25},"geometry":{"type":"Polygon","coordinates":[[[-86.9916,39.2431],[-86.9772,39.2555],[-86.95,39.2664],[-86.91,39.2757],[-86.8765,39.2733],[-86.8495,39.2594],[-86.8395,39.2473],[-86.8465,39.2372],[-86.875,39.2289],[-86.925,39.2223],[-86.9622,39.2235],[-86.9866,39.2324],[-86.9916,39.2431]]]}},{"type":"Feature","properties":{"c":"#00fb90","v0":0.05,"v1":0.25},"geometry":{"type":"Polygon","coordinates":[[[-102.6433,39.1471],[-102.6211,39.1846],[-102.6,39.2067],[-102.58,39.2135],[-102.555,39.2095],[-102.525,39.1947],[-102.5019,39.1648],[-102.4856,39.1198],[-102.5106,39.0922],[-102.5769,39.082],[-102.6211,39.0898],[-102.6433,39.1155],[-102.6433,39.1471]],[[-102.6097,39.1439],[-102.5985,39.1749],[-102.582,39.1904],[-102.5601,39.1904],[-102.5466,39.1749],[-102.5417,39.1439],[-102.5519,39.1244],[-102.5773,39.1165],[-102.5963,39.1165],[-102.609,39.1244],[-102.6097,39.1439]]]}},{"type":"Feature","properties":{"c":"#00fb90","v0":0.05,"v1":0.25},"geometry":{"type":"Polygon","coordinates":[[[-103.2649,39.1555],[-103.2301,39.1788],[-103.187,39.1821],[-103.1357,39.1656],[-103.08,39.1599],[-103.02,39.1649],[-102.9736,39.1461],[-102.9408,39.1032],[-102.9017,39.0779],[-102.8562,39.0702],[-102.8284,39.0585],[-102.8185,39.043],[-102.8226,39.028],[-102.8409,39.0136],[-102.875,39.0049],[-102.925,39.0022],[-102.97,39.005],[-103.01,39.0135],[-103.045,39.0145],[-103.075,39.0082],[-103.1209,39.0204],[-103.1826,39.051],[-103.2307,39.0857],[-103.2651,39.1245],[-103.2649,39.1555]]]}},{"type":"Feature","properties":{"c":"#00fb90","v0":0.05,"v1":0.25},"geometry":{"type":"Polygon","coordinates":[[[-105.5451,39.084],[-105.535,39.0883],[-105.5109,39.0844],[-105.4728,39.0723],[-105.3528,39.014],[-105.1509,38.9094],[-105.0154,38.8472],[-104.9463,38.8273],[-104.8953,38.794],[-104.8624,38.7472],[-104.8719,38.7209],[-104.924,38.715],[-104.985,38.7303],[-105.055,38.7667],[-105.11,38.7895],[-105.15,38.7986],[-105.1882,38.8261],[-105.2246,38.8722],[-105.3046,38.9245],[-105.4282,38.9831],[-105.505,39.0297],[-105.5351,39.0644],[-105.5451,39.084]]]}},{"type":"Feature","properties":{"c":"#00fb90","v0":0.05,"v1":0.25},"geometry":{"type":"Polygon","coordinates":[[[-92.6362,39.0166],[-92.5521,39.0414],[-92.465,39.0531],[-92.375,39.0517],[-92.28,39.043],[-92.18,39.0271],[-92.105,39.0274],[-92.055,39.0439],[-91.9698,39.0479],[-91.8494,39.0394],[-91.8144,39.0253],[-91.8648,39.0055],[-91.975,38.9939],[-92.145,38.9903],[-92.2543,38.9808],[-92.3029,38.9652],[-92.3579,38.9553],[-92.4193,38.9509],[-92.4743,38.9509],[-92.5229,38.9553],[-92.58,38.9691],[-92.6455,38.9925],[-92.6362,39.0166]]]}},{"type":"Feature","properties":{"c":"#00fb90","v0":0.05,"v1":0.25},"geometry":{"type":"Polygon","coordinates":[[[-89.8604,39.0527],[-89.8268,39.0568],[-89.7797,39.0529],[-89.7192,39.0411],[-89.612,39.0041],[-89.458,38.9419],[-89.3933,38.9091],[-89.4178,38.9057],[-89.455,38.9122],[-89.505,38.9285],[-89.555,38.9387],[-89.605,38.9426],[-89.6918,38.9711],[-89.8154,39.0242],[-89.8604,39.0527]]]}},{"type":"Feature","properties":{"c":"#00fb90","v0":0.05,"v1":0.25},"geometry":{"type":"Polygon","coordinates":[[[-73.6652,38.9925],[-73.6331,39.0002],[-73.6253,38.9969],[-73.6418,38.9824],[-73.6578,38.9785],[-73.6734,38.9852],[-73.6652,38.9925]]]}},{"type":"Feature","properties":{"c":"#00fb90","v0":0.05,"v1":0.25},"geometry":{"type":"Polygon","coordinates":[[[-104.9712,38.9341],[-104.9304,38.9497],[-104.8869,38.9419],[-104.8407,38.9108],[-104.8253,38.8875],[-104.8406,38.8719],[-104.8586,38.8623],[-104.8795,38.8587],[-104.905,38.8628],[-104.935,38.8745],[-104.9604,38.8919],[-104.9812,38.9149],[-104.9712,38.9341]]]}},{"type":"Feature","properties":{"c":"#00fb90","v0":0.05,"v1":0.25},"geometry":{"type":"Polygon","coordinates":[[[-86.5133,38.8965],[-86.4311,38.93],[-86.3545,38.9456],[-86.2834,38.9431],[-86.3182,38.9225],[-86.4589,38.8836],[-86.5355,38.868],[-86.5481,38.8758],[-86.5133,38.8965]]]}},{"type":"Feature","properties":{"c":"#00fb90","v0":0.05,"v1":0.25},"geometry":{"type":"Polygon","coordinates":[[[-105.8386,38.8735],[-105.8195,38.8924],[-105.77,38.8912],[-105.69,38.8701],[-105.64,38.8498],[-105.62,38.8302],[-105.61,38.8012],[-105.61,38.7628],[-105.65,38.7539],[-105.73,38.7744],[-105.7895,38.8045],[-105.8286,38.8442],[-105.8386,38.8735]]]}},{"type":"Feature","properties":{"c":"#00fb90","v0":0.05,"v1":0.25},"geometry":{"type":"Polygon","coordinates":[[[-73.716,38.8141],[-73.6453,38.8698],[-73.5866,38.8932],[-73.5398,38.8842],[-73.4986,38.8446],[-73.4631,38.7745],[-73.4615,38.712],[-73.4938,38.6573],[-73.525,38.6283],[-73.555,38.6251],[-73.6005,38.6407],[-73.6616,38.6753],[-73.6963,38.7082],[-73.7048,38.7394],[-73.7196,38.7628],[-73.7408,38.7784],[-73.716,38.8141]]]}},{"type":"Feature","properties":{"c":"#00fb90","v0":0.05,"v1":0.25},"geometry":{"type":"Polygon","coordinates":[[[-103.971,38.8605],[-103.9303,38.8534],[-103.845,38.8124],[-103.715,38.7374],[-103.61,38.6839],[-103.53,38.6519],[-103.4828,38.6188],[-103.4685,38.5847],[-103.4885,38.5654],[-103.5428,38.561],[-103.585,38.5441],[-103.615,38.5146],[-103.655,38.5069],[-103.705,38.5208],[-103.7523,38.5416],[-103.797,38.5694],[-103.8414,38.6106],[-103.8856,38.6653],[-103.9285,38.7355],[-103.9704,38.8213],[-103.971,38.8605]],[[-103.8267,38.7258],[-103.8156,38.7299],[-103.8033,38.726],[-103.79,38.7141],[-103.7956,38.7121],[-103.8201,38.7199],[-103.8267,38.7258]]]}},{"type":"Feature","properties":{"c":"#00fb90","v0":0.05,"v1":0.25},"geometry":{"type":"Polygon","coordinates":[[[-95.2,38.4798],[-95.1667,38.4921],[-95.03,38.5064],[-94.79,38.5228],[-94.6613,38.5362],[-94.6439,38.5467],[-94.6343,38.5637],[-94.6325,38.5871],[-94.6212,38.6028],[-94.6004,38.6108],[-94.515,38.6191],[-94.365,38.6278],[-94.255,38.6283],[-94.185,38.6205],[-94.095,38.619],[-93.985,38.6237],[-93.886,38.6505],[-93.7981,38.6994],[-93.7642,38.7355],[-93.7845,38.7589],[-93.7886,38.7745],[-93.7768,38.7823],[-93.7357,38.7968],[-93.6652,38.8179],[-93.585,38.8322],[-93.495,38.8398],[-93.41,38.8403],[-93.33,38.834],[-93.255,38.8224],[-93.185,38.8055],[-93.115,38.799],[-93.045,38.803],[-92.96,38.7993],[-92.86,38.7877],[-92.685,38.8006],[-92.435,38.8381],[-92.285,38.8445],[-92.235,38.82],[-92.165,38.8062],[-92.0751,38.8033],[-92.0237,38.7784],[-92.0109,38.7316],[-91.9909,38.7003],[-91.9636,38.6844],[-91.925,38.6808],[-91.875,38.6893],[-91.8407,38.7051],[-91.8221,38.728],[-91.8191,38.7511],[-91.8316,38.7745],[-91.8261,38.7901],[-91.8025,38.7979],[-91.7862,38.7979],[-91.7774,38.7901],[-91.781,38.7784],[-91.7968,38.7628],[-91.8044,38.7472],[-91.8037,38.7316],[-91.7851,38.7149],[-91.7484,38.697],[-91.585,38.6785],[-91.295,38.6594],[-91.09,38.6509],[-90.97,38.6529],[-90.865,38.649],[-90.775,38.6394],[-90.7239,38.6295],[-90.7118,38.6195],[-90.7307,38.5832],[-90.7806,38.5206],[-90.8217,38.4829],[-90.8539,38.47],[-90.96,38.4617],[-91.14,38.458],[-91.26,38.4613],[-91.32,38.4715],[-91.385,38.4761],[-91.455,38.475],[-91.505,38.4697],[-91.535,38.4601],[-91.565,38.4576],[-91.595,38.4621],[-91.645,38.4504],[-91.715,38.4226],[-91.79,38.4028],[-91.87,38.3912],[-91.96,38.3855],[-92.06,38.3857],[-92.16,38.4025],[-92.26,38.4357],[-92.43,38.4523],[-92.67,38.4523],[-92.825,38.4581],[-92.895,38.4697],[-93.025,38.4628],[-93.215,38.4373],[-93.365,38.4295],[-93.475,38.4393],[-93.57,38.435],[-93.65,38.4163],[-93.77,38.4029],[-93.93,38.3949],[-94.0147,38.392],[-94.024,38.3942],[-94.019,38.4097],[-93.9997,38.4384],[-93.9372,38.4659],[-93.8317,38.4919],[-93.7817,38.5139],[-93.7872,38.5318],[-93.815,38.5461],[-93.865,38.557],[-94.035,38.5535],[-94.325,38.5357],[-94.529,38.5096],[-94.6471,38.4752],[-94.8221,38.4427],[-95.054,38.412],[-95.175,38.3978],[-95.185,38.4001],[-95.1967,38.4193],[-95.21,38.4556],[-95.2,38.4798]]]}},{"type":"Feature","properties":{"c":"#00fb90","v0":0.05,"v1":0.25},"geometry":{"type":"Polygon","coordinates":[[[-86.4797,38.7511],[-86.4466,38.7745],[-86.385,38.781],[-86.295,38.7704],[-86.185,38.7684],[-86.055,38.775],[-85.9804,38.7763],[-85.9612,38.7725],[-85.9457,38.7628],[-85.934,38.7472],[-85.9436,38.7277],[-85.9743,38.7043],[-86.0198,38.6907],[-86.0799,38.6868],[-86.17,38.6864],[-86.29,38.6893],[-86.3866,38.7029],[-86.4597,38.7272],[-86.4797,38.7511]]]}},{"type":"Feature","properties":{"c":"#00fb90","v0":0.05,"v1":0.25},"geometry":{"type":"Polygon","coordinates":[[[-103.4149,38.7728],[-103.3983,38.7771],[-103.325,38.7689],[-103.195,38.7481],[-103.1193,38.7303],[-103.098,38.7156],[-103.0795,38.6887],[-103.0638,38.6496],[-102.9986,38.5949],[-102.884,38.5246],[-102.8875,38.4975],[-103.0092,38.5137],[-103.1002,38.5137],[-103.1605,38.4975],[-103.2155,38.52],[-103.2652,38.5814],[-103.3184,38.6283],[-103.3751,38.6607],[-103.4084,38.7004],[-103.4183,38.7472],[-103.4149,38.7728]]]}},{"type":"Feature","properties":{"c":"#00fb90","v0":0.05,"v1":0.25},"geometry":{"type":"Polygon","coordinates":[[[-94.2353,37.2943],[-94.1251,37.3353],[-93.97,37.3634],[-93.77,37.3784],[-93.6625,37.3897],[-93.6474,37.3973],[-93.6422,37.4129],[-93.6469,37.4368],[-93.5944,37.4618],[-93.4848,37.4881],[-93.4254,37.5119],[-93.4162,37.5332],[-93.4178,37.5597],[-93.4302,37.5914],[-93.4298,37.6123],[-93.4166,37.6223],[-93.4,37.6269],[-93.38,37.6261],[-93.3714,37.6132],[-93.3741,37.5881],[-93.3651,37.5716],[-93.3445,37.5637],[-93.3031,37.5631],[-93.241,37.5699],[-93.18,37.568],[-93.12,37.5573],[-93.045,37.5594],[-92.955,37.5742],[-92.88,37.5965],[-92.82,37.6263],[-92.7589,37.6684],[-92.6966,37.7226],[-92.6641,37.7577],[-92.6612,37.7735],[-92.6657,37.7853],[-92.6777,37.7932],[-92.7403,37.8045],[-92.8534,37.8191],[-92.98,37.8226],[-93.12,37.8151],[-93.2137,37.8315],[-93.2612,37.8718],[-93.2012,37.9038],[-93.0337,37.9275],[-92.9,37.9554],[-92.8,37.9874],[-92.7181,38.0031],[-92.6543,38.0026],[-92.6167,38.0103],[-92.6055,38.026],[-92.6074,38.0464],[-92.6225,38.0713],[-92.6728,38.091],[-92.7584,38.1054],[-92.7784,38.1279],[-92.7328,38.1585],[-92.69,38.1763],[-92.65,38.1814],[-92.61,38.1776],[-92.57,38.165],[-92.475,38.1533],[-92.325,38.1425],[-92.205,38.1236],[-92.115,38.0966],[-92.02,38.0803],[-91.92,38.0747],[-91.8559,38.0782],[-91.8278,38.0907],[-91.8112,38.1126],[-91.8059,38.1441],[-91.795,38.1634],[-91.7783,38.1706],[-91.7,38.1763],[-91.56,38.1806],[-91.4647,38.1771],[-91.4141,38.1656],[-91.387,38.1441],[-91.3836,38.1126],[-91.3739,38.09],[-91.358,38.0763],[-91.225,38.0613],[-90.975,38.0452],[-90.8312,38.0442],[-90.7935,38.0583],[-90.7704,38.0811],[-90.7618,38.1126],[-90.7367,38.1402],[-90.695,38.1638],[-90.6431,38.1842],[-90.581,38.2016],[-90.52,38.1993],[-90.46,38.1773],[-90.39,38.1613],[-90.31,38.1511],[-90.2438,38.1691],[-90.1914,38.2153],[-90.164,38.2541],[-90.1615,38.2855],[-90.1846,38.313],[-90.2331,38.3365],[-90.2576,38.3601],[-90.258,38.3836],[-90.2651,38.4032],[-90.2789,38.4189],[-90.3219,38.442],[-90.394,38.4727],[-90.4353,38.504],[-90.4458,38.536],[-90.465,38.5598],[-90.4931,38.5754],[-90.5003,38.5871],[-90.4867,38.5949],[-90.4325,38.6091],[-90.3375,38.6295],[-90.255,38.631],[-90.185,38.6135],[-90.105,38.6055],[-90.015,38.6071],[-89.895,38.6231],[-89.745,38.6536],[-89.645,38.6629],[-89.595,38.6512],[-89.5108,38.6415],[-89.3924,38.6339],[-89.2824,38.6148],[-89.1808,38.5841],[-89.105,38.5724],[-89.055,38.5799],[-88.94,38.568],[-88.76,38.5368],[-88.625,38.5086],[-88.535,38.4834],[-88.455,38.4682],[-88.385,38.4631],[-88.3373,38.4677],[-88.3118,38.4821],[-88.303,38.5246],[-88.3107,38.5949],[-88.3551,38.6457],[-88.4361,38.677],[-88.4853,38.7043],[-88.5027,38.7277],[-88.5033,38.7472],[-88.4869,38.7628],[-88.4566,38.7741],[-88.4122,38.7811],[-88.325,38.7758],[-88.195,38.758],[-88.1,38.737],[-88.04,38.7125],[-87.9435,38.6945],[-87.8105,38.6828],[-87.7273,38.6692],[-87.694,38.6535],[-87.6806,38.636],[-87.6869,38.6165],[-87.725,38.5889],[-87.795,38.5532],[-87.86,38.5393],[-87.92,38.5473],[-87.965,38.547],[-87.995,38.5384],[-88.0222,38.5191],[-88.0467,38.4888],[-88.0467,38.4671],[-88.0222,38.4538],[-87.99,38.4452],[-87.95,38.4411],[-87.91,38.4472],[-87.87,38.4635],[-87.825,38.4588],[-87.775,38.4333],[-87.655,38.4207],[-87.465,38.4213],[-87.35,38.4093],[-87.31,38.3847],[-87.265,38.3705],[-87.215,38.3666],[-87.1767,38.3567],[-87.15,38.3406],[-87.1439,38.313],[-87.1585,38.2738],[-87.1493,38.2306],[-87.1163,38.1834],[-87.1012,38.1284],[-87.104,38.0654],[-87.1195,38.0142],[-87.1476,37.9748],[-87.1637,37.9375],[-87.1679,37.9025],[-87.205,37.866],[-87.275,37.8282],[-87.3261,37.7945],[-87.3584,37.7647],[-87.3755,37.7102],[-87.3775,37.6311],[-87.3663,37.5756],[-87.3419,37.5439],[-87.3265,37.5122],[-87.3201,37.4804],[-87.3001,37.4496],[-87.2667,37.4197],[-87.215,37.3844],[-87.145,37.3437],[-87.032,37.299],[-86.8759,37.2504],[-86.8064,37.2101],[-86.8236,37.1782],[-86.8614,37.1464],[-86.9199,37.1145],[-86.9482,37.0706],[-86.9462,37.0147],[-86.9014,36.9718],[-86.8138,36.942],[-86.7474,36.914],[-86.7021,36.8879],[-86.6971,36.853],[-86.7324,36.8093],[-86.785,36.7753],[-86.855,36.7511],[-86.915,36.7207],[-86.965,36.684],[-87.0187,36.6338],[-87.076,36.57],[-87.1199,36.514],[-87.1505,36.4657],[-87.1587,36.4175],[-87.1442,36.3692],[-87.1501,36.3249],[-87.1763,36.2846],[-87.2295,36.2597],[-87.3098,36.2502],[-87.41,36.2304],[-87.53,36.2001],[-87.5934,36.1725],[-87.6003,36.1477],[-87.58,36.1232],[-87.5325,36.0989],[-87.5192,36.0828],[-87.5401,36.0747],[-87.5854,36.0714],[-87.6551,36.0729],[-87.715,36.0637],[-87.765,36.0438],[-87.835,36.0273],[-87.925,36.0141],[-87.985,35.998],[-88.015,35.979],[-88.0913,35.9502],[-88.214,35.9118],[-88.2785,35.8886],[-88.2846,35.8805],[-88.2628,35.8642],[-88.213,35.8399],[-88.1818,35.8197],[-88.169,35.8034],[-88.1995,35.7878],[-88.2732,35.7727],[-88.32,35.7575],[-88.34,35.7421],[-88.3605,35.7375],[-88.3815,35.7436],[-88.4114,35.775],[-88.4501,35.8318],[-88.4494,35.8764],[-88.4092,35.9088],[-88.3539,35.9412],[-88.2835,35.9736],[-88.2487,36.0008],[-88.2496,36.023],[-88.31,36.0499],[-88.43,36.0817],[-88.525,36.0925],[-88.595,36.0823],[-88.67,36.0792],[-88.75,36.0831],[-88.8159,36.1097],[-88.8676,36.1591],[-88.8906,36.1918],[-88.8848,36.2079],[-88.894,36.2198],[-88.918,36.2273],[-88.985,36.2284],[-89.095,36.2232],[-89.1607,36.2154],[-89.182,36.205],[-89.2055,36.1797],[-89.2311,36.1393],[-89.2572,36.1191],[-89.2838,36.1191],[-89.3121,36.1272],[-89.342,36.1434],[-89.3569,36.1636],[-89.3568,36.1878],[-89.3726,36.212],[-89.4043,36.2362],[-89.4128,36.2765],[-89.3981,36.3329],[-89.3974,36.3853],[-89.4107,36.4336],[-89.4321,36.4738],[-89.4617,36.5059],[-89.4703,36.5461],[-89.458,36.5943],[-89.4632,36.6264],[-89.4859,36.6425],[-89.5304,36.6543],[-89.5968,36.6618],[-89.659,36.6618],[-89.7171,36.6543],[-89.7532,36.6304],[-89.7675,36.5903],[-89.8035,36.5611],[-89.8612,36.5428],[-90.015,36.5416],[-90.265,36.5576],[-90.415,36.5582],[-90.465,36.5436],[-90.525,36.5367],[-90.595,36.5377],[-90.635,36.5292],[-90.645,36.5112],[-90.615,36.5056],[-90.545,36.5125],[-90.5022,36.5054],[-90.4866,36.4843],[-90.4814,36.4657],[-90.4865,36.4497],[-90.5886,36.4134],[-90.7878,36.3571],[-90.9561,36.3208],[-91.0934,36.3047],[-91.2721,36.2604],[-91.4921,36.1878],[-91.6641,36.1482],[-91.788,36.1418],[-91.87,36.1226],[-91.91,36.0905],[-91.985,36.0653],[-92.095,36.0468],[-92.1915,36.0176],[-92.2746,35.9775],[-92.3646,35.9418],[-92.4615,35.9106],[-92.515,35.8968],[-92.525,35.9004],[-92.5343,35.9201],[-92.543,35.9558],[-92.5647,35.9817],[-92.5993,35.9979],[-92.6161,36.01],[-92.6151,36.0181],[-92.5934,36.0295],[-92.5511,36.0443],[-92.49,36.0562],[-92.41,36.0651],[-92.3576,36.0779],[-92.3327,36.0946],[-92.3227,36.1086],[-92.3276,36.1199],[-92.39,36.127],[-92.51,36.1299],[-92.64,36.1042],[-92.78,36.0498],[-92.97,36.002],[-93.21,35.9607],[-93.3353,35.9444],[-93.3458,35.953],[-93.3035,35.9898],[-93.2083,36.0545],[-93.1681,36.0928],[-93.1827,36.1047],[-93.225,36.1107],[-93.295,36.1107],[-93.3347,36.1169],[-93.3441,36.1292],[-93.3441,36.1404],[-93.3347,36.1506],[-93.2491,36.1829],[-93.0872,36.2373],[-92.9722,36.2641],[-92.9041,36.2635],[-92.805,36.2747],[-92.675,36.2977],[-92.59,36.316],[-92.55,36.3297],[-92.52,36.3487],[-92.5,36.3731],[-92.465,36.383],[-92.415,36.3783],[-92.35,36.39],[-92.27,36.4179],[-92.19,36.4269],[-92.11,36.417],[-92.0,36.4225],[-91.86,36.4435],[-91.7827,36.4589],[-91.768,36.4688],[-91.758,36.4859],[-91.7527,36.51],[-91.7275,36.5341],[-91.6825,36.5582],[-91.6472,36.5943],[-91.6216,36.6425],[-91.5791,36.6789],[-91.5197,36.7036],[-91.4773,36.7156],[-91.4518,36.715],[-91.4447,36.7026],[-91.456,36.6786],[-91.4488,36.66],[-91.4229,36.647],[-91.375,36.6514],[-91.305,36.6731],[-91.2121,36.6917],[-91.0964,36.707],[-91.0314,36.7296],[-91.0171,36.7593],[-90.995,36.7771],[-90.965,36.7829],[-90.9455,36.7921],[-90.9364,36.8046],[-90.9582,36.8388],[-91.0107,36.8948],[-91.0333,36.9268],[-91.0258,36.9348],[-90.939,36.9544],[-90.773,36.9857],[-90.6694,37.0177],[-90.6281,37.0503],[-90.6108,37.0746],[-90.6173,37.0905],[-90.6929,37.0967],[-90.8376,37.0932],[-90.9197,37.0932],[-90.9392,37.0967],[-90.9426,37.1105],[-90.9299,37.1344],[-90.9302,37.1504],[-90.9434,37.1584],[-91.03,37.1646],[-91.19,37.169],[-91.2806,37.177],[-91.3018,37.1884],[-91.3156,37.2141],[-91.3218,37.2539],[-91.3462,37.2842],[-91.3887,37.3049],[-91.445,37.3261],[-91.515,37.3478],[-91.61,37.3619],[-91.73,37.3684],[-91.825,37.3642],[-91.895,37.3492],[-91.965,37.351],[-92.035,37.3696],[-92.11,37.3748],[-92.19,37.3663],[-92.36,37.3717],[-92.62,37.3907],[-92.775,37.3977],[-92.825,37.3925],[-92.915,37.3692],[-93.045,37.3277],[-93.185,37.2944],[-93.335,37.2693],[-93.475,37.2586],[-93.605,37.2625],[-93.72,37.2724],[-93.82,37.2884],[-93.95,37.2869],[-94.11,37.2679],[-94.2151,37.2622],[-94.2653,37.2699],[-94.2353,37.2943]],[[-87.6196,36.9878],[-87.5999,36.9897],[-87.582,36.9857],[-87.5659,36.9758],[-87.5709,36.9702],[-87.597,36.9691],[-87.6149,36.9731],[-87.6246,36.9822],[-87.6196,36.9878]],[[-93.1861,36.1595],[-93.1651,36.1757],[-93.1408,36.1837],[-93.1133,36.1837],[-93.1022,36.1756],[-93.1074,36.1593],[-93.1316,36.1513],[-93.1749,36.1514],[-93.1861,36.1595]],[[-93.1237,36.061],[-93.0746,36.1064],[-93.01,36.1381],[-92.93,36.1561],[-92.8634,36.1617],[-92.8102,36.1549],[-92.8074,36.1272],[-92.855,36.0787],[-92.9266,36.0446],[-93.0222,36.025],[-93.0896,36.0209],[-93.1287,36.0325],[-93.1237,36.061]],[[-92.7646,36.1849],[-92.7415,36.2194],[-92.685,36.2428],[-92.595,36.2551],[-92.4718,36.2863],[-92.3153,36.3362],[-92.1203,36.3755],[-91.8868,36.4043],[-91.7418,36.4084],[-91.6855,36.3876],[-91.6705,36.354],[-91.6968,36.3076],[-91.734,36.2633],[-91.7819,36.221],[-91.8675,36.1918],[-91.9908,36.1757],[-92.0605,36.1716],[-92.0766,36.1797],[-92.0831,36.212],[-92.0801,36.2684],[-92.1114,36.3026],[-92.1771,36.3146],[-92.31,36.2828],[-92.51,36.2074],[-92.6515,36.1692],[-92.7346,36.1681],[-92.7646,36.1849]],[[-91.2546,36.6388],[-91.2249,36.6474],[-91.2032,36.6474],[-91.1896,36.6388],[-91.1946,36.6279],[-91.2182,36.6147],[-91.2399,36.6147],[-91.2596,36.6279],[-91.2546,36.6388]],[[-93.6873,37.3289],[-93.6624,37.3436],[-93.615,37.355],[-93.545,37.3631],[-93.4986,37.3637],[-93.4759,37.3568],[-93.4703,37.3454],[-93.4821,37.3295],[-93.5075,37.3176],[-93.5465,37.3096],[-93.587,37.3044],[-93.629,37.3019],[-93.6624,37.3059],[-93.6873,37.3163],[-93.6873,37.3289]],[[-93.2305,37.3567],[-93.2168,37.3635],[-93.2043,37.3635],[-93.1929,37.3567],[-93.1929,37.3495],[-93.2043,37.3417],[-93.2168,37.3417],[-93.2305,37.3495],[-93.2305,37.3567]],[[-92.5308,38.0418],[-92.5192,38.0575],[-92.5026,38.0678],[-92.4809,38.0727],[-92.4571,38.0727],[-92.4312,38.0678],[-92.4087,38.0575],[-92.3895,38.0418],[-92.3849,38.026],[-92.3949,38.0103],[-92.4175,37.9972],[-92.4525,37.987],[-92.4829,37.987],[-92.5087,37.9972],[-92.5253,38.0103],[-92.5328,38.026],[-92.5308,38.0418]],[[-92.4204,37.8644],[-92.3868,37.8725],[-92.285,37.8654],[-92.115,37.8434],[-91.955,37.8326],[-91.805,37.8332],[-91.7194,37.8362],[-91.6981,37.8418],[-91.6924,37.8485],[-91.7022,37.8564],[-91.7428,37.8652],[-91.8143,37.8747],[-91.8667,37.8865],[-91.9001,37.9007],[-91.9101,37.9148],[-91.8967,37.9288],[-91.865,37.9398],[-91.815,37.9478],[-91.715,37.9362],[-91.565,37.905],[-91.42,37.8963],[-91.28,37.91],[-91.075,37.9202],[-90.805,37.9266],[-90.59,37.9177],[-90.43,37.8934],[-90.3,37.8652],[-90.2,37.8332],[-90.0949,37.8122],[-89.9847,37.8022],[-89.9047,37.7847],[-89.8549,37.7597],[-89.81,37.7431],[-89.77,37.7349],[-89.705,37.7346],[-89.615,37.7422],[-89.5604,37.7588],[-89.5412,37.7844],[-89.5012,37.8047],[-89.4404,37.8197],[-89.28,37.8281],[-89.02,37.83],[-88.81,37.8241],[-88.65,37.8104],[-88.51,37.7828],[-88.39,37.7414],[-88.3,37.7183],[-88.24,37.7134],[-88.165,37.6945],[-88.075,37.6614],[-88.0003,37.5959],[-87.941,37.4978],[-87.8795,37.4209],[-87.8158,37.3653],[-87.7782,37.3176],[-87.7667,37.2778],[-87.776,37.238],[-87.8061,37.1982],[-87.8232,37.1583],[-87.8274,37.1185],[-87.8145,37.0786],[-87.7846,37.0387],[-87.7997,36.9997],[-87.8599,36.9616],[-87.9028,36.9297],[-87.9283,36.9038],[-87.942,36.8828],[-87.944,36.8668],[-87.9313,36.8564],[-87.9038,36.8516],[-87.855,36.857],[-87.785,36.8725],[-87.73,36.8706],[-87.69,36.8512],[-87.65,36.8394],[-87.61,36.8352],[-87.555,36.8423],[-87.485,36.8608],[-87.425,36.8702],[-87.375,36.8705],[-87.335,36.8674],[-87.305,36.861],[-87.2812,36.8501],[-87.2637,36.8346],[-87.2687,36.8101],[-87.2962,36.7767],[-87.3399,36.7607],[-87.3998,36.7621],[-87.4242,36.7547],[-87.413,36.7387],[-87.4167,36.7147],[-87.4355,36.6826],[-87.437,36.6465],[-87.4212,36.6064],[-87.4374,36.5773],[-87.4858,36.5595],[-87.54,36.5505],[-87.6,36.5505],[-87.6579,36.5354],[-87.7137,36.505],[-87.7436,36.4818],[-87.7477,36.4657],[-87.7648,36.4498],[-87.7949,36.4339],[-87.81,36.4111],[-87.81,36.3813],[-87.844,36.353],[-87.9121,36.3262],[-87.9088,36.3007],[-87.8343,36.2765],[-87.8103,36.2423],[-87.8368,36.1981],[-87.88,36.1713],[-87.94,36.162],[-88.005,36.1425],[-88.075,36.1127],[-88.14,36.1005],[-88.2,36.106],[-88.245,36.1055],[-88.275,36.0989],[-88.26,36.1177],[-88.2,36.1617],[-88.145,36.1884],[-88.095,36.1978],[-88.0604,36.2099],[-88.0412,36.2247],[-88.0362,36.2368],[-88.0454,36.2461],[-88.09,36.2493],[-88.17,36.2464],[-88.22,36.25],[-88.24,36.2603],[-88.2516,36.2773],[-88.2547,36.3009],[-88.2294,36.3249],[-88.1758,36.349],[-88.2242,36.3632],[-88.3747,36.3674],[-88.505,36.3863],[-88.615,36.4201],[-88.6878,36.4301],[-88.7235,36.4163],[-88.7377,36.3933],[-88.7303,36.3611],[-88.7057,36.3289],[-88.6639,36.2967],[-88.65,36.2604],[-88.664,36.22],[-88.6641,36.1797],[-88.6503,36.1393],[-88.67,36.1148],[-88.7233,36.106],[-88.7581,36.106],[-88.7743,36.1148],[-88.7869,36.1312],[-88.796,36.1555],[-88.7854,36.1837],[-88.7551,36.216],[-88.7406,36.2402],[-88.7419,36.2563],[-88.7694,36.2792],[-88.8231,36.3087],[-88.86,36.335],[-88.88,36.3582],[-88.945,36.3652],[-89.055,36.3562],[-89.165,36.3686],[-89.275,36.4024],[-89.3351,36.4249],[-89.3452,36.436],[-89.3492,36.4617],[-89.3469,36.5019],[-89.3619,36.5502],[-89.394,36.6066],[-89.425,36.6455],[-89.455,36.6669],[-89.5325,36.6908],[-89.6574,36.7174],[-89.7524,36.7507],[-89.8175,36.7908],[-89.885,36.8092],[-89.955,36.806],[-90.01,36.813],[-90.05,36.8302],[-90.115,36.8398],[-90.205,36.842],[-90.26,36.823],[-90.2799,36.7828],[-90.3099,36.7579],[-90.35,36.7483],[-90.3759,36.7523],[-90.3876,36.7699],[-90.3772,36.7908],[-90.3447,36.8148],[-90.3314,36.8308],[-90.3371,36.8388],[-90.3725,36.8483],[-90.4375,36.8593],[-90.5543,36.8633],[-90.7229,36.8603],[-90.8056,36.8668],[-90.8023,36.8828],[-90.743,36.9202],[-90.6277,36.9788],[-90.525,37.0127],[-90.435,37.0218],[-90.365,37.0408],[-90.315,37.0698],[-90.2873,37.0918],[-90.2819,37.1069],[-90.3015,37.1264],[-90.3459,37.1503],[-90.4086,37.1715],[-90.4895,37.19],[-90.545,37.2123],[-90.575,37.2384],[-90.605,37.2511],[-90.635,37.2504],[-90.6585,37.256],[-90.6754,37.2679],[-90.6754,37.2774],[-90.6585,37.2846],[-90.63,37.2846],[-90.59,37.2774],[-90.5335,37.2777],[-90.4604,37.2857],[-90.4122,37.2937],[-90.389,37.3016],[-90.3823,37.3136],[-90.392,37.3295],[-90.5602,37.3622],[-90.8867,37.4118],[-91.105,37.46],[-91.215,37.5069],[-91.35,37.5497],[-91.51,37.5886],[-91.635,37.6125],[-91.725,37.6214],[-91.79,37.6394],[-91.83,37.6665],[-91.8924,37.6896],[-91.9772,37.7086],[-92.0522,37.7355],[-92.1174,37.7701],[-92.205,37.7968],[-92.315,37.8155],[-92.3868,37.8337],[-92.4204,37.8515],[-92.4204,37.8644]],[[-92.4684,35.9979],[-92.4441,36.014],[-92.3919,36.0302],[-92.3118,36.0464],[-92.3063,36.0296],[-92.3754,35.9797],[-92.4233,35.9554],[-92.45,35.9567],[-92.4676,35.9655],[-92.4762,35.9817],[-92.4684,35.9979]],[[-90.292,36.6665],[-90.2611,36.6986],[-90.2217,36.7215],[-90.1739,36.7352],[-90.115,36.7425],[-90.045,36.7436],[-89.985,36.7385],[-89.935,36.727],[-89.8949,36.7076],[-89.8647,36.6802],[-89.8547,36.6565],[-89.8649,36.6364],[-89.885,36.6233],[-89.915,36.6172],[-89.97,36.6167],[-90.05,36.6217],[-90.12,36.6199],[-90.18,36.6114],[-90.2344,36.6179],[-90.2831,36.6396],[-90.292,36.6665]]]}},{"type":"Feature","properties":{"c":"#00fb90","v0":0.05,"v1":0.25},"geometry":{"type":"Polygon","coordinates":[[[-105.562,38.7362],[-105.474,38.7297],[-105.4313,38.7063],[-105.4338,38.6659],[-105.4438,38.642],[-105.4613,38.6345],[-105.49,38.6382],[-105.53,38.653],[-105.564,38.6801],[-105.592,38.7197],[-105.562,38.7362]]]}},{"type":"Feature","properties":{"c":"#00fb90","v0":0.05,"v1":0.25},"geometry":{"type":"Polygon","coordinates":[[[-86.7497,38.6869],[-86.7366,38.7067],[-86.6922,38.7184],[-86.6165,38.722],[-86.5784,38.7199],[-86.5781,38.7121],[-86.606,38.6951],[-86.662,38.669],[-86.7066,38.6612],[-86.7397,38.6717],[-86.7497,38.6869]]]}},{"type":"Feature","properties":{"c":"#00fb90","v0":0.05,"v1":0.25},"geometry":{"type":"Polygon","coordinates":[[[-105.3419,38.7082],[-105.3148,38.7082],[-105.2973,38.7004],[-105.2894,38.6848],[-105.2955,38.677],[-105.3156,38.677],[-105.3331,38.6848],[-105.348,38.7004],[-105.3419,38.7082]]]}},{"type":"Feature","properties":{"c":"#00fb90","v0":0.05,"v1":0.25},"geometry":{"type":"Polygon","coordinates":[[[-108.326,38.5413],[-108.3153,38.5514],[-108.3,38.555],[-108.28,38.5522],[-108.25,38.5363],[-108.21,38.5073],[-108.19,38.4866],[-108.19,38.4743],[-108.2,38.4674],[-108.22,38.4662],[-108.2553,38.4832],[-108.306,38.5186],[-108.326,38.5413]]]}},{"type":"Feature","properties":{"c":"#00fb90","v0":0.05,"v1":0.25},"geometry":{"type":"Polygon","coordinates":[[[-86.8096,38.5112],[-86.7832,38.5235],[-86.764,38.5274],[-86.7521,38.5229],[-86.7571,38.5124],[-86.779,38.4959],[-86.7982,38.4919],[-86.8146,38.5006],[-86.8096,38.5112]]]}},{"type":"Feature","properties":{"c":"#00fb90","v0":0.05,"v1":0.25},"geometry":{"type":"Polygon","coordinates":[[[-96.7217,38.4815],[-96.7006,38.4972],[-96.6788,38.5011],[-96.6563,38.4933],[-96.6513,38.4848],[-96.6638,38.4757],[-96.6856,38.4718],[-96.7167,38.4731],[-96.7217,38.4815]]]}},{"type":"Feature","properties":{"c":"#00fb90","v0":0.05,"v1":0.25},"geometry":{"type":"Polygon","coordinates":[[[-108.0014,38.3335],[-107.9671,38.3352],[-107.9411,38.3273],[-107.9232,38.3099],[-107.9232,38.2978],[-107.9411,38.2908],[-107.9671,38.2987],[-108.0014,38.3213],[-108.0014,38.3335]]]}},{"type":"Feature","properties":{"c":"#00fb90","v0":0.05,"v1":0.25},"geometry":{"type":"Polygon","coordinates":[[[-73.9567,38.1323],[-73.9373,38.1716],[-73.8981,38.2175],[-73.8394,38.2698],[-73.7886,38.2933],[-73.7459,38.2881],[-73.7159,38.28],[-73.6986,38.2689],[-73.6868,38.2532],[-73.6805,38.2329],[-73.6909,38.207],[-73.718,38.1755],[-73.7262,38.147],[-73.7154,38.1215],[-73.745,38.1074],[-73.815,38.1047],[-73.865,38.0912],[-73.895,38.0668],[-73.9241,38.0691],[-73.9524,38.0981],[-73.9567,38.1323]]]}},{"type":"Feature","properties":{"c":"#00fb90","v0":0.05,"v1":0.25},"geometry":{"type":"Polygon","coordinates":[[[-106.6695,37.8367],[-106.6595,37.8525],[-106.6484,37.8604],[-106.6361,37.8606],[-106.595,37.8411],[-106.525,37.802],[-106.465,37.7918],[-106.415,37.8105],[-106.385,37.8276],[-106.375,37.843],[-106.365,37.852],[-106.355,37.8544],[-106.3455,37.8489],[-106.3364,37.8355],[-106.3664,37.8006],[-106.4355,37.7441],[-106.505,37.7232],[-106.575,37.7377],[-106.6261,37.7659],[-106.6584,37.8079],[-106.6695,37.8367]]]}},{"type":"Feature","properties":{"c":"#00fb90","v0":0.05,"v1":0.25},"geometry":{"type":"Polygon","coordinates":[[[-106.9855,37.822],[-106.9618,37.8399],[-106.925,37.842],[-106.875,37.8283],[-106.833,37.7956],[-106.7989,37.744],[-106.7839,37.7104],[-106.788,37.6948],[-106.8192,37.6908],[-106.8775,37.6985],[-106.9293,37.73],[-106.9747,37.7853],[-106.9855,37.822]]]}},{"type":"Feature","properties":{"c":"#00fb90","v0":0.05,"v1":0.25},"geometry":{"type":"Polygon","coordinates":[[[-101.0743,37.639],[-101.0573,37.639],[-101.0541,37.6354],[-101.0647,37.6282],[-101.0732,37.6282],[-101.0796,37.6354],[-101.0743,37.639]]]}},{"type":"Feature","properties":{"c":"#00fb90","v0":0.05,"v1":0.25},"geometry":{"type":"Polygon","coordinates":[[[-106.5759,37.4262],[-106.532,37.4447],[-106.49,37.4472],[-106.45,37.4336],[-106.415,37.4275],[-106.385,37.4289],[-106.36,37.443],[-106.34,37.4696],[-106.32,37.4842],[-106.3,37.4869],[-106.2798,37.4585],[-106.2593,37.399],[-106.2643,37.339],[-106.2948,37.2786],[-106.34,37.25],[-106.4,37.2532],[-106.4399,37.2715],[-106.4596,37.3048],[-106.4914,37.3295],[-106.5355,37.3454],[-106.5676,37.3692],[-106.5877,37.401],[-106.5759,37.4262]],[[-106.4087,37.3458],[-106.3829,37.3624],[-106.3573,37.3624],[-106.3319,37.3458],[-106.3369,37.3253],[-106.3723,37.3011],[-106.3979,37.3011],[-106.4137,37.3253],[-106.4087,37.3458]]]}},{"type":"Feature","properties":{"c":"#00fb90","v0":0.05,"v1":0.25},"geometry":{"type":"Polygon","coordinates":[[[-96.2727,37.3946],[-96.2309,37.4135],[-96.195,37.4205],[-96.165,37.4157],[-96.16,37.3988],[-96.18,37.3699],[-96.2159,37.3628],[-96.2677,37.3777],[-96.2727,37.3946]]]}},{"type":"Feature","properties":{"c":"#00fb90","v0":0.05,"v1":0.25},"geometry":{"type":"Polygon","coordinates":[[[-96.6666,37.1874],[-96.6422,37.2056],[-96.59,37.2289],[-96.51,37.2574],[-96.4203,37.2761],[-96.3208,37.2852],[-96.2908,37.268],[-96.3303,37.2245],[-96.4,37.1814],[-96.5,37.1386],[-96.565,37.1191],[-96.595,37.1228],[-96.6272,37.1381],[-96.6616,37.1648],[-96.6666,37.1874]]]}},{"type":"Feature","properties":{"c":"#00fb90","v0":0.05,"v1":0.25},"geometry":{"type":"Polygon","coordinates":[[[-106.35,37.1503],[-106.3429,37.1583],[-106.3368,37.1583],[-106.3318,37.1503],[-106.3353,37.1464],[-106.3475,37.1464],[-106.35,37.1503]]]}},{"type":"Feature","properties":{"c":"#00fb90","v0":0.05,"v1":0.25},"geometry":{"type":"Polygon","coordinates":[[[-106.2622,37.102],[-106.2407,37.1091],[-106.2134,37.0971],[-106.1802,37.0661],[-106.1802,37.0424],[-106.2134,37.026],[-106.2394,37.026],[-106.2581,37.0424],[-106.2688,37.0626],[-106.2715,37.0865],[-106.2622,37.102]]]}},{"type":"Feature","properties":{"c":"#00fb90","v0":0.05,"v1":0.25},"geometry":{"type":"Polygon","coordinates":[[[-105.0641,36.9933],[-105.0414,37.0064],[-105.0188,37.0064],[-104.9964,36.9933],[-104.9964,36.979],[-105.0188,36.9635],[-105.0414,36.9635],[-105.0641,36.979],[-105.0641,36.9933]]]}},{"type":"Feature","properties":{"c":"#00fb90","v0":0.05,"v1":0.25},"geometry":{"type":"Polygon","coordinates":[[[-106.2361,36.9306],[-106.2187,36.946],[-106.19,36.948],[-106.15,36.9365],[-106.1237,36.9247],[-106.111,36.9128],[-106.106,36.8981],[-106.1087,36.8806],[-106.115,36.8672],[-106.125,36.8577],[-106.15,36.8569],[-106.19,36.8647],[-106.2187,36.8822],[-106.2361,36.9093],[-106.2361,36.9306]]]}},{"type":"Feature","properties":{"c":"#00fb90","v0":0.05,"v1":0.25},"geometry":{"type":"Polygon","coordinates":[[[-105.1584,36.8268],[-105.1451,36.8588],[-105.1264,36.8778],[-105.1021,36.8838],[-105.0777,36.8798],[-105.0532,36.8658],[-105.0388,36.8388],[-105.0345,36.7988],[-105.0417,36.7717],[-105.0606,36.7574],[-105.085,36.75],[-105.115,36.7493],[-105.1387,36.7644],[-105.1562,36.7953],[-105.1584,36.8268]],[[-105.1202,36.8153],[-105.1001,36.8243],[-105.0867,36.8203],[-105.0802,36.8033],[-105.0852,36.791],[-105.1017,36.7833],[-105.1151,36.7873],[-105.1252,36.803],[-105.1202,36.8153]]]}},{"type":"Feature","properties":{"c":"#00fb90","v0":0.05,"v1":0.25},"geometry":{"type":"Polygon","coordinates":[[[-105.3133,36.6921],[-105.2978,36.711],[-105.275,36.7184],[-105.245,36.7144],[-105.2206,36.7049],[-105.2019,36.69],[-105.1883,36.6665],[-105.1798,36.6345],[-105.1991,36.6194],[-105.2464,36.6213],[-105.2828,36.6374],[-105.3083,36.6675],[-105.3133,36.6921]]]}},{"type":"Feature","properties":{"c":"#00fb90","v0":0.05,"v1":0.25},"geometry":{"type":"Polygon","coordinates":[[[-100.7615,36.6665],[-100.7,36.6665],[-100.6366,36.6545],[-100.5715,36.6304],[-100.5817,36.6203],[-100.6672,36.6242],[-100.7306,36.6362],[-100.7717,36.6564],[-100.7615,36.6665]]]}},{"type":"Feature","properties":{"c":"#00fb90","v0":0.05,"v1":0.25},"geometry":{"type":"Polygon","coordinates":[[[-106.1697,36.6264],[-106.1616,36.6425],[-106.1507,36.6511],[-106.1369,36.6524],[-106.1247,36.6363],[-106.1142,36.603],[-106.1192,36.5848],[-106.1397,36.5818],[-106.1559,36.5898],[-106.1678,36.6089],[-106.1697,36.6264]]]}},{"type":"Feature","properties":{"c":"#00fb90","v0":0.05,"v1":0.25},"geometry":{"type":"Polygon","coordinates":[[[-100.5107,36.5983],[-100.4554,36.5903],[-100.4383,36.5839],[-100.4594,36.5792],[-100.4871,36.5832],[-100.5213,36.596],[-100.5107,36.5983]]]}},{"type":"Feature","properties":{"c":"#00fb90","v0":0.05,"v1":0.25},"geometry":{"type":"Polygon","coordinates":[[[-106.214,36.5284],[-106.198,36.5413],[-106.1802,36.5453],[-106.1606,36.5405],[-106.1556,36.5294],[-106.1652,36.5121],[-106.18,36.5036],[-106.2,36.5041],[-106.213,36.5088],[-106.219,36.5176],[-106.214,36.5284]]]}},{"type":"Feature","properties":{"c":"#00fb90","v0":0.05,"v1":0.25},"geometry":{"type":"Polygon","coordinates":[[[-88.9678,36.5393],[-88.9559,36.5418],[-88.9475,36.5378],[-88.9425,36.5273],[-88.9485,36.526],[-88.9653,36.5341],[-88.9678,36.5393]]]}},{"type":"Feature","properties":{"c":"#00fb90","v0":0.05,"v1":0.25},"geometry":{"type":"Polygon","coordinates":[[[-88.0942,36.4986],[-88.0647,36.516],[-88.02,36.5242],[-87.96,36.5233],[-87.9242,36.5186],[-87.9127,36.5102],[-87.9127,36.5],[-87.9242,36.4882],[-87.96,36.4765],[-88.02,36.4647],[-88.06,36.4601],[-88.08,36.4628],[-88.0947,36.4706],[-88.1042,36.4834],[-88.0942,36.4986]]]}},{"type":"Feature","properties":{"c":"#00fb90","v0":0.05,"v1":0.25},"geometry":{"type":"Polygon","coordinates":[[[-105.1443,36.4627],[-105.1214,36.4728],[-105.1031,36.4648],[-105.0894,36.4386],[-105.0944,36.4232],[-105.1181,36.4185],[-105.1364,36.4265],[-105.1493,36.4473],[-105.1443,36.4627]]]}},{"type":"Feature","properties":{"c":"#00fb90","v0":0.05,"v1":0.25},"geometry":{"type":"Polygon","coordinates":[[[-101.9367,36.438],[-101.8656,36.4628],[-101.803,36.4548],[-101.7489,36.4138],[-101.7166,36.3812],[-101.7062,36.3571],[-101.7082,36.3368],[-101.7227,36.3204],[-101.7422,36.3123],[-101.7665,36.3126],[-101.7965,36.3279],[-101.8322,36.3581],[-101.8744,36.3782],[-101.9232,36.3883],[-101.9537,36.4014],[-101.9661,36.4175],[-101.9367,36.438]]]}},{"type":"Feature","properties":{"c":"#00fb90","v0":0.05,"v1":0.25},"geometry":{"type":"Polygon","coordinates":[[[-87.9681,36.4127],[-87.9427,36.4194],[-87.919,36.4194],[-87.8969,36.4127],[-87.8969,36.4012],[-87.919,36.3848],[-87.9427,36.3848],[-87.9681,36.4012],[-87.9681,36.4127]]]}},{"type":"Feature","properties":{"c":"#00fb90","v0":0.05,"v1":0.25},"geometry":{"type":"Polygon","coordinates":[[[-102.1589,36.01],[-102.1297,36.0181],[-102.1266,36.0423],[-102.1497,36.0828],[-102.1344,36.1191],[-102.0809,36.1514],[-102.0631,36.1842],[-102.081,36.2174],[-102.075,36.2328],[-102.045,36.2306],[-101.97,36.2024],[-101.85,36.1482],[-101.75,36.1249],[-101.67,36.1325],[-101.615,36.1292],[-101.585,36.1151],[-101.5333,36.1027],[-101.4599,36.0921],[-101.4249,36.0786],[-101.4283,36.0622],[-101.4464,36.0501],[-101.4791,36.0422],[-101.5041,36.0306],[-101.5214,36.0151],[-101.55,36.0094],[-101.59,36.0134],[-101.625,36.0068],[-101.655,35.9896],[-101.7,35.9868],[-101.76,35.9983],[-101.805,35.9893],[-101.835,35.9596],[-101.92,35.9508],[-102.06,35.9628],[-102.1409,35.9781],[-102.1626,35.9967],[-102.1589,36.01]]]}},{"type":"Feature","properties":{"c":"#00fb90","v0":0.05,"v1":0.25},"geometry":{"type":"Polygon","coordinates":[[[-89.5286,36.1555],[-89.5254,36.1636],[-89.5149,36.1676],[-89.4972,36.1676],[-89.4837,36.1552],[-89.4746,36.1305],[-89.48,36.1165],[-89.5,36.1131],[-89.5151,36.1214],[-89.5252,36.1414],[-89.5286,36.1555]]]}},{"type":"Feature","properties":{"c":"#00fb90","v0":0.05,"v1":0.25},"geometry":{"type":"Polygon","coordinates":[[[-89.2547,35.9578],[-89.2382,35.9585],[-89.2297,35.9545],[-89.2292,35.9456],[-89.2375,35.9452],[-89.2545,35.9533],[-89.2547,35.9578]]]}},{"type":"Feature","properties":{"c":"#00fb90","v0":0.05,"v1":0.25},"geometry":{"type":"Polygon","coordinates":[[[-106.6094,35.9418],[-106.5831,35.9431],[-106.5267,35.9188],[-106.4402,35.8689],[-106.3941,35.8318],[-106.3883,35.8075],[-106.4016,35.7777],[-106.4339,35.7425],[-106.4813,35.7344],[-106.5439,35.7534],[-106.587,35.8075],[-106.6106,35.8967],[-106.6094,35.9418]],[[-106.5713,35.8562],[-106.5571,35.8808],[-106.54,35.8931],[-106.52,35.8932],[-106.4921,35.8809],[-106.4563,35.8563],[-106.4376,35.8318],[-106.4359,35.8075],[-106.4438,35.788],[-106.4613,35.7735],[-106.48,35.7674],[-106.5,35.7699],[-106.5205,35.7772],[-106.5416,35.7893],[-106.5587,35.8075],[-106.5718,35.8318],[-106.5713,35.8562]]]}},{"type":"Feature","properties":{"c":"#00fb90","v0":0.05,"v1":0.25},"geometry":{"type":"Polygon","coordinates":[[[-101.7788,35.8797],[-101.7596,35.8863],[-101.7328,35.8823],[-101.6983,35.8676],[-101.6933,35.8504],[-101.7178,35.8308],[-101.7423,35.8267],[-101.7669,35.8382],[-101.7815,35.8521],[-101.7861,35.8683],[-101.7788,35.8797]]]}},{"type":"Feature","properties":{"c":"#00fb90","v0":0.05,"v1":0.25},"geometry":{"type":"Polygon","coordinates":[[[-92.7607,35.8107],[-92.7269,35.8414],[-92.6765,35.8617],[-92.6095,35.8715],[-92.5812,35.8642],[-92.5918,35.8399],[-92.6153,35.8177],[-92.6518,35.7975],[-92.69,35.7843],[-92.73,35.778],[-92.7569,35.78],[-92.7707,35.7902],[-92.7607,35.8107]],[[-92.7053,35.8171],[-92.6951,35.8282],[-92.68,35.8332],[-92.66,35.8321],[-92.6651,35.8266],[-92.6953,35.8166],[-92.7053,35.8171]]]}},{"type":"Feature","properties":{"c":"#00fb90","v0":0.05,"v1":0.25},"geometry":{"type":"Polygon","coordinates":[[[-102.0378,35.7791],[-101.9962,35.8115],[-101.9509,35.8237],[-101.9017,35.8156],[-101.8953,35.7959],[-101.9318,35.7647],[-101.9771,35.7526],[-102.0314,35.7594],[-102.0378,35.7791]]]}},{"type":"Feature","properties":{"c":"#00fb90","v0":0.05,"v1":0.25},"geometry":{"type":"Polygon","coordinates":[[[-75.8556,35.6095],[-75.8385,35.6277],[-75.8188,35.6318],[-75.7965,35.6217],[-75.7915,35.6063],[-75.8038,35.5855],[-75.8235,35.5815],[-75.8506,35.5941],[-75.8556,35.6095]]]}},{"type":"Feature","properties":{"c":"#00fb90","v0":0.05,"v1":0.25},"geometry":{"type":"Polygon","coordinates":[[[-76.2035,35.5599],[-76.1945,35.5765],[-76.175,35.5876],[-76.145,35.5932],[-76.095,35.5878],[-76.025,35.5712],[-75.9834,35.556],[-75.9701,35.5422],[-75.9701,35.5296],[-75.9834,35.5182],[-76.02,35.5064],[-76.08,35.4942],[-76.1345,35.5039],[-76.1835,35.5357],[-76.2035,35.5599]],[[-76.1646,35.5577],[-76.1415,35.57],[-76.1159,35.566],[-76.0876,35.5455],[-76.0826,35.5291],[-76.1009,35.5168],[-76.1265,35.5208],[-76.1596,35.5413],[-76.1646,35.5577]]]}},{"type":"Feature","properties":{"c":"#00fb90","v0":0.05,"v1":0.25},"geometry":{"type":"Polygon","coordinates":[[[-88.5399,35.4768],[-88.5066,35.4899],[-88.4483,35.4859],[-88.3649,35.4646],[-88.3549,35.4562],[-88.4183,35.4608],[-88.47,35.4584],[-88.51,35.449],[-88.5366,35.4508],[-88.5499,35.4637],[-88.5399,35.4768]]]}},{"type":"Feature","properties":{"c":"#00fb90","v0":0.05,"v1":0.25},"geometry":{"type":"Polygon","coordinates":[[[-88.8,35.4419],[-88.78,35.4505],[-88.7412,35.4424],[-88.6835,35.4175],[-88.6735,35.4047],[-88.7112,35.4042],[-88.75,35.4123],[-88.79,35.4292],[-88.8,35.4419]]]}},{"type":"Feature","properties":{"c":"#00fb90","v0":0.05,"v1":0.25},"geometry":{"type":"Polygon","coordinates":[[[-109.1719,35.4132],[-109.1636,35.4295],[-109.1521,35.4391],[-109.1374,35.4422],[-109.1186,35.4381],[-109.0958,35.4269],[-109.0813,35.4132],[-109.075,35.3969],[-109.0764,35.382],[-109.0855,35.3686],[-109.1,35.3597],[-109.12,35.3554],[-109.1415,35.3661],[-109.1646,35.3921],[-109.1719,35.4132]],[[-109.1354,35.4059],[-109.1185,35.4075],[-109.1087,35.4035],[-109.1062,35.3936],[-109.1112,35.3867],[-109.1237,35.3827],[-109.1335,35.3867],[-109.1404,35.3989],[-109.1354,35.4059]]]}},{"type":"Feature","properties":{"c":"#00fb90","v0":0.05,"v1":0.25},"geometry":{"type":"Polygon","coordinates":[[[-108.7211,35.2563],[-108.7137,35.2853],[-108.695,35.2994],[-108.665,35.2987],[-108.6453,35.2842],[-108.636,35.256],[-108.636,35.2316],[-108.6453,35.2111],[-108.6637,35.1989],[-108.6912,35.1948],[-108.7099,35.205],[-108.7198,35.2296],[-108.7211,35.2563]]]}},{"type":"Feature","properties":{"c":"#00fb90","v0":0.05,"v1":0.25},"geometry":{"type":"Polygon","coordinates":[[[-108.3552,35.1919],[-108.2717,35.2554],[-108.2269,35.2717],[-108.2208,35.2409],[-108.2265,35.201],[-108.244,35.1519],[-108.2621,35.1241],[-108.2807,35.1174],[-108.3167,35.1256],[-108.3702,35.1486],[-108.3552,35.1919]]]}},{"type":"Feature","properties":{"c":"#00fb90","v0":0.05,"v1":0.25},"geometry":{"type":"Polygon","coordinates":[[[-107.5057,35.205],[-107.4819,35.2293],[-107.46,35.24],[-107.44,35.2371],[-107.435,35.2238],[-107.445,35.2002],[-107.46,35.1858],[-107.48,35.1807],[-107.4969,35.1818],[-107.5107,35.1891],[-107.5057,35.205]]]}},{"type":"Feature","properties":{"c":"#00fb90","v0":0.05,"v1":0.25},"geometry":{"type":"Polygon","coordinates":[[[-107.6517,35.1737],[-107.6239,35.2008],[-107.5917,35.2089],[-107.5552,35.1982],[-107.5502,35.1834],[-107.5767,35.1645],[-107.6089,35.1563],[-107.6467,35.1588],[-107.6517,35.1737]]]}},{"type":"Feature","properties":{"c":"#00fb90","v0":0.05,"v1":0.25},"geometry":{"type":"Polygon","coordinates":[[[-73.9985,35.1514],[-73.9795,35.1666],[-73.93,35.1702],[-73.85,35.1622],[-73.7861,35.1423],[-73.7384,35.1106],[-73.7161,35.0906],[-73.7192,35.0824],[-73.7381,35.0748],[-73.7727,35.0678],[-73.835,35.0665],[-73.925,35.0711],[-73.9795,35.0909],[-73.9985,35.1261],[-73.9985,35.1514]],[[-73.9577,35.1274],[-73.9432,35.1274],[-73.9395,35.1229],[-73.9465,35.1139],[-73.9537,35.1139],[-73.9612,35.1229],[-73.9577,35.1274]]]}},{"type":"Feature","properties":{"c":"#00fb90","v0":0.05,"v1":0.25},"geometry":{"type":"Polygon","coordinates":[[[-108.1833,34.9267],[-108.1632,34.9841],[-108.1602,35.0251],[-108.1743,35.0496],[-108.1685,35.0704],[-108.1428,35.0875],[-108.1103,35.0588],[-108.071,34.9844],[-108.071,34.9234],[-108.1103,34.8757],[-108.14,34.8537],[-108.16,34.8572],[-108.1758,34.8687],[-108.1875,34.8883],[-108.1833,34.9267]],[[-108.1543,34.9195],[-108.1381,34.9625],[-108.12,34.9845],[-108.1,34.9855],[-108.0862,34.9805],[-108.0787,34.9692],[-108.0837,34.947],[-108.1012,34.9136],[-108.115,34.8925],[-108.125,34.8837],[-108.1381,34.884],[-108.1543,34.8933],[-108.1543,34.9195]]]}},{"type":"Feature","properties":{"c":"#00fb90","v0":0.05,"v1":0.25},"geometry":{"type":"Polygon","coordinates":[[[-72.9229,35.0446],[-72.901,35.0755],[-72.8638,35.0919],[-72.8115,35.0937],[-72.7715,35.0884],[-72.7438,35.076],[-72.7265,35.0514],[-72.7195,35.0147],[-72.7245,34.9882],[-72.7414,34.9718],[-72.7732,34.9636],[-72.8199,34.9636],[-72.8658,34.98],[-72.9111,35.0128],[-72.9229,35.0446]]]}},{"type":"Feature","properties":{"c":"#00fb90","v0":0.05,"v1":0.25},"geometry":{"type":"Polygon","coordinates":[[[-108.3105,34.9882],[-108.3028,35.0046],[-108.2867,35.0166],[-108.2622,35.0243],[-108.25,35.005],[-108.25,34.9586],[-108.26,34.9356],[-108.28,34.9358],[-108.2961,34.9469],[-108.3083,34.969],[-108.3105,34.9882]]]}},{"type":"Feature","properties":{"c":"#00fb90","v0":0.05,"v1":0.25},"geometry":{"type":"Polygon","coordinates":[[[-89.2195,34.8968],[-89.1998,34.9272],[-89.18,34.9475],[-89.16,34.9578],[-89.13,34.961],[-89.09,34.9569],[-89.062,34.9448],[-89.046,34.9245],[-89.0393,34.9062],[-89.0419,34.8898],[-89.0599,34.8722],[-89.0933,34.8532],[-89.125,34.8448],[-89.155,34.8468],[-89.1848,34.8563],[-89.2145,34.8732],[-89.2195,34.8968]]]}},{"type":"Feature","properties":{"c":"#00fb90","v0":0.05,"v1":0.25},"geometry":{"type":"Polygon","coordinates":[[[-106.4801,34.6722],[-106.4425,34.7461],[-106.3963,34.816],[-106.3414,34.8816],[-106.308,34.9155],[-106.296,34.9176],[-106.2864,34.8889],[-106.2793,34.8294],[-106.2886,34.7749],[-106.3142,34.7256],[-106.3299,34.6804],[-106.3357,34.6393],[-106.3665,34.6083],[-106.4222,34.5876],[-106.46,34.5832],[-106.48,34.5951],[-106.4922,34.6096],[-106.4967,34.6266],[-106.4801,34.6722]],[[-106.461,34.6722],[-106.4218,34.7461],[-106.3791,34.7973],[-106.333,34.8256],[-106.307,34.8297],[-106.301,34.8096],[-106.316,34.7564],[-106.352,34.67],[-106.39,34.6189],[-106.43,34.6032],[-106.4577,34.6053],[-106.473,34.6252],[-106.461,34.6722]]]}},{"type":"Feature","properties":{"c":"#00fb90","v0":0.05,"v1":0.25},"geometry":{"type":"Polygon","coordinates":[[[-74.29,34.4545],[-74.2633,34.4887],[-74.215,34.5183],[-74.145,34.5433],[-74.0958,34.5715],[-74.0674,34.603],[-74.0024,34.6521],[-73.9008,34.719],[-73.825,34.7404],[-73.775,34.7165],[-73.745,34.6953],[-73.735,34.677],[-73.72,34.6635],[-73.7,34.6548],[-73.6812,34.6549],[-73.6637,34.6637],[-73.6387,34.6956],[-73.6062,34.7506],[-73.55,34.7891],[-73.47,34.811],[-73.41,34.8361],[-73.37,34.8644],[-73.3,34.8707],[-73.2,34.855],[-73.1512,34.8352],[-73.1537,34.8114],[-73.1824,34.779],[-73.2372,34.7379],[-73.2707,34.6927],[-73.2827,34.6434],[-73.3195,34.594],[-73.3813,34.5446],[-73.4892,34.4745],[-73.6431,34.3838],[-73.7976,34.3254],[-73.9525,34.2995],[-74.06,34.2718],[-74.12,34.2424],[-74.17,34.2336],[-74.21,34.2457],[-74.2437,34.2651],[-74.271,34.2919],[-74.2893,34.3384],[-74.2987,34.4044],[-74.29,34.4545]],[[-74.247,34.4684],[-74.209,34.4973],[-74.165,34.5132],[-74.115,34.516],[-74.07,34.5419],[-74.03,34.5908],[-73.995,34.6229],[-73.965,34.6383],[-73.92,34.6366],[-73.86,34.6179],[-73.7797,34.6111],[-73.6792,34.6162],[-73.6342,34.6034],[-73.6447,34.573],[-73.675,34.5457],[-73.725,34.5217],[-73.7702,34.5082],[-73.8106,34.505],[-73.8266,34.491],[-73.8181,34.4663],[-73.7929,34.4454],[-73.751,34.4285],[-73.731,34.412],[-73.733,34.3959],[-73.7477,34.3797],[-73.7749,34.3632],[-73.8389,34.3493],[-73.9396,34.338],[-74.035,34.3171],[-74.125,34.2868],[-74.1766,34.2759],[-74.1897,34.2845],[-74.2018,34.3136],[-74.2128,34.3632],[-74.2303,34.4044],[-74.2541,34.4374],[-74.247,34.4684]]]}},{"type":"Feature","properties":{"c":"#00fb90","v0":0.05,"v1":0.25},"geometry":{"type":"Polygon","coordinates":[[[-104.4364,34.7785],[-104.4188,34.8022],[-104.3998,34.8104],[-104.3794,34.8032],[-104.3744,34.7879],[-104.3848,34.7646],[-104.4,34.7513],[-104.42,34.7482],[-104.4338,34.7516],[-104.4414,34.7617],[-104.4364,34.7785]]]}},{"type":"Feature","properties":{"c":"#00fb90","v0":0.05,"v1":0.25},"geometry":{"type":"Polygon","coordinates":[[[-76.7786,34.7907],[-76.7195,34.8058],[-76.6725,34.8058],[-76.6375,34.7907],[-76.6275,34.7754],[-76.6425,34.7598],[-76.675,34.751],[-76.725,34.7487],[-76.7645,34.7564],[-76.7936,34.7742],[-76.7786,34.7907]]]}},{"type":"Feature","properties":{"c":"#00fb90","v0":0.05,"v1":0.25},"geometry":{"type":"Polygon","coordinates":[[[-88.6311,34.7717],[-88.617,34.7819],[-88.5956,34.7777],[-88.5669,34.7594],[-88.5669,34.7446],[-88.5956,34.7333],[-88.617,34.7375],[-88.6311,34.7569],[-88.6311,34.7717]]]}},{"type":"Feature","properties":{"c":"#00fb90","v0":0.05,"v1":0.25},"geometry":{"type":"Polygon","coordinates":[[[-107.9261,34.6434],[-107.9085,34.6927],[-107.8923,34.7197],[-107.8774,34.7244],[-107.8599,34.7161],[-107.8397,34.695],[-107.836,34.6598],[-107.849,34.6104],[-107.8692,34.5846],[-107.8964,34.5823],[-107.9162,34.5905],[-107.9287,34.6093],[-107.9261,34.6434]]]}},{"type":"Feature","properties":{"c":"#00fb90","v0":0.05,"v1":0.25},"geometry":{"type":"Polygon","coordinates":[[[-108.0371,34.1287],[-107.9924,34.1723],[-107.955,34.1902],[-107.925,34.1824],[-107.89,34.1906],[-107.85,34.2151],[-107.8234,34.222],[-107.8103,34.2114],[-107.825,34.1896],[-107.8674,34.1565],[-107.8962,34.1193],[-107.9113,34.0779],[-107.9317,34.05],[-107.9572,34.0358],[-107.9808,34.0275],[-108.0025,34.0252],[-108.0249,34.0447],[-108.0479,34.0861],[-108.0371,34.1287]],[[-108.0305,34.1151],[-108.0187,34.1317],[-108.0021,34.1434],[-107.9807,34.1502],[-107.96,34.1506],[-107.94,34.1444],[-107.9259,34.1328],[-107.9178,34.1155],[-107.9178,34.0978],[-107.9259,34.0798],[-107.94,34.0662],[-107.96,34.057],[-107.98,34.0552],[-108.0,34.0607],[-108.0166,34.0744],[-108.0298,34.096],[-108.0305,34.1151]]]}},{"type":"Feature","properties":{"c":"#00fb90","v0":0.05,"v1":0.25},"geometry":{"type":"Polygon","coordinates":[[[-107.6006,34.1151],[-107.5923,34.1317],[-107.5736,34.1423],[-107.5445,34.1469],[-107.5196,34.1427],[-107.4989,34.1298],[-107.4862,34.1151],[-107.4816,34.0986],[-107.487,34.0822],[-107.5023,34.0661],[-107.52,34.057],[-107.54,34.055],[-107.5637,34.0672],[-107.5911,34.0936],[-107.6006,34.1151]],[[-107.5783,34.1119],[-107.5728,34.122],[-107.56,34.128],[-107.54,34.1298],[-107.5233,34.1207],[-107.51,34.1004],[-107.515,34.086],[-107.5383,34.0773],[-107.5578,34.0815],[-107.5733,34.0984],[-107.5783,34.1119]]]}},{"type":"Feature","properties":{"c":"#00fb90","v0":0.05,"v1":0.25},"geometry":{"type":"Polygon","coordinates":[[[-107.2972,33.9666],[-107.2657,33.9844],[-107.2381,33.9885],[-107.2144,33.979],[-107.1994,33.966],[-107.1932,33.9494],[-107.1982,33.9328],[-107.2143,33.9162],[-107.2342,33.9062],[-107.2581,33.9027],[-107.2807,33.9152],[-107.3022,33.9435],[-107.2972,33.9666]],[[-107.28,33.9494],[-107.2668,33.966],[-107.249,33.9701],[-107.2267,33.9618],[-107.2242,33.9481],[-107.2414,33.929],[-107.2592,33.9249],[-107.2775,33.9357],[-107.28,33.9494]]]}},{"type":"Feature","properties":{"c":"#00fb90","v0":0.05,"v1":0.25},"geometry":{"type":"Polygon","coordinates":[[[-107.6915,33.8165],[-107.6798,33.8331],[-107.663,33.8436],[-107.641,33.848],[-107.6037,33.8397],[-107.5511,33.8187],[-107.5311,33.8016],[-107.5437,33.7885],[-107.57,33.7783],[-107.61,33.771],[-107.6468,33.7776],[-107.6805,33.798],[-107.6915,33.8165]],[[-107.6517,33.8129],[-107.6372,33.8222],[-107.6214,33.8222],[-107.6042,33.8129],[-107.6042,33.8039],[-107.6214,33.7954],[-107.6372,33.7954],[-107.6517,33.8039],[-107.6517,33.8129]]]}},{"type":"Feature","properties":{"c":"#00fb90","v0":0.05,"v1":0.25},"geometry":{"type":"Polygon","coordinates":[[[-109.1259,33.7891],[-109.102,33.8174],[-109.075,33.8292],[-109.045,33.8245],[-109.0242,33.8145],[-109.0126,33.7992],[-109.0116,33.775],[-109.021,33.7417],[-109.0368,33.7208],[-109.0589,33.7124],[-109.08,33.7105],[-109.1,33.7151],[-109.117,33.7319],[-109.1309,33.7606],[-109.1259,33.7891]],[[-109.0891,33.7812],[-109.0764,33.7935],[-109.062,33.7935],[-109.0459,33.7812],[-109.0459,33.7664],[-109.062,33.7492],[-109.0764,33.7492],[-109.0891,33.7664],[-109.0891,33.7812]]]}},{"type":"Feature","properties":{"c":"#00fb90","v0":0.05,"v1":0.25},"geometry":{"type":"Polygon","coordinates":[[[-109.722,33.7667],[-109.7011,33.7833],[-109.6855,33.7874],[-109.6754,33.7791],[-109.6802,33.7669],[-109.7001,33.7509],[-109.7156,33.7467],[-109.7268,33.7545],[-109.722,33.7667]]]}},{"type":"Feature","properties":{"c":"#00fb90","v0":0.05,"v1":0.25},"geometry":{"type":"Polygon","coordinates":[[[-109.6108,33.7168],[-109.5993,33.7334],[-109.5877,33.7413],[-109.5759,33.7404],[-109.56,33.7236],[-109.54,33.6909],[-109.54,33.6704],[-109.56,33.6621],[-109.5816,33.6706],[-109.6049,33.6958],[-109.6108,33.7168]]]}},{"type":"Feature","properties":{"c":"#00fb90","v0":0.05,"v1":0.25},"geometry":{"type":"Polygon","coordinates":[[[-109.3653,33.5749],[-109.3018,33.6408],[-109.255,33.6761],[-109.225,33.6808],[-109.1839,33.6728],[-109.1318,33.6522],[-109.1078,33.6377],[-109.1119,33.6294],[-109.1549,33.6169],[-109.2367,33.6002],[-109.2907,33.5751],[-109.3169,33.5416],[-109.34,33.5237],[-109.36,33.5213],[-109.3768,33.5256],[-109.3903,33.5365],[-109.3653,33.5749]]]}},{"type":"Feature","properties":{"c":"#00fb90","v0":0.05,"v1":0.25},"geometry":{"type":"Polygon","coordinates":[[[-105.4698,33.5984],[-105.4566,33.6113],[-105.415,33.6261],[-105.345,33.6427],[-105.3,33.6478],[-105.28,33.6414],[-105.2607,33.6266],[-105.242,33.6034],[-105.238,33.5711],[-105.2487,33.5294],[-105.293,33.4785],[-105.371,33.4184],[-105.4209,33.3975],[-105.4428,33.4159],[-105.4461,33.4418],[-105.4306,33.4752],[-105.4362,33.5169],[-105.463,33.5669],[-105.4698,33.5984]],[[-105.4081,33.5894],[-105.3427,33.6176],[-105.2989,33.626],[-105.2768,33.6144],[-105.2623,33.5961],[-105.2553,33.5711],[-105.2614,33.5436],[-105.2805,33.5138],[-105.305,33.4922],[-105.335,33.4789],[-105.36,33.4778],[-105.38,33.489],[-105.4027,33.5148],[-105.4281,33.5551],[-105.4081,33.5894]]]}},{"type":"Feature","properties":{"c":"#00fb90","v0":0.05,"v1":0.25},"geometry":{"type":"Polygon","coordinates":[[[-109.5401,33.5679],[-109.52,33.5865],[-109.5016,33.5907],[-109.4848,33.5804],[-109.4848,33.5661],[-109.5016,33.5477],[-109.52,33.5436],[-109.5401,33.5536],[-109.5401,33.5679]]]}},{"type":"Feature","properties":{"c":"#00fb90","v0":0.05,"v1":0.25},"geometry":{"type":"Polygon","coordinates":[[[-105.6865,33.3758],[-105.6622,33.3773],[-105.6498,33.369],[-105.6493,33.3507],[-105.6593,33.3433],[-105.6798,33.3467],[-105.6922,33.3551],[-105.6965,33.3684],[-105.6865,33.3758]]]}},{"type":"Feature","properties":{"c":"#00fb90","v0":0.05,"v1":0.25},"geometry":{"type":"Polygon","coordinates":[[[-105.5589,33.1995],[-105.5513,33.2162],[-105.5381,33.2274],[-105.5194,33.2331],[-105.4998,33.2247],[-105.4795,33.2023],[-105.4795,33.1813],[-105.4998,33.1618],[-105.5232,33.1618],[-105.5495,33.1813],[-105.5589,33.1995]]]}},{"type":"Feature","properties":{"c":"#00fb90","v0":0.05,"v1":0.25},"geometry":{"type":"Polygon","coordinates":[[[-105.6949,33.0876],[-105.665,33.115],[-105.64,33.1249],[-105.62,33.1173],[-105.6089,33.091],[-105.6068,33.046],[-105.5919,33.011],[-105.564,32.9858],[-105.555,32.9622],[-105.565,32.9402],[-105.585,32.9247],[-105.615,32.9157],[-105.6396,32.9141],[-105.6588,32.9199],[-105.663,32.9439],[-105.6521,32.9858],[-105.6594,33.0152],[-105.6848,33.0319],[-105.7006,33.0487],[-105.7068,33.0655],[-105.6949,33.0876]],[[-105.6201,32.9606],[-105.5997,32.969],[-105.5896,32.9684],[-105.5899,32.9589],[-105.6001,32.9547],[-105.6202,32.9559],[-105.6201,32.9606]]]}},{"type":"Feature","properties":{"c":"#00fb90","v0":0.05,"v1":0.25},"geometry":{"type":"Polygon","coordinates":[[[-108.0427,32.9942],[-108.0215,33.0026],[-108.0157,33.0007],[-108.0252,32.9885],[-108.0358,32.9843],[-108.0475,32.9881],[-108.0427,32.9942]]]}},{"type":"Feature","properties":{"c":"#00fb90","v0":0.05,"v1":0.25},"geometry":{"type":"Polygon","coordinates":[[[-107.9912,32.8946],[-107.9637,32.9052],[-107.9436,32.9052],[-107.9309,32.8946],[-107.9359,32.8817],[-107.9586,32.8664],[-107.9787,32.8664],[-107.9962,32.8817],[-107.9912,32.8946]]]}},{"type":"Feature","properties":{"c":"#00fb90","v0":0.05,"v1":0.25},"geometry":{"type":"Polygon","coordinates":[[[-105.792,32.7961],[-105.7773,32.8115],[-105.762,32.8157],[-105.746,32.8087],[-105.741,32.7986],[-105.747,32.7854],[-105.7623,32.7812],[-105.787,32.786],[-105.792,32.7961]]]}},{"type":"Feature","properties":{"c":"#00fb90","v0":0.05,"v1":0.25},"geometry":{"type":"Polygon","coordinates":[[[-86.817,31.1894],[-86.8123,31.2146],[-86.805,31.2285],[-86.795,31.2313],[-86.775,31.2233],[-86.745,31.2046],[-86.7266,31.1863],[-86.7197,31.1686],[-86.7297,31.1478],[-86.7566,31.1241],[-86.78,31.1194],[-86.8,31.1337],[-86.8123,31.1498],[-86.817,31.1678],[-86.817,31.1894]],[[-86.7808,31.1656],[-86.7736,31.1774],[-86.765,31.1774],[-86.755,31.1656],[-86.7586,31.1597],[-86.7758,31.1597],[-86.7808,31.1656]]]}},{"type":"Feature","properties":{"c":"#00fb90","v0":0.05,"v1":0.25},"geometry":{"type":"Polygon","coordinates":[[[-86.4873,31.1002],[-86.4758,31.1182],[-86.4437,31.1053],[-86.3912,31.0617],[-86.3571,31.027],[-86.3416,31.0012],[-86.3376,30.9798],[-86.3452,30.9627],[-86.3593,30.9523],[-86.3798,30.9486],[-86.4031,30.9529],[-86.4292,30.9651],[-86.455,31.0012],[-86.4804,31.0612],[-86.4873,31.1002]],[[-86.4371,31.0426],[-86.4324,31.0483],[-86.4181,31.044],[-86.3944,31.0298],[-86.3794,31.0113],[-86.3731,30.9885],[-86.3836,30.9799],[-86.4108,30.9856],[-86.4281,31.0012],[-86.4357,31.027],[-86.4371,31.0426]]]}},{"type":"Feature","properties":{"c":"#00fb90","v0":0.05,"v1":0.25},"geometry":{"type":"Polygon","coordinates":[[[-86.8084,30.6689],[-86.7961,30.6826],[-86.78,30.6899],[-86.76,30.691],[-86.725,30.6806],[-86.675,30.6588],[-86.6428,30.6385],[-86.6284,30.6198],[-86.616,30.576],[-86.6056,30.5071],[-86.5678,30.4691],[-86.5026,30.462],[-86.4661,30.4491],[-86.4583,30.4303],[-86.4583,30.4112],[-86.4661,30.3918],[-86.495,30.3755],[-86.545,30.3623],[-86.595,30.3665],[-86.645,30.3883],[-86.69,30.452],[-86.7299,30.5576],[-86.7661,30.6233],[-86.7984,30.6491],[-86.8084,30.6689]],[[-86.6882,30.5998],[-86.6761,30.6132],[-86.665,30.614],[-86.655,30.6023],[-86.6441,30.5784],[-86.6323,30.5424],[-86.6323,30.5125],[-86.6441,30.489],[-86.6591,30.4847],[-86.6772,30.4996],[-86.6883,30.5286],[-86.6922,30.5717],[-86.6882,30.5998]],[[-86.5662,30.4139],[-86.5421,30.4345],[-86.5182,30.4388],[-86.4945,30.4269],[-86.4945,30.4125],[-86.5182,30.3957],[-86.5421,30.3914],[-86.5662,30.3995],[-86.5662,30.4139]]]}},{"type":"Feature","properties":{"c":"#00fb90","v0":0.05,"v1":0.25},"geometry":{"type":"Polygon","coordinates":[[[-85.3623,29.9618],[-85.3274,30.0118],[-85.29,30.0385],[-85.25,30.042],[-85.185,30.0204],[-85.095,29.9738],[-85.04,29.9587],[-85.02,29.9751],[-84.995,29.9843],[-84.965,29.9862],[-84.94,29.9664],[-84.92,29.9248],[-84.8935,29.8948],[-84.8605,29.8765],[-84.8005,29.8592],[-84.7135,29.8427],[-84.666,29.8254],[-84.6579,29.8071],[-84.6779,29.7722],[-84.726,29.7207],[-84.79,29.7016],[-84.87,29.7148],[-84.9121,29.7058],[-84.9163,29.6746],[-84.9284,29.646],[-84.9485,29.6199],[-84.9591,29.5895],[-84.9601,29.5547],[-84.978,29.5316],[-85.0127,29.5202],[-85.055,29.5376],[-85.105,29.5838],[-85.165,29.618],[-85.235,29.6402],[-85.2816,29.6967],[-85.3048,29.7874],[-85.3322,29.8587],[-85.3639,29.9107],[-85.3623,29.9618]],[[-85.3475,29.9541],[-85.3207,29.9887],[-85.2899,30.0104],[-85.2551,30.019],[-85.2057,30.0105],[-85.1419,29.9849],[-85.075,29.94],[-85.005,29.8757],[-84.9633,29.8018],[-84.9499,29.7182],[-84.9649,29.649],[-85.0083,29.5942],[-85.055,29.5844],[-85.105,29.6198],[-85.16,29.6429],[-85.2201,29.6536],[-85.2607,29.7025],[-85.2819,29.7893],[-85.3096,29.8587],[-85.3438,29.9107],[-85.3475,29.9541]],[[-84.9857,29.9411],[-84.9728,29.9497],[-84.9672,29.9481],[-84.9691,29.9361],[-84.9755,29.9317],[-84.9866,29.9351],[-84.9857,29.9411]],[[-84.9031,29.8056],[-84.8944,29.8208],[-84.88,29.8314],[-84.86,29.8373],[-84.815,29.8357],[-84.745,29.8265],[-84.7034,29.8159],[-84.6902,29.8039],[-84.6952,29.7806],[-84.7184,29.7459],[-84.745,29.7229],[-84.775,29.7116],[-84.8127,29.716],[-84.8582,29.7359],[-84.8876,29.7589],[-84.9008,29.785],[-84.9031,29.8056]]]}},{"type":"Feature","properties":{"c":"#00fb90","v0":0.05,"v1":0.25},"geometry":{"type":"Polygon","coordinates":[[[-88.2565,29.1272],[-88.2255,29.1441],[-88.16,29.1527],[-88.06,29.153],[-87.99,29.1687],[-87.95,29.1998],[-87.8988,29.213],[-87.8364,29.2084],[-87.7944,29.2148],[-87.7729,29.2323],[-87.7613,29.2497],[-87.7596,29.2672],[-87.7864,29.2977],[-87.842,29.3413],[-87.8698,29.3731],[-87.8699,29.3931],[-87.845,29.3993],[-87.795,29.3916],[-87.75,29.4017],[-87.71,29.4298],[-87.6515,29.4541],[-87.5745,29.4748],[-87.536,29.5025],[-87.5362,29.5373],[-87.5247,29.5617],[-87.5016,29.5758],[-87.4812,29.5801],[-87.4635,29.5748],[-87.4485,29.5584],[-87.4362,29.5309],[-87.42,29.5111],[-87.4,29.4988],[-87.355,29.5029],[-87.285,29.5231],[-87.23,29.5285],[-87.19,29.519],[-87.1024,29.5244],[-86.9671,29.5446],[-86.8971,29.5721],[-86.8924,29.6069],[-86.9141,29.6504],[-86.9623,29.7025],[-86.9923,29.7477],[-87.0041,29.7861],[-86.975,29.7936],[-86.905,29.7702],[-86.835,29.7159],[-86.765,29.6307],[-86.705,29.5935],[-86.655,29.6043],[-86.6096,29.6003],[-86.5689,29.5815],[-86.5039,29.5628],[-86.4146,29.5441],[-86.355,29.5369],[-86.325,29.5412],[-86.29,29.5358],[-86.25,29.5208],[-86.195,29.5319],[-86.125,29.569],[-86.065,29.5848],[-86.015,29.5793],[-85.97,29.5807],[-85.93,29.589],[-85.86,29.625],[-85.76,29.6888],[-85.68,29.7153],[-85.62,29.7045],[-85.565,29.689],[-85.515,29.6688],[-85.482,29.6501],[-85.4659,29.6329],[-85.46,29.6069],[-85.4643,29.5721],[-85.4524,29.5373],[-85.4244,29.5025],[-85.4149,29.4676],[-85.4241,29.4328],[-85.4256,29.3805],[-85.4195,29.3108],[-85.4348,29.2549],[-85.4716,29.2128],[-85.545,29.1935],[-85.655,29.197],[-85.72,29.185],[-85.74,29.1576],[-85.7741,29.1332],[-85.8222,29.1119],[-85.8451,29.0926],[-85.8429,29.0751],[-85.8085,29.027],[-85.742,28.9483],[-85.7274,28.8914],[-85.7646,28.8563],[-85.7881,28.8081],[-85.7977,28.7468],[-85.7944,28.7087],[-85.7781,28.6939],[-85.735,28.6817],[-85.665,28.6721],[-85.6156,28.6532],[-85.5867,28.6249],[-85.5685,28.5932],[-85.561,28.5581],[-85.5634,28.4966],[-85.5757,28.4087],[-85.6002,28.3471],[-85.6368,28.3119],[-85.6497,28.281],[-85.639,28.2546],[-85.5977,28.2279],[-85.5259,28.2008],[-85.455,28.1635],[-85.385,28.1158],[-85.3174,28.0853],[-85.2523,28.0718],[-85.2135,28.0562],[-85.2011,28.0386],[-85.2337,28.0035],[-85.3112,27.9509],[-85.395,27.9358],[-85.485,27.9581],[-85.5419,27.9667],[-85.5658,27.9616],[-85.586,27.9458],[-85.6026,27.9193],[-85.6074,27.8884],[-85.6005,27.853],[-85.5853,27.8203],[-85.5618,27.7901],[-85.5239,27.7591],[-85.4718,27.7274],[-85.4557,27.7026],[-85.4756,27.6849],[-85.5349,27.6628],[-85.6334,27.6362],[-85.7095,27.6213],[-85.7632,27.618],[-85.825,27.6231],[-85.895,27.6366],[-85.9506,27.6781],[-85.9919,27.7476],[-86.006,27.8354],[-85.9931,27.9414],[-86.0024,28.0067],[-86.0341,28.0313],[-86.0837,28.0313],[-86.151,28.0067],[-86.211,27.9597],[-86.2637,27.8901],[-86.32,27.8497],[-86.38,27.8385],[-86.45,27.8111],[-86.53,27.7675],[-86.584,27.7459],[-86.6121,27.7466],[-86.6352,27.7557],[-86.6535,27.7734],[-86.6674,27.8088],[-86.6768,27.8619],[-86.7287,27.9255],[-86.8229,27.9997],[-86.8834,28.0748],[-86.9103,28.1506],[-86.9404,28.2061],[-86.9739,28.2414],[-87.0091,28.3075],[-87.0461,28.4043],[-87.1059,28.4681],[-87.1886,28.4991],[-87.265,28.5135],[-87.335,28.5113],[-87.455,28.5577],[-87.625,28.6526],[-87.76,28.7097],[-87.86,28.7289],[-87.9227,28.7593],[-87.948,28.8006],[-87.993,28.8409],[-88.0577,28.8802],[-88.1037,28.9196],[-88.1311,28.9591],[-88.1704,29.0008],[-88.2215,29.0445],[-88.2533,29.0794],[-88.2658,29.1057],[-88.2565,29.1272]],[[-86.9422,29.7479],[-86.9207,29.7519],[-86.8993,29.7476],[-86.878,29.7349],[-86.8526,29.7068],[-86.823,29.6634],[-86.8087,29.6327],[-86.8096,29.6148],[-86.82,29.6104],[-86.84,29.6195],[-86.8757,29.6546],[-86.9272,29.7155],[-86.9422,29.7479]],[[-88.2314,29.111],[-88.2038,29.1305],[-88.14,29.1388],[-88.04,29.1359],[-87.97,29.151],[-87.93,29.1841],[-87.88,29.1993],[-87.82,29.1967],[-87.7574,29.2199],[-87.6922,29.2689],[-87.673,29.3152],[-87.6997,29.3587],[-87.7097,29.3893],[-87.703,29.4067],[-87.6622,29.4268],[-87.5874,29.4495],[-87.5337,29.4582],[-87.5012,29.4529],[-87.4662,29.4206],[-87.4287,29.3614],[-87.395,29.3576],[-87.365,29.4093],[-87.325,29.4489],[-87.275,29.4767],[-87.235,29.488],[-87.205,29.483],[-87.16,29.4896],[-87.1,29.5078],[-87.03,29.5186],[-86.95,29.5218],[-86.9005,29.5181],[-86.8814,29.5077],[-86.8729,29.4938],[-86.8748,29.4764],[-86.9293,29.4352],[-87.0364,29.3702],[-87.1,29.3265],[-87.12,29.3041],[-87.131,29.28],[-87.1331,29.254],[-87.1083,29.241],[-87.0565,29.241],[-87.0055,29.2577],[-86.9552,29.291],[-86.865,29.2922],[-86.735,29.2614],[-86.6775,29.271],[-86.6925,29.3208],[-86.6925,29.3625],[-86.6775,29.3962],[-86.688,29.4397],[-86.7241,29.4932],[-86.7391,29.5251],[-86.733,29.5356],[-86.7,29.5495],[-86.64,29.5666],[-86.51,29.5555],[-86.31,29.5162],[-86.18,29.5133],[-86.12,29.547],[-86.065,29.554],[-86.015,29.5344],[-85.92,29.5675],[-85.78,29.6534],[-85.68,29.6926],[-85.62,29.6852],[-85.5626,29.6672],[-85.5077,29.6386],[-85.4849,29.6069],[-85.4941,29.5721],[-85.4833,29.5373],[-85.4525,29.5025],[-85.4392,29.4328],[-85.4435,29.3282],[-85.4617,29.2606],[-85.4939,29.2298],[-85.5612,29.2211],[-85.6636,29.2344],[-85.7212,29.2454],[-85.7342,29.2541],[-85.7424,29.2715],[-85.7457,29.2977],[-85.7184,29.3239],[-85.6602,29.35],[-85.6459,29.3853],[-85.6753,29.4297],[-85.7025,29.4515],[-85.7275,29.4507],[-85.7541,29.4154],[-85.7824,29.3457],[-85.7857,29.2934],[-85.7642,29.2585],[-85.754,29.2279],[-85.7551,29.2017],[-85.7643,29.1819],[-85.7814,29.1685],[-85.81,29.1627],[-85.85,29.1645],[-85.8746,29.1537],[-85.8839,29.1304],[-85.8859,29.1057],[-85.8804,29.0794],[-85.8544,29.0401],[-85.8079,28.9876],[-85.7957,28.9264],[-85.8178,28.8563],[-85.8442,28.8099],[-85.8747,28.7872],[-85.915,28.7745],[-85.965,28.7718],[-85.996,28.7569],[-86.0079,28.7297],[-86.0334,28.7029],[-86.0725,28.6766],[-86.0827,28.6503],[-86.0641,28.624],[-86.0286,28.6011],[-85.9762,28.5817],[-85.9408,28.5597],[-85.9225,28.5352],[-85.9175,28.5142],[-85.9259,28.4966],[-85.9522,28.4746],[-85.9963,28.4482],[-86.0072,28.4087],[-85.9849,28.3559],[-85.9778,28.3173],[-85.9859,28.293],[-86.0152,28.2798],[-86.0655,28.2777],[-86.0805,28.266],[-86.0602,28.2446],[-86.035,28.2442],[-86.005,28.2646],[-85.915,28.2648],[-85.765,28.2449],[-85.6374,28.2145],[-85.5321,28.1737],[-85.444,28.1268],[-85.3731,28.0739],[-85.3372,28.0386],[-85.3363,28.0209],[-85.3494,28.0044],[-85.3765,27.9891],[-85.435,28.0001],[-85.525,28.0375],[-85.61,28.0527],[-85.69,28.0457],[-85.7383,28.0303],[-85.755,28.0064],[-85.7608,27.9723],[-85.7558,27.9282],[-85.7625,27.8985],[-85.7808,27.8834],[-85.81,27.8753],[-85.85,27.8743],[-85.8781,27.8819],[-85.8942,27.898],[-85.9058,27.9282],[-85.9129,27.9723],[-85.9364,28.0165],[-85.9762,28.0606],[-85.9996,28.1026],[-86.0065,28.1423],[-86.02,28.1766],[-86.04,28.2054],[-86.085,28.213],[-86.155,28.1994],[-86.1997,28.1739],[-86.2192,28.1366],[-86.2392,28.1158],[-86.2597,28.1113],[-86.2759,28.1157],[-86.2876,28.129],[-86.2892,28.1533],[-86.2808,28.1885],[-86.2824,28.215],[-86.2941,28.2326],[-86.3275,28.2437],[-86.3825,28.2483],[-86.445,28.2636],[-86.515,28.2896],[-86.58,28.2891],[-86.64,28.2621],[-86.69,28.2477],[-86.73,28.2461],[-86.78,28.2683],[-86.84,28.3142],[-86.895,28.3719],[-86.945,28.4413],[-87.0169,28.4877],[-87.1107,28.5112],[-87.2257,28.557],[-87.3619,28.6251],[-87.48,28.6705],[-87.58,28.6932],[-87.6631,28.7249],[-87.7293,28.7658],[-87.7643,28.7994],[-87.7681,28.8257],[-87.74,28.8403],[-87.68,28.8431],[-87.64,28.8532],[-87.62,28.8705],[-87.635,28.8858],[-87.685,28.8992],[-87.76,28.897],[-87.86,28.8794],[-87.94,28.8741],[-88.0,28.8812],[-88.0838,28.9389],[-88.1914,29.0472],[-88.2314,29.111]],[[-85.8245,28.4611],[-85.8148,28.4782],[-85.795,28.4874],[-85.765,28.4889],[-85.7378,28.4716],[-85.7133,28.4355],[-85.7183,28.4123],[-85.7528,28.402],[-85.7848,28.4108],[-85.8145,28.4387],[-85.8245,28.4611]],[[-85.7578,28.6377],[-85.7259,28.6563],[-85.6886,28.6607],[-85.6459,28.6508],[-85.6174,28.6327],[-85.6032,28.6064],[-85.6017,28.5757],[-85.6129,28.5405],[-85.6264,28.5186],[-85.6421,28.5099],[-85.665,28.5085],[-85.695,28.5142],[-85.7259,28.5449],[-85.7578,28.6005],[-85.7578,28.6377]],[[-87.1005,29.289],[-87.0764,29.3152],[-87.0432,29.3326],[-87.0008,29.3413],[-86.9828,29.3326],[-86.989,29.3064],[-87.0031,29.2846],[-87.025,29.2672],[-87.0495,29.2563],[-87.0765,29.2519],[-87.0956,29.2563],[-87.1069,29.2694],[-87.1005,29.289]],[[-86.7084,28.0567],[-86.6695,28.0754],[-86.63,28.0828],[-86.59,28.0788],[-86.55,28.0608],[-86.51,28.029],[-86.4886,27.9996],[-86.4858,27.9726],[-86.4958,27.9513],[-86.5186,27.9358],[-86.54,27.9287],[-86.56,27.93],[-86.6095,27.9598],[-86.6884,28.0182],[-86.7084,28.0567]],[[-85.9051,28.3592],[-85.895,28.3833],[-85.88,28.3977],[-85.86,28.4024],[-85.8113,28.3815],[-85.734,28.3351],[-85.7022,28.303],[-85.7158,28.2854],[-85.741,28.2722],[-85.7777,28.2634],[-85.8202,28.2678],[-85.8684,28.2854],[-85.8969,28.3075],[-85.9057,28.3339],[-85.9051,28.3592]]]}},{"type":"Feature","properties":{"c":"#00fb90","v0":0.05,"v1":0.25},"geometry":{"type":"Polygon","coordinates":[[[-91.6228,29.7185],[-91.6009,29.7331],[-91.5803,29.7331],[-91.5608,29.7185],[-91.5608,29.703],[-91.5803,29.6866],[-91.6009,29.6866],[-91.6228,29.703],[-91.6228,29.7185]]]}},{"type":"Feature","properties":{"c":"#00fb90","v0":0.05,"v1":0.25},"geometry":{"type":"Polygon","coordinates":[[[-88.3593,29.6005],[-88.3398,29.6225],[-88.3129,29.6269],[-88.2787,29.6135],[-88.2663,29.5982],[-88.2759,29.5808],[-88.293,29.5677],[-88.3177,29.5589],[-88.3398,29.5632],[-88.3593,29.5807],[-88.3593,29.6005]]]}},{"type":"Feature","properties":{"c":"#00fb90","v0":0.05,"v1":0.25},"geometry":{"type":"Polygon","coordinates":[[[-87.4677,29.2977],[-87.4497,29.3064],[-87.4386,29.3021],[-87.4344,29.2846],[-87.4435,29.2803],[-87.4656,29.289],[-87.4677,29.2977]]]}},{"type":"Feature","properties":{"c":"#00fb90","v0":0.05,"v1":0.25},"geometry":{"type":"Polygon","coordinates":[[[-86.6267,29.2323],[-86.5616,29.2148],[-86.5543,29.2059],[-86.6048,29.2056],[-86.6373,29.2144],[-86.652,29.2321],[-86.6267,29.2323]]]}},{"type":"Feature","properties":{"c":"#00fb90","v0":0.05,"v1":0.25},"geometry":{"type":"Polygon","coordinates":[[[-89.004,29.1237],[-88.9947,29.1334],[-88.9723,29.1378],[-88.9369,29.1368],[-88.9219,29.1313],[-88.9273,29.1215],[-88.9497,29.1172],[-88.989,29.1182],[-89.004,29.1237]]]}},{"type":"Feature","properties":{"c":"#00fb90","v0":0.05,"v1":0.25},"geometry":{"type":"Polygon","coordinates":[[[-86.4076,29.0163],[-86.3959,29.0211],[-86.385,29.0139],[-86.375,28.9947],[-86.3809,28.9923],[-86.4026,29.0067],[-86.4076,29.0163]]]}},{"type":"Feature","properties":{"c":"#00fb90","v0":0.05,"v1":0.25},"geometry":{"type":"Polygon","coordinates":[[[-81.6745,29.0029],[-81.6582,29.0159],[-81.6445,29.0159],[-81.6336,29.0029],[-81.6336,28.9909],[-81.6445,28.9799],[-81.6582,28.9799],[-81.6745,28.9909],[-81.6745,29.0029]]]}},{"type":"Feature","properties":{"c":"#00fb90","v0":0.05,"v1":0.25},"geometry":{"type":"Polygon","coordinates":[[[-81.4104,28.9375],[-81.3968,28.9597],[-81.38,28.9681],[-81.36,28.9625],[-81.3452,28.9514],[-81.3356,28.9347],[-81.3406,28.9184],[-81.3602,28.9023],[-81.3818,28.9023],[-81.4054,28.9184],[-81.4104,28.9375]]]}},{"type":"Feature","properties":{"c":"#00fb90","v0":0.05,"v1":0.25},"geometry":{"type":"Polygon","coordinates":[[[-87.3609,28.8438],[-87.3403,28.8539],[-87.295,28.8484],[-87.225,28.8273],[-87.17,28.8195],[-87.13,28.825],[-87.085,28.8197],[-87.035,28.8035],[-86.99,28.7963],[-86.95,28.7981],[-86.915,28.7823],[-86.885,28.7488],[-86.8428,28.7149],[-86.7883,28.6806],[-86.7983,28.6483],[-86.8728,28.6181],[-86.955,28.6265],[-87.045,28.6736],[-87.13,28.7016],[-87.21,28.7105],[-87.2659,28.724],[-87.2978,28.7421],[-87.3282,28.7731],[-87.3569,28.8169],[-87.3609,28.8438]]]}},{"type":"Feature","properties":{"c":"#00fb90","v0":0.05,"v1":0.25},"geometry":{"type":"Polygon","coordinates":[[[-86.5318,28.8126],[-86.4773,28.8303],[-86.4222,28.8259],[-86.3666,28.7995],[-86.3616,28.7703],[-86.4072,28.7385],[-86.45,28.7254],[-86.49,28.731],[-86.5223,28.7513],[-86.5468,28.7863],[-86.5318,28.8126]]]}},{"type":"Feature","properties":{"c":"#00fb90","v0":0.05,"v1":0.25},"geometry":{"type":"Polygon","coordinates":[[[-84.451,28.7208],[-84.437,28.7301],[-84.4238,28.7301],[-84.4115,28.7208],[-84.4165,28.7114],[-84.4388,28.702],[-84.452,28.702],[-84.456,28.7114],[-84.451,28.7208]]]}},{"type":"Feature","properties":{"c":"#00fb90","v0":0.05,"v1":0.25},"geometry":{"type":"Polygon","coordinates":[[[-85.0041,28.492],[-84.968,28.5005],[-84.925,28.4876],[-84.875,28.4534],[-84.8222,28.4448],[-84.7665,28.4618],[-84.7215,28.4837],[-84.6872,28.5108],[-84.655,28.5144],[-84.625,28.4948],[-84.585,28.4887],[-84.535,28.4961],[-84.495,28.4851],[-84.465,28.4558],[-84.44,28.4399],[-84.42,28.4374],[-84.3972,28.4403],[-84.3715,28.4485],[-84.3525,28.4614],[-84.3403,28.479],[-84.3288,28.5098],[-84.3179,28.5537],[-84.3153,28.5976],[-84.3211,28.6415],[-84.3055,28.6739],[-84.2685,28.6949],[-84.2352,28.6993],[-84.2056,28.6871],[-84.1891,28.6722],[-84.1857,28.6547],[-84.1941,28.624],[-84.2142,28.5801],[-84.2283,28.4966],[-84.2365,28.3735],[-84.2648,28.2854],[-84.3131,28.2326],[-84.3405,28.1665],[-84.3471,28.0871],[-84.3672,28.0297],[-84.401,27.9944],[-84.3859,27.9501],[-84.322,27.8968],[-84.2825,27.857],[-84.2676,27.8308],[-84.2651,27.7911],[-84.2751,27.738],[-84.2764,27.6805],[-84.2688,27.6185],[-84.2763,27.5763],[-84.2988,27.5541],[-84.32,27.5401],[-84.34,27.5343],[-84.3606,27.5365],[-84.3819,27.5468],[-84.4121,27.5786],[-84.4512,27.6318],[-84.4829,27.6893],[-84.5072,27.7513],[-84.5235,27.8177],[-84.5319,27.8884],[-84.5224,27.9414],[-84.4949,27.9768],[-84.4933,28.0329],[-84.5178,28.1099],[-84.54,28.1483],[-84.56,28.1482],[-84.585,28.1329],[-84.615,28.1023],[-84.64,28.0877],[-84.66,28.0891],[-84.6852,28.1013],[-84.7156,28.1242],[-84.7469,28.1753],[-84.7791,28.2546],[-84.8089,28.3096],[-84.8363,28.3404],[-84.86,28.3564],[-84.88,28.3576],[-84.8979,28.3466],[-84.9138,28.3234],[-84.9162,28.2634],[-84.9051,28.1665],[-84.9071,28.0832],[-84.9224,28.0137],[-84.935,27.9731],[-84.945,27.9615],[-84.9638,27.961],[-84.9915,27.9715],[-84.9926,27.9988],[-84.967,28.043],[-84.9593,28.1092],[-84.9696,28.1973],[-84.9671,28.2678],[-84.952,28.3207],[-84.9639,28.3823],[-85.0027,28.4526],[-85.0041,28.492]],[[-84.2768,28.6547],[-84.2589,28.6722],[-84.2404,28.6766],[-84.2212,28.6678],[-84.2212,28.6513],[-84.2404,28.627],[-84.2589,28.6226],[-84.2768,28.6381],[-84.2768,28.6547]],[[-84.7078,28.3572],[-84.6959,28.3775],[-84.675,28.3881],[-84.645,28.3888],[-84.6216,28.383],[-84.6049,28.3708],[-84.5919,28.3471],[-84.5825,28.3119],[-84.5908,28.2832],[-84.6169,28.2612],[-84.6509,28.2744],[-84.6928,28.3229],[-84.7078,28.3572]],[[-84.5934,28.4263],[-84.5876,28.4438],[-84.571,28.4595],[-84.5437,28.4731],[-84.5118,28.4643],[-84.4753,28.4331],[-84.4297,28.4131],[-84.375,28.4043],[-84.3417,28.3779],[-84.33,28.3339],[-84.3356,28.3016],[-84.3585,28.281],[-84.41,28.2785],[-84.49,28.2943],[-84.5466,28.331],[-84.5797,28.3886],[-84.5934,28.4263]],[[-84.4929,27.8989],[-84.4776,27.9199],[-84.445,27.9222],[-84.395,27.9057],[-84.3502,27.8819],[-84.3106,27.8509],[-84.2906,27.8187],[-84.2902,27.7853],[-84.305,27.7655],[-84.335,27.7594],[-84.38,27.7766],[-84.44,27.8173],[-84.4776,27.8503],[-84.4929,27.8757],[-84.4929,27.8989]],[[-84.446,27.7189],[-84.4353,27.7337],[-84.42,27.7419],[-84.4,27.7436],[-84.3692,27.7274],[-84.3276,27.6932],[-84.3076,27.6585],[-84.3092,27.6233],[-84.325,27.6023],[-84.355,27.5954],[-84.3903,27.6219],[-84.431,27.6816],[-84.446,27.7189]]]}},{"type":"Feature","properties":{"c":"#00fb90","v0":0.05,"v1":0.25},"geometry":{"type":"Polygon","coordinates":[[[-86.6228,28.6525],[-86.5476,28.6658],[-86.49,28.6682],[-86.45,28.6597],[-86.4126,28.6267],[-86.3777,28.5693],[-86.4077,28.5456],[-86.5026,28.5557],[-86.5776,28.582],[-86.6328,28.6246],[-86.6228,28.6525]]]}},{"type":"Feature","properties":{"c":"#00fb90","v0":0.05,"v1":0.25},"geometry":{"type":"Polygon","coordinates":[[[-84.1716,28.2502],[-84.1637,28.2678],[-84.1473,28.2812],[-84.1224,28.2904],[-84.085,28.2881],[-84.035,28.2741],[-83.9788,28.2431],[-83.9164,28.195],[-83.8806,28.1577],[-83.8716,28.1312],[-83.8778,28.1118],[-83.8993,28.0994],[-83.935,28.0925],[-83.985,28.091],[-84.0346,28.0972],[-84.0837,28.1111],[-84.1221,28.1356],[-84.1498,28.1709],[-84.1666,28.2017],[-84.1726,28.2282],[-84.1716,28.2502]],[[-84.1472,28.2354],[-84.1357,28.2588],[-84.115,28.2705],[-84.085,28.2705],[-84.04,28.2554],[-83.98,28.225],[-83.9377,28.1912],[-83.913,28.1542],[-83.908,28.1312],[-83.9227,28.1222],[-83.955,28.1194],[-84.005,28.1226],[-84.05,28.1335],[-84.09,28.1519],[-84.1207,28.1768],[-84.1422,28.2081],[-84.1472,28.2354]]]}},{"type":"Feature","properties":{"c":"#00fb90","v0":0.05,"v1":0.25},"geometry":{"type":"Polygon","coordinates":[[[-81.8952,28.2106],[-81.8626,28.2194],[-81.8523,28.2186],[-81.8641,28.2082],[-81.8804,28.2038],[-81.9011,28.2053],[-81.8952,28.2106]]]}},{"type":"Feature","properties":{"c":"#00fb90","v0":0.05,"v1":0.25},"geometry":{"type":"Polygon","coordinates":[[[-82.5155,27.9806],[-82.4985,27.9884],[-82.4533,27.9839],[-82.38,27.9674],[-82.3369,27.9856],[-82.324,28.0386],[-82.3319,28.0915],[-82.3607,28.1444],[-82.3638,28.1771],[-82.3413,28.1894],[-82.3062,28.1718],[-82.2585,28.1241],[-82.2125,28.0871],[-82.1681,28.0606],[-82.1219,28.0136],[-82.074,27.9459],[-82.0271,27.9105],[-81.9812,27.9076],[-81.9551,27.8972],[-81.9488,27.8796],[-81.9506,27.853],[-81.9606,27.8177],[-81.9317,27.7633],[-81.8639,27.6899],[-81.8147,27.6545],[-81.7842,27.6571],[-81.7813,27.6849],[-81.806,27.738],[-81.8163,27.7733],[-81.8121,27.7909],[-81.78,27.8065],[-81.72,27.8201],[-81.65,27.822],[-81.57,27.812],[-81.505,27.8203],[-81.455,27.8469],[-81.4,27.8622],[-81.34,27.8662],[-81.273,27.8379],[-81.1991,27.7772],[-81.163,27.7336],[-81.1649,27.707],[-81.178,27.6849],[-81.2025,27.6672],[-81.2128,27.6495],[-81.2088,27.6318],[-81.1926,27.6004],[-81.1642,27.5553],[-81.1118,27.5065],[-81.0355,27.454],[-80.9955,27.4166],[-80.9918,27.3942],[-81.0,27.3841],[-81.02,27.3863],[-81.04,27.3727],[-81.06,27.3433],[-81.08,27.3244],[-81.1,27.3162],[-81.12,27.3145],[-81.14,27.3192],[-81.16,27.3343],[-81.18,27.3598],[-81.2,27.3722],[-81.22,27.3716],[-81.2335,27.3632],[-81.2405,27.3471],[-81.2378,27.3212],[-81.2253,27.2857],[-81.2318,27.2552],[-81.2573,27.2299],[-81.3181,27.2477],[-81.4142,27.3086],[-81.4792,27.3421],[-81.5131,27.3484],[-81.55,27.3469],[-81.59,27.3376],[-81.6161,27.3211],[-81.6282,27.2975],[-81.6241,27.2634],[-81.6036,27.219],[-81.6087,27.1834],[-81.6393,27.1567],[-81.6574,27.1167],[-81.6629,27.0632],[-81.6817,27.0308],[-81.7139,27.0194],[-81.7341,27.006],[-81.7423,26.9907],[-81.7323,26.9527],[-81.7041,26.8921],[-81.63,26.8775],[-81.51,26.909],[-81.4386,26.9215],[-81.4157,26.915],[-81.3955,26.885],[-81.378,26.8315],[-81.3819,26.769],[-81.407,26.6975],[-81.3998,26.6528],[-81.3603,26.635],[-81.337,26.6037],[-81.3299,26.5589],[-81.3045,26.5142],[-81.2608,26.4695],[-81.2517,26.4213],[-81.2772,26.3699],[-81.3,26.3442],[-81.32,26.3444],[-81.35,26.3619],[-81.39,26.3967],[-81.435,26.4093],[-81.485,26.3996],[-81.5181,26.4034],[-81.5344,26.4206],[-81.5367,26.4426],[-81.5248,26.4695],[-81.5217,26.4943],[-81.5272,26.517],[-81.565,26.5415],[-81.635,26.5677],[-81.674,26.5742],[-81.682,26.561],[-81.682,26.5455],[-81.6738,26.5276],[-81.6484,26.4963],[-81.6057,26.4515],[-81.5795,26.3978],[-81.5697,26.3351],[-81.5761,26.29],[-81.5987,26.2624],[-81.635,26.2456],[-81.685,26.2395],[-81.7387,26.2667],[-81.7961,26.3272],[-81.8711,26.3918],[-81.9637,26.4605],[-82.0136,26.5098],[-82.0207,26.5396],[-82.0064,26.5724],[-81.9706,26.6081],[-81.9976,26.6573],[-82.0874,26.7198],[-82.149,26.7868],[-82.1824,26.8582],[-82.2039,26.9474],[-82.2135,27.0543],[-82.2512,27.1262],[-82.3171,27.163],[-82.3506,27.2031],[-82.3519,27.2463],[-82.3616,27.2857],[-82.3797,27.3212],[-82.379,27.347],[-82.3597,27.3629],[-82.35,27.3861],[-82.35,27.4167],[-82.3711,27.4753],[-82.4133,27.5619],[-82.4233,27.6199],[-82.4011,27.6495],[-82.36,27.6568],[-82.3,27.6417],[-82.235,27.6157],[-82.165,27.5785],[-82.12,27.5597],[-82.1,27.5593],[-82.0879,27.5662],[-82.0836,27.5804],[-82.0925,27.5963],[-82.1143,27.614],[-82.1315,27.6452],[-82.1438,27.6897],[-82.18,27.7214],[-82.24,27.7402],[-82.3246,27.7799],[-82.4339,27.8404],[-82.4974,27.8972],[-82.5151,27.9503],[-82.5155,27.9806]],[[-82.3313,28.1533],[-82.314,28.1533],[-82.3059,28.1444],[-82.307,28.1268],[-82.3157,28.1268],[-82.3319,28.1444],[-82.3313,28.1533]],[[-82.2572,27.966],[-82.2391,28.0152],[-82.21,28.0314],[-82.17,28.0147],[-82.1351,27.9813],[-82.1052,27.9312],[-82.0723,27.8928],[-82.0363,27.8663],[-82.0112,27.7995],[-81.9971,27.6925],[-82.005,27.6404],[-82.035,27.6435],[-82.0698,27.6705],[-82.1095,27.7214],[-82.1345,27.7806],[-82.1448,27.8479],[-82.17,27.8849],[-82.21,27.8914],[-82.2391,27.9064],[-82.2572,27.9298],[-82.2572,27.966]],[[-82.3925,27.5825],[-82.3775,27.6081],[-82.355,27.622],[-82.325,27.6244],[-82.27,27.603],[-82.19,27.5578],[-82.12,27.5254],[-82.06,27.5059],[-81.96,27.4954],[-81.82,27.4939],[-81.7473,27.499],[-81.7419,27.5107],[-81.7519,27.5244],[-81.7773,27.5402],[-81.7933,27.5579],[-81.8,27.5776],[-81.777,27.6052],[-81.7242,27.6406],[-81.7155,27.6805],[-81.751,27.7247],[-81.7541,27.755],[-81.7247,27.7713],[-81.6926,27.7625],[-81.6579,27.7285],[-81.6471,27.6938],[-81.6602,27.6583],[-81.6375,27.6058],[-81.5792,27.5361],[-81.53,27.5084],[-81.49,27.5228],[-81.4462,27.5222],[-81.3985,27.5066],[-81.3867,27.5209],[-81.4108,27.5653],[-81.4396,27.588],[-81.4732,27.589],[-81.4956,27.5979],[-81.5068,27.6146],[-81.508,27.6318],[-81.4991,27.6495],[-81.4685,27.66],[-81.4162,27.6633],[-81.36,27.6616],[-81.3,27.6549],[-81.245,27.6147],[-81.195,27.5409],[-81.15,27.4963],[-81.11,27.4809],[-81.09,27.4411],[-81.09,27.3768],[-81.1,27.3444],[-81.12,27.3439],[-81.14,27.3582],[-81.16,27.3873],[-81.185,27.403],[-81.215,27.4055],[-81.2383,27.3987],[-81.255,27.3826],[-81.265,27.3499],[-81.2683,27.3008],[-81.29,27.2803],[-81.33,27.2884],[-81.365,27.3045],[-81.395,27.3288],[-81.44,27.3523],[-81.5,27.3752],[-81.56,27.3775],[-81.62,27.359],[-81.6624,27.3205],[-81.6873,27.2617],[-81.6975,27.1923],[-81.693,27.1122],[-81.7006,27.0693],[-81.7202,27.0635],[-81.745,27.0671],[-81.775,27.0803],[-81.7922,27.052],[-81.7966,26.9823],[-81.8066,26.9402],[-81.8222,26.9259],[-81.8526,26.9125],[-81.8978,26.9001],[-81.9178,26.8832],[-81.9126,26.8617],[-81.8802,26.8394],[-81.8205,26.8163],[-81.7755,26.7858],[-81.7452,26.748],[-81.7137,26.7346],[-81.6812,26.7456],[-81.6657,26.7645],[-81.6674,26.7913],[-81.6637,26.8069],[-81.6546,26.8115],[-81.6359,26.7981],[-81.6078,26.7668],[-81.5628,26.7454],[-81.5009,26.7341],[-81.4712,26.7162],[-81.4736,26.6918],[-81.4623,26.6573],[-81.4375,26.6126],[-81.4263,26.5809],[-81.4288,26.5622],[-81.4696,26.5577],[-81.5487,26.5675],[-81.6087,26.5866],[-81.6496,26.6152],[-81.695,26.6283],[-81.745,26.6261],[-81.8,26.6496],[-81.86,26.6988],[-81.915,26.7122],[-81.965,26.6898],[-82.02,26.6965],[-82.08,26.7324],[-82.1255,26.7863],[-82.1565,26.858],[-82.1705,26.9429],[-82.1676,27.041],[-82.1972,27.1258],[-82.2591,27.1976],[-82.3004,27.2909],[-82.3212,27.4059],[-82.3487,27.4899],[-82.3829,27.5431],[-82.3925,27.5825]],[[-81.3858,27.7416],[-81.3619,27.7663],[-81.34,27.7776],[-81.32,27.7755],[-81.3045,27.7675],[-81.2935,27.7538],[-81.2898,27.738],[-81.2934,27.7203],[-81.3039,27.7076],[-81.3213,27.6999],[-81.3469,27.7043],[-81.3808,27.7209],[-81.3858,27.7416]],[[-81.5582,26.8341],[-81.5394,26.8572],[-81.51,26.8686],[-81.47,26.8682],[-81.4424,26.8611],[-81.4273,26.8473],[-81.4273,26.8274],[-81.4424,26.8014],[-81.47,26.7895],[-81.51,26.7918],[-81.5394,26.8004],[-81.5582,26.8151],[-81.5582,26.8341]],[[-81.3541,26.4563],[-81.338,26.4748],[-81.32,26.4805],[-81.3,26.4732],[-81.295,26.4494],[-81.305,26.4089],[-81.32,26.394],[-81.34,26.4047],[-81.353,26.4193],[-81.3591,26.4378],[-81.3541,26.4563]],[[-81.9808,26.541],[-81.9554,26.55],[-81.9345,26.5394],[-81.9182,26.5094],[-81.8908,26.5094],[-81.8525,26.5394],[-81.8125,26.5522],[-81.7708,26.5476],[-81.7183,26.5118],[-81.6549,26.4448],[-81.626,26.3844],[-81.6316,26.3306],[-81.6483,26.2957],[-81.6761,26.2796],[-81.7,26.2734],[-81.72,26.2769],[-81.7482,26.3029],[-81.7846,26.3512],[-81.8253,26.3889],[-81.8704,26.4157],[-81.8988,26.4426],[-81.9104,26.4695],[-81.9296,26.4869],[-81.9565,26.4949],[-81.9759,26.5083],[-81.9876,26.5272],[-81.9808,26.541]],[[-82.4787,27.9325],[-82.4596,27.9499],[-82.415,27.9472],[-82.345,27.9245],[-82.2857,27.8937],[-82.2371,27.8548],[-82.2101,27.8221],[-82.2047,27.7955],[-82.219,27.7817],[-82.253,27.7805],[-82.315,27.8015],[-82.405,27.8446],[-82.4596,27.8806],[-82.4787,27.9094],[-82.4787,27.9325]]]}},{"type":"Feature","properties":{"c":"#00fb90","v0":0.05,"v1":0.25},"geometry":{"type":"Polygon","coordinates":[[[-81.5473,28.0139],[-81.5358,28.0175],[-81.5298,28.0131],[-81.5293,28.0007],[-81.535,27.9988],[-81.547,28.0077],[-81.5473,28.0139]]]}},{"type":"Feature","properties":{"c":"#00fb90","v0":0.05,"v1":0.25},"geometry":{"type":"Polygon","coordinates":[[[-80.6274,27.9539],[-80.6158,27.9788],[-80.5969,27.9876],[-80.5708,27.9804],[-80.5507,27.9547],[-80.5367,27.9105],[-80.5348,27.8752],[-80.5449,27.8488],[-80.564,27.84],[-80.592,27.8487],[-80.6128,27.8751],[-80.6264,27.9193],[-80.6274,27.9539]],[[-80.5988,27.9463],[-80.5929,27.9562],[-80.5845,27.9562],[-80.5734,27.9463],[-80.5684,27.9245],[-80.5695,27.8907],[-80.5779,27.8907],[-80.5938,27.9245],[-80.5988,27.9463]]]}},{"type":"Feature","properties":{"c":"#00fb90","v0":0.05,"v1":0.25},"geometry":{"type":"Polygon","coordinates":[[[-85.2944,27.7588],[-85.2781,27.7828],[-85.26,27.795],[-85.24,27.7956],[-85.2247,27.7881],[-85.214,27.7724],[-85.214,27.7458],[-85.2247,27.7082],[-85.2401,27.6905],[-85.2603,27.6927],[-85.2785,27.707],[-85.2945,27.7336],[-85.2944,27.7588]]]}},{"type":"Feature","properties":{"c":"#00fb90","v0":0.05,"v1":0.25},"geometry":{"type":"Polygon","coordinates":[[[-82.6246,27.6508],[-82.6015,27.6712],[-82.5808,27.6756],[-82.5625,27.6641],[-82.5516,27.6495],[-82.5482,27.6318],[-82.5574,27.6162],[-82.5791,27.6028],[-82.6015,27.6072],[-82.6246,27.6295],[-82.6246,27.6508]]]}},{"type":"Feature","properties":{"c":"#00fb90","v0":0.05,"v1":0.25},"geometry":{"type":"Polygon","coordinates":[[[-80.848,27.6495],[-80.8421,27.6672],[-80.8319,27.6771],[-80.8173,27.6792],[-80.79,27.6456],[-80.75,27.5764],[-80.7492,27.5487],[-80.7876,27.5627],[-80.8178,27.5874],[-80.8399,27.6229],[-80.848,27.6495]]]}},{"type":"Feature","properties":{"c":"#00fb90","v0":0.05,"v1":0.25},"geometry":{"type":"Polygon","coordinates":[[[-77.516,27.6178],[-77.4987,27.643],[-77.4828,27.6519],[-77.4683,27.6444],[-77.4574,27.6229],[-77.45,27.5874],[-77.4325,27.5564],[-77.4049,27.5298],[-77.3959,27.5006],[-77.4053,27.4688],[-77.4387,27.4909],[-77.496,27.5671],[-77.516,27.6178]]]}},{"type":"Feature","properties":{"c":"#00fb90","v0":0.05,"v1":0.25},"geometry":{"type":"Polygon","coordinates":[[[-81.5727,27.4582],[-81.5576,27.4835],[-81.545,27.4943],[-81.535,27.4904],[-81.5289,27.4778],[-81.5266,27.4563],[-81.5316,27.4371],[-81.5439,27.4202],[-81.5576,27.4202],[-81.5727,27.4371],[-81.5727,27.4582]]]}},{"type":"Feature","properties":{"c":"#00fb90","v0":0.05,"v1":0.25},"geometry":{"type":"Polygon","coordinates":[[[-81.9857,27.2723],[-81.9833,27.3168],[-81.9641,27.3424],[-81.928,27.3493],[-81.8976,27.3493],[-81.8727,27.3424],[-81.8363,27.3168],[-81.7884,27.2723],[-81.7758,27.2197],[-81.7986,27.1589],[-81.825,27.1377],[-81.855,27.1563],[-81.895,27.1654],[-81.945,27.1649],[-81.9742,27.186],[-81.9826,27.2288],[-81.9857,27.2723]]]}},{"type":"Feature","properties":{"c":"#00fb90","v0":0.05,"v1":0.25},"geometry":{"type":"Polygon","coordinates":[[[-77.5375,27.3106],[-77.5325,27.3248],[-77.5228,27.3337],[-77.5084,27.3372],[-77.5013,27.3301],[-77.5015,27.3123],[-77.5112,27.3034],[-77.5304,27.3034],[-77.5375,27.3106]]]}},{"type":"Feature","properties":{"c":"#00fb90","v0":0.05,"v1":0.25},"geometry":{"type":"Polygon","coordinates":[[[-82.153,27.2696],[-82.1377,27.2731],[-82.124,27.2642],[-82.1121,27.243],[-82.1198,27.2412],[-82.1471,27.259],[-82.153,27.2696]]]}},{"type":"Feature","properties":{"c":"#00fb90","v0":0.05,"v1":0.25},"geometry":{"type":"Polygon","coordinates":[[[-78.1802,27.2043],[-78.1734,27.2194],[-78.1597,27.2238],[-78.1392,27.2176],[-78.1342,27.2007],[-78.1447,27.1729],[-78.155,27.1584],[-78.165,27.1571],[-78.1734,27.1665],[-78.1802,27.1867],[-78.1802,27.2043]]]}},{"type":"Feature","properties":{"c":"#00fb90","v0":0.05,"v1":0.25},"geometry":{"type":"Polygon","coordinates":[[[-81.2618,27.1809],[-81.2406,27.1847],[-81.2205,27.1803],[-81.2015,27.1675],[-81.2015,27.1564],[-81.2205,27.1467],[-81.2406,27.1512],[-81.2618,27.1697],[-81.2618,27.1809]]]}},{"type":"Feature","properties":{"c":"#00fb90","v0":0.05,"v1":0.25},"geometry":{"type":"Polygon","coordinates":[[[-77.941,27.1033],[-77.9069,27.13],[-77.8899,27.1227],[-77.89,27.0815],[-77.9,27.0591],[-77.92,27.0554],[-77.937,27.0627],[-77.951,27.0809],[-77.941,27.1033]]]}},{"type":"Feature","properties":{"c":"#00fb90","v0":0.05,"v1":0.25},"geometry":{"type":"Polygon","coordinates":[[[-78.5639,27.1032],[-78.5413,27.1298],[-78.5174,27.1342],[-78.4922,27.1166],[-78.4822,27.0979],[-78.4874,27.0782],[-78.5,27.0626],[-78.52,27.051],[-78.5381,27.0475],[-78.5543,27.052],[-78.5656,27.0632],[-78.572,27.0811],[-78.5639,27.1032]],[[-78.54,27.0947],[-78.5333,27.1042],[-78.5249,27.1042],[-78.5148,27.0947],[-78.5148,27.0858],[-78.5249,27.0774],[-78.5333,27.0774],[-78.54,27.0858],[-78.54,27.0947]]]}},{"type":"Feature","properties":{"c":"#00fb90","v0":0.05,"v1":0.25},"geometry":{"type":"Polygon","coordinates":[[[-82.002,27.0755],[-81.9807,27.0823],[-81.963,27.0734],[-81.949,27.0488],[-81.954,27.0374],[-81.978,27.039],[-81.9957,27.0479],[-82.007,27.0641],[-82.002,27.0755]]]}},{"type":"Feature","properties":{"c":"#00fb90","v0":0.05,"v1":0.25},"geometry":{"type":"Polygon","coordinates":[[[-78.2136,26.9762],[-78.1979,26.9982],[-78.1752,27.0071],[-78.1457,27.003],[-78.1457,26.9834],[-78.1752,26.9484],[-78.1979,26.9395],[-78.2136,26.9567],[-78.2136,26.9762]]]}},{"type":"Feature","properties":{"c":"#00fb90","v0":0.05,"v1":0.25},"geometry":{"type":"Polygon","coordinates":[[[-78.4934,26.8596],[-78.4778,26.898],[-78.4535,26.9158],[-78.4204,26.9131],[-78.4002,26.9028],[-78.3929,26.885],[-78.3944,26.8622],[-78.4048,26.8344],[-78.425,26.8165],[-78.455,26.8085],[-78.4778,26.8134],[-78.4934,26.8314],[-78.4934,26.8596]],[[-78.4692,26.868],[-78.4564,26.8876],[-78.4413,26.892],[-78.424,26.8814],[-78.424,26.8643],[-78.4413,26.8407],[-78.4564,26.8363],[-78.4692,26.8509],[-78.4692,26.868]]]}},{"type":"Feature","properties":{"c":"#00fb90","v0":0.05,"v1":0.25},"geometry":{"type":"Polygon","coordinates":[[[-83.0453,26.76],[-82.9786,26.7422],[-82.9367,26.7243],[-82.9195,26.7064],[-82.9307,26.6926],[-82.9702,26.6828],[-83.0122,26.7006],[-83.0565,26.7462],[-83.0453,26.76]]]}},{"type":"Feature","properties":{"c":"#00fb90","v0":0.05,"v1":0.25},"geometry":{"type":"Polygon","coordinates":[[[-78.7331,26.5108],[-78.7177,26.5307],[-78.69,26.5271],[-78.65,26.4999],[-78.6,26.5041],[-78.54,26.5398],[-78.506,26.5613],[-78.498,26.5687],[-78.5032,26.5947],[-78.5217,26.6394],[-78.5257,26.6663],[-78.5152,26.6753],[-78.48,26.6775],[-78.42,26.6728],[-78.345,26.6872],[-78.255,26.7208],[-78.19,26.7346],[-78.15,26.7288],[-78.11,26.73],[-78.07,26.7383],[-78.0421,26.7357],[-78.0264,26.7221],[-78.0264,26.7008],[-78.0421,26.6718],[-78.153,26.6271],[-78.3589,26.5667],[-78.4668,26.5187],[-78.4766,26.4829],[-78.4986,26.4506],[-78.5329,26.4219],[-78.564,26.4084],[-78.5921,26.4103],[-78.6171,26.4269],[-78.639,26.4583],[-78.665,26.4722],[-78.695,26.4686],[-78.7177,26.4753],[-78.7331,26.4923],[-78.7331,26.5108]],[[-78.5658,26.4782],[-78.5419,26.5045],[-78.5303,26.5045],[-78.5309,26.4782],[-78.5409,26.4604],[-78.5603,26.4512],[-78.5719,26.4512],[-78.5758,26.4604],[-78.5658,26.4782]],[[-78.4509,26.6144],[-78.437,26.627],[-78.415,26.6333],[-78.385,26.6332],[-78.335,26.6531],[-78.265,26.693],[-78.22,26.7129],[-78.2,26.7127],[-78.1789,26.7043],[-78.1566,26.6879],[-78.1491,26.6707],[-78.1563,26.6528],[-78.1724,26.6373],[-78.1975,26.6241],[-78.245,26.6164],[-78.315,26.6143],[-78.37,26.6039],[-78.41,26.585],[-78.437,26.5837],[-78.4509,26.6],[-78.4509,26.6144]]]}},{"type":"Feature","properties":{"c":"#00fb90","v0":0.05,"v1":0.25},"geometry":{"type":"Polygon","coordinates":[[[-81.5243,26.1288],[-81.49,26.1736],[-81.4621,26.1987],[-81.4407,26.2038],[-81.3987,26.1679],[-81.336,26.0909],[-81.331,26.036],[-81.3837,26.0031],[-81.435,25.9968],[-81.485,26.0172],[-81.5178,26.0471],[-81.5335,26.0866],[-81.5243,26.1288]],[[-81.436,26.0765],[-81.432,26.0886],[-81.425,26.0938],[-81.415,26.0922],[-81.41,26.0861],[-81.41,26.0755],[-81.417,26.0703],[-81.431,26.0703],[-81.436,26.0765]]]}},{"type":"Feature","properties":{"c":"#00fb90","v0":0.05,"v1":0.25},"geometry":{"type":"Polygon","coordinates":[[[-77.28,26.0157],[-77.26,26.05],[-77.23,26.0662],[-77.19,26.0644],[-77.1536,26.0383],[-77.1208,25.9878],[-77.1108,25.9432],[-77.1236,25.9045],[-77.145,25.8862],[-77.175,25.8883],[-77.215,25.9166],[-77.265,25.9712],[-77.28,26.0157]],[[-77.2113,26.0031],[-77.1971,26.0124],[-77.18,26.0127],[-77.16,26.004],[-77.1448,25.9903],[-77.1344,25.9718],[-77.1344,25.9512],[-77.1448,25.9286],[-77.16,25.9214],[-77.18,25.9296],[-77.1971,25.9499],[-77.2113,25.9823],[-77.2113,26.0031]]]}},{"type":"Feature","properties":{"c":"#00fb90","v0":0.05,"v1":0.25},"geometry":{"type":"Polygon","coordinates":[[[-78.5054,25.9549],[-78.4818,25.9756],[-78.4608,25.9801],[-78.4423,25.9684],[-78.4373,25.9521],[-78.4458,25.9314],[-78.46,25.9208],[-78.48,25.9203],[-78.4968,25.9262],[-78.5104,25.9384],[-78.5054,25.9549]]]}},{"type":"Feature","properties":{"c":"#00fb90","v0":0.05,"v1":0.25},"geometry":{"type":"Polygon","coordinates":[[[-81.4521,25.9392],[-81.424,25.9644],[-81.4032,25.9689],[-81.3895,25.9527],[-81.3895,25.9257],[-81.4032,25.888],[-81.424,25.8835],[-81.4521,25.9122],[-81.4521,25.9392]]]}},{"type":"Feature","properties":{"c":"#00fb90","v0":0.05,"v1":0.25},"geometry":{"type":"Polygon","coordinates":[[[-78.6982,25.741],[-78.6794,25.766],[-78.66,25.7798],[-78.64,25.7824],[-78.6246,25.7789],[-78.6139,25.7694],[-78.6189,25.7365],[-78.6396,25.6805],[-78.6608,25.6579],[-78.6825,25.6689],[-78.6969,25.688],[-78.7041,25.715],[-78.6982,25.741]],[[-78.666,25.7324],[-78.6553,25.7402],[-78.65,25.737],[-78.65,25.7226],[-78.6553,25.7187],[-78.666,25.7252],[-78.666,25.7324]]]}},{"type":"Feature","properties":{"c":"#00fb90","v0":0.05,"v1":0.25},"geometry":{"type":"Polygon","coordinates":[[[-77.7814,25.7564],[-77.7738,25.7762],[-77.757,25.7852],[-77.7311,25.7834],[-77.7213,25.7646],[-77.7277,25.7285],[-77.7407,25.7105],[-77.7602,25.7104],[-77.7738,25.7194],[-77.7814,25.7375],[-77.7814,25.7564]]]}},{"type":"Feature","properties":{"c":"#00fb90","v0":0.05,"v1":0.25},"geometry":{"type":"Polygon","coordinates":[[[-78.1711,25.5256],[-78.1534,25.5527],[-78.1158,25.5822],[-78.0586,25.6142],[-78.02,25.6308],[-78.0,25.6319],[-77.9804,25.6249],[-77.9611,25.6099],[-77.9501,25.5843],[-77.9474,25.5482],[-77.957,25.5192],[-77.979,25.4972],[-78.025,25.4856],[-78.095,25.4844],[-78.1425,25.4909],[-78.1675,25.505],[-78.1711,25.5256]],[[-78.0848,25.5637],[-78.0483,25.5947],[-78.02,25.6108],[-78.0,25.6119],[-77.9834,25.6054],[-77.9702,25.5913],[-77.9646,25.5708],[-77.9665,25.5437],[-77.9781,25.5233],[-77.9994,25.5095],[-78.03,25.5077],[-78.07,25.518],[-78.0933,25.5294],[-78.0998,25.5419],[-78.0848,25.5637]]]}},{"type":"Feature","properties":{"c":"#00fb90","v0":0.05,"v1":0.25},"geometry":{"type":"Polygon","coordinates":[[[-78.7639,25.5757],[-78.7413,25.5946],[-78.7226,25.5946],[-78.7079,25.5757],[-78.7079,25.5559],[-78.7226,25.5353],[-78.7413,25.5353],[-78.7639,25.5559],[-78.7639,25.5757]]]}},{"type":"Feature","properties":{"c":"#00fb90","v0":0.05,"v1":0.25},"geometry":{"type":"Polygon","coordinates":[[[-76.6001,25.5032],[-76.5934,25.5215],[-76.5807,25.5305],[-76.5622,25.5303],[-76.5512,25.5121],[-76.5476,25.476],[-76.5569,25.4571],[-76.579,25.4554],[-76.5934,25.4645],[-76.6001,25.4842],[-76.6001,25.5032]]]}},{"type":"Feature","properties":{"c":"#00fb90","v0":0.05,"v1":0.25},"geometry":{"type":"Polygon","coordinates":[[[-94.7477,25.4495],[-94.7359,25.4686],[-94.7006,25.4596],[-94.6418,25.4224],[-94.6111,25.3812],[-94.6086,25.336],[-94.6173,25.2998],[-94.6372,25.2727],[-94.6558,25.2636],[-94.6729,25.2727],[-94.6882,25.3043],[-94.7015,25.3586],[-94.7195,25.3992],[-94.7422,25.4263],[-94.7477,25.4495]]]}},{"type":"Feature","properties":{"c":"#00fb90","v0":0.05,"v1":0.25},"geometry":{"type":"Polygon","coordinates":[[[-95.4643,25.3941],[-95.4548,25.4111],[-95.44,25.418],[-95.42,25.4149],[-95.375,25.3739],[-95.305,25.2949],[-95.262,25.2156],[-95.2459,25.136],[-95.2509,25.0812],[-95.277,25.0511],[-95.305,25.0371],[-95.335,25.039],[-95.366,25.0586],[-95.398,25.0957],[-95.4163,25.1551],[-95.421,25.2365],[-95.4347,25.3043],[-95.4576,25.3586],[-95.4643,25.3941]],[[-95.3953,25.1732],[-95.3851,25.2184],[-95.3841,25.2591],[-95.3922,25.2953],[-95.3897,25.3181],[-95.3766,25.3275],[-95.3482,25.3003],[-95.3046,25.2367],[-95.2775,25.1822],[-95.267,25.1369],[-95.2688,25.1023],[-95.2829,25.0784],[-95.3,25.0654],[-95.32,25.0634],[-95.3416,25.0709],[-95.3647,25.0878],[-95.3823,25.1098],[-95.3943,25.1369],[-95.3953,25.1732]]]}},{"type":"Feature","properties":{"c":"#00fb90","v0":0.05,"v1":0.25},"geometry":{"type":"Polygon","coordinates":[[[-76.5869,25.2772],[-76.5753,25.2772],[-76.5746,25.2714],[-76.5849,25.2599],[-76.5907,25.2599],[-76.5921,25.2714],[-76.5869,25.2772]]]}},{"type":"Feature","properties":{"c":"#00fb90","v0":0.05,"v1":0.25},"geometry":{"type":"Polygon","coordinates":[[[-94.9567,25.1365],[-94.9256,25.1809],[-94.895,25.2032],[-94.865,25.2034],[-94.8341,25.1857],[-94.8023,25.1502],[-94.7873,25.1081],[-94.7891,25.0593],[-94.8,25.0312],[-94.82,25.0237],[-94.8656,25.0436],[-94.9367,25.0907],[-94.9567,25.1365]]]}},{"type":"Feature","properties":{"c":"#00fb90","v0":0.05,"v1":0.25},"geometry":{"type":"Polygon","coordinates":[[[-78.3841,24.554],[-78.3614,24.5952],[-78.3164,24.6315],[-78.2493,24.6631],[-78.2134,24.7061],[-78.2087,24.7606],[-78.1873,24.8232],[-78.1491,24.8938],[-78.1298,24.9482],[-78.1295,24.9865],[-78.1506,25.0373],[-78.1932,25.1007],[-78.2138,25.146],[-78.2122,25.1732],[-78.2011,25.1923],[-78.1804,25.2035],[-78.145,25.2032],[-78.095,25.1916],[-78.05,25.1875],[-78.01,25.191],[-77.9819,25.1867],[-77.9657,25.1746],[-77.9515,25.1505],[-77.9393,25.1143],[-77.94,25.0509],[-77.9534,24.9603],[-77.9471,24.8923],[-77.9209,24.8469],[-77.9093,24.7924],[-77.9123,24.7289],[-77.9034,24.6653],[-77.8828,24.6016],[-77.8761,24.5561],[-77.8834,24.5289],[-77.9028,24.4993],[-77.9343,24.4675],[-77.9754,24.4629],[-78.0261,24.4856],[-78.0911,24.5024],[-78.1704,24.5131],[-78.24,24.5011],[-78.3,24.4664],[-78.3434,24.4565],[-78.3701,24.4714],[-78.3865,24.4925],[-78.3924,24.5198],[-78.3841,24.554]],[[-78.3734,24.5495],[-78.3578,24.5815],[-78.3137,24.6134],[-78.2412,24.6449],[-78.2005,24.6925],[-78.1917,24.7561],[-78.1714,24.8151],[-78.1395,24.8696],[-78.1202,24.9215],[-78.1134,24.9709],[-78.1156,25.0116],[-78.1267,25.0439],[-78.1452,25.0736],[-78.171,25.1007],[-78.1855,25.1279],[-78.1888,25.1551],[-78.1804,25.1735],[-78.1601,25.1833],[-78.13,25.1825],[-78.09,25.171],[-78.05,25.1668],[-78.01,25.1699],[-77.979,25.1481],[-77.9571,25.1014],[-77.955,25.0373],[-77.9729,24.9557],[-77.9684,24.8923],[-77.9415,24.8469],[-77.9299,24.7924],[-77.9336,24.7289],[-77.9245,24.6653],[-77.9026,24.6016],[-77.8962,24.5563],[-77.9054,24.5293],[-77.925,24.5068],[-77.955,24.4886],[-77.99,24.4885],[-78.03,24.5064],[-78.09,24.5213],[-78.17,24.5331],[-78.24,24.5212],[-78.3,24.4856],[-78.34,24.4735],[-78.36,24.4849],[-78.3728,24.5012],[-78.3784,24.5227],[-78.3734,24.5495]]]}},{"type":"Feature","properties":{"c":"#00fb90","v0":0.05,"v1":0.25},"geometry":{"type":"Polygon","coordinates":[[[-78.6785,25.1302],[-78.6595,25.162],[-78.635,25.1804],[-78.605,25.1854],[-78.5757,25.1786],[-78.5472,25.1599],[-78.5303,25.1369],[-78.525,25.1098],[-78.5293,25.0831],[-78.5431,25.057],[-78.565,25.0391],[-78.595,25.0296],[-78.625,25.0332],[-78.655,25.0499],[-78.6745,25.0723],[-78.6835,25.1003],[-78.6785,25.1302]],[[-78.6701,25.1264],[-78.6567,25.1506],[-78.635,25.1663],[-78.605,25.1736],[-78.5797,25.1706],[-78.559,25.1572],[-78.5454,25.1369],[-78.539,25.1098],[-78.5443,25.0835],[-78.5614,25.058],[-78.58,25.0432],[-78.6,25.0389],[-78.6216,25.0425],[-78.6447,25.0542],[-78.6614,25.0736],[-78.6717,25.1007],[-78.6701,25.1264]]]}},{"type":"Feature","properties":{"c":"#00fb90","v0":0.05,"v1":0.25},"geometry":{"type":"Polygon","coordinates":[[[-77.3613,25.0481],[-77.3538,25.0605],[-77.3423,25.0605],[-77.3268,25.0481],[-77.3268,25.0351],[-77.3423,25.0215],[-77.3538,25.0215],[-77.3613,25.0351],[-77.3613,25.0481]]]}},{"type":"Feature","properties":{"c":"#00fb90","v0":0.05,"v1":0.25},"geometry":{"type":"Polygon","coordinates":[[[-95.7961,24.9621],[-95.7787,24.9838],[-95.76,24.9838],[-95.7399,24.9621],[-95.7399,24.9422],[-95.76,24.9242],[-95.7787,24.9242],[-95.7961,24.9422],[-95.7961,24.9621]]]}},{"type":"Feature","properties":{"c":"#00fb90","v0":0.05,"v1":0.25},"geometry":{"type":"Polygon","coordinates":[[[-100.0323,24.4879],[-100.0229,24.5061],[-100.0062,24.515],[-99.9821,24.5145],[-99.9623,24.5054],[-99.9469,24.4877],[-99.9398,24.4697],[-99.9409,24.4515],[-99.9586,24.439],[-99.9929,24.4323],[-100.0168,24.4414],[-100.0303,24.4663],[-100.0323,24.4879]]]}},{"type":"Feature","properties":{"c":"#00fb90","v0":0.05,"v1":0.25},"geometry":{"type":"Polygon","coordinates":[[[-96.5102,23.9651],[-96.4834,24.0322],[-96.4434,24.0733],[-96.3903,24.0884],[-96.3747,24.1553],[-96.3964,24.2738],[-96.403,24.3391],[-96.3943,24.351],[-96.375,24.3563],[-96.345,24.3547],[-96.3016,24.326],[-96.2448,24.27],[-96.2397,24.1644],[-96.2864,24.0092],[-96.3249,23.906],[-96.355,23.8551],[-96.4084,23.8551],[-96.4852,23.906],[-96.5102,23.9651]],[[-96.312,24.2419],[-96.2975,24.2419],[-96.2902,24.2363],[-96.2901,24.225],[-96.295,24.2181],[-96.305,24.2156],[-96.3123,24.2213],[-96.3169,24.2351],[-96.312,24.2419]],[[-96.4264,24.0097],[-96.4155,24.0197],[-96.405,24.0214],[-96.395,24.0145],[-96.3886,24.0003],[-96.3859,23.9788],[-96.3909,23.9669],[-96.4036,23.9645],[-96.4155,23.9737],[-96.4264,23.9943],[-96.4264,24.0097]]]}},{"type":"Feature","properties":{"c":"#00fb90","v0":0.05,"v1":0.25},"geometry":{"type":"Polygon","coordinates":[[[-78.7035,24.0371],[-78.6812,24.0656],[-78.655,24.0819],[-78.625,24.0859],[-78.609,24.0807],[-78.6069,24.0665],[-78.6148,24.0503],[-78.6328,24.032],[-78.6538,24.0185],[-78.6779,24.0096],[-78.6962,24.0096],[-78.7085,24.0185],[-78.7035,24.0371]]]}},{"type":"Feature","properties":{"c":"#00fb90","v0":0.05,"v1":0.25},"geometry":{"type":"Polygon","coordinates":[[[-77.7444,23.9802],[-77.7215,24.0044],[-77.7,24.0084],[-77.68,23.9922],[-77.6686,23.9709],[-77.6658,23.9447],[-77.6758,23.9042],[-77.6986,23.8495],[-77.7179,23.8266],[-77.7336,23.8356],[-77.7377,23.8538],[-77.7302,23.8812],[-77.7338,23.9132],[-77.7485,23.9498],[-77.7444,23.9802]]]}},{"type":"Feature","properties":{"c":"#00fb90","v0":0.05,"v1":0.25},"geometry":{"type":"Polygon","coordinates":[[[-97.0596,23.8584],[-97.0159,23.9315],[-96.978,23.9695],[-96.946,23.9724],[-96.9159,23.9404],[-96.8878,23.8735],[-96.8828,23.8091],[-96.9009,23.7472],[-96.93,23.7182],[-96.97,23.7222],[-97.0096,23.7394],[-97.0488,23.7699],[-97.0716,23.7943],[-97.0782,23.8126],[-97.0596,23.8584]],[[-97.0095,23.8052],[-96.9832,23.8086],[-96.9681,23.7995],[-96.9643,23.7777],[-96.9703,23.7669],[-96.986,23.7669],[-97.001,23.776],[-97.0154,23.7943],[-97.0095,23.8052]]]}},{"type":"Feature","properties":{"c":"#00fb90","v0":0.05,"v1":0.25},"geometry":{"type":"Polygon","coordinates":[[[-96.5729,23.7943],[-96.5618,23.8126],[-96.5447,23.824],[-96.5216,23.8283],[-96.49,23.8154],[-96.45,23.7853],[-96.415,23.7726],[-96.385,23.7773],[-96.3615,23.7627],[-96.3446,23.7289],[-96.3396,23.6842],[-96.3465,23.6288],[-96.365,23.5981],[-96.395,23.5923],[-96.4256,23.5972],[-96.4569,23.6126],[-96.4783,23.6295],[-96.4897,23.6478],[-96.4903,23.6753],[-96.48,23.7119],[-96.5008,23.744],[-96.5526,23.7714],[-96.5729,23.7943]]]}},{"type":"Feature","properties":{"c":"#00fb90","v0":0.05,"v1":0.25},"geometry":{"type":"Polygon","coordinates":[[[-78.7002,23.7576],[-78.6801,23.7758],[-78.665,23.7806],[-78.655,23.7722],[-78.66,23.7584],[-78.68,23.7394],[-78.6951,23.7345],[-78.7052,23.7439],[-78.7002,23.7576]]]}},{"type":"Feature","properties":{"c":"#00fb90","v0":0.05,"v1":0.25},"geometry":{"type":"Polygon","coordinates":[[[-95.6697,23.6688],[-95.6566,23.6926],[-95.64,23.7065],[-95.62,23.7107],[-95.6018,23.708],[-95.5853,23.6984],[-95.5802,23.6799],[-95.5866,23.6524],[-95.6049,23.6298],[-95.635,23.6122],[-95.655,23.6041],[-95.665,23.6056],[-95.6716,23.619],[-95.6747,23.6443],[-95.6697,23.6688]]]}},{"type":"Feature","properties":{"c":"#00fb90","v0":0.05,"v1":0.25},"geometry":{"type":"Polygon","coordinates":[[[-96.6949,23.5571],[-96.6783,23.5772],[-96.6542,23.5864],[-96.6227,23.5846],[-96.5827,23.5472],[-96.5342,23.4742],[-96.52,23.4055],[-96.54,23.3411],[-96.565,23.2986],[-96.595,23.2779],[-96.6251,23.2961],[-96.6553,23.3533],[-96.6786,23.4232],[-96.695,23.5058],[-96.6949,23.5571]]]}},{"type":"Feature","properties":{"c":"#00fb90","v0":0.05,"v1":0.25},"geometry":{"type":"Polygon","coordinates":[[[-78.8297,23.5551],[-78.8166,23.5714],[-78.795,23.5818],[-78.765,23.5865],[-78.76,23.5723],[-78.78,23.5391],[-78.8,23.5226],[-78.82,23.5229],[-78.8316,23.529],[-78.8347,23.541],[-78.8297,23.5551]]]}},{"type":"Feature","properties":{"c":"#00fb90","v0":0.05,"v1":0.25},"geometry":{"type":"Polygon","coordinates":[[[-96.4266,22.9912],[-96.3912,23.0924],[-96.36,23.1614],[-96.3333,23.1982],[-96.3237,23.2441],[-96.3314,23.2992],[-96.3189,23.363],[-96.2863,23.4355],[-96.26,23.4721],[-96.24,23.4731],[-96.1951,23.4507],[-96.1254,23.4048],[-96.0772,23.3589],[-96.0505,23.313],[-96.0204,23.277],[-95.9868,23.2508],[-95.945,23.2348],[-95.895,23.229],[-95.85,23.2362],[-95.81,23.2565],[-95.7929,23.2403],[-95.7988,23.1877],[-95.79,23.1292],[-95.7664,23.0648],[-95.7585,23.0202],[-95.7662,22.9953],[-95.8051,22.9538],[-95.8754,22.8958],[-95.9804,22.8334],[-96.1201,22.7664],[-96.205,22.7209],[-96.235,22.6967],[-96.265,22.6842],[-96.295,22.6833],[-96.335,22.7085],[-96.385,22.7595],[-96.4186,22.824],[-96.4358,22.9017],[-96.4266,22.9912]]]}},{"type":"Feature","properties":{"c":"#00fb90","v0":0.05,"v1":0.25},"geometry":{"type":"Polygon","coordinates":[[[-97.1839,23.1622],[-97.1613,23.2005],[-97.1268,23.2281],[-97.0804,23.2449],[-97.0504,23.2677],[-97.0368,23.2965],[-97.02,23.311],[-97.0,23.3114],[-96.9786,23.3016],[-96.9559,23.2817],[-96.9367,23.2487],[-96.921,23.2028],[-96.9193,23.1568],[-96.9319,23.1108],[-96.9461,23.0808],[-96.962,23.0667],[-96.995,23.0608],[-97.045,23.0633],[-97.095,23.0539],[-97.145,23.0327],[-97.1763,23.0523],[-97.1889,23.1128],[-97.1839,23.1622]]]}},{"type":"Feature","properties":{"c":"#00fb90","v0":0.05,"v1":0.25},"geometry":{"type":"Polygon","coordinates":[[[-96.844,23.1491],[-96.8213,23.1614],[-96.79,23.1647],[-96.75,23.1592],[-96.705,23.1851],[-96.655,23.2424],[-96.6225,23.2483],[-96.6076,23.2026],[-96.6187,23.1568],[-96.6559,23.1108],[-96.6766,23.0648],[-96.6809,23.0188],[-96.7006,22.9958],[-96.7359,22.9958],[-96.763,23.0188],[-96.7817,23.0648],[-96.8071,23.1016],[-96.8393,23.1292],[-96.844,23.1491]]]}},{"type":"Feature","properties":{"c":"#00fb90","v0":0.05,"v1":0.25},"geometry":{"type":"Polygon","coordinates":[[[-96.8465,22.8361],[-96.8222,22.8484],[-96.8031,22.8438],[-96.7894,22.8223],[-96.7944,22.8088],[-96.8181,22.8034],[-96.8372,22.808],[-96.8515,22.8227],[-96.8465,22.8361]]]}},{"type":"Feature","properties":{"c":"#00fb90","v0":0.05,"v1":0.25},"geometry":{"type":"Polygon","coordinates":[[[-96.4759,22.5797],[-96.472,22.5959],[-96.46,22.5971],[-96.44,22.5833],[-96.4233,22.5614],[-96.41,22.5313],[-96.4077,22.507],[-96.4163,22.4885],[-96.4303,22.4793],[-96.4498,22.4793],[-96.4641,22.5024],[-96.4732,22.5486],[-96.4759,22.5797]]]}},{"type":"Feature","properties":{"c":"#00cc00","v0":0.25,"v1":0.5},"geometry":{"type":"Polygon","coordinates":[[[-70.0567,50.6237],[-70.0256,50.652],[-69.985,50.6691],[-69.935,50.6749],[-69.87,50.6978],[-69.79,50.7379],[-69.7371,50.7557],[-69.7113,50.7512],[-69.7066,50.7363],[-69.723,50.7109],[-69.7559,50.6814],[-69.8053,50.6477],[-69.8906,50.6255],[-70.0117,50.6148],[-70.0567,50.6237]]]}},{"type":"Feature","properties":{"c":"#00cc00","v0":0.25,"v1":0.5},"geometry":{"type":"Polygon","coordinates":[[[-69.4108,50.6505],[-69.3969,50.6564],[-69.3866,50.6564],[-69.3798,50.6505],[-69.3848,50.6446],[-69.4016,50.6386],[-69.4119,50.6386],[-69.4158,50.6446],[-69.4108,50.6505]]]}},{"type":"Feature","properties":{"c":"#00cc00","v0":0.25,"v1":0.5},"geometry":{"type":"Polygon","coordinates":[[[-70.2738,50.1439],[-70.2471,50.1824],[-70.2328,50.2122],[-70.2309,50.2334],[-70.215,50.2408],[-70.185,50.2343],[-70.07,50.2737],[-69.87,50.3589],[-69.73,50.4075],[-69.65,50.4194],[-69.57,50.4514],[-69.49,50.5036],[-69.425,50.5366],[-69.375,50.5505],[-69.3523,50.5514],[-69.3568,50.5393],[-69.3768,50.522],[-69.4123,50.4996],[-69.555,50.4215],[-69.805,50.2876],[-70.005,50.1929],[-70.155,50.1377],[-70.24,50.1091],[-70.26,50.1073],[-70.2743,50.1109],[-70.2829,50.1201],[-70.2738,50.1439]],[[-70.0553,50.232],[-69.9584,50.2927],[-69.875,50.3335],[-69.805,50.3545],[-69.767,50.3625],[-69.761,50.3575],[-69.806,50.3242],[-69.902,50.2626],[-69.98,50.2207],[-70.04,50.1987],[-70.0784,50.1879],[-70.0952,50.1885],[-70.1036,50.192],[-70.1037,50.1984],[-70.0553,50.232]]]}},{"type":"Feature","properties":{"c":"#00cc00","v0":0.25,"v1":0.5},"geometry":{"type":"Polygon","coordinates":[[[-102.6904,50.0678],[-102.6768,50.0825],[-102.635,50.0915],[-102.565,50.0948],[-102.505,50.0897],[-102.455,50.0761],[-102.41,50.0567],[-102.37,50.0315],[-102.305,50.0158],[-102.215,50.0095],[-102.1529,50.0134],[-102.1186,50.0277],[-102.095,50.0445],[-102.082,50.0637],[-102.0591,50.0785],[-102.0264,50.0889],[-101.985,50.0939],[-101.935,50.0937],[-101.9052,50.0885],[-101.8956,50.0784],[-101.9048,50.0573],[-101.9329,50.0252],[-101.9827,49.9975],[-102.0542,49.9741],[-102.175,49.9644],[-102.345,49.9683],[-102.45,49.9759],[-102.49,49.987],[-102.53,49.9903],[-102.57,49.9858],[-102.5998,49.9867],[-102.6194,49.9931],[-102.6267,50.0059],[-102.6217,50.0252],[-102.6386,50.0413],[-102.6776,50.0541],[-102.6904,50.0678]]]}},{"type":"Feature","properties":{"c":"#00cc00","v0":0.25,"v1":0.5},"geometry":{"type":"Polygon","coordinates":[[[-101.8799,50.0133],[-101.86,50.0216],[-101.8428,50.0184],[-101.8283,50.0036],[-101.8283,49.9946],[-101.8428,49.9913],[-101.86,49.9945],[-101.8799,50.0043],[-101.8799,50.0133]]]}},{"type":"Feature","properties":{"c":"#00cc00","v0":0.25,"v1":0.5},"geometry":{"type":"Polygon","coordinates":[[[-70.9969,49.874],[-70.978,49.8869],[-70.9551,49.8933],[-70.9284,49.8933],[-70.9238,49.8858],[-70.9413,49.8707],[-70.9641,49.8643],[-70.9923,49.8664],[-70.9969,49.874]]]}},{"type":"Feature","properties":{"c":"#00cc00","v0":0.25,"v1":0.5},"geometry":{"type":"Polygon","coordinates":[[[-72.3935,49.2027],[-72.3378,49.2493],[-72.17,49.3283],[-71.89,49.4396],[-71.7364,49.4944],[-71.7092,49.4929],[-71.7002,49.4825],[-71.7094,49.463],[-71.703,49.4511],[-71.681,49.4467],[-71.635,49.4542],[-71.565,49.4736],[-71.505,49.4984],[-71.455,49.5288],[-71.404,49.5473],[-71.3521,49.5539],[-71.3307,49.5474],[-71.3399,49.5279],[-71.3759,49.5037],[-71.4386,49.4747],[-71.4818,49.4455],[-71.5055,49.4159],[-71.5705,49.3705],[-71.6768,49.3091],[-71.775,49.2683],[-71.865,49.248],[-71.985,49.2321],[-72.135,49.2207],[-72.255,49.2001],[-72.345,49.1702],[-72.3978,49.1613],[-72.4135,49.1734],[-72.3935,49.2027]],[[-72.3007,49.2415],[-72.2817,49.2611],[-72.2367,49.2844],[-72.1656,49.3115],[-72.0936,49.331],[-72.0207,49.3431],[-71.9761,49.3589],[-71.9597,49.3784],[-71.9411,49.3916],[-71.9204,49.3985],[-71.895,49.4038],[-71.865,49.4076],[-71.84,49.4046],[-71.82,49.3947],[-71.78,49.3933],[-71.72,49.4003],[-71.6784,49.3999],[-71.6553,49.3921],[-71.6581,49.3719],[-71.6869,49.3393],[-71.7384,49.3077],[-71.8128,49.2771],[-71.96,49.2515],[-72.18,49.2309],[-72.295,49.2234],[-72.3051,49.2289],[-72.3007,49.2415]]]}},{"type":"Feature","properties":{"c":"#00cc00","v0":0.25,"v1":0.5},"geometry":{"type":"Polygon","coordinates":[[[-69.6706,49.4323],[-69.6569,49.4425],[-69.645,49.4464],[-69.635,49.4438],[-69.64,49.4357],[-69.66,49.422],[-69.6719,49.4182],[-69.6756,49.4242],[-69.6706,49.4323]]]}},{"type":"Feature","properties":{"c":"#00cc00","v0":0.25,"v1":0.5},"geometry":{"type":"Polygon","coordinates":[[[-75.0038,46.1463],[-74.9889,46.1671],[-74.9359,46.1948],[-74.845,46.2294],[-74.7622,46.2665],[-74.6874,46.3063],[-74.565,46.3546],[-74.395,46.4115],[-74.2519,46.4951],[-74.1355,46.6051],[-74.0455,46.6671],[-73.9818,46.6813],[-73.9244,46.7156],[-73.8733,46.77],[-73.8501,46.8143],[-73.8547,46.8485],[-73.8417,46.8861],[-73.8112,46.9271],[-73.7545,46.945],[-73.6715,46.94],[-73.6147,46.9503],[-73.5841,46.9758],[-73.5041,47.021],[-73.3747,47.0858],[-73.29,47.1364],[-73.25,47.1727],[-73.175,47.2174],[-73.065,47.2703],[-72.9918,47.3149],[-72.9555,47.3511],[-72.9574,47.3759],[-72.9974,47.3895],[-73.0256,47.4146],[-73.0419,47.4512],[-73.071,47.4715],[-73.1129,47.4754],[-73.1346,47.4842],[-73.1359,47.4977],[-73.1228,47.518],[-73.0954,47.545],[-73.0538,47.5633],[-72.9979,47.5728],[-72.935,47.5643],[-72.865,47.5375],[-72.795,47.5449],[-72.725,47.5863],[-72.6313,47.6286],[-72.514,47.6717],[-72.4512,47.7034],[-72.443,47.7236],[-72.4266,47.7424],[-72.4022,47.7599],[-72.375,47.7699],[-72.345,47.7723],[-72.315,47.7834],[-72.285,47.8032],[-72.245,47.8163],[-72.195,47.8226],[-72.085,47.8718],[-71.915,47.9639],[-71.76,48.0251],[-71.62,48.0556],[-71.51,48.0973],[-71.43,48.1499],[-71.36,48.1836],[-71.3,48.1983],[-71.2491,48.2182],[-71.2073,48.2432],[-71.1818,48.2623],[-71.1726,48.2757],[-71.18,48.2923],[-71.2039,48.3122],[-71.2144,48.3392],[-71.2115,48.3731],[-71.2392,48.3898],[-71.2977,48.389],[-71.3327,48.3816],[-71.3442,48.3675],[-71.405,48.3607],[-71.515,48.3611],[-71.5872,48.3649],[-71.6216,48.3719],[-71.637,48.382],[-71.6334,48.3953],[-71.6234,48.4053],[-71.607,48.4119],[-71.5616,48.4185],[-71.4872,48.4249],[-71.4371,48.4481],[-71.4112,48.4881],[-71.406,48.518],[-71.4214,48.5379],[-71.4146,48.5577],[-71.3856,48.5776],[-71.3008,48.6027],[-71.1603,48.633],[-71.05,48.6442],[-70.97,48.6364],[-70.9069,48.6411],[-70.8608,48.6583],[-70.8258,48.6766],[-70.8019,48.6961],[-70.7907,48.6961],[-70.792,48.6766],[-70.787,48.6634],[-70.7757,48.6565],[-70.75,48.6612],[-70.71,48.6775],[-70.665,48.6887],[-70.615,48.6949],[-70.5596,48.7166],[-70.4988,48.7538],[-70.4388,48.7744],[-70.3796,48.7785],[-70.34,48.7847],[-70.32,48.7932],[-70.2817,48.8307],[-70.2252,48.8971],[-70.1948,48.9632],[-70.1907,49.0288],[-70.1772,49.1009],[-70.1543,49.1794],[-70.116,49.2382],[-70.0623,49.2774],[-70.0338,49.3132],[-70.0305,49.3458],[-70.0173,49.3719],[-69.9943,49.3914],[-69.9645,49.403],[-69.9282,49.4067],[-69.8873,49.3969],[-69.8419,49.3737],[-69.8142,49.3556],[-69.8043,49.3426],[-69.802,49.3198],[-69.8073,49.2872],[-69.7944,49.2676],[-69.7631,49.2611],[-69.7404,49.2382],[-69.7263,49.199],[-69.7119,49.1756],[-69.6973,49.168],[-69.645,49.1776],[-69.555,49.2046],[-69.47,49.2428],[-69.39,49.2923],[-69.335,49.3171],[-69.305,49.3172],[-69.2878,49.3089],[-69.2835,49.2922],[-69.297,49.2708],[-69.3283,49.2447],[-69.3485,49.2121],[-69.3575,49.1729],[-69.349,49.1464],[-69.323,49.1328],[-69.3077,49.1197],[-69.3031,49.1072],[-69.38,49.055],[-69.5384,48.9632],[-69.6284,48.8613],[-69.65,48.7493],[-69.703,48.6635],[-69.7871,48.6041],[-69.837,48.5412],[-69.8524,48.4749],[-69.893,48.4351],[-69.9586,48.4219],[-69.9907,48.4053],[-69.9893,48.3854],[-70.0157,48.3355],[-70.07,48.2557],[-70.0985,48.199],[-70.1013,48.1657],[-70.1201,48.139],[-70.1549,48.119],[-70.1777,48.0956],[-70.1885,48.0689],[-70.2229,48.0445],[-70.281,48.0223],[-70.3218,47.9956],[-70.3454,47.9642],[-70.3654,47.9466],[-70.3818,47.9428],[-70.44,47.9544],[-70.54,47.9813],[-70.66,47.984],[-70.8,47.9626],[-70.91,47.9525],[-70.99,47.9537],[-71.0439,47.9495],[-71.0717,47.9399],[-71.0917,47.925],[-71.1039,47.9048],[-71.085,47.886],[-71.035,47.8685],[-70.9959,47.8451],[-70.9677,47.8156],[-70.9627,47.7953],[-70.9809,47.784],[-71.0336,47.774],[-71.1208,47.765],[-71.1607,47.7505],[-71.1531,47.7303],[-71.1623,47.7034],[-71.1884,47.6697],[-71.2061,47.6293],[-71.2152,47.5821],[-71.2286,47.545],[-71.2462,47.518],[-71.2438,47.4939],[-71.2213,47.4729],[-71.1813,47.4594],[-71.1238,47.4534],[-71.0937,47.4436],[-71.091,47.4301],[-71.1247,47.3933],[-71.1949,47.3332],[-71.265,47.2826],[-71.335,47.2416],[-71.445,47.1643],[-71.595,47.0505],[-71.685,46.9919],[-71.715,46.9888],[-71.74,46.9991],[-71.76,47.0228],[-71.795,47.0176],[-71.845,46.9834],[-71.9,46.9653],[-71.96,46.9633],[-71.995,46.9552],[-72.0051,46.941],[-72.0069,46.9168],[-72.0004,46.8827],[-72.0454,46.8501],[-72.1418,46.8192],[-72.25,46.7635],[-72.37,46.6829],[-72.59,46.5831],[-72.91,46.4639],[-73.125,46.3723],[-73.235,46.3085],[-73.375,46.2496],[-73.545,46.1957],[-73.685,46.17],[-73.795,46.1724],[-73.86,46.1832],[-73.88,46.2025],[-73.95,46.2006],[-74.07,46.1775],[-74.1655,46.1481],[-74.2366,46.1122],[-74.2966,46.0715],[-74.3455,46.026],[-74.405,45.9908],[-74.475,45.9658],[-74.5801,45.9677],[-74.7204,45.9966],[-74.7404,46.0527],[-74.6403,46.1359],[-74.5902,46.1852],[-74.5901,46.2008],[-74.62,46.2073],[-74.68,46.2046],[-74.76,46.1846],[-74.86,46.1472],[-74.93,46.1268],[-74.97,46.1233],[-74.9953,46.1251],[-75.006,46.1323],[-75.0038,46.1463]],[[-69.9384,49.2219],[-69.905,49.2284],[-69.8887,49.2282],[-69.8896,49.2213],[-69.9063,49.2181],[-69.9389,49.2184],[-69.9384,49.2219]],[[-69.846,48.9238],[-69.8198,48.9369],[-69.8064,48.9369],[-69.8059,48.9238],[-69.8117,48.9137],[-69.8239,48.9065],[-69.835,48.9021],[-69.845,48.9004],[-69.8523,48.904],[-69.8568,48.9128],[-69.846,48.9238]],[[-72.8757,47.3963],[-72.7866,47.4233],[-72.7414,47.4335],[-72.74,47.4267],[-72.757,47.4134],[-72.7923,47.3935],[-72.8376,47.3833],[-72.8927,47.3829],[-72.8757,47.3963]],[[-72.4139,47.599],[-72.3814,47.6259],[-72.3414,47.6478],[-72.2938,47.6646],[-72.2576,47.6713],[-72.2328,47.668],[-72.2378,47.6525],[-72.2726,47.6248],[-72.315,47.6029],[-72.365,47.5867],[-72.4,47.5803],[-72.4201,47.5838],[-72.4139,47.599]],[[-70.7203,48.5175],[-70.7001,48.5362],[-70.6786,48.5428],[-70.6557,48.5373],[-70.6507,48.5261],[-70.6636,48.5092],[-70.6851,48.5026],[-70.7153,48.5062],[-70.7203,48.5175]],[[-73.4964,46.5094],[-73.4655,46.5381],[-73.43,46.5596],[-73.39,46.574],[-73.265,46.6672],[-73.055,46.839],[-72.897,46.9611],[-72.7909,47.0339],[-72.7319,47.0805],[-72.7199,47.101],[-72.7172,47.1146],[-72.7236,47.1214],[-72.7476,47.1256],[-72.7892,47.1272],[-72.8287,47.1408],[-72.866,47.1664],[-72.866,47.1866],[-72.8287,47.2013],[-72.78,47.2108],[-72.72,47.2148],[-72.68,47.227],[-72.66,47.2473],[-72.635,47.2562],[-72.605,47.2539],[-72.56,47.2633],[-72.5,47.2843],[-72.435,47.2996],[-72.365,47.3093],[-72.2637,47.3449],[-72.1312,47.4062],[-72.0772,47.4538],[-72.1019,47.4876],[-72.0935,47.5349],[-72.052,47.5956],[-72.0033,47.6394],[-71.9471,47.6664],[-71.9175,47.6866],[-71.9142,47.7],[-71.9285,47.7101],[-71.9602,47.7168],[-71.9555,47.7303],[-71.9143,47.7505],[-71.8905,47.7706],[-71.884,47.7908],[-71.8881,47.809],[-71.9027,47.8253],[-71.9299,47.8353],[-71.9698,47.8392],[-71.9448,47.8735],[-71.8549,47.938],[-71.8,47.9729],[-71.78,47.9784],[-71.755,47.977],[-71.725,47.9688],[-71.665,47.977],[-71.575,48.0017],[-71.5236,47.9942],[-71.5108,47.9548],[-71.4908,47.9296],[-71.4636,47.9187],[-71.43,47.9142],[-71.39,47.9161],[-71.3616,47.9249],[-71.3449,47.9406],[-71.341,47.9585],[-71.3501,47.9786],[-71.3812,48.002],[-71.4344,48.0288],[-71.4283,48.0567],[-71.3628,48.0858],[-71.2836,48.1092],[-71.1908,48.1269],[-71.1108,48.1629],[-71.0436,48.2172],[-70.98,48.2561],[-70.92,48.2795],[-70.8821,48.299],[-70.8663,48.3145],[-70.8841,48.3322],[-70.9354,48.3521],[-70.9533,48.37],[-70.9378,48.3859],[-70.9,48.399],[-70.84,48.4094],[-70.78,48.4026],[-70.72,48.3787],[-70.665,48.3834],[-70.615,48.4166],[-70.565,48.4392],[-70.515,48.4512],[-70.4762,48.4533],[-70.4486,48.4456],[-70.438,48.4318],[-70.4444,48.4119],[-70.4829,48.3854],[-70.5534,48.3521],[-70.584,48.3291],[-70.5747,48.3162],[-70.55,48.3096],[-70.5101,48.3091],[-70.5066,48.3023],[-70.5395,48.289],[-70.5545,48.2678],[-70.5515,48.2386],[-70.52,48.206],[-70.46,48.1697],[-70.43,48.1443],[-70.4299,48.1296],[-70.4549,48.1097],[-70.505,48.0843],[-70.555,48.0697],[-70.605,48.0656],[-70.655,48.0562],[-70.705,48.0413],[-70.805,48.0317],[-70.955,48.0272],[-71.055,48.0171],[-71.105,48.0014],[-71.1416,47.9789],[-71.1648,47.9497],[-71.2277,47.9016],[-71.3305,47.8345],[-71.3824,47.7874],[-71.3835,47.7606],[-71.3956,47.7404],[-71.4188,47.7269],[-71.4514,47.6866],[-71.4933,47.6192],[-71.5074,47.5652],[-71.4938,47.5247],[-71.518,47.4842],[-71.5801,47.4436],[-71.6256,47.403],[-71.6546,47.3624],[-71.6701,47.3184],[-71.6721,47.2709],[-71.6623,47.2442],[-71.6408,47.2383],[-71.6114,47.2383],[-71.5741,47.2442],[-71.5633,47.2369],[-71.5789,47.2166],[-71.6075,47.1936],[-71.6492,47.168],[-71.69,47.1495],[-71.73,47.1381],[-71.79,47.105],[-71.87,47.0503],[-71.935,47.0194],[-71.985,47.0122],[-72.035,46.9931],[-72.085,46.9618],[-72.145,46.9407],[-72.215,46.9298],[-72.315,46.8919],[-72.445,46.827],[-72.525,46.7986],[-72.555,46.8069],[-72.58,46.8089],[-72.6,46.8048],[-72.685,46.7622],[-72.835,46.6812],[-72.935,46.6397],[-72.985,46.6379],[-73.0216,46.6256],[-73.0447,46.6028],[-73.0997,46.5811],[-73.1866,46.5605],[-73.28,46.5184],[-73.38,46.4546],[-73.4477,46.4236],[-73.4831,46.4253],[-73.5036,46.4434],[-73.5091,46.4779],[-73.4964,46.5094]],[[-71.4584,47.9656],[-71.4528,47.973],[-71.4387,47.973],[-71.4162,47.9656],[-71.4112,47.9583],[-71.4237,47.9512],[-71.4378,47.9512],[-71.4534,47.9583],[-71.4584,47.9656]],[[-71.1941,47.8345],[-71.1888,47.8479],[-71.1782,47.8546],[-71.1622,47.8546],[-71.1534,47.8479],[-71.152,47.8345],[-71.1626,47.8277],[-71.1853,47.8277],[-71.1941,47.8345]]]}},{"type":"Feature","properties":{"c":"#00cc00","v0":0.25,"v1":0.5},"geometry":{"type":"Polygon","coordinates":[[[-72.9772,48.7592],[-72.9193,48.8119],[-72.8752,48.8443],[-72.8451,48.8565],[-72.815,48.864],[-72.785,48.8671],[-72.75,48.8598],[-72.71,48.8424],[-72.635,48.8333],[-72.525,48.8327],[-72.4392,48.8405],[-72.3775,48.8566],[-72.3393,48.8679],[-72.3245,48.8745],[-72.3389,48.8909],[-72.3826,48.9172],[-72.3508,48.9568],[-72.2436,49.0097],[-72.17,49.0377],[-72.13,49.0408],[-72.1118,49.0341],[-72.1154,49.0175],[-72.1038,49.0026],[-72.0771,48.9894],[-72.0703,48.9725],[-72.0834,48.9517],[-72.1363,48.9287],[-72.229,48.9035],[-72.2784,48.8876],[-72.2846,48.8811],[-72.2683,48.8722],[-72.2294,48.8612],[-72.209,48.8513],[-72.2069,48.8426],[-72.2419,48.8098],[-72.314,48.7527],[-72.395,48.7201],[-72.485,48.7121],[-72.56,48.6975],[-72.62,48.6763],[-72.6553,48.666],[-72.6659,48.6666],[-72.6759,48.6757],[-72.6853,48.6933],[-72.71,48.7074],[-72.75,48.7178],[-72.82,48.7188],[-72.92,48.7103],[-72.9791,48.7128],[-72.9972,48.7262],[-72.9772,48.7592]],[[-72.8662,48.8057],[-72.8554,48.8196],[-72.8347,48.8262],[-72.8042,48.8255],[-72.7942,48.8158],[-72.8047,48.7972],[-72.8254,48.7906],[-72.8562,48.796],[-72.8662,48.8057]],[[-72.3938,48.8089],[-72.3513,48.829],[-72.3151,48.8356],[-72.2852,48.8286],[-72.2952,48.815],[-72.3451,48.7947],[-72.3813,48.7881],[-72.4038,48.7952],[-72.3938,48.8089]],[[-72.3336,48.9374],[-72.3179,48.9516],[-72.295,48.9619],[-72.265,48.9684],[-72.22,48.9715],[-72.16,48.9713],[-72.1255,48.9675],[-72.1164,48.9603],[-72.1564,48.9462],[-72.2455,48.9253],[-72.3029,48.9187],[-72.3286,48.9265],[-72.3336,48.9374]]]}},{"type":"Feature","properties":{"c":"#00cc00","v0":0.25,"v1":0.5},"geometry":{"type":"Polygon","coordinates":[[[-72.7757,48.9304],[-72.6753,48.9566],[-72.6313,48.9608],[-72.6438,48.9429],[-72.685,48.9276],[-72.755,48.9148],[-72.799,48.9106],[-72.817,48.915],[-72.7757,48.9304]]]}},{"type":"Feature","properties":{"c":"#00cc00","v0":0.25,"v1":0.5},"geometry":{"type":"Polygon","coordinates":[[[-72.4839,48.9347],[-72.4613,48.9434],[-72.4409,48.9434],[-72.4228,48.9347],[-72.4278,48.9247],[-72.4559,48.9134],[-72.4763,48.9134],[-72.4889,48.9247],[-72.4839,48.9347]]]}},{"type":"Feature","properties":{"c":"#00cc00","v0":0.25,"v1":0.5},"geometry":{"type":"Polygon","coordinates":[[[-75.9278,48.8428],[-75.9026,48.8518],[-75.877,48.8518],[-75.851,48.8428],[-75.851,48.8335],[-75.877,48.8241],[-75.9026,48.8241],[-75.9278,48.8335],[-75.9278,48.8428]]]}},{"type":"Feature","properties":{"c":"#00cc00","v0":0.25,"v1":0.5},"geometry":{"type":"Polygon","coordinates":[[[-75.6414,48.7786],[-75.6205,48.791],[-75.601,48.7943],[-75.5831,48.7885],[-75.5831,48.781],[-75.601,48.7718],[-75.6205,48.7685],[-75.6414,48.7711],[-75.6414,48.7786]]]}},{"type":"Feature","properties":{"c":"#00cc00","v0":0.25,"v1":0.5},"geometry":{"type":"Polygon","coordinates":[[[-121.8315,48.7751],[-121.8172,48.7804],[-121.8065,48.7804],[-121.7996,48.7751],[-121.7996,48.7685],[-121.8065,48.7607],[-121.8172,48.7607],[-121.8315,48.7685],[-121.8315,48.7751]]]}},{"type":"Feature","properties":{"c":"#00cc00","v0":0.25,"v1":0.5},"geometry":{"type":"Polygon","coordinates":[[[-73.5312,48.6008],[-73.5162,48.6008],[-73.514,48.5971],[-73.5247,48.5899],[-73.5322,48.5899],[-73.5365,48.5971],[-73.5312,48.6008]]]}},{"type":"Feature","properties":{"c":"#00cc00","v0":0.25,"v1":0.5},"geometry":{"type":"Polygon","coordinates":[[[-70.8214,48.1596],[-70.8005,48.1807],[-70.77,48.1937],[-70.73,48.1983],[-70.7043,48.1978],[-70.6928,48.192],[-70.7078,48.1783],[-70.7493,48.1569],[-70.7855,48.1469],[-70.8164,48.1483],[-70.8214,48.1596]]]}},{"type":"Feature","properties":{"c":"#00cc00","v0":0.25,"v1":0.5},"geometry":{"type":"Polygon","coordinates":[[[-76.6239,48.1006],[-76.6013,48.1106],[-76.579,48.1139],[-76.5571,48.1106],[-76.5521,48.1012],[-76.564,48.0856],[-76.5863,48.0823],[-76.6189,48.0912],[-76.6239,48.1006]]]}},{"type":"Feature","properties":{"c":"#00cc00","v0":0.25,"v1":0.5},"geometry":{"type":"Polygon","coordinates":[[[-71.0582,48.0604],[-71.0527,48.07],[-71.0399,48.0734],[-71.0197,48.0704],[-71.0147,48.0611],[-71.0249,48.0455],[-71.0377,48.0422],[-71.0532,48.0511],[-71.0582,48.0604]]]}},{"type":"Feature","properties":{"c":"#00cc00","v0":0.25,"v1":0.5},"geometry":{"type":"Polygon","coordinates":[[[-74.3675,47.6563],[-74.3518,47.6899],[-74.3454,47.7245],[-74.3485,47.7601],[-74.32,47.8065],[-74.26,47.8638],[-74.185,47.9151],[-74.095,47.9605],[-74.0,47.988],[-73.9,47.9976],[-73.8067,48.0124],[-73.7201,48.0322],[-73.6151,48.0466],[-73.4917,48.0555],[-73.4254,48.0555],[-73.4163,48.0466],[-73.4217,48.0288],[-73.4416,48.002],[-73.4483,47.9853],[-73.4418,47.9786],[-73.3764,47.9709],[-73.2521,47.9622],[-73.1749,47.9455],[-73.1446,47.9207],[-73.0896,47.8984],[-73.0099,47.8787],[-72.95,47.8687],[-72.91,47.8682],[-72.9174,47.8445],[-72.9723,47.7975],[-73.0009,47.7606],[-73.003,47.7337],[-73.0156,47.708],[-73.0385,47.6837],[-73.145,47.6438],[-73.335,47.5885],[-73.4473,47.5636],[-73.4818,47.5692],[-73.5003,47.5922],[-73.5027,47.6327],[-73.4854,47.6633],[-73.4485,47.6842],[-73.39,47.7042],[-73.31,47.7231],[-73.2631,47.7396],[-73.2492,47.7536],[-73.2492,47.7622],[-73.2631,47.7654],[-73.2913,47.7654],[-73.3339,47.7622],[-73.4039,47.7478],[-73.5013,47.7221],[-73.575,47.7165],[-73.625,47.7309],[-73.6552,47.7369],[-73.6657,47.7348],[-73.6707,47.7235],[-73.6702,47.7032],[-73.68,47.6983],[-73.7,47.7089],[-73.725,47.7136],[-73.755,47.7122],[-73.8,47.7081],[-73.86,47.7011],[-73.915,47.6878],[-73.965,47.6681],[-74.015,47.6638],[-74.065,47.6751],[-74.135,47.6619],[-74.225,47.6242],[-74.2856,47.6072],[-74.3169,47.6107],[-74.3433,47.6192],[-74.3647,47.6327],[-74.3675,47.6563]],[[-73.4467,47.9113],[-73.4356,47.9173],[-73.4235,47.9173],[-73.4104,47.9113],[-73.4104,47.9048],[-73.4235,47.8979],[-73.4356,47.8979],[-73.4467,47.9048],[-73.4467,47.9113]],[[-73.5322,47.7951],[-73.4507,47.8372],[-73.37,47.8621],[-73.29,47.8699],[-73.2382,47.8622],[-73.2147,47.8392],[-73.2847,47.8075],[-73.4482,47.7669],[-73.5362,47.7468],[-73.5485,47.747],[-73.5592,47.7538],[-73.5683,47.7673],[-73.5322,47.7951]],[[-74.196,47.8067],[-74.1653,47.8451],[-74.09,47.8856],[-73.97,47.9282],[-73.87,47.9578],[-73.79,47.9746],[-73.73,47.9777],[-73.69,47.967],[-73.6698,47.9517],[-73.6695,47.9317],[-73.6795,47.9143],[-73.6998,47.8997],[-73.755,47.8915],[-73.845,47.89],[-73.905,47.876],[-73.935,47.8497],[-73.97,47.8312],[-74.01,47.8207],[-74.05,47.8003],[-74.09,47.77],[-74.125,47.7555],[-74.155,47.7568],[-74.1803,47.765],[-74.201,47.78],[-74.196,47.8067]],[[-73.6821,47.8696],[-73.634,47.8997],[-73.5849,47.8997],[-73.5348,47.8696],[-73.5198,47.8502],[-73.5399,47.8413],[-73.589,47.8413],[-73.6671,47.8502],[-73.6821,47.8696]],[[-73.9189,47.7786],[-73.913,47.7878],[-73.9,47.7935],[-73.88,47.7958],[-73.8587,47.7913],[-73.8362,47.7798],[-73.8412,47.7692],[-73.8737,47.7596],[-73.898,47.7596],[-73.9139,47.7692],[-73.9189,47.7786]]]}},{"type":"Feature","properties":{"c":"#00cc00","v0":0.25,"v1":0.5},"geometry":{"type":"Polygon","coordinates":[[[-71.7803,47.859],[-71.7468,47.8946],[-71.71,47.912],[-71.67,47.9111],[-71.675,47.8893],[-71.725,47.8468],[-71.76,47.826],[-71.78,47.827],[-71.7918,47.8309],[-71.7953,47.8378],[-71.7803,47.859]]]}},{"type":"Feature","properties":{"c":"#00cc00","v0":0.25,"v1":0.5},"geometry":{"type":"Polygon","coordinates":[[[-74.5159,47.6586],[-74.512,47.67],[-74.505,47.6739],[-74.495,47.6702],[-74.49,47.6631],[-74.49,47.6525],[-74.497,47.6486],[-74.5109,47.6515],[-74.5159,47.6586]]]}},{"type":"Feature","properties":{"c":"#00cc00","v0":0.25,"v1":0.5},"geometry":{"type":"Polygon","coordinates":[[[-74.0554,47.5805],[-74.0385,47.5977],[-74.0113,47.601],[-73.974,47.5907],[-73.969,47.5761],[-73.9963,47.5572],[-74.02,47.5489],[-74.04,47.5513],[-74.0535,47.5573],[-74.0604,47.5671],[-74.0554,47.5805]]]}},{"type":"Feature","properties":{"c":"#00cc00","v0":0.25,"v1":0.5},"geometry":{"type":"Polygon","coordinates":[[[-73.9137,47.5762],[-73.8979,47.5847],[-73.884,47.5847],[-73.8719,47.5762],[-73.8719,47.5677],[-73.884,47.5591],[-73.8979,47.5591],[-73.9137,47.5677],[-73.9137,47.5762]]]}},{"type":"Feature","properties":{"c":"#00cc00","v0":0.25,"v1":0.5},"geometry":{"type":"Polygon","coordinates":[[[-74.12,47.1348],[-74.06,47.1819],[-74.0,47.2127],[-73.94,47.2271],[-73.8887,47.2341],[-73.8461,47.2337],[-73.8079,47.2539],[-73.7742,47.2946],[-73.7555,47.3273],[-73.7518,47.3519],[-73.73,47.3665],[-73.69,47.3712],[-73.6922,47.3386],[-73.7367,47.2686],[-73.752,47.22],[-73.7383,47.1928],[-73.7404,47.169],[-73.7583,47.1486],[-73.8279,47.1228],[-73.9493,47.0918],[-74.025,47.077],[-74.055,47.0787],[-74.09,47.0874],[-74.13,47.1032],[-74.12,47.1348]]]}},{"type":"Feature","properties":{"c":"#00cc00","v0":0.25,"v1":0.5},"geometry":{"type":"Polygon","coordinates":[[[-74.6347,47.1464],[-74.6182,47.1625],[-74.58,47.176],[-74.52,47.1869],[-74.47,47.1917],[-74.43,47.1903],[-74.3959,47.1836],[-74.3677,47.1716],[-74.362,47.1588],[-74.3786,47.1452],[-74.4077,47.135],[-74.4492,47.1281],[-74.505,47.1247],[-74.575,47.1248],[-74.6182,47.1282],[-74.6347,47.135],[-74.6347,47.1464]]]}},{"type":"Feature","properties":{"c":"#00cc00","v0":0.25,"v1":0.5},"geometry":{"type":"Polygon","coordinates":[[[-75.0344,47.1242],[-75.0048,47.1503],[-74.9734,47.1537],[-74.9402,47.1344],[-74.9402,47.1169],[-74.9734,47.1013],[-75.0048,47.0979],[-75.0344,47.1067],[-75.0344,47.1242]]]}},{"type":"Feature","properties":{"c":"#00cc00","v0":0.25,"v1":0.5},"geometry":{"type":"Polygon","coordinates":[[[-71.8791,46.8827],[-71.8566,46.9168],[-71.8365,46.9359],[-71.8188,46.9398],[-71.815,46.9251],[-71.825,46.8917],[-71.84,46.8708],[-71.86,46.8624],[-71.8751,46.86],[-71.8852,46.8637],[-71.8791,46.8827]]]}},{"type":"Feature","properties":{"c":"#00cc00","v0":0.25,"v1":0.5},"geometry":{"type":"Polygon","coordinates":[[[-76.1188,46.6292],[-76.0968,46.6498],[-76.0468,46.6683],[-75.9689,46.6847],[-75.91,46.7051],[-75.87,46.7294],[-75.8295,46.7383],[-75.7884,46.7319],[-75.8284,46.6963],[-75.9495,46.6315],[-76.0399,46.604],[-76.0998,46.6139],[-76.1188,46.6292]]]}},{"type":"Feature","properties":{"c":"#00cc00","v0":0.25,"v1":0.5},"geometry":{"type":"Polygon","coordinates":[[[-72.5105,46.4147],[-72.4968,46.447],[-72.455,46.4769],[-72.385,46.5044],[-72.32,46.5422],[-72.26,46.5903],[-72.2178,46.6121],[-72.1934,46.6074],[-72.1757,46.5982],[-72.1649,46.5845],[-72.1671,46.5692],[-72.1824,46.5524],[-72.22,46.5311],[-72.28,46.5055],[-72.33,46.4773],[-72.37,46.4464],[-72.415,46.4218],[-72.465,46.4035],[-72.4968,46.3954],[-72.5105,46.3975],[-72.5105,46.4147]]]}},{"type":"Feature","properties":{"c":"#00cc00","v0":0.25,"v1":0.5},"geometry":{"type":"Polygon","coordinates":[[[-76.6292,46.5364],[-76.5615,46.5639],[-76.4982,46.5826],[-76.4394,46.5925],[-76.36,46.5903],[-76.26,46.576],[-76.19,46.5607],[-76.15,46.5445],[-76.1,46.5451],[-76.04,46.5625],[-75.99,46.5644],[-75.95,46.5508],[-75.9068,46.5283],[-75.8605,46.497],[-75.8355,46.4658],[-75.8318,46.4347],[-75.785,46.4183],[-75.695,46.4169],[-75.6326,46.4083],[-75.5978,46.3926],[-75.6228,46.3673],[-75.7076,46.3324],[-75.77,46.315],[-75.81,46.3152],[-75.843,46.305],[-75.869,46.2846],[-75.899,46.2685],[-75.933,46.257],[-75.98,46.252],[-76.04,46.2536],[-76.1,46.2619],[-76.16,46.277],[-76.218,46.282],[-76.2741,46.2769],[-76.3104,46.2778],[-76.3271,46.2847],[-76.3332,46.2916],[-76.3286,46.2985],[-76.2972,46.3038],[-76.2391,46.3074],[-76.1519,46.3212],[-76.0356,46.3452],[-75.9827,46.3779],[-75.9934,46.4193],[-76.0915,46.4342],[-76.2772,46.4227],[-76.385,46.4256],[-76.415,46.443],[-76.445,46.4469],[-76.475,46.4375],[-76.51,46.4338],[-76.55,46.4357],[-76.5765,46.4409],[-76.5895,46.4495],[-76.5911,46.4606],[-76.5812,46.4744],[-76.598,46.4916],[-76.6414,46.5123],[-76.6292,46.5364]],[[-76.2503,46.4888],[-76.2234,46.5039],[-76.1603,46.5073],[-76.0608,46.4992],[-76.0558,46.4841],[-76.1453,46.4622],[-76.205,46.4529],[-76.235,46.4562],[-76.2534,46.4638],[-76.2603,46.4755],[-76.2503,46.4888]]]}},{"type":"Feature","properties":{"c":"#00cc00","v0":0.25,"v1":0.5},"geometry":{"type":"Polygon","coordinates":[[[-75.6428,46.5417],[-75.6209,46.5525],[-75.5926,46.556],[-75.5578,46.5521],[-75.5416,46.5467],[-75.5442,46.5398],[-75.5616,46.5339],[-75.5939,46.5288],[-75.6209,46.5288],[-75.6428,46.5339],[-75.6428,46.5417]]]}},{"type":"Feature","properties":{"c":"#00cc00","v0":0.25,"v1":0.5},"geometry":{"type":"Polygon","coordinates":[[[-76.7529,46.4703],[-76.7376,46.4758],[-76.7225,46.4758],[-76.7075,46.4703],[-76.7075,46.4638],[-76.7225,46.4565],[-76.7376,46.4565],[-76.7529,46.4638],[-76.7529,46.4703]]]}},{"type":"Feature","properties":{"c":"#00cc00","v0":0.25,"v1":0.5},"geometry":{"type":"Polygon","coordinates":[[[-73.54,45.938],[-73.4268,46.0145],[-73.3371,46.0839],[-73.2706,46.1463],[-73.1556,46.2153],[-72.9919,46.2909],[-72.86,46.3387],[-72.76,46.3587],[-72.6971,46.3762],[-72.6712,46.3911],[-72.6443,46.3951],[-72.6162,46.3882],[-72.7092,46.3164],[-72.9231,46.1795],[-73.075,46.0966],[-73.165,46.0682],[-73.25,46.0295],[-73.33,45.9806],[-73.4266,45.9421],[-73.5399,45.9139],[-73.54,45.938]]]}},{"type":"Feature","properties":{"c":"#00cc00","v0":0.25,"v1":0.5},"geometry":{"type":"Polygon","coordinates":[[[-84.3887,45.9874],[-84.3762,45.9958],[-84.359,45.9958],[-84.337,45.9874],[-84.3433,45.9832],[-84.3777,45.9832],[-84.3887,45.9874]]]}},{"type":"Feature","properties":{"c":"#00cc00","v0":0.25,"v1":0.5},"geometry":{"type":"Polygon","coordinates":[[[-77.0613,45.9172],[-77.0404,45.9242],[-77.0274,45.9242],[-77.0222,45.9172],[-77.0272,45.911],[-77.0424,45.9057],[-77.0554,45.9057],[-77.0663,45.911],[-77.0613,45.9172]]]}},{"type":"Feature","properties":{"c":"#00cc00","v0":0.25,"v1":0.5},"geometry":{"type":"Polygon","coordinates":[[[-74.6575,45.6967],[-74.6125,45.7368],[-74.55,45.7606],[-74.47,45.768],[-74.4233,45.7689],[-74.4098,45.7632],[-74.4398,45.7386],[-74.5133,45.695],[-74.575,45.668],[-74.625,45.6575],[-74.6575,45.6584],[-74.6725,45.6705],[-74.6575,45.6967]]]}},{"type":"Feature","properties":{"c":"#00cc00","v0":0.25,"v1":0.5},"geometry":{"type":"Polygon","coordinates":[[[-73.6331,45.7222],[-73.631,45.7295],[-73.6049,45.7365],[-73.5548,45.7431],[-73.5348,45.7416],[-73.5449,45.7321],[-73.571,45.7251],[-73.6131,45.7207],[-73.6331,45.7222]]]}},{"type":"Feature","properties":{"c":"#00cc00","v0":0.25,"v1":0.5},"geometry":{"type":"Polygon","coordinates":[[[-76.0486,44.8318],[-75.9942,44.8885],[-75.9228,44.9297],[-75.8343,44.9556],[-75.6177,45.0369],[-75.2731,45.1735],[-75.0705,45.2628],[-75.01,45.305],[-74.9036,45.3437],[-74.7511,45.3788],[-74.6787,45.4013],[-74.6862,45.4111],[-74.715,45.4173],[-74.765,45.42],[-74.815,45.4149],[-74.865,45.4019],[-74.8994,45.4027],[-74.9182,45.4172],[-74.932,45.4385],[-74.9408,45.4666],[-74.9409,45.4876],[-74.9322,45.5016],[-74.9172,45.5192],[-74.8957,45.5402],[-74.8563,45.5629],[-74.7988,45.5874],[-74.75,45.5909],[-74.71,45.5734],[-74.65,45.5657],[-74.57,45.568],[-74.515,45.5779],[-74.485,45.5955],[-74.4664,45.6153],[-74.4593,45.6375],[-74.4443,45.653],[-74.4214,45.6619],[-74.395,45.6567],[-74.365,45.6376],[-74.35,45.6122],[-74.3499,45.5805],[-74.3399,45.5598],[-74.32,45.5501],[-74.29,45.5464],[-74.25,45.5487],[-74.195,45.5649],[-74.125,45.5952],[-74.05,45.605],[-73.97,45.5942],[-73.9194,45.5828],[-73.8981,45.5707],[-73.8831,45.5517],[-73.8744,45.5258],[-73.855,45.5083],[-73.825,45.4991],[-73.785,45.4967],[-73.735,45.501],[-73.695,45.484],[-73.665,45.4456],[-73.59,45.4454],[-73.47,45.4833],[-73.395,45.5023],[-73.365,45.5023],[-73.3412,45.4969],[-73.3237,45.486],[-73.3268,45.4666],[-73.3506,45.4385],[-73.4194,45.3943],[-73.5331,45.334],[-73.645,45.2986],[-73.755,45.2884],[-73.8183,45.294],[-73.8348,45.3154],[-73.8576,45.3296],[-73.8865,45.3367],[-73.8891,45.3542],[-73.8655,45.3823],[-73.8678,45.3989],[-73.8959,45.4039],[-73.93,45.402],[-73.97,45.3933],[-74.01,45.3932],[-74.05,45.4017],[-74.1943,45.3579],[-74.4428,45.2617],[-74.5766,45.2029],[-74.5958,45.1818],[-74.6075,45.1501],[-74.6117,45.1077],[-74.6529,45.0654],[-74.7311,45.023],[-74.7681,44.9947],[-74.764,44.9805],[-74.7489,44.9682],[-74.723,44.9577],[-74.68,44.9504],[-74.62,44.9461],[-74.545,44.9482],[-74.455,44.9567],[-74.335,44.9827],[-74.185,45.0261],[-74.0387,45.0504],[-73.896,45.0557],[-73.8317,45.0442],[-73.8459,45.0159],[-73.9072,44.9817],[-74.0157,44.9417],[-74.1,44.9036],[-74.16,44.8676],[-74.2011,44.8487],[-74.2232,44.8469],[-74.2369,44.8531],[-74.2421,44.8672],[-74.216,44.8836],[-74.1587,44.9021],[-74.1275,44.9163],[-74.1226,44.9261],[-74.1276,44.9366],[-74.1425,44.9479],[-74.17,44.9573],[-74.21,44.9649],[-74.32,44.9332],[-74.5,44.862],[-74.6569,44.8171],[-74.7906,44.7985],[-74.8672,44.7857],[-74.8866,44.7786],[-74.8925,44.7679],[-74.8849,44.7537],[-74.8883,44.7412],[-74.9028,44.7305],[-74.955,44.718],[-75.045,44.7036],[-75.145,44.6749],[-75.255,44.6318],[-75.355,44.6038],[-75.445,44.5908],[-75.53,44.5715],[-75.61,44.5458],[-75.6644,44.5366],[-75.6932,44.5438],[-75.7032,44.5539],[-75.6944,44.567],[-75.6696,44.5777],[-75.6287,44.586],[-75.583,44.6115],[-75.5326,44.6542],[-75.4536,44.6969],[-75.3458,44.7395],[-75.3065,44.765],[-75.3355,44.7735],[-75.39,44.7779],[-75.47,44.7782],[-75.54,44.7865],[-75.6,44.8027],[-75.68,44.812],[-75.78,44.8142],[-75.875,44.8092],[-75.965,44.7972],[-76.0265,44.7942],[-76.0594,44.8003],[-76.0486,44.8318]],[[-74.262,45.4772],[-74.2273,45.4985],[-74.195,45.5096],[-74.165,45.5106],[-74.1468,45.5069],[-74.1405,45.4987],[-74.1555,45.4843],[-74.1918,45.4637],[-74.2273,45.4567],[-74.262,45.4633],[-74.262,45.4772]],[[-75.4393,44.6608],[-75.3931,44.6883],[-75.3459,44.6989],[-75.2976,44.6928],[-75.2926,44.6768],[-75.3309,44.6508],[-75.37,44.6361],[-75.41,44.6327],[-75.4381,44.6351],[-75.4543,44.6431],[-75.4393,44.6608]],[[-75.5096,45.0403],[-75.3365,45.1173],[-75.1955,45.1702],[-75.0864,45.1991],[-75.0014,45.23],[-74.9405,45.2629],[-74.865,45.2884],[-74.775,45.3065],[-74.7,45.3121],[-74.64,45.3053],[-74.59,45.3103],[-74.55,45.327],[-74.5117,45.3331],[-74.4752,45.3284],[-74.4678,45.3191],[-74.4896,45.305],[-74.5429,45.2872],[-74.6276,45.2656],[-74.715,45.2299],[-74.805,45.1799],[-74.8731,45.1378],[-74.9192,45.1036],[-74.9398,45.0689],[-74.935,45.0336],[-74.9519,45.0168],[-74.9906,45.0187],[-75.033,45.0363],[-75.0789,45.0698],[-75.1189,45.0895],[-75.153,45.0953],[-75.235,45.0789],[-75.365,45.0402],[-75.4715,45.0161],[-75.5546,45.0065],[-75.5096,45.0403]],[[-74.504,45.5499],[-74.468,45.5763],[-74.4311,45.5833],[-74.3934,45.5709],[-74.3884,45.5567],[-74.4161,45.5406],[-74.445,45.5306],[-74.475,45.5266],[-74.498,45.5276],[-74.514,45.5337],[-74.504,45.5499]],[[-75.5736,44.91],[-75.5579,44.9246],[-75.5392,44.9317],[-75.5176,44.9312],[-75.5126,44.9231],[-75.5242,44.9074],[-75.5429,44.9003],[-75.5686,44.9019],[-75.5736,44.91]],[[-75.5117,44.8414],[-75.4706,44.8606],[-75.4,44.8711],[-75.3,44.8729],[-75.2432,44.8703],[-75.2295,44.8636],[-75.235,44.8531],[-75.2596,44.8389],[-75.3164,44.8241],[-75.4055,44.8089],[-75.465,44.8019],[-75.495,44.8033],[-75.5156,44.8109],[-75.5267,44.8248],[-75.5117,44.8414]],[[-75.1226,44.8981],[-75.0875,44.9174],[-75.0521,44.9245],[-75.0162,44.9194],[-74.9977,44.9133],[-74.9966,44.9062],[-75.0096,44.8968],[-75.0365,44.885],[-75.065,44.8777],[-75.095,44.875],[-75.1175,44.8774],[-75.1326,44.8848],[-75.1226,44.8981]],[[-74.9983,44.8602],[-74.9786,44.8885],[-74.9591,44.9066],[-74.9397,44.9145],[-74.895,44.9124],[-74.825,44.9003],[-74.75,44.8996],[-74.67,44.9101],[-74.6082,44.9087],[-74.5646,44.8952],[-74.5646,44.8766],[-74.6082,44.8527],[-74.695,44.834],[-74.825,44.8206],[-74.91,44.8159],[-74.95,44.8197],[-74.9795,44.8277],[-74.9986,44.8399],[-74.9983,44.8602]],[[-74.431,45.4608],[-74.417,45.4772],[-74.3968,45.4843],[-74.3705,45.4818],[-74.3605,45.4742],[-74.3668,45.4614],[-74.387,45.4544],[-74.421,45.4532],[-74.431,45.4608]]]}},{"type":"Feature","properties":{"c":"#00cc00","v0":0.25,"v1":0.5},"geometry":{"type":"Polygon","coordinates":[[[-77.7152,45.5964],[-77.7117,45.6039],[-77.7036,45.6039],[-77.6907,45.5964],[-77.6925,45.5927],[-77.7088,45.5927],[-77.7152,45.5964]]]}},{"type":"Feature","properties":{"c":"#00cc00","v0":0.25,"v1":0.5},"geometry":{"type":"Polygon","coordinates":[[[-77.1906,45.5712],[-77.1502,45.5841],[-77.0968,45.5806],[-77.0303,45.5607],[-77.0003,45.5466],[-77.0068,45.5386],[-77.04,45.5342],[-77.1,45.5335],[-77.1502,45.541],[-77.1906,45.5568],[-77.1906,45.5712]]]}},{"type":"Feature","properties":{"c":"#00cc00","v0":0.25,"v1":0.5},"geometry":{"type":"Polygon","coordinates":[[[-73.7233,45.077],[-73.7144,45.0863],[-73.69,45.0934],[-73.65,45.0985],[-73.6199,45.0975],[-73.5998,45.0902],[-73.5998,45.0823],[-73.6199,45.0739],[-73.6544,45.0703],[-73.7033,45.0717],[-73.7233,45.077]]]}},{"type":"Feature","properties":{"c":"#00cc00","v0":0.25,"v1":0.5},"geometry":{"type":"Polygon","coordinates":[[[-73.482,45.0281],[-73.4207,45.0526],[-73.3712,45.0597],[-73.3335,45.0493],[-73.3335,45.0343],[-73.3712,45.0145],[-73.4207,45.0074],[-73.482,45.0131],[-73.482,45.0281]]]}},{"type":"Feature","properties":{"c":"#00cc00","v0":0.25,"v1":0.5},"geometry":{"type":"Polygon","coordinates":[[[-98.4293,44.4711],[-98.4164,44.4897],[-98.39,44.5058],[-98.35,44.5195],[-98.255,44.5172],[-98.105,44.499],[-97.96,44.4948],[-97.82,44.5046],[-97.695,44.5073],[-97.585,44.5029],[-97.5223,44.5053],[-97.5069,44.5143],[-97.5012,44.5224],[-97.5053,44.5296],[-97.543,44.5441],[-97.6143,44.5662],[-97.6557,44.584],[-97.667,44.5976],[-97.6498,44.6222],[-97.6042,44.6578],[-97.5635,44.6816],[-97.5278,44.6938],[-97.47,44.7027],[-97.39,44.7082],[-97.31,44.7068],[-97.23,44.6986],[-97.1656,44.6862],[-97.1167,44.6696],[-97.0859,44.6507],[-97.073,44.6293],[-97.0525,44.6134],[-97.0242,44.6028],[-97.0024,44.6171],[-96.9871,44.6561],[-96.9471,44.6856],[-96.8824,44.7056],[-96.82,44.7147],[-96.76,44.713],[-96.6921,44.6994],[-96.6164,44.674],[-96.5794,44.64],[-96.581,44.5973],[-96.5727,44.5652],[-96.5544,44.5438],[-96.5164,44.5175],[-96.4588,44.4862],[-96.4003,44.4612],[-96.3409,44.4426],[-96.2893,44.4118],[-96.2454,44.3689],[-96.1877,44.3403],[-96.1161,44.326],[-96.0562,44.301],[-96.0079,44.2652],[-95.9955,44.2258],[-96.019,44.1828],[-96.0406,44.1551],[-96.0602,44.1429],[-96.09,44.1409],[-96.13,44.149],[-96.175,44.1679],[-96.225,44.1974],[-96.26,44.2104],[-96.28,44.2068],[-96.2872,44.1905],[-96.2817,44.1614],[-96.2617,44.1416],[-96.2272,44.1309],[-96.21,44.1122],[-96.21,44.0854],[-96.19,44.0683],[-96.15,44.0609],[-96.1211,44.0437],[-96.1033,44.0167],[-96.0984,43.996],[-96.1063,43.9816],[-96.1252,43.9703],[-96.1551,43.9622],[-96.1708,43.9442],[-96.1725,43.9163],[-96.1876,43.8952],[-96.2161,43.8808],[-96.2339,43.8519],[-96.2409,43.8087],[-96.2524,43.7798],[-96.2682,43.7653],[-96.2696,43.7525],[-96.2565,43.7413],[-96.205,43.725],[-96.115,43.7035],[-96.0096,43.6838],[-95.8888,43.6659],[-95.8008,43.6316],[-95.7457,43.5809],[-95.7165,43.5483],[-95.7135,43.5338],[-95.7264,43.5189],[-95.7555,43.5036],[-95.79,43.5043],[-95.83,43.5211],[-95.865,43.524],[-95.895,43.5131],[-95.94,43.5148],[-96.0,43.529],[-96.051,43.5301],[-96.0931,43.5181],[-96.0981,43.5027],[-96.066,43.484],[-96.03,43.4721],[-95.99,43.4671],[-95.95,43.4504],[-95.91,43.4219],[-95.8733,43.4047],[-95.8398,43.3988],[-95.8157,43.3777],[-95.8012,43.3413],[-95.7699,43.305],[-95.7219,43.2686],[-95.6959,43.2355],[-95.692,43.2057],[-95.705,43.1915],[-95.735,43.1931],[-95.7578,43.1898],[-95.7733,43.1816],[-95.7811,43.1483],[-95.7811,43.0899],[-95.7934,43.058],[-95.8178,43.0525],[-95.865,43.0552],[-95.935,43.066],[-96.01,43.086],[-96.09,43.1151],[-96.185,43.1395],[-96.295,43.1592],[-96.3939,43.1821],[-96.4817,43.2082],[-96.5667,43.2477],[-96.6489,43.3007],[-96.735,43.3441],[-96.825,43.378],[-96.9223,43.4351],[-97.0269,43.5154],[-97.1736,43.6099],[-97.3623,43.7184],[-97.4843,43.7978],[-97.5396,43.8483],[-97.5818,43.8808],[-97.6108,43.8952],[-97.6312,43.9132],[-97.6431,43.9348],[-97.6743,43.9475],[-97.7248,43.9514],[-97.76,43.9582],[-97.78,43.9678],[-97.805,44.0006],[-97.835,44.0564],[-97.985,44.1584],[-98.255,44.3063],[-98.4014,44.4005],[-98.4243,44.4414],[-98.4293,44.4711]],[[-96.3185,44.3373],[-96.3128,44.3455],[-96.2923,44.3455],[-96.2569,44.3373],[-96.2419,44.3201],[-96.2473,44.2938],[-96.2678,44.2938],[-96.3035,44.3201],[-96.3185,44.3373]],[[-96.1165,43.3134],[-96.0988,43.3231],[-96.0806,43.3231],[-96.0617,43.3134],[-96.0617,43.301],[-96.0806,43.2857],[-96.0988,43.2857],[-96.1165,43.301],[-96.1165,43.3134]],[[-95.9963,43.1537],[-95.9921,43.1644],[-95.98,43.1706],[-95.96,43.1722],[-95.9399,43.1559],[-95.9198,43.1216],[-95.9248,43.1052],[-95.9549,43.1065],[-95.9771,43.1174],[-95.9913,43.138],[-95.9963,43.1537]],[[-98.3672,44.4292],[-98.3557,44.4497],[-98.34,44.461],[-98.32,44.4633],[-98.265,44.4369],[-98.175,44.3818],[-98.095,44.356],[-98.025,44.3594],[-97.97,44.3522],[-97.93,44.3345],[-97.82,44.337],[-97.64,44.3598],[-97.535,44.3678],[-97.505,44.361],[-97.4813,44.3479],[-97.464,44.3286],[-97.454,44.3012],[-97.4513,44.2659],[-97.4314,44.2372],[-97.3942,44.2153],[-97.3592,44.1757],[-97.3264,44.1186],[-97.2856,44.0755],[-97.2367,44.0465],[-97.2367,44.0296],[-97.2856,44.025],[-97.3308,44.0106],[-97.3723,43.9865],[-97.3479,43.9492],[-97.2575,43.8988],[-97.186,43.8375],[-97.1334,43.7653],[-97.0896,43.7148],[-97.0545,43.6858],[-97.0002,43.6489],[-96.9267,43.604],[-96.855,43.5714],[-96.785,43.551],[-96.7208,43.5264],[-96.6624,43.4975],[-96.5359,43.483],[-96.3412,43.483],[-96.2449,43.4757],[-96.2468,43.4612],[-96.2617,43.4467],[-96.2896,43.4322],[-96.3451,43.4203],[-96.4284,43.411],[-96.4776,43.4001],[-96.4927,43.3876],[-96.4977,43.3747],[-96.4926,43.3613],[-96.47,43.3521],[-96.43,43.3469],[-96.3906,43.3354],[-96.3519,43.3175],[-96.3193,43.2831],[-96.2928,43.2321],[-96.3021,43.2047],[-96.3474,43.2009],[-96.4132,43.2119],[-96.4997,43.2375],[-96.5697,43.2769],[-96.6232,43.3299],[-96.67,43.3615],[-96.71,43.3716],[-96.745,43.3886],[-96.775,43.4123],[-96.805,43.4239],[-96.835,43.4234],[-96.9398,43.478],[-97.1195,43.5877],[-97.2795,43.6925],[-97.4198,43.7926],[-97.513,43.8719],[-97.5591,43.9307],[-97.619,43.9708],[-97.6926,43.9924],[-97.7496,44.0356],[-97.7899,44.1004],[-97.8396,44.1543],[-97.8987,44.1972],[-97.9287,44.2451],[-97.9296,44.298],[-97.94,44.319],[-97.96,44.3083],[-97.975,44.2907],[-97.985,44.2664],[-98.0,44.2523],[-98.02,44.2485],[-98.0529,44.2539],[-98.0986,44.2686],[-98.1336,44.2873],[-98.1579,44.31],[-98.19,44.3266],[-98.23,44.337],[-98.2807,44.3614],[-98.3422,44.3998],[-98.3672,44.4292]],[[-98.1054,44.437],[-98.0951,44.4446],[-98.079,44.4446],[-98.0571,44.437],[-98.0521,44.4277],[-98.064,44.4167],[-98.0801,44.4167],[-98.1004,44.4277],[-98.1054,44.437]],[[-97.3279,44.295],[-97.3026,44.3044],[-97.245,44.3051],[-97.155,44.2972],[-97.095,44.2987],[-97.065,44.3096],[-97.035,44.3137],[-97.005,44.3108],[-96.9849,44.301],[-96.9747,44.2843],[-96.9831,44.2616],[-97.0101,44.233],[-97.0177,44.2043],[-97.0061,44.1756],[-97.0327,44.1668],[-97.0976,44.178],[-97.1439,44.1959],[-97.1718,44.2206],[-97.2245,44.2473],[-97.3018,44.2759],[-97.3279,44.295]],[[-96.966,43.9535],[-96.9553,43.9692],[-96.935,43.9731],[-96.905,43.9652],[-96.8695,43.9394],[-96.8284,43.8955],[-96.8084,43.8681],[-96.8095,43.8573],[-96.8503,43.8753],[-96.931,43.9222],[-96.966,43.9535]],[[-96.8847,44.5901],[-96.8824,44.6186],[-96.8734,44.6387],[-96.8578,44.6505],[-96.8187,44.6576],[-96.756,44.6601],[-96.6988,44.6293],[-96.6469,44.5652],[-96.5969,44.5189],[-96.5488,44.4904],[-96.5233,44.4582],[-96.5206,44.4225],[-96.4979,44.4011],[-96.4553,44.394],[-96.4275,44.3725],[-96.4146,44.3368],[-96.3927,44.3046],[-96.3618,44.2759],[-96.3523,44.2515],[-96.3641,44.2314],[-96.3893,44.2099],[-96.4278,44.187],[-96.4434,44.1684],[-96.4362,44.1541],[-96.4369,44.1426],[-96.4456,44.1341],[-96.485,44.1504],[-96.555,44.1914],[-96.61,44.2163],[-96.65,44.2251],[-96.68,44.2233],[-96.7,44.2108],[-96.715,44.206],[-96.725,44.2086],[-96.7284,44.2265],[-96.7253,44.2594],[-96.7413,44.2867],[-96.7765,44.3081],[-96.7918,44.3582],[-96.787,44.4368],[-96.791,44.4823],[-96.8037,44.4948],[-96.8263,44.5055],[-96.8588,44.5144],[-96.8778,44.5331],[-96.8831,44.5617],[-96.8847,44.5901]],[[-96.2551,43.3558],[-96.2517,43.3629],[-96.2383,43.3629],[-96.215,43.3558],[-96.21,43.3485],[-96.2233,43.3411],[-96.2367,43.3411],[-96.2501,43.3485],[-96.2551,43.3558]],[[-97.1986,43.9407],[-97.1929,43.9596],[-97.1756,43.9632],[-97.1469,43.9515],[-97.1419,43.9404],[-97.1606,43.93],[-97.1779,43.9264],[-97.1936,43.9296],[-97.1986,43.9407]],[[-97.0033,43.7176],[-96.9811,43.7234],[-96.9574,43.7198],[-96.9321,43.7068],[-96.9271,43.6939],[-96.9424,43.6809],[-96.9661,43.6846],[-96.9983,43.7047],[-97.0033,43.7176]],[[-96.8202,43.7181],[-96.8134,43.7538],[-96.8047,43.7719],[-96.794,43.7723],[-96.7694,43.7364],[-96.7308,43.6641],[-96.717,43.6171],[-96.7281,43.5954],[-96.7477,43.5845],[-96.7759,43.5846],[-96.7984,43.6136],[-96.8152,43.6714],[-96.8202,43.7181]],[[-96.6107,43.5744],[-96.5969,43.5833],[-96.5609,43.5797],[-96.5026,43.5636],[-96.4876,43.5472],[-96.5159,43.5306],[-96.5519,43.5343],[-96.5957,43.5581],[-96.6107,43.5744]],[[-96.4167,43.6476],[-96.4122,43.6579],[-96.4,43.6648],[-96.38,43.6684],[-96.35,43.656],[-96.3099,43.6277],[-96.2949,43.6084],[-96.305,43.5982],[-96.335,43.5898],[-96.385,43.5832],[-96.4122,43.5955],[-96.4167,43.6268],[-96.4167,43.6476]]]}},{"type":"Feature","properties":{"c":"#00cc00","v0":0.25,"v1":0.5},"geometry":{"type":"Polygon","coordinates":[[[-76.2194,44.3296],[-76.2026,44.3511],[-76.1782,44.3696],[-76.1461,44.3853],[-76.04,44.4085],[-75.86,44.4392],[-75.73,44.4553],[-75.65,44.4566],[-75.57,44.4667],[-75.49,44.4857],[-75.41,44.4951],[-75.33,44.4949],[-75.26,44.5062],[-75.2,44.529],[-75.13,44.5353],[-75.05,44.5251],[-74.985,44.5216],[-74.935,44.5248],[-74.895,44.5161],[-74.865,44.4955],[-74.82,44.4762],[-74.76,44.4581],[-74.7101,44.4273],[-74.6702,44.3836],[-74.6702,44.3505],[-74.7101,44.3279],[-74.755,44.3126],[-74.805,44.3048],[-74.859,44.309],[-74.9171,44.3251],[-74.9771,44.3492],[-75.039,44.3813],[-75.11,44.4062],[-75.19,44.4239],[-75.375,44.4052],[-75.665,44.3501],[-75.85,44.3221],[-75.93,44.3212],[-76.02,44.312],[-76.12,44.2946],[-76.1844,44.2941],[-76.2133,44.3106],[-76.2194,44.3296]],[[-76.1509,44.3405],[-76.137,44.3551],[-76.1156,44.3587],[-76.0868,44.3512],[-76.0938,44.3439],[-76.1365,44.3368],[-76.1509,44.3405]],[[-75.9335,44.3856],[-75.8512,44.4045],[-75.7808,44.4117],[-75.7225,44.407],[-75.7104,44.394],[-75.7444,44.3725],[-75.7786,44.3576],[-75.8129,44.3491],[-75.86,44.3481],[-75.92,44.3545],[-75.9562,44.3623],[-75.9685,44.3715],[-75.9335,44.3856]],[[-75.5297,44.4333],[-75.5069,44.4333],[-75.5041,44.4296],[-75.5214,44.4222],[-75.5328,44.4222],[-75.5384,44.4296],[-75.5297,44.4333]]]}},{"type":"Feature","properties":{"c":"#00cc00","v0":0.25,"v1":0.5},"geometry":{"type":"Polygon","coordinates":[[[-76.3253,44.0068],[-76.3071,44.0428],[-76.2742,44.0715],[-76.2266,44.0931],[-76.1796,44.1223],[-76.1332,44.1593],[-76.045,44.1836],[-75.915,44.1953],[-75.8239,44.1912],[-75.7718,44.1712],[-75.7619,44.1505],[-75.7941,44.129],[-75.8534,44.1074],[-75.9398,44.0859],[-76.0147,44.0599],[-76.0782,44.0296],[-76.155,44.0038],[-76.245,43.9824],[-76.3011,43.976],[-76.3233,43.9845],[-76.3253,44.0068]],[[-76.1165,44.1269],[-76.0855,44.1444],[-76.0306,44.1516],[-75.9519,44.1485],[-75.9131,44.1433],[-75.9142,44.1361],[-75.9535,44.1245],[-76.0312,44.1085],[-76.08,44.0996],[-76.1,44.0978],[-76.1155,44.1023],[-76.1265,44.1129],[-76.1165,44.1269]]]}},{"type":"Feature","properties":{"c":"#00cc00","v0":0.25,"v1":0.5},"geometry":{"type":"Polygon","coordinates":[[[-96.0094,44.0751],[-95.9952,44.0751],[-95.9936,44.0722],[-96.0045,44.0664],[-96.0116,44.0664],[-96.0149,44.0722],[-96.0094,44.0751]]]}},{"type":"Feature","properties":{"c":"#00cc00","v0":0.25,"v1":0.5},"geometry":{"type":"Polygon","coordinates":[[[-96.0238,43.9624],[-96.0146,43.9671],[-95.995,43.9657],[-95.965,43.958],[-95.9466,43.9448],[-95.9397,43.9261],[-95.9447,43.9135],[-95.9616,43.9067],[-95.975,43.9057],[-95.985,43.9104],[-95.9996,43.9246],[-96.0188,43.9482],[-96.0238,43.9624]]]}},{"type":"Feature","properties":{"c":"#00cc00","v0":0.25,"v1":0.5},"geometry":{"type":"Polygon","coordinates":[[[-76.9928,43.6776],[-76.9776,43.6899],[-76.9427,43.6972],[-76.8881,43.6993],[-76.8831,43.6882],[-76.9277,43.664],[-76.9626,43.6568],[-76.9878,43.6665],[-76.9928,43.6776]]]}},{"type":"Feature","properties":{"c":"#00cc00","v0":0.25,"v1":0.5},"geometry":{"type":"Polygon","coordinates":[[[-76.5449,43.6665],[-76.495,43.6857],[-76.46,43.6953],[-76.44,43.6951],[-76.4228,43.6891],[-76.4083,43.6773],[-76.4083,43.6651],[-76.4228,43.6526],[-76.45,43.6411],[-76.49,43.6308],[-76.52,43.6268],[-76.54,43.6292],[-76.555,43.637],[-76.5649,43.6503],[-76.5449,43.6665]]]}},{"type":"Feature","properties":{"c":"#00cc00","v0":0.25,"v1":0.5},"geometry":{"type":"Polygon","coordinates":[[[-77.9428,43.2721],[-77.9209,43.2863],[-77.8868,43.2863],[-77.8403,43.2721],[-77.8403,43.2589],[-77.8868,43.2468],[-77.9209,43.2468],[-77.9428,43.2589],[-77.9428,43.2721]]]}},{"type":"Feature","properties":{"c":"#00cc00","v0":0.25,"v1":0.5},"geometry":{"type":"Polygon","coordinates":[[[-77.5582,43.2259],[-77.5394,43.2354],[-77.4998,43.2317],[-77.4393,43.215],[-77.4143,43.2025],[-77.4248,43.1943],[-77.4644,43.198],[-77.5332,43.2135],[-77.5582,43.2259]]]}},{"type":"Feature","properties":{"c":"#00cc00","v0":0.25,"v1":0.5},"geometry":{"type":"Polygon","coordinates":[[[-97.8488,43.1548],[-97.8363,43.1679],[-97.8207,43.1679],[-97.802,43.1548],[-97.802,43.1434],[-97.8207,43.1337],[-97.8363,43.1337],[-97.8488,43.1434],[-97.8488,43.1548]]]}},{"type":"Feature","properties":{"c":"#00cc00","v0":0.25,"v1":0.5},"geometry":{"type":"Polygon","coordinates":[[[-99.3688,43.0798],[-99.3563,43.0888],[-99.3306,43.0925],[-99.2917,43.0908],[-99.2391,43.0826],[-99.1729,43.068],[-99.1283,43.0534],[-99.1051,43.0387],[-99.1026,43.0251],[-99.1209,43.0123],[-99.15,43.0051],[-99.19,43.0035],[-99.2429,43.0135],[-99.3088,43.0352],[-99.3501,43.0534],[-99.3667,43.068],[-99.3688,43.0798]]]}},{"type":"Feature","properties":{"c":"#00cc00","v0":0.25,"v1":0.5},"geometry":{"type":"Polygon","coordinates":[[[-80.1932,43.0356],[-80.1377,43.044],[-80.055,43.0404],[-79.945,43.0248],[-79.865,43.0187],[-79.815,43.0218],[-79.7564,43.0145],[-79.6891,42.9965],[-79.6487,42.9802],[-79.6353,42.9656],[-79.6345,42.951],[-79.6461,42.9363],[-79.6715,42.9255],[-79.7105,42.9185],[-79.82,42.9291],[-80.0,42.9574],[-80.1227,42.9865],[-80.1882,43.0165],[-80.1932,43.0356]]]}},{"type":"Feature","properties":{"c":"#00cc00","v0":0.25,"v1":0.5},"geometry":{"type":"Polygon","coordinates":[[[-78.6869,43.0114],[-78.6623,43.0298],[-78.6,43.0394],[-78.5,43.0403],[-78.43,43.0369],[-78.39,43.0291],[-78.3618,43.0158],[-78.3455,42.997],[-78.3555,42.9822],[-78.3918,42.9716],[-78.475,42.9708],[-78.605,42.9799],[-78.6773,42.9889],[-78.6919,42.9977],[-78.6869,43.0114]]]}},{"type":"Feature","properties":{"c":"#00cc00","v0":0.25,"v1":0.5},"geometry":{"type":"Polygon","coordinates":[[[-99.7921,42.9732],[-99.7507,42.9738],[-99.665,42.9592],[-99.535,42.9294],[-99.435,42.9139],[-99.365,42.9128],[-99.29,42.8999],[-99.21,42.8754],[-99.085,42.8573],[-98.915,42.8455],[-98.765,42.8218],[-98.635,42.7862],[-98.56,42.78],[-98.54,42.8032],[-98.505,42.8187],[-98.455,42.8264],[-98.38,42.8231],[-98.28,42.8089],[-98.18,42.787],[-98.08,42.7574],[-98.0257,42.7452],[-98.0172,42.7504],[-98.0165,42.764],[-98.0237,42.786],[-98.0157,42.8007],[-97.9925,42.8081],[-97.9232,42.7847],[-97.8077,42.7305],[-97.67,42.6787],[-97.51,42.6293],[-97.4169,42.5939],[-97.3906,42.5725],[-97.3924,42.5471],[-97.4224,42.5176],[-97.4505,42.4961],[-97.4768,42.4825],[-97.515,42.4716],[-97.565,42.4631],[-97.64,42.4345],[-97.74,42.3855],[-97.815,42.356],[-97.865,42.346],[-97.9,42.3307],[-97.92,42.31],[-97.9514,42.2913],[-97.9941,42.2747],[-98.0178,42.2627],[-98.0223,42.2553],[-98.0159,42.2454],[-97.9986,42.2328],[-97.945,42.2283],[-97.855,42.2318],[-97.79,42.2491],[-97.75,42.2801],[-97.66,42.3001],[-97.52,42.3093],[-97.435,42.3288],[-97.405,42.3585],[-97.335,42.3829],[-97.225,42.4019],[-97.115,42.3995],[-97.005,42.3756],[-96.915,42.3642],[-96.845,42.3651],[-96.695,42.3459],[-96.465,42.3066],[-96.31,42.2701],[-96.23,42.2365],[-96.1833,42.1981],[-96.1699,42.1548],[-96.1749,42.1156],[-96.1983,42.0805],[-96.24,42.0584],[-96.3,42.0492],[-96.38,42.0459],[-96.48,42.0485],[-96.565,42.0428],[-96.635,42.0287],[-96.68,42.0255],[-96.7,42.033],[-96.725,42.0324],[-96.755,42.0234],[-96.7708,42.0103],[-96.7724,41.9932],[-96.7624,41.9818],[-96.7408,41.9761],[-96.7232,41.9649],[-96.7097,41.9483],[-96.699,41.9251],[-96.6911,41.8953],[-96.6929,41.8732],[-96.7043,41.8588],[-96.73,41.8466],[-96.77,41.8366],[-96.82,41.8338],[-96.88,41.8382],[-96.945,41.8347],[-97.015,41.8234],[-97.08,41.825],[-97.14,41.8395],[-97.19,41.8463],[-97.23,41.8455],[-97.2725,41.8316],[-97.3175,41.8045],[-97.3412,41.7836],[-97.3437,41.7686],[-97.3395,41.7575],[-97.3286,41.75],[-97.2899,41.7471],[-97.2233,41.7487],[-97.16,41.7417],[-97.1,41.7259],[-97.045,41.7206],[-96.995,41.7259],[-96.925,41.7111],[-96.835,41.6761],[-96.7845,41.6507],[-96.7736,41.6347],[-96.7736,41.6201],[-96.7845,41.6067],[-96.83,41.5971],[-96.91,41.5913],[-97.05,41.6033],[-97.25,41.6332],[-97.365,41.6707],[-97.395,41.7158],[-97.4381,41.7441],[-97.4943,41.7555],[-97.5047,41.7686],[-97.4692,41.7836],[-97.4552,41.7985],[-97.4627,41.8134],[-97.5036,41.8395],[-97.5776,41.8767],[-97.6179,41.9065],[-97.6244,41.9288],[-97.6483,41.9563],[-97.6894,41.9888],[-97.7661,42.0223],[-97.8782,42.0566],[-97.9482,42.1001],[-97.9761,42.1527],[-98.01,42.1875],[-98.05,42.2047],[-98.105,42.2138],[-98.175,42.2149],[-98.2355,42.2357],[-98.2864,42.2759],[-98.3564,42.3117],[-98.4455,42.343],[-98.535,42.3888],[-98.625,42.4491],[-98.6829,42.4778],[-98.7086,42.4748],[-98.6905,42.4364],[-98.6287,42.3626],[-98.5671,42.2553],[-98.5055,42.1145],[-98.4221,42.0255],[-98.3167,41.9883],[-98.2466,41.9437],[-98.2118,41.8916],[-98.0792,41.8022],[-97.8489,41.6753],[-97.7278,41.6211],[-97.7159,41.6397],[-97.7,41.6504],[-97.68,41.6532],[-97.6662,41.6402],[-97.6585,41.6113],[-97.6237,41.5782],[-97.5618,41.5407],[-97.4407,41.5031],[-97.2602,41.4652],[-97.1584,41.439],[-97.1351,41.4244],[-97.1048,41.3909],[-97.0674,41.3383],[-96.996,41.2745],[-96.8905,41.1993],[-96.8058,41.1547],[-96.7419,41.1408],[-96.7024,41.1408],[-96.6873,41.1547],[-96.6667,41.1616],[-96.6408,41.1616],[-96.6433,41.1537],[-96.6744,41.1379],[-96.6962,41.1191],[-96.7085,41.0972],[-96.7562,41.0637],[-96.8392,41.0184],[-96.8776,40.9693],[-96.8713,40.9165],[-96.8726,40.8787],[-96.8813,40.856],[-96.9167,40.8123],[-96.9789,40.7476],[-97.0602,40.6756],[-97.1607,40.5962],[-97.2307,40.5465],[-97.2702,40.5265],[-97.325,40.5208],[-97.395,40.5295],[-97.47,40.5303],[-97.55,40.5232],[-97.625,40.5255],[-97.695,40.5371],[-97.75,40.53],[-97.79,40.504],[-97.865,40.5121],[-97.975,40.5544],[-98.0334,40.5707],[-98.0402,40.5613],[-98.0289,40.5413],[-97.9993,40.5109],[-97.9863,40.4805],[-97.99,40.4501],[-98.0264,40.4362],[-98.0955,40.4391],[-98.1541,40.4505],[-98.2024,40.4705],[-98.2367,40.4957],[-98.2571,40.5261],[-98.3705,40.6097],[-98.5769,40.7462],[-98.6783,40.8295],[-98.6747,40.8598],[-98.6971,40.8847],[-98.7457,40.9042],[-98.7785,40.9307],[-98.7954,40.964],[-98.7654,40.9878],[-98.6885,41.002],[-98.63,41.0074],[-98.59,41.0038],[-98.5535,40.9892],[-98.5204,40.9634],[-98.5091,40.9354],[-98.5194,40.9051],[-98.5109,40.8867],[-98.4836,40.8802],[-98.4535,40.8802],[-98.4205,40.8867],[-98.3966,40.9051],[-98.3816,40.9354],[-98.3763,40.958],[-98.3805,40.9731],[-98.4345,41.0146],[-98.5382,41.0825],[-98.5971,41.139],[-98.611,41.1842],[-98.6337,41.2143],[-98.6652,41.2293],[-98.7732,41.3086],[-98.9577,41.4519],[-99.0813,41.538],[-99.1438,41.5673],[-99.1738,41.5871],[-99.1713,41.5974],[-99.1534,41.6049],[-99.1203,41.6095],[-99.1005,41.6193],[-99.0939,41.6342],[-99.0954,41.6502],[-99.1051,41.667],[-99.1617,41.7044],[-99.2651,41.7622],[-99.3193,41.8059],[-99.3242,41.8357],[-99.3129,41.8618],[-99.2854,41.8842],[-99.2713,41.914],[-99.2704,41.9512],[-99.29,41.9855],[-99.33,42.0168],[-99.38,42.042],[-99.44,42.061],[-99.4858,42.0898],[-99.5175,42.1286],[-99.5275,42.159],[-99.5159,42.1813],[-99.4732,42.222],[-99.3995,42.2812],[-99.4088,42.3478],[-99.5011,42.4217],[-99.55,42.4696],[-99.5553,42.4918],[-99.5424,42.5249],[-99.5114,42.5692],[-99.5071,42.617],[-99.5296,42.6685],[-99.5775,42.7126],[-99.6507,42.7493],[-99.7015,42.786],[-99.7297,42.8227],[-99.7424,42.8557],[-99.7394,42.8851],[-99.7567,42.918],[-99.7941,42.9546],[-99.7921,42.9732]],[[-99.6376,42.9282],[-99.4459,42.8972],[-99.2408,42.8276],[-99.0224,42.7191],[-98.9024,42.6282],[-98.8808,42.5549],[-98.8198,42.4701],[-98.7195,42.3738],[-98.6525,42.2997],[-98.619,42.2479],[-98.5841,42.1744],[-98.548,42.0792],[-98.48,42.0095],[-98.38,41.9654],[-98.315,41.9165],[-98.2851,41.8627],[-98.2451,41.8276],[-98.195,41.8113],[-98.1488,41.7815],[-98.1063,41.7381],[-98.0313,41.6956],[-97.9238,41.654],[-97.8412,41.6166],[-97.7836,41.5835],[-97.7286,41.5602],[-97.6762,41.5469],[-97.6266,41.5281],[-97.5799,41.5041],[-97.4699,41.4719],[-97.2966,41.4316],[-97.139,41.3491],[-96.997,41.2242],[-96.8896,41.1466],[-96.8166,41.1164],[-96.7854,41.0938],[-96.7958,41.0787],[-96.8346,41.0524],[-96.9017,41.0146],[-96.936,40.9656],[-96.9375,40.9051],[-96.9522,40.856],[-96.9802,40.8181],[-97.0431,40.7753],[-97.141,40.7276],[-97.235,40.7042],[-97.325,40.7052],[-97.42,40.7167],[-97.52,40.7389],[-97.5842,40.7471],[-97.6127,40.7415],[-97.6326,40.731],[-97.644,40.7159],[-97.6447,40.7057],[-97.6349,40.7005],[-97.5708,40.6778],[-97.4525,40.6374],[-97.3925,40.6062],[-97.3908,40.5841],[-97.405,40.5694],[-97.435,40.562],[-97.495,40.5666],[-97.585,40.5832],[-97.65,40.6083],[-97.69,40.642],[-97.74,40.6695],[-97.8,40.6907],[-97.855,40.6959],[-97.905,40.6851],[-97.9243,40.6603],[-97.9129,40.6215],[-97.9129,40.5993],[-97.9243,40.5938],[-97.96,40.5962],[-98.02,40.6067],[-98.07,40.6086],[-98.11,40.602],[-98.14,40.6116],[-98.16,40.6375],[-98.195,40.6352],[-98.245,40.6048],[-98.285,40.6011],[-98.315,40.624],[-98.355,40.6451],[-98.405,40.6644],[-98.4464,40.6902],[-98.4792,40.7225],[-98.5238,40.7538],[-98.58,40.7841],[-98.6106,40.803],[-98.6154,40.8106],[-98.6109,40.819],[-98.597,40.8282],[-98.5357,40.8395],[-98.4271,40.853],[-98.3597,40.8787],[-98.3334,40.9165],[-98.32,40.9505],[-98.3195,40.9807],[-98.347,41.009],[-98.4023,41.0353],[-98.4395,41.0617],[-98.4585,41.0881],[-98.4635,41.1118],[-98.4545,41.1328],[-98.4355,41.1516],[-98.4066,41.1683],[-98.4666,41.2073],[-98.6155,41.2686],[-98.7189,41.3174],[-98.7767,41.3539],[-98.8407,41.4021],[-98.9109,41.4621],[-98.952,41.5113],[-98.964,41.5497],[-98.9851,41.5797],[-99.0152,41.6011],[-99.0323,41.6268],[-99.0362,41.6567],[-99.0994,41.7089],[-99.2217,41.7836],[-99.2804,41.8283],[-99.2754,41.8432],[-99.2578,41.8581],[-99.2275,41.873],[-99.2141,41.9028],[-99.2175,41.9474],[-99.2709,42.018],[-99.3744,42.1145],[-99.4071,42.1745],[-99.369,42.198],[-99.325,42.2083],[-99.275,42.2052],[-99.255,42.2112],[-99.265,42.2261],[-99.2868,42.2381],[-99.3205,42.2471],[-99.3257,42.2701],[-99.3024,42.3071],[-99.3452,42.3589],[-99.4542,42.4254],[-99.5102,42.466],[-99.5133,42.4807],[-99.4989,42.5065],[-99.467,42.5434],[-99.4525,42.5802],[-99.4554,42.617],[-99.4753,42.6575],[-99.5122,42.7016],[-99.5618,42.7383],[-99.6243,42.7677],[-99.6654,42.8007],[-99.6851,42.8374],[-99.6873,42.8631],[-99.672,42.8777],[-99.6817,42.8997],[-99.7162,42.929],[-99.6376,42.9282]],[[-98.8967,42.7971],[-98.8438,42.7971],[-98.8006,42.7824],[-98.7671,42.753],[-98.7553,42.7348],[-98.7651,42.7277],[-98.78,42.7268],[-98.8,42.7319],[-98.8383,42.7501],[-98.8949,42.7814],[-98.8967,42.7971]],[[-98.0599,42.3748],[-98.04,42.3843],[-98.0118,42.3843],[-97.9753,42.3748],[-97.9653,42.3657],[-97.9818,42.3573],[-98.01,42.3573],[-98.0499,42.3657],[-98.0599,42.3748]],[[-97.7955,42.5282],[-97.7652,42.5493],[-97.7349,42.5567],[-97.7046,42.5503],[-97.7096,42.5374],[-97.7499,42.5181],[-97.7802,42.5108],[-97.8005,42.5153],[-97.7955,42.5282]],[[-98.1378,40.4957],[-98.1123,40.4957],[-98.1072,40.4915],[-98.1224,40.483],[-98.1351,40.483],[-98.1454,40.4915],[-98.1378,40.4957]]]}},{"type":"Feature","properties":{"c":"#00cc00","v0":0.25,"v1":0.5},"geometry":{"type":"Polygon","coordinates":[[[-95.9053,42.8849],[-95.8684,42.8846],[-95.8299,42.8736],[-95.7896,42.8519],[-95.783,42.8411],[-95.8101,42.8411],[-95.8487,42.8521],[-95.8987,42.8741],[-95.9053,42.8849]]]}},{"type":"Feature","properties":{"c":"#00cc00","v0":0.25,"v1":0.5},"geometry":{"type":"Polygon","coordinates":[[[-78.3471,42.628],[-78.3358,42.6428],[-78.3201,42.6519],[-78.3,42.6554],[-78.28,42.6519],[-78.26,42.6414],[-78.2486,42.6286],[-78.2457,42.6135],[-78.2507,42.5972],[-78.2636,42.5795],[-78.28,42.5687],[-78.3,42.5647],[-78.3207,42.5772],[-78.3421,42.6062],[-78.3471,42.628]]]}},{"type":"Feature","properties":{"c":"#00cc00","v0":0.25,"v1":0.5},"geometry":{"type":"Polygon","coordinates":[[[-78.4748,42.6133],[-78.4687,42.628],[-78.4567,42.6385],[-78.4389,42.6447],[-78.4192,42.6373],[-78.3975,42.6164],[-78.3975,42.6004],[-78.4192,42.5892],[-78.442,42.5892],[-78.4659,42.6004],[-78.4748,42.6133]]]}},{"type":"Feature","properties":{"c":"#00cc00","v0":0.25,"v1":0.5},"geometry":{"type":"Polygon","coordinates":[[[-79.5544,42.2072],[-79.4882,42.2368],[-79.3538,42.2552],[-79.1513,42.2623],[-79.0374,42.2771],[-79.0123,42.2996],[-78.9474,42.3219],[-78.8428,42.3441],[-78.7964,42.3663],[-78.8082,42.3884],[-78.7745,42.418],[-78.6954,42.4549],[-78.6298,42.4733],[-78.5775,42.4733],[-78.5511,42.4609],[-78.5504,42.436],[-78.52,42.4186],[-78.46,42.4086],[-78.4227,42.4063],[-78.408,42.4116],[-78.4172,42.4327],[-78.4503,42.4696],[-78.4527,42.4961],[-78.4242,42.5122],[-78.398,42.5159],[-78.3739,42.5072],[-78.3566,42.4881],[-78.3461,42.4586],[-78.3494,42.4364],[-78.3665,42.4217],[-78.3728,42.4032],[-78.3681,42.3811],[-78.4118,42.3734],[-78.5039,42.3804],[-78.5788,42.373],[-78.6364,42.3513],[-78.6564,42.3233],[-78.6388,42.2889],[-78.5929,42.2705],[-78.5186,42.2678],[-78.4735,42.2627],[-78.4577,42.2553],[-78.4797,42.2405],[-78.5395,42.2183],[-78.6646,42.1922],[-78.8549,42.1623],[-78.99,42.1523],[-79.07,42.1623],[-79.175,42.1628],[-79.305,42.154],[-79.405,42.1574],[-79.475,42.173],[-79.525,42.1779],[-79.555,42.172],[-79.5744,42.1749],[-79.5831,42.1866],[-79.5544,42.2072]]]}},{"type":"Feature","properties":{"c":"#00cc00","v0":0.25,"v1":0.5},"geometry":{"type":"Polygon","coordinates":[[[-99.4101,42.4901],[-99.3967,42.4942],[-99.385,42.4899],[-99.375,42.4772],[-99.3757,42.4678],[-99.3871,42.4616],[-99.3988,42.466],[-99.4108,42.4807],[-99.4101,42.4901]]]}},{"type":"Feature","properties":{"c":"#00cc00","v0":0.25,"v1":0.5},"geometry":{"type":"Polygon","coordinates":[[[-80.8895,42.0528],[-80.8632,42.0703],[-80.775,42.0844],[-80.625,42.0951],[-80.53,42.1116],[-80.49,42.1341],[-80.43,42.141],[-80.35,42.1324],[-80.2927,42.1108],[-80.2582,42.0762],[-80.2616,42.0477],[-80.3029,42.0255],[-80.3243,42.0069],[-80.3258,41.992],[-80.2524,41.9518],[-80.1041,41.8863],[-79.9942,41.8193],[-79.9226,41.7507],[-79.8625,41.7052],[-79.8138,41.6828],[-79.7996,41.6707],[-79.8199,41.6689],[-79.845,41.676],[-79.875,41.692],[-79.915,41.7004],[-79.965,41.7013],[-80.0249,41.7203],[-80.0947,41.7575],[-80.1997,41.7929],[-80.3399,41.8266],[-80.45,41.8605],[-80.53,41.8946],[-80.625,41.9197],[-80.735,41.9358],[-80.8034,41.9504],[-80.8303,41.9633],[-80.8585,41.9883],[-80.888,42.0255],[-80.8895,42.0528]],[[-80.7171,42.0413],[-80.6724,42.0655],[-80.6185,42.073],[-80.5556,42.0636],[-80.4982,42.0366],[-80.4464,41.992],[-80.3817,41.9586],[-80.3042,41.9362],[-80.2297,41.9065],[-80.1583,41.8693],[-80.1188,41.8432],[-80.1113,41.8283],[-80.1731,41.8342],[-80.3044,41.861],[-80.42,41.897],[-80.52,41.9424],[-80.6048,41.97],[-80.6743,41.9797],[-80.7166,41.9957],[-80.7318,42.018],[-80.7171,42.0413]]]}},{"type":"Feature","properties":{"c":"#00cc00","v0":0.25,"v1":0.5},"geometry":{"type":"Polygon","coordinates":[[[-99.34,41.7201],[-99.3333,41.7274],[-99.315,41.7287],[-99.285,41.7242],[-99.2612,41.7131],[-99.2436,41.6954],[-99.2369,41.6828],[-99.241,41.6753],[-99.2548,41.6711],[-99.2783,41.6702],[-99.3033,41.6814],[-99.33,41.7047],[-99.34,41.7201]]]}},{"type":"Feature","properties":{"c":"#00cc00","v0":0.25,"v1":0.5},"geometry":{"type":"Polygon","coordinates":[[[-78.7861,41.6635],[-78.722,41.6772],[-78.6513,41.6698],[-78.574,41.6411],[-78.549,41.62],[-78.5763,41.6064],[-78.605,41.5988],[-78.635,41.5972],[-78.692,41.6114],[-78.7761,41.6416],[-78.7861,41.6635]]]}},{"type":"Feature","properties":{"c":"#00cc00","v0":0.25,"v1":0.5},"geometry":{"type":"Polygon","coordinates":[[[-79.3513,41.5104],[-79.3504,41.517],[-79.27,41.5105],[-79.11,41.4906],[-79.0131,41.4723],[-78.9793,41.4555],[-78.9582,41.4396],[-78.9498,41.4246],[-78.9567,41.4093],[-78.9789,41.3938],[-79.02,41.3884],[-79.08,41.3931],[-79.125,41.4027],[-79.155,41.4172],[-79.195,41.4266],[-79.245,41.4311],[-79.2904,41.4517],[-79.3313,41.4886],[-79.3513,41.5104]]]}},{"type":"Feature","properties":{"c":"#00cc00","v0":0.25,"v1":0.5},"geometry":{"type":"Polygon","coordinates":[[[-87.5384,41.1547],[-87.5195,41.1711],[-87.485,41.1826],[-87.435,41.1892],[-87.3962,41.1886],[-87.3687,41.1806],[-87.3496,41.1691],[-87.3388,41.1541],[-87.3426,41.1405],[-87.3609,41.1284],[-87.395,41.1208],[-87.445,41.1178],[-87.4895,41.1239],[-87.5284,41.139],[-87.5384,41.1547]],[[-87.4967,41.153],[-87.4789,41.166],[-87.4523,41.1698],[-87.4168,41.1643],[-87.4118,41.1543],[-87.4373,41.1397],[-87.4639,41.136],[-87.4917,41.143],[-87.4967,41.153]]]}},{"type":"Feature","properties":{"c":"#00cc00","v0":0.25,"v1":0.5},"geometry":{"type":"Polygon","coordinates":[[[-87.0447,41.1701],[-87.0216,41.187],[-86.9935,41.1908],[-86.9606,41.1814],[-86.9556,41.1685],[-86.9785,41.1523],[-87.0066,41.1485],[-87.0397,41.1572],[-87.0447,41.1701]]]}},{"type":"Feature","properties":{"c":"#00cc00","v0":0.25,"v1":0.5},"geometry":{"type":"Polygon","coordinates":[[[-98.1226,41.0428],[-98.0875,41.0463],[-98.06,41.0373],[-98.04,41.0159],[-98.015,41.0057],[-97.985,41.0065],[-97.9605,41.0004],[-97.9414,40.9872],[-97.9714,40.9802],[-98.0505,40.9793],[-98.1025,40.9944],[-98.1276,41.0255],[-98.1226,41.0428]]]}},{"type":"Feature","properties":{"c":"#00cc00","v0":0.25,"v1":0.5},"geometry":{"type":"Polygon","coordinates":[[[-93.3884,40.8972],[-93.3628,40.9115],[-93.28,40.9273],[-93.14,40.9446],[-93.02,40.9656],[-92.92,40.9906],[-92.85,41.0002],[-92.81,40.9947],[-92.7805,40.9853],[-92.7615,40.9721],[-92.7715,40.9593],[-92.8105,40.9469],[-92.855,40.9421],[-92.905,40.9448],[-92.9401,40.9359],[-92.9603,40.9154],[-92.9853,40.9004],[-93.0151,40.8909],[-93.105,40.879],[-93.255,40.8646],[-93.3478,40.8656],[-93.3834,40.8819],[-93.3884,40.8972]],[[-93.2824,40.9008],[-93.1675,40.9224],[-93.088,40.93],[-93.0441,40.9235],[-93.0391,40.9149],[-93.073,40.9041],[-93.1525,40.8965],[-93.2774,40.8922],[-93.2824,40.9008]]]}},{"type":"Feature","properties":{"c":"#00cc00","v0":0.25,"v1":0.5},"geometry":{"type":"Polygon","coordinates":[[[-92.6252,40.9709],[-92.6017,40.9816],[-92.545,40.9888],[-92.455,40.9924],[-92.4002,40.9871],[-92.3806,40.9727],[-92.3806,40.9587],[-92.4002,40.9449],[-92.445,40.9338],[-92.515,40.9254],[-92.5638,40.9247],[-92.5913,40.9318],[-92.613,40.9429],[-92.629,40.958],[-92.6252,40.9709]]]}},{"type":"Feature","properties":{"c":"#00cc00","v0":0.25,"v1":0.5},"geometry":{"type":"Polygon","coordinates":[[[-94.8449,40.9261],[-94.795,40.9379],[-94.76,40.9402],[-94.74,40.9331],[-94.7273,40.9234],[-94.7219,40.9112],[-94.7419,40.9009],[-94.7873,40.8924],[-94.825,40.8962],[-94.8549,40.9122],[-94.8449,40.9261]]]}},{"type":"Feature","properties":{"c":"#00cc00","v0":0.25,"v1":0.5},"geometry":{"type":"Polygon","coordinates":[[[-95.7928,40.792],[-95.7509,40.8382],[-95.7088,40.8496],[-95.6665,40.8261],[-95.6715,40.8022],[-95.7238,40.7779],[-95.7659,40.7666],[-95.7978,40.7681],[-95.7928,40.792]]]}},{"type":"Feature","properties":{"c":"#00cc00","v0":0.25,"v1":0.5},"geometry":{"type":"Polygon","coordinates":[[[-95.7835,40.6478],[-95.7478,40.6785],[-95.71,40.6959],[-95.67,40.7001],[-95.6388,40.6961],[-95.6163,40.684],[-95.5957,40.6552],[-95.5771,40.6097],[-95.5833,40.5766],[-95.6144,40.5559],[-95.665,40.5387],[-95.735,40.5249],[-95.7761,40.5239],[-95.7882,40.5355],[-95.7961,40.5641],[-95.7996,40.6097],[-95.7835,40.6478]],[[-95.7531,40.6155],[-95.7377,40.6423],[-95.72,40.6595],[-95.7,40.6672],[-95.675,40.6538],[-95.6451,40.6193],[-95.6351,40.5962],[-95.645,40.5845],[-95.665,40.5755],[-95.695,40.5691],[-95.72,40.5681],[-95.74,40.5723],[-95.7527,40.5813],[-95.7581,40.5952],[-95.7531,40.6155]]]}},{"type":"Feature","properties":{"c":"#00cc00","v0":0.25,"v1":0.5},"geometry":{"type":"Polygon","coordinates":[[[-87.3039,40.639],[-87.2813,40.6522],[-87.23,40.6574],[-87.15,40.6549],[-87.07,40.6483],[-86.9899,40.6377],[-86.9469,40.6287],[-86.941,40.6211],[-87.001,40.613],[-87.127,40.6045],[-87.2213,40.6083],[-87.2839,40.6244],[-87.3039,40.639]]]}},{"type":"Feature","properties":{"c":"#00cc00","v0":0.25,"v1":0.5},"geometry":{"type":"Polygon","coordinates":[[[-87.0327,40.351],[-87.0168,40.3663],[-86.9891,40.3791],[-86.9497,40.3896],[-86.905,40.3876],[-86.855,40.3731],[-86.79,40.3629],[-86.71,40.3571],[-86.66,40.3572],[-86.64,40.3632],[-86.6272,40.3757],[-86.6215,40.3948],[-86.6638,40.431],[-86.7539,40.4843],[-86.7827,40.5185],[-86.7503,40.5337],[-86.678,40.5432],[-86.566,40.5469],[-86.485,40.5442],[-86.435,40.5351],[-86.36,40.5303],[-86.26,40.5297],[-86.1768,40.521],[-86.1104,40.5041],[-86.1054,40.4824],[-86.1618,40.4559],[-86.235,40.4365],[-86.325,40.4243],[-86.4004,40.4071],[-86.4612,40.385],[-86.501,40.3663],[-86.5199,40.351],[-86.5062,40.3282],[-86.4598,40.2977],[-86.4423,40.2748],[-86.4537,40.2595],[-86.477,40.2465],[-86.5123,40.2359],[-86.59,40.2327],[-86.71,40.2371],[-86.7765,40.2425],[-86.7896,40.2488],[-86.7973,40.2672],[-86.7996,40.2977],[-86.8081,40.3171],[-86.8227,40.3255],[-86.87,40.3282],[-86.95,40.3253],[-87.0027,40.3288],[-87.028,40.3385],[-87.0327,40.351]],[[-86.7218,40.517],[-86.6739,40.5293],[-86.595,40.5284],[-86.485,40.5146],[-86.385,40.51],[-86.295,40.5147],[-86.235,40.514],[-86.205,40.5078],[-86.1844,40.4987],[-86.1732,40.4866],[-86.1832,40.473],[-86.2144,40.458],[-86.31,40.4362],[-86.47,40.4077],[-86.583,40.4076],[-86.6489,40.4359],[-86.6978,40.4653],[-86.7297,40.4957],[-86.7218,40.517]],[[-86.9744,40.3618],[-86.9581,40.368],[-86.9427,40.368],[-86.9282,40.3618],[-86.9364,40.3587],[-86.9672,40.3587],[-86.9744,40.3618]],[[-86.7511,40.2783],[-86.737,40.3006],[-86.715,40.3138],[-86.685,40.3178],[-86.635,40.3165],[-86.565,40.3098],[-86.5188,40.2966],[-86.4963,40.277],[-86.5113,40.2604],[-86.5638,40.2469],[-86.632,40.2469],[-86.7161,40.2604],[-86.7511,40.2783]]]}},{"type":"Feature","properties":{"c":"#00cc00","v0":0.25,"v1":0.5},"geometry":{"type":"Polygon","coordinates":[[[-85.8211,40.5004],[-85.8137,40.5098],[-85.7981,40.5136],[-85.7743,40.5118],[-85.7643,40.5067],[-85.7681,40.4981],[-85.7837,40.4943],[-85.8111,40.4952],[-85.8211,40.5004]]]}},{"type":"Feature","properties":{"c":"#00cc00","v0":0.25,"v1":0.5},"geometry":{"type":"Polygon","coordinates":[[[-88.7638,40.4861],[-88.7279,40.4972],[-88.6765,40.4972],[-88.6094,40.4861],[-88.5723,40.4729],[-88.5653,40.4577],[-88.5689,40.4412],[-88.583,40.4233],[-88.6,40.4139],[-88.62,40.413],[-88.6679,40.4295],[-88.7438,40.4635],[-88.7638,40.4861]],[[-88.7274,40.4805],[-88.7018,40.4805],[-88.6817,40.4729],[-88.6671,40.4577],[-88.6799,40.4577],[-88.7201,40.4729],[-88.7274,40.4805]]]}},{"type":"Feature","properties":{"c":"#00cc00","v0":0.25,"v1":0.5},"geometry":{"type":"Polygon","coordinates":[[[-97.9933,40.4227],[-97.9911,40.429],[-97.9818,40.4252],[-97.9655,40.4113],[-97.9666,40.4082],[-97.9851,40.4158],[-97.9933,40.4227]]]}},{"type":"Feature","properties":{"c":"#00cc00","v0":0.25,"v1":0.5},"geometry":{"type":"Polygon","coordinates":[[[-84.753,40.3782],[-84.7377,40.3868],[-84.7266,40.3868],[-84.7197,40.3782],[-84.7273,40.3739],[-84.7495,40.3739],[-84.753,40.3782]]]}},{"type":"Feature","properties":{"c":"#00cc00","v0":0.25,"v1":0.5},"geometry":{"type":"Polygon","coordinates":[[[-97.9399,40.3379],[-97.9333,40.3573],[-97.915,40.362],[-97.885,40.352],[-97.8483,40.3309],[-97.8048,40.2986],[-97.7821,40.2748],[-97.7801,40.2595],[-97.7968,40.252],[-97.8323,40.2523],[-97.8697,40.2638],[-97.909,40.2864],[-97.9324,40.3053],[-97.9396,40.3206],[-97.9399,40.3379]]]}},{"type":"Feature","properties":{"c":"#00cc00","v0":0.25,"v1":0.5},"geometry":{"type":"Polygon","coordinates":[[[-72.0659,40.2497],[-72.0286,40.276],[-72.0022,40.2874],[-71.9867,40.2841],[-71.992,40.2672],[-72.018,40.2366],[-72.0408,40.2191],[-72.0603,40.2147],[-72.0736,40.2185],[-72.0809,40.2306],[-72.0659,40.2497]]]}},{"type":"Feature","properties":{"c":"#00cc00","v0":0.25,"v1":0.5},"geometry":{"type":"Polygon","coordinates":[[[-85.9319,40.1615],[-85.8773,40.1946],[-85.8239,40.2137],[-85.7717,40.2188],[-85.7528,40.2099],[-85.7672,40.187],[-85.7883,40.1671],[-85.8161,40.1501],[-85.855,40.1382],[-85.905,40.1314],[-85.9373,40.1322],[-85.9519,40.1407],[-85.9319,40.1615]],[[-85.8838,40.1668],[-85.8613,40.1801],[-85.8447,40.1839],[-85.8342,40.1783],[-85.8342,40.1712],[-85.8447,40.1626],[-85.8613,40.1588],[-85.8838,40.1597],[-85.8838,40.1668]]]}},{"type":"Feature","properties":{"c":"#00cc00","v0":0.25,"v1":0.5},"geometry":{"type":"Polygon","coordinates":[[[-84.045,40.1845],[-84.0083,40.2023],[-83.9653,40.2061],[-83.916,40.1959],[-83.896,40.185],[-83.9053,40.1733],[-83.925,40.1635],[-83.955,40.1557],[-83.9933,40.1577],[-84.04,40.1696],[-84.045,40.1845]],[[-84.0134,40.1793],[-84.0092,40.187],[-83.994,40.1908],[-83.9679,40.1908],[-83.9586,40.1858],[-83.9662,40.1758],[-83.9814,40.1719],[-84.0041,40.1743],[-84.0134,40.1793]]]}},{"type":"Feature","properties":{"c":"#00cc00","v0":0.25,"v1":0.5},"geometry":{"type":"Polygon","coordinates":[[[-72.5467,40.0302],[-72.5361,40.0455],[-72.4847,40.0799],[-72.3923,40.1335],[-72.3221,40.1694],[-72.274,40.1878],[-72.2384,40.1954],[-72.2151,40.1924],[-72.2151,40.1796],[-72.2384,40.1571],[-72.295,40.1219],[-72.385,40.074],[-72.4605,40.0431],[-72.5215,40.0294],[-72.5467,40.0302]]]}},{"type":"Feature","properties":{"c":"#00cc00","v0":0.25,"v1":0.5},"geometry":{"type":"Polygon","coordinates":[[[-72.8727,39.8517],[-72.8309,39.8781],[-72.7935,39.8819],[-72.7605,39.8632],[-72.7443,39.85],[-72.745,39.8423],[-72.7665,39.8313],[-72.8088,39.8169],[-72.84,39.81],[-72.86,39.8105],[-72.8759,39.8177],[-72.8877,39.8315],[-72.8727,39.8517]]]}},{"type":"Feature","properties":{"c":"#00cc00","v0":0.25,"v1":0.5},"geometry":{"type":"Polygon","coordinates":[[[-72.7714,39.5538],[-72.7171,39.6],[-72.61,39.6501],[-72.45,39.704],[-72.32,39.7441],[-72.22,39.7705],[-72.1628,39.7821],[-72.1485,39.7787],[-72.1731,39.7578],[-72.2367,39.7193],[-72.3089,39.6895],[-72.3896,39.6682],[-72.4704,39.6297],[-72.5511,39.5739],[-72.6311,39.5348],[-72.7104,39.5123],[-72.76,39.5031],[-72.78,39.5071],[-72.7921,39.5145],[-72.7964,39.5252],[-72.7714,39.5538]]]}},{"type":"Feature","properties":{"c":"#00cc00","v0":0.25,"v1":0.5},"geometry":{"type":"Polygon","coordinates":[[[-86.3719,39.6754],[-86.3573,39.6874],[-86.3426,39.6874],[-86.3278,39.6754],[-86.3278,39.6644],[-86.3426,39.6545],[-86.3573,39.6545],[-86.3719,39.6644],[-86.3719,39.6754]]]}},{"type":"Feature","properties":{"c":"#00cc00","v0":0.25,"v1":0.5},"geometry":{"type":"Polygon","coordinates":[[[-73.4583,39.4071],[-73.4223,39.438],[-73.3857,39.4603],[-73.3486,39.474],[-73.31,39.4771],[-73.27,39.4696],[-73.2438,39.4512],[-73.2315,39.4218],[-73.2315,39.396],[-73.2438,39.3737],[-73.265,39.3636],[-73.295,39.3656],[-73.325,39.3607],[-73.355,39.349],[-73.395,39.3507],[-73.445,39.3659],[-73.4716,39.3781],[-73.4748,39.3871],[-73.4583,39.4071]]]}},{"type":"Feature","properties":{"c":"#00cc00","v0":0.25,"v1":0.5},"geometry":{"type":"Polygon","coordinates":[[[-102.6097,39.1439],[-102.5985,39.1749],[-102.582,39.1904],[-102.5601,39.1904],[-102.5466,39.1749],[-102.5417,39.1439],[-102.5519,39.1244],[-102.5773,39.1165],[-102.5963,39.1165],[-102.609,39.1244],[-102.6097,39.1439]]]}},{"type":"Feature","properties":{"c":"#00cc00","v0":0.25,"v1":0.5},"geometry":{"type":"Polygon","coordinates":[[[-94.3012,39.1172],[-94.2937,39.1259],[-94.2802,39.1259],[-94.2606,39.1172],[-94.2556,39.1075],[-94.2652,39.0967],[-94.2787,39.0967],[-94.2962,39.1075],[-94.3012,39.1172]]]}},{"type":"Feature","properties":{"c":"#00cc00","v0":0.25,"v1":0.5},"geometry":{"type":"Polygon","coordinates":[[[-103.8267,38.7258],[-103.8156,38.7299],[-103.8033,38.726],[-103.79,38.7141],[-103.7956,38.7121],[-103.8201,38.7199],[-103.8267,38.7258]]]}},{"type":"Feature","properties":{"c":"#00cc00","v0":0.25,"v1":0.5},"geometry":{"type":"Polygon","coordinates":[[[-99.6196,38.3102],[-99.5732,38.3281],[-99.505,38.3431],[-99.415,38.3551],[-99.34,38.3617],[-99.28,38.3628],[-99.2331,38.3556],[-99.1993,38.3403],[-99.1943,38.3221],[-99.2181,38.301],[-99.31,38.2886],[-99.47,38.2849],[-99.5732,38.2876],[-99.6196,38.2967],[-99.6196,38.3102]]]}},{"type":"Feature","properties":{"c":"#00cc00","v0":0.25,"v1":0.5},"geometry":{"type":"Polygon","coordinates":[[[-99.7347,38.2903],[-99.7182,38.3],[-99.6957,38.3],[-99.667,38.2903],[-99.667,38.281],[-99.6957,38.2719],[-99.7182,38.2719],[-99.7347,38.281],[-99.7347,38.2903]]]}},{"type":"Feature","properties":{"c":"#00cc00","v0":0.25,"v1":0.5},"geometry":{"type":"Polygon","coordinates":[[[-92.4204,37.8644],[-92.3868,37.8725],[-92.285,37.8654],[-92.115,37.8434],[-91.955,37.8326],[-91.805,37.8332],[-91.7194,37.8362],[-91.6981,37.8418],[-91.6924,37.8485],[-91.7022,37.8564],[-91.7428,37.8652],[-91.8143,37.8747],[-91.8667,37.8865],[-91.9001,37.9007],[-91.9101,37.9148],[-91.8967,37.9288],[-91.865,37.9398],[-91.815,37.9478],[-91.715,37.9362],[-91.565,37.905],[-91.42,37.8963],[-91.28,37.91],[-91.075,37.9202],[-90.805,37.9266],[-90.59,37.9177],[-90.43,37.8934],[-90.3,37.8652],[-90.2,37.8332],[-90.0949,37.8122],[-89.9847,37.8022],[-89.9047,37.7847],[-89.8549,37.7597],[-89.81,37.7431],[-89.77,37.7349],[-89.705,37.7346],[-89.615,37.7422],[-89.5604,37.7588],[-89.5412,37.7844],[-89.5012,37.8047],[-89.4404,37.8197],[-89.28,37.8281],[-89.02,37.83],[-88.81,37.8241],[-88.65,37.8104],[-88.51,37.7828],[-88.39,37.7414],[-88.3,37.7183],[-88.24,37.7134],[-88.165,37.6945],[-88.075,37.6614],[-88.0003,37.5959],[-87.941,37.4978],[-87.8795,37.4209],[-87.8158,37.3653],[-87.7782,37.3176],[-87.7667,37.2778],[-87.776,37.238],[-87.8061,37.1982],[-87.8232,37.1583],[-87.8274,37.1185],[-87.8145,37.0786],[-87.7846,37.0387],[-87.7997,36.9997],[-87.8599,36.9616],[-87.9028,36.9297],[-87.9283,36.9038],[-87.942,36.8828],[-87.944,36.8668],[-87.9313,36.8564],[-87.9038,36.8516],[-87.855,36.857],[-87.785,36.8725],[-87.73,36.8706],[-87.69,36.8512],[-87.65,36.8394],[-87.61,36.8352],[-87.555,36.8423],[-87.485,36.8608],[-87.425,36.8702],[-87.375,36.8705],[-87.335,36.8674],[-87.305,36.861],[-87.2812,36.8501],[-87.2637,36.8346],[-87.2687,36.8101],[-87.2962,36.7767],[-87.3399,36.7607],[-87.3998,36.7621],[-87.4242,36.7547],[-87.413,36.7387],[-87.4167,36.7147],[-87.4355,36.6826],[-87.437,36.6465],[-87.4212,36.6064],[-87.4374,36.5773],[-87.4858,36.5595],[-87.54,36.5505],[-87.6,36.5505],[-87.6579,36.5354],[-87.7137,36.505],[-87.7436,36.4818],[-87.7477,36.4657],[-87.7648,36.4498],[-87.7949,36.4339],[-87.81,36.4111],[-87.81,36.3813],[-87.844,36.353],[-87.9121,36.3262],[-87.9088,36.3007],[-87.8343,36.2765],[-87.8103,36.2423],[-87.8368,36.1981],[-87.88,36.1713],[-87.94,36.162],[-88.005,36.1425],[-88.075,36.1127],[-88.14,36.1005],[-88.2,36.106],[-88.245,36.1055],[-88.275,36.0989],[-88.26,36.1177],[-88.2,36.1617],[-88.145,36.1884],[-88.095,36.1978],[-88.0604,36.2099],[-88.0412,36.2247],[-88.0362,36.2368],[-88.0454,36.2461],[-88.09,36.2493],[-88.17,36.2464],[-88.22,36.25],[-88.24,36.2603],[-88.2516,36.2773],[-88.2547,36.3009],[-88.2294,36.3249],[-88.1758,36.349],[-88.2242,36.3632],[-88.3747,36.3674],[-88.505,36.3863],[-88.615,36.4201],[-88.6878,36.4301],[-88.7235,36.4163],[-88.7377,36.3933],[-88.7303,36.3611],[-88.7057,36.3289],[-88.6639,36.2967],[-88.65,36.2604],[-88.664,36.22],[-88.6641,36.1797],[-88.6503,36.1393],[-88.67,36.1148],[-88.7233,36.106],[-88.7581,36.106],[-88.7743,36.1148],[-88.7869,36.1312],[-88.796,36.1555],[-88.7854,36.1837],[-88.7551,36.216],[-88.7406,36.2402],[-88.7419,36.2563],[-88.7694,36.2792],[-88.8231,36.3087],[-88.86,36.335],[-88.88,36.3582],[-88.945,36.3652],[-89.055,36.3562],[-89.165,36.3686],[-89.275,36.4024],[-89.3351,36.4249],[-89.3452,36.436],[-89.3492,36.4617],[-89.3469,36.5019],[-89.3619,36.5502],[-89.394,36.6066],[-89.425,36.6455],[-89.455,36.6669],[-89.5325,36.6908],[-89.6574,36.7174],[-89.7524,36.7507],[-89.8175,36.7908],[-89.885,36.8092],[-89.955,36.806],[-90.01,36.813],[-90.05,36.8302],[-90.115,36.8398],[-90.205,36.842],[-90.26,36.823],[-90.2799,36.7828],[-90.3099,36.7579],[-90.35,36.7483],[-90.3759,36.7523],[-90.3876,36.7699],[-90.3772,36.7908],[-90.3447,36.8148],[-90.3314,36.8308],[-90.3371,36.8388],[-90.3725,36.8483],[-90.4375,36.8593],[-90.5543,36.8633],[-90.7229,36.8603],[-90.8056,36.8668],[-90.8023,36.8828],[-90.743,36.9202],[-90.6277,36.9788],[-90.525,37.0127],[-90.435,37.0218],[-90.365,37.0408],[-90.315,37.0698],[-90.2873,37.0918],[-90.2819,37.1069],[-90.3015,37.1264],[-90.3459,37.1503],[-90.4086,37.1715],[-90.4895,37.19],[-90.545,37.2123],[-90.575,37.2384],[-90.605,37.2511],[-90.635,37.2504],[-90.6585,37.256],[-90.6754,37.2679],[-90.6754,37.2774],[-90.6585,37.2846],[-90.63,37.2846],[-90.59,37.2774],[-90.5335,37.2777],[-90.4604,37.2857],[-90.4122,37.2937],[-90.389,37.3016],[-90.3823,37.3136],[-90.392,37.3295],[-90.5602,37.3622],[-90.8867,37.4118],[-91.105,37.46],[-91.215,37.5069],[-91.35,37.5497],[-91.51,37.5886],[-91.635,37.6125],[-91.725,37.6214],[-91.79,37.6394],[-91.83,37.6665],[-91.8924,37.6896],[-91.9772,37.7086],[-92.0522,37.7355],[-92.1174,37.7701],[-92.205,37.7968],[-92.315,37.8155],[-92.3868,37.8337],[-92.4204,37.8515],[-92.4204,37.8644]],[[-91.5878,37.7723],[-91.3626,37.8172],[-91.19,37.8383],[-91.07,37.8355],[-90.985,37.8438],[-90.935,37.8632],[-90.879,37.8737],[-90.817,37.8753],[-90.692,37.8628],[-90.504,37.8359],[-90.336,37.7924],[-90.1879,37.7324],[-90.1081,37.6944],[-90.0966,37.6786],[-90.0953,37.6588],[-90.1044,37.635],[-90.0861,37.5875],[-90.0406,37.5161],[-89.9947,37.4645],[-89.9484,37.4328],[-89.9229,37.409],[-89.9184,37.3931],[-89.9346,37.375],[-89.9715,37.3546],[-90.015,37.3437],[-90.065,37.3423],[-90.13,37.3529],[-90.21,37.3755],[-90.335,37.3922],[-90.505,37.403],[-90.6495,37.4184],[-90.7684,37.4386],[-90.9534,37.4834],[-91.2045,37.5528],[-91.35,37.6005],[-91.39,37.6266],[-91.465,37.6498],[-91.575,37.6702],[-91.6476,37.6977],[-91.6828,37.7324],[-91.5878,37.7723]],[[-89.1764,37.4505],[-89.1588,37.4859],[-89.115,37.52],[-89.045,37.5529],[-88.9978,37.563],[-88.9733,37.5502],[-88.9454,37.5122],[-88.9141,37.4487],[-88.9047,37.409],[-88.9174,37.3931],[-88.9503,37.374],[-89.0034,37.3517],[-89.05,37.3449],[-89.09,37.3535],[-89.1288,37.3765],[-89.1664,37.414],[-89.1764,37.4505]],[[-88.8202,37.4408],[-88.7867,37.4568],[-88.7577,37.4608],[-88.733,37.4527],[-88.7152,37.4407],[-88.7044,37.4248],[-88.7167,37.4115],[-88.7522,37.4008],[-88.7867,37.4047],[-88.8202,37.4234],[-88.8202,37.4408]],[[-88.4385,37.3594],[-88.4195,37.3715],[-88.385,37.3667],[-88.335,37.3449],[-88.285,37.34],[-88.235,37.3519],[-88.1887,37.3448],[-88.1461,37.3187],[-88.1411,37.2969],[-88.1737,37.2794],[-88.205,37.2726],[-88.235,37.2764],[-88.27,37.2711],[-88.31,37.2568],[-88.345,37.2338],[-88.375,37.202],[-88.3989,37.1961],[-88.4167,37.2161],[-88.421,37.242],[-88.4118,37.2738],[-88.4174,37.3056],[-88.4378,37.3374],[-88.4385,37.3594]],[[-90.2121,37.245],[-90.1707,37.283],[-90.115,37.3023],[-90.045,37.3029],[-89.985,37.2991],[-89.935,37.2908],[-89.83,37.2574],[-89.67,37.1988],[-89.525,37.1726],[-89.395,37.1789],[-89.29,37.179],[-89.21,37.173],[-89.1577,37.1561],[-89.1331,37.1284],[-89.1338,37.1025],[-89.1599,37.0786],[-89.1672,37.0607],[-89.1557,37.049],[-89.13,37.0404],[-89.09,37.035],[-89.035,37.0395],[-88.965,37.0539],[-88.91,37.0553],[-88.87,37.0436],[-88.83,37.043],[-88.79,37.0535],[-88.735,37.0489],[-88.665,37.0292],[-88.6,37.0046],[-88.54,36.9752],[-88.465,36.9531],[-88.375,36.9384],[-88.3023,36.909],[-88.2469,36.8649],[-88.2204,36.8348],[-88.2229,36.8188],[-88.2405,36.8028],[-88.2732,36.7868],[-88.2796,36.7662],[-88.2599,36.7412],[-88.1825,36.7091],[-88.0474,36.67],[-87.9746,36.6425],[-87.9642,36.6264],[-88.0167,36.6223],[-88.1322,36.6302],[-88.2,36.6312],[-88.22,36.6254],[-88.25,36.6267],[-88.29,36.6352],[-88.32,36.6262],[-88.34,36.5997],[-88.3688,36.5784],[-88.4063,36.5622],[-88.4213,36.5499],[-88.4138,36.5414],[-88.3785,36.5374],[-88.3155,36.5379],[-88.2805,36.518],[-88.2735,36.4778],[-88.275,36.4529],[-88.285,36.4434],[-88.32,36.4344],[-88.38,36.4259],[-88.4169,36.4226],[-88.4307,36.4245],[-88.4427,36.4416],[-88.4529,36.4738],[-88.4659,36.4941],[-88.482,36.5024],[-88.5668,36.4984],[-88.7203,36.482],[-88.8153,36.5001],[-88.8518,36.5527],[-88.895,36.5936],[-88.945,36.6228],[-89.002,36.6327],[-89.066,36.6232],[-89.0992,36.6064],[-89.1015,36.5823],[-89.1095,36.5658],[-89.1232,36.557],[-89.16,36.5497],[-89.22,36.5438],[-89.2713,36.5563],[-89.314,36.587],[-89.354,36.6253],[-89.3913,36.6712],[-89.4485,36.7153],[-89.5254,36.7576],[-89.6804,36.8122],[-89.9135,36.8791],[-90.0617,36.9111],[-90.1251,36.9082],[-90.1727,36.9308],[-90.2044,36.9788],[-90.2127,37.0134],[-90.1976,37.0347],[-90.17,37.0549],[-90.13,37.0738],[-90.1022,37.095],[-90.0867,37.1186],[-90.1174,37.1543],[-90.1943,37.2021],[-90.2121,37.245]],[[-89.2489,36.5116],[-89.2363,36.523],[-89.22,36.5266],[-89.2,36.5225],[-89.1791,36.5088],[-89.1574,36.4854],[-89.1737,36.4818],[-89.228,36.4979],[-89.2489,36.5116]],[[-88.9678,36.5393],[-88.9559,36.5418],[-88.9475,36.5378],[-88.9425,36.5273],[-88.9485,36.526],[-88.9653,36.5341],[-88.9678,36.5393]],[[-88.0942,36.4986],[-88.0647,36.516],[-88.02,36.5242],[-87.96,36.5233],[-87.9242,36.5186],[-87.9127,36.5102],[-87.9127,36.5],[-87.9242,36.4882],[-87.96,36.4765],[-88.02,36.4647],[-88.06,36.4601],[-88.08,36.4628],[-88.0947,36.4706],[-88.1042,36.4834],[-88.0942,36.4986]],[[-87.9681,36.4127],[-87.9427,36.4194],[-87.919,36.4194],[-87.8969,36.4127],[-87.8969,36.4012],[-87.919,36.3848],[-87.9427,36.3848],[-87.9681,36.4012],[-87.9681,36.4127]]]}},{"type":"Feature","properties":{"c":"#00cc00","v0":0.25,"v1":0.5},"geometry":{"type":"Polygon","coordinates":[[[-99.7194,37.866],[-99.7131,37.8772],[-99.7,37.8845],[-99.68,37.8881],[-99.66,37.8858],[-99.64,37.8776],[-99.628,37.8663],[-99.6239,37.8518],[-99.6289,37.8375],[-99.643,37.8232],[-99.66,37.8148],[-99.68,37.8124],[-99.6972,37.8155],[-99.7115,37.8244],[-99.7196,37.8367],[-99.7216,37.8525],[-99.7194,37.866]]]}},{"type":"Feature","properties":{"c":"#00cc00","v0":0.25,"v1":0.5},"geometry":{"type":"Polygon","coordinates":[[[-106.4087,37.3458],[-106.3829,37.3624],[-106.3573,37.3624],[-106.3319,37.3458],[-106.3369,37.3253],[-106.3723,37.3011],[-106.3979,37.3011],[-106.4137,37.3253],[-106.4087,37.3458]]]}},{"type":"Feature","properties":{"c":"#00cc00","v0":0.25,"v1":0.5},"geometry":{"type":"Polygon","coordinates":[[[-93.6873,37.3289],[-93.6624,37.3436],[-93.615,37.355],[-93.545,37.3631],[-93.4986,37.3637],[-93.4759,37.3568],[-93.4703,37.3454],[-93.4821,37.3295],[-93.5075,37.3176],[-93.5465,37.3096],[-93.587,37.3044],[-93.629,37.3019],[-93.6624,37.3059],[-93.6873,37.3163],[-93.6873,37.3289]]]}},{"type":"Feature","properties":{"c":"#00cc00","v0":0.25,"v1":0.5},"geometry":{"type":"Polygon","coordinates":[[[-93.2305,37.3567],[-93.2168,37.3635],[-93.2043,37.3635],[-93.1929,37.3567],[-93.1929,37.3495],[-93.2043,37.3417],[-93.2168,37.3417],[-93.2305,37.3495],[-93.2305,37.3567]]]}},{"type":"Feature","properties":{"c":"#00cc00","v0":0.25,"v1":0.5},"geometry":{"type":"Polygon","coordinates":[[[-99.693,37.2619],[-99.6907,37.2698],[-99.6797,37.2749],[-99.6599,37.2772],[-99.6394,37.2733],[-99.6182,37.263],[-99.6182,37.2542],[-99.6394,37.2468],[-99.661,37.2468],[-99.6831,37.2542],[-99.693,37.2619]]]}},{"type":"Feature","properties":{"c":"#00cc00","v0":0.25,"v1":0.5},"geometry":{"type":"Polygon","coordinates":[[[-87.6196,36.9878],[-87.5999,36.9897],[-87.582,36.9857],[-87.5659,36.9758],[-87.5709,36.9702],[-87.597,36.9691],[-87.6149,36.9731],[-87.6246,36.9822],[-87.6196,36.9878]]]}},{"type":"Feature","properties":{"c":"#00cc00","v0":0.25,"v1":0.5},"geometry":{"type":"Polygon","coordinates":[[[-105.1202,36.8153],[-105.1001,36.8243],[-105.0867,36.8203],[-105.0802,36.8033],[-105.0852,36.791],[-105.1017,36.7833],[-105.1151,36.7873],[-105.1252,36.803],[-105.1202,36.8153]]]}},{"type":"Feature","properties":{"c":"#00cc00","v0":0.25,"v1":0.5},"geometry":{"type":"Polygon","coordinates":[[[-91.2546,36.6388],[-91.2249,36.6474],[-91.2032,36.6474],[-91.1896,36.6388],[-91.1946,36.6279],[-91.2182,36.6147],[-91.2399,36.6147],[-91.2596,36.6279],[-91.2546,36.6388]]]}},{"type":"Feature","properties":{"c":"#00cc00","v0":0.25,"v1":0.5},"geometry":{"type":"Polygon","coordinates":[[[-92.7646,36.1849],[-92.7415,36.2194],[-92.685,36.2428],[-92.595,36.2551],[-92.4718,36.2863],[-92.3153,36.3362],[-92.1203,36.3755],[-91.8868,36.4043],[-91.7418,36.4084],[-91.6855,36.3876],[-91.6705,36.354],[-91.6968,36.3076],[-91.734,36.2633],[-91.7819,36.221],[-91.8675,36.1918],[-91.9908,36.1757],[-92.0605,36.1716],[-92.0766,36.1797],[-92.0831,36.212],[-92.0801,36.2684],[-92.1114,36.3026],[-92.1771,36.3146],[-92.31,36.2828],[-92.51,36.2074],[-92.6515,36.1692],[-92.7346,36.1681],[-92.7646,36.1849]]]}},{"type":"Feature","properties":{"c":"#00cc00","v0":0.25,"v1":0.5},"geometry":{"type":"Polygon","coordinates":[[[-93.1861,36.1595],[-93.1651,36.1757],[-93.1408,36.1837],[-93.1133,36.1837],[-93.1022,36.1756],[-93.1074,36.1593],[-93.1316,36.1513],[-93.1749,36.1514],[-93.1861,36.1595]]]}},{"type":"Feature","properties":{"c":"#00cc00","v0":0.25,"v1":0.5},"geometry":{"type":"Polygon","coordinates":[[[-93.1237,36.061],[-93.0746,36.1064],[-93.01,36.1381],[-92.93,36.1561],[-92.8634,36.1617],[-92.8102,36.1549],[-92.8074,36.1272],[-92.855,36.0787],[-92.9266,36.0446],[-93.0222,36.025],[-93.0896,36.0209],[-93.1287,36.0325],[-93.1237,36.061]],[[-93.0368,36.0779],[-93.0189,36.0924],[-92.9923,36.1005],[-92.9569,36.1021],[-92.9479,36.0949],[-92.9655,36.0787],[-92.9921,36.0706],[-93.0279,36.0706],[-93.0368,36.0779]]]}},{"type":"Feature","properties":{"c":"#00cc00","v0":0.25,"v1":0.5},"geometry":{"type":"Polygon","coordinates":[[[-92.4684,35.9979],[-92.4441,36.014],[-92.3919,36.0302],[-92.3118,36.0464],[-92.3063,36.0296],[-92.3754,35.9797],[-92.4233,35.9554],[-92.45,35.9567],[-92.4676,35.9655],[-92.4762,35.9817],[-92.4684,35.9979]]]}},{"type":"Feature","properties":{"c":"#00cc00","v0":0.25,"v1":0.5},"geometry":{"type":"Polygon","coordinates":[[[-106.5713,35.8562],[-106.5571,35.8808],[-106.54,35.8931],[-106.52,35.8932],[-106.4921,35.8809],[-106.4563,35.8563],[-106.4376,35.8318],[-106.4359,35.8075],[-106.4438,35.788],[-106.4613,35.7735],[-106.48,35.7674],[-106.5,35.7699],[-106.5205,35.7772],[-106.5416,35.7893],[-106.5587,35.8075],[-106.5718,35.8318],[-106.5713,35.8562]]]}},{"type":"Feature","properties":{"c":"#00cc00","v0":0.25,"v1":0.5},"geometry":{"type":"Polygon","coordinates":[[[-92.7053,35.8171],[-92.6951,35.8282],[-92.68,35.8332],[-92.66,35.8321],[-92.6651,35.8266],[-92.6953,35.8166],[-92.7053,35.8171]]]}},{"type":"Feature","properties":{"c":"#00cc00","v0":0.25,"v1":0.5},"geometry":{"type":"Polygon","coordinates":[[[-76.1646,35.5577],[-76.1415,35.57],[-76.1159,35.566],[-76.0876,35.5455],[-76.0826,35.5291],[-76.1009,35.5168],[-76.1265,35.5208],[-76.1596,35.5413],[-76.1646,35.5577]]]}},{"type":"Feature","properties":{"c":"#00cc00","v0":0.25,"v1":0.5},"geometry":{"type":"Polygon","coordinates":[[[-109.1354,35.4059],[-109.1185,35.4075],[-109.1087,35.4035],[-109.1062,35.3936],[-109.1112,35.3867],[-109.1237,35.3827],[-109.1335,35.3867],[-109.1404,35.3989],[-109.1354,35.4059]]]}},{"type":"Feature","properties":{"c":"#00cc00","v0":0.25,"v1":0.5},"geometry":{"type":"Polygon","coordinates":[[[-73.9577,35.1274],[-73.9432,35.1274],[-73.9395,35.1229],[-73.9465,35.1139],[-73.9537,35.1139],[-73.9612,35.1229],[-73.9577,35.1274]]]}},{"type":"Feature","properties":{"c":"#00cc00","v0":0.25,"v1":0.5},"geometry":{"type":"Polygon","coordinates":[[[-108.1543,34.9195],[-108.1381,34.9625],[-108.12,34.9845],[-108.1,34.9855],[-108.0862,34.9805],[-108.0787,34.9692],[-108.0837,34.947],[-108.1012,34.9136],[-108.115,34.8925],[-108.125,34.8837],[-108.1381,34.884],[-108.1543,34.8933],[-108.1543,34.9195]]]}},{"type":"Feature","properties":{"c":"#00cc00","v0":0.25,"v1":0.5},"geometry":{"type":"Polygon","coordinates":[[[-106.461,34.6722],[-106.4218,34.7461],[-106.3791,34.7973],[-106.333,34.8256],[-106.307,34.8297],[-106.301,34.8096],[-106.316,34.7564],[-106.352,34.67],[-106.39,34.6189],[-106.43,34.6032],[-106.4577,34.6053],[-106.473,34.6252],[-106.461,34.6722]],[[-106.4558,34.6475],[-106.4451,34.6722],[-106.4273,34.6895],[-106.4024,34.6994],[-106.39,34.687],[-106.39,34.6522],[-106.4,34.6292],[-106.42,34.6179],[-106.4378,34.618],[-106.4534,34.6294],[-106.4558,34.6475]],[[-106.3837,34.7597],[-106.3746,34.7786],[-106.36,34.7909],[-106.34,34.7968],[-106.335,34.7873],[-106.345,34.7626],[-106.3596,34.7502],[-106.3787,34.7502],[-106.3837,34.7597]]]}},{"type":"Feature","properties":{"c":"#00cc00","v0":0.25,"v1":0.5},"geometry":{"type":"Polygon","coordinates":[[[-74.247,34.4684],[-74.209,34.4973],[-74.165,34.5132],[-74.115,34.516],[-74.07,34.5419],[-74.03,34.5908],[-73.995,34.6229],[-73.965,34.6383],[-73.92,34.6366],[-73.86,34.6179],[-73.7797,34.6111],[-73.6792,34.6162],[-73.6342,34.6034],[-73.6447,34.573],[-73.675,34.5457],[-73.725,34.5217],[-73.7702,34.5082],[-73.8106,34.505],[-73.8266,34.491],[-73.8181,34.4663],[-73.7929,34.4454],[-73.751,34.4285],[-73.731,34.412],[-73.733,34.3959],[-73.7477,34.3797],[-73.7749,34.3632],[-73.8389,34.3493],[-73.9396,34.338],[-74.035,34.3171],[-74.125,34.2868],[-74.1766,34.2759],[-74.1897,34.2845],[-74.2018,34.3136],[-74.2128,34.3632],[-74.2303,34.4044],[-74.2541,34.4374],[-74.247,34.4684]],[[-74.1457,34.3879],[-74.1003,34.4209],[-74.0657,34.4612],[-74.0419,34.5087],[-74.01,34.5453],[-73.97,34.5709],[-73.9357,34.5637],[-73.907,34.5235],[-73.8928,34.4786],[-73.8932,34.4292],[-73.9476,34.3836],[-74.0559,34.3419],[-74.12,34.3236],[-74.14,34.3285],[-74.1546,34.3411],[-74.1638,34.3613],[-74.1457,34.3879]],[[-74.1976,34.4616],[-74.1792,34.477],[-74.1641,34.4811],[-74.1524,34.474],[-74.1524,34.4651],[-74.1641,34.4545],[-74.1792,34.4504],[-74.1976,34.4527],[-74.1976,34.4616]]]}},{"type":"Feature","properties":{"c":"#00cc00","v0":0.25,"v1":0.5},"geometry":{"type":"Polygon","coordinates":[[[-108.0305,34.1151],[-108.0187,34.1317],[-108.0021,34.1434],[-107.9807,34.1502],[-107.96,34.1506],[-107.94,34.1444],[-107.9259,34.1328],[-107.9178,34.1155],[-107.9178,34.0978],[-107.9259,34.0798],[-107.94,34.0662],[-107.96,34.057],[-107.98,34.0552],[-108.0,34.0607],[-108.0166,34.0744],[-108.0298,34.096],[-108.0305,34.1151]],[[-108.0018,34.1134],[-107.9806,34.1265],[-107.9616,34.1265],[-107.9447,34.1134],[-107.9447,34.0983],[-107.9616,34.0812],[-107.9806,34.0812],[-108.0018,34.0983],[-108.0018,34.1134]]]}},{"type":"Feature","properties":{"c":"#00cc00","v0":0.25,"v1":0.5},"geometry":{"type":"Polygon","coordinates":[[[-107.5783,34.1119],[-107.5728,34.122],[-107.56,34.128],[-107.54,34.1298],[-107.5233,34.1207],[-107.51,34.1004],[-107.515,34.086],[-107.5383,34.0773],[-107.5578,34.0815],[-107.5733,34.0984],[-107.5783,34.1119]]]}},{"type":"Feature","properties":{"c":"#00cc00","v0":0.25,"v1":0.5},"geometry":{"type":"Polygon","coordinates":[[[-107.28,33.9494],[-107.2668,33.966],[-107.249,33.9701],[-107.2267,33.9618],[-107.2242,33.9481],[-107.2414,33.929],[-107.2592,33.9249],[-107.2775,33.9357],[-107.28,33.9494]]]}},{"type":"Feature","properties":{"c":"#00cc00","v0":0.25,"v1":0.5},"geometry":{"type":"Polygon","coordinates":[[[-107.6517,33.8129],[-107.6372,33.8222],[-107.6214,33.8222],[-107.6042,33.8129],[-107.6042,33.8039],[-107.6214,33.7954],[-107.6372,33.7954],[-107.6517,33.8039],[-107.6517,33.8129]]]}},{"type":"Feature","properties":{"c":"#00cc00","v0":0.25,"v1":0.5},"geometry":{"type":"Polygon","coordinates":[[[-109.0891,33.7812],[-109.0764,33.7935],[-109.062,33.7935],[-109.0459,33.7812],[-109.0459,33.7664],[-109.062,33.7492],[-109.0764,33.7492],[-109.0891,33.7664],[-109.0891,33.7812]]]}},{"type":"Feature","properties":{"c":"#00cc00","v0":0.25,"v1":0.5},"geometry":{"type":"Polygon","coordinates":[[[-105.4081,33.5894],[-105.3427,33.6176],[-105.2989,33.626],[-105.2768,33.6144],[-105.2623,33.5961],[-105.2553,33.5711],[-105.2614,33.5436],[-105.2805,33.5138],[-105.305,33.4922],[-105.335,33.4789],[-105.36,33.4778],[-105.38,33.489],[-105.4027,33.5148],[-105.4281,33.5551],[-105.4081,33.5894]],[[-105.3888,33.5712],[-105.3496,33.5964],[-105.32,33.6069],[-105.3,33.6026],[-105.2864,33.5942],[-105.2793,33.5815],[-105.2792,33.5627],[-105.2863,33.5377],[-105.2998,33.5184],[-105.3199,33.5049],[-105.34,33.5005],[-105.36,33.5051],[-105.3796,33.5202],[-105.3988,33.5458],[-105.3888,33.5712]]]}},{"type":"Feature","properties":{"c":"#00cc00","v0":0.25,"v1":0.5},"geometry":{"type":"Polygon","coordinates":[[[-105.6201,32.9606],[-105.5997,32.969],[-105.5896,32.9684],[-105.5899,32.9589],[-105.6001,32.9547],[-105.6202,32.9559],[-105.6201,32.9606]]]}},{"type":"Feature","properties":{"c":"#00cc00","v0":0.25,"v1":0.5},"geometry":{"type":"Polygon","coordinates":[[[-86.7808,31.1656],[-86.7736,31.1774],[-86.765,31.1774],[-86.755,31.1656],[-86.7586,31.1597],[-86.7758,31.1597],[-86.7808,31.1656]]]}},{"type":"Feature","properties":{"c":"#00cc00","v0":0.25,"v1":0.5},"geometry":{"type":"Polygon","coordinates":[[[-86.4371,31.0426],[-86.4324,31.0483],[-86.4181,31.044],[-86.3944,31.0298],[-86.3794,31.0113],[-86.3731,30.9885],[-86.3836,30.9799],[-86.4108,30.9856],[-86.4281,31.0012],[-86.4357,31.027],[-86.4371,31.0426]]]}},{"type":"Feature","properties":{"c":"#00cc00","v0":0.25,"v1":0.5},"geometry":{"type":"Polygon","coordinates":[[[-86.6882,30.5998],[-86.6761,30.6132],[-86.665,30.614],[-86.655,30.6023],[-86.6441,30.5784],[-86.6323,30.5424],[-86.6323,30.5125],[-86.6441,30.489],[-86.6591,30.4847],[-86.6772,30.4996],[-86.6883,30.5286],[-86.6922,30.5717],[-86.6882,30.5998]]]}},{"type":"Feature","properties":{"c":"#00cc00","v0":0.25,"v1":0.5},"geometry":{"type":"Polygon","coordinates":[[[-86.5662,30.4139],[-86.5421,30.4345],[-86.5182,30.4388],[-86.4945,30.4269],[-86.4945,30.4125],[-86.5182,30.3957],[-86.5421,30.3914],[-86.5662,30.3995],[-86.5662,30.4139]]]}},{"type":"Feature","properties":{"c":"#00cc00","v0":0.25,"v1":0.5},"geometry":{"type":"Polygon","coordinates":[[[-85.3475,29.9541],[-85.3207,29.9887],[-85.2899,30.0104],[-85.2551,30.019],[-85.2057,30.0105],[-85.1419,29.9849],[-85.075,29.94],[-85.005,29.8757],[-84.9633,29.8018],[-84.9499,29.7182],[-84.9649,29.649],[-85.0083,29.5942],[-85.055,29.5844],[-85.105,29.6198],[-85.16,29.6429],[-85.2201,29.6536],[-85.2607,29.7025],[-85.2819,29.7893],[-85.3096,29.8587],[-85.3438,29.9107],[-85.3475,29.9541]],[[-85.3349,29.9465],[-85.3183,29.9661],[-85.295,29.9818],[-85.265,29.9936],[-85.2153,29.9882],[-85.1459,29.9654],[-85.0776,29.8934],[-85.0104,29.7719],[-84.9801,29.6938],[-84.9867,29.6591],[-85.0,29.6377],[-85.02,29.6298],[-85.05,29.6353],[-85.09,29.6544],[-85.14,29.6645],[-85.2,29.6657],[-85.2408,29.7122],[-85.2624,29.8041],[-85.2883,29.863],[-85.3186,29.8891],[-85.3361,29.9107],[-85.3408,29.9281],[-85.3349,29.9465]]]}},{"type":"Feature","properties":{"c":"#00cc00","v0":0.25,"v1":0.5},"geometry":{"type":"Polygon","coordinates":[[[-84.9857,29.9411],[-84.9728,29.9497],[-84.9672,29.9481],[-84.9691,29.9361],[-84.9755,29.9317],[-84.9866,29.9351],[-84.9857,29.9411]]]}},{"type":"Feature","properties":{"c":"#00cc00","v0":0.25,"v1":0.5},"geometry":{"type":"Polygon","coordinates":[[[-84.9031,29.8056],[-84.8944,29.8208],[-84.88,29.8314],[-84.86,29.8373],[-84.815,29.8357],[-84.745,29.8265],[-84.7034,29.8159],[-84.6902,29.8039],[-84.6952,29.7806],[-84.7184,29.7459],[-84.745,29.7229],[-84.775,29.7116],[-84.8127,29.716],[-84.8582,29.7359],[-84.8876,29.7589],[-84.9008,29.785],[-84.9031,29.8056]],[[-84.8592,29.7891],[-84.8397,29.8062],[-84.81,29.8125],[-84.77,29.8082],[-84.7426,29.7996],[-84.7279,29.787],[-84.7279,29.7697],[-84.7426,29.7478],[-84.76,29.7334],[-84.78,29.7267],[-84.8097,29.7376],[-84.8492,29.7663],[-84.8592,29.7891]]]}},{"type":"Feature","properties":{"c":"#00cc00","v0":0.25,"v1":0.5},"geometry":{"type":"Polygon","coordinates":[[[-85.1395,29.8031],[-85.1332,29.8132],[-85.1145,29.8132],[-85.0835,29.8031],[-85.0673,29.7936],[-85.0659,29.785],[-85.0764,29.7741],[-85.0988,29.7612],[-85.1182,29.7655],[-85.1345,29.7872],[-85.1395,29.8031]]]}},{"type":"Feature","properties":{"c":"#00cc00","v0":0.25,"v1":0.5},"geometry":{"type":"Polygon","coordinates":[[[-86.9422,29.7479],[-86.9207,29.7519],[-86.8993,29.7476],[-86.878,29.7349],[-86.8526,29.7068],[-86.823,29.6634],[-86.8087,29.6327],[-86.8096,29.6148],[-86.82,29.6104],[-86.84,29.6195],[-86.8757,29.6546],[-86.9272,29.7155],[-86.9422,29.7479]]]}},{"type":"Feature","properties":{"c":"#00cc00","v0":0.25,"v1":0.5},"geometry":{"type":"Polygon","coordinates":[[[-88.2314,29.111],[-88.2038,29.1305],[-88.14,29.1388],[-88.04,29.1359],[-87.97,29.151],[-87.93,29.1841],[-87.88,29.1993],[-87.82,29.1967],[-87.7574,29.2199],[-87.6922,29.2689],[-87.673,29.3152],[-87.6997,29.3587],[-87.7097,29.3893],[-87.703,29.4067],[-87.6622,29.4268],[-87.5874,29.4495],[-87.5337,29.4582],[-87.5012,29.4529],[-87.4662,29.4206],[-87.4287,29.3614],[-87.395,29.3576],[-87.365,29.4093],[-87.325,29.4489],[-87.275,29.4767],[-87.235,29.488],[-87.205,29.483],[-87.16,29.4896],[-87.1,29.5078],[-87.03,29.5186],[-86.95,29.5218],[-86.9005,29.5181],[-86.8814,29.5077],[-86.8729,29.4938],[-86.8748,29.4764],[-86.9293,29.4352],[-87.0364,29.3702],[-87.1,29.3265],[-87.12,29.3041],[-87.131,29.28],[-87.1331,29.254],[-87.1083,29.241],[-87.0565,29.241],[-87.0055,29.2577],[-86.9552,29.291],[-86.865,29.2922],[-86.735,29.2614],[-86.6775,29.271],[-86.6925,29.3208],[-86.6925,29.3625],[-86.6775,29.3962],[-86.688,29.4397],[-86.7241,29.4932],[-86.7391,29.5251],[-86.733,29.5356],[-86.7,29.5495],[-86.64,29.5666],[-86.51,29.5555],[-86.31,29.5162],[-86.18,29.5133],[-86.12,29.547],[-86.065,29.554],[-86.015,29.5344],[-85.92,29.5675],[-85.78,29.6534],[-85.68,29.6926],[-85.62,29.6852],[-85.5626,29.6672],[-85.5077,29.6386],[-85.4849,29.6069],[-85.4941,29.5721],[-85.4833,29.5373],[-85.4525,29.5025],[-85.4392,29.4328],[-85.4435,29.3282],[-85.4617,29.2606],[-85.4939,29.2298],[-85.5612,29.2211],[-85.6636,29.2344],[-85.7212,29.2454],[-85.7342,29.2541],[-85.7424,29.2715],[-85.7457,29.2977],[-85.7184,29.3239],[-85.6602,29.35],[-85.6459,29.3853],[-85.6753,29.4297],[-85.7025,29.4515],[-85.7275,29.4507],[-85.7541,29.4154],[-85.7824,29.3457],[-85.7857,29.2934],[-85.7642,29.2585],[-85.754,29.2279],[-85.7551,29.2017],[-85.7643,29.1819],[-85.7814,29.1685],[-85.81,29.1627],[-85.85,29.1645],[-85.8746,29.1537],[-85.8839,29.1304],[-85.8859,29.1057],[-85.8804,29.0794],[-85.8544,29.0401],[-85.8079,28.9876],[-85.7957,28.9264],[-85.8178,28.8563],[-85.8442,28.8099],[-85.8747,28.7872],[-85.915,28.7745],[-85.965,28.7718],[-85.996,28.7569],[-86.0079,28.7297],[-86.0334,28.7029],[-86.0725,28.6766],[-86.0827,28.6503],[-86.0641,28.624],[-86.0286,28.6011],[-85.9762,28.5817],[-85.9408,28.5597],[-85.9225,28.5352],[-85.9175,28.5142],[-85.9259,28.4966],[-85.9522,28.4746],[-85.9963,28.4482],[-86.0072,28.4087],[-85.9849,28.3559],[-85.9778,28.3173],[-85.9859,28.293],[-86.0152,28.2798],[-86.0655,28.2777],[-86.0805,28.266],[-86.0602,28.2446],[-86.035,28.2442],[-86.005,28.2646],[-85.915,28.2648],[-85.765,28.2449],[-85.6374,28.2145],[-85.5321,28.1737],[-85.444,28.1268],[-85.3731,28.0739],[-85.3372,28.0386],[-85.3363,28.0209],[-85.3494,28.0044],[-85.3765,27.9891],[-85.435,28.0001],[-85.525,28.0375],[-85.61,28.0527],[-85.69,28.0457],[-85.7383,28.0303],[-85.755,28.0064],[-85.7608,27.9723],[-85.7558,27.9282],[-85.7625,27.8985],[-85.7808,27.8834],[-85.81,27.8753],[-85.85,27.8743],[-85.8781,27.8819],[-85.8942,27.898],[-85.9058,27.9282],[-85.9129,27.9723],[-85.9364,28.0165],[-85.9762,28.0606],[-85.9996,28.1026],[-86.0065,28.1423],[-86.02,28.1766],[-86.04,28.2054],[-86.085,28.213],[-86.155,28.1994],[-86.1997,28.1739],[-86.2192,28.1366],[-86.2392,28.1158],[-86.2597,28.1113],[-86.2759,28.1157],[-86.2876,28.129],[-86.2892,28.1533],[-86.2808,28.1885],[-86.2824,28.215],[-86.2941,28.2326],[-86.3275,28.2437],[-86.3825,28.2483],[-86.445,28.2636],[-86.515,28.2896],[-86.58,28.2891],[-86.64,28.2621],[-86.69,28.2477],[-86.73,28.2461],[-86.78,28.2683],[-86.84,28.3142],[-86.895,28.3719],[-86.945,28.4413],[-87.0169,28.4877],[-87.1107,28.5112],[-87.2257,28.557],[-87.3619,28.6251],[-87.48,28.6705],[-87.58,28.6932],[-87.6631,28.7249],[-87.7293,28.7658],[-87.7643,28.7994],[-87.7681,28.8257],[-87.74,28.8403],[-87.68,28.8431],[-87.64,28.8532],[-87.62,28.8705],[-87.635,28.8858],[-87.685,28.8992],[-87.76,28.897],[-87.86,28.8794],[-87.94,28.8741],[-88.0,28.8812],[-88.0838,28.9389],[-88.1914,29.0472],[-88.2314,29.111]],[[-88.2147,29.1075],[-88.1982,29.1199],[-88.175,29.1262],[-88.145,29.1266],[-88.095,29.1166],[-88.025,29.096],[-87.97,29.1104],[-87.93,29.1596],[-87.88,29.1832],[-87.82,29.1813],[-87.7464,29.2086],[-87.6593,29.2651],[-87.6319,29.3152],[-87.6644,29.3587],[-87.678,29.3881],[-87.6727,29.4033],[-87.64,29.4198],[-87.58,29.4374],[-87.5382,29.4428],[-87.5145,29.4362],[-87.4951,29.4197],[-87.4801,29.3936],[-87.4852,29.3587],[-87.5106,29.3152],[-87.48,29.2636],[-87.3933,29.2041],[-87.345,29.1737],[-87.335,29.1726],[-87.3294,29.1805],[-87.3281,29.1976],[-87.3409,29.2236],[-87.3675,29.2585],[-87.3667,29.3108],[-87.3382,29.3805],[-87.3105,29.4213],[-87.2835,29.4332],[-87.255,29.437],[-87.225,29.4326],[-87.19,29.4435],[-87.15,29.4696],[-87.105,29.4882],[-87.055,29.4994],[-87.0043,29.5],[-86.953,29.49],[-86.978,29.4444],[-87.0793,29.363],[-87.138,29.3064],[-87.1539,29.2744],[-87.1589,29.244],[-87.153,29.2149],[-87.12,29.2063],[-87.06,29.2179],[-87.0,29.2386],[-86.94,29.2683],[-86.89,29.2752],[-86.85,29.2595],[-86.805,29.2518],[-86.755,29.2522],[-86.71,29.2359],[-86.67,29.2027],[-86.605,29.1799],[-86.515,29.1676],[-86.445,29.1504],[-86.395,29.1285],[-86.3639,29.1222],[-86.3518,29.1316],[-86.3518,29.1458],[-86.3639,29.1648],[-86.43,29.1959],[-86.55,29.239],[-86.6183,29.2687],[-86.635,29.2851],[-86.6406,29.3195],[-86.6351,29.3718],[-86.6437,29.4241],[-86.6666,29.4764],[-86.666,29.5128],[-86.642,29.5334],[-86.53,29.5276],[-86.33,29.4953],[-86.195,29.4943],[-86.125,29.5247],[-86.065,29.5241],[-86.015,29.4925],[-85.975,29.4927],[-85.945,29.5247],[-85.88,29.5725],[-85.78,29.636],[-85.715,29.6721],[-85.685,29.6809],[-85.6286,29.6701],[-85.5459,29.6395],[-85.5059,29.6152],[-85.5086,29.5969],[-85.5303,29.5796],[-85.571,29.563],[-85.5669,29.546],[-85.5182,29.5286],[-85.4867,29.5112],[-85.4724,29.4938],[-85.467,29.4328],[-85.4706,29.3282],[-85.4867,29.2646],[-85.5156,29.242],[-85.56,29.2316],[-85.62,29.2335],[-85.6621,29.2404],[-85.6862,29.2524],[-85.6973,29.2715],[-85.6954,29.2977],[-85.6733,29.3166],[-85.6311,29.3283],[-85.6086,29.3414],[-85.6058,29.3559],[-85.6208,29.3898],[-85.6536,29.4431],[-85.68,29.475],[-85.7,29.4854],[-85.72,29.4882],[-85.74,29.4833],[-85.7689,29.4427],[-85.8066,29.3664],[-85.8189,29.2977],[-85.8056,29.2366],[-85.8218,29.2015],[-85.8673,29.1923],[-85.8977,29.1704],[-85.913,29.136],[-85.9172,29.1057],[-85.9103,29.0794],[-85.8859,29.0445],[-85.8441,29.0008],[-85.8289,28.9439],[-85.8401,28.8738],[-85.8518,28.8314],[-85.8639,28.8165],[-85.885,28.8051],[-85.915,28.797],[-85.96,28.8051],[-86.02,28.8292],[-86.049,28.8144],[-86.0469,28.7606],[-86.0746,28.7205],[-86.132,28.6942],[-86.138,28.6581],[-86.0927,28.6123],[-86.04,28.575],[-85.98,28.5463],[-85.9516,28.5252],[-85.9549,28.512],[-85.9749,28.5008],[-86.0116,28.4917],[-86.0475,28.4741],[-86.0826,28.4481],[-86.0828,28.4219],[-86.0484,28.3955],[-86.0302,28.3735],[-86.0285,28.3559],[-86.0532,28.3449],[-86.1044,28.3406],[-86.175,28.3553],[-86.265,28.389],[-86.3176,28.3824],[-86.3328,28.3354],[-86.3528,28.3045],[-86.3776,28.2899],[-86.4098,28.2899],[-86.4495,28.3045],[-86.4995,28.3411],[-86.5598,28.3997],[-86.5886,28.4129],[-86.5858,28.3807],[-86.5903,28.3515],[-86.6021,28.3251],[-86.6235,28.3038],[-86.6545,28.2875],[-86.685,28.2796],[-86.715,28.2801],[-86.76,28.3047],[-86.82,28.3534],[-86.8728,28.4053],[-86.9183,28.4603],[-86.9836,28.5054],[-87.0687,28.5405],[-87.1164,28.5801],[-87.1267,28.624],[-87.1264,28.6491],[-87.1155,28.6554],[-87.05,28.6321],[-86.93,28.5792],[-86.8634,28.5541],[-86.8501,28.5567],[-86.8351,28.5724],[-86.8184,28.601],[-86.785,28.6156],[-86.735,28.6161],[-86.675,28.5955],[-86.605,28.5536],[-86.53,28.5271],[-86.45,28.5162],[-86.385,28.5008],[-86.335,28.481],[-86.3046,28.4753],[-86.2938,28.4836],[-86.306,28.5186],[-86.3413,28.5801],[-86.3629,28.6327],[-86.3707,28.6766],[-86.3684,28.7078],[-86.3561,28.7262],[-86.327,28.7481],[-86.281,28.7735],[-86.2518,28.795],[-86.2394,28.8125],[-86.2374,28.8246],[-86.2458,28.8313],[-86.275,28.8294],[-86.325,28.819],[-86.375,28.8274],[-86.425,28.8546],[-86.485,28.8611],[-86.555,28.8469],[-86.5951,28.8308],[-86.6052,28.8128],[-86.5977,28.7818],[-86.5723,28.738],[-86.5672,28.7083],[-86.5824,28.6927],[-86.6,28.684],[-86.62,28.6824],[-86.6827,28.6946],[-86.7881,28.7206],[-86.8497,28.7468],[-86.8674,28.7731],[-86.8697,28.8005],[-86.8566,28.8289],[-86.89,28.8381],[-86.97,28.828],[-87.04,28.8349],[-87.1,28.8589],[-87.16,28.8682],[-87.22,28.863],[-87.285,28.869],[-87.355,28.8865],[-87.3985,28.903],[-87.4155,28.9186],[-87.4205,28.9443],[-87.4135,28.9801],[-87.455,28.9807],[-87.545,28.9459],[-87.66,28.9265],[-87.8,28.9225],[-87.885,28.9143],[-87.915,28.9019],[-87.95,28.8957],[-87.99,28.8957],[-88.0243,28.9034],[-88.0529,28.9187],[-88.0727,28.9439],[-88.0837,28.9789],[-88.1174,29.0139],[-88.1738,29.0488],[-88.2072,29.0751],[-88.2176,29.0926],[-88.2147,29.1075]],[[-85.9725,28.2131],[-85.9575,28.227],[-85.915,28.2314],[-85.845,28.2263],[-85.735,28.2032],[-85.585,28.162],[-85.4931,28.1223],[-85.4594,28.0841],[-85.4944,28.0698],[-85.5981,28.0792],[-85.67,28.0959],[-85.71,28.1199],[-85.745,28.1122],[-85.775,28.0728],[-85.815,28.0487],[-85.865,28.0399],[-85.908,28.0473],[-85.9441,28.0709],[-85.9666,28.1136],[-85.9755,28.1753],[-85.9725,28.2131]],[[-87.4677,29.2977],[-87.4497,29.3064],[-87.4386,29.3021],[-87.4344,29.2846],[-87.4435,29.2803],[-87.4656,29.289],[-87.4677,29.2977]],[[-86.6267,29.2323],[-86.5616,29.2148],[-86.5543,29.2059],[-86.6048,29.2056],[-86.6373,29.2144],[-86.652,29.2321],[-86.6267,29.2323]],[[-87.6388,28.7982],[-87.5663,28.8223],[-87.5,28.8317],[-87.44,28.8266],[-87.3922,28.8014],[-87.3565,28.7562],[-87.3132,28.7161],[-87.2622,28.681],[-87.2324,28.6503],[-87.2239,28.624],[-87.2372,28.6118],[-87.2724,28.6138],[-87.32,28.6315],[-87.38,28.665],[-87.45,28.6875],[-87.53,28.6991],[-87.5924,28.7165],[-87.6371,28.7396],[-87.6634,28.7599],[-87.6712,28.7775],[-87.6388,28.7982]],[[-87.3609,28.8438],[-87.3403,28.8539],[-87.295,28.8484],[-87.225,28.8273],[-87.17,28.8195],[-87.13,28.825],[-87.085,28.8197],[-87.035,28.8035],[-86.99,28.7963],[-86.95,28.7981],[-86.915,28.7823],[-86.885,28.7488],[-86.8428,28.7149],[-86.7883,28.6806],[-86.7983,28.6483],[-86.8728,28.6181],[-86.955,28.6265],[-87.045,28.6736],[-87.13,28.7016],[-87.21,28.7105],[-87.2659,28.724],[-87.2978,28.7421],[-87.3282,28.7731],[-87.3569,28.8169],[-87.3609,28.8438]],[[-86.5318,28.8126],[-86.4773,28.8303],[-86.4222,28.8259],[-86.3666,28.7995],[-86.3616,28.7703],[-86.4072,28.7385],[-86.45,28.7254],[-86.49,28.731],[-86.5223,28.7513],[-86.5468,28.7863],[-86.5318,28.8126]],[[-86.6228,28.6525],[-86.5476,28.6658],[-86.49,28.6682],[-86.45,28.6597],[-86.4126,28.6267],[-86.3777,28.5693],[-86.4077,28.5456],[-86.5026,28.5557],[-86.5776,28.582],[-86.6328,28.6246],[-86.6228,28.6525]]]}},{"type":"Feature","properties":{"c":"#00cc00","v0":0.25,"v1":0.5},"geometry":{"type":"Polygon","coordinates":[[[-86.5395,29.4241],[-86.518,29.4415],[-86.4575,29.4372],[-86.3578,29.411],[-86.3184,29.3877],[-86.3395,29.3671],[-86.37,29.3567],[-86.41,29.3564],[-86.4522,29.3623],[-86.4967,29.3745],[-86.5268,29.3893],[-86.5424,29.4067],[-86.5395,29.4241]]]}},{"type":"Feature","properties":{"c":"#00cc00","v0":0.25,"v1":0.5},"geometry":{"type":"Polygon","coordinates":[[[-87.1418,29.0715],[-87.1339,29.0817],[-87.1179,29.0817],[-87.0937,29.0715],[-87.0887,29.0611],[-87.1029,29.0507],[-87.1189,29.0507],[-87.1368,29.0611],[-87.1418,29.0715]]]}},{"type":"Feature","properties":{"c":"#00cc00","v0":0.25,"v1":0.5},"geometry":{"type":"Polygon","coordinates":[[[-86.4852,29.0387],[-86.4217,29.0534],[-86.3732,29.0402],[-86.3396,28.9993],[-86.3346,28.9723],[-86.3582,28.959],[-86.4061,28.9677],[-86.4783,28.9985],[-86.515,29.0182],[-86.5163,29.027],[-86.4852,29.0387]],[[-86.4076,29.0163],[-86.3959,29.0211],[-86.385,29.0139],[-86.375,28.9947],[-86.3809,28.9923],[-86.4026,29.0067],[-86.4076,29.0163]]]}},{"type":"Feature","properties":{"c":"#00cc00","v0":0.25,"v1":0.5},"geometry":{"type":"Polygon","coordinates":[[[-85.7578,28.6377],[-85.7259,28.6563],[-85.6886,28.6607],[-85.6459,28.6508],[-85.6174,28.6327],[-85.6032,28.6064],[-85.6017,28.5757],[-85.6129,28.5405],[-85.6264,28.5186],[-85.6421,28.5099],[-85.665,28.5085],[-85.695,28.5142],[-85.7259,28.5449],[-85.7578,28.6005],[-85.7578,28.6377]],[[-85.7435,28.6189],[-85.7345,28.6352],[-85.715,28.6451],[-85.685,28.6485],[-85.66,28.6448],[-85.6401,28.6338],[-85.6278,28.6196],[-85.6231,28.602],[-85.6331,28.5789],[-85.6577,28.5503],[-85.685,28.5454],[-85.715,28.5643],[-85.7345,28.583],[-85.7435,28.6015],[-85.7435,28.6189]]]}},{"type":"Feature","properties":{"c":"#00cc00","v0":0.25,"v1":0.5},"geometry":{"type":"Polygon","coordinates":[[[-84.2768,28.6547],[-84.2589,28.6722],[-84.2404,28.6766],[-84.2212,28.6678],[-84.2212,28.6513],[-84.2404,28.627],[-84.2589,28.6226],[-84.2768,28.6381],[-84.2768,28.6547]]]}},{"type":"Feature","properties":{"c":"#00cc00","v0":0.25,"v1":0.5},"geometry":{"type":"Polygon","coordinates":[[[-85.8245,28.4611],[-85.8148,28.4782],[-85.795,28.4874],[-85.765,28.4889],[-85.7378,28.4716],[-85.7133,28.4355],[-85.7183,28.4123],[-85.7528,28.402],[-85.7848,28.4108],[-85.8145,28.4387],[-85.8245,28.4611]]]}},{"type":"Feature","properties":{"c":"#00cc00","v0":0.25,"v1":0.5},"geometry":{"type":"Polygon","coordinates":[[[-84.5934,28.4263],[-84.5876,28.4438],[-84.571,28.4595],[-84.5437,28.4731],[-84.5118,28.4643],[-84.4753,28.4331],[-84.4297,28.4131],[-84.375,28.4043],[-84.3417,28.3779],[-84.33,28.3339],[-84.3356,28.3016],[-84.3585,28.281],[-84.41,28.2785],[-84.49,28.2943],[-84.5466,28.331],[-84.5797,28.3886],[-84.5934,28.4263]],[[-84.546,28.4365],[-84.5353,28.4395],[-84.5296,28.4351],[-84.5289,28.4233],[-84.5342,28.4219],[-84.5456,28.4306],[-84.546,28.4365]],[[-84.4476,28.3722],[-84.4092,28.3873],[-84.3816,28.3873],[-84.3649,28.3722],[-84.3563,28.3559],[-84.3559,28.3383],[-84.3693,28.3259],[-84.3964,28.3187],[-84.4242,28.3275],[-84.4526,28.3523],[-84.4476,28.3722]]]}},{"type":"Feature","properties":{"c":"#00cc00","v0":0.25,"v1":0.5},"geometry":{"type":"Polygon","coordinates":[[[-84.7078,28.3572],[-84.6959,28.3775],[-84.675,28.3881],[-84.645,28.3888],[-84.6216,28.383],[-84.6049,28.3708],[-84.5919,28.3471],[-84.5825,28.3119],[-84.5908,28.2832],[-84.6169,28.2612],[-84.6509,28.2744],[-84.6928,28.3229],[-84.7078,28.3572]]]}},{"type":"Feature","properties":{"c":"#00cc00","v0":0.25,"v1":0.5},"geometry":{"type":"Polygon","coordinates":[[[-84.1472,28.2354],[-84.1357,28.2588],[-84.115,28.2705],[-84.085,28.2705],[-84.04,28.2554],[-83.98,28.225],[-83.9377,28.1912],[-83.913,28.1542],[-83.908,28.1312],[-83.9227,28.1222],[-83.955,28.1194],[-84.005,28.1226],[-84.05,28.1335],[-84.09,28.1519],[-84.1207,28.1768],[-84.1422,28.2081],[-84.1472,28.2354]],[[-84.1259,28.2321],[-84.1153,28.2488],[-84.09,28.2526],[-84.05,28.2436],[-84.0148,28.2309],[-83.9844,28.2144],[-83.9616,28.1929],[-83.9465,28.1665],[-83.9617,28.1519],[-84.0072,28.1491],[-84.0497,28.1579],[-84.0892,28.1783],[-84.1145,28.1973],[-84.1256,28.215],[-84.1259,28.2321]]]}},{"type":"Feature","properties":{"c":"#00cc00","v0":0.25,"v1":0.5},"geometry":{"type":"Polygon","coordinates":[[[-82.3313,28.1533],[-82.314,28.1533],[-82.3059,28.1444],[-82.307,28.1268],[-82.3157,28.1268],[-82.3319,28.1444],[-82.3313,28.1533]]]}},{"type":"Feature","properties":{"c":"#00cc00","v0":0.25,"v1":0.5},"geometry":{"type":"Polygon","coordinates":[[[-86.7084,28.0567],[-86.6695,28.0754],[-86.63,28.0828],[-86.59,28.0788],[-86.55,28.0608],[-86.51,28.029],[-86.4886,27.9996],[-86.4858,27.9726],[-86.4958,27.9513],[-86.5186,27.9358],[-86.54,27.9287],[-86.56,27.93],[-86.6095,27.9598],[-86.6884,28.0182],[-86.7084,28.0567]]]}},{"type":"Feature","properties":{"c":"#00cc00","v0":0.25,"v1":0.5},"geometry":{"type":"Polygon","coordinates":[[[-82.2572,27.966],[-82.2391,28.0152],[-82.21,28.0314],[-82.17,28.0147],[-82.1351,27.9813],[-82.1052,27.9312],[-82.0723,27.8928],[-82.0363,27.8663],[-82.0112,27.7995],[-81.9971,27.6925],[-82.005,27.6404],[-82.035,27.6435],[-82.0698,27.6705],[-82.1095,27.7214],[-82.1345,27.7806],[-82.1448,27.8479],[-82.17,27.8849],[-82.21,27.8914],[-82.2391,27.9064],[-82.2572,27.9298],[-82.2572,27.966]],[[-82.0854,27.8396],[-82.0751,27.8481],[-82.064,27.8481],[-82.052,27.8396],[-82.047,27.8108],[-82.049,27.7618],[-82.0557,27.7397],[-82.0672,27.7445],[-82.0773,27.769],[-82.0861,27.8132],[-82.0854,27.8396]]]}},{"type":"Feature","properties":{"c":"#00cc00","v0":0.25,"v1":0.5},"geometry":{"type":"Polygon","coordinates":[[[-80.5988,27.9463],[-80.5929,27.9562],[-80.5845,27.9562],[-80.5734,27.9463],[-80.5684,27.9245],[-80.5695,27.8907],[-80.5779,27.8907],[-80.5938,27.9245],[-80.5988,27.9463]]]}},{"type":"Feature","properties":{"c":"#00cc00","v0":0.25,"v1":0.5},"geometry":{"type":"Polygon","coordinates":[[[-82.4787,27.9325],[-82.4596,27.9499],[-82.415,27.9472],[-82.345,27.9245],[-82.2857,27.8937],[-82.2371,27.8548],[-82.2101,27.8221],[-82.2047,27.7955],[-82.219,27.7817],[-82.253,27.7805],[-82.315,27.8015],[-82.405,27.8446],[-82.4596,27.8806],[-82.4787,27.9094],[-82.4787,27.9325]],[[-82.4513,27.9118],[-82.4371,27.9231],[-82.4201,27.9187],[-82.4002,27.8985],[-82.4002,27.8868],[-82.4201,27.8835],[-82.4371,27.8879],[-82.4513,27.9],[-82.4513,27.9118]]]}},{"type":"Feature","properties":{"c":"#00cc00","v0":0.25,"v1":0.5},"geometry":{"type":"Polygon","coordinates":[[[-84.4929,27.8989],[-84.4776,27.9199],[-84.445,27.9222],[-84.395,27.9057],[-84.3502,27.8819],[-84.3106,27.8509],[-84.2906,27.8187],[-84.2902,27.7853],[-84.305,27.7655],[-84.335,27.7594],[-84.38,27.7766],[-84.44,27.8173],[-84.4776,27.8503],[-84.4929,27.8757],[-84.4929,27.8989]],[[-84.4327,27.884],[-84.3961,27.8751],[-84.361,27.853],[-84.3272,27.8177],[-84.3153,27.7986],[-84.3251,27.7959],[-84.3603,27.818],[-84.4208,27.8649],[-84.4327,27.884]]]}},{"type":"Feature","properties":{"c":"#00cc00","v0":0.25,"v1":0.5},"geometry":{"type":"Polygon","coordinates":[[[-82.3925,27.5825],[-82.3775,27.6081],[-82.355,27.622],[-82.325,27.6244],[-82.27,27.603],[-82.19,27.5578],[-82.12,27.5254],[-82.06,27.5059],[-81.96,27.4954],[-81.82,27.4939],[-81.7473,27.499],[-81.7419,27.5107],[-81.7519,27.5244],[-81.7773,27.5402],[-81.7933,27.5579],[-81.8,27.5776],[-81.777,27.6052],[-81.7242,27.6406],[-81.7155,27.6805],[-81.751,27.7247],[-81.7541,27.755],[-81.7247,27.7713],[-81.6926,27.7625],[-81.6579,27.7285],[-81.6471,27.6938],[-81.6602,27.6583],[-81.6375,27.6058],[-81.5792,27.5361],[-81.53,27.5084],[-81.49,27.5228],[-81.4462,27.5222],[-81.3985,27.5066],[-81.3867,27.5209],[-81.4108,27.5653],[-81.4396,27.588],[-81.4732,27.589],[-81.4956,27.5979],[-81.5068,27.6146],[-81.508,27.6318],[-81.4991,27.6495],[-81.4685,27.66],[-81.4162,27.6633],[-81.36,27.6616],[-81.3,27.6549],[-81.245,27.6147],[-81.195,27.5409],[-81.15,27.4963],[-81.11,27.4809],[-81.09,27.4411],[-81.09,27.3768],[-81.1,27.3444],[-81.12,27.3439],[-81.14,27.3582],[-81.16,27.3873],[-81.185,27.403],[-81.215,27.4055],[-81.2383,27.3987],[-81.255,27.3826],[-81.265,27.3499],[-81.2683,27.3008],[-81.29,27.2803],[-81.33,27.2884],[-81.365,27.3045],[-81.395,27.3288],[-81.44,27.3523],[-81.5,27.3752],[-81.56,27.3775],[-81.62,27.359],[-81.6624,27.3205],[-81.6873,27.2617],[-81.6975,27.1923],[-81.693,27.1122],[-81.7006,27.0693],[-81.7202,27.0635],[-81.745,27.0671],[-81.775,27.0803],[-81.7922,27.052],[-81.7966,26.9823],[-81.8066,26.9402],[-81.8222,26.9259],[-81.8526,26.9125],[-81.8978,26.9001],[-81.9178,26.8832],[-81.9126,26.8617],[-81.8802,26.8394],[-81.8205,26.8163],[-81.7755,26.7858],[-81.7452,26.748],[-81.7137,26.7346],[-81.6812,26.7456],[-81.6657,26.7645],[-81.6674,26.7913],[-81.6637,26.8069],[-81.6546,26.8115],[-81.6359,26.7981],[-81.6078,26.7668],[-81.5628,26.7454],[-81.5009,26.7341],[-81.4712,26.7162],[-81.4736,26.6918],[-81.4623,26.6573],[-81.4375,26.6126],[-81.4263,26.5809],[-81.4288,26.5622],[-81.4696,26.5577],[-81.5487,26.5675],[-81.6087,26.5866],[-81.6496,26.6152],[-81.695,26.6283],[-81.745,26.6261],[-81.8,26.6496],[-81.86,26.6988],[-81.915,26.7122],[-81.965,26.6898],[-82.02,26.6965],[-82.08,26.7324],[-82.1255,26.7863],[-82.1565,26.858],[-82.1705,26.9429],[-82.1676,27.041],[-82.1972,27.1258],[-82.2591,27.1976],[-82.3004,27.2909],[-82.3212,27.4059],[-82.3487,27.4899],[-82.3829,27.5431],[-82.3925,27.5825]],[[-81.5727,27.4582],[-81.5576,27.4835],[-81.545,27.4943],[-81.535,27.4904],[-81.5289,27.4778],[-81.5266,27.4563],[-81.5316,27.4371],[-81.5439,27.4202],[-81.5576,27.4202],[-81.5727,27.4371],[-81.5727,27.4582]],[[-81.4751,27.4401],[-81.4584,27.4648],[-81.435,27.4722],[-81.405,27.4624],[-81.3658,27.4589],[-81.3173,27.4618],[-81.3046,27.4855],[-81.3277,27.5298],[-81.337,27.5655],[-81.3323,27.5924],[-81.32,27.6033],[-81.3,27.5981],[-81.2703,27.5757],[-81.231,27.5363],[-81.211,27.5028],[-81.2103,27.4754],[-81.22,27.4563],[-81.24,27.4456],[-81.26,27.4426],[-81.28,27.4474],[-81.2897,27.4221],[-81.2891,27.3667],[-81.2941,27.3311],[-81.3047,27.3153],[-81.32,27.3088],[-81.34,27.3116],[-81.3789,27.3328],[-81.4368,27.3725],[-81.4701,27.4012],[-81.4791,27.4189],[-81.4751,27.4401]],[[-81.6637,26.6865],[-81.6546,26.7004],[-81.64,26.7078],[-81.62,26.7089],[-81.58,26.6891],[-81.52,26.6483],[-81.49,26.6195],[-81.49,26.6029],[-81.51,26.5939],[-81.55,26.5924],[-81.5946,26.6137],[-81.6437,26.6577],[-81.6637,26.6865]],[[-82.3597,27.5775],[-82.3399,27.5932],[-82.32,27.6002],[-82.3,27.5987],[-82.275,27.5838],[-82.245,27.5556],[-82.18,27.5239],[-82.08,27.4886],[-81.95,27.4599],[-81.79,27.4377],[-81.7,27.4373],[-81.68,27.4587],[-81.6584,27.4545],[-81.6353,27.4249],[-81.6363,27.4056],[-81.6614,27.3967],[-81.683,27.3782],[-81.701,27.35],[-81.72,27.331],[-81.74,27.3211],[-81.785,27.3318],[-81.855,27.3631],[-81.92,27.3747],[-81.98,27.3666],[-82.025,27.3423],[-82.055,27.3017],[-82.0831,27.2913],[-82.1092,27.3112],[-82.1187,27.3345],[-82.1117,27.3612],[-82.1137,27.3781],[-82.1246,27.3854],[-82.155,27.3725],[-82.205,27.3395],[-82.24,27.3279],[-82.26,27.3376],[-82.2767,27.3549],[-82.2901,27.3798],[-82.2955,27.41],[-82.2929,27.4455],[-82.3111,27.4899],[-82.3501,27.5431],[-82.3597,27.5775]],[[-82.1779,27.2145],[-82.1001,27.179],[-82.0579,27.1523],[-82.0512,27.1345],[-82.0784,27.13],[-82.1395,27.1388],[-82.1817,27.1655],[-82.2051,27.2101],[-82.1779,27.2145]],[[-82.153,27.2696],[-82.1377,27.2731],[-82.124,27.2642],[-82.1121,27.243],[-82.1198,27.2412],[-82.1471,27.259],[-82.153,27.2696]],[[-82.002,27.0755],[-81.9807,27.0823],[-81.963,27.0734],[-81.949,27.0488],[-81.954,27.0374],[-81.978,27.039],[-81.9957,27.0479],[-82.007,27.0641],[-82.002,27.0755]],[[-81.9857,27.2723],[-81.9833,27.3168],[-81.9641,27.3424],[-81.928,27.3493],[-81.8976,27.3493],[-81.8727,27.3424],[-81.8363,27.3168],[-81.7884,27.2723],[-81.7758,27.2197],[-81.7986,27.1589],[-81.825,27.1377],[-81.855,27.1563],[-81.895,27.1654],[-81.945,27.1649],[-81.9742,27.186],[-81.9826,27.2288],[-81.9857,27.2723]],[[-82.1283,27.0271],[-82.1161,27.0438],[-82.1,27.0516],[-82.08,27.0506],[-82.0356,27.0289],[-81.9668,26.9865],[-81.9487,26.9429],[-81.9814,26.8984],[-81.9791,26.8493],[-81.9418,26.7958],[-81.9349,26.7565],[-81.9583,26.7315],[-81.99,26.7205],[-82.03,26.7235],[-82.0629,26.736],[-82.0886,26.758],[-82.1097,26.7958],[-82.1261,26.8493],[-82.1305,26.885],[-82.1229,26.9028],[-82.1229,26.9385],[-82.1306,26.992],[-82.1283,27.0271]],[[-81.9265,27.1127],[-81.9155,27.1224],[-81.9,27.1247],[-81.88,27.1194],[-81.8669,27.1056],[-81.8607,27.0833],[-81.8707,27.0714],[-81.8969,27.0699],[-81.9155,27.0788],[-81.9265,27.0981],[-81.9265,27.1127]]]}},{"type":"Feature","properties":{"c":"#00cc00","v0":0.25,"v1":0.5},"geometry":{"type":"Polygon","coordinates":[[[-84.446,27.7189],[-84.4353,27.7337],[-84.42,27.7419],[-84.4,27.7436],[-84.3692,27.7274],[-84.3276,27.6932],[-84.3076,27.6585],[-84.3092,27.6233],[-84.325,27.6023],[-84.355,27.5954],[-84.3903,27.6219],[-84.431,27.6816],[-84.446,27.7189]]]}},{"type":"Feature","properties":{"c":"#00cc00","v0":0.25,"v1":0.5},"geometry":{"type":"Polygon","coordinates":[[[-78.54,27.0947],[-78.5333,27.1042],[-78.5249,27.1042],[-78.5148,27.0947],[-78.5148,27.0858],[-78.5249,27.0774],[-78.5333,27.0774],[-78.54,27.0858],[-78.54,27.0947]]]}},{"type":"Feature","properties":{"c":"#00cc00","v0":0.25,"v1":0.5},"geometry":{"type":"Polygon","coordinates":[[[-78.4692,26.868],[-78.4564,26.8876],[-78.4413,26.892],[-78.424,26.8814],[-78.424,26.8643],[-78.4413,26.8407],[-78.4564,26.8363],[-78.4692,26.8509],[-78.4692,26.868]]]}},{"type":"Feature","properties":{"c":"#00cc00","v0":0.25,"v1":0.5},"geometry":{"type":"Polygon","coordinates":[[[-81.5582,26.8341],[-81.5394,26.8572],[-81.51,26.8686],[-81.47,26.8682],[-81.4424,26.8611],[-81.4273,26.8473],[-81.4273,26.8274],[-81.4424,26.8014],[-81.47,26.7895],[-81.51,26.7918],[-81.5394,26.8004],[-81.5582,26.8151],[-81.5582,26.8341]]]}},{"type":"Feature","properties":{"c":"#00cc00","v0":0.25,"v1":0.5},"geometry":{"type":"Polygon","coordinates":[[[-78.4509,26.6144],[-78.437,26.627],[-78.415,26.6333],[-78.385,26.6332],[-78.335,26.6531],[-78.265,26.693],[-78.22,26.7129],[-78.2,26.7127],[-78.1789,26.7043],[-78.1566,26.6879],[-78.1491,26.6707],[-78.1563,26.6528],[-78.1724,26.6373],[-78.1975,26.6241],[-78.245,26.6164],[-78.315,26.6143],[-78.37,26.6039],[-78.41,26.585],[-78.437,26.5837],[-78.4509,26.6],[-78.4509,26.6144]],[[-78.2477,26.669],[-78.2226,26.6836],[-78.2033,26.6836],[-78.19,26.669],[-78.195,26.6555],[-78.2183,26.643],[-78.2376,26.643],[-78.2527,26.6555],[-78.2477,26.669]]]}},{"type":"Feature","properties":{"c":"#00cc00","v0":0.25,"v1":0.5},"geometry":{"type":"Polygon","coordinates":[[[-81.9808,26.541],[-81.9554,26.55],[-81.9345,26.5394],[-81.9182,26.5094],[-81.8908,26.5094],[-81.8525,26.5394],[-81.8125,26.5522],[-81.7708,26.5476],[-81.7183,26.5118],[-81.6549,26.4448],[-81.626,26.3844],[-81.6316,26.3306],[-81.6483,26.2957],[-81.6761,26.2796],[-81.7,26.2734],[-81.72,26.2769],[-81.7482,26.3029],[-81.7846,26.3512],[-81.8253,26.3889],[-81.8704,26.4157],[-81.8988,26.4426],[-81.9104,26.4695],[-81.9296,26.4869],[-81.9565,26.4949],[-81.9759,26.5083],[-81.9876,26.5272],[-81.9808,26.541]],[[-81.8173,26.4602],[-81.7991,26.4865],[-81.7788,26.4955],[-81.7564,26.4871],[-81.7261,26.456],[-81.6878,26.4023],[-81.674,26.359],[-81.6847,26.3262],[-81.7,26.3108],[-81.72,26.3129],[-81.7541,26.3472],[-81.8023,26.4138],[-81.8173,26.4602]]]}},{"type":"Feature","properties":{"c":"#00cc00","v0":0.25,"v1":0.5},"geometry":{"type":"Polygon","coordinates":[[[-78.5658,26.4782],[-78.5419,26.5045],[-78.5303,26.5045],[-78.5309,26.4782],[-78.5409,26.4604],[-78.5603,26.4512],[-78.5719,26.4512],[-78.5758,26.4604],[-78.5658,26.4782]]]}},{"type":"Feature","properties":{"c":"#00cc00","v0":0.25,"v1":0.5},"geometry":{"type":"Polygon","coordinates":[[[-81.3541,26.4563],[-81.338,26.4748],[-81.32,26.4805],[-81.3,26.4732],[-81.295,26.4494],[-81.305,26.4089],[-81.32,26.394],[-81.34,26.4047],[-81.353,26.4193],[-81.3591,26.4378],[-81.3541,26.4563]]]}},{"type":"Feature","properties":{"c":"#00cc00","v0":0.25,"v1":0.5},"geometry":{"type":"Polygon","coordinates":[[[-81.436,26.0765],[-81.432,26.0886],[-81.425,26.0938],[-81.415,26.0922],[-81.41,26.0861],[-81.41,26.0755],[-81.417,26.0703],[-81.431,26.0703],[-81.436,26.0765]]]}},{"type":"Feature","properties":{"c":"#00cc00","v0":0.25,"v1":0.5},"geometry":{"type":"Polygon","coordinates":[[[-77.2113,26.0031],[-77.1971,26.0124],[-77.18,26.0127],[-77.16,26.004],[-77.1448,25.9903],[-77.1344,25.9718],[-77.1344,25.9512],[-77.1448,25.9286],[-77.16,25.9214],[-77.18,25.9296],[-77.1971,25.9499],[-77.2113,25.9823],[-77.2113,26.0031]]]}},{"type":"Feature","properties":{"c":"#00cc00","v0":0.25,"v1":0.5},"geometry":{"type":"Polygon","coordinates":[[[-78.666,25.7324],[-78.6553,25.7402],[-78.65,25.737],[-78.65,25.7226],[-78.6553,25.7187],[-78.666,25.7252],[-78.666,25.7324]]]}},{"type":"Feature","properties":{"c":"#00cc00","v0":0.25,"v1":0.5},"geometry":{"type":"Polygon","coordinates":[[[-78.0848,25.5637],[-78.0483,25.5947],[-78.02,25.6108],[-78.0,25.6119],[-77.9834,25.6054],[-77.9702,25.5913],[-77.9646,25.5708],[-77.9665,25.5437],[-77.9781,25.5233],[-77.9994,25.5095],[-78.03,25.5077],[-78.07,25.518],[-78.0933,25.5294],[-78.0998,25.5419],[-78.0848,25.5637]],[[-78.0498,25.558],[-78.0366,25.5775],[-78.0193,25.5865],[-77.9979,25.585],[-77.9891,25.5708],[-77.993,25.5437],[-78.0037,25.5288],[-78.0212,25.5261],[-78.0366,25.5306],[-78.0498,25.5423],[-78.0498,25.558]]]}},{"type":"Feature","properties":{"c":"#00cc00","v0":0.25,"v1":0.5},"geometry":{"type":"Polygon","coordinates":[[[-95.3953,25.1732],[-95.3851,25.2184],[-95.3841,25.2591],[-95.3922,25.2953],[-95.3897,25.3181],[-95.3766,25.3275],[-95.3482,25.3003],[-95.3046,25.2367],[-95.2775,25.1822],[-95.267,25.1369],[-95.2688,25.1023],[-95.2829,25.0784],[-95.3,25.0654],[-95.32,25.0634],[-95.3416,25.0709],[-95.3647,25.0878],[-95.3823,25.1098],[-95.3943,25.1369],[-95.3953,25.1732]],[[-95.3632,25.1637],[-95.3411,25.1899],[-95.3213,25.1944],[-95.3039,25.1772],[-95.2939,25.155],[-95.2913,25.1276],[-95.3,25.1084],[-95.32,25.0973],[-95.3411,25.1064],[-95.3632,25.1358],[-95.3632,25.1637]]]}},{"type":"Feature","properties":{"c":"#00cc00","v0":0.25,"v1":0.5},"geometry":{"type":"Polygon","coordinates":[[[-78.3734,24.5495],[-78.3578,24.5815],[-78.3137,24.6134],[-78.2412,24.6449],[-78.2005,24.6925],[-78.1917,24.7561],[-78.1714,24.8151],[-78.1395,24.8696],[-78.1202,24.9215],[-78.1134,24.9709],[-78.1156,25.0116],[-78.1267,25.0439],[-78.1452,25.0736],[-78.171,25.1007],[-78.1855,25.1279],[-78.1888,25.1551],[-78.1804,25.1735],[-78.1601,25.1833],[-78.13,25.1825],[-78.09,25.171],[-78.05,25.1668],[-78.01,25.1699],[-77.979,25.1481],[-77.9571,25.1014],[-77.955,25.0373],[-77.9729,24.9557],[-77.9684,24.8923],[-77.9415,24.8469],[-77.9299,24.7924],[-77.9336,24.7289],[-77.9245,24.6653],[-77.9026,24.6016],[-77.8962,24.5563],[-77.9054,24.5293],[-77.925,24.5068],[-77.955,24.4886],[-77.99,24.4885],[-78.03,24.5064],[-78.09,24.5213],[-78.17,24.5331],[-78.24,24.5212],[-78.3,24.4856],[-78.34,24.4735],[-78.36,24.4849],[-78.3728,24.5012],[-78.3784,24.5227],[-78.3734,24.5495]],[[-78.361,24.547],[-78.3477,24.5743],[-78.3133,24.5965],[-78.2578,24.6135],[-78.2162,24.6362],[-78.1887,24.6647],[-78.1755,24.7016],[-78.1767,24.747],[-78.16,24.8015],[-78.1254,24.865],[-78.105,24.9195],[-78.0986,24.9648],[-78.1016,25.0101],[-78.1139,25.0554],[-78.131,25.0871],[-78.1529,25.1053],[-78.1654,25.1238],[-78.1685,25.1428],[-78.16,25.1575],[-78.14,25.1678],[-78.115,25.1657],[-78.085,25.1511],[-78.05,25.1452],[-78.01,25.1481],[-77.9823,25.1271],[-77.967,25.0824],[-77.9703,25.0192],[-77.9922,24.9376],[-77.9887,24.8741],[-77.9598,24.8287],[-77.9482,24.7788],[-77.9539,24.7243],[-77.9452,24.6743],[-77.9222,24.6289],[-77.9132,24.588],[-77.9181,24.5516],[-77.9329,24.5258],[-77.9576,24.5106],[-78.03,24.5169],[-78.15,24.5448],[-78.24,24.54],[-78.3,24.5026],[-78.3394,24.4962],[-78.3582,24.521],[-78.361,24.547]]]}},{"type":"Feature","properties":{"c":"#00cc00","v0":0.25,"v1":0.5},"geometry":{"type":"Polygon","coordinates":[[[-78.6701,25.1264],[-78.6567,25.1506],[-78.635,25.1663],[-78.605,25.1736],[-78.5797,25.1706],[-78.559,25.1572],[-78.5454,25.1369],[-78.539,25.1098],[-78.5443,25.0835],[-78.5614,25.058],[-78.58,25.0432],[-78.6,25.0389],[-78.6216,25.0425],[-78.6447,25.0542],[-78.6614,25.0736],[-78.6717,25.1007],[-78.6701,25.1264]],[[-78.657,25.1266],[-78.639,25.151],[-78.62,25.164],[-78.6,25.1654],[-78.5802,25.1577],[-78.5606,25.1409],[-78.5499,25.1234],[-78.5481,25.1053],[-78.5529,25.0868],[-78.5643,25.0681],[-78.58,25.056],[-78.6,25.0503],[-78.62,25.0528],[-78.64,25.0633],[-78.654,25.08],[-78.662,25.1029],[-78.657,25.1266]]]}},{"type":"Feature","properties":{"c":"#00cc00","v0":0.25,"v1":0.5},"geometry":{"type":"Polygon","coordinates":[[[-96.312,24.2419],[-96.2975,24.2419],[-96.2902,24.2363],[-96.2901,24.225],[-96.295,24.2181],[-96.305,24.2156],[-96.3123,24.2213],[-96.3169,24.2351],[-96.312,24.2419]]]}},{"type":"Feature","properties":{"c":"#00cc00","v0":0.25,"v1":0.5},"geometry":{"type":"Polygon","coordinates":[[[-96.4264,24.0097],[-96.4155,24.0197],[-96.405,24.0214],[-96.395,24.0145],[-96.3886,24.0003],[-96.3859,23.9788],[-96.3909,23.9669],[-96.4036,23.9645],[-96.4155,23.9737],[-96.4264,23.9943],[-96.4264,24.0097]]]}},{"type":"Feature","properties":{"c":"#00cc00","v0":0.25,"v1":0.5},"geometry":{"type":"Polygon","coordinates":[[[-97.0095,23.8052],[-96.9832,23.8086],[-96.9681,23.7995],[-96.9643,23.7777],[-96.9703,23.7669],[-96.986,23.7669],[-97.001,23.776],[-97.0154,23.7943],[-97.0095,23.8052]]]}},{"type":"Feature","properties":{"c":"#009900","v0":0.5,"v1":1.0},"geometry":{"type":"Polygon","coordinates":[[[-70.0553,50.232],[-69.9584,50.2927],[-69.875,50.3335],[-69.805,50.3545],[-69.767,50.3625],[-69.761,50.3575],[-69.806,50.3242],[-69.902,50.2626],[-69.98,50.2207],[-70.04,50.1987],[-70.0784,50.1879],[-70.0952,50.1885],[-70.1036,50.192],[-70.1037,50.1984],[-70.0553,50.232]]]}},{"type":"Feature","properties":{"c":"#009900","v0":0.5,"v1":1.0},"geometry":{"type":"Polygon","coordinates":[[[-72.3007,49.2415],[-72.2817,49.2611],[-72.2367,49.2844],[-72.1656,49.3115],[-72.0936,49.331],[-72.0207,49.3431],[-71.9761,49.3589],[-71.9597,49.3784],[-71.9411,49.3916],[-71.9204,49.3985],[-71.895,49.4038],[-71.865,49.4076],[-71.84,49.4046],[-71.82,49.3947],[-71.78,49.3933],[-71.72,49.4003],[-71.6784,49.3999],[-71.6553,49.3921],[-71.6581,49.3719],[-71.6869,49.3393],[-71.7384,49.3077],[-71.8128,49.2771],[-71.96,49.2515],[-72.18,49.2309],[-72.295,49.2234],[-72.3051,49.2289],[-72.3007,49.2415]]]}},{"type":"Feature","properties":{"c":"#009900","v0":0.5,"v1":1.0},"geometry":{"type":"Polygon","coordinates":[[[-72.3336,48.9374],[-72.3179,48.9516],[-72.295,48.9619],[-72.265,48.9684],[-72.22,48.9715],[-72.16,48.9713],[-72.1255,48.9675],[-72.1164,48.9603],[-72.1564,48.9462],[-72.2455,48.9253],[-72.3029,48.9187],[-72.3286,48.9265],[-72.3336,48.9374]]]}},{"type":"Feature","properties":{"c":"#009900","v0":0.5,"v1":1.0},"geometry":{"type":"Polygon","coordinates":[[[-69.846,48.9238],[-69.8198,48.9369],[-69.8064,48.9369],[-69.8059,48.9238],[-69.8117,48.9137],[-69.8239,48.9065],[-69.835,48.9021],[-69.845,48.9004],[-69.8523,48.904],[-69.8568,48.9128],[-69.846,48.9238]]]}},{"type":"Feature","properties":{"c":"#009900","v0":0.5,"v1":1.0},"geometry":{"type":"Polygon","coordinates":[[[-72.3938,48.8089],[-72.3513,48.829],[-72.3151,48.8356],[-72.2852,48.8286],[-72.2952,48.815],[-72.3451,48.7947],[-72.3813,48.7881],[-72.4038,48.7952],[-72.3938,48.8089]]]}},{"type":"Feature","properties":{"c":"#009900","v0":0.5,"v1":1.0},"geometry":{"type":"Polygon","coordinates":[[[-72.8662,48.8057],[-72.8554,48.8196],[-72.8347,48.8262],[-72.8042,48.8255],[-72.7942,48.8158],[-72.8047,48.7972],[-72.8254,48.7906],[-72.8562,48.796],[-72.8662,48.8057]]]}},{"type":"Feature","properties":{"c":"#009900","v0":0.5,"v1":1.0},"geometry":{"type":"Polygon","coordinates":[[[-70.7203,48.5175],[-70.7001,48.5362],[-70.6786,48.5428],[-70.6557,48.5373],[-70.6507,48.5261],[-70.6636,48.5092],[-70.6851,48.5026],[-70.7153,48.5062],[-70.7203,48.5175]]]}},{"type":"Feature","properties":{"c":"#009900","v0":0.5,"v1":1.0},"geometry":{"type":"Polygon","coordinates":[[[-73.4964,46.5094],[-73.4655,46.5381],[-73.43,46.5596],[-73.39,46.574],[-73.265,46.6672],[-73.055,46.839],[-72.897,46.9611],[-72.7909,47.0339],[-72.7319,47.0805],[-72.7199,47.101],[-72.7172,47.1146],[-72.7236,47.1214],[-72.7476,47.1256],[-72.7892,47.1272],[-72.8287,47.1408],[-72.866,47.1664],[-72.866,47.1866],[-72.8287,47.2013],[-72.78,47.2108],[-72.72,47.2148],[-72.68,47.227],[-72.66,47.2473],[-72.635,47.2562],[-72.605,47.2539],[-72.56,47.2633],[-72.5,47.2843],[-72.435,47.2996],[-72.365,47.3093],[-72.2637,47.3449],[-72.1312,47.4062],[-72.0772,47.4538],[-72.1019,47.4876],[-72.0935,47.5349],[-72.052,47.5956],[-72.0033,47.6394],[-71.9471,47.6664],[-71.9175,47.6866],[-71.9142,47.7],[-71.9285,47.7101],[-71.9602,47.7168],[-71.9555,47.7303],[-71.9143,47.7505],[-71.8905,47.7706],[-71.884,47.7908],[-71.8881,47.809],[-71.9027,47.8253],[-71.9299,47.8353],[-71.9698,47.8392],[-71.9448,47.8735],[-71.8549,47.938],[-71.8,47.9729],[-71.78,47.9784],[-71.755,47.977],[-71.725,47.9688],[-71.665,47.977],[-71.575,48.0017],[-71.5236,47.9942],[-71.5108,47.9548],[-71.4908,47.9296],[-71.4636,47.9187],[-71.43,47.9142],[-71.39,47.9161],[-71.3616,47.9249],[-71.3449,47.9406],[-71.341,47.9585],[-71.3501,47.9786],[-71.3812,48.002],[-71.4344,48.0288],[-71.4283,48.0567],[-71.3628,48.0858],[-71.2836,48.1092],[-71.1908,48.1269],[-71.1108,48.1629],[-71.0436,48.2172],[-70.98,48.2561],[-70.92,48.2795],[-70.8821,48.299],[-70.8663,48.3145],[-70.8841,48.3322],[-70.9354,48.3521],[-70.9533,48.37],[-70.9378,48.3859],[-70.9,48.399],[-70.84,48.4094],[-70.78,48.4026],[-70.72,48.3787],[-70.665,48.3834],[-70.615,48.4166],[-70.565,48.4392],[-70.515,48.4512],[-70.4762,48.4533],[-70.4486,48.4456],[-70.438,48.4318],[-70.4444,48.4119],[-70.4829,48.3854],[-70.5534,48.3521],[-70.584,48.3291],[-70.5747,48.3162],[-70.55,48.3096],[-70.5101,48.3091],[-70.5066,48.3023],[-70.5395,48.289],[-70.5545,48.2678],[-70.5515,48.2386],[-70.52,48.206],[-70.46,48.1697],[-70.43,48.1443],[-70.4299,48.1296],[-70.4549,48.1097],[-70.505,48.0843],[-70.555,48.0697],[-70.605,48.0656],[-70.655,48.0562],[-70.705,48.0413],[-70.805,48.0317],[-70.955,48.0272],[-71.055,48.0171],[-71.105,48.0014],[-71.1416,47.9789],[-71.1648,47.9497],[-71.2277,47.9016],[-71.3305,47.8345],[-71.3824,47.7874],[-71.3835,47.7606],[-71.3956,47.7404],[-71.4188,47.7269],[-71.4514,47.6866],[-71.4933,47.6192],[-71.5074,47.5652],[-71.4938,47.5247],[-71.518,47.4842],[-71.5801,47.4436],[-71.6256,47.403],[-71.6546,47.3624],[-71.6701,47.3184],[-71.6721,47.2709],[-71.6623,47.2442],[-71.6408,47.2383],[-71.6114,47.2383],[-71.5741,47.2442],[-71.5633,47.2369],[-71.5789,47.2166],[-71.6075,47.1936],[-71.6492,47.168],[-71.69,47.1495],[-71.73,47.1381],[-71.79,47.105],[-71.87,47.0503],[-71.935,47.0194],[-71.985,47.0122],[-72.035,46.9931],[-72.085,46.9618],[-72.145,46.9407],[-72.215,46.9298],[-72.315,46.8919],[-72.445,46.827],[-72.525,46.7986],[-72.555,46.8069],[-72.58,46.8089],[-72.6,46.8048],[-72.685,46.7622],[-72.835,46.6812],[-72.935,46.6397],[-72.985,46.6379],[-73.0216,46.6256],[-73.0447,46.6028],[-73.0997,46.5811],[-73.1866,46.5605],[-73.28,46.5184],[-73.38,46.4546],[-73.4477,46.4236],[-73.4831,46.4253],[-73.5036,46.4434],[-73.5091,46.4779],[-73.4964,46.5094]],[[-72.1512,47.2108],[-72.1371,47.2198],[-72.1213,47.2232],[-72.1039,47.221],[-72.1039,47.2147],[-72.1213,47.2042],[-72.1371,47.2008],[-72.1512,47.2045],[-72.1512,47.2108]],[[-71.7803,47.859],[-71.7468,47.8946],[-71.71,47.912],[-71.67,47.9111],[-71.675,47.8893],[-71.725,47.8468],[-71.76,47.826],[-71.78,47.827],[-71.7918,47.8309],[-71.7953,47.8378],[-71.7803,47.859]],[[-71.0582,48.0604],[-71.0527,48.07],[-71.0399,48.0734],[-71.0197,48.0704],[-71.0147,48.0611],[-71.0249,48.0455],[-71.0377,48.0422],[-71.0532,48.0511],[-71.0582,48.0604]],[[-70.8214,48.1596],[-70.8005,48.1807],[-70.77,48.1937],[-70.73,48.1983],[-70.7043,48.1978],[-70.6928,48.192],[-70.7078,48.1783],[-70.7493,48.1569],[-70.7855,48.1469],[-70.8164,48.1483],[-70.8214,48.1596]]]}},{"type":"Feature","properties":{"c":"#009900","v0":0.5,"v1":1.0},"geometry":{"type":"Polygon","coordinates":[[[-74.196,47.8067],[-74.1653,47.8451],[-74.09,47.8856],[-73.97,47.9282],[-73.87,47.9578],[-73.79,47.9746],[-73.73,47.9777],[-73.69,47.967],[-73.6698,47.9517],[-73.6695,47.9317],[-73.6795,47.9143],[-73.6998,47.8997],[-73.755,47.8915],[-73.845,47.89],[-73.905,47.876],[-73.935,47.8497],[-73.97,47.8312],[-74.01,47.8207],[-74.05,47.8003],[-74.09,47.77],[-74.125,47.7555],[-74.155,47.7568],[-74.1803,47.765],[-74.201,47.78],[-74.196,47.8067]]]}},{"type":"Feature","properties":{"c":"#009900","v0":0.5,"v1":1.0},"geometry":{"type":"Polygon","coordinates":[[[-73.4467,47.9113],[-73.4356,47.9173],[-73.4235,47.9173],[-73.4104,47.9113],[-73.4104,47.9048],[-73.4235,47.8979],[-73.4356,47.8979],[-73.4467,47.9048],[-73.4467,47.9113]]]}},{"type":"Feature","properties":{"c":"#009900","v0":0.5,"v1":1.0},"geometry":{"type":"Polygon","coordinates":[[[-73.5322,47.7951],[-73.4507,47.8372],[-73.37,47.8621],[-73.29,47.8699],[-73.2382,47.8622],[-73.2147,47.8392],[-73.2847,47.8075],[-73.4482,47.7669],[-73.5362,47.7468],[-73.5485,47.747],[-73.5592,47.7538],[-73.5683,47.7673],[-73.5322,47.7951]]]}},{"type":"Feature","properties":{"c":"#009900","v0":0.5,"v1":1.0},"geometry":{"type":"Polygon","coordinates":[[[-73.9189,47.7786],[-73.913,47.7878],[-73.9,47.7935],[-73.88,47.7958],[-73.8587,47.7913],[-73.8362,47.7798],[-73.8412,47.7692],[-73.8737,47.7596],[-73.898,47.7596],[-73.9139,47.7692],[-73.9189,47.7786]]]}},{"type":"Feature","properties":{"c":"#009900","v0":0.5,"v1":1.0},"geometry":{"type":"Polygon","coordinates":[[[-72.4139,47.599],[-72.3814,47.6259],[-72.3414,47.6478],[-72.2938,47.6646],[-72.2576,47.6713],[-72.2328,47.668],[-72.2378,47.6525],[-72.2726,47.6248],[-72.315,47.6029],[-72.365,47.5867],[-72.4,47.5803],[-72.4201,47.5838],[-72.4139,47.599]]]}},{"type":"Feature","properties":{"c":"#009900","v0":0.5,"v1":1.0},"geometry":{"type":"Polygon","coordinates":[[[-76.2503,46.4888],[-76.2234,46.5039],[-76.1603,46.5073],[-76.0608,46.4992],[-76.0558,46.4841],[-76.1453,46.4622],[-76.205,46.4529],[-76.235,46.4562],[-76.2534,46.4638],[-76.2603,46.4755],[-76.2503,46.4888]]]}},{"type":"Feature","properties":{"c":"#009900","v0":0.5,"v1":1.0},"geometry":{"type":"Polygon","coordinates":[[[-74.262,45.4772],[-74.2273,45.4985],[-74.195,45.5096],[-74.165,45.5106],[-74.1468,45.5069],[-74.1405,45.4987],[-74.1555,45.4843],[-74.1918,45.4637],[-74.2273,45.4567],[-74.262,45.4633],[-74.262,45.4772]]]}},{"type":"Feature","properties":{"c":"#009900","v0":0.5,"v1":1.0},"geometry":{"type":"Polygon","coordinates":[[[-74.431,45.4608],[-74.417,45.4772],[-74.3968,45.4843],[-74.3705,45.4818],[-74.3605,45.4742],[-74.3668,45.4614],[-74.387,45.4544],[-74.421,45.4532],[-74.431,45.4608]]]}},{"type":"Feature","properties":{"c":"#009900","v0":0.5,"v1":1.0},"geometry":{"type":"Polygon","coordinates":[[[-75.5096,45.0403],[-75.3365,45.1173],[-75.1955,45.1702],[-75.0864,45.1991],[-75.0014,45.23],[-74.9405,45.2629],[-74.865,45.2884],[-74.775,45.3065],[-74.7,45.3121],[-74.64,45.3053],[-74.59,45.3103],[-74.55,45.327],[-74.5117,45.3331],[-74.4752,45.3284],[-74.4678,45.3191],[-74.4896,45.305],[-74.5429,45.2872],[-74.6276,45.2656],[-74.715,45.2299],[-74.805,45.1799],[-74.8731,45.1378],[-74.9192,45.1036],[-74.9398,45.0689],[-74.935,45.0336],[-74.9519,45.0168],[-74.9906,45.0187],[-75.033,45.0363],[-75.0789,45.0698],[-75.1189,45.0895],[-75.153,45.0953],[-75.235,45.0789],[-75.365,45.0402],[-75.4715,45.0161],[-75.5546,45.0065],[-75.5096,45.0403]]]}},{"type":"Feature","properties":{"c":"#009900","v0":0.5,"v1":1.0},"geometry":{"type":"Polygon","coordinates":[[[-75.5736,44.91],[-75.5579,44.9246],[-75.5392,44.9317],[-75.5176,44.9312],[-75.5126,44.9231],[-75.5242,44.9074],[-75.5429,44.9003],[-75.5686,44.9019],[-75.5736,44.91]]]}},{"type":"Feature","properties":{"c":"#009900","v0":0.5,"v1":1.0},"geometry":{"type":"Polygon","coordinates":[[[-75.1226,44.8981],[-75.0875,44.9174],[-75.0521,44.9245],[-75.0162,44.9194],[-74.9977,44.9133],[-74.9966,44.9062],[-75.0096,44.8968],[-75.0365,44.885],[-75.065,44.8777],[-75.095,44.875],[-75.1175,44.8774],[-75.1326,44.8848],[-75.1226,44.8981]]]}},{"type":"Feature","properties":{"c":"#009900","v0":0.5,"v1":1.0},"geometry":{"type":"Polygon","coordinates":[[[-74.9983,44.8602],[-74.9786,44.8885],[-74.9591,44.9066],[-74.9397,44.9145],[-74.895,44.9124],[-74.825,44.9003],[-74.75,44.8996],[-74.67,44.9101],[-74.6082,44.9087],[-74.5646,44.8952],[-74.5646,44.8766],[-74.6082,44.8527],[-74.695,44.834],[-74.825,44.8206],[-74.91,44.8159],[-74.95,44.8197],[-74.9795,44.8277],[-74.9986,44.8399],[-74.9983,44.8602]]]}},{"type":"Feature","properties":{"c":"#009900","v0":0.5,"v1":1.0},"geometry":{"type":"Polygon","coordinates":[[[-75.5117,44.8414],[-75.4706,44.8606],[-75.4,44.8711],[-75.3,44.8729],[-75.2432,44.8703],[-75.2295,44.8636],[-75.235,44.8531],[-75.2596,44.8389],[-75.3164,44.8241],[-75.4055,44.8089],[-75.465,44.8019],[-75.495,44.8033],[-75.5156,44.8109],[-75.5267,44.8248],[-75.5117,44.8414]]]}},{"type":"Feature","properties":{"c":"#009900","v0":0.5,"v1":1.0},"geometry":{"type":"Polygon","coordinates":[[[-75.4393,44.6608],[-75.3931,44.6883],[-75.3459,44.6989],[-75.2976,44.6928],[-75.2926,44.6768],[-75.3309,44.6508],[-75.37,44.6361],[-75.41,44.6327],[-75.4381,44.6351],[-75.4543,44.6431],[-75.4393,44.6608]]]}},{"type":"Feature","properties":{"c":"#009900","v0":0.5,"v1":1.0},"geometry":{"type":"Polygon","coordinates":[[[-96.8847,44.5901],[-96.8824,44.6186],[-96.8734,44.6387],[-96.8578,44.6505],[-96.8187,44.6576],[-96.756,44.6601],[-96.6988,44.6293],[-96.6469,44.5652],[-96.5969,44.5189],[-96.5488,44.4904],[-96.5233,44.4582],[-96.5206,44.4225],[-96.4979,44.4011],[-96.4553,44.394],[-96.4275,44.3725],[-96.4146,44.3368],[-96.3927,44.3046],[-96.3618,44.2759],[-96.3523,44.2515],[-96.3641,44.2314],[-96.3893,44.2099],[-96.4278,44.187],[-96.4434,44.1684],[-96.4362,44.1541],[-96.4369,44.1426],[-96.4456,44.1341],[-96.485,44.1504],[-96.555,44.1914],[-96.61,44.2163],[-96.65,44.2251],[-96.68,44.2233],[-96.7,44.2108],[-96.715,44.206],[-96.725,44.2086],[-96.7284,44.2265],[-96.7253,44.2594],[-96.7413,44.2867],[-96.7765,44.3081],[-96.7918,44.3582],[-96.787,44.4368],[-96.791,44.4823],[-96.8037,44.4948],[-96.8263,44.5055],[-96.8588,44.5144],[-96.8778,44.5331],[-96.8831,44.5617],[-96.8847,44.5901]]]}},{"type":"Feature","properties":{"c":"#009900","v0":0.5,"v1":1.0},"geometry":{"type":"Polygon","coordinates":[[[-98.3672,44.4292],[-98.3557,44.4497],[-98.34,44.461],[-98.32,44.4633],[-98.265,44.4369],[-98.175,44.3818],[-98.095,44.356],[-98.025,44.3594],[-97.97,44.3522],[-97.93,44.3345],[-97.82,44.337],[-97.64,44.3598],[-97.535,44.3678],[-97.505,44.361],[-97.4813,44.3479],[-97.464,44.3286],[-97.454,44.3012],[-97.4513,44.2659],[-97.4314,44.2372],[-97.3942,44.2153],[-97.3592,44.1757],[-97.3264,44.1186],[-97.2856,44.0755],[-97.2367,44.0465],[-97.2367,44.0296],[-97.2856,44.025],[-97.3308,44.0106],[-97.3723,43.9865],[-97.3479,43.9492],[-97.2575,43.8988],[-97.186,43.8375],[-97.1334,43.7653],[-97.0896,43.7148],[-97.0545,43.6858],[-97.0002,43.6489],[-96.9267,43.604],[-96.855,43.5714],[-96.785,43.551],[-96.7208,43.5264],[-96.6624,43.4975],[-96.5359,43.483],[-96.3412,43.483],[-96.2449,43.4757],[-96.2468,43.4612],[-96.2617,43.4467],[-96.2896,43.4322],[-96.3451,43.4203],[-96.4284,43.411],[-96.4776,43.4001],[-96.4927,43.3876],[-96.4977,43.3747],[-96.4926,43.3613],[-96.47,43.3521],[-96.43,43.3469],[-96.3906,43.3354],[-96.3519,43.3175],[-96.3193,43.2831],[-96.2928,43.2321],[-96.3021,43.2047],[-96.3474,43.2009],[-96.4132,43.2119],[-96.4997,43.2375],[-96.5697,43.2769],[-96.6232,43.3299],[-96.67,43.3615],[-96.71,43.3716],[-96.745,43.3886],[-96.775,43.4123],[-96.805,43.4239],[-96.835,43.4234],[-96.9398,43.478],[-97.1195,43.5877],[-97.2795,43.6925],[-97.4198,43.7926],[-97.513,43.8719],[-97.5591,43.9307],[-97.619,43.9708],[-97.6926,43.9924],[-97.7496,44.0356],[-97.7899,44.1004],[-97.8396,44.1543],[-97.8987,44.1972],[-97.9287,44.2451],[-97.9296,44.298],[-97.94,44.319],[-97.96,44.3083],[-97.975,44.2907],[-97.985,44.2664],[-98.0,44.2523],[-98.02,44.2485],[-98.0529,44.2539],[-98.0986,44.2686],[-98.1336,44.2873],[-98.1579,44.31],[-98.19,44.3266],[-98.23,44.337],[-98.2807,44.3614],[-98.3422,44.3998],[-98.3672,44.4292]],[[-97.7929,44.2365],[-97.7675,44.2724],[-97.7236,44.2921],[-97.6612,44.2957],[-97.605,44.2725],[-97.555,44.2223],[-97.5134,44.1918],[-97.4802,44.181],[-97.4616,44.1684],[-97.4577,44.1541],[-97.4755,44.1397],[-97.515,44.1254],[-97.5486,44.1067],[-97.5762,44.0838],[-97.6,44.0715],[-97.62,44.0698],[-97.655,44.0825],[-97.705,44.1096],[-97.7489,44.1471],[-97.7866,44.1948],[-97.7929,44.2365]],[[-96.8163,43.512],[-96.7827,43.512],[-96.729,43.4939],[-96.6551,43.4576],[-96.6137,43.4322],[-96.6047,43.4177],[-96.6277,43.4136],[-96.6826,43.42],[-96.7408,43.4454],[-96.8023,43.4898],[-96.8163,43.512]],[[-97.5552,44.0187],[-97.5251,44.0209],[-97.4865,44.0029],[-97.4394,43.9647],[-97.3791,43.9276],[-97.3057,43.8916],[-97.2446,43.8375],[-97.1957,43.7653],[-97.1216,43.6967],[-97.0222,43.6316],[-96.9671,43.5881],[-96.9565,43.5664],[-96.9659,43.5546],[-96.9953,43.5528],[-97.0571,43.5782],[-97.1514,43.6307],[-97.2692,43.7184],[-97.4106,43.8411],[-97.5035,43.9312],[-97.548,43.9888],[-97.5552,44.0187]]]}},{"type":"Feature","properties":{"c":"#009900","v0":0.5,"v1":1.0},"geometry":{"type":"Polygon","coordinates":[[[-75.5297,44.4333],[-75.5069,44.4333],[-75.5041,44.4296],[-75.5214,44.4222],[-75.5328,44.4222],[-75.5384,44.4296],[-75.5297,44.4333]]]}},{"type":"Feature","properties":{"c":"#009900","v0":0.5,"v1":1.0},"geometry":{"type":"Polygon","coordinates":[[[-75.9335,44.3856],[-75.8512,44.4045],[-75.7808,44.4117],[-75.7225,44.407],[-75.7104,44.394],[-75.7444,44.3725],[-75.7786,44.3576],[-75.8129,44.3491],[-75.86,44.3481],[-75.92,44.3545],[-75.9562,44.3623],[-75.9685,44.3715],[-75.9335,44.3856]]]}},{"type":"Feature","properties":{"c":"#009900","v0":0.5,"v1":1.0},"geometry":{"type":"Polygon","coordinates":[[[-76.1509,44.3405],[-76.137,44.3551],[-76.1156,44.3587],[-76.0868,44.3512],[-76.0938,44.3439],[-76.1365,44.3368],[-76.1509,44.3405]]]}},{"type":"Feature","properties":{"c":"#009900","v0":0.5,"v1":1.0},"geometry":{"type":"Polygon","coordinates":[[[-97.3279,44.295],[-97.3026,44.3044],[-97.245,44.3051],[-97.155,44.2972],[-97.095,44.2987],[-97.065,44.3096],[-97.035,44.3137],[-97.005,44.3108],[-96.9849,44.301],[-96.9747,44.2843],[-96.9831,44.2616],[-97.0101,44.233],[-97.0177,44.2043],[-97.0061,44.1756],[-97.0327,44.1668],[-97.0976,44.178],[-97.1439,44.1959],[-97.1718,44.2206],[-97.2245,44.2473],[-97.3018,44.2759],[-97.3279,44.295]]]}},{"type":"Feature","properties":{"c":"#009900","v0":0.5,"v1":1.0},"geometry":{"type":"Polygon","coordinates":[[[-76.1165,44.1269],[-76.0855,44.1444],[-76.0306,44.1516],[-75.9519,44.1485],[-75.9131,44.1433],[-75.9142,44.1361],[-75.9535,44.1245],[-76.0312,44.1085],[-76.08,44.0996],[-76.1,44.0978],[-76.1155,44.1023],[-76.1265,44.1129],[-76.1165,44.1269]]]}},{"type":"Feature","properties":{"c":"#009900","v0":0.5,"v1":1.0},"geometry":{"type":"Polygon","coordinates":[[[-96.4167,43.6476],[-96.4122,43.6579],[-96.4,43.6648],[-96.38,43.6684],[-96.35,43.656],[-96.3099,43.6277],[-96.2949,43.6084],[-96.305,43.5982],[-96.335,43.5898],[-96.385,43.5832],[-96.4122,43.5955],[-96.4167,43.6268],[-96.4167,43.6476]]]}},{"type":"Feature","properties":{"c":"#009900","v0":0.5,"v1":1.0},"geometry":{"type":"Polygon","coordinates":[[[-96.6107,43.5744],[-96.5969,43.5833],[-96.5609,43.5797],[-96.5026,43.5636],[-96.4876,43.5472],[-96.5159,43.5306],[-96.5519,43.5343],[-96.5957,43.5581],[-96.6107,43.5744]]]}},{"type":"Feature","properties":{"c":"#009900","v0":0.5,"v1":1.0},"geometry":{"type":"Polygon","coordinates":[[[-96.1165,43.3134],[-96.0988,43.3231],[-96.0806,43.3231],[-96.0617,43.3134],[-96.0617,43.301],[-96.0806,43.2857],[-96.0988,43.2857],[-96.1165,43.301],[-96.1165,43.3134]]]}},{"type":"Feature","properties":{"c":"#009900","v0":0.5,"v1":1.0},"geometry":{"type":"Polygon","coordinates":[[[-95.9963,43.1537],[-95.9921,43.1644],[-95.98,43.1706],[-95.96,43.1722],[-95.9399,43.1559],[-95.9198,43.1216],[-95.9248,43.1052],[-95.9549,43.1065],[-95.9771,43.1174],[-95.9913,43.138],[-95.9963,43.1537]]]}},{"type":"Feature","properties":{"c":"#009900","v0":0.5,"v1":1.0},"geometry":{"type":"Polygon","coordinates":[[[-99.6376,42.9282],[-99.4459,42.8972],[-99.2408,42.8276],[-99.0224,42.7191],[-98.9024,42.6282],[-98.8808,42.5549],[-98.8198,42.4701],[-98.7195,42.3738],[-98.6525,42.2997],[-98.619,42.2479],[-98.5841,42.1744],[-98.548,42.0792],[-98.48,42.0095],[-98.38,41.9654],[-98.315,41.9165],[-98.2851,41.8627],[-98.2451,41.8276],[-98.195,41.8113],[-98.1488,41.7815],[-98.1063,41.7381],[-98.0313,41.6956],[-97.9238,41.654],[-97.8412,41.6166],[-97.7836,41.5835],[-97.7286,41.5602],[-97.6762,41.5469],[-97.6266,41.5281],[-97.5799,41.5041],[-97.4699,41.4719],[-97.2966,41.4316],[-97.139,41.3491],[-96.997,41.2242],[-96.8896,41.1466],[-96.8166,41.1164],[-96.7854,41.0938],[-96.7958,41.0787],[-96.8346,41.0524],[-96.9017,41.0146],[-96.936,40.9656],[-96.9375,40.9051],[-96.9522,40.856],[-96.9802,40.8181],[-97.0431,40.7753],[-97.141,40.7276],[-97.235,40.7042],[-97.325,40.7052],[-97.42,40.7167],[-97.52,40.7389],[-97.5842,40.7471],[-97.6127,40.7415],[-97.6326,40.731],[-97.644,40.7159],[-97.6447,40.7057],[-97.6349,40.7005],[-97.5708,40.6778],[-97.4525,40.6374],[-97.3925,40.6062],[-97.3908,40.5841],[-97.405,40.5694],[-97.435,40.562],[-97.495,40.5666],[-97.585,40.5832],[-97.65,40.6083],[-97.69,40.642],[-97.74,40.6695],[-97.8,40.6907],[-97.855,40.6959],[-97.905,40.6851],[-97.9243,40.6603],[-97.9129,40.6215],[-97.9129,40.5993],[-97.9243,40.5938],[-97.96,40.5962],[-98.02,40.6067],[-98.07,40.6086],[-98.11,40.602],[-98.14,40.6116],[-98.16,40.6375],[-98.195,40.6352],[-98.245,40.6048],[-98.285,40.6011],[-98.315,40.624],[-98.355,40.6451],[-98.405,40.6644],[-98.4464,40.6902],[-98.4792,40.7225],[-98.5238,40.7538],[-98.58,40.7841],[-98.6106,40.803],[-98.6154,40.8106],[-98.6109,40.819],[-98.597,40.8282],[-98.5357,40.8395],[-98.4271,40.853],[-98.3597,40.8787],[-98.3334,40.9165],[-98.32,40.9505],[-98.3195,40.9807],[-98.347,41.009],[-98.4023,41.0353],[-98.4395,41.0617],[-98.4585,41.0881],[-98.4635,41.1118],[-98.4545,41.1328],[-98.4355,41.1516],[-98.4066,41.1683],[-98.4666,41.2073],[-98.6155,41.2686],[-98.7189,41.3174],[-98.7767,41.3539],[-98.8407,41.4021],[-98.9109,41.4621],[-98.952,41.5113],[-98.964,41.5497],[-98.9851,41.5797],[-99.0152,41.6011],[-99.0323,41.6268],[-99.0362,41.6567],[-99.0994,41.7089],[-99.2217,41.7836],[-99.2804,41.8283],[-99.2754,41.8432],[-99.2578,41.8581],[-99.2275,41.873],[-99.2141,41.9028],[-99.2175,41.9474],[-99.2709,42.018],[-99.3744,42.1145],[-99.4071,42.1745],[-99.369,42.198],[-99.325,42.2083],[-99.275,42.2052],[-99.255,42.2112],[-99.265,42.2261],[-99.2868,42.2381],[-99.3205,42.2471],[-99.3257,42.2701],[-99.3024,42.3071],[-99.3452,42.3589],[-99.4542,42.4254],[-99.5102,42.466],[-99.5133,42.4807],[-99.4989,42.5065],[-99.467,42.5434],[-99.4525,42.5802],[-99.4554,42.617],[-99.4753,42.6575],[-99.5122,42.7016],[-99.5618,42.7383],[-99.6243,42.7677],[-99.6654,42.8007],[-99.6851,42.8374],[-99.6873,42.8631],[-99.672,42.8777],[-99.6817,42.8997],[-99.7162,42.929],[-99.6376,42.9282]],[[-99.5015,42.7836],[-99.4805,42.8154],[-99.4594,42.8337],[-99.4382,42.8386],[-99.331,42.7971],[-99.1378,42.7089],[-99.0248,42.6501],[-98.9921,42.6207],[-98.9617,42.5765],[-98.9337,42.5176],[-98.8823,42.459],[-98.8074,42.4009],[-98.7578,42.3492],[-98.7333,42.3039],[-98.7052,42.2664],[-98.6735,42.2368],[-98.6499,42.1887],[-98.6344,42.122],[-98.6124,42.0632],[-98.5841,42.0123],[-98.5485,41.9788],[-98.5054,41.9628],[-98.4687,41.9362],[-98.4384,41.899],[-98.3596,41.8395],[-98.2325,41.7575],[-98.0743,41.6721],[-97.8848,41.5833],[-97.735,41.5199],[-97.625,41.4818],[-97.485,41.4419],[-97.315,41.4003],[-97.16,41.3104],[-97.02,41.1721],[-96.9386,41.0987],[-96.9159,41.0904],[-96.9059,41.0806],[-96.9086,41.0693],[-96.95,41.0632],[-97.03,41.0625],[-97.0623,41.0418],[-97.047,41.001],[-97.047,40.9736],[-97.0623,40.9593],[-97.08,40.9519],[-97.1,40.9514],[-97.14,40.9633],[-97.2,40.9878],[-97.265,41.0042],[-97.335,41.0125],[-97.39,41.0252],[-97.43,41.0422],[-97.48,41.0497],[-97.54,41.0476],[-97.6,41.0541],[-97.66,41.0692],[-97.735,41.1037],[-97.825,41.1575],[-97.89,41.1862],[-97.93,41.1897],[-97.975,41.2011],[-98.025,41.2205],[-98.085,41.2593],[-98.155,41.3175],[-98.24,41.371],[-98.34,41.4198],[-98.44,41.4478],[-98.54,41.4552],[-98.625,41.4537],[-98.695,41.4431],[-98.7433,41.4402],[-98.7699,41.4448],[-98.7885,41.4508],[-98.799,41.4583],[-98.8023,41.4696],[-98.7985,41.4846],[-98.805,41.4924],[-98.8217,41.4929],[-98.8376,41.5079],[-98.8527,41.5373],[-98.8775,41.5669],[-98.912,41.5969],[-98.9316,41.623],[-98.9362,41.6454],[-98.9264,41.664],[-98.9021,41.6788],[-98.84,41.6833],[-98.74,41.6774],[-98.6876,41.6813],[-98.6828,41.6947],[-98.689,41.7089],[-98.7061,41.7239],[-98.7384,41.7322],[-98.7861,41.7341],[-98.8494,41.7527],[-98.9283,41.7882],[-99.0096,41.8395],[-99.0934,41.9065],[-99.1685,41.9809],[-99.2348,42.0626],[-99.2334,42.1228],[-99.1645,42.1615],[-99.075,42.1796],[-98.965,42.1771],[-98.911,42.1874],[-98.9129,42.2105],[-98.9072,42.2331],[-98.8938,42.2553],[-98.9666,42.2923],[-99.1255,42.3441],[-99.2129,42.3884],[-99.2288,42.4254],[-99.2526,42.4549],[-99.2844,42.477],[-99.3169,42.5102],[-99.3503,42.5544],[-99.3558,42.5839],[-99.3337,42.5986],[-99.323,42.6133],[-99.3236,42.628],[-99.371,42.6685],[-99.465,42.7346],[-99.5015,42.7836]],[[-99.4101,42.4901],[-99.3967,42.4942],[-99.385,42.4899],[-99.375,42.4772],[-99.3757,42.4678],[-99.3871,42.4616],[-99.3988,42.466],[-99.4108,42.4807],[-99.4101,42.4901]],[[-98.1226,41.0428],[-98.0875,41.0463],[-98.06,41.0373],[-98.04,41.0159],[-98.015,41.0057],[-97.985,41.0065],[-97.9605,41.0004],[-97.9414,40.9872],[-97.9714,40.9802],[-98.0505,40.9793],[-98.1025,40.9944],[-98.1276,41.0255],[-98.1226,41.0428]],[[-97.6399,40.9101],[-97.6066,40.9503],[-97.56,40.9735],[-97.5,40.9797],[-97.4433,40.9747],[-97.3899,40.9585],[-97.3511,40.9278],[-97.327,40.8824],[-97.3237,40.8539],[-97.3412,40.8422],[-97.42,40.845],[-97.56,40.8623],[-97.6366,40.8757],[-97.6499,40.8852],[-97.6399,40.9101]],[[-98.3891,40.7954],[-98.3409,40.8181],[-98.3052,40.8449],[-98.2817,40.8758],[-98.26,40.8932],[-98.24,40.8972],[-98.17,40.9023],[-98.05,40.9085],[-97.9716,40.9062],[-97.9347,40.8954],[-97.9097,40.8779],[-97.8966,40.8537],[-97.845,40.8478],[-97.755,40.8602],[-97.7014,40.8609],[-97.6841,40.8501],[-97.6764,40.8333],[-97.6784,40.8106],[-97.7019,40.7916],[-97.7469,40.7765],[-97.8546,40.7731],[-98.0249,40.7813],[-98.1275,40.77],[-98.1624,40.739],[-98.2024,40.7191],[-98.2475,40.7105],[-98.3,40.7131],[-98.36,40.727],[-98.3958,40.7465],[-98.4074,40.7716],[-98.3891,40.7954]]]}},{"type":"Feature","properties":{"c":"#009900","v0":0.5,"v1":1.0},"geometry":{"type":"Polygon","coordinates":[[[-98.8967,42.7971],[-98.8438,42.7971],[-98.8006,42.7824],[-98.7671,42.753],[-98.7553,42.7348],[-98.7651,42.7277],[-98.78,42.7268],[-98.8,42.7319],[-98.8383,42.7501],[-98.8949,42.7814],[-98.8967,42.7971]]]}},{"type":"Feature","properties":{"c":"#009900","v0":0.5,"v1":1.0},"geometry":{"type":"Polygon","coordinates":[[[-99.1543,42.0737],[-99.1402,42.0737],[-99.1323,42.067],[-99.1308,42.0536],[-99.1378,42.0536],[-99.1535,42.067],[-99.1543,42.0737]]]}},{"type":"Feature","properties":{"c":"#009900","v0":0.5,"v1":1.0},"geometry":{"type":"Polygon","coordinates":[[[-80.7171,42.0413],[-80.6724,42.0655],[-80.6185,42.073],[-80.5556,42.0636],[-80.4982,42.0366],[-80.4464,41.992],[-80.3817,41.9586],[-80.3042,41.9362],[-80.2297,41.9065],[-80.1583,41.8693],[-80.1188,41.8432],[-80.1113,41.8283],[-80.1731,41.8342],[-80.3044,41.861],[-80.42,41.897],[-80.52,41.9424],[-80.6048,41.97],[-80.6743,41.9797],[-80.7166,41.9957],[-80.7318,42.018],[-80.7171,42.0413]]]}},{"type":"Feature","properties":{"c":"#009900","v0":0.5,"v1":1.0},"geometry":{"type":"Polygon","coordinates":[[[-97.9557,41.3009],[-97.9519,41.3087],[-97.9376,41.3125],[-97.9127,41.3122],[-97.8756,41.297],[-97.8262,41.2669],[-97.8011,41.2444],[-97.8004,41.2293],[-97.8126,41.222],[-97.8375,41.2223],[-97.8718,41.2336],[-97.9155,41.2558],[-97.9424,41.2745],[-97.9525,41.2895],[-97.9557,41.3009]]]}},{"type":"Feature","properties":{"c":"#009900","v0":0.5,"v1":1.0},"geometry":{"type":"Polygon","coordinates":[[[-97.4704,41.2872],[-97.4568,41.2976],[-97.425,41.3017],[-97.375,41.2994],[-97.2929,41.2454],[-97.1787,41.1394],[-97.1537,41.0888],[-97.2179,41.0938],[-97.2809,41.1089],[-97.3426,41.134],[-97.3916,41.1616],[-97.4278,41.1917],[-97.4537,41.2256],[-97.4694,41.2632],[-97.4704,41.2872]]]}},{"type":"Feature","properties":{"c":"#009900","v0":0.5,"v1":1.0},"geometry":{"type":"Polygon","coordinates":[[[-87.4967,41.153],[-87.4789,41.166],[-87.4523,41.1698],[-87.4168,41.1643],[-87.4118,41.1543],[-87.4373,41.1397],[-87.4639,41.136],[-87.4917,41.143],[-87.4967,41.153]]]}},{"type":"Feature","properties":{"c":"#009900","v0":0.5,"v1":1.0},"geometry":{"type":"Polygon","coordinates":[[[-93.2824,40.9008],[-93.1675,40.9224],[-93.088,40.93],[-93.0441,40.9235],[-93.0391,40.9149],[-93.073,40.9041],[-93.1525,40.8965],[-93.2774,40.8922],[-93.2824,40.9008]]]}},{"type":"Feature","properties":{"c":"#009900","v0":0.5,"v1":1.0},"geometry":{"type":"Polygon","coordinates":[[[-95.7531,40.6155],[-95.7377,40.6423],[-95.72,40.6595],[-95.7,40.6672],[-95.675,40.6538],[-95.6451,40.6193],[-95.6351,40.5962],[-95.645,40.5845],[-95.665,40.5755],[-95.695,40.5691],[-95.72,40.5681],[-95.74,40.5723],[-95.7527,40.5813],[-95.7581,40.5952],[-95.7531,40.6155]]]}},{"type":"Feature","properties":{"c":"#009900","v0":0.5,"v1":1.0},"geometry":{"type":"Polygon","coordinates":[[[-86.7218,40.517],[-86.6739,40.5293],[-86.595,40.5284],[-86.485,40.5146],[-86.385,40.51],[-86.295,40.5147],[-86.235,40.514],[-86.205,40.5078],[-86.1844,40.4987],[-86.1732,40.4866],[-86.1832,40.473],[-86.2144,40.458],[-86.31,40.4362],[-86.47,40.4077],[-86.583,40.4076],[-86.6489,40.4359],[-86.6978,40.4653],[-86.7297,40.4957],[-86.7218,40.517]],[[-86.679,40.5007],[-86.6597,40.5106],[-86.635,40.5151],[-86.605,40.5143],[-86.557,40.5018],[-86.491,40.4774],[-86.471,40.459],[-86.497,40.4464],[-86.535,40.4418],[-86.585,40.445],[-86.6242,40.4513],[-86.6526,40.4606],[-86.6723,40.4729],[-86.6832,40.4881],[-86.679,40.5007]]]}},{"type":"Feature","properties":{"c":"#009900","v0":0.5,"v1":1.0},"geometry":{"type":"Polygon","coordinates":[[[-98.1378,40.4957],[-98.1123,40.4957],[-98.1072,40.4915],[-98.1224,40.483],[-98.1351,40.483],[-98.1454,40.4915],[-98.1378,40.4957]]]}},{"type":"Feature","properties":{"c":"#009900","v0":0.5,"v1":1.0},"geometry":{"type":"Polygon","coordinates":[[[-88.7274,40.4805],[-88.7018,40.4805],[-88.6817,40.4729],[-88.6671,40.4577],[-88.6799,40.4577],[-88.7201,40.4729],[-88.7274,40.4805]]]}},{"type":"Feature","properties":{"c":"#009900","v0":0.5,"v1":1.0},"geometry":{"type":"Polygon","coordinates":[[[-86.9744,40.3618],[-86.9581,40.368],[-86.9427,40.368],[-86.9282,40.3618],[-86.9364,40.3587],[-86.9672,40.3587],[-86.9744,40.3618]]]}},{"type":"Feature","properties":{"c":"#009900","v0":0.5,"v1":1.0},"geometry":{"type":"Polygon","coordinates":[[[-86.7511,40.2783],[-86.737,40.3006],[-86.715,40.3138],[-86.685,40.3178],[-86.635,40.3165],[-86.565,40.3098],[-86.5188,40.2966],[-86.4963,40.277],[-86.5113,40.2604],[-86.5638,40.2469],[-86.632,40.2469],[-86.7161,40.2604],[-86.7511,40.2783]]]}},{"type":"Feature","properties":{"c":"#009900","v0":0.5,"v1":1.0},"geometry":{"type":"Polygon","coordinates":[[[-84.0134,40.1793],[-84.0092,40.187],[-83.994,40.1908],[-83.9679,40.1908],[-83.9586,40.1858],[-83.9662,40.1758],[-83.9814,40.1719],[-84.0041,40.1743],[-84.0134,40.1793]]]}},{"type":"Feature","properties":{"c":"#009900","v0":0.5,"v1":1.0},"geometry":{"type":"Polygon","coordinates":[[[-85.8838,40.1668],[-85.8613,40.1801],[-85.8447,40.1839],[-85.8342,40.1783],[-85.8342,40.1712],[-85.8447,40.1626],[-85.8613,40.1588],[-85.8838,40.1597],[-85.8838,40.1668]]]}},{"type":"Feature","properties":{"c":"#009900","v0":0.5,"v1":1.0},"geometry":{"type":"Polygon","coordinates":[[[-91.5878,37.7723],[-91.3626,37.8172],[-91.19,37.8383],[-91.07,37.8355],[-90.985,37.8438],[-90.935,37.8632],[-90.879,37.8737],[-90.817,37.8753],[-90.692,37.8628],[-90.504,37.8359],[-90.336,37.7924],[-90.1879,37.7324],[-90.1081,37.6944],[-90.0966,37.6786],[-90.0953,37.6588],[-90.1044,37.635],[-90.0861,37.5875],[-90.0406,37.5161],[-89.9947,37.4645],[-89.9484,37.4328],[-89.9229,37.409],[-89.9184,37.3931],[-89.9346,37.375],[-89.9715,37.3546],[-90.015,37.3437],[-90.065,37.3423],[-90.13,37.3529],[-90.21,37.3755],[-90.335,37.3922],[-90.505,37.403],[-90.6495,37.4184],[-90.7684,37.4386],[-90.9534,37.4834],[-91.2045,37.5528],[-91.35,37.6005],[-91.39,37.6266],[-91.465,37.6498],[-91.575,37.6702],[-91.6476,37.6977],[-91.6828,37.7324],[-91.5878,37.7723]],[[-91.0084,37.663],[-90.9428,37.6794],[-90.86,37.6848],[-90.76,37.6793],[-90.69,37.687],[-90.65,37.7079],[-90.59,37.7217],[-90.51,37.7285],[-90.4384,37.7205],[-90.3753,37.6978],[-90.341,37.6786],[-90.3356,37.6627],[-90.3456,37.6429],[-90.371,37.6192],[-90.3502,37.5936],[-90.2834,37.5663],[-90.2459,37.5385],[-90.2376,37.5104],[-90.2391,37.4884],[-90.2503,37.4725],[-90.2844,37.459],[-90.3415,37.4478],[-90.425,37.4441],[-90.535,37.4478],[-90.625,37.4561],[-90.695,37.469],[-90.795,37.4994],[-90.925,37.5473],[-91.0028,37.5921],[-91.0284,37.6339],[-91.0084,37.663]]]}},{"type":"Feature","properties":{"c":"#009900","v0":0.5,"v1":1.0},"geometry":{"type":"Polygon","coordinates":[[[-89.1764,37.4505],[-89.1588,37.4859],[-89.115,37.52],[-89.045,37.5529],[-88.9978,37.563],[-88.9733,37.5502],[-88.9454,37.5122],[-88.9141,37.4487],[-88.9047,37.409],[-88.9174,37.3931],[-88.9503,37.374],[-89.0034,37.3517],[-89.05,37.3449],[-89.09,37.3535],[-89.1288,37.3765],[-89.1664,37.414],[-89.1764,37.4505]]]}},{"type":"Feature","properties":{"c":"#009900","v0":0.5,"v1":1.0},"geometry":{"type":"Polygon","coordinates":[[[-88.8202,37.4408],[-88.7867,37.4568],[-88.7577,37.4608],[-88.733,37.4527],[-88.7152,37.4407],[-88.7044,37.4248],[-88.7167,37.4115],[-88.7522,37.4008],[-88.7867,37.4047],[-88.8202,37.4234],[-88.8202,37.4408]]]}},{"type":"Feature","properties":{"c":"#009900","v0":0.5,"v1":1.0},"geometry":{"type":"Polygon","coordinates":[[[-88.4385,37.3594],[-88.4195,37.3715],[-88.385,37.3667],[-88.335,37.3449],[-88.285,37.34],[-88.235,37.3519],[-88.1887,37.3448],[-88.1461,37.3187],[-88.1411,37.2969],[-88.1737,37.2794],[-88.205,37.2726],[-88.235,37.2764],[-88.27,37.2711],[-88.31,37.2568],[-88.345,37.2338],[-88.375,37.202],[-88.3989,37.1961],[-88.4167,37.2161],[-88.421,37.242],[-88.4118,37.2738],[-88.4174,37.3056],[-88.4378,37.3374],[-88.4385,37.3594]]]}},{"type":"Feature","properties":{"c":"#009900","v0":0.5,"v1":1.0},"geometry":{"type":"Polygon","coordinates":[[[-90.2121,37.245],[-90.1707,37.283],[-90.115,37.3023],[-90.045,37.3029],[-89.985,37.2991],[-89.935,37.2908],[-89.83,37.2574],[-89.67,37.1988],[-89.525,37.1726],[-89.395,37.1789],[-89.29,37.179],[-89.21,37.173],[-89.1577,37.1561],[-89.1331,37.1284],[-89.1338,37.1025],[-89.1599,37.0786],[-89.1672,37.0607],[-89.1557,37.049],[-89.13,37.0404],[-89.09,37.035],[-89.035,37.0395],[-88.965,37.0539],[-88.91,37.0553],[-88.87,37.0436],[-88.83,37.043],[-88.79,37.0535],[-88.735,37.0489],[-88.665,37.0292],[-88.6,37.0046],[-88.54,36.9752],[-88.465,36.9531],[-88.375,36.9384],[-88.3023,36.909],[-88.2469,36.8649],[-88.2204,36.8348],[-88.2229,36.8188],[-88.2405,36.8028],[-88.2732,36.7868],[-88.2796,36.7662],[-88.2599,36.7412],[-88.1825,36.7091],[-88.0474,36.67],[-87.9746,36.6425],[-87.9642,36.6264],[-88.0167,36.6223],[-88.1322,36.6302],[-88.2,36.6312],[-88.22,36.6254],[-88.25,36.6267],[-88.29,36.6352],[-88.32,36.6262],[-88.34,36.5997],[-88.3688,36.5784],[-88.4063,36.5622],[-88.4213,36.5499],[-88.4138,36.5414],[-88.3785,36.5374],[-88.3155,36.5379],[-88.2805,36.518],[-88.2735,36.4778],[-88.275,36.4529],[-88.285,36.4434],[-88.32,36.4344],[-88.38,36.4259],[-88.4169,36.4226],[-88.4307,36.4245],[-88.4427,36.4416],[-88.4529,36.4738],[-88.4659,36.4941],[-88.482,36.5024],[-88.5668,36.4984],[-88.7203,36.482],[-88.8153,36.5001],[-88.8518,36.5527],[-88.895,36.5936],[-88.945,36.6228],[-89.002,36.6327],[-89.066,36.6232],[-89.0992,36.6064],[-89.1015,36.5823],[-89.1095,36.5658],[-89.1232,36.557],[-89.16,36.5497],[-89.22,36.5438],[-89.2713,36.5563],[-89.314,36.587],[-89.354,36.6253],[-89.3913,36.6712],[-89.4485,36.7153],[-89.5254,36.7576],[-89.6804,36.8122],[-89.9135,36.8791],[-90.0617,36.9111],[-90.1251,36.9082],[-90.1727,36.9308],[-90.2044,36.9788],[-90.2127,37.0134],[-90.1976,37.0347],[-90.17,37.0549],[-90.13,37.0738],[-90.1022,37.095],[-90.0867,37.1186],[-90.1174,37.1543],[-90.1943,37.2021],[-90.2121,37.245]],[[-89.754,36.9708],[-89.7099,37.0027],[-89.6792,37.0347],[-89.6618,37.0666],[-89.6273,37.0829],[-89.5758,37.0836],[-89.5056,37.0637],[-89.4167,37.0231],[-89.3667,36.9842],[-89.3556,36.9471],[-89.275,36.9195],[-89.125,36.9014],[-88.9998,36.872],[-88.8993,36.8312],[-88.8439,36.7988],[-88.8337,36.7748],[-88.8439,36.7588],[-88.8746,36.751],[-88.8969,36.759],[-88.9106,36.7829],[-88.9306,36.7969],[-88.9569,36.8013],[-89.05,36.7823],[-89.21,36.7401],[-89.3279,36.738],[-89.4038,36.7759],[-89.5138,36.8178],[-89.6579,36.8637],[-89.7415,36.9037],[-89.7645,36.9378],[-89.754,36.9708]]]}},{"type":"Feature","properties":{"c":"#009900","v0":0.5,"v1":1.0},"geometry":{"type":"Polygon","coordinates":[[[-89.2489,36.5116],[-89.2363,36.523],[-89.22,36.5266],[-89.2,36.5225],[-89.1791,36.5088],[-89.1574,36.4854],[-89.1737,36.4818],[-89.228,36.4979],[-89.2489,36.5116]]]}},{"type":"Feature","properties":{"c":"#009900","v0":0.5,"v1":1.0},"geometry":{"type":"Polygon","coordinates":[[[-93.0368,36.0779],[-93.0189,36.0924],[-92.9923,36.1005],[-92.9569,36.1021],[-92.9479,36.0949],[-92.9655,36.0787],[-92.9921,36.0706],[-93.0279,36.0706],[-93.0368,36.0779]]]}},{"type":"Feature","properties":{"c":"#009900","v0":0.5,"v1":1.0},"geometry":{"type":"Polygon","coordinates":[[[-106.3837,34.7597],[-106.3746,34.7786],[-106.36,34.7909],[-106.34,34.7968],[-106.335,34.7873],[-106.345,34.7626],[-106.3596,34.7502],[-106.3787,34.7502],[-106.3837,34.7597]]]}},{"type":"Feature","properties":{"c":"#009900","v0":0.5,"v1":1.0},"geometry":{"type":"Polygon","coordinates":[[[-106.4558,34.6475],[-106.4451,34.6722],[-106.4273,34.6895],[-106.4024,34.6994],[-106.39,34.687],[-106.39,34.6522],[-106.4,34.6292],[-106.42,34.6179],[-106.4378,34.618],[-106.4534,34.6294],[-106.4558,34.6475]]]}},{"type":"Feature","properties":{"c":"#009900","v0":0.5,"v1":1.0},"geometry":{"type":"Polygon","coordinates":[[[-74.1457,34.3879],[-74.1003,34.4209],[-74.0657,34.4612],[-74.0419,34.5087],[-74.01,34.5453],[-73.97,34.5709],[-73.9357,34.5637],[-73.907,34.5235],[-73.8928,34.4786],[-73.8932,34.4292],[-73.9476,34.3836],[-74.0559,34.3419],[-74.12,34.3236],[-74.14,34.3285],[-74.1546,34.3411],[-74.1638,34.3613],[-74.1457,34.3879]],[[-74.0177,34.4825],[-73.9859,34.5066],[-73.96,34.5151],[-73.94,34.508],[-73.927,34.496],[-73.9211,34.4789],[-73.9261,34.4585],[-73.942,34.4346],[-73.96,34.4203],[-73.98,34.4158],[-73.9992,34.4195],[-74.0176,34.4314],[-74.0285,34.4457],[-74.0319,34.4622],[-74.0177,34.4825]]]}},{"type":"Feature","properties":{"c":"#009900","v0":0.5,"v1":1.0},"geometry":{"type":"Polygon","coordinates":[[[-74.1976,34.4616],[-74.1792,34.477],[-74.1641,34.4811],[-74.1524,34.474],[-74.1524,34.4651],[-74.1641,34.4545],[-74.1792,34.4504],[-74.1976,34.4527],[-74.1976,34.4616]]]}},{"type":"Feature","properties":{"c":"#009900","v0":0.5,"v1":1.0},"geometry":{"type":"Polygon","coordinates":[[[-108.0018,34.1134],[-107.9806,34.1265],[-107.9616,34.1265],[-107.9447,34.1134],[-107.9447,34.0983],[-107.9616,34.0812],[-107.9806,34.0812],[-108.0018,34.0983],[-108.0018,34.1134]]]}},{"type":"Feature","properties":{"c":"#009900","v0":0.5,"v1":1.0},"geometry":{"type":"Polygon","coordinates":[[[-105.3888,33.5712],[-105.3496,33.5964],[-105.32,33.6069],[-105.3,33.6026],[-105.2864,33.5942],[-105.2793,33.5815],[-105.2792,33.5627],[-105.2863,33.5377],[-105.2998,33.5184],[-105.3199,33.5049],[-105.34,33.5005],[-105.36,33.5051],[-105.3796,33.5202],[-105.3988,33.5458],[-105.3888,33.5712]]]}},{"type":"Feature","properties":{"c":"#009900","v0":0.5,"v1":1.0},"geometry":{"type":"Polygon","coordinates":[[[-85.3349,29.9465],[-85.3183,29.9661],[-85.295,29.9818],[-85.265,29.9936],[-85.2153,29.9882],[-85.1459,29.9654],[-85.0776,29.8934],[-85.0104,29.7719],[-84.9801,29.6938],[-84.9867,29.6591],[-85.0,29.6377],[-85.02,29.6298],[-85.05,29.6353],[-85.09,29.6544],[-85.14,29.6645],[-85.2,29.6657],[-85.2408,29.7122],[-85.2624,29.8041],[-85.2883,29.863],[-85.3186,29.8891],[-85.3361,29.9107],[-85.3408,29.9281],[-85.3349,29.9465]],[[-85.0483,29.6987],[-85.0361,29.7086],[-85.0264,29.7086],[-85.0193,29.6987],[-85.0193,29.6887],[-85.0264,29.6784],[-85.0361,29.6784],[-85.0483,29.6887],[-85.0483,29.6987]],[[-85.3006,29.927],[-85.2802,29.9423],[-85.255,29.9412],[-85.225,29.9236],[-85.195,29.9214],[-85.165,29.9345],[-85.1447,29.9357],[-85.1341,29.9248],[-85.1441,29.9127],[-85.1747,29.8992],[-85.2202,29.8992],[-85.2806,29.9127],[-85.3006,29.927]],[[-85.212,29.7217],[-85.1973,29.7427],[-85.1809,29.747],[-85.1628,29.7347],[-85.1578,29.7189],[-85.1659,29.6997],[-85.1823,29.6953],[-85.207,29.7059],[-85.212,29.7217]],[[-85.1395,29.8031],[-85.1332,29.8132],[-85.1145,29.8132],[-85.0835,29.8031],[-85.0673,29.7936],[-85.0659,29.785],[-85.0764,29.7741],[-85.0988,29.7612],[-85.1182,29.7655],[-85.1345,29.7872],[-85.1395,29.8031]]]}},{"type":"Feature","properties":{"c":"#009900","v0":0.5,"v1":1.0},"geometry":{"type":"Polygon","coordinates":[[[-84.8592,29.7891],[-84.8397,29.8062],[-84.81,29.8125],[-84.77,29.8082],[-84.7426,29.7996],[-84.7279,29.787],[-84.7279,29.7697],[-84.7426,29.7478],[-84.76,29.7334],[-84.78,29.7267],[-84.8097,29.7376],[-84.8492,29.7663],[-84.8592,29.7891]]]}},{"type":"Feature","properties":{"c":"#009900","v0":0.5,"v1":1.0},"geometry":{"type":"Polygon","coordinates":[[[-88.2147,29.1075],[-88.1982,29.1199],[-88.175,29.1262],[-88.145,29.1266],[-88.095,29.1166],[-88.025,29.096],[-87.97,29.1104],[-87.93,29.1596],[-87.88,29.1832],[-87.82,29.1813],[-87.7464,29.2086],[-87.6593,29.2651],[-87.6319,29.3152],[-87.6644,29.3587],[-87.678,29.3881],[-87.6727,29.4033],[-87.64,29.4198],[-87.58,29.4374],[-87.5382,29.4428],[-87.5145,29.4362],[-87.4951,29.4197],[-87.4801,29.3936],[-87.4852,29.3587],[-87.5106,29.3152],[-87.48,29.2636],[-87.3933,29.2041],[-87.345,29.1737],[-87.335,29.1726],[-87.3294,29.1805],[-87.3281,29.1976],[-87.3409,29.2236],[-87.3675,29.2585],[-87.3667,29.3108],[-87.3382,29.3805],[-87.3105,29.4213],[-87.2835,29.4332],[-87.255,29.437],[-87.225,29.4326],[-87.19,29.4435],[-87.15,29.4696],[-87.105,29.4882],[-87.055,29.4994],[-87.0043,29.5],[-86.953,29.49],[-86.978,29.4444],[-87.0793,29.363],[-87.138,29.3064],[-87.1539,29.2744],[-87.1589,29.244],[-87.153,29.2149],[-87.12,29.2063],[-87.06,29.2179],[-87.0,29.2386],[-86.94,29.2683],[-86.89,29.2752],[-86.85,29.2595],[-86.805,29.2518],[-86.755,29.2522],[-86.71,29.2359],[-86.67,29.2027],[-86.605,29.1799],[-86.515,29.1676],[-86.445,29.1504],[-86.395,29.1285],[-86.3639,29.1222],[-86.3518,29.1316],[-86.3518,29.1458],[-86.3639,29.1648],[-86.43,29.1959],[-86.55,29.239],[-86.6183,29.2687],[-86.635,29.2851],[-86.6406,29.3195],[-86.6351,29.3718],[-86.6437,29.4241],[-86.6666,29.4764],[-86.666,29.5128],[-86.642,29.5334],[-86.53,29.5276],[-86.33,29.4953],[-86.195,29.4943],[-86.125,29.5247],[-86.065,29.5241],[-86.015,29.4925],[-85.975,29.4927],[-85.945,29.5247],[-85.88,29.5725],[-85.78,29.636],[-85.715,29.6721],[-85.685,29.6809],[-85.6286,29.6701],[-85.5459,29.6395],[-85.5059,29.6152],[-85.5086,29.5969],[-85.5303,29.5796],[-85.571,29.563],[-85.5669,29.546],[-85.5182,29.5286],[-85.4867,29.5112],[-85.4724,29.4938],[-85.467,29.4328],[-85.4706,29.3282],[-85.4867,29.2646],[-85.5156,29.242],[-85.56,29.2316],[-85.62,29.2335],[-85.6621,29.2404],[-85.6862,29.2524],[-85.6973,29.2715],[-85.6954,29.2977],[-85.6733,29.3166],[-85.6311,29.3283],[-85.6086,29.3414],[-85.6058,29.3559],[-85.6208,29.3898],[-85.6536,29.4431],[-85.68,29.475],[-85.7,29.4854],[-85.72,29.4882],[-85.74,29.4833],[-85.7689,29.4427],[-85.8066,29.3664],[-85.8189,29.2977],[-85.8056,29.2366],[-85.8218,29.2015],[-85.8673,29.1923],[-85.8977,29.1704],[-85.913,29.136],[-85.9172,29.1057],[-85.9103,29.0794],[-85.8859,29.0445],[-85.8441,29.0008],[-85.8289,28.9439],[-85.8401,28.8738],[-85.8518,28.8314],[-85.8639,28.8165],[-85.885,28.8051],[-85.915,28.797],[-85.96,28.8051],[-86.02,28.8292],[-86.049,28.8144],[-86.0469,28.7606],[-86.0746,28.7205],[-86.132,28.6942],[-86.138,28.6581],[-86.0927,28.6123],[-86.04,28.575],[-85.98,28.5463],[-85.9516,28.5252],[-85.9549,28.512],[-85.9749,28.5008],[-86.0116,28.4917],[-86.0475,28.4741],[-86.0826,28.4481],[-86.0828,28.4219],[-86.0484,28.3955],[-86.0302,28.3735],[-86.0285,28.3559],[-86.0532,28.3449],[-86.1044,28.3406],[-86.175,28.3553],[-86.265,28.389],[-86.3176,28.3824],[-86.3328,28.3354],[-86.3528,28.3045],[-86.3776,28.2899],[-86.4098,28.2899],[-86.4495,28.3045],[-86.4995,28.3411],[-86.5598,28.3997],[-86.5886,28.4129],[-86.5858,28.3807],[-86.5903,28.3515],[-86.6021,28.3251],[-86.6235,28.3038],[-86.6545,28.2875],[-86.685,28.2796],[-86.715,28.2801],[-86.76,28.3047],[-86.82,28.3534],[-86.8728,28.4053],[-86.9183,28.4603],[-86.9836,28.5054],[-87.0687,28.5405],[-87.1164,28.5801],[-87.1267,28.624],[-87.1264,28.6491],[-87.1155,28.6554],[-87.05,28.6321],[-86.93,28.5792],[-86.8634,28.5541],[-86.8501,28.5567],[-86.8351,28.5724],[-86.8184,28.601],[-86.785,28.6156],[-86.735,28.6161],[-86.675,28.5955],[-86.605,28.5536],[-86.53,28.5271],[-86.45,28.5162],[-86.385,28.5008],[-86.335,28.481],[-86.3046,28.4753],[-86.2938,28.4836],[-86.306,28.5186],[-86.3413,28.5801],[-86.3629,28.6327],[-86.3707,28.6766],[-86.3684,28.7078],[-86.3561,28.7262],[-86.327,28.7481],[-86.281,28.7735],[-86.2518,28.795],[-86.2394,28.8125],[-86.2374,28.8246],[-86.2458,28.8313],[-86.275,28.8294],[-86.325,28.819],[-86.375,28.8274],[-86.425,28.8546],[-86.485,28.8611],[-86.555,28.8469],[-86.5951,28.8308],[-86.6052,28.8128],[-86.5977,28.7818],[-86.5723,28.738],[-86.5672,28.7083],[-86.5824,28.6927],[-86.6,28.684],[-86.62,28.6824],[-86.6827,28.6946],[-86.7881,28.7206],[-86.8497,28.7468],[-86.8674,28.7731],[-86.8697,28.8005],[-86.8566,28.8289],[-86.89,28.8381],[-86.97,28.828],[-87.04,28.8349],[-87.1,28.8589],[-87.16,28.8682],[-87.22,28.863],[-87.285,28.869],[-87.355,28.8865],[-87.3985,28.903],[-87.4155,28.9186],[-87.4205,28.9443],[-87.4135,28.9801],[-87.455,28.9807],[-87.545,28.9459],[-87.66,28.9265],[-87.8,28.9225],[-87.885,28.9143],[-87.915,28.9019],[-87.95,28.8957],[-87.99,28.8957],[-88.0243,28.9034],[-88.0529,28.9187],[-88.0727,28.9439],[-88.0837,28.9789],[-88.1174,29.0139],[-88.1738,29.0488],[-88.2072,29.0751],[-88.2176,29.0926],[-88.2147,29.1075]],[[-86.3393,29.2541],[-86.2982,29.3152],[-86.2609,29.3544],[-86.2277,29.3718],[-86.2177,29.3936],[-86.231,29.4197],[-86.2338,29.4372],[-86.2262,29.4459],[-86.1942,29.4625],[-86.1381,29.4869],[-86.09,29.4856],[-86.05,29.4583],[-86.02,29.4454],[-86.0,29.4467],[-85.9668,29.4698],[-85.9203,29.5148],[-85.8703,29.5494],[-85.8168,29.5737],[-85.77,29.6036],[-85.73,29.6392],[-85.6905,29.6532],[-85.6516,29.6455],[-85.6352,29.6286],[-85.6414,29.6025],[-85.6758,29.5677],[-85.7384,29.5242],[-85.7871,29.4764],[-85.8219,29.4241],[-85.8439,29.3587],[-85.853,29.2803],[-85.8741,29.2323],[-85.9073,29.2148],[-85.943,29.1843],[-85.9812,29.1406],[-85.9712,29.0882],[-85.9129,29.027],[-85.8778,28.9658],[-85.866,28.9045],[-85.8676,28.8617],[-85.8825,28.8374],[-85.905,28.8243],[-85.9351,28.8223],[-85.9801,28.8457],[-86.04,28.8944],[-86.09,28.9052],[-86.13,28.8781],[-86.185,28.8722],[-86.255,28.8875],[-86.2918,28.9073],[-86.2955,28.9317],[-86.2876,28.9526],[-86.2681,28.9701],[-86.2745,28.9964],[-86.3067,29.0314],[-86.3196,29.0562],[-86.3132,29.071],[-86.285,29.075],[-86.235,29.0684],[-86.19,29.0456],[-86.15,29.0066],[-86.125,28.9867],[-86.115,28.9858],[-86.1022,28.9969],[-86.0866,29.0199],[-86.1316,29.0632],[-86.2372,29.1267],[-86.3075,29.1747],[-86.3424,29.2073],[-86.3393,29.2541]],[[-85.5781,29.421],[-85.5727,29.4322],[-85.56,29.4358],[-85.54,29.4318],[-85.5226,29.4175],[-85.5078,29.3929],[-85.5028,29.3735],[-85.5076,29.3593],[-85.52,29.3517],[-85.54,29.3505],[-85.5577,29.3663],[-85.5731,29.399],[-85.5781,29.421]],[[-85.6637,29.2814],[-85.6546,29.2922],[-85.625,29.2984],[-85.575,29.3],[-85.543,29.2945],[-85.5291,29.2821],[-85.5291,29.2712],[-85.543,29.2618],[-85.57,29.2566],[-85.61,29.2557],[-85.6396,29.2604],[-85.6587,29.2707],[-85.6637,29.2814]],[[-87.0205,28.5761],[-87.0002,28.5769],[-86.9789,28.5681],[-86.9568,28.5497],[-86.967,28.5493],[-87.0095,28.5669],[-87.0205,28.5761]],[[-86.7502,28.5625],[-86.7367,28.5712],[-86.7123,28.5669],[-86.677,28.5493],[-86.6716,28.5361],[-86.6961,28.5273],[-86.7205,28.5317],[-86.7448,28.5493],[-86.7502,28.5625]],[[-86.5269,28.4587],[-86.5156,28.4709],[-86.4896,28.4753],[-86.4489,28.4719],[-86.4165,28.457],[-86.3924,28.4306],[-86.3828,28.399],[-86.3876,28.362],[-86.395,28.3397],[-86.405,28.3322],[-86.42,28.3335],[-86.44,28.3437],[-86.4706,28.3747],[-86.5119,28.4267],[-86.5269,28.4587]],[[-88.175,29.0883],[-88.1717,29.0973],[-88.15,29.1008],[-88.11,29.0988],[-88.0812,29.0856],[-88.0635,29.0611],[-88.0685,29.0464],[-88.0962,29.0415],[-88.1267,29.0503],[-88.16,29.0726],[-88.175,29.0883]],[[-87.6282,29.3877],[-87.6161,29.4021],[-87.595,29.4133],[-87.565,29.4214],[-87.5393,29.4143],[-87.518,29.3918],[-87.513,29.372],[-87.5243,29.3548],[-87.54,29.3432],[-87.56,29.337],[-87.5861,29.3456],[-87.6182,29.3689],[-87.6282,29.3877]],[[-87.3318,28.9833],[-87.281,29.062],[-87.2608,29.1275],[-87.2713,29.1799],[-87.2889,29.2279],[-87.3136,29.2715],[-87.312,29.3091],[-87.284,29.3405],[-87.2472,29.3667],[-87.2016,29.3875],[-87.1654,29.411],[-87.1386,29.4372],[-87.1064,29.456],[-87.0688,29.4675],[-87.0447,29.4718],[-87.0342,29.469],[-87.0292,29.4605],[-87.0297,29.4462],[-87.055,29.4237],[-87.105,29.393],[-87.1478,29.3435],[-87.1834,29.2752],[-87.2071,29.2061],[-87.2187,29.1362],[-87.2135,29.0838],[-87.1914,29.0488],[-87.1728,29.0268],[-87.1576,29.0176],[-87.125,29.0127],[-87.075,29.0122],[-87.0406,29.0212],[-87.0218,29.0396],[-87.0363,29.0707],[-87.0842,29.1144],[-87.1024,29.1493],[-87.0912,29.1755],[-87.0467,29.204],[-86.9689,29.2348],[-86.905,29.245],[-86.855,29.2346],[-86.81,29.2315],[-86.77,29.2356],[-86.7327,29.221],[-86.6982,29.1878],[-86.6833,29.1493],[-86.6882,29.1057],[-86.6855,29.0707],[-86.6752,29.0444],[-86.615,29.0141],[-86.505,28.9799],[-86.4331,28.9493],[-86.3992,28.9224],[-86.4192,28.8994],[-86.4931,28.8805],[-86.555,28.8728],[-86.605,28.8764],[-86.6374,28.8596],[-86.6521,28.8224],[-86.6571,28.7887],[-86.6524,28.7586],[-86.675,28.7394],[-86.725,28.7313],[-86.7697,28.7332],[-86.8091,28.7452],[-86.8329,28.7599],[-86.8412,28.7775],[-86.8165,28.8101],[-86.7588,28.8577],[-86.705,28.8851],[-86.655,28.8923],[-86.628,28.9079],[-86.6241,28.9319],[-86.6391,28.9571],[-86.673,28.9836],[-86.765,28.9596],[-86.915,28.8849],[-87.025,28.8665],[-87.095,28.9043],[-87.16,28.9128],[-87.22,28.892],[-87.2768,28.8972],[-87.3304,28.9283],[-87.3318,28.9833]],[[-87.1418,29.0715],[-87.1339,29.0817],[-87.1179,29.0817],[-87.0937,29.0715],[-87.0887,29.0611],[-87.1029,29.0507],[-87.1189,29.0507],[-87.1368,29.0611],[-87.1418,29.0715]],[[-86.6383,29.1415],[-86.6194,29.1519],[-86.59,29.1555],[-86.55,29.1523],[-86.5117,29.1427],[-86.475,29.1268],[-86.4531,29.11],[-86.4459,29.0926],[-86.4792,29.0763],[-86.5531,29.0613],[-86.5999,29.0613],[-86.6197,29.0763],[-86.6342,29.0969],[-86.6433,29.1231],[-86.6383,29.1415]],[[-86.4852,29.0387],[-86.4217,29.0534],[-86.3732,29.0402],[-86.3396,28.9993],[-86.3346,28.9723],[-86.3582,28.959],[-86.4061,28.9677],[-86.4783,28.9985],[-86.515,29.0182],[-86.5163,29.027],[-86.4852,29.0387]],[[-86.5949,29.4927],[-86.5783,29.5079],[-86.5584,29.5123],[-86.5352,29.5057],[-86.5352,29.495],[-86.5584,29.48],[-86.5783,29.4757],[-86.5949,29.4819],[-86.5949,29.4927]],[[-86.5395,29.4241],[-86.518,29.4415],[-86.4575,29.4372],[-86.3578,29.411],[-86.3184,29.3877],[-86.3395,29.3671],[-86.37,29.3567],[-86.41,29.3564],[-86.4522,29.3623],[-86.4967,29.3745],[-86.5268,29.3893],[-86.5424,29.4067],[-86.5395,29.4241]],[[-86.3029,28.7256],[-86.2276,28.7796],[-86.1691,28.8058],[-86.1274,28.8045],[-86.1012,28.7906],[-86.0907,28.7643],[-86.1283,28.7249],[-86.2141,28.6722],[-86.2252,28.6351],[-86.1617,28.6135],[-86.1166,28.5872],[-86.0897,28.5561],[-86.0797,28.5319],[-86.0866,28.5145],[-86.1375,28.5101],[-86.2325,28.5187],[-86.2951,28.5669],[-86.3254,28.6547],[-86.3029,28.7256]],[[-86.7725,28.4248],[-86.7442,28.4396],[-86.7137,28.444],[-86.681,28.438],[-86.6538,28.4219],[-86.6321,28.3955],[-86.6241,28.3691],[-86.6301,28.3427],[-86.6423,28.3238],[-86.6608,28.3125],[-86.685,28.3094],[-86.715,28.3147],[-86.7442,28.3424],[-86.7725,28.3924],[-86.7725,28.4248]],[[-88.0127,28.9669],[-87.9576,29.0129],[-87.9243,29.0654],[-87.913,29.1243],[-87.878,29.1552],[-87.8193,29.1582],[-87.735,29.1864],[-87.625,29.2398],[-87.555,29.2612],[-87.525,29.2506],[-87.4738,29.2136],[-87.4015,29.1504],[-87.3715,29.1032],[-87.3838,29.072],[-87.42,29.04],[-87.48,29.0073],[-87.58,28.9797],[-87.72,28.9572],[-87.825,28.9505],[-87.895,28.9597],[-87.945,28.9532],[-87.975,28.9312],[-88.0026,28.9261],[-88.0277,28.938],[-88.0127,28.9669]],[[-86.3568,28.8769],[-86.3389,28.8829],[-86.325,28.8785],[-86.315,28.8637],[-86.32,28.8547],[-86.34,28.8515],[-86.3539,28.8559],[-86.3618,28.8679],[-86.3568,28.8769]],[[-86.6045,29.3195],[-86.5948,29.3369],[-86.58,29.3473],[-86.56,29.3506],[-86.535,29.3462],[-86.505,29.3342],[-86.4865,29.3152],[-86.4794,29.289],[-86.4994,29.2764],[-86.5465,29.2775],[-86.5798,29.2862],[-86.5995,29.3026],[-86.6045,29.3195]]]}},{"type":"Feature","properties":{"c":"#009900","v0":0.5,"v1":1.0},"geometry":{"type":"Polygon","coordinates":[[[-87.6388,28.7982],[-87.5663,28.8223],[-87.5,28.8317],[-87.44,28.8266],[-87.3922,28.8014],[-87.3565,28.7562],[-87.3132,28.7161],[-87.2622,28.681],[-87.2324,28.6503],[-87.2239,28.624],[-87.2372,28.6118],[-87.2724,28.6138],[-87.32,28.6315],[-87.38,28.665],[-87.45,28.6875],[-87.53,28.6991],[-87.5924,28.7165],[-87.6371,28.7396],[-87.6634,28.7599],[-87.6712,28.7775],[-87.6388,28.7982]],[[-87.5615,28.7626],[-87.5405,28.7856],[-87.515,28.8009],[-87.485,28.8086],[-87.455,28.8067],[-87.425,28.7953],[-87.406,28.7799],[-87.398,28.7608],[-87.4015,28.7424],[-87.4165,28.7249],[-87.4405,28.7139],[-87.4735,28.7096],[-87.5105,28.7183],[-87.5515,28.7402],[-87.5615,28.7626]]]}},{"type":"Feature","properties":{"c":"#009900","v0":0.5,"v1":1.0},"geometry":{"type":"Polygon","coordinates":[[[-85.7435,28.6189],[-85.7345,28.6352],[-85.715,28.6451],[-85.685,28.6485],[-85.66,28.6448],[-85.6401,28.6338],[-85.6278,28.6196],[-85.6231,28.602],[-85.6331,28.5789],[-85.6577,28.5503],[-85.685,28.5454],[-85.715,28.5643],[-85.7345,28.583],[-85.7435,28.6015],[-85.7435,28.6189]],[[-85.6953,28.6121],[-85.6784,28.6146],[-85.6698,28.6102],[-85.6695,28.5989],[-85.6779,28.5976],[-85.6951,28.6064],[-85.6953,28.6121]]]}},{"type":"Feature","properties":{"c":"#009900","v0":0.5,"v1":1.0},"geometry":{"type":"Polygon","coordinates":[[[-84.546,28.4365],[-84.5353,28.4395],[-84.5296,28.4351],[-84.5289,28.4233],[-84.5342,28.4219],[-84.5456,28.4306],[-84.546,28.4365]]]}},{"type":"Feature","properties":{"c":"#009900","v0":0.5,"v1":1.0},"geometry":{"type":"Polygon","coordinates":[[[-84.4476,28.3722],[-84.4092,28.3873],[-84.3816,28.3873],[-84.3649,28.3722],[-84.3563,28.3559],[-84.3559,28.3383],[-84.3693,28.3259],[-84.3964,28.3187],[-84.4242,28.3275],[-84.4526,28.3523],[-84.4476,28.3722]]]}},{"type":"Feature","properties":{"c":"#009900","v0":0.5,"v1":1.0},"geometry":{"type":"Polygon","coordinates":[[[-84.1259,28.2321],[-84.1153,28.2488],[-84.09,28.2526],[-84.05,28.2436],[-84.0148,28.2309],[-83.9844,28.2144],[-83.9616,28.1929],[-83.9465,28.1665],[-83.9617,28.1519],[-84.0072,28.1491],[-84.0497,28.1579],[-84.0892,28.1783],[-84.1145,28.1973],[-84.1256,28.215],[-84.1259,28.2321]]]}},{"type":"Feature","properties":{"c":"#009900","v0":0.5,"v1":1.0},"geometry":{"type":"Polygon","coordinates":[[[-85.9725,28.2131],[-85.9575,28.227],[-85.915,28.2314],[-85.845,28.2263],[-85.735,28.2032],[-85.585,28.162],[-85.4931,28.1223],[-85.4594,28.0841],[-85.4944,28.0698],[-85.5981,28.0792],[-85.67,28.0959],[-85.71,28.1199],[-85.745,28.1122],[-85.775,28.0728],[-85.815,28.0487],[-85.865,28.0399],[-85.908,28.0473],[-85.9441,28.0709],[-85.9666,28.1136],[-85.9755,28.1753],[-85.9725,28.2131]],[[-85.919,28.1365],[-85.8997,28.1734],[-85.875,28.1937],[-85.845,28.1974],[-85.8209,28.1922],[-85.8027,28.178],[-85.7933,28.1533],[-85.7926,28.118],[-85.8017,28.0918],[-85.8206,28.0746],[-85.845,28.0668],[-85.875,28.0683],[-85.8997,28.0813],[-85.919,28.1058],[-85.919,28.1365]]]}},{"type":"Feature","properties":{"c":"#009900","v0":0.5,"v1":1.0},"geometry":{"type":"Polygon","coordinates":[[[-82.4513,27.9118],[-82.4371,27.9231],[-82.4201,27.9187],[-82.4002,27.8985],[-82.4002,27.8868],[-82.4201,27.8835],[-82.4371,27.8879],[-82.4513,27.9],[-82.4513,27.9118]]]}},{"type":"Feature","properties":{"c":"#009900","v0":0.5,"v1":1.0},"geometry":{"type":"Polygon","coordinates":[[[-84.4327,27.884],[-84.3961,27.8751],[-84.361,27.853],[-84.3272,27.8177],[-84.3153,27.7986],[-84.3251,27.7959],[-84.3603,27.818],[-84.4208,27.8649],[-84.4327,27.884]]]}},{"type":"Feature","properties":{"c":"#009900","v0":0.5,"v1":1.0},"geometry":{"type":"Polygon","coordinates":[[[-82.0854,27.8396],[-82.0751,27.8481],[-82.064,27.8481],[-82.052,27.8396],[-82.047,27.8108],[-82.049,27.7618],[-82.0557,27.7397],[-82.0672,27.7445],[-82.0773,27.769],[-82.0861,27.8132],[-82.0854,27.8396]]]}},{"type":"Feature","properties":{"c":"#009900","v0":0.5,"v1":1.0},"geometry":{"type":"Polygon","coordinates":[[[-81.4751,27.4401],[-81.4584,27.4648],[-81.435,27.4722],[-81.405,27.4624],[-81.3658,27.4589],[-81.3173,27.4618],[-81.3046,27.4855],[-81.3277,27.5298],[-81.337,27.5655],[-81.3323,27.5924],[-81.32,27.6033],[-81.3,27.5981],[-81.2703,27.5757],[-81.231,27.5363],[-81.211,27.5028],[-81.2103,27.4754],[-81.22,27.4563],[-81.24,27.4456],[-81.26,27.4426],[-81.28,27.4474],[-81.2897,27.4221],[-81.2891,27.3667],[-81.2941,27.3311],[-81.3047,27.3153],[-81.32,27.3088],[-81.34,27.3116],[-81.3789,27.3328],[-81.4368,27.3725],[-81.4701,27.4012],[-81.4791,27.4189],[-81.4751,27.4401]],[[-81.3546,27.3961],[-81.3515,27.4038],[-81.345,27.4048],[-81.335,27.3991],[-81.33,27.3886],[-81.33,27.3736],[-81.3365,27.3726],[-81.3496,27.3857],[-81.3546,27.3961]]]}},{"type":"Feature","properties":{"c":"#009900","v0":0.5,"v1":1.0},"geometry":{"type":"Polygon","coordinates":[[[-82.3597,27.5775],[-82.3399,27.5932],[-82.32,27.6002],[-82.3,27.5987],[-82.275,27.5838],[-82.245,27.5556],[-82.18,27.5239],[-82.08,27.4886],[-81.95,27.4599],[-81.79,27.4377],[-81.7,27.4373],[-81.68,27.4587],[-81.6584,27.4545],[-81.6353,27.4249],[-81.6363,27.4056],[-81.6614,27.3967],[-81.683,27.3782],[-81.701,27.35],[-81.72,27.331],[-81.74,27.3211],[-81.785,27.3318],[-81.855,27.3631],[-81.92,27.3747],[-81.98,27.3666],[-82.025,27.3423],[-82.055,27.3017],[-82.0831,27.2913],[-82.1092,27.3112],[-82.1187,27.3345],[-82.1117,27.3612],[-82.1137,27.3781],[-82.1246,27.3854],[-82.155,27.3725],[-82.205,27.3395],[-82.24,27.3279],[-82.26,27.3376],[-82.2767,27.3549],[-82.2901,27.3798],[-82.2955,27.41],[-82.2929,27.4455],[-82.3111,27.4899],[-82.3501,27.5431],[-82.3597,27.5775]],[[-82.025,27.4157],[-82.015,27.427],[-81.9943,27.4315],[-81.9628,27.429],[-81.9528,27.4218],[-81.9643,27.4099],[-81.985,27.4055],[-82.015,27.4085],[-82.025,27.4157]]]}},{"type":"Feature","properties":{"c":"#009900","v0":0.5,"v1":1.0},"geometry":{"type":"Polygon","coordinates":[[[-82.1779,27.2145],[-82.1001,27.179],[-82.0579,27.1523],[-82.0512,27.1345],[-82.0784,27.13],[-82.1395,27.1388],[-82.1817,27.1655],[-82.2051,27.2101],[-82.1779,27.2145]]]}},{"type":"Feature","properties":{"c":"#009900","v0":0.5,"v1":1.0},"geometry":{"type":"Polygon","coordinates":[[[-81.9265,27.1127],[-81.9155,27.1224],[-81.9,27.1247],[-81.88,27.1194],[-81.8669,27.1056],[-81.8607,27.0833],[-81.8707,27.0714],[-81.8969,27.0699],[-81.9155,27.0788],[-81.9265,27.0981],[-81.9265,27.1127]]]}},{"type":"Feature","properties":{"c":"#009900","v0":0.5,"v1":1.0},"geometry":{"type":"Polygon","coordinates":[[[-82.1283,27.0271],[-82.1161,27.0438],[-82.1,27.0516],[-82.08,27.0506],[-82.0356,27.0289],[-81.9668,26.9865],[-81.9487,26.9429],[-81.9814,26.8984],[-81.9791,26.8493],[-81.9418,26.7958],[-81.9349,26.7565],[-81.9583,26.7315],[-81.99,26.7205],[-82.03,26.7235],[-82.0629,26.736],[-82.0886,26.758],[-82.1097,26.7958],[-82.1261,26.8493],[-82.1305,26.885],[-82.1229,26.9028],[-82.1229,26.9385],[-82.1306,26.992],[-82.1283,27.0271]],[[-82.0868,26.9741],[-82.0743,26.992],[-82.0537,26.9875],[-82.025,26.9608],[-82.0205,26.9426],[-82.0402,26.9328],[-82.0608,26.9373],[-82.0823,26.9559],[-82.0868,26.9741]],[[-82.0599,26.7925],[-82.04,26.804],[-82.0203,26.7995],[-82.0008,26.7792],[-82.0008,26.7636],[-82.0203,26.753],[-82.04,26.7574],[-82.0599,26.777],[-82.0599,26.7925]]]}},{"type":"Feature","properties":{"c":"#009900","v0":0.5,"v1":1.0},"geometry":{"type":"Polygon","coordinates":[[[-81.6637,26.6865],[-81.6546,26.7004],[-81.64,26.7078],[-81.62,26.7089],[-81.58,26.6891],[-81.52,26.6483],[-81.49,26.6195],[-81.49,26.6029],[-81.51,26.5939],[-81.55,26.5924],[-81.5946,26.6137],[-81.6437,26.6577],[-81.6637,26.6865]]]}},{"type":"Feature","properties":{"c":"#009900","v0":0.5,"v1":1.0},"geometry":{"type":"Polygon","coordinates":[[[-78.2477,26.669],[-78.2226,26.6836],[-78.2033,26.6836],[-78.19,26.669],[-78.195,26.6555],[-78.2183,26.643],[-78.2376,26.643],[-78.2527,26.6555],[-78.2477,26.669]]]}},{"type":"Feature","properties":{"c":"#009900","v0":0.5,"v1":1.0},"geometry":{"type":"Polygon","coordinates":[[[-81.8173,26.4602],[-81.7991,26.4865],[-81.7788,26.4955],[-81.7564,26.4871],[-81.7261,26.456],[-81.6878,26.4023],[-81.674,26.359],[-81.6847,26.3262],[-81.7,26.3108],[-81.72,26.3129],[-81.7541,26.3472],[-81.8023,26.4138],[-81.8173,26.4602]]]}},{"type":"Feature","properties":{"c":"#009900","v0":0.5,"v1":1.0},"geometry":{"type":"Polygon","coordinates":[[[-78.0498,25.558],[-78.0366,25.5775],[-78.0193,25.5865],[-77.9979,25.585],[-77.9891,25.5708],[-77.993,25.5437],[-78.0037,25.5288],[-78.0212,25.5261],[-78.0366,25.5306],[-78.0498,25.5423],[-78.0498,25.558]]]}},{"type":"Feature","properties":{"c":"#009900","v0":0.5,"v1":1.0},"geometry":{"type":"Polygon","coordinates":[[[-95.3632,25.1637],[-95.3411,25.1899],[-95.3213,25.1944],[-95.3039,25.1772],[-95.2939,25.155],[-95.2913,25.1276],[-95.3,25.1084],[-95.32,25.0973],[-95.3411,25.1064],[-95.3632,25.1358],[-95.3632,25.1637]]]}},{"type":"Feature","properties":{"c":"#009900","v0":0.5,"v1":1.0},"geometry":{"type":"Polygon","coordinates":[[[-78.361,24.547],[-78.3477,24.5743],[-78.3133,24.5965],[-78.2578,24.6135],[-78.2162,24.6362],[-78.1887,24.6647],[-78.1755,24.7016],[-78.1767,24.747],[-78.16,24.8015],[-78.1254,24.865],[-78.105,24.9195],[-78.0986,24.9648],[-78.1016,25.0101],[-78.1139,25.0554],[-78.131,25.0871],[-78.1529,25.1053],[-78.1654,25.1238],[-78.1685,25.1428],[-78.16,25.1575],[-78.14,25.1678],[-78.115,25.1657],[-78.085,25.1511],[-78.05,25.1452],[-78.01,25.1481],[-77.9823,25.1271],[-77.967,25.0824],[-77.9703,25.0192],[-77.9922,24.9376],[-77.9887,24.8741],[-77.9598,24.8287],[-77.9482,24.7788],[-77.9539,24.7243],[-77.9452,24.6743],[-77.9222,24.6289],[-77.9132,24.588],[-77.9181,24.5516],[-77.9329,24.5258],[-77.9576,24.5106],[-78.03,24.5169],[-78.15,24.5448],[-78.24,24.54],[-78.3,24.5026],[-78.3394,24.4962],[-78.3582,24.521],[-78.361,24.547]],[[-78.175,24.6243],[-78.1556,24.6607],[-78.1471,24.7016],[-78.1494,24.747],[-78.1319,24.8015],[-78.0945,24.865],[-78.0765,24.9421],[-78.078,25.0328],[-78.0616,25.0892],[-78.0272,25.1114],[-78.0036,25.1023],[-77.9907,25.062],[-77.9989,25.0056],[-78.0282,24.9331],[-78.0281,24.8696],[-77.9985,24.8151],[-77.9875,24.7606],[-77.995,24.7061],[-77.9841,24.6653],[-77.9547,24.638],[-77.9386,24.6107],[-77.9357,24.5834],[-77.9482,24.5605],[-77.9761,24.5419],[-78.0387,24.551],[-78.136,24.5878],[-78.175,24.6243]],[[-78.3403,24.5425],[-78.3319,24.5607],[-78.3158,24.5698],[-78.2922,24.5698],[-78.2878,24.5553],[-78.3026,24.5264],[-78.3186,24.5173],[-78.3359,24.528],[-78.3403,24.5425]]]}},{"type":"Feature","properties":{"c":"#009900","v0":0.5,"v1":1.0},"geometry":{"type":"Polygon","coordinates":[[[-78.657,25.1266],[-78.639,25.151],[-78.62,25.164],[-78.6,25.1654],[-78.5802,25.1577],[-78.5606,25.1409],[-78.5499,25.1234],[-78.5481,25.1053],[-78.5529,25.0868],[-78.5643,25.0681],[-78.58,25.056],[-78.6,25.0503],[-78.62,25.0528],[-78.64,25.0633],[-78.654,25.08],[-78.662,25.1029],[-78.657,25.1266]],[[-78.6453,25.1222],[-78.6351,25.138],[-78.62,25.1471],[-78.6,25.1493],[-78.5834,25.1369],[-78.5702,25.1098],[-78.5752,25.0881],[-78.5984,25.0719],[-78.6201,25.0765],[-78.6403,25.1017],[-78.6453,25.1222]]]}},{"type":"Feature","properties":{"c":"#006600","v0":1.0,"v1":2.0},"geometry":{"type":"Polygon","coordinates":[[[-72.1512,47.2108],[-72.1371,47.2198],[-72.1213,47.2232],[-72.1039,47.221],[-72.1039,47.2147],[-72.1213,47.2042],[-72.1371,47.2008],[-72.1512,47.2045],[-72.1512,47.2108]]]}},{"type":"Feature","properties":{"c":"#006600","v0":1.0,"v1":2.0},"geometry":{"type":"Polygon","coordinates":[[[-97.7929,44.2365],[-97.7675,44.2724],[-97.7236,44.2921],[-97.6612,44.2957],[-97.605,44.2725],[-97.555,44.2223],[-97.5134,44.1918],[-97.4802,44.181],[-97.4616,44.1684],[-97.4577,44.1541],[-97.4755,44.1397],[-97.515,44.1254],[-97.5486,44.1067],[-97.5762,44.0838],[-97.6,44.0715],[-97.62,44.0698],[-97.655,44.0825],[-97.705,44.1096],[-97.7489,44.1471],[-97.7866,44.1948],[-97.7929,44.2365]]]}},{"type":"Feature","properties":{"c":"#006600","v0":1.0,"v1":2.0},"geometry":{"type":"Polygon","coordinates":[[[-97.5552,44.0187],[-97.5251,44.0209],[-97.4865,44.0029],[-97.4394,43.9647],[-97.3791,43.9276],[-97.3057,43.8916],[-97.2446,43.8375],[-97.1957,43.7653],[-97.1216,43.6967],[-97.0222,43.6316],[-96.9671,43.5881],[-96.9565,43.5664],[-96.9659,43.5546],[-96.9953,43.5528],[-97.0571,43.5782],[-97.1514,43.6307],[-97.2692,43.7184],[-97.4106,43.8411],[-97.5035,43.9312],[-97.548,43.9888],[-97.5552,44.0187]]]}},{"type":"Feature","properties":{"c":"#006600","v0":1.0,"v1":2.0},"geometry":{"type":"Polygon","coordinates":[[[-96.8163,43.512],[-96.7827,43.512],[-96.729,43.4939],[-96.6551,43.4576],[-96.6137,43.4322],[-96.6047,43.4177],[-96.6277,43.4136],[-96.6826,43.42],[-96.7408,43.4454],[-96.8023,43.4898],[-96.8163,43.512]]]}},{"type":"Feature","properties":{"c":"#006600","v0":1.0,"v1":2.0},"geometry":{"type":"Polygon","coordinates":[[[-99.5015,42.7836],[-99.4805,42.8154],[-99.4594,42.8337],[-99.4382,42.8386],[-99.331,42.7971],[-99.1378,42.7089],[-99.0248,42.6501],[-98.9921,42.6207],[-98.9617,42.5765],[-98.9337,42.5176],[-98.8823,42.459],[-98.8074,42.4009],[-98.7578,42.3492],[-98.7333,42.3039],[-98.7052,42.2664],[-98.6735,42.2368],[-98.6499,42.1887],[-98.6344,42.122],[-98.6124,42.0632],[-98.5841,42.0123],[-98.5485,41.9788],[-98.5054,41.9628],[-98.4687,41.9362],[-98.4384,41.899],[-98.3596,41.8395],[-98.2325,41.7575],[-98.0743,41.6721],[-97.8848,41.5833],[-97.735,41.5199],[-97.625,41.4818],[-97.485,41.4419],[-97.315,41.4003],[-97.16,41.3104],[-97.02,41.1721],[-96.9386,41.0987],[-96.9159,41.0904],[-96.9059,41.0806],[-96.9086,41.0693],[-96.95,41.0632],[-97.03,41.0625],[-97.0623,41.0418],[-97.047,41.001],[-97.047,40.9736],[-97.0623,40.9593],[-97.08,40.9519],[-97.1,40.9514],[-97.14,40.9633],[-97.2,40.9878],[-97.265,41.0042],[-97.335,41.0125],[-97.39,41.0252],[-97.43,41.0422],[-97.48,41.0497],[-97.54,41.0476],[-97.6,41.0541],[-97.66,41.0692],[-97.735,41.1037],[-97.825,41.1575],[-97.89,41.1862],[-97.93,41.1897],[-97.975,41.2011],[-98.025,41.2205],[-98.085,41.2593],[-98.155,41.3175],[-98.24,41.371],[-98.34,41.4198],[-98.44,41.4478],[-98.54,41.4552],[-98.625,41.4537],[-98.695,41.4431],[-98.7433,41.4402],[-98.7699,41.4448],[-98.7885,41.4508],[-98.799,41.4583],[-98.8023,41.4696],[-98.7985,41.4846],[-98.805,41.4924],[-98.8217,41.4929],[-98.8376,41.5079],[-98.8527,41.5373],[-98.8775,41.5669],[-98.912,41.5969],[-98.9316,41.623],[-98.9362,41.6454],[-98.9264,41.664],[-98.9021,41.6788],[-98.84,41.6833],[-98.74,41.6774],[-98.6876,41.6813],[-98.6828,41.6947],[-98.689,41.7089],[-98.7061,41.7239],[-98.7384,41.7322],[-98.7861,41.7341],[-98.8494,41.7527],[-98.9283,41.7882],[-99.0096,41.8395],[-99.0934,41.9065],[-99.1685,41.9809],[-99.2348,42.0626],[-99.2334,42.1228],[-99.1645,42.1615],[-99.075,42.1796],[-98.965,42.1771],[-98.911,42.1874],[-98.9129,42.2105],[-98.9072,42.2331],[-98.8938,42.2553],[-98.9666,42.2923],[-99.1255,42.3441],[-99.2129,42.3884],[-99.2288,42.4254],[-99.2526,42.4549],[-99.2844,42.477],[-99.3169,42.5102],[-99.3503,42.5544],[-99.3558,42.5839],[-99.3337,42.5986],[-99.323,42.6133],[-99.3236,42.628],[-99.371,42.6685],[-99.465,42.7346],[-99.5015,42.7836]],[[-99.1566,42.5249],[-99.1328,42.5397],[-99.1032,42.5472],[-99.0677,42.5474],[-99.016,42.5069],[-98.9481,42.4255],[-98.9281,42.3845],[-98.956,42.3839],[-98.9942,42.3949],[-99.0426,42.4177],[-99.0922,42.4512],[-99.1431,42.4955],[-99.1566,42.5249]],[[-98.4847,41.7127],[-98.4556,41.7351],[-98.4233,41.7489],[-98.3878,41.7542],[-98.3374,41.7393],[-98.2721,41.7041],[-98.2347,41.6791],[-98.225,41.6641],[-98.2276,41.6508],[-98.2425,41.639],[-98.265,41.6312],[-98.295,41.6274],[-98.335,41.6312],[-98.385,41.6427],[-98.4323,41.6617],[-98.4769,41.6882],[-98.4847,41.7127]],[[-98.0867,41.571],[-98.0756,41.5792],[-98.035,41.5769],[-97.965,41.5642],[-97.905,41.539],[-97.855,41.5013],[-97.784,41.4736],[-97.6921,41.4559],[-97.6409,41.4396],[-97.6304,41.4246],[-97.6332,41.4021],[-97.6495,41.3721],[-97.6448,41.3421],[-97.619,41.312],[-97.6076,41.2895],[-97.6105,41.2745],[-97.6215,41.2648],[-97.6405,41.2605],[-97.705,41.2847],[-97.815,41.3376],[-97.9047,41.3735],[-97.9742,41.3926],[-98.0006,41.4209],[-97.984,41.4583],[-98.0049,41.4996],[-98.0632,41.5445],[-98.0867,41.571]],[[-97.5909,41.1519],[-97.577,41.1625],[-97.56,41.1625],[-97.54,41.1519],[-97.535,41.1422],[-97.545,41.1336],[-97.562,41.1336],[-97.5859,41.1422],[-97.5909,41.1519]],[[-97.4704,41.2872],[-97.4568,41.2976],[-97.425,41.3017],[-97.375,41.2994],[-97.2929,41.2454],[-97.1787,41.1394],[-97.1537,41.0888],[-97.2179,41.0938],[-97.2809,41.1089],[-97.3426,41.134],[-97.3916,41.1616],[-97.4278,41.1917],[-97.4537,41.2256],[-97.4694,41.2632],[-97.4704,41.2872]],[[-99.1543,42.0737],[-99.1402,42.0737],[-99.1323,42.067],[-99.1308,42.0536],[-99.1378,42.0536],[-99.1535,42.067],[-99.1543,42.0737]],[[-98.3971,41.527],[-98.3924,41.5369],[-98.38,41.5409],[-98.36,41.539],[-98.3406,41.5265],[-98.3219,41.5036],[-98.3254,41.4921],[-98.3512,41.4921],[-98.3729,41.4996],[-98.3906,41.5145],[-98.3971,41.527]],[[-97.9557,41.3009],[-97.9519,41.3087],[-97.9376,41.3125],[-97.9127,41.3122],[-97.8756,41.297],[-97.8262,41.2669],[-97.8011,41.2444],[-97.8004,41.2293],[-97.8126,41.222],[-97.8375,41.2223],[-97.8718,41.2336],[-97.9155,41.2558],[-97.9424,41.2745],[-97.9525,41.2895],[-97.9557,41.3009]]]}},{"type":"Feature","properties":{"c":"#006600","v0":1.0,"v1":2.0},"geometry":{"type":"Polygon","coordinates":[[[-97.6399,40.9101],[-97.6066,40.9503],[-97.56,40.9735],[-97.5,40.9797],[-97.4433,40.9747],[-97.3899,40.9585],[-97.3511,40.9278],[-97.327,40.8824],[-97.3237,40.8539],[-97.3412,40.8422],[-97.42,40.845],[-97.56,40.8623],[-97.6366,40.8757],[-97.6499,40.8852],[-97.6399,40.9101]]]}},{"type":"Feature","properties":{"c":"#006600","v0":1.0,"v1":2.0},"geometry":{"type":"Polygon","coordinates":[[[-98.3891,40.7954],[-98.3409,40.8181],[-98.3052,40.8449],[-98.2817,40.8758],[-98.26,40.8932],[-98.24,40.8972],[-98.17,40.9023],[-98.05,40.9085],[-97.9716,40.9062],[-97.9347,40.8954],[-97.9097,40.8779],[-97.8966,40.8537],[-97.845,40.8478],[-97.755,40.8602],[-97.7014,40.8609],[-97.6841,40.8501],[-97.6764,40.8333],[-97.6784,40.8106],[-97.7019,40.7916],[-97.7469,40.7765],[-97.8546,40.7731],[-98.0249,40.7813],[-98.1275,40.77],[-98.1624,40.739],[-98.2024,40.7191],[-98.2475,40.7105],[-98.3,40.7131],[-98.36,40.727],[-98.3958,40.7465],[-98.4074,40.7716],[-98.3891,40.7954]]]}},{"type":"Feature","properties":{"c":"#006600","v0":1.0,"v1":2.0},"geometry":{"type":"Polygon","coordinates":[[[-86.679,40.5007],[-86.6597,40.5106],[-86.635,40.5151],[-86.605,40.5143],[-86.557,40.5018],[-86.491,40.4774],[-86.471,40.459],[-86.497,40.4464],[-86.535,40.4418],[-86.585,40.445],[-86.6242,40.4513],[-86.6526,40.4606],[-86.6723,40.4729],[-86.6832,40.4881],[-86.679,40.5007]]]}},{"type":"Feature","properties":{"c":"#006600","v0":1.0,"v1":2.0},"geometry":{"type":"Polygon","coordinates":[[[-91.0084,37.663],[-90.9428,37.6794],[-90.86,37.6848],[-90.76,37.6793],[-90.69,37.687],[-90.65,37.7079],[-90.59,37.7217],[-90.51,37.7285],[-90.4384,37.7205],[-90.3753,37.6978],[-90.341,37.6786],[-90.3356,37.6627],[-90.3456,37.6429],[-90.371,37.6192],[-90.3502,37.5936],[-90.2834,37.5663],[-90.2459,37.5385],[-90.2376,37.5104],[-90.2391,37.4884],[-90.2503,37.4725],[-90.2844,37.459],[-90.3415,37.4478],[-90.425,37.4441],[-90.535,37.4478],[-90.625,37.4561],[-90.695,37.469],[-90.795,37.4994],[-90.925,37.5473],[-91.0028,37.5921],[-91.0284,37.6339],[-91.0084,37.663]]]}},{"type":"Feature","properties":{"c":"#006600","v0":1.0,"v1":2.0},"geometry":{"type":"Polygon","coordinates":[[[-89.754,36.9708],[-89.7099,37.0027],[-89.6792,37.0347],[-89.6618,37.0666],[-89.6273,37.0829],[-89.5758,37.0836],[-89.5056,37.0637],[-89.4167,37.0231],[-89.3667,36.9842],[-89.3556,36.9471],[-89.275,36.9195],[-89.125,36.9014],[-88.9998,36.872],[-88.8993,36.8312],[-88.8439,36.7988],[-88.8337,36.7748],[-88.8439,36.7588],[-88.8746,36.751],[-88.8969,36.759],[-88.9106,36.7829],[-88.9306,36.7969],[-88.9569,36.8013],[-89.05,36.7823],[-89.21,36.7401],[-89.3279,36.738],[-89.4038,36.7759],[-89.5138,36.8178],[-89.6579,36.8637],[-89.7415,36.9037],[-89.7645,36.9378],[-89.754,36.9708]]]}},{"type":"Feature","properties":{"c":"#006600","v0":1.0,"v1":2.0},"geometry":{"type":"Polygon","coordinates":[[[-74.0177,34.4825],[-73.9859,34.5066],[-73.96,34.5151],[-73.94,34.508],[-73.927,34.496],[-73.9211,34.4789],[-73.9261,34.4585],[-73.942,34.4346],[-73.96,34.4203],[-73.98,34.4158],[-73.9992,34.4195],[-74.0176,34.4314],[-74.0285,34.4457],[-74.0319,34.4622],[-74.0177,34.4825]]]}},{"type":"Feature","properties":{"c":"#006600","v0":1.0,"v1":2.0},"geometry":{"type":"Polygon","coordinates":[[[-85.3006,29.927],[-85.2802,29.9423],[-85.255,29.9412],[-85.225,29.9236],[-85.195,29.9214],[-85.165,29.9345],[-85.1447,29.9357],[-85.1341,29.9248],[-85.1441,29.9127],[-85.1747,29.8992],[-85.2202,29.8992],[-85.2806,29.9127],[-85.3006,29.927]]]}},{"type":"Feature","properties":{"c":"#006600","v0":1.0,"v1":2.0},"geometry":{"type":"Polygon","coordinates":[[[-85.212,29.7217],[-85.1973,29.7427],[-85.1809,29.747],[-85.1628,29.7347],[-85.1578,29.7189],[-85.1659,29.6997],[-85.1823,29.6953],[-85.207,29.7059],[-85.212,29.7217]]]}},{"type":"Feature","properties":{"c":"#006600","v0":1.0,"v1":2.0},"geometry":{"type":"Polygon","coordinates":[[[-85.0483,29.6987],[-85.0361,29.7086],[-85.0264,29.7086],[-85.0193,29.6987],[-85.0193,29.6887],[-85.0264,29.6784],[-85.0361,29.6784],[-85.0483,29.6887],[-85.0483,29.6987]]]}},{"type":"Feature","properties":{"c":"#006600","v0":1.0,"v1":2.0},"geometry":{"type":"Polygon","coordinates":[[[-86.3393,29.2541],[-86.2982,29.3152],[-86.2609,29.3544],[-86.2277,29.3718],[-86.2177,29.3936],[-86.231,29.4197],[-86.2338,29.4372],[-86.2262,29.4459],[-86.1942,29.4625],[-86.1381,29.4869],[-86.09,29.4856],[-86.05,29.4583],[-86.02,29.4454],[-86.0,29.4467],[-85.9668,29.4698],[-85.9203,29.5148],[-85.8703,29.5494],[-85.8168,29.5737],[-85.77,29.6036],[-85.73,29.6392],[-85.6905,29.6532],[-85.6516,29.6455],[-85.6352,29.6286],[-85.6414,29.6025],[-85.6758,29.5677],[-85.7384,29.5242],[-85.7871,29.4764],[-85.8219,29.4241],[-85.8439,29.3587],[-85.853,29.2803],[-85.8741,29.2323],[-85.9073,29.2148],[-85.943,29.1843],[-85.9812,29.1406],[-85.9712,29.0882],[-85.9129,29.027],[-85.8778,28.9658],[-85.866,28.9045],[-85.8676,28.8617],[-85.8825,28.8374],[-85.905,28.8243],[-85.9351,28.8223],[-85.9801,28.8457],[-86.04,28.8944],[-86.09,28.9052],[-86.13,28.8781],[-86.185,28.8722],[-86.255,28.8875],[-86.2918,28.9073],[-86.2955,28.9317],[-86.2876,28.9526],[-86.2681,28.9701],[-86.2745,28.9964],[-86.3067,29.0314],[-86.3196,29.0562],[-86.3132,29.071],[-86.285,29.075],[-86.235,29.0684],[-86.19,29.0456],[-86.15,29.0066],[-86.125,28.9867],[-86.115,28.9858],[-86.1022,28.9969],[-86.0866,29.0199],[-86.1316,29.0632],[-86.2372,29.1267],[-86.3075,29.1747],[-86.3424,29.2073],[-86.3393,29.2541]],[[-85.9421,28.8965],[-85.9207,28.9067],[-85.9069,28.9023],[-85.9007,28.8833],[-85.9057,28.8694],[-85.9219,28.8605],[-85.9357,28.8649],[-85.9471,28.8825],[-85.9421,28.8965]],[[-86.2649,29.2312],[-86.2416,29.2465],[-86.2266,29.2683],[-86.2198,29.2967],[-86.2049,29.3195],[-86.1818,29.337],[-86.1702,29.3684],[-86.1701,29.4139],[-86.155,29.4386],[-86.125,29.4426],[-86.085,29.4296],[-86.035,29.3998],[-85.985,29.4043],[-85.935,29.4431],[-85.9,29.4772],[-85.88,29.5064],[-85.8564,29.5207],[-85.8292,29.5202],[-85.8182,29.5068],[-85.8234,29.4807],[-85.8457,29.4459],[-85.8851,29.4023],[-85.9061,29.3531],[-85.9087,29.2983],[-85.94,29.2841],[-86.0,29.3108],[-86.0349,29.3077],[-86.0448,29.2749],[-86.0433,29.241],[-86.0307,29.2061],[-86.0358,29.1636],[-86.0586,29.1135],[-86.095,29.0991],[-86.145,29.1205],[-86.1966,29.1542],[-86.2499,29.2005],[-86.2649,29.2312]]]}},{"type":"Feature","properties":{"c":"#006600","v0":1.0,"v1":2.0},"geometry":{"type":"Polygon","coordinates":[[[-86.5949,29.4927],[-86.5783,29.5079],[-86.5584,29.5123],[-86.5352,29.5057],[-86.5352,29.495],[-86.5584,29.48],[-86.5783,29.4757],[-86.5949,29.4819],[-86.5949,29.4927]]]}},{"type":"Feature","properties":{"c":"#006600","v0":1.0,"v1":2.0},"geometry":{"type":"Polygon","coordinates":[[[-87.3318,28.9833],[-87.281,29.062],[-87.2608,29.1275],[-87.2713,29.1799],[-87.2889,29.2279],[-87.3136,29.2715],[-87.312,29.3091],[-87.284,29.3405],[-87.2472,29.3667],[-87.2016,29.3875],[-87.1654,29.411],[-87.1386,29.4372],[-87.1064,29.456],[-87.0688,29.4675],[-87.0447,29.4718],[-87.0342,29.469],[-87.0292,29.4605],[-87.0297,29.4462],[-87.055,29.4237],[-87.105,29.393],[-87.1478,29.3435],[-87.1834,29.2752],[-87.2071,29.2061],[-87.2187,29.1362],[-87.2135,29.0838],[-87.1914,29.0488],[-87.1728,29.0268],[-87.1576,29.0176],[-87.125,29.0127],[-87.075,29.0122],[-87.0406,29.0212],[-87.0218,29.0396],[-87.0363,29.0707],[-87.0842,29.1144],[-87.1024,29.1493],[-87.0912,29.1755],[-87.0467,29.204],[-86.9689,29.2348],[-86.905,29.245],[-86.855,29.2346],[-86.81,29.2315],[-86.77,29.2356],[-86.7327,29.221],[-86.6982,29.1878],[-86.6833,29.1493],[-86.6882,29.1057],[-86.6855,29.0707],[-86.6752,29.0444],[-86.615,29.0141],[-86.505,28.9799],[-86.4331,28.9493],[-86.3992,28.9224],[-86.4192,28.8994],[-86.4931,28.8805],[-86.555,28.8728],[-86.605,28.8764],[-86.6374,28.8596],[-86.6521,28.8224],[-86.6571,28.7887],[-86.6524,28.7586],[-86.675,28.7394],[-86.725,28.7313],[-86.7697,28.7332],[-86.8091,28.7452],[-86.8329,28.7599],[-86.8412,28.7775],[-86.8165,28.8101],[-86.7588,28.8577],[-86.705,28.8851],[-86.655,28.8923],[-86.628,28.9079],[-86.6241,28.9319],[-86.6391,28.9571],[-86.673,28.9836],[-86.765,28.9596],[-86.915,28.8849],[-87.025,28.8665],[-87.095,28.9043],[-87.16,28.9128],[-87.22,28.892],[-87.2768,28.8972],[-87.3304,28.9283],[-87.3318,28.9833]],[[-87.0513,29.1409],[-87.0504,29.1501],[-87.015,29.1685],[-86.945,29.1959],[-86.87,29.2093],[-86.79,29.2088],[-86.743,29.1992],[-86.7291,29.1805],[-86.7291,29.1494],[-86.743,29.1057],[-86.7776,29.0707],[-86.8327,29.0445],[-86.8592,29.0182],[-86.8571,28.992],[-86.8695,28.9686],[-86.8965,28.9479],[-86.9254,28.9436],[-86.9561,28.9554],[-86.9663,28.9833],[-86.9559,29.027],[-86.9555,29.0598],[-86.9652,29.0816],[-86.9904,29.1034],[-87.0313,29.1253],[-87.0513,29.1409]],[[-87.2551,28.9439],[-87.2407,28.9439],[-87.2326,28.9395],[-87.2308,28.9308],[-87.2375,28.9264],[-87.2526,28.9264],[-87.2607,28.9308],[-87.2618,28.9395],[-87.2551,28.9439]]]}},{"type":"Feature","properties":{"c":"#006600","v0":1.0,"v1":2.0},"geometry":{"type":"Polygon","coordinates":[[[-85.5781,29.421],[-85.5727,29.4322],[-85.56,29.4358],[-85.54,29.4318],[-85.5226,29.4175],[-85.5078,29.3929],[-85.5028,29.3735],[-85.5076,29.3593],[-85.52,29.3517],[-85.54,29.3505],[-85.5577,29.3663],[-85.5731,29.399],[-85.5781,29.421]]]}},{"type":"Feature","properties":{"c":"#006600","v0":1.0,"v1":2.0},"geometry":{"type":"Polygon","coordinates":[[[-87.6282,29.3877],[-87.6161,29.4021],[-87.595,29.4133],[-87.565,29.4214],[-87.5393,29.4143],[-87.518,29.3918],[-87.513,29.372],[-87.5243,29.3548],[-87.54,29.3432],[-87.56,29.337],[-87.5861,29.3456],[-87.6182,29.3689],[-87.6282,29.3877]]]}},{"type":"Feature","properties":{"c":"#006600","v0":1.0,"v1":2.0},"geometry":{"type":"Polygon","coordinates":[[[-86.6045,29.3195],[-86.5948,29.3369],[-86.58,29.3473],[-86.56,29.3506],[-86.535,29.3462],[-86.505,29.3342],[-86.4865,29.3152],[-86.4794,29.289],[-86.4994,29.2764],[-86.5465,29.2775],[-86.5798,29.2862],[-86.5995,29.3026],[-86.6045,29.3195]]]}},{"type":"Feature","properties":{"c":"#006600","v0":1.0,"v1":2.0},"geometry":{"type":"Polygon","coordinates":[[[-85.6637,29.2814],[-85.6546,29.2922],[-85.625,29.2984],[-85.575,29.3],[-85.543,29.2945],[-85.5291,29.2821],[-85.5291,29.2712],[-85.543,29.2618],[-85.57,29.2566],[-85.61,29.2557],[-85.6396,29.2604],[-85.6587,29.2707],[-85.6637,29.2814]]]}},{"type":"Feature","properties":{"c":"#006600","v0":1.0,"v1":2.0},"geometry":{"type":"Polygon","coordinates":[[[-88.0127,28.9669],[-87.9576,29.0129],[-87.9243,29.0654],[-87.913,29.1243],[-87.878,29.1552],[-87.8193,29.1582],[-87.735,29.1864],[-87.625,29.2398],[-87.555,29.2612],[-87.525,29.2506],[-87.4738,29.2136],[-87.4015,29.1504],[-87.3715,29.1032],[-87.3838,29.072],[-87.42,29.04],[-87.48,29.0073],[-87.58,28.9797],[-87.72,28.9572],[-87.825,28.9505],[-87.895,28.9597],[-87.945,28.9532],[-87.975,28.9312],[-88.0026,28.9261],[-88.0277,28.938],[-88.0127,28.9669]],[[-87.883,29.0372],[-87.8743,29.0839],[-87.825,29.125],[-87.735,29.1606],[-87.68,29.1755],[-87.66,29.1698],[-87.6419,29.1505],[-87.6256,29.1177],[-87.6009,29.0882],[-87.5679,29.062],[-87.561,29.0401],[-87.5804,29.0226],[-87.635,29.0033],[-87.725,28.9821],[-87.79,28.9736],[-87.83,28.9778],[-87.8593,28.9884],[-87.878,29.0054],[-87.883,29.0372]]]}},{"type":"Feature","properties":{"c":"#006600","v0":1.0,"v1":2.0},"geometry":{"type":"Polygon","coordinates":[[[-86.6383,29.1415],[-86.6194,29.1519],[-86.59,29.1555],[-86.55,29.1523],[-86.5117,29.1427],[-86.475,29.1268],[-86.4531,29.11],[-86.4459,29.0926],[-86.4792,29.0763],[-86.5531,29.0613],[-86.5999,29.0613],[-86.6197,29.0763],[-86.6342,29.0969],[-86.6433,29.1231],[-86.6383,29.1415]]]}},{"type":"Feature","properties":{"c":"#006600","v0":1.0,"v1":2.0},"geometry":{"type":"Polygon","coordinates":[[[-88.175,29.0883],[-88.1717,29.0973],[-88.15,29.1008],[-88.11,29.0988],[-88.0812,29.0856],[-88.0635,29.0611],[-88.0685,29.0464],[-88.0962,29.0415],[-88.1267,29.0503],[-88.16,29.0726],[-88.175,29.0883]]]}},{"type":"Feature","properties":{"c":"#006600","v0":1.0,"v1":2.0},"geometry":{"type":"Polygon","coordinates":[[[-86.3568,28.8769],[-86.3389,28.8829],[-86.325,28.8785],[-86.315,28.8637],[-86.32,28.8547],[-86.34,28.8515],[-86.3539,28.8559],[-86.3618,28.8679],[-86.3568,28.8769]]]}},{"type":"Feature","properties":{"c":"#006600","v0":1.0,"v1":2.0},"geometry":{"type":"Polygon","coordinates":[[[-87.5615,28.7626],[-87.5405,28.7856],[-87.515,28.8009],[-87.485,28.8086],[-87.455,28.8067],[-87.425,28.7953],[-87.406,28.7799],[-87.398,28.7608],[-87.4015,28.7424],[-87.4165,28.7249],[-87.4405,28.7139],[-87.4735,28.7096],[-87.5105,28.7183],[-87.5515,28.7402],[-87.5615,28.7626]]]}},{"type":"Feature","properties":{"c":"#006600","v0":1.0,"v1":2.0},"geometry":{"type":"Polygon","coordinates":[[[-86.3029,28.7256],[-86.2276,28.7796],[-86.1691,28.8058],[-86.1274,28.8045],[-86.1012,28.7906],[-86.0907,28.7643],[-86.1283,28.7249],[-86.2141,28.6722],[-86.2252,28.6351],[-86.1617,28.6135],[-86.1166,28.5872],[-86.0897,28.5561],[-86.0797,28.5319],[-86.0866,28.5145],[-86.1375,28.5101],[-86.2325,28.5187],[-86.2951,28.5669],[-86.3254,28.6547],[-86.3029,28.7256]],[[-86.2419,28.5769],[-86.2206,28.5795],[-86.199,28.5751],[-86.177,28.5638],[-86.182,28.5552],[-86.214,28.5495],[-86.2356,28.5539],[-86.2469,28.5684],[-86.2419,28.5769]]]}},{"type":"Feature","properties":{"c":"#006600","v0":1.0,"v1":2.0},"geometry":{"type":"Polygon","coordinates":[[[-85.6953,28.6121],[-85.6784,28.6146],[-85.6698,28.6102],[-85.6695,28.5989],[-85.6779,28.5976],[-85.6951,28.6064],[-85.6953,28.6121]]]}},{"type":"Feature","properties":{"c":"#006600","v0":1.0,"v1":2.0},"geometry":{"type":"Polygon","coordinates":[[[-87.0205,28.5761],[-87.0002,28.5769],[-86.9789,28.5681],[-86.9568,28.5497],[-86.967,28.5493],[-87.0095,28.5669],[-87.0205,28.5761]]]}},{"type":"Feature","properties":{"c":"#006600","v0":1.0,"v1":2.0},"geometry":{"type":"Polygon","coordinates":[[[-86.7502,28.5625],[-86.7367,28.5712],[-86.7123,28.5669],[-86.677,28.5493],[-86.6716,28.5361],[-86.6961,28.5273],[-86.7205,28.5317],[-86.7448,28.5493],[-86.7502,28.5625]]]}},{"type":"Feature","properties":{"c":"#006600","v0":1.0,"v1":2.0},"geometry":{"type":"Polygon","coordinates":[[[-86.5269,28.4587],[-86.5156,28.4709],[-86.4896,28.4753],[-86.4489,28.4719],[-86.4165,28.457],[-86.3924,28.4306],[-86.3828,28.399],[-86.3876,28.362],[-86.395,28.3397],[-86.405,28.3322],[-86.42,28.3335],[-86.44,28.3437],[-86.4706,28.3747],[-86.5119,28.4267],[-86.5269,28.4587]]]}},{"type":"Feature","properties":{"c":"#006600","v0":1.0,"v1":2.0},"geometry":{"type":"Polygon","coordinates":[[[-86.7725,28.4248],[-86.7442,28.4396],[-86.7137,28.444],[-86.681,28.438],[-86.6538,28.4219],[-86.6321,28.3955],[-86.6241,28.3691],[-86.6301,28.3427],[-86.6423,28.3238],[-86.6608,28.3125],[-86.685,28.3094],[-86.715,28.3147],[-86.7442,28.3424],[-86.7725,28.3924],[-86.7725,28.4248]],[[-86.7007,28.3698],[-86.6936,28.3801],[-86.6882,28.3801],[-86.6846,28.3698],[-86.6882,28.3647],[-86.6989,28.3647],[-86.7007,28.3698]]]}},{"type":"Feature","properties":{"c":"#006600","v0":1.0,"v1":2.0},"geometry":{"type":"Polygon","coordinates":[[[-85.919,28.1365],[-85.8997,28.1734],[-85.875,28.1937],[-85.845,28.1974],[-85.8209,28.1922],[-85.8027,28.178],[-85.7933,28.1533],[-85.7926,28.118],[-85.8017,28.0918],[-85.8206,28.0746],[-85.845,28.0668],[-85.875,28.0683],[-85.8997,28.0813],[-85.919,28.1058],[-85.919,28.1365]],[[-85.8643,28.1224],[-85.8487,28.1312],[-85.8432,28.1282],[-85.8477,28.1134],[-85.8555,28.109],[-85.8666,28.115],[-85.8643,28.1224]]]}},{"type":"Feature","properties":{"c":"#006600","v0":1.0,"v1":2.0},"geometry":{"type":"Polygon","coordinates":[[[-82.025,27.4157],[-82.015,27.427],[-81.9943,27.4315],[-81.9628,27.429],[-81.9528,27.4218],[-81.9643,27.4099],[-81.985,27.4055],[-82.015,27.4085],[-82.025,27.4157]]]}},{"type":"Feature","properties":{"c":"#006600","v0":1.0,"v1":2.0},"geometry":{"type":"Polygon","coordinates":[[[-81.3546,27.3961],[-81.3515,27.4038],[-81.345,27.4048],[-81.335,27.3991],[-81.33,27.3886],[-81.33,27.3736],[-81.3365,27.3726],[-81.3496,27.3857],[-81.3546,27.3961]]]}},{"type":"Feature","properties":{"c":"#006600","v0":1.0,"v1":2.0},"geometry":{"type":"Polygon","coordinates":[[[-82.0868,26.9741],[-82.0743,26.992],[-82.0537,26.9875],[-82.025,26.9608],[-82.0205,26.9426],[-82.0402,26.9328],[-82.0608,26.9373],[-82.0823,26.9559],[-82.0868,26.9741]]]}},{"type":"Feature","properties":{"c":"#006600","v0":1.0,"v1":2.0},"geometry":{"type":"Polygon","coordinates":[[[-82.0599,26.7925],[-82.04,26.804],[-82.0203,26.7995],[-82.0008,26.7792],[-82.0008,26.7636],[-82.0203,26.753],[-82.04,26.7574],[-82.0599,26.777],[-82.0599,26.7925]]]}},{"type":"Feature","properties":{"c":"#006600","v0":1.0,"v1":2.0},"geometry":{"type":"Polygon","coordinates":[[[-78.6453,25.1222],[-78.6351,25.138],[-78.62,25.1471],[-78.6,25.1493],[-78.5834,25.1369],[-78.5702,25.1098],[-78.5752,25.0881],[-78.5984,25.0719],[-78.6201,25.0765],[-78.6403,25.1017],[-78.6453,25.1222]]]}},{"type":"Feature","properties":{"c":"#006600","v0":1.0,"v1":2.0},"geometry":{"type":"Polygon","coordinates":[[[-78.175,24.6243],[-78.1556,24.6607],[-78.1471,24.7016],[-78.1494,24.747],[-78.1319,24.8015],[-78.0945,24.865],[-78.0765,24.9421],[-78.078,25.0328],[-78.0616,25.0892],[-78.0272,25.1114],[-78.0036,25.1023],[-77.9907,25.062],[-77.9989,25.0056],[-78.0282,24.9331],[-78.0281,24.8696],[-77.9985,24.8151],[-77.9875,24.7606],[-77.995,24.7061],[-77.9841,24.6653],[-77.9547,24.638],[-77.9386,24.6107],[-77.9357,24.5834],[-77.9482,24.5605],[-77.9761,24.5419],[-78.0387,24.551],[-78.136,24.5878],[-78.175,24.6243]],[[-78.0868,24.7454],[-78.0756,24.7693],[-78.065,24.781],[-78.055,24.7804],[-78.05,24.7651],[-78.05,24.735],[-78.055,24.7176],[-78.065,24.7129],[-78.0756,24.7162],[-78.0868,24.7277],[-78.0868,24.7454]]]}},{"type":"Feature","properties":{"c":"#006600","v0":1.0,"v1":2.0},"geometry":{"type":"Polygon","coordinates":[[[-78.3403,24.5425],[-78.3319,24.5607],[-78.3158,24.5698],[-78.2922,24.5698],[-78.2878,24.5553],[-78.3026,24.5264],[-78.3186,24.5173],[-78.3359,24.528],[-78.3403,24.5425]]]}},{"type":"Feature","properties":{"c":"#ffff00","v0":2.0,"v1":3.0},"geometry":{"type":"Polygon","coordinates":[[[-99.1566,42.5249],[-99.1328,42.5397],[-99.1032,42.5472],[-99.0677,42.5474],[-99.016,42.5069],[-98.9481,42.4255],[-98.9281,42.3845],[-98.956,42.3839],[-98.9942,42.3949],[-99.0426,42.4177],[-99.0922,42.4512],[-99.1431,42.4955],[-99.1566,42.5249]]]}},{"type":"Feature","properties":{"c":"#ffff00","v0":2.0,"v1":3.0},"geometry":{"type":"Polygon","coordinates":[[[-98.4847,41.7127],[-98.4556,41.7351],[-98.4233,41.7489],[-98.3878,41.7542],[-98.3374,41.7393],[-98.2721,41.7041],[-98.2347,41.6791],[-98.225,41.6641],[-98.2276,41.6508],[-98.2425,41.639],[-98.265,41.6312],[-98.295,41.6274],[-98.335,41.6312],[-98.385,41.6427],[-98.4323,41.6617],[-98.4769,41.6882],[-98.4847,41.7127]]]}},{"type":"Feature","properties":{"c":"#ffff00","v0":2.0,"v1":3.0},"geometry":{"type":"Polygon","coordinates":[[[-98.0867,41.571],[-98.0756,41.5792],[-98.035,41.5769],[-97.965,41.5642],[-97.905,41.539],[-97.855,41.5013],[-97.784,41.4736],[-97.6921,41.4559],[-97.6409,41.4396],[-97.6304,41.4246],[-97.6332,41.4021],[-97.6495,41.3721],[-97.6448,41.3421],[-97.619,41.312],[-97.6076,41.2895],[-97.6105,41.2745],[-97.6215,41.2648],[-97.6405,41.2605],[-97.705,41.2847],[-97.815,41.3376],[-97.9047,41.3735],[-97.9742,41.3926],[-98.0006,41.4209],[-97.984,41.4583],[-98.0049,41.4996],[-98.0632,41.5445],[-98.0867,41.571]]]}},{"type":"Feature","properties":{"c":"#ffff00","v0":2.0,"v1":3.0},"geometry":{"type":"Polygon","coordinates":[[[-98.3971,41.527],[-98.3924,41.5369],[-98.38,41.5409],[-98.36,41.539],[-98.3406,41.5265],[-98.3219,41.5036],[-98.3254,41.4921],[-98.3512,41.4921],[-98.3729,41.4996],[-98.3906,41.5145],[-98.3971,41.527]]]}},{"type":"Feature","properties":{"c":"#ffff00","v0":2.0,"v1":3.0},"geometry":{"type":"Polygon","coordinates":[[[-97.5909,41.1519],[-97.577,41.1625],[-97.56,41.1625],[-97.54,41.1519],[-97.535,41.1422],[-97.545,41.1336],[-97.562,41.1336],[-97.5859,41.1422],[-97.5909,41.1519]]]}},{"type":"Feature","properties":{"c":"#ffff00","v0":2.0,"v1":3.0},"geometry":{"type":"Polygon","coordinates":[[[-86.2649,29.2312],[-86.2416,29.2465],[-86.2266,29.2683],[-86.2198,29.2967],[-86.2049,29.3195],[-86.1818,29.337],[-86.1702,29.3684],[-86.1701,29.4139],[-86.155,29.4386],[-86.125,29.4426],[-86.085,29.4296],[-86.035,29.3998],[-85.985,29.4043],[-85.935,29.4431],[-85.9,29.4772],[-85.88,29.5064],[-85.8564,29.5207],[-85.8292,29.5202],[-85.8182,29.5068],[-85.8234,29.4807],[-85.8457,29.4459],[-85.8851,29.4023],[-85.9061,29.3531],[-85.9087,29.2983],[-85.94,29.2841],[-86.0,29.3108],[-86.0349,29.3077],[-86.0448,29.2749],[-86.0433,29.241],[-86.0307,29.2061],[-86.0358,29.1636],[-86.0586,29.1135],[-86.095,29.0991],[-86.145,29.1205],[-86.1966,29.1542],[-86.2499,29.2005],[-86.2649,29.2312]],[[-86.1708,29.2017],[-86.1536,29.2279],[-86.1514,29.2541],[-86.1643,29.2803],[-86.1556,29.3022],[-86.1252,29.3198],[-86.1025,29.3198],[-86.0876,29.3022],[-86.0776,29.2589],[-86.0725,29.1901],[-86.08,29.1482],[-86.1,29.1335],[-86.1273,29.1417],[-86.162,29.173],[-86.1708,29.2017]]]}},{"type":"Feature","properties":{"c":"#ffff00","v0":2.0,"v1":3.0},"geometry":{"type":"Polygon","coordinates":[[[-87.0513,29.1409],[-87.0504,29.1501],[-87.015,29.1685],[-86.945,29.1959],[-86.87,29.2093],[-86.79,29.2088],[-86.743,29.1992],[-86.7291,29.1805],[-86.7291,29.1494],[-86.743,29.1057],[-86.7776,29.0707],[-86.8327,29.0445],[-86.8592,29.0182],[-86.8571,28.992],[-86.8695,28.9686],[-86.8965,28.9479],[-86.9254,28.9436],[-86.9561,28.9554],[-86.9663,28.9833],[-86.9559,29.027],[-86.9555,29.0598],[-86.9652,29.0816],[-86.9904,29.1034],[-87.0313,29.1253],[-87.0513,29.1409]],[[-86.958,29.145],[-86.9498,29.1624],[-86.9368,29.1746],[-86.9189,29.1815],[-86.875,29.1822],[-86.805,29.1769],[-86.7679,29.1691],[-86.7637,29.1588],[-86.7687,29.1403],[-86.7829,29.1134],[-86.815,29.091],[-86.865,29.0732],[-86.9,29.0688],[-86.92,29.0777],[-86.938,29.0956],[-86.954,29.1227],[-86.958,29.145]]]}},{"type":"Feature","properties":{"c":"#ffff00","v0":2.0,"v1":3.0},"geometry":{"type":"Polygon","coordinates":[[[-87.883,29.0372],[-87.8743,29.0839],[-87.825,29.125],[-87.735,29.1606],[-87.68,29.1755],[-87.66,29.1698],[-87.6419,29.1505],[-87.6256,29.1177],[-87.6009,29.0882],[-87.5679,29.062],[-87.561,29.0401],[-87.5804,29.0226],[-87.635,29.0033],[-87.725,28.9821],[-87.79,28.9736],[-87.83,28.9778],[-87.8593,28.9884],[-87.878,29.0054],[-87.883,29.0372]],[[-87.8496,29.0439],[-87.8365,29.0689],[-87.8,29.0967],[-87.74,29.1274],[-87.7,29.1386],[-87.68,29.1304],[-87.6564,29.107],[-87.6292,29.0682],[-87.6542,29.034],[-87.7314,29.0042],[-87.7853,28.9911],[-87.8158,28.9946],[-87.8373,29.0051],[-87.8498,29.0226],[-87.8496,29.0439]]]}},{"type":"Feature","properties":{"c":"#ffff00","v0":2.0,"v1":3.0},"geometry":{"type":"Polygon","coordinates":[[[-87.2551,28.9439],[-87.2407,28.9439],[-87.2326,28.9395],[-87.2308,28.9308],[-87.2375,28.9264],[-87.2526,28.9264],[-87.2607,28.9308],[-87.2618,28.9395],[-87.2551,28.9439]]]}},{"type":"Feature","properties":{"c":"#ffff00","v0":2.0,"v1":3.0},"geometry":{"type":"Polygon","coordinates":[[[-85.9421,28.8965],[-85.9207,28.9067],[-85.9069,28.9023],[-85.9007,28.8833],[-85.9057,28.8694],[-85.9219,28.8605],[-85.9357,28.8649],[-85.9471,28.8825],[-85.9421,28.8965]]]}},{"type":"Feature","properties":{"c":"#ffff00","v0":2.0,"v1":3.0},"geometry":{"type":"Polygon","coordinates":[[[-86.2419,28.5769],[-86.2206,28.5795],[-86.199,28.5751],[-86.177,28.5638],[-86.182,28.5552],[-86.214,28.5495],[-86.2356,28.5539],[-86.2469,28.5684],[-86.2419,28.5769]]]}},{"type":"Feature","properties":{"c":"#ffff00","v0":2.0,"v1":3.0},"geometry":{"type":"Polygon","coordinates":[[[-86.7007,28.3698],[-86.6936,28.3801],[-86.6882,28.3801],[-86.6846,28.3698],[-86.6882,28.3647],[-86.6989,28.3647],[-86.7007,28.3698]]]}},{"type":"Feature","properties":{"c":"#ffff00","v0":2.0,"v1":3.0},"geometry":{"type":"Polygon","coordinates":[[[-85.8643,28.1224],[-85.8487,28.1312],[-85.8432,28.1282],[-85.8477,28.1134],[-85.8555,28.109],[-85.8666,28.115],[-85.8643,28.1224]]]}},{"type":"Feature","properties":{"c":"#ffff00","v0":2.0,"v1":3.0},"geometry":{"type":"Polygon","coordinates":[[[-78.0868,24.7454],[-78.0756,24.7693],[-78.065,24.781],[-78.055,24.7804],[-78.05,24.7651],[-78.05,24.735],[-78.055,24.7176],[-78.065,24.7129],[-78.0756,24.7162],[-78.0868,24.7277],[-78.0868,24.7454]]]}},{"type":"Feature","properties":{"c":"#ffcc00","v0":3.0,"v1":4.0},"geometry":{"type":"Polygon","coordinates":[[[-86.1708,29.2017],[-86.1536,29.2279],[-86.1514,29.2541],[-86.1643,29.2803],[-86.1556,29.3022],[-86.1252,29.3198],[-86.1025,29.3198],[-86.0876,29.3022],[-86.0776,29.2589],[-86.0725,29.1901],[-86.08,29.1482],[-86.1,29.1335],[-86.1273,29.1417],[-86.162,29.173],[-86.1708,29.2017]]]}},{"type":"Feature","properties":{"c":"#ffcc00","v0":3.0,"v1":4.0},"geometry":{"type":"Polygon","coordinates":[[[-86.958,29.145],[-86.9498,29.1624],[-86.9368,29.1746],[-86.9189,29.1815],[-86.875,29.1822],[-86.805,29.1769],[-86.7679,29.1691],[-86.7637,29.1588],[-86.7687,29.1403],[-86.7829,29.1134],[-86.815,29.091],[-86.865,29.0732],[-86.9,29.0688],[-86.92,29.0777],[-86.938,29.0956],[-86.954,29.1227],[-86.958,29.145]],[[-86.9258,29.144],[-86.9019,29.1596],[-86.8701,29.1596],[-86.8304,29.144],[-86.8158,29.1275],[-86.8263,29.11],[-86.8462,29.0976],[-86.8754,29.0901],[-86.9019,29.0988],[-86.9258,29.1238],[-86.9258,29.144]]]}},{"type":"Feature","properties":{"c":"#ffcc00","v0":3.0,"v1":4.0},"geometry":{"type":"Polygon","coordinates":[[[-87.8496,29.0439],[-87.8365,29.0689],[-87.8,29.0967],[-87.74,29.1274],[-87.7,29.1386],[-87.68,29.1304],[-87.6564,29.107],[-87.6292,29.0682],[-87.6542,29.034],[-87.7314,29.0042],[-87.7853,28.9911],[-87.8158,28.9946],[-87.8373,29.0051],[-87.8498,29.0226],[-87.8496,29.0439]],[[-87.8179,29.0401],[-87.8081,29.0576],[-87.7799,29.0749],[-87.7333,29.0921],[-87.6996,29.0921],[-87.6789,29.0749],[-87.6889,29.0525],[-87.7296,29.0249],[-87.765,29.0117],[-87.795,29.0131],[-87.8132,29.0182],[-87.8196,29.027],[-87.8179,29.0401]]]}},{"type":"Feature","properties":{"c":"#ff9100","v0":4.0,"v1":6.0},"geometry":{"type":"Polygon","coordinates":[[[-86.9258,29.144],[-86.9019,29.1596],[-86.8701,29.1596],[-86.8304,29.144],[-86.8158,29.1275],[-86.8263,29.11],[-86.8462,29.0976],[-86.8754,29.0901],[-86.9019,29.0988],[-86.9258,29.1238],[-86.9258,29.144]]]}},{"type":"Feature","properties":{"c":"#ff9100","v0":4.0,"v1":6.0},"geometry":{"type":"Polygon","coordinates":[[[-87.8179,29.0401],[-87.8081,29.0576],[-87.7799,29.0749],[-87.7333,29.0921],[-87.6996,29.0921],[-87.6789,29.0749],[-87.6889,29.0525],[-87.7296,29.0249],[-87.765,29.0117],[-87.795,29.0131],[-87.8132,29.0182],[-87.8196,29.027],[-87.8179,29.0401]]]}}]}