{"type":"FeatureCollection","features":[{"type":"Feature","properties":{"c":"#00fb90","v0":0.04,"v1":0.05},"geometry":{"type":"Polygon","coordinates":[[[-122.1041,54.9943],[-122.0843,54.9943],[-122.0837,54.9828],[-122.0958,54.9713],[-122.15,54.938],[-122.21,54.922],[-122.29,54.8708],[-122.2946,54.8563],[-122.2792,54.8218],[-122.2858,54.8103],[-122.33,54.7934],[-122.37,54.7866],[-122.3913,54.7757],[-122.39,54.7634],[-122.3549,54.7641],[-122.31,54.7755],[-122.2593,54.7987],[-122.2359,54.8218],[-122.2113,54.8333],[-122.1338,54.8448],[-122.0987,54.8563],[-122.0507,54.8794],[-122.0046,54.9139],[-121.9394,54.9483],[-121.8791,54.9943],[-121.87,54.9943],[-121.89,54.976],[-122.0005,54.9139],[-122.05,54.8771],[-122.0934,54.8563],[-122.13,54.8438],[-122.21,54.8315],[-122.27,54.7882],[-122.33,54.7672],[-122.37,54.7597],[-122.39,54.7589],[-122.4039,54.7641],[-122.3976,54.7757],[-122.3777,54.7872],[-122.33,54.7965],[-122.2934,54.8103],[-122.2846,54.8218],[-122.2991,54.8563],[-122.29,54.876],[-122.2135,54.9254],[-122.17,54.9345],[-122.1385,54.9483],[-122.0985,54.9828],[-122.1041,54.9943]]]}},{"type":"Feature","properties":{"c":"#00fb90","v0":0.04,"v1":0.05},"geometry":{"type":"Polygon","coordinates":[[[-112.4519,54.9828],[-112.4155,54.9943],[-112.47,54.9678],[-112.5237,54.9139],[-112.5826,54.8678],[-112.6253,54.8448],[-112.67,54.8283],[-112.6891,54.8103],[-112.6867,54.7987],[-112.67,54.7844],[-112.5797,54.7641],[-112.5387,54.741],[-112.5434,54.7295],[-112.5795,54.7064],[-112.5743,54.6948],[-112.55,54.6838],[-112.53,54.6812],[-112.49,54.6855],[-112.45,54.7022],[-112.4269,54.7295],[-112.408,54.741],[-112.3711,54.7526],[-112.33,54.758],[-112.23,54.761],[-112.21,54.7565],[-112.178,54.7295],[-112.15,54.7197],[-112.058,54.7179],[-112.17,54.6206],[-112.3524,54.5443],[-112.4356,54.4978],[-112.4456,54.4862],[-112.4334,54.463],[-112.4329,54.4281],[-112.3993,54.4048],[-112.3823,54.3582],[-112.37,54.3465],[-112.35,54.3385],[-112.33,54.338],[-112.21,54.3791],[-112.183,54.3932],[-112.1531,54.4164],[-112.1292,54.463],[-112.05,54.5169],[-112.01,54.5317],[-111.9057,54.5559],[-111.8774,54.6254],[-111.85,54.6393],[-111.77,54.6521],[-111.63,54.6583],[-111.57,54.6537],[-111.51,54.633],[-111.45,54.6354],[-111.413,54.6486],[-111.27,54.7316],[-111.17,54.7608],[-111.1222,54.7872],[-111.01,54.804],[-110.91,54.8353],[-110.83,54.8415],[-110.77,54.8576],[-110.7461,54.8563],[-110.738,54.8448],[-110.7459,54.8333],[-110.77,54.8203],[-110.815,54.8103],[-110.821,54.7987],[-110.69,54.7933],[-110.65,54.7962],[-110.5812,54.8103],[-110.5489,54.8218],[-110.55,54.8337],[-110.61,54.8424],[-110.6458,54.8563],[-110.6559,54.8678],[-110.6377,54.8794],[-110.5484,54.9024],[-110.27,54.9568],[-110.23,54.9601],[-110.15,54.9579],[-110.07,54.9857],[-110.0458,54.9713],[-110.01,54.9617],[-109.95,54.9655],[-109.91,54.9766],[-109.8759,54.9943],[-109.91,54.9751],[-109.95,54.9644],[-110.01,54.9601],[-110.03,54.9627],[-110.07,54.9791],[-110.09,54.9767],[-110.15,54.9556],[-110.27,54.9548],[-110.5434,54.9024],[-110.6282,54.8794],[-110.6463,54.8678],[-110.6364,54.8563],[-110.61,54.846],[-110.59,54.8405],[-110.55,54.839],[-110.5368,54.8333],[-110.5404,54.8218],[-110.5659,54.8103],[-110.65,54.7946],[-110.79,54.7928],[-110.8343,54.7987],[-110.8259,54.8103],[-110.77,54.8244],[-110.7522,54.8333],[-110.7456,54.8448],[-110.77,54.8538],[-110.83,54.8382],[-110.91,54.8338],[-110.99,54.8062],[-111.1138,54.7872],[-111.13,54.7828],[-111.17,54.7584],[-111.27,54.73],[-111.41,54.6474],[-111.45,54.6335],[-111.51,54.6289],[-111.59,54.652],[-111.65,54.6558],[-111.77,54.6461],[-111.85,54.6318],[-111.8767,54.6138],[-111.8918,54.5675],[-111.91,54.5502],[-111.99,54.5357],[-112.05,54.5157],[-112.1247,54.463],[-112.1492,54.4164],[-112.1794,54.3932],[-112.21,54.3774],[-112.33,54.3365],[-112.35,54.3367],[-112.37,54.3441],[-112.3846,54.3582],[-112.4027,54.4048],[-112.4397,54.4281],[-112.439,54.463],[-112.461,54.4862],[-112.4512,54.4978],[-112.41,54.5138],[-112.3567,54.5443],[-112.1855,54.6138],[-112.1525,54.637],[-112.0792,54.7064],[-112.09,54.7173],[-112.13,54.7156],[-112.17,54.7238],[-112.2,54.741],[-112.21,54.7541],[-112.25,54.7596],[-112.35,54.7548],[-112.39,54.7453],[-112.422,54.7295],[-112.4562,54.6948],[-112.4904,54.6833],[-112.55,54.682],[-112.5779,54.6948],[-112.5836,54.7064],[-112.5487,54.7295],[-112.5429,54.741],[-112.5556,54.7526],[-112.5839,54.7641],[-112.67,54.7829],[-112.6891,54.7987],[-112.6916,54.8103],[-112.67,54.83],[-112.5864,54.8678],[-112.4519,54.9828]]]}},{"type":"Feature","properties":{"c":"#00fb90","v0":0.04,"v1":0.05},"geometry":{"type":"Polygon","coordinates":[[[-121.0514,54.7064],[-121.03,54.7054],[-120.97,54.6825],[-120.93,54.6782],[-120.81,54.7137],[-120.79,54.7168],[-120.7754,54.7064],[-120.7613,54.6486],[-120.7826,54.6138],[-120.7764,54.5791],[-120.797,54.5327],[-120.79,54.5175],[-120.77,54.5016],[-120.69,54.4944],[-120.65,54.4999],[-120.61,54.5119],[-120.59,54.5115],[-120.53,54.4931],[-120.45,54.4987],[-120.35,54.4917],[-120.31,54.4768],[-120.2986,54.4513],[-120.3032,54.3582],[-120.3362,54.3116],[-120.3506,54.2765],[-120.3799,54.2415],[-120.3826,54.2181],[-120.4056,54.183],[-120.3929,54.1596],[-120.37,54.151],[-120.31,54.1551],[-120.25,54.1873],[-120.23,54.1884],[-120.15,54.1777],[-120.11,54.1858],[-120.03,54.1841],[-119.91,54.2471],[-119.87,54.2494],[-119.83,54.2623],[-119.7705,54.3116],[-119.7425,54.3466],[-119.71,54.3549],[-119.65,54.3615],[-119.59,54.3987],[-119.57,54.3989],[-119.5441,54.3699],[-119.5074,54.3466],[-119.51,54.3127],[-119.6132,54.2532],[-119.6361,54.2298],[-119.664,54.183],[-119.7183,54.1596],[-119.844,54.1362],[-119.95,54.1336],[-120.03,54.1212],[-120.11,54.1199],[-120.15,54.1117],[-120.19,54.1098],[-120.21,54.1063],[-120.3016,54.0658],[-120.3121,54.0541],[-120.3121,54.0423],[-120.2983,54.0306],[-120.2433,54.0188],[-120.2075,53.9835],[-120.17,53.9729],[-120.15,53.9741],[-120.11,53.9979],[-120.09,54.0038],[-120.07,54.0015],[-120.01,53.9788],[-119.9935,53.9835],[-119.9841,54.0071],[-119.9709,54.0188],[-119.95,54.0262],[-119.93,54.0213],[-119.97,53.9854],[-119.9815,53.9835],[-119.9694,53.96],[-119.9933,53.9365],[-119.9862,53.8776],[-120.0245,53.8422],[-120.11,53.8324],[-120.19,53.8149],[-120.27,53.8162],[-120.37,53.8052],[-120.63,53.8036],[-120.73,53.788],[-120.79,53.7612],[-120.8654,53.7358],[-120.9225,53.6648],[-120.9655,53.5699],[-121.0002,53.5223],[-121.0087,53.4985],[-121.0603,53.4628],[-121.1522,53.3675],[-121.1564,53.3436],[-121.13,53.3063],[-121.1106,53.2599],[-121.13,53.2157],[-121.1441,53.2],[-121.21,53.1741],[-121.33,53.0949],[-121.41,53.0522],[-121.4788,52.9718],[-121.53,52.8987],[-121.59,52.8551],[-121.65,52.7968],[-121.67,52.7858],[-121.69,52.7846],[-121.73,52.8286],[-121.75,52.8356],[-121.77,52.8348],[-121.8067,52.8149],[-121.87,52.7414],[-121.9457,52.6817],[-121.97,52.6525],[-121.99,52.6561],[-121.9988,52.6817],[-122.01,52.6924],[-122.03,52.6976],[-122.05,52.6922],[-122.0871,52.6696],[-122.1086,52.6453],[-122.1344,52.5725],[-122.1816,52.5238],[-122.2112,52.4751],[-122.41,52.3473],[-122.47,52.3379],[-122.5412,52.3042],[-122.57,52.2391],[-122.5999,52.2063],[-122.6554,52.1204],[-122.69,52.1033],[-122.73,52.0965],[-122.75,52.113],[-122.7555,52.1327],[-122.7313,52.2185],[-122.7546,52.2798],[-122.7495,52.3409],[-122.8192,52.4995],[-122.8141,52.5725],[-122.79,52.6498],[-122.77,52.6766],[-122.75,52.6977],[-122.685,52.7423],[-122.6249,52.8028],[-122.57,52.8223],[-122.5417,52.8391],[-122.523,52.8633],[-122.5177,52.8995],[-122.4943,52.9477],[-122.45,52.987],[-122.43,52.9939],[-122.4227,52.9838],[-122.4304,52.9115],[-122.3948,52.8391],[-122.4022,52.8028],[-122.403,52.6939],[-122.3633,52.6089],[-122.33,52.5763],[-122.31,52.5719],[-122.29,52.5768],[-122.2642,52.5968],[-122.2345,52.6696],[-122.237,52.6939],[-122.2689,52.7544],[-122.2796,52.7907],[-122.2904,52.8028],[-122.3382,52.827],[-122.3441,52.8391],[-122.3212,52.8633],[-122.3138,52.8874],[-122.3441,52.9718],[-122.341,52.9838],[-122.31,52.9932],[-122.2723,52.9838],[-122.23,52.9639],[-122.21,52.9611],[-122.195,52.9718],[-122.2154,53.0199],[-122.2793,53.068],[-122.2841,53.0801],[-122.2624,53.1041],[-122.2008,53.1401],[-122.1703,53.1761],[-122.1208,53.2],[-122.1167,53.212],[-122.1255,53.2479],[-122.15,53.2792],[-122.19,53.2911],[-122.23,53.287],[-122.25,53.2904],[-122.2751,53.3197],[-122.2951,53.3675],[-122.2718,53.4032],[-122.2706,53.4271],[-122.2951,53.4747],[-122.2944,53.4866],[-122.19,53.5982],[-122.1179,53.6648],[-122.09,53.7024],[-122.07,53.7172],[-122.03,53.7342],[-121.9971,53.7595],[-121.9755,53.7831],[-121.96,53.8304],[-121.95,53.8364],[-121.93,53.8379],[-121.9014,53.8304],[-121.87,53.8303],[-121.8359,53.8422],[-121.8236,53.854],[-121.8291,53.8776],[-121.86,53.9011],[-121.8709,53.9247],[-121.8594,53.9482],[-121.8254,53.9835],[-121.8115,54.0188],[-121.7739,54.0423],[-121.7366,54.0893],[-121.7284,54.1244],[-121.7032,54.1596],[-121.6889,54.2298],[-121.7003,54.2649],[-121.6856,54.3116],[-121.71,54.3453],[-121.708,54.3699],[-121.6543,54.4164],[-121.61,54.4362],[-121.5869,54.463],[-121.51,54.4972],[-121.47,54.4811],[-121.45,54.48],[-121.43,54.4858],[-121.3747,54.5559],[-121.27,54.5886],[-121.21,54.623],[-121.15,54.644],[-121.0514,54.7064]],[[-120.81,54.7066],[-120.85,54.6992],[-120.91,54.6759],[-120.93,54.673],[-120.97,54.6752],[-121.03,54.6873],[-121.05,54.6877],[-121.07,54.6803],[-121.13,54.6453],[-121.21,54.6155],[-121.27,54.5822],[-121.3532,54.5559],[-121.43,54.4796],[-121.47,54.4711],[-121.51,54.4794],[-121.57,54.4625],[-121.6075,54.4281],[-121.65,54.407],[-121.6926,54.3699],[-121.6975,54.3466],[-121.673,54.3116],[-121.6913,54.2649],[-121.6784,54.2298],[-121.6945,54.1596],[-121.7384,54.0775],[-121.7668,54.0423],[-121.8024,54.0188],[-121.8186,53.9835],[-121.858,53.9365],[-121.8571,53.9129],[-121.8206,53.8776],[-121.8174,53.854],[-121.83,53.8418],[-121.87,53.8271],[-121.93,53.8288],[-121.95,53.8239],[-121.98,53.7713],[-122.0191,53.7358],[-122.0699,53.7122],[-122.09,53.6943],[-122.1211,53.6529],[-122.1895,53.5936],[-122.2054,53.5699],[-122.2891,53.4866],[-122.2903,53.4747],[-122.2617,53.4152],[-122.2845,53.3675],[-122.2824,53.3555],[-122.2564,53.3077],[-122.23,53.2935],[-122.17,53.2918],[-122.15,53.2829],[-122.1282,53.2599],[-122.11,53.2138],[-122.05,53.2185],[-122.03,53.2131],[-122.0165,53.2],[-122.0014,53.1521],[-122.0156,53.1041],[-122.03,53.0877],[-122.05,53.0823],[-122.11,53.0831],[-122.1377,53.0921],[-122.1567,53.1161],[-122.1188,53.1641],[-122.1129,53.1761],[-122.1182,53.1881],[-122.13,53.1901],[-122.1597,53.1761],[-122.1938,53.1401],[-122.2545,53.1041],[-122.2765,53.0801],[-122.2721,53.068],[-122.2115,53.0199],[-122.19,52.9689],[-122.21,52.9572],[-122.23,52.9599],[-122.29,52.9863],[-122.31,52.9884],[-122.33,52.9826],[-122.3345,52.9718],[-122.311,52.8874],[-122.3179,52.8633],[-122.3388,52.8391],[-122.332,52.827],[-122.2848,52.8028],[-122.2752,52.7907],[-122.2299,52.6817],[-122.2598,52.5968],[-122.29,52.573],[-122.31,52.5653],[-122.33,52.5733],[-122.359,52.5968],[-122.4032,52.6817],[-122.4068,52.8028],[-122.4005,52.8391],[-122.4364,52.9115],[-122.4325,52.9477],[-122.4401,52.9718],[-122.45,52.978],[-122.49,52.9468],[-122.5133,52.8995],[-122.5185,52.8633],[-122.537,52.8391],[-122.63,52.7924],[-122.6784,52.7423],[-122.75,52.6915],[-122.7877,52.6453],[-122.811,52.5725],[-122.8149,52.4995],[-122.79,52.4319],[-122.7434,52.3409],[-122.7497,52.2798],[-122.7258,52.2185],[-122.7514,52.1327],[-122.73,52.1023],[-122.69,52.1071],[-122.6639,52.1204],[-122.57,52.2529],[-122.5475,52.3042],[-122.47,52.3452],[-122.41,52.3576],[-122.33,52.4017],[-122.2189,52.4751],[-122.21,52.5002],[-122.2862,52.5238],[-122.3036,52.536],[-122.3007,52.5482],[-122.29,52.5537],[-122.25,52.5442],[-122.2292,52.536],[-122.21,52.5173],[-122.19,52.5232],[-122.1407,52.5725],[-122.1133,52.6453],[-122.09,52.6723],[-122.05,52.6985],[-122.03,52.7037],[-122.01,52.6999],[-121.97,52.6625],[-121.87,52.7457],[-121.8124,52.8149],[-121.79,52.8325],[-121.75,52.8394],[-121.73,52.8331],[-121.69,52.79],[-121.67,52.789],[-121.65,52.7995],[-121.59,52.8574],[-121.532,52.8995],[-121.4719,52.9838],[-121.41,53.0547],[-121.33,53.0979],[-121.2104,53.1761],[-121.1488,53.2],[-121.1298,53.224],[-121.1192,53.2599],[-121.1617,53.3316],[-121.1583,53.3675],[-121.0673,53.4628],[-121.0165,53.4985],[-120.9995,53.5342],[-120.97,53.5705],[-120.9271,53.6648],[-120.87,53.7363],[-120.79,53.7642],[-120.75,53.7847],[-120.61,53.8105],[-120.55,53.8059],[-120.39,53.8077],[-120.27,53.8189],[-120.19,53.8171],[-120.11,53.8356],[-120.03,53.8449],[-119.9925,53.8776],[-119.9908,53.8893],[-120.0105,53.9365],[-120.0084,53.96],[-120.0669,53.9953],[-120.09,53.9988],[-120.15,53.9682],[-120.17,53.9672],[-120.21,53.9773],[-120.25,54.0132],[-120.29,54.0205],[-120.3148,54.0306],[-120.322,54.0423],[-120.314,54.0658],[-120.21,54.1154],[-120.1462,54.1244],[-120.13,54.1307],[-120.05,54.124],[-119.93,54.1388],[-119.85,54.1387],[-119.7852,54.1479],[-119.6942,54.1713],[-119.6636,54.1947],[-119.6259,54.2532],[-119.53,54.3168],[-119.53,54.34],[-119.57,54.3791],[-119.59,54.3836],[-119.65,54.3553],[-119.73,54.3453],[-119.7583,54.3116],[-119.83,54.2551],[-119.85,54.2464],[-119.91,54.2379],[-119.93,54.2303],[-120.03,54.1767],[-120.09,54.1731],[-120.13,54.1607],[-120.23,54.1788],[-120.25,54.176],[-120.29,54.1534],[-120.33,54.1434],[-120.37,54.1421],[-120.4084,54.1596],[-120.4156,54.183],[-120.3927,54.2181],[-120.3806,54.2532],[-120.3575,54.2765],[-120.336,54.3232],[-120.3088,54.3582],[-120.31,54.4648],[-120.33,54.4791],[-120.35,54.4854],[-120.45,54.4904],[-120.53,54.4872],[-120.61,54.5036],[-120.67,54.4888],[-120.77,54.4894],[-120.79,54.5002],[-120.8042,54.5327],[-120.7854,54.5791],[-120.7891,54.6138],[-120.7685,54.6601],[-120.79,54.7014],[-120.81,54.7066]],[[-122.07,53.2157],[-122.1049,53.2],[-122.11,53.1673],[-122.1506,53.1161],[-122.147,53.1041],[-122.1319,53.0921],[-122.09,53.0834],[-122.05,53.0843],[-122.0277,53.0921],[-122.0041,53.1521],[-122.0137,53.1881],[-122.03,53.2106],[-122.05,53.2165],[-122.07,53.2157]],[[-122.29,52.5451],[-122.2965,52.536],[-122.2798,52.5238],[-122.25,52.5129],[-122.23,52.5138],[-122.2248,52.5238],[-122.2402,52.536],[-122.27,52.5449],[-122.29,52.5451]]]}},{"type":"Feature","properties":{"c":"#00fb90","v0":0.04,"v1":0.05},"geometry":{"type":"Polygon","coordinates":[[[-121.6117,54.2064],[-121.59,54.2126],[-121.55,54.2122],[-121.5064,54.1947],[-121.4979,54.183],[-121.4952,54.1479],[-121.51,54.1206],[-121.53,54.1181],[-121.55,54.1255],[-121.6114,54.1713],[-121.6234,54.183],[-121.6245,54.1947],[-121.6117,54.2064]],[[-121.59,54.2087],[-121.6158,54.1947],[-121.6057,54.1713],[-121.55,54.1302],[-121.53,54.122],[-121.51,54.1247],[-121.4985,54.1596],[-121.51,54.1933],[-121.55,54.2095],[-121.59,54.2087]]]}},{"type":"Feature","properties":{"c":"#00fb90","v0":0.04,"v1":0.05},"geometry":{"type":"Polygon","coordinates":[[[-117.2069,54.1947],[-117.19,54.2043],[-117.17,54.2061],[-117.11,54.2059],[-117.092,54.1947],[-117.1043,54.1713],[-117.1218,54.1596],[-117.17,54.1342],[-117.21,54.127],[-117.2286,54.1362],[-117.2288,54.1479],[-117.2069,54.1947]],[[-117.19,54.2013],[-117.21,54.1847],[-117.225,54.1479],[-117.2231,54.1362],[-117.21,54.1298],[-117.1699,54.1362],[-117.11,54.1697],[-117.1,54.183],[-117.0987,54.1947],[-117.11,54.2017],[-117.19,54.2013]]]}},{"type":"Feature","properties":{"c":"#00fb90","v0":0.04,"v1":0.05},"geometry":{"type":"Polygon","coordinates":[[[-113.1201,54.0658],[-113.07,54.0724],[-113.05,54.072],[-113.0381,54.0658],[-113.0747,54.0423],[-113.19,53.9972],[-113.45,53.9321],[-113.51,53.9313],[-113.53,53.9419],[-113.5304,53.96],[-113.51,53.9788],[-113.43,54.0175],[-113.35,54.0377],[-113.25,54.0468],[-113.1201,54.0658]],[[-113.09,54.068],[-113.25,54.0456],[-113.33,54.0398],[-113.41,54.0219],[-113.45,54.0091],[-113.5004,53.9835],[-113.5279,53.96],[-113.53,53.9458],[-113.51,53.9327],[-113.45,53.9332],[-113.2008,53.9953],[-113.1069,54.0306],[-113.0619,54.0541],[-113.05,54.0659],[-113.09,54.068]]]}},{"type":"Feature","properties":{"c":"#00fb90","v0":0.04,"v1":0.05},"geometry":{"type":"Polygon","coordinates":[[[-111.7763,53.9835],[-111.73,53.9885],[-111.67,53.9869],[-111.65,53.983],[-111.6405,53.9718],[-111.651,53.9365],[-111.7458,53.854],[-111.7467,53.8422],[-111.7356,53.8304],[-111.69,53.8117],[-111.67,53.7979],[-111.6569,53.7713],[-111.6593,53.7595],[-111.6837,53.7358],[-111.73,53.7164],[-111.79,53.6802],[-111.87,53.6548],[-111.93,53.6426],[-112.01,53.6079],[-112.05,53.6013],[-112.21,53.5958],[-112.29,53.6074],[-112.35,53.6066],[-112.49,53.6214],[-112.5371,53.6292],[-112.566,53.6411],[-112.5752,53.6766],[-112.59,53.6895],[-112.63,53.7037],[-112.71,53.7129],[-112.7245,53.724],[-112.7072,53.7477],[-112.67,53.7674],[-112.55,53.8024],[-112.45,53.8131],[-112.33,53.8029],[-112.25,53.8177],[-112.1298,53.8304],[-112.0939,53.8422],[-112.0832,53.854],[-112.1214,53.8893],[-112.1179,53.9011],[-112.0972,53.9129],[-111.97,53.9311],[-111.7763,53.9835]],[[-111.75,53.9846],[-111.8089,53.9718],[-111.9164,53.9365],[-111.922,53.9247],[-111.91,53.9148],[-111.87,53.9298],[-111.85,53.9317],[-111.83,53.9264],[-111.8157,53.9129],[-111.8138,53.9011],[-111.83,53.8848],[-111.87,53.8843],[-111.91,53.8998],[-111.99,53.8732],[-112.0028,53.8776],[-112.0055,53.8893],[-111.99,53.9162],[-112.01,53.9215],[-112.07,53.9155],[-112.1099,53.9011],[-112.1119,53.8893],[-112.0753,53.8658],[-112.0701,53.854],[-112.0806,53.8422],[-112.11,53.8324],[-112.25,53.8161],[-112.33,53.8014],[-112.45,53.8107],[-112.55,53.8004],[-112.65,53.7735],[-112.6824,53.7595],[-112.7135,53.7358],[-112.7162,53.724],[-112.69,53.7144],[-112.63,53.7055],[-112.59,53.6913],[-112.5716,53.6766],[-112.5576,53.6411],[-112.49,53.623],[-112.35,53.6079],[-112.29,53.6087],[-112.21,53.5968],[-112.05,53.6023],[-112.01,53.6089],[-111.93,53.6439],[-111.87,53.6561],[-111.79,53.6828],[-111.73,53.7195],[-111.69,53.7365],[-111.665,53.7595],[-111.662,53.7713],[-111.6718,53.7949],[-111.6858,53.8068],[-111.741,53.8304],[-111.7531,53.8422],[-111.7538,53.854],[-111.6689,53.9247],[-111.6497,53.9482],[-111.6485,53.9718],[-111.6702,53.9835],[-111.75,53.9846]],[[-111.87,53.9168],[-111.8782,53.9011],[-111.87,53.8956],[-111.85,53.8899],[-111.83,53.8974],[-111.83,53.9143],[-111.85,53.9218],[-111.87,53.9168]]]}},{"type":"Feature","properties":{"c":"#00fb90","v0":0.04,"v1":0.05},"geometry":{"type":"Polygon","coordinates":[[[-120.2435,53.9129],[-120.21,53.9136],[-120.2047,53.9011],[-120.23,53.8942],[-120.2512,53.9011],[-120.2435,53.9129]]]}},{"type":"Feature","properties":{"c":"#00fb90","v0":0.04,"v1":0.05},"geometry":{"type":"Polygon","coordinates":[[[-106.1942,53.8776],[-106.17,53.8806],[-106.05,53.8771],[-105.89,53.8445],[-105.8581,53.8186],[-105.8674,53.7831],[-105.6932,53.6885],[-105.6809,53.6766],[-105.6832,53.6648],[-105.71,53.6593],[-105.73,53.6611],[-105.81,53.6797],[-105.8562,53.7003],[-105.9072,53.7358],[-105.9352,53.7713],[-106.17,53.8271],[-106.2134,53.854],[-106.2156,53.8658],[-106.1942,53.8776]],[[-106.17,53.8796],[-106.19,53.8774],[-106.2132,53.8658],[-106.2112,53.854],[-106.1753,53.8304],[-105.9316,53.7713],[-105.9046,53.7358],[-105.854,53.7003],[-105.81,53.6807],[-105.73,53.6624],[-105.687,53.6648],[-105.6837,53.6766],[-105.6963,53.6885],[-105.79,53.7434],[-105.8566,53.7713],[-105.872,53.7831],[-105.8619,53.8186],[-105.8884,53.8422],[-106.05,53.8761],[-106.17,53.8796]]]}},{"type":"Feature","properties":{"c":"#00fb90","v0":0.04,"v1":0.05},"geometry":{"type":"Polygon","coordinates":[[[-113.0432,53.6766],[-112.89,53.6854],[-112.87,53.6849],[-112.8454,53.6766],[-112.87,53.6636],[-112.99,53.6463],[-113.07,53.6543],[-113.0793,53.6648],[-113.0432,53.6766]],[[-112.99,53.6774],[-113.0603,53.6648],[-113.024,53.6529],[-112.99,53.6488],[-112.8741,53.6648],[-112.8546,53.6766],[-112.89,53.6829],[-112.99,53.6774]]]}},{"type":"Feature","properties":{"c":"#00fb90","v0":0.04,"v1":0.05},"geometry":{"type":"Polygon","coordinates":[[[-116.4389,53.6411],[-116.4234,53.6411],[-116.4299,53.6173],[-116.4838,53.5817],[-116.5074,53.5461],[-116.5038,53.5342],[-116.49,53.526],[-116.3948,53.5104],[-116.3919,53.4985],[-116.4237,53.4509],[-116.4333,53.3913],[-116.4144,53.3794],[-116.37,53.3667],[-116.3561,53.3316],[-116.398,53.2599],[-116.3924,53.212],[-116.4062,53.1401],[-116.39,53.1134],[-116.37,53.102],[-116.35,53.1018],[-116.3183,53.1161],[-116.27,53.125],[-116.25,53.127],[-116.2386,53.1161],[-116.2804,53.0801],[-116.33,53.0669],[-116.3494,53.056],[-116.3563,53.0199],[-116.3679,53.0079],[-116.43,52.9785],[-116.49,52.9272],[-116.53,52.9049],[-116.59,52.8888],[-116.61,52.8914],[-116.6249,52.9115],[-116.63,52.9551],[-116.65,52.9544],[-116.71,52.9313],[-116.7985,52.8753],[-116.8635,52.8149],[-116.8866,52.7786],[-116.9493,52.7423],[-116.9738,52.6939],[-116.99,52.6825],[-117.01,52.6797],[-117.07,52.7078],[-117.0837,52.7181],[-117.0823,52.7302],[-117.0406,52.7786],[-117.03,52.8247],[-116.9997,52.8874],[-116.9171,52.9477],[-116.8963,52.9959],[-116.89,53.0035],[-116.87,53.0017],[-116.8623,53.0079],[-116.8613,53.032],[-116.8316,53.068],[-116.81,53.0706],[-116.75,53.0574],[-116.63,53.0034],[-116.61,53.0092],[-116.5988,53.032],[-116.61,53.047],[-116.65,53.0675],[-116.67,53.1056],[-116.7507,53.1521],[-116.7722,53.224],[-116.79,53.2487],[-116.81,53.2592],[-116.83,53.262],[-116.87,53.2559],[-116.91,53.2445],[-116.95,53.2239],[-117.05,53.1965],[-117.125,53.1521],[-117.1692,53.1161],[-117.1882,53.0921],[-117.21,53.0807],[-117.23,53.0768],[-117.2394,53.0801],[-117.2486,53.1281],[-117.19,53.1694],[-117.1171,53.2],[-117.0775,53.2479],[-117.0375,53.2719],[-117.01,53.2977],[-116.9105,53.3675],[-116.8062,53.4271],[-116.7549,53.4747],[-116.69,53.5074],[-116.53,53.6038],[-116.4389,53.6411]],[[-116.45,53.6327],[-116.53,53.5993],[-116.69,53.503],[-116.7469,53.4747],[-116.798,53.4271],[-116.87,53.3886],[-116.9862,53.3077],[-117.0268,53.2719],[-117.0676,53.2479],[-117.11,53.1931],[-117.13,53.1796],[-117.19,53.1565],[-117.2367,53.1281],[-117.23,53.0919],[-117.21,53.0912],[-117.1287,53.1641],[-117.07,53.196],[-116.9648,53.224],[-116.89,53.2556],[-116.83,53.2677],[-116.81,53.2649],[-116.79,53.2546],[-116.7744,53.236],[-116.7418,53.1521],[-116.67,53.1126],[-116.6395,53.068],[-116.5965,53.044],[-116.5932,53.0199],[-116.61,52.9996],[-116.63,52.991],[-116.75,53.0529],[-116.81,53.0659],[-116.83,53.0614],[-116.8486,53.032],[-116.83,52.9838],[-116.85,52.9766],[-116.87,52.9781],[-116.89,52.9733],[-116.9192,52.9356],[-116.99,52.8878],[-117.0201,52.827],[-117.0384,52.7665],[-117.071,52.7302],[-117.0672,52.7181],[-117.01,52.6926],[-116.9883,52.6939],[-116.97,52.7131],[-116.9574,52.7423],[-116.8944,52.7786],[-116.8587,52.827],[-116.8049,52.8753],[-116.71,52.9353],[-116.679,52.9477],[-116.65,52.9675],[-116.63,52.971],[-116.615,52.9477],[-116.6127,52.8995],[-116.59,52.8931],[-116.55,52.901],[-116.5025,52.9236],[-116.4335,52.9838],[-116.37,53.0173],[-116.3666,53.056],[-116.35,53.0792],[-116.29,53.0839],[-116.2614,53.1041],[-116.2552,53.1161],[-116.2943,53.1161],[-116.3216,53.1041],[-116.35,53.0816],[-116.39,53.1062],[-116.4101,53.1401],[-116.3969,53.212],[-116.4012,53.2719],[-116.3692,53.3197],[-116.367,53.3436],[-116.3727,53.3555],[-116.39,53.3647],[-116.4458,53.3794],[-116.4543,53.3913],[-116.4026,53.4985],[-116.4166,53.5104],[-116.4967,53.5223],[-116.5143,53.5342],[-116.5157,53.5461],[-116.4893,53.5817],[-116.43,53.628],[-116.43,53.6313],[-116.45,53.6327]]]}},{"type":"Feature","properties":{"c":"#00fb90","v0":0.04,"v1":0.05},"geometry":{"type":"Polygon","coordinates":[[[-120.4765,53.5223],[-120.47,53.5259],[-120.4616,53.5223],[-120.47,53.5013],[-120.49,53.4828],[-120.53,53.4627],[-120.53,53.481],[-120.4765,53.5223]]]}},{"type":"Feature","properties":{"c":"#00fb90","v0":0.04,"v1":0.05},"geometry":{"type":"Polygon","coordinates":[[[-121.5544,53.5104],[-121.53,53.5198],[-121.5118,53.5104],[-121.5215,53.439],[-121.5544,53.3675],[-121.57,53.3536],[-121.59,53.3468],[-121.61,53.3483],[-121.6321,53.3675],[-121.6306,53.3913],[-121.6007,53.4628],[-121.5544,53.5104]],[[-121.53,53.5121],[-121.55,53.5068],[-121.57,53.4903],[-121.604,53.4509],[-121.6292,53.3794],[-121.627,53.3675],[-121.61,53.3521],[-121.59,53.3504],[-121.57,53.3585],[-121.5462,53.3913],[-121.5247,53.4509],[-121.5189,53.4985],[-121.53,53.5121]]]}},{"type":"Feature","properties":{"c":"#00fb90","v0":0.04,"v1":0.05},"geometry":{"type":"Polygon","coordinates":[[[-115.4329,53.4271],[-115.39,53.4337],[-115.37,53.433],[-115.3634,53.4271],[-115.41,53.409],[-115.43,53.4124],[-115.4329,53.4271]]]}},{"type":"Feature","properties":{"c":"#00fb90","v0":0.04,"v1":0.05},"geometry":{"type":"Polygon","coordinates":[[[-122.2729,53.236],[-122.27,53.2407],[-122.2568,53.224],[-122.2616,53.212],[-122.27,53.2091],[-122.2756,53.212],[-122.2729,53.236]]]}},{"type":"Feature","properties":{"c":"#00fb90","v0":0.04,"v1":0.05},"geometry":{"type":"Polygon","coordinates":[[[-115.751,53.236],[-115.71,53.244],[-115.7041,53.236],[-115.7179,53.1761],[-115.81,53.1217],[-115.87,53.1033],[-115.8836,53.1041],[-115.8835,53.1161],[-115.85,53.1589],[-115.83,53.1779],[-115.7873,53.2],[-115.751,53.236]],[[-115.75,53.2251],[-115.7783,53.2],[-115.83,53.1717],[-115.8698,53.1281],[-115.87,53.1113],[-115.8344,53.1161],[-115.81,53.1252],[-115.7251,53.1761],[-115.719,53.1881],[-115.7251,53.224],[-115.73,53.2321],[-115.75,53.2251]]]}},{"type":"Feature","properties":{"c":"#00fb90","v0":0.04,"v1":0.05},"geometry":{"type":"Polygon","coordinates":[[[-121.7304,53.056],[-121.71,53.057],[-121.6965,53.044],[-121.6964,53.032],[-121.7084,53.0199],[-121.73,53.0165],[-121.7463,53.032],[-121.744,53.044],[-121.7304,53.056]]]}},{"type":"Feature","properties":{"c":"#00fb90","v0":0.04,"v1":0.05},"geometry":{"type":"Polygon","coordinates":[[[-116.0033,53.056],[-115.97,53.0601],[-115.957,53.056],[-115.97,53.0305],[-116.0356,52.9959],[-116.1154,52.9356],[-116.17,52.9134],[-116.1914,52.9115],[-116.1975,52.9236],[-116.19,52.9431],[-116.125,52.9718],[-116.0343,53.044],[-116.0033,53.056]],[[-116.01,53.0494],[-116.0421,53.032],[-116.1124,52.9718],[-116.1839,52.9356],[-116.1851,52.9236],[-116.17,52.9208],[-116.1274,52.9356],[-116.0465,52.9959],[-115.9769,53.032],[-115.97,53.0514],[-115.99,53.0546],[-116.01,53.0494]]]}},{"type":"Feature","properties":{"c":"#00fb90","v0":0.04,"v1":0.05},"geometry":{"type":"Polygon","coordinates":[[[-120.3596,53.0199],[-120.3445,53.0199],[-120.3332,53.0079],[-120.34,52.9959],[-120.39,52.9434],[-120.41,52.9335],[-120.43,52.9318],[-120.4405,52.9477],[-120.4331,52.9597],[-120.39,53.0054],[-120.3596,53.0199]],[[-120.37,53.0129],[-120.43,52.9578],[-120.4359,52.9477],[-120.43,52.935],[-120.41,52.9363],[-120.39,52.9463],[-120.345,52.9959],[-120.3404,53.0079],[-120.35,53.0168],[-120.37,53.0129]]]}},{"type":"Feature","properties":{"c":"#00fb90","v0":0.04,"v1":0.05},"geometry":{"type":"Polygon","coordinates":[[[-122.0225,52.9838],[-121.99,52.9897],[-121.9673,52.9838],[-121.9242,52.9597],[-121.909,52.9356],[-121.9037,52.9115],[-121.9172,52.8391],[-121.93,52.8201],[-121.95,52.813],[-121.97,52.8179],[-121.99,52.8311],[-122.015,52.8633],[-122.0308,52.9718],[-122.0225,52.9838]],[[-122.01,52.987],[-122.0274,52.9718],[-122.0105,52.8633],[-121.99,52.8365],[-121.95,52.8191],[-121.93,52.8278],[-121.9189,52.8512],[-121.9088,52.9115],[-121.9131,52.9356],[-121.9295,52.9597],[-121.9469,52.9718],[-121.99,52.988],[-122.01,52.987]]]}},{"type":"Feature","properties":{"c":"#00fb90","v0":0.04,"v1":0.05},"geometry":{"type":"Polygon","coordinates":[[[-122.1196,52.8391],[-122.09,52.8424],[-122.0404,52.8028],[-122.0174,52.7544],[-122.03,52.7332],[-122.05,52.7244],[-122.09,52.7249],[-122.11,52.7303],[-122.1356,52.7423],[-122.1467,52.7544],[-122.1495,52.8028],[-122.137,52.827],[-122.1196,52.8391]],[[-122.11,52.8393],[-122.1316,52.827],[-122.1457,52.8028],[-122.1425,52.7544],[-122.11,52.7329],[-122.07,52.727],[-122.05,52.7306],[-122.0304,52.7423],[-122.0281,52.7665],[-122.0566,52.8149],[-122.09,52.8384],[-122.11,52.8393]]]}},{"type":"Feature","properties":{"c":"#00fb90","v0":0.04,"v1":0.05},"geometry":{"type":"Polygon","coordinates":[[[-117.415,52.706],[-117.3513,52.6696],[-117.353,52.6575],[-117.39,52.652],[-117.4131,52.6575],[-117.4335,52.6817],[-117.4347,52.6939],[-117.415,52.706]]]}},{"type":"Feature","properties":{"c":"#00fb90","v0":0.04,"v1":0.05},"geometry":{"type":"Polygon","coordinates":[[[-117.2302,52.6817],[-117.21,52.6876],[-117.15,52.6804],[-117.11,52.6831],[-117.09,52.6793],[-117.0485,52.6575],[-117.0768,52.6211],[-117.0787,52.6089],[-117.07,52.6],[-117.017,52.5846],[-117.0066,52.5725],[-117.01,52.5302],[-116.95,52.5041],[-116.9402,52.4873],[-116.9523,52.4386],[-116.97,52.4229],[-117.01,52.405],[-117.03,52.4003],[-117.05,52.4031],[-117.15,52.4564],[-117.21,52.4675],[-117.25,52.462],[-117.31,52.443],[-117.3482,52.402],[-117.37,52.4203],[-117.3787,52.4386],[-117.3755,52.4751],[-117.3989,52.5116],[-117.3901,52.536],[-117.31,52.5998],[-117.2446,52.6332],[-117.2505,52.6575],[-117.2302,52.6817]],[[-117.21,52.6776],[-117.2245,52.6696],[-117.229,52.6332],[-117.3038,52.5968],[-117.3806,52.536],[-117.3908,52.5116],[-117.3618,52.4629],[-117.37,52.4358],[-117.35,52.418],[-117.3311,52.4386],[-117.31,52.4493],[-117.25,52.4664],[-117.19,52.4697],[-117.15,52.4601],[-117.05,52.4079],[-117.03,52.4049],[-117.01,52.4093],[-116.9721,52.4264],[-116.959,52.4386],[-116.9456,52.4873],[-116.9533,52.4995],[-116.97,52.5088],[-117.0236,52.5238],[-117.0237,52.5725],[-117.07,52.5894],[-117.09,52.6033],[-117.0914,52.6211],[-117.069,52.6453],[-117.0692,52.6575],[-117.11,52.6751],[-117.21,52.6776]]]}},{"type":"Feature","properties":{"c":"#00fb90","v0":0.04,"v1":0.05},"geometry":{"type":"Polygon","coordinates":[[[-122.9504,52.4995],[-122.93,52.5074],[-122.91,52.4909],[-122.9028,52.4507],[-122.8861,52.4264],[-122.9052,52.3775],[-122.9133,52.3287],[-122.9596,52.2798],[-122.99,52.2645],[-123.03,52.2532],[-123.05,52.2638],[-123.0547,52.2798],[-123.0586,52.3775],[-123.014,52.4386],[-122.9504,52.4995]],[[-122.95,52.4888],[-123.01,52.4354],[-123.0523,52.3775],[-123.0496,52.2798],[-123.03,52.2593],[-122.97,52.2775],[-122.93,52.3107],[-122.9184,52.3287],[-122.8932,52.4264],[-122.9248,52.4873],[-122.93,52.4926],[-122.95,52.4888]]]}},{"type":"Feature","properties":{"c":"#00fb90","v0":0.04,"v1":0.05},"geometry":{"type":"Polygon","coordinates":[[[-100.8566,52.2553],[-100.83,52.2647],[-100.73,52.2453],[-100.67,52.2426],[-100.61,52.2337],[-100.53,52.2344],[-100.45,52.2085],[-100.39,52.1741],[-100.31,52.1633],[-100.25,52.1345],[-100.23,52.1317],[-100.09,52.14],[-100.07,52.1344],[-99.97,52.0802],[-99.8809,52.0466],[-99.8739,52.0343],[-99.91,52.0271],[-100.01,52.039],[-100.11,52.0442],[-100.13,52.0439],[-100.1577,52.0343],[-100.1476,52.022],[-100.008,51.9481],[-99.9553,51.9111],[-99.9339,51.8741],[-99.89,51.8329],[-99.8545,51.7752],[-99.8622,51.738],[-99.8485,51.7009],[-99.7167,51.5892],[-99.6693,51.5394],[-99.6696,51.4896],[-99.6895,51.4772],[-99.73,51.4845],[-99.79,51.51],[-99.99,51.6238],[-100.13,51.6792],[-100.2218,51.7504],[-100.2691,51.7752],[-100.2769,51.7876],[-100.2794,51.8247],[-100.318,51.8617],[-100.41,51.9135],[-100.5808,51.9851],[-100.5905,51.9974],[-100.5854,52.022],[-100.5945,52.0343],[-100.6929,52.0958],[-100.73,52.1127],[-100.83,52.1436],[-100.8787,52.1695],[-100.8866,52.194],[-100.8587,52.2308],[-100.8566,52.2553]],[[-100.85,52.2569],[-100.8552,52.2308],[-100.8834,52.194],[-100.8745,52.1695],[-100.8291,52.1449],[-100.73,52.1141],[-100.69,52.0959],[-100.5919,52.0343],[-100.5825,52.022],[-100.5863,51.9974],[-100.5763,51.9851],[-100.41,51.9145],[-100.316,51.8617],[-100.2769,51.8247],[-100.2731,51.7876],[-100.2634,51.7752],[-100.2161,51.7504],[-100.13,51.6811],[-99.99,51.6254],[-99.79,51.5115],[-99.73,51.4865],[-99.69,51.4809],[-99.6756,51.4896],[-99.67,51.5016],[-99.6728,51.5394],[-99.7205,51.5892],[-99.8512,51.7009],[-99.864,51.7257],[-99.863,51.7752],[-99.8691,51.7876],[-99.8909,51.8247],[-99.9384,51.8741],[-99.9615,51.9111],[-99.9933,51.9358],[-100.152,52.022],[-100.164,52.0343],[-100.15,52.0436],[-100.11,52.0461],[-99.91,52.0292],[-99.883,52.0343],[-99.8871,52.0466],[-99.97,52.0784],[-100.07,52.1308],[-100.09,52.1348],[-100.25,52.1327],[-100.31,52.1611],[-100.39,52.1713],[-100.4516,52.2063],[-100.53,52.2322],[-100.61,52.2317],[-100.67,52.2413],[-100.73,52.2439],[-100.81,52.2612],[-100.83,52.2624],[-100.85,52.2569]]]}},{"type":"Feature","properties":{"c":"#00fb90","v0":0.04,"v1":0.05},"geometry":{"type":"Polygon","coordinates":[[[-112.032,52.1695],[-112.0074,52.1695],[-111.9809,52.1572],[-111.9776,52.1449],[-111.99,52.1336],[-112.01,52.1314],[-112.037,52.1449],[-112.0466,52.1572],[-112.032,52.1695]],[[-112.03,52.1671],[-112.0423,52.1572],[-112.0334,52.1449],[-112.01,52.1343],[-111.99,52.137],[-111.9813,52.1449],[-111.9842,52.1572],[-112.01,52.168],[-112.03,52.1671]]]}},{"type":"Feature","properties":{"c":"#00fb90","v0":0.04,"v1":0.05},"geometry":{"type":"Polygon","coordinates":[[[-122.9318,52.1081],[-122.9161,52.1081],[-122.938,52.0589],[-122.9549,52.0466],[-122.9621,52.0589],[-122.9318,52.1081]]]}},{"type":"Feature","properties":{"c":"#00fb90","v0":0.04,"v1":0.05},"geometry":{"type":"Polygon","coordinates":[[[-116.7434,52.0712],[-116.7128,52.0712],[-116.7026,52.0589],[-116.73,52.0516],[-116.75,52.052],[-116.7572,52.0589],[-116.7434,52.0712]]]}},{"type":"Feature","properties":{"c":"#00fb90","v0":0.04,"v1":0.05},"geometry":{"type":"Polygon","coordinates":[[[-102.005,51.9728],[-101.95,51.9837],[-101.81,51.9836],[-101.77,51.9802],[-101.69,51.9609],[-101.63,51.9533],[-101.3585,51.8864],[-101.27,51.8497],[-101.1132,51.7999],[-101.0095,51.7257],[-100.99,51.695],[-100.9811,51.6513],[-100.95,51.6234],[-100.8705,51.527],[-100.8643,51.5021],[-100.87,51.4836],[-100.89,51.4751],[-100.93,51.474],[-101.01,51.4854],[-101.37,51.6595],[-101.5043,51.7133],[-101.57,51.7355],[-101.65,51.7542],[-101.69,51.7765],[-102.0427,51.8741],[-102.0856,51.8988],[-102.0887,51.9111],[-102.0309,51.9604],[-102.005,51.9728]],[[-101.99,51.9765],[-102.0279,51.9604],[-102.0848,51.9111],[-102.0814,51.8988],[-102.0366,51.8741],[-101.71,51.7835],[-101.65,51.7558],[-101.57,51.7368],[-101.5012,51.7133],[-101.37,51.6608],[-101.01,51.4868],[-100.93,51.4761],[-100.89,51.4799],[-100.8745,51.4896],[-100.8734,51.5145],[-100.8854,51.5394],[-100.987,51.6513],[-101.01,51.7167],[-101.1209,51.7999],[-101.27,51.8476],[-101.3659,51.8864],[-101.63,51.9522],[-101.6923,51.9604],[-101.79,51.9818],[-101.95,51.9828],[-101.99,51.9765]]]}},{"type":"Feature","properties":{"c":"#00fb90","v0":0.04,"v1":0.05},"geometry":{"type":"Polygon","coordinates":[[[-118.6516,51.9604],[-118.63,51.9381],[-118.6188,51.8988],[-118.6437,51.8617],[-118.6529,51.8247],[-118.67,51.8142],[-118.75,51.7881],[-118.7684,51.7999],[-118.7686,51.8123],[-118.7345,51.8864],[-118.6902,51.9481],[-118.67,51.9598],[-118.6516,51.9604]],[[-118.67,51.9519],[-118.6943,51.9358],[-118.73,51.8848],[-118.7559,51.8247],[-118.7584,51.8123],[-118.75,51.799],[-118.73,51.8014],[-118.6634,51.8247],[-118.6562,51.8494],[-118.6285,51.8864],[-118.624,51.8988],[-118.63,51.9262],[-118.65,51.9505],[-118.67,51.9519]]]}},{"type":"Feature","properties":{"c":"#00fb90","v0":0.04,"v1":0.05},"geometry":{"type":"Polygon","coordinates":[[[-118.8146,51.7628],[-118.77,51.7725],[-118.7644,51.7628],[-118.7657,51.738],[-118.8065,51.7133],[-118.8024,51.6885],[-118.7741,51.6513],[-118.7409,51.6264],[-118.7206,51.5767],[-118.649,51.527],[-118.6401,51.5145],[-118.6217,51.4149],[-118.61,51.4021],[-118.55,51.3699],[-118.499,51.3524],[-118.4479,51.3274],[-118.43,51.2911],[-118.41,51.2859],[-118.3825,51.3024],[-118.33,51.3224],[-118.3152,51.3649],[-118.25,51.4349],[-118.2283,51.4523],[-118.19,51.468],[-118.15,51.4708],[-118.09,51.4627],[-118.05,51.4662],[-118.01,51.4439],[-117.99,51.4449],[-117.95,51.4702],[-117.87,51.4916],[-117.77,51.5675],[-117.69,51.605],[-117.6734,51.6016],[-117.6972,51.5643],[-117.6932,51.5394],[-117.67,51.5219],[-117.6242,51.5145],[-117.6254,51.5021],[-117.63,51.4884],[-117.6613,51.4647],[-117.69,51.4305],[-117.7431,51.4024],[-117.8022,51.3399],[-117.83,51.3231],[-117.85,51.3156],[-117.87,51.3219],[-117.91,51.351],[-117.93,51.3532],[-117.9821,51.3024],[-117.9849,51.2899],[-117.97,51.2755],[-117.95,51.2718],[-117.89,51.2771],[-117.8803,51.2649],[-117.89,51.2348],[-117.91,51.2204],[-117.93,51.2145],[-117.95,51.2166],[-117.99,51.2353],[-118.01,51.2346],[-118.0215,51.2148],[-118.0258,51.1772],[-117.9717,51.1145],[-117.9701,51.1019],[-117.99,51.0704],[-118.0394,51.0517],[-118.0713,51.0265],[-118.0749,51.0139],[-118.051,50.9762],[-118.0332,50.9258],[-118.05,50.9167],[-118.07,50.9195],[-118.11,50.942],[-118.1209,50.9636],[-118.1205,51.0013],[-118.1423,51.0265],[-118.17,51.0522],[-118.23,51.0843],[-118.321,51.1647],[-118.37,51.1779],[-118.41,51.1726],[-118.4429,51.1521],[-118.4644,51.127],[-118.4691,51.0768],[-118.4944,51.0517],[-118.57,51.013],[-118.65,51.0207],[-118.6776,51.0139],[-118.6953,51.0013],[-118.6984,50.9887],[-118.6869,50.9762],[-118.6407,50.951],[-118.6443,50.9258],[-118.67,50.8841],[-118.7257,50.85],[-118.79,50.8198],[-118.83,50.7815],[-118.95,50.7318],[-118.99,50.6956],[-119.01,50.6903],[-119.0254,50.7616],[-119.0918,50.7995],[-119.092,50.8248],[-119.0814,50.8374],[-119.05,50.8511],[-119.03,50.852],[-118.9916,50.8374],[-118.97,50.8093],[-118.95,50.8046],[-118.91,50.8131],[-118.87,50.8396],[-118.7936,50.8753],[-118.7349,50.9384],[-118.7356,50.9636],[-118.75,50.9701],[-118.77,50.9702],[-118.83,50.9539],[-118.95,50.8752],[-118.97,50.8739],[-119.07,50.8955],[-119.11,50.8713],[-119.19,50.8434],[-119.25,50.8513],[-119.2736,50.8374],[-119.2904,50.7869],[-119.31,50.7725],[-119.35,50.7682],[-119.4173,50.7742],[-119.4795,50.8121],[-119.4963,50.8374],[-119.4895,50.85],[-119.4511,50.8753],[-119.417,50.9131],[-119.3694,50.9384],[-119.3381,50.9762],[-119.25,50.9814],[-119.23,50.9933],[-119.1902,51.0391],[-119.17,51.0439],[-119.1422,51.0391],[-119.138,51.0013],[-119.1459,50.9887],[-119.2167,50.9762],[-119.2401,50.9636],[-119.2439,50.9384],[-119.2273,50.9258],[-119.19,50.915],[-119.13,50.9214],[-119.0851,50.951],[-119.0736,50.9762],[-119.05,50.9985],[-119.03,50.9934],[-119.0287,50.9384],[-119.01,50.9323],[-118.99,50.9374],[-118.9597,50.9636],[-118.93,51.0132],[-118.859,51.0768],[-118.822,51.1396],[-118.8251,51.1647],[-118.8421,51.1772],[-118.8427,51.1898],[-118.8252,51.2023],[-118.8287,51.2274],[-118.85,51.2342],[-118.8621,51.2274],[-118.8689,51.2023],[-118.8563,51.1898],[-118.87,51.1839],[-118.89,51.1812],[-119.0011,51.1898],[-119.0126,51.2023],[-119.0071,51.2524],[-119.03,51.2726],[-119.0503,51.2774],[-119.07,51.2987],[-119.0902,51.3274],[-119.1064,51.3774],[-119.09,51.392],[-119.07,51.3773],[-119.03,51.3367],[-119.01,51.3014],[-118.99,51.2917],[-118.97,51.2935],[-118.95,51.309],[-118.9465,51.3399],[-118.9697,51.3774],[-118.9703,51.3899],[-118.9234,51.4273],[-118.9202,51.4398],[-118.9294,51.4523],[-118.95,51.4588],[-118.97,51.4559],[-119.03,51.4274],[-119.07,51.4185],[-119.0851,51.4273],[-119.0846,51.4398],[-119.05,51.4968],[-119.01,51.5278],[-118.9829,51.527],[-118.9803,51.5021],[-118.95,51.483],[-118.9217,51.4896],[-118.9165,51.5021],[-118.9251,51.5145],[-118.961,51.5394],[-118.9525,51.5643],[-118.9729,51.5892],[-118.9732,51.6016],[-118.93,51.6293],[-118.85,51.6199],[-118.8279,51.6264],[-118.8284,51.6388],[-118.8917,51.7009],[-118.83,51.7135],[-118.8186,51.7257],[-118.8229,51.7504],[-118.8146,51.7628]],[[-118.81,51.7515],[-118.81,51.7323],[-118.79,51.7305],[-118.769,51.7504],[-118.79,51.7588],[-118.81,51.7515]],[[-117.91,51.2654],[-117.95,51.2606],[-117.9679,51.2524],[-117.9432,51.2274],[-117.93,51.2233],[-117.91,51.2267],[-117.8977,51.2399],[-117.8954,51.2524],[-117.91,51.2654]],[[-119.17,51.041],[-119.19,51.0348],[-119.21,51.0153],[-119.2247,50.9887],[-119.21,50.9832],[-119.1565,50.9887],[-119.1436,51.0013],[-119.142,51.0265],[-119.15,51.0383],[-119.17,51.041]],[[-118.85,51.7028],[-118.8617,51.7009],[-118.8732,51.6885],[-118.8194,51.6388],[-118.8183,51.6264],[-118.83,51.6183],[-118.85,51.6156],[-118.91,51.6265],[-118.93,51.6252],[-118.9663,51.6016],[-118.9653,51.5892],[-118.9455,51.5643],[-118.9462,51.5394],[-118.9076,51.5021],[-118.9098,51.4896],[-118.95,51.4703],[-119.01,51.5167],[-119.0451,51.4896],[-119.0741,51.4398],[-119.07,51.429],[-119.05,51.428],[-118.97,51.4612],[-118.95,51.4642],[-118.93,51.4611],[-118.9206,51.4523],[-118.9187,51.4273],[-118.965,51.3899],[-118.9649,51.3774],[-118.942,51.3399],[-118.9484,51.3024],[-118.97,51.2888],[-118.99,51.2855],[-119.01,51.291],[-119.0275,51.3274],[-119.07,51.3701],[-119.09,51.3815],[-119.0978,51.3649],[-119.09,51.3375],[-119.07,51.3069],[-119.05,51.2873],[-119.0218,51.2774],[-119.0059,51.2649],[-118.9989,51.2399],[-119.0032,51.2023],[-118.99,51.1923],[-118.89,51.1879],[-118.8835,51.1898],[-118.87,51.2308],[-118.85,51.2409],[-118.83,51.2362],[-118.8201,51.2274],[-118.8152,51.2023],[-118.8235,51.1772],[-118.8139,51.1521],[-118.8543,51.0768],[-118.93,51.0073],[-118.9621,50.951],[-118.99,50.9328],[-119.01,50.9267],[-119.03,50.9281],[-119.041,50.9384],[-119.05,50.9834],[-119.0757,50.951],[-119.11,50.9258],[-119.15,50.9135],[-119.19,50.9119],[-119.2374,50.9258],[-119.2579,50.951],[-119.251,50.9636],[-119.27,50.9747],[-119.3234,50.9762],[-119.3433,50.9636],[-119.358,50.9384],[-119.41,50.9123],[-119.45,50.8688],[-119.4899,50.8374],[-119.4734,50.8121],[-119.43,50.7837],[-119.39,50.7744],[-119.33,50.7764],[-119.3024,50.7869],[-119.2793,50.8374],[-119.25,50.8556],[-119.19,50.8478],[-119.1136,50.8753],[-119.09,50.8959],[-119.07,50.9044],[-118.97,50.878],[-118.95,50.8782],[-118.93,50.8866],[-118.83,50.9572],[-118.77,50.9744],[-118.73,50.9749],[-118.7164,50.9636],[-118.725,50.9384],[-118.7883,50.8753],[-118.8686,50.8374],[-118.91,50.8083],[-118.93,50.8017],[-118.97,50.8019],[-119.0056,50.8374],[-119.03,50.8443],[-119.068,50.8374],[-119.0813,50.8248],[-119.0811,50.7995],[-119.0168,50.7616],[-118.9993,50.7109],[-118.99,50.7058],[-118.95,50.7358],[-118.83,50.7841],[-118.79,50.8229],[-118.734,50.85],[-118.6747,50.8879],[-118.65,50.9266],[-118.649,50.951],[-118.709,50.9762],[-118.7055,51.0013],[-118.6897,51.0139],[-118.65,51.0247],[-118.57,51.0213],[-118.508,51.0517],[-118.4803,51.0768],[-118.4791,51.1145],[-118.4569,51.1521],[-118.43,51.1738],[-118.41,51.1811],[-118.35,51.1818],[-118.31,51.1645],[-118.23,51.0949],[-118.17,51.0597],[-118.1138,51.0139],[-118.11,50.9495],[-118.07,50.9245],[-118.0461,50.9258],[-118.0611,50.9762],[-118.0889,51.0139],[-118.0851,51.0265],[-118.0488,51.0517],[-117.99,51.0742],[-117.9769,51.1019],[-117.9889,51.127],[-118.0355,51.1772],[-118.0407,51.2148],[-118.0343,51.2524],[-118.0013,51.2649],[-117.9954,51.3024],[-117.9688,51.3274],[-117.95,51.357],[-117.93,51.3617],[-117.91,51.3596],[-117.8632,51.3274],[-117.85,51.3222],[-117.83,51.3278],[-117.8091,51.3399],[-117.7489,51.4024],[-117.69,51.4368],[-117.6451,51.4896],[-117.6458,51.5021],[-117.6868,51.5145],[-117.6983,51.527],[-117.71,51.5836],[-117.7388,51.5767],[-117.77,51.5602],[-117.8629,51.4896],[-117.9492,51.4647],[-117.99,51.4387],[-118.0212,51.4398],[-118.05,51.4574],[-118.11,51.4582],[-118.15,51.4656],[-118.1823,51.4647],[-118.21,51.4564],[-118.25,51.4287],[-118.3092,51.3649],[-118.3184,51.3274],[-118.33,51.3153],[-118.37,51.3013],[-118.402,51.2774],[-118.4169,51.2524],[-118.4191,51.2023],[-118.43,51.1914],[-118.483,51.1647],[-118.51,51.1573],[-118.5219,51.1647],[-118.5236,51.1772],[-118.49,51.2328],[-118.4462,51.2774],[-118.4461,51.3149],[-118.4786,51.3399],[-118.5507,51.3649],[-118.6172,51.4024],[-118.636,51.4398],[-118.6371,51.4772],[-118.65,51.52],[-118.7285,51.5767],[-118.7507,51.6264],[-118.7817,51.6513],[-118.81,51.6936],[-118.83,51.7054],[-118.85,51.7028]],[[-118.45,51.2592],[-118.47,51.2476],[-118.49,51.2232],[-118.4992,51.1898],[-118.49,51.1806],[-118.45,51.1937],[-118.426,51.2148],[-118.43,51.2464],[-118.45,51.2592]]]}},{"type":"Feature","properties":{"c":"#00fb90","v0":0.04,"v1":0.05},"geometry":{"type":"Polygon","coordinates":[[[-118.849,51.527],[-118.83,51.5379],[-118.81,51.5363],[-118.7996,51.527],[-118.803,51.5145],[-118.83,51.5022],[-118.85,51.5077],[-118.849,51.527]],[[-118.83,51.532],[-118.8426,51.5145],[-118.83,51.5088],[-118.8134,51.5145],[-118.8086,51.527],[-118.83,51.532]]]}},{"type":"Feature","properties":{"c":"#00fb90","v0":0.04,"v1":0.05},"geometry":{"type":"Polygon","coordinates":[[[-118.2509,51.2649],[-118.23,51.2687],[-118.21,51.2609],[-118.1777,51.2148],[-118.19,51.1414],[-118.21,51.1244],[-118.23,51.1254],[-118.2445,51.1396],[-118.2488,51.2023],[-118.2617,51.2399],[-118.2615,51.2524],[-118.2509,51.2649]],[[-118.23,51.2575],[-118.2445,51.2524],[-118.2498,51.2399],[-118.2327,51.1521],[-118.23,51.1454],[-118.21,51.137],[-118.1841,51.2023],[-118.21,51.2463],[-118.23,51.2575]]]}},{"type":"Feature","properties":{"c":"#00fb90","v0":0.04,"v1":0.05},"geometry":{"type":"Polygon","coordinates":[[[-119.1381,51.2148],[-119.13,51.2234],[-119.11,51.2193],[-119.12,51.1898],[-119.1468,51.1647],[-119.17,51.128],[-119.19,51.1211],[-119.21,51.1224],[-119.216,51.127],[-119.21,51.1485],[-119.1624,51.1772],[-119.1381,51.2148]],[[-119.19,51.1549],[-119.2076,51.1396],[-119.2008,51.127],[-119.19,51.1257],[-119.17,51.1372],[-119.1655,51.1521],[-119.17,51.1606],[-119.19,51.1549]]]}},{"type":"Feature","properties":{"c":"#00fb90","v0":0.04,"v1":0.05},"geometry":{"type":"Polygon","coordinates":[[[-118.4845,50.9258],[-118.47,50.9276],[-118.43,50.9173],[-118.3653,50.9131],[-118.3682,50.9005],[-118.4511,50.8627],[-118.55,50.8341],[-118.5576,50.8374],[-118.5597,50.85],[-118.51,50.8777],[-118.4845,50.9258]],[[-118.47,50.922],[-118.4894,50.9131],[-118.4941,50.8879],[-118.5178,50.8627],[-118.51,50.858],[-118.4673,50.8627],[-118.3853,50.9005],[-118.47,50.922]]]}},{"type":"Feature","properties":{"c":"#00fb90","v0":0.04,"v1":0.05},"geometry":{"type":"Polygon","coordinates":[[[-118.2929,50.9005],[-118.27,50.9088],[-118.25,50.902],[-118.212,50.8627],[-118.2127,50.8374],[-118.23,50.8147],[-118.25,50.8015],[-118.27,50.8075],[-118.29,50.8307],[-118.2929,50.9005]],[[-118.27,50.9015],[-118.2811,50.8879],[-118.281,50.8374],[-118.27,50.8177],[-118.25,50.8113],[-118.2176,50.85],[-118.23,50.8785],[-118.25,50.8956],[-118.27,50.9015]]]}},{"type":"Feature","properties":{"c":"#00fb90","v0":0.04,"v1":0.05},"geometry":{"type":"Polygon","coordinates":[[[-119.5725,50.7363],[-119.51,50.7357],[-119.4913,50.7109],[-119.5024,50.6349],[-119.5147,50.6095],[-119.501,50.5714],[-119.5253,50.5333],[-119.5124,50.5078],[-119.5141,50.4951],[-119.53,50.4881],[-119.59,50.4864],[-119.65,50.4691],[-119.69,50.4651],[-119.71,50.4749],[-119.7623,50.5206],[-119.7541,50.5841],[-119.7621,50.6222],[-119.75,50.6453],[-119.71,50.6845],[-119.69,50.6873],[-119.65,50.6814],[-119.63,50.6876],[-119.5725,50.7363]],[[-119.57,50.7303],[-119.63,50.6807],[-119.65,50.6743],[-119.69,50.6791],[-119.71,50.6758],[-119.75,50.6323],[-119.7533,50.6095],[-119.7419,50.5841],[-119.7553,50.5206],[-119.69,50.4703],[-119.6693,50.4697],[-119.59,50.4905],[-119.5288,50.4951],[-119.5244,50.5078],[-119.5326,50.5333],[-119.5085,50.5587],[-119.5051,50.5714],[-119.5214,50.6095],[-119.5063,50.6349],[-119.4988,50.7109],[-119.51,50.7288],[-119.53,50.7339],[-119.57,50.7303]]]}},{"type":"Feature","properties":{"c":"#00fb90","v0":0.04,"v1":0.05},"geometry":{"type":"Polygon","coordinates":[[[-125.3515,50.6222],[-125.3357,50.6095],[-125.3209,50.5714],[-125.29,50.5557],[-125.21,50.534],[-125.1927,50.5078],[-125.1899,50.4824],[-125.2043,50.4442],[-125.2037,50.406],[-125.1852,50.3805],[-125.1343,50.3549],[-125.123,50.3422],[-125.1327,50.3039],[-125.1274,50.2655],[-125.1333,50.2144],[-125.15,50.197],[-125.17,50.1926],[-125.21,50.2009],[-125.23,50.2157],[-125.2578,50.2527],[-125.29,50.3157],[-125.3703,50.3805],[-125.3721,50.406],[-125.3416,50.4569],[-125.3476,50.4824],[-125.37,50.5031],[-125.3733,50.5206],[-125.3745,50.546],[-125.3602,50.5841],[-125.3684,50.6095],[-125.3515,50.6222]],[[-125.35,50.5608],[-125.3622,50.5206],[-125.3587,50.5078],[-125.3316,50.4824],[-125.3318,50.4697],[-125.3396,50.4442],[-125.3678,50.406],[-125.365,50.3805],[-125.29,50.3194],[-125.23,50.2181],[-125.2063,50.2016],[-125.17,50.1947],[-125.15,50.1997],[-125.1365,50.2144],[-125.1285,50.3422],[-125.2022,50.3932],[-125.2104,50.4315],[-125.203,50.4824],[-125.2091,50.5206],[-125.23,50.5329],[-125.27,50.5383],[-125.33,50.5642],[-125.35,50.5608]]]}},{"type":"Feature","properties":{"c":"#00fb90","v0":0.04,"v1":0.05},"geometry":{"type":"Polygon","coordinates":[[[-69.8161,50.4824],[-69.7714,50.4824],[-69.7536,50.4697],[-69.7594,50.406],[-69.7076,50.3677],[-69.7093,50.3549],[-69.766,50.3166],[-69.71,50.2906],[-69.6922,50.2655],[-69.6886,50.24],[-69.71,50.1595],[-69.75,50.1264],[-69.8028,50.099],[-69.803,50.0348],[-69.85,49.9998],[-69.91,49.9749],[-70.01,49.9167],[-70.05,49.9057],[-70.11,49.9015],[-70.17,49.8552],[-70.23,49.8196],[-70.29,49.8018],[-70.3332,49.803],[-70.3682,49.8159],[-70.376,49.8288],[-70.3495,49.8804],[-70.29,49.9242],[-70.19,49.9547],[-70.157,49.9706],[-70.1217,50.022],[-70.1003,50.0734],[-70.11,50.0877],[-70.13,50.0867],[-70.21,50.0584],[-70.2293,50.0605],[-70.2234,50.0734],[-70.17,50.109],[-70.1406,50.1375],[-70.11,50.1509],[-70.0495,50.1631],[-69.9778,50.2016],[-69.9638,50.2144],[-69.9692,50.2272],[-69.9909,50.24],[-69.9543,50.3166],[-69.9667,50.3294],[-70.0009,50.3422],[-69.9966,50.3677],[-69.91,50.444],[-69.87,50.4664],[-69.8161,50.4824]],[[-69.81,50.4825],[-69.85,50.4731],[-69.9076,50.4442],[-69.9938,50.3677],[-69.9954,50.3422],[-69.9583,50.3294],[-69.9503,50.3166],[-69.9849,50.2527],[-69.9818,50.24],[-69.9576,50.2272],[-69.9563,50.2144],[-70.03,50.1662],[-70.1258,50.1375],[-70.142,50.1247],[-70.1569,50.099],[-70.11,50.0972],[-70.0901,50.0862],[-70.119,50.0091],[-70.148,49.9706],[-70.1686,49.9577],[-70.29,49.9206],[-70.333,49.8933],[-70.35,49.8736],[-70.3703,49.8288],[-70.357,49.8159],[-70.33,49.806],[-70.29,49.8045],[-70.23,49.822],[-70.17,49.8569],[-70.11,49.9035],[-70.05,49.908],[-70.01,49.9186],[-69.91,49.9771],[-69.85,50.0026],[-69.807,50.0348],[-69.8023,50.0477],[-69.8143,50.099],[-69.75,50.1294],[-69.71,50.1629],[-69.6909,50.24],[-69.7021,50.2783],[-69.73,50.2999],[-69.791,50.3039],[-69.7181,50.3549],[-69.7171,50.3677],[-69.7628,50.406],[-69.7566,50.4697],[-69.7806,50.4824],[-69.81,50.4825]]]}},{"type":"Feature","properties":{"c":"#00fb90","v0":0.04,"v1":0.05},"geometry":{"type":"Polygon","coordinates":[[[-123.4357,50.4315],[-123.43,50.4358],[-123.41,50.4229],[-123.4086,50.3932],[-123.4259,50.3422],[-123.4584,50.3039],[-123.4662,50.2016],[-123.5036,50.1247],[-123.514,50.0605],[-123.5458,50.0091],[-123.5465,49.9963],[-123.53,49.9782],[-123.4868,49.9706],[-123.4639,49.9191],[-123.45,49.9064],[-123.43,49.9033],[-123.33,49.9236],[-123.25,49.9723],[-123.19,49.9655],[-123.1775,49.9577],[-123.188,49.9191],[-123.1836,49.8933],[-123.17,49.8815],[-123.13,49.8698],[-123.1121,49.8546],[-123.0981,49.803],[-123.05,49.7708],[-123.0411,49.7514],[-123.1498,49.6996],[-123.1844,49.6479],[-123.25,49.5883],[-123.33,49.5626],[-123.3707,49.5312],[-123.3904,49.4922],[-123.392,49.4402],[-123.4369,49.3751],[-123.442,49.3491],[-123.43,49.3287],[-123.39,49.3201],[-123.3784,49.31],[-123.39,49.2805],[-123.43,49.2615],[-123.49,49.2732],[-123.53,49.2625],[-123.57,49.2224],[-123.6023,49.2055],[-123.63,49.1821],[-123.65,49.1709],[-123.67,49.1719],[-123.69,49.1854],[-123.7012,49.2055],[-123.7029,49.2447],[-123.7166,49.2708],[-123.73,49.2786],[-123.75,49.279],[-123.81,49.2689],[-123.83,49.2795],[-123.865,49.323],[-123.8607,49.3491],[-123.82,49.4012],[-123.8129,49.4272],[-123.8275,49.5182],[-123.8461,49.5701],[-123.879,49.609],[-123.8817,49.622],[-123.87,49.6336],[-123.77,49.6248],[-123.73,49.628],[-123.69,49.6456],[-123.681,49.6608],[-123.6916,49.6738],[-123.73,49.6897],[-123.77,49.7199],[-123.81,49.7393],[-123.8651,49.7901],[-123.8681,49.8159],[-123.8525,49.8546],[-123.8506,49.8804],[-123.8562,49.9062],[-123.8798,49.9448],[-123.83,50.0121],[-123.81,50.02],[-123.79,50.0142],[-123.75,49.9793],[-123.73,49.9727],[-123.71,49.9777],[-123.69,49.9936],[-123.671,50.022],[-123.6411,50.099],[-123.5942,50.1759],[-123.5479,50.2272],[-123.45,50.4208],[-123.4357,50.4315]],[[-123.43,50.426],[-123.45,50.4106],[-123.5441,50.2272],[-123.6086,50.1503],[-123.6532,50.0734],[-123.6687,50.022],[-123.69,49.9901],[-123.71,49.974],[-123.73,49.9678],[-123.75,49.9727],[-123.79,50.009],[-123.81,50.0131],[-123.83,50.003],[-123.871,49.9448],[-123.8445,49.8804],[-123.8632,49.8159],[-123.8605,49.7901],[-123.81,49.7422],[-123.77,49.7228],[-123.73,49.6927],[-123.6876,49.6738],[-123.6775,49.6608],[-123.69,49.6424],[-123.73,49.6255],[-123.77,49.6221],[-123.85,49.6267],[-123.8725,49.622],[-123.8723,49.609],[-123.8345,49.5701],[-123.8215,49.5312],[-123.8084,49.4272],[-123.8158,49.4012],[-123.8557,49.3491],[-123.8595,49.323],[-123.83,49.2852],[-123.81,49.273],[-123.73,49.2829],[-123.71,49.2715],[-123.6983,49.2447],[-123.6956,49.2055],[-123.67,49.1787],[-123.6478,49.1794],[-123.57,49.2296],[-123.546,49.2578],[-123.51,49.2752],[-123.47,49.278],[-123.43,49.2689],[-123.3969,49.2839],[-123.3883,49.2969],[-123.3941,49.31],[-123.4379,49.323],[-123.4504,49.336],[-123.4509,49.3491],[-123.4439,49.3751],[-123.3979,49.4402],[-123.3956,49.4922],[-123.3774,49.5312],[-123.33,49.5663],[-123.27,49.5824],[-123.25,49.5931],[-123.19,49.6504],[-123.1564,49.6996],[-123.11,49.7268],[-123.05,49.7514],[-123.051,49.7643],[-123.1043,49.803],[-123.1096,49.8417],[-123.1187,49.8546],[-123.13,49.8647],[-123.17,49.8762],[-123.189,49.8933],[-123.1844,49.9577],[-123.19,49.9612],[-123.25,49.9672],[-123.33,49.9205],[-123.43,49.8998],[-123.45,49.9008],[-123.4692,49.9191],[-123.49,49.9659],[-123.53,49.9745],[-123.55,49.9948],[-123.5494,50.0091],[-123.5167,50.0605],[-123.5057,50.1247],[-123.4691,50.2016],[-123.4641,50.3039],[-123.4298,50.3422],[-123.4154,50.3932],[-123.4123,50.406],[-123.43,50.426]]]}},{"type":"Feature","properties":{"c":"#00fb90","v0":0.04,"v1":0.05},"geometry":{"type":"Polygon","coordinates":[[[-95.191,50.3805],[-95.15,50.3862],[-95.03,50.3888],[-94.69,50.3167],[-94.59,50.3045],[-94.51,50.305],[-94.478,50.2911],[-94.451,50.2527],[-94.43,50.2432],[-94.39,50.2403],[-94.33,50.2594],[-94.27,50.255],[-94.19,50.2331],[-94.0741,50.2144],[-93.89,50.1685],[-93.81,50.1553],[-93.67,50.1077],[-93.35,50.0456],[-93.19,50.0055],[-92.93,49.9583],[-92.85,49.925],[-92.69,49.9027],[-92.57,49.8645],[-92.51,49.834],[-92.4261,49.8159],[-92.35,49.7867],[-92.29,49.7769],[-92.17,49.7306],[-92.0905,49.7126],[-92.01,49.6808],[-91.87,49.6445],[-91.79,49.6139],[-91.7205,49.596],[-91.55,49.5335],[-91.19,49.4152],[-91.0576,49.3882],[-90.91,49.3448],[-90.69,49.3053],[-90.5487,49.2708],[-90.5184,49.2578],[-90.5061,49.2447],[-90.5036,49.1925],[-90.4815,49.1532],[-90.4481,49.1271],[-90.3757,49.0878],[-90.3525,49.0616],[-90.3553,49.0485],[-90.39,49.0409],[-90.47,49.047],[-90.527,49.0616],[-90.59,49.0863],[-90.71,49.1037],[-90.79,49.1309],[-90.83,49.1346],[-90.89,49.155],[-90.95,49.1658],[-91.01,49.1925],[-91.1064,49.2186],[-91.19,49.2519],[-91.29,49.2681],[-91.37,49.2989],[-91.43,49.3144],[-91.53,49.3201],[-91.63,49.3437],[-91.71,49.3515],[-91.79,49.3844],[-91.89,49.3995],[-91.93,49.4271],[-92.0023,49.4532],[-92.07,49.4563],[-92.0878,49.4662],[-92.11,49.4936],[-92.17,49.5268],[-92.23,49.5346],[-92.29,49.5533],[-92.31,49.5529],[-92.3314,49.5441],[-92.3224,49.4922],[-92.2965,49.4532],[-92.2803,49.4402],[-92.27,49.4358],[-92.21,49.4384],[-92.17,49.4187],[-92.11,49.4188],[-92.07,49.3954],[-92.03,49.3903],[-91.99,49.371],[-91.95,49.3605],[-91.8776,49.323],[-91.8515,49.2969],[-91.87,49.2915],[-91.97,49.3096],[-92.01,49.3297],[-92.07,49.3479],[-92.11,49.3713],[-92.15,49.3805],[-92.19,49.4072],[-92.23,49.4046],[-92.25,49.3972],[-92.26,49.3882],[-92.258,49.3751],[-92.238,49.3491],[-92.13,49.276],[-92.086,49.2317],[-92.0685,49.1925],[-92.0514,49.1794],[-91.95,49.1314],[-91.87,49.1004],[-91.81,49.0849],[-91.71,49.0659],[-91.612,49.0616],[-91.55,49.0412],[-91.45,49.0213],[-91.33,49.0143],[-91.27,49.0161],[-91.21,49.0065],[-90.95,48.9284],[-90.75,48.8861],[-90.57,48.8322],[-90.37,48.7625],[-90.2641,48.7329],[-90.11,48.6751],[-90.05,48.6628],[-89.99,48.6336],[-89.83,48.5747],[-89.75,48.5268],[-89.67,48.495],[-89.6143,48.455],[-89.565,48.4285],[-89.55,48.4151],[-89.5408,48.3621],[-89.5498,48.3488],[-89.5999,48.3355],[-89.6211,48.3222],[-89.6178,48.3089],[-89.57,48.2764],[-89.55,48.2717],[-89.53,48.2742],[-89.49,48.3102],[-89.47,48.3085],[-89.43,48.2809],[-89.39,48.2704],[-89.31,48.282],[-89.25,48.2787],[-89.17,48.3052],[-89.13,48.3092],[-89.0537,48.229],[-89.01,48.1994],[-88.97,48.1837],[-88.8801,48.1624],[-88.7428,48.0956],[-88.69,48.0634],[-88.57,48.0148],[-88.51,47.9819],[-88.4533,47.9619],[-88.41,47.9353],[-88.2487,47.868],[-88.1755,47.8277],[-88.15,47.809],[-88.1209,47.7606],[-88.03,47.7105],[-87.97,47.6884],[-87.87,47.6274],[-87.8042,47.5585],[-87.65,47.445],[-87.5684,47.4098],[-87.41,47.3261],[-87.29,47.2824],[-87.23,47.2763],[-87.21,47.2691],[-87.07,47.1957],[-86.99,47.1676],[-86.89,47.1187],[-86.79,47.0835],[-86.71,47.0439],[-86.55,46.9938],[-86.41,46.9757],[-86.17,46.9012],[-86.05,46.8714],[-85.8707,46.7835],[-85.73,46.7053],[-85.7227,46.6875],[-85.7331,46.6738],[-85.75,46.6676],[-85.79,46.6635],[-85.87,46.6674],[-85.902,46.66],[-85.9206,46.6463],[-85.9294,46.6188],[-85.9212,46.5914],[-85.8693,46.5364],[-85.8841,46.5088],[-85.8817,46.4813],[-85.8094,46.4262],[-85.77,46.4105],[-85.73,46.4185],[-85.6792,46.44],[-85.57,46.4697],[-85.53,46.4678],[-85.5248,46.44],[-85.5564,46.3986],[-85.67,46.3079],[-85.71,46.312],[-85.77,46.329],[-85.79,46.3255],[-85.8049,46.3158],[-85.8047,46.2881],[-85.7702,46.2466],[-85.81,46.1895],[-85.85,46.1763],[-85.93,46.1801],[-86.01,46.1559],[-86.11,46.1596],[-86.23,46.1428],[-86.2502,46.122],[-86.2188,46.0804],[-86.2122,46.0249],[-86.265,46.0249],[-86.29,46.0333],[-86.3028,46.0527],[-86.33,46.0697],[-86.37,46.0732],[-86.3994,46.0665],[-86.4103,46.0527],[-86.4045,46.0388],[-86.3498,46.011],[-86.3713,45.9554],[-86.37,45.8807],[-86.4022,45.844],[-86.4131,45.8162],[-86.43,45.8103],[-86.49,45.8145],[-86.65,45.8418],[-86.71,45.8299],[-86.79,45.8378],[-86.87,45.8309],[-86.97,45.8404],[-87.0004,45.8301],[-87.0153,45.8162],[-87.0189,45.7883],[-87.0015,45.7604],[-86.8734,45.6906],[-86.85,45.6602],[-86.81,45.6491],[-86.73,45.6464],[-86.71,45.6368],[-86.7087,45.6207],[-86.7493,45.5927],[-86.7605,45.5647],[-86.75,45.5505],[-86.71,45.5322],[-86.65,45.5295],[-86.6222,45.5227],[-86.6074,45.5086],[-86.5944,45.4806],[-86.6038,45.4385],[-86.59,45.4349],[-86.5681,45.4104],[-86.5928,45.4104],[-86.6108,45.4385],[-86.69,45.4836],[-86.73,45.4961],[-86.81,45.5081],[-86.85,45.5318],[-86.89,45.5439],[-86.95,45.5431],[-86.975,45.5367],[-86.9876,45.5227],[-86.9886,45.5086],[-86.9735,45.4806],[-86.85,45.4196],[-86.79,45.3649],[-86.73,45.3462],[-86.67,45.3165],[-86.59,45.2963],[-86.53,45.2423],[-86.45,45.1873],[-86.35,45.0984],[-86.3162,45.0583],[-86.33,45.0443],[-86.41,45.0465],[-86.43,45.0405],[-86.4615,44.9876],[-86.47,44.9802],[-86.49,44.9766],[-86.53,45.0066],[-86.6043,45.143],[-86.6411,45.1853],[-86.67,45.242],[-86.69,45.2573],[-86.77,45.2815],[-86.83,45.3159],[-86.91,45.3426],[-87.05,45.4046],[-87.11,45.4162],[-87.17,45.4081],[-87.21,45.4115],[-87.2958,45.4385],[-87.45,45.5028],[-87.5341,45.5227],[-87.65,45.6017],[-87.77,45.6451],[-87.8378,45.6626],[-87.9261,45.7185],[-88.01,45.7622],[-88.09,45.7906],[-88.13,45.7893],[-88.1525,45.7743],[-88.1606,45.7464],[-88.1554,45.7045],[-88.1611,45.6906],[-88.1954,45.6626],[-88.2139,45.6347],[-88.2286,45.5367],[-88.2529,45.4946],[-88.2605,45.4525],[-88.2788,45.4245],[-88.28,45.4104],[-88.25,45.3781],[-88.1611,45.3402],[-88.11,45.3249],[-88.05,45.2751],[-87.9598,45.2276],[-87.8864,45.143],[-87.81,45.0901],[-87.7573,45.0442],[-87.59,44.9871],[-87.4743,44.931],[-87.378,44.8743],[-87.21,44.8362],[-87.17,44.816],[-87.0755,44.7466],[-87.0612,44.7182],[-87.0553,44.6613],[-87.03,44.6145],[-86.9514,44.5331],[-86.8042,44.4333],[-86.7579,44.3761],[-86.77,44.3664],[-86.83,44.3735],[-86.87,44.3582],[-86.8878,44.3475],[-86.8966,44.3332],[-86.8819,44.3046],[-86.71,44.1891],[-86.6853,44.1613],[-86.6826,44.1182],[-86.67,44.0987],[-86.65,44.0865],[-86.53,44.046],[-86.51,44.0335],[-86.41,43.9486],[-86.33,43.8937],[-86.29,43.844],[-86.25,43.8133],[-86.2134,43.7726],[-86.07,43.6998],[-85.97,43.63],[-85.7873,43.454],[-85.6527,43.3522],[-85.6213,43.3086],[-85.57,43.2753],[-85.5156,43.1921],[-85.41,43.0961],[-85.2871,42.9436],[-85.1724,42.8264],[-85.1615,42.7824],[-85.131,42.7236],[-85.024,42.5765],[-84.9592,42.4733],[-84.8992,42.3995],[-84.73,42.2559],[-84.6595,42.1628],[-84.57,42.0668],[-84.55,42.0255],[-84.61,42.0436],[-84.65,42.0422],[-84.681,42.0143],[-84.71,41.9462],[-84.77,41.9344],[-84.83,41.9472],[-84.85,41.9432],[-84.89,41.9235],[-84.9671,41.9102],[-84.979,41.8953],[-84.9793,41.8804],[-84.9661,41.8506],[-84.9192,41.791],[-84.8081,41.6118],[-84.8058,41.5819],[-84.8199,41.537],[-84.8102,41.522],[-84.7421,41.4621],[-84.67,41.4135],[-84.6481,41.3571],[-84.6283,41.327],[-84.5445,41.2369],[-84.4599,41.1767],[-84.4386,41.1164],[-84.3993,41.0561],[-84.4195,40.9807],[-84.4518,40.9051],[-84.4387,40.7841],[-84.51,40.6709],[-84.53,40.6648],[-84.55,40.6682],[-84.63,40.7052],[-84.67,40.7166],[-84.81,40.7337],[-84.8475,40.7235],[-84.866,40.7083],[-84.8774,40.6628],[-84.89,40.6447],[-84.97,40.6381],[-84.99,40.6455],[-85.01,40.6655],[-85.15,40.8465],[-85.2016,40.9656],[-85.236,41.0863],[-85.3326,41.2218],[-85.3346,41.2369],[-85.2946,41.3421],[-85.3294,41.4021],[-85.35,41.4561],[-85.3513,41.522],[-85.3876,41.5819],[-85.4193,41.7015],[-85.45,41.7449],[-85.49,41.7797],[-85.53,41.7904],[-85.5557,41.7761],[-85.5628,41.7463],[-85.5192,41.6417],[-85.5263,41.6268],[-85.581,41.5969],[-85.67,41.5582],[-85.69,41.5557],[-85.75,41.5663],[-85.83,41.5986],[-85.85,41.5973],[-85.97,41.556],[-85.99,41.5567],[-86.1007,41.6268],[-86.19,41.6996],[-86.2037,41.7463],[-86.2851,41.8804],[-86.3081,41.94],[-86.3975,42.044],[-86.4303,42.1034],[-86.45,42.1168],[-86.53,42.1422],[-86.65,42.0864],[-86.69,42.0796],[-86.71,42.0844],[-86.83,42.1454],[-86.8927,42.1924],[-86.97,42.239],[-87.0158,42.2812],[-87.0588,42.3404],[-87.0565,42.3552],[-87.03,42.3731],[-87.0239,42.3848],[-87.0284,42.4291],[-87.0855,42.5028],[-87.106,42.5618],[-87.1461,42.6354],[-87.17,42.6648],[-87.3175,42.7824],[-87.3311,42.8264],[-87.3266,42.8997],[-87.3618,42.9583],[-87.3367,42.9876],[-87.3354,43.0022],[-87.3445,43.0168],[-87.4169,43.0899],[-87.4445,43.1483],[-87.47,43.1754],[-87.59,43.2757],[-87.69,43.3231],[-87.6956,43.3377],[-87.69,43.3466],[-87.67,43.3537],[-87.57,43.3466],[-87.47,43.3678],[-87.43,43.3679],[-87.37,43.3468],[-87.29,43.2833],[-87.25,43.2646],[-87.19,43.2799],[-87.13,43.2852],[-87.1215,43.294],[-87.1253,43.3086],[-87.1405,43.3232],[-87.21,43.3529],[-87.27,43.392],[-87.3348,43.512],[-87.3946,43.5555],[-87.49,43.5949],[-87.5205,43.6135],[-87.6063,43.7148],[-87.6194,43.7437],[-87.6069,43.7726],[-87.6138,43.8159],[-87.61,43.8306],[-87.5573,43.8736],[-87.5526,43.9456],[-87.5618,43.9744],[-87.6045,44.032],[-87.6413,44.1038],[-87.6939,44.1613],[-87.7213,44.2186],[-87.7703,44.2903],[-87.77,44.3483],[-87.75,44.3663],[-87.71,44.3704],[-87.7081,44.3761],[-87.7631,44.4475],[-87.8201,44.5046],[-87.9776,44.6186],[-88.07,44.6672],[-88.096,44.6898],[-88.1362,44.7608],[-88.19,44.8071],[-88.2463,44.8743],[-88.2548,44.9168],[-88.2493,44.9735],[-88.2587,45.0159],[-88.29,45.0524],[-88.35,45.0983],[-88.41,45.1687],[-88.4212,45.2135],[-88.43,45.2229],[-88.45,45.2261],[-88.57,45.2219],[-88.63,45.2271],[-88.85,45.2645],[-88.89,45.2562],[-88.934,45.2135],[-88.95,45.1642],[-89.0254,45.1289],[-89.0405,45.1007],[-89.0344,45.0724],[-89.0211,45.0583],[-88.95,45.0328],[-88.9171,45.0018],[-88.9061,44.9452],[-88.8877,44.9027],[-88.89,44.8792],[-88.91,44.8677],[-88.95,44.866],[-88.99,44.8561],[-89.01,44.8443],[-89.045,44.8034],[-89.07,44.7966],[-89.11,44.8041],[-89.17,44.8351],[-89.2479,44.9027],[-89.2969,44.931],[-89.3085,44.9452],[-89.3147,45.0018],[-89.335,45.0724],[-89.3807,45.1007],[-89.3846,45.1148],[-89.3265,45.1289],[-89.304,45.143],[-89.3036,45.1571],[-89.3154,45.1712],[-89.3838,45.1994],[-89.55,45.2389],[-89.6103,45.2698],[-89.6223,45.2839],[-89.6128,45.298],[-89.55,45.3132],[-89.5427,45.3261],[-89.5685,45.3964],[-89.5592,45.4104],[-89.49,45.4531],[-89.45,45.4642],[-89.37,45.4571],[-89.31,45.4601],[-89.23,45.4702],[-89.1988,45.4806],[-89.1922,45.4946],[-89.2368,45.5507],[-89.257,45.5927],[-89.29,45.6147],[-89.41,45.6582],[-89.45,45.7027],[-89.47,45.7126],[-89.55,45.7434],[-89.61,45.7578],[-89.69,45.8004],[-89.7176,45.844],[-89.75,45.8655],[-89.83,45.8806],[-89.89,45.879],[-89.9121,45.8719],[-89.8991,45.9137],[-89.908,45.9415],[-89.9857,45.9971],[-90.03,46.0624],[-90.097,46.0804],[-90.1628,46.1082],[-90.1755,46.122],[-90.1805,46.1497],[-90.1984,46.1774],[-90.1981,46.219],[-90.2101,46.2328],[-90.2414,46.2466],[-90.27,46.2517],[-90.35,46.2475],[-90.39,46.2524],[-90.486,46.302],[-90.5005,46.3434],[-90.4268,46.4262],[-90.4305,46.4537],[-90.47,46.4774],[-90.57,46.5161],[-90.65,46.5662],[-90.73,46.5678],[-90.7816,46.5776],[-90.81,46.5893],[-90.8606,46.6326],[-90.9105,46.66],[-90.93,46.6881],[-90.9623,46.7149],[-90.9769,46.7561],[-91.0386,46.8108],[-91.0418,46.8245],[-91.03,46.832],[-90.89,46.8724],[-90.77,46.8787],[-90.71,46.8678],[-90.6426,46.8108],[-90.7075,46.7698],[-90.709,46.7561],[-90.6968,46.7424],[-90.47,46.6693],[-90.33,46.6032],[-90.2433,46.5776],[-90.1758,46.5226],[-90.13,46.51],[-90.09,46.5136],[-90.076,46.5226],[-90.0799,46.5364],[-90.1295,46.5776],[-90.1373,46.5914],[-90.133,46.6188],[-90.1454,46.6463],[-90.23,46.6808],[-90.2976,46.7012],[-90.3449,46.7286],[-90.33,46.7381],[-90.29,46.7397],[-90.23,46.7191],[-90.19,46.7158],[-90.1554,46.7286],[-90.1604,46.7424],[-90.1766,46.7561],[-90.21,46.7695],[-90.27,46.779],[-90.41,46.8203],[-90.61,46.8987],[-90.71,46.9453],[-90.7991,46.9612],[-90.87,46.9864],[-90.95,46.9891],[-90.9961,47.0158],[-91.0797,47.0839],[-91.1247,47.1112],[-91.1423,47.1384],[-91.159,47.1928],[-91.2381,47.2335],[-91.37,47.2787],[-91.47,47.3075],[-91.53,47.318],[-91.5552,47.3285],[-91.5959,47.3692],[-91.69,47.3958],[-91.75,47.4065],[-91.8387,47.4639],[-91.9041,47.4774],[-91.9271,47.491],[-91.9357,47.5045],[-91.9373,47.5315],[-91.95,47.5421],[-92.03,47.5659],[-92.11,47.5816],[-92.21,47.6195],[-92.2929,47.6394],[-92.2988,47.6529],[-92.2631,47.7068],[-92.286,47.7471],[-92.2808,47.7606],[-92.25,47.7709],[-92.19,47.7616],[-92.05,47.7674],[-91.91,47.7546],[-91.85,47.7541],[-91.81,47.7449],[-91.696,47.6933],[-91.61,47.6623],[-91.57,47.6608],[-91.5598,47.6664],[-91.5648,47.6798],[-91.59,47.7005],[-91.65,47.7218],[-91.6963,47.7606],[-91.81,47.7906],[-91.9368,47.8546],[-92.0059,47.8814],[-92.15,47.9304],[-92.25,47.9444],[-92.4434,47.9886],[-92.4777,48.002],[-92.53,48.0342],[-92.59,48.0465],[-92.6026,48.0555],[-92.616,48.0823],[-92.63,48.0889],[-92.7112,48.109],[-92.7228,48.1223],[-92.7078,48.1357],[-92.6083,48.1757],[-92.6052,48.189],[-92.6414,48.2157],[-92.6462,48.229],[-92.6294,48.2424],[-92.59,48.2508],[-92.55,48.2503],[-92.5036,48.2424],[-92.45,48.2223],[-92.37,48.2115],[-92.31,48.1713],[-92.1663,48.1357],[-92.0909,48.0956],[-91.97,48.0865],[-91.89,48.0566],[-91.83,48.0716],[-91.75,48.0485],[-91.55,48.0089],[-91.4632,48.0154],[-91.4499,48.0288],[-91.4952,48.0555],[-91.65,48.0966],[-91.73,48.1539],[-91.8806,48.2024],[-91.9116,48.229],[-91.9093,48.2424],[-91.8688,48.269],[-91.8909,48.2823],[-92.1354,48.3355],[-92.23,48.3702],[-92.47,48.4171],[-92.59,48.4462],[-92.67,48.4999],[-92.75,48.524],[-92.91,48.54],[-92.99,48.5695],[-93.09,48.5816],[-93.15,48.6033],[-93.23,48.6189],[-93.2902,48.6404],[-93.53,48.6898],[-93.75,48.7013],[-93.89,48.7211],[-93.95,48.7418],[-93.9782,48.7592],[-93.98,48.7724],[-93.95,48.7809],[-93.81,48.7756],[-93.77,48.7851],[-93.73,48.8096],[-93.71,48.815],[-93.67,48.8192],[-93.61,48.8172],[-93.47,48.7886],[-93.3002,48.7329],[-93.19,48.7048],[-93.13,48.6925],[-93.0759,48.6933],[-93.1021,48.7197],[-93.1249,48.7329],[-93.29,48.7948],[-93.442,48.8646],[-93.55,48.8857],[-93.6406,48.9172],[-93.69,48.9419],[-93.6959,48.9566],[-93.67,48.9688],[-93.65,48.9691],[-93.53,48.9584],[-93.35,48.9126],[-93.31,48.9294],[-93.288,48.9435],[-93.2798,48.9566],[-93.3011,48.9829],[-93.3084,49.0091],[-93.3008,49.0223],[-93.21,49.0263],[-93.11,49.0198],[-92.89,48.9698],[-92.81,48.9625],[-92.79,48.9675],[-92.803,48.9829],[-92.85,49.0051],[-92.89,49.0506],[-92.93,49.0765],[-92.97,49.0885],[-93.05,49.091],[-93.13,49.1255],[-93.19,49.1408],[-93.2383,49.1794],[-93.3547,49.2447],[-93.3897,49.2708],[-93.39,49.2854],[-93.36,49.2969],[-93.25,49.3011],[-93.15,49.3156],[-92.93,49.3001],[-92.77,49.2758],[-92.686,49.2708],[-92.53,49.2281],[-92.35,49.223],[-92.27,49.1912],[-92.25,49.1886],[-92.23,49.1931],[-92.2189,49.2055],[-92.221,49.2317],[-92.33,49.3287],[-92.37,49.3461],[-92.39,49.3467],[-92.43,49.3363],[-92.49,49.3891],[-92.5424,49.4142],[-92.5727,49.4402],[-92.57,49.461],[-92.55,49.4714],[-92.51,49.461],[-92.47,49.4329],[-92.45,49.4275],[-92.4273,49.4402],[-92.4375,49.4662],[-92.5039,49.5182],[-92.53,49.5497],[-92.57,49.5369],[-92.59,49.5415],[-92.6096,49.5571],[-92.6065,49.5701],[-92.57,49.5768],[-92.55,49.5745],[-92.53,49.5592],[-92.51,49.5611],[-92.4853,49.5701],[-92.4691,49.5831],[-92.4715,49.596],[-92.51,49.6014],[-92.55,49.5964],[-92.65,49.6585],[-92.71,49.6704],[-92.75,49.6929],[-92.77,49.6974],[-92.81,49.6892],[-92.91,49.6869],[-92.99,49.6937],[-93.19,49.7332],[-93.31,49.7681],[-93.45,49.7917],[-93.51,49.8158],[-93.5623,49.8288],[-93.5799,49.8804],[-93.65,49.9177],[-93.83,49.9421],[-94.01,49.9918],[-94.0892,50.0348],[-94.1048,50.0734],[-94.13,50.0905],[-94.35,50.1319],[-94.51,50.1545],[-94.55,50.1708],[-94.6035,50.2144],[-94.63,50.2276],[-94.73,50.2415],[-94.83,50.269],[-94.91,50.2781],[-95.04,50.3039],[-95.191,50.3422],[-95.2191,50.3549],[-95.2265,50.3677],[-95.191,50.3805]],[[-95.17,50.3811],[-95.2037,50.3677],[-95.2026,50.3549],[-95.1742,50.3422],[-95.0307,50.3039],[-94.91,50.2804],[-94.83,50.2711],[-94.73,50.2431],[-94.63,50.2303],[-94.5986,50.2144],[-94.55,50.1726],[-94.51,50.156],[-94.35,50.1334],[-94.13,50.0932],[-94.0995,50.0734],[-94.0954,50.0477],[-94.0854,50.0348],[-94.01,49.9932],[-93.83,49.9434],[-93.6485,49.9191],[-93.5891,49.8933],[-93.5731,49.8804],[-93.5559,49.8288],[-93.51,49.8182],[-93.45,49.7933],[-93.31,49.7694],[-93.19,49.7348],[-92.99,49.6967],[-92.91,49.6896],[-92.81,49.6937],[-92.77,49.701],[-92.75,49.6967],[-92.71,49.6736],[-92.6491,49.6608],[-92.55,49.6033],[-92.49,49.6068],[-92.4562,49.596],[-92.4571,49.5831],[-92.5062,49.5571],[-92.5187,49.5441],[-92.49,49.5104],[-92.4427,49.4792],[-92.4202,49.4402],[-92.4298,49.4272],[-92.45,49.4243],[-92.47,49.4291],[-92.51,49.4578],[-92.55,49.4659],[-92.5698,49.4532],[-92.5684,49.4402],[-92.5384,49.4142],[-92.49,49.3923],[-92.43,49.3441],[-92.39,49.3512],[-92.37,49.349],[-92.33,49.3318],[-92.2166,49.2317],[-92.2138,49.2055],[-92.23,49.1885],[-92.27,49.1885],[-92.35,49.2193],[-92.53,49.2266],[-92.69,49.2696],[-92.77,49.274],[-92.85,49.2895],[-92.93,49.298],[-93.15,49.3128],[-93.25,49.2995],[-93.35,49.2951],[-93.3822,49.2839],[-93.3825,49.2708],[-93.3693,49.2578],[-93.19,49.1481],[-93.11,49.1229],[-93.0679,49.1009],[-93.03,49.094],[-92.97,49.0919],[-92.93,49.0796],[-92.89,49.055],[-92.8491,49.0091],[-92.794,48.9829],[-92.7777,48.9698],[-92.7767,48.9566],[-92.81,48.956],[-92.89,48.9674],[-93.11,49.0183],[-93.19,49.025],[-93.29,49.0187],[-93.2992,49.0091],[-93.2976,48.996],[-93.2702,48.9566],[-93.2808,48.9435],[-93.33,48.9134],[-93.35,48.9097],[-93.53,48.9569],[-93.65,48.9669],[-93.67,48.9662],[-93.6913,48.9566],[-93.6878,48.9435],[-93.6687,48.9304],[-93.563,48.8909],[-93.43,48.8622],[-93.29,48.7962],[-93.1201,48.7329],[-93.05,48.6916],[-93.07,48.6854],[-93.15,48.6941],[-93.29,48.7287],[-93.47,48.7874],[-93.61,48.8163],[-93.67,48.8183],[-93.71,48.8138],[-93.73,48.8079],[-93.77,48.7834],[-93.81,48.7742],[-93.95,48.7793],[-93.9751,48.7724],[-93.9748,48.7592],[-93.95,48.7433],[-93.89,48.7222],[-93.75,48.7026],[-93.53,48.691],[-93.29,48.6414],[-93.23,48.6199],[-93.15,48.6044],[-93.09,48.5826],[-92.97,48.5658],[-92.89,48.5367],[-92.77,48.529],[-92.71,48.517],[-92.67,48.5026],[-92.59,48.4474],[-92.47,48.4181],[-92.23,48.3714],[-92.1302,48.3355],[-91.8862,48.2823],[-91.8608,48.269],[-91.9052,48.2424],[-91.9083,48.229],[-91.8769,48.2024],[-91.73,48.1553],[-91.65,48.0989],[-91.4913,48.0555],[-91.4432,48.0288],[-91.4366,48.0154],[-91.55,48.0079],[-91.75,48.0466],[-91.83,48.0691],[-91.89,48.054],[-91.97,48.0843],[-92.1019,48.0956],[-92.1773,48.1357],[-92.31,48.1687],[-92.37,48.2072],[-92.45,48.2192],[-92.53,48.2464],[-92.59,48.2493],[-92.6238,48.2424],[-92.642,48.229],[-92.6368,48.2157],[-92.6011,48.189],[-92.6035,48.1757],[-92.6985,48.1357],[-92.7144,48.1223],[-92.6989,48.109],[-92.63,48.0916],[-92.6102,48.0823],[-92.59,48.0516],[-92.53,48.0372],[-92.4721,48.002],[-92.4371,47.9886],[-92.25,47.9461],[-92.15,47.9316],[-91.9655,47.868],[-91.81,47.7921],[-91.6932,47.7606],[-91.6405,47.7202],[-91.5735,47.6933],[-91.5523,47.6664],[-91.57,47.6567],[-91.63,47.6659],[-91.81,47.7422],[-91.85,47.7519],[-92.05,47.7662],[-92.19,47.7601],[-92.25,47.7697],[-92.2783,47.7606],[-92.2839,47.7471],[-92.26,47.7068],[-92.2926,47.6529],[-92.2817,47.6394],[-92.21,47.6213],[-92.11,47.584],[-91.9409,47.545],[-91.9286,47.5315],[-91.9318,47.5045],[-91.9224,47.491],[-91.8947,47.4774],[-91.85,47.4714],[-91.8333,47.4639],[-91.75,47.4091],[-91.59,47.3695],[-91.5672,47.3421],[-91.53,47.3203],[-91.47,47.3089],[-91.2658,47.2471],[-91.1779,47.2064],[-91.1552,47.1928],[-91.146,47.1792],[-91.1385,47.1384],[-91.1202,47.1112],[-91.0759,47.0839],[-90.9921,47.0158],[-90.95,46.9922],[-90.85,46.9847],[-90.79,46.9612],[-90.71,46.9469],[-90.61,46.9005],[-90.41,46.8228],[-90.27,46.7813],[-90.2051,46.7698],[-90.1726,46.7561],[-90.156,46.7424],[-90.15,46.7252],[-90.19,46.7124],[-90.23,46.7165],[-90.29,46.7368],[-90.31,46.737],[-90.3347,46.7286],[-90.2924,46.7012],[-90.23,46.6836],[-90.1405,46.6463],[-90.1317,46.6326],[-90.1335,46.5914],[-90.1258,46.5776],[-90.0764,46.5364],[-90.071,46.5226],[-90.09,46.5103],[-90.13,46.5083],[-90.1788,46.5226],[-90.23,46.5685],[-90.33,46.6019],[-90.47,46.6681],[-90.7001,46.7424],[-90.7133,46.7561],[-90.7125,46.7698],[-90.6516,46.8108],[-90.6591,46.8245],[-90.7116,46.8656],[-90.79,46.8767],[-90.89,46.8693],[-91.03,46.8285],[-91.0362,46.8245],[-91.0343,46.8108],[-90.9731,46.7561],[-90.9548,46.7149],[-90.93,46.6954],[-90.91,46.6671],[-90.85,46.6287],[-90.81,46.5934],[-90.7696,46.5776],[-90.73,46.5699],[-90.65,46.5684],[-90.57,46.5178],[-90.47,46.4794],[-90.43,46.456],[-90.4235,46.4262],[-90.47,46.3626],[-90.4924,46.3434],[-90.4921,46.3158],[-90.4817,46.302],[-90.39,46.2549],[-90.35,46.2496],[-90.27,46.2542],[-90.2327,46.2466],[-90.2035,46.2328],[-90.1926,46.219],[-90.1927,46.1774],[-90.1732,46.1497],[-90.17,46.1216],[-90.1291,46.0943],[-90.0291,46.0665],[-90.01,46.0482],[-89.9826,45.9971],[-89.9051,45.9415],[-89.89,45.8908],[-89.79,45.8796],[-89.75,45.8688],[-89.7125,45.844],[-89.6879,45.8022],[-89.61,45.7598],[-89.53,45.7399],[-89.45,45.7069],[-89.41,45.661],[-89.29,45.6165],[-89.2545,45.5927],[-89.225,45.5367],[-89.1882,45.4946],[-89.1934,45.4806],[-89.23,45.4681],[-89.31,45.4584],[-89.37,45.4557],[-89.45,45.4622],[-89.49,45.4507],[-89.556,45.4104],[-89.5657,45.3964],[-89.5378,45.3261],[-89.5414,45.3121],[-89.6021,45.298],[-89.6169,45.2839],[-89.6058,45.2698],[-89.55,45.2406],[-89.51,45.2274],[-89.3755,45.1994],[-89.3062,45.1712],[-89.2933,45.143],[-89.31,45.1274],[-89.3702,45.1148],[-89.3696,45.1007],[-89.3226,45.0724],[-89.3049,44.9452],[-89.17,44.8375],[-89.11,44.8068],[-89.07,44.7997],[-89.05,44.8046],[-89.0132,44.846],[-88.99,44.8591],[-88.91,44.8708],[-88.89,44.8884],[-88.9214,45.0018],[-88.95,45.0282],[-89.01,45.0476],[-89.0268,45.0583],[-89.0408,45.0724],[-89.0464,45.1007],[-89.0322,45.1289],[-88.95,45.1689],[-88.9376,45.2135],[-88.89,45.2595],[-88.85,45.2666],[-88.59,45.225],[-88.4262,45.2276],[-88.4147,45.2135],[-88.4076,45.1712],[-88.3474,45.1007],[-88.2647,45.03],[-88.2469,44.9735],[-88.2504,44.9168],[-88.2426,44.8743],[-88.19,44.8106],[-88.1327,44.7608],[-88.094,44.6898],[-88.07,44.6688],[-87.9754,44.6186],[-87.8183,44.5046],[-87.7003,44.3761],[-87.6957,44.3618],[-87.71,44.354],[-87.75,44.3569],[-87.7601,44.3475],[-87.7656,44.2903],[-87.7167,44.2186],[-87.6902,44.1613],[-87.6285,44.0895],[-87.5995,44.032],[-87.5583,43.9744],[-87.5489,43.9456],[-87.5534,43.8736],[-87.6067,43.8303],[-87.611,43.8159],[-87.6011,43.7726],[-87.6141,43.7437],[-87.5931,43.7003],[-87.51,43.6081],[-87.3905,43.5555],[-87.3313,43.512],[-87.3023,43.4685],[-87.27,43.3947],[-87.21,43.3554],[-87.1349,43.3232],[-87.1199,43.3086],[-87.1148,43.294],[-87.1279,43.2795],[-87.19,43.277],[-87.25,43.2614],[-87.29,43.2809],[-87.37,43.3446],[-87.43,43.366],[-87.47,43.3659],[-87.57,43.3443],[-87.67,43.3511],[-87.6921,43.3377],[-87.6845,43.3232],[-87.59,43.2783],[-87.47,43.1781],[-87.442,43.1483],[-87.4137,43.0899],[-87.3317,43.0022],[-87.3313,42.9876],[-87.3572,42.9583],[-87.3232,42.8997],[-87.3277,42.8411],[-87.3187,42.7971],[-87.31,42.78],[-87.17,42.667],[-87.1443,42.6354],[-87.0975,42.5471],[-87.0829,42.5028],[-87.027,42.4291],[-87.0217,42.3848],[-87.03,42.3689],[-87.0506,42.3552],[-87.0547,42.3404],[-87.0132,42.2812],[-86.97,42.2409],[-86.83,42.1478],[-86.71,42.0877],[-86.67,42.0842],[-86.65,42.0906],[-86.5925,42.1183],[-86.55,42.1548],[-86.53,42.1564],[-86.51,42.1499],[-86.43,42.111],[-86.4112,42.0886],[-86.393,42.044],[-86.3058,41.94],[-86.28,41.8804],[-86.2024,41.7612],[-86.17,41.6918],[-86.0913,41.6268],[-85.99,41.5647],[-85.95,41.5667],[-85.85,41.6009],[-85.83,41.6015],[-85.73,41.5641],[-85.69,41.5598],[-85.67,41.5638],[-85.5739,41.6118],[-85.5383,41.6417],[-85.5487,41.7015],[-85.5691,41.7463],[-85.5656,41.7761],[-85.55,41.7948],[-85.53,41.8],[-85.49,41.7855],[-85.4471,41.7463],[-85.4157,41.7015],[-85.3808,41.5819],[-85.3457,41.522],[-85.3415,41.4621],[-85.3207,41.4021],[-85.2882,41.3421],[-85.3156,41.2369],[-85.3101,41.2068],[-85.2223,41.0712],[-85.17,40.897],[-85.15,40.8581],[-85.03,40.7018],[-84.99,40.6617],[-84.97,40.6518],[-84.91,40.6539],[-84.8942,40.6628],[-84.8807,40.7083],[-84.8679,40.7235],[-84.85,40.7357],[-84.81,40.7422],[-84.69,40.7286],[-84.63,40.7126],[-84.5501,40.678],[-84.5284,40.678],[-84.49,40.7139],[-84.4466,40.7841],[-84.4445,40.8144],[-84.4593,40.8749],[-84.4592,40.9051],[-84.4276,40.9807],[-84.4125,41.0561],[-84.4448,41.1164],[-84.4656,41.1767],[-84.5332,41.2218],[-84.6348,41.327],[-84.6545,41.3571],[-84.6682,41.4021],[-84.6826,41.4171],[-84.7498,41.4621],[-84.8223,41.522],[-84.8283,41.552],[-84.8116,41.5969],[-84.8164,41.6118],[-84.9253,41.791],[-84.9746,41.8506],[-84.992,41.8953],[-84.9891,41.9102],[-84.97,41.9238],[-84.91,41.9286],[-84.85,41.9609],[-84.83,41.9658],[-84.77,41.9514],[-84.723,41.9548],[-84.71,41.967],[-84.6993,41.9995],[-84.67,42.0422],[-84.65,42.0549],[-84.59,42.047],[-84.5752,42.0589],[-84.59,42.0815],[-84.6668,42.1628],[-84.7329,42.2516],[-84.9054,42.3995],[-84.9649,42.4733],[-85.0285,42.5765],[-85.1351,42.7236],[-85.19,42.8406],[-85.29,42.9425],[-85.41,43.0915],[-85.5214,43.1921],[-85.57,43.2685],[-85.6295,43.3086],[-85.663,43.3522],[-85.7796,43.4395],[-85.848,43.512],[-85.9042,43.5555],[-85.978,43.628],[-86.07,43.6931],[-86.2222,43.7726],[-86.2976,43.8447],[-86.33,43.8887],[-86.41,43.9436],[-86.5179,44.032],[-86.67,44.0953],[-86.6864,44.1182],[-86.6905,44.1613],[-86.71,44.1838],[-86.8873,44.3046],[-86.905,44.3332],[-86.9003,44.3475],[-86.85,44.3741],[-86.79,44.3818],[-86.784,44.3904],[-86.8127,44.4333],[-86.9564,44.5331],[-87.0361,44.6186],[-87.0573,44.6613],[-87.0634,44.7182],[-87.078,44.7466],[-87.17,44.8147],[-87.21,44.835],[-87.3825,44.8743],[-87.4787,44.931],[-87.59,44.9855],[-87.7612,45.0442],[-87.8911,45.143],[-87.9669,45.2276],[-88.05,45.272],[-88.11,45.3226],[-88.25,45.3764],[-88.2835,45.4104],[-88.2572,45.4946],[-88.233,45.5367],[-88.2167,45.6347],[-88.1594,45.7045],[-88.1645,45.7464],[-88.1587,45.7743],[-88.13,45.7934],[-88.09,45.7937],[-88.01,45.7654],[-87.9194,45.7185],[-87.8609,45.6766],[-87.8308,45.6626],[-87.77,45.6475],[-87.65,45.6051],[-87.53,45.5267],[-87.43,45.4994],[-87.31,45.4491],[-87.21,45.418],[-87.17,45.4138],[-87.11,45.4202],[-87.03,45.4024],[-86.91,45.3502],[-86.83,45.3226],[-86.77,45.288],[-86.69,45.2696],[-86.67,45.2602],[-86.6446,45.1994],[-86.6008,45.143],[-86.53,45.0172],[-86.49,44.9877],[-86.47,44.9888],[-86.4475,45.03],[-86.43,45.0455],[-86.41,45.0496],[-86.35,45.0467],[-86.33,45.0517],[-86.3235,45.0583],[-86.3307,45.0724],[-86.39,45.1318],[-86.57,45.2729],[-86.59,45.2836],[-86.67,45.3037],[-86.7263,45.3402],[-86.79,45.3582],[-86.85,45.4112],[-86.95,45.4552],[-86.9866,45.4806],[-87.0018,45.5086],[-87.0005,45.5367],[-86.97,45.548],[-86.91,45.55],[-86.85,45.5415],[-86.79,45.5142],[-86.71,45.5033],[-86.63,45.4646],[-86.61,45.4681],[-86.6049,45.4806],[-86.61,45.5011],[-86.63,45.5211],[-86.73,45.5252],[-86.7678,45.5507],[-86.77,45.5787],[-86.7629,45.5927],[-86.7227,45.6207],[-86.7258,45.6347],[-86.85,45.641],[-86.8718,45.6486],[-86.91,45.6892],[-86.93,45.6992],[-86.95,45.7017],[-86.9806,45.6906],[-87.01,45.6894],[-87.0418,45.7045],[-87.0504,45.7185],[-87.0459,45.7325],[-87.0249,45.7464],[-87.0307,45.8162],[-87.01,45.837],[-86.95,45.8499],[-86.87,45.8401],[-86.79,45.8446],[-86.71,45.8377],[-86.65,45.8489],[-86.5606,45.8301],[-86.4421,45.8162],[-86.43,45.8201],[-86.4232,45.844],[-86.39,45.8659],[-86.3777,45.8858],[-86.3714,45.9971],[-86.3776,46.011],[-86.4185,46.0388],[-86.4228,46.0527],[-86.41,46.0705],[-86.37,46.0786],[-86.33,46.0763],[-86.2985,46.0665],[-86.27,46.0446],[-86.25,46.0453],[-86.2373,46.0665],[-86.238,46.0804],[-86.2666,46.122],[-86.2636,46.1359],[-86.23,46.156],[-86.01,46.1699],[-85.95,46.1865],[-85.87,46.182],[-85.8299,46.1913],[-85.81,46.2178],[-85.806,46.2466],[-85.8288,46.2881],[-85.8266,46.3158],[-85.808,46.3296],[-85.77,46.3368],[-85.7001,46.3158],[-85.67,46.3141],[-85.5594,46.3986],[-85.5279,46.44],[-85.53,46.4591],[-85.5453,46.4675],[-85.57,46.4675],[-85.67,46.4412],[-85.75,46.4087],[-85.77,46.4056],[-85.81,46.4192],[-85.8892,46.4813],[-85.8963,46.4951],[-85.8836,46.5364],[-85.922,46.5776],[-85.9379,46.6051],[-85.9406,46.6188],[-85.9282,46.6463],[-85.9129,46.66],[-85.89,46.669],[-85.79,46.6674],[-85.75,46.6716],[-85.7283,46.6875],[-85.7319,46.7012],[-85.8774,46.7835],[-86.05,46.8686],[-86.17,46.8988],[-86.4188,46.9749],[-86.55,46.9901],[-86.71,47.039],[-86.79,47.0786],[-86.91,47.1234],[-86.9954,47.1656],[-87.07,47.1916],[-87.21,47.2638],[-87.31,47.284],[-87.41,47.3229],[-87.55,47.3965],[-87.65,47.4407],[-87.7937,47.545],[-87.8778,47.6259],[-87.97,47.6832],[-88.05,47.7154],[-88.1275,47.7606],[-88.154,47.8009],[-88.1886,47.8277],[-88.3487,47.9083],[-88.41,47.9289],[-88.4666,47.9619],[-88.51,47.9766],[-88.5551,48.002],[-88.69,48.0596],[-88.75,48.0954],[-88.8884,48.1624],[-88.97,48.1808],[-89.01,48.1963],[-89.05,48.2219],[-89.13,48.3034],[-89.15,48.3054],[-89.19,48.2964],[-89.25,48.2749],[-89.31,48.2771],[-89.39,48.2673],[-89.43,48.2767],[-89.47,48.3026],[-89.49,48.3024],[-89.5079,48.2823],[-89.53,48.2704],[-89.57,48.273],[-89.6255,48.3089],[-89.6299,48.3222],[-89.61,48.3382],[-89.5684,48.3488],[-89.5492,48.3621],[-89.5567,48.402],[-89.57,48.4218],[-89.6837,48.4948],[-89.77,48.5314],[-89.8404,48.5743],[-89.99,48.6306],[-90.05,48.6593],[-90.13,48.6776],[-90.2768,48.7329],[-90.39,48.766],[-90.57,48.8307],[-90.75,48.8847],[-90.95,48.9266],[-91.21,49.0045],[-91.27,49.0142],[-91.33,49.0122],[-91.45,49.0191],[-91.55,49.0383],[-91.63,49.0601],[-91.71,49.0628],[-91.81,49.0822],[-91.87,49.0979],[-92.0585,49.1794],[-92.0745,49.1925],[-92.0935,49.2317],[-92.1316,49.2708],[-92.2302,49.336],[-92.2662,49.3751],[-92.2718,49.3882],[-92.2666,49.4012],[-92.2006,49.4142],[-92.2026,49.4272],[-92.23,49.4336],[-92.27,49.4274],[-92.29,49.43],[-92.2998,49.4402],[-92.3338,49.4922],[-92.3505,49.5441],[-92.3351,49.5571],[-92.31,49.5605],[-92.27,49.5543],[-92.23,49.5391],[-92.17,49.5313],[-92.11,49.5019],[-92.07,49.4632],[-91.988,49.4532],[-91.916,49.4272],[-91.8783,49.4012],[-91.77,49.3827],[-91.71,49.3561],[-91.63,49.3463],[-91.53,49.3228],[-91.43,49.3168],[-91.37,49.3012],[-91.29,49.2703],[-91.17,49.2484],[-91.0977,49.2186],[-91.01,49.1956],[-90.9397,49.1663],[-90.89,49.1578],[-90.83,49.1377],[-90.79,49.134],[-90.71,49.1071],[-90.59,49.0887],[-90.5183,49.0616],[-90.4648,49.0485],[-90.39,49.0434],[-90.3645,49.0485],[-90.3581,49.0616],[-90.3808,49.0878],[-90.45,49.1255],[-90.4857,49.1532],[-90.5096,49.1925],[-90.5177,49.2447],[-90.5324,49.2578],[-90.5649,49.2708],[-90.69,49.3019],[-90.83,49.3249],[-90.93,49.3472],[-91.0661,49.3882],[-91.19,49.4134],[-91.53,49.5247],[-91.7277,49.596],[-91.79,49.6117],[-91.85,49.6356],[-92.03,49.6841],[-92.1011,49.7126],[-92.19,49.733],[-92.29,49.7735],[-92.35,49.784],[-92.43,49.8144],[-92.51,49.8314],[-92.57,49.8613],[-92.69,49.8997],[-92.85,49.9228],[-92.936,49.9577],[-93.1326,49.9963],[-93.19,50.0028],[-93.35,50.0422],[-93.67,50.1054],[-93.81,50.1532],[-93.89,50.1667],[-94.09,50.2153],[-94.21,50.233],[-94.2925,50.2527],[-94.33,50.2522],[-94.39,50.2366],[-94.43,50.2396],[-94.4589,50.2527],[-94.49,50.2909],[-94.53,50.3023],[-94.59,50.2993],[-94.67,50.3111],[-95.03,50.3865],[-95.17,50.3811]],[[-92.15,49.4154],[-92.16,49.4142],[-92.1695,49.4012],[-92.1579,49.3882],[-92.09,49.3686],[-92.0651,49.3491],[-92.01,49.332],[-91.97,49.3125],[-91.89,49.2984],[-91.8713,49.31],[-91.8845,49.323],[-91.9662,49.3621],[-92.03,49.3856],[-92.07,49.3911],[-92.11,49.4125],[-92.15,49.4154]],[[-92.57,49.5704],[-92.59,49.5661],[-92.5993,49.5571],[-92.59,49.5483],[-92.57,49.5423],[-92.5446,49.5571],[-92.57,49.5704]]]}},{"type":"Feature","properties":{"c":"#00fb90","v0":0.04,"v1":0.05},"geometry":{"type":"Polygon","coordinates":[[[-124.5368,50.1119],[-124.53,50.1218],[-124.51,50.1123],[-124.4631,50.0477],[-124.4647,50.022],[-124.49,49.9799],[-124.51,49.9802],[-124.53,49.9893],[-124.5927,50.0348],[-124.5901,50.0605],[-124.5368,50.1119]],[[-124.53,50.111],[-124.57,50.08],[-124.5923,50.0477],[-124.5896,50.0348],[-124.57,50.0172],[-124.51,49.9855],[-124.49,49.9889],[-124.4654,50.0348],[-124.4678,50.0477],[-124.51,50.1053],[-124.53,50.111]]]}},{"type":"Feature","properties":{"c":"#00fb90","v0":0.04,"v1":0.05},"geometry":{"type":"Polygon","coordinates":[[[-93.4922,49.9191],[-93.47,49.928],[-93.4326,49.9191],[-93.4371,49.9062],[-93.47,49.9027],[-93.4834,49.9062],[-93.4922,49.9191]]]}},{"type":"Feature","properties":{"c":"#00fb90","v0":0.04,"v1":0.05},"geometry":{"type":"Polygon","coordinates":[[[-119.914,49.8417],[-119.91,49.8494],[-119.89,49.8488],[-119.87,49.8269],[-119.8627,49.803],[-119.87,49.7855],[-119.8944,49.7901],[-119.91,49.8129],[-119.914,49.8417]]]}},{"type":"Feature","properties":{"c":"#00fb90","v0":0.04,"v1":0.05},"geometry":{"type":"Polygon","coordinates":[[[-92.9099,49.8417],[-92.87,49.8527],[-92.79,49.8362],[-92.75,49.8338],[-92.7106,49.8159],[-92.6982,49.803],[-92.6965,49.7772],[-92.73,49.759],[-92.77,49.7564],[-92.83,49.7866],[-92.87,49.7924],[-92.8914,49.803],[-92.9072,49.8159],[-92.9099,49.8417]],[[-92.89,49.8446],[-92.9005,49.8288],[-92.89,49.8146],[-92.87,49.8012],[-92.83,49.7955],[-92.7836,49.7643],[-92.75,49.7581],[-92.7256,49.7643],[-92.7063,49.7772],[-92.7051,49.803],[-92.73,49.823],[-92.75,49.8299],[-92.81,49.8338],[-92.85,49.8476],[-92.89,49.8446]]]}},{"type":"Feature","properties":{"c":"#00fb90","v0":0.04,"v1":0.05},"geometry":{"type":"Polygon","coordinates":[[[-70.0721,49.803],[-70.01,49.8003],[-69.97,49.7873],[-69.9431,49.7384],[-69.9491,49.6867],[-70.0286,49.5571],[-70.0861,49.4922],[-70.1287,49.4142],[-70.17,49.3804],[-70.25,49.3331],[-70.2775,49.323],[-70.2836,49.31],[-70.2784,49.2839],[-70.2876,49.2708],[-70.31,49.2651],[-70.33,49.267],[-70.35,49.2784],[-70.3609,49.2969],[-70.3431,49.336],[-70.4022,49.4272],[-70.3985,49.4402],[-70.3738,49.4662],[-70.3707,49.4922],[-70.39,49.5126],[-70.4545,49.5312],[-70.4681,49.5441],[-70.4687,49.5571],[-70.3708,49.6479],[-70.23,49.7495],[-70.15,49.7685],[-70.0721,49.803]],[[-70.09,49.793],[-70.15,49.7659],[-70.23,49.7455],[-70.3682,49.6479],[-70.4661,49.5571],[-70.4651,49.5441],[-70.4509,49.5312],[-70.39,49.5142],[-70.3691,49.4922],[-70.3717,49.4662],[-70.3961,49.4402],[-70.3999,49.4272],[-70.3367,49.336],[-70.3565,49.2969],[-70.35,49.2828],[-70.33,49.2694],[-70.31,49.2673],[-70.29,49.2736],[-70.2826,49.2839],[-70.2908,49.323],[-70.23,49.3473],[-70.162,49.3882],[-70.13,49.4165],[-70.0888,49.4922],[-70.03,49.5611],[-69.9506,49.6867],[-69.9449,49.7384],[-69.97,49.7841],[-69.99,49.7946],[-70.05,49.802],[-70.09,49.793]]]}},{"type":"Feature","properties":{"c":"#00fb90","v0":0.04,"v1":0.05},"geometry":{"type":"Polygon","coordinates":[[[-67.3593,49.7901],[-67.3294,49.7901],[-67.3094,49.7772],[-67.2963,49.7514],[-67.2975,49.7255],[-67.33,49.7095],[-67.37,49.714],[-67.4016,49.7384],[-67.4038,49.7514],[-67.39,49.7766],[-67.3593,49.7901]],[[-67.35,49.7904],[-67.37,49.7863],[-67.39,49.7742],[-67.4021,49.7514],[-67.3999,49.7384],[-67.37,49.7151],[-67.33,49.7107],[-67.2996,49.7255],[-67.2982,49.7514],[-67.3126,49.7772],[-67.33,49.7883],[-67.35,49.7904]]]}},{"type":"Feature","properties":{"c":"#00fb90","v0":0.04,"v1":0.05},"geometry":{"type":"Polygon","coordinates":[[[-79.4971,49.7126],[-79.45,49.7207],[-79.41,49.7201],[-79.4035,49.7126],[-79.47,49.7041],[-79.49,49.7058],[-79.4971,49.7126]]]}},{"type":"Feature","properties":{"c":"#00fb90","v0":0.04,"v1":0.05},"geometry":{"type":"Polygon","coordinates":[[[-123.7977,49.5701],[-123.79,49.5731],[-123.73,49.556],[-123.71,49.5449],[-123.6878,49.5052],[-123.67,49.4933],[-123.61,49.48],[-123.5843,49.4662],[-123.5745,49.4532],[-123.59,49.4296],[-123.61,49.4258],[-123.63,49.4342],[-123.67,49.4661],[-123.73,49.495],[-123.7859,49.5312],[-123.8016,49.5441],[-123.8051,49.5571],[-123.7977,49.5701]],[[-123.77,49.557],[-123.7826,49.5441],[-123.774,49.5312],[-123.73,49.5],[-123.69,49.4883],[-123.6833,49.4922],[-123.71,49.5393],[-123.73,49.5517],[-123.77,49.557]],[[-123.67,49.4867],[-123.6807,49.4792],[-123.63,49.4386],[-123.61,49.4295],[-123.59,49.4336],[-123.5786,49.4532],[-123.5885,49.4662],[-123.63,49.4841],[-123.67,49.4867]]]}},{"type":"Feature","properties":{"c":"#00fb90","v0":0.04,"v1":0.05},"geometry":{"type":"Polygon","coordinates":[[[-80.2085,49.5701],[-80.17,49.5715],[-80.13,49.562],[-80.09,49.5604],[-80.01,49.5714],[-79.85,49.5787],[-79.821,49.5701],[-79.8366,49.5312],[-79.832,49.5182],[-79.79,49.4952],[-79.71,49.4782],[-79.55,49.4752],[-79.4986,49.4662],[-79.4495,49.4532],[-79.37,49.3993],[-79.33,49.3885],[-79.09,49.3818],[-78.97,49.3928],[-78.87,49.413],[-78.77,49.4171],[-78.75,49.4105],[-78.6962,49.3751],[-78.65,49.3608],[-78.4965,49.3621],[-78.43,49.3179],[-78.41,49.317],[-78.396,49.323],[-78.37,49.3579],[-78.35,49.3624],[-78.29,49.3292],[-78.25,49.3177],[-78.17,49.3301],[-78.09,49.3301],[-78.01,49.3528],[-77.99,49.363],[-77.9537,49.4012],[-77.93,49.405],[-77.89,49.3938],[-77.83,49.396],[-77.79,49.3891],[-77.73,49.3571],[-77.61,49.3333],[-77.5775,49.323],[-77.562,49.31],[-77.5796,49.2969],[-77.61,49.2891],[-77.67,49.2555],[-77.7502,49.2447],[-77.7723,49.2317],[-77.79,49.2006],[-77.81,49.187],[-77.8415,49.1794],[-77.93,49.1719],[-77.97,49.1515],[-77.9717,49.1663],[-77.9573,49.1794],[-77.9402,49.2186],[-77.9498,49.2447],[-77.97,49.2557],[-78.01,49.2609],[-78.03,49.2575],[-78.0542,49.2447],[-78.0685,49.2186],[-78.0658,49.1925],[-78.03,49.1334],[-77.99,49.0904],[-77.97,49.0784],[-77.85,49.0769],[-77.7904,49.0616],[-77.7802,49.0485],[-77.81,49.0331],[-77.91,49.0271],[-77.9441,49.0354],[-77.97,49.0526],[-77.99,49.054],[-78.0009,49.0223],[-78.03,49.0129],[-78.17,49.0135],[-78.31,49.0043],[-78.43,48.9747],[-78.51,48.9837],[-78.63,48.9697],[-78.71,48.9708],[-78.75,48.9564],[-78.79,48.9492],[-79.17,48.9411],[-79.41,48.9722],[-79.557,49.0223],[-79.4371,49.0485],[-79.21,49.0783],[-79.11,49.0787],[-79.01,49.088],[-78.95,49.0861],[-78.91,49.0932],[-78.8744,49.114],[-78.8728,49.1271],[-78.9029,49.1663],[-78.9112,49.2055],[-78.93,49.2092],[-78.97,49.2025],[-78.9946,49.1925],[-79.03,49.1621],[-79.09,49.1525],[-79.15,49.1628],[-79.23,49.1621],[-79.35,49.1743],[-79.7543,49.1794],[-79.87,49.1956],[-79.93,49.1958],[-79.99,49.2042],[-80.05,49.2027],[-80.15,49.227],[-80.2058,49.2708],[-80.31,49.3066],[-80.45,49.3306],[-80.53,49.3352],[-80.59,49.3478],[-80.69,49.3453],[-80.7483,49.3621],[-80.77,49.3735],[-80.81,49.4188],[-80.8122,49.4402],[-80.7989,49.4532],[-80.65,49.4957],[-80.49,49.5587],[-80.35,49.568],[-80.2085,49.5701]],[[-79.91,49.5708],[-80.09,49.5574],[-80.19,49.5684],[-80.25,49.5624],[-80.4741,49.5571],[-80.65,49.4893],[-80.79,49.4467],[-80.7978,49.4402],[-80.7963,49.4142],[-80.77,49.3832],[-80.75,49.3713],[-80.682,49.3491],[-80.59,49.3532],[-80.53,49.3404],[-80.45,49.3331],[-80.29,49.3064],[-80.1885,49.2708],[-80.1495,49.2317],[-80.05,49.2059],[-79.99,49.2073],[-79.93,49.1996],[-79.87,49.1988],[-79.75,49.1826],[-79.35,49.1766],[-79.23,49.1643],[-79.15,49.1649],[-79.09,49.1552],[-79.03,49.1657],[-78.9996,49.1925],[-78.97,49.2047],[-78.93,49.2121],[-78.91,49.2106],[-78.9035,49.2055],[-78.8992,49.1663],[-78.8645,49.1271],[-78.866,49.114],[-78.8823,49.1009],[-78.91,49.0901],[-78.95,49.0831],[-79.21,49.0753],[-79.4166,49.0485],[-79.5282,49.0223],[-79.5098,49.0091],[-79.41,48.9766],[-79.17,48.9438],[-78.79,48.9517],[-78.71,48.9733],[-78.63,48.9724],[-78.51,48.987],[-78.43,48.9783],[-78.35,49.0011],[-78.31,49.0073],[-78.19,49.017],[-78.03,49.0188],[-78.0189,49.0223],[-78.0106,49.0354],[-78.0004,49.0747],[-78.0118,49.1009],[-78.0496,49.1402],[-78.0758,49.2055],[-78.0721,49.2317],[-78.05,49.257],[-78.03,49.2636],[-77.99,49.2644],[-77.95,49.2522],[-77.9332,49.2317],[-77.939,49.1925],[-77.9312,49.1794],[-77.85,49.1843],[-77.81,49.1936],[-77.7812,49.2317],[-77.75,49.2516],[-77.67,49.2652],[-77.5828,49.31],[-77.5973,49.323],[-77.73,49.3524],[-77.8038,49.3882],[-77.89,49.3892],[-77.93,49.4016],[-77.95,49.399],[-77.99,49.3578],[-78.09,49.3248],[-78.17,49.3269],[-78.25,49.3148],[-78.29,49.3264],[-78.35,49.3562],[-78.37,49.3469],[-78.39,49.3217],[-78.41,49.3135],[-78.43,49.3148],[-78.49,49.3562],[-78.5092,49.3621],[-78.65,49.3578],[-78.69,49.3688],[-78.77,49.4108],[-78.79,49.4126],[-78.89,49.4045],[-78.99,49.386],[-79.09,49.3782],[-79.33,49.3827],[-79.37,49.3925],[-79.4655,49.4532],[-79.5179,49.4662],[-79.65,49.476],[-79.71,49.4742],[-79.7971,49.4922],[-79.8494,49.5182],[-79.8554,49.5312],[-79.8456,49.5571],[-79.8564,49.5701],[-79.91,49.5708]],[[-77.91,49.0747],[-77.93,49.0727],[-77.9547,49.0616],[-77.9436,49.0485],[-77.916,49.0354],[-77.8111,49.0354],[-77.7872,49.0485],[-77.8004,49.0616],[-77.85,49.0743],[-77.91,49.0747]]]}},{"type":"Feature","properties":{"c":"#00fb90","v0":0.04,"v1":0.05},"geometry":{"type":"Polygon","coordinates":[[[-123.0967,49.5441],[-123.07,49.5549],[-123.05,49.552],[-123.0097,49.5312],[-123.0084,49.5182],[-123.0391,49.4532],[-123.13,49.4404],[-123.15,49.4441],[-123.1654,49.4662],[-123.15,49.4968],[-123.0967,49.5441]],[[-123.07,49.5467],[-123.09,49.5377],[-123.15,49.4862],[-123.1576,49.4662],[-123.15,49.4506],[-123.13,49.4465],[-123.09,49.4506],[-123.0489,49.4662],[-123.0227,49.5182],[-123.0291,49.5312],[-123.05,49.5434],[-123.07,49.5467]]]}},{"type":"Feature","properties":{"c":"#00fb90","v0":0.04,"v1":0.05},"geometry":{"type":"Polygon","coordinates":[[[-104.9718,49.4012],[-104.95,49.405],[-104.93,49.4015],[-104.905,49.3751],[-104.8552,49.3491],[-104.87,49.3411],[-104.89,49.3402],[-105.01,49.3557],[-105.07,49.3567],[-105.0812,49.3621],[-105.07,49.3789],[-104.9718,49.4012]],[[-104.95,49.4031],[-105.07,49.3765],[-105.0753,49.3621],[-105.05,49.3566],[-104.99,49.3566],[-104.95,49.3485],[-104.87,49.3464],[-104.865,49.3491],[-104.89,49.3599],[-104.93,49.3983],[-104.95,49.4031]]]}},{"type":"Feature","properties":{"c":"#00fb90","v0":0.04,"v1":0.05},"geometry":{"type":"Polygon","coordinates":[[[-105.4374,49.3491],[-105.37,49.3575],[-105.27,49.3611],[-105.156,49.3491],[-105.1372,49.336],[-105.15,49.3206],[-105.2578,49.31],[-105.2639,49.2969],[-105.23,49.2823],[-105.19,49.2836],[-105.15,49.2963],[-105.09,49.2957],[-105.03,49.3055],[-105.01,49.303],[-104.9875,49.2839],[-104.988,49.2578],[-105.0183,49.2317],[-105.07,49.2125],[-105.25,49.2185],[-105.35,49.209],[-105.45,49.221],[-105.65,49.1899],[-105.73,49.1904],[-105.77,49.1957],[-105.97,49.1893],[-106.0406,49.1925],[-106.11,49.205],[-106.1459,49.2186],[-106.1555,49.2317],[-106.1381,49.2447],[-106.09,49.2625],[-105.89,49.3024],[-105.4374,49.3491]],[[-105.41,49.352],[-105.89,49.301],[-106.099,49.2578],[-106.1317,49.2447],[-106.1478,49.2317],[-106.1378,49.2186],[-106.11,49.2087],[-106.03,49.1935],[-105.97,49.1909],[-105.77,49.1975],[-105.73,49.1919],[-105.65,49.1912],[-105.45,49.2226],[-105.35,49.2099],[-105.25,49.2201],[-105.07,49.2136],[-105.0211,49.2317],[-104.9907,49.2578],[-104.9896,49.2839],[-105.01,49.3015],[-105.03,49.3043],[-105.09,49.2946],[-105.15,49.2946],[-105.19,49.2819],[-105.23,49.2801],[-105.2695,49.2969],[-105.2654,49.31],[-105.1553,49.323],[-105.1423,49.336],[-105.15,49.3426],[-105.1675,49.3491],[-105.27,49.3599],[-105.41,49.352]]]}},{"type":"Feature","properties":{"c":"#00fb90","v0":0.04,"v1":0.05},"geometry":{"type":"Polygon","coordinates":[[[-79.9955,49.323],[-79.95,49.3344],[-79.93,49.3324],[-79.9084,49.323],[-79.905,49.31],[-79.93,49.2997],[-79.95,49.2994],[-79.9886,49.31],[-79.9955,49.323]],[[-79.95,49.3277],[-79.9672,49.323],[-79.9647,49.31],[-79.95,49.3059],[-79.9199,49.31],[-79.9223,49.323],[-79.95,49.3277]]]}},{"type":"Feature","properties":{"c":"#00fb90","v0":0.04,"v1":0.05},"geometry":{"type":"Polygon","coordinates":[[[-104.8831,49.2969],[-104.85,49.3071],[-104.83,49.3046],[-104.81,49.2912],[-104.8077,49.2708],[-104.8311,49.2447],[-104.87,49.2186],[-104.91,49.2086],[-104.93,49.2122],[-104.9516,49.2317],[-104.9477,49.2447],[-104.8831,49.2969]],[[-104.87,49.3022],[-104.9454,49.2447],[-104.9487,49.2317],[-104.93,49.2137],[-104.91,49.2099],[-104.87,49.22],[-104.8332,49.2447],[-104.81,49.2708],[-104.808,49.2839],[-104.8185,49.2969],[-104.85,49.3055],[-104.87,49.3022]]]}},{"type":"Feature","properties":{"c":"#00fb90","v0":0.04,"v1":0.05},"geometry":{"type":"Polygon","coordinates":[[[-104.7123,49.2578],[-104.65,49.2604],[-104.6369,49.2578],[-104.6287,49.2447],[-104.6578,49.2317],[-104.71,49.2269],[-104.7308,49.2317],[-104.7326,49.2447],[-104.7123,49.2578]],[[-104.69,49.2594],[-104.7273,49.2447],[-104.7203,49.2317],[-104.6821,49.2317],[-104.6407,49.2447],[-104.6537,49.2578],[-104.69,49.2594]]]}},{"type":"Feature","properties":{"c":"#00fb90","v0":0.04,"v1":0.05},"geometry":{"type":"Polygon","coordinates":[[[-106.2903,49.1925],[-106.27,49.1905],[-106.2541,49.1663],[-106.257,49.1532],[-106.27,49.1423],[-106.29,49.1386],[-106.3376,49.1532],[-106.3411,49.1663],[-106.33,49.181],[-106.2903,49.1925]],[[-106.31,49.1868],[-106.3272,49.1794],[-106.3363,49.1663],[-106.3305,49.1532],[-106.29,49.1404],[-106.27,49.1451],[-106.2603,49.1532],[-106.2621,49.1794],[-106.27,49.1866],[-106.29,49.1898],[-106.31,49.1868]]]}},{"type":"Feature","properties":{"c":"#00fb90","v0":0.04,"v1":0.05},"geometry":{"type":"Polygon","coordinates":[[[-104.6719,49.1794],[-104.63,49.1878],[-104.61,49.1833],[-104.5854,49.1663],[-104.5824,49.1402],[-104.6016,49.114],[-104.59,49.1017],[-104.45,49.1589],[-104.43,49.1609],[-104.37,49.1305],[-104.3588,49.114],[-104.3206,49.1009],[-104.27,49.0956],[-104.19,49.0986],[-104.11,49.0926],[-104.01,49.0689],[-103.93,49.0721],[-103.87,49.0685],[-103.77,49.0464],[-103.71,49.0453],[-103.65,49.035],[-103.57,49.0385],[-103.45,49.0115],[-103.35,49.0063],[-103.3284,48.996],[-103.3286,48.9829],[-103.35,48.9542],[-103.37,48.9487],[-103.47,48.9814],[-103.51,48.9868],[-103.53,48.9851],[-103.59,48.9643],[-103.63,48.9589],[-103.77,48.9872],[-103.83,48.9822],[-103.95,48.9925],[-104.13,48.989],[-104.15,48.9905],[-104.21,49.0094],[-104.35,48.9982],[-104.43,49.0034],[-104.51,48.9935],[-104.69,48.9828],[-104.77,48.9958],[-104.83,49.0209],[-104.95,49.0044],[-105.15,49.0085],[-105.27,48.9964],[-105.43,48.9962],[-105.4912,49.0091],[-105.4932,49.0223],[-105.39,49.0667],[-105.33,49.064],[-105.25,49.0732],[-105.23,49.0759],[-105.17,49.1013],[-105.07,49.1081],[-104.99,49.1278],[-104.93,49.1307],[-104.89,49.1386],[-104.81,49.1395],[-104.75,49.1607],[-104.71,49.1663],[-104.6719,49.1794]],[[-104.65,49.1852],[-104.81,49.138],[-104.87,49.1388],[-104.93,49.1293],[-104.99,49.1265],[-105.07,49.1069],[-105.17,49.0997],[-105.23,49.0741],[-105.33,49.062],[-105.39,49.0649],[-105.485,49.0223],[-105.4818,49.0091],[-105.43,48.998],[-105.27,48.9978],[-105.15,49.0098],[-104.95,49.0056],[-104.83,49.0225],[-104.7655,48.996],[-104.69,48.9839],[-104.51,48.9946],[-104.43,49.0043],[-104.35,48.9991],[-104.21,49.0107],[-104.13,48.9903],[-103.95,48.9939],[-103.83,48.984],[-103.77,48.9888],[-103.63,48.96],[-103.59,48.9656],[-103.53,48.9871],[-103.49,48.9882],[-103.37,48.9518],[-103.35,48.9589],[-103.3336,48.9829],[-103.3343,48.996],[-103.35,49.0034],[-103.45,49.0091],[-103.57,49.0369],[-103.65,49.0338],[-103.71,49.0436],[-103.77,49.0445],[-103.87,49.0665],[-103.93,49.0708],[-104.01,49.0677],[-104.11,49.0911],[-104.19,49.0974],[-104.27,49.0931],[-104.33,49.1003],[-104.3664,49.114],[-104.3959,49.1402],[-104.43,49.1578],[-104.45,49.1563],[-104.57,49.1064],[-104.599,49.1009],[-104.6055,49.114],[-104.5853,49.1402],[-104.5878,49.1663],[-104.61,49.1817],[-104.65,49.1852]]]}},{"type":"Feature","properties":{"c":"#00fb90","v0":0.04,"v1":0.05},"geometry":{"type":"Polygon","coordinates":[[[-106.3999,49.1402],[-106.3857,49.1402],[-106.3802,49.1271],[-106.4146,49.1271],[-106.3999,49.1402]]]}},{"type":"Feature","properties":{"c":"#00fb90","v0":0.04,"v1":0.05},"geometry":{"type":"Polygon","coordinates":[[[-80.0915,49.1271],[-80.03,49.1277],[-79.9078,49.114],[-79.8713,49.1009],[-79.8564,49.0878],[-79.8475,49.0747],[-79.85,49.0538],[-79.87,49.0479],[-79.93,49.0462],[-80.05,49.0587],[-80.1087,49.1009],[-80.1172,49.114],[-80.0915,49.1271]],[[-80.09,49.1197],[-80.1037,49.114],[-80.0955,49.1009],[-80.043,49.0616],[-79.93,49.0548],[-79.868,49.0616],[-79.87,49.0863],[-79.894,49.1009],[-80.03,49.1229],[-80.09,49.1197]]]}},{"type":"Feature","properties":{"c":"#00fb90","v0":0.04,"v1":0.05},"geometry":{"type":"Polygon","coordinates":[[[-124.5721,49.114],[-124.55,49.1216],[-124.53,49.1143],[-124.4956,49.0878],[-124.4846,49.0616],[-124.4888,49.0485],[-124.5205,49.0223],[-124.57,48.9457],[-124.59,48.9273],[-124.61,48.9191],[-124.622,48.9698],[-124.6531,48.996],[-124.6582,49.0091],[-124.63,49.0637],[-124.5721,49.114]],[[-124.57,49.1057],[-124.6122,49.0747],[-124.6465,49.0091],[-124.6109,48.9829],[-124.5981,48.9435],[-124.59,48.9395],[-124.4943,49.0616],[-124.5075,49.0878],[-124.53,49.1034],[-124.55,49.1121],[-124.57,49.1057]]]}},{"type":"Feature","properties":{"c":"#00fb90","v0":0.04,"v1":0.05},"geometry":{"type":"Polygon","coordinates":[[[-105.6905,49.0354],[-105.6515,49.0223],[-105.6373,49.0091],[-105.6374,48.996],[-105.6562,48.9829],[-105.69,48.9835],[-105.7188,49.0091],[-105.7204,49.0223],[-105.71,49.0325],[-105.6905,49.0354]],[[-105.71,49.0298],[-105.7177,49.0223],[-105.7164,49.0091],[-105.706,48.996],[-105.69,48.9854],[-105.67,48.9817],[-105.65,48.9875],[-105.6403,48.996],[-105.64,49.0091],[-105.6548,49.0223],[-105.69,49.0337],[-105.71,49.0298]]]}},{"type":"Feature","properties":{"c":"#00fb90","v0":0.04,"v1":0.05},"geometry":{"type":"Polygon","coordinates":[[[-79.6761,49.0223],[-79.6448,49.0223],[-79.6599,49.0091],[-79.67,49.0087],[-79.6761,49.0223]]]}},{"type":"Feature","properties":{"c":"#00fb90","v0":0.04,"v1":0.05},"geometry":{"type":"Polygon","coordinates":[[[-103.2375,49.0091],[-103.17,49.0145],[-103.1555,49.0091],[-103.1527,48.996],[-103.1665,48.9829],[-103.19,48.9735],[-103.23,48.9722],[-103.2528,48.9829],[-103.2559,48.996],[-103.2375,49.0091]],[[-103.23,49.0096],[-103.2513,48.996],[-103.2477,48.9829],[-103.23,48.9748],[-103.19,48.9756],[-103.1703,48.9829],[-103.1566,48.996],[-103.1612,49.0091],[-103.17,49.0124],[-103.23,49.0096]]]}},{"type":"Feature","properties":{"c":"#00fb90","v0":0.04,"v1":0.05},"geometry":{"type":"Polygon","coordinates":[[[-124.3317,48.996],[-124.19,49.0063],[-124.1639,48.996],[-124.15,48.9768],[-124.0763,48.9566],[-124.0656,48.9435],[-124.066,48.8909],[-124.0372,48.8514],[-124.0368,48.8119],[-124.0139,48.7724],[-123.99,48.7594],[-123.97,48.7596],[-123.95,48.7681],[-123.91,48.8089],[-123.89,48.8167],[-123.83,48.8185],[-123.7767,48.7988],[-123.8216,48.7592],[-123.8339,48.7065],[-123.8863,48.6536],[-123.8989,48.614],[-123.8949,48.5875],[-123.87,48.5338],[-123.85,48.5216],[-123.8304,48.5346],[-123.79,48.5397],[-123.7731,48.5346],[-123.7883,48.5213],[-123.81,48.5166],[-123.85,48.521],[-123.8898,48.4948],[-123.93,48.4875],[-123.9914,48.455],[-124.09,48.419],[-124.25,48.3186],[-124.28,48.3222],[-124.29,48.334],[-124.3009,48.3754],[-124.3208,48.402],[-124.37,48.4412],[-124.41,48.4885],[-124.43,48.4994],[-124.49,48.5099],[-124.5352,48.5478],[-124.5683,48.5875],[-124.5775,48.6272],[-124.5684,48.6668],[-124.5165,48.746],[-124.4773,48.7856],[-124.4536,48.8383],[-124.382,48.9304],[-124.3615,48.9829],[-124.3317,48.996]],[[-124.31,48.9971],[-124.3524,48.9829],[-124.3757,48.9304],[-124.45,48.834],[-124.4725,48.7856],[-124.5116,48.746],[-124.5557,48.6801],[-124.573,48.6272],[-124.5618,48.5875],[-124.53,48.5494],[-124.49,48.5163],[-124.43,48.504],[-124.41,48.4946],[-124.37,48.4484],[-124.3016,48.3887],[-124.27,48.3459],[-124.25,48.3427],[-124.19,48.3653],[-124.09,48.4235],[-124.0013,48.455],[-123.95,48.4841],[-123.8863,48.5081],[-123.8841,48.5346],[-123.9033,48.6008],[-123.899,48.6404],[-123.8836,48.6668],[-123.8436,48.7065],[-123.8345,48.7592],[-123.806,48.7988],[-123.85,48.8098],[-123.89,48.8009],[-123.95,48.7537],[-123.97,48.7473],[-123.99,48.7481],[-124.013,48.7592],[-124.05,48.8069],[-124.11,48.8022],[-124.1234,48.8119],[-124.1176,48.8383],[-124.0749,48.8646],[-124.0707,48.8778],[-124.0691,48.9435],[-124.0821,48.9566],[-124.1549,48.9698],[-124.1758,48.996],[-124.19,49.0011],[-124.31,48.9971]],[[-124.09,48.8441],[-124.1117,48.8251],[-124.09,48.8146],[-124.0694,48.8251],[-124.0627,48.8383],[-124.09,48.8441]]]}},{"type":"Feature","properties":{"c":"#00fb90","v0":0.04,"v1":0.05},"geometry":{"type":"Polygon","coordinates":[[[-92.741,48.9435],[-92.73,48.9511],[-92.71,48.9533],[-92.63,48.9426],[-92.55,48.9197],[-92.47,48.8757],[-92.4379,48.8646],[-92.4211,48.8514],[-92.43,48.8429],[-92.45,48.8376],[-92.51,48.8487],[-92.6289,48.8909],[-92.741,48.9435]],[[-92.71,48.9473],[-92.7219,48.9435],[-92.704,48.9304],[-92.57,48.8692],[-92.47,48.8429],[-92.45,48.8424],[-92.43,48.8514],[-92.547,48.9172],[-92.6463,48.9435],[-92.71,48.9473]]]}},{"type":"Feature","properties":{"c":"#00fb90","v0":0.04,"v1":0.05},"geometry":{"type":"Polygon","coordinates":[[[-121.8548,48.7856],[-121.83,48.7971],[-121.79,48.792],[-121.7728,48.7724],[-121.7754,48.7592],[-121.793,48.746],[-121.81,48.7411],[-121.83,48.7427],[-121.8579,48.7592],[-121.8619,48.7724],[-121.8548,48.7856]],[[-121.85,48.788],[-121.8608,48.7724],[-121.8565,48.7592],[-121.83,48.7436],[-121.7959,48.746],[-121.7766,48.7592],[-121.7739,48.7724],[-121.79,48.7911],[-121.83,48.7964],[-121.85,48.788]]]}},{"type":"Feature","properties":{"c":"#00fb90","v0":0.04,"v1":0.05},"geometry":{"type":"Polygon","coordinates":[[[-68.8303,48.6272],[-68.81,48.6254],[-68.8035,48.614],[-68.8113,48.6008],[-68.833,48.5875],[-68.8649,48.5875],[-68.8751,48.6008],[-68.87,48.6088],[-68.85,48.6227],[-68.8303,48.6272]],[[-68.85,48.6206],[-68.8725,48.6008],[-68.85,48.586],[-68.83,48.5908],[-68.8073,48.614],[-68.83,48.6246],[-68.85,48.6206]]]}},{"type":"Feature","properties":{"c":"#00fb90","v0":0.04,"v1":0.05},"geometry":{"type":"Polygon","coordinates":[[[-92.6843,48.6008],[-92.63,48.6],[-92.5258,48.5743],[-92.4873,48.5611],[-92.4501,48.5346],[-92.4655,48.5213],[-92.49,48.5196],[-92.6101,48.5346],[-92.6811,48.5743],[-92.6932,48.5875],[-92.6843,48.6008]],[[-92.65,48.6009],[-92.67,48.6003],[-92.6862,48.5875],[-92.6566,48.5611],[-92.61,48.5368],[-92.5063,48.5213],[-92.47,48.5239],[-92.4556,48.5346],[-92.4903,48.5611],[-92.65,48.6009]]]}},{"type":"Feature","properties":{"c":"#00fb90","v0":0.04,"v1":0.05},"geometry":{"type":"Polygon","coordinates":[[[-79.6451,48.5611],[-79.59,48.5563],[-79.5581,48.5478],[-79.536,48.5346],[-79.5163,48.4948],[-79.53,48.4804],[-79.63,48.4704],[-79.79,48.4686],[-79.89,48.4571],[-79.99,48.4346],[-80.0101,48.4152],[-80.13,48.4067],[-80.23,48.4307],[-80.29,48.4509],[-80.37,48.4537],[-80.4505,48.4683],[-80.4854,48.4816],[-80.5507,48.5213],[-80.51,48.5217],[-80.45,48.5091],[-80.15,48.5017],[-80.07,48.5122],[-80.01,48.5408],[-79.99,48.544],[-79.81,48.5449],[-79.6451,48.5611]],[[-79.73,48.5496],[-79.83,48.5395],[-79.99,48.5408],[-80.01,48.5375],[-80.09,48.5025],[-80.13,48.4976],[-80.31,48.4984],[-80.49,48.5083],[-80.4912,48.4948],[-80.47,48.4796],[-80.4284,48.4683],[-80.37,48.4579],[-80.31,48.4585],[-80.13,48.4106],[-80.03,48.4199],[-79.9906,48.4418],[-79.81,48.4706],[-79.63,48.474],[-79.55,48.4824],[-79.53,48.4914],[-79.5266,48.5081],[-79.545,48.5346],[-79.57,48.5464],[-79.63,48.5563],[-79.73,48.5496]]]}},{"type":"Feature","properties":{"c":"#00fb90","v0":0.04,"v1":0.05},"geometry":{"type":"Polygon","coordinates":[[[-71.1311,48.5478],[-71.09,48.5606],[-71.07,48.5588],[-71.0508,48.5478],[-71.048,48.5346],[-71.0595,48.5213],[-71.0848,48.5081],[-71.13,48.4997],[-71.1522,48.5081],[-71.1567,48.5213],[-71.1311,48.5478]],[[-71.11,48.5539],[-71.1456,48.5346],[-71.154,48.5213],[-71.1484,48.5081],[-71.13,48.5017],[-71.0896,48.5081],[-71.0638,48.5213],[-71.0525,48.5346],[-71.0571,48.5478],[-71.07,48.5552],[-71.11,48.5539]]]}},{"type":"Feature","properties":{"c":"#00fb90","v0":0.04,"v1":0.05},"geometry":{"type":"Polygon","coordinates":[[[-79.1136,48.4152],[-78.99,48.4189],[-78.9707,48.4152],[-78.9618,48.402],[-79.0031,48.3887],[-79.03,48.3861],[-79.15,48.395],[-79.21,48.3937],[-79.2303,48.402],[-79.21,48.4069],[-79.1136,48.4152]],[[-79.09,48.4031],[-79.03,48.3981],[-78.9938,48.402],[-79.01,48.4085],[-79.09,48.4031]]]}},{"type":"Feature","properties":{"c":"#00fb90","v0":0.04,"v1":0.05},"geometry":{"type":"Polygon","coordinates":[[[-79.4315,48.3887],[-79.41,48.3925],[-79.3551,48.3887],[-79.39,48.3792],[-79.4315,48.3887]]]}},{"type":"Feature","properties":{"c":"#00fb90","v0":0.04,"v1":0.05},"geometry":{"type":"Polygon","coordinates":[[[-92.8699,48.2557],[-92.812,48.2557],[-92.7841,48.2424],[-92.7806,48.229],[-92.87,48.2269],[-92.9451,48.2424],[-92.8699,48.2557]],[[-92.85,48.256],[-92.9105,48.2424],[-92.8648,48.229],[-92.8049,48.229],[-92.794,48.2424],[-92.8271,48.2557],[-92.85,48.256]]]}},{"type":"Feature","properties":{"c":"#00fb90","v0":0.04,"v1":0.05},"geometry":{"type":"Polygon","coordinates":[[[-71.0375,48.2557],[-70.97,48.2644],[-70.9314,48.2557],[-70.9211,48.2424],[-70.9185,48.2157],[-70.9366,48.189],[-71.01,48.143],[-71.13,48.0908],[-71.2037,48.0689],[-71.2246,48.002],[-71.2361,47.9886],[-71.27,47.9724],[-71.3116,47.9753],[-71.3321,47.9886],[-71.2886,48.0689],[-71.2922,48.0823],[-71.319,48.109],[-71.2898,48.189],[-71.27,48.2037],[-71.23,48.219],[-71.0375,48.2557]],[[-71.03,48.256],[-71.23,48.2177],[-71.2699,48.2024],[-71.2881,48.189],[-71.3168,48.109],[-71.3079,48.0956],[-71.2864,48.0823],[-71.2843,48.0689],[-71.3282,47.9886],[-71.31,47.9769],[-71.27,47.9737],[-71.2384,47.9886],[-71.2216,48.0154],[-71.2091,48.0689],[-71.13,48.0923],[-71.01,48.144],[-70.9382,48.189],[-70.9202,48.2157],[-70.9196,48.229],[-70.9356,48.2557],[-70.97,48.2631],[-71.03,48.256]]]}},{"type":"Feature","properties":{"c":"#00fb90","v0":0.04,"v1":0.05},"geometry":{"type":"Polygon","coordinates":[[[-80.5385,48.229],[-80.51,48.2298],[-80.41,48.1934],[-80.35,48.1566],[-80.25,48.1338],[-80.15,48.1233],[-80.1063,48.0956],[-80.13,48.0868],[-80.19,48.0881],[-80.25,48.1045],[-80.33,48.1045],[-80.51,48.1299],[-80.5976,48.1624],[-80.5997,48.1757],[-80.5901,48.189],[-80.5385,48.229]],[[-80.53,48.2211],[-80.589,48.1757],[-80.5825,48.1624],[-80.51,48.1351],[-80.33,48.1087],[-80.25,48.1136],[-80.19,48.0922],[-80.1211,48.0956],[-80.1292,48.109],[-80.1616,48.1223],[-80.25,48.1251],[-80.33,48.1447],[-80.41,48.1899],[-80.51,48.2205],[-80.53,48.2211]]]}},{"type":"Feature","properties":{"c":"#00fb90","v0":0.04,"v1":0.05},"geometry":{"type":"Polygon","coordinates":[[[-124.5106,48.2157],[-124.49,48.2221],[-124.43,48.223],[-124.4112,48.2024],[-124.4542,48.1624],[-124.55,48.14],[-124.5662,48.149],[-124.5637,48.1624],[-124.55,48.1831],[-124.5106,48.2157]],[[-124.47,48.2161],[-124.51,48.2056],[-124.5317,48.189],[-124.55,48.1602],[-124.53,48.1554],[-124.4923,48.1624],[-124.45,48.1807],[-124.43,48.1979],[-124.43,48.2074],[-124.45,48.2155],[-124.47,48.2161]]]}},{"type":"Feature","properties":{"c":"#00fb90","v0":0.04,"v1":0.05},"geometry":{"type":"Polygon","coordinates":[[[-124.3308,48.1357],[-124.27,48.1432],[-124.23,48.1212],[-124.2256,48.109],[-124.2358,48.0956],[-124.3102,48.0555],[-124.3209,48.0422],[-124.3232,48.0154],[-124.31,47.9964],[-124.2561,47.9619],[-124.23,47.924],[-124.1719,47.8948],[-124.159,47.8814],[-124.1595,47.868],[-124.1767,47.8546],[-124.31,47.782],[-124.3592,47.7337],[-124.36,47.7202],[-124.35,47.708],[-124.33,47.698],[-124.2441,47.6933],[-124.2533,47.6529],[-124.2359,47.6125],[-124.3091,47.5585],[-124.3163,47.5315],[-124.3058,47.4774],[-124.2878,47.4504],[-124.25,47.4229],[-124.2079,47.4098],[-124.1972,47.3963],[-124.2017,47.3556],[-124.2296,47.2878],[-124.2538,47.2607],[-124.31,47.2413],[-124.37,47.2062],[-124.41,47.2049],[-124.49,47.2251],[-124.53,47.2192],[-124.5575,47.2064],[-124.5951,47.1384],[-124.61,47.0893],[-124.65,47.007],[-124.71,46.9502],[-124.73,46.939],[-124.77,46.9594],[-124.79,46.9546],[-124.8077,46.9339],[-124.8022,46.8792],[-124.8232,46.8519],[-124.8319,46.8245],[-124.8065,46.7835],[-124.7701,46.7561],[-124.77,46.7394],[-124.81,46.7062],[-124.83,46.7098],[-124.85,46.7332],[-124.87,46.7419],[-124.91,46.7412],[-124.95,46.7213],[-125.0142,46.6326],[-125.05,46.5575],[-125.1229,46.4951],[-125.158,46.4262],[-125.156,46.3848],[-125.21,46.333],[-125.29,46.2781],[-125.3079,46.2881],[-125.29,46.3723],[-125.2633,46.4262],[-125.1949,46.5226],[-125.13,46.6672],[-125.0875,46.7286],[-125.07,46.7757],[-125.0391,46.8245],[-125.0413,46.8519],[-125.0312,46.8792],[-124.9803,46.9339],[-124.97,46.9789],[-124.95,46.9995],[-124.89,46.9986],[-124.87,47.0038],[-124.7901,47.0567],[-124.7769,47.0703],[-124.75,47.1386],[-124.7164,47.1928],[-124.7116,47.22],[-124.7184,47.2471],[-124.7379,47.2878],[-124.7685,47.315],[-124.7733,47.3285],[-124.7524,47.3827],[-124.7766,47.4369],[-124.7693,47.5315],[-124.7942,47.5855],[-124.79,47.6061],[-124.7612,47.6529],[-124.75,47.7132],[-124.6956,47.7874],[-124.6955,47.8143],[-124.7073,47.8412],[-124.63,47.8569],[-124.5951,47.8814],[-124.5676,47.9217],[-124.5605,47.9619],[-124.57,47.9777],[-124.6114,48.002],[-124.6223,48.0154],[-124.6218,48.0288],[-124.61,48.0321],[-124.53,48.0147],[-124.49,48.0234],[-124.4111,48.0689],[-124.3801,48.1223],[-124.3308,48.1357]],[[-124.33,48.1233],[-124.3704,48.109],[-124.3953,48.0689],[-124.43,48.0437],[-124.49,48.0152],[-124.55,47.9962],[-124.551,47.9485],[-124.5757,47.8948],[-124.61,47.8617],[-124.6815,47.8277],[-124.6865,47.7874],[-124.7465,47.7068],[-124.7571,47.6394],[-124.7861,47.5855],[-124.7619,47.5315],[-124.7675,47.4369],[-124.7369,47.3827],[-124.7382,47.3556],[-124.7499,47.3285],[-124.7192,47.2878],[-124.7042,47.22],[-124.7109,47.1928],[-124.75,47.1241],[-124.7756,47.0567],[-124.87,46.9949],[-124.9506,46.9885],[-124.963,46.9339],[-125.01,46.8932],[-125.0268,46.8656],[-125.0195,46.8245],[-125.0645,46.7698],[-125.0794,46.7286],[-125.11,46.6902],[-125.15,46.6131],[-125.1951,46.5088],[-125.2532,46.4262],[-125.2787,46.3572],[-125.27,46.3249],[-125.23,46.3404],[-125.1775,46.3848],[-125.1654,46.44],[-125.1181,46.5088],[-125.0777,46.5364],[-125.05,46.5676],[-125.0216,46.6326],[-124.9529,46.7286],[-124.91,46.7489],[-124.83,46.7601],[-124.8445,46.8245],[-124.8192,46.8792],[-124.8216,46.9202],[-124.8125,46.9476],[-124.79,46.9666],[-124.77,46.9714],[-124.73,46.9599],[-124.71,46.9646],[-124.65,47.0185],[-124.5679,47.2064],[-124.53,47.2267],[-124.49,47.231],[-124.45,47.2262],[-124.41,47.2112],[-124.39,47.2082],[-124.37,47.213],[-124.31,47.2464],[-124.2676,47.2607],[-124.2482,47.2743],[-124.2309,47.3014],[-124.2087,47.3556],[-124.2058,47.3963],[-124.27,47.4285],[-124.2952,47.4504],[-124.3114,47.4774],[-124.3233,47.5315],[-124.3183,47.5585],[-124.2507,47.6125],[-124.2631,47.6529],[-124.2586,47.6798],[-124.27,47.6862],[-124.31,47.6892],[-124.35,47.7016],[-124.3667,47.7202],[-124.3653,47.7337],[-124.3434,47.7606],[-124.31,47.7861],[-124.2417,47.8277],[-124.1843,47.8546],[-124.1676,47.868],[-124.1678,47.8814],[-124.23,47.914],[-124.2665,47.9619],[-124.3159,47.9886],[-124.3325,48.0154],[-124.3231,48.0555],[-124.29,48.079],[-124.25,48.0957],[-124.2409,48.109],[-124.2486,48.1223],[-124.27,48.132],[-124.29,48.1329],[-124.33,48.1233]],[[-124.81,46.7514],[-124.8177,46.7424],[-124.81,46.7278],[-124.7922,46.7424],[-124.81,46.7514]]]}},{"type":"Feature","properties":{"c":"#00fb90","v0":0.04,"v1":0.05},"geometry":{"type":"Polygon","coordinates":[[[-70.4807,48.0956],[-70.45,48.0963],[-70.4539,48.0823],[-70.47,48.077],[-70.49,48.0819],[-70.4807,48.0956]]]}},{"type":"Feature","properties":{"c":"#00fb90","v0":0.04,"v1":0.05},"geometry":{"type":"Polygon","coordinates":[[[-71.5146,48.0823],[-71.47,48.0768],[-71.45,48.0584],[-71.4389,48.002],[-71.45,47.985],[-71.57,47.9892],[-71.6039,48.002],[-71.6108,48.0154],[-71.599,48.0422],[-71.55,48.0757],[-71.5146,48.0823]],[[-71.55,48.0746],[-71.5974,48.0422],[-71.609,48.0154],[-71.6015,48.002],[-71.57,47.9903],[-71.45,47.9872],[-71.4429,48.0154],[-71.4595,48.0689],[-71.49,48.0808],[-71.55,48.0746]]]}},{"type":"Feature","properties":{"c":"#00fb90","v0":0.04,"v1":0.05},"geometry":{"type":"Polygon","coordinates":[[[-81.5003,47.8948],[-81.47,47.8957],[-81.39,47.8731],[-81.25,47.8666],[-81.21,47.8551],[-81.1894,47.8412],[-81.1808,47.8143],[-81.1465,47.774],[-81.1364,47.7471],[-81.1466,47.7337],[-81.1946,47.7068],[-81.2161,47.6664],[-81.2031,47.6259],[-81.17,47.6038],[-81.0737,47.5855],[-80.99,47.5458],[-80.89,47.5286],[-80.87,47.5287],[-80.83,47.5408],[-80.79,47.5235],[-80.71,47.5098],[-80.53,47.4512],[-80.4105,47.4233],[-80.35,47.3976],[-80.27,47.3493],[-80.11,47.3072],[-79.99,47.2841],[-79.9646,47.2743],[-79.89,47.224],[-79.79,47.1749],[-79.7079,47.152],[-79.67,47.1325],[-79.65,47.114],[-79.6438,47.0975],[-79.65,47.0757],[-79.67,47.0519],[-79.69,47.0412],[-79.79,47.0304],[-79.89,47.0386],[-79.97,47.0523],[-80.01,47.0512],[-80.09,47.0258],[-80.1053,47.0158],[-80.13,46.9771],[-80.1542,46.9749],[-80.2134,46.9885],[-80.31,47.0281],[-80.43,47.0477],[-80.55,47.105],[-80.6543,47.1384],[-80.81,47.2],[-80.8957,47.22],[-81.07,47.2798],[-81.11,47.2828],[-81.139,47.2743],[-81.1586,47.2471],[-81.1602,47.22],[-81.1449,47.1656],[-81.05,47.0946],[-81.01,47.0536],[-80.9984,47.0294],[-81.0014,47.0158],[-81.0391,46.9885],[-81.0537,46.9612],[-81.066,46.9066],[-81.0316,46.8245],[-81.0351,46.8108],[-81.07,46.8052],[-81.13,46.8152],[-81.29,46.8725],[-81.35,46.9078],[-81.464,46.9612],[-81.5329,47.0158],[-81.63,47.0348],[-81.89,47.1239],[-81.9092,47.152],[-81.9104,47.2064],[-81.9403,47.2335],[-82.0179,47.2743],[-82.11,47.3064],[-82.2466,47.3692],[-82.35,47.4081],[-82.3997,47.4639],[-82.47,47.5142],[-82.51,47.5269],[-82.53,47.5399],[-82.5444,47.572],[-82.5788,47.6125],[-82.5794,47.6259],[-82.55,47.6474],[-82.51,47.6512],[-82.4248,47.6125],[-82.33,47.5853],[-82.23,47.5709],[-82.19,47.5744],[-82.13,47.6099],[-82.1149,47.6259],[-82.1185,47.6529],[-82.1464,47.7068],[-82.147,47.7202],[-82.1186,47.7606],[-82.1307,47.8009],[-82.03,47.8234],[-81.97,47.8153],[-81.9182,47.8009],[-81.79,47.7527],[-81.63,47.7469],[-81.51,47.726],[-81.33,47.7075],[-81.297,47.7202],[-81.3008,47.7337],[-81.41,47.78],[-81.45,47.8184],[-81.5072,47.8412],[-81.522,47.8546],[-81.5256,47.8814],[-81.5003,47.8948]],[[-81.51,47.8883],[-81.5238,47.868],[-81.51,47.8469],[-81.45,47.8224],[-81.4167,47.7874],[-81.3926,47.774],[-81.2933,47.7337],[-81.2881,47.7202],[-81.3169,47.7068],[-81.35,47.7042],[-81.63,47.7441],[-81.79,47.7479],[-81.935,47.8009],[-81.99,47.8153],[-82.03,47.8191],[-82.1143,47.8009],[-82.1188,47.7874],[-82.1117,47.7606],[-82.1424,47.7202],[-82.1425,47.7068],[-82.1151,47.6529],[-82.1105,47.6259],[-82.13,47.6065],[-82.19,47.5721],[-82.23,47.5696],[-82.33,47.5841],[-82.4292,47.6125],[-82.51,47.649],[-82.55,47.6447],[-82.5754,47.6259],[-82.5751,47.6125],[-82.5404,47.572],[-82.5284,47.545],[-82.5128,47.5315],[-82.4698,47.518],[-82.3961,47.4639],[-82.35,47.4098],[-82.2436,47.3692],[-82.11,47.3078],[-82.0154,47.2743],[-81.9188,47.22],[-81.9071,47.2064],[-81.9072,47.152],[-81.8877,47.1248],[-81.63,47.0365],[-81.53,47.0174],[-81.4586,46.9612],[-81.35,46.9107],[-81.29,46.875],[-81.13,46.818],[-81.07,46.8085],[-81.0468,46.8108],[-81.0391,46.8245],[-81.0679,46.8929],[-81.06,46.9612],[-81.0474,46.9885],[-81.0112,47.0158],[-81.0065,47.0294],[-81.01,47.0431],[-81.05,47.0869],[-81.1428,47.152],[-81.1527,47.1656],[-81.1666,47.22],[-81.1649,47.2607],[-81.1536,47.2743],[-81.13,47.2833],[-81.07,47.2827],[-80.89,47.2203],[-80.83,47.2085],[-80.6502,47.1384],[-80.55,47.1064],[-80.45,47.0557],[-80.39,47.0393],[-80.31,47.0311],[-80.21,46.9912],[-80.17,46.9826],[-80.15,46.9813],[-80.1306,46.9885],[-80.11,47.0201],[-80.03,47.0544],[-79.97,47.0593],[-79.8869,47.0431],[-79.79,47.0384],[-79.71,47.0452],[-79.69,47.0489],[-79.67,47.0608],[-79.6493,47.0975],[-79.67,47.1264],[-79.7221,47.152],[-79.79,47.1713],[-79.9164,47.2335],[-79.976,47.2743],[-80.0169,47.2878],[-80.09,47.2983],[-80.27,47.3445],[-80.3533,47.3963],[-80.4174,47.4233],[-80.53,47.4488],[-80.71,47.5053],[-80.79,47.5143],[-80.83,47.5257],[-80.89,47.5226],[-80.99,47.5404],[-81.09,47.5844],[-81.17,47.5994],[-81.213,47.6259],[-81.2247,47.6529],[-81.2193,47.6798],[-81.2017,47.7068],[-81.1448,47.7471],[-81.1457,47.7606],[-81.1808,47.8009],[-81.1977,47.8412],[-81.218,47.8546],[-81.27,47.8663],[-81.39,47.8707],[-81.47,47.8922],[-81.49,47.8938],[-81.51,47.8883]]]}},{"type":"Feature","properties":{"c":"#00fb90","v0":0.04,"v1":0.05},"geometry":{"type":"Polygon","coordinates":[[[-71.497,47.8412],[-71.47,47.849],[-71.45,47.8484],[-71.4261,47.8412],[-71.4195,47.8277],[-71.45,47.8044],[-71.49,47.7987],[-71.5117,47.8143],[-71.5111,47.8277],[-71.497,47.8412]],[[-71.49,47.8433],[-71.509,47.8277],[-71.5096,47.8143],[-71.49,47.8001],[-71.45,47.8059],[-71.4225,47.8277],[-71.4304,47.8412],[-71.45,47.847],[-71.49,47.8433]]]}},{"type":"Feature","properties":{"c":"#00fb90","v0":0.04,"v1":0.05},"geometry":{"type":"Polygon","coordinates":[[[-80.962,47.7202],[-80.9174,47.7202],[-80.89,47.7126],[-80.8747,47.7068],[-80.8695,47.6933],[-80.89,47.6897],[-80.9353,47.6933],[-80.9599,47.7068],[-80.962,47.7202]]]}},{"type":"Feature","properties":{"c":"#00fb90","v0":0.04,"v1":0.05},"geometry":{"type":"Polygon","coordinates":[[[-80.736,47.7068],[-80.69,47.7065],[-80.63,47.6567],[-80.6179,47.6259],[-80.6181,47.6125],[-80.63,47.6056],[-80.71,47.6074],[-80.7922,47.6798],[-80.7845,47.6933],[-80.736,47.7068]],[[-80.75,47.6955],[-80.7684,47.6798],[-80.71,47.6148],[-80.69,47.6103],[-80.65,47.6122],[-80.63,47.623],[-80.6297,47.6394],[-80.6399,47.6529],[-80.69,47.6993],[-80.71,47.7044],[-80.75,47.6955]]]}},{"type":"Feature","properties":{"c":"#00fb90","v0":0.04,"v1":0.05},"geometry":{"type":"Polygon","coordinates":[[[-71.6543,47.6664],[-71.63,47.6706],[-71.5644,47.6259],[-71.5671,47.6125],[-71.5823,47.599],[-71.63,47.5812],[-71.6418,47.5855],[-71.6642,47.6394],[-71.6653,47.6529],[-71.6543,47.6664]],[[-71.65,47.6666],[-71.6609,47.6529],[-71.6597,47.6394],[-71.6458,47.599],[-71.63,47.584],[-71.5852,47.599],[-71.5697,47.6125],[-71.5673,47.6259],[-71.63,47.6677],[-71.65,47.6666]]]}},{"type":"Feature","properties":{"c":"#00fb90","v0":0.04,"v1":0.05},"geometry":{"type":"Polygon","coordinates":[[[-124.0593,47.6529],[-124.011,47.6529],[-124.0257,47.6394],[-124.05,47.6355],[-124.0831,47.6394],[-124.0593,47.6529]]]}},{"type":"Feature","properties":{"c":"#00fb90","v0":0.04,"v1":0.05},"geometry":{"type":"Polygon","coordinates":[[[-71.4102,47.5855],[-71.35,47.5879],[-71.3101,47.572],[-71.3086,47.5585],[-71.3356,47.518],[-71.3367,47.5045],[-71.33,47.4934],[-71.31,47.4848],[-71.23,47.508],[-71.17,47.5525],[-71.13,47.5663],[-71.11,47.5671],[-71.0808,47.5585],[-71.0701,47.545],[-71.0711,47.5315],[-71.11,47.4793],[-71.15,47.4546],[-71.25,47.4393],[-71.37,47.4311],[-71.45,47.4031],[-71.49,47.3956],[-71.51,47.4008],[-71.5233,47.4233],[-71.4822,47.5045],[-71.4808,47.545],[-71.4746,47.5585],[-71.4567,47.572],[-71.4102,47.5855]],[[-71.39,47.5874],[-71.45,47.5738],[-71.4725,47.5585],[-71.4802,47.5045],[-71.5065,47.4639],[-71.5212,47.4233],[-71.51,47.4031],[-71.49,47.3973],[-71.45,47.4048],[-71.37,47.4328],[-71.25,47.4408],[-71.15,47.4574],[-71.11,47.483],[-71.0732,47.5315],[-71.0725,47.545],[-71.0841,47.5585],[-71.11,47.5658],[-71.13,47.565],[-71.17,47.5512],[-71.23,47.5063],[-71.31,47.4826],[-71.33,47.4898],[-71.3392,47.5045],[-71.338,47.518],[-71.3111,47.5585],[-71.3132,47.572],[-71.3442,47.5855],[-71.39,47.5874]]]}},{"type":"Feature","properties":{"c":"#00fb90","v0":0.04,"v1":0.05},"geometry":{"type":"Polygon","coordinates":[[[-72.0662,47.545],[-72.01,47.5513],[-71.9983,47.545],[-72.0092,47.5315],[-72.09,47.495],[-72.11,47.4893],[-72.1371,47.491],[-72.1374,47.5045],[-72.1219,47.518],[-72.0662,47.545]],[[-72.05,47.5471],[-72.1177,47.518],[-72.1335,47.5045],[-72.1306,47.491],[-72.11,47.4916],[-72.07,47.5036],[-72.0154,47.5315],[-72.01,47.5468],[-72.05,47.5471]]]}},{"type":"Feature","properties":{"c":"#00fb90","v0":0.04,"v1":0.05},"geometry":{"type":"Polygon","coordinates":[[[-71.8363,47.4639],[-71.81,47.4744],[-71.79,47.4695],[-71.7883,47.4639],[-71.862,47.4098],[-71.9147,47.3827],[-72.0265,47.3421],[-72.15,47.3144],[-72.33,47.2619],[-72.37,47.2605],[-72.4035,47.2743],[-72.4087,47.3014],[-72.3972,47.3285],[-72.35,47.3643],[-72.25,47.3807],[-72.19,47.4002],[-72.11,47.4172],[-71.89,47.4451],[-71.8363,47.4639]],[[-71.81,47.468],[-71.87,47.4438],[-71.97,47.4362],[-72.11,47.4161],[-72.17,47.4044],[-72.25,47.3794],[-72.35,47.363],[-72.3822,47.3421],[-72.4028,47.315],[-72.4063,47.2878],[-72.3994,47.2743],[-72.37,47.2625],[-72.31,47.2669],[-72.15,47.3161],[-72.0328,47.3421],[-71.9233,47.3827],[-71.8702,47.4098],[-71.8092,47.4504],[-71.8005,47.4639],[-71.81,47.468]]]}},{"type":"Feature","properties":{"c":"#00fb90","v0":0.04,"v1":0.05},"geometry":{"type":"Polygon","coordinates":[[[-124.671,47.3556],[-124.63,47.3606],[-124.59,47.3305],[-124.55,47.3338],[-124.5388,47.3285],[-124.5285,47.315],[-124.5307,47.3014],[-124.5513,47.2607],[-124.57,47.2447],[-124.59,47.2415],[-124.61,47.2487],[-124.6221,47.2607],[-124.63,47.296],[-124.6914,47.315],[-124.703,47.3285],[-124.6979,47.3421],[-124.671,47.3556]],[[-124.57,47.3121],[-124.6051,47.2878],[-124.612,47.2743],[-124.605,47.2607],[-124.59,47.2537],[-124.57,47.2588],[-124.5595,47.2743],[-124.5506,47.3014],[-124.57,47.3121]]]}},{"type":"Feature","properties":{"c":"#00fb90","v0":0.04,"v1":0.05},"geometry":{"type":"Polygon","coordinates":[[[-71.4173,47.1656],[-71.41,47.1762],[-71.39,47.1773],[-71.3108,47.1656],[-71.381,47.1112],[-71.49,47.0737],[-71.655,47.0567],[-71.6597,47.0703],[-71.5779,47.1112],[-71.47,47.1324],[-71.4301,47.152],[-71.4173,47.1656]],[[-71.39,47.1715],[-71.41,47.1647],[-71.45,47.1361],[-71.5727,47.1112],[-71.65,47.0721],[-71.65,47.0639],[-71.49,47.0755],[-71.3873,47.1112],[-71.3357,47.152],[-71.3305,47.1656],[-71.39,47.1715]]]}},{"type":"Feature","properties":{"c":"#00fb90","v0":0.04,"v1":0.05},"geometry":{"type":"Polygon","coordinates":[[[-82.6356,47.0567],[-82.51,47.0611],[-82.43,47.0342],[-82.39,47.0354],[-82.3713,47.0294],[-82.3678,47.0158],[-82.3813,47.0022],[-82.41,46.998],[-82.61,47.0209],[-82.6366,47.0294],[-82.6477,47.0431],[-82.6356,47.0567]],[[-82.61,47.0587],[-82.63,47.0561],[-82.6432,47.0431],[-82.6323,47.0294],[-82.61,47.023],[-82.41,47.0005],[-82.3875,47.0022],[-82.3721,47.0158],[-82.39,47.0323],[-82.43,47.0311],[-82.51,47.0593],[-82.61,47.0587]]]}},{"type":"Feature","properties":{"c":"#00fb90","v0":0.04,"v1":0.05},"geometry":{"type":"Polygon","coordinates":[[[-72.0219,47.0158],[-71.97,47.0245],[-71.9546,47.0158],[-71.97,47.0012],[-72.01,46.9868],[-72.0331,46.9885],[-72.0423,47.0022],[-72.0219,47.0158]],[[-72.01,47.0174],[-72.0378,47.0022],[-72.03,46.9914],[-72.01,46.9886],[-71.9739,47.0022],[-71.9619,47.0158],[-71.97,47.0204],[-72.01,47.0174]]]}},{"type":"Feature","properties":{"c":"#00fb90","v0":0.04,"v1":0.05},"geometry":{"type":"Polygon","coordinates":[[[-81.7007,46.9339],[-81.67,46.9398],[-81.591,46.9066],[-81.61,46.8936],[-81.65,46.9001],[-81.7017,46.9202],[-81.7007,46.9339]],[[-81.69,46.9358],[-81.6951,46.9202],[-81.6618,46.9066],[-81.63,46.9001],[-81.603,46.9066],[-81.6598,46.9339],[-81.69,46.9358]]]}},{"type":"Feature","properties":{"c":"#00fb90","v0":0.04,"v1":0.05},"geometry":{"type":"Polygon","coordinates":[[[-82.5957,46.9202],[-82.49,46.9257],[-82.45,46.9206],[-82.43,46.9118],[-82.4145,46.8929],[-82.4178,46.8792],[-82.4513,46.8519],[-82.4465,46.8382],[-82.43,46.8339],[-82.3767,46.8382],[-82.3218,46.8656],[-82.29,46.8722],[-82.25,46.8667],[-82.23,46.8563],[-82.13,46.7531],[-82.03,46.6971],[-81.9704,46.6463],[-81.9138,46.6188],[-81.85,46.5695],[-81.7944,46.5364],[-81.7305,46.4813],[-81.7212,46.4675],[-81.73,46.447],[-81.77,46.4314],[-81.8249,46.44],[-81.85,46.4474],[-81.8871,46.4813],[-81.91,46.4923],[-81.95,46.4972],[-81.9632,46.4951],[-81.9781,46.4813],[-81.9956,46.4262],[-82.01,46.4172],[-82.05,46.4173],[-82.11,46.4314],[-82.25,46.4841],[-82.45,46.5306],[-82.51,46.5546],[-82.5974,46.5776],[-82.7253,46.66],[-82.7273,46.6738],[-82.6923,46.7012],[-82.6843,46.7149],[-82.6987,46.7286],[-82.8722,46.8382],[-82.9027,46.8656],[-82.8996,46.8792],[-82.89,46.883],[-82.83,46.8813],[-82.65,46.8323],[-82.59,46.8318],[-82.5639,46.8382],[-82.5484,46.8519],[-82.5557,46.8656],[-82.6016,46.9066],[-82.5957,46.9202]],[[-82.57,46.9228],[-82.59,46.9184],[-82.5977,46.9066],[-82.5437,46.8519],[-82.5589,46.8382],[-82.59,46.8302],[-82.65,46.8303],[-82.83,46.8797],[-82.89,46.8807],[-82.8989,46.8656],[-82.8689,46.8382],[-82.7962,46.7972],[-82.6788,46.7149],[-82.6865,46.7012],[-82.723,46.6738],[-82.7214,46.66],[-82.5935,46.5776],[-82.51,46.5561],[-82.45,46.5319],[-82.27,46.4913],[-82.07,46.4223],[-82.03,46.4182],[-82.0024,46.4262],[-81.9767,46.4951],[-81.95,46.4995],[-81.91,46.4946],[-81.8828,46.4813],[-81.85,46.4512],[-81.8079,46.44],[-81.77,46.4358],[-81.75,46.4402],[-81.73,46.4529],[-81.7266,46.4675],[-81.7359,46.4813],[-81.7976,46.5364],[-81.8642,46.5776],[-81.9161,46.6188],[-81.9723,46.6463],[-82.03,46.6951],[-82.13,46.7506],[-82.23,46.8533],[-82.2545,46.8656],[-82.29,46.87],[-82.3146,46.8656],[-82.3664,46.8382],[-82.43,46.8317],[-82.4539,46.8382],[-82.4574,46.8519],[-82.4235,46.8792],[-82.4195,46.8929],[-82.4269,46.9066],[-82.47,46.9224],[-82.57,46.9228]]]}},{"type":"Feature","properties":{"c":"#00fb90","v0":0.04,"v1":0.05},"geometry":{"type":"Polygon","coordinates":[[[-73.1778,46.8656],[-73.15,46.8754],[-73.1247,46.8656],[-73.1217,46.8519],[-73.15,46.8409],[-73.1764,46.8519],[-73.1778,46.8656]],[[-73.17,46.8691],[-73.17,46.8493],[-73.15,46.8434],[-73.1255,46.8519],[-73.13,46.8668],[-73.15,46.873],[-73.17,46.8691]]]}},{"type":"Feature","properties":{"c":"#00fb90","v0":0.04,"v1":0.05},"geometry":{"type":"Polygon","coordinates":[[[-75.4415,46.8245],[-75.41,46.8292],[-75.3932,46.8245],[-75.3857,46.8108],[-75.3987,46.7972],[-75.45,46.7777],[-75.5058,46.7424],[-75.53,46.7343],[-75.57,46.7332],[-75.587,46.7424],[-75.57,46.7618],[-75.4415,46.8245]],[[-75.47,46.8111],[-75.5139,46.7835],[-75.5751,46.7561],[-75.5814,46.7424],[-75.55,46.7339],[-75.5108,46.7424],[-75.45,46.7808],[-75.4103,46.7972],[-75.3968,46.8108],[-75.41,46.8237],[-75.43,46.8243],[-75.47,46.8111]]]}},{"type":"Feature","properties":{"c":"#00fb90","v0":0.04,"v1":0.05},"geometry":{"type":"Polygon","coordinates":[[[-74.9247,46.6875],[-74.83,46.697],[-74.7967,46.6875],[-74.7817,46.6738],[-74.7788,46.66],[-74.85,46.5972],[-74.87,46.5905],[-74.93,46.587],[-75.01,46.5545],[-75.0301,46.5639],[-75.01,46.6116],[-74.97,46.66],[-74.9247,46.6875]],[[-74.91,46.6895],[-74.95,46.6737],[-75.01,46.6059],[-75.0233,46.5776],[-75.0224,46.5639],[-75.01,46.5581],[-74.99,46.5617],[-74.93,46.59],[-74.87,46.5942],[-74.85,46.6015],[-74.79,46.6546],[-74.788,46.6738],[-74.81,46.6891],[-74.85,46.6948],[-74.91,46.6895]]]}},{"type":"Feature","properties":{"c":"#00fb90","v0":0.04,"v1":0.05},"geometry":{"type":"Polygon","coordinates":[[[-75.7334,46.66],[-75.71,46.6698],[-75.69,46.6699],[-75.663,46.6463],[-75.5971,46.6188],[-75.5713,46.5914],[-75.5795,46.5639],[-75.6057,46.5501],[-75.67,46.5428],[-75.77,46.5108],[-75.89,46.493],[-75.93,46.4978],[-75.9444,46.5088],[-75.942,46.5226],[-75.9157,46.5501],[-75.8155,46.5914],[-75.7841,46.6326],[-75.7334,46.66]],[[-75.71,46.6665],[-75.77,46.642],[-75.812,46.5914],[-75.9122,46.5501],[-75.9388,46.5226],[-75.9407,46.5088],[-75.93,46.5007],[-75.89,46.4945],[-75.79,46.5082],[-75.75,46.5164],[-75.67,46.545],[-75.59,46.5595],[-75.577,46.5776],[-75.5819,46.6051],[-75.6013,46.6188],[-75.667,46.6463],[-75.69,46.6656],[-75.71,46.6665]]]}},{"type":"Feature","properties":{"c":"#00fb90","v0":0.04,"v1":0.05},"geometry":{"type":"Polygon","coordinates":[[[-73.4139,46.6051],[-73.39,46.6148],[-73.37,46.6109],[-73.343,46.5914],[-73.3449,46.5776],[-73.37,46.5694],[-73.41,46.5723],[-73.4194,46.5776],[-73.4236,46.5914],[-73.4139,46.6051]],[[-73.41,46.6056],[-73.4205,46.5914],[-73.41,46.5745],[-73.37,46.5714],[-73.3496,46.5776],[-73.3469,46.5914],[-73.37,46.6084],[-73.39,46.6123],[-73.41,46.6056]]]}},{"type":"Feature","properties":{"c":"#00fb90","v0":0.04,"v1":0.05},"geometry":{"type":"Polygon","coordinates":[[[-70.377,46.6051],[-70.35,46.6119],[-70.33,46.6051],[-70.3218,46.5914],[-70.33,46.5747],[-70.35,46.5655],[-70.37,46.5655],[-70.3892,46.5776],[-70.3902,46.5914],[-70.377,46.6051]],[[-70.37,46.6074],[-70.3878,46.5914],[-70.3864,46.5776],[-70.37,46.5672],[-70.35,46.5671],[-70.3288,46.5776],[-70.324,46.5914],[-70.3344,46.6051],[-70.35,46.6104],[-70.37,46.6074]]]}},{"type":"Feature","properties":{"c":"#00fb90","v0":0.04,"v1":0.05},"geometry":{"type":"Polygon","coordinates":[[[-85.4016,46.5776],[-85.37,46.591],[-85.35,46.5885],[-85.3367,46.5776],[-85.3396,46.5639],[-85.3534,46.5501],[-85.39,46.533],[-85.43,46.5333],[-85.4257,46.5501],[-85.4016,46.5776]],[[-85.39,46.5829],[-85.4127,46.5639],[-85.4231,46.5364],[-85.39,46.5351],[-85.3571,46.5501],[-85.3426,46.5639],[-85.3402,46.5776],[-85.35,46.5857],[-85.37,46.5889],[-85.39,46.5829]]]}},{"type":"Feature","properties":{"c":"#00fb90","v0":0.04,"v1":0.05},"geometry":{"type":"Polygon","coordinates":[[[-73.675,46.5776],[-73.65,46.5854],[-73.63,46.5814],[-73.59,46.5623],[-73.5632,46.5364],[-73.564,46.5226],[-73.59,46.4982],[-73.63,46.4776],[-73.67,46.4685],[-73.71,46.4752],[-73.7282,46.4951],[-73.7239,46.5088],[-73.6955,46.5364],[-73.675,46.5776]],[[-73.67,46.5792],[-73.7252,46.4951],[-73.7165,46.4813],[-73.69,46.4708],[-73.67,46.4702],[-73.63,46.4797],[-73.59,46.5005],[-73.5666,46.5226],[-73.5748,46.5501],[-73.5954,46.5639],[-73.63,46.5798],[-73.65,46.5838],[-73.67,46.5792]]]}},{"type":"Feature","properties":{"c":"#00fb90","v0":0.04,"v1":0.05},"geometry":{"type":"Polygon","coordinates":[[[-89.0146,46.5639],[-88.99,46.5772],[-88.97,46.5763],[-88.95,46.5675],[-88.9374,46.5501],[-88.9382,46.5226],[-88.97,46.5148],[-89.0013,46.5226],[-89.0159,46.5364],[-89.0146,46.5639]],[[-88.99,46.5715],[-89.01,46.554],[-89.0093,46.5364],[-88.99,46.5221],[-88.97,46.5206],[-88.95,46.5288],[-88.9434,46.5501],[-88.9519,46.5639],[-88.97,46.5718],[-88.99,46.5715]]]}},{"type":"Feature","properties":{"c":"#00fb90","v0":0.04,"v1":0.05},"geometry":{"type":"Polygon","coordinates":[[[-88.9209,46.5088],[-88.91,46.518],[-88.89,46.5215],[-88.87,46.5174],[-88.8492,46.5088],[-88.8356,46.4951],[-88.8337,46.4813],[-88.85,46.4723],[-88.89,46.4778],[-88.9152,46.4951],[-88.9209,46.5088]],[[-88.89,46.5157],[-88.9053,46.5088],[-88.9034,46.4951],[-88.87,46.4779],[-88.846,46.4813],[-88.8422,46.4951],[-88.8571,46.5088],[-88.89,46.5157]]]}},{"type":"Feature","properties":{"c":"#00fb90","v0":0.04,"v1":0.05},"geometry":{"type":"Polygon","coordinates":[[[-90.7725,46.4537],[-90.75,46.4675],[-90.73,46.4643],[-90.6361,46.4262],[-90.6172,46.4124],[-90.6219,46.3986],[-90.65,46.3704],[-90.67,46.3604],[-90.69,46.358],[-90.73,46.3716],[-90.7578,46.3986],[-90.7725,46.4537]],[[-90.75,46.4645],[-90.7691,46.4537],[-90.7695,46.44],[-90.75,46.3915],[-90.71,46.365],[-90.67,46.3636],[-90.641,46.3848],[-90.6271,46.4124],[-90.704,46.4537],[-90.75,46.4645]]]}},{"type":"Feature","properties":{"c":"#00fb90","v0":0.04,"v1":0.05},"geometry":{"type":"Polygon","coordinates":[[[-75.4392,46.44],[-75.43,46.4488],[-75.41,46.447],[-75.3763,46.4262],[-75.3597,46.3986],[-75.3607,46.3848],[-75.37,46.376],[-75.39,46.3691],[-75.4103,46.371],[-75.4392,46.44]],[[-75.43,46.4408],[-75.4137,46.3848],[-75.39,46.3731],[-75.3663,46.3848],[-75.37,46.4118],[-75.4041,46.44],[-75.43,46.4408]]]}},{"type":"Feature","properties":{"c":"#00fb90","v0":0.04,"v1":0.05},"geometry":{"type":"Polygon","coordinates":[[[-107.4251,46.371],[-107.37,46.3761],[-107.3136,46.3572],[-107.3267,46.3434],[-107.37,46.3258],[-107.53,46.3131],[-107.63,46.2949],[-107.75,46.2809],[-107.9175,46.2881],[-107.9018,46.302],[-107.77,46.3336],[-107.61,46.3562],[-107.53,46.3574],[-107.4251,46.371]],[[-107.41,46.3725],[-107.53,46.3554],[-107.61,46.3549],[-107.77,46.3324],[-107.8927,46.302],[-107.9003,46.2881],[-107.75,46.2821],[-107.63,46.2961],[-107.51,46.3175],[-107.37,46.3273],[-107.3323,46.3434],[-107.3215,46.3572],[-107.37,46.3747],[-107.41,46.3725]]]}},{"type":"Feature","properties":{"c":"#00fb90","v0":0.04,"v1":0.05},"geometry":{"type":"Polygon","coordinates":[[[-107.1417,46.371],[-107.07,46.3749],[-107.036,46.371],[-106.9924,46.3572],[-107.03,46.3373],[-107.07,46.3295],[-107.1026,46.3296],[-107.1525,46.3434],[-107.17,46.3542],[-107.19,46.3564],[-107.23,46.3486],[-107.25,46.3503],[-107.2595,46.3572],[-107.17,46.3597],[-107.1417,46.371]],[[-107.13,46.3716],[-107.1657,46.3572],[-107.1461,46.3434],[-107.11,46.3322],[-107.05,46.3353],[-107.0189,46.3434],[-107.0034,46.3572],[-107.05,46.371],[-107.13,46.3716]]]}},{"type":"Feature","properties":{"c":"#00fb90","v0":0.04,"v1":0.05},"geometry":{"type":"Polygon","coordinates":[[[-82.1648,46.3296],[-82.15,46.3349],[-82.11,46.3343],[-81.99,46.3233],[-81.95,46.3138],[-81.89,46.2642],[-81.824,46.2328],[-81.79,46.2006],[-81.71,46.1465],[-81.65,46.1218],[-81.5768,46.0804],[-81.5492,46.0527],[-81.534,46.0249],[-81.55,46.0142],[-81.59,46.0162],[-81.75,46.1183],[-81.93,46.1967],[-82.05,46.2285],[-82.09,46.2451],[-82.1435,46.2881],[-82.1651,46.3158],[-82.1648,46.3296]],[[-82.15,46.3325],[-82.1582,46.3296],[-82.1615,46.3158],[-82.1525,46.302],[-82.1288,46.2743],[-82.0897,46.2466],[-82.05,46.2299],[-81.93,46.1986],[-81.75,46.1203],[-81.59,46.019],[-81.55,46.018],[-81.5397,46.0249],[-81.5522,46.0527],[-81.5797,46.0804],[-81.65,46.1192],[-81.71,46.1438],[-81.79,46.1982],[-81.8277,46.2328],[-81.89,46.2613],[-81.95,46.3115],[-82.01,46.324],[-82.15,46.3325]]]}},{"type":"Feature","properties":{"c":"#00fb90","v0":0.04,"v1":0.05},"geometry":{"type":"Polygon","coordinates":[[[-82.7523,46.3158],[-82.73,46.3152],[-82.61,46.2647],[-82.53,46.2418],[-82.43,46.1937],[-82.3912,46.1636],[-82.3536,46.1082],[-82.33,46.0925],[-82.25,46.0578],[-82.0608,46.0249],[-82.0325,46.011],[-82.0022,45.9832],[-81.91,45.978],[-81.83,45.9583],[-81.7945,45.9415],[-81.75,45.9092],[-81.693,45.8858],[-81.6726,45.8719],[-81.6648,45.858],[-81.67,45.8426],[-81.69,45.8332],[-81.71,45.8333],[-81.77,45.8482],[-81.87,45.8549],[-81.97,45.8846],[-81.99,45.8851],[-82.0485,45.858],[-82.13,45.8453],[-82.29,45.8828],[-82.33,45.8998],[-82.41,45.9187],[-82.55,45.964],[-82.69,45.9617],[-82.7141,45.9554],[-82.7234,45.9276],[-82.6913,45.8719],[-82.6367,45.844],[-82.5796,45.7743],[-82.5068,45.7325],[-82.4535,45.6766],[-82.3808,45.5647],[-82.3752,45.5367],[-82.3808,45.5086],[-82.39,45.5005],[-82.41,45.4965],[-82.45,45.5037],[-82.53,45.5374],[-82.5605,45.5367],[-82.57,45.4679],[-82.6163,45.4245],[-82.6452,45.3683],[-82.641,45.3402],[-82.6082,45.2698],[-82.5402,45.1994],[-82.4496,45.1289],[-82.415,45.0724],[-82.4079,45.03],[-82.4361,45.0018],[-82.5141,44.9735],[-82.5596,44.9168],[-82.59,44.8962],[-82.63,44.8781],[-82.73,44.8511],[-82.7577,44.8318],[-82.7582,44.8176],[-82.7461,44.8034],[-82.6675,44.775],[-82.6336,44.7466],[-82.6287,44.7182],[-82.6435,44.6755],[-82.71,44.5806],[-82.7891,44.5331],[-82.8955,44.4333],[-82.9299,44.3904],[-82.9762,44.3618],[-82.997,44.3332],[-83.01,44.2844],[-83.0243,44.2616],[-83.07,44.2509],[-83.1188,44.2616],[-83.1504,44.3046],[-83.1835,44.3332],[-83.27,44.3755],[-83.35,44.3919],[-83.47,44.443],[-83.55,44.4526],[-83.63,44.4805],[-83.71,44.479],[-83.73,44.486],[-83.75,44.5041],[-83.7618,44.5331],[-83.798,44.5759],[-83.8006,44.5901],[-83.7888,44.6186],[-83.769,44.6329],[-83.73,44.6426],[-83.67,44.643],[-83.61,44.6305],[-83.51,44.6378],[-83.39,44.6206],[-83.23,44.651],[-83.1241,44.6898],[-83.0521,44.775],[-83.0536,44.7892],[-83.07,44.8064],[-83.11,44.8182],[-83.15,44.8481],[-83.1714,44.9027],[-83.1996,44.9452],[-83.2137,44.9876],[-83.2216,45.0442],[-83.2013,45.1007],[-83.1894,45.1148],[-83.1189,45.143],[-83.1074,45.1571],[-83.1741,45.3121],[-83.1825,45.3542],[-83.1796,45.4245],[-83.2355,45.4946],[-83.2765,45.5647],[-83.33,45.6219],[-83.4136,45.6906],[-83.41,45.7064],[-83.31,45.7521],[-83.3009,45.7743],[-83.3038,45.8022],[-83.2956,45.8162],[-83.25,45.8277],[-83.17,45.8273],[-83.1581,45.8301],[-83.1583,45.844],[-83.1879,45.8719],[-83.2599,45.9137],[-83.41,45.9485],[-83.451,45.9693],[-83.4589,45.9971],[-83.4395,46.0249],[-83.2988,46.0804],[-83.2861,46.0943],[-83.3004,46.122],[-83.3274,46.1497],[-83.4255,46.2051],[-83.4569,46.2328],[-83.4608,46.2466],[-83.43,46.2635],[-83.33,46.2732],[-83.25,46.2674],[-82.99,46.2813],[-82.8412,46.2605],[-82.7938,46.2743],[-82.7523,46.3158]],[[-82.75,46.313],[-82.7881,46.2743],[-82.83,46.2598],[-82.87,46.2597],[-82.95,46.2768],[-82.99,46.2801],[-83.25,46.2658],[-83.33,46.271],[-83.43,46.2619],[-83.4573,46.2466],[-83.4539,46.2328],[-83.4224,46.2051],[-83.325,46.1497],[-83.298,46.122],[-83.2828,46.0943],[-83.2938,46.0804],[-83.35,46.0628],[-83.4354,46.0249],[-83.456,45.9971],[-83.45,45.9734],[-83.43,45.9578],[-83.41,45.9511],[-83.2569,45.9137],[-83.1856,45.8719],[-83.1551,45.844],[-83.1513,45.8301],[-83.17,45.8258],[-83.25,45.8264],[-83.2919,45.8162],[-83.3011,45.8022],[-83.3009,45.7604],[-83.31,45.7484],[-83.4063,45.7045],[-83.4091,45.6906],[-83.33,45.6241],[-83.2743,45.5647],[-83.2334,45.4946],[-83.19,45.447],[-83.178,45.4245],[-83.1762,45.3261],[-83.1581,45.2698],[-83.1056,45.1571],[-83.1162,45.143],[-83.1853,45.1148],[-83.1987,45.1007],[-83.2197,45.0442],[-83.2114,44.9876],[-83.15,44.8522],[-83.1296,44.8318],[-83.0631,44.8034],[-83.0507,44.7892],[-83.0496,44.775],[-83.1202,44.6898],[-83.23,44.6491],[-83.39,44.6191],[-83.51,44.636],[-83.61,44.6285],[-83.67,44.6413],[-83.73,44.6412],[-83.7642,44.6329],[-83.786,44.6186],[-83.7985,44.5901],[-83.7958,44.5759],[-83.73,44.489],[-83.71,44.482],[-83.63,44.4843],[-83.55,44.4567],[-83.47,44.4452],[-83.35,44.3944],[-83.27,44.3776],[-83.1793,44.3332],[-83.1438,44.3046],[-83.11,44.2623],[-83.07,44.2537],[-83.03,44.2616],[-83.0127,44.2903],[-83.0005,44.3332],[-82.9813,44.3618],[-82.93,44.3968],[-82.9005,44.4333],[-82.7927,44.5331],[-82.71,44.5842],[-82.6458,44.6755],[-82.631,44.7182],[-82.6363,44.7466],[-82.6471,44.7608],[-82.67,44.774],[-82.7497,44.8034],[-82.7614,44.8176],[-82.7618,44.8318],[-82.73,44.8535],[-82.63,44.8811],[-82.59,44.8998],[-82.5652,44.9168],[-82.5188,44.9735],[-82.4408,45.0018],[-82.412,45.03],[-82.4185,45.0724],[-82.45,45.1243],[-82.546,45.1994],[-82.61,45.2678],[-82.644,45.3402],[-82.6487,45.3683],[-82.6245,45.4245],[-82.5714,45.4806],[-82.57,45.537],[-82.55,45.5429],[-82.53,45.5392],[-82.45,45.5054],[-82.41,45.4989],[-82.39,45.5042],[-82.3787,45.5227],[-82.3828,45.5647],[-82.4567,45.6766],[-82.5094,45.7325],[-82.5826,45.7743],[-82.641,45.844],[-82.694,45.8719],[-82.7286,45.9276],[-82.7214,45.9554],[-82.69,45.9648],[-82.55,45.966],[-82.41,45.9201],[-82.33,45.9014],[-82.29,45.8849],[-82.13,45.8467],[-82.055,45.858],[-81.99,45.8888],[-81.97,45.8871],[-81.87,45.8563],[-81.77,45.8498],[-81.71,45.8353],[-81.69,45.8359],[-81.6735,45.844],[-81.6685,45.858],[-81.6766,45.8719],[-81.6972,45.8858],[-81.75,45.9075],[-81.7969,45.9415],[-81.83,45.957],[-81.91,45.9765],[-82.01,45.9787],[-82.0356,46.011],[-82.0656,46.0249],[-82.25,46.0562],[-82.33,46.091],[-82.3564,46.1082],[-82.3943,46.1636],[-82.43,46.1918],[-82.53,46.2399],[-82.6061,46.2605],[-82.73,46.3114],[-82.75,46.313]]]}},{"type":"Feature","properties":{"c":"#00fb90","v0":0.04,"v1":0.05},"geometry":{"type":"Polygon","coordinates":[[[-107.5798,46.2051],[-107.57,46.2152],[-107.55,46.2189],[-107.5365,46.2051],[-107.5497,46.1913],[-107.57,46.1899],[-107.5798,46.2051]],[[-107.57,46.2094],[-107.57,46.197],[-107.55,46.1991],[-107.5442,46.2051],[-107.55,46.211],[-107.57,46.2094]]]}},{"type":"Feature","properties":{"c":"#00fb90","v0":0.04,"v1":0.05},"geometry":{"type":"Polygon","coordinates":[[[-82.847,46.1359],[-82.8007,46.1359],[-82.7838,46.122],[-82.8103,46.1082],[-82.8547,46.122],[-82.847,46.1359]],[[-82.83,46.13],[-82.8422,46.122],[-82.83,46.1181],[-82.81,46.1143],[-82.7914,46.122],[-82.81,46.1311],[-82.83,46.13]]]}},{"type":"Feature","properties":{"c":"#00fb90","v0":0.04,"v1":0.05},"geometry":{"type":"Polygon","coordinates":[[[-86.0854,45.4385],[-86.0599,45.4385],[-86.01,45.4157],[-85.95,45.4058],[-85.9373,45.3964],[-85.9363,45.3823],[-85.9468,45.3402],[-85.97,45.3326],[-86.0117,45.3402],[-86.0243,45.3542],[-86.0329,45.3964],[-86.0891,45.4245],[-86.0854,45.4385]],[[-86.01,45.4081],[-86.0203,45.3964],[-86.0195,45.3542],[-86.01,45.3436],[-85.99,45.3361],[-85.9543,45.3402],[-85.9437,45.3542],[-85.9476,45.3964],[-86.01,45.4081]]]}},{"type":"Feature","properties":{"c":"#00fb90","v0":0.04,"v1":0.05},"geometry":{"type":"Polygon","coordinates":[[[-108.5119,45.2698],[-108.4208,45.2558],[-108.43,45.2415],[-108.47,45.2308],[-108.51,45.2288],[-108.5435,45.2417],[-108.5509,45.2558],[-108.5119,45.2698]],[[-108.53,45.2626],[-108.5435,45.2558],[-108.5353,45.2417],[-108.51,45.2333],[-108.4513,45.2417],[-108.4497,45.2558],[-108.51,45.2663],[-108.53,45.2626]]]}},{"type":"Feature","properties":{"c":"#00fb90","v0":0.04,"v1":0.05},"geometry":{"type":"Polygon","coordinates":[[[-108.1231,45.2558],[-108.09,45.2618],[-108.0747,45.2558],[-108.0883,45.2417],[-108.11,45.2388],[-108.1388,45.2417],[-108.1231,45.2558]]]}},{"type":"Feature","properties":{"c":"#00fb90","v0":0.04,"v1":0.05},"geometry":{"type":"Polygon","coordinates":[[[-108.7355,45.2135],[-108.69,45.2195],[-108.67,45.2154],[-108.63,45.1915],[-108.57,45.1817],[-108.49,45.1887],[-108.4618,45.1853],[-108.446,45.1712],[-108.47,45.1533],[-108.57,45.1419],[-108.65,45.1396],[-108.73,45.1246],[-108.7706,45.1007],[-108.8143,45.0442],[-108.8409,45.03],[-108.89,45.0173],[-109.05,45.0001],[-109.0737,45.0018],[-109.0989,45.0159],[-109.09,45.0411],[-109.0703,45.0583],[-108.9467,45.1148],[-108.93,45.1306],[-108.9145,45.1712],[-108.8815,45.1994],[-108.85,45.2107],[-108.77,45.2084],[-108.7355,45.2135]],[[-108.71,45.2142],[-108.75,45.207],[-108.85,45.2096],[-108.8791,45.1994],[-108.9122,45.1712],[-108.9286,45.1289],[-108.9435,45.1148],[-109.07,45.0501],[-109.0881,45.03],[-109.0877,45.0159],[-109.07,45.007],[-109.03,45.0047],[-108.87,45.0234],[-108.817,45.0442],[-108.77,45.1034],[-108.71,45.1345],[-108.65,45.1444],[-108.57,45.1468],[-108.5057,45.1571],[-108.47,45.1706],[-108.49,45.1771],[-108.55,45.175],[-108.61,45.1819],[-108.65,45.1921],[-108.6872,45.2135],[-108.71,45.2142]]]}},{"type":"Feature","properties":{"c":"#00fb90","v0":0.04,"v1":0.05},"geometry":{"type":"Polygon","coordinates":[[[-109.6938,45.1994],[-109.67,45.1919],[-109.658,45.1712],[-109.63,45.1557],[-109.4044,45.0866],[-109.4554,45.0583],[-109.4779,45.03],[-109.4587,44.9735],[-109.51,44.9592],[-109.55,44.9374],[-109.57,44.9333],[-109.6101,44.9452],[-109.6352,44.9735],[-109.6399,45.0159],[-109.67,45.0434],[-109.71,45.0574],[-109.81,45.0688],[-109.8353,45.0866],[-109.8741,45.1289],[-109.83,45.1554],[-109.749,45.1712],[-109.6938,45.1994]],[[-109.69,45.1952],[-109.73,45.1732],[-109.8111,45.1571],[-109.8477,45.143],[-109.8624,45.1289],[-109.8562,45.1148],[-109.81,45.0718],[-109.71,45.0607],[-109.6635,45.0442],[-109.6332,45.0159],[-109.6291,44.9735],[-109.61,44.9526],[-109.59,44.9428],[-109.55,44.9443],[-109.4859,44.9735],[-109.4746,44.9876],[-109.4842,45.0159],[-109.4782,45.0442],[-109.4306,45.0866],[-109.5036,45.1148],[-109.6429,45.1571],[-109.69,45.1952]]]}},{"type":"Feature","properties":{"c":"#00fb90","v0":0.04,"v1":0.05},"geometry":{"type":"Polygon","coordinates":[[[-70.8367,45.1712],[-70.83,45.1769],[-70.81,45.1754],[-70.81,45.1624],[-70.83,45.1533],[-70.8367,45.1712]]]}},{"type":"Feature","properties":{"c":"#00fb90","v0":0.04,"v1":0.05},"geometry":{"type":"Polygon","coordinates":[[[-107.9312,45.0866],[-107.91,45.0808],[-107.8898,45.0583],[-107.8875,45.03],[-107.8954,45.0159],[-107.99,44.9716],[-108.09,44.9337],[-108.13,44.927],[-108.23,44.927],[-108.33,44.9139],[-108.39,44.9258],[-108.41,44.924],[-108.47,44.8881],[-108.51,44.8731],[-108.55,44.8699],[-108.5865,44.8743],[-108.5809,44.8885],[-108.51,44.929],[-108.43,44.9631],[-108.39,44.9727],[-108.29,44.9824],[-108.19,45.0184],[-108.09,45.0413],[-108.0145,45.0724],[-107.9312,45.0866]],[[-107.99,45.0757],[-108.09,45.0383],[-108.19,45.0167],[-108.29,44.9807],[-108.39,44.9696],[-108.4338,44.9593],[-108.5022,44.931],[-108.5753,44.8885],[-108.5758,44.8743],[-108.53,44.8728],[-108.49,44.8813],[-108.41,44.9272],[-108.39,44.9289],[-108.33,44.9163],[-108.23,44.9287],[-108.13,44.9292],[-108.09,44.9364],[-107.99,44.9732],[-107.8994,45.0159],[-107.8887,45.0442],[-107.91,45.0778],[-107.93,45.0842],[-107.99,45.0757]]]}},{"type":"Feature","properties":{"c":"#00fb90","v0":0.04,"v1":0.05},"geometry":{"type":"Polygon","coordinates":[[[-108.9117,44.8176],[-108.89,44.817],[-108.8746,44.8034],[-108.8736,44.775],[-108.8518,44.7324],[-108.8617,44.7182],[-108.93,44.651],[-109.0048,44.5901],[-109.13,44.5739],[-109.15,44.5627],[-109.1702,44.4904],[-109.25,44.4433],[-109.29,44.4397],[-109.37,44.4668],[-109.39,44.4681],[-109.4276,44.4475],[-109.4537,44.4047],[-109.59,44.3447],[-109.61,44.3469],[-109.69,44.3783],[-109.73,44.373],[-109.79,44.3464],[-109.81,44.3551],[-109.83,44.3928],[-109.85,44.4021],[-109.91,44.4001],[-109.9236,44.4047],[-109.935,44.4618],[-109.9142,44.4761],[-109.87,44.4866],[-109.81,44.4768],[-109.71,44.4845],[-109.67,44.5067],[-109.6273,44.5617],[-109.6298,44.6186],[-109.5504,44.6613],[-109.51,44.7229],[-109.47,44.7272],[-109.4464,44.7182],[-109.41,44.6873],[-109.33,44.6701],[-109.312,44.6755],[-109.29,44.6931],[-109.21,44.7055],[-109.11,44.7331],[-109.07,44.7518],[-109.01,44.7948],[-108.9117,44.8176]],[[-108.95,44.8045],[-109.0094,44.7892],[-109.0433,44.7608],[-109.1002,44.7324],[-109.21,44.7009],[-109.2759,44.6898],[-109.31,44.6676],[-109.33,44.6641],[-109.41,44.6817],[-109.47,44.7196],[-109.497,44.7182],[-109.51,44.7114],[-109.5423,44.6613],[-109.6204,44.6186],[-109.6214,44.5617],[-109.67,44.4974],[-109.71,44.477],[-109.79,44.4668],[-109.87,44.4829],[-109.9051,44.4761],[-109.9276,44.4618],[-109.9288,44.4475],[-109.91,44.4086],[-109.85,44.4106],[-109.83,44.4054],[-109.8057,44.3618],[-109.79,44.3529],[-109.73,44.3762],[-109.69,44.383],[-109.61,44.3509],[-109.59,44.3482],[-109.4639,44.4047],[-109.4494,44.419],[-109.4371,44.4475],[-109.41,44.4682],[-109.37,44.4716],[-109.29,44.4416],[-109.25,44.4455],[-109.1865,44.4904],[-109.15,44.5692],[-109.13,44.5774],[-109.01,44.5935],[-108.871,44.7182],[-108.8633,44.7324],[-108.8789,44.7608],[-108.8893,44.8034],[-108.91,44.8083],[-108.95,44.8045]]]}},{"type":"Feature","properties":{"c":"#00fb90","v0":0.04,"v1":0.05},"geometry":{"type":"Polygon","coordinates":[[[-109.646,44.7892],[-109.6236,44.7892],[-109.5908,44.775],[-109.61,44.7699],[-109.65,44.7718],[-109.6576,44.775],[-109.646,44.7892]]]}},{"type":"Feature","properties":{"c":"#00fb90","v0":0.04,"v1":0.05},"geometry":{"type":"Polygon","coordinates":[[[-81.539,44.6898],[-81.53,44.6996],[-81.4851,44.6613],[-81.3927,44.6186],[-81.3136,44.5617],[-81.2957,44.5331],[-81.37,44.5196],[-81.41,44.5349],[-81.5242,44.6186],[-81.5383,44.6471],[-81.539,44.6898]],[[-81.53,44.6774],[-81.533,44.6471],[-81.5193,44.6186],[-81.41,44.539],[-81.37,44.5232],[-81.3132,44.5331],[-81.3082,44.5474],[-81.321,44.5617],[-81.4002,44.6186],[-81.53,44.6774]]]}},{"type":"Feature","properties":{"c":"#00fb90","v0":0.04,"v1":0.05},"geometry":{"type":"Polygon","coordinates":[[[-86.2739,44.5046],[-86.27,44.5074],[-86.21,44.4851],[-86.19,44.4733],[-86.1659,44.419],[-86.1623,44.4047],[-86.17,44.3996],[-86.23,44.4321],[-86.2674,44.4618],[-86.2801,44.4904],[-86.2739,44.5046]],[[-86.27,44.4916],[-86.2711,44.4761],[-86.247,44.4475],[-86.19,44.4155],[-86.1789,44.419],[-86.1881,44.4618],[-86.2017,44.4761],[-86.25,44.4915],[-86.27,44.4916]]]}},{"type":"Feature","properties":{"c":"#00fb90","v0":0.04,"v1":0.05},"geometry":{"type":"Polygon","coordinates":[[[-81.2652,44.4904],[-81.25,44.5014],[-81.19,44.4727],[-81.11,44.4149],[-80.9983,44.3475],[-80.9319,44.2759],[-80.9229,44.233],[-80.8985,44.1899],[-80.8114,44.1182],[-80.8023,44.1038],[-80.81,44.0708],[-80.8299,44.0607],[-80.85,44.0662],[-80.93,44.1455],[-80.9921,44.1756],[-81.0227,44.2186],[-81.089,44.2759],[-81.1188,44.3475],[-81.2335,44.4333],[-81.2652,44.4904]],[[-81.25,44.4928],[-81.2523,44.4761],[-81.2294,44.4333],[-81.1147,44.3475],[-81.0745,44.2616],[-81.0193,44.2186],[-80.9864,44.1756],[-80.93,44.1514],[-80.85,44.0778],[-80.83,44.0751],[-80.8133,44.1038],[-80.85,44.1469],[-80.9048,44.1899],[-80.9271,44.233],[-80.9362,44.2759],[-80.9577,44.3046],[-81.01,44.3534],[-81.11,44.4117],[-81.17,44.4583],[-81.23,44.4884],[-81.25,44.4928]]]}},{"type":"Feature","properties":{"c":"#00fb90","v0":0.04,"v1":0.05},"geometry":{"type":"Polygon","coordinates":[[[-110.4169,44.4475],[-110.3705,44.4475],[-110.362,44.4333],[-110.41,44.3963],[-110.43,44.3926],[-110.4465,44.4047],[-110.4345,44.4333],[-110.4169,44.4475]],[[-110.39,44.448],[-110.41,44.4468],[-110.43,44.4344],[-110.4403,44.4047],[-110.43,44.3972],[-110.41,44.3998],[-110.3705,44.4333],[-110.39,44.448]]]}},{"type":"Feature","properties":{"c":"#00fb90","v0":0.04,"v1":0.05},"geometry":{"type":"Polygon","coordinates":[[[-111.2304,44.4047],[-111.2126,44.3904],[-111.2226,44.3761],[-111.2602,44.3761],[-111.2638,44.3904],[-111.25,44.4006],[-111.2304,44.4047]]]}},{"type":"Feature","properties":{"c":"#00fb90","v0":0.04,"v1":0.05},"geometry":{"type":"Polygon","coordinates":[[[-111.5326,44.3904],[-111.5241,44.3904],[-111.5203,44.3761],[-111.57,44.3448],[-111.65,44.3328],[-111.6843,44.3475],[-111.67,44.3624],[-111.61,44.3673],[-111.5326,44.3904]],[[-111.57,44.378],[-111.61,44.3641],[-111.67,44.3565],[-111.6779,44.3475],[-111.65,44.337],[-111.5725,44.3475],[-111.5327,44.3761],[-111.57,44.378]]]}},{"type":"Feature","properties":{"c":"#00fb90","v0":0.04,"v1":0.05},"geometry":{"type":"Polygon","coordinates":[[[-80.434,44.3761],[-80.41,44.3813],[-80.37,44.3665],[-80.3576,44.3475],[-80.37,44.3235],[-80.39,44.3223],[-80.43,44.3407],[-80.444,44.3618],[-80.434,44.3761]],[[-80.41,44.377],[-80.43,44.371],[-80.4371,44.3618],[-80.4332,44.3475],[-80.41,44.331],[-80.39,44.3256],[-80.37,44.3284],[-80.3623,44.3475],[-80.3694,44.3618],[-80.41,44.377]]]}},{"type":"Feature","properties":{"c":"#00fb90","v0":0.04,"v1":0.05},"geometry":{"type":"Polygon","coordinates":[[[-110.9211,44.3475],[-110.87,44.3543],[-110.83,44.352],[-110.8214,44.3475],[-110.8023,44.3046],[-110.77,44.2818],[-110.7466,44.2759],[-110.7396,44.2616],[-110.77,44.246],[-110.87,44.2286],[-110.89,44.2309],[-110.93,44.2484],[-111.03,44.2471],[-111.082,44.2616],[-111.1059,44.2759],[-111.0818,44.2903],[-111.05,44.2998],[-110.99,44.3373],[-110.9211,44.3475]],[[-110.89,44.3504],[-110.99,44.3338],[-111.0887,44.2759],[-111.0711,44.2616],[-111.03,44.2504],[-110.93,44.2519],[-110.87,44.2333],[-110.7812,44.2473],[-110.7536,44.2616],[-110.8076,44.3046],[-110.8288,44.3475],[-110.89,44.3504]]]}},{"type":"Feature","properties":{"c":"#00fb90","v0":0.04,"v1":0.05},"geometry":{"type":"Polygon","coordinates":[[[-87.6831,44.3332],[-87.67,44.3436],[-87.65,44.3384],[-87.57,44.2922],[-87.53,44.2509],[-87.4857,44.2186],[-87.4748,44.2043],[-87.4791,44.1899],[-87.51,44.194],[-87.59,44.2447],[-87.6302,44.2903],[-87.6722,44.3189],[-87.6831,44.3332]],[[-87.61,44.3044],[-87.6206,44.2903],[-87.604,44.2616],[-87.5196,44.2043],[-87.49,44.1961],[-87.483,44.2043],[-87.4912,44.2186],[-87.5334,44.2473],[-87.57,44.2885],[-87.61,44.3044]]]}},{"type":"Feature","properties":{"c":"#00fb90","v0":0.04,"v1":0.05},"geometry":{"type":"Polygon","coordinates":[[[-110.263,44.2903],[-110.23,44.2956],[-110.2099,44.2903],[-110.2212,44.2616],[-110.2548,44.233],[-110.33,44.1888],[-110.4202,44.1469],[-110.47,44.1388],[-110.4819,44.1469],[-110.4579,44.1756],[-110.31,44.2688],[-110.263,44.2903]],[[-110.25,44.2915],[-110.2937,44.2759],[-110.4307,44.1899],[-110.4689,44.1613],[-110.473,44.1469],[-110.45,44.1431],[-110.4288,44.1469],[-110.3329,44.1899],[-110.27,44.2256],[-110.23,44.2564],[-110.2154,44.2759],[-110.2201,44.2903],[-110.25,44.2915]]]}},{"type":"Feature","properties":{"c":"#00fb90","v0":0.04,"v1":0.05},"geometry":{"type":"Polygon","coordinates":[[[-83.8032,44.2903],[-83.75,44.2972],[-83.67,44.294],[-83.59,44.3013],[-83.49,44.2933],[-83.41,44.3009],[-83.23,44.2851],[-83.1948,44.2759],[-83.1823,44.2616],[-83.1962,44.2473],[-83.23,44.2329],[-83.283,44.1899],[-83.3575,44.1613],[-83.39,44.1102],[-83.4221,44.0751],[-83.4352,44.0464],[-83.45,44.0341],[-83.49,44.0532],[-83.61,44.0887],[-83.71,44.1083],[-83.81,44.158],[-83.89,44.1711],[-83.91,44.1795],[-83.93,44.202],[-83.9341,44.2186],[-83.9213,44.2473],[-83.89,44.2681],[-83.8032,44.2903]],[[-83.79,44.2916],[-83.87,44.273],[-83.9182,44.2473],[-83.9315,44.2186],[-83.91,44.1825],[-83.89,44.1732],[-83.81,44.1603],[-83.71,44.1112],[-83.61,44.091],[-83.55,44.0711],[-83.45,44.0486],[-83.39,44.1164],[-83.3628,44.1613],[-83.2883,44.1899],[-83.1935,44.2616],[-83.2052,44.2759],[-83.23,44.2821],[-83.41,44.2987],[-83.49,44.2916],[-83.59,44.2995],[-83.65,44.2933],[-83.75,44.2958],[-83.79,44.2916]]]}},{"type":"Feature","properties":{"c":"#00fb90","v0":0.04,"v1":0.05},"geometry":{"type":"Polygon","coordinates":[[[-112.6518,44.2759],[-112.63,44.2824],[-112.61,44.263],[-112.6111,44.2473],[-112.63,44.2368],[-112.65,44.2361],[-112.6736,44.2473],[-112.6716,44.2616],[-112.6518,44.2759]],[[-112.65,44.2644],[-112.6537,44.2473],[-112.6274,44.2473],[-112.63,44.2675],[-112.65,44.2644]]]}},{"type":"Feature","properties":{"c":"#00fb90","v0":0.04,"v1":0.05},"geometry":{"type":"Polygon","coordinates":[[[-103.8035,44.1613],[-103.77,44.1577],[-103.7505,44.1469],[-103.7476,44.1325],[-103.77,44.1263],[-103.8142,44.1325],[-103.829,44.1469],[-103.8035,44.1613]],[[-103.81,44.154],[-103.8202,44.1469],[-103.8043,44.1325],[-103.7579,44.1325],[-103.7582,44.1469],[-103.77,44.1534],[-103.79,44.1581],[-103.81,44.154]]]}},{"type":"Feature","properties":{"c":"#00fb90","v0":0.04,"v1":0.05},"geometry":{"type":"Polygon","coordinates":[[[-88.8124,44.032],[-88.77,44.022],[-88.71,43.9851],[-88.6971,43.96],[-88.71,43.9255],[-88.81,43.9508],[-88.8552,43.9744],[-88.87,44.0035],[-88.8582,44.0176],[-88.8124,44.032]],[[-88.85,44.0185],[-88.8653,44.0032],[-88.8629,43.9888],[-88.83,43.9601],[-88.77,43.9424],[-88.71,43.9352],[-88.7006,43.96],[-88.7042,43.9744],[-88.7394,44.0032],[-88.79,44.0266],[-88.81,44.0291],[-88.85,44.0185]]]}},{"type":"Feature","properties":{"c":"#00fb90","v0":0.04,"v1":0.05},"geometry":{"type":"Polygon","coordinates":[[[-110.1165,43.9744],[-110.07,43.9848],[-110.03,43.9866],[-109.87,43.9736],[-109.85,43.9665],[-109.8069,43.9024],[-109.7891,43.8303],[-109.7917,43.8159],[-109.8269,43.787],[-109.8586,43.7726],[-109.91,43.766],[-110.01,43.7348],[-110.09,43.6777],[-110.21,43.6332],[-110.27,43.633],[-110.39,43.6645],[-110.43,43.665],[-110.4517,43.6569],[-110.4823,43.628],[-110.4835,43.57],[-110.487,43.5555],[-110.502,43.541],[-110.53,43.5323],[-110.61,43.5274],[-110.6481,43.512],[-110.69,43.4834],[-110.73,43.4753],[-110.7396,43.4685],[-110.71,43.4516],[-110.55,43.4605],[-110.49,43.454],[-110.4741,43.4395],[-110.49,43.4242],[-110.5032,43.3959],[-110.522,43.3813],[-110.67,43.353],[-110.7645,43.3232],[-110.7678,43.3086],[-110.7385,43.294],[-110.7291,43.2795],[-110.7335,43.2649],[-110.75,43.2546],[-110.91,43.2216],[-110.9471,43.2066],[-110.9583,43.1921],[-110.9501,43.1775],[-110.9106,43.1629],[-110.9099,43.1483],[-110.9205,43.1337],[-110.9063,43.0899],[-110.9106,43.0753],[-110.93,43.0639],[-110.97,43.1073],[-111.01,43.1253],[-111.03,43.1257],[-111.065,43.1045],[-111.13,43.0262],[-111.15,43.0192],[-111.1685,43.0607],[-111.19,43.0767],[-111.23,43.0862],[-111.33,43.0527],[-111.35,43.0385],[-111.3975,42.9876],[-111.4171,42.9436],[-111.43,42.9404],[-111.51,42.948],[-111.61,42.9355],[-111.67,42.9111],[-111.7132,42.9144],[-111.7036,42.9729],[-111.67,43.0101],[-111.57,43.0651],[-111.49,43.1203],[-111.39,43.2011],[-111.35,43.2124],[-111.2702,43.2649],[-111.27,43.3103],[-111.25,43.3309],[-111.2075,43.3522],[-111.1896,43.3813],[-111.199,43.3959],[-111.23,43.4133],[-111.2594,43.454],[-111.3291,43.512],[-111.3358,43.5265],[-111.29,43.5605],[-111.2711,43.5845],[-111.27,43.6014],[-111.35,43.6058],[-111.39,43.5958],[-111.43,43.5954],[-111.45,43.6039],[-111.49,43.6387],[-111.55,43.6458],[-111.5652,43.6569],[-111.5543,43.6714],[-111.47,43.7083],[-111.4157,43.7581],[-111.39,43.7734],[-111.37,43.7762],[-111.3522,43.7581],[-111.3297,43.7148],[-111.2761,43.6714],[-111.2601,43.6135],[-111.17,43.5846],[-111.15,43.5814],[-111.11,43.5878],[-111.0625,43.6135],[-111.0431,43.6424],[-111.0414,43.6569],[-111.0497,43.6714],[-111.07,43.683],[-111.13,43.6903],[-111.1554,43.7003],[-111.1683,43.7148],[-111.1643,43.7292],[-111.1495,43.7437],[-111.11,43.7602],[-111.01,43.7721],[-110.9372,43.8303],[-110.8965,43.888],[-110.85,43.9114],[-110.83,43.9147],[-110.7991,43.9024],[-110.8003,43.8736],[-110.7447,43.8159],[-110.7421,43.787],[-110.7662,43.7292],[-110.7614,43.7003],[-110.73,43.67],[-110.69,43.6698],[-110.61,43.6949],[-110.53,43.7503],[-110.35,43.8148],[-110.3306,43.8303],[-110.3088,43.8736],[-110.25,43.8977],[-110.2074,43.9312],[-110.1165,43.9744]],[[-110.09,43.9784],[-110.1747,43.9456],[-110.25,43.8929],[-110.2958,43.8736],[-110.3239,43.8303],[-110.35,43.8108],[-110.53,43.7465],[-110.61,43.6884],[-110.69,43.6647],[-110.73,43.6644],[-110.75,43.677],[-110.7649,43.7003],[-110.769,43.7292],[-110.7448,43.787],[-110.7473,43.8159],[-110.77,43.8452],[-110.8067,43.8736],[-110.8134,43.9024],[-110.83,43.9078],[-110.85,43.9055],[-110.89,43.8856],[-110.9322,43.8303],[-111.01,43.7672],[-111.11,43.7575],[-111.1442,43.7437],[-111.1601,43.7292],[-111.1636,43.7148],[-111.1501,43.7003],[-111.13,43.693],[-111.07,43.6865],[-111.05,43.6764],[-111.0361,43.6569],[-111.0377,43.6424],[-111.07,43.6026],[-111.13,43.5794],[-111.17,43.5814],[-111.23,43.5995],[-111.25,43.5932],[-111.29,43.5494],[-111.3217,43.5265],[-111.3185,43.512],[-111.2541,43.454],[-111.23,43.419],[-111.1926,43.3959],[-111.1856,43.3813],[-111.2027,43.3522],[-111.25,43.3263],[-111.2647,43.3086],[-111.2555,43.2649],[-111.31,43.2381],[-111.3297,43.2212],[-111.3268,43.2066],[-111.3023,43.1921],[-111.2978,43.1775],[-111.31,43.1671],[-111.33,43.1679],[-111.37,43.201],[-111.39,43.196],[-111.57,43.0615],[-111.65,43.0213],[-111.67,43.0053],[-111.6976,42.9729],[-111.7009,42.929],[-111.69,42.9208],[-111.67,42.9191],[-111.61,42.9398],[-111.55,42.9476],[-111.49,42.9521],[-111.43,42.9479],[-111.4165,42.9583],[-111.3912,43.0022],[-111.33,43.0568],[-111.23,43.0907],[-111.19,43.082],[-111.15,43.0482],[-111.13,43.041],[-111.0553,43.1191],[-111.03,43.1303],[-110.9759,43.1191],[-110.93,43.0759],[-110.9175,43.0899],[-110.9336,43.1191],[-110.9295,43.1483],[-110.9363,43.1629],[-110.9587,43.1775],[-110.9642,43.1921],[-110.9528,43.2066],[-110.91,43.2237],[-110.7433,43.2649],[-110.7387,43.2795],[-110.75,43.2924],[-110.7853,43.3086],[-110.7799,43.3232],[-110.67,43.3567],[-110.535,43.3813],[-110.5091,43.3959],[-110.49,43.4395],[-110.51,43.4535],[-110.57,43.458],[-110.71,43.4473],[-110.7359,43.454],[-110.7512,43.4685],[-110.7313,43.483],[-110.69,43.4884],[-110.65,43.5149],[-110.61,43.5307],[-110.53,43.5346],[-110.5067,43.541],[-110.4902,43.5555],[-110.4866,43.57],[-110.4872,43.628],[-110.4786,43.6424],[-110.45,43.6625],[-110.41,43.669],[-110.29,43.6379],[-110.21,43.6362],[-110.09,43.6817],[-110.01,43.738],[-109.93,43.7637],[-109.85,43.7808],[-109.8143,43.8014],[-109.7983,43.8303],[-109.8062,43.888],[-109.85,43.9615],[-109.87,43.9693],[-110.01,43.9827],[-110.09,43.9784]],[[-111.33,43.1956],[-111.3325,43.1775],[-111.31,43.1762],[-111.31,43.1828],[-111.33,43.1956]],[[-111.39,43.7657],[-111.41,43.754],[-111.45,43.7118],[-111.5342,43.6714],[-111.5376,43.6569],[-111.49,43.6466],[-111.4568,43.6135],[-111.43,43.5982],[-111.41,43.5969],[-111.35,43.6118],[-111.3091,43.6135],[-111.2858,43.628],[-111.2829,43.6569],[-111.2899,43.6714],[-111.3435,43.7148],[-111.37,43.7677],[-111.39,43.7657]]]}},{"type":"Feature","properties":{"c":"#00fb90","v0":0.04,"v1":0.05},"geometry":{"type":"Polygon","coordinates":[[[-104.7516,43.9744],[-104.71,43.9781],[-104.53,43.959],[-104.4038,43.9312],[-104.4006,43.9168],[-104.47,43.9],[-104.57,43.9203],[-104.65,43.9202],[-104.71,43.9299],[-104.73,43.9364],[-104.7619,43.96],[-104.7516,43.9744]],[[-104.73,43.9762],[-104.7556,43.96],[-104.7403,43.9456],[-104.71,43.9329],[-104.65,43.923],[-104.57,43.9227],[-104.47,43.9021],[-104.4121,43.9168],[-104.4152,43.9312],[-104.51,43.953],[-104.61,43.9675],[-104.67,43.9675],[-104.73,43.9762]]]}},{"type":"Feature","properties":{"c":"#00fb90","v0":0.04,"v1":0.05},"geometry":{"type":"Polygon","coordinates":[[[-80.6721,43.96],[-80.67,43.9712],[-80.6605,43.96],[-80.59,43.9391],[-80.5482,43.9168],[-80.5237,43.888],[-80.53,43.8585],[-80.55,43.8548],[-80.59,43.8609],[-80.63,43.8784],[-80.6511,43.9024],[-80.6721,43.96]],[[-80.65,43.9525],[-80.659,43.9456],[-80.6554,43.9168],[-80.63,43.8809],[-80.61,43.8688],[-80.57,43.8587],[-80.55,43.8569],[-80.53,43.8636],[-80.5263,43.888],[-80.551,43.9168],[-80.59,43.9375],[-80.65,43.9525]]]}},{"type":"Feature","properties":{"c":"#00fb90","v0":0.04,"v1":0.05},"geometry":{"type":"Polygon","coordinates":[[[-104.2931,43.9456],[-104.25,43.9416],[-104.13,43.8938],[-104.0227,43.8736],[-103.9261,43.8303],[-103.87,43.8139],[-103.55,43.766],[-103.5268,43.7581],[-103.49,43.729],[-103.4189,43.7003],[-103.35,43.6635],[-103.17,43.6392],[-103.09,43.5942],[-102.93,43.5593],[-102.85,43.5653],[-102.75,43.5485],[-102.671,43.4975],[-102.39,43.3705],[-102.27,43.2996],[-102.1831,43.2649],[-102.1278,43.2358],[-102.1092,43.1775],[-102.07,43.1493],[-101.99,43.1128],[-101.83,43.0538],[-101.6501,43.0022],[-101.71,42.9816],[-101.7838,42.9436],[-101.81,42.9418],[-102.01,42.9908],[-102.13,43.0103],[-102.23,43.0484],[-102.33,43.0631],[-102.47,43.1009],[-102.55,43.1436],[-102.6855,43.1921],[-102.77,43.2361],[-102.9704,43.3086],[-103.0714,43.3377],[-103.17,43.3906],[-103.2713,43.4104],[-103.3108,43.4395],[-103.3157,43.454],[-103.31,43.4577],[-103.21,43.4357],[-103.17,43.415],[-103.15,43.4122],[-103.09,43.4182],[-103.0716,43.4249],[-103.15,43.4524],[-103.21,43.4603],[-103.2305,43.483],[-103.29,43.5125],[-103.3198,43.541],[-103.3489,43.5555],[-103.47,43.5814],[-103.55,43.5912],[-103.63,43.5917],[-103.73,43.613],[-103.97,43.6782],[-104.13,43.7508],[-104.19,43.7686],[-104.25,43.8014],[-104.2573,43.8159],[-104.219,43.8447],[-104.2421,43.8736],[-104.3378,43.9168],[-104.3354,43.9312],[-104.2931,43.9456]],[[-103.29,43.4445],[-103.2962,43.4395],[-103.2849,43.4249],[-103.2584,43.4104],[-103.21,43.406],[-103.1805,43.4104],[-103.23,43.4324],[-103.29,43.4445]],[[-104.31,43.9391],[-104.3278,43.9312],[-104.3298,43.9168],[-104.2343,43.8736],[-104.21,43.8536],[-104.15,43.856],[-104.1048,43.8447],[-104.0945,43.8303],[-104.11,43.8213],[-104.13,43.8194],[-104.21,43.8311],[-104.2445,43.8159],[-104.24,43.8014],[-104.19,43.771],[-104.11,43.7446],[-103.97,43.6797],[-103.73,43.6153],[-103.63,43.594],[-103.55,43.5929],[-103.47,43.5831],[-103.344,43.5555],[-103.3156,43.541],[-103.29,43.518],[-103.2411,43.4975],[-103.2052,43.4685],[-103.0892,43.4395],[-103.0601,43.4249],[-103.0844,43.4104],[-103.15,43.4047],[-103.1736,43.3959],[-103.09,43.349],[-102.77,43.2386],[-102.6806,43.1921],[-102.55,43.1457],[-102.47,43.1031],[-102.33,43.0656],[-102.23,43.0517],[-102.13,43.0127],[-102.01,42.9936],[-101.81,42.9482],[-101.79,42.9502],[-101.6824,43.0022],[-101.83,43.0498],[-101.99,43.1103],[-102.09,43.1564],[-102.1131,43.1775],[-102.1382,43.2358],[-102.162,43.2504],[-102.29,43.3066],[-102.39,43.3689],[-102.6769,43.4975],[-102.75,43.5468],[-102.79,43.5574],[-102.85,43.5637],[-102.93,43.5569],[-103.09,43.5909],[-103.17,43.6345],[-103.35,43.6609],[-103.4256,43.7003],[-103.49,43.7256],[-103.53,43.7556],[-103.55,43.7631],[-103.87,43.8118],[-103.9338,43.8303],[-104.0315,43.8736],[-104.15,43.8951],[-104.25,43.9396],[-104.29,43.9442],[-104.31,43.9391]],[[-104.17,43.8488],[-104.1872,43.8447],[-104.1761,43.8303],[-104.13,43.823],[-104.1024,43.8303],[-104.1141,43.8447],[-104.13,43.8497],[-104.17,43.8488]]]}},{"type":"Feature","properties":{"c":"#00fb90","v0":0.04,"v1":0.05},"geometry":{"type":"Polygon","coordinates":[[[-88.6991,43.9168],[-88.69,43.9229],[-88.65,43.9032],[-88.59,43.8556],[-88.5719,43.8303],[-88.5711,43.8159],[-88.59,43.8017],[-88.61,43.8016],[-88.6587,43.8159],[-88.704,43.8447],[-88.7125,43.8736],[-88.6991,43.9168]],[[-88.69,43.9139],[-88.7092,43.8736],[-88.7006,43.8447],[-88.6845,43.8303],[-88.65,43.8145],[-88.61,43.8038],[-88.59,43.8049],[-88.5753,43.8159],[-88.575,43.8303],[-88.59,43.8526],[-88.65,43.9],[-88.69,43.9139]]]}},{"type":"Feature","properties":{"c":"#00fb90","v0":0.04,"v1":0.05},"geometry":{"type":"Polygon","coordinates":[[[-62.1697,43.9168],[-62.13,43.9253],[-62.11,43.9225],[-62.0974,43.9024],[-62.1025,43.8736],[-62.1362,43.787],[-62.1609,43.6858],[-62.1957,43.6135],[-62.21,43.5647],[-62.25,43.4986],[-62.27,43.4902],[-62.29,43.4919],[-62.35,43.5164],[-62.3585,43.5265],[-62.3546,43.541],[-62.3185,43.599],[-62.3093,43.7003],[-62.19,43.9004],[-62.1697,43.9168]],[[-62.15,43.92],[-62.17,43.9126],[-62.19,43.8947],[-62.2666,43.7726],[-62.3059,43.6858],[-62.3141,43.599],[-62.3511,43.5265],[-62.3316,43.512],[-62.29,43.4964],[-62.27,43.4951],[-62.25,43.5054],[-62.23,43.5317],[-62.1637,43.6858],[-62.1406,43.787],[-62.11,43.8607],[-62.102,43.9024],[-62.11,43.9185],[-62.15,43.92]]]}},{"type":"Feature","properties":{"c":"#00fb90","v0":0.04,"v1":0.05},"geometry":{"type":"Polygon","coordinates":[[[-89.0948,43.9024],[-89.05,43.9098],[-89.01,43.9085],[-88.95,43.8819],[-88.9053,43.8303],[-88.8013,43.6714],[-88.7897,43.5845],[-88.7398,43.4975],[-88.7473,43.4685],[-88.7687,43.4395],[-88.7675,43.4249],[-88.7298,43.3668],[-88.721,43.3377],[-88.7251,43.3232],[-88.7503,43.294],[-88.7463,43.2795],[-88.71,43.2492],[-88.6977,43.2212],[-88.694,43.1337],[-88.6755,43.0314],[-88.69,43.0028],[-88.71,42.9938],[-88.73,42.9899],[-88.77,42.993],[-88.7924,43.0022],[-88.8513,43.0461],[-88.8721,43.0753],[-88.9029,43.1629],[-88.9757,43.2212],[-88.977,43.2358],[-88.9592,43.2504],[-88.83,43.2753],[-88.8183,43.2795],[-88.8094,43.294],[-88.83,43.3132],[-88.8933,43.3377],[-88.93,43.3625],[-88.99,43.3633],[-89.061,43.3959],[-89.0785,43.4104],[-89.0989,43.454],[-89.148,43.4975],[-89.1439,43.512],[-89.1178,43.5265],[-89.09,43.5325],[-89.05,43.5282],[-89.0103,43.512],[-88.9774,43.483],[-88.96,43.4104],[-88.93,43.3702],[-88.91,43.3719],[-88.87,43.3926],[-88.8444,43.4249],[-88.8524,43.454],[-88.9078,43.512],[-88.9076,43.5265],[-88.8889,43.5555],[-88.8959,43.57],[-89.0671,43.6714],[-89.095,43.7148],[-89.1504,43.7726],[-89.1611,43.8014],[-89.1547,43.8592],[-89.1253,43.888],[-89.0948,43.9024]],[[-89.07,43.9055],[-89.1203,43.888],[-89.15,43.8604],[-89.1579,43.8159],[-89.1539,43.787],[-89.0631,43.6714],[-88.8916,43.57],[-88.8847,43.5555],[-88.9028,43.5265],[-88.9033,43.512],[-88.8491,43.454],[-88.8408,43.4249],[-88.87,43.3893],[-88.9124,43.3668],[-88.9099,43.3522],[-88.83,43.3163],[-88.8007,43.294],[-88.811,43.2795],[-88.83,43.2726],[-88.9516,43.2504],[-88.9731,43.2358],[-88.9723,43.2212],[-88.8985,43.1629],[-88.8835,43.1337],[-88.876,43.0899],[-88.8485,43.0461],[-88.7883,43.0022],[-88.77,42.995],[-88.73,42.9917],[-88.69,43.0061],[-88.6808,43.0168],[-88.6788,43.0461],[-88.6976,43.1337],[-88.7047,43.2358],[-88.7531,43.2795],[-88.7593,43.294],[-88.73,43.3203],[-88.7236,43.3377],[-88.7323,43.3668],[-88.7712,43.4249],[-88.7732,43.4395],[-88.75,43.4708],[-88.7427,43.4975],[-88.7539,43.5265],[-88.7931,43.5845],[-88.8035,43.6714],[-88.908,43.8303],[-88.95,43.8796],[-89.01,43.9067],[-89.07,43.9055]],[[-89.11,43.5269],[-89.1379,43.512],[-89.1423,43.4975],[-89.0946,43.454],[-89.0736,43.4104],[-89.01,43.3726],[-88.99,43.3659],[-88.9495,43.3668],[-88.9756,43.4685],[-88.9934,43.4975],[-89.05,43.5264],[-89.09,43.5307],[-89.11,43.5269]]]}},{"type":"Feature","properties":{"c":"#00fb90","v0":0.04,"v1":0.05},"geometry":{"type":"Polygon","coordinates":[[[-82.0109,43.8014],[-81.99,43.8064],[-81.97,43.8021],[-81.9534,43.787],[-81.9546,43.7726],[-81.97,43.7586],[-82.0009,43.7726],[-82.0117,43.787],[-82.0109,43.8014]],[[-81.99,43.8031],[-82.007,43.787],[-81.99,43.7678],[-81.97,43.7634],[-81.9599,43.7726],[-81.9584,43.787],[-81.97,43.7978],[-81.99,43.8031]]]}},{"type":"Feature","properties":{"c":"#00fb90","v0":0.04,"v1":0.05},"geometry":{"type":"Polygon","coordinates":[[[-82.3726,43.7003],[-82.37,43.713],[-82.31,43.6954],[-82.23,43.6163],[-82.2078,43.5845],[-82.1481,43.5265],[-82.1056,43.4395],[-82.01,43.3644],[-81.9484,43.2795],[-81.87,43.2194],[-81.7491,43.0753],[-81.69,43.0298],[-81.65,42.9809],[-81.61,42.9455],[-81.5494,42.8264],[-81.5494,42.8117],[-81.5744,42.7677],[-81.5693,42.6795],[-81.59,42.6431],[-81.61,42.6571],[-81.6931,42.7677],[-81.8072,42.8557],[-81.87,42.8821],[-81.97,42.9673],[-81.99,42.9677],[-82.01,42.9454],[-82.0086,42.9144],[-81.9689,42.8117],[-81.9332,42.6648],[-81.9248,42.6501],[-81.87,42.6017],[-81.8537,42.5765],[-81.869,42.4881],[-81.8487,42.4291],[-81.87,42.4194],[-81.89,42.4352],[-81.9428,42.5323],[-81.9385,42.5912],[-81.9552,42.6354],[-82.01,42.6838],[-82.0851,42.7677],[-82.1512,42.8851],[-82.2481,43.0168],[-82.29,43.1027],[-82.2792,43.1775],[-82.2559,43.2358],[-82.2573,43.3086],[-82.25,43.3134],[-82.132,43.2358],[-82.104,43.1337],[-82.05,43.0708],[-82.01,42.9967],[-81.99,42.9844],[-81.97,42.9899],[-81.9514,43.0168],[-81.9574,43.0461],[-82.07,43.1955],[-82.09,43.2173],[-82.1221,43.2358],[-82.1537,43.3377],[-82.2248,43.4395],[-82.2899,43.4975],[-82.3295,43.5555],[-82.345,43.599],[-82.3382,43.6424],[-82.3726,43.7003]],[[-82.35,43.7031],[-82.3588,43.7003],[-82.3546,43.6858],[-82.33,43.6417],[-82.31,43.6233],[-82.2811,43.6135],[-82.2743,43.599],[-82.29,43.5874],[-82.33,43.6045],[-82.3342,43.5845],[-82.3249,43.5555],[-82.2864,43.4975],[-82.2339,43.454],[-82.1984,43.4104],[-82.1497,43.3377],[-82.1168,43.2504],[-82.07,43.2029],[-81.9516,43.0461],[-81.9444,43.0168],[-81.9658,42.9729],[-81.8702,42.8851],[-81.7972,42.8557],[-81.7038,42.7824],[-81.6741,42.753],[-81.61,42.6671],[-81.59,42.6612],[-81.5773,42.6942],[-81.5811,42.7677],[-81.5572,42.8117],[-81.5565,42.8264],[-81.61,42.938],[-81.65,42.9742],[-81.69,43.0241],[-81.7554,43.0753],[-81.87,43.211],[-81.95,43.2711],[-82.01,43.3588],[-82.07,43.4089],[-82.11,43.4327],[-82.1388,43.483],[-82.15,43.5192],[-82.2165,43.5845],[-82.23,43.6093],[-82.2542,43.628],[-82.29,43.6744],[-82.3271,43.7003],[-82.35,43.7031]],[[-82.23,43.2877],[-82.2428,43.2795],[-82.2835,43.1191],[-82.2755,43.0753],[-82.23,42.9931],[-82.1482,42.8851],[-82.0823,42.7677],[-82.01,42.688],[-81.957,42.6501],[-81.9458,42.6354],[-81.9331,42.5912],[-81.9382,42.5323],[-81.89,42.4454],[-81.87,42.4307],[-81.8636,42.4438],[-81.8783,42.4881],[-81.861,42.5765],[-81.87,42.5932],[-81.9214,42.6354],[-81.9403,42.6648],[-81.97,42.8017],[-82.0183,42.929],[-82.0182,42.9436],[-82.0023,42.9729],[-82.03,43.0109],[-82.05,43.0622],[-82.1092,43.1337],[-82.1439,43.2358],[-82.23,43.2877]]]}},{"type":"Feature","properties":{"c":"#00fb90","v0":0.04,"v1":0.05},"geometry":{"type":"Polygon","coordinates":[[[-81.8987,43.6858],[-81.89,43.6907],[-81.87,43.6817],[-81.83,43.6538],[-81.7819,43.599],[-81.7827,43.5845],[-81.83,43.5841],[-81.8604,43.599],[-81.8979,43.6714],[-81.8987,43.6858]],[[-81.89,43.678],[-81.87,43.6245],[-81.85,43.6001],[-81.81,43.5908],[-81.7935,43.599],[-81.8092,43.628],[-81.83,43.6481],[-81.87,43.6759],[-81.89,43.678]]]}},{"type":"Feature","properties":{"c":"#00fb90","v0":0.04,"v1":0.05},"geometry":{"type":"Polygon","coordinates":[[[-112.2821,43.6714],[-112.25,43.6783],[-112.23,43.6763],[-112.2158,43.6714],[-112.2077,43.6569],[-112.243,43.6135],[-112.2703,43.5555],[-112.2922,43.541],[-112.37,43.5263],[-112.43,43.4978],[-112.45,43.5009],[-112.4661,43.5265],[-112.4619,43.5555],[-112.3172,43.6569],[-112.2821,43.6714]],[[-112.27,43.6714],[-112.3101,43.6569],[-112.39,43.5952],[-112.4561,43.5555],[-112.462,43.5265],[-112.45,43.5052],[-112.43,43.501],[-112.37,43.5299],[-112.3035,43.541],[-112.2762,43.5555],[-112.2569,43.599],[-112.2157,43.6569],[-112.23,43.6721],[-112.27,43.6714]]]}},{"type":"Feature","properties":{"c":"#00fb90","v0":0.04,"v1":0.05},"geometry":{"type":"Polygon","coordinates":[[[-112.6937,43.6424],[-112.67,43.6553],[-112.65,43.6547],[-112.6478,43.6424],[-112.67,43.6352],[-112.6937,43.6424]]]}},{"type":"Feature","properties":{"c":"#00fb90","v0":0.04,"v1":0.05},"geometry":{"type":"Polygon","coordinates":[[[-112.047,43.6424],[-112.01,43.6495],[-111.9043,43.6424],[-111.916,43.6135],[-111.9429,43.5845],[-111.99,43.558],[-112.03,43.5503],[-112.093,43.57],[-112.0965,43.5845],[-112.0808,43.6135],[-112.047,43.6424]],[[-112.03,43.6441],[-112.07,43.6187],[-112.0869,43.5845],[-112.0776,43.57],[-112.03,43.5553],[-111.99,43.563],[-111.9528,43.5845],[-111.93,43.6032],[-111.9164,43.628],[-111.93,43.643],[-112.03,43.6441]]]}},{"type":"Feature","properties":{"c":"#00fb90","v0":0.04,"v1":0.05},"geometry":{"type":"Polygon","coordinates":[[[-111.6687,43.599],[-111.63,43.6091],[-111.61,43.6056],[-111.59,43.5906],[-111.5697,43.5555],[-111.5725,43.541],[-111.59,43.522],[-111.61,43.5101],[-111.69,43.4867],[-111.75,43.4865],[-111.7893,43.4395],[-111.81,43.4282],[-111.85,43.4281],[-111.8693,43.4395],[-111.8815,43.454],[-111.8872,43.483],[-111.8772,43.512],[-111.8634,43.5265],[-111.81,43.5535],[-111.73,43.5642],[-111.6687,43.599]],[[-111.65,43.6006],[-111.73,43.5598],[-111.81,43.5516],[-111.8614,43.5265],[-111.8757,43.512],[-111.8861,43.483],[-111.8802,43.454],[-111.8673,43.4395],[-111.85,43.4292],[-111.81,43.4295],[-111.7763,43.454],[-111.75,43.4922],[-111.67,43.4964],[-111.6185,43.512],[-111.5916,43.5265],[-111.5774,43.5555],[-111.59,43.5781],[-111.61,43.595],[-111.65,43.6006]]]}},{"type":"Feature","properties":{"c":"#00fb90","v0":0.04,"v1":0.05},"geometry":{"type":"Polygon","coordinates":[[[-112.1706,43.5555],[-112.1428,43.5555],[-112.17,43.5346],[-112.1817,43.541],[-112.1706,43.5555]]]}},{"type":"Feature","properties":{"c":"#00fb90","v0":0.04,"v1":0.05},"geometry":{"type":"Polygon","coordinates":[[[-87.7163,43.4975],[-87.693,43.4975],[-87.6558,43.483],[-87.67,43.4754],[-87.71,43.4822],[-87.7163,43.4975]]]}},{"type":"Feature","properties":{"c":"#00fb90","v0":0.04,"v1":0.05},"geometry":{"type":"Polygon","coordinates":[[[-109.8207,43.3813],[-109.79,43.3883],[-109.7705,43.3813],[-109.7662,43.3668],[-109.79,43.3604],[-109.81,43.365],[-109.8207,43.3813]]]}},{"type":"Feature","properties":{"c":"#00fb90","v0":0.04,"v1":0.05},"geometry":{"type":"Polygon","coordinates":[[[-102.6418,43.3377],[-102.63,43.3511],[-102.57,43.3422],[-102.53,43.3288],[-102.4265,43.2795],[-102.401,43.2504],[-102.4017,43.2358],[-102.4244,43.2212],[-102.47,43.2193],[-102.5546,43.2504],[-102.5995,43.2795],[-102.6418,43.3377]],[[-102.63,43.3399],[-102.6275,43.3232],[-102.6064,43.294],[-102.55,43.2538],[-102.47,43.2222],[-102.43,43.2244],[-102.4114,43.2358],[-102.4152,43.2649],[-102.4598,43.294],[-102.5613,43.3377],[-102.61,43.3448],[-102.63,43.3399]]]}},{"type":"Feature","properties":{"c":"#00fb90","v0":0.04,"v1":0.05},"geometry":{"type":"Polygon","coordinates":[[[-81.5695,43.3377],[-81.55,43.3489],[-81.5443,43.3232],[-81.55,43.3085],[-81.57,43.3196],[-81.5695,43.3377]]]}},{"type":"Feature","properties":{"c":"#00fb90","v0":0.04,"v1":0.05},"geometry":{"type":"Polygon","coordinates":[[[-109.7158,43.294],[-109.69,43.2977],[-109.57,43.2758],[-109.51,43.2773],[-109.4884,43.2649],[-109.484,43.2504],[-109.4925,43.2212],[-109.5406,43.1483],[-109.5465,43.0753],[-109.5566,43.0461],[-109.5751,43.0314],[-109.6141,43.0168],[-109.69,42.9971],[-109.73,43.0067],[-109.7703,43.0314],[-109.7961,43.0607],[-109.8331,43.1337],[-109.8261,43.1629],[-109.7636,43.2212],[-109.75,43.2689],[-109.7158,43.294]],[[-109.73,43.2823],[-109.7461,43.2649],[-109.757,43.2212],[-109.8205,43.1629],[-109.8292,43.1337],[-109.81,43.0892],[-109.77,43.0351],[-109.71,43.0028],[-109.67,43.0017],[-109.5843,43.0314],[-109.5624,43.0461],[-109.55,43.0731],[-109.5429,43.1483],[-109.498,43.2212],[-109.4905,43.2504],[-109.5001,43.2649],[-109.53,43.2734],[-109.59,43.2743],[-109.69,43.2934],[-109.73,43.2823]]]}},{"type":"Feature","properties":{"c":"#00fb90","v0":0.04,"v1":0.05},"geometry":{"type":"Polygon","coordinates":[[[-87.0217,43.0899],[-86.99,43.0948],[-86.9664,43.0899],[-86.9514,43.0753],[-86.9546,43.0607],[-86.97,43.0444],[-86.99,43.0358],[-87.0197,43.0461],[-87.0329,43.0607],[-87.0348,43.0753],[-87.0217,43.0899]],[[-86.99,43.0899],[-87.01,43.0882],[-87.0271,43.0753],[-87.025,43.0607],[-87.01,43.0465],[-86.99,43.0439],[-86.9642,43.0607],[-86.9617,43.0753],[-86.99,43.0899]]]}},{"type":"Feature","properties":{"c":"#00fb90","v0":0.04,"v1":0.05},"geometry":{"type":"Polygon","coordinates":[[[-111.2135,42.9436],[-111.19,42.9528],[-111.17,42.9487],[-111.1658,42.929],[-111.19,42.9208],[-111.21,42.9231],[-111.2225,42.929],[-111.2135,42.9436]]]}},{"type":"Feature","properties":{"c":"#00fb90","v0":0.04,"v1":0.05},"geometry":{"type":"Polygon","coordinates":[[[-88.8331,42.8557],[-88.81,42.8648],[-88.77,42.8582],[-88.7455,42.8411],[-88.7359,42.8264],[-88.7374,42.8117],[-88.77,42.8002],[-88.81,42.808],[-88.8346,42.8264],[-88.8391,42.8411],[-88.8331,42.8557]],[[-88.81,42.8626],[-88.83,42.8553],[-88.8362,42.8411],[-88.83,42.8245],[-88.79,42.8043],[-88.75,42.8066],[-88.7395,42.8264],[-88.7488,42.8411],[-88.77,42.8561],[-88.81,42.8626]]]}},{"type":"Feature","properties":{"c":"#00fb90","v0":0.04,"v1":0.05},"geometry":{"type":"Polygon","coordinates":[[[-86.0956,42.6648],[-86.07,42.6653],[-86.0286,42.6501],[-85.9051,42.5471],[-85.818,42.5028],[-85.7357,42.4291],[-85.716,42.3995],[-85.7129,42.3552],[-85.7179,42.3404],[-85.75,42.3081],[-85.79,42.2985],[-85.83,42.3066],[-85.87,42.3239],[-85.9131,42.3552],[-86.0206,42.4586],[-86.1552,42.606],[-86.156,42.6354],[-86.13,42.6548],[-86.0956,42.6648]],[[-86.11,42.6586],[-86.1481,42.6354],[-86.1516,42.606],[-86.0181,42.4586],[-85.9104,42.3552],[-85.87,42.326],[-85.81,42.3039],[-85.79,42.3018],[-85.7562,42.3108],[-85.7281,42.3404],[-85.7201,42.37],[-85.7366,42.4143],[-85.7629,42.4438],[-85.83,42.5045],[-85.91,42.5447],[-86.03,42.6456],[-86.07,42.6615],[-86.11,42.6586]]]}},{"type":"Feature","properties":{"c":"#00fb90","v0":0.04,"v1":0.05},"geometry":{"type":"Polygon","coordinates":[[[-88.703,42.6354],[-88.67,42.6413],[-88.65,42.6372],[-88.6342,42.6207],[-88.6192,42.5765],[-88.59,42.5289],[-88.5799,42.4733],[-88.5971,42.37],[-88.61,42.3404],[-88.6494,42.296],[-88.69,42.2759],[-88.71,42.2776],[-88.73,42.2889],[-88.83,42.3925],[-88.8973,42.4438],[-88.9118,42.4733],[-88.897,42.4881],[-88.8433,42.5176],[-88.8186,42.5765],[-88.703,42.6354]],[[-88.69,42.6366],[-88.8132,42.5765],[-88.8381,42.5176],[-88.9066,42.4733],[-88.893,42.4438],[-88.83,42.3965],[-88.73,42.2919],[-88.71,42.2798],[-88.69,42.2782],[-88.65,42.2992],[-88.61,42.3465],[-88.5824,42.4733],[-88.59,42.5202],[-88.6238,42.5765],[-88.6398,42.6207],[-88.6568,42.6354],[-88.69,42.6366]]]}},{"type":"Feature","properties":{"c":"#00fb90","v0":0.04,"v1":0.05},"geometry":{"type":"Polygon","coordinates":[[[-91.4571,42.6207],[-91.41,42.614],[-91.21,42.5372],[-91.13,42.5368],[-91.0033,42.5028],[-91.0027,42.4881],[-91.05,42.4579],[-91.0561,42.4438],[-91.0472,42.4291],[-90.91,42.3747],[-90.8716,42.3404],[-90.8677,42.3256],[-90.91,42.3214],[-91.01,42.3467],[-91.11,42.3545],[-91.17,42.3709],[-91.29,42.4515],[-91.45,42.5253],[-91.482,42.5471],[-91.4957,42.5618],[-91.5022,42.5912],[-91.49,42.6097],[-91.4571,42.6207]],[[-91.49,42.6077],[-91.5004,42.5765],[-91.47,42.5394],[-91.2993,42.4586],[-91.1633,42.37],[-91.11,42.3565],[-91.01,42.3491],[-90.91,42.3242],[-90.8825,42.3256],[-90.878,42.3404],[-90.91,42.372],[-90.95,42.391],[-91.0288,42.4143],[-91.0545,42.4291],[-91.0633,42.4438],[-91.0592,42.4586],[-91.0138,42.4881],[-91.0187,42.5028],[-91.13,42.5348],[-91.21,42.5351],[-91.43,42.6178],[-91.47,42.6177],[-91.49,42.6077]]]}},{"type":"Feature","properties":{"c":"#00fb90","v0":0.04,"v1":0.05},"geometry":{"type":"Polygon","coordinates":[[[-81.5531,42.5912],[-81.55,42.6006],[-81.53,42.6005],[-81.5082,42.5912],[-81.4935,42.5765],[-81.4789,42.5176],[-81.49,42.4966],[-81.5135,42.5028],[-81.55,42.5434],[-81.5531,42.5912]],[[-81.53,42.5934],[-81.55,42.5791],[-81.5486,42.5471],[-81.51,42.5041],[-81.49,42.502],[-81.4836,42.5176],[-81.4936,42.5618],[-81.51,42.5849],[-81.53,42.5934]]]}},{"type":"Feature","properties":{"c":"#00fb90","v0":0.04,"v1":0.05},"geometry":{"type":"Polygon","coordinates":[[[-112.306,42.3848],[-112.29,42.3878],[-112.2794,42.37],[-112.29,42.3431],[-112.33,42.2974],[-112.37,42.2821],[-112.385,42.296],[-112.3509,42.3552],[-112.306,42.3848]],[[-112.31,42.3786],[-112.35,42.3494],[-112.3776,42.296],[-112.37,42.289],[-112.35,42.2915],[-112.33,42.3027],[-112.29,42.3512],[-112.29,42.3791],[-112.31,42.3786]]]}},{"type":"Feature","properties":{"c":"#00fb90","v0":0.04,"v1":0.05},"geometry":{"type":"Polygon","coordinates":[[[-81.4322,42.3404],[-81.43,42.3492],[-81.41,42.3507],[-81.37,42.3139],[-81.3271,42.2072],[-81.2609,42.1479],[-81.2496,42.1034],[-81.27,42.085],[-81.29,42.0863],[-81.31,42.0958],[-81.3557,42.1628],[-81.41,42.202],[-81.4257,42.222],[-81.4435,42.2812],[-81.4322,42.3404]],[[-81.41,42.3429],[-81.43,42.3315],[-81.4383,42.296],[-81.4296,42.2368],[-81.41,42.2062],[-81.3505,42.1628],[-81.3123,42.1034],[-81.29,42.092],[-81.27,42.0925],[-81.2571,42.1183],[-81.2669,42.1479],[-81.3328,42.2072],[-81.37,42.3079],[-81.41,42.3429]]]}},{"type":"Feature","properties":{"c":"#00fb90","v0":0.04,"v1":0.05},"geometry":{"type":"Polygon","coordinates":[[[-110.9073,42.3108],[-110.8563,42.3108],[-110.8438,42.296],[-110.847,42.2812],[-110.9195,42.2072],[-110.9485,42.1479],[-110.95,42.1301],[-110.93,42.1236],[-110.89,42.1248],[-110.81,42.1739],[-110.79,42.1797],[-110.7743,42.1776],[-110.782,42.1479],[-110.8203,42.0886],[-110.83,42.0469],[-110.8735,41.9995],[-110.8613,41.9697],[-110.879,41.9102],[-110.9077,41.8804],[-111.1358,41.7313],[-111.17,41.683],[-111.2793,41.5969],[-111.3058,41.552],[-111.3094,41.4621],[-111.3206,41.4321],[-111.43,41.3091],[-111.45,41.2941],[-111.49,41.2873],[-111.51,41.2975],[-111.524,41.327],[-111.4979,41.4771],[-111.513,41.537],[-111.4424,41.5969],[-111.4287,41.6716],[-111.4023,41.7164],[-111.3583,41.7612],[-111.3413,41.791],[-111.311,41.8655],[-111.3098,41.8953],[-111.2206,41.9995],[-111.1569,42.1034],[-111.0657,42.1628],[-111.0369,42.1924],[-111.01,42.2407],[-110.9401,42.296],[-110.9073,42.3108]],[[-110.93,42.2975],[-111.0092,42.2368],[-111.0424,42.1776],[-111.1505,42.1034],[-111.2153,41.9995],[-111.2904,41.9102],[-111.3024,41.8655],[-111.3448,41.7761],[-111.4141,41.6865],[-111.4258,41.6567],[-111.4286,41.6118],[-111.4418,41.5819],[-111.5039,41.537],[-111.4911,41.4771],[-111.5161,41.327],[-111.51,41.3103],[-111.49,41.2934],[-111.4552,41.297],[-111.4339,41.312],[-111.3268,41.4321],[-111.3155,41.4621],[-111.3138,41.537],[-111.306,41.5669],[-111.287,41.5969],[-111.1747,41.6865],[-111.141,41.7313],[-110.9822,41.8357],[-110.89,41.9082],[-110.893,41.9995],[-110.8843,42.0143],[-110.8479,42.044],[-110.8228,42.1034],[-110.79,42.1459],[-110.7858,42.1628],[-110.79,42.1686],[-110.81,42.1671],[-110.87,42.1238],[-110.89,42.118],[-110.97,42.1115],[-110.9697,42.1331],[-110.9146,42.222],[-110.8567,42.2812],[-110.8537,42.296],[-110.87,42.306],[-110.89,42.3071],[-110.93,42.2975]]]}},{"type":"Feature","properties":{"c":"#00fb90","v0":0.04,"v1":0.05},"geometry":{"type":"Polygon","coordinates":[[[-90.7835,42.2812],[-90.77,42.2957],[-90.75,42.2948],[-90.63,42.2576],[-90.47,42.2463],[-90.45,42.2415],[-90.3926,42.2072],[-90.37,42.2005],[-90.19,42.1712],[-90.07,42.135],[-89.93,42.1176],[-89.8763,42.0886],[-89.8669,42.0737],[-89.8719,42.0589],[-89.93,42.0314],[-90.01,42.0208],[-90.03,42.0074],[-90.0285,41.9846],[-90.0009,41.94],[-89.9991,41.9102],[-90.01,41.8926],[-90.09,41.916],[-90.1734,41.9251],[-90.25,41.965],[-90.3427,41.9995],[-90.3778,42.044],[-90.3983,42.0589],[-90.47,42.0866],[-90.5472,42.1331],[-90.6898,42.1924],[-90.7512,42.2368],[-90.7835,42.2812]],[[-90.77,42.2908],[-90.7789,42.2812],[-90.7628,42.2516],[-90.69,42.1947],[-90.5441,42.1331],[-90.45,42.0791],[-90.3931,42.0589],[-90.3371,41.9995],[-90.25,41.9673],[-90.17,41.9268],[-90.09,41.918],[-90.03,41.8989],[-90.01,41.8986],[-90.0037,41.94],[-90.0331,41.9846],[-90.039,41.9995],[-90.0346,42.0143],[-90.01,42.0264],[-89.93,42.0349],[-89.8783,42.0589],[-89.8719,42.0737],[-89.8816,42.0886],[-89.93,42.1142],[-90.07,42.1326],[-90.19,42.1695],[-90.37,42.1988],[-90.47,42.244],[-90.63,42.2558],[-90.73,42.2884],[-90.77,42.2908]]]}},{"type":"Feature","properties":{"c":"#00fb90","v0":0.04,"v1":0.05},"geometry":{"type":"Polygon","coordinates":[[[-96.6081,42.2664],[-96.59,42.2743],[-96.55,42.2772],[-96.4934,42.2516],[-96.4711,42.222],[-96.4748,42.1776],[-96.49,42.1572],[-96.5229,42.1331],[-96.69,42.0708],[-96.73,42.0684],[-96.83,42.101],[-96.9049,42.1331],[-96.9363,42.1628],[-96.9342,42.1776],[-96.91,42.1917],[-96.83,42.2005],[-96.77,42.2264],[-96.73,42.2228],[-96.67,42.1956],[-96.63,42.19],[-96.6132,42.2072],[-96.6203,42.2516],[-96.6081,42.2664]],[[-96.59,42.2722],[-96.6175,42.2516],[-96.6092,42.2072],[-96.6148,42.1924],[-96.63,42.1871],[-96.67,42.1935],[-96.73,42.2215],[-96.77,42.2251],[-96.83,42.1988],[-96.91,42.1892],[-96.9307,42.1776],[-96.9329,42.1628],[-96.89,42.127],[-96.81,42.0953],[-96.73,42.0719],[-96.69,42.0749],[-96.65,42.0919],[-96.59,42.1069],[-96.5311,42.1331],[-96.49,42.1623],[-96.4796,42.1776],[-96.4749,42.222],[-96.4972,42.2516],[-96.55,42.2753],[-96.59,42.2722]]]}},{"type":"Feature","properties":{"c":"#00fb90","v0":0.04,"v1":0.05},"geometry":{"type":"Polygon","coordinates":[[[-96.503,42.0737],[-96.49,42.0821],[-96.45,42.0835],[-96.39,42.0629],[-96.354,42.0292],[-96.3307,41.9846],[-96.35,41.971],[-96.37,41.9713],[-96.47,41.9955],[-96.4939,41.9846],[-96.51,41.9475],[-96.53,41.944],[-96.6165,41.9548],[-96.6377,41.9697],[-96.6178,41.9995],[-96.59,42.0192],[-96.53,42.0315],[-96.503,42.0737]],[[-96.49,42.0801],[-96.5285,42.0292],[-96.59,42.0168],[-96.6127,41.9995],[-96.6266,41.9697],[-96.61,41.9577],[-96.53,41.9479],[-96.51,41.9548],[-96.49,41.9944],[-96.47,41.9982],[-96.37,41.9736],[-96.35,41.9744],[-96.3355,41.9846],[-96.3461,42.0143],[-96.386,42.0589],[-96.43,42.0786],[-96.47,42.0834],[-96.49,42.0801]]]}},{"type":"Feature","properties":{"c":"#00fb90","v0":0.04,"v1":0.05},"geometry":{"type":"Polygon","coordinates":[[[-96.7466,41.9995],[-96.73,42.0113],[-96.71,42.0076],[-96.6855,41.9846],[-96.71,41.9757],[-96.73,41.9795],[-96.7466,41.9995]],[[-96.73,42.0041],[-96.7365,41.9995],[-96.7319,41.9846],[-96.7008,41.9846],[-96.71,42.0009],[-96.73,42.0041]]]}},{"type":"Feature","properties":{"c":"#00fb90","v0":0.04,"v1":0.05},"geometry":{"type":"Polygon","coordinates":[[[-79.9568,41.9995],[-79.95,42.0072],[-79.93,41.9925],[-79.9244,41.9697],[-79.93,41.9667],[-79.95,41.9775],[-79.9568,41.9995]]]}},{"type":"Feature","properties":{"c":"#00fb90","v0":0.04,"v1":0.05},"geometry":{"type":"Polygon","coordinates":[[[-79.9007,41.9251],[-79.89,41.9365],[-79.87,41.9112],[-79.8635,41.8804],[-79.87,41.8633],[-79.8909,41.8804],[-79.9007,41.9251]],[[-79.89,41.9262],[-79.89,41.889],[-79.87,41.8785],[-79.87,41.8979],[-79.89,41.9262]]]}},{"type":"Feature","properties":{"c":"#00fb90","v0":0.04,"v1":0.05},"geometry":{"type":"Polygon","coordinates":[[[-93.1278,41.8804],[-92.99,41.8896],[-92.87,41.8609],[-92.81,41.8871],[-92.79,41.8873],[-92.7662,41.8804],[-92.6878,41.8357],[-92.6674,41.8059],[-92.6793,41.791],[-92.73,41.7843],[-92.7408,41.7761],[-92.7557,41.7164],[-92.77,41.696],[-92.79,41.6823],[-92.83,41.672],[-92.91,41.6745],[-92.99,41.7117],[-93.05,41.7541],[-93.11,41.7835],[-93.1576,41.8208],[-93.1685,41.8506],[-93.1597,41.8655],[-93.1278,41.8804]],[[-93.11,41.8825],[-93.1565,41.8655],[-93.1658,41.8506],[-93.1548,41.8208],[-93.11,41.7856],[-93.0571,41.7612],[-92.99,41.7145],[-92.91,41.6787],[-92.83,41.6762],[-92.79,41.6858],[-92.76,41.7164],[-92.7485,41.7761],[-92.73,41.79],[-92.69,41.7934],[-92.6733,41.8059],[-92.693,41.8357],[-92.77,41.8802],[-92.79,41.8854],[-92.81,41.8851],[-92.85,41.8626],[-92.87,41.8583],[-92.99,41.8881],[-93.11,41.8825]]]}},{"type":"Feature","properties":{"c":"#00fb90","v0":0.04,"v1":0.05},"geometry":{"type":"Polygon","coordinates":[[[-89.9364,41.8804],[-89.89,41.8893],[-89.85,41.8814],[-89.77,41.8423],[-89.7524,41.8208],[-89.751,41.8059],[-89.7658,41.791],[-89.79,41.7831],[-89.83,41.7812],[-89.87,41.7901],[-89.91,41.8118],[-89.9521,41.8506],[-89.9612,41.8655],[-89.9364,41.8804]],[[-89.91,41.8843],[-89.9547,41.8655],[-89.9348,41.8357],[-89.89,41.8013],[-89.85,41.7863],[-89.81,41.7826],[-89.7712,41.791],[-89.7551,41.8059],[-89.7663,41.8357],[-89.79,41.8532],[-89.87,41.8855],[-89.91,41.8843]]]}},{"type":"Feature","properties":{"c":"#00fb90","v0":0.04,"v1":0.05},"geometry":{"type":"Polygon","coordinates":[[[-85.1781,41.8655],[-85.17,41.8729],[-85.15,41.8757],[-85.1252,41.8655],[-85.101,41.8357],[-85.0989,41.8208],[-85.11,41.8034],[-85.13,41.801],[-85.1648,41.8208],[-85.1808,41.8506],[-85.1781,41.8655]],[[-85.15,41.8595],[-85.1624,41.8506],[-85.16,41.8357],[-85.15,41.8226],[-85.13,41.8156],[-85.1202,41.8208],[-85.1184,41.8357],[-85.13,41.8527],[-85.15,41.8595]]]}},{"type":"Feature","properties":{"c":"#00fb90","v0":0.04,"v1":0.05},"geometry":{"type":"Polygon","coordinates":[[[-79.8541,41.8357],[-79.85,41.8456],[-79.83,41.8341],[-79.81,41.8054],[-79.83,41.7987],[-79.85,41.8154],[-79.8541,41.8357]]]}},{"type":"Feature","properties":{"c":"#00fb90","v0":0.04,"v1":0.05},"geometry":{"type":"Polygon","coordinates":[[[-96.9542,41.7463],[-96.93,41.7342],[-96.9296,41.7164],[-96.9447,41.6865],[-96.97,41.6787],[-96.99,41.6879],[-96.9965,41.7164],[-96.9542,41.7463]],[[-96.97,41.7324],[-96.9902,41.7164],[-96.9917,41.7015],[-96.97,41.6846],[-96.95,41.6915],[-96.9393,41.7164],[-96.9395,41.7313],[-96.95,41.7395],[-96.97,41.7324]]]}},{"type":"Feature","properties":{"c":"#00fb90","v0":0.04,"v1":0.05},"geometry":{"type":"Polygon","coordinates":[[[-90.1368,41.7015],[-90.09,41.7049],[-90.01,41.6873],[-89.9962,41.6716],[-89.9877,41.6417],[-90.0061,41.5669],[-90.0245,41.552],[-90.09,41.5294],[-90.1031,41.507],[-90.1121,41.4621],[-90.13,41.4464],[-90.15,41.4467],[-90.17,41.4548],[-90.21,41.4865],[-90.2583,41.5669],[-90.2674,41.6118],[-90.2609,41.6417],[-90.25,41.6501],[-90.171,41.6716],[-90.1368,41.7015]],[[-90.11,41.7036],[-90.13,41.6999],[-90.17,41.6689],[-90.25,41.6468],[-90.2635,41.6268],[-90.2559,41.5669],[-90.2222,41.507],[-90.19,41.4698],[-90.15,41.4492],[-90.13,41.4496],[-90.1159,41.4621],[-90.1057,41.507],[-90.09,41.5334],[-90.03,41.5531],[-90.01,41.5669],[-89.9927,41.6268],[-89.9942,41.6567],[-90.01,41.6817],[-90.03,41.6901],[-90.11,41.7036]]]}},{"type":"Feature","properties":{"c":"#00fb90","v0":0.04,"v1":0.05},"geometry":{"type":"Polygon","coordinates":[[[-102.4189,41.6865],[-102.39,41.6912],[-102.35,41.6885],[-102.2758,41.6716],[-102.23,41.6451],[-102.17,41.6381],[-102.11,41.6439],[-101.99,41.62],[-101.928,41.5969],[-101.8857,41.5669],[-101.8902,41.552],[-101.95,41.5339],[-101.99,41.5322],[-102.09,41.5458],[-102.1803,41.5669],[-102.2124,41.5819],[-102.23,41.6139],[-102.25,41.6325],[-102.37,41.6364],[-102.43,41.6471],[-102.447,41.6567],[-102.4456,41.6716],[-102.4189,41.6865]],[[-102.41,41.6867],[-102.4406,41.6716],[-102.4414,41.6567],[-102.41,41.6448],[-102.35,41.6376],[-102.2381,41.6417],[-102.29,41.6737],[-102.37,41.6888],[-102.41,41.6867]],[[-102.23,41.6327],[-102.21,41.584],[-102.171,41.5669],[-102.09,41.5478],[-101.99,41.5344],[-101.9474,41.537],[-101.9143,41.552],[-101.9113,41.5669],[-101.9211,41.5819],[-101.94,41.5969],[-101.99,41.6156],[-102.11,41.6396],[-102.23,41.6327]]]}},{"type":"Feature","properties":{"c":"#00fb90","v0":0.04,"v1":0.05},"geometry":{"type":"Polygon","coordinates":[[[-91.5968,41.6865],[-91.55,41.6901],[-91.49,41.6807],[-91.43,41.6846],[-91.4077,41.6716],[-91.374,41.5969],[-91.3912,41.5819],[-91.43,41.5677],[-91.53,41.5784],[-91.59,41.5551],[-91.73,41.6095],[-91.8102,41.6268],[-91.8358,41.6417],[-91.8287,41.6567],[-91.81,41.662],[-91.71,41.6859],[-91.5968,41.6865]],[[-91.57,41.6883],[-91.61,41.6826],[-91.73,41.6812],[-91.8154,41.6567],[-91.8271,41.6417],[-91.7959,41.6268],[-91.73,41.6114],[-91.59,41.5601],[-91.53,41.5815],[-91.43,41.5719],[-91.4015,41.5819],[-91.3838,41.5969],[-91.4102,41.6716],[-91.43,41.6826],[-91.49,41.6791],[-91.57,41.6883]]]}},{"type":"Feature","properties":{"c":"#00fb90","v0":0.04,"v1":0.05},"geometry":{"type":"Polygon","coordinates":[[[-92.456,41.6567],[-92.43,41.6567],[-92.41,41.6465],[-92.3625,41.6118],[-92.3347,41.5819],[-92.3405,41.552],[-92.37,41.5323],[-92.41,41.5309],[-92.47,41.55],[-92.51,41.5561],[-92.5375,41.5669],[-92.55,41.5801],[-92.5494,41.5969],[-92.456,41.6567]],[[-92.47,41.6483],[-92.5445,41.5969],[-92.5469,41.5819],[-92.53,41.5655],[-92.41,41.5333],[-92.366,41.537],[-92.3446,41.552],[-92.3366,41.5669],[-92.3495,41.5969],[-92.39,41.6306],[-92.43,41.6536],[-92.45,41.6562],[-92.47,41.6483]]]}},{"type":"Feature","properties":{"c":"#00fb90","v0":0.04,"v1":0.05},"geometry":{"type":"Polygon","coordinates":[[[-93.4039,41.5969],[-93.35,41.607],[-93.25,41.5881],[-93.19,41.5988],[-93.01,41.6059],[-92.9607,41.5819],[-92.9115,41.537],[-92.8934,41.507],[-92.87,41.4904],[-92.85,41.4866],[-92.7919,41.507],[-92.77,41.5076],[-92.731,41.4921],[-92.65,41.4457],[-92.6164,41.4171],[-92.63,41.4063],[-92.69,41.4143],[-92.71,41.4125],[-92.7221,41.4021],[-92.6967,41.327],[-92.6477,41.2669],[-92.6521,41.2519],[-92.6992,41.2218],[-92.6958,41.2068],[-92.63,41.1845],[-92.55,41.1406],[-92.49,41.1494],[-92.47,41.145],[-92.41,41.1123],[-92.3791,41.0863],[-92.3595,41.0561],[-92.361,41.026],[-92.3783,40.9958],[-92.3745,40.9807],[-92.3472,40.9656],[-92.25,40.9382],[-92.2119,40.9202],[-92.1613,40.8749],[-92.1511,40.8295],[-92.1012,40.7992],[-91.93,40.7234],[-91.89,40.7144],[-91.87,40.7147],[-91.83,40.7678],[-91.81,40.7739],[-91.75,40.7673],[-91.69,40.7432],[-91.67,40.7294],[-91.65,40.695],[-91.638,40.6173],[-91.65,40.59],[-91.6726,40.5717],[-91.7025,40.5261],[-91.73,40.5116],[-91.81,40.5159],[-91.87,40.5023],[-91.99,40.5111],[-92.03,40.4923],[-92.05,40.4898],[-92.072,40.4957],[-92.084,40.5109],[-92.0699,40.5717],[-92.089,40.6021],[-92.13,40.6243],[-92.19,40.6314],[-92.2906,40.6021],[-92.2613,40.5717],[-92.2223,40.4805],[-92.2249,40.4196],[-92.25,40.4042],[-92.27,40.409],[-92.314,40.4501],[-92.3423,40.5261],[-92.3747,40.5717],[-92.37,40.5878],[-92.322,40.6173],[-92.39,40.7431],[-92.43,40.8009],[-92.49,40.8646],[-92.51,40.8814],[-92.59,40.9216],[-92.63,40.9244],[-92.69,40.9036],[-92.75,40.8971],[-92.7765,40.8749],[-92.7557,40.7841],[-92.7079,40.6931],[-92.7113,40.6628],[-92.73,40.6455],[-92.75,40.6408],[-92.79,40.6507],[-92.909,40.7235],[-92.9615,40.7841],[-92.9928,40.8446],[-93.03,40.8772],[-93.09,40.9121],[-93.17,40.9449],[-93.23,40.9531],[-93.2524,40.9505],[-93.29,40.9073],[-93.31,40.9054],[-93.468,40.9656],[-93.4714,40.9807],[-93.4332,41.026],[-93.33,41.0368],[-93.31,41.0508],[-93.29,41.084],[-93.19,41.0641],[-93.1725,41.0712],[-93.21,41.0998],[-93.2576,41.1616],[-93.3359,41.2068],[-93.39,41.2289],[-93.4089,41.2519],[-93.4102,41.282],[-93.4273,41.327],[-93.4179,41.3421],[-93.41,41.3454],[-93.31,41.3322],[-93.3003,41.3421],[-93.3191,41.4021],[-93.3154,41.4171],[-93.2548,41.4471],[-93.29,41.4791],[-93.35,41.4996],[-93.39,41.4996],[-93.43,41.4755],[-93.45,41.4746],[-93.4963,41.522],[-93.53,41.5453],[-93.5357,41.552],[-93.5236,41.5669],[-93.45,41.5801],[-93.4039,41.5969]],[[-93.39,41.6002],[-93.45,41.5778],[-93.51,41.5695],[-93.5317,41.552],[-93.45,41.4797],[-93.43,41.4817],[-93.39,41.5035],[-93.35,41.5027],[-93.29,41.4824],[-93.2465,41.4471],[-93.2588,41.4321],[-93.31,41.4163],[-93.3151,41.4021],[-93.2944,41.3421],[-93.3046,41.327],[-93.41,41.3423],[-93.4227,41.327],[-93.4206,41.312],[-93.3936,41.2369],[-93.33,41.2107],[-93.27,41.174],[-93.25,41.1584],[-93.21,41.1043],[-93.1648,41.0712],[-93.17,41.0554],[-93.27,41.0745],[-93.29,41.073],[-93.31,41.0419],[-93.33,41.0331],[-93.43,41.0225],[-93.4655,40.9807],[-93.461,40.9656],[-93.31,40.9084],[-93.29,40.9113],[-93.2612,40.9505],[-93.25,40.9553],[-93.17,40.9467],[-93.09,40.9138],[-93.03,40.8788],[-92.9906,40.8446],[-92.9595,40.7841],[-92.9062,40.7235],[-92.79,40.6523],[-92.75,40.6424],[-92.73,40.6474],[-92.7138,40.6628],[-92.7102,40.6931],[-92.7572,40.7841],[-92.7819,40.8749],[-92.7734,40.89],[-92.75,40.9013],[-92.69,40.9068],[-92.63,40.9277],[-92.59,40.9266],[-92.51,40.8842],[-92.43,40.8028],[-92.3855,40.7386],[-92.35,40.6642],[-92.31,40.614],[-92.25,40.6166],[-92.1973,40.6325],[-92.17,40.6338],[-92.13,40.6259],[-92.0866,40.6021],[-92.0669,40.5717],[-92.08,40.5109],[-92.0635,40.4957],[-92.03,40.4949],[-91.99,40.5136],[-91.89,40.5027],[-91.81,40.5174],[-91.73,40.5134],[-91.7052,40.5261],[-91.6762,40.5717],[-91.65,40.594],[-91.6407,40.6173],[-91.6528,40.6931],[-91.67,40.7233],[-91.69,40.7376],[-91.75,40.7651],[-91.81,40.772],[-91.83,40.7644],[-91.8531,40.7235],[-91.87,40.7106],[-91.89,40.7118],[-91.93,40.7221],[-92.1046,40.7992],[-92.1533,40.8295],[-92.1651,40.8749],[-92.2148,40.9202],[-92.25,40.9366],[-92.3523,40.9656],[-92.3799,40.9807],[-92.3833,40.9958],[-92.3643,41.026],[-92.3622,41.0561],[-92.3816,41.0863],[-92.41,41.1105],[-92.45,41.1337],[-92.49,41.1472],[-92.55,41.1368],[-92.63,41.182],[-92.69,41.1981],[-92.7031,41.2068],[-92.707,41.2218],[-92.6931,41.2369],[-92.6624,41.2519],[-92.655,41.2669],[-92.6936,41.312],[-92.7293,41.4021],[-92.71,41.4186],[-92.63,41.4128],[-92.6245,41.4171],[-92.6358,41.4321],[-92.7371,41.4921],[-92.77,41.5044],[-92.79,41.5038],[-92.85,41.4825],[-92.87,41.4864],[-92.9004,41.507],[-92.965,41.5819],[-93.01,41.6039],[-93.19,41.5968],[-93.25,41.5836],[-93.33,41.604],[-93.39,41.6002]],[[-92.35,40.5953],[-92.3646,40.5869],[-92.3711,40.5717],[-92.3396,40.5261],[-92.3117,40.4501],[-92.2827,40.4196],[-92.25,40.4069],[-92.2278,40.4196],[-92.2249,40.4805],[-92.266,40.5717],[-92.29,40.5921],[-92.31,40.5998],[-92.35,40.5953]]]}},{"type":"Feature","properties":{"c":"#00fb90","v0":0.04,"v1":0.05},"geometry":{"type":"Polygon","coordinates":[[[-102.3161,41.4621],[-102.23,41.4666],[-102.17,41.4478],[-102.1418,41.4171],[-102.1437,41.4021],[-102.157,41.3871],[-102.25,41.3493],[-102.29,41.3407],[-102.35,41.3384],[-102.41,41.3241],[-102.439,41.327],[-102.4754,41.3421],[-102.4886,41.3571],[-102.4835,41.3721],[-102.43,41.3866],[-102.37,41.4379],[-102.3161,41.4621]],[[-102.29,41.4653],[-102.35,41.4477],[-102.4254,41.3871],[-102.4784,41.3721],[-102.4847,41.3571],[-102.4718,41.3421],[-102.4318,41.327],[-102.41,41.3257],[-102.35,41.3399],[-102.27,41.3448],[-102.1599,41.3871],[-102.1458,41.4021],[-102.1437,41.4171],[-102.17,41.4464],[-102.23,41.4654],[-102.29,41.4653]]]}},{"type":"Feature","properties":{"c":"#00fb90","v0":0.04,"v1":0.05},"geometry":{"type":"Polygon","coordinates":[[[-92.3608,41.3871],[-92.35,41.3927],[-92.3246,41.3871],[-92.3153,41.3721],[-92.33,41.3496],[-92.35,41.351],[-92.3567,41.3571],[-92.3641,41.3721],[-92.3608,41.3871]],[[-92.35,41.3892],[-92.3592,41.3721],[-92.3522,41.3571],[-92.33,41.3538],[-92.3205,41.3721],[-92.33,41.3871],[-92.35,41.3892]]]}},{"type":"Feature","properties":{"c":"#00fb90","v0":0.04,"v1":0.05},"geometry":{"type":"Polygon","coordinates":[[[-92.0291,41.3871],[-91.99,41.3942],[-91.97,41.3912],[-91.8058,41.3571],[-91.67,41.314],[-91.51,41.2952],[-91.4743,41.282],[-91.4054,41.2369],[-91.41,41.2291],[-91.43,41.225],[-91.53,41.2643],[-91.55,41.2625],[-91.57,41.2477],[-91.5783,41.2218],[-91.5686,41.2068],[-91.49,41.1696],[-91.4684,41.1466],[-91.4756,41.1315],[-91.51,41.12],[-91.69,41.1604],[-91.81,41.1708],[-91.9718,41.2369],[-92.07,41.3045],[-92.0829,41.327],[-92.0798,41.3421],[-92.055,41.3721],[-92.0291,41.3871]],[[-92.01,41.3907],[-92.05,41.3732],[-92.07,41.3538],[-92.08,41.327],[-92.0743,41.312],[-91.99,41.2485],[-91.83,41.1783],[-91.69,41.1635],[-91.51,41.1241],[-91.4844,41.1315],[-91.4755,41.1466],[-91.49,41.1651],[-91.5746,41.2068],[-91.5817,41.2369],[-91.57,41.2551],[-91.55,41.2684],[-91.53,41.2709],[-91.45,41.2357],[-91.43,41.2315],[-91.4154,41.2369],[-91.49,41.2848],[-91.67,41.3121],[-91.85,41.3653],[-91.97,41.3893],[-92.01,41.3907]]]}},{"type":"Feature","properties":{"c":"#00fb90","v0":0.04,"v1":0.05},"geometry":{"type":"Polygon","coordinates":[[[-103.8395,41.3571],[-103.83,41.3683],[-103.81,41.3538],[-103.8031,41.327],[-103.81,41.3208],[-103.8308,41.327],[-103.8395,41.3571]]]}},{"type":"Feature","properties":{"c":"#00fb90","v0":0.04,"v1":0.05},"geometry":{"type":"Polygon","coordinates":[[[-93.2229,41.2519],[-93.21,41.2596],[-93.1603,41.2519],[-93.1196,41.2218],[-93.1203,41.2068],[-93.15,41.2055],[-93.19,41.2196],[-93.2149,41.2369],[-93.2229,41.2519]],[[-93.21,41.2551],[-93.2154,41.2519],[-93.2097,41.2369],[-93.1894,41.2218],[-93.15,41.2086],[-93.13,41.211],[-93.1249,41.2218],[-93.15,41.244],[-93.17,41.2535],[-93.21,41.2551]]]}},{"type":"Feature","properties":{"c":"#00fb90","v0":0.04,"v1":0.05},"geometry":{"type":"Polygon","coordinates":[[[-102.2042,41.1767],[-102.19,41.1854],[-102.13,41.1833],[-102.11,41.1719],[-102.1003,41.1466],[-102.1032,41.0863],[-102.1121,41.0712],[-102.17,41.0293],[-102.21,41.0219],[-102.23,41.0291],[-102.2451,41.0561],[-102.23,41.0969],[-102.2006,41.1315],[-102.1957,41.1466],[-102.2042,41.1767]],[[-102.19,41.18],[-102.1969,41.1315],[-102.23,41.0931],[-102.2428,41.0561],[-102.23,41.032],[-102.21,41.0239],[-102.17,41.0315],[-102.1167,41.0712],[-102.1074,41.0863],[-102.1026,41.1466],[-102.11,41.1683],[-102.13,41.1812],[-102.19,41.18]]]}},{"type":"Feature","properties":{"c":"#00fb90","v0":0.04,"v1":0.05},"geometry":{"type":"Polygon","coordinates":[[[-93.4866,41.1616],[-93.47,41.167],[-93.4456,41.1616],[-93.3553,41.1164],[-93.406,41.1164],[-93.45,41.1276],[-93.4777,41.1466],[-93.4866,41.1616]],[[-93.47,41.1628],[-93.472,41.1466],[-93.45,41.1312],[-93.41,41.1257],[-93.3931,41.1315],[-93.47,41.1628]]]}},{"type":"Feature","properties":{"c":"#00fb90","v0":0.04,"v1":0.05},"geometry":{"type":"Polygon","coordinates":[[[-77.6249,41.1616],[-77.61,41.1734],[-77.59,41.1753],[-77.53,41.1627],[-77.47,41.1698],[-77.3958,41.1466],[-77.37,41.1321],[-77.2539,41.0109],[-77.2272,40.9354],[-77.2343,40.9051],[-77.25,40.8985],[-77.27,40.9007],[-77.43,40.9705],[-77.45,40.9733],[-77.51,40.9647],[-77.55,40.9817],[-77.6227,41.041],[-77.632,41.0561],[-77.638,41.1315],[-77.6249,41.1616]],[[-77.61,41.1699],[-77.63,41.1486],[-77.6355,41.1315],[-77.6299,41.0561],[-77.61,41.032],[-77.55,40.9852],[-77.51,40.9682],[-77.45,40.9767],[-77.43,40.9735],[-77.27,40.9043],[-77.2437,40.9051],[-77.23,40.9194],[-77.2305,40.9354],[-77.256,41.0109],[-77.37,41.1287],[-77.4039,41.1466],[-77.47,41.1663],[-77.51,41.1588],[-77.59,41.1729],[-77.61,41.1699]]]}},{"type":"Feature","properties":{"c":"#00fb90","v0":0.04,"v1":0.05},"geometry":{"type":"Polygon","coordinates":[[[-111.6367,41.1466],[-111.63,41.1503],[-111.61,41.1458],[-111.6268,41.1164],[-111.65,41.1064],[-111.6632,41.1164],[-111.658,41.1315],[-111.6367,41.1466]]]}},{"type":"Feature","properties":{"c":"#00fb90","v0":0.04,"v1":0.05},"geometry":{"type":"Polygon","coordinates":[[[-104.1608,41.1315],[-104.15,41.1414],[-104.11,41.1359],[-104.03,41.1392],[-104.0142,41.1315],[-104.0249,41.1014],[-104.05,41.0673],[-104.07,41.0589],[-104.09,41.0657],[-104.11,41.0956],[-104.13,41.1064],[-104.15,41.0976],[-104.17,41.0691],[-104.19,41.0555],[-104.19,41.0749],[-104.1608,41.1315]],[[-104.07,41.134],[-104.09,41.1307],[-104.1153,41.1164],[-104.09,41.0726],[-104.07,41.0638],[-104.05,41.0719],[-104.0234,41.1164],[-104.03,41.1339],[-104.07,41.134]]]}},{"type":"Feature","properties":{"c":"#00fb90","v0":0.04,"v1":0.05},"geometry":{"type":"Polygon","coordinates":[[[-92.0582,41.1315],[-92.03,41.1264],[-91.93,41.0439],[-91.81,41.027],[-91.7271,40.9958],[-91.6811,40.9656],[-91.6566,40.9354],[-91.6479,40.89],[-91.69,40.7938],[-91.71,40.799],[-91.8252,40.9202],[-91.91,40.973],[-91.95,41.0143],[-92.0095,41.0561],[-92.0696,41.1164],[-92.0582,41.1315]],[[-92.05,41.1293],[-92.0636,41.1164],[-91.99,41.0437],[-91.95,41.0202],[-91.91,40.977],[-91.8024,40.9051],[-91.71,40.8072],[-91.69,40.8068],[-91.6617,40.8598],[-91.6508,40.9051],[-91.66,40.9354],[-91.6844,40.9656],[-91.73,40.9952],[-91.813,41.026],[-91.9316,41.041],[-91.9756,41.0712],[-92.0209,41.1164],[-92.05,41.1293]]]}},{"type":"Feature","properties":{"c":"#00fb90","v0":0.04,"v1":0.05},"geometry":{"type":"Polygon","coordinates":[[[-105.1656,41.1164],[-105.15,41.1253],[-105.11,41.131],[-105.03,41.1195],[-104.99,41.1195],[-104.97,41.1133],[-104.9567,41.1014],[-104.9547,41.0863],[-104.97,41.0695],[-104.99,41.0675],[-105.03,41.0755],[-105.09,41.0598],[-105.13,41.0609],[-105.1594,41.0712],[-105.1747,41.0863],[-105.1765,41.1014],[-105.1656,41.1164]],[[-105.15,41.1243],[-105.1751,41.1014],[-105.1732,41.0863],[-105.1574,41.0712],[-105.13,41.0617],[-105.09,41.0605],[-105.03,41.0771],[-104.9732,41.0712],[-104.9574,41.0863],[-104.9592,41.1014],[-104.99,41.1181],[-105.03,41.1181],[-105.09,41.1299],[-105.15,41.1243]]]}},{"type":"Feature","properties":{"c":"#00fb90","v0":0.04,"v1":0.05},"geometry":{"type":"Polygon","coordinates":[[[-103.9244,41.1164],[-103.89,41.1288],[-103.87,41.1292],[-103.85,41.1162],[-103.81,41.0623],[-103.73,41.0667],[-103.7011,41.0561],[-103.7092,41.0109],[-103.729,40.9807],[-103.8074,40.9354],[-103.85,40.8812],[-103.85,40.9119],[-103.8193,40.9505],[-103.8144,41.0109],[-103.83,41.0297],[-103.85,41.0297],[-103.95,41.0022],[-103.9584,41.0109],[-103.9532,41.0561],[-103.9244,41.1164]],[[-103.91,41.1197],[-103.93,41.1042],[-103.9455,41.0712],[-103.95,41.0106],[-103.93,41.0101],[-103.83,41.0361],[-103.8135,41.026],[-103.81,41.0158],[-103.81,40.9539],[-103.79,40.9512],[-103.75,40.9686],[-103.73,40.9851],[-103.7141,41.0109],[-103.709,41.0561],[-103.73,41.0618],[-103.81,41.0561],[-103.85,41.1106],[-103.87,41.1252],[-103.91,41.1197]]]}},{"type":"Feature","properties":{"c":"#00fb90","v0":0.04,"v1":0.05},"geometry":{"type":"Polygon","coordinates":[[[-92.7268,41.1014],[-92.69,41.1066],[-92.61,41.0834],[-92.53,41.0763],[-92.4986,41.026],[-92.4998,40.9958],[-92.5106,40.9807],[-92.53,40.9639],[-92.57,40.9529],[-92.63,40.9696],[-92.73,40.978],[-92.77,40.9901],[-92.8427,41.041],[-92.8469,41.0561],[-92.77,41.0766],[-92.7268,41.1014]],[[-92.71,41.104],[-92.77,41.0732],[-92.8346,41.0561],[-92.836,41.041],[-92.819,41.026],[-92.75,40.9844],[-92.63,40.9724],[-92.57,40.9564],[-92.53,40.9677],[-92.5042,40.9958],[-92.5003,41.0109],[-92.5071,41.041],[-92.53,41.0717],[-92.61,41.0811],[-92.69,41.1041],[-92.71,41.104]]]}},{"type":"Feature","properties":{"c":"#00fb90","v0":0.04,"v1":0.05},"geometry":{"type":"Polygon","coordinates":[[[-111.0997,40.9807],[-111.07,40.9946],[-111.05,40.9889],[-111.0524,40.9656],[-111.07,40.9363],[-111.1078,40.9051],[-111.13,40.8694],[-111.15,40.8588],[-111.1622,40.8749],[-111.1568,40.89],[-111.1264,40.9505],[-111.0997,40.9807]],[[-111.07,40.9826],[-111.1039,40.9656],[-111.113,40.9505],[-111.11,40.9301],[-111.09,40.9349],[-111.07,40.9498],[-111.0646,40.9656],[-111.07,40.9826]]]}},{"type":"Feature","properties":{"c":"#00fb90","v0":0.04,"v1":0.05},"geometry":{"type":"Polygon","coordinates":[[[-92.0538,40.9656],[-92.03,40.9745],[-91.99,40.9647],[-91.9366,40.9354],[-91.87,40.882],[-91.8531,40.8446],[-91.87,40.8035],[-91.89,40.7955],[-91.91,40.7981],[-91.99,40.8362],[-92.07,40.8577],[-92.0958,40.8749],[-92.096,40.89],[-92.0526,40.9202],[-92.0538,40.9656]],[[-92.03,40.9716],[-92.0487,40.9656],[-92.05,40.9136],[-92.09,40.891],[-92.0905,40.8749],[-92.0666,40.8598],[-91.97,40.8317],[-91.91,40.8006],[-91.8865,40.7992],[-91.87,40.8085],[-91.8596,40.8295],[-91.8592,40.8598],[-91.8679,40.8749],[-91.9666,40.9505],[-92.01,40.9693],[-92.03,40.9716]]]}},{"type":"Feature","properties":{"c":"#00fb90","v0":0.04,"v1":0.05},"geometry":{"type":"Polygon","coordinates":[[[-110.8674,40.9202],[-110.81,40.9249],[-110.77,40.9128],[-110.73,40.9113],[-110.7149,40.89],[-110.7204,40.8749],[-110.75,40.8614],[-110.77,40.8653],[-110.81,40.8899],[-110.8789,40.89],[-110.8907,40.9051],[-110.8674,40.9202]],[[-110.75,40.9057],[-110.77,40.9044],[-110.7864,40.89],[-110.77,40.8742],[-110.75,40.8699],[-110.73,40.875],[-110.7245,40.89],[-110.73,40.9011],[-110.75,40.9057]]]}},{"type":"Feature","properties":{"c":"#00fb90","v0":0.04,"v1":0.05},"geometry":{"type":"Polygon","coordinates":[[[-93.2959,40.8446],[-93.27,40.8494],[-93.23,40.8331],[-93.1861,40.7689],[-93.09,40.6932],[-93.0598,40.6325],[-93.048,40.5717],[-92.9397,40.3739],[-92.9314,40.3129],[-92.9396,40.2824],[-92.97,40.2756],[-93.03,40.2806],[-93.07,40.2702],[-93.09,40.2538],[-93.1082,40.2214],[-93.13,40.2088],[-93.15,40.2092],[-93.17,40.2206],[-93.1768,40.2366],[-93.1682,40.2519],[-93.1101,40.2824],[-93.1012,40.2977],[-93.1026,40.3129],[-93.1153,40.3282],[-93.1844,40.3739],[-93.2081,40.4044],[-93.1951,40.4196],[-93.1624,40.4348],[-93.1586,40.4501],[-93.1937,40.5109],[-93.182,40.5565],[-93.1852,40.5717],[-93.2013,40.5869],[-93.2823,40.6325],[-93.296,40.6476],[-93.2999,40.6628],[-93.2846,40.7083],[-93.279,40.7841],[-93.3024,40.8295],[-93.2959,40.8446]],[[-93.27,40.8462],[-93.29,40.8427],[-93.2974,40.8295],[-93.276,40.7841],[-93.2827,40.7083],[-93.2975,40.6628],[-93.2791,40.6325],[-93.1981,40.5869],[-93.1827,40.5717],[-93.1916,40.5109],[-93.156,40.4501],[-93.1586,40.4348],[-93.19,40.4196],[-93.2047,40.4044],[-93.1819,40.3739],[-93.1122,40.3282],[-93.0992,40.3129],[-93.1023,40.2824],[-93.1629,40.2519],[-93.1736,40.2366],[-93.1663,40.2214],[-93.15,40.212],[-93.13,40.2117],[-93.1123,40.2214],[-93.09,40.2619],[-93.07,40.2744],[-93.03,40.2829],[-92.97,40.2777],[-92.9442,40.2824],[-92.9338,40.3129],[-92.9417,40.3739],[-93.0502,40.5717],[-93.0622,40.6325],[-93.0925,40.6931],[-93.1888,40.7689],[-93.23,40.8298],[-93.27,40.8462]]]}},{"type":"Feature","properties":{"c":"#00fb90","v0":0.04,"v1":0.05},"geometry":{"type":"Polygon","coordinates":[[[-111.264,40.8144],[-111.25,40.8206],[-111.2195,40.8144],[-111.1875,40.7538],[-111.11,40.7061],[-111.07,40.6964],[-111.03,40.7033],[-111.01,40.6943],[-111.0044,40.6628],[-111.01,40.6334],[-111.03,40.617],[-111.07,40.6282],[-111.17,40.6338],[-111.23,40.6006],[-111.2463,40.5717],[-111.2341,40.5413],[-111.21,40.5266],[-111.1522,40.5109],[-111.1388,40.4957],[-111.1463,40.4653],[-111.17,40.4323],[-111.21,40.3949],[-111.282,40.3587],[-111.31,40.313],[-111.33,40.2955],[-111.47,40.241],[-111.51,40.2181],[-111.55,40.2084],[-111.5755,40.2214],[-111.5927,40.2519],[-111.594,40.2977],[-111.5733,40.3282],[-111.49,40.3751],[-111.43,40.3481],[-111.37,40.3481],[-111.3204,40.3739],[-111.2575,40.4653],[-111.2484,40.4957],[-111.2579,40.5109],[-111.35,40.5336],[-111.37,40.5558],[-111.3739,40.5717],[-111.3592,40.6476],[-111.35,40.6547],[-111.31,40.6576],[-111.2811,40.678],[-111.2719,40.7235],[-111.2831,40.7841],[-111.264,40.8144]],[[-111.23,40.5197],[-111.2392,40.4805],[-111.2844,40.4044],[-111.2845,40.3891],[-111.27,40.3791],[-111.23,40.388],[-111.2037,40.4044],[-111.17,40.441],[-111.1465,40.4805],[-111.15,40.4986],[-111.17,40.5085],[-111.23,40.5197]],[[-111.51,40.3613],[-111.5302,40.3434],[-111.57,40.3253],[-111.5906,40.2977],[-111.5891,40.2519],[-111.5708,40.2214],[-111.55,40.2129],[-111.5127,40.2214],[-111.47,40.247],[-111.3349,40.2977],[-111.31,40.3232],[-111.3012,40.3434],[-111.31,40.3633],[-111.39,40.3393],[-111.43,40.3443],[-111.49,40.3688],[-111.51,40.3613]],[[-111.27,40.8015],[-111.2739,40.7841],[-111.26,40.7386],[-111.2706,40.678],[-111.29,40.6518],[-111.35,40.6394],[-111.3679,40.5717],[-111.35,40.5394],[-111.33,40.5317],[-111.25,40.5221],[-111.24,40.5261],[-111.2589,40.5869],[-111.25,40.6086],[-111.2377,40.6173],[-111.17,40.6414],[-111.03,40.6297],[-111.0126,40.6628],[-111.0259,40.6931],[-111.09,40.6927],[-111.1787,40.7386],[-111.2004,40.7538],[-111.23,40.8064],[-111.25,40.8132],[-111.27,40.8015]]]}},{"type":"Feature","properties":{"c":"#00fb90","v0":0.04,"v1":0.05},"geometry":{"type":"Polygon","coordinates":[[[-104.0707,40.7841],[-104.049,40.7841],[-104.05,40.7688],[-104.0626,40.7538],[-104.0577,40.7235],[-104.0691,40.6931],[-104.09,40.6674],[-104.11,40.6559],[-104.15,40.6551],[-104.1654,40.6628],[-104.1757,40.678],[-104.1705,40.7083],[-104.13,40.7425],[-104.0778,40.7538],[-104.0707,40.7841]],[[-104.13,40.7399],[-104.1558,40.7235],[-104.1736,40.6931],[-104.173,40.678],[-104.1611,40.6628],[-104.13,40.6547],[-104.11,40.6581],[-104.09,40.6705],[-104.0725,40.6931],[-104.0634,40.7235],[-104.07,40.7415],[-104.09,40.7457],[-104.13,40.7399]]]}},{"type":"Feature","properties":{"c":"#00fb90","v0":0.04,"v1":0.05},"geometry":{"type":"Polygon","coordinates":[[[-105.2124,40.7689],[-105.2036,40.7538],[-105.2086,40.6931],[-105.235,40.6628],[-105.2318,40.6325],[-105.2695,40.5413],[-105.305,40.4957],[-105.3467,40.4196],[-105.3966,40.3739],[-105.4212,40.3282],[-105.4607,40.2824],[-105.4744,40.2519],[-105.4815,40.2214],[-105.4726,40.1297],[-105.4868,40.0991],[-105.51,40.0872],[-105.5486,40.0991],[-105.5159,40.1297],[-105.5101,40.1602],[-105.53,40.1878],[-105.55,40.1966],[-105.57,40.1946],[-105.59,40.1721],[-105.5966,40.145],[-105.551,40.0991],[-105.6092,40.0378],[-105.6474,40.0225],[-105.67,40.0217],[-105.6833,40.0378],[-105.6759,40.1144],[-105.683,40.1297],[-105.7329,40.1755],[-105.7719,40.2519],[-105.8497,40.2977],[-105.8719,40.3434],[-105.89,40.3585],[-105.91,40.3623],[-105.9255,40.3739],[-105.9333,40.4044],[-105.93,40.468],[-105.95,40.4707],[-105.9607,40.4501],[-105.9804,40.4348],[-106.01,40.4362],[-106.0507,40.4653],[-106.0568,40.4805],[-106.0518,40.4957],[-106.0191,40.5261],[-105.994,40.5717],[-105.939,40.6325],[-105.9213,40.6628],[-105.91,40.6744],[-105.89,40.6803],[-105.8663,40.678],[-105.8502,40.6476],[-105.83,40.6326],[-105.775,40.6173],[-105.7526,40.5717],[-105.73,40.5494],[-105.69,40.5447],[-105.65,40.553],[-105.6375,40.5261],[-105.6042,40.4957],[-105.57,40.4809],[-105.55,40.4814],[-105.51,40.5015],[-105.4916,40.5261],[-105.5169,40.5717],[-105.5025,40.6173],[-105.5022,40.7083],[-105.4974,40.7235],[-105.47,40.7485],[-105.45,40.748],[-105.39,40.7201],[-105.31,40.7072],[-105.29,40.7128],[-105.2124,40.7689]],[[-105.23,40.7497],[-105.29,40.7],[-105.31,40.6963],[-105.41,40.7215],[-105.45,40.7382],[-105.47,40.7369],[-105.4935,40.7083],[-105.4952,40.6173],[-105.5083,40.5717],[-105.4825,40.5261],[-105.5074,40.4957],[-105.55,40.4755],[-105.59,40.4824],[-105.63,40.5056],[-105.6655,40.5109],[-105.67,40.5364],[-105.73,40.544],[-105.75,40.5601],[-105.77,40.6039],[-105.7854,40.6173],[-105.8457,40.6325],[-105.87,40.6651],[-105.89,40.6724],[-105.9132,40.6628],[-106.05,40.4822],[-106.03,40.4563],[-106.01,40.4455],[-105.99,40.4452],[-105.9514,40.4957],[-105.9279,40.4957],[-105.9177,40.4653],[-105.9209,40.3891],[-105.91,40.3728],[-105.87,40.3535],[-105.8429,40.2977],[-105.7823,40.2672],[-105.7652,40.2519],[-105.73,40.1814],[-105.6757,40.1297],[-105.6702,40.1144],[-105.6772,40.0532],[-105.67,40.0303],[-105.63,40.0322],[-105.5975,40.0532],[-105.5858,40.0685],[-105.5726,40.0991],[-105.6037,40.145],[-105.59,40.1852],[-105.57,40.2025],[-105.53,40.1971],[-105.5002,40.1755],[-105.4916,40.145],[-105.4967,40.1297],[-105.5154,40.1144],[-105.51,40.0982],[-105.49,40.1109],[-105.4802,40.2519],[-105.401,40.3739],[-105.35,40.4209],[-105.2774,40.5413],[-105.2459,40.6173],[-105.2454,40.6325],[-105.2601,40.6628],[-105.2552,40.678],[-105.2279,40.6931],[-105.2136,40.7235],[-105.2113,40.7386],[-105.23,40.7497]]]}},{"type":"Feature","properties":{"c":"#00fb90","v0":0.04,"v1":0.05},"geometry":{"type":"Polygon","coordinates":[[[-93.6783,40.5717],[-93.65,40.5785],[-93.6387,40.5717],[-93.6368,40.5565],[-93.65,40.5459],[-93.67,40.5445],[-93.6822,40.5565],[-93.6783,40.5717]],[[-93.67,40.5751],[-93.6788,40.5565],[-93.67,40.5478],[-93.65,40.5488],[-93.6403,40.5565],[-93.6425,40.5717],[-93.67,40.5751]]]}},{"type":"Feature","properties":{"c":"#00fb90","v0":0.04,"v1":0.05},"geometry":{"type":"Polygon","coordinates":[[[-92.4541,40.2977],[-92.43,40.3077],[-92.39,40.3128],[-92.35,40.304],[-92.3257,40.2672],[-92.3361,40.2366],[-92.3543,40.2214],[-92.39,40.2081],[-92.45,40.2113],[-92.47,40.225],[-92.4833,40.2519],[-92.4729,40.2824],[-92.4541,40.2977]],[[-92.45,40.2981],[-92.4706,40.2824],[-92.4821,40.2519],[-92.4782,40.2366],[-92.45,40.2122],[-92.39,40.2089],[-92.3561,40.2214],[-92.3374,40.2366],[-92.327,40.2672],[-92.35,40.303],[-92.39,40.3122],[-92.45,40.2981]]]}},{"type":"Feature","properties":{"c":"#00fb90","v0":0.04,"v1":0.05},"geometry":{"type":"Polygon","coordinates":[[[-88.4541,39.9766],[-88.43,39.9822],[-88.39,39.9703],[-88.277,39.8692],[-88.2117,39.777],[-88.1459,39.6231],[-88.1431,39.5306],[-88.1013,39.2369],[-88.1176,39.1749],[-88.1032,39.1128],[-88.1135,39.0818],[-88.1652,39.0197],[-88.1773,38.9264],[-88.1977,38.8641],[-88.2223,38.7238],[-88.263,38.6613],[-88.2742,38.6301],[-88.2752,38.5676],[-88.25,38.496],[-88.23,38.4677],[-88.21,38.4532],[-88.19,38.4528],[-88.13,38.5024],[-88.11,38.5097],[-88.07,38.5138],[-88.0268,38.505],[-87.976,38.458],[-87.8539,38.2855],[-87.7974,38.2384],[-87.7901,38.2227],[-87.8001,38.1441],[-87.7894,38.0811],[-87.8183,38.0024],[-87.8106,37.9235],[-87.795,37.892],[-87.7598,37.8604],[-87.7462,37.8288],[-87.688,37.7498],[-87.6287,37.528],[-87.6139,37.4963],[-87.5572,37.4328],[-87.49,37.3756],[-87.4453,37.3215],[-87.3389,37.242],[-87.3197,37.1782],[-87.3249,37.1464],[-87.3443,37.1145],[-87.3314,37.0826],[-87.25,37.0278],[-87.1408,36.9868],[-87.0919,36.9548],[-86.9309,36.8108],[-86.8774,36.7467],[-86.8255,36.6986],[-86.8037,36.6665],[-86.7983,36.6505],[-86.8064,36.6023],[-86.8221,36.5702],[-86.9021,36.5059],[-86.97,36.413],[-87.0562,36.3772],[-87.1236,36.3128],[-87.1325,36.2967],[-87.1305,36.2805],[-87.0919,36.2321],[-87.0916,36.1999],[-87.0303,36.0706],[-87.01,36.0577],[-86.99,36.0563],[-86.9597,36.0706],[-86.9806,36.103],[-87.024,36.1353],[-87.0338,36.1514],[-87.0287,36.1999],[-87.0185,36.216],[-86.93,36.1747],[-86.83,36.1834],[-86.73,36.159],[-86.65,36.1486],[-86.59,36.154],[-86.43,36.1856],[-86.37,36.1764],[-86.29,36.1774],[-86.19,36.1518],[-86.13,36.1259],[-86.05,36.108],[-85.93,36.0961],[-85.85,36.1161],[-85.7734,35.9898],[-85.7234,35.9412],[-85.7156,35.925],[-85.73,35.871],[-85.7656,35.7953],[-85.7513,35.6654],[-85.7788,35.5353],[-85.8021,35.4702],[-85.8073,35.4213],[-85.83,35.4104],[-85.91,35.4182],[-85.95,35.412],[-86.0077,35.3724],[-86.0225,35.3398],[-85.9799,35.2418],[-85.93,35.179],[-85.9092,35.0947],[-85.8823,35.0455],[-85.85,35.0172],[-85.71,34.951],[-85.6698,34.9144],[-85.6264,34.7995],[-85.5648,34.7174],[-85.55,34.6187],[-85.59,34.5689],[-85.61,34.5554],[-85.67,34.6118],[-85.69,34.6179],[-85.75,34.6099],[-85.8119,34.5693],[-85.83,34.5515],[-85.85,34.5019],[-85.8741,34.4704],[-85.8889,34.4044],[-85.8995,34.3879],[-85.93,34.3624],[-85.9757,34.3549],[-86.008,34.3384],[-86.0146,34.3053],[-85.9964,34.2723],[-86.0102,34.2558],[-86.09,34.2108],[-86.1129,34.2062],[-86.121,34.2558],[-86.15,34.2987],[-86.17,34.3039],[-86.19,34.2984],[-86.2251,34.2723],[-86.2407,34.2392],[-86.2249,34.2062],[-86.19,34.1843],[-86.13,34.188],[-86.1243,34.1731],[-86.1194,34.1068],[-86.1722,34.0074],[-86.1639,33.9742],[-86.13,33.9543],[-86.07,33.9499],[-86.0544,33.9411],[-86.0045,33.8913],[-86.0052,33.8248],[-85.9835,33.7916],[-85.85,33.7181],[-85.81,33.7085],[-85.79,33.7228],[-85.77,33.799],[-85.6742,33.7251],[-85.63,33.7152],[-85.59,33.7148],[-85.57,33.699],[-85.51,33.6379],[-85.4422,33.5085],[-85.3826,33.4251],[-85.3755,33.3917],[-85.3807,33.3583],[-85.37,33.3275],[-85.35,33.3131],[-85.3075,33.3082],[-85.29,33.2987],[-85.2719,33.2747],[-85.27,33.2429],[-85.2853,33.1911],[-85.2742,33.1409],[-85.2383,33.0906],[-85.19,33.0643],[-85.17,33.0621],[-85.1281,33.0738],[-85.0966,33.0906],[-85.0859,33.1074],[-85.0915,33.1409],[-85.1263,33.2078],[-85.1148,33.2413],[-85.0718,33.2747],[-85.066,33.2915],[-85.0782,33.3249],[-85.1163,33.3583],[-85.1704,33.3917],[-85.2657,33.4919],[-85.3166,33.5752],[-85.3467,33.6918],[-85.2863,33.8248],[-85.3333,33.9411],[-85.3177,33.9742],[-85.2894,33.9908],[-85.25,34.0017],[-85.21,33.9954],[-85.13,33.9487],[-85.07,33.9287],[-85.0429,33.9411],[-85.03,33.9979],[-85.0282,33.9908],[-84.9942,33.9742],[-84.93,33.951],[-84.85,33.9115],[-84.79,33.847],[-84.75,33.8196],[-84.6693,33.7084],[-84.61,33.6588],[-84.55,33.5879],[-84.43,33.4937],[-84.31,33.4463],[-84.2947,33.4251],[-84.3276,33.375],[-84.3282,33.2747],[-84.318,33.2413],[-84.2701,33.1744],[-84.2651,33.1409],[-84.2737,33.1241],[-84.2973,33.1074],[-84.3748,33.0906],[-84.3871,33.0738],[-84.3817,33.0068],[-84.39,32.9747],[-84.41,32.9553],[-84.4683,32.9229],[-84.4711,32.9061],[-84.43,32.8633],[-84.4204,32.8389],[-84.4621,32.6875],[-84.49,32.6732],[-84.57,32.6539],[-84.61,32.6202],[-84.67,32.6235],[-84.77,32.6521],[-84.79,32.6515],[-84.83,32.6328],[-84.89,32.6291],[-84.9226,32.637],[-84.97,32.6629],[-85.05,32.6856],[-85.11,32.7344],[-85.21,32.7437],[-85.27,32.7249],[-85.2847,32.7043],[-85.2842,32.6707],[-85.2602,32.6201],[-85.2052,32.5359],[-85.19,32.47],[-85.1896,32.4178],[-85.2074,32.4009],[-85.27,32.3816],[-85.3135,32.3502],[-85.37,32.3311],[-85.418,32.2995],[-85.53,32.2963],[-85.55,32.2882],[-85.566,32.2657],[-85.5721,32.2318],[-85.5554,32.1641],[-85.55,32.09],[-85.5658,32.0286],[-85.59,32.0086],[-85.61,32.0074],[-85.63,32.0159],[-85.69,32.0688],[-85.71,32.0774],[-85.77,32.0817],[-85.79,32.1005],[-85.8335,32.1641],[-85.8409,32.2149],[-85.83,32.2581],[-85.79,32.288],[-85.7723,32.3164],[-85.7664,32.3671],[-85.7864,32.4346],[-85.81,32.4641],[-85.91,32.5234],[-86.044,32.6707],[-86.09,32.7063],[-86.15,32.7274],[-86.23,32.7203],[-86.257,32.7043],[-86.35,32.616],[-86.37,32.6093],[-86.45,32.6954],[-86.49,32.7082],[-86.53,32.7116],[-86.5441,32.7212],[-86.5488,32.7716],[-86.57,32.7894],[-86.6123,32.8053],[-86.67,32.8415],[-86.75,32.843],[-86.8453,32.8893],[-86.8573,32.9229],[-86.85,32.9351],[-86.81,32.936],[-86.75,32.9131],[-86.71,32.9073],[-86.69,32.9183],[-86.6724,32.9564],[-86.71,33.0871],[-86.7503,33.1576],[-86.752,33.1744],[-86.7049,33.2246],[-86.7031,33.2413],[-86.73,33.2941],[-86.79,33.3376],[-86.83,33.3558],[-86.93,33.3832],[-86.97,33.3782],[-86.9858,33.3583],[-86.976,33.3249],[-86.95,33.2993],[-86.889,33.2747],[-86.8799,33.258],[-86.8818,33.2246],[-86.9052,33.2078],[-86.93,33.2026],[-87.03,33.2049],[-87.0621,33.1911],[-87.07,33.179],[-87.09,33.1793],[-87.13,33.2192],[-87.29,33.3404],[-87.33,33.3552],[-87.41,33.3641],[-87.4265,33.375],[-87.4212,33.4251],[-87.47,33.4996],[-87.51,33.5236],[-87.59,33.5397],[-87.63,33.5844],[-87.65,33.5947],[-87.75,33.6094],[-87.77,33.605],[-87.83,33.5693],[-87.87,33.5578],[-87.9041,33.4919],[-87.9386,33.4585],[-87.97,33.4464],[-88.07,33.4564],[-88.13,33.5029],[-88.2026,33.5252],[-88.21,33.544],[-88.19,33.5585],[-88.13,33.5687],[-88.05,33.5629],[-87.99,33.5907],[-87.95,33.5998],[-87.91,33.6604],[-87.89,33.6672],[-87.85,33.6573],[-87.8283,33.6585],[-87.8026,33.6752],[-87.7977,33.6918],[-87.7998,33.7583],[-87.8284,33.7916],[-87.87,33.8157],[-88.01,33.8542],[-88.09,33.8516],[-88.1153,33.8747],[-88.1216,33.8913],[-88.11,33.9081],[-88.0692,33.9079],[-88.03,33.8773],[-88.01,33.874],[-87.99,33.8844],[-87.9343,33.9411],[-87.95,34.0253],[-87.97,34.0698],[-87.99,34.0735],[-88.05,34.0598],[-88.09,34.0577],[-88.1272,34.0737],[-88.1887,34.2227],[-88.1818,34.3053],[-88.19,34.335],[-88.23,34.3435],[-88.27,34.3286],[-88.29,34.3304],[-88.31,34.3396],[-88.3376,34.3714],[-88.33,34.3921],[-88.2672,34.3879],[-88.25,34.4178],[-88.2478,34.4539],[-88.27,34.4838],[-88.3937,34.5858],[-88.388,34.6351],[-88.4014,34.6845],[-88.3542,34.7503],[-88.3677,34.7831],[-88.424,34.8324],[-88.4233,34.8488],[-88.3982,34.898],[-88.4067,34.9308],[-88.43,34.9459],[-88.45,34.9489],[-88.47,34.9421],[-88.4876,34.9144],[-88.4965,34.8816],[-88.5133,34.8652],[-88.67,34.858],[-88.69,34.8621],[-88.71,34.8797],[-88.79,34.9741],[-88.8132,35.0128],[-88.816,35.0455],[-88.79,35.0842],[-88.77,35.0919],[-88.75,35.0872],[-88.71,35.0597],[-88.67,35.0523],[-88.63,35.0662],[-88.6192,35.0947],[-88.6571,35.1437],[-88.69,35.1666],[-88.73,35.1825],[-88.77,35.2318],[-88.79,35.2412],[-88.83,35.2471],[-88.85,35.2579],[-88.8593,35.2745],[-88.8587,35.2908],[-88.8185,35.3234],[-88.73,35.3353],[-88.69,35.3532],[-88.6778,35.3724],[-88.6781,35.3887],[-88.7217,35.4865],[-88.7133,35.519],[-88.75,35.5275],[-88.8485,35.5679],[-88.8647,35.5841],[-88.8665,35.6167],[-88.85,35.6291],[-88.81,35.6164],[-88.73,35.6242],[-88.6667,35.5841],[-88.6629,35.5679],[-88.6805,35.5353],[-88.63,35.5163],[-88.59,35.515],[-88.55,35.5265],[-88.5011,35.5516],[-88.4916,35.5679],[-88.5109,35.6004],[-88.6288,35.6492],[-88.69,35.6913],[-88.75,35.7485],[-88.81,35.7826],[-88.83,35.7771],[-88.8585,35.7466],[-88.8567,35.7142],[-88.87,35.6917],[-88.89,35.7055],[-88.8976,35.7304],[-88.8773,35.7953],[-88.8363,35.8278],[-88.8147,35.8602],[-88.7602,35.8926],[-88.7811,35.925],[-88.77,35.9349],[-88.73,35.9317],[-88.6677,35.9088],[-88.6518,35.8926],[-88.63,35.8843],[-88.61,35.8887],[-88.5801,35.9088],[-88.53,35.9195],[-88.49,35.9171],[-88.43,35.8965],[-88.3649,35.8115],[-88.3619,35.7953],[-88.3794,35.7791],[-88.3831,35.7629],[-88.3372,35.6817],[-88.3265,35.6492],[-88.3286,35.6167],[-88.3486,35.5516],[-88.2986,35.4702],[-88.2442,35.4213],[-88.2053,35.3724],[-88.17,35.3496],[-88.15,35.3478],[-88.1168,35.3724],[-88.093,35.4376],[-88.1002,35.5679],[-88.0932,35.6167],[-88.17,35.6968],[-88.3083,35.7953],[-88.3,35.8602],[-88.3036,35.8926],[-88.321,35.9412],[-88.365,36.0221],[-88.43,36.0677],[-88.45,36.0732],[-88.47,36.0732],[-88.4922,36.0545],[-88.53,36.0377],[-88.65,36.0212],[-88.69,36.0317],[-88.6989,36.0383],[-88.6956,36.0545],[-88.6327,36.103],[-88.6406,36.1191],[-88.75,36.1624],[-88.7662,36.216],[-88.79,36.2362],[-88.87,36.244],[-88.8982,36.2644],[-88.8975,36.2967],[-88.8655,36.345],[-88.8648,36.3933],[-88.87,36.4111],[-88.89,36.4339],[-88.95,36.4536],[-88.9663,36.4738],[-88.973,36.522],[-88.9488,36.5542],[-88.973,36.6023],[-88.9524,36.6184],[-88.91,36.6221],[-88.8925,36.6345],[-88.8907,36.6826],[-88.9037,36.6986],[-88.95,36.7247],[-88.974,36.7467],[-88.9784,36.7788],[-88.9609,36.8268],[-89.0031,36.8908],[-89.0085,36.9068],[-89.0033,36.9388],[-89.015,36.9708],[-89.0452,37.0187],[-89.1016,37.0666],[-89.1264,37.1145],[-89.11,37.1273],[-89.03,37.0945],[-88.97,37.0903],[-88.91,37.1205],[-88.87,37.1496],[-88.85,37.1524],[-88.79,37.1058],[-88.75,37.0835],[-88.69,37.0796],[-88.65,37.0666],[-88.6033,37.0187],[-88.51,36.9478],[-88.47,36.9307],[-88.43,36.9256],[-88.335,36.9548],[-88.3484,36.9868],[-88.29,37.0119],[-88.2588,37.0347],[-88.2272,37.0826],[-88.2304,37.2897],[-88.2404,37.3533],[-88.27,37.4018],[-88.31,37.4342],[-88.3419,37.4963],[-88.3646,37.5122],[-88.43,37.533],[-88.45,37.5563],[-88.5017,37.6707],[-88.55,37.8349],[-88.5863,37.9235],[-88.6411,38.1126],[-88.6371,38.1284],[-88.61,38.1598],[-88.6099,38.1755],[-88.6611,38.2227],[-88.6713,38.2541],[-88.6475,38.3797],[-88.7352,38.5206],[-88.7494,38.5832],[-88.7484,38.6613],[-88.7836,38.8174],[-88.7875,39.0041],[-88.765,39.0507],[-88.73,39.0745],[-88.71,39.0788],[-88.67,39.0733],[-88.61,39.0421],[-88.59,39.0392],[-88.5843,39.0507],[-88.6037,39.2369],[-88.6849,39.4225],[-88.6663,39.4843],[-88.6681,39.4998],[-88.72,39.5923],[-88.7287,39.6231],[-88.7216,39.6693],[-88.6907,39.7309],[-88.7158,39.8078],[-88.67,39.8148],[-88.65,39.8105],[-88.59,39.7575],[-88.57,39.7506],[-88.45,39.743],[-88.39,39.7253],[-88.3762,39.7309],[-88.3725,39.7463],[-88.3891,39.7924],[-88.4538,39.9306],[-88.4596,39.9612],[-88.4541,39.9766]],[[-88.43,39.9804],[-88.45,39.9763],[-88.4561,39.9459],[-88.388,39.7924],[-88.37,39.7308],[-88.39,39.7229],[-88.45,39.7407],[-88.59,39.7471],[-88.63,39.7941],[-88.65,39.8073],[-88.67,39.8116],[-88.7011,39.8078],[-88.7095,39.7924],[-88.6825,39.7309],[-88.7133,39.6847],[-88.7271,39.6231],[-88.7183,39.5923],[-88.6661,39.4998],[-88.6641,39.4843],[-88.6827,39.4225],[-88.6025,39.2369],[-88.5913,39.1749],[-88.5952,39.1284],[-88.5812,39.0507],[-88.59,39.034],[-88.67,39.0716],[-88.71,39.0773],[-88.73,39.0729],[-88.7628,39.0507],[-88.7854,39.0041],[-88.7818,38.8174],[-88.7471,38.6613],[-88.748,38.5832],[-88.7335,38.5206],[-88.6458,38.3797],[-88.6694,38.2541],[-88.65,38.211],[-88.6062,38.1755],[-88.6061,38.1598],[-88.63,38.1356],[-88.6393,38.1126],[-88.5845,37.9235],[-88.55,37.8392],[-88.4999,37.6707],[-88.45,37.5601],[-88.4151,37.528],[-88.35,37.5102],[-88.3353,37.4963],[-88.31,37.4424],[-88.27,37.408],[-88.2433,37.3692],[-88.2252,37.2897],[-88.229,37.2101],[-88.2186,37.0826],[-88.2341,37.0506],[-88.2514,37.0347],[-88.3303,36.9868],[-88.3186,36.9548],[-88.327,36.9388],[-88.37,36.937],[-88.43,36.9232],[-88.47,36.9284],[-88.51,36.9452],[-88.6068,37.0187],[-88.6581,37.0666],[-88.69,37.075],[-88.75,37.074],[-88.85,37.1493],[-88.87,37.1461],[-88.95,37.092],[-88.97,37.0868],[-89.03,37.0926],[-89.11,37.1225],[-89.1202,37.1145],[-89.11,37.0816],[-89.0419,37.0187],[-88.9903,36.9388],[-88.9983,36.8908],[-88.9587,36.8428],[-88.9561,36.8268],[-88.9746,36.7788],[-88.9698,36.7467],[-88.95,36.7279],[-88.8962,36.6986],[-88.8854,36.6826],[-88.89,36.6289],[-88.91,36.6177],[-88.95,36.6128],[-88.9628,36.6023],[-88.9437,36.5542],[-88.9673,36.522],[-88.9704,36.5059],[-88.9623,36.4738],[-88.95,36.4577],[-88.89,36.4363],[-88.8667,36.4094],[-88.8588,36.345],[-88.8928,36.2967],[-88.893,36.2644],[-88.87,36.2476],[-88.79,36.2408],[-88.7617,36.216],[-88.75,36.1669],[-88.7256,36.1514],[-88.6309,36.1191],[-88.6185,36.103],[-88.69,36.0545],[-88.69,36.0366],[-88.67,36.0276],[-88.63,36.0257],[-88.5454,36.0383],[-88.5053,36.0545],[-88.499,36.0706],[-88.51,36.0864],[-88.55,36.09],[-88.588,36.103],[-88.57,36.1158],[-88.55,36.1164],[-88.5146,36.103],[-88.51,36.0887],[-88.49,36.0927],[-88.43,36.0758],[-88.357,36.0221],[-88.3139,35.9412],[-88.2973,35.8926],[-88.2927,35.7953],[-88.2785,35.7791],[-88.1558,35.6979],[-88.0743,35.6167],[-88.0866,35.5679],[-88.0855,35.4376],[-88.0994,35.3887],[-88.1209,35.3561],[-88.15,35.3401],[-88.17,35.3421],[-88.21,35.3658],[-88.2358,35.405],[-88.3014,35.4702],[-88.3526,35.5516],[-88.329,35.6492],[-88.3392,35.6817],[-88.3877,35.7629],[-88.3758,35.8115],[-88.4341,35.8926],[-88.49,35.914],[-88.53,35.9166],[-88.5651,35.9088],[-88.61,35.88],[-88.63,35.8764],[-88.7209,35.925],[-88.75,35.9332],[-88.77,35.9303],[-88.776,35.925],[-88.77,35.909],[-88.7496,35.8926],[-88.7688,35.8764],[-88.8104,35.8602],[-88.825,35.844],[-88.8248,35.8115],[-88.7969,35.7791],[-88.744,35.7466],[-88.69,35.6949],[-88.623,35.6492],[-88.51,35.6037],[-88.4899,35.5841],[-88.4841,35.5679],[-88.4913,35.5516],[-88.51,35.5386],[-88.57,35.5157],[-88.61,35.5114],[-88.67,35.5172],[-88.69,35.5139],[-88.7066,35.5028],[-88.7141,35.4865],[-88.7109,35.4702],[-88.6742,35.3887],[-88.6788,35.3561],[-88.7021,35.3398],[-88.73,35.3309],[-88.81,35.3241],[-88.8383,35.3071],[-88.8516,35.2908],[-88.8526,35.2745],[-88.8411,35.2581],[-88.77,35.2373],[-88.73,35.187],[-88.6716,35.1601],[-88.65,35.1419],[-88.6208,35.111],[-88.6144,35.0947],[-88.6258,35.0619],[-88.67,35.0488],[-88.71,35.0554],[-88.75,35.0827],[-88.77,35.0875],[-88.79,35.0801],[-88.8126,35.0455],[-88.8102,35.0128],[-88.79,34.9791],[-88.7062,34.8816],[-88.6901,34.8652],[-88.67,34.8608],[-88.5276,34.8652],[-88.5029,34.8816],[-88.4867,34.9308],[-88.47,34.9498],[-88.43,34.9508],[-88.401,34.9308],[-88.3962,34.8816],[-88.4174,34.8324],[-88.3638,34.7831],[-88.3508,34.7503],[-88.356,34.7338],[-88.3967,34.6845],[-88.39,34.654],[-88.3621,34.6351],[-88.3891,34.6022],[-88.3883,34.5858],[-88.2697,34.4869],[-88.2452,34.4539],[-88.2577,34.3879],[-88.27,34.3773],[-88.31,34.3918],[-88.33,34.3886],[-88.3342,34.3714],[-88.31,34.3439],[-88.29,34.3345],[-88.27,34.3341],[-88.23,34.3496],[-88.1885,34.3384],[-88.1798,34.3219],[-88.1864,34.2227],[-88.1529,34.1565],[-88.1353,34.0903],[-88.1232,34.0737],[-88.09,34.06],[-88.07,34.0597],[-87.99,34.0778],[-87.9675,34.0737],[-87.95,34.0317],[-87.9304,33.9411],[-87.939,33.9245],[-87.9973,33.8747],[-88.0071,33.8581],[-87.9639,33.8414],[-87.87,33.8199],[-87.8239,33.7916],[-87.7968,33.7583],[-87.7886,33.6752],[-87.812,33.6585],[-87.83,33.6514],[-87.89,33.6634],[-87.904,33.6585],[-87.95,33.5945],[-87.99,33.5861],[-88.05,33.5594],[-88.07,33.5564],[-88.13,33.5653],[-88.19,33.5516],[-88.2025,33.5419],[-88.1951,33.5252],[-88.1239,33.5085],[-88.11,33.5007],[-88.0937,33.4752],[-88.0669,33.4585],[-87.97,33.4491],[-87.9433,33.4585],[-87.9091,33.4919],[-87.89,33.5423],[-87.87,33.564],[-87.83,33.576],[-87.75,33.6152],[-87.65,33.5977],[-87.63,33.5881],[-87.59,33.5441],[-87.51,33.5279],[-87.47,33.506],[-87.4224,33.4418],[-87.4189,33.375],[-87.39,33.3644],[-87.31,33.3538],[-87.2833,33.3416],[-87.09,33.1877],[-87.07,33.1891],[-87.03,33.2075],[-86.93,33.2052],[-86.8873,33.2246],[-86.8822,33.2413],[-86.89,33.2693],[-86.95,33.2966],[-86.9878,33.3416],[-86.99,33.3583],[-86.97,33.383],[-86.93,33.3868],[-86.83,33.3584],[-86.79,33.3404],[-86.73,33.2972],[-86.7015,33.2413],[-86.7034,33.2246],[-86.7495,33.1744],[-86.7488,33.1576],[-86.7098,33.0906],[-86.6701,32.9564],[-86.69,32.9126],[-86.71,32.9026],[-86.73,32.9039],[-86.81,32.9332],[-86.83,32.9347],[-86.85,32.9275],[-86.8518,32.9061],[-86.8399,32.8893],[-86.75,32.8475],[-86.67,32.8471],[-86.57,32.7935],[-86.544,32.7716],[-86.5334,32.7212],[-86.45,32.698],[-86.37,32.6149],[-86.35,32.6207],[-86.2607,32.7043],[-86.23,32.7231],[-86.15,32.7317],[-86.09,32.7114],[-86.0381,32.6707],[-85.91,32.5256],[-85.81,32.4664],[-85.7848,32.4346],[-85.7645,32.3671],[-85.7704,32.3164],[-85.79,32.2857],[-85.83,32.2549],[-85.8392,32.2149],[-85.8302,32.1641],[-85.79,32.1049],[-85.77,32.0854],[-85.71,32.0797],[-85.69,32.0707],[-85.63,32.0205],[-85.61,32.0106],[-85.59,32.0117],[-85.5691,32.0286],[-85.5518,32.0964],[-85.5576,32.1641],[-85.5742,32.2318],[-85.5695,32.2657],[-85.55,32.2933],[-85.51,32.3022],[-85.43,32.3006],[-85.3758,32.3333],[-85.3241,32.3502],[-85.27,32.3881],[-85.21,32.4068],[-85.1982,32.4178],[-85.1936,32.4515],[-85.2092,32.5359],[-85.2652,32.6201],[-85.2888,32.6707],[-85.2914,32.7043],[-85.27,32.7336],[-85.21,32.7485],[-85.13,32.7451],[-85.09,32.7305],[-85.0441,32.6875],[-84.97,32.6671],[-84.91,32.6374],[-84.89,32.6345],[-84.8388,32.637],[-84.79,32.6563],[-84.69,32.6296],[-84.63,32.6209],[-84.61,32.6236],[-84.57,32.6565],[-84.49,32.6754],[-84.4659,32.6875],[-84.4244,32.8389],[-84.43,32.8559],[-84.4785,32.9061],[-84.4785,32.9229],[-84.459,32.9397],[-84.41,32.9622],[-84.39,32.9866],[-84.3867,33.0235],[-84.3951,33.0738],[-84.3861,33.0906],[-84.3021,33.1074],[-84.2769,33.1241],[-84.2679,33.1409],[-84.2728,33.1744],[-84.3233,33.2413],[-84.3358,33.2747],[-84.3331,33.375],[-84.3003,33.4251],[-84.31,33.4429],[-84.43,33.4907],[-84.537,33.5752],[-84.61,33.657],[-84.6722,33.7084],[-84.75,33.8173],[-84.79,33.845],[-84.8311,33.8913],[-84.87,33.9202],[-84.95,33.9574],[-85.01,33.9764],[-85.05,33.9297],[-85.07,33.9258],[-85.13,33.9463],[-85.21,33.9938],[-85.25,34.0003],[-85.2853,33.9908],[-85.3134,33.9742],[-85.3287,33.9411],[-85.2807,33.8248],[-85.345,33.6918],[-85.3136,33.5752],[-85.2617,33.4919],[-85.17,33.394],[-85.1121,33.3583],[-85.0738,33.3249],[-85.0613,33.2915],[-85.07,33.2685],[-85.1104,33.2413],[-85.1235,33.2078],[-85.0807,33.1241],[-85.0896,33.0906],[-85.15,33.0619],[-85.19,33.0619],[-85.241,33.0906],[-85.2776,33.1409],[-85.2897,33.1911],[-85.2768,33.258],[-85.2816,33.2747],[-85.2933,33.2915],[-85.35,33.3056],[-85.3754,33.3249],[-85.3853,33.3583],[-85.3795,33.3917],[-85.3856,33.4251],[-85.4352,33.4919],[-85.51,33.6325],[-85.53,33.6542],[-85.59,33.7031],[-85.65,33.7125],[-85.6863,33.7251],[-85.75,33.7692],[-85.77,33.7673],[-85.7827,33.7251],[-85.8028,33.7084],[-85.83,33.7077],[-85.85,33.7161],[-85.9892,33.7916],[-86.0129,33.8248],[-86.0179,33.8913],[-86.07,33.939],[-86.13,33.9459],[-86.1763,33.9742],[-86.1822,34.0074],[-86.1278,34.0903],[-86.1274,34.1565],[-86.1358,34.1731],[-86.19,34.1778],[-86.2374,34.2062],[-86.2525,34.2392],[-86.2383,34.2723],[-86.21,34.2943],[-86.17,34.3113],[-86.15,34.3052],[-86.13,34.2815],[-86.1082,34.2227],[-86.09,34.2168],[-86.07,34.2264],[-86.0192,34.2558],[-86.0099,34.2723],[-86.0215,34.3219],[-86.01,34.3442],[-85.99,34.3562],[-85.93,34.3665],[-85.9034,34.3879],[-85.8878,34.4209],[-85.8834,34.4704],[-85.85,34.5179],[-85.8259,34.5693],[-85.77,34.6069],[-85.69,34.6327],[-85.67,34.6269],[-85.61,34.5684],[-85.559,34.6187],[-85.568,34.7174],[-85.6299,34.7995],[-85.6723,34.9144],[-85.71,34.9487],[-85.85,35.0114],[-85.8879,35.0455],[-85.9141,35.0947],[-85.93,35.1676],[-85.9963,35.2581],[-86.0355,35.3398],[-86.0281,35.3724],[-85.97,35.4267],[-85.95,35.4339],[-85.91,35.4358],[-85.83,35.4211],[-85.8177,35.4376],[-85.8231,35.4865],[-85.79,35.5391],[-85.7599,35.6654],[-85.7748,35.7953],[-85.73,35.8902],[-85.7237,35.925],[-85.7307,35.9412],[-85.781,35.9898],[-85.81,36.0485],[-85.85,36.1027],[-85.87,36.104],[-85.93,36.0889],[-86.09,36.1072],[-86.2068,36.1514],[-86.29,36.173],[-86.37,36.1723],[-86.43,36.1807],[-86.61,36.1412],[-86.65,36.1377],[-86.71,36.1439],[-86.7774,36.1676],[-86.83,36.1772],[-86.93,36.1673],[-86.99,36.1893],[-87.01,36.183],[-87.014,36.1514],[-86.97,36.1062],[-86.9166,36.0706],[-86.93,36.0518],[-86.99,36.045],[-87.03,36.0607],[-87.083,36.1353],[-87.1134,36.1999],[-87.1161,36.2321],[-87.1455,36.2805],[-87.139,36.3128],[-87.07,36.3819],[-86.97,36.4314],[-86.8985,36.522],[-86.8318,36.5702],[-86.8154,36.6023],[-86.81,36.6539],[-86.8348,36.6986],[-86.93,36.8037],[-87.1005,36.9548],[-87.1512,36.9868],[-87.25,37.0218],[-87.3437,37.0826],[-87.3593,37.1145],[-87.33,37.155],[-87.3261,37.1782],[-87.3457,37.242],[-87.43,37.303],[-87.49,37.3705],[-87.563,37.4328],[-87.6223,37.4963],[-87.6366,37.528],[-87.69,37.739],[-87.7741,37.8604],[-87.8055,37.892],[-87.8187,37.9235],[-87.8263,38.0024],[-87.796,38.0969],[-87.8052,38.1598],[-87.7981,38.2227],[-87.8051,38.2384],[-87.8594,38.2855],[-87.9807,38.458],[-88.03,38.5029],[-88.07,38.5106],[-88.1143,38.505],[-88.19,38.4481],[-88.21,38.4484],[-88.25,38.4917],[-88.2768,38.5676],[-88.2776,38.6301],[-88.2216,38.7394],[-88.2002,38.8641],[-88.18,38.9264],[-88.1677,39.0197],[-88.1171,39.0818],[-88.106,39.1128],[-88.1198,39.1749],[-88.1034,39.2369],[-88.1455,39.5306],[-88.1489,39.6231],[-88.213,39.777],[-88.2784,39.8692],[-88.37,39.9556],[-88.39,39.9689],[-88.43,39.9804]],[[-88.11,33.8983],[-88.1101,33.8747],[-88.093,33.8581],[-88.07,33.8539],[-88.0396,33.8581],[-88.0388,33.8747],[-88.07,33.9005],[-88.11,33.8983]],[[-88.85,35.623],[-88.8656,35.6004],[-88.85,35.573],[-88.75,35.5349],[-88.73,35.5324],[-88.69,35.5402],[-88.67,35.563],[-88.6724,35.5841],[-88.73,35.6199],[-88.81,35.6132],[-88.85,35.623]],[[-88.87,35.797],[-88.8738,35.7629],[-88.8921,35.7304],[-88.89,35.7197],[-88.87,35.7065],[-88.8632,35.7629],[-88.8411,35.7791],[-88.8385,35.7953],[-88.85,35.8032],[-88.87,35.797]]]}},{"type":"Feature","properties":{"c":"#00fb90","v0":0.04,"v1":0.05},"geometry":{"type":"Polygon","coordinates":[[[-88.6413,39.7309],[-88.59,39.7435],[-88.5665,39.6847],[-88.5502,39.5769],[-88.57,39.5711],[-88.59,39.5948],[-88.6471,39.7001],[-88.6525,39.7155],[-88.6413,39.7309]],[[-88.61,39.7343],[-88.63,39.7303],[-88.645,39.7155],[-88.6426,39.7001],[-88.59,39.5996],[-88.57,39.5753],[-88.5517,39.5923],[-88.5695,39.6847],[-88.59,39.725],[-88.61,39.7343]]]}},{"type":"Feature","properties":{"c":"#00fb90","v0":0.04,"v1":0.05},"geometry":{"type":"Polygon","coordinates":[[[-105.8052,39.6231],[-105.75,39.6362],[-105.6691,39.6231],[-105.6448,39.5769],[-105.6183,39.546],[-105.5702,39.4534],[-105.57,39.4377],[-105.59,39.4099],[-105.61,39.4071],[-105.63,39.4182],[-105.6845,39.4534],[-105.7321,39.4998],[-105.8149,39.5306],[-105.8316,39.5923],[-105.8279,39.6077],[-105.8052,39.6231]],[[-105.79,39.624],[-105.8191,39.6077],[-105.825,39.5923],[-105.81,39.5338],[-105.73,39.504],[-105.6766,39.4534],[-105.63,39.4238],[-105.61,39.4149],[-105.59,39.4191],[-105.5788,39.4534],[-105.624,39.546],[-105.6513,39.5769],[-105.67,39.6131],[-105.6887,39.6231],[-105.73,39.6297],[-105.79,39.624]]]}},{"type":"Feature","properties":{"c":"#00fb90","v0":0.04,"v1":0.05},"geometry":{"type":"Polygon","coordinates":[[[-104.5913,39.6077],[-104.57,39.6198],[-104.549,39.6077],[-104.5518,39.5923],[-104.57,39.5834],[-104.59,39.5919],[-104.5913,39.6077]],[[-104.57,39.6177],[-104.5886,39.6077],[-104.5861,39.5923],[-104.57,39.5853],[-104.5557,39.5923],[-104.552,39.6077],[-104.57,39.6177]]]}},{"type":"Feature","properties":{"c":"#00fb90","v0":0.04,"v1":0.05},"geometry":{"type":"Polygon","coordinates":[[[-75.4161,39.4534],[-75.39,39.4609],[-75.3517,39.438],[-75.3229,39.3607],[-75.31,39.3415],[-75.29,39.329],[-75.27,39.3259],[-75.25,39.332],[-75.19,39.4117],[-75.17,39.4177],[-75.13,39.4057],[-74.9334,39.2834],[-74.87,39.2286],[-74.75,39.1665],[-74.69,39.1247],[-74.646,39.0818],[-74.53,39.0169],[-74.45,38.9567],[-74.3019,38.8952],[-74.2887,38.8797],[-74.2881,38.8641],[-74.31,38.8074],[-74.3183,38.8174],[-74.35,38.8283],[-74.37,38.8218],[-74.3949,38.7706],[-74.3908,38.7394],[-74.37,38.7152],[-74.33,38.7],[-74.31,38.7085],[-74.2995,38.7238],[-74.29,38.7929],[-74.25,38.7706],[-74.21,38.7426],[-74.1791,38.7082],[-74.1689,38.6926],[-74.1544,38.6301],[-74.1091,38.5676],[-74.1136,38.5519],[-74.17,38.5408],[-74.1994,38.5206],[-74.1942,38.4893],[-74.1561,38.4424],[-74.1612,38.4267],[-74.1848,38.411],[-74.1951,38.3953],[-74.1872,38.3326],[-74.2144,38.2855],[-74.2018,38.2541],[-74.17,38.2136],[-74.0936,38.1598],[-74.0633,38.1284],[-74.0621,38.1126],[-74.0926,38.0811],[-74.1054,38.0496],[-74.0832,37.9866],[-74.0974,37.9235],[-74.0742,37.8762],[-74.0821,37.8604],[-74.1451,37.813],[-74.33,37.7312],[-74.39,37.7261],[-74.47,37.7457],[-74.53,37.7527],[-74.5716,37.7498],[-74.5835,37.734],[-74.5611,37.7023],[-74.497,37.6707],[-74.4823,37.6548],[-74.4565,37.5756],[-74.4347,37.5439],[-74.342,37.4963],[-74.3344,37.4804],[-74.3451,37.4645],[-74.45,37.4418],[-74.4625,37.4328],[-74.4675,37.401],[-74.456,37.3851],[-74.3961,37.3533],[-74.3151,37.2897],[-74.3041,37.2738],[-74.3097,37.2579],[-74.41,37.2408],[-74.47,37.2455],[-74.55,37.2417],[-74.65,37.2522],[-74.69,37.2475],[-74.73,37.2312],[-74.77,37.2428],[-74.7937,37.242],[-74.8156,37.226],[-74.8102,37.2101],[-74.79,37.1989],[-74.75,37.1927],[-74.7381,37.1782],[-74.7257,37.0666],[-74.7413,37.0347],[-74.7833,36.9868],[-74.83,36.9627],[-74.89,36.9642],[-74.969,37.0027],[-74.9848,37.0187],[-75.0267,37.0985],[-75.0897,37.1464],[-75.1314,37.1942],[-75.2467,37.2738],[-75.2445,37.2897],[-75.1906,37.3215],[-75.1765,37.3374],[-75.1637,37.3692],[-75.1706,37.3851],[-75.2472,37.4645],[-75.29,37.4814],[-75.43,37.5103],[-75.51,37.5454],[-75.5468,37.5756],[-75.5617,37.6231],[-75.55,37.6408],[-75.49,37.6315],[-75.43,37.6033],[-75.39,37.5957],[-75.3505,37.6073],[-75.324,37.6231],[-75.3218,37.639],[-75.33,37.6469],[-75.39,37.6768],[-75.43,37.7071],[-75.45,37.7131],[-75.53,37.7112],[-75.63,37.7498],[-75.81,37.7753],[-75.85,37.797],[-75.8808,37.8288],[-75.8947,37.8604],[-75.89,37.8814],[-75.8686,37.9078],[-75.8459,37.9866],[-75.8541,38.0496],[-75.87,38.0786],[-75.93,38.0929],[-75.9455,38.1126],[-75.904,38.1441],[-75.8945,38.1598],[-75.8959,38.1755],[-75.91,38.1917],[-75.9452,38.207],[-75.95,38.2152],[-75.99,38.1902],[-76.0155,38.1913],[-76.0258,38.207],[-76.01,38.2149],[-75.97,38.2157],[-75.91,38.245],[-75.87,38.2851],[-75.8721,38.3169],[-75.9064,38.3797],[-75.9677,38.4424],[-76.01,38.5242],[-76.03,38.5402],[-76.13,38.5793],[-76.1793,38.6145],[-76.1892,38.6301],[-76.1864,38.6457],[-76.13,38.6628],[-76.11,38.6755],[-76.1028,38.7238],[-76.09,38.7374],[-76.07,38.7442],[-76.01,38.7446],[-75.91,38.7193],[-75.83,38.7283],[-75.65,38.6238],[-75.59,38.6103],[-75.55,38.5903],[-75.47,38.5228],[-75.43,38.4789],[-75.3442,38.411],[-75.2977,38.3326],[-75.25,38.2937],[-75.21,38.2912],[-75.13,38.3069],[-75.1129,38.3169],[-75.1508,38.3483],[-75.17,38.4155],[-75.2145,38.4737],[-75.2172,38.4893],[-75.2047,38.5206],[-75.1334,38.5832],[-75.1372,38.5988],[-75.15,38.6107],[-75.2015,38.6457],[-75.2123,38.6926],[-75.2292,38.7238],[-75.3125,38.7862],[-75.4131,38.8329],[-75.4307,38.8797],[-75.4495,38.8952],[-75.61,38.9236],[-75.6552,38.9419],[-75.6722,38.9575],[-75.6772,38.973],[-75.6534,39.0197],[-75.6883,39.0507],[-75.7378,39.1439],[-75.73,39.1747],[-75.71,39.19],[-75.63,39.2182],[-75.59,39.2187],[-75.5404,39.2369],[-75.5311,39.2524],[-75.5452,39.2834],[-75.5431,39.2988],[-75.4772,39.3762],[-75.431,39.4071],[-75.4161,39.4534]],[[-75.41,39.4557],[-75.4268,39.4071],[-75.4747,39.3762],[-75.5411,39.2988],[-75.5432,39.2834],[-75.5281,39.2524],[-75.5358,39.2369],[-75.59,39.2148],[-75.63,39.2118],[-75.71,39.1885],[-75.73,39.1714],[-75.7362,39.1439],[-75.6865,39.0507],[-75.6502,39.0197],[-75.6752,38.973],[-75.67,38.9575],[-75.65,38.9403],[-75.61,38.925],[-75.49,38.9075],[-75.445,38.8952],[-75.4272,38.8797],[-75.4097,38.8329],[-75.3101,38.7862],[-75.2413,38.7394],[-75.21,38.6926],[-75.1987,38.6457],[-75.1342,38.5988],[-75.1304,38.5832],[-75.2031,38.5206],[-75.2156,38.4893],[-75.2029,38.458],[-75.17,38.4202],[-75.15,38.3511],[-75.1058,38.3169],[-75.11,38.2976],[-75.15,38.3024],[-75.23,38.2855],[-75.27,38.2992],[-75.304,38.3326],[-75.3493,38.411],[-75.43,38.4756],[-75.55,38.5869],[-75.59,38.6073],[-75.65,38.6167],[-75.83,38.7248],[-75.91,38.7175],[-76.01,38.7434],[-76.07,38.7428],[-76.1003,38.7238],[-76.11,38.6732],[-76.13,38.6608],[-76.1816,38.6457],[-76.1858,38.6301],[-76.1763,38.6145],[-76.13,38.5811],[-76.03,38.5416],[-76.01,38.5261],[-75.9663,38.4424],[-75.9044,38.3797],[-75.8704,38.3169],[-75.8687,38.2855],[-75.8789,38.2698],[-75.944,38.2227],[-75.8927,38.1755],[-75.8914,38.1598],[-75.9004,38.1441],[-75.9412,38.1126],[-75.93,38.0953],[-75.87,38.0811],[-75.8566,38.0654],[-75.8445,38.0024],[-75.8635,37.9078],[-75.8906,37.8762],[-75.8929,37.8604],[-75.8791,37.8288],[-75.85,37.7985],[-75.81,37.7768],[-75.63,37.751],[-75.53,37.7125],[-75.45,37.7149],[-75.43,37.7094],[-75.39,37.6789],[-75.33,37.6494],[-75.3192,37.639],[-75.321,37.6231],[-75.35,37.6058],[-75.39,37.5939],[-75.43,37.6015],[-75.49,37.6301],[-75.55,37.6372],[-75.5583,37.6073],[-75.5448,37.5756],[-75.51,37.5471],[-75.43,37.5121],[-75.29,37.4834],[-75.2447,37.4645],[-75.17,37.3867],[-75.1617,37.3692],[-75.1746,37.3374],[-75.19,37.3203],[-75.2414,37.2897],[-75.2439,37.2738],[-75.13,37.1947],[-75.0879,37.1464],[-75.0252,37.0985],[-74.9834,37.0187],[-74.9675,37.0027],[-74.89,36.9653],[-74.83,36.9639],[-74.7854,36.9868],[-74.7436,37.0347],[-74.7277,37.0666],[-74.7438,37.1623],[-74.7533,37.1782],[-74.79,37.1917],[-74.817,37.2101],[-74.8224,37.226],[-74.8068,37.242],[-74.77,37.2467],[-74.73,37.2384],[-74.69,37.2514],[-74.65,37.2556],[-74.41,37.2439],[-74.33,37.2552],[-74.31,37.2699],[-74.3202,37.2897],[-74.4013,37.3533],[-74.4615,37.3851],[-74.4722,37.401],[-74.4673,37.4328],[-74.44,37.4487],[-74.3517,37.4645],[-74.3389,37.4804],[-74.346,37.4963],[-74.4381,37.5439],[-74.4602,37.5756],[-74.49,37.6583],[-74.5673,37.7023],[-74.5895,37.734],[-74.5817,37.7498],[-74.55,37.7552],[-74.4812,37.7498],[-74.39,37.7284],[-74.33,37.7335],[-74.1502,37.813],[-74.088,37.8604],[-74.0807,37.8762],[-74.1018,37.9235],[-74.088,37.9866],[-74.1065,38.0339],[-74.1083,38.0654],[-74.068,38.1126],[-74.0685,38.1284],[-74.0996,38.1598],[-74.17,38.2097],[-74.2055,38.2541],[-74.2207,38.2855],[-74.2202,38.3012],[-74.1963,38.3326],[-74.204,38.3953],[-74.1679,38.4424],[-74.2038,38.4893],[-74.2139,38.5206],[-74.208,38.5363],[-74.19,38.5472],[-74.1337,38.5676],[-74.1733,38.6301],[-74.1892,38.7082],[-74.2375,38.755],[-74.27,38.7702],[-74.2827,38.755],[-74.291,38.7082],[-74.31,38.6861],[-74.33,38.6839],[-74.37,38.7073],[-74.3963,38.7394],[-74.3999,38.7706],[-74.3831,38.8174],[-74.37,38.8332],[-74.35,38.8418],[-74.3095,38.8485],[-74.3012,38.8797],[-74.3156,38.8952],[-74.45,38.9525],[-74.5153,39.0041],[-74.6496,39.0818],[-74.69,39.1202],[-74.75,39.1619],[-74.87,39.2242],[-74.94,39.2834],[-75.13,39.4021],[-75.17,39.414],[-75.19,39.4075],[-75.2453,39.3298],[-75.27,39.3221],[-75.29,39.3257],[-75.31,39.3379],[-75.3263,39.3607],[-75.3551,39.438],[-75.39,39.4588],[-75.41,39.4557]],[[-76.01,38.2105],[-76.017,38.207],[-76.01,38.1953],[-75.9781,38.207],[-76.01,38.2105]]]}},{"type":"Feature","properties":{"c":"#00fb90","v0":0.04,"v1":0.05},"geometry":{"type":"Polygon","coordinates":[[[-104.4183,39.3143],[-104.41,39.3243],[-104.39,39.3232],[-104.3405,39.2988],[-104.3269,39.2834],[-104.3344,39.2059],[-104.3453,39.1749],[-104.37,39.1398],[-104.39,39.1354],[-104.45,39.1827],[-104.4757,39.2214],[-104.4723,39.2524],[-104.4183,39.3143]],[[-104.41,39.3098],[-104.452,39.2679],[-104.47,39.2291],[-104.45,39.1934],[-104.43,39.1749],[-104.39,39.1533],[-104.37,39.1581],[-104.35,39.187],[-104.3372,39.2679],[-104.3396,39.2834],[-104.3561,39.2988],[-104.39,39.311],[-104.41,39.3098]]]}},{"type":"Feature","properties":{"c":"#00fb90","v0":0.04,"v1":0.05},"geometry":{"type":"Polygon","coordinates":[[[-105.3516,39.1128],[-105.31,39.1137],[-105.29,39.1005],[-105.2898,39.0818],[-105.31,39.0604],[-105.33,39.0547],[-105.3584,39.0663],[-105.3678,39.0818],[-105.366,39.0973],[-105.3516,39.1128]],[[-105.35,39.1002],[-105.3567,39.0818],[-105.35,39.0688],[-105.33,39.0624],[-105.31,39.0697],[-105.3001,39.0973],[-105.33,39.1068],[-105.35,39.1002]]]}},{"type":"Feature","properties":{"c":"#00fb90","v0":0.04,"v1":0.05},"geometry":{"type":"Polygon","coordinates":[[[-104.2718,38.9575],[-104.25,38.9679],[-104.2404,38.9575],[-104.25,38.9459],[-104.2718,38.9575]]]}},{"type":"Feature","properties":{"c":"#00fb90","v0":0.04,"v1":0.05},"geometry":{"type":"Polygon","coordinates":[[[-76.1847,38.7706],[-76.17,38.7755],[-76.1551,38.755],[-76.1751,38.755],[-76.1847,38.7706]]]}},{"type":"Feature","properties":{"c":"#00fb90","v0":0.04,"v1":0.05},"geometry":{"type":"Polygon","coordinates":[[[-75.6561,38.4424],[-75.63,38.4522],[-75.5872,38.4267],[-75.51,38.4039],[-75.4761,38.364],[-75.4832,38.3326],[-75.51,38.3205],[-75.53,38.3229],[-75.59,38.3718],[-75.6458,38.3953],[-75.6623,38.411],[-75.6659,38.4267],[-75.6561,38.4424]],[[-75.63,38.4454],[-75.65,38.4415],[-75.6612,38.4267],[-75.65,38.4015],[-75.59,38.3743],[-75.53,38.3266],[-75.51,38.3252],[-75.4936,38.3326],[-75.4812,38.3483],[-75.4815,38.364],[-75.504,38.3953],[-75.53,38.4101],[-75.59,38.4228],[-75.63,38.4454]]]}},{"type":"Feature","properties":{"c":"#00fb90","v0":0.04,"v1":0.05},"geometry":{"type":"Polygon","coordinates":[[[-75.1168,38.2698],[-75.11,38.2824],[-75.09,38.2805],[-74.99,38.2545],[-74.9692,38.2384],[-74.97,38.1987],[-74.99,38.1851],[-75.01,38.1829],[-75.0435,38.1913],[-75.1138,38.2541],[-75.1168,38.2698]],[[-75.09,38.2751],[-75.1093,38.2698],[-75.1066,38.2541],[-75.05,38.2001],[-75.01,38.1856],[-74.9834,38.1913],[-74.9686,38.207],[-74.9714,38.2384],[-74.9955,38.2541],[-75.09,38.2751]]]}},{"type":"Feature","properties":{"c":"#00fb90","v0":0.04,"v1":0.05},"geometry":{"type":"Polygon","coordinates":[[[-75.4317,38.2384],[-75.39,38.2511],[-75.33,38.2458],[-75.176,38.1598],[-75.1428,38.1284],[-75.1515,38.0969],[-75.17,38.0711],[-75.25,38.0361],[-75.2686,38.0181],[-75.2749,38.0024],[-75.2694,37.9393],[-75.3266,37.9078],[-75.3361,37.892],[-75.3341,37.8288],[-75.3064,37.7814],[-75.3091,37.7656],[-75.33,37.7591],[-75.37,37.7672],[-75.4048,37.7972],[-75.4256,37.8288],[-75.4492,37.892],[-75.5027,37.9551],[-75.5052,37.9708],[-75.4515,38.0181],[-75.4486,38.0339],[-75.508,38.1126],[-75.5057,38.1755],[-75.4775,38.207],[-75.4317,38.2384]],[[-75.41,38.242],[-75.45,38.2238],[-75.5011,38.1755],[-75.5036,38.1126],[-75.446,38.0339],[-75.45,38.0163],[-75.5019,37.9708],[-75.4994,37.9551],[-75.446,37.892],[-75.4228,37.8288],[-75.4014,37.7972],[-75.37,37.7699],[-75.33,37.761],[-75.3142,37.7656],[-75.3086,37.7814],[-75.3365,37.8288],[-75.3382,37.892],[-75.3292,37.9078],[-75.2722,37.9393],[-75.2765,38.0024],[-75.2701,38.0181],[-75.25,38.0375],[-75.17,38.0739],[-75.1546,38.0969],[-75.1499,38.1284],[-75.1607,38.1441],[-75.19,38.1642],[-75.33,38.2374],[-75.37,38.2458],[-75.41,38.242]]]}},{"type":"Feature","properties":{"c":"#00fb90","v0":0.04,"v1":0.05},"geometry":{"type":"Polygon","coordinates":[[[-75.7353,37.8604],[-75.71,37.8609],[-75.7096,37.8446],[-75.7353,37.8604]]]}},{"type":"Feature","properties":{"c":"#00fb90","v0":0.04,"v1":0.05},"geometry":{"type":"Polygon","coordinates":[[[-76.5019,37.639],[-76.4655,37.639],[-76.4438,37.6231],[-76.4726,37.5914],[-76.49,37.5834],[-76.51,37.5833],[-76.5706,37.6073],[-76.576,37.6231],[-76.57,37.6322],[-76.55,37.6384],[-76.5019,37.639]],[[-76.57,37.6259],[-76.5656,37.6073],[-76.51,37.5858],[-76.4792,37.5914],[-76.4488,37.6231],[-76.47,37.6355],[-76.49,37.6361],[-76.55,37.6348],[-76.57,37.6259]]]}},{"type":"Feature","properties":{"c":"#00fb90","v0":0.04,"v1":0.05},"geometry":{"type":"Polygon","coordinates":[[[-77.5979,37.528],[-77.55,37.5282],[-77.47,37.4772],[-77.21,37.3739],[-77.17,37.3722],[-77.11,37.4018],[-77.09,37.4056],[-77.0648,37.401],[-77.0429,37.3851],[-77.01,37.3338],[-76.9452,37.3215],[-76.9465,37.226],[-76.9399,37.1464],[-76.9246,37.1145],[-76.93,37.1006],[-76.99,37.1109],[-77.07,37.0783],[-77.13,37.0833],[-77.17,37.0965],[-77.2221,37.1623],[-77.31,37.2317],[-77.37,37.2621],[-77.43,37.3357],[-77.45,37.3492],[-77.51,37.3659],[-77.57,37.3945],[-77.6602,37.4645],[-77.6698,37.4804],[-77.6681,37.4963],[-77.65,37.5094],[-77.5979,37.528]],[[-77.59,37.5282],[-77.6638,37.4963],[-77.6664,37.4804],[-77.6572,37.4645],[-77.57,37.3968],[-77.51,37.3686],[-77.45,37.3542],[-77.43,37.3402],[-77.37,37.2648],[-77.31,37.2337],[-77.2198,37.1623],[-77.17,37.0983],[-77.13,37.0847],[-77.07,37.0803],[-77.01,37.1113],[-76.9345,37.1145],[-76.9451,37.1464],[-76.9482,37.2738],[-76.9564,37.3056],[-76.97,37.3187],[-77.01,37.3184],[-77.03,37.3246],[-77.0384,37.3692],[-77.07,37.399],[-77.11,37.3981],[-77.17,37.3695],[-77.21,37.3711],[-77.47,37.4746],[-77.55,37.5256],[-77.59,37.5282]]]}},{"type":"Feature","properties":{"c":"#00fb90","v0":0.04,"v1":0.05},"geometry":{"type":"Polygon","coordinates":[[[-77.9355,37.3851],[-77.91,37.3957],[-77.87,37.3967],[-77.83,37.3911],[-77.81,37.3799],[-77.77,37.3523],[-77.7491,37.3056],[-77.69,37.2312],[-77.59,37.1847],[-77.47,37.0863],[-77.3605,37.0347],[-77.3048,36.9868],[-77.2918,36.9708],[-77.31,36.9642],[-77.41,36.9923],[-77.4651,37.0187],[-77.53,37.0688],[-77.57,37.0824],[-77.59,37.0816],[-77.6032,37.0666],[-77.6104,37.0027],[-77.6018,36.9868],[-77.57,36.9658],[-77.51,36.9538],[-77.442,36.9228],[-77.404,36.8748],[-77.3367,36.8268],[-77.301,36.6986],[-77.2487,36.6505],[-77.2409,36.6345],[-77.2519,36.6184],[-77.31,36.594],[-77.37,36.5899],[-77.4159,36.5702],[-77.53,36.5467],[-77.67,36.5404],[-77.73,36.5504],[-77.77,36.5719],[-77.7996,36.6023],[-77.83,36.6624],[-77.9008,36.7628],[-77.9159,36.8428],[-77.95,36.8937],[-77.97,36.9072],[-78.01,36.9172],[-78.0245,36.9068],[-78.0371,36.8748],[-78.05,36.8672],[-78.0908,36.8748],[-78.1033,36.8908],[-78.0997,36.9068],[-78.07,36.9202],[-78.03,36.9242],[-78.0272,36.9708],[-77.9678,37.0187],[-77.9924,37.0666],[-77.9975,37.1145],[-78.0249,37.2101],[-78.0142,37.242],[-77.9963,37.2579],[-77.9474,37.2738],[-77.9263,37.2897],[-77.9435,37.3533],[-77.9355,37.3851]],[[-77.93,37.3873],[-77.9419,37.3533],[-77.926,37.3056],[-77.93,37.2788],[-77.99,37.2598],[-78.0206,37.226],[-78.0217,37.1942],[-77.9959,37.1145],[-77.99,37.0666],[-77.9637,37.0187],[-77.9753,37.0027],[-78.01,36.9844],[-78.0228,36.9708],[-78.0251,36.9548],[-78.01,36.9246],[-77.97,36.91],[-77.93,36.8726],[-77.9135,36.8428],[-77.8989,36.7628],[-77.785,36.5863],[-77.75,36.5601],[-77.71,36.5456],[-77.67,36.5414],[-77.57,36.5453],[-77.5045,36.5542],[-77.39,36.5917],[-77.31,36.5977],[-77.262,36.6184],[-77.2483,36.6345],[-77.3141,36.7147],[-77.3406,36.8268],[-77.409,36.8748],[-77.4312,36.9068],[-77.452,36.9228],[-77.51,36.9492],[-77.57,36.9611],[-77.6081,36.9868],[-77.6155,37.0027],[-77.6096,37.0666],[-77.59,37.0884],[-77.57,37.0879],[-77.53,37.0738],[-77.4552,37.0187],[-77.41,36.9971],[-77.33,36.9791],[-77.3146,36.9868],[-77.3275,37.0027],[-77.368,37.0347],[-77.47,37.0824],[-77.59,37.1801],[-77.69,37.229],[-77.7512,37.3056],[-77.77,37.3473],[-77.81,37.3769],[-77.85,37.3936],[-77.91,37.394],[-77.93,37.3873]],[[-78.09,36.9103],[-78.0983,36.8908],[-78.09,36.8801],[-78.07,36.871],[-78.044,36.8748],[-78.0354,36.9068],[-78.05,36.9146],[-78.09,36.9103]]]}},{"type":"Feature","properties":{"c":"#00fb90","v0":0.04,"v1":0.05},"geometry":{"type":"Polygon","coordinates":[[[-75.3741,37.3374],[-75.35,37.3378],[-75.3245,37.3215],[-75.3046,37.226],[-75.3082,37.1942],[-75.3194,37.1782],[-75.35,37.1637],[-75.37,37.1625],[-75.41,37.1722],[-75.4522,37.1942],[-75.4732,37.2101],[-75.4897,37.242],[-75.4825,37.2738],[-75.47,37.2844],[-75.3741,37.3374]],[[-75.39,37.3284],[-75.4808,37.2738],[-75.4886,37.242],[-75.4713,37.2101],[-75.43,37.183],[-75.39,37.1665],[-75.35,37.1652],[-75.3222,37.1782],[-75.3064,37.2101],[-75.3203,37.3056],[-75.33,37.3238],[-75.35,37.3351],[-75.37,37.3363],[-75.39,37.3284]]]}},{"type":"Feature","properties":{"c":"#00fb90","v0":0.04,"v1":0.05},"geometry":{"type":"Polygon","coordinates":[[[-88.9863,36.9388],[-88.95,36.9371],[-88.93,36.9264],[-88.8639,36.8588],[-88.8596,36.8428],[-88.89,36.8351],[-88.9196,36.8428],[-88.9448,36.8588],[-88.9863,36.9388]],[[-88.95,36.9277],[-88.9599,36.9228],[-88.9356,36.8588],[-88.91,36.845],[-88.8798,36.8428],[-88.8736,36.8588],[-88.885,36.8748],[-88.91,36.9042],[-88.95,36.9277]]]}},{"type":"Feature","properties":{"c":"#00fb90","v0":0.04,"v1":0.05},"geometry":{"type":"Polygon","coordinates":[[[-89.9853,36.8428],[-89.97,36.8525],[-89.95,36.8546],[-89.9237,36.8428],[-89.9138,36.8108],[-89.93,36.7875],[-89.95,36.7805],[-89.97,36.7841],[-89.9847,36.7948],[-89.9954,36.8268],[-89.9853,36.8428]],[[-89.97,36.8511],[-89.99,36.8336],[-89.9934,36.8108],[-89.97,36.7857],[-89.95,36.7819],[-89.9241,36.7948],[-89.9155,36.8268],[-89.93,36.8462],[-89.95,36.8533],[-89.97,36.8511]]]}},{"type":"Feature","properties":{"c":"#00fb90","v0":0.04,"v1":0.05},"geometry":{"type":"Polygon","coordinates":[[[-77.6154,36.8428],[-77.59,36.8401],[-77.55,36.8135],[-77.5401,36.7948],[-77.5475,36.7788],[-77.59,36.7748],[-77.644,36.7948],[-77.6518,36.8108],[-77.6456,36.8268],[-77.63,36.8404],[-77.6154,36.8428]],[[-77.63,36.8353],[-77.6477,36.8108],[-77.64,36.7948],[-77.59,36.7765],[-77.5579,36.7788],[-77.55,36.785],[-77.5449,36.7948],[-77.5521,36.8108],[-77.57,36.8266],[-77.61,36.8396],[-77.63,36.8353]]]}},{"type":"Feature","properties":{"c":"#00fb90","v0":0.04,"v1":0.05},"geometry":{"type":"Polygon","coordinates":[[[-76.2251,36.7948],[-76.21,36.8031],[-76.1745,36.7948],[-76.1617,36.7788],[-76.17,36.7511],[-76.19,36.7418],[-76.217,36.7467],[-76.2309,36.7628],[-76.2332,36.7788],[-76.2251,36.7948]],[[-76.21,36.8009],[-76.23,36.781],[-76.2279,36.7628],[-76.21,36.7451],[-76.19,36.744],[-76.17,36.7549],[-76.1644,36.7788],[-76.19,36.8003],[-76.21,36.8009]]]}},{"type":"Feature","properties":{"c":"#00fb90","v0":0.04,"v1":0.05},"geometry":{"type":"Polygon","coordinates":[[[-88.8715,36.7467],[-88.85,36.7557],[-88.8429,36.7467],[-88.8389,36.7307],[-88.85,36.7097],[-88.87,36.7197],[-88.8715,36.7467]],[[-88.85,36.7483],[-88.864,36.7307],[-88.85,36.7182],[-88.8449,36.7307],[-88.85,36.7483]]]}},{"type":"Feature","properties":{"c":"#00fb90","v0":0.04,"v1":0.05},"geometry":{"type":"Polygon","coordinates":[[[-85.3946,36.0706],[-85.35,36.0749],[-85.31,36.0621],[-85.25,36.0196],[-85.1843,35.9898],[-85.1706,35.9736],[-85.1689,35.9574],[-85.19,35.9251],[-85.21,35.915],[-85.29,35.9087],[-85.31,35.9016],[-85.35,35.8536],[-85.37,35.8387],[-85.39,35.8347],[-85.4469,35.8602],[-85.4644,35.8926],[-85.4565,35.925],[-85.4102,35.9736],[-85.4058,35.9898],[-85.4183,36.0383],[-85.4147,36.0545],[-85.3946,36.0706]],[[-85.37,36.074],[-85.39,36.0705],[-85.4118,36.0545],[-85.4077,35.9736],[-85.45,35.9307],[-85.4609,35.9088],[-85.462,35.8926],[-85.45,35.8668],[-85.4135,35.844],[-85.39,35.8376],[-85.37,35.8417],[-85.35,35.8568],[-85.31,35.9051],[-85.29,35.9117],[-85.21,35.9171],[-85.19,35.9277],[-85.171,35.9574],[-85.173,35.9736],[-85.19,35.9915],[-85.25,36.0171],[-85.31,36.06],[-85.37,36.074]]]}},{"type":"Feature","properties":{"c":"#00fb90","v0":0.04,"v1":0.05},"geometry":{"type":"Polygon","coordinates":[[[-87.4521,35.9088],[-87.43,35.9177],[-87.4061,35.9088],[-87.3844,35.8926],[-87.3615,35.844],[-87.33,35.8227],[-87.3119,35.7791],[-87.3148,35.7629],[-87.33,35.7496],[-87.37,35.7535],[-87.407,35.7791],[-87.4346,35.8278],[-87.4665,35.8602],[-87.47,35.8803],[-87.4521,35.9088]],[[-87.45,35.8838],[-87.45,35.8671],[-87.4264,35.8602],[-87.4193,35.8764],[-87.43,35.8884],[-87.45,35.8838]],[[-87.39,35.8136],[-87.3967,35.7953],[-87.3886,35.7791],[-87.37,35.7656],[-87.35,35.7608],[-87.33,35.7731],[-87.3293,35.7953],[-87.35,35.8171],[-87.37,35.821],[-87.39,35.8136]]]}},{"type":"Feature","properties":{"c":"#00fb90","v0":0.04,"v1":0.05},"geometry":{"type":"Polygon","coordinates":[[[-76.4089,35.7466],[-76.39,35.7589],[-76.37,35.7563],[-76.3486,35.7304],[-76.3574,35.7142],[-76.37,35.7085],[-76.39,35.7121],[-76.4085,35.7304],[-76.4089,35.7466]],[[-76.39,35.7563],[-76.4048,35.7466],[-76.4051,35.7304],[-76.39,35.7146],[-76.37,35.711],[-76.3518,35.7304],[-76.37,35.7539],[-76.39,35.7563]]]}},{"type":"Feature","properties":{"c":"#00fb90","v0":0.04,"v1":0.05},"geometry":{"type":"Polygon","coordinates":[[[-84.1017,35.6817],[-84.07,35.6895],[-84.05,35.6831],[-83.99,35.6497],[-83.9731,35.6329],[-83.9674,35.6004],[-83.9858,35.4865],[-83.9246,35.3561],[-83.9286,35.3234],[-83.95,35.3113],[-83.97,35.3149],[-84.01,35.3421],[-84.0533,35.3887],[-84.0805,35.4376],[-84.1019,35.4539],[-84.15,35.463],[-84.23,35.4608],[-84.25,35.4708],[-84.3115,35.5516],[-84.31,35.5778],[-84.29,35.5951],[-84.23,35.6058],[-84.1017,35.6817]],[[-84.09,35.6845],[-84.23,35.604],[-84.29,35.5934],[-84.31,35.5731],[-84.3095,35.5516],[-84.25,35.4753],[-84.23,35.4642],[-84.15,35.4645],[-84.0976,35.4539],[-84.0772,35.4376],[-84.0502,35.3887],[-84.01,35.3452],[-83.97,35.3173],[-83.95,35.3142],[-83.93,35.3283],[-83.9272,35.3561],[-83.9887,35.4865],[-83.9693,35.6167],[-83.9757,35.6329],[-84.01,35.6599],[-84.07,35.687],[-84.09,35.6845]]]}},{"type":"Feature","properties":{"c":"#00fb90","v0":0.04,"v1":0.05},"geometry":{"type":"Polygon","coordinates":[[[-85.1556,35.1437],[-85.15,35.154],[-85.13,35.1568],[-85.11,35.1458],[-85.0785,35.111],[-85.0342,35.0783],[-85.0385,35.0619],[-85.07,35.0552],[-85.09,35.0622],[-85.15,35.1252],[-85.1556,35.1437]],[[-85.13,35.1489],[-85.1464,35.1437],[-85.13,35.1107],[-85.0714,35.0619],[-85.05,35.0686],[-85.0472,35.0783],[-85.13,35.1489]]]}},{"type":"Feature","properties":{"c":"#00fb90","v0":0.04,"v1":0.05},"geometry":{"type":"Polygon","coordinates":[[[-88.6923,34.7009],[-88.6678,34.7009],[-88.6616,34.6845],[-88.67,34.654],[-88.6928,34.668],[-88.6979,34.6845],[-88.6923,34.7009]],[[-88.69,34.691],[-88.69,34.6759],[-88.67,34.6657],[-88.67,34.6919],[-88.69,34.691]]]}},{"type":"Feature","properties":{"c":"#00fb90","v0":0.04,"v1":0.05},"geometry":{"type":"Polygon","coordinates":[[[-85.7036,34.7009],[-85.69,34.7065],[-85.6694,34.6845],[-85.6723,34.668],[-85.69,34.6552],[-85.71,34.6803],[-85.7036,34.7009]]]}},{"type":"Feature","properties":{"c":"#00fb90","v0":0.04,"v1":0.05},"geometry":{"type":"Polygon","coordinates":[[[-87.6816,34.5693],[-87.67,34.5731],[-87.63,34.5643],[-87.55,34.5135],[-87.51,34.497],[-87.47,34.4663],[-87.43,34.4497],[-87.402,34.4209],[-87.3915,34.3714],[-87.3985,34.3549],[-87.4602,34.3219],[-87.4945,34.2723],[-87.51,34.2616],[-87.59,34.2395],[-87.61,34.2278],[-87.65,34.164],[-87.67,34.1529],[-87.71,34.1498],[-87.74,34.1565],[-87.81,34.205],[-87.854,34.2723],[-87.8566,34.2888],[-87.8429,34.3053],[-87.79,34.3298],[-87.7779,34.4209],[-87.7002,34.5528],[-87.6816,34.5693]],[[-87.69,34.5556],[-87.7743,34.4209],[-87.79,34.3224],[-87.8381,34.3053],[-87.8535,34.2888],[-87.8511,34.2723],[-87.81,34.2104],[-87.73,34.1566],[-87.69,34.1518],[-87.65,34.1667],[-87.61,34.23],[-87.59,34.2411],[-87.5247,34.2558],[-87.4986,34.2723],[-87.4667,34.3219],[-87.4063,34.3549],[-87.398,34.3714],[-87.4036,34.4044],[-87.43,34.4383],[-87.49,34.4619],[-87.5135,34.4869],[-87.57,34.5173],[-87.5884,34.5363],[-87.63,34.5612],[-87.67,34.5671],[-87.69,34.5556]]]}},{"type":"Feature","properties":{"c":"#00fb90","v0":0.04,"v1":0.05},"geometry":{"type":"Polygon","coordinates":[[[-85.9592,34.5528],[-85.93,34.5583],[-85.91,34.5526],[-85.8932,34.5363],[-85.8894,34.5034],[-85.8993,34.4869],[-85.97,34.463],[-86.01,34.434],[-86.03,34.4293],[-86.0403,34.4374],[-86.0435,34.4539],[-86.022,34.5034],[-85.9901,34.5363],[-85.9592,34.5528]],[[-85.97,34.5432],[-86.0147,34.5034],[-86.0344,34.4539],[-86.03,34.4396],[-85.9156,34.4869],[-85.8982,34.5034],[-85.8958,34.5199],[-85.91,34.5443],[-85.93,34.5522],[-85.97,34.5432]]]}},{"type":"Feature","properties":{"c":"#00fb90","v0":0.04,"v1":0.05},"geometry":{"type":"Polygon","coordinates":[[[-84.942,34.5199],[-84.93,34.5335],[-84.91,34.527],[-84.8693,34.4869],[-84.7462,34.4374],[-84.69,34.393],[-84.6219,34.3053],[-84.57,34.258],[-84.5341,34.2062],[-84.3494,34.024],[-84.3318,33.9908],[-84.3795,33.9742],[-84.3917,33.9577],[-84.3691,33.9245],[-84.33,33.9121],[-84.31,33.9225],[-84.3204,33.9742],[-84.31,33.9793],[-84.29,33.9775],[-84.1905,33.9245],[-84.15,33.9107],[-84.13,33.911],[-84.0944,33.9245],[-84.09,33.932],[-84.0851,33.9245],[-83.95,33.8731],[-83.93,33.8684],[-83.89,33.8921],[-83.87,33.8799],[-83.8458,33.8414],[-83.7969,33.7916],[-83.7951,33.7583],[-83.8177,33.7084],[-83.7808,33.6419],[-83.7745,33.6085],[-83.79,33.5763],[-83.8275,33.5419],[-83.8296,33.4919],[-83.87,33.4446],[-83.89,33.44],[-83.93,33.4523],[-83.9524,33.4752],[-83.9606,33.5252],[-83.97,33.5357],[-84.05,33.562],[-84.17,33.65],[-84.25,33.6656],[-84.31,33.659],[-84.35,33.6646],[-84.4156,33.6918],[-84.47,33.7338],[-84.5646,33.8581],[-84.5596,33.9245],[-84.5924,33.9742],[-84.6184,34.0406],[-84.73,34.1707],[-84.8238,34.2392],[-84.87,34.2845],[-84.9234,34.3549],[-84.97,34.3846],[-85.0303,34.4044],[-85.0688,34.4539],[-85.0687,34.4704],[-84.99,34.4725],[-84.9672,34.4869],[-84.942,34.5199]],[[-84.93,34.516],[-84.97,34.4683],[-84.99,34.4575],[-85.0327,34.4539],[-85.0372,34.4374],[-85.0301,34.4209],[-84.93,34.3684],[-84.83,34.2507],[-84.73,34.178],[-84.71,34.1558],[-84.6767,34.1068],[-84.616,34.0406],[-84.5901,33.9742],[-84.5568,33.9245],[-84.5628,33.8581],[-84.47,33.7366],[-84.4113,33.6918],[-84.35,33.667],[-84.33,33.6623],[-84.25,33.6686],[-84.17,33.6517],[-84.0394,33.5586],[-83.97,33.5391],[-83.9576,33.5252],[-83.9502,33.4752],[-83.93,33.4543],[-83.89,33.4422],[-83.87,33.4474],[-83.8319,33.4919],[-83.8306,33.5419],[-83.79,33.5794],[-83.7762,33.6085],[-83.7824,33.6419],[-83.8192,33.7084],[-83.7967,33.7583],[-83.7986,33.7916],[-83.8488,33.8414],[-83.87,33.8758],[-83.89,33.8876],[-83.93,33.8653],[-84.09,33.9234],[-84.13,33.9088],[-84.15,33.9091],[-84.1931,33.9245],[-84.29,33.9747],[-84.3102,33.9742],[-84.31,33.9182],[-84.33,33.9095],[-84.37,33.9232],[-84.3968,33.9577],[-84.3896,33.9742],[-84.3406,33.9908],[-84.3526,34.024],[-84.5558,34.2227],[-84.574,34.2558],[-84.6286,34.3053],[-84.69,34.3847],[-84.75,34.4337],[-84.87,34.4773],[-84.91,34.5125],[-84.93,34.516]]]}},{"type":"Feature","properties":{"c":"#00fb90","v0":0.04,"v1":0.05},"geometry":{"type":"Polygon","coordinates":[[[-86.5783,34.4704],[-86.55,34.4779],[-86.53,34.4738],[-86.5065,34.4539],[-86.4953,34.4044],[-86.5154,34.3549],[-86.53,34.3511],[-86.57,34.3654],[-86.6191,34.4044],[-86.623,34.4209],[-86.6161,34.4374],[-86.5783,34.4704]],[[-86.57,34.4601],[-86.5966,34.4374],[-86.6037,34.4044],[-86.59,34.3867],[-86.55,34.3725],[-86.5327,34.3879],[-86.5223,34.4374],[-86.53,34.455],[-86.55,34.4641],[-86.57,34.4601]]]}},{"type":"Feature","properties":{"c":"#00fb90","v0":0.04,"v1":0.05},"geometry":{"type":"Polygon","coordinates":[[[-85.5525,34.4704],[-85.55,34.4789],[-85.53,34.4713],[-85.5082,34.4209],[-85.45,34.3841],[-85.3604,34.3053],[-85.3481,34.2888],[-85.35,34.2693],[-85.37,34.2631],[-85.41,34.2745],[-85.47,34.3382],[-85.49,34.3493],[-85.53,34.3472],[-85.59,34.318],[-85.65,34.3346],[-85.67,34.3322],[-85.7004,34.2723],[-85.6831,34.1896],[-85.6889,34.1565],[-85.73,34.1536],[-85.7596,34.14],[-85.77,34.1265],[-85.79,34.1261],[-85.7982,34.1896],[-85.7929,34.2062],[-85.75,34.2143],[-85.7415,34.2227],[-85.7341,34.2558],[-85.7492,34.2888],[-85.73,34.3254],[-85.5785,34.4044],[-85.5525,34.4704]],[[-85.55,34.4264],[-85.57,34.3937],[-85.634,34.3549],[-85.6104,34.3384],[-85.59,34.3359],[-85.53,34.3624],[-85.49,34.3683],[-85.47,34.3597],[-85.4175,34.2888],[-85.39,34.2729],[-85.3674,34.2723],[-85.3599,34.2888],[-85.39,34.3227],[-85.45,34.366],[-85.49,34.3826],[-85.5158,34.4044],[-85.53,34.4298],[-85.55,34.4264]],[[-85.71,34.3201],[-85.7249,34.3053],[-85.73,34.2876],[-85.71,34.2847],[-85.71,34.3201]],[[-85.71,34.2307],[-85.743,34.1896],[-85.73,34.1766],[-85.71,34.1723],[-85.6977,34.1896],[-85.71,34.2307]]]}},{"type":"Feature","properties":{"c":"#00fb90","v0":0.04,"v1":0.05},"geometry":{"type":"Polygon","coordinates":[[[-85.259,34.4209],[-85.25,34.4224],[-85.23,34.4074],[-85.1862,34.3549],[-85.19,34.3459],[-85.21,34.3397],[-85.27,34.3559],[-85.2776,34.3714],[-85.2769,34.4044],[-85.27,34.4174],[-85.259,34.4209]],[[-85.27,34.4106],[-85.2757,34.3879],[-85.27,34.3639],[-85.25,34.3514],[-85.2045,34.3549],[-85.2328,34.4044],[-85.25,34.4177],[-85.27,34.4106]]]}},{"type":"Feature","properties":{"c":"#00fb90","v0":0.04,"v1":0.05},"geometry":{"type":"Polygon","coordinates":[[[-88.3879,34.1234],[-88.37,34.1368],[-88.3619,34.1234],[-88.37,34.1034],[-88.3879,34.1234]]]}},{"type":"Feature","properties":{"c":"#00fb90","v0":0.04,"v1":0.05},"geometry":{"type":"Polygon","coordinates":[[[-85.1152,34.0737],[-85.11,34.0847],[-85.09,34.0891],[-85.07,34.0766],[-85.0473,34.0406],[-85.0372,34.0074],[-85.05,34.0056],[-85.09,34.0323],[-85.1152,34.0737]],[[-85.11,34.0752],[-85.09,34.0372],[-85.07,34.0222],[-85.05,34.019],[-85.0526,34.0406],[-85.07,34.0718],[-85.09,34.0839],[-85.11,34.0752]]]}},{"type":"Feature","properties":{"c":"#00fb90","v0":0.04,"v1":0.05},"geometry":{"type":"Polygon","coordinates":[[[-85.8112,33.8913],[-85.788,33.8747],[-85.7837,33.8581],[-85.79,33.8342],[-85.8101,33.8581],[-85.8157,33.8747],[-85.8112,33.8913]]]}},{"type":"Feature","properties":{"c":"#00fb90","v0":0.04,"v1":0.05},"geometry":{"type":"Polygon","coordinates":[[[-85.4375,33.8747],[-85.4099,33.8747],[-85.41,33.8531],[-85.43,33.8407],[-85.4497,33.8581],[-85.4375,33.8747]]]}},{"type":"Feature","properties":{"c":"#00fb90","v0":0.04,"v1":0.05},"geometry":{"type":"Polygon","coordinates":[[[-88.2654,33.7417],[-88.23,33.7466],[-88.2097,33.7417],[-88.1841,33.7251],[-88.1658,33.6918],[-88.1698,33.6752],[-88.2078,33.6419],[-88.23,33.6057],[-88.25,33.6023],[-88.31,33.6611],[-88.3241,33.6918],[-88.2967,33.7251],[-88.2654,33.7417]],[[-88.25,33.7441],[-88.293,33.7251],[-88.3206,33.6918],[-88.31,33.6656],[-88.25,33.6058],[-88.23,33.6118],[-88.2117,33.6419],[-88.1743,33.6752],[-88.1692,33.6918],[-88.19,33.7273],[-88.2168,33.7417],[-88.25,33.7441]]]}},{"type":"Feature","properties":{"c":"#00fb90","v0":0.04,"v1":0.05},"geometry":{"type":"Polygon","coordinates":[[[-87.5467,33.3583],[-87.53,33.369],[-87.49,33.3694],[-87.4638,33.3583],[-87.4658,33.3416],[-87.49,33.3267],[-87.5323,33.3416],[-87.5467,33.3583]],[[-87.53,33.3648],[-87.54,33.3583],[-87.51,33.3348],[-87.49,33.3312],[-87.4718,33.3416],[-87.4728,33.3583],[-87.49,33.3658],[-87.53,33.3648]]]}},{"type":"Feature","properties":{"c":"#00fb90","v0":0.04,"v1":0.05},"geometry":{"type":"Polygon","coordinates":[[[-88.1477,33.3416],[-88.13,33.3561],[-88.1192,33.3416],[-88.1126,33.3249],[-88.13,33.3023],[-88.1481,33.3249],[-88.1477,33.3416]],[[-88.13,33.35],[-88.1403,33.3416],[-88.1426,33.3249],[-88.13,33.3062],[-88.1179,33.3249],[-88.13,33.35]]]}},{"type":"Feature","properties":{"c":"#00fb90","v0":0.04,"v1":0.05},"geometry":{"type":"Polygon","coordinates":[[[-77.4886,33.1409],[-77.45,33.1546],[-77.41,33.1557],[-77.27,33.1266],[-77.21,33.1266],[-77.17,33.1191],[-77.05,33.0863],[-76.9807,33.0403],[-76.93,33.0325],[-76.89,33.018],[-76.84,32.9732],[-76.8358,32.9061],[-76.8487,32.8893],[-76.9208,32.8557],[-76.95,32.8238],[-76.9844,32.8053],[-76.993,32.7885],[-76.9806,32.738],[-76.9923,32.7043],[-76.9937,32.6707],[-76.9722,32.6033],[-76.9769,32.5864],[-77.13,32.4872],[-77.17,32.4694],[-77.23,32.4615],[-77.27,32.4659],[-77.29,32.4825],[-77.2966,32.5021],[-77.294,32.5359],[-77.27,32.6103],[-77.2377,32.6707],[-77.236,32.7043],[-77.258,32.7885],[-77.27,32.8053],[-77.316,32.8221],[-77.3248,32.8389],[-77.31,32.8623],[-77.29,32.8718],[-77.25,32.8726],[-77.2234,32.8893],[-77.2105,32.9229],[-77.2216,32.9564],[-77.2368,32.9732],[-77.31,33.0179],[-77.39,33.0348],[-77.43,33.0651],[-77.49,33.085],[-77.5046,33.1074],[-77.5022,33.1241],[-77.4886,33.1409]],[[-77.47,33.1483],[-77.4999,33.1241],[-77.5022,33.1074],[-77.49,33.0875],[-77.43,33.0678],[-77.39,33.0372],[-77.31,33.0202],[-77.2328,32.9732],[-77.2112,32.9397],[-77.2104,32.9061],[-77.23,32.8789],[-77.25,32.8687],[-77.29,32.8669],[-77.31,32.8576],[-77.3189,32.8389],[-77.31,32.8262],[-77.27,32.8107],[-77.255,32.7885],[-77.2422,32.7548],[-77.2322,32.6875],[-77.27,32.6033],[-77.2914,32.5359],[-77.2936,32.5021],[-77.2877,32.4853],[-77.2676,32.4684],[-77.23,32.4642],[-77.17,32.473],[-77.13,32.4913],[-76.9852,32.5864],[-76.9791,32.6033],[-76.9993,32.6875],[-76.987,32.738],[-76.9998,32.7885],[-76.9936,32.8053],[-76.9009,32.8725],[-76.85,32.8944],[-76.8377,32.9229],[-76.8422,32.9732],[-76.89,33.0168],[-76.93,33.0314],[-76.9853,33.0403],[-77.03,33.0741],[-77.07,33.0913],[-77.19,33.1228],[-77.27,33.1251],[-77.41,33.1535],[-77.47,33.1483]]]}},{"type":"Feature","properties":{"c":"#00fb90","v0":0.04,"v1":0.05},"geometry":{"type":"Polygon","coordinates":[[[-76.5034,32.738],[-76.45,32.7476],[-76.37,32.7424],[-76.29,32.7483],[-76.25,32.7312],[-76.2347,32.7043],[-76.2412,32.6875],[-76.2606,32.6707],[-76.31,32.6551],[-76.47,32.6603],[-76.5578,32.6875],[-76.5678,32.7043],[-76.5474,32.7212],[-76.5034,32.738]],[[-76.49,32.7396],[-76.5408,32.7212],[-76.5615,32.7043],[-76.5509,32.6875],[-76.47,32.6625],[-76.31,32.6574],[-76.2652,32.6707],[-76.2446,32.6875],[-76.238,32.7043],[-76.25,32.7278],[-76.29,32.7461],[-76.37,32.7403],[-76.45,32.7455],[-76.49,32.7396]]]}},{"type":"Feature","properties":{"c":"#00fb90","v0":0.04,"v1":0.05},"geometry":{"type":"Polygon","coordinates":[[[-84.4719,32.5864],[-84.4636,32.5864],[-84.45,32.5693],[-84.4749,32.5696],[-84.4719,32.5864]]]}},{"type":"Feature","properties":{"c":"#00fb90","v0":0.04,"v1":0.05},"geometry":{"type":"Polygon","coordinates":[[[-75.8526,32.3333],[-75.81,32.3398],[-75.7501,32.3333],[-75.65,32.2903],[-75.61,32.2818],[-75.39,32.2874],[-75.21,32.2773],[-75.13,32.2806],[-75.071,32.2657],[-75.05,32.25],[-75.0264,32.2149],[-75.01,32.2055],[-74.97,32.1987],[-74.89,32.206],[-74.57,32.2674],[-74.39,32.2905],[-74.31,32.2875],[-74.2804,32.2657],[-74.2724,32.2488],[-74.2876,32.198],[-74.3037,32.1811],[-74.51,32.0129],[-74.5947,31.9268],[-74.6593,31.8079],[-74.73,31.7265],[-74.8295,31.6377],[-74.89,31.6117],[-74.97,31.5649],[-75.003,31.5355],[-75.09,31.4217],[-75.1929,31.3478],[-75.205,31.3307],[-75.1987,31.3136],[-75.1394,31.2452],[-75.1374,31.2281],[-75.21,31.1726],[-75.3149,31.1083],[-75.3455,31.0398],[-75.39,30.9921],[-75.41,30.994],[-75.43,31.0211],[-75.4319,31.0398],[-75.41,31.0809],[-75.3473,31.1597],[-75.3442,31.1939],[-75.37,31.2164],[-75.41,31.2253],[-75.47,31.209],[-75.55,31.2092],[-75.59,31.1941],[-75.67,31.1378],[-75.7888,31.0741],[-75.89,31.0536],[-76.01,31.0186],[-76.05,31.0124],[-76.13,31.0314],[-76.21,30.9985],[-76.29,31.007],[-76.45,30.9902],[-76.55,30.9674],[-76.6543,30.9198],[-76.87,30.879],[-76.9648,30.7824],[-77.0027,30.7308],[-77.0258,30.7136],[-77.05,30.7075],[-77.13,30.7108],[-77.19,30.7548],[-77.29,30.7647],[-77.37,30.8204],[-77.41,30.8398],[-77.45,30.847],[-77.49,30.8412],[-77.57,30.8083],[-77.59,30.7933],[-77.6237,30.748],[-77.65,30.6955],[-77.6697,30.6792],[-77.79,30.6204],[-77.87,30.5335],[-77.89,30.5279],[-77.95,30.5457],[-77.99,30.5454],[-78.05,30.5651],[-78.13,30.5628],[-78.19,30.5743],[-78.29,30.5317],[-78.35,30.4937],[-78.4055,30.4381],[-78.4114,30.4209],[-78.4031,30.4036],[-78.4056,30.3864],[-78.4658,30.3691],[-78.59,30.3525],[-78.69,30.3647],[-78.83,30.3348],[-78.87,30.3448],[-78.9109,30.3691],[-79.01,30.41],[-79.05,30.4108],[-79.082,30.3864],[-79.0803,30.3519],[-79.01,30.2596],[-78.99,30.2435],[-78.97,30.2362],[-78.95,30.2409],[-78.91,30.298],[-78.89,30.299],[-78.85,30.2774],[-78.8392,30.2482],[-78.8462,30.231],[-78.89,30.2055],[-78.9009,30.1791],[-78.8851,30.1445],[-78.8195,30.058],[-78.83,30.0379],[-79.01,29.9788],[-79.15,30.0016],[-79.1889,30.0753],[-79.2147,30.0926],[-79.25,30.0977],[-79.31,30.0726],[-79.37,30.0896],[-79.378,30.1099],[-79.3714,30.1445],[-79.3856,30.1791],[-79.47,30.2516],[-79.55,30.2628],[-79.65,30.2961],[-79.67,30.2956],[-79.71,30.2568],[-79.73,30.2499],[-79.75,30.2519],[-79.8386,30.3173],[-79.9243,30.4209],[-79.9389,30.4898],[-79.93,30.5264],[-79.91,30.5353],[-79.87,30.5328],[-79.81,30.5426],[-79.7905,30.5588],[-79.7785,30.6104],[-79.7661,30.6276],[-79.71,30.6537],[-79.67,30.6916],[-79.63,30.6671],[-79.59,30.6271],[-79.57,30.6367],[-79.564,30.6792],[-79.5676,30.6964],[-79.5823,30.7136],[-79.63,30.72],[-79.6535,30.7136],[-79.67,30.7004],[-79.69,30.7051],[-79.8448,30.7996],[-79.8644,30.8339],[-79.8629,30.8683],[-79.8345,30.9026],[-79.7688,30.9198],[-79.67,30.9698],[-79.65,30.9703],[-79.55,30.9654],[-79.35,30.8915],[-79.25,30.8908],[-79.21,30.8838],[-79.1417,30.8511],[-79.09,30.7922],[-79.07,30.79],[-79.0471,30.8339],[-79.01,30.8603],[-78.93,30.8733],[-78.89,30.8631],[-78.84,30.8339],[-78.827,30.8168],[-78.8323,30.7308],[-78.7896,30.6448],[-78.7722,30.5588],[-78.7488,30.5243],[-78.71,30.4936],[-78.63,30.4718],[-78.57,30.4453],[-78.53,30.4477],[-78.51,30.4581],[-78.4978,30.4726],[-78.5099,30.5071],[-78.6249,30.6104],[-78.65,30.6485],[-78.6964,30.6964],[-78.6971,30.7308],[-78.67,30.7639],[-78.65,30.7733],[-78.51,30.8124],[-78.43,30.8252],[-78.39,30.8563],[-78.35,30.8736],[-78.3202,30.9026],[-78.3168,30.9198],[-78.3301,30.9712],[-78.3205,31.0741],[-78.3317,31.1255],[-78.3539,31.1597],[-78.3955,31.1939],[-78.3991,31.211],[-78.37,31.4237],[-78.3511,31.4843],[-78.3578,31.5866],[-78.3404,31.7228],[-78.312,31.7909],[-78.3011,31.8758],[-78.288,31.9098],[-78.2698,31.9268],[-78.17,31.9791],[-78.13,31.9908],[-78.01,31.9706],[-77.93,31.9854],[-77.81,31.9932],[-77.77,31.9884],[-77.7154,31.9607],[-77.6722,31.9268],[-77.6566,31.8928],[-77.6577,31.8588],[-77.65,31.8457],[-77.63,31.8365],[-77.6046,31.8419],[-77.5874,31.8588],[-77.5776,31.8928],[-77.53,31.9735],[-77.49,31.9847],[-77.45,31.9816],[-77.4297,31.9607],[-77.4471,31.9268],[-77.5088,31.9098],[-77.527,31.8928],[-77.5211,31.8588],[-77.49,31.8147],[-77.35,31.7647],[-77.275,31.7058],[-77.19,31.6195],[-77.13,31.5807],[-77.09,31.5747],[-76.95,31.5748],[-76.89,31.5968],[-76.8108,31.6377],[-76.53,31.7157],[-76.3627,31.7739],[-76.15,31.8151],[-76.03,31.8501],[-75.93,31.8616],[-75.75,31.8971],[-75.721,31.9098],[-75.7091,31.9268],[-75.7084,31.9438],[-75.7161,31.9777],[-75.7406,32.0116],[-75.95,32.1223],[-76.0313,32.1811],[-76.0348,32.198],[-76.0267,32.2149],[-75.99,32.235],[-75.93,32.2426],[-75.8248,32.2318],[-75.79,32.2468],[-75.7938,32.2657],[-75.8519,32.2995],[-75.8635,32.3164],[-75.8526,32.3333]],[[-75.83,32.3357],[-75.8568,32.3164],[-75.8437,32.2995],[-75.7818,32.2657],[-75.7769,32.2488],[-75.79,32.2358],[-75.83,32.2277],[-75.93,32.24],[-75.97,32.237],[-76.0217,32.2149],[-76.03,32.1942],[-76.01,32.1659],[-75.9587,32.1303],[-75.735,32.0116],[-75.7192,31.9947],[-75.7019,31.9438],[-75.7013,31.9268],[-75.7122,31.9098],[-75.75,31.8932],[-76.03,31.8452],[-76.13,31.8153],[-76.3423,31.7739],[-76.53,31.7106],[-76.7869,31.6377],[-76.8339,31.6207],[-76.91,31.5792],[-76.95,31.5681],[-77.11,31.57],[-77.15,31.5799],[-77.2265,31.6377],[-77.2887,31.7058],[-77.37,31.7624],[-77.49,31.7965],[-77.55,31.8413],[-77.61,31.8217],[-77.65,31.827],[-77.6681,31.8419],[-77.6685,31.8928],[-77.6813,31.9268],[-77.7233,31.9607],[-77.77,31.9833],[-77.81,31.9874],[-77.93,31.9811],[-78.01,31.9664],[-78.13,31.9879],[-78.17,31.9762],[-78.2647,31.9268],[-78.2841,31.9098],[-78.2981,31.8758],[-78.3058,31.7909],[-78.3363,31.7228],[-78.3529,31.5866],[-78.3372,31.4843],[-78.3634,31.4161],[-78.3935,31.211],[-78.3883,31.1939],[-78.344,31.1597],[-78.3224,31.1255],[-78.3144,31.0741],[-78.3274,30.9712],[-78.3132,30.9198],[-78.3161,30.9026],[-78.33,30.8833],[-78.39,30.8509],[-78.43,30.8193],[-78.45,30.8111],[-78.51,30.8083],[-78.65,30.7703],[-78.67,30.76],[-78.6933,30.7308],[-78.6913,30.6964],[-78.6223,30.6104],[-78.5062,30.5071],[-78.4924,30.4726],[-78.5046,30.4554],[-78.53,30.4435],[-78.57,30.4417],[-78.63,30.468],[-78.71,30.4902],[-78.75,30.5211],[-78.7752,30.5588],[-78.7922,30.6448],[-78.8348,30.7308],[-78.8299,30.8168],[-78.8438,30.8339],[-78.89,30.8609],[-78.93,30.8713],[-79.01,30.8575],[-79.0421,30.8339],[-79.0537,30.7996],[-79.07,30.7823],[-79.09,30.7861],[-79.1083,30.7996],[-79.1521,30.8511],[-79.21,30.8803],[-79.25,30.8882],[-79.35,30.889],[-79.43,30.914],[-79.55,30.9636],[-79.65,30.9682],[-79.67,30.9672],[-79.7608,30.9198],[-79.8305,30.9026],[-79.852,30.8855],[-79.8605,30.8683],[-79.8619,30.8339],[-79.8409,30.7996],[-79.77,30.7507],[-79.69,30.7102],[-79.67,30.7076],[-79.61,30.7237],[-79.5775,30.7136],[-79.5611,30.6792],[-79.5699,30.6276],[-79.59,30.6214],[-79.63,30.6634],[-79.67,30.6827],[-79.71,30.6505],[-79.7613,30.6276],[-79.7749,30.6104],[-79.7854,30.5588],[-79.8,30.5415],[-79.87,30.5304],[-79.91,30.5329],[-79.9283,30.5243],[-79.9371,30.4898],[-79.9225,30.4209],[-79.8363,30.3173],[-79.75,30.2537],[-79.73,30.2516],[-79.71,30.2587],[-79.67,30.2998],[-79.65,30.299],[-79.55,30.2641],[-79.47,30.253],[-79.3835,30.1791],[-79.3686,30.1445],[-79.3736,30.1099],[-79.3668,30.0926],[-79.31,30.0779],[-79.25,30.1005],[-79.21,30.0938],[-79.185,30.0753],[-79.1416,30.006],[-79.05,29.9831],[-79.01,29.9811],[-78.83,30.0429],[-78.824,30.058],[-78.8315,30.0753],[-78.8887,30.1445],[-78.9066,30.1791],[-78.9078,30.1964],[-78.8916,30.2137],[-78.8573,30.231],[-78.8466,30.2482],[-78.8504,30.2655],[-78.89,30.2901],[-78.915,30.2828],[-78.95,30.2288],[-78.99,30.2392],[-79.01,30.255],[-79.0848,30.3519],[-79.0892,30.3864],[-79.077,30.4036],[-79.05,30.4159],[-79.01,30.414],[-78.85,30.3425],[-78.83,30.3397],[-78.69,30.3682],[-78.59,30.358],[-78.47,30.3743],[-78.4308,30.3864],[-78.4275,30.4381],[-78.31,30.5272],[-78.23,30.5588],[-78.2229,30.576],[-78.27,30.5977],[-78.33,30.582],[-78.35,30.5869],[-78.37,30.601],[-78.4541,30.6964],[-78.4574,30.7136],[-78.45,30.7273],[-78.39,30.7704],[-78.35,30.7768],[-78.25,30.7604],[-78.21,30.7459],[-78.17,30.7214],[-78.1481,30.6964],[-78.139,30.662],[-78.1676,30.5932],[-78.165,30.576],[-78.13,30.5696],[-78.05,30.5726],[-77.99,30.5542],[-77.93,30.5515],[-77.89,30.5413],[-77.7908,30.6276],[-77.6592,30.6964],[-77.6194,30.7652],[-77.59,30.7998],[-77.55,30.8245],[-77.49,30.8477],[-77.45,30.8518],[-77.41,30.8452],[-77.37,30.8265],[-77.29,30.7698],[-77.19,30.76],[-77.114,30.7136],[-77.05,30.7137],[-77.01,30.7353],[-76.8966,30.8683],[-76.87,30.8844],[-76.6689,30.9198],[-76.55,30.9719],[-76.45,30.9956],[-76.29,31.0121],[-76.21,31.006],[-76.13,31.036],[-76.05,31.0175],[-76.0112,31.0227],[-75.79,31.0804],[-75.6716,31.1426],[-75.59,31.2025],[-75.55,31.2158],[-75.49,31.2147],[-75.41,31.2343],[-75.39,31.2326],[-75.35,31.2144],[-75.3312,31.1939],[-75.334,31.1597],[-75.41,31.0622],[-75.4197,31.0398],[-75.41,31.0089],[-75.39,31.0046],[-75.35,31.0534],[-75.3443,31.0912],[-75.3296,31.1083],[-75.2111,31.1768],[-75.1461,31.2281],[-75.147,31.2452],[-75.2113,31.3136],[-75.2185,31.3307],[-75.2073,31.3478],[-75.15,31.3806],[-75.09,31.4292],[-74.99,31.5544],[-74.93,31.5966],[-74.8161,31.6548],[-74.73,31.7378],[-74.6673,31.8079],[-74.6005,31.9268],[-74.51,32.0201],[-74.3145,32.1811],[-74.29,32.2137],[-74.2877,32.2488],[-74.2995,32.2657],[-74.33,32.2811],[-74.39,32.2828],[-74.5458,32.2657],[-74.89,32.2029],[-74.99,32.1964],[-75.0413,32.2149],[-75.07,32.2507],[-75.13,32.271],[-75.39,32.283],[-75.61,32.2763],[-75.65,32.2844],[-75.7153,32.3164],[-75.7697,32.3333],[-75.83,32.3357]],[[-77.49,31.9792],[-77.5275,31.9607],[-77.53,31.9405],[-77.51,31.9288],[-77.49,31.9278],[-77.45,31.9382],[-77.4414,31.9607],[-77.45,31.9729],[-77.49,31.9792]],[[-78.37,30.7704],[-78.41,30.7507],[-78.4507,30.7136],[-78.448,30.6964],[-78.37,30.6052],[-78.33,30.5871],[-78.27,30.6036],[-78.21,30.5793],[-78.19,30.5792],[-78.1574,30.6276],[-78.1458,30.662],[-78.1534,30.6964],[-78.1676,30.7136],[-78.21,30.7418],[-78.25,30.7568],[-78.37,30.7704]]]}},{"type":"Feature","properties":{"c":"#00fb90","v0":0.04,"v1":0.05},"geometry":{"type":"Polygon","coordinates":[[[-74.6449,31.4332],[-74.6094,31.4332],[-74.5958,31.4161],[-74.6069,31.399],[-74.63,31.3924],[-74.64,31.399],[-74.6515,31.4161],[-74.6449,31.4332]]]}},{"type":"Feature","properties":{"c":"#00fb90","v0":0.04,"v1":0.05},"geometry":{"type":"Polygon","coordinates":[[[-79.6743,31.4161],[-79.65,31.4264],[-79.61,31.4266],[-79.43,31.3908],[-79.2156,31.3136],[-79.19,31.2932],[-79.1816,31.2623],[-79.1946,31.2452],[-79.2269,31.2281],[-79.31,31.2017],[-79.35,31.2048],[-79.41,31.2386],[-79.49,31.2621],[-79.55,31.3011],[-79.65,31.3358],[-79.6824,31.3649],[-79.6894,31.3819],[-79.6876,31.399],[-79.6743,31.4161]],[[-79.67,31.4166],[-79.6845,31.399],[-79.6865,31.3819],[-79.6797,31.3649],[-79.65,31.3378],[-79.55,31.3025],[-79.49,31.2637],[-79.41,31.2404],[-79.35,31.2076],[-79.31,31.2042],[-79.23,31.2303],[-79.2002,31.2452],[-79.1859,31.2623],[-79.1857,31.2794],[-79.1967,31.2965],[-79.2217,31.3136],[-79.43,31.3893],[-79.61,31.4247],[-79.65,31.4241],[-79.67,31.4166]]]}},{"type":"Feature","properties":{"c":"#00fb90","v0":0.04,"v1":0.05},"geometry":{"type":"Polygon","coordinates":[[[-82.8584,31.3649],[-82.83,31.3687],[-82.79,31.3494],[-82.75,31.2681],[-82.73,31.2466],[-82.67,31.2237],[-82.6547,31.211],[-82.6451,31.1939],[-82.6412,31.1426],[-82.63,31.1123],[-82.5754,31.0741],[-82.551,31.0398],[-82.5466,31.0055],[-82.557,30.9369],[-82.5482,30.9026],[-82.51,30.8803],[-82.35,30.8378],[-82.23,30.7624],[-82.1061,30.6448],[-82.0725,30.5932],[-82.07,30.5698],[-82.09,30.5561],[-82.17,30.5512],[-82.25,30.5705],[-82.27,30.5693],[-82.2814,30.5588],[-82.2973,30.5243],[-82.3019,30.4381],[-82.33,30.3179],[-82.35,30.3272],[-82.41,30.4356],[-82.43,30.4527],[-82.47,30.4625],[-82.49,30.4757],[-82.5385,30.6276],[-82.5642,30.6792],[-82.63,30.7542],[-82.7558,30.9369],[-82.7823,31.0055],[-82.85,31.0888],[-82.8946,31.1768],[-82.9614,31.2452],[-82.9581,31.2794],[-82.9214,31.3307],[-82.89,31.3546],[-82.8584,31.3649]],[[-82.85,31.3654],[-82.89,31.3527],[-82.919,31.3307],[-82.9546,31.2794],[-82.9573,31.2452],[-82.8926,31.1768],[-82.85,31.0925],[-82.7787,31.0055],[-82.7526,30.9369],[-82.7231,30.9026],[-82.63,30.7578],[-82.5614,30.6792],[-82.5353,30.6276],[-82.49,30.4871],[-82.47,30.4695],[-82.43,30.459],[-82.41,30.4404],[-82.35,30.3333],[-82.33,30.328],[-82.3044,30.4381],[-82.2997,30.5243],[-82.286,30.5588],[-82.27,30.5735],[-82.25,30.5737],[-82.17,30.5532],[-82.09,30.5587],[-82.071,30.576],[-82.0752,30.5932],[-82.1081,30.6448],[-82.23,30.7613],[-82.35,30.8358],[-82.5291,30.8855],[-82.5508,30.9026],[-82.5591,30.9198],[-82.5489,31.0055],[-82.5537,31.0398],[-82.5794,31.0741],[-82.6304,31.1083],[-82.6402,31.1255],[-82.647,31.1939],[-82.6572,31.211],[-82.7308,31.2452],[-82.75,31.2655],[-82.7907,31.3478],[-82.81,31.3622],[-82.85,31.3654]]]}},{"type":"Feature","properties":{"c":"#00fb90","v0":0.04,"v1":0.05},"geometry":{"type":"Polygon","coordinates":[[[-83.0434,31.0227],[-83.03,31.0342],[-83.01,31.0385],[-82.99,31.0319],[-82.9598,30.9884],[-82.892,30.9369],[-82.8596,30.8855],[-82.8543,30.8683],[-82.871,30.8168],[-82.8691,30.7824],[-82.7969,30.576],[-82.8146,30.4898],[-82.834,30.4726],[-82.91,30.4608],[-82.95,30.4717],[-82.9838,30.5071],[-83.0113,30.5588],[-83.0182,30.5932],[-82.9939,30.6276],[-82.9902,30.6448],[-83.0433,30.9198],[-83.0492,31.0055],[-83.0434,31.0227]],[[-83.03,31.0292],[-83.0452,31.0055],[-83.0419,30.9198],[-82.9883,30.6448],[-82.991,30.6276],[-83.0157,30.5932],[-83.0151,30.576],[-82.99,30.519],[-82.95,30.4745],[-82.91,30.4637],[-82.85,30.4727],[-82.8196,30.4898],[-82.8003,30.576],[-82.8707,30.7824],[-82.8729,30.8168],[-82.8579,30.8683],[-82.8629,30.8855],[-82.895,30.9369],[-82.963,30.9884],[-82.99,31.0245],[-83.01,31.0333],[-83.03,31.0292]]]}},{"type":"Feature","properties":{"c":"#00fb90","v0":0.04,"v1":0.05},"geometry":{"type":"Polygon","coordinates":[[[-79.4176,30.7652],[-79.39,30.7767],[-79.3408,30.7652],[-79.3192,30.748],[-79.3237,30.7308],[-79.35,30.7243],[-79.37,30.7287],[-79.4086,30.748],[-79.4176,30.7652]],[[-79.41,30.7678],[-79.404,30.748],[-79.3709,30.7308],[-79.329,30.7308],[-79.3239,30.748],[-79.3472,30.7652],[-79.39,30.7738],[-79.41,30.7678]]]}},{"type":"Feature","properties":{"c":"#00fb90","v0":0.04,"v1":0.05},"geometry":{"type":"Polygon","coordinates":[[[-80.9788,30.7308],[-80.95,30.738],[-80.91,30.7193],[-80.8652,30.662],[-80.87,30.6516],[-80.97,30.6909],[-80.9833,30.7136],[-80.9788,30.7308]],[[-80.97,30.7328],[-80.9794,30.7136],[-80.97,30.695],[-80.9437,30.6792],[-80.8855,30.662],[-80.8834,30.6792],[-80.91,30.7158],[-80.9332,30.7308],[-80.97,30.7328]]]}},{"type":"Feature","properties":{"c":"#00fb90","v0":0.04,"v1":0.05},"geometry":{"type":"Polygon","coordinates":[[[-84.4127,30.4381],[-84.39,30.4426],[-84.3628,30.4209],[-84.3535,30.4036],[-84.37,30.3907],[-84.39,30.3981],[-84.4131,30.4209],[-84.4127,30.4381]],[[-84.39,30.4398],[-84.4054,30.4381],[-84.4103,30.4209],[-84.39,30.401],[-84.37,30.3953],[-84.3593,30.4036],[-84.3662,30.4209],[-84.39,30.4398]]]}},{"type":"Feature","properties":{"c":"#00fb90","v0":0.04,"v1":0.05},"geometry":{"type":"Polygon","coordinates":[[[-79.7301,30.4036],[-79.71,30.4097],[-79.69,30.3938],[-79.6823,30.3691],[-79.69,30.3467],[-79.7234,30.3691],[-79.733,30.3864],[-79.7301,30.4036]],[[-79.71,30.4067],[-79.7204,30.4036],[-79.7308,30.3864],[-79.71,30.3604],[-79.69,30.3515],[-79.6884,30.3864],[-79.71,30.4067]]]}},{"type":"Feature","properties":{"c":"#00fb90","v0":0.04,"v1":0.05},"geometry":{"type":"Polygon","coordinates":[[[-81.0337,30.3346],[-81.01,30.3332],[-80.99,30.3236],[-80.9082,30.2655],[-80.8805,30.231],[-80.87,30.1909],[-80.89,30.1856],[-80.95,30.193],[-80.99,30.215],[-81.0466,30.2828],[-81.0509,30.3173],[-81.0337,30.3346]],[[-81.03,30.3337],[-81.048,30.3173],[-81.0498,30.3001],[-81.0345,30.2655],[-81.01,30.236],[-80.95,30.1957],[-80.91,30.1913],[-80.8828,30.1964],[-80.8845,30.231],[-80.91,30.2635],[-80.99,30.3215],[-81.03,30.3337]]]}},{"type":"Feature","properties":{"c":"#00fb90","v0":0.04,"v1":0.05},"geometry":{"type":"Polygon","coordinates":[[[-84.2739,30.2828],[-84.27,30.2926],[-84.25,30.2899],[-84.19,30.2701],[-84.15,30.286],[-84.1283,30.2828],[-84.1117,30.2655],[-84.1077,30.2482],[-84.11,30.1616],[-84.13,30.1651],[-84.2038,30.2137],[-84.2504,30.2482],[-84.2739,30.2828]],[[-84.25,30.2855],[-84.2655,30.2828],[-84.2597,30.2655],[-84.2419,30.2482],[-84.13,30.1718],[-84.1164,30.1791],[-84.1133,30.2482],[-84.13,30.2774],[-84.15,30.2786],[-84.17,30.2643],[-84.19,30.2629],[-84.25,30.2855]]]}},{"type":"Feature","properties":{"c":"#00fb90","v0":0.04,"v1":0.05},"geometry":{"type":"Polygon","coordinates":[[[-93.5495,29.8153],[-93.53,29.8237],[-93.49,29.8251],[-93.4561,29.8153],[-93.4383,29.798],[-93.4462,29.7806],[-93.4776,29.7633],[-93.51,29.7568],[-93.55,29.7594],[-93.5753,29.7806],[-93.5689,29.798],[-93.5495,29.8153]],[[-93.53,29.8222],[-93.5665,29.798],[-93.5724,29.7806],[-93.5557,29.7633],[-93.53,29.7577],[-93.49,29.7614],[-93.4497,29.7806],[-93.4422,29.798],[-93.4613,29.8153],[-93.49,29.8235],[-93.53,29.8222]]]}},{"type":"Feature","properties":{"c":"#00fb90","v0":0.04,"v1":0.05},"geometry":{"type":"Polygon","coordinates":[[[-93.006,29.798],[-92.89,29.7929],[-92.79,29.7668],[-92.7605,29.7459],[-92.7776,29.7285],[-92.81,29.7243],[-92.89,29.7434],[-92.99,29.7494],[-93.0271,29.7633],[-93.0327,29.7806],[-93.006,29.798]],[[-92.99,29.7991],[-93.0285,29.7806],[-93.0227,29.7633],[-92.99,29.7514],[-92.89,29.7453],[-92.81,29.7262],[-92.7852,29.7285],[-92.7653,29.7459],[-92.786,29.7633],[-92.87,29.7866],[-92.99,29.7991]]]}},{"type":"Feature","properties":{"c":"#00fb90","v0":0.04,"v1":0.05},"geometry":{"type":"Polygon","coordinates":[[[-77.3502,29.7459],[-77.33,29.7575],[-77.3182,29.7459],[-77.3198,29.7285],[-77.3328,29.7285],[-77.3502,29.7459]]]}},{"type":"Feature","properties":{"c":"#00fb90","v0":0.04,"v1":0.05},"geometry":{"type":"Polygon","coordinates":[[[-91.5581,29.5895],[-91.49,29.6065],[-91.43,29.6005],[-91.3541,29.5547],[-91.339,29.5373],[-91.3367,29.5199],[-91.3556,29.5025],[-91.39,29.493],[-91.45,29.4989],[-91.49,29.5181],[-91.5408,29.5547],[-91.556,29.5721],[-91.5581,29.5895]],[[-91.55,29.591],[-91.5526,29.5721],[-91.5384,29.5547],[-91.45,29.5002],[-91.39,29.4943],[-91.3601,29.5025],[-91.3395,29.5199],[-91.3415,29.5373],[-91.3563,29.5547],[-91.43,29.5994],[-91.49,29.6055],[-91.55,29.591]]]}},{"type":"Feature","properties":{"c":"#00fb90","v0":0.04,"v1":0.05},"geometry":{"type":"Polygon","coordinates":[[[-85.1474,29.5895],[-85.13,29.6038],[-85.11,29.6023],[-85.05,29.5805],[-85.0011,29.5373],[-84.9901,29.5199],[-84.99,29.4982],[-85.0079,29.4851],[-85.03,29.4813],[-85.09,29.4851],[-85.11,29.5053],[-85.145,29.5721],[-85.1474,29.5895]],[[-85.13,29.6],[-85.1428,29.5895],[-85.1417,29.5721],[-85.1042,29.5025],[-85.09,29.489],[-85.03,29.4846],[-85.01,29.4889],[-84.9925,29.5025],[-85.0041,29.5373],[-85.0391,29.5721],[-85.09,29.5955],[-85.13,29.6]]]}},{"type":"Feature","properties":{"c":"#00fb90","v0":0.04,"v1":0.05},"geometry":{"type":"Polygon","coordinates":[[[-78.3333,29.5547],[-78.31,29.5644],[-78.27,29.5647],[-78.246,29.5547],[-78.2348,29.5373],[-78.2465,29.5199],[-78.2769,29.5025],[-78.33,29.4937],[-78.3607,29.5025],[-78.3679,29.5199],[-78.3333,29.5547]],[[-78.31,29.5613],[-78.3517,29.5373],[-78.3624,29.5199],[-78.353,29.5025],[-78.31,29.4971],[-78.253,29.5199],[-78.2422,29.5373],[-78.2559,29.5547],[-78.29,29.5639],[-78.31,29.5613]]]}},{"type":"Feature","properties":{"c":"#00fb90","v0":0.04,"v1":0.05},"geometry":{"type":"Polygon","coordinates":[[[-85.3721,29.5373],[-85.35,29.5464],[-85.23,29.5344],[-85.19,29.5216],[-85.09,29.4644],[-84.9828,29.3282],[-84.9379,29.2934],[-84.87,29.2678],[-84.83,29.2868],[-84.81,29.2875],[-84.77,29.2772],[-84.75,29.2629],[-84.7383,29.241],[-84.7731,29.2061],[-84.7572,29.1886],[-84.65,29.1602],[-84.51,29.0988],[-84.43,29.0797],[-84.35,29.012],[-84.31,28.9912],[-84.11,28.9519],[-84.07,28.9526],[-83.95,28.979],[-83.91,28.9699],[-83.85,28.9439],[-83.69,28.9417],[-83.57,28.9229],[-83.5279,28.9789],[-83.5287,28.9964],[-83.63,29.0351],[-83.6549,29.0488],[-83.6675,29.0663],[-83.6637,29.0838],[-83.6169,29.1537],[-83.55,29.1661],[-83.53,29.1665],[-83.4545,29.1362],[-83.33,29.1035],[-83.25,29.106],[-83.15,29.1317],[-83.07,29.0964],[-83.01,29.0896],[-83.0059,29.1013],[-83.0921,29.2236],[-83.1069,29.2585],[-83.1094,29.3108],[-83.0917,29.3282],[-83.07,29.3291],[-82.91,29.2528],[-82.8087,29.1712],[-82.7062,29.1013],[-82.55,29.0223],[-82.35,28.8694],[-82.19,28.8157],[-82.11,28.7777],[-82.03,28.7715],[-81.8611,28.7336],[-81.79,28.7305],[-81.783,28.7336],[-81.781,28.7512],[-81.8549,28.8038],[-81.857,28.8388],[-81.8505,28.8563],[-81.8321,28.8738],[-81.79,28.8846],[-81.65,28.8912],[-81.59,28.8797],[-81.45,28.8703],[-81.4437,28.8738],[-81.4671,28.9264],[-81.4648,28.9439],[-81.41,28.9884],[-81.35,28.9996],[-81.321,29.0139],[-81.332,29.0488],[-81.41,29.125],[-81.5418,29.2236],[-81.6205,29.3282],[-81.63,29.3687],[-81.65,29.3713],[-81.674,29.3457],[-81.71,29.3366],[-81.75,29.3433],[-81.7818,29.3631],[-81.7812,29.3805],[-81.7597,29.398],[-81.744,29.4328],[-81.73,29.4443],[-81.71,29.4482],[-81.6705,29.4328],[-81.63,29.3849],[-81.57,29.3958],[-81.55,29.3916],[-81.51,29.3568],[-81.45,29.3517],[-81.41,29.3391],[-81.35,29.3156],[-81.27,29.2717],[-81.19,29.2581],[-81.13,29.2293],[-81.01,29.1926],[-80.93,29.1893],[-80.81,29.1606],[-80.6568,29.0838],[-80.542,29.0488],[-80.5165,29.0314],[-80.55,28.9964],[-80.5567,28.9789],[-80.5613,28.9439],[-80.55,28.9258],[-80.37,28.918],[-80.27,28.9217],[-80.2047,28.9089],[-80.1725,28.8914],[-80.1896,28.8738],[-80.27,28.8494],[-80.3067,28.8213],[-80.4057,28.7687],[-80.45,28.7339],[-80.55,28.7442],[-80.67,28.7287],[-80.73,28.7076],[-80.79,28.6959],[-80.8148,28.681],[-80.8212,28.6635],[-80.8122,28.6108],[-80.83,28.5997],[-80.89,28.6027],[-80.93,28.5959],[-81.01,28.5331],[-81.03,28.5313],[-81.21,28.5983],[-81.27,28.6069],[-81.2805,28.5932],[-81.1941,28.5054],[-81.21,28.4936],[-81.35,28.5176],[-81.41,28.539],[-81.43,28.5535],[-81.4353,28.5757],[-81.43,28.5812],[-81.41,28.5948],[-81.3611,28.6108],[-81.3536,28.6283],[-81.3797,28.6459],[-81.55,28.6741],[-81.61,28.692],[-81.6375,28.6459],[-81.644,28.5757],[-81.6347,28.5405],[-81.6022,28.5054],[-81.5964,28.4878],[-81.6043,28.4702],[-81.65,28.4532],[-81.75,28.4638],[-81.7741,28.4526],[-81.7815,28.435],[-81.7561,28.3471],[-81.7524,28.2942],[-81.7111,28.2238],[-81.63,28.1573],[-81.6236,28.118],[-81.63,28.1098],[-81.65,28.1067],[-81.73,28.1296],[-81.79,28.1328],[-81.83,28.1231],[-81.89,28.0773],[-81.95,28.0621],[-81.9682,28.0474],[-81.9605,27.9944],[-81.9648,27.9768],[-82.0355,27.9061],[-82.0669,27.8884],[-82.09,27.8842],[-82.21,27.8856],[-82.31,27.9025],[-82.37,27.8703],[-82.39,27.866],[-82.4087,27.8707],[-82.4223,27.8884],[-82.4222,27.9061],[-82.4054,27.9414],[-82.4105,27.9591],[-82.45,27.9992],[-82.47,28.0095],[-82.51,28.0027],[-82.57,27.9623],[-82.61,27.9643],[-82.67,27.995],[-82.69,27.9978],[-82.75,27.9627],[-82.81,27.9611],[-82.87,27.9472],[-82.91,27.9558],[-82.9329,27.9768],[-82.9354,27.9944],[-82.9168,28.0121],[-82.918,28.0297],[-82.95,28.0649],[-83.05,28.0754],[-83.0953,28.1003],[-83.1097,28.118],[-83.1159,28.1533],[-83.1084,28.1709],[-83.0467,28.2238],[-83.0491,28.259],[-83.0674,28.2766],[-83.2517,28.4175],[-83.29,28.4375],[-83.37,28.4584],[-83.3934,28.4878],[-83.3912,28.523],[-83.4058,28.5405],[-83.47,28.5369],[-83.55,28.5424],[-83.63,28.5852],[-83.65,28.5862],[-83.6771,28.5581],[-83.699,28.4702],[-83.71,28.4571],[-83.73,28.4511],[-83.79,28.4809],[-83.85,28.4862],[-83.87,28.4802],[-83.8947,28.4526],[-83.9347,28.435],[-83.9457,28.4175],[-83.93,28.3694],[-83.91,28.3458],[-83.853,28.3119],[-83.8492,28.2942],[-83.87,28.2808],[-83.99,28.3108],[-84.07,28.346],[-84.09,28.3507],[-84.11,28.3394],[-84.0967,28.2942],[-84.03,28.1986],[-83.81,28.101],[-83.7628,28.065],[-83.6621,27.9591],[-83.6557,27.9414],[-83.67,27.9179],[-83.75,27.897],[-83.81,27.8702],[-83.85,27.8662],[-83.95,27.8981],[-83.9848,27.9238],[-84.0697,28.0121],[-84.11,28.0338],[-84.15,28.0401],[-84.21,28.0312],[-84.29,28.0526],[-84.41,28.0471],[-84.4379,28.065],[-84.4593,28.118],[-84.49,28.1597],[-84.53,28.1884],[-84.67,28.2069],[-84.75,28.2046],[-84.81,28.2262],[-84.8424,28.259],[-84.8843,28.3647],[-84.8871,28.4702],[-84.9597,28.5405],[-84.9991,28.5932],[-85.0531,28.681],[-85.11,28.7949],[-85.15,28.8237],[-85.19,28.8386],[-85.25,28.8215],[-85.31,28.8208],[-85.37,28.7998],[-85.39,28.7994],[-85.45,28.8192],[-85.4781,28.8388],[-85.4907,28.8563],[-85.51,28.9264],[-85.4932,28.9439],[-85.45,28.9552],[-85.4375,28.9789],[-85.45,29.0372],[-85.47,29.0466],[-85.4997,29.0488],[-85.51,29.0622],[-85.4797,29.0838],[-85.4905,29.1362],[-85.47,29.1463],[-85.37,29.14],[-85.35,29.1484],[-85.3343,29.2061],[-85.3003,29.241],[-85.2969,29.2759],[-85.23,29.2851],[-85.2146,29.2934],[-85.2163,29.3108],[-85.2695,29.398],[-85.382,29.5025],[-85.3829,29.5199],[-85.3721,29.5373]],[[-85.35,29.544],[-85.37,29.5354],[-85.38,29.5199],[-85.3792,29.5025],[-85.2671,29.398],[-85.2135,29.3108],[-85.2098,29.2934],[-85.23,29.2824],[-85.2828,29.2759],[-85.29,29.2697],[-85.2959,29.241],[-85.3303,29.2061],[-85.35,29.1441],[-85.37,29.1373],[-85.45,29.1446],[-85.4832,29.1362],[-85.47,29.0864],[-85.4441,29.0488],[-85.4336,28.9789],[-85.4358,28.9614],[-85.45,28.9507],[-85.49,28.9405],[-85.505,28.9264],[-85.49,28.8638],[-85.4737,28.8388],[-85.4481,28.8213],[-85.39,28.8024],[-85.37,28.8032],[-85.31,28.8258],[-85.25,28.827],[-85.21,28.8475],[-85.15,28.8271],[-85.11,28.7976],[-85.0897,28.7687],[-85.0612,28.6985],[-84.9971,28.5932],[-84.9574,28.5405],[-84.8856,28.4702],[-84.8824,28.3647],[-84.8409,28.259],[-84.81,28.2277],[-84.75,28.2064],[-84.67,28.2085],[-84.525,28.1885],[-84.49,28.1632],[-84.4565,28.118],[-84.4346,28.065],[-84.41,28.0501],[-84.27,28.0552],[-84.21,28.0366],[-84.15,28.0427],[-84.11,28.0354],[-84.0678,28.0121],[-83.9826,27.9238],[-83.95,27.8998],[-83.91,27.8821],[-83.85,27.8677],[-83.81,27.8716],[-83.75,27.8983],[-83.67,27.9207],[-83.6585,27.9414],[-83.6647,27.9591],[-83.7647,28.065],[-83.81,28.0995],[-84.03,28.1965],[-84.1093,28.3119],[-84.1126,28.3471],[-84.09,28.3543],[-83.9843,28.3119],[-83.87,28.285],[-83.8551,28.2942],[-83.8586,28.3119],[-83.91,28.3413],[-83.9408,28.3823],[-83.9492,28.4175],[-83.9399,28.435],[-83.9007,28.4526],[-83.87,28.4914],[-83.85,28.4949],[-83.83,28.4865],[-83.77,28.4806],[-83.73,28.4547],[-83.71,28.4619],[-83.6808,28.5581],[-83.67,28.5774],[-83.65,28.5895],[-83.63,28.5877],[-83.55,28.5444],[-83.3785,28.5405],[-83.3915,28.5054],[-83.3823,28.4702],[-83.3521,28.4526],[-83.29,28.439],[-83.249,28.4175],[-83.0642,28.2766],[-83.0469,28.259],[-83.0449,28.2238],[-83.0577,28.2061],[-83.1055,28.1709],[-83.1134,28.1533],[-83.1074,28.118],[-83.092,28.1003],[-83.05,28.0769],[-82.9476,28.065],[-82.9141,28.0297],[-82.9094,28.0121],[-82.931,27.9944],[-82.9292,27.9768],[-82.91,27.9583],[-82.87,27.9493],[-82.83,27.9605],[-82.75,27.9646],[-82.69,28.0003],[-82.67,27.9972],[-82.61,27.9661],[-82.57,27.9644],[-82.51,28.0047],[-82.47,28.0124],[-82.45,28.0029],[-82.4053,27.9591],[-82.4006,27.9414],[-82.4195,27.9061],[-82.4193,27.8884],[-82.3983,27.8707],[-82.37,27.8733],[-82.31,27.9053],[-82.25,27.8952],[-82.09,27.8867],[-82.0404,27.9061],[-81.9678,27.9768],[-81.9632,27.9944],[-81.97,28.0501],[-81.95,28.0654],[-81.89,28.0804],[-81.83,28.1257],[-81.77,28.1342],[-81.71,28.1294],[-81.65,28.1111],[-81.6285,28.118],[-81.6313,28.1533],[-81.7155,28.2238],[-81.7578,28.2942],[-81.7612,28.3471],[-81.7851,28.435],[-81.7783,28.4526],[-81.75,28.4664],[-81.67,28.4544],[-81.63,28.4594],[-81.6087,28.4702],[-81.6003,28.4878],[-81.6062,28.5054],[-81.6457,28.5581],[-81.6448,28.6283],[-81.63,28.7017],[-81.61,28.7006],[-81.55,28.677],[-81.3745,28.6459],[-81.3473,28.6283],[-81.3515,28.6108],[-81.41,28.5922],[-81.4318,28.5757],[-81.4312,28.5581],[-81.4088,28.5405],[-81.3623,28.523],[-81.23,28.4976],[-81.2039,28.5054],[-81.2864,28.5932],[-81.2854,28.6108],[-81.23,28.6061],[-81.0265,28.5405],[-80.93,28.5994],[-80.83,28.6037],[-80.8187,28.6108],[-80.8252,28.6635],[-80.8194,28.681],[-80.7908,28.6985],[-80.73,28.71],[-80.67,28.7307],[-80.55,28.746],[-80.45,28.7398],[-80.41,28.771],[-80.31,28.8231],[-80.27,28.853],[-80.1996,28.8738],[-80.1799,28.8914],[-80.2131,28.9089],[-80.27,28.9194],[-80.37,28.9155],[-80.55,28.9226],[-80.5593,28.9264],[-80.5668,28.9439],[-80.5608,28.9789],[-80.5284,29.0314],[-80.5502,29.0488],[-80.6632,29.0838],[-80.7942,29.1537],[-80.93,29.1878],[-81.01,29.1906],[-81.13,29.225],[-81.19,29.2544],[-81.27,29.2704],[-81.35,29.3141],[-81.41,29.3377],[-81.45,29.3497],[-81.51,29.3537],[-81.55,29.386],[-81.57,29.3908],[-81.6095,29.3805],[-81.6163,29.3457],[-81.5527,29.241],[-81.5217,29.2061],[-81.4209,29.1362],[-81.3461,29.0663],[-81.3193,29.0314],[-81.3171,29.0139],[-81.33,29.0021],[-81.41,28.9855],[-81.4608,28.9439],[-81.464,28.9264],[-81.4387,28.8738],[-81.45,28.8674],[-81.59,28.8783],[-81.65,28.8896],[-81.79,28.883],[-81.83,28.8727],[-81.8476,28.8563],[-81.856,28.8213],[-81.85,28.8028],[-81.7926,28.7687],[-81.7758,28.7512],[-81.7743,28.7336],[-81.79,28.7267],[-81.87,28.7327],[-82.03,28.7695],[-82.11,28.7763],[-82.19,28.8144],[-82.35,28.8683],[-82.55,29.0211],[-82.7085,29.1013],[-82.81,29.1707],[-82.91,29.2515],[-83.07,29.3268],[-83.09,29.3261],[-83.1061,29.3108],[-83.1049,29.2585],[-83.0899,29.2236],[-83.0018,29.1013],[-83.005,29.0838],[-83.07,29.0941],[-83.15,29.1295],[-83.25,29.104],[-83.33,29.102],[-83.461,29.1362],[-83.53,29.1637],[-83.55,29.1632],[-83.61,29.1517],[-83.6602,29.0838],[-83.6641,29.0663],[-83.6513,29.0488],[-83.6176,29.0314],[-83.5126,28.9964],[-83.57,28.9186],[-83.61,28.9302],[-83.69,28.9397],[-83.85,28.9421],[-83.91,28.9679],[-83.95,28.9766],[-84.07,28.9505],[-84.11,28.9505],[-84.31,28.9898],[-84.35,29.0106],[-84.43,29.0778],[-84.51,29.097],[-84.65,29.1587],[-84.7614,29.1886],[-84.7777,29.2061],[-84.77,29.222],[-84.7443,29.241],[-84.7491,29.2585],[-84.77,29.2738],[-84.81,29.2842],[-84.87,29.2633],[-84.91,29.2768],[-84.9863,29.3282],[-85.07,29.4386],[-85.11,29.4753],[-85.21,29.5288],[-85.35,29.544]],[[-81.73,29.4412],[-81.7544,29.398],[-81.7743,29.3805],[-81.7762,29.3631],[-81.73,29.341],[-81.69,29.3448],[-81.6451,29.398],[-81.6562,29.4154],[-81.69,29.4413],[-81.71,29.4458],[-81.73,29.4412]]]}},{"type":"Feature","properties":{"c":"#00fb90","v0":0.04,"v1":0.05},"geometry":{"type":"Polygon","coordinates":[[[-85.5585,29.4676],[-85.53,29.477],[-85.51,29.4735],[-85.4798,29.4502],[-85.4752,29.4328],[-85.49,29.4239],[-85.53,29.4312],[-85.5545,29.4502],[-85.5585,29.4676]],[[-85.55,29.4702],[-85.5509,29.4502],[-85.53,29.4339],[-85.51,29.427],[-85.4808,29.4328],[-85.4833,29.4502],[-85.5029,29.4676],[-85.53,29.4745],[-85.55,29.4702]]]}},{"type":"Feature","properties":{"c":"#00fb90","v0":0.04,"v1":0.05},"geometry":{"type":"Polygon","coordinates":[[[-91.226,29.398],[-91.21,29.4071],[-91.17,29.3998],[-91.1193,29.3631],[-91.13,29.3524],[-91.1855,29.3631],[-91.217,29.3805],[-91.226,29.398]],[[-91.21,29.4037],[-91.2201,29.398],[-91.2129,29.3805],[-91.19,29.3684],[-91.15,29.3574],[-91.1256,29.3631],[-91.1716,29.398],[-91.21,29.4037]]]}},{"type":"Feature","properties":{"c":"#00fb90","v0":0.04,"v1":0.05},"geometry":{"type":"Polygon","coordinates":[[[-78.5895,29.398],[-78.49,29.4121],[-78.4175,29.398],[-78.4134,29.3805],[-78.47,29.3197],[-78.59,29.2775],[-78.67,29.2598],[-78.71,29.2614],[-78.7467,29.2759],[-78.7511,29.2934],[-78.6967,29.3457],[-78.65,29.3747],[-78.5895,29.398]],[[-78.57,29.4008],[-78.65,29.373],[-78.69,29.3487],[-78.7462,29.2934],[-78.74,29.2759],[-78.69,29.2608],[-78.65,29.2649],[-78.59,29.2791],[-78.47,29.3223],[-78.4195,29.3805],[-78.4313,29.398],[-78.49,29.4098],[-78.57,29.4008]]]}},{"type":"Feature","properties":{"c":"#00fb90","v0":0.04,"v1":0.05},"geometry":{"type":"Polygon","coordinates":[[[-90.945,29.3282],[-90.91,29.3293],[-90.8156,29.2934],[-90.7956,29.2759],[-90.7875,29.2585],[-90.7909,29.241],[-90.81,29.2287],[-90.83,29.2273],[-90.89,29.2511],[-90.952,29.2934],[-90.959,29.3108],[-90.945,29.3282]],[[-90.93,29.33],[-90.956,29.3108],[-90.9491,29.2934],[-90.9282,29.2759],[-90.85,29.2331],[-90.81,29.2307],[-90.7939,29.241],[-90.7897,29.2585],[-90.7977,29.2759],[-90.8183,29.2934],[-90.87,29.3155],[-90.93,29.33]]]}},{"type":"Feature","properties":{"c":"#00fb90","v0":0.04,"v1":0.05},"geometry":{"type":"Polygon","coordinates":[[[-88.1138,29.3282],[-88.09,29.3329],[-88.05,29.3208],[-87.99,29.3146],[-87.91,29.276],[-87.8588,29.2236],[-87.8541,29.2061],[-87.8597,29.1886],[-87.89,29.1736],[-87.95,29.1857],[-88.1134,29.3108],[-88.1138,29.3282]],[[-88.09,29.3306],[-88.1064,29.3282],[-88.1094,29.3108],[-87.95,29.1877],[-87.89,29.1755],[-87.8625,29.1886],[-87.8565,29.2061],[-87.861,29.2236],[-87.91,29.274],[-87.99,29.3129],[-88.05,29.3184],[-88.09,29.3306]]]}},{"type":"Feature","properties":{"c":"#00fb90","v0":0.04,"v1":0.05},"geometry":{"type":"Polygon","coordinates":[[[-86.8521,29.2759],[-86.81,29.2827],[-86.7899,29.2759],[-86.782,29.2585],[-86.85,29.2543],[-86.8521,29.2759]],[[-86.83,29.2795],[-86.8422,29.2759],[-86.8431,29.2585],[-86.7917,29.2585],[-86.7999,29.2759],[-86.83,29.2795]]]}},{"type":"Feature","properties":{"c":"#00fb90","v0":0.04,"v1":0.05},"geometry":{"type":"Polygon","coordinates":[[[-92.5474,29.241],[-92.49,29.2474],[-92.43,29.2373],[-92.4132,29.2236],[-92.4172,29.2061],[-92.43,29.1937],[-92.49,29.164],[-92.57,29.1406],[-92.61,29.1124],[-92.65,29.1072],[-92.6779,29.1188],[-92.6889,29.1362],[-92.6707,29.1712],[-92.5876,29.2236],[-92.5474,29.241]],[[-92.53,29.2439],[-92.57,29.2316],[-92.6679,29.1712],[-92.686,29.1362],[-92.6741,29.1188],[-92.65,29.1093],[-92.61,29.1147],[-92.57,29.1426],[-92.49,29.1655],[-92.4395,29.1886],[-92.4205,29.2061],[-92.4172,29.2236],[-92.43,29.234],[-92.47,29.2445],[-92.53,29.2439]]]}},{"type":"Feature","properties":{"c":"#00fb90","v0":0.04,"v1":0.05},"geometry":{"type":"Polygon","coordinates":[[[-86.9093,29.2236],[-86.89,29.23],[-86.87,29.2258],[-86.85,29.1983],[-86.8208,29.1188],[-86.83,29.0872],[-86.87,29.0969],[-86.9303,29.1537],[-86.9409,29.1886],[-86.93,29.2097],[-86.9093,29.2236]],[[-86.89,29.2271],[-86.9311,29.2061],[-86.9381,29.1712],[-86.89,29.1136],[-86.85,29.0912],[-86.83,29.0945],[-86.8235,29.1188],[-86.8388,29.1712],[-86.87,29.2216],[-86.89,29.2271]]]}},{"type":"Feature","properties":{"c":"#00fb90","v0":0.04,"v1":0.05},"geometry":{"type":"Polygon","coordinates":[[[-81.7772,29.0663],[-81.75,29.0719],[-81.73,29.066],[-81.6421,29.0314],[-81.6266,29.0139],[-81.67,29.0014],[-81.7236,29.0139],[-81.77,29.0352],[-81.7819,29.0488],[-81.7772,29.0663]],[[-81.77,29.0669],[-81.7775,29.0488],[-81.75,29.0265],[-81.67,29.0047],[-81.634,29.0139],[-81.6513,29.0314],[-81.73,29.0621],[-81.77,29.0669]]]}},{"type":"Feature","properties":{"c":"#00fb90","v0":0.04,"v1":0.05},"geometry":{"type":"Polygon","coordinates":[[[-83.4757,29.0139],[-83.45,29.0185],[-83.43,29.0129],[-83.4161,28.9964],[-83.4195,28.9789],[-83.43,28.9703],[-83.45,28.968],[-83.485,28.9789],[-83.508,28.9964],[-83.4757,29.0139]],[[-83.45,29.0163],[-83.47,29.0132],[-83.4958,28.9964],[-83.4788,28.9789],[-83.45,28.9703],[-83.43,28.9727],[-83.4189,28.9964],[-83.43,29.0096],[-83.45,29.0163]]]}},{"type":"Feature","properties":{"c":"#00fb90","v0":0.04,"v1":0.05},"geometry":{"type":"Polygon","coordinates":[[[-89.4269,28.9789],[-89.39,28.9782],[-89.3715,28.9614],[-89.37,28.9424],[-89.39,28.9292],[-89.43,28.9375],[-89.4461,28.9614],[-89.4269,28.9789]],[[-89.41,28.98],[-89.43,28.9741],[-89.4424,28.9614],[-89.4357,28.9439],[-89.41,28.9326],[-89.39,28.9321],[-89.3728,28.9439],[-89.3749,28.9614],[-89.39,28.9751],[-89.41,28.98]]]}},{"type":"Feature","properties":{"c":"#00fb90","v0":0.04,"v1":0.05},"geometry":{"type":"Polygon","coordinates":[[[-85.3413,28.9439],[-85.31,28.9506],[-85.27,28.9382],[-85.25,28.9228],[-85.2374,28.8914],[-85.25,28.8781],[-85.27,28.8748],[-85.33,28.879],[-85.35,28.8902],[-85.3635,28.9089],[-85.3623,28.9264],[-85.3413,28.9439]],[[-85.33,28.9444],[-85.354,28.9264],[-85.3557,28.9089],[-85.3415,28.8914],[-85.29,28.8777],[-85.25,28.8842],[-85.2432,28.8914],[-85.2435,28.9089],[-85.27,28.9357],[-85.29,28.9448],[-85.33,28.9444]]]}},{"type":"Feature","properties":{"c":"#00fb90","v0":0.04,"v1":0.05},"geometry":{"type":"Polygon","coordinates":[[[-93.017,28.8914],[-92.97,28.9017],[-92.936,28.8914],[-92.9268,28.8738],[-92.95,28.8562],[-93.01,28.8556],[-93.0275,28.8738],[-93.017,28.8914]],[[-93.01,28.8933],[-93.0241,28.8738],[-93.0039,28.8563],[-92.9593,28.8563],[-92.9312,28.8738],[-92.95,28.895],[-92.99,28.8991],[-93.01,28.8933]]]}},{"type":"Feature","properties":{"c":"#00fb90","v0":0.04,"v1":0.05},"geometry":{"type":"Polygon","coordinates":[[[-92.3753,28.8038],[-92.33,28.805],[-92.31,28.7913],[-92.3038,28.7687],[-92.3149,28.7512],[-92.35,28.7428],[-92.39,28.7636],[-92.3985,28.7862],[-92.3753,28.8038]],[[-92.35,28.8055],[-92.39,28.791],[-92.3915,28.7687],[-92.3686,28.7512],[-92.33,28.746],[-92.31,28.7622],[-92.309,28.7862],[-92.33,28.8022],[-92.35,28.8055]]]}},{"type":"Feature","properties":{"c":"#00fb90","v0":0.04,"v1":0.05},"geometry":{"type":"Polygon","coordinates":[[[-82.8364,28.7687],[-82.81,28.7727],[-82.77,28.7554],[-82.7278,28.7161],[-82.7102,28.681],[-82.73,28.666],[-82.79,28.6989],[-82.8327,28.7336],[-82.8431,28.7512],[-82.8364,28.7687]],[[-82.81,28.7699],[-82.83,28.7681],[-82.8397,28.7512],[-82.8307,28.7336],[-82.7866,28.6985],[-82.73,28.6695],[-82.7149,28.681],[-82.7299,28.7161],[-82.77,28.7529],[-82.81,28.7699]]]}},{"type":"Feature","properties":{"c":"#00fb90","v0":0.04,"v1":0.05},"geometry":{"type":"Polygon","coordinates":[[[-84.0906,28.7512],[-84.01,28.7627],[-83.9582,28.7512],[-83.9237,28.7336],[-83.9086,28.7161],[-83.8937,28.6459],[-83.8401,28.5757],[-83.8355,28.5581],[-83.87,28.5135],[-84.01,28.5578],[-84.0905,28.6108],[-84.1037,28.6459],[-84.1099,28.7161],[-84.0906,28.7512]],[[-84.07,28.7556],[-84.09,28.748],[-84.1071,28.7161],[-84.1009,28.6459],[-84.0874,28.6108],[-83.99,28.5507],[-83.93,28.5318],[-83.87,28.5248],[-83.8398,28.5581],[-83.8432,28.5757],[-83.8956,28.6459],[-83.9112,28.7161],[-83.9265,28.7336],[-83.97,28.7536],[-84.01,28.7607],[-84.07,28.7556]]]}},{"type":"Feature","properties":{"c":"#00fb90","v0":0.04,"v1":0.05},"geometry":{"type":"Polygon","coordinates":[[[-76.8391,28.5054],[-76.81,28.5021],[-76.7492,28.435],[-76.69,28.3879],[-76.6199,28.2942],[-76.6153,28.2766],[-76.6294,28.259],[-76.71,28.2623],[-76.85,28.2419],[-76.87,28.2555],[-76.8994,28.2942],[-76.95,28.315],[-76.9562,28.3295],[-76.9487,28.4526],[-76.93,28.4673],[-76.8391,28.5054]],[[-76.87,28.489],[-76.93,28.4644],[-76.95,28.4413],[-76.9529,28.3295],[-76.9384,28.3119],[-76.892,28.2942],[-76.8671,28.259],[-76.85,28.2469],[-76.71,28.2683],[-76.63,28.2673],[-76.6225,28.2766],[-76.6262,28.2942],[-76.6591,28.3295],[-76.6914,28.3823],[-76.75,28.4316],[-76.81,28.4973],[-76.83,28.504],[-76.87,28.489]]]}},{"type":"Feature","properties":{"c":"#00fb90","v0":0.04,"v1":0.05},"geometry":{"type":"Polygon","coordinates":[[[-83.4386,28.1356],[-83.41,28.1366],[-83.31,28.0937],[-83.29,28.0911],[-83.23,28.1094],[-83.1852,28.1003],[-83.17,28.0848],[-83.1765,28.065],[-83.19,28.0549],[-83.25,28.0402],[-83.2614,28.0297],[-83.27,27.989],[-83.3219,27.9591],[-83.3292,27.9414],[-83.29,27.913],[-83.2543,27.8707],[-83.2255,27.8177],[-83.2214,27.8],[-83.23,27.788],[-83.25,27.7859],[-83.29,27.7953],[-83.3337,27.8177],[-83.3601,27.853],[-83.3406,27.9414],[-83.4091,27.9768],[-83.47,27.9966],[-83.5061,28.0297],[-83.5174,28.065],[-83.5112,28.0827],[-83.47,28.1198],[-83.4386,28.1356]],[[-83.43,28.1362],[-83.4693,28.118],[-83.5088,28.0827],[-83.5125,28.0474],[-83.49,28.0121],[-83.47,27.9983],[-83.4048,27.9768],[-83.35,27.9475],[-83.33,27.9537],[-83.2706,27.9944],[-83.2662,28.0297],[-83.25,28.0445],[-83.19,28.0575],[-83.1724,28.0827],[-83.1912,28.1003],[-83.23,28.1073],[-83.29,28.0884],[-83.31,28.0916],[-83.39,28.1275],[-83.43,28.1362]],[[-83.33,27.9317],[-83.358,27.8707],[-83.3483,27.8354],[-83.33,27.8172],[-83.29,27.7974],[-83.25,27.7889],[-83.23,27.7937],[-83.2284,27.8177],[-83.2691,27.8884],[-83.29,27.9101],[-83.33,27.9317]]]}},{"type":"Feature","properties":{"c":"#00fb90","v0":0.04,"v1":0.05},"geometry":{"type":"Polygon","coordinates":[[[-82.6554,27.8177],[-82.63,27.8344],[-82.59,27.8303],[-82.55,27.8],[-82.5552,27.7823],[-82.63,27.7805],[-82.655,27.8],[-82.6554,27.8177]],[[-82.65,27.8212],[-82.6527,27.8],[-82.6299,27.7823],[-82.5668,27.7823],[-82.5545,27.8],[-82.5702,27.8177],[-82.61,27.8331],[-82.63,27.8322],[-82.65,27.8212]]]}},{"type":"Feature","properties":{"c":"#00fb90","v0":0.04,"v1":0.05},"geometry":{"type":"Polygon","coordinates":[[[-77.1449,27.7646],[-77.11,27.7794],[-77.071,27.7646],[-77.0641,27.7469],[-77.0682,27.7292],[-77.0842,27.7115],[-77.21,27.6829],[-77.23,27.6877],[-77.2341,27.6938],[-77.1988,27.7292],[-77.1449,27.7646]],[[-77.13,27.7705],[-77.1935,27.7292],[-77.2157,27.6938],[-77.13,27.7011],[-77.09,27.7118],[-77.0735,27.7292],[-77.0687,27.7469],[-77.0786,27.7646],[-77.11,27.7755],[-77.13,27.7705]]]}},{"type":"Feature","properties":{"c":"#00fb90","v0":0.04,"v1":0.05},"geometry":{"type":"Polygon","coordinates":[[[-77.3784,27.6583],[-77.37,27.6629],[-77.3488,27.6583],[-77.342,27.6406],[-77.3458,27.6229],[-77.37,27.5914],[-77.39,27.5834],[-77.4096,27.5874],[-77.41,27.6146],[-77.3784,27.6583]],[[-77.37,27.6598],[-77.39,27.6437],[-77.4096,27.6052],[-77.3925,27.5874],[-77.37,27.5963],[-77.3489,27.6229],[-77.35,27.6521],[-77.37,27.6598]]]}},{"type":"Feature","properties":{"c":"#00fb90","v0":0.04,"v1":0.05},"geometry":{"type":"Polygon","coordinates":[[[-77.3116,27.41],[-77.2814,27.41],[-77.3186,27.3745],[-77.329,27.339],[-77.3233,27.3034],[-77.25,27.2071],[-77.23,27.19],[-77.21,27.1841],[-77.13,27.1926],[-77.09,27.1615],[-77.01,27.1665],[-76.9993,27.1434],[-77.01,27.1121],[-77.05,27.0813],[-77.07,27.0838],[-77.09,27.1218],[-77.11,27.1366],[-77.19,27.1016],[-77.25,27.1175],[-77.27,27.1144],[-77.37,27.0558],[-77.53,27.0454],[-77.55,27.0639],[-77.5462,27.09],[-77.4951,27.1434],[-77.4727,27.1967],[-77.48,27.2323],[-77.5041,27.2857],[-77.495,27.3212],[-77.4591,27.3567],[-77.43,27.3734],[-77.3116,27.41]],[[-77.03,27.1617],[-77.085,27.1434],[-77.07,27.0964],[-77.0584,27.09],[-77.03,27.0999],[-77.0089,27.1256],[-77.01,27.1548],[-77.03,27.1617]],[[-77.35,27.3945],[-77.45,27.3611],[-77.5012,27.3034],[-77.4697,27.1967],[-77.49,27.1461],[-77.5417,27.09],[-77.5474,27.0721],[-77.53,27.0497],[-77.37,27.0593],[-77.27,27.12],[-77.25,27.1243],[-77.19,27.1071],[-77.1179,27.1434],[-77.1091,27.1612],[-77.13,27.1842],[-77.21,27.1798],[-77.23,27.1843],[-77.25,27.2011],[-77.328,27.3034],[-77.3349,27.339],[-77.3242,27.3923],[-77.35,27.3945]]]}},{"type":"Feature","properties":{"c":"#00fb90","v0":0.04,"v1":0.05},"geometry":{"type":"Polygon","coordinates":[[[-77.462,26.8582],[-77.43,26.8704],[-77.41,26.8598],[-77.3888,26.8047],[-77.35,26.7564],[-77.33,26.7497],[-77.31,26.7527],[-77.25,26.7801],[-77.23,26.7706],[-77.2247,26.7511],[-77.2509,26.6975],[-77.3198,26.6439],[-77.3267,26.6081],[-77.3135,26.5187],[-77.3409,26.465],[-77.3605,26.4471],[-77.4309,26.4112],[-77.4478,26.3933],[-77.4696,26.3396],[-77.5695,26.2678],[-77.63,26.2134],[-77.6544,26.1781],[-77.6545,26.1422],[-77.6425,26.1243],[-77.59,26.1022],[-77.5743,26.0883],[-77.596,25.9625],[-77.592,25.8366],[-77.6064,25.7465],[-77.6642,25.6925],[-77.6704,25.6384],[-77.6813,25.6204],[-77.85,25.4863],[-77.93,25.479],[-77.95,25.4668],[-77.9584,25.4579],[-77.9501,25.4037],[-77.9582,25.3857],[-78.0324,25.3134],[-78.11,25.2674],[-78.13,25.2481],[-78.182,25.1324],[-78.2148,25.0781],[-78.2208,25.0237],[-78.2398,24.9693],[-78.2881,24.8968],[-78.29,24.8744],[-78.2573,24.8242],[-78.2507,24.7697],[-78.2307,24.7516],[-78.21,24.7449],[-78.15,24.7424],[-78.03,24.774],[-77.95,24.8051],[-77.9064,24.7879],[-77.9634,24.7152],[-78.03,24.6871],[-78.09,24.6197],[-78.21,24.5281],[-78.27,24.5063],[-78.41,24.4838],[-78.4546,24.4606],[-78.477,24.4242],[-78.4947,24.3695],[-78.49,24.3375],[-78.39,24.341],[-78.21,24.4492],[-78.15,24.4735],[-78.13,24.4749],[-78.11,24.4661],[-78.09,24.4248],[-78.07,24.4161],[-77.9666,24.4242],[-77.9607,24.406],[-77.9778,24.3695],[-78.0518,24.2784],[-78.01,24.2882],[-77.97,24.2862],[-77.9529,24.2784],[-77.9477,24.2602],[-78.01,24.1673],[-78.03,24.1509],[-78.09,24.1428],[-78.15,24.1036],[-78.2153,24.0046],[-78.2166,23.9863],[-78.21,23.9809],[-78.11,23.9482],[-78.07,23.9524],[-78.01,23.9746],[-77.93,23.9655],[-77.8619,23.9681],[-77.8644,23.9498],[-77.89,23.9211],[-77.97,23.8896],[-78.03,23.8212],[-78.09,23.7925],[-78.21,23.7595],[-78.27,23.7975],[-78.31,23.8041],[-78.45,23.7792],[-78.53,23.7511],[-78.61,23.7498],[-78.71,23.6813],[-78.75,23.6625],[-78.81,23.6541],[-78.87,23.6337],[-78.8985,23.6387],[-78.9104,23.657],[-78.8997,23.7303],[-78.8355,23.8584],[-78.81,23.8798],[-78.75,23.8918],[-78.7077,23.9132],[-78.65,23.9556],[-78.6223,23.9863],[-78.5826,24.1142],[-78.5625,24.1507],[-78.5579,24.2419],[-78.542,24.2966],[-78.5595,24.3149],[-78.59,24.3115],[-78.61,24.2952],[-78.6513,24.2237],[-78.69,24.1907],[-78.73,24.1993],[-78.7618,24.2237],[-78.7631,24.2419],[-78.7528,24.2602],[-78.69,24.3476],[-78.61,24.4061],[-78.5538,24.4606],[-78.5508,24.4788],[-78.61,24.5488],[-78.69,24.5759],[-78.75,24.5754],[-78.8319,24.5516],[-78.8673,24.5334],[-78.91,24.4751],[-78.9417,24.406],[-78.97,24.3798],[-78.99,24.3773],[-79.07,24.396],[-79.1066,24.4242],[-79.108,24.4606],[-79.07,24.5085],[-79.01,24.5457],[-78.93,24.5703],[-78.9233,24.588],[-78.9287,24.6062],[-78.9631,24.6425],[-78.9666,24.6607],[-78.9606,24.6971],[-78.8965,24.7879],[-78.8962,24.806],[-78.93,24.8119],[-78.9935,24.7879],[-79.15,24.6722],[-79.1959,24.6243],[-79.23,24.6052],[-79.33,24.5895],[-79.37,24.5636],[-79.41,24.5598],[-79.4272,24.5698],[-79.4301,24.6062],[-79.45,24.635],[-79.49,24.6343],[-79.57,24.6054],[-79.5819,24.5516],[-79.63,24.456],[-79.75,24.428],[-79.85,24.4463],[-79.89,24.4322],[-79.9655,24.3878],[-79.99,24.3424],[-79.9822,24.2784],[-79.99,24.2568],[-80.01,24.2368],[-80.09,24.2131],[-80.1206,24.1872],[-80.1091,24.1142],[-80.1197,24.0777],[-80.19,23.9914],[-80.2133,23.9132],[-80.2586,23.8401],[-80.29,23.8125],[-80.31,23.8108],[-80.35,23.8439],[-80.37,23.8464],[-80.381,23.8401],[-80.41,23.7688],[-80.4318,23.6753],[-80.45,23.6534],[-80.4975,23.6203],[-80.5269,23.5654],[-80.5444,23.547],[-80.6016,23.5103],[-80.5949,23.492],[-80.5576,23.4737],[-80.47,23.4632],[-80.4572,23.4553],[-80.4598,23.437],[-80.4977,23.3819],[-80.53,23.3517],[-80.57,23.3298],[-80.61,23.3223],[-80.67,23.3318],[-80.73,23.3217],[-80.81,23.3284],[-80.87,23.3252],[-80.89,23.3336],[-80.8958,23.3452],[-80.8743,23.3819],[-80.7758,23.4737],[-80.7427,23.5287],[-80.7502,23.5837],[-80.7429,23.6936],[-80.79,23.6983],[-80.81,23.7072],[-80.8241,23.7303],[-80.8359,23.7852],[-80.832,23.8218],[-80.806,23.8767],[-80.7867,23.8949],[-80.69,23.9028],[-80.6047,23.9315],[-80.5903,23.9498],[-80.5707,24.0046],[-80.53,24.0202],[-80.4997,24.0777],[-80.4501,24.1325],[-80.4513,24.1507],[-80.4826,24.1872],[-80.51,24.2406],[-80.53,24.2559],[-80.65,24.3016],[-80.73,24.3135],[-80.79,24.3366],[-80.83,24.3362],[-80.85,24.3287],[-80.8894,24.2784],[-80.93,24.2522],[-80.97,24.2495],[-81.03,24.276],[-81.1176,24.2237],[-81.181,24.169],[-81.1751,24.1507],[-81.13,24.1813],[-81.09,24.1753],[-81.0463,24.1325],[-81.0417,24.1142],[-81.0482,24.0959],[-81.11,24.0277],[-81.19,24.0099],[-81.27,23.9449],[-81.29,23.9383],[-81.37,23.9449],[-81.51,23.9355],[-81.71,23.8548],[-81.81,23.8685],[-81.85,23.8464],[-81.8871,23.8035],[-81.895,23.7852],[-81.8925,23.7669],[-81.83,23.6724],[-81.71,23.6408],[-81.69,23.641],[-81.61,23.6671],[-81.57,23.6691],[-81.53,23.6605],[-81.47,23.6305],[-81.45,23.6273],[-81.27,23.6469],[-81.2507,23.6387],[-81.2402,23.6203],[-81.2438,23.602],[-81.27,23.5782],[-81.31,23.5744],[-81.37,23.5911],[-81.41,23.5746],[-81.45,23.5708],[-81.53,23.5372],[-81.65,23.5338],[-81.71,23.5542],[-81.73,23.554],[-81.79,23.5172],[-81.81,23.5144],[-81.85,23.5314],[-81.89,23.5772],[-81.9063,23.5837],[-81.8799,23.6387],[-81.8926,23.657],[-81.99,23.6849],[-82.03,23.6736],[-82.11,23.6158],[-82.13,23.6184],[-82.1575,23.6387],[-82.1815,23.6753],[-82.21,23.7461],[-82.25,23.7932],[-82.2893,23.8218],[-82.2988,23.8401],[-82.2944,23.8584],[-82.27,23.8749],[-82.23,23.8647],[-82.21,23.8671],[-82.203,23.8767],[-82.248,23.9315],[-82.2957,23.9681],[-82.2961,24.0046],[-82.2712,24.0594],[-82.2589,24.1507],[-82.25,24.1692],[-82.23,24.1814],[-82.17,24.1734],[-82.13,24.1824],[-82.07,24.2187],[-82.03,24.2684],[-81.9595,24.2966],[-81.9302,24.3149],[-81.916,24.3331],[-81.9211,24.3513],[-81.93,24.3559],[-81.99,24.3186],[-82.03,24.3205],[-82.0678,24.3513],[-82.082,24.3878],[-82.0607,24.497],[-82.018,24.5334],[-82.012,24.5516],[-82.0018,24.6243],[-82.0263,24.7334],[-82.01,24.7619],[-81.9617,24.7879],[-81.9635,24.806],[-82.03,24.82],[-82.0544,24.8424],[-82.0601,24.8605],[-82.0535,24.8786],[-82.0111,24.8968],[-82.0364,24.9693],[-82.033,25.0056],[-82.01,25.0237],[-81.93,25.0319],[-81.89,25.0763],[-81.87,25.0822],[-81.8088,25.0781],[-81.7945,25.0962],[-81.8045,25.1867],[-81.79,25.2259],[-81.75,25.2351],[-81.63,25.187],[-81.5946,25.241],[-81.5967,25.2591],[-81.6219,25.2772],[-81.6851,25.2953],[-81.7133,25.3134],[-81.75,25.3805],[-81.7882,25.4218],[-81.8206,25.5121],[-81.8619,25.5662],[-81.86,25.6023],[-81.8369,25.6204],[-81.81,25.6238],[-81.77,25.6159],[-81.75,25.6219],[-81.7291,25.6925],[-81.7373,25.7105],[-81.8867,25.8546],[-81.9043,25.8906],[-81.89,25.922],[-81.85,25.9351],[-81.81,25.9287],[-81.65,25.8542],[-81.55,25.8269],[-81.4865,25.7826],[-81.39,25.7592],[-81.33,25.7341],[-81.29,25.7282],[-81.23,25.7346],[-81.19,25.7294],[-81.1532,25.7105],[-81.11,25.6672],[-81.07,25.6501],[-81.05,25.65],[-80.99,25.6838],[-80.97,25.6852],[-80.93,25.6706],[-80.83,25.6106],[-80.79,25.612],[-80.73,25.6355],[-80.67,25.6447],[-80.63,25.6369],[-80.57,25.6095],[-80.55,25.61],[-80.5371,25.6204],[-80.5438,25.6564],[-80.5337,25.6745],[-80.47,25.687],[-80.43,25.6778],[-80.4105,25.6564],[-80.4099,25.6204],[-80.43,25.5892],[-80.4784,25.5662],[-80.4793,25.5121],[-80.5105,25.4579],[-80.5082,25.4218],[-80.4746,25.3495],[-80.4767,25.3314],[-80.55,25.2446],[-80.57,25.234],[-80.63,25.2443],[-80.69,25.2923],[-80.7082,25.2772],[-80.7021,25.2591],[-80.647,25.2048],[-80.5519,25.1505],[-80.5415,25.0962],[-80.5569,25.0237],[-80.5543,25.0056],[-80.49,24.9476],[-80.4784,24.9512],[-80.492,25.0056],[-80.4843,25.0237],[-80.33,25.0677],[-80.31,25.0689],[-80.2877,25.06],[-80.2771,25.0418],[-80.2798,25.0237],[-80.3412,24.9331],[-80.39,24.9069],[-80.4384,24.8968],[-80.4374,24.8786],[-80.39,24.8383],[-80.33,24.8096],[-80.25,24.8243],[-80.19,24.8196],[-80.11,24.7603],[-80.01,24.7609],[-79.89,24.7396],[-79.8605,24.7516],[-79.8178,24.7879],[-79.75,24.8235],[-79.6767,24.8786],[-79.6203,24.9331],[-79.582,24.9875],[-79.5584,25.06],[-79.4942,25.1324],[-79.45,25.2038],[-79.35,25.2852],[-79.27,25.3362],[-79.2381,25.4037],[-79.1973,25.4579],[-79.1807,25.494],[-79.1652,25.5121],[-79.0998,25.5482],[-79.09,25.5856],[-79.0475,25.6384],[-79.01,25.668],[-78.91,25.7214],[-78.81,25.7627],[-78.7995,25.7826],[-78.7817,25.8726],[-78.73,25.9291],[-78.65,25.9867],[-78.59,26.0448],[-78.4717,26.0883],[-78.41,26.1609],[-78.35,26.2069],[-78.29,26.235],[-78.2029,26.2499],[-78.1635,26.2678],[-78.1098,26.3396],[-78.1075,26.3575],[-78.1399,26.3933],[-78.1367,26.4292],[-78.1238,26.4471],[-78.0392,26.5008],[-77.9993,26.5545],[-77.95,26.5782],[-77.85,26.6004],[-77.8081,26.6618],[-77.77,26.6915],[-77.53,26.7784],[-77.462,26.8582]],[[-77.45,26.8616],[-77.53,26.775],[-77.77,26.6901],[-77.8065,26.6618],[-77.85,26.597],[-77.95,26.5764],[-77.9962,26.5545],[-78.036,26.5008],[-78.1187,26.4471],[-78.1337,26.4292],[-78.1366,26.3933],[-78.1013,26.3575],[-78.1289,26.3037],[-78.1612,26.2678],[-78.1983,26.2499],[-78.29,26.2336],[-78.35,26.2055],[-78.4092,26.1602],[-78.47,26.0879],[-78.59,26.0434],[-78.65,25.9841],[-78.75,25.9092],[-78.7869,25.8546],[-78.7961,25.7826],[-78.81,25.7569],[-78.8908,25.7285],[-78.9949,25.6745],[-79.043,25.6384],[-79.0853,25.5843],[-79.0905,25.5482],[-79.15,25.5191],[-79.178,25.494],[-79.1947,25.4579],[-79.2356,25.4037],[-79.27,25.3323],[-79.35,25.2826],[-79.45,25.201],[-79.4914,25.1324],[-79.5554,25.06],[-79.5801,24.9875],[-79.6175,24.9331],[-79.6744,24.8786],[-79.75,24.8218],[-79.8136,24.7879],[-79.8573,24.7516],[-79.89,24.7378],[-80.01,24.7597],[-80.11,24.7581],[-80.19,24.8174],[-80.25,24.8227],[-80.33,24.807],[-80.39,24.836],[-80.4247,24.8605],[-80.4499,24.8968],[-80.39,24.9087],[-80.3435,24.9331],[-80.2824,25.0237],[-80.2799,25.0418],[-80.29,25.0585],[-80.33,25.0658],[-80.4794,25.0237],[-80.4879,25.0056],[-80.4687,24.9512],[-80.47,24.9285],[-80.5587,25.0056],[-80.5607,25.0237],[-80.5433,25.0962],[-80.5548,25.1505],[-80.6522,25.2048],[-80.7066,25.2591],[-80.71,25.2911],[-80.69,25.2973],[-80.63,25.2468],[-80.57,25.2366],[-80.5398,25.2591],[-80.4851,25.3314],[-80.481,25.3495],[-80.51,25.421],[-80.512,25.4579],[-80.4828,25.5121],[-80.483,25.5662],[-80.47,25.578],[-80.43,25.5927],[-80.4122,25.6204],[-80.4127,25.6564],[-80.43,25.6758],[-80.47,25.6856],[-80.5271,25.6745],[-80.5393,25.6564],[-80.5326,25.6204],[-80.55,25.6064],[-80.57,25.6066],[-80.63,25.6348],[-80.67,25.6429],[-80.73,25.6341],[-80.79,25.6106],[-80.83,25.6094],[-80.93,25.6694],[-80.97,25.6839],[-80.99,25.6823],[-81.05,25.6487],[-81.07,25.6489],[-81.11,25.6656],[-81.1559,25.7105],[-81.19,25.7277],[-81.33,25.7327],[-81.39,25.7579],[-81.49,25.7825],[-81.55,25.8254],[-81.65,25.853],[-81.79,25.9208],[-81.85,25.9338],[-81.89,25.9198],[-81.9028,25.8906],[-81.8852,25.8546],[-81.734,25.7105],[-81.7267,25.6925],[-81.7382,25.6384],[-81.749,25.6204],[-81.77,25.6144],[-81.8326,25.6204],[-81.8579,25.6023],[-81.8601,25.5662],[-81.8189,25.5121],[-81.7868,25.4218],[-81.75,25.3831],[-81.7107,25.3134],[-81.6805,25.2953],[-81.6172,25.2772],[-81.5931,25.2591],[-81.5911,25.241],[-81.624,25.1867],[-81.5477,25.1324],[-81.5497,25.0962],[-81.57,25.0631],[-81.63,25.0424],[-81.6437,25.0237],[-81.6291,24.9875],[-81.59,24.9706],[-81.51,24.9859],[-81.43,24.9672],[-81.29,24.991],[-81.2619,25.0056],[-81.19,25.0756],[-81.05,25.1093],[-81.0225,25.0962],[-80.99,25.0549],[-80.93,25.0923],[-80.91,25.0861],[-80.8694,25.0418],[-80.8684,25.0237],[-80.91,24.992],[-80.9229,24.9693],[-80.9333,24.8968],[-80.9507,24.8605],[-81.01,24.8061],[-81.11,24.7545],[-81.1277,24.7334],[-81.1305,24.6789],[-81.1043,24.588],[-81.1102,24.5698],[-81.17,24.5439],[-81.2041,24.5516],[-81.2635,24.588],[-81.2898,24.6789],[-81.31,24.702],[-81.33,24.7112],[-81.35,24.7089],[-81.3618,24.6971],[-81.4202,24.5698],[-81.47,24.5478],[-81.51,24.549],[-81.55,24.5932],[-81.63,24.6054],[-81.69,24.625],[-81.77,24.6131],[-81.79,24.6237],[-81.7861,24.6607],[-81.77,24.6792],[-81.73,24.7043],[-81.65,24.7252],[-81.63,24.7419],[-81.6143,24.7697],[-81.6228,24.806],[-81.69,24.8381],[-81.73,24.8363],[-81.79,24.82],[-81.87,24.8384],[-81.91,24.8229],[-81.93,24.8237],[-81.9331,24.8605],[-81.8768,24.8968],[-81.85,24.9042],[-81.6979,24.9149],[-81.6869,24.9331],[-81.6935,24.9512],[-81.738,25.0056],[-81.7543,25.0418],[-81.66,25.1324],[-81.6374,25.1686],[-81.6394,25.1867],[-81.73,25.2288],[-81.77,25.2335],[-81.79,25.2235],[-81.8005,25.2048],[-81.7919,25.0962],[-81.8023,25.0781],[-81.87,25.0807],[-81.89,25.0748],[-81.93,25.03],[-82.01,25.022],[-82.03,25.0068],[-82.0348,24.9693],[-82.0066,24.8968],[-82.05,24.8784],[-82.0578,24.8605],[-82.0523,24.8424],[-82.03,24.8222],[-81.9506,24.806],[-81.955,24.7879],[-82.01,24.7595],[-82.0248,24.7334],[-82.0002,24.6243],[-82.0086,24.5516],[-82.0141,24.5334],[-82.0585,24.497],[-82.0807,24.3878],[-82.0662,24.3513],[-82.03,24.3221],[-81.99,24.3205],[-81.95,24.3515],[-81.93,24.3585],[-81.9161,24.3513],[-81.912,24.3331],[-81.9544,24.2966],[-82.03,24.2663],[-82.07,24.2151],[-82.13,24.1785],[-82.17,24.1709],[-82.23,24.1795],[-82.2472,24.169],[-82.257,24.1507],[-82.2669,24.0594],[-82.2923,24.0046],[-82.2929,23.9681],[-82.2416,23.9315],[-82.1969,23.8767],[-82.21,23.8588],[-82.27,23.8719],[-82.2909,23.8584],[-82.2959,23.8401],[-82.286,23.8218],[-82.25,23.7958],[-82.2099,23.7486],[-82.1799,23.6753],[-82.1556,23.6387],[-82.13,23.6205],[-82.11,23.6178],[-82.03,23.6754],[-81.99,23.6868],[-81.8845,23.657],[-81.8766,23.6387],[-81.8921,23.5837],[-81.85,23.533],[-81.81,23.5158],[-81.79,23.5187],[-81.73,23.5562],[-81.71,23.5562],[-81.65,23.5348],[-81.61,23.5343],[-81.51,23.5424],[-81.45,23.5735],[-81.41,23.5771],[-81.37,23.5948],[-81.31,23.5759],[-81.27,23.5798],[-81.2458,23.602],[-81.2422,23.6203],[-81.2546,23.6387],[-81.27,23.6452],[-81.31,23.6447],[-81.37,23.6284],[-81.45,23.625],[-81.53,23.659],[-81.57,23.6681],[-81.61,23.6661],[-81.69,23.6391],[-81.71,23.6387],[-81.83,23.67],[-81.8407,23.6753],[-81.8952,23.7669],[-81.8982,23.7852],[-81.8898,23.8035],[-81.85,23.8497],[-81.81,23.8718],[-81.71,23.8576],[-81.51,23.9378],[-81.37,23.9464],[-81.29,23.9404],[-81.27,23.9476],[-81.19,24.0116],[-81.11,24.0308],[-81.05,24.0977],[-81.0438,24.1142],[-81.0484,24.1325],[-81.09,24.1726],[-81.11,24.1795],[-81.13,24.1751],[-81.17,24.1459],[-81.1892,24.1507],[-81.1874,24.169],[-81.17,24.1852],[-81.05,24.2728],[-81.03,24.2794],[-80.97,24.2524],[-80.93,24.255],[-80.8948,24.2784],[-80.85,24.3331],[-80.79,24.3409],[-80.7236,24.3149],[-80.65,24.3036],[-80.53,24.2581],[-80.51,24.2435],[-80.4803,24.1872],[-80.4468,24.1507],[-80.4461,24.1325],[-80.4973,24.0777],[-80.53,24.016],[-80.57,24.0009],[-80.5867,23.9498],[-80.6008,23.9315],[-80.69,23.9011],[-80.7757,23.8949],[-80.8028,23.8767],[-80.8294,23.8218],[-80.834,23.7852],[-80.8223,23.7303],[-80.81,23.7098],[-80.79,23.7002],[-80.75,23.7011],[-80.7386,23.6936],[-80.7488,23.5837],[-80.7406,23.5287],[-80.7741,23.4737],[-80.8721,23.3819],[-80.8926,23.3452],[-80.87,23.3273],[-80.73,23.3241],[-80.67,23.3338],[-80.61,23.3238],[-80.57,23.3309],[-80.53,23.3531],[-80.4993,23.3819],[-80.4634,23.437],[-80.4625,23.4553],[-80.5621,23.4737],[-80.5987,23.492],[-80.6069,23.5103],[-80.5469,23.547],[-80.529,23.5654],[-80.5018,23.6203],[-80.45,23.6564],[-80.4344,23.6753],[-80.41,23.7726],[-80.3838,23.8401],[-80.37,23.848],[-80.35,23.8457],[-80.31,23.8141],[-80.29,23.8154],[-80.2611,23.8401],[-80.2154,23.9132],[-80.1947,23.9863],[-80.1328,24.0594],[-80.1139,24.0959],[-80.1112,24.1325],[-80.1234,24.1872],[-80.09,24.2147],[-80.01,24.2395],[-79.9907,24.2602],[-79.9853,24.2966],[-79.9938,24.3331],[-79.9682,24.3878],[-79.89,24.435],[-79.85,24.449],[-79.75,24.4291],[-79.63,24.4588],[-79.5842,24.5516],[-79.5723,24.6062],[-79.49,24.6363],[-79.45,24.6385],[-79.4356,24.6243],[-79.4194,24.5698],[-79.41,24.5643],[-79.37,24.5665],[-79.33,24.5908],[-79.23,24.6064],[-79.1974,24.6243],[-79.15,24.6739],[-78.9959,24.7879],[-78.95,24.809],[-78.91,24.8145],[-78.892,24.806],[-78.8944,24.7879],[-78.9489,24.7152],[-78.9643,24.6789],[-78.9614,24.6425],[-78.9265,24.6062],[-78.9209,24.588],[-78.9267,24.5698],[-79.01,24.5446],[-79.07,24.5072],[-79.1067,24.4606],[-79.1049,24.4242],[-79.07,24.3975],[-78.99,24.3795],[-78.97,24.3824],[-78.944,24.406],[-78.9206,24.4606],[-78.87,24.5341],[-78.8367,24.5516],[-78.75,24.5767],[-78.69,24.5773],[-78.6094,24.5516],[-78.5465,24.4788],[-78.5503,24.4606],[-78.59,24.4219],[-78.69,24.3454],[-78.761,24.2419],[-78.7594,24.2237],[-78.73,24.2016],[-78.69,24.1935],[-78.6534,24.2237],[-78.6111,24.2966],[-78.59,24.3145],[-78.5445,24.3149],[-78.537,24.2966],[-78.5554,24.2419],[-78.5588,24.1507],[-78.6196,23.9863],[-78.65,23.9522],[-78.704,23.9132],[-78.75,23.8902],[-78.81,23.8767],[-78.8324,23.8584],[-78.8964,23.7303],[-78.907,23.657],[-78.8933,23.6387],[-78.87,23.6362],[-78.81,23.6566],[-78.73,23.6722],[-78.61,23.7511],[-78.53,23.753],[-78.45,23.781],[-78.31,23.8062],[-78.27,23.8005],[-78.21,23.7656],[-78.09,23.7952],[-78.0329,23.8218],[-77.97,23.8929],[-77.95,23.9054],[-77.9088,23.9132],[-77.8767,23.9498],[-77.89,23.9583],[-78.01,23.9718],[-78.07,23.9499],[-78.11,23.9449],[-78.19,23.9695],[-78.2213,23.9863],[-78.2177,24.0046],[-78.15,24.1054],[-78.09,24.1449],[-78.03,24.1544],[-78.01,24.1721],[-77.9623,24.2419],[-77.9532,24.2602],[-77.97,24.2825],[-78.01,24.2846],[-78.05,24.2729],[-78.0593,24.2784],[-78.0503,24.2966],[-78.01,24.3293],[-77.9802,24.3695],[-77.9653,24.406],[-77.97,24.4159],[-78.07,24.4139],[-78.09,24.4212],[-78.11,24.4625],[-78.13,24.4727],[-78.15,24.4718],[-78.21,24.4474],[-78.39,24.3374],[-78.49,24.3315],[-78.4999,24.3513],[-78.4965,24.3695],[-78.479,24.4242],[-78.4581,24.4606],[-78.41,24.4853],[-78.27,24.5077],[-78.21,24.5298],[-78.09,24.6216],[-78.03,24.6903],[-77.9699,24.7152],[-77.9234,24.7697],[-77.9168,24.7879],[-77.95,24.8009],[-77.97,24.7986],[-78.03,24.7711],[-78.15,24.7405],[-78.19,24.7391],[-78.23,24.7493],[-78.2527,24.7697],[-78.2594,24.8242],[-78.29,24.8688],[-78.2898,24.8968],[-78.2418,24.9693],[-78.2227,25.0237],[-78.21,25.0935],[-78.1741,25.1505],[-78.13,25.2508],[-78.0356,25.3134],[-77.9613,25.3857],[-77.9533,25.4037],[-77.9616,25.4579],[-77.95,25.4703],[-77.93,25.4809],[-77.85,25.4884],[-77.6865,25.6204],[-77.6751,25.6384],[-77.6673,25.6925],[-77.6088,25.7465],[-77.593,25.8366],[-77.5978,25.9625],[-77.578,26.0704],[-77.59,26.096],[-77.65,26.1249],[-77.6588,26.1422],[-77.6575,26.1781],[-77.6325,26.214],[-77.57,26.27],[-77.4744,26.3396],[-77.4518,26.3933],[-77.4365,26.4112],[-77.3482,26.465],[-77.3196,26.5187],[-77.3317,26.6081],[-77.3257,26.6439],[-77.31,26.6624],[-77.2572,26.6975],[-77.2288,26.7511],[-77.2371,26.769],[-77.25,26.7753],[-77.31,26.7481],[-77.33,26.7446],[-77.35,26.7524],[-77.3814,26.7868],[-77.4184,26.8582],[-77.43,26.8644],[-77.45,26.8616]],[[-81.63,25.1861],[-81.6336,25.1686],[-81.6581,25.1324],[-81.7513,25.0418],[-81.7364,25.0056],[-81.6913,24.9512],[-81.6843,24.9331],[-81.6923,24.9149],[-81.71,24.9085],[-81.85,24.9027],[-81.8722,24.8968],[-81.9236,24.8605],[-81.9277,24.8424],[-81.91,24.8298],[-81.87,24.8414],[-81.8208,24.8242],[-81.79,24.8211],[-81.73,24.8373],[-81.69,24.839],[-81.65,24.8255],[-81.6206,24.806],[-81.613,24.7697],[-81.63,24.7401],[-81.65,24.7239],[-81.73,24.7028],[-81.7668,24.6789],[-81.7897,24.6425],[-81.7856,24.6243],[-81.77,24.6158],[-81.69,24.6275],[-81.6262,24.6062],[-81.55,24.5953],[-81.51,24.5526],[-81.47,24.549],[-81.4225,24.5698],[-81.3645,24.6971],[-81.35,24.7116],[-81.33,24.7134],[-81.31,24.7044],[-81.29,24.6823],[-81.2699,24.6062],[-81.2595,24.588],[-81.2354,24.5698],[-81.2008,24.5516],[-81.17,24.5451],[-81.1125,24.5698],[-81.1057,24.588],[-81.1323,24.6789],[-81.1296,24.7334],[-81.11,24.7564],[-81.01,24.8078],[-80.95,24.8638],[-80.9349,24.8968],[-80.9301,24.9512],[-80.9169,24.9875],[-80.8751,25.0237],[-80.874,25.0418],[-80.8863,25.06],[-80.91,25.0834],[-80.93,25.0892],[-80.9532,25.0781],[-80.99,25.0439],[-81.0273,25.0962],[-81.05,25.1063],[-81.19,25.0734],[-81.2597,25.0056],[-81.29,24.9899],[-81.43,24.9651],[-81.51,24.9842],[-81.59,24.9687],[-81.63,24.9857],[-81.6461,25.0237],[-81.635,25.0418],[-81.57,25.0654],[-81.5466,25.1143],[-81.5516,25.1324],[-81.6135,25.1686],[-81.63,25.1861]]]}},{"type":"Feature","properties":{"c":"#00fb90","v0":0.04,"v1":0.05},"geometry":{"type":"Polygon","coordinates":[[[-84.0863,26.8404],[-84.07,26.8454],[-84.05,26.8394],[-84.005,26.8047],[-83.9786,26.769],[-83.9741,26.7511],[-83.99,26.7348],[-84.03,26.7496],[-84.0527,26.769],[-84.0899,26.8225],[-84.0863,26.8404]],[[-84.07,26.8429],[-84.0864,26.8225],[-84.0657,26.7868],[-84.03,26.7519],[-83.99,26.7388],[-83.978,26.7511],[-83.9928,26.7868],[-84.03,26.8247],[-84.07,26.8429]]]}},{"type":"Feature","properties":{"c":"#00fb90","v0":0.04,"v1":0.05},"geometry":{"type":"Polygon","coordinates":[[[-83.9003,26.6618],[-83.89,26.6699],[-83.87,26.6664],[-83.8515,26.6439],[-83.87,26.6259],[-83.8967,26.6439],[-83.9003,26.6618]],[[-83.89,26.6666],[-83.8961,26.6618],[-83.8937,26.6439],[-83.87,26.6304],[-83.8561,26.6439],[-83.87,26.6638],[-83.89,26.6666]]]}},{"type":"Feature","properties":{"c":"#00fb90","v0":0.04,"v1":0.05},"geometry":{"type":"Polygon","coordinates":[[[-79.3258,26.1063],[-79.29,26.1163],[-79.27,26.1145],[-79.23,26.0972],[-79.2078,26.0704],[-79.2105,26.0344],[-79.23,26.0163],[-79.27,26.0045],[-79.33,26.0052],[-79.3652,26.0165],[-79.3835,26.0344],[-79.3842,26.0524],[-79.37,26.0727],[-79.3258,26.1063]],[[-79.31,26.1116],[-79.3698,26.0704],[-79.3818,26.0524],[-79.381,26.0344],[-79.3613,26.0165],[-79.31,26.0041],[-79.27,26.0057],[-79.23,26.018],[-79.2124,26.0344],[-79.2063,26.0524],[-79.2222,26.0883],[-79.27,26.1128],[-79.31,26.1116]]]}},{"type":"Feature","properties":{"c":"#00fb90","v0":0.04,"v1":0.05},"geometry":{"type":"Polygon","coordinates":[[[-78.2426,26.0524],[-78.17,26.0572],[-78.15,26.0359],[-78.1313,25.9985],[-78.1312,25.9805],[-78.19,25.8623],[-78.23,25.8207],[-78.31,25.8084],[-78.33,25.7988],[-78.3501,25.7826],[-78.3814,25.7285],[-78.41,25.7045],[-78.49,25.6687],[-78.5044,25.6745],[-78.4955,25.7826],[-78.471,25.8366],[-78.366,25.9266],[-78.29,26.0347],[-78.27,26.0472],[-78.2426,26.0524]],[[-78.21,26.0545],[-78.27,26.0451],[-78.29,26.0323],[-78.364,25.9266],[-78.47,25.8365],[-78.4944,25.7826],[-78.4992,25.6745],[-78.49,25.6707],[-78.4029,25.7105],[-78.3838,25.7285],[-78.353,25.7826],[-78.33,25.8017],[-78.29,25.8152],[-78.25,25.8165],[-78.21,25.8388],[-78.17,25.8975],[-78.1409,25.9805],[-78.1552,26.0344],[-78.1674,26.0524],[-78.21,26.0545]]]}},{"type":"Feature","properties":{"c":"#00fb90","v0":0.04,"v1":0.05},"geometry":{"type":"Polygon","coordinates":[[[-80.7786,25.8366],[-80.75,25.8406],[-80.7405,25.8366],[-80.7354,25.8186],[-80.75,25.8107],[-80.77,25.8132],[-80.7773,25.8186],[-80.7786,25.8366]],[[-80.77,25.8382],[-80.77,25.8163],[-80.7414,25.8186],[-80.7468,25.8366],[-80.77,25.8382]]]}},{"type":"Feature","properties":{"c":"#00fb90","v0":0.04,"v1":0.05},"geometry":{"type":"Polygon","coordinates":[[[-80.4509,25.8006],[-80.39,25.8138],[-80.37,25.8056],[-80.3623,25.7826],[-80.39,25.7549],[-80.43,25.7467],[-80.4666,25.7646],[-80.4694,25.7826],[-80.4509,25.8006]],[[-80.43,25.8063],[-80.4664,25.7826],[-80.4634,25.7646],[-80.43,25.7488],[-80.41,25.75],[-80.3777,25.7646],[-80.3655,25.7826],[-80.37,25.8014],[-80.39,25.8106],[-80.43,25.8063]]]}},{"type":"Feature","properties":{"c":"#00fb90","v0":0.04,"v1":0.05},"geometry":{"type":"Polygon","coordinates":[[[-78.5516,25.6204],[-78.5398,25.6204],[-78.5027,25.5482],[-78.504,25.5301],[-78.561,25.4579],[-78.6091,25.3495],[-78.75,25.1693],[-78.809,25.1324],[-78.83,25.0319],[-78.85,25.0165],[-79.05,24.9436],[-79.13,24.8765],[-79.15,24.8718],[-79.17,24.8785],[-79.185,24.9149],[-79.1812,24.9331],[-79.1415,24.9875],[-79.1251,25.0237],[-79.0619,25.0781],[-79.0373,25.1505],[-79.0155,25.1686],[-78.9661,25.1867],[-78.93,25.19],[-78.89,25.1689],[-78.8532,25.1867],[-78.8381,25.2048],[-78.8283,25.2591],[-78.77,25.2905],[-78.7472,25.3134],[-78.7419,25.3495],[-78.75,25.3772],[-78.77,25.3931],[-78.81,25.4053],[-78.8199,25.4218],[-78.8138,25.4399],[-78.75,25.4556],[-78.67,25.4293],[-78.63,25.4359],[-78.61,25.4476],[-78.5868,25.476],[-78.5795,25.5121],[-78.6034,25.5662],[-78.5969,25.5843],[-78.5516,25.6204]],[[-78.57,25.6059],[-78.5944,25.5843],[-78.5998,25.5662],[-78.5793,25.5301],[-78.5775,25.494],[-78.5821,25.476],[-78.61,25.4448],[-78.63,25.4338],[-78.67,25.4276],[-78.75,25.4526],[-78.8104,25.4399],[-78.8168,25.4218],[-78.81,25.4104],[-78.75,25.3833],[-78.7394,25.3495],[-78.7446,25.3134],[-78.77,25.2883],[-78.8249,25.2591],[-78.8331,25.241],[-78.8313,25.2048],[-78.85,25.1832],[-78.89,25.1642],[-78.91,25.1667],[-78.927,25.1867],[-78.95,25.1884],[-79.01,25.1703],[-79.0359,25.1505],[-79.0592,25.0781],[-79.1215,25.0237],[-79.1793,24.9331],[-79.1831,24.9149],[-79.17,24.8818],[-79.15,24.8738],[-79.13,24.8782],[-79.05,24.9448],[-78.85,25.0185],[-78.83,25.0355],[-78.81,25.1375],[-78.75,25.1723],[-78.69,25.2465],[-78.61,25.3514],[-78.5641,25.4579],[-78.506,25.5301],[-78.5048,25.5482],[-78.5343,25.6023],[-78.55,25.6191],[-78.57,25.6059]]]}},{"type":"Feature","properties":{"c":"#00fb90","v0":0.04,"v1":0.05},"geometry":{"type":"Polygon","coordinates":[[[-79.0204,25.6023],[-78.99,25.6105],[-78.97,25.6038],[-78.9698,25.5662],[-78.99,25.5379],[-79.03,25.5099],[-79.05,25.5065],[-79.0687,25.5121],[-79.089,25.5482],[-79.0204,25.6023]],[[-79.01,25.6046],[-79.073,25.5482],[-79.076,25.5301],[-79.059,25.5121],[-79.03,25.5119],[-79.01,25.5228],[-78.9718,25.5662],[-78.967,25.5843],[-78.9743,25.6023],[-79.01,25.6046]]]}},{"type":"Feature","properties":{"c":"#00fb90","v0":0.04,"v1":0.05},"geometry":{"type":"Polygon","coordinates":[[[-82.1762,25.5843],[-82.15,25.5997],[-82.13,25.5981],[-82.01,25.5212],[-81.9544,25.476],[-81.933,25.4399],[-81.9226,25.4037],[-81.93,25.3841],[-82.0125,25.3314],[-81.9902,25.2591],[-82.0051,25.241],[-82.07,25.2163],[-82.0861,25.1686],[-82.11,25.1493],[-82.13,25.152],[-82.15,25.1651],[-82.1642,25.1867],[-82.143,25.241],[-82.1465,25.2591],[-82.1956,25.3314],[-82.1982,25.3495],[-82.19,25.3713],[-82.17,25.3876],[-82.1119,25.4037],[-82.1102,25.4218],[-82.13,25.47],[-82.1786,25.5482],[-82.1762,25.5843]],[[-82.17,25.5884],[-82.1795,25.5662],[-82.1766,25.5482],[-82.122,25.4579],[-82.1087,25.4037],[-82.1705,25.3857],[-82.1911,25.3676],[-82.1967,25.3495],[-82.1857,25.3134],[-82.1444,25.2591],[-82.1404,25.241],[-82.1619,25.1867],[-82.15,25.1675],[-82.13,25.1541],[-82.11,25.1515],[-82.0882,25.1686],[-82.07,25.2201],[-82.01,25.2405],[-81.9929,25.2591],[-81.9941,25.2772],[-82.0123,25.3134],[-82.01,25.3408],[-81.95,25.3715],[-81.9314,25.3857],[-81.9249,25.4037],[-81.9437,25.4579],[-81.99,25.5051],[-82.11,25.5883],[-82.15,25.5979],[-82.17,25.5884]]]}},{"type":"Feature","properties":{"c":"#00fb90","v0":0.04,"v1":0.05},"geometry":{"type":"Polygon","coordinates":[[[-79.432,25.5843],[-79.41,25.5923],[-79.37,25.5849],[-79.3613,25.5662],[-79.37,25.5536],[-79.43,25.5292],[-79.47,25.5254],[-79.481,25.5301],[-79.4918,25.5482],[-79.4787,25.5662],[-79.432,25.5843]],[[-79.41,25.585],[-79.4745,25.5662],[-79.4889,25.5482],[-79.4762,25.5301],[-79.4356,25.5301],[-79.3849,25.5482],[-79.37,25.5603],[-79.37,25.5754],[-79.3825,25.5843],[-79.41,25.585]]]}},{"type":"Feature","properties":{"c":"#00fb90","v0":0.04,"v1":0.05},"geometry":{"type":"Polygon","coordinates":[[[-78.1746,25.5482],[-78.15,25.5567],[-78.13,25.5542],[-78.1036,25.5301],[-78.109,25.4218],[-78.0791,25.3857],[-78.0929,25.3676],[-78.11,25.3606],[-78.13,25.3656],[-78.1548,25.4037],[-78.2324,25.476],[-78.2216,25.5121],[-78.1746,25.5482]],[[-78.17,25.549],[-78.2193,25.5121],[-78.2291,25.476],[-78.1516,25.4037],[-78.13,25.3704],[-78.11,25.3639],[-78.0855,25.3857],[-78.1142,25.4218],[-78.1064,25.5301],[-78.13,25.551],[-78.17,25.549]]]}},{"type":"Feature","properties":{"c":"#00fb90","v0":0.04,"v1":0.05},"geometry":{"type":"Polygon","coordinates":[[[-76.605,25.5301],[-76.59,25.5333],[-76.55,25.5109],[-76.4972,25.494],[-76.4806,25.476],[-76.49,25.4438],[-76.53,25.4011],[-76.55,25.4003],[-76.61,25.4216],[-76.6292,25.4399],[-76.6343,25.494],[-76.605,25.5301]],[[-76.61,25.5206],[-76.6289,25.494],[-76.6323,25.476],[-76.62,25.4399],[-76.55,25.4066],[-76.53,25.4083],[-76.49,25.4544],[-76.49,25.4793],[-76.59,25.5268],[-76.61,25.5206]]]}},{"type":"Feature","properties":{"c":"#00fb90","v0":0.04,"v1":0.05},"geometry":{"type":"Polygon","coordinates":[[[-84.2033,25.476],[-84.19,25.4853],[-84.1733,25.476],[-84.181,25.4579],[-84.19,25.4554],[-84.2033,25.476]]]}},{"type":"Feature","properties":{"c":"#00fb90","v0":0.04,"v1":0.05},"geometry":{"type":"Polygon","coordinates":[[[-80.2174,25.4037],[-80.17,25.3998],[-80.13,25.3716],[-80.1197,25.3495],[-80.134,25.3134],[-80.1852,25.2772],[-80.21,25.2325],[-80.23,25.2198],[-80.33,25.2116],[-80.3598,25.2229],[-80.3775,25.241],[-80.39,25.278],[-80.4469,25.3314],[-80.4443,25.3495],[-80.41,25.3651],[-80.35,25.3464],[-80.29,25.3477],[-80.27,25.3561],[-80.2477,25.3857],[-80.2174,25.4037]],[[-80.21,25.4047],[-80.23,25.3983],[-80.27,25.3532],[-80.29,25.3455],[-80.35,25.3441],[-80.39,25.361],[-80.41,25.3622],[-80.4378,25.3495],[-80.4415,25.3314],[-80.39,25.2821],[-80.3755,25.241],[-80.3572,25.2229],[-80.31,25.2126],[-80.23,25.2218],[-80.21,25.2359],[-80.1879,25.2772],[-80.1355,25.3134],[-80.1211,25.3495],[-80.1283,25.3676],[-80.17,25.3987],[-80.21,25.4047]]]}},{"type":"Feature","properties":{"c":"#00fb90","v0":0.04,"v1":0.05},"geometry":{"type":"Polygon","coordinates":[[[-83.9905,25.3857],[-83.97,25.3933],[-83.95,25.3855],[-83.9377,25.3495],[-83.95,25.3255],[-83.97,25.3265],[-83.99,25.3434],[-83.9967,25.3676],[-83.9905,25.3857]],[[-83.97,25.3906],[-83.99,25.3795],[-83.9912,25.3495],[-83.97,25.3296],[-83.95,25.3297],[-83.9408,25.3495],[-83.9425,25.3676],[-83.95,25.3806],[-83.97,25.3906]]]}},{"type":"Feature","properties":{"c":"#00fb90","v0":0.04,"v1":0.05},"geometry":{"type":"Polygon","coordinates":[[[-80.9563,25.3495],[-80.85,25.3521],[-80.8335,25.3314],[-80.8376,25.3134],[-80.8538,25.2953],[-80.89,25.2744],[-80.93,25.2662],[-80.97,25.2684],[-80.99,25.2832],[-80.9993,25.3134],[-80.9892,25.3314],[-80.9563,25.3495]],[[-80.89,25.3502],[-80.97,25.3428],[-80.9965,25.3134],[-80.99,25.2871],[-80.97,25.2705],[-80.95,25.2669],[-80.91,25.2711],[-80.87,25.2861],[-80.8404,25.3134],[-80.8366,25.3314],[-80.85,25.35],[-80.89,25.3502]]]}},{"type":"Feature","properties":{"c":"#00fb90","v0":0.04,"v1":0.05},"geometry":{"type":"Polygon","coordinates":[[[-83.221,25.1143],[-83.21,25.1219],[-83.19,25.1221],[-83.1593,25.0962],[-83.1392,25.0418],[-83.15,25.0205],[-83.19,25.0272],[-83.2261,25.06],[-83.2324,25.0962],[-83.221,25.1143]],[[-83.21,25.1197],[-83.2304,25.0962],[-83.224,25.06],[-83.19,25.0296],[-83.17,25.0221],[-83.15,25.0242],[-83.1421,25.0418],[-83.1448,25.06],[-83.1615,25.0962],[-83.19,25.12],[-83.21,25.1197]]]}},{"type":"Feature","properties":{"c":"#00fb90","v0":0.04,"v1":0.05},"geometry":{"type":"Polygon","coordinates":[[[-80.7643,25.0962],[-80.73,25.1006],[-80.71,25.0841],[-80.6982,25.06],[-80.7052,25.0418],[-80.75,25.0317],[-80.7731,25.0418],[-80.7854,25.06],[-80.7816,25.0781],[-80.7643,25.0962]],[[-80.75,25.1007],[-80.7787,25.0781],[-80.7821,25.06],[-80.7681,25.0418],[-80.75,25.0341],[-80.71,25.0403],[-80.7001,25.06],[-80.7068,25.0781],[-80.73,25.0988],[-80.75,25.1007]]]}},{"type":"Feature","properties":{"c":"#00fb90","v0":0.04,"v1":0.05},"geometry":{"type":"Polygon","coordinates":[[[-82.6321,25.0781],[-82.61,25.0842],[-82.59,25.078],[-82.565,25.06],[-82.5465,25.0237],[-82.5539,25.0056],[-82.63,24.9736],[-82.65,24.9786],[-82.6641,25.0056],[-82.6554,25.0418],[-82.6321,25.0781]],[[-82.61,25.0817],[-82.63,25.0765],[-82.6609,25.0237],[-82.6551,24.9875],[-82.63,24.9757],[-82.5604,25.0056],[-82.5503,25.0237],[-82.57,25.0622],[-82.61,25.0817]]]}},{"type":"Feature","properties":{"c":"#00fb90","v0":0.04,"v1":0.05},"geometry":{"type":"Polygon","coordinates":[[[-82.4013,25.0237],[-82.37,25.0202],[-82.3548,25.0056],[-82.3548,24.9693],[-82.3789,24.9149],[-82.4088,24.8786],[-82.43,24.8662],[-82.47,24.8638],[-82.5017,24.8968],[-82.5259,24.9875],[-82.5123,25.0056],[-82.4013,25.0237]],[[-82.39,25.0238],[-82.43,25.0125],[-82.5035,25.0056],[-82.523,24.9875],[-82.5002,24.8968],[-82.47,24.8654],[-82.43,24.8677],[-82.3916,24.8968],[-82.3805,24.9149],[-82.3521,24.9875],[-82.37,25.0179],[-82.39,25.0238]]]}},{"type":"Feature","properties":{"c":"#00fb90","v0":0.04,"v1":0.05},"geometry":{"type":"Polygon","coordinates":[[[-84.6373,24.9875],[-84.6242,24.9875],[-84.6095,24.9693],[-84.61,24.9505],[-84.63,24.9323],[-84.6471,24.9512],[-84.65,24.9661],[-84.6373,24.9875]],[[-84.63,24.9876],[-84.6452,24.9693],[-84.63,24.9378],[-84.6156,24.9512],[-84.6144,24.9693],[-84.63,24.9876]]]}},{"type":"Feature","properties":{"c":"#00fb90","v0":0.04,"v1":0.05},"geometry":{"type":"Polygon","coordinates":[[[-83.0468,24.9875],[-83.03,24.9978],[-83.01,24.9934],[-82.9942,24.9693],[-83.0002,24.9149],[-82.9959,24.8605],[-83.01,24.8372],[-83.03,24.8264],[-83.07,24.8279],[-83.1122,24.8424],[-83.15,24.8663],[-83.17,24.8571],[-83.1892,24.806],[-83.21,24.7911],[-83.25,24.7919],[-83.2724,24.806],[-83.3053,24.8605],[-83.3134,24.9149],[-83.3061,24.9331],[-83.27,24.9499],[-83.23,24.9492],[-83.2065,24.9331],[-83.17,24.8703],[-83.13,24.9046],[-83.0656,24.9331],[-83.0468,24.9875]],[[-83.03,24.9954],[-83.05,24.9743],[-83.0625,24.9331],[-83.1387,24.8968],[-83.1497,24.8786],[-83.1428,24.8605],[-83.13,24.8537],[-83.05,24.826],[-83.03,24.8278],[-83.01,24.8392],[-82.9974,24.8605],[-83.0021,24.9149],[-82.9966,24.9693],[-83.01,24.991],[-83.03,24.9954]],[[-83.29,24.9417],[-83.3031,24.9331],[-83.3111,24.9149],[-83.2979,24.8424],[-83.2702,24.806],[-83.25,24.7936],[-83.21,24.793],[-83.1806,24.8242],[-83.1735,24.8786],[-83.2088,24.9331],[-83.23,24.9476],[-83.25,24.9506],[-83.29,24.9417]]]}},{"type":"Feature","properties":{"c":"#00fb90","v0":0.04,"v1":0.05},"geometry":{"type":"Polygon","coordinates":[[[-80.0682,24.9875],[-80.05,25.0023],[-80.03,25.005],[-80.0055,24.9875],[-80.01,24.9682],[-80.03,24.9567],[-80.05,24.9559],[-80.0689,24.9693],[-80.0682,24.9875]],[[-80.05,24.9996],[-80.0648,24.9875],[-80.0652,24.9693],[-80.05,24.9585],[-80.03,24.9591],[-80.0126,24.9693],[-80.01,24.9897],[-80.03,25.0021],[-80.05,24.9996]]]}},{"type":"Feature","properties":{"c":"#00fb90","v0":0.04,"v1":0.05},"geometry":{"type":"Polygon","coordinates":[[[-82.8218,24.9512],[-82.79,24.9604],[-82.77,24.9523],[-82.7578,24.9331],[-82.77,24.9067],[-82.87,24.8815],[-82.89,24.8829],[-82.9119,24.8968],[-82.9184,24.9149],[-82.91,24.9341],[-82.8218,24.9512]],[[-82.81,24.9546],[-82.83,24.9434],[-82.9062,24.9331],[-82.9155,24.9149],[-82.9081,24.8968],[-82.89,24.8856],[-82.87,24.8839],[-82.77,24.9094],[-82.7604,24.9331],[-82.77,24.9488],[-82.79,24.9582],[-82.81,24.9546]]]}},{"type":"Feature","properties":{"c":"#00fb90","v0":0.04,"v1":0.05},"geometry":{"type":"Polygon","coordinates":[[[-84.2995,24.9149],[-84.27,24.9294],[-84.25,24.9297],[-84.21,24.9134],[-84.1995,24.8968],[-84.1936,24.8605],[-84.21,24.822],[-84.29,24.7951],[-84.31,24.7984],[-84.33,24.815],[-84.3424,24.8424],[-84.3419,24.8605],[-84.3239,24.8968],[-84.2995,24.9149]],[[-84.29,24.9196],[-84.33,24.8856],[-84.3409,24.8424],[-84.3183,24.806],[-84.29,24.7967],[-84.2126,24.8242],[-84.1961,24.8605],[-84.2022,24.8968],[-84.2172,24.9149],[-84.25,24.927],[-84.29,24.9196]]]}},{"type":"Feature","properties":{"c":"#00fb90","v0":0.04,"v1":0.05},"geometry":{"type":"Polygon","coordinates":[[[-77.72,24.8786],[-77.69,24.8777],[-77.67,24.8658],[-77.6439,24.8424],[-77.6384,24.8242],[-77.6445,24.7879],[-77.6648,24.7516],[-77.69,24.732],[-77.73,24.7212],[-77.77,24.731],[-77.7834,24.7516],[-77.7557,24.8424],[-77.72,24.8786]],[[-77.73,24.8689],[-77.7514,24.8424],[-77.7797,24.7516],[-77.7685,24.7334],[-77.73,24.7233],[-77.6918,24.7334],[-77.6674,24.7516],[-77.6467,24.7879],[-77.6409,24.8242],[-77.65,24.8462],[-77.69,24.8735],[-77.71,24.8784],[-77.73,24.8689]]]}},{"type":"Feature","properties":{"c":"#00fb90","v0":0.04,"v1":0.05},"geometry":{"type":"Polygon","coordinates":[[[-81.3406,24.806],[-81.33,24.8168],[-81.31,24.8179],[-81.2977,24.806],[-81.31,24.7861],[-81.33,24.7872],[-81.3406,24.806]],[[-81.33,24.8113],[-81.3352,24.806],[-81.33,24.7963],[-81.31,24.7935],[-81.3034,24.806],[-81.31,24.8125],[-81.33,24.8113]]]}},{"type":"Feature","properties":{"c":"#00fb90","v0":0.04,"v1":0.05},"geometry":{"type":"Polygon","coordinates":[[[-82.7503,24.7879],[-82.73,24.8015],[-82.69,24.8023],[-82.6637,24.7879],[-82.6573,24.7697],[-82.67,24.7483],[-82.71,24.7459],[-82.75,24.7693],[-82.7503,24.7879]],[[-82.73,24.7989],[-82.7466,24.7879],[-82.7469,24.7697],[-82.73,24.7564],[-82.69,24.7451],[-82.6689,24.7516],[-82.6597,24.7697],[-82.67,24.7913],[-82.69,24.8002],[-82.73,24.7989]]]}},{"type":"Feature","properties":{"c":"#00fb90","v0":0.04,"v1":0.05},"geometry":{"type":"Polygon","coordinates":[[[-80.5557,24.6971],[-80.49,24.7054],[-80.41,24.6963],[-80.3839,24.6789],[-80.3664,24.6425],[-80.3672,24.6243],[-80.39,24.6151],[-80.55,24.6219],[-80.617,24.6607],[-80.6315,24.6789],[-80.61,24.6926],[-80.57,24.6908],[-80.5557,24.6971]],[[-80.53,24.7015],[-80.57,24.6867],[-80.61,24.6891],[-80.6281,24.6789],[-80.61,24.6586],[-80.59,24.6527],[-80.549,24.6243],[-80.41,24.6168],[-80.3698,24.6243],[-80.3755,24.6607],[-80.39,24.6827],[-80.41,24.6941],[-80.47,24.7034],[-80.53,24.7015]]]}},{"type":"Feature","properties":{"c":"#00fb90","v0":0.04,"v1":0.05},"geometry":{"type":"Polygon","coordinates":[[[-83.0694,24.6607],[-83.05,24.6754],[-83.03,24.6741],[-82.99,24.6509],[-82.963,24.6062],[-82.9598,24.588],[-82.97,24.5603],[-82.99,24.5503],[-83.03,24.5662],[-83.0692,24.6243],[-83.0694,24.6607]],[[-83.05,24.6732],[-83.0666,24.6607],[-83.0714,24.6425],[-83.0589,24.6062],[-83.03,24.5684],[-83.01,24.5552],[-82.99,24.5524],[-82.9653,24.5698],[-82.9618,24.588],[-82.9726,24.6243],[-83.01,24.6642],[-83.05,24.6732]]]}},{"type":"Feature","properties":{"c":"#00fb90","v0":0.04,"v1":0.05},"geometry":{"type":"Polygon","coordinates":[[[-79.8764,24.588],[-79.8373,24.588],[-79.81,24.5713],[-79.803,24.5516],[-79.81,24.5406],[-79.89,24.5483],[-79.93,24.5246],[-79.95,24.5222],[-79.9775,24.5334],[-79.9849,24.5516],[-79.97,24.5748],[-79.91,24.5753],[-79.8764,24.588]],[[-79.87,24.5881],[-79.89,24.5752],[-79.97,24.5723],[-79.9815,24.5516],[-79.9736,24.5334],[-79.95,24.5255],[-79.93,24.5288],[-79.89,24.554],[-79.83,24.5415],[-79.81,24.5449],[-79.81,24.5698],[-79.8422,24.588],[-79.87,24.5881]]]}},{"type":"Feature","properties":{"c":"#00fb90","v0":0.04,"v1":0.05},"geometry":{"type":"Polygon","coordinates":[[[-79.4978,24.5516],[-79.4398,24.5516],[-79.4361,24.4788],[-79.4484,24.4606],[-79.47,24.4503],[-79.49,24.4494],[-79.5161,24.4788],[-79.5198,24.5334],[-79.4978,24.5516]],[[-79.47,24.5533],[-79.49,24.5515],[-79.5165,24.5334],[-79.5137,24.4788],[-79.49,24.4531],[-79.4547,24.4606],[-79.4394,24.4788],[-79.4398,24.5334],[-79.45,24.5501],[-79.47,24.5533]]]}},{"type":"Feature","properties":{"c":"#00fb90","v0":0.04,"v1":0.05},"geometry":{"type":"Polygon","coordinates":[[[-81.619,24.4606],[-81.61,24.4671],[-81.5948,24.4606],[-81.61,24.431],[-81.6304,24.4424],[-81.619,24.4606]]]}},{"type":"Feature","properties":{"c":"#00fb90","v0":0.04,"v1":0.05},"geometry":{"type":"Polygon","coordinates":[[[-79.6711,24.3331],[-79.61,24.3439],[-79.5925,24.3331],[-79.6005,24.3149],[-79.65,24.2824],[-79.71,24.2701],[-79.7204,24.2784],[-79.7163,24.2966],[-79.6711,24.3331]],[[-79.65,24.339],[-79.6965,24.3149],[-79.7131,24.2966],[-79.7154,24.2784],[-79.69,24.2724],[-79.67,24.2767],[-79.63,24.294],[-79.6041,24.3149],[-79.598,24.3331],[-79.61,24.3405],[-79.65,24.339]]]}},{"type":"Feature","properties":{"c":"#00fb90","v0":0.04,"v1":0.05},"geometry":{"type":"Polygon","coordinates":[[[-79.7959,24.2419],[-79.77,24.239],[-79.7591,24.2237],[-79.7647,24.1872],[-79.79,24.1615],[-79.83,24.1507],[-79.89,24.1536],[-79.97,24.1095],[-80.0092,24.1142],[-80.0233,24.1325],[-80.0214,24.1507],[-80.0081,24.169],[-79.97,24.1932],[-79.89,24.1997],[-79.83,24.235],[-79.7959,24.2419]],[[-79.85,24.2241],[-79.89,24.197],[-79.95,24.1962],[-79.99,24.1815],[-80.0195,24.1507],[-80.0213,24.1325],[-80.0043,24.1142],[-79.97,24.111],[-79.89,24.1567],[-79.83,24.1519],[-79.79,24.163],[-79.7664,24.1872],[-79.7603,24.2055],[-79.77,24.2358],[-79.81,24.2392],[-79.85,24.2241]]]}},{"type":"Feature","properties":{"c":"#00fb90","v0":0.04,"v1":0.05},"geometry":{"type":"Polygon","coordinates":[[[-77.5512,24.2419],[-77.53,24.2436],[-77.5258,24.2237],[-77.55,24.1989],[-77.5604,24.2237],[-77.5512,24.2419]],[[-77.55,24.2357],[-77.556,24.2237],[-77.55,24.2051],[-77.5292,24.2237],[-77.55,24.2357]]]}},{"type":"Feature","properties":{"c":"#00fb90","v0":0.04,"v1":0.05},"geometry":{"type":"Polygon","coordinates":[[[-78.4332,24.1872],[-78.41,24.1921],[-78.4072,24.1872],[-78.41,24.1612],[-78.43,24.1469],[-78.4451,24.1507],[-78.4488,24.169],[-78.4332,24.1872]]]}},{"type":"Feature","properties":{"c":"#00fb90","v0":0.04,"v1":0.05},"geometry":{"type":"Polygon","coordinates":[[[-78.6956,24.1507],[-78.69,24.1535],[-78.6694,24.1325],[-78.6785,24.1142],[-78.7127,24.0959],[-78.7324,24.1142],[-78.71,24.1457],[-78.6956,24.1507]],[[-78.71,24.1412],[-78.7288,24.1142],[-78.71,24.0999],[-78.6835,24.1142],[-78.6756,24.1325],[-78.69,24.1471],[-78.71,24.1412]]]}},{"type":"Feature","properties":{"c":"#00fb90","v0":0.04,"v1":0.05},"geometry":{"type":"Polygon","coordinates":[[[-79.3961,24.0229],[-79.35,24.0343],[-79.3248,24.0046],[-79.3149,23.9681],[-79.3383,23.9132],[-79.3399,23.8767],[-79.31,23.8034],[-79.29,23.7833],[-79.25,23.774],[-79.23,23.779],[-79.11,23.8472],[-79.05,23.8679],[-79.01,23.8706],[-78.9853,23.8584],[-78.9747,23.8401],[-78.9745,23.8218],[-78.9962,23.7669],[-78.9902,23.7119],[-79.01,23.6808],[-79.03,23.6709],[-79.0542,23.6753],[-79.0698,23.6936],[-79.0709,23.7119],[-79.0584,23.7486],[-79.07,23.7592],[-79.09,23.7589],[-79.17,23.7051],[-79.23,23.6946],[-79.33,23.65],[-79.37,23.6448],[-79.41,23.6602],[-79.45,23.659],[-79.4812,23.6387],[-79.53,23.5812],[-79.55,23.5698],[-79.57,23.5706],[-79.5951,23.5837],[-79.6077,23.602],[-79.6027,23.6936],[-79.5636,23.7669],[-79.57,23.7892],[-79.61,23.8193],[-79.624,23.8401],[-79.6203,23.8949],[-79.59,23.9311],[-79.5112,23.9498],[-79.47,23.9911],[-79.3961,24.0229]],[[-79.39,24.0237],[-79.45,24.0022],[-79.51,23.9485],[-79.59,23.9288],[-79.6184,23.8949],[-79.626,23.8584],[-79.6221,23.8401],[-79.61,23.8218],[-79.57,23.792],[-79.5616,23.7669],[-79.6011,23.6936],[-79.6038,23.602],[-79.5906,23.5837],[-79.55,23.5731],[-79.53,23.5848],[-79.4839,23.6387],[-79.45,23.6606],[-79.41,23.6618],[-79.37,23.6468],[-79.33,23.6519],[-79.23,23.6967],[-79.17,23.7068],[-79.09,23.7618],[-79.07,23.7638],[-79.0533,23.7486],[-79.068,23.7119],[-79.0666,23.6936],[-79.0501,23.6753],[-79.03,23.6732],[-79.01,23.6841],[-78.9934,23.7119],[-79.0005,23.7669],[-78.9766,23.8218],[-78.9769,23.8401],[-78.9882,23.8584],[-79.01,23.8687],[-79.05,23.8663],[-79.11,23.8454],[-79.23,23.7771],[-79.25,23.7721],[-79.29,23.7817],[-79.31,23.8008],[-79.3413,23.8767],[-79.3398,23.9132],[-79.3167,23.9681],[-79.3194,23.9863],[-79.33,24.0104],[-79.35,24.0308],[-79.39,24.0237]]]}},{"type":"Feature","properties":{"c":"#00fb90","v0":0.04,"v1":0.05},"geometry":{"type":"Polygon","coordinates":[[[-77.8094,24.0229],[-77.79,24.0266],[-77.7129,23.9498],[-77.7207,23.8584],[-77.73,23.8412],[-77.75,23.8283],[-77.77,23.8261],[-77.7792,23.8401],[-77.758,23.8949],[-77.7601,23.9315],[-77.79,23.9653],[-77.8313,23.9863],[-77.8094,24.0229]],[[-77.81,24.0051],[-77.7424,23.9315],[-77.7391,23.9132],[-77.75,23.9061],[-77.775,23.8401],[-77.77,23.8325],[-77.75,23.832],[-77.724,23.8584],[-77.7277,23.9498],[-77.79,24.01],[-77.81,24.0051]]]}},{"type":"Feature","properties":{"c":"#00fb90","v0":0.04,"v1":0.05},"geometry":{"type":"Polygon","coordinates":[[[-78.4523,23.9315],[-78.33,23.9413],[-78.3171,23.9315],[-78.33,23.9132],[-78.45,23.872],[-78.4742,23.8767],[-78.4803,23.8949],[-78.47,23.9188],[-78.4523,23.9315]],[[-78.43,23.9327],[-78.45,23.9297],[-78.4715,23.9132],[-78.4771,23.8949],[-78.47,23.8783],[-78.45,23.8746],[-78.3823,23.8949],[-78.3434,23.9132],[-78.3269,23.9315],[-78.43,23.9327]]]}},{"type":"Feature","properties":{"c":"#00fb90","v0":0.04,"v1":0.05},"geometry":{"type":"Polygon","coordinates":[[[-82.4412,23.9132],[-82.41,23.9177],[-82.3663,23.8949],[-82.344,23.8584],[-82.3509,23.8401],[-82.39,23.8208],[-82.43,23.8313],[-82.455,23.8584],[-82.4613,23.8767],[-82.4594,23.8949],[-82.4412,23.9132]],[[-82.43,23.9165],[-82.4578,23.8949],[-82.4534,23.8584],[-82.43,23.8329],[-82.41,23.8241],[-82.37,23.8275],[-82.3534,23.8401],[-82.3468,23.8584],[-82.3531,23.8767],[-82.39,23.9093],[-82.43,23.9165]]]}},{"type":"Feature","properties":{"c":"#00fb90","v0":0.04,"v1":0.05},"geometry":{"type":"Polygon","coordinates":[[[-82.0486,23.8767],[-82.03,23.8864],[-82.01,23.877],[-81.9595,23.8035],[-81.9618,23.7852],[-81.97,23.7793],[-81.99,23.7817],[-82.053,23.8584],[-82.0486,23.8767]],[[-82.03,23.8798],[-82.046,23.8584],[-81.99,23.7849],[-81.97,23.7829],[-81.9632,23.8035],[-81.97,23.8163],[-82.01,23.8684],[-82.03,23.8798]]]}},{"type":"Feature","properties":{"c":"#00fb90","v0":0.04,"v1":0.05},"geometry":{"type":"Polygon","coordinates":[[[-83.2544,23.8401],[-83.23,23.8417],[-83.19,23.8309],[-83.13,23.78],[-83.05,23.743],[-82.99,23.6943],[-82.93,23.7037],[-82.8806,23.6936],[-82.8591,23.6753],[-82.83,23.6047],[-82.79,23.5694],[-82.77,23.5704],[-82.73,23.5921],[-82.6896,23.5837],[-82.6765,23.5654],[-82.6714,23.5287],[-82.6846,23.492],[-82.71,23.4789],[-82.73,23.4807],[-82.79,23.5053],[-82.87,23.5521],[-82.93,23.5497],[-82.97,23.5597],[-83.024,23.602],[-83.07,23.6252],[-83.15,23.6938],[-83.25,23.6947],[-83.29,23.7076],[-83.3218,23.7486],[-83.3293,23.8035],[-83.31,23.8302],[-83.2544,23.8401]],[[-83.23,23.8403],[-83.31,23.8283],[-83.3278,23.8035],[-83.3204,23.7486],[-83.29,23.7096],[-83.25,23.6958],[-83.15,23.6952],[-83.07,23.6269],[-83.0208,23.602],[-82.97,23.5619],[-82.95,23.5536],[-82.87,23.5553],[-82.85,23.5489],[-82.7948,23.5103],[-82.73,23.4824],[-82.71,23.4807],[-82.687,23.492],[-82.6731,23.5287],[-82.6793,23.5654],[-82.69,23.58],[-82.73,23.5899],[-82.77,23.5669],[-82.79,23.5657],[-82.8325,23.602],[-82.8612,23.6753],[-82.884,23.6936],[-82.93,23.7024],[-82.99,23.6924],[-83.05,23.7413],[-83.13,23.7783],[-83.19,23.8297],[-83.23,23.8403]]]}},{"type":"Feature","properties":{"c":"#00fb90","v0":0.04,"v1":0.05},"geometry":{"type":"Polygon","coordinates":[[[-82.6602,23.6387],[-82.63,23.6494],[-82.61,23.6387],[-82.6019,23.6203],[-82.6065,23.602],[-82.63,23.5871],[-82.65,23.5866],[-82.67,23.5982],[-82.6713,23.6203],[-82.6602,23.6387]],[[-82.65,23.6442],[-82.6686,23.6203],[-82.6678,23.602],[-82.65,23.5893],[-82.63,23.5893],[-82.6088,23.602],[-82.604,23.6203],[-82.6138,23.6387],[-82.63,23.6473],[-82.65,23.6442]]]}},{"type":"Feature","properties":{"c":"#00fb90","v0":0.04,"v1":0.05},"geometry":{"type":"Polygon","coordinates":[[[-82.4714,23.6387],[-82.45,23.643],[-82.43,23.6381],[-82.37,23.601],[-82.3527,23.5837],[-82.33,23.5364],[-82.3037,23.5103],[-82.309,23.492],[-82.41,23.4928],[-82.4549,23.5103],[-82.4823,23.547],[-82.4945,23.602],[-82.4914,23.6203],[-82.4714,23.6387]],[[-82.45,23.6408],[-82.47,23.6375],[-82.4893,23.6203],[-82.4928,23.602],[-82.4811,23.547],[-82.453,23.5103],[-82.41,23.4939],[-82.33,23.4984],[-82.31,23.5056],[-82.37,23.5989],[-82.41,23.6263],[-82.45,23.6408]]]}},{"type":"Feature","properties":{"c":"#00fb90","v0":0.04,"v1":0.05},"geometry":{"type":"Polygon","coordinates":[[[-80.9892,23.5837],[-80.95,23.5937],[-80.91,23.5867],[-80.8949,23.5654],[-80.8965,23.547],[-80.91,23.5277],[-80.95,23.4999],[-80.99,23.4926],[-81.03,23.5026],[-81.0438,23.5103],[-81.0502,23.5287],[-81.0434,23.547],[-80.9892,23.5837]],[[-80.97,23.5887],[-81.01,23.573],[-81.0403,23.547],[-81.0473,23.5287],[-81.0398,23.5103],[-81.01,23.4969],[-80.97,23.4954],[-80.9338,23.5103],[-80.9108,23.5287],[-80.8982,23.547],[-80.8966,23.5654],[-80.9085,23.5837],[-80.93,23.5923],[-80.97,23.5887]]]}},{"type":"Feature","properties":{"c":"#00fb90","v0":0.04,"v1":0.05},"geometry":{"type":"Polygon","coordinates":[[[-79.8791,23.5654],[-79.87,23.5719],[-79.85,23.5574],[-79.8309,23.5287],[-79.8191,23.492],[-79.8234,23.4737],[-79.95,23.3612],[-79.99,23.3383],[-80.03,23.333],[-80.0487,23.3452],[-80.0528,23.3635],[-80.0415,23.4186],[-80.024,23.4553],[-79.97,23.5114],[-79.8791,23.5654]],[[-79.91,23.55],[-79.97,23.5097],[-80.0224,23.4553],[-80.0398,23.4186],[-80.0504,23.3635],[-80.0449,23.3452],[-80.03,23.3355],[-80.01,23.335],[-79.97,23.3492],[-79.8931,23.4186],[-79.8392,23.4553],[-79.8253,23.4737],[-79.824,23.5103],[-79.85,23.5533],[-79.87,23.5646],[-79.91,23.55]]]}},{"type":"Feature","properties":{"c":"#00fb90","v0":0.04,"v1":0.05},"geometry":{"type":"Polygon","coordinates":[[[-82.1331,23.547],[-82.11,23.5475],[-82.094,23.5287],[-82.1044,23.5103],[-82.1348,23.5103],[-82.1478,23.5287],[-82.1331,23.547]],[[-82.13,23.5447],[-82.1438,23.5287],[-82.1308,23.5103],[-82.11,23.5095],[-82.0977,23.5287],[-82.11,23.5435],[-82.13,23.5447]]]}},{"type":"Feature","properties":{"c":"#00fb90","v0":0.04,"v1":0.05},"geometry":{"type":"Polygon","coordinates":[[[-79.5616,23.437],[-79.55,23.4416],[-79.5267,23.437],[-79.5166,23.3452],[-79.55,23.2805],[-79.59,23.2735],[-79.65,23.2992],[-79.6617,23.3084],[-79.666,23.3268],[-79.6574,23.3452],[-79.5616,23.437]],[[-79.57,23.4244],[-79.6548,23.3452],[-79.6634,23.3268],[-79.65,23.3018],[-79.59,23.2753],[-79.57,23.2749],[-79.55,23.2842],[-79.5182,23.3452],[-79.53,23.4137],[-79.55,23.4339],[-79.57,23.4244]]]}},{"type":"Feature","properties":{"c":"#00fb90","v0":0.04,"v1":0.05},"geometry":{"type":"Polygon","coordinates":[[[-81.7025,23.4002],[-81.67,23.4093],[-81.63,23.4041],[-81.582,23.3635],[-81.5797,23.3452],[-81.602,23.2901],[-81.63,23.2618],[-81.67,23.2601],[-81.73,23.2997],[-81.75,23.3003],[-81.87,23.2714],[-81.89,23.2761],[-81.9077,23.2901],[-81.9153,23.3084],[-81.91,23.326],[-81.89,23.3423],[-81.81,23.3675],[-81.75,23.3624],[-81.7025,23.4002]],[[-81.69,23.4046],[-81.71,23.3956],[-81.75,23.3597],[-81.81,23.3661],[-81.89,23.3408],[-81.91,23.3205],[-81.9136,23.3084],[-81.9059,23.2901],[-81.87,23.2727],[-81.75,23.3025],[-81.73,23.3018],[-81.67,23.2614],[-81.63,23.2634],[-81.6036,23.2901],[-81.5828,23.3452],[-81.5855,23.3635],[-81.5988,23.3819],[-81.63,23.4025],[-81.69,23.4046]]]}},{"type":"Feature","properties":{"c":"#00fb90","v0":0.04,"v1":0.05},"geometry":{"type":"Polygon","coordinates":[[[-82.8721,23.3452],[-82.85,23.357],[-82.81,23.3534],[-82.77,23.3314],[-82.719,23.2901],[-82.6981,23.2533],[-82.6972,23.2349],[-82.7028,23.2166],[-82.73,23.1876],[-82.77,23.164],[-82.81,23.152],[-82.83,23.1554],[-82.8623,23.1798],[-82.8808,23.2166],[-82.8898,23.2717],[-82.8875,23.3084],[-82.8721,23.3452]],[[-82.85,23.3556],[-82.87,23.345],[-82.8865,23.3084],[-82.889,23.2717],[-82.8796,23.2166],[-82.85,23.1686],[-82.83,23.157],[-82.79,23.1568],[-82.719,23.1982],[-82.7043,23.2166],[-82.6992,23.2533],[-82.7205,23.2901],[-82.77,23.33],[-82.81,23.3522],[-82.85,23.3556]]]}},{"type":"Feature","properties":{"c":"#00fb90","v0":0.04,"v1":0.05},"geometry":{"type":"Polygon","coordinates":[[[-82.2532,23.3268],[-82.23,23.3394],[-82.19,23.3294],[-82.1773,23.3084],[-82.1811,23.2901],[-82.2073,23.2717],[-82.23,23.2719],[-82.2558,23.2901],[-82.2608,23.3084],[-82.2532,23.3268]],[[-82.25,23.3276],[-82.2588,23.3084],[-82.2535,23.2901],[-82.23,23.2739],[-82.21,23.2728],[-82.1835,23.2901],[-82.1795,23.3084],[-82.19,23.3273],[-82.23,23.3377],[-82.25,23.3276]]]}},{"type":"Feature","properties":{"c":"#00fb90","v0":0.04,"v1":0.05},"geometry":{"type":"Polygon","coordinates":[[[-81.1309,23.2717],[-81.11,23.2705],[-81.09,23.2551],[-81.0824,23.2349],[-81.09,23.2071],[-81.11,23.1908],[-81.13,23.1887],[-81.15,23.1964],[-81.1669,23.2166],[-81.1704,23.2349],[-81.1626,23.2533],[-81.1309,23.2717]],[[-81.15,23.2621],[-81.168,23.2349],[-81.1645,23.2166],[-81.149,23.1982],[-81.13,23.1906],[-81.11,23.1929],[-81.0865,23.2166],[-81.0915,23.2533],[-81.11,23.268],[-81.13,23.2697],[-81.15,23.2621]]]}},{"type":"Feature","properties":{"c":"#00fb90","v0":0.04,"v1":0.05},"geometry":{"type":"Polygon","coordinates":[[[-80.4691,23.2533],[-80.45,23.2632],[-80.4285,23.2533],[-80.4355,23.2349],[-80.47,23.2148],[-80.4795,23.2349],[-80.4691,23.2533]],[[-80.45,23.2597],[-80.4756,23.2349],[-80.47,23.2214],[-80.4401,23.2349],[-80.4344,23.2533],[-80.45,23.2597]]]}},{"type":"Feature","properties":{"c":"#00fb90","v0":0.04,"v1":0.05},"geometry":{"type":"Polygon","coordinates":[[[-82.3387,23.1798],[-82.31,23.1958],[-82.29,23.1936],[-82.21,23.1522],[-82.15,23.1543],[-82.11,23.1399],[-82.09,23.1232],[-82.0705,23.0878],[-82.0636,23.051],[-82.0711,23.0326],[-82.09,23.0204],[-82.13,23.0265],[-82.21,23.1114],[-82.23,23.1123],[-82.2477,23.0694],[-82.27,23.0478],[-82.29,23.0458],[-82.31,23.0547],[-82.33,23.081],[-82.3418,23.1246],[-82.3451,23.1614],[-82.3387,23.1798]],[[-82.33,23.1865],[-82.3433,23.1614],[-82.3434,23.143],[-82.331,23.0878],[-82.31,23.0569],[-82.29,23.0478],[-82.27,23.05],[-82.25,23.0694],[-82.23,23.1171],[-82.21,23.1165],[-82.13,23.0286],[-82.09,23.0225],[-82.0743,23.0326],[-82.0656,23.051],[-82.0721,23.0878],[-82.09,23.1209],[-82.11,23.1383],[-82.15,23.1528],[-82.21,23.1484],[-82.29,23.1919],[-82.31,23.1941],[-82.33,23.1865]]]}},{"type":"Feature","properties":{"c":"#00fb90","v0":0.04,"v1":0.05},"geometry":{"type":"Polygon","coordinates":[[[-82.7002,21.868],[-82.65,21.8806],[-82.51,21.865],[-82.4742,21.8495],[-82.4549,21.8309],[-82.4511,21.8123],[-82.5068,21.738],[-82.5115,21.7195],[-82.4602,21.6823],[-82.45,21.6603],[-82.4455,21.5893],[-82.39,21.543],[-82.35,21.5328],[-82.25,21.5391],[-82.13,21.5124],[-82.0562,21.4777],[-82.0365,21.4591],[-82.0321,21.4405],[-82.069,21.366],[-82.0635,21.3287],[-82.07,21.3169],[-82.1524,21.2914],[-82.1767,21.2728],[-82.1954,21.2355],[-82.1916,21.2169],[-82.1578,21.1609],[-82.0802,21.1236],[-82.0578,21.105],[-82.0577,21.0863],[-82.0805,21.0676],[-82.1284,21.049],[-82.15,21.0485],[-82.1936,21.0676],[-82.2028,21.0863],[-82.205,21.1236],[-82.2295,21.1609],[-82.2732,21.1982],[-82.3604,21.2355],[-82.4051,21.2728],[-82.4167,21.2914],[-82.4259,21.366],[-82.4399,21.3846],[-82.528,21.4218],[-82.5506,21.4405],[-82.57,21.4774],[-82.6053,21.5893],[-82.6046,21.6451],[-82.5792,21.7009],[-82.61,21.7149],[-82.71,21.7131],[-82.7326,21.738],[-82.7493,21.8123],[-82.73,21.8479],[-82.7002,21.868]],[[-82.69,21.8717],[-82.7426,21.8309],[-82.7479,21.8123],[-82.7427,21.7752],[-82.73,21.7393],[-82.71,21.7176],[-82.67,21.7122],[-82.61,21.7176],[-82.5734,21.7009],[-82.6021,21.6451],[-82.6045,21.6079],[-82.5936,21.5521],[-82.55,21.447],[-82.5198,21.4218],[-82.4339,21.3846],[-82.4218,21.366],[-82.412,21.2914],[-82.3799,21.2542],[-82.35,21.2337],[-82.2643,21.1982],[-82.2196,21.1609],[-82.2051,21.1423],[-82.1981,21.0863],[-82.1876,21.0676],[-82.15,21.052],[-82.13,21.0517],[-82.0861,21.0676],[-82.0624,21.0863],[-82.0624,21.105],[-82.086,21.1236],[-82.1368,21.1423],[-82.1647,21.1609],[-82.1994,21.2169],[-82.2012,21.2355],[-82.1811,21.2728],[-82.1574,21.2914],[-82.09,21.312],[-82.07,21.3285],[-82.0719,21.366],[-82.0344,21.4405],[-82.039,21.4591],[-82.06,21.4777],[-82.13,21.51],[-82.25,21.5375],[-82.35,21.5315],[-82.39,21.5414],[-82.4482,21.5893],[-82.4506,21.6451],[-82.4652,21.6823],[-82.518,21.7195],[-82.4539,21.8123],[-82.4577,21.8309],[-82.4778,21.8495],[-82.51,21.8633],[-82.65,21.8791],[-82.69,21.8717]]]}},{"type":"Feature","properties":{"c":"#00fb90","v0":0.04,"v1":0.05},"geometry":{"type":"Polygon","coordinates":[[[-82.0002,20.8622],[-81.99,20.8679],[-81.95,20.845],[-81.89,20.841],[-81.8221,20.8248],[-81.8017,20.8061],[-81.87,20.7679],[-81.95,20.7628],[-82.01,20.7223],[-82.03,20.7211],[-82.098,20.75],[-82.1102,20.7687],[-82.09,20.8011],[-82.0002,20.8622]],[[-81.99,20.8483],[-82.01,20.8432],[-82.09,20.7959],[-82.1047,20.7687],[-82.0918,20.75],[-82.03,20.7253],[-82.01,20.7269],[-81.95,20.7669],[-81.87,20.7712],[-81.8083,20.8061],[-81.832,20.8248],[-81.87,20.8345],[-81.95,20.8376],[-81.99,20.8483]]]}},{"type":"Feature","properties":{"c":"#00fb90","v0":0.04,"v1":0.05},"geometry":{"type":"Polygon","coordinates":[[[-81.7592,20.6752],[-81.7293,20.6752],[-81.7295,20.6565],[-81.7583,20.6565],[-81.7592,20.6752]]]}},{"type":"Feature","properties":{"c":"#00fb90","v0":0.05,"v1":0.25},"geometry":{"type":"Polygon","coordinates":[[[-122.0843,54.9943],[-121.8791,54.9943],[-121.89,54.9814],[-122.0046,54.9139],[-122.0507,54.8794],[-122.0987,54.8563],[-122.1338,54.8448],[-122.2113,54.8333],[-122.2359,54.8218],[-122.2593,54.7987],[-122.31,54.7755],[-122.3549,54.7641],[-122.3919,54.7641],[-122.3913,54.7757],[-122.37,54.7866],[-122.33,54.7934],[-122.2858,54.8103],[-122.2792,54.8218],[-122.2946,54.8563],[-122.29,54.8708],[-122.21,54.922],[-122.17,54.9308],[-122.1313,54.9483],[-122.0837,54.9828],[-122.0843,54.9943]]]}},{"type":"Feature","properties":{"c":"#00fb90","v0":0.05,"v1":0.25},"geometry":{"type":"Polygon","coordinates":[[[-112.441,54.9828],[-112.4155,54.9943],[-112.0982,54.9943],[-112.13,54.9817],[-112.21,54.9747],[-112.25,54.9648],[-112.283,54.9483],[-112.3344,54.9024],[-112.3807,54.8794],[-112.45,54.8346],[-112.49,54.8245],[-112.55,54.8261],[-112.5801,54.8218],[-112.6159,54.8103],[-112.6124,54.7987],[-112.5162,54.7757],[-112.41,54.7717],[-112.31,54.7805],[-112.21,54.781],[-112.03,54.8002],[-111.97,54.7992],[-111.9419,54.7872],[-111.9295,54.7641],[-111.9386,54.741],[-111.9884,54.6948],[-111.97,54.6827],[-111.7996,54.7295],[-111.73,54.7366],[-111.67,54.7338],[-111.61,54.7147],[-111.53,54.7166],[-111.43,54.7041],[-111.3861,54.7064],[-111.33,54.7304],[-111.3015,54.7526],[-111.284,54.7757],[-111.2926,54.7872],[-111.31,54.7933],[-111.3449,54.8218],[-111.3497,54.8448],[-111.3421,54.8678],[-111.27,54.8941],[-111.258,54.8909],[-111.2767,54.8563],[-111.25,54.8384],[-111.21,54.8363],[-111.09,54.8604],[-111.01,54.8535],[-110.87,54.8668],[-110.65,54.9422],[-110.63,54.9411],[-110.59,54.9231],[-110.53,54.9259],[-110.4863,54.9369],[-110.4435,54.9598],[-110.4316,54.9713],[-110.4301,54.9943],[-110.3079,54.9943],[-110.29,54.9891],[-110.2429,54.9943],[-109.8793,54.9943],[-109.91,54.9766],[-109.95,54.9655],[-110.01,54.9617],[-110.0458,54.9713],[-110.07,54.9857],[-110.15,54.9579],[-110.23,54.9601],[-110.27,54.9568],[-110.5484,54.9024],[-110.6377,54.8794],[-110.6559,54.8678],[-110.6458,54.8563],[-110.61,54.8424],[-110.55,54.8337],[-110.5489,54.8218],[-110.5812,54.8103],[-110.65,54.7962],[-110.69,54.7933],[-110.821,54.7987],[-110.815,54.8103],[-110.77,54.8203],[-110.7459,54.8333],[-110.738,54.8448],[-110.7461,54.8563],[-110.77,54.8576],[-110.83,54.8415],[-110.91,54.8353],[-111.01,54.804],[-111.1222,54.7872],[-111.17,54.7608],[-111.27,54.7316],[-111.413,54.6486],[-111.45,54.6354],[-111.51,54.633],[-111.57,54.6537],[-111.63,54.6583],[-111.77,54.6521],[-111.85,54.6393],[-111.8774,54.6254],[-111.9057,54.5559],[-112.01,54.5317],[-112.05,54.5169],[-112.1292,54.463],[-112.1531,54.4164],[-112.183,54.3932],[-112.21,54.3791],[-112.33,54.338],[-112.35,54.3385],[-112.37,54.3465],[-112.3823,54.3582],[-112.3993,54.4048],[-112.4329,54.4281],[-112.4334,54.463],[-112.4456,54.4862],[-112.4356,54.4978],[-112.3524,54.5443],[-112.17,54.6206],[-112.058,54.7179],[-112.15,54.7197],[-112.178,54.7295],[-112.21,54.7565],[-112.23,54.761],[-112.33,54.758],[-112.3711,54.7526],[-112.408,54.741],[-112.4269,54.7295],[-112.45,54.7022],[-112.49,54.6855],[-112.53,54.6812],[-112.55,54.6838],[-112.5743,54.6948],[-112.5795,54.7064],[-112.5434,54.7295],[-112.5387,54.741],[-112.5797,54.7641],[-112.67,54.7844],[-112.6867,54.7987],[-112.6891,54.8103],[-112.67,54.8283],[-112.6253,54.8448],[-112.5826,54.8678],[-112.5237,54.9139],[-112.47,54.9678],[-112.441,54.9828]],[[-111.25,54.8127],[-111.2862,54.7872],[-111.25,54.7804],[-111.2178,54.7872],[-111.2111,54.7987],[-111.2255,54.8103],[-111.25,54.8127]],[[-112.17,54.5675],[-112.27,54.5398],[-112.3255,54.5095],[-112.3519,54.4746],[-112.3523,54.463],[-112.3357,54.4513],[-112.31,54.4493],[-112.21,54.4643],[-112.17,54.4749],[-112.13,54.4925],[-112.0193,54.5559],[-112.0159,54.5675],[-112.05,54.5762],[-112.17,54.5675]]]}},{"type":"Feature","properties":{"c":"#00fb90","v0":0.05,"v1":0.25},"geometry":{"type":"Polygon","coordinates":[[[-111.8698,54.9828],[-111.8499,54.9943],[-111.422,54.9943],[-111.438,54.9598],[-111.4386,54.9254],[-111.45,54.918],[-111.51,54.9216],[-111.5982,54.9024],[-111.69,54.8892],[-111.83,54.8967],[-111.89,54.9209],[-111.9482,54.9369],[-111.9222,54.9598],[-111.8698,54.9828]]]}},{"type":"Feature","properties":{"c":"#00fb90","v0":0.05,"v1":0.25},"geometry":{"type":"Polygon","coordinates":[[[-120.8123,54.7064],[-120.79,54.7014],[-120.7685,54.6601],[-120.7891,54.6138],[-120.7854,54.5791],[-120.8042,54.5327],[-120.79,54.5002],[-120.77,54.4894],[-120.67,54.4888],[-120.61,54.5036],[-120.53,54.4872],[-120.45,54.4904],[-120.35,54.4854],[-120.33,54.4791],[-120.31,54.4648],[-120.3088,54.3582],[-120.336,54.3232],[-120.3575,54.2765],[-120.3806,54.2532],[-120.3927,54.2181],[-120.4156,54.183],[-120.4084,54.1596],[-120.37,54.1421],[-120.33,54.1434],[-120.29,54.1534],[-120.25,54.176],[-120.23,54.1788],[-120.13,54.1607],[-120.09,54.1731],[-120.03,54.1767],[-119.93,54.2303],[-119.91,54.2379],[-119.85,54.2464],[-119.83,54.2551],[-119.7583,54.3116],[-119.73,54.3453],[-119.65,54.3553],[-119.59,54.3836],[-119.57,54.3791],[-119.53,54.34],[-119.53,54.3168],[-119.6259,54.2532],[-119.6636,54.1947],[-119.6942,54.1713],[-119.7852,54.1479],[-119.85,54.1387],[-119.93,54.1388],[-120.05,54.124],[-120.13,54.1307],[-120.1462,54.1244],[-120.21,54.1154],[-120.314,54.0658],[-120.322,54.0423],[-120.3148,54.0306],[-120.29,54.0205],[-120.25,54.0132],[-120.21,53.9773],[-120.17,53.9672],[-120.15,53.9682],[-120.09,53.9988],[-120.0669,53.9953],[-120.0084,53.96],[-120.0105,53.9365],[-119.9908,53.8893],[-119.9925,53.8776],[-120.03,53.8449],[-120.11,53.8356],[-120.19,53.8171],[-120.27,53.8189],[-120.39,53.8077],[-120.55,53.8059],[-120.61,53.8105],[-120.75,53.7847],[-120.79,53.7642],[-120.87,53.7363],[-120.9271,53.6648],[-120.97,53.5705],[-120.9995,53.5342],[-121.0165,53.4985],[-121.0673,53.4628],[-121.1583,53.3675],[-121.1617,53.3316],[-121.1192,53.2599],[-121.1298,53.224],[-121.1488,53.2],[-121.2104,53.1761],[-121.33,53.0979],[-121.41,53.0547],[-121.4719,52.9838],[-121.532,52.8995],[-121.59,52.8574],[-121.65,52.7995],[-121.67,52.789],[-121.69,52.79],[-121.73,52.8331],[-121.75,52.8394],[-121.79,52.8325],[-121.8124,52.8149],[-121.87,52.7457],[-121.97,52.6625],[-122.01,52.6999],[-122.03,52.7037],[-122.05,52.6985],[-122.09,52.6723],[-122.1133,52.6453],[-122.1407,52.5725],[-122.19,52.5232],[-122.21,52.5173],[-122.2292,52.536],[-122.25,52.5442],[-122.29,52.5537],[-122.3007,52.5482],[-122.3036,52.536],[-122.2862,52.5238],[-122.21,52.5002],[-122.2189,52.4751],[-122.33,52.4017],[-122.41,52.3576],[-122.47,52.3452],[-122.5475,52.3042],[-122.57,52.2529],[-122.6639,52.1204],[-122.69,52.1071],[-122.73,52.1023],[-122.7514,52.1327],[-122.7258,52.2185],[-122.7497,52.2798],[-122.7434,52.3409],[-122.79,52.4319],[-122.8149,52.4995],[-122.811,52.5725],[-122.7877,52.6453],[-122.75,52.6915],[-122.6784,52.7423],[-122.63,52.7924],[-122.537,52.8391],[-122.5185,52.8633],[-122.5133,52.8995],[-122.49,52.9468],[-122.45,52.978],[-122.4401,52.9718],[-122.4325,52.9477],[-122.4364,52.9115],[-122.4005,52.8391],[-122.4068,52.8028],[-122.4032,52.6817],[-122.359,52.5968],[-122.33,52.5733],[-122.31,52.5653],[-122.29,52.573],[-122.2598,52.5968],[-122.2299,52.6817],[-122.2752,52.7907],[-122.2848,52.8028],[-122.332,52.827],[-122.3388,52.8391],[-122.3179,52.8633],[-122.311,52.8874],[-122.3345,52.9718],[-122.33,52.9826],[-122.31,52.9884],[-122.29,52.9863],[-122.23,52.9599],[-122.21,52.9572],[-122.19,52.9689],[-122.2115,53.0199],[-122.2721,53.068],[-122.2765,53.0801],[-122.2545,53.1041],[-122.1938,53.1401],[-122.1597,53.1761],[-122.13,53.1901],[-122.1182,53.1881],[-122.1129,53.1761],[-122.1188,53.1641],[-122.1567,53.1161],[-122.1377,53.0921],[-122.11,53.0831],[-122.05,53.0823],[-122.03,53.0877],[-122.0156,53.1041],[-122.0014,53.1521],[-122.0165,53.2],[-122.03,53.2131],[-122.05,53.2185],[-122.11,53.2138],[-122.1282,53.2599],[-122.15,53.2829],[-122.17,53.2918],[-122.23,53.2935],[-122.2564,53.3077],[-122.2824,53.3555],[-122.2845,53.3675],[-122.2617,53.4152],[-122.2903,53.4747],[-122.2891,53.4866],[-122.2054,53.5699],[-122.1895,53.5936],[-122.1211,53.6529],[-122.09,53.6943],[-122.0699,53.7122],[-122.0191,53.7358],[-121.98,53.7713],[-121.95,53.8239],[-121.93,53.8288],[-121.87,53.8271],[-121.83,53.8418],[-121.8174,53.854],[-121.8206,53.8776],[-121.8571,53.9129],[-121.858,53.9365],[-121.8186,53.9835],[-121.8024,54.0188],[-121.7668,54.0423],[-121.7384,54.0775],[-121.6945,54.1596],[-121.6784,54.2298],[-121.6913,54.2649],[-121.673,54.3116],[-121.6975,54.3466],[-121.6926,54.3699],[-121.65,54.407],[-121.6075,54.4281],[-121.57,54.4625],[-121.51,54.4794],[-121.47,54.4711],[-121.43,54.4796],[-121.3532,54.5559],[-121.27,54.5822],[-121.21,54.6155],[-121.13,54.6453],[-121.07,54.6803],[-121.05,54.6877],[-121.03,54.6873],[-120.97,54.6752],[-120.93,54.673],[-120.91,54.6759],[-120.85,54.6992],[-120.8123,54.7064]],[[-120.69,54.1278],[-120.7134,54.1127],[-120.7369,54.0775],[-120.732,54.0658],[-120.71,54.0605],[-120.657,54.0658],[-120.6406,54.0775],[-120.6369,54.0893],[-120.65,54.1205],[-120.67,54.1306],[-120.69,54.1278]],[[-120.23,53.9159],[-120.2435,53.9129],[-120.2512,53.9011],[-120.23,53.8942],[-120.2047,53.9011],[-120.2086,53.9129],[-120.23,53.9159]],[[-122.11,52.843],[-122.13,52.8334],[-122.1451,52.8149],[-122.1519,52.7907],[-122.1467,52.7544],[-122.1356,52.7423],[-122.11,52.7303],[-122.09,52.7249],[-122.05,52.7244],[-122.0204,52.7423],[-122.0206,52.7665],[-122.0404,52.8028],[-122.0649,52.827],[-122.09,52.8424],[-122.11,52.843]],[[-122.01,52.9889],[-122.0225,52.9838],[-122.0308,52.9718],[-122.015,52.8633],[-121.99,52.8311],[-121.97,52.8179],[-121.95,52.813],[-121.93,52.8201],[-121.9172,52.8391],[-121.9047,52.9236],[-121.9143,52.9477],[-121.942,52.9718],[-121.97,52.9849],[-122.01,52.9889]],[[-121.81,53.5992],[-121.83,53.5851],[-121.8371,53.5461],[-121.87,53.5273],[-121.8848,53.4985],[-121.8494,53.4032],[-121.8605,53.3913],[-121.9052,53.3675],[-121.9414,53.3316],[-121.9567,53.2838],[-121.9781,53.2479],[-121.9713,53.224],[-121.91,53.1402],[-121.89,53.1325],[-121.83,53.151],[-121.7858,53.1761],[-121.6971,53.3197],[-121.699,53.3436],[-121.7295,53.3913],[-121.6998,53.439],[-121.71,53.4711],[-121.73,53.4875],[-121.81,53.5044],[-121.8343,53.5223],[-121.8369,53.5342],[-121.827,53.5461],[-121.773,53.5699],[-121.7877,53.5936],[-121.81,53.5992]],[[-121.61,54.2071],[-121.6245,54.1947],[-121.6234,54.183],[-121.6114,54.1713],[-121.55,54.1255],[-121.53,54.1181],[-121.51,54.1206],[-121.4952,54.1479],[-121.4979,54.183],[-121.5064,54.1947],[-121.55,54.2122],[-121.59,54.2126],[-121.61,54.2071]],[[-121.35,53.9368],[-121.4841,53.854],[-121.51,53.8493],[-121.59,53.847],[-121.65,53.8235],[-121.724,53.7477],[-121.7303,53.724],[-121.7175,53.7122],[-121.65,53.6999],[-121.61,53.6788],[-121.59,53.676],[-121.51,53.7027],[-121.4414,53.7358],[-121.4156,53.7595],[-121.3863,53.8422],[-121.33,53.8803],[-121.3096,53.9011],[-121.31,53.9401],[-121.33,53.9428],[-121.35,53.9368]],[[-120.91,54.0852],[-120.97,54.0503],[-120.9978,54.0188],[-120.99,54.0014],[-120.9397,53.9835],[-120.9346,53.9718],[-120.9774,53.9365],[-121.03,53.8644],[-121.0769,53.8186],[-121.091,53.7713],[-121.07,53.7548],[-121.01,53.7544],[-120.9542,53.7713],[-120.927,53.7949],[-120.8253,53.9129],[-120.8065,53.96],[-120.802,54.0071],[-120.8115,54.0188],[-120.85,54.0421],[-120.8729,54.0775],[-120.89,54.086],[-120.91,54.0852]],[[-121.73,53.0563],[-121.744,53.044],[-121.7463,53.032],[-121.73,53.0165],[-121.71,53.0188],[-121.6964,53.032],[-121.6965,53.044],[-121.71,53.057],[-121.73,53.0563]],[[-121.65,53.6315],[-121.69,53.5912],[-121.71,53.5782],[-121.7385,53.5699],[-121.7478,53.558],[-121.7103,53.5461],[-121.69,53.5454],[-121.6481,53.558],[-121.6027,53.6173],[-121.61,53.6359],[-121.63,53.6388],[-121.65,53.6315]],[[-121.55,53.5138],[-121.6007,53.4628],[-121.6306,53.3913],[-121.6321,53.3675],[-121.61,53.3483],[-121.59,53.3468],[-121.57,53.3536],[-121.5544,53.3675],[-121.5215,53.439],[-121.5118,53.5104],[-121.53,53.5198],[-121.55,53.5138]],[[-121.39,53.298],[-121.43,53.288],[-121.4548,53.2719],[-121.481,53.236],[-121.5058,53.1641],[-121.5962,53.0921],[-121.6074,53.068],[-121.6041,53.056],[-121.59,53.0415],[-121.57,53.0344],[-121.53,53.0363],[-121.5175,53.044],[-121.4436,53.1161],[-121.4364,53.1281],[-121.4409,53.1641],[-121.4348,53.1761],[-121.3846,53.212],[-121.3659,53.236],[-121.37,53.2693],[-121.39,53.298]],[[-121.31,53.4331],[-121.33,53.4154],[-121.339,53.3913],[-121.3403,53.3794],[-121.33,53.3685],[-121.3072,53.3794],[-121.2795,53.4152],[-121.2763,53.4271],[-121.29,53.4371],[-121.31,53.4331]]]}},{"type":"Feature","properties":{"c":"#00fb90","v0":0.05,"v1":0.25},"geometry":{"type":"Polygon","coordinates":[[[-117.2016,54.1947],[-117.19,54.2013],[-117.17,54.2036],[-117.11,54.2017],[-117.0987,54.1947],[-117.1,54.183],[-117.11,54.1697],[-117.1699,54.1362],[-117.21,54.1298],[-117.2231,54.1362],[-117.225,54.1479],[-117.2016,54.1947]]]}},{"type":"Feature","properties":{"c":"#00fb90","v0":0.05,"v1":0.25},"geometry":{"type":"Polygon","coordinates":[[[-113.1087,54.0658],[-113.07,54.0691],[-113.05,54.0659],[-113.0619,54.0541],[-113.1069,54.0306],[-113.2008,53.9953],[-113.45,53.9332],[-113.51,53.9327],[-113.53,53.9458],[-113.5279,53.96],[-113.5004,53.9835],[-113.4211,54.0188],[-113.33,54.0398],[-113.25,54.0456],[-113.1087,54.0658]],[[-113.33,54.0212],[-113.3786,54.0071],[-113.4422,53.9718],[-113.41,53.9712],[-113.2824,53.9953],[-113.2603,54.0071],[-113.2668,54.0188],[-113.33,54.0212]]]}},{"type":"Feature","properties":{"c":"#00fb90","v0":0.05,"v1":0.25},"geometry":{"type":"Polygon","coordinates":[[[-111.7584,53.9835],[-111.6702,53.9835],[-111.6485,53.9718],[-111.6497,53.9482],[-111.6689,53.9247],[-111.7538,53.854],[-111.7531,53.8422],[-111.741,53.8304],[-111.6858,53.8068],[-111.6718,53.7949],[-111.662,53.7713],[-111.665,53.7595],[-111.69,53.7365],[-111.73,53.7195],[-111.79,53.6828],[-111.87,53.6561],[-111.93,53.6439],[-112.01,53.6089],[-112.05,53.6023],[-112.21,53.5968],[-112.29,53.6087],[-112.35,53.6079],[-112.49,53.623],[-112.5576,53.6411],[-112.5716,53.6766],[-112.59,53.6913],[-112.63,53.7055],[-112.69,53.7144],[-112.7162,53.724],[-112.7135,53.7358],[-112.6824,53.7595],[-112.65,53.7735],[-112.55,53.8004],[-112.45,53.8107],[-112.33,53.8014],[-112.25,53.8161],[-112.11,53.8324],[-112.0806,53.8422],[-112.0701,53.854],[-112.0753,53.8658],[-112.1119,53.8893],[-112.1099,53.9011],[-112.07,53.9155],[-112.01,53.9215],[-111.99,53.9162],[-112.0055,53.8893],[-112.0028,53.8776],[-111.99,53.8732],[-111.91,53.8998],[-111.87,53.8843],[-111.83,53.8848],[-111.8138,53.9011],[-111.8157,53.9129],[-111.83,53.9264],[-111.85,53.9317],[-111.87,53.9298],[-111.91,53.9148],[-111.922,53.9247],[-111.9164,53.9365],[-111.7584,53.9835]],[[-111.85,53.807],[-111.91,53.7934],[-111.99,53.7836],[-112.07,53.7889],[-112.13,53.7838],[-112.25,53.7837],[-112.45,53.7676],[-112.51,53.7583],[-112.57,53.7594],[-112.6024,53.7477],[-112.6051,53.7358],[-112.5925,53.724],[-112.57,53.7156],[-112.55,53.7116],[-112.49,53.714],[-112.4407,53.7003],[-112.464,53.6766],[-112.4654,53.6648],[-112.4562,53.6529],[-112.43,53.6439],[-112.29,53.6363],[-112.19,53.6175],[-112.05,53.6204],[-112.01,53.6282],[-111.95,53.6625],[-111.89,53.6822],[-111.85,53.7306],[-111.77,53.7551],[-111.75,53.7685],[-111.7459,53.7831],[-111.77,53.8021],[-111.81,53.8108],[-111.85,53.807]]]}},{"type":"Feature","properties":{"c":"#00fb90","v0":0.05,"v1":0.25},"geometry":{"type":"Polygon","coordinates":[[[-106.1891,53.8776],[-106.05,53.8761],[-105.89,53.8429],[-105.8619,53.8186],[-105.872,53.7831],[-105.8566,53.7713],[-105.79,53.7434],[-105.6963,53.6885],[-105.6837,53.6766],[-105.687,53.6648],[-105.73,53.6624],[-105.81,53.6807],[-105.854,53.7003],[-105.9046,53.7358],[-105.9316,53.7713],[-106.1753,53.8304],[-106.2112,53.854],[-106.2132,53.8658],[-106.1891,53.8776]],[[-106.15,53.8572],[-106.1628,53.854],[-106.1434,53.8422],[-106.09,53.8374],[-106.0062,53.8068],[-105.97,53.8024],[-105.9434,53.8068],[-105.9395,53.8186],[-105.9562,53.8304],[-106.03,53.8512],[-106.15,53.8572]],[[-105.83,53.7355],[-105.8416,53.724],[-105.8312,53.7122],[-105.81,53.7025],[-105.7838,53.7003],[-105.79,53.7166],[-105.83,53.7355]]]}},{"type":"Feature","properties":{"c":"#00fb90","v0":0.05,"v1":0.25},"geometry":{"type":"Polygon","coordinates":[[[-113.0055,53.6766],[-112.89,53.6829],[-112.8546,53.6766],[-112.8741,53.6648],[-112.99,53.6488],[-113.024,53.6529],[-113.0603,53.6648],[-113.0055,53.6766]]]}},{"type":"Feature","properties":{"c":"#00fb90","v0":0.05,"v1":0.25},"geometry":{"type":"Polygon","coordinates":[[[-116.4589,53.6292],[-116.45,53.6327],[-116.43,53.6313],[-116.43,53.628],[-116.4893,53.5817],[-116.5157,53.5461],[-116.5143,53.5342],[-116.4967,53.5223],[-116.4166,53.5104],[-116.4026,53.4985],[-116.4543,53.3913],[-116.4458,53.3794],[-116.39,53.3647],[-116.3727,53.3555],[-116.367,53.3436],[-116.3692,53.3197],[-116.4012,53.2719],[-116.3969,53.212],[-116.4101,53.1401],[-116.39,53.1062],[-116.35,53.0816],[-116.3216,53.1041],[-116.2943,53.1161],[-116.2552,53.1161],[-116.2614,53.1041],[-116.29,53.0839],[-116.35,53.0792],[-116.3666,53.056],[-116.37,53.0173],[-116.4335,52.9838],[-116.5025,52.9236],[-116.55,52.901],[-116.59,52.8931],[-116.6127,52.8995],[-116.615,52.9477],[-116.63,52.971],[-116.65,52.9675],[-116.679,52.9477],[-116.71,52.9353],[-116.8049,52.8753],[-116.8587,52.827],[-116.8944,52.7786],[-116.9574,52.7423],[-116.97,52.7131],[-116.9883,52.6939],[-117.01,52.6926],[-117.0672,52.7181],[-117.071,52.7302],[-117.0384,52.7665],[-117.0201,52.827],[-116.99,52.8878],[-116.9192,52.9356],[-116.89,52.9733],[-116.87,52.9781],[-116.85,52.9766],[-116.83,52.9838],[-116.8486,53.032],[-116.83,53.0614],[-116.81,53.0659],[-116.75,53.0529],[-116.63,52.991],[-116.61,52.9996],[-116.5932,53.0199],[-116.5965,53.044],[-116.6395,53.068],[-116.67,53.1126],[-116.7418,53.1521],[-116.7744,53.236],[-116.79,53.2546],[-116.81,53.2649],[-116.83,53.2677],[-116.89,53.2556],[-116.9648,53.224],[-117.07,53.196],[-117.1287,53.1641],[-117.21,53.0912],[-117.23,53.0919],[-117.2367,53.1281],[-117.19,53.1565],[-117.13,53.1796],[-117.11,53.1931],[-117.0676,53.2479],[-117.0268,53.2719],[-116.9862,53.3077],[-116.87,53.3886],[-116.798,53.4271],[-116.7469,53.4747],[-116.69,53.503],[-116.53,53.5993],[-116.4589,53.6292]],[[-116.63,53.4276],[-116.71,53.3926],[-116.7561,53.3555],[-116.7623,53.3197],[-116.75,53.3041],[-116.71,53.2842],[-116.69,53.2821],[-116.67,53.2865],[-116.6469,53.3077],[-116.6249,53.3555],[-116.6186,53.3913],[-116.6002,53.4152],[-116.5987,53.4271],[-116.63,53.4276]],[[-116.61,53.2637],[-116.63,53.2598],[-116.6477,53.2479],[-116.6478,53.224],[-116.63,53.2055],[-116.61,53.2129],[-116.5701,53.2479],[-116.57,53.261],[-116.59,53.2655],[-116.61,53.2637]]]}},{"type":"Feature","properties":{"c":"#00fb90","v0":0.05,"v1":0.25},"geometry":{"type":"Polygon","coordinates":[[[-115.7508,53.224],[-115.73,53.2321],[-115.7251,53.224],[-115.719,53.1881],[-115.7251,53.1761],[-115.81,53.1252],[-115.8344,53.1161],[-115.87,53.1113],[-115.8698,53.1281],[-115.83,53.1717],[-115.7783,53.2],[-115.7508,53.224]]]}},{"type":"Feature","properties":{"c":"#00fb90","v0":0.05,"v1":0.25},"geometry":{"type":"Polygon","coordinates":[[[-116.0248,53.044],[-115.99,53.0546],[-115.97,53.0514],[-115.9769,53.032],[-116.0465,52.9959],[-116.1274,52.9356],[-116.17,52.9208],[-116.1851,52.9236],[-116.1839,52.9356],[-116.1124,52.9718],[-116.0248,53.044]]]}},{"type":"Feature","properties":{"c":"#00fb90","v0":0.05,"v1":0.25},"geometry":{"type":"Polygon","coordinates":[[[-120.3787,53.0079],[-120.35,53.0168],[-120.3404,53.0079],[-120.345,52.9959],[-120.39,52.9463],[-120.41,52.9363],[-120.43,52.935],[-120.4359,52.9477],[-120.43,52.9578],[-120.3787,53.0079]]]}},{"type":"Feature","properties":{"c":"#00fb90","v0":0.05,"v1":0.25},"geometry":{"type":"Polygon","coordinates":[[[-117.2245,52.6696],[-117.21,52.6776],[-117.11,52.6751],[-117.0692,52.6575],[-117.069,52.6453],[-117.0914,52.6211],[-117.09,52.6033],[-117.07,52.5894],[-117.0237,52.5725],[-117.0236,52.5238],[-116.97,52.5088],[-116.9533,52.4995],[-116.9456,52.4873],[-116.959,52.4386],[-116.9721,52.4264],[-117.01,52.4093],[-117.03,52.4049],[-117.05,52.4079],[-117.15,52.4601],[-117.19,52.4697],[-117.25,52.4664],[-117.31,52.4493],[-117.3311,52.4386],[-117.35,52.418],[-117.37,52.4358],[-117.3618,52.4629],[-117.3865,52.4995],[-117.3884,52.5238],[-117.37,52.5491],[-117.3038,52.5968],[-117.229,52.6332],[-117.2245,52.6696]]]}},{"type":"Feature","properties":{"c":"#00fb90","v0":0.05,"v1":0.25},"geometry":{"type":"Polygon","coordinates":[[[-122.9518,52.4873],[-122.93,52.4926],[-122.9248,52.4873],[-122.8932,52.4264],[-122.9184,52.3287],[-122.93,52.3107],[-122.97,52.2775],[-123.03,52.2593],[-123.0496,52.2798],[-123.0523,52.3775],[-123.01,52.4354],[-122.9518,52.4873]]]}},{"type":"Feature","properties":{"c":"#00fb90","v0":0.05,"v1":0.25},"geometry":{"type":"Polygon","coordinates":[[[-100.8523,52.2553],[-100.83,52.2624],[-100.81,52.2612],[-100.73,52.2439],[-100.67,52.2413],[-100.61,52.2317],[-100.53,52.2322],[-100.4516,52.2063],[-100.39,52.1713],[-100.31,52.1611],[-100.25,52.1327],[-100.09,52.1348],[-100.07,52.1308],[-99.97,52.0784],[-99.8871,52.0466],[-99.883,52.0343],[-99.91,52.0292],[-100.11,52.0461],[-100.15,52.0436],[-100.164,52.0343],[-100.152,52.022],[-99.9933,51.9358],[-99.9615,51.9111],[-99.9384,51.8741],[-99.8909,51.8247],[-99.8691,51.7876],[-99.863,51.7752],[-99.864,51.7257],[-99.8512,51.7009],[-99.7205,51.5892],[-99.6728,51.5394],[-99.67,51.5016],[-99.6756,51.4896],[-99.69,51.4809],[-99.73,51.4865],[-99.79,51.5115],[-99.99,51.6254],[-100.13,51.6811],[-100.2161,51.7504],[-100.2634,51.7752],[-100.2731,51.7876],[-100.2769,51.8247],[-100.316,51.8617],[-100.41,51.9145],[-100.5763,51.9851],[-100.5863,51.9974],[-100.5825,52.022],[-100.5919,52.0343],[-100.69,52.0959],[-100.73,52.1141],[-100.8291,52.1449],[-100.8745,52.1695],[-100.8834,52.194],[-100.8552,52.2308],[-100.8523,52.2553]],[[-100.71,52.1646],[-100.7242,52.1572],[-100.7232,52.1449],[-100.67,52.1179],[-100.6088,52.0712],[-100.5103,52.0097],[-100.4655,51.9604],[-100.3026,51.8741],[-100.2073,51.8123],[-100.17,51.7803],[-100.103,51.738],[-100.0661,51.6885],[-99.9512,51.6388],[-99.8822,51.5892],[-99.83,51.5605],[-99.79,51.5443],[-99.77,51.543],[-99.7638,51.5519],[-99.7756,51.5767],[-99.8703,51.6637],[-99.9132,51.7257],[-99.97,51.7719],[-100.03,51.8617],[-100.09,51.9235],[-100.1013,51.9481],[-100.1238,51.9728],[-100.17,52.0002],[-100.3004,52.0466],[-100.3489,52.0712],[-100.35,52.0868],[-100.2938,52.1081],[-100.3196,52.1204],[-100.35,52.1267],[-100.53,52.1372],[-100.67,52.1644],[-100.71,52.1646]],[[-100.17,52.097],[-100.1517,52.0835],[-100.13,52.0802],[-100.09,52.0779],[-100.0756,52.0835],[-100.111,52.0958],[-100.17,52.097]]]}},{"type":"Feature","properties":{"c":"#00fb90","v0":0.05,"v1":0.25},"geometry":{"type":"Polygon","coordinates":[[[-112.0423,52.1572],[-112.03,52.1671],[-112.01,52.168],[-111.9842,52.1572],[-111.9813,52.1449],[-111.99,52.137],[-112.01,52.1343],[-112.03,52.1424],[-112.0423,52.1572]]]}},{"type":"Feature","properties":{"c":"#00fb90","v0":0.05,"v1":0.25},"geometry":{"type":"Polygon","coordinates":[[[-102.0015,51.9728],[-101.95,51.9828],[-101.81,51.983],[-101.77,51.9794],[-101.6923,51.9604],[-101.63,51.9522],[-101.3659,51.8864],[-101.27,51.8476],[-101.1209,51.7999],[-101.01,51.7167],[-100.987,51.6513],[-100.8854,51.5394],[-100.8734,51.5145],[-100.8745,51.4896],[-100.89,51.4799],[-100.93,51.4761],[-101.01,51.4868],[-101.37,51.6608],[-101.5012,51.7133],[-101.57,51.7368],[-101.65,51.7558],[-101.71,51.7835],[-102.0366,51.8741],[-102.0814,51.8988],[-102.0848,51.9111],[-102.0279,51.9604],[-102.0015,51.9728]],[[-101.95,51.9653],[-101.9697,51.9604],[-101.9868,51.9481],[-101.9872,51.9358],[-101.9488,51.8864],[-101.9307,51.8741],[-101.8517,51.8494],[-101.7654,51.8123],[-101.6719,51.7876],[-101.63,51.7692],[-101.5184,51.738],[-101.39,51.6936],[-101.1513,51.5892],[-101.09,51.5516],[-101.03,51.5303],[-101.01,51.5335],[-101.03,51.5631],[-101.0857,51.6016],[-101.1181,51.6388],[-101.1408,51.6885],[-101.1689,51.7133],[-101.1952,51.7628],[-101.237,51.7876],[-101.5312,51.8988],[-101.65,51.9384],[-101.81,51.9706],[-101.95,51.9653]]]}},{"type":"Feature","properties":{"c":"#00fb90","v0":0.05,"v1":0.25},"geometry":{"type":"Polygon","coordinates":[[[-118.6766,51.9481],[-118.67,51.9519],[-118.65,51.9505],[-118.63,51.9262],[-118.624,51.8988],[-118.6285,51.8864],[-118.6562,51.8494],[-118.6634,51.8247],[-118.73,51.8014],[-118.75,51.799],[-118.7584,51.8123],[-118.7559,51.8247],[-118.73,51.8848],[-118.6943,51.9358],[-118.6766,51.9481]]]}},{"type":"Feature","properties":{"c":"#00fb90","v0":0.05,"v1":0.25},"geometry":{"type":"Polygon","coordinates":[[[-118.811,51.7504],[-118.79,51.7588],[-118.769,51.7504],[-118.79,51.7305],[-118.81,51.7323],[-118.811,51.7504]]]}},{"type":"Feature","properties":{"c":"#00fb90","v0":0.05,"v1":0.25},"geometry":{"type":"Polygon","coordinates":[[[-118.8617,51.7009],[-118.83,51.7054],[-118.81,51.6936],[-118.7817,51.6513],[-118.7507,51.6264],[-118.7285,51.5767],[-118.65,51.52],[-118.6371,51.4772],[-118.636,51.4398],[-118.6172,51.4024],[-118.5507,51.3649],[-118.4786,51.3399],[-118.4461,51.3149],[-118.4462,51.2774],[-118.49,51.2328],[-118.5236,51.1772],[-118.5219,51.1647],[-118.51,51.1573],[-118.483,51.1647],[-118.43,51.1914],[-118.4191,51.2023],[-118.4169,51.2524],[-118.402,51.2774],[-118.37,51.3013],[-118.33,51.3153],[-118.3184,51.3274],[-118.3092,51.3649],[-118.25,51.4287],[-118.21,51.4564],[-118.1823,51.4647],[-118.15,51.4656],[-118.11,51.4582],[-118.05,51.4574],[-118.0212,51.4398],[-117.99,51.4387],[-117.9492,51.4647],[-117.8629,51.4896],[-117.77,51.5602],[-117.7388,51.5767],[-117.71,51.5836],[-117.6983,51.527],[-117.6868,51.5145],[-117.6458,51.5021],[-117.6451,51.4896],[-117.69,51.4368],[-117.7489,51.4024],[-117.8091,51.3399],[-117.83,51.3278],[-117.85,51.3222],[-117.8632,51.3274],[-117.91,51.3596],[-117.93,51.3617],[-117.95,51.357],[-117.9688,51.3274],[-117.9954,51.3024],[-118.0013,51.2649],[-118.0343,51.2524],[-118.0407,51.2148],[-118.0355,51.1772],[-117.9889,51.127],[-117.9769,51.1019],[-117.99,51.0742],[-118.0488,51.0517],[-118.0851,51.0265],[-118.0889,51.0139],[-118.0611,50.9762],[-118.0461,50.9258],[-118.07,50.9245],[-118.11,50.9495],[-118.1138,51.0139],[-118.17,51.0597],[-118.23,51.0949],[-118.31,51.1645],[-118.35,51.1818],[-118.41,51.1811],[-118.43,51.1738],[-118.4569,51.1521],[-118.4791,51.1145],[-118.4803,51.0768],[-118.508,51.0517],[-118.57,51.0213],[-118.65,51.0247],[-118.6897,51.0139],[-118.7055,51.0013],[-118.709,50.9762],[-118.649,50.951],[-118.65,50.9266],[-118.6747,50.8879],[-118.734,50.85],[-118.79,50.8229],[-118.83,50.7841],[-118.95,50.7358],[-118.99,50.7058],[-118.9993,50.7109],[-119.0168,50.7616],[-119.0811,50.7995],[-119.0813,50.8248],[-119.068,50.8374],[-119.03,50.8443],[-119.0056,50.8374],[-118.97,50.8019],[-118.93,50.8017],[-118.91,50.8083],[-118.8686,50.8374],[-118.7883,50.8753],[-118.725,50.9384],[-118.7164,50.9636],[-118.73,50.9749],[-118.77,50.9744],[-118.83,50.9572],[-118.93,50.8866],[-118.95,50.8782],[-118.97,50.878],[-119.07,50.9044],[-119.09,50.8959],[-119.1136,50.8753],[-119.19,50.8478],[-119.25,50.8556],[-119.2793,50.8374],[-119.3024,50.7869],[-119.33,50.7764],[-119.39,50.7744],[-119.43,50.7837],[-119.4734,50.8121],[-119.4899,50.8374],[-119.45,50.8688],[-119.41,50.9123],[-119.358,50.9384],[-119.3433,50.9636],[-119.3234,50.9762],[-119.27,50.9747],[-119.251,50.9636],[-119.2579,50.951],[-119.2374,50.9258],[-119.19,50.9119],[-119.15,50.9135],[-119.11,50.9258],[-119.0757,50.951],[-119.05,50.9834],[-119.041,50.9384],[-119.03,50.9281],[-119.01,50.9267],[-118.99,50.9328],[-118.9621,50.951],[-118.93,51.0073],[-118.8543,51.0768],[-118.8139,51.1521],[-118.8235,51.1772],[-118.8152,51.2023],[-118.8201,51.2274],[-118.83,51.2362],[-118.85,51.2409],[-118.87,51.2308],[-118.8835,51.1898],[-118.89,51.1879],[-118.99,51.1923],[-119.0032,51.2023],[-118.9989,51.2399],[-119.0059,51.2649],[-119.0218,51.2774],[-119.05,51.2873],[-119.07,51.3069],[-119.09,51.3375],[-119.0978,51.3649],[-119.09,51.3815],[-119.07,51.3701],[-119.0275,51.3274],[-119.01,51.291],[-118.99,51.2855],[-118.97,51.2888],[-118.9484,51.3024],[-118.942,51.3399],[-118.9649,51.3774],[-118.965,51.3899],[-118.9187,51.4273],[-118.9206,51.4523],[-118.93,51.4611],[-118.95,51.4642],[-118.97,51.4612],[-119.05,51.428],[-119.07,51.429],[-119.0741,51.4398],[-119.0451,51.4896],[-119.01,51.5167],[-118.95,51.4703],[-118.9098,51.4896],[-118.9076,51.5021],[-118.9462,51.5394],[-118.9455,51.5643],[-118.9653,51.5892],[-118.9663,51.6016],[-118.93,51.6252],[-118.91,51.6265],[-118.85,51.6156],[-118.83,51.6183],[-118.8183,51.6264],[-118.8194,51.6388],[-118.8732,51.6885],[-118.8617,51.7009]],[[-118.25,51.2655],[-118.2615,51.2524],[-118.2617,51.2399],[-118.2488,51.2023],[-118.2445,51.1396],[-118.23,51.1254],[-118.21,51.1244],[-118.19,51.1414],[-118.1777,51.2148],[-118.21,51.2609],[-118.23,51.2687],[-118.25,51.2655]],[[-118.83,51.5379],[-118.849,51.527],[-118.854,51.5145],[-118.85,51.5077],[-118.83,51.5022],[-118.803,51.5145],[-118.7996,51.527],[-118.81,51.5363],[-118.83,51.5379]]]}},{"type":"Feature","properties":{"c":"#00fb90","v0":0.05,"v1":0.25},"geometry":{"type":"Polygon","coordinates":[[[-117.9211,51.2649],[-117.9077,51.2649],[-117.8954,51.2524],[-117.8977,51.2399],[-117.91,51.2267],[-117.93,51.2233],[-117.9432,51.2274],[-117.9679,51.2524],[-117.95,51.2606],[-117.9211,51.2649]]]}},{"type":"Feature","properties":{"c":"#00fb90","v0":0.05,"v1":0.25},"geometry":{"type":"Polygon","coordinates":[[[-119.1942,51.1521],[-119.17,51.1606],[-119.1655,51.1521],[-119.17,51.1372],[-119.19,51.1257],[-119.2008,51.127],[-119.2076,51.1396],[-119.1942,51.1521]]]}},{"type":"Feature","properties":{"c":"#00fb90","v0":0.05,"v1":0.25},"geometry":{"type":"Polygon","coordinates":[[[-119.1782,51.0391],[-119.15,51.0383],[-119.142,51.0265],[-119.1436,51.0013],[-119.1565,50.9887],[-119.21,50.9832],[-119.2247,50.9887],[-119.2109,51.0139],[-119.1782,51.0391]]]}},{"type":"Feature","properties":{"c":"#00fb90","v0":0.05,"v1":0.25},"geometry":{"type":"Polygon","coordinates":[[[-118.4894,50.9131],[-118.47,50.922],[-118.3853,50.9005],[-118.4673,50.8627],[-118.51,50.858],[-118.5178,50.8627],[-118.4941,50.8879],[-118.4894,50.9131]]]}},{"type":"Feature","properties":{"c":"#00fb90","v0":0.05,"v1":0.25},"geometry":{"type":"Polygon","coordinates":[[[-118.2729,50.9005],[-118.25,50.8956],[-118.23,50.8785],[-118.2176,50.85],[-118.25,50.8113],[-118.27,50.8177],[-118.281,50.8374],[-118.2811,50.8879],[-118.2729,50.9005]]]}},{"type":"Feature","properties":{"c":"#00fb90","v0":0.05,"v1":0.25},"geometry":{"type":"Polygon","coordinates":[[[-119.5794,50.7236],[-119.57,50.7303],[-119.53,50.7339],[-119.51,50.7288],[-119.4988,50.7109],[-119.5063,50.6349],[-119.5214,50.6095],[-119.5051,50.5714],[-119.5085,50.5587],[-119.5326,50.5333],[-119.5244,50.5078],[-119.5288,50.4951],[-119.59,50.4905],[-119.6693,50.4697],[-119.69,50.4703],[-119.7553,50.5206],[-119.7419,50.5841],[-119.7533,50.6095],[-119.75,50.6323],[-119.71,50.6758],[-119.69,50.6791],[-119.65,50.6743],[-119.63,50.6807],[-119.5794,50.7236]]]}},{"type":"Feature","properties":{"c":"#00fb90","v0":0.05,"v1":0.25},"geometry":{"type":"Polygon","coordinates":[[[-125.3514,50.5587],[-125.33,50.5642],[-125.27,50.5383],[-125.23,50.5329],[-125.2091,50.5206],[-125.203,50.4824],[-125.2104,50.4315],[-125.2022,50.3932],[-125.1285,50.3422],[-125.1365,50.2144],[-125.15,50.1997],[-125.17,50.1947],[-125.2063,50.2016],[-125.23,50.2181],[-125.29,50.3194],[-125.365,50.3805],[-125.3678,50.406],[-125.3396,50.4442],[-125.3318,50.4697],[-125.3316,50.4824],[-125.3587,50.5078],[-125.3622,50.5206],[-125.3514,50.5587]],[[-125.21,50.3057],[-125.222,50.2911],[-125.21,50.263],[-125.1994,50.2655],[-125.1903,50.2783],[-125.21,50.3057]]]}},{"type":"Feature","properties":{"c":"#00fb90","v0":0.05,"v1":0.25},"geometry":{"type":"Polygon","coordinates":[[[-69.8103,50.4824],[-69.7806,50.4824],[-69.7566,50.4697],[-69.7628,50.406],[-69.7171,50.3677],[-69.7181,50.3549],[-69.791,50.3039],[-69.73,50.2999],[-69.7021,50.2783],[-69.6909,50.24],[-69.71,50.1629],[-69.75,50.1294],[-69.8143,50.099],[-69.8023,50.0477],[-69.807,50.0348],[-69.85,50.0026],[-69.91,49.9771],[-70.01,49.9186],[-70.05,49.908],[-70.11,49.9035],[-70.17,49.8569],[-70.23,49.822],[-70.29,49.8045],[-70.33,49.806],[-70.357,49.8159],[-70.3703,49.8288],[-70.35,49.8736],[-70.333,49.8933],[-70.29,49.9206],[-70.1686,49.9577],[-70.148,49.9706],[-70.119,50.0091],[-70.0901,50.0862],[-70.11,50.0972],[-70.1569,50.099],[-70.142,50.1247],[-70.1258,50.1375],[-70.03,50.1662],[-69.9563,50.2144],[-69.9576,50.2272],[-69.9818,50.24],[-69.9849,50.2527],[-69.9503,50.3166],[-69.9583,50.3294],[-69.9954,50.3422],[-69.9938,50.3677],[-69.9076,50.4442],[-69.85,50.4731],[-69.8103,50.4824]],[[-69.79,50.2306],[-69.97,50.1254],[-69.9952,50.099],[-70.0006,50.0862],[-69.99,50.0785],[-69.95,50.0861],[-69.93,50.0958],[-69.8437,50.1503],[-69.81,50.1858],[-69.7702,50.2144],[-69.77,50.2292],[-69.79,50.2306]],[[-69.85,50.4509],[-69.907,50.4187],[-69.9208,50.3932],[-69.91,50.3827],[-69.85,50.3899],[-69.8115,50.4187],[-69.8,50.4442],[-69.81,50.4562],[-69.85,50.4509]]]}},{"type":"Feature","properties":{"c":"#00fb90","v0":0.05,"v1":0.25},"geometry":{"type":"Polygon","coordinates":[[[-123.4396,50.4187],[-123.43,50.426],[-123.4191,50.4187],[-123.4154,50.3932],[-123.4298,50.3422],[-123.4641,50.3039],[-123.4691,50.2016],[-123.5057,50.1247],[-123.5167,50.0605],[-123.5494,50.0091],[-123.55,49.9948],[-123.53,49.9745],[-123.49,49.9659],[-123.4692,49.9191],[-123.45,49.9008],[-123.43,49.8998],[-123.33,49.9205],[-123.25,49.9672],[-123.19,49.9612],[-123.1844,49.9577],[-123.189,49.8933],[-123.17,49.8762],[-123.13,49.8647],[-123.1187,49.8546],[-123.1096,49.8417],[-123.1043,49.803],[-123.051,49.7643],[-123.05,49.7514],[-123.11,49.7268],[-123.1564,49.6996],[-123.19,49.6504],[-123.25,49.5931],[-123.27,49.5824],[-123.33,49.5663],[-123.3774,49.5312],[-123.3956,49.4922],[-123.3979,49.4402],[-123.4439,49.3751],[-123.4509,49.3491],[-123.4504,49.336],[-123.4379,49.323],[-123.3941,49.31],[-123.3883,49.2969],[-123.3969,49.2839],[-123.43,49.2689],[-123.47,49.278],[-123.51,49.2752],[-123.546,49.2578],[-123.57,49.2296],[-123.6478,49.1794],[-123.67,49.1787],[-123.6956,49.2055],[-123.6983,49.2447],[-123.71,49.2715],[-123.73,49.2829],[-123.81,49.273],[-123.83,49.2852],[-123.8595,49.323],[-123.8557,49.3491],[-123.8158,49.4012],[-123.8084,49.4272],[-123.8215,49.5312],[-123.8345,49.5701],[-123.8723,49.609],[-123.8725,49.622],[-123.85,49.6267],[-123.77,49.6221],[-123.73,49.6255],[-123.69,49.6424],[-123.6775,49.6608],[-123.6876,49.6738],[-123.73,49.6927],[-123.77,49.7228],[-123.81,49.7422],[-123.8605,49.7901],[-123.8632,49.8159],[-123.8445,49.8804],[-123.871,49.9448],[-123.83,50.003],[-123.81,50.0131],[-123.79,50.009],[-123.75,49.9727],[-123.73,49.9678],[-123.71,49.974],[-123.69,49.9901],[-123.6687,50.022],[-123.6392,50.099],[-123.5917,50.1759],[-123.5441,50.2272],[-123.45,50.4106],[-123.4396,50.4187]],[[-123.35,49.8706],[-123.39,49.8391],[-123.4669,49.803],[-123.47,49.7898],[-123.45,49.7839],[-123.33,49.7827],[-123.29,49.796],[-123.2781,49.8159],[-123.2797,49.8288],[-123.2996,49.8675],[-123.33,49.8758],[-123.35,49.8706]],[[-123.79,49.5731],[-123.8051,49.5571],[-123.8016,49.5441],[-123.7859,49.5312],[-123.73,49.495],[-123.67,49.4661],[-123.63,49.4342],[-123.61,49.4258],[-123.59,49.4296],[-123.5745,49.4532],[-123.5843,49.4662],[-123.61,49.48],[-123.67,49.4933],[-123.6878,49.5052],[-123.71,49.5449],[-123.73,49.556],[-123.79,49.5731]],[[-123.61,49.609],[-123.6408,49.5701],[-123.6444,49.5571],[-123.6352,49.5312],[-123.59,49.5064],[-123.55,49.5041],[-123.5278,49.5182],[-123.5021,49.5571],[-123.496,49.5831],[-123.5038,49.609],[-123.55,49.6204],[-123.59,49.6164],[-123.61,49.609]],[[-123.57,50.0994],[-123.59,50.094],[-123.5946,50.0862],[-123.5985,50.0734],[-123.59,50.0573],[-123.57,50.0788],[-123.57,50.0994]]]}},{"type":"Feature","properties":{"c":"#00fb90","v0":0.05,"v1":0.25},"geometry":{"type":"Polygon","coordinates":[[[-95.173,50.3805],[-95.03,50.3865],[-94.67,50.3111],[-94.59,50.2993],[-94.53,50.3023],[-94.49,50.2909],[-94.4589,50.2527],[-94.43,50.2396],[-94.39,50.2366],[-94.33,50.2522],[-94.2925,50.2527],[-94.21,50.233],[-94.09,50.2153],[-93.89,50.1667],[-93.81,50.1532],[-93.67,50.1054],[-93.35,50.0422],[-93.19,50.0028],[-93.1326,49.9963],[-92.936,49.9577],[-92.85,49.9228],[-92.69,49.8997],[-92.57,49.8613],[-92.51,49.8314],[-92.43,49.8144],[-92.35,49.784],[-92.29,49.7735],[-92.19,49.733],[-92.1011,49.7126],[-92.03,49.6841],[-91.85,49.6356],[-91.79,49.6117],[-91.7277,49.596],[-91.53,49.5247],[-91.19,49.4134],[-91.0661,49.3882],[-90.93,49.3472],[-90.83,49.3249],[-90.69,49.3019],[-90.5649,49.2708],[-90.5324,49.2578],[-90.5177,49.2447],[-90.5096,49.1925],[-90.4857,49.1532],[-90.45,49.1255],[-90.3808,49.0878],[-90.3581,49.0616],[-90.3645,49.0485],[-90.39,49.0434],[-90.4648,49.0485],[-90.5183,49.0616],[-90.59,49.0887],[-90.71,49.1071],[-90.79,49.134],[-90.83,49.1377],[-90.89,49.1578],[-90.9397,49.1663],[-91.01,49.1956],[-91.0977,49.2186],[-91.17,49.2484],[-91.29,49.2703],[-91.37,49.3012],[-91.43,49.3168],[-91.53,49.3228],[-91.63,49.3463],[-91.71,49.3561],[-91.77,49.3827],[-91.8783,49.4012],[-91.916,49.4272],[-91.988,49.4532],[-92.07,49.4632],[-92.11,49.5019],[-92.17,49.5313],[-92.23,49.5391],[-92.27,49.5543],[-92.31,49.5605],[-92.3351,49.5571],[-92.3505,49.5441],[-92.3338,49.4922],[-92.2998,49.4402],[-92.29,49.43],[-92.27,49.4274],[-92.23,49.4336],[-92.2026,49.4272],[-92.2006,49.4142],[-92.2666,49.4012],[-92.2718,49.3882],[-92.2662,49.3751],[-92.2302,49.336],[-92.1316,49.2708],[-92.0935,49.2317],[-92.0745,49.1925],[-92.0585,49.1794],[-91.87,49.0979],[-91.81,49.0822],[-91.71,49.0628],[-91.63,49.0601],[-91.55,49.0383],[-91.45,49.0191],[-91.33,49.0122],[-91.27,49.0142],[-91.21,49.0045],[-90.95,48.9266],[-90.75,48.8847],[-90.57,48.8307],[-90.39,48.766],[-90.2768,48.7329],[-90.13,48.6776],[-90.05,48.6593],[-89.99,48.6306],[-89.8404,48.5743],[-89.77,48.5314],[-89.6837,48.4948],[-89.57,48.4218],[-89.5567,48.402],[-89.5492,48.3621],[-89.5684,48.3488],[-89.61,48.3382],[-89.6299,48.3222],[-89.6255,48.3089],[-89.57,48.273],[-89.53,48.2704],[-89.5079,48.2823],[-89.49,48.3024],[-89.47,48.3026],[-89.43,48.2767],[-89.39,48.2673],[-89.31,48.2771],[-89.25,48.2749],[-89.19,48.2964],[-89.15,48.3054],[-89.13,48.3034],[-89.05,48.2219],[-89.01,48.1963],[-88.97,48.1808],[-88.8884,48.1624],[-88.75,48.0954],[-88.69,48.0596],[-88.5551,48.002],[-88.51,47.9766],[-88.4666,47.9619],[-88.41,47.9289],[-88.3487,47.9083],[-88.1886,47.8277],[-88.154,47.8009],[-88.1275,47.7606],[-88.05,47.7154],[-87.97,47.6832],[-87.8778,47.6259],[-87.7937,47.545],[-87.65,47.4407],[-87.55,47.3965],[-87.41,47.3229],[-87.31,47.284],[-87.21,47.2638],[-87.07,47.1916],[-86.9954,47.1656],[-86.91,47.1234],[-86.79,47.0786],[-86.71,47.039],[-86.55,46.9901],[-86.4188,46.9749],[-86.17,46.8988],[-86.05,46.8686],[-85.8774,46.7835],[-85.7319,46.7012],[-85.7283,46.6875],[-85.75,46.6716],[-85.79,46.6674],[-85.89,46.669],[-85.9129,46.66],[-85.9282,46.6463],[-85.9406,46.6188],[-85.9379,46.6051],[-85.922,46.5776],[-85.8836,46.5364],[-85.8963,46.4951],[-85.8892,46.4813],[-85.81,46.4192],[-85.77,46.4056],[-85.75,46.4087],[-85.67,46.4412],[-85.57,46.4675],[-85.5453,46.4675],[-85.53,46.4591],[-85.5279,46.44],[-85.5594,46.3986],[-85.67,46.3141],[-85.7001,46.3158],[-85.77,46.3368],[-85.808,46.3296],[-85.8266,46.3158],[-85.8288,46.2881],[-85.806,46.2466],[-85.81,46.2178],[-85.8299,46.1913],[-85.87,46.182],[-85.95,46.1865],[-86.01,46.1699],[-86.23,46.156],[-86.2636,46.1359],[-86.2666,46.122],[-86.238,46.0804],[-86.2373,46.0665],[-86.25,46.0453],[-86.27,46.0446],[-86.2985,46.0665],[-86.33,46.0763],[-86.37,46.0786],[-86.41,46.0705],[-86.4228,46.0527],[-86.4185,46.0388],[-86.3776,46.011],[-86.3714,45.9971],[-86.3777,45.8858],[-86.39,45.8659],[-86.4232,45.844],[-86.43,45.8201],[-86.4421,45.8162],[-86.5606,45.8301],[-86.65,45.8489],[-86.71,45.8377],[-86.79,45.8446],[-86.87,45.8401],[-86.95,45.8499],[-87.01,45.837],[-87.0307,45.8162],[-87.0249,45.7464],[-87.0459,45.7325],[-87.0504,45.7185],[-87.0418,45.7045],[-87.01,45.6894],[-86.9806,45.6906],[-86.95,45.7017],[-86.93,45.6992],[-86.91,45.6892],[-86.8718,45.6486],[-86.85,45.641],[-86.7258,45.6347],[-86.7227,45.6207],[-86.7629,45.5927],[-86.77,45.5787],[-86.7678,45.5507],[-86.73,45.5252],[-86.63,45.5211],[-86.61,45.5011],[-86.6049,45.4806],[-86.61,45.4681],[-86.63,45.4646],[-86.71,45.5033],[-86.79,45.5142],[-86.85,45.5415],[-86.91,45.55],[-86.97,45.548],[-87.0005,45.5367],[-87.0018,45.5086],[-86.9866,45.4806],[-86.95,45.4552],[-86.85,45.4112],[-86.79,45.3582],[-86.7263,45.3402],[-86.67,45.3037],[-86.59,45.2836],[-86.57,45.2729],[-86.39,45.1318],[-86.3307,45.0724],[-86.3235,45.0583],[-86.33,45.0517],[-86.35,45.0467],[-86.41,45.0496],[-86.43,45.0455],[-86.4475,45.03],[-86.47,44.9888],[-86.49,44.9877],[-86.53,45.0172],[-86.6008,45.143],[-86.6446,45.1994],[-86.67,45.2602],[-86.69,45.2696],[-86.77,45.288],[-86.83,45.3226],[-86.91,45.3502],[-87.03,45.4024],[-87.11,45.4202],[-87.17,45.4138],[-87.21,45.418],[-87.31,45.4491],[-87.43,45.4994],[-87.53,45.5267],[-87.65,45.6051],[-87.77,45.6475],[-87.8308,45.6626],[-87.8609,45.6766],[-87.9194,45.7185],[-88.01,45.7654],[-88.09,45.7937],[-88.13,45.7934],[-88.1587,45.7743],[-88.1645,45.7464],[-88.1594,45.7045],[-88.2167,45.6347],[-88.233,45.5367],[-88.2572,45.4946],[-88.2835,45.4104],[-88.25,45.3764],[-88.11,45.3226],[-88.05,45.272],[-87.9669,45.2276],[-87.8911,45.143],[-87.7612,45.0442],[-87.59,44.9855],[-87.4787,44.931],[-87.3825,44.8743],[-87.21,44.835],[-87.17,44.8147],[-87.078,44.7466],[-87.0634,44.7182],[-87.0573,44.6613],[-87.0361,44.6186],[-86.9564,44.5331],[-86.8127,44.4333],[-86.784,44.3904],[-86.79,44.3818],[-86.85,44.3741],[-86.9003,44.3475],[-86.905,44.3332],[-86.8873,44.3046],[-86.71,44.1838],[-86.6905,44.1613],[-86.6864,44.1182],[-86.67,44.0953],[-86.5179,44.032],[-86.41,43.9436],[-86.33,43.8887],[-86.2976,43.8447],[-86.2222,43.7726],[-86.07,43.6931],[-85.978,43.628],[-85.9042,43.5555],[-85.848,43.512],[-85.7796,43.4395],[-85.663,43.3522],[-85.6295,43.3086],[-85.57,43.2685],[-85.5214,43.1921],[-85.41,43.0915],[-85.29,42.9425],[-85.19,42.8406],[-85.1351,42.7236],[-85.0285,42.5765],[-84.9649,42.4733],[-84.9054,42.3995],[-84.7329,42.2516],[-84.6668,42.1628],[-84.59,42.0815],[-84.5752,42.0589],[-84.59,42.047],[-84.65,42.0549],[-84.67,42.0422],[-84.6993,41.9995],[-84.71,41.967],[-84.723,41.9548],[-84.77,41.9514],[-84.83,41.9658],[-84.85,41.9609],[-84.91,41.9286],[-84.97,41.9238],[-84.9891,41.9102],[-84.992,41.8953],[-84.9746,41.8506],[-84.9253,41.791],[-84.8164,41.6118],[-84.8116,41.5969],[-84.8283,41.552],[-84.8223,41.522],[-84.7498,41.4621],[-84.6826,41.4171],[-84.6682,41.4021],[-84.6545,41.3571],[-84.6348,41.327],[-84.5332,41.2218],[-84.4656,41.1767],[-84.4448,41.1164],[-84.4125,41.0561],[-84.4276,40.9807],[-84.4592,40.9051],[-84.4593,40.8749],[-84.4445,40.8144],[-84.4466,40.7841],[-84.49,40.7139],[-84.5284,40.678],[-84.5501,40.678],[-84.63,40.7126],[-84.69,40.7286],[-84.81,40.7422],[-84.85,40.7357],[-84.8679,40.7235],[-84.8807,40.7083],[-84.8942,40.6628],[-84.91,40.6539],[-84.97,40.6518],[-84.99,40.6617],[-85.03,40.7018],[-85.15,40.8581],[-85.17,40.897],[-85.2223,41.0712],[-85.3101,41.2068],[-85.3156,41.2369],[-85.2882,41.3421],[-85.3207,41.4021],[-85.3415,41.4621],[-85.3457,41.522],[-85.3808,41.5819],[-85.4157,41.7015],[-85.4471,41.7463],[-85.49,41.7855],[-85.53,41.8],[-85.55,41.7948],[-85.5656,41.7761],[-85.5691,41.7463],[-85.5487,41.7015],[-85.5383,41.6417],[-85.5739,41.6118],[-85.67,41.5638],[-85.69,41.5598],[-85.73,41.5641],[-85.83,41.6015],[-85.85,41.6009],[-85.95,41.5667],[-85.99,41.5647],[-86.0913,41.6268],[-86.17,41.6918],[-86.2024,41.7612],[-86.28,41.8804],[-86.3058,41.94],[-86.393,42.044],[-86.4112,42.0886],[-86.43,42.111],[-86.51,42.1499],[-86.53,42.1564],[-86.55,42.1548],[-86.5925,42.1183],[-86.65,42.0906],[-86.67,42.0842],[-86.71,42.0877],[-86.83,42.1478],[-86.97,42.2409],[-87.0132,42.2812],[-87.0547,42.3404],[-87.0506,42.3552],[-87.03,42.3689],[-87.0217,42.3848],[-87.027,42.4291],[-87.0829,42.5028],[-87.0975,42.5471],[-87.1443,42.6354],[-87.17,42.667],[-87.31,42.78],[-87.3187,42.7971],[-87.3277,42.8411],[-87.3232,42.8997],[-87.3572,42.9583],[-87.3313,42.9876],[-87.3317,43.0022],[-87.4137,43.0899],[-87.442,43.1483],[-87.47,43.1781],[-87.59,43.2783],[-87.6845,43.3232],[-87.6921,43.3377],[-87.67,43.3511],[-87.57,43.3443],[-87.47,43.3659],[-87.43,43.366],[-87.37,43.3446],[-87.29,43.2809],[-87.25,43.2614],[-87.19,43.277],[-87.1279,43.2795],[-87.1148,43.294],[-87.1199,43.3086],[-87.1349,43.3232],[-87.21,43.3554],[-87.27,43.3947],[-87.3023,43.4685],[-87.3313,43.512],[-87.3905,43.5555],[-87.51,43.6081],[-87.5931,43.7003],[-87.6141,43.7437],[-87.6011,43.7726],[-87.611,43.8159],[-87.6067,43.8303],[-87.5534,43.8736],[-87.5489,43.9456],[-87.5583,43.9744],[-87.5995,44.032],[-87.6285,44.0895],[-87.6902,44.1613],[-87.7167,44.2186],[-87.7656,44.2903],[-87.7601,44.3475],[-87.75,44.3569],[-87.71,44.354],[-87.6957,44.3618],[-87.7003,44.3761],[-87.8183,44.5046],[-87.9754,44.6186],[-88.07,44.6688],[-88.094,44.6898],[-88.1327,44.7608],[-88.19,44.8106],[-88.2426,44.8743],[-88.2504,44.9168],[-88.2469,44.9735],[-88.2647,45.03],[-88.3474,45.1007],[-88.4076,45.1712],[-88.4147,45.2135],[-88.4262,45.2276],[-88.59,45.225],[-88.85,45.2666],[-88.89,45.2595],[-88.9376,45.2135],[-88.95,45.1689],[-89.0322,45.1289],[-89.0464,45.1007],[-89.0408,45.0724],[-89.0268,45.0583],[-89.01,45.0476],[-88.95,45.0282],[-88.9214,45.0018],[-88.89,44.8884],[-88.91,44.8708],[-88.99,44.8591],[-89.0132,44.846],[-89.05,44.8046],[-89.07,44.7997],[-89.11,44.8068],[-89.17,44.8375],[-89.3049,44.9452],[-89.3226,45.0724],[-89.3696,45.1007],[-89.3702,45.1148],[-89.31,45.1274],[-89.2933,45.143],[-89.3062,45.1712],[-89.3755,45.1994],[-89.51,45.2274],[-89.55,45.2406],[-89.6058,45.2698],[-89.6169,45.2839],[-89.6021,45.298],[-89.5414,45.3121],[-89.5378,45.3261],[-89.5657,45.3964],[-89.556,45.4104],[-89.49,45.4507],[-89.45,45.4622],[-89.37,45.4557],[-89.31,45.4584],[-89.23,45.4681],[-89.1934,45.4806],[-89.1882,45.4946],[-89.225,45.5367],[-89.2545,45.5927],[-89.29,45.6165],[-89.41,45.661],[-89.45,45.7069],[-89.53,45.7399],[-89.61,45.7598],[-89.6879,45.8022],[-89.7125,45.844],[-89.75,45.8688],[-89.79,45.8796],[-89.89,45.8908],[-89.9051,45.9415],[-89.9826,45.9971],[-90.01,46.0482],[-90.0291,46.0665],[-90.1291,46.0943],[-90.17,46.1216],[-90.1732,46.1497],[-90.1927,46.1774],[-90.1926,46.219],[-90.2035,46.2328],[-90.2327,46.2466],[-90.27,46.2542],[-90.35,46.2496],[-90.39,46.2549],[-90.4817,46.302],[-90.4921,46.3158],[-90.4924,46.3434],[-90.47,46.3626],[-90.4235,46.4262],[-90.43,46.456],[-90.47,46.4794],[-90.57,46.5178],[-90.65,46.5684],[-90.73,46.5699],[-90.7696,46.5776],[-90.81,46.5934],[-90.85,46.6287],[-90.91,46.6671],[-90.93,46.6954],[-90.9548,46.7149],[-90.9731,46.7561],[-91.0343,46.8108],[-91.0362,46.8245],[-91.03,46.8285],[-90.89,46.8693],[-90.79,46.8767],[-90.7116,46.8656],[-90.6591,46.8245],[-90.6516,46.8108],[-90.7125,46.7698],[-90.7133,46.7561],[-90.7001,46.7424],[-90.47,46.6681],[-90.33,46.6019],[-90.23,46.5685],[-90.1788,46.5226],[-90.13,46.5083],[-90.09,46.5103],[-90.071,46.5226],[-90.0764,46.5364],[-90.1258,46.5776],[-90.1335,46.5914],[-90.1317,46.6326],[-90.1405,46.6463],[-90.23,46.6836],[-90.2924,46.7012],[-90.3347,46.7286],[-90.31,46.737],[-90.29,46.7368],[-90.23,46.7165],[-90.19,46.7124],[-90.15,46.7252],[-90.156,46.7424],[-90.1726,46.7561],[-90.2051,46.7698],[-90.27,46.7813],[-90.41,46.8228],[-90.61,46.9005],[-90.71,46.9469],[-90.79,46.9612],[-90.85,46.9847],[-90.95,46.9922],[-90.9921,47.0158],[-91.0759,47.0839],[-91.1202,47.1112],[-91.1385,47.1384],[-91.146,47.1792],[-91.1552,47.1928],[-91.1779,47.2064],[-91.2658,47.2471],[-91.47,47.3089],[-91.53,47.3203],[-91.5672,47.3421],[-91.59,47.3695],[-91.75,47.4091],[-91.8333,47.4639],[-91.85,47.4714],[-91.8947,47.4774],[-91.9224,47.491],[-91.9318,47.5045],[-91.9286,47.5315],[-91.9409,47.545],[-92.11,47.584],[-92.21,47.6213],[-92.2817,47.6394],[-92.2926,47.6529],[-92.26,47.7068],[-92.2839,47.7471],[-92.2783,47.7606],[-92.25,47.7697],[-92.19,47.7601],[-92.05,47.7662],[-91.85,47.7519],[-91.81,47.7422],[-91.63,47.6659],[-91.57,47.6567],[-91.5523,47.6664],[-91.5735,47.6933],[-91.6405,47.7202],[-91.6932,47.7606],[-91.81,47.7921],[-91.9655,47.868],[-92.15,47.9316],[-92.25,47.9461],[-92.4371,47.9886],[-92.4721,48.002],[-92.53,48.0372],[-92.59,48.0516],[-92.6102,48.0823],[-92.63,48.0916],[-92.6989,48.109],[-92.7144,48.1223],[-92.6985,48.1357],[-92.6035,48.1757],[-92.6011,48.189],[-92.6368,48.2157],[-92.642,48.229],[-92.6238,48.2424],[-92.59,48.2493],[-92.53,48.2464],[-92.45,48.2192],[-92.37,48.2072],[-92.31,48.1687],[-92.1773,48.1357],[-92.1019,48.0956],[-91.97,48.0843],[-91.89,48.054],[-91.83,48.0691],[-91.75,48.0466],[-91.55,48.0079],[-91.4366,48.0154],[-91.4432,48.0288],[-91.4913,48.0555],[-91.65,48.0989],[-91.73,48.1553],[-91.8769,48.2024],[-91.9083,48.229],[-91.9052,48.2424],[-91.8608,48.269],[-91.8862,48.2823],[-92.1302,48.3355],[-92.23,48.3714],[-92.47,48.4181],[-92.59,48.4474],[-92.67,48.5026],[-92.71,48.517],[-92.77,48.529],[-92.89,48.5367],[-92.97,48.5658],[-93.09,48.5826],[-93.15,48.6044],[-93.23,48.6199],[-93.29,48.6414],[-93.53,48.691],[-93.75,48.7026],[-93.89,48.7222],[-93.95,48.7433],[-93.9748,48.7592],[-93.9751,48.7724],[-93.95,48.7793],[-93.81,48.7742],[-93.77,48.7834],[-93.73,48.8079],[-93.71,48.8138],[-93.67,48.8183],[-93.61,48.8163],[-93.47,48.7874],[-93.29,48.7287],[-93.15,48.6941],[-93.07,48.6854],[-93.05,48.6916],[-93.1201,48.7329],[-93.29,48.7962],[-93.43,48.8622],[-93.563,48.8909],[-93.6687,48.9304],[-93.6878,48.9435],[-93.6913,48.9566],[-93.67,48.9662],[-93.65,48.9669],[-93.53,48.9569],[-93.35,48.9097],[-93.33,48.9134],[-93.2808,48.9435],[-93.2702,48.9566],[-93.2976,48.996],[-93.2992,49.0091],[-93.29,49.0187],[-93.19,49.025],[-93.11,49.0183],[-92.89,48.9674],[-92.81,48.956],[-92.7767,48.9566],[-92.7777,48.9698],[-92.794,48.9829],[-92.8491,49.0091],[-92.89,49.055],[-92.93,49.0796],[-92.97,49.0919],[-93.03,49.094],[-93.0679,49.1009],[-93.11,49.1229],[-93.19,49.1481],[-93.3693,49.2578],[-93.3825,49.2708],[-93.3822,49.2839],[-93.35,49.2951],[-93.25,49.2995],[-93.15,49.3128],[-92.93,49.298],[-92.85,49.2895],[-92.77,49.274],[-92.69,49.2696],[-92.53,49.2266],[-92.35,49.2193],[-92.27,49.1885],[-92.23,49.1885],[-92.2138,49.2055],[-92.2166,49.2317],[-92.33,49.3318],[-92.37,49.349],[-92.39,49.3512],[-92.43,49.3441],[-92.49,49.3923],[-92.5384,49.4142],[-92.5684,49.4402],[-92.5698,49.4532],[-92.55,49.4659],[-92.51,49.4578],[-92.47,49.4291],[-92.45,49.4243],[-92.4298,49.4272],[-92.4202,49.4402],[-92.4427,49.4792],[-92.49,49.5104],[-92.5187,49.5441],[-92.5062,49.5571],[-92.4571,49.5831],[-92.4562,49.596],[-92.49,49.6068],[-92.55,49.6033],[-92.6491,49.6608],[-92.71,49.6736],[-92.75,49.6967],[-92.77,49.701],[-92.81,49.6937],[-92.91,49.6896],[-92.99,49.6967],[-93.19,49.7348],[-93.31,49.7694],[-93.45,49.7933],[-93.51,49.8182],[-93.5559,49.8288],[-93.5731,49.8804],[-93.5891,49.8933],[-93.6485,49.9191],[-93.83,49.9434],[-94.01,49.9932],[-94.0854,50.0348],[-94.0954,50.0477],[-94.0995,50.0734],[-94.13,50.0932],[-94.35,50.1334],[-94.51,50.156],[-94.55,50.1726],[-94.5986,50.2144],[-94.63,50.2303],[-94.73,50.2431],[-94.83,50.2711],[-94.91,50.2804],[-95.0307,50.3039],[-95.1742,50.3422],[-95.2026,50.3549],[-95.2037,50.3677],[-95.173,50.3805]],[[-93.99,50.0493],[-94.0017,50.0348],[-93.99,50.0193],[-93.8859,49.9834],[-93.81,49.9684],[-93.7816,49.9706],[-93.7574,49.9834],[-93.7648,50.0091],[-93.7779,50.022],[-93.81,50.037],[-93.93,50.0574],[-93.99,50.0493]],[[-93.49,49.9212],[-93.4834,49.9062],[-93.47,49.9027],[-93.4371,49.9062],[-93.4326,49.9191],[-93.45,49.9254],[-93.47,49.928],[-93.49,49.9212]],[[-92.89,49.8502],[-92.9099,49.8417],[-92.9131,49.8288],[-92.9072,49.8159],[-92.87,49.7924],[-92.83,49.7866],[-92.77,49.7564],[-92.73,49.759],[-92.6965,49.7772],[-92.6982,49.803],[-92.73,49.8272],[-92.85,49.8514],[-92.89,49.8502]],[[-90.99,49.298],[-91.0015,49.2839],[-90.99,49.2717],[-90.97,49.2671],[-90.9396,49.2708],[-90.95,49.2907],[-90.97,49.299],[-90.99,49.298]],[[-91.63,48.9507],[-91.6389,48.9435],[-91.6235,48.9304],[-91.6202,48.9172],[-91.6265,48.8909],[-91.61,48.8689],[-91.47,48.7981],[-91.43,48.7922],[-91.3877,48.7988],[-91.3783,48.8119],[-91.3838,48.8251],[-91.43,48.8662],[-91.5786,48.9435],[-91.63,48.9507]],[[-91.15,48.94],[-91.1672,48.9304],[-91.15,48.9196],[-91.13,48.9154],[-91.11,48.9186],[-91.1059,48.9304],[-91.13,48.9391],[-91.15,48.94]],[[-90.91,48.8854],[-90.9253,48.8778],[-90.91,48.8554],[-90.83,48.8227],[-90.67,48.7844],[-90.61,48.7795],[-90.5812,48.7856],[-90.5891,48.7988],[-90.611,48.8119],[-90.6846,48.8383],[-90.83,48.8803],[-90.89,48.8877],[-90.91,48.8854]],[[-87.65,44.9506],[-87.6602,44.9452],[-87.6383,44.931],[-87.5863,44.931],[-87.61,44.9487],[-87.65,44.9506]],[[-85.31,41.6601],[-85.2997,41.6118],[-85.2673,41.5669],[-85.21,41.5214],[-85.17,41.507],[-85.15,41.5086],[-85.141,41.522],[-85.1438,41.537],[-85.1915,41.5969],[-85.2624,41.6417],[-85.29,41.6666],[-85.31,41.6601]],[[-85.17,41.8729],[-85.1808,41.8506],[-85.1648,41.8208],[-85.13,41.801],[-85.11,41.8034],[-85.0989,41.8208],[-85.11,41.851],[-85.13,41.869],[-85.15,41.8757],[-85.17,41.8729]],[[-87.45,43.3094],[-87.49,43.2997],[-87.4995,43.294],[-87.5035,43.2795],[-87.485,43.2504],[-87.43,43.1935],[-87.3708,43.1045],[-87.2889,43.0022],[-87.2487,42.8851],[-87.2351,42.8117],[-87.1222,42.6501],[-87.0117,42.4586],[-86.9596,42.2812],[-86.93,42.2509],[-86.85,42.2099],[-86.81,42.206],[-86.73,42.2176],[-86.7121,42.2368],[-86.69,42.2973],[-86.61,42.3044],[-86.5929,42.3108],[-86.5842,42.3256],[-86.593,42.3552],[-86.67,42.4512],[-86.7085,42.5176],[-86.7389,42.6207],[-86.714,42.6942],[-86.7201,42.7236],[-86.77,42.7711],[-86.89,42.8385],[-87.0228,42.9729],[-87.0943,43.0314],[-87.1401,43.0899],[-87.242,43.1921],[-87.2956,43.2212],[-87.35,43.2736],[-87.41,43.2997],[-87.45,43.3094]],[[-92.51,48.149],[-92.53,48.1482],[-92.5556,48.1357],[-92.5412,48.1223],[-92.45,48.1038],[-92.3584,48.0956],[-92.3635,48.109],[-92.3992,48.1223],[-92.51,48.149]],[[-93.67,48.8002],[-93.6999,48.7856],[-93.71,48.7664],[-93.7693,48.746],[-93.7548,48.7329],[-93.57,48.7219],[-93.37,48.6722],[-93.27,48.6588],[-93.225,48.6404],[-93.13,48.6219],[-93.07,48.597],[-92.95,48.5845],[-92.89,48.5557],[-92.85,48.5535],[-92.8097,48.5611],[-92.8108,48.5743],[-92.83,48.5878],[-92.95,48.6313],[-93.13,48.6561],[-93.27,48.6971],[-93.45,48.7624],[-93.57,48.7949],[-93.61,48.8018],[-93.67,48.8002]],[[-93.23,49.2602],[-93.2443,49.2447],[-93.2366,49.2317],[-93.2018,49.2055],[-93.15,49.186],[-92.95,49.1322],[-92.8287,49.0747],[-92.7534,49.0091],[-92.73,48.9976],[-92.3721,48.8909],[-92.31,48.8653],[-92.2393,48.8514],[-92.1768,48.8251],[-92.13,48.7956],[-92.0751,48.7856],[-92.0361,48.746],[-91.9969,48.7329],[-91.9794,48.7197],[-91.9633,48.6801],[-91.93,48.6477],[-91.8495,48.6272],[-91.87,48.6182],[-91.9686,48.6404],[-92.09,48.6884],[-92.17,48.7014],[-92.27,48.727],[-92.39,48.784],[-92.47,48.8008],[-92.5479,48.8251],[-92.69,48.8828],[-93.09,48.9639],[-93.15,48.9938],[-93.1676,48.9829],[-93.1551,48.9698],[-93.1614,48.9566],[-93.2061,48.9304],[-93.2207,48.9172],[-93.2205,48.9041],[-93.19,48.8868],[-93.13,48.8888],[-93.11,48.8819],[-93.0818,48.8646],[-93.077,48.8514],[-93.101,48.8383],[-93.13,48.8],[-93.1605,48.7856],[-93.1336,48.7724],[-93.05,48.7656],[-93.01,48.7548],[-92.968,48.7329],[-92.9327,48.6933],[-92.91,48.683],[-92.61,48.6257],[-92.393,48.5478],[-92.3407,48.5213],[-92.3259,48.5081],[-92.3355,48.4948],[-92.43,48.4881],[-92.57,48.4934],[-92.5887,48.4816],[-92.5746,48.4683],[-92.39,48.4211],[-92.21,48.3886],[-92.089,48.3488],[-91.798,48.2823],[-91.7666,48.269],[-91.7574,48.2557],[-91.7804,48.2424],[-91.825,48.229],[-91.8208,48.2157],[-91.71,48.1737],[-91.59,48.1057],[-91.4734,48.0689],[-91.333,48.0154],[-91.2855,47.9886],[-91.277,47.9753],[-91.29,47.9632],[-91.41,47.9808],[-91.57,47.9928],[-91.67,48.013],[-91.85,48.0151],[-91.97,48.0484],[-92.01,48.0541],[-92.13,48.0494],[-92.31,48.0536],[-92.33,48.0378],[-92.3376,48.0154],[-92.3331,48.002],[-92.3164,47.9886],[-92.25,47.9799],[-92.15,47.9532],[-91.9373,47.8814],[-91.79,47.8091],[-91.6791,47.774],[-91.59,47.7344],[-91.4624,47.6529],[-91.4359,47.6259],[-91.4319,47.6125],[-91.45,47.6102],[-91.57,47.626],[-91.7327,47.6664],[-91.81,47.6942],[-91.89,47.7128],[-91.942,47.7337],[-91.99,47.7391],[-92.079,47.7337],[-92.11,47.722],[-92.1274,47.7068],[-92.1702,47.6933],[-92.1893,47.6798],[-92.1876,47.6664],[-92.1643,47.6529],[-92.13,47.6468],[-92.0947,47.6529],[-92.05,47.6756],[-91.95,47.6672],[-92.0229,47.6394],[-92.0269,47.6259],[-92.016,47.6125],[-91.9826,47.599],[-91.93,47.5882],[-91.85,47.5502],[-91.7599,47.518],[-91.7024,47.4774],[-91.687,47.4369],[-91.65,47.4132],[-91.63,47.4062],[-91.57,47.4055],[-91.55,47.3989],[-91.4802,47.3421],[-91.4191,47.315],[-91.33,47.2853],[-91.17,47.2573],[-91.1346,47.2607],[-91.11,47.2739],[-91.09,47.2647],[-91.0487,47.22],[-91.03,47.2066],[-90.9895,47.1928],[-90.9697,47.1792],[-90.9641,47.1656],[-90.97,47.1555],[-91.03,47.1414],[-91.0393,47.1248],[-91.0318,47.1112],[-90.9521,47.0703],[-90.91,47.0376],[-90.79,47.023],[-90.63,46.9393],[-90.39,46.8607],[-90.27,46.8124],[-90.17,46.7855],[-90.0699,46.7286],[-90.0477,46.7012],[-90.0449,46.6875],[-90.0637,46.6188],[-90.063,46.5914],[-90.0158,46.5364],[-90.0056,46.5088],[-90.0208,46.44],[-90.03,46.4332],[-90.07,46.4444],[-90.19,46.4979],[-90.27,46.5492],[-90.49,46.6553],[-90.59,46.6919],[-90.75,46.7227],[-90.7829,46.7149],[-90.7862,46.7012],[-90.7579,46.6738],[-90.63,46.6026],[-90.5623,46.5501],[-90.39,46.4753],[-90.3348,46.4124],[-90.33,46.3253],[-90.17,46.2751],[-90.11,46.2319],[-90.05,46.2042],[-89.9603,46.1497],[-89.9505,46.1359],[-89.95,46.0837],[-89.9195,46.0388],[-89.9145,46.011],[-89.9009,45.9971],[-89.87,45.9873],[-89.83,45.9981],[-89.81,45.9968],[-89.77,45.9822],[-89.71,45.9315],[-89.5722,45.858],[-89.5316,45.8162],[-89.45,45.7745],[-89.3618,45.7464],[-89.2861,45.6906],[-89.2695,45.6486],[-89.2144,45.5927],[-89.1903,45.5507],[-89.1204,45.4946],[-89.0936,45.4385],[-89.11,45.4258],[-89.17,45.4323],[-89.37,45.4315],[-89.45,45.4208],[-89.4944,45.3964],[-89.5019,45.3823],[-89.482,45.3542],[-89.41,45.3123],[-89.37,45.3063],[-89.31,45.3093],[-89.29,45.3051],[-89.21,45.2766],[-89.13,45.2581],[-89.09,45.232],[-89.05,45.2207],[-89.03,45.2231],[-88.9961,45.2417],[-88.9463,45.3261],[-88.93,45.3422],[-88.81,45.2971],[-88.63,45.2753],[-88.59,45.2824],[-88.5633,45.298],[-88.55,45.343],[-88.5157,45.3542],[-88.49,45.3545],[-88.39,45.3134],[-88.35,45.2885],[-88.29,45.2767],[-88.21,45.2287],[-88.184,45.1994],[-88.1786,45.1712],[-88.1382,45.1148],[-88.0213,45.0159],[-88.017,44.9876],[-88.0269,44.9735],[-88.17,45.0033],[-88.19,44.9984],[-88.1956,44.9876],[-88.1561,44.9168],[-88.1314,44.8885],[-88.1392,44.8743],[-88.1692,44.8602],[-88.1676,44.846],[-88.1098,44.7892],[-88.07,44.7074],[-88.053,44.6898],[-87.95,44.6262],[-87.7885,44.5046],[-87.6906,44.419],[-87.5254,44.3046],[-87.3198,44.1469],[-87.11,43.9804],[-87.0165,43.888],[-86.9423,43.8447],[-86.8443,43.7726],[-86.8008,43.7292],[-86.7724,43.6858],[-86.6059,43.57],[-86.49,43.4449],[-86.41,43.3868],[-86.35,43.3531],[-86.2983,43.3086],[-86.1706,43.2358],[-86.0973,43.1629],[-85.97,43.099],[-85.93,43.0938],[-85.9192,43.1045],[-85.9224,43.1191],[-85.9328,43.1337],[-85.9777,43.1629],[-85.9859,43.1775],[-85.981,43.1921],[-85.97,43.1982],[-85.8674,43.1337],[-85.8529,43.1045],[-85.8659,43.0753],[-85.85,43.0541],[-85.71,42.9947],[-85.65,42.962],[-85.61,42.96],[-85.59,42.9534],[-85.5752,42.929],[-85.579,42.9144],[-85.6014,42.8997],[-85.67,42.8841],[-85.6936,42.8704],[-85.7012,42.8557],[-85.6921,42.8264],[-85.63,42.7751],[-85.61,42.7662],[-85.59,42.7766],[-85.5608,42.8557],[-85.55,42.8726],[-85.53,42.8801],[-85.4917,42.8704],[-85.4626,42.8557],[-85.39,42.7861],[-85.35,42.7689],[-85.33,42.764],[-85.3181,42.7677],[-85.3127,42.7824],[-85.3289,42.8264],[-85.3614,42.8704],[-85.3848,42.929],[-85.43,42.9777],[-85.491,43.0168],[-85.5324,43.0607],[-85.6835,43.1921],[-85.77,43.2507],[-85.85,43.2836],[-86.0468,43.4395],[-86.09,43.5039],[-86.23,43.6457],[-86.3186,43.7148],[-86.3916,43.787],[-86.45,43.8303],[-86.4981,43.9024],[-86.5371,43.9456],[-86.61,43.9951],[-86.7047,44.0751],[-86.8413,44.2043],[-87.13,44.4556],[-87.29,44.5617],[-87.2969,44.5759],[-87.2907,44.5901],[-87.25,44.5984],[-87.21,44.5964],[-87.13,44.5707],[-87.1089,44.5759],[-87.0954,44.6329],[-87.1142,44.7182],[-87.1316,44.7466],[-87.1746,44.7892],[-87.21,44.8132],[-87.25,44.8279],[-87.39,44.8431],[-87.45,44.8374],[-87.49,44.8105],[-87.5109,44.8034],[-87.79,44.8123],[-87.83,44.8248],[-87.8811,44.8602],[-87.89,44.8763],[-87.87,44.8855],[-87.79,44.878],[-87.77,44.8822],[-87.7366,44.9027],[-87.7216,44.9168],[-87.7179,44.931],[-87.7498,44.9735],[-87.7628,44.9876],[-87.79,44.9985],[-87.8743,45.0159],[-87.9522,45.0442],[-87.9652,45.0583],[-87.99,45.1477],[-88.01,45.1666],[-88.065,45.1994],[-88.0899,45.2417],[-88.1275,45.2698],[-88.1496,45.298],[-88.21,45.3311],[-88.33,45.3841],[-88.3646,45.4104],[-88.3861,45.4385],[-88.3751,45.4666],[-88.2812,45.5927],[-88.2689,45.6626],[-88.235,45.7325],[-88.245,45.7604],[-88.2584,45.7743],[-88.3238,45.8162],[-88.3331,45.8301],[-88.3176,45.844],[-88.27,45.8634],[-88.2369,45.8858],[-88.2138,45.9137],[-88.2114,45.9415],[-88.2329,45.9554],[-88.35,45.9895],[-88.4306,45.9971],[-88.5395,46.0249],[-88.5512,46.0388],[-88.5343,46.0665],[-88.5477,46.0804],[-88.5766,46.0943],[-88.6842,46.122],[-88.7541,46.1636],[-88.7669,46.1774],[-88.7688,46.219],[-88.8493,46.2605],[-88.8784,46.3158],[-88.97,46.3628],[-88.9986,46.4124],[-89.03,46.4361],[-89.074,46.4951],[-89.13,46.5341],[-89.19,46.5658],[-89.2216,46.5914],[-89.2274,46.6051],[-89.2006,46.66],[-89.2024,46.6738],[-89.3164,46.7561],[-89.3855,46.7972],[-89.5207,46.9066],[-89.5367,46.9339],[-89.5178,46.9749],[-89.5185,46.9885],[-89.547,47.0158],[-89.612,47.0567],[-89.6151,47.0703],[-89.59,47.0758],[-89.4782,47.0567],[-89.4288,47.0431],[-89.35,47.0099],[-89.2745,46.9885],[-89.21,46.9535],[-89.03,46.9372],[-88.93,46.9439],[-88.89,46.9417],[-88.83,46.921],[-88.75,46.9129],[-88.69,46.8856],[-88.67,46.8873],[-88.59,46.9086],[-88.5608,46.9339],[-88.55,46.9621],[-88.49,46.9284],[-88.47,46.9307],[-88.45,46.9568],[-88.4354,46.9612],[-88.33,46.9474],[-88.29,46.9766],[-88.2043,47.0158],[-88.1981,47.0294],[-88.23,47.052],[-88.27,47.0981],[-88.29,47.1047],[-88.35,47.1008],[-88.3847,47.1112],[-88.4293,47.1384],[-88.4487,47.1792],[-88.4478,47.1928],[-88.41,47.2087],[-88.35,47.2157],[-88.27,47.2117],[-88.2029,47.1792],[-88.1908,47.1656],[-88.14,47.0567],[-88.13,47.0479],[-88.09,47.0508],[-88.05,47.0449],[-87.97,47.0087],[-87.83,46.9852],[-87.77,46.9624],[-87.71,46.9502],[-87.6221,46.8929],[-87.59,46.8635],[-87.5067,46.8382],[-87.5139,46.7972],[-87.5022,46.7835],[-87.47,46.7687],[-87.37,46.7446],[-87.3148,46.7149],[-87.29,46.6942],[-87.27,46.688],[-87.23,46.6888],[-87.11,46.6752],[-87.03,46.6569],[-86.99,46.6588],[-86.9678,46.6738],[-86.9625,46.7012],[-86.9721,46.7149],[-87.0406,46.7424],[-87.0585,46.7561],[-87.0593,46.7835],[-87.0713,46.7972],[-87.15,46.8228],[-87.19,46.8244],[-87.25,46.8103],[-87.3005,46.8245],[-87.3173,46.8382],[-87.3183,46.8519],[-87.2782,46.8929],[-87.2808,46.9066],[-87.33,46.9254],[-87.41,46.908],[-87.45,46.9133],[-87.47,46.9306],[-87.4834,46.9749],[-87.506,47.0022],[-87.55,47.0304],[-87.5959,47.0703],[-87.75,47.169],[-87.77,47.1773],[-87.87,47.1826],[-87.95,47.1941],[-88.05,47.1919],[-88.09,47.2083],[-88.1043,47.22],[-88.1742,47.3014],[-88.1739,47.3285],[-88.15,47.3441],[-88.086,47.3421],[-88.01,47.3181],[-87.91,47.3255],[-87.8496,47.3014],[-87.79,47.2921],[-87.73,47.3057],[-87.7195,47.315],[-87.7192,47.3285],[-87.73,47.3445],[-87.77,47.3691],[-87.83,47.381],[-87.89,47.3709],[-87.93,47.3506],[-87.99,47.3634],[-87.999,47.3692],[-87.9586,47.3963],[-87.9487,47.4098],[-87.9507,47.4504],[-87.99,47.4789],[-88.0259,47.5315],[-88.1626,47.6529],[-88.2866,47.7202],[-88.37,47.7753],[-88.63,47.8994],[-88.69,47.9131],[-88.77,47.9465],[-88.89,47.9668],[-88.97,47.9928],[-89.03,48.0308],[-89.0899,48.0823],[-89.13,48.1361],[-89.15,48.1285],[-89.17,48.1046],[-89.1882,48.0555],[-89.21,48.0418],[-89.27,48.0382],[-89.37,48.0666],[-89.59,48.1642],[-89.7667,48.2557],[-89.85,48.3052],[-90.0263,48.3887],[-90.11,48.4459],[-90.17,48.4723],[-90.51,48.5761],[-90.5305,48.5743],[-90.5374,48.5611],[-90.5143,48.5213],[-90.53,48.5134],[-90.67,48.53],[-90.93,48.577],[-90.99,48.5813],[-90.9992,48.5743],[-90.9916,48.5611],[-90.95,48.5446],[-90.8449,48.4816],[-90.8032,48.4418],[-90.81,48.4378],[-90.93,48.4348],[-91.014,48.4152],[-91.07,48.4108],[-91.2043,48.4285],[-91.2597,48.4418],[-91.3315,48.4683],[-91.3436,48.4816],[-91.3417,48.4948],[-91.2736,48.5346],[-91.23,48.5812],[-91.1821,48.6008],[-91.1663,48.614],[-91.1745,48.6272],[-91.21,48.6277],[-91.25,48.6045],[-91.27,48.6035],[-91.41,48.6253],[-91.576,48.6668],[-91.5975,48.6801],[-91.6193,48.7065],[-91.6381,48.7856],[-91.6931,48.8251],[-91.73,48.8422],[-91.77,48.8901],[-91.8523,48.9566],[-91.8566,48.9698],[-91.8252,48.9829],[-91.8309,48.996],[-91.91,49.0275],[-92.0321,49.1009],[-92.07,49.1141],[-92.09,49.1128],[-92.0967,49.1009],[-92.0621,49.0485],[-92.0556,49.0091],[-92.0601,48.996],[-92.1292,48.9698],[-92.1387,48.9566],[-92.11,48.9338],[-92.0678,48.9172],[-92.0603,48.9041],[-92.07,48.8912],[-92.09,48.8888],[-92.17,48.9172],[-92.2153,48.9566],[-92.25,48.9739],[-92.3957,49.0091],[-92.59,49.065],[-92.61,49.0752],[-92.6676,49.1271],[-92.71,49.1534],[-92.83,49.2033],[-93.03,49.2508],[-93.17,49.2682],[-93.23,49.2602]],[[-92.73,48.9511],[-92.741,48.9435],[-92.717,48.9304],[-92.55,48.8608],[-92.461,48.8383],[-92.4433,48.8383],[-92.4211,48.8514],[-92.4379,48.8646],[-92.47,48.8757],[-92.55,48.9197],[-92.6347,48.9435],[-92.71,48.9533],[-92.73,48.9511]],[[-92.67,48.603],[-92.6843,48.6008],[-92.6932,48.5875],[-92.65,48.5536],[-92.6101,48.5346],[-92.49,48.5196],[-92.4655,48.5213],[-92.4501,48.5346],[-92.4873,48.5611],[-92.5258,48.5743],[-92.63,48.6],[-92.67,48.603]],[[-89.21,44.9618],[-89.226,44.9452],[-89.2121,44.931],[-89.11,44.894],[-89.07,44.8999],[-89.014,44.931],[-89.0165,44.9452],[-89.0872,44.9593],[-89.13,44.9644],[-89.21,44.9618]],[[-87.67,44.3436],[-87.6831,44.3332],[-87.6722,44.3189],[-87.6302,44.2903],[-87.59,44.2447],[-87.51,44.194],[-87.4791,44.1899],[-87.4748,44.2043],[-87.4857,44.2186],[-87.53,44.2509],[-87.5674,44.2903],[-87.6384,44.3332],[-87.67,44.3436]],[[-87.45,43.8331],[-87.51,43.817],[-87.5197,43.8014],[-87.4925,43.7726],[-87.4271,43.7292],[-87.4013,43.7003],[-87.3984,43.6858],[-87.41,43.6609],[-87.4436,43.6424],[-87.4357,43.628],[-87.2656,43.541],[-87.11,43.4514],[-87.07,43.4119],[-87.035,43.3522],[-87.0114,43.3377],[-86.93,43.304],[-86.83,43.3102],[-86.7885,43.294],[-86.753,43.2649],[-86.7249,43.2066],[-86.6991,43.1921],[-86.65,43.1831],[-86.61,43.1629],[-86.5554,43.1191],[-86.529,43.0753],[-86.4375,43.0168],[-86.39,42.998],[-86.35,42.9911],[-86.31,42.9951],[-86.27,43.0072],[-86.2516,43.0314],[-86.254,43.0753],[-86.27,43.0989],[-86.3397,43.1629],[-86.41,43.2178],[-86.45,43.2382],[-86.53,43.2626],[-86.61,43.2662],[-86.65,43.285],[-86.6745,43.3086],[-86.6971,43.3668],[-86.89,43.5035],[-87.0122,43.5845],[-87.0948,43.628],[-87.1312,43.6569],[-87.149,43.6858],[-87.1707,43.7581],[-87.187,43.7726],[-87.33,43.8109],[-87.45,43.8331]],[[-87.41,44.0203],[-87.41,43.9969],[-87.39,43.9818],[-87.387,44.0032],[-87.41,44.0203]],[[-87.37,43.9465],[-87.3764,43.9312],[-87.37,43.9125],[-87.33,43.9052],[-87.31,43.9076],[-87.306,43.9168],[-87.3215,43.9312],[-87.37,43.9465]],[[-86.09,42.6661],[-86.1386,42.6501],[-86.156,42.6354],[-86.1601,42.6207],[-86.1451,42.5912],[-86.11,42.552],[-86.0206,42.4586],[-85.89,42.3369],[-85.85,42.314],[-85.81,42.3012],[-85.77,42.2998],[-85.75,42.3081],[-85.7179,42.3404],[-85.7129,42.3552],[-85.716,42.3995],[-85.7357,42.4291],[-85.818,42.5028],[-85.9051,42.5471],[-86.0286,42.6501],[-86.05,42.6608],[-86.09,42.6661]],[[-85.47,41.9652],[-85.4818,41.9548],[-85.4772,41.94],[-85.43,41.9005],[-85.41,41.9044],[-85.4147,41.94],[-85.43,41.9551],[-85.47,41.9652]],[[-89.01,46.5689],[-89.0159,46.5364],[-89.0013,46.5226],[-88.97,46.5148],[-88.9382,46.5226],[-88.9374,46.5501],[-88.95,46.5675],[-88.97,46.5763],[-88.99,46.5772],[-89.01,46.5689]],[[-88.91,46.518],[-88.9209,46.5088],[-88.8981,46.4813],[-88.87,46.4724],[-88.85,46.4723],[-88.8337,46.4813],[-88.8356,46.4951],[-88.85,46.5093],[-88.89,46.5215],[-88.91,46.518]],[[-88.87,46.6123],[-88.8879,46.5914],[-88.8755,46.5639],[-88.8574,46.5501],[-88.73,46.4941],[-88.61,46.4039],[-88.55,46.3749],[-88.478,46.3296],[-88.4494,46.2881],[-88.4144,46.1913],[-88.3815,46.1636],[-88.33,46.1324],[-88.263,46.1082],[-88.2077,46.0804],[-88.13,46.0054],[-88.069,45.9832],[-88.0161,45.9554],[-87.97,45.9005],[-87.89,45.8484],[-87.8332,45.8301],[-87.77,45.7965],[-87.73,45.7932],[-87.69,45.8004],[-87.695,45.844],[-87.685,45.8858],[-87.701,45.9137],[-87.75,45.9582],[-87.81,45.979],[-87.91,46.0446],[-87.9338,46.0665],[-87.9493,46.1082],[-87.9259,46.1636],[-87.95,46.1992],[-88.0056,46.2328],[-88.0071,46.2466],[-87.9821,46.2743],[-87.9949,46.2881],[-88.07,46.3212],[-88.13,46.3602],[-88.2463,46.3986],[-88.31,46.4434],[-88.49,46.5295],[-88.73,46.5859],[-88.81,46.6153],[-88.85,46.6176],[-88.87,46.6123]],[[-88.81,46.7616],[-88.819,46.7561],[-88.8101,46.7424],[-88.7501,46.7012],[-88.7336,46.66],[-88.7134,46.6463],[-88.63,46.6249],[-88.61,46.6247],[-88.5891,46.6326],[-88.5816,46.6463],[-88.6317,46.6875],[-88.71,46.7183],[-88.77,46.7619],[-88.81,46.7616]],[[-88.47,46.8027],[-88.4852,46.7972],[-88.4889,46.7835],[-88.47,46.7568],[-88.45,46.7465],[-88.43,46.7424],[-88.39,46.7466],[-88.3676,46.7561],[-88.3538,46.7698],[-88.3506,46.7835],[-88.37,46.804],[-88.41,46.8097],[-88.47,46.8027]],[[-88.13,46.6885],[-88.1589,46.6738],[-88.1491,46.66],[-88.0548,46.6051],[-88.0381,46.5914],[-88.0432,46.5776],[-88.03,46.566],[-87.9837,46.5501],[-87.9851,46.5364],[-88.0205,46.5088],[-88.0292,46.4813],[-88.0183,46.4537],[-87.9733,46.4124],[-87.87,46.3748],[-87.81,46.3637],[-87.7641,46.3296],[-87.69,46.3033],[-87.6738,46.2881],[-87.6647,46.2605],[-87.6417,46.2328],[-87.61,46.2135],[-87.5526,46.1913],[-87.4152,46.1082],[-87.37,46.0976],[-87.27,46.1015],[-87.2091,46.0943],[-87.1916,46.1082],[-87.2151,46.1359],[-87.25,46.1534],[-87.31,46.1707],[-87.3431,46.1913],[-87.37,46.2367],[-87.3867,46.2466],[-87.3926,46.2743],[-87.4442,46.3158],[-87.4288,46.3572],[-87.4401,46.371],[-87.47,46.3842],[-87.57,46.401],[-87.59,46.4119],[-87.6031,46.4675],[-87.63,46.4885],[-87.71,46.5033],[-87.79,46.5266],[-87.87,46.5562],[-87.93,46.5914],[-87.99,46.6075],[-88.0021,46.6188],[-88.019,46.66],[-88.05,46.6831],[-88.09,46.6895],[-88.13,46.6885]],[[-87.47,46.6932],[-87.481,46.6875],[-87.4806,46.6738],[-87.45,46.6554],[-87.37,46.6449],[-87.35,46.6491],[-87.3386,46.66],[-87.3537,46.6738],[-87.41,46.694],[-87.45,46.6978],[-87.47,46.6932]],[[-87.31,46.4415],[-87.2977,46.4262],[-87.2764,46.4262],[-87.2758,46.44],[-87.29,46.4454],[-87.31,46.4415]],[[-87.11,46.0834],[-87.1151,46.0804],[-87.101,46.0665],[-87.07,46.0596],[-87.03,46.053],[-87.01,46.0665],[-87.0296,46.0804],[-87.07,46.0922],[-87.09,46.0916],[-87.11,46.0834]],[[-87.01,43.0938],[-87.03,43.0835],[-87.0329,43.0607],[-87.01,43.0393],[-86.99,43.0358],[-86.9683,43.0461],[-86.9514,43.0753],[-86.97,43.0914],[-87.01,43.0938]],[[-86.49,42.7685],[-86.5086,42.753],[-86.55,42.6943],[-86.57,42.6846],[-86.5998,42.7089],[-86.65,42.7321],[-86.67,42.7335],[-86.6904,42.7236],[-86.6966,42.7089],[-86.65,42.6783],[-86.57,42.6707],[-86.5411,42.6207],[-86.508,42.5912],[-86.503,42.5765],[-86.53,42.5639],[-86.59,42.5579],[-86.6003,42.5471],[-86.5929,42.5176],[-86.51,42.4436],[-86.41,42.4275],[-86.3577,42.37],[-86.29,42.3126],[-86.2634,42.2664],[-86.2408,42.1924],[-86.2194,42.1628],[-86.1673,42.1183],[-86.162,42.1034],[-86.17,42.1004],[-86.27,42.1423],[-86.31,42.1478],[-86.33,42.1442],[-86.3398,42.1331],[-86.3353,42.1183],[-86.3071,42.0737],[-86.3199,42.0292],[-86.3095,41.9995],[-86.2573,41.9251],[-86.1453,41.791],[-86.03,41.6916],[-85.97,41.6706],[-85.91,41.6854],[-85.77,41.6596],[-85.7509,41.6865],[-85.7278,41.7463],[-85.724,41.7761],[-85.7321,41.8506],[-85.6889,41.9102],[-85.6638,42.0143],[-85.6634,42.0737],[-85.65,42.0923],[-85.61,42.0831],[-85.6043,42.0886],[-85.6011,42.1034],[-85.61,42.1285],[-85.7016,42.1924],[-85.85,42.2744],[-85.9252,42.3256],[-86.11,42.5034],[-86.1549,42.5618],[-86.2577,42.6207],[-86.394,42.753],[-86.43,42.7731],[-86.45,42.7773],[-86.49,42.7685]]]}},{"type":"Feature","properties":{"c":"#00fb90","v0":0.05,"v1":0.25},"geometry":{"type":"Polygon","coordinates":[[[-124.5467,50.099],[-124.53,50.111],[-124.51,50.1053],[-124.4678,50.0477],[-124.469,50.022],[-124.49,49.9889],[-124.51,49.9855],[-124.53,49.9934],[-124.5896,50.0348],[-124.5867,50.0605],[-124.5467,50.099]]]}},{"type":"Feature","properties":{"c":"#00fb90","v0":0.05,"v1":0.25},"geometry":{"type":"Polygon","coordinates":[[[-70.0954,49.7901],[-70.07,49.8003],[-70.05,49.802],[-69.99,49.7946],[-69.97,49.7841],[-69.9449,49.7384],[-69.9506,49.6867],[-70.03,49.5611],[-70.0888,49.4922],[-70.13,49.4165],[-70.162,49.3882],[-70.23,49.3473],[-70.2908,49.323],[-70.2826,49.2839],[-70.29,49.2736],[-70.31,49.2673],[-70.33,49.2694],[-70.35,49.2828],[-70.3565,49.2969],[-70.3367,49.336],[-70.3999,49.4272],[-70.3961,49.4402],[-70.3717,49.4662],[-70.3691,49.4922],[-70.39,49.5142],[-70.4509,49.5312],[-70.4651,49.5441],[-70.4661,49.5571],[-70.3682,49.6479],[-70.23,49.7455],[-70.15,49.7659],[-70.0954,49.7901]],[[-70.07,49.7542],[-70.23,49.706],[-70.27,49.6867],[-70.4146,49.5701],[-70.4159,49.5571],[-70.356,49.5182],[-70.3411,49.4922],[-70.3406,49.4662],[-70.3557,49.4272],[-70.3438,49.4142],[-70.31,49.4005],[-70.27,49.3947],[-70.25,49.3984],[-70.21,49.4136],[-70.17,49.4394],[-70.1489,49.4662],[-70.1276,49.5182],[-70.0794,49.596],[-70.01,49.6455],[-69.9842,49.6738],[-69.9705,49.7126],[-69.9879,49.7514],[-70.01,49.7617],[-70.03,49.7627],[-70.07,49.7542]]]}},{"type":"Feature","properties":{"c":"#00fb90","v0":0.05,"v1":0.25},"geometry":{"type":"Polygon","coordinates":[[[-67.3514,49.7901],[-67.33,49.7883],[-67.3126,49.7772],[-67.2982,49.7514],[-67.2996,49.7255],[-67.33,49.7107],[-67.37,49.7151],[-67.3999,49.7384],[-67.4021,49.7514],[-67.39,49.7742],[-67.3514,49.7901]]]}},{"type":"Feature","properties":{"c":"#00fb90","v0":0.05,"v1":0.25},"geometry":{"type":"Polygon","coordinates":[[[-92.5724,49.5701],[-92.5446,49.5571],[-92.57,49.5423],[-92.59,49.5483],[-92.5993,49.5571],[-92.59,49.5661],[-92.5724,49.5701]]]}},{"type":"Feature","properties":{"c":"#00fb90","v0":0.05,"v1":0.25},"geometry":{"type":"Polygon","coordinates":[[[-79.917,49.5701],[-79.8564,49.5701],[-79.8456,49.5571],[-79.8554,49.5312],[-79.8494,49.5182],[-79.7971,49.4922],[-79.71,49.4742],[-79.65,49.476],[-79.5179,49.4662],[-79.4655,49.4532],[-79.37,49.3925],[-79.33,49.3827],[-79.09,49.3782],[-78.99,49.386],[-78.89,49.4045],[-78.79,49.4126],[-78.77,49.4108],[-78.69,49.3688],[-78.65,49.3578],[-78.5092,49.3621],[-78.49,49.3562],[-78.43,49.3148],[-78.41,49.3135],[-78.39,49.3217],[-78.37,49.3469],[-78.35,49.3562],[-78.29,49.3264],[-78.25,49.3148],[-78.17,49.3269],[-78.09,49.3248],[-77.99,49.3578],[-77.95,49.399],[-77.93,49.4016],[-77.89,49.3892],[-77.8038,49.3882],[-77.73,49.3524],[-77.5973,49.323],[-77.5828,49.31],[-77.67,49.2652],[-77.75,49.2516],[-77.7812,49.2317],[-77.81,49.1936],[-77.85,49.1843],[-77.9312,49.1794],[-77.939,49.1925],[-77.9332,49.2317],[-77.95,49.2522],[-77.99,49.2644],[-78.03,49.2636],[-78.05,49.257],[-78.0721,49.2317],[-78.0758,49.2055],[-78.0496,49.1402],[-78.0118,49.1009],[-78.0004,49.0747],[-78.0106,49.0354],[-78.0189,49.0223],[-78.03,49.0188],[-78.19,49.017],[-78.31,49.0073],[-78.35,49.0011],[-78.43,48.9783],[-78.51,48.987],[-78.63,48.9724],[-78.71,48.9733],[-78.79,48.9517],[-79.17,48.9438],[-79.41,48.9766],[-79.5098,49.0091],[-79.5282,49.0223],[-79.4166,49.0485],[-79.21,49.0753],[-78.95,49.0831],[-78.91,49.0901],[-78.8823,49.1009],[-78.866,49.114],[-78.8645,49.1271],[-78.8992,49.1663],[-78.9035,49.2055],[-78.91,49.2106],[-78.93,49.2121],[-78.97,49.2047],[-78.9996,49.1925],[-79.03,49.1657],[-79.09,49.1552],[-79.15,49.1649],[-79.23,49.1643],[-79.35,49.1766],[-79.75,49.1826],[-79.87,49.1988],[-79.93,49.1996],[-79.99,49.2073],[-80.05,49.2059],[-80.1495,49.2317],[-80.1885,49.2708],[-80.29,49.3064],[-80.45,49.3331],[-80.53,49.3404],[-80.59,49.3532],[-80.682,49.3491],[-80.75,49.3713],[-80.77,49.3832],[-80.7963,49.4142],[-80.7978,49.4402],[-80.79,49.4467],[-80.65,49.4893],[-80.4741,49.5571],[-80.25,49.5624],[-80.19,49.5684],[-80.09,49.5574],[-80.01,49.5666],[-79.917,49.5701]],[[-78.61,49.2593],[-78.643,49.2447],[-78.6293,49.2317],[-78.55,49.2079],[-78.53,49.2147],[-78.5118,49.2447],[-78.5192,49.2578],[-78.55,49.2626],[-78.61,49.2593]],[[-79.99,49.3245],[-79.9955,49.323],[-79.9886,49.31],[-79.95,49.2994],[-79.93,49.2997],[-79.905,49.31],[-79.9084,49.323],[-79.93,49.3324],[-79.95,49.3344],[-79.99,49.3245]]]}},{"type":"Feature","properties":{"c":"#00fb90","v0":0.05,"v1":0.25},"geometry":{"type":"Polygon","coordinates":[[[-123.079,49.5441],[-123.05,49.5434],[-123.0291,49.5312],[-123.0227,49.5182],[-123.0489,49.4662],[-123.09,49.4506],[-123.13,49.4465],[-123.15,49.4506],[-123.1576,49.4662],[-123.15,49.4862],[-123.079,49.5441]]]}},{"type":"Feature","properties":{"c":"#00fb90","v0":0.05,"v1":0.25},"geometry":{"type":"Polygon","coordinates":[[[-92.16,49.4142],[-92.116,49.4142],[-92.07,49.3911],[-92.03,49.3856],[-91.95,49.356],[-91.8845,49.323],[-91.8713,49.31],[-91.89,49.2984],[-91.9632,49.31],[-92.01,49.332],[-92.0651,49.3491],[-92.09,49.3686],[-92.1579,49.3882],[-92.1695,49.4012],[-92.16,49.4142]]]}},{"type":"Feature","properties":{"c":"#00fb90","v0":0.05,"v1":0.25},"geometry":{"type":"Polygon","coordinates":[[[-104.962,49.4012],[-104.93,49.3983],[-104.89,49.3599],[-104.865,49.3491],[-104.87,49.3464],[-104.95,49.3485],[-104.99,49.3566],[-105.05,49.3566],[-105.0753,49.3621],[-105.07,49.3765],[-104.962,49.4012]]]}},{"type":"Feature","properties":{"c":"#00fb90","v0":0.05,"v1":0.25},"geometry":{"type":"Polygon","coordinates":[[[-105.4288,49.3491],[-105.29,49.36],[-105.1675,49.3491],[-105.1423,49.336],[-105.1553,49.323],[-105.2654,49.31],[-105.2695,49.2969],[-105.23,49.2801],[-105.19,49.2819],[-105.15,49.2946],[-105.09,49.2946],[-105.03,49.3043],[-105.01,49.3015],[-104.9896,49.2839],[-104.9907,49.2578],[-105.0211,49.2317],[-105.07,49.2136],[-105.25,49.2201],[-105.35,49.2099],[-105.45,49.2226],[-105.65,49.1912],[-105.73,49.1919],[-105.77,49.1975],[-105.97,49.1909],[-106.03,49.1935],[-106.11,49.2087],[-106.1378,49.2186],[-106.1478,49.2317],[-106.1317,49.2447],[-106.099,49.2578],[-105.89,49.301],[-105.4288,49.3491]],[[-105.09,49.2724],[-105.15,49.2614],[-105.1573,49.2578],[-105.1588,49.2447],[-105.09,49.2323],[-105.05,49.2431],[-105.0304,49.2578],[-105.03,49.2746],[-105.05,49.2781],[-105.09,49.2724]],[[-105.85,49.2731],[-105.862,49.2708],[-105.8675,49.2578],[-105.85,49.2536],[-105.81,49.2571],[-105.79,49.2652],[-105.7497,49.2708],[-105.77,49.2749],[-105.85,49.2731]],[[-105.35,49.2867],[-105.3969,49.2708],[-105.4098,49.2578],[-105.4033,49.2447],[-105.371,49.2317],[-105.35,49.2291],[-105.3185,49.2317],[-105.2847,49.2447],[-105.28,49.2578],[-105.2925,49.2708],[-105.33,49.2854],[-105.35,49.2867]]]}},{"type":"Feature","properties":{"c":"#00fb90","v0":0.05,"v1":0.25},"geometry":{"type":"Polygon","coordinates":[[[-104.8797,49.2969],[-104.85,49.3055],[-104.83,49.3029],[-104.81,49.2874],[-104.81,49.2708],[-104.8332,49.2447],[-104.87,49.22],[-104.91,49.2099],[-104.93,49.2137],[-104.9487,49.2317],[-104.9454,49.2447],[-104.8797,49.2969]]]}},{"type":"Feature","properties":{"c":"#00fb90","v0":0.05,"v1":0.25},"geometry":{"type":"Polygon","coordinates":[[[-104.7,49.2578],[-104.6537,49.2578],[-104.6407,49.2447],[-104.6821,49.2317],[-104.7203,49.2317],[-104.7273,49.2447],[-104.7,49.2578]]]}},{"type":"Feature","properties":{"c":"#00fb90","v0":0.05,"v1":0.25},"geometry":{"type":"Polygon","coordinates":[[[-106.3272,49.1794],[-106.29,49.1898],[-106.27,49.1866],[-106.2574,49.1663],[-106.2603,49.1532],[-106.27,49.1451],[-106.29,49.1404],[-106.31,49.1441],[-106.3305,49.1532],[-106.3363,49.1663],[-106.3272,49.1794]]]}},{"type":"Feature","properties":{"c":"#00fb90","v0":0.05,"v1":0.25},"geometry":{"type":"Polygon","coordinates":[[[-104.6678,49.1794],[-104.63,49.1864],[-104.61,49.1817],[-104.5878,49.1663],[-104.5853,49.1402],[-104.6055,49.114],[-104.599,49.1009],[-104.57,49.1064],[-104.45,49.1563],[-104.43,49.1578],[-104.3959,49.1402],[-104.3664,49.114],[-104.33,49.1003],[-104.27,49.0931],[-104.19,49.0974],[-104.11,49.0911],[-104.01,49.0677],[-103.93,49.0708],[-103.87,49.0665],[-103.77,49.0445],[-103.71,49.0436],[-103.65,49.0338],[-103.57,49.0369],[-103.45,49.0091],[-103.35,49.0034],[-103.3343,48.996],[-103.3336,48.9829],[-103.35,48.9589],[-103.37,48.9518],[-103.49,48.9882],[-103.53,48.9871],[-103.59,48.9656],[-103.63,48.96],[-103.77,48.9888],[-103.83,48.984],[-103.95,48.9939],[-104.13,48.9903],[-104.21,49.0107],[-104.35,48.9991],[-104.43,49.0043],[-104.51,48.9946],[-104.69,48.9839],[-104.7655,48.996],[-104.83,49.0225],[-104.95,49.0056],[-105.15,49.0098],[-105.27,48.9978],[-105.43,48.998],[-105.4818,49.0091],[-105.485,49.0223],[-105.39,49.0649],[-105.33,49.062],[-105.23,49.0741],[-105.17,49.0997],[-105.07,49.1069],[-104.99,49.1265],[-104.93,49.1293],[-104.87,49.1388],[-104.81,49.138],[-104.75,49.1592],[-104.71,49.165],[-104.6678,49.1794]],[[-104.65,49.1581],[-104.83,49.0931],[-104.85,49.0903],[-104.91,49.1007],[-104.97,49.1019],[-105.13,49.0647],[-105.1695,49.0485],[-105.1383,49.0354],[-104.95,49.0266],[-104.83,49.0487],[-104.81,49.0478],[-104.71,49.018],[-104.69,49.0146],[-104.65,49.0218],[-104.59,49.0106],[-104.41,49.0197],[-104.35,49.016],[-104.27,49.0285],[-104.19,49.0332],[-104.13,49.0168],[-103.9898,49.0223],[-103.9875,49.0354],[-104.03,49.0436],[-104.0713,49.0616],[-104.21,49.0748],[-104.29,49.064],[-104.43,49.0951],[-104.53,49.0934],[-104.63,49.065],[-104.65,49.0782],[-104.663,49.1009],[-104.6616,49.114],[-104.6284,49.1402],[-104.6266,49.1532],[-104.65,49.1581]],[[-103.63,49.0092],[-103.6628,48.996],[-103.65,48.9892],[-103.63,48.9845],[-103.5904,48.996],[-103.6062,49.0091],[-103.63,49.0092]]]}},{"type":"Feature","properties":{"c":"#00fb90","v0":0.05,"v1":0.25},"geometry":{"type":"Polygon","coordinates":[[[-80.1037,49.114],[-80.05,49.1239],[-79.93,49.1095],[-79.894,49.1009],[-79.8712,49.0878],[-79.8644,49.0747],[-79.868,49.0616],[-79.93,49.0548],[-80.043,49.0616],[-80.0955,49.1009],[-80.1037,49.114]]]}},{"type":"Feature","properties":{"c":"#00fb90","v0":0.05,"v1":0.25},"geometry":{"type":"Polygon","coordinates":[[[-124.5767,49.1009],[-124.55,49.1121],[-124.53,49.1034],[-124.5075,49.0878],[-124.4943,49.0616],[-124.59,48.9395],[-124.5981,48.9435],[-124.6109,48.9829],[-124.6465,49.0091],[-124.6122,49.0747],[-124.5767,49.1009]]]}},{"type":"Feature","properties":{"c":"#00fb90","v0":0.05,"v1":0.25},"geometry":{"type":"Polygon","coordinates":[[[-77.9103,49.0747],[-77.85,49.0743],[-77.8004,49.0616],[-77.7872,49.0485],[-77.8111,49.0354],[-77.916,49.0354],[-77.9436,49.0485],[-77.9547,49.0616],[-77.93,49.0727],[-77.9103,49.0747]]]}},{"type":"Feature","properties":{"c":"#00fb90","v0":0.05,"v1":0.25},"geometry":{"type":"Polygon","coordinates":[[[-105.7177,49.0223],[-105.71,49.0298],[-105.69,49.0337],[-105.67,49.0291],[-105.64,49.0091],[-105.6403,48.996],[-105.664,48.9829],[-105.69,48.9854],[-105.71,49.0006],[-105.7177,49.0223]]]}},{"type":"Feature","properties":{"c":"#00fb90","v0":0.05,"v1":0.25},"geometry":{"type":"Polygon","coordinates":[[[-103.2314,49.0091],[-103.17,49.0124],[-103.1612,49.0091],[-103.1566,48.996],[-103.1703,48.9829],[-103.19,48.9756],[-103.23,48.9748],[-103.2477,48.9829],[-103.2513,48.996],[-103.2314,49.0091]]]}},{"type":"Feature","properties":{"c":"#00fb90","v0":0.05,"v1":0.25},"geometry":{"type":"Polygon","coordinates":[[[-124.3164,48.996],[-124.19,49.0011],[-124.1758,48.996],[-124.1549,48.9698],[-124.0821,48.9566],[-124.0691,48.9435],[-124.0707,48.8778],[-124.0749,48.8646],[-124.1176,48.8383],[-124.1234,48.8119],[-124.11,48.8022],[-124.05,48.8069],[-124.013,48.7592],[-123.99,48.7481],[-123.97,48.7473],[-123.95,48.7537],[-123.89,48.8009],[-123.85,48.8098],[-123.806,48.7988],[-123.8345,48.7592],[-123.8436,48.7065],[-123.8836,48.6668],[-123.899,48.6404],[-123.9033,48.6008],[-123.8841,48.5346],[-123.8863,48.5081],[-123.95,48.4841],[-124.0013,48.455],[-124.09,48.4235],[-124.19,48.3653],[-124.25,48.3427],[-124.27,48.3459],[-124.3016,48.3887],[-124.37,48.4484],[-124.41,48.4946],[-124.43,48.504],[-124.49,48.5163],[-124.53,48.5494],[-124.5618,48.5875],[-124.573,48.6272],[-124.5557,48.6801],[-124.5116,48.746],[-124.4725,48.7856],[-124.45,48.834],[-124.3757,48.9304],[-124.3524,48.9829],[-124.3164,48.996]]]}},{"type":"Feature","properties":{"c":"#00fb90","v0":0.05,"v1":0.25},"geometry":{"type":"Polygon","coordinates":[[[-93.0495,48.8514],[-93.01,48.8615],[-92.97,48.8581],[-92.9432,48.8514],[-92.89,48.8263],[-92.77,48.8125],[-92.7211,48.7856],[-92.6995,48.7592],[-92.71,48.7514],[-92.73,48.7477],[-92.79,48.7485],[-92.9752,48.8119],[-93.0495,48.8514]]]}},{"type":"Feature","properties":{"c":"#00fb90","v0":0.05,"v1":0.25},"geometry":{"type":"Polygon","coordinates":[[[-121.8533,48.7856],[-121.83,48.7964],[-121.79,48.7911],[-121.7739,48.7724],[-121.7766,48.7592],[-121.7959,48.746],[-121.83,48.7436],[-121.8565,48.7592],[-121.8608,48.7724],[-121.8533,48.7856]],[[-121.83,48.7796],[-121.8373,48.7724],[-121.83,48.7592],[-121.8049,48.7592],[-121.7972,48.7724],[-121.81,48.7819],[-121.83,48.7796]]]}},{"type":"Feature","properties":{"c":"#00fb90","v0":0.05,"v1":0.25},"geometry":{"type":"Polygon","coordinates":[[[-68.8617,48.614],[-68.83,48.6246],[-68.8073,48.614],[-68.83,48.5908],[-68.85,48.586],[-68.8725,48.6008],[-68.8617,48.614]]]}},{"type":"Feature","properties":{"c":"#00fb90","v0":0.05,"v1":0.25},"geometry":{"type":"Polygon","coordinates":[[[-79.7445,48.5478],[-79.63,48.5563],[-79.57,48.5464],[-79.545,48.5346],[-79.5266,48.5081],[-79.53,48.4914],[-79.55,48.4824],[-79.63,48.474],[-79.81,48.4706],[-79.9906,48.4418],[-80.03,48.4199],[-80.13,48.4106],[-80.31,48.4585],[-80.37,48.4579],[-80.4284,48.4683],[-80.47,48.4796],[-80.4912,48.4948],[-80.49,48.5083],[-80.31,48.4984],[-80.13,48.4976],[-80.09,48.5025],[-80.01,48.5375],[-79.99,48.5408],[-79.83,48.5395],[-79.7445,48.5478]]]}},{"type":"Feature","properties":{"c":"#00fb90","v0":0.05,"v1":0.25},"geometry":{"type":"Polygon","coordinates":[[[-71.1257,48.5478],[-71.09,48.5577],[-71.07,48.5552],[-71.0571,48.5478],[-71.0525,48.5346],[-71.0638,48.5213],[-71.0896,48.5081],[-71.13,48.5017],[-71.1484,48.5081],[-71.154,48.5213],[-71.1257,48.5478]]]}},{"type":"Feature","properties":{"c":"#00fb90","v0":0.05,"v1":0.25},"geometry":{"type":"Polygon","coordinates":[[[-79.0982,48.402],[-79.01,48.4085],[-78.9938,48.402],[-79.03,48.3981],[-79.0982,48.402]]]}},{"type":"Feature","properties":{"c":"#00fb90","v0":0.05,"v1":0.25},"geometry":{"type":"Polygon","coordinates":[[[-92.8524,48.2557],[-92.8271,48.2557],[-92.794,48.2424],[-92.8049,48.229],[-92.8648,48.229],[-92.9105,48.2424],[-92.8524,48.2557]]]}},{"type":"Feature","properties":{"c":"#00fb90","v0":0.05,"v1":0.25},"geometry":{"type":"Polygon","coordinates":[[[-71.0318,48.2557],[-70.97,48.2631],[-70.9356,48.2557],[-70.9196,48.229],[-70.9202,48.2157],[-70.9382,48.189],[-71.01,48.144],[-71.13,48.0923],[-71.2091,48.0689],[-71.2216,48.0154],[-71.2384,47.9886],[-71.27,47.9737],[-71.31,47.9769],[-71.3282,47.9886],[-71.2843,48.0689],[-71.2864,48.0823],[-71.3079,48.0956],[-71.3168,48.109],[-71.2881,48.189],[-71.2699,48.2024],[-71.23,48.2177],[-71.0318,48.2557]],[[-71.01,48.2436],[-71.11,48.2284],[-71.19,48.1925],[-71.2462,48.189],[-71.2608,48.1757],[-71.2582,48.1624],[-71.25,48.1561],[-71.19,48.1746],[-71.15,48.1232],[-71.13,48.1209],[-71.05,48.1423],[-70.99,48.171],[-70.9542,48.2024],[-70.9549,48.229],[-70.97,48.2391],[-71.01,48.2436]]]}},{"type":"Feature","properties":{"c":"#00fb90","v0":0.05,"v1":0.25},"geometry":{"type":"Polygon","coordinates":[[[-124.4772,48.2157],[-124.45,48.2155],[-124.43,48.2074],[-124.4387,48.189],[-124.4923,48.1624],[-124.53,48.1554],[-124.55,48.1602],[-124.53,48.1907],[-124.51,48.2056],[-124.4772,48.2157]]]}},{"type":"Feature","properties":{"c":"#00fb90","v0":0.05,"v1":0.25},"geometry":{"type":"Polygon","coordinates":[[[-80.541,48.2157],[-80.53,48.2211],[-80.51,48.2205],[-80.43,48.1963],[-80.4084,48.189],[-80.35,48.1518],[-80.27,48.1295],[-80.1616,48.1223],[-80.1292,48.109],[-80.1211,48.0956],[-80.19,48.0922],[-80.25,48.1136],[-80.33,48.1087],[-80.51,48.1351],[-80.5825,48.1624],[-80.589,48.1757],[-80.541,48.2157]]]}},{"type":"Feature","properties":{"c":"#00fb90","v0":0.05,"v1":0.25},"geometry":{"type":"Polygon","coordinates":[[[-124.3345,48.1223],[-124.29,48.1329],[-124.27,48.132],[-124.2486,48.1223],[-124.2409,48.109],[-124.25,48.0957],[-124.29,48.079],[-124.3231,48.0555],[-124.3325,48.0154],[-124.3159,47.9886],[-124.2665,47.9619],[-124.23,47.914],[-124.1678,47.8814],[-124.1676,47.868],[-124.1843,47.8546],[-124.2417,47.8277],[-124.31,47.7861],[-124.3434,47.7606],[-124.3653,47.7337],[-124.3667,47.7202],[-124.35,47.7016],[-124.31,47.6892],[-124.27,47.6862],[-124.2586,47.6798],[-124.2631,47.6529],[-124.2507,47.6125],[-124.3183,47.5585],[-124.3233,47.5315],[-124.3114,47.4774],[-124.2952,47.4504],[-124.27,47.4285],[-124.2058,47.3963],[-124.2087,47.3556],[-124.2309,47.3014],[-124.2482,47.2743],[-124.2676,47.2607],[-124.31,47.2464],[-124.37,47.213],[-124.39,47.2082],[-124.41,47.2112],[-124.45,47.2262],[-124.49,47.231],[-124.53,47.2267],[-124.5679,47.2064],[-124.65,47.0185],[-124.71,46.9646],[-124.73,46.9599],[-124.77,46.9714],[-124.79,46.9666],[-124.8125,46.9476],[-124.8216,46.9202],[-124.8192,46.8792],[-124.8445,46.8245],[-124.83,46.7601],[-124.91,46.7489],[-124.9529,46.7286],[-125.0216,46.6326],[-125.05,46.5676],[-125.0777,46.5364],[-125.1181,46.5088],[-125.1654,46.44],[-125.1775,46.3848],[-125.23,46.3404],[-125.27,46.3249],[-125.2787,46.3572],[-125.2532,46.4262],[-125.1951,46.5088],[-125.15,46.6131],[-125.11,46.6902],[-125.0794,46.7286],[-125.0645,46.7698],[-125.0195,46.8245],[-125.0268,46.8656],[-125.01,46.8932],[-124.963,46.9339],[-124.9506,46.9885],[-124.87,46.9949],[-124.7756,47.0567],[-124.75,47.1241],[-124.7109,47.1928],[-124.7042,47.22],[-124.7192,47.2878],[-124.7499,47.3285],[-124.7382,47.3556],[-124.7369,47.3827],[-124.7675,47.4369],[-124.7619,47.5315],[-124.7861,47.5855],[-124.7571,47.6394],[-124.7465,47.7068],[-124.6865,47.7874],[-124.6815,47.8277],[-124.61,47.8617],[-124.5757,47.8948],[-124.551,47.9485],[-124.55,47.9962],[-124.49,48.0152],[-124.43,48.0437],[-124.3953,48.0689],[-124.3704,48.109],[-124.3345,48.1223]],[[-124.67,47.3559],[-124.6979,47.3421],[-124.703,47.3285],[-124.6914,47.315],[-124.63,47.296],[-124.6221,47.2607],[-124.61,47.2487],[-124.59,47.2415],[-124.57,47.2447],[-124.5431,47.2743],[-124.53,47.3188],[-124.55,47.3338],[-124.59,47.3305],[-124.63,47.3606],[-124.67,47.3559]]]}},{"type":"Feature","properties":{"c":"#00fb90","v0":0.05,"v1":0.25},"geometry":{"type":"Polygon","coordinates":[[[-71.5613,48.0689],[-71.51,48.0818],[-71.49,48.0808],[-71.4595,48.0689],[-71.4469,48.0422],[-71.4414,48.002],[-71.4474,47.9886],[-71.47,47.9846],[-71.51,47.9903],[-71.57,47.9903],[-71.6015,48.002],[-71.6068,48.0288],[-71.5613,48.0689]],[[-71.53,48.061],[-71.5672,48.0422],[-71.5765,48.0288],[-71.57,48.0139],[-71.53,48.01],[-71.49,48.0181],[-71.4827,48.0422],[-71.49,48.0551],[-71.51,48.0617],[-71.53,48.061]]]}},{"type":"Feature","properties":{"c":"#00fb90","v0":0.05,"v1":0.25},"geometry":{"type":"Polygon","coordinates":[[[-81.5199,47.8814],[-81.49,47.8938],[-81.47,47.8922],[-81.41,47.8733],[-81.25,47.8631],[-81.218,47.8546],[-81.1977,47.8412],[-81.1808,47.8009],[-81.1457,47.7606],[-81.1448,47.7471],[-81.2017,47.7068],[-81.2193,47.6798],[-81.2247,47.6529],[-81.213,47.6259],[-81.17,47.5994],[-81.09,47.5844],[-80.99,47.5404],[-80.89,47.5226],[-80.83,47.5257],[-80.79,47.5143],[-80.71,47.5053],[-80.53,47.4488],[-80.4174,47.4233],[-80.3533,47.3963],[-80.27,47.3445],[-80.09,47.2983],[-80.0169,47.2878],[-79.976,47.2743],[-79.9164,47.2335],[-79.79,47.1713],[-79.7221,47.152],[-79.67,47.1264],[-79.6493,47.0975],[-79.67,47.0608],[-79.69,47.0489],[-79.71,47.0452],[-79.79,47.0384],[-79.8869,47.0431],[-79.97,47.0593],[-80.03,47.0544],[-80.11,47.0201],[-80.1306,46.9885],[-80.15,46.9813],[-80.17,46.9826],[-80.21,46.9912],[-80.31,47.0311],[-80.39,47.0393],[-80.45,47.0557],[-80.55,47.1064],[-80.6502,47.1384],[-80.83,47.2085],[-80.89,47.2203],[-81.07,47.2827],[-81.13,47.2833],[-81.1536,47.2743],[-81.1649,47.2607],[-81.1666,47.22],[-81.1527,47.1656],[-81.1428,47.152],[-81.05,47.0869],[-81.01,47.0431],[-81.0065,47.0294],[-81.0112,47.0158],[-81.0474,46.9885],[-81.06,46.9612],[-81.0679,46.8929],[-81.0391,46.8245],[-81.0468,46.8108],[-81.07,46.8085],[-81.13,46.818],[-81.29,46.875],[-81.35,46.9107],[-81.4586,46.9612],[-81.53,47.0174],[-81.63,47.0365],[-81.8877,47.1248],[-81.9072,47.152],[-81.9071,47.2064],[-81.9188,47.22],[-82.0154,47.2743],[-82.11,47.3078],[-82.2436,47.3692],[-82.35,47.4098],[-82.3961,47.4639],[-82.4698,47.518],[-82.5128,47.5315],[-82.5284,47.545],[-82.5404,47.572],[-82.5751,47.6125],[-82.5754,47.6259],[-82.55,47.6447],[-82.51,47.649],[-82.4292,47.6125],[-82.33,47.5841],[-82.23,47.5696],[-82.19,47.5721],[-82.13,47.6065],[-82.1105,47.6259],[-82.1151,47.6529],[-82.1425,47.7068],[-82.1424,47.7202],[-82.1117,47.7606],[-82.1188,47.7874],[-82.1143,47.8009],[-82.03,47.8191],[-81.99,47.8153],[-81.935,47.8009],[-81.79,47.7479],[-81.63,47.7441],[-81.35,47.7042],[-81.3169,47.7068],[-81.2881,47.7202],[-81.2933,47.7337],[-81.3926,47.774],[-81.4167,47.7874],[-81.45,47.8224],[-81.51,47.8469],[-81.5238,47.868],[-81.5199,47.8814]],[[-80.99,47.4294],[-81.0059,47.4233],[-81.0041,47.4098],[-80.981,47.3963],[-80.9755,47.3827],[-80.9987,47.3285],[-80.9856,47.315],[-80.8649,47.2743],[-80.79,47.2319],[-80.73,47.2104],[-80.61,47.1478],[-80.53,47.1268],[-80.49,47.121],[-80.4747,47.1248],[-80.4779,47.1656],[-80.49,47.1941],[-80.5236,47.22],[-80.5838,47.2471],[-80.61,47.269],[-80.613,47.2878],[-80.605,47.315],[-80.6117,47.3285],[-80.7555,47.3692],[-80.81,47.4032],[-80.85,47.4173],[-80.99,47.4294]],[[-82.45,47.5755],[-82.4441,47.5585],[-82.35,47.5218],[-82.3282,47.5045],[-82.3352,47.4504],[-82.3308,47.4369],[-82.31,47.4173],[-81.83,47.2147],[-81.81,47.2086],[-81.77,47.2095],[-81.71,47.2382],[-81.6553,47.2878],[-81.657,47.315],[-81.7382,47.3827],[-81.7751,47.4098],[-81.87,47.4608],[-81.95,47.4776],[-82.05,47.5255],[-82.15,47.5298],[-82.35,47.5613],[-82.41,47.578],[-82.43,47.5807],[-82.45,47.5755]],[[-81.77,47.68],[-81.83,47.6705],[-81.91,47.6391],[-81.97,47.6419],[-82.05,47.6088],[-82.0804,47.5855],[-82.0815,47.572],[-82.07,47.5555],[-82.03,47.5383],[-81.91,47.5322],[-81.87,47.535],[-81.8373,47.545],[-81.8215,47.5855],[-81.77,47.6028],[-81.71,47.6082],[-81.69,47.5987],[-81.63,47.5289],[-81.5072,47.5045],[-81.4864,47.491],[-81.4663,47.4504],[-81.45,47.4349],[-81.35,47.3928],[-81.33,47.3891],[-81.31,47.395],[-81.2919,47.4233],[-81.2867,47.4504],[-81.3119,47.5045],[-81.4181,47.599],[-81.45,47.6354],[-81.55,47.6626],[-81.77,47.68]],[[-81.81,47.1953],[-81.8541,47.1656],[-81.8499,47.152],[-81.8253,47.1384],[-81.7642,47.1112],[-81.6734,47.0839],[-81.63,47.0789],[-81.6032,47.0839],[-81.6082,47.1384],[-81.6219,47.152],[-81.77,47.2008],[-81.79,47.2046],[-81.81,47.1953]]]}},{"type":"Feature","properties":{"c":"#00fb90","v0":0.05,"v1":0.25},"geometry":{"type":"Polygon","coordinates":[[[-71.4943,47.8412],[-71.45,47.847],[-71.4304,47.8412],[-71.4225,47.8277],[-71.45,47.8059],[-71.49,47.8001],[-71.5096,47.8143],[-71.509,47.8277],[-71.4943,47.8412]]]}},{"type":"Feature","properties":{"c":"#00fb90","v0":0.05,"v1":0.25},"geometry":{"type":"Polygon","coordinates":[[[-80.7583,47.6933],[-80.71,47.7044],[-80.69,47.6993],[-80.6399,47.6529],[-80.6297,47.6394],[-80.63,47.623],[-80.65,47.6122],[-80.69,47.6103],[-80.71,47.6148],[-80.7684,47.6798],[-80.7583,47.6933]]]}},{"type":"Feature","properties":{"c":"#00fb90","v0":0.05,"v1":0.25},"geometry":{"type":"Polygon","coordinates":[[[-71.6503,47.6664],[-71.63,47.6677],[-71.5673,47.6259],[-71.5697,47.6125],[-71.5852,47.599],[-71.63,47.584],[-71.6458,47.599],[-71.6597,47.6394],[-71.6609,47.6529],[-71.6503,47.6664]]]}},{"type":"Feature","properties":{"c":"#00fb90","v0":0.05,"v1":0.25},"geometry":{"type":"Polygon","coordinates":[[[-90.9791,47.5855],[-90.97,47.5916],[-90.95,47.5932],[-90.93,47.5875],[-90.85,47.5591],[-90.7366,47.5045],[-90.7222,47.4774],[-90.7313,47.4369],[-90.716,47.4098],[-90.6848,47.3827],[-90.55,47.3076],[-90.527,47.2743],[-90.5259,47.2607],[-90.5406,47.2471],[-90.59,47.238],[-90.6255,47.2471],[-90.75,47.3092],[-90.8481,47.3827],[-90.93,47.4293],[-90.99,47.4411],[-91.042,47.4639],[-91.0562,47.4774],[-91.05,47.485],[-91.03,47.4894],[-90.97,47.4849],[-90.95,47.4751],[-90.93,47.4548],[-90.91,47.4535],[-90.89,47.4709],[-90.8966,47.491],[-90.9395,47.518],[-90.9621,47.545],[-90.979,47.572],[-90.9791,47.5855]]]}},{"type":"Feature","properties":{"c":"#00fb90","v0":0.05,"v1":0.25},"geometry":{"type":"Polygon","coordinates":[[[-71.403,47.5855],[-71.35,47.5866],[-71.3132,47.572],[-71.3111,47.5585],[-71.338,47.518],[-71.3392,47.5045],[-71.33,47.4898],[-71.31,47.4826],[-71.23,47.5063],[-71.17,47.5512],[-71.13,47.565],[-71.11,47.5658],[-71.0841,47.5585],[-71.0725,47.545],[-71.0732,47.5315],[-71.11,47.483],[-71.15,47.4574],[-71.25,47.4408],[-71.37,47.4328],[-71.45,47.4048],[-71.49,47.3973],[-71.51,47.4031],[-71.5212,47.4233],[-71.5065,47.4639],[-71.4802,47.5045],[-71.4789,47.545],[-71.4725,47.5585],[-71.454,47.572],[-71.403,47.5855]],[[-71.15,47.5326],[-71.1653,47.518],[-71.15,47.5073],[-71.1285,47.518],[-71.1243,47.5315],[-71.15,47.5326]],[[-71.41,47.5636],[-71.426,47.5585],[-71.4363,47.545],[-71.4154,47.518],[-71.4776,47.4639],[-71.4811,47.4504],[-71.47,47.4325],[-71.43,47.4378],[-71.3843,47.4639],[-71.3801,47.4774],[-71.4014,47.518],[-71.37,47.5373],[-71.3603,47.5585],[-71.39,47.5663],[-71.41,47.5636]]]}},{"type":"Feature","properties":{"c":"#00fb90","v0":0.05,"v1":0.25},"geometry":{"type":"Polygon","coordinates":[[[-72.0579,47.545],[-72.01,47.5468],[-72.0154,47.5315],[-72.07,47.5036],[-72.11,47.4916],[-72.1306,47.491],[-72.1335,47.5045],[-72.1177,47.518],[-72.0579,47.545]]]}},{"type":"Feature","properties":{"c":"#00fb90","v0":0.05,"v1":0.25},"geometry":{"type":"Polygon","coordinates":[[[-71.8243,47.4639],[-71.81,47.468],[-71.8005,47.4639],[-71.8092,47.4504],[-71.8702,47.4098],[-71.9233,47.3827],[-72.0328,47.3421],[-72.15,47.3161],[-72.31,47.2669],[-72.37,47.2625],[-72.3994,47.2743],[-72.4063,47.2878],[-72.4028,47.315],[-72.3822,47.3421],[-72.35,47.363],[-72.25,47.3794],[-72.17,47.4044],[-72.11,47.4161],[-71.97,47.4362],[-71.87,47.4438],[-71.8243,47.4639]],[[-72.31,47.3437],[-72.33,47.3402],[-72.3468,47.3285],[-72.35,47.3114],[-72.33,47.3004],[-72.309,47.3014],[-72.29,47.3094],[-72.2727,47.3285],[-72.29,47.3409],[-72.31,47.3437]],[[-72.17,47.3831],[-72.2002,47.3692],[-72.2106,47.3556],[-72.19,47.3469],[-72.17,47.3467],[-72.1235,47.3556],[-72.096,47.3692],[-72.0886,47.3827],[-72.13,47.3886],[-72.17,47.3831]]]}},{"type":"Feature","properties":{"c":"#00fb90","v0":0.05,"v1":0.25},"geometry":{"type":"Polygon","coordinates":[[[-89.3791,47.4369],[-89.33,47.4378],[-89.2708,47.4233],[-89.2144,47.3963],[-89.17,47.3656],[-89.07,47.3249],[-88.85,47.257],[-88.81,47.2551],[-88.73,47.2642],[-88.67,47.2642],[-88.63,47.2768],[-88.59,47.2761],[-88.57,47.2645],[-88.55,47.2392],[-88.5346,47.2064],[-88.5381,47.1928],[-88.6079,47.152],[-88.65,47.1477],[-88.75,47.0786],[-88.77,47.0793],[-88.8069,47.0975],[-88.87,47.1153],[-88.9034,47.1112],[-88.95,47.089],[-88.97,47.0858],[-89.03,47.1072],[-89.11,47.1126],[-89.1724,47.1248],[-89.2053,47.1384],[-89.2177,47.152],[-89.2286,47.22],[-89.29,47.2616],[-89.33,47.2745],[-89.43,47.2668],[-89.4732,47.2743],[-89.4745,47.3285],[-89.3986,47.3556],[-89.4246,47.3963],[-89.4102,47.4233],[-89.3791,47.4369]],[[-88.65,47.2347],[-88.67,47.2292],[-88.6759,47.22],[-88.67,47.2029],[-88.65,47.1966],[-88.6317,47.2064],[-88.6307,47.22],[-88.65,47.2347]]]}},{"type":"Feature","properties":{"c":"#00fb90","v0":0.05,"v1":0.25},"geometry":{"type":"Polygon","coordinates":[[[-71.4081,47.1656],[-71.39,47.1715],[-71.3305,47.1656],[-71.3357,47.152],[-71.3873,47.1112],[-71.49,47.0755],[-71.65,47.0639],[-71.65,47.0721],[-71.5727,47.1112],[-71.45,47.1361],[-71.4081,47.1656]]]}},{"type":"Feature","properties":{"c":"#00fb90","v0":0.05,"v1":0.25},"geometry":{"type":"Polygon","coordinates":[[[-82.6279,47.0567],[-82.51,47.0593],[-82.43,47.0311],[-82.39,47.0323],[-82.3721,47.0158],[-82.3875,47.0022],[-82.41,47.0005],[-82.61,47.023],[-82.6323,47.0294],[-82.6432,47.0431],[-82.6279,47.0567]]]}},{"type":"Feature","properties":{"c":"#00fb90","v0":0.05,"v1":0.25},"geometry":{"type":"Polygon","coordinates":[[[-88.7806,47.0431],[-88.77,47.0524],[-88.75,47.0506],[-88.73,47.0385],[-88.67,47.0255],[-88.5866,46.9749],[-88.67,46.9707],[-88.71,46.9544],[-88.77,46.9718],[-88.83,46.9816],[-88.8467,47.0022],[-88.8388,47.0158],[-88.7806,47.0431]]]}},{"type":"Feature","properties":{"c":"#00fb90","v0":0.05,"v1":0.25},"geometry":{"type":"Polygon","coordinates":[[[-90.4992,47.0294],[-90.49,47.0368],[-90.45,47.0313],[-90.373,47.0022],[-90.3664,46.9885],[-90.39,46.983],[-90.41,46.9848],[-90.47,47.0019],[-90.4932,47.0158],[-90.4992,47.0294]]]}},{"type":"Feature","properties":{"c":"#00fb90","v0":0.05,"v1":0.25},"geometry":{"type":"Polygon","coordinates":[[[-72.0154,47.0158],[-71.99,47.0208],[-71.9619,47.0158],[-71.9739,47.0022],[-72.01,46.9886],[-72.03,46.9914],[-72.0378,47.0022],[-72.0154,47.0158]]]}},{"type":"Feature","properties":{"c":"#00fb90","v0":0.05,"v1":0.25},"geometry":{"type":"Polygon","coordinates":[[[-81.6941,46.9339],[-81.6598,46.9339],[-81.603,46.9066],[-81.63,46.9001],[-81.6618,46.9066],[-81.6951,46.9202],[-81.6941,46.9339]]]}},{"type":"Feature","properties":{"c":"#00fb90","v0":0.05,"v1":0.25},"geometry":{"type":"Polygon","coordinates":[[[-82.5866,46.9202],[-82.49,46.9242],[-82.4576,46.9202],[-82.43,46.9085],[-82.4195,46.8929],[-82.4235,46.8792],[-82.4574,46.8519],[-82.4539,46.8382],[-82.43,46.8317],[-82.3664,46.8382],[-82.31,46.8671],[-82.29,46.87],[-82.25,46.8642],[-82.2282,46.8519],[-82.1941,46.8108],[-82.1186,46.7424],[-82.03,46.6951],[-81.9723,46.6463],[-81.9161,46.6188],[-81.8642,46.5776],[-81.7976,46.5364],[-81.7359,46.4813],[-81.7266,46.4675],[-81.73,46.4529],[-81.75,46.4402],[-81.77,46.4358],[-81.8079,46.44],[-81.85,46.4512],[-81.8828,46.4813],[-81.91,46.4946],[-81.95,46.4995],[-81.9767,46.4951],[-82.0024,46.4262],[-82.03,46.4182],[-82.07,46.4223],[-82.27,46.4913],[-82.45,46.5319],[-82.51,46.5561],[-82.5935,46.5776],[-82.7214,46.66],[-82.723,46.6738],[-82.6865,46.7012],[-82.6788,46.7149],[-82.7962,46.7972],[-82.8689,46.8382],[-82.8989,46.8656],[-82.89,46.8807],[-82.83,46.8797],[-82.65,46.8303],[-82.59,46.8302],[-82.5589,46.8382],[-82.5437,46.8519],[-82.5977,46.9066],[-82.5866,46.9202]],[[-82.59,46.7988],[-82.6645,46.7835],[-82.6657,46.7698],[-82.65,46.7601],[-82.63,46.7535],[-82.55,46.7506],[-82.51,46.7372],[-82.43,46.7015],[-82.2707,46.6051],[-82.31,46.5958],[-82.35,46.599],[-82.4012,46.6326],[-82.43,46.6419],[-82.57,46.6385],[-82.5779,46.6326],[-82.5684,46.6188],[-82.45,46.562],[-82.41,46.5558],[-82.35,46.5607],[-82.25,46.5102],[-82.17,46.4902],[-82.15,46.4897],[-82.1391,46.4951],[-82.183,46.5776],[-82.17,46.583],[-82.13,46.5839],[-82.087,46.5776],[-82.01,46.5436],[-81.97,46.5335],[-81.89,46.5322],[-81.8777,46.5364],[-81.9358,46.6051],[-81.99,46.6351],[-82.05,46.6784],[-82.21,46.7583],[-82.33,46.7938],[-82.37,46.8006],[-82.51,46.8084],[-82.59,46.7988]]]}},{"type":"Feature","properties":{"c":"#00fb90","v0":0.05,"v1":0.25},"geometry":{"type":"Polygon","coordinates":[[[-73.1744,46.8656],[-73.15,46.873],[-73.1283,46.8656],[-73.1255,46.8519],[-73.15,46.8434],[-73.1732,46.8519],[-73.1744,46.8656]]]}},{"type":"Feature","properties":{"c":"#00fb90","v0":0.05,"v1":0.25},"geometry":{"type":"Polygon","coordinates":[[[-75.4706,46.8108],[-75.43,46.8243],[-75.41,46.8237],[-75.3968,46.8108],[-75.4103,46.7972],[-75.45,46.7808],[-75.5108,46.7424],[-75.55,46.7339],[-75.5814,46.7424],[-75.5751,46.7561],[-75.5139,46.7835],[-75.4706,46.8108]]]}},{"type":"Feature","properties":{"c":"#00fb90","v0":0.05,"v1":0.25},"geometry":{"type":"Polygon","coordinates":[[[-124.8177,46.7424],[-124.81,46.7514],[-124.7922,46.7424],[-124.81,46.7278],[-124.8177,46.7424]]]}},{"type":"Feature","properties":{"c":"#00fb90","v0":0.05,"v1":0.25},"geometry":{"type":"Polygon","coordinates":[[[-74.9176,46.6875],[-74.83,46.6936],[-74.8058,46.6875],[-74.79,46.6759],[-74.7861,46.66],[-74.85,46.6015],[-74.87,46.5942],[-74.93,46.59],[-74.99,46.5617],[-75.01,46.5581],[-75.0224,46.5639],[-75.0233,46.5776],[-75.01,46.6059],[-74.9659,46.66],[-74.95,46.6738],[-74.9176,46.6875]]]}},{"type":"Feature","properties":{"c":"#00fb90","v0":0.05,"v1":0.25},"geometry":{"type":"Polygon","coordinates":[[[-75.7274,46.66],[-75.71,46.6665],[-75.69,46.6656],[-75.667,46.6463],[-75.59,46.6115],[-75.5751,46.5914],[-75.59,46.5595],[-75.67,46.545],[-75.75,46.5164],[-75.79,46.5082],[-75.89,46.4945],[-75.93,46.5007],[-75.9407,46.5088],[-75.9388,46.5226],[-75.9122,46.5501],[-75.812,46.5914],[-75.77,46.642],[-75.7274,46.66]],[[-75.79,46.565],[-75.85,46.5517],[-75.8604,46.5364],[-75.83,46.5247],[-75.77,46.5345],[-75.7564,46.5501],[-75.77,46.5621],[-75.79,46.565]]]}},{"type":"Feature","properties":{"c":"#00fb90","v0":0.05,"v1":0.25},"geometry":{"type":"Polygon","coordinates":[[[-73.4106,46.6051],[-73.39,46.6123],[-73.37,46.6084],[-73.3469,46.5914],[-73.3496,46.5776],[-73.37,46.5714],[-73.41,46.5745],[-73.4205,46.5914],[-73.4106,46.6051]]]}},{"type":"Feature","properties":{"c":"#00fb90","v0":0.05,"v1":0.25},"geometry":{"type":"Polygon","coordinates":[[[-70.3742,46.6051],[-70.35,46.6104],[-70.3344,46.6051],[-70.324,46.5914],[-70.33,46.5766],[-70.35,46.5671],[-70.37,46.5672],[-70.3864,46.5776],[-70.3878,46.5914],[-70.3742,46.6051]]]}},{"type":"Feature","properties":{"c":"#00fb90","v0":0.05,"v1":0.25},"geometry":{"type":"Polygon","coordinates":[[[-85.3984,46.5776],[-85.37,46.5889],[-85.35,46.5857],[-85.3402,46.5776],[-85.3426,46.5639],[-85.37,46.5424],[-85.41,46.5331],[-85.4231,46.5364],[-85.4215,46.5501],[-85.3984,46.5776]]]}},{"type":"Feature","properties":{"c":"#00fb90","v0":0.05,"v1":0.25},"geometry":{"type":"Polygon","coordinates":[[[-73.6723,46.5776],[-73.65,46.5838],[-73.5954,46.5639],[-73.5748,46.5501],[-73.5666,46.5226],[-73.59,46.5005],[-73.63,46.4797],[-73.67,46.4702],[-73.69,46.4708],[-73.7165,46.4813],[-73.7252,46.4951],[-73.7202,46.5088],[-73.6931,46.5364],[-73.6847,46.5639],[-73.6723,46.5776]]]}},{"type":"Feature","properties":{"c":"#00fb90","v0":0.05,"v1":0.25},"geometry":{"type":"Polygon","coordinates":[[[-90.7691,46.4537],[-90.75,46.4645],[-90.73,46.462],[-90.645,46.4262],[-90.6271,46.4124],[-90.6302,46.3986],[-90.6554,46.371],[-90.69,46.3609],[-90.73,46.3745],[-90.7548,46.3986],[-90.7691,46.4537]]]}},{"type":"Feature","properties":{"c":"#00fb90","v0":0.05,"v1":0.25},"geometry":{"type":"Polygon","coordinates":[[[-75.4309,46.44],[-75.4041,46.44],[-75.37,46.4118],[-75.3663,46.3848],[-75.39,46.3731],[-75.4137,46.3848],[-75.4168,46.4124],[-75.4309,46.44]]]}},{"type":"Feature","properties":{"c":"#00fb90","v0":0.05,"v1":0.25},"geometry":{"type":"Polygon","coordinates":[[[-107.4178,46.371],[-107.37,46.3747],[-107.3215,46.3572],[-107.3323,46.3434],[-107.37,46.3273],[-107.51,46.3175],[-107.63,46.2961],[-107.75,46.2821],[-107.9003,46.2881],[-107.8927,46.302],[-107.77,46.3324],[-107.61,46.3549],[-107.53,46.3554],[-107.4178,46.371]]]}},{"type":"Feature","properties":{"c":"#00fb90","v0":0.05,"v1":0.25},"geometry":{"type":"Polygon","coordinates":[[[-107.1331,46.371],[-107.05,46.371],[-107.0034,46.3572],[-107.0189,46.3434],[-107.05,46.3353],[-107.11,46.3322],[-107.1461,46.3434],[-107.1657,46.3572],[-107.1331,46.371]]]}},{"type":"Feature","properties":{"c":"#00fb90","v0":0.05,"v1":0.25},"geometry":{"type":"Polygon","coordinates":[[[-82.1582,46.3296],[-82.11,46.3328],[-81.99,46.3215],[-81.95,46.3115],[-81.89,46.2613],[-81.8277,46.2328],[-81.79,46.1982],[-81.71,46.1438],[-81.65,46.1192],[-81.5797,46.0804],[-81.5522,46.0527],[-81.5397,46.0249],[-81.55,46.018],[-81.59,46.019],[-81.75,46.1203],[-81.93,46.1986],[-82.05,46.2299],[-82.0897,46.2466],[-82.1412,46.2881],[-82.1615,46.3158],[-82.1582,46.3296]]]}},{"type":"Feature","properties":{"c":"#00fb90","v0":0.05,"v1":0.25},"geometry":{"type":"Polygon","coordinates":[[[-82.7656,46.302],[-82.75,46.313],[-82.73,46.3114],[-82.6061,46.2605],[-82.51,46.2315],[-82.4104,46.1774],[-82.3827,46.1497],[-82.3564,46.1082],[-82.3364,46.0943],[-82.25,46.0562],[-82.0656,46.0249],[-82.0356,46.011],[-82.01,45.9787],[-81.91,45.9765],[-81.83,45.957],[-81.7969,45.9415],[-81.75,45.9075],[-81.6972,45.8858],[-81.6766,45.8719],[-81.6685,45.858],[-81.6735,45.844],[-81.69,45.8359],[-81.71,45.8353],[-81.77,45.8498],[-81.87,45.8563],[-81.97,45.8871],[-81.99,45.8888],[-82.055,45.858],[-82.13,45.8467],[-82.29,45.8849],[-82.33,45.9014],[-82.41,45.9201],[-82.55,45.966],[-82.69,45.9648],[-82.7214,45.9554],[-82.7286,45.9276],[-82.694,45.8719],[-82.641,45.844],[-82.5826,45.7743],[-82.5094,45.7325],[-82.4567,45.6766],[-82.3828,45.5647],[-82.3787,45.5227],[-82.39,45.5042],[-82.41,45.4989],[-82.45,45.5054],[-82.53,45.5392],[-82.55,45.5429],[-82.57,45.537],[-82.5714,45.4806],[-82.6245,45.4245],[-82.6487,45.3683],[-82.644,45.3402],[-82.61,45.2678],[-82.546,45.1994],[-82.45,45.1243],[-82.4185,45.0724],[-82.412,45.03],[-82.4408,45.0018],[-82.5188,44.9735],[-82.5652,44.9168],[-82.59,44.8998],[-82.63,44.8811],[-82.73,44.8535],[-82.7618,44.8318],[-82.7614,44.8176],[-82.7497,44.8034],[-82.67,44.774],[-82.6471,44.7608],[-82.6363,44.7466],[-82.631,44.7182],[-82.6458,44.6755],[-82.71,44.5842],[-82.7927,44.5331],[-82.9005,44.4333],[-82.93,44.3968],[-82.9813,44.3618],[-83.0005,44.3332],[-83.0127,44.2903],[-83.03,44.2616],[-83.07,44.2537],[-83.11,44.2623],[-83.1438,44.3046],[-83.1793,44.3332],[-83.27,44.3776],[-83.35,44.3944],[-83.47,44.4452],[-83.55,44.4567],[-83.63,44.4843],[-83.71,44.482],[-83.73,44.489],[-83.7958,44.5759],[-83.7985,44.5901],[-83.786,44.6186],[-83.7642,44.6329],[-83.73,44.6412],[-83.67,44.6413],[-83.61,44.6285],[-83.51,44.636],[-83.39,44.6191],[-83.23,44.6491],[-83.1202,44.6898],[-83.0496,44.775],[-83.0507,44.7892],[-83.0631,44.8034],[-83.1296,44.8318],[-83.15,44.8522],[-83.2114,44.9876],[-83.2197,45.0442],[-83.1987,45.1007],[-83.1853,45.1148],[-83.1162,45.143],[-83.1056,45.1571],[-83.1581,45.2698],[-83.1762,45.3261],[-83.178,45.4245],[-83.19,45.447],[-83.2334,45.4946],[-83.2743,45.5647],[-83.33,45.6241],[-83.4091,45.6906],[-83.4063,45.7045],[-83.31,45.7484],[-83.3009,45.7604],[-83.3011,45.8022],[-83.2919,45.8162],[-83.25,45.8264],[-83.17,45.8258],[-83.1513,45.8301],[-83.1551,45.844],[-83.1856,45.8719],[-83.2569,45.9137],[-83.41,45.9511],[-83.43,45.9578],[-83.45,45.9734],[-83.456,45.9971],[-83.4354,46.0249],[-83.35,46.0628],[-83.2938,46.0804],[-83.2828,46.0943],[-83.298,46.122],[-83.325,46.1497],[-83.4224,46.2051],[-83.4539,46.2328],[-83.4573,46.2466],[-83.43,46.2619],[-83.33,46.271],[-83.25,46.2658],[-82.99,46.2801],[-82.95,46.2768],[-82.87,46.2597],[-82.83,46.2598],[-82.7881,46.2743],[-82.7656,46.302]],[[-82.69,46.2231],[-82.7041,46.219],[-82.7039,46.2051],[-82.6722,46.1913],[-82.63,46.1809],[-82.5449,46.1774],[-82.5401,46.1913],[-82.55,46.1992],[-82.6006,46.219],[-82.65,46.2296],[-82.69,46.2231]],[[-82.49,46.084],[-82.51,46.0802],[-82.5308,46.0665],[-82.5372,46.0388],[-82.5169,46.011],[-82.4353,45.9554],[-82.39,45.9421],[-82.33,45.9362],[-82.15,45.8854],[-82.11,45.8861],[-82.0965,45.8998],[-82.0785,45.9554],[-82.0773,45.9832],[-82.0877,45.9971],[-82.21,46.006],[-82.25,46.0184],[-82.39,46.0845],[-82.49,46.084]],[[-81.91,45.933],[-81.9178,45.9276],[-81.9178,45.9137],[-81.89,45.8925],[-81.85,45.8813],[-81.8097,45.8858],[-81.8024,45.8998],[-81.83,45.9296],[-81.87,45.9392],[-81.91,45.933]],[[-83.33,46.2219],[-83.3397,46.219],[-83.3456,46.2051],[-83.2792,46.1497],[-83.2247,46.0804],[-83.25,46.0603],[-83.3485,46.0388],[-83.3733,46.011],[-83.3698,45.9971],[-83.3147,45.9554],[-83.21,45.9137],[-83.1194,45.858],[-83.0838,45.8301],[-83.0638,45.8022],[-83.0635,45.7883],[-83.09,45.7835],[-83.19,45.806],[-83.2378,45.8022],[-83.2541,45.7883],[-83.256,45.7743],[-83.2468,45.6906],[-83.2562,45.6766],[-83.2928,45.6626],[-83.2972,45.6486],[-83.2754,45.6067],[-83.231,45.5647],[-83.2162,45.5227],[-83.1536,45.4245],[-83.1477,45.3964],[-83.1556,45.3402],[-83.1455,45.298],[-83.0702,45.1571],[-83.0735,45.143],[-83.0899,45.1289],[-83.1601,45.0866],[-83.177,45.0583],[-83.1817,45.03],[-83.1668,44.9735],[-83.1178,44.8885],[-83.05,44.8371],[-83.03,44.806],[-83.0243,44.7466],[-83.0397,44.6755],[-83.0515,44.6613],[-83.17,44.6372],[-83.33,44.5855],[-83.53,44.6057],[-83.57,44.5965],[-83.589,44.5759],[-83.5845,44.5617],[-83.57,44.5494],[-83.51,44.5249],[-83.4583,44.4904],[-83.39,44.4782],[-83.31,44.4324],[-83.23,44.4232],[-83.1704,44.3761],[-83.13,44.3586],[-83.09,44.3525],[-83.07,44.3578],[-83.05,44.3739],[-82.97,44.4618],[-82.89,44.5096],[-82.83,44.5673],[-82.75,44.6168],[-82.7046,44.6613],[-82.6873,44.6898],[-82.6876,44.7182],[-82.7023,44.7466],[-82.87,44.8424],[-82.9112,44.8743],[-82.9161,44.8885],[-82.89,44.897],[-82.81,44.8889],[-82.71,44.8981],[-82.5545,45.0018],[-82.49,45.0152],[-82.4723,45.03],[-82.4728,45.0583],[-82.49,45.0816],[-82.5213,45.1148],[-82.61,45.1773],[-82.6636,45.2417],[-82.6804,45.3121],[-82.7254,45.3964],[-82.7371,45.4525],[-82.73,45.4893],[-82.67,45.5436],[-82.6345,45.5927],[-82.61,45.6008],[-82.57,45.5939],[-82.49,45.549],[-82.45,45.5374],[-82.43,45.5423],[-82.4198,45.5647],[-82.4367,45.6067],[-82.53,45.7023],[-82.6247,45.7604],[-82.6748,45.8162],[-82.73,45.8583],[-82.8311,45.8998],[-82.874,45.9276],[-82.8847,45.9415],[-82.8772,45.9554],[-82.83,45.9714],[-82.8204,45.9832],[-82.81,46.0279],[-82.75,46.0367],[-82.7424,46.0527],[-82.7493,46.0665],[-82.7754,46.0665],[-82.81,46.0544],[-82.83,46.0562],[-82.93,46.1012],[-83.1429,46.1636],[-83.27,46.2228],[-83.33,46.2219]],[[-83.07,46.2494],[-83.0854,46.2466],[-83.1038,46.2328],[-83.0913,46.219],[-83.03,46.1879],[-82.99,46.179],[-82.85,46.1762],[-82.81,46.1844],[-82.7593,46.2051],[-82.7774,46.219],[-82.87,46.229],[-82.97,46.2557],[-83.07,46.2494]],[[-82.67,46.0992],[-82.6832,46.0943],[-82.6901,46.0804],[-82.65,46.0575],[-82.63,46.0511],[-82.61,46.0521],[-82.5906,46.0665],[-82.5958,46.0804],[-82.6177,46.0943],[-82.65,46.1014],[-82.67,46.0992]],[[-82.83,46.1369],[-82.85,46.1341],[-82.8547,46.122],[-82.83,46.1133],[-82.8097,46.1082],[-82.7838,46.122],[-82.8007,46.1359],[-82.83,46.1369]]]}},{"type":"Feature","properties":{"c":"#00fb90","v0":0.05,"v1":0.25},"geometry":{"type":"Polygon","coordinates":[[[-107.5741,46.2051],[-107.55,46.211],[-107.5442,46.2051],[-107.55,46.1991],[-107.57,46.197],[-107.5741,46.2051]]]}},{"type":"Feature","properties":{"c":"#00fb90","v0":0.05,"v1":0.25},"geometry":{"type":"Polygon","coordinates":[[[-88.1556,46.1913],[-88.15,46.1993],[-88.13,46.2003],[-88.11,46.1876],[-88.0937,46.1636],[-88.11,46.1514],[-88.13,46.1558],[-88.15,46.1716],[-88.1556,46.1913]]]}},{"type":"Feature","properties":{"c":"#00fb90","v0":0.05,"v1":0.25},"geometry":{"type":"Polygon","coordinates":[[[-89.7024,46.0804],[-89.67,46.0862],[-89.6344,46.0804],[-89.6067,46.0665],[-89.6029,46.0527],[-89.63,46.0429],[-89.67,46.0494],[-89.7041,46.0665],[-89.7024,46.0804]]]}},{"type":"Feature","properties":{"c":"#00fb90","v0":0.05,"v1":0.25},"geometry":{"type":"Polygon","coordinates":[[[-86.0203,45.3964],[-86.01,45.4081],[-85.9476,45.3964],[-85.9437,45.3542],[-85.9543,45.3402],[-85.99,45.3361],[-86.01,45.3436],[-86.0195,45.3542],[-86.0203,45.3964]]]}},{"type":"Feature","properties":{"c":"#00fb90","v0":0.05,"v1":0.25},"geometry":{"type":"Polygon","coordinates":[[[-108.5435,45.2558],[-108.51,45.2663],[-108.49,45.2638],[-108.4497,45.2558],[-108.4513,45.2417],[-108.51,45.2333],[-108.5353,45.2417],[-108.5435,45.2558]]]}},{"type":"Feature","properties":{"c":"#00fb90","v0":0.05,"v1":0.25},"geometry":{"type":"Polygon","coordinates":[[[-108.7141,45.2135],[-108.6872,45.2135],[-108.65,45.1921],[-108.61,45.1819],[-108.55,45.175],[-108.49,45.1771],[-108.47,45.1706],[-108.5057,45.1571],[-108.57,45.1468],[-108.65,45.1444],[-108.71,45.1345],[-108.77,45.1034],[-108.817,45.0442],[-108.87,45.0234],[-109.03,45.0047],[-109.07,45.007],[-109.0877,45.0159],[-109.0881,45.03],[-109.07,45.0501],[-108.9435,45.1148],[-108.9286,45.1289],[-108.9122,45.1712],[-108.8791,45.1994],[-108.85,45.2096],[-108.77,45.2064],[-108.7141,45.2135]],[[-108.85,45.1876],[-108.8725,45.1712],[-108.881,45.1148],[-108.8963,45.0866],[-108.8984,45.0724],[-108.89,45.0621],[-108.87,45.0592],[-108.8435,45.0724],[-108.8274,45.1007],[-108.7779,45.143],[-108.7776,45.1571],[-108.79,45.1745],[-108.81,45.186],[-108.85,45.1876]]]}},{"type":"Feature","properties":{"c":"#00fb90","v0":0.05,"v1":0.25},"geometry":{"type":"Polygon","coordinates":[[[-109.7082,45.1853],[-109.69,45.1952],[-109.6429,45.1571],[-109.5036,45.1148],[-109.4306,45.0866],[-109.4782,45.0442],[-109.4842,45.0159],[-109.4746,44.9876],[-109.4859,44.9735],[-109.55,44.9443],[-109.59,44.9428],[-109.61,44.9526],[-109.6291,44.9735],[-109.6332,45.0159],[-109.6635,45.0442],[-109.71,45.0607],[-109.81,45.0718],[-109.8562,45.1148],[-109.8624,45.1289],[-109.8477,45.143],[-109.8111,45.1571],[-109.7362,45.1712],[-109.7082,45.1853]]]}},{"type":"Feature","properties":{"c":"#00fb90","v0":0.05,"v1":0.25},"geometry":{"type":"Polygon","coordinates":[[[-108.0055,45.0724],[-107.95,45.0831],[-107.93,45.0842],[-107.91,45.0778],[-107.8929,45.0583],[-107.8903,45.03],[-107.91,45.0092],[-108.09,44.9364],[-108.13,44.9292],[-108.23,44.9287],[-108.33,44.9163],[-108.39,44.9289],[-108.41,44.9272],[-108.49,44.8813],[-108.53,44.8728],[-108.5758,44.8743],[-108.5753,44.8885],[-108.5022,44.931],[-108.4338,44.9593],[-108.39,44.9696],[-108.29,44.9807],[-108.19,45.0167],[-108.09,45.0383],[-108.0055,45.0724]]]}},{"type":"Feature","properties":{"c":"#00fb90","v0":0.05,"v1":0.25},"geometry":{"type":"Polygon","coordinates":[[[-108.9564,44.8034],[-108.91,44.8083],[-108.8893,44.8034],[-108.8789,44.7608],[-108.8633,44.7324],[-108.871,44.7182],[-109.01,44.5935],[-109.13,44.5774],[-109.15,44.5692],[-109.1865,44.4904],[-109.25,44.4455],[-109.29,44.4416],[-109.37,44.4716],[-109.41,44.4682],[-109.4371,44.4475],[-109.4494,44.419],[-109.4639,44.4047],[-109.59,44.3482],[-109.61,44.3509],[-109.69,44.383],[-109.73,44.3762],[-109.79,44.3529],[-109.8057,44.3618],[-109.83,44.4054],[-109.85,44.4106],[-109.91,44.4086],[-109.9288,44.4475],[-109.9276,44.4618],[-109.9051,44.4761],[-109.87,44.4829],[-109.79,44.4668],[-109.71,44.477],[-109.67,44.4974],[-109.6214,44.5617],[-109.6204,44.6186],[-109.5423,44.6613],[-109.51,44.7114],[-109.497,44.7182],[-109.47,44.7196],[-109.41,44.6817],[-109.33,44.6641],[-109.31,44.6676],[-109.2759,44.6898],[-109.21,44.7009],[-109.1002,44.7324],[-109.0433,44.7608],[-109.0094,44.7892],[-108.9564,44.8034]]]}},{"type":"Feature","properties":{"c":"#00fb90","v0":0.05,"v1":0.25},"geometry":{"type":"Polygon","coordinates":[[[-81.5305,44.6755],[-81.51,44.671],[-81.4002,44.6186],[-81.321,44.5617],[-81.3082,44.5474],[-81.3132,44.5331],[-81.37,44.5232],[-81.41,44.539],[-81.5193,44.6186],[-81.533,44.6471],[-81.5305,44.6755]]]}},{"type":"Feature","properties":{"c":"#00fb90","v0":0.05,"v1":0.25},"geometry":{"type":"Polygon","coordinates":[[[-86.2707,44.4904],[-86.25,44.4915],[-86.2017,44.4761],[-86.1881,44.4618],[-86.1789,44.419],[-86.19,44.4155],[-86.247,44.4475],[-86.2711,44.4761],[-86.2707,44.4904]]]}},{"type":"Feature","properties":{"c":"#00fb90","v0":0.05,"v1":0.25},"geometry":{"type":"Polygon","coordinates":[[[-81.2533,44.4904],[-81.23,44.4884],[-81.17,44.4583],[-81.11,44.4117],[-81.01,44.3534],[-80.9577,44.3046],[-80.9362,44.2759],[-80.9271,44.233],[-80.9048,44.1899],[-80.85,44.1469],[-80.8133,44.1038],[-80.83,44.0751],[-80.85,44.0778],[-80.93,44.1514],[-80.99,44.1784],[-81.0193,44.2186],[-81.0859,44.2759],[-81.1147,44.3475],[-81.2294,44.4333],[-81.2533,44.4904]]]}},{"type":"Feature","properties":{"c":"#00fb90","v0":0.05,"v1":0.25},"geometry":{"type":"Polygon","coordinates":[[[-110.4005,44.4475],[-110.3875,44.4475],[-110.3705,44.4333],[-110.41,44.3998],[-110.43,44.3972],[-110.4403,44.4047],[-110.4309,44.4333],[-110.4005,44.4475]]]}},{"type":"Feature","properties":{"c":"#00fb90","v0":0.05,"v1":0.25},"geometry":{"type":"Polygon","coordinates":[[[-111.576,44.3761],[-111.55,44.3805],[-111.5327,44.3761],[-111.5725,44.3475],[-111.65,44.337],[-111.6779,44.3475],[-111.67,44.3565],[-111.61,44.3641],[-111.576,44.3761]]]}},{"type":"Feature","properties":{"c":"#00fb90","v0":0.05,"v1":0.25},"geometry":{"type":"Polygon","coordinates":[[[-80.4156,44.3761],[-80.39,44.3733],[-80.3694,44.3618],[-80.3623,44.3475],[-80.37,44.3284],[-80.39,44.3256],[-80.41,44.331],[-80.4332,44.3475],[-80.4371,44.3618],[-80.4156,44.3761]]]}},{"type":"Feature","properties":{"c":"#00fb90","v0":0.05,"v1":0.25},"geometry":{"type":"Polygon","coordinates":[[[-110.9082,44.3475],[-110.87,44.3518],[-110.8288,44.3475],[-110.8076,44.3046],[-110.7536,44.2616],[-110.7812,44.2473],[-110.87,44.2333],[-110.93,44.2519],[-111.03,44.2504],[-111.0711,44.2616],[-111.0887,44.2759],[-110.99,44.3338],[-110.9082,44.3475]]]}},{"type":"Feature","properties":{"c":"#00fb90","v0":0.05,"v1":0.25},"geometry":{"type":"Polygon","coordinates":[[[-110.2549,44.2903],[-110.2201,44.2903],[-110.2154,44.2759],[-110.2587,44.233],[-110.41,44.1542],[-110.45,44.1431],[-110.473,44.1469],[-110.4689,44.1613],[-110.4307,44.1899],[-110.2937,44.2759],[-110.2549,44.2903]]]}},{"type":"Feature","properties":{"c":"#00fb90","v0":0.05,"v1":0.25},"geometry":{"type":"Polygon","coordinates":[[[-83.7962,44.2903],[-83.59,44.2995],[-83.49,44.2916],[-83.41,44.2987],[-83.23,44.2821],[-83.2052,44.2759],[-83.1935,44.2616],[-83.2883,44.1899],[-83.3628,44.1613],[-83.39,44.1164],[-83.45,44.0486],[-83.55,44.0711],[-83.61,44.091],[-83.71,44.1112],[-83.81,44.1603],[-83.89,44.1732],[-83.91,44.1825],[-83.9315,44.2186],[-83.9182,44.2473],[-83.89,44.2661],[-83.7962,44.2903]],[[-83.77,44.2627],[-83.7999,44.2473],[-83.8062,44.233],[-83.7898,44.2043],[-83.75,44.1762],[-83.55,44.1289],[-83.5047,44.1325],[-83.4656,44.1469],[-83.4577,44.1613],[-83.47,44.1809],[-83.5343,44.2043],[-83.5743,44.233],[-83.6064,44.2473],[-83.69,44.2645],[-83.77,44.2627]],[[-83.45,44.2477],[-83.4615,44.233],[-83.45,44.227],[-83.4184,44.233],[-83.4251,44.2473],[-83.45,44.2477]]]}},{"type":"Feature","properties":{"c":"#00fb90","v0":0.05,"v1":0.25},"geometry":{"type":"Polygon","coordinates":[[[-112.6539,44.2616],[-112.63,44.2675],[-112.6274,44.2473],[-112.6537,44.2473],[-112.6539,44.2616]]]}},{"type":"Feature","properties":{"c":"#00fb90","v0":0.05,"v1":0.25},"geometry":{"type":"Polygon","coordinates":[[[-103.8202,44.1469],[-103.79,44.1581],[-103.7582,44.1469],[-103.7579,44.1325],[-103.8043,44.1325],[-103.8202,44.1469]]]}},{"type":"Feature","properties":{"c":"#00fb90","v0":0.05,"v1":0.25},"geometry":{"type":"Polygon","coordinates":[[[-88.8519,44.0176],[-88.81,44.0291],[-88.79,44.0266],[-88.75,44.0094],[-88.7042,43.9744],[-88.7006,43.96],[-88.71,43.9352],[-88.77,43.9424],[-88.83,43.9601],[-88.8629,43.9888],[-88.8653,44.0032],[-88.8519,44.0176]]]}},{"type":"Feature","properties":{"c":"#00fb90","v0":0.05,"v1":0.25},"geometry":{"type":"Polygon","coordinates":[[[-110.1074,43.9744],[-110.03,43.984],[-109.87,43.9693],[-109.85,43.9615],[-109.8062,43.888],[-109.7983,43.8303],[-109.8143,43.8014],[-109.85,43.7808],[-109.93,43.7637],[-110.01,43.738],[-110.09,43.6817],[-110.21,43.6362],[-110.29,43.6379],[-110.41,43.669],[-110.45,43.6625],[-110.4786,43.6424],[-110.4872,43.628],[-110.4866,43.57],[-110.4902,43.5555],[-110.5067,43.541],[-110.53,43.5346],[-110.61,43.5307],[-110.65,43.5149],[-110.69,43.4884],[-110.7313,43.483],[-110.7512,43.4685],[-110.7359,43.454],[-110.71,43.4473],[-110.57,43.458],[-110.51,43.4535],[-110.49,43.4395],[-110.5091,43.3959],[-110.535,43.3813],[-110.67,43.3567],[-110.7799,43.3232],[-110.7853,43.3086],[-110.75,43.2924],[-110.7387,43.2795],[-110.7433,43.2649],[-110.91,43.2237],[-110.9528,43.2066],[-110.9642,43.1921],[-110.9587,43.1775],[-110.9363,43.1629],[-110.9295,43.1483],[-110.9336,43.1191],[-110.9175,43.0899],[-110.93,43.0759],[-110.9759,43.1191],[-111.03,43.1303],[-111.0553,43.1191],[-111.13,43.041],[-111.15,43.0482],[-111.19,43.082],[-111.23,43.0907],[-111.33,43.0568],[-111.3912,43.0022],[-111.4165,42.9583],[-111.43,42.9479],[-111.49,42.9521],[-111.55,42.9476],[-111.61,42.9398],[-111.67,42.9191],[-111.69,42.9208],[-111.7009,42.929],[-111.6976,42.9729],[-111.67,43.0053],[-111.65,43.0213],[-111.57,43.0615],[-111.39,43.196],[-111.37,43.201],[-111.33,43.1679],[-111.31,43.1671],[-111.2978,43.1775],[-111.3023,43.1921],[-111.3268,43.2066],[-111.3297,43.2212],[-111.31,43.2381],[-111.2555,43.2649],[-111.2647,43.3086],[-111.25,43.3263],[-111.2027,43.3522],[-111.1856,43.3813],[-111.1926,43.3959],[-111.23,43.419],[-111.2541,43.454],[-111.3185,43.512],[-111.3217,43.5265],[-111.29,43.5494],[-111.25,43.5932],[-111.23,43.5995],[-111.17,43.5814],[-111.13,43.5794],[-111.07,43.6026],[-111.0377,43.6424],[-111.0361,43.6569],[-111.05,43.6764],[-111.07,43.6865],[-111.13,43.693],[-111.1501,43.7003],[-111.1636,43.7148],[-111.1601,43.7292],[-111.1442,43.7437],[-111.11,43.7575],[-111.01,43.7672],[-110.9322,43.8303],[-110.89,43.8856],[-110.85,43.9055],[-110.83,43.9078],[-110.8134,43.9024],[-110.8067,43.8736],[-110.77,43.8452],[-110.7473,43.8159],[-110.7448,43.787],[-110.769,43.7292],[-110.7649,43.7003],[-110.75,43.677],[-110.73,43.6644],[-110.69,43.6647],[-110.61,43.6884],[-110.53,43.7465],[-110.35,43.8108],[-110.3239,43.8303],[-110.2958,43.8736],[-110.25,43.8929],[-110.1747,43.9456],[-110.1074,43.9744]],[[-111.01,43.3684],[-111.07,43.3544],[-111.0824,43.3377],[-111.07,43.3175],[-111.03,43.2987],[-110.99,43.3006],[-110.97,43.3104],[-110.9457,43.3377],[-110.9441,43.3522],[-110.9562,43.3668],[-111.01,43.3684]],[[-110.83,43.8163],[-110.85,43.8095],[-110.8772,43.787],[-110.8893,43.7726],[-110.8841,43.7581],[-110.85,43.7587],[-110.81,43.783],[-110.8036,43.8014],[-110.81,43.8106],[-110.83,43.8163]]]}},{"type":"Feature","properties":{"c":"#00fb90","v0":0.05,"v1":0.25},"geometry":{"type":"Polygon","coordinates":[[[-104.7398,43.9744],[-104.61,43.9675],[-104.53,43.9566],[-104.4152,43.9312],[-104.4121,43.9168],[-104.47,43.9021],[-104.57,43.9227],[-104.65,43.923],[-104.71,43.9329],[-104.7403,43.9456],[-104.7556,43.96],[-104.7398,43.9744]]]}},{"type":"Feature","properties":{"c":"#00fb90","v0":0.05,"v1":0.25},"geometry":{"type":"Polygon","coordinates":[[[-80.659,43.9456],[-80.65,43.9525],[-80.61,43.9435],[-80.551,43.9168],[-80.5263,43.888],[-80.53,43.8636],[-80.55,43.8569],[-80.57,43.8587],[-80.6194,43.8736],[-80.6485,43.9024],[-80.659,43.9456]]]}},{"type":"Feature","properties":{"c":"#00fb90","v0":0.05,"v1":0.25},"geometry":{"type":"Polygon","coordinates":[[[-104.3278,43.9312],[-104.29,43.9442],[-104.27,43.944],[-104.2263,43.9312],[-104.15,43.8951],[-104.0315,43.8736],[-103.9338,43.8303],[-103.87,43.8118],[-103.55,43.7631],[-103.53,43.7556],[-103.49,43.7256],[-103.4256,43.7003],[-103.35,43.6609],[-103.17,43.6345],[-103.09,43.5909],[-102.93,43.5569],[-102.85,43.5637],[-102.79,43.5574],[-102.75,43.5468],[-102.6769,43.4975],[-102.39,43.3689],[-102.29,43.3066],[-102.162,43.2504],[-102.1382,43.2358],[-102.1131,43.1775],[-102.09,43.1564],[-101.99,43.1103],[-101.83,43.0498],[-101.6824,43.0022],[-101.79,42.9502],[-101.81,42.9482],[-102.01,42.9936],[-102.13,43.0127],[-102.23,43.0517],[-102.33,43.0656],[-102.47,43.1031],[-102.55,43.1457],[-102.6806,43.1921],[-102.77,43.2386],[-103.09,43.349],[-103.1736,43.3959],[-103.15,43.4047],[-103.0844,43.4104],[-103.0601,43.4249],[-103.0892,43.4395],[-103.2052,43.4685],[-103.2411,43.4975],[-103.29,43.518],[-103.3156,43.541],[-103.344,43.5555],[-103.47,43.5831],[-103.55,43.5929],[-103.63,43.594],[-103.73,43.6153],[-103.97,43.6797],[-104.11,43.7446],[-104.19,43.771],[-104.24,43.8014],[-104.2445,43.8159],[-104.21,43.8311],[-104.13,43.8194],[-104.11,43.8213],[-104.0945,43.8303],[-104.1048,43.8447],[-104.15,43.856],[-104.21,43.8536],[-104.2343,43.8736],[-104.3298,43.9168],[-104.3278,43.9312]],[[-103.81,43.7609],[-103.8115,43.7437],[-103.79,43.7255],[-103.67,43.6741],[-103.63,43.675],[-103.6027,43.6858],[-103.5889,43.7003],[-103.5966,43.7148],[-103.6168,43.7292],[-103.6848,43.7581],[-103.77,43.7711],[-103.79,43.77],[-103.81,43.7609]],[[-102.99,43.3817],[-102.9947,43.3668],[-102.95,43.3581],[-102.904,43.3668],[-102.9014,43.3813],[-102.95,43.3902],[-102.99,43.3817]],[[-102.63,43.3511],[-102.6418,43.3377],[-102.6339,43.3232],[-102.5995,43.2795],[-102.57,43.2577],[-102.47,43.2193],[-102.4244,43.2212],[-102.4017,43.2358],[-102.4099,43.2649],[-102.4537,43.294],[-102.55,43.3369],[-102.63,43.3511]]]}},{"type":"Feature","properties":{"c":"#00fb90","v0":0.05,"v1":0.25},"geometry":{"type":"Polygon","coordinates":[[[-62.1604,43.9168],[-62.13,43.922],[-62.11,43.9185],[-62.102,43.9024],[-62.11,43.8607],[-62.1406,43.787],[-62.1637,43.6858],[-62.23,43.5317],[-62.25,43.5054],[-62.27,43.4951],[-62.29,43.4964],[-62.3316,43.512],[-62.3511,43.5265],[-62.3141,43.599],[-62.3059,43.6858],[-62.2666,43.7726],[-62.23,43.8321],[-62.19,43.8947],[-62.1604,43.9168]]]}},{"type":"Feature","properties":{"c":"#00fb90","v0":0.05,"v1":0.25},"geometry":{"type":"Polygon","coordinates":[[[-89.0863,43.9024],[-89.01,43.9067],[-88.95,43.8796],[-88.908,43.8303],[-88.8035,43.6714],[-88.7931,43.5845],[-88.7539,43.5265],[-88.7427,43.4975],[-88.75,43.4708],[-88.7732,43.4395],[-88.7712,43.4249],[-88.7323,43.3668],[-88.7236,43.3377],[-88.73,43.3203],[-88.7593,43.294],[-88.7531,43.2795],[-88.715,43.2504],[-88.7006,43.2212],[-88.6976,43.1337],[-88.6778,43.0314],[-88.69,43.0061],[-88.71,42.9958],[-88.73,42.9917],[-88.77,42.995],[-88.79,43.003],[-88.8485,43.0461],[-88.876,43.0899],[-88.8835,43.1337],[-88.8985,43.1629],[-88.9723,43.2212],[-88.9731,43.2358],[-88.9516,43.2504],[-88.83,43.2726],[-88.811,43.2795],[-88.8007,43.294],[-88.83,43.3163],[-88.9099,43.3522],[-88.9124,43.3668],[-88.87,43.3893],[-88.8408,43.4249],[-88.8491,43.454],[-88.9033,43.512],[-88.9028,43.5265],[-88.8847,43.5555],[-88.8916,43.57],[-89.0631,43.6714],[-89.1539,43.787],[-89.1579,43.8159],[-89.1508,43.8592],[-89.1203,43.888],[-89.0863,43.9024]],[[-89.01,43.8471],[-89.0132,43.8303],[-89.0,43.8159],[-88.99,43.8093],[-88.97,43.8131],[-88.9715,43.8303],[-88.9864,43.8447],[-89.01,43.8471]],[[-88.79,43.0757],[-88.7908,43.0607],[-88.7712,43.0461],[-88.75,43.041],[-88.7339,43.0461],[-88.7309,43.0607],[-88.75,43.0789],[-88.77,43.0821],[-88.79,43.0757]],[[-88.99,43.7486],[-89.01,43.7369],[-89.0142,43.7148],[-88.983,43.6714],[-88.93,43.6342],[-88.89,43.6258],[-88.87,43.6301],[-88.8527,43.6569],[-88.8748,43.7003],[-88.93,43.7413],[-88.97,43.7505],[-88.99,43.7486]]]}},{"type":"Feature","properties":{"c":"#00fb90","v0":0.05,"v1":0.25},"geometry":{"type":"Polygon","coordinates":[[[-88.6989,43.9024],[-88.69,43.9139],[-88.67,43.9098],[-88.5964,43.8592],[-88.575,43.8303],[-88.5753,43.8159],[-88.59,43.8049],[-88.63,43.8081],[-88.69,43.8347],[-88.7084,43.8592],[-88.6989,43.9024]]]}},{"type":"Feature","properties":{"c":"#00fb90","v0":0.05,"v1":0.25},"geometry":{"type":"Polygon","coordinates":[[[-81.9974,43.8014],[-81.97,43.7978],[-81.9584,43.787],[-81.9599,43.7726],[-81.97,43.7634],[-81.99,43.7678],[-82.007,43.787],[-81.9974,43.8014]]]}},{"type":"Feature","properties":{"c":"#00fb90","v0":0.05,"v1":0.25},"geometry":{"type":"Polygon","coordinates":[[[-111.4047,43.7581],[-111.37,43.7677],[-111.3435,43.7148],[-111.2899,43.6714],[-111.2833,43.6424],[-111.29,43.6218],[-111.3091,43.6135],[-111.35,43.6118],[-111.41,43.5969],[-111.43,43.5982],[-111.45,43.6082],[-111.49,43.6466],[-111.5376,43.6569],[-111.5342,43.6714],[-111.4457,43.7148],[-111.4047,43.7581]]]}},{"type":"Feature","properties":{"c":"#00fb90","v0":0.05,"v1":0.25},"geometry":{"type":"Polygon","coordinates":[[[-82.3588,43.7003],[-82.33,43.7014],[-82.29,43.6744],[-82.2542,43.628],[-82.23,43.6093],[-82.2165,43.5845],[-82.15,43.5192],[-82.1388,43.483],[-82.11,43.4327],[-82.07,43.4089],[-82.01,43.3588],[-81.95,43.2711],[-81.87,43.211],[-81.7554,43.0753],[-81.69,43.0241],[-81.65,42.9742],[-81.61,42.938],[-81.5565,42.8264],[-81.5572,42.8117],[-81.5811,42.7677],[-81.5773,42.6942],[-81.59,42.6612],[-81.61,42.6671],[-81.6741,42.753],[-81.7038,42.7824],[-81.7972,42.8557],[-81.8702,42.8851],[-81.9658,42.9729],[-81.9444,43.0168],[-81.9516,43.0461],[-82.07,43.2029],[-82.1168,43.2504],[-82.1497,43.3377],[-82.1984,43.4104],[-82.2339,43.454],[-82.2864,43.4975],[-82.3169,43.541],[-82.3316,43.57],[-82.33,43.6045],[-82.29,43.5874],[-82.2743,43.599],[-82.2811,43.6135],[-82.31,43.6233],[-82.33,43.6417],[-82.3588,43.7003]]]}},{"type":"Feature","properties":{"c":"#00fb90","v0":0.05,"v1":0.25},"geometry":{"type":"Polygon","coordinates":[[[-112.2702,43.6714],[-112.23,43.6721],[-112.2157,43.6569],[-112.2569,43.599],[-112.2762,43.5555],[-112.3035,43.541],[-112.37,43.5299],[-112.43,43.501],[-112.45,43.5052],[-112.462,43.5265],[-112.4561,43.5555],[-112.39,43.5952],[-112.3101,43.6569],[-112.2702,43.6714]]]}},{"type":"Feature","properties":{"c":"#00fb90","v0":0.05,"v1":0.25},"geometry":{"type":"Polygon","coordinates":[[[-81.8916,43.6714],[-81.89,43.678],[-81.87,43.6759],[-81.85,43.6637],[-81.81,43.6289],[-81.7935,43.599],[-81.81,43.5908],[-81.85,43.6001],[-81.87,43.6245],[-81.8916,43.6714]]]}},{"type":"Feature","properties":{"c":"#00fb90","v0":0.05,"v1":0.25},"geometry":{"type":"Polygon","coordinates":[[[-112.0355,43.6424],[-111.93,43.643],[-111.9164,43.628],[-111.93,43.6032],[-111.95,43.5866],[-112.01,43.5566],[-112.05,43.5591],[-112.0776,43.57],[-112.0869,43.5845],[-112.07,43.6187],[-112.0355,43.6424]]]}},{"type":"Feature","properties":{"c":"#00fb90","v0":0.05,"v1":0.25},"geometry":{"type":"Polygon","coordinates":[[[-111.6538,43.599],[-111.6213,43.599],[-111.59,43.5781],[-111.5774,43.5555],[-111.5916,43.5265],[-111.6185,43.512],[-111.67,43.4964],[-111.75,43.4922],[-111.7763,43.454],[-111.81,43.4295],[-111.85,43.4292],[-111.8673,43.4395],[-111.8802,43.454],[-111.8861,43.483],[-111.8757,43.512],[-111.8614,43.5265],[-111.81,43.5516],[-111.73,43.5598],[-111.6538,43.599]],[[-111.83,43.5186],[-111.85,43.5094],[-111.8644,43.483],[-111.8525,43.454],[-111.83,43.447],[-111.81,43.4542],[-111.7949,43.483],[-111.8036,43.512],[-111.83,43.5186]]]}},{"type":"Feature","properties":{"c":"#00fb90","v0":0.05,"v1":0.25},"geometry":{"type":"Polygon","coordinates":[[[-89.1111,43.5265],[-89.09,43.5307],[-89.05,43.5264],[-88.9934,43.4975],[-88.9756,43.4685],[-88.9495,43.3668],[-88.99,43.3659],[-89.01,43.3726],[-89.0736,43.4104],[-89.0946,43.454],[-89.1423,43.4975],[-89.1379,43.512],[-89.1111,43.5265]]]}},{"type":"Feature","properties":{"c":"#00fb90","v0":0.05,"v1":0.25},"geometry":{"type":"Polygon","coordinates":[[[-103.2962,43.4395],[-103.29,43.4445],[-103.2581,43.4395],[-103.21,43.4255],[-103.1805,43.4104],[-103.21,43.406],[-103.2584,43.4104],[-103.2849,43.4249],[-103.2962,43.4395]]]}},{"type":"Feature","properties":{"c":"#00fb90","v0":0.05,"v1":0.25},"geometry":{"type":"Polygon","coordinates":[[[-109.7339,43.2795],[-109.71,43.2914],[-109.69,43.2934],[-109.59,43.2743],[-109.51,43.2703],[-109.4905,43.2504],[-109.498,43.2212],[-109.5429,43.1483],[-109.55,43.0731],[-109.5624,43.0461],[-109.5843,43.0314],[-109.67,43.0017],[-109.71,43.0028],[-109.77,43.0351],[-109.81,43.0892],[-109.8292,43.1337],[-109.8205,43.1629],[-109.757,43.2212],[-109.7461,43.2649],[-109.7339,43.2795]],[[-109.65,43.2091],[-109.6804,43.1921],[-109.702,43.1483],[-109.6988,43.1191],[-109.67,43.1001],[-109.63,43.1048],[-109.61,43.1169],[-109.5867,43.1629],[-109.6015,43.1921],[-109.63,43.207],[-109.65,43.2091]]]}},{"type":"Feature","properties":{"c":"#00fb90","v0":0.05,"v1":0.25},"geometry":{"type":"Polygon","coordinates":[[[-82.2428,43.2795],[-82.23,43.2877],[-82.1439,43.2358],[-82.1092,43.1337],[-82.05,43.0622],[-82.03,43.0109],[-82.0023,42.9729],[-82.0182,42.9436],[-82.0183,42.929],[-81.97,42.8017],[-81.9403,42.6648],[-81.9214,42.6354],[-81.87,42.5932],[-81.861,42.5765],[-81.8783,42.4881],[-81.8636,42.4438],[-81.87,42.4307],[-81.89,42.4454],[-81.9382,42.5323],[-81.9331,42.5912],[-81.9458,42.6354],[-81.957,42.6501],[-82.01,42.688],[-82.0823,42.7677],[-82.1482,42.8851],[-82.23,42.9931],[-82.2755,43.0753],[-82.2835,43.1191],[-82.2428,43.2795]]]}},{"type":"Feature","properties":{"c":"#00fb90","v0":0.05,"v1":0.25},"geometry":{"type":"Polygon","coordinates":[[[-88.8296,42.8557],[-88.81,42.8626],[-88.77,42.8561],[-88.7395,42.8264],[-88.7421,42.8117],[-88.77,42.8026],[-88.81,42.8101],[-88.8317,42.8264],[-88.8362,42.8411],[-88.8296,42.8557]]]}},{"type":"Feature","properties":{"c":"#00fb90","v0":0.05,"v1":0.25},"geometry":{"type":"Polygon","coordinates":[[[-88.6937,42.6354],[-88.6568,42.6354],[-88.6398,42.6207],[-88.6238,42.5765],[-88.59,42.5202],[-88.5824,42.4733],[-88.61,42.3465],[-88.65,42.2992],[-88.69,42.2782],[-88.71,42.2798],[-88.73,42.2919],[-88.83,42.3965],[-88.893,42.4438],[-88.9066,42.4733],[-88.8381,42.5176],[-88.8132,42.5765],[-88.6937,42.6354]]]}},{"type":"Feature","properties":{"c":"#00fb90","v0":0.05,"v1":0.25},"geometry":{"type":"Polygon","coordinates":[[[-91.4919,42.606],[-91.47,42.6177],[-91.43,42.6178],[-91.21,42.5351],[-91.13,42.5348],[-91.0187,42.5028],[-91.0138,42.4881],[-91.0592,42.4586],[-91.0633,42.4438],[-91.0545,42.4291],[-91.0288,42.4143],[-90.95,42.391],[-90.91,42.372],[-90.878,42.3404],[-90.8825,42.3256],[-90.91,42.3242],[-91.01,42.3491],[-91.11,42.3565],[-91.1633,42.37],[-91.2993,42.4586],[-91.47,42.5394],[-91.5004,42.5765],[-91.4919,42.606]]]}},{"type":"Feature","properties":{"c":"#00fb90","v0":0.05,"v1":0.25},"geometry":{"type":"Polygon","coordinates":[[[-81.5371,42.5912],[-81.5246,42.5912],[-81.5014,42.5765],[-81.485,42.5323],[-81.49,42.502],[-81.51,42.5041],[-81.5486,42.5471],[-81.55,42.5791],[-81.5371,42.5912]]]}},{"type":"Feature","properties":{"c":"#00fb90","v0":0.05,"v1":0.25},"geometry":{"type":"Polygon","coordinates":[[[-112.3284,42.37],[-112.31,42.3786],[-112.29,42.3791],[-112.2877,42.3552],[-112.33,42.3027],[-112.35,42.2915],[-112.37,42.289],[-112.3776,42.296],[-112.3726,42.3108],[-112.35,42.3494],[-112.3284,42.37]]]}},{"type":"Feature","properties":{"c":"#00fb90","v0":0.05,"v1":0.25},"geometry":{"type":"Polygon","coordinates":[[[-81.4173,42.3404],[-81.41,42.3429],[-81.39,42.3297],[-81.37,42.3079],[-81.3328,42.2072],[-81.2669,42.1479],[-81.2571,42.1183],[-81.27,42.0925],[-81.29,42.092],[-81.31,42.1014],[-81.3505,42.1628],[-81.41,42.2062],[-81.4212,42.222],[-81.4391,42.2812],[-81.43,42.3315],[-81.4173,42.3404]]]}},{"type":"Feature","properties":{"c":"#00fb90","v0":0.05,"v1":0.25},"geometry":{"type":"Polygon","coordinates":[[[-110.9322,42.296],[-110.91,42.3041],[-110.87,42.306],[-110.8537,42.296],[-110.8567,42.2812],[-110.9146,42.222],[-110.9697,42.1331],[-110.97,42.1115],[-110.89,42.118],[-110.87,42.1238],[-110.81,42.1671],[-110.79,42.1686],[-110.7858,42.1628],[-110.79,42.1459],[-110.8228,42.1034],[-110.8479,42.044],[-110.8843,42.0143],[-110.893,41.9995],[-110.89,41.9082],[-110.9822,41.8357],[-111.141,41.7313],[-111.1747,41.6865],[-111.287,41.5969],[-111.306,41.5669],[-111.3138,41.537],[-111.3155,41.4621],[-111.3268,41.4321],[-111.4339,41.312],[-111.4552,41.297],[-111.49,41.2934],[-111.51,41.3103],[-111.5161,41.327],[-111.4911,41.4771],[-111.5039,41.537],[-111.4418,41.5819],[-111.4286,41.6118],[-111.4258,41.6567],[-111.4141,41.6865],[-111.3448,41.7761],[-111.3024,41.8655],[-111.2904,41.9102],[-111.2153,41.9995],[-111.1505,42.1034],[-111.0424,42.1776],[-111.0092,42.2368],[-110.9322,42.296]]]}},{"type":"Feature","properties":{"c":"#00fb90","v0":0.05,"v1":0.25},"geometry":{"type":"Polygon","coordinates":[[[-90.7789,42.2812],[-90.77,42.2908],[-90.75,42.2923],[-90.63,42.2558],[-90.47,42.244],[-90.37,42.1988],[-90.19,42.1695],[-90.07,42.1326],[-89.93,42.1142],[-89.8816,42.0886],[-89.8719,42.0737],[-89.8783,42.0589],[-89.93,42.0349],[-90.01,42.0264],[-90.0346,42.0143],[-90.039,41.9995],[-90.0331,41.9846],[-90.0037,41.94],[-90.01,41.8986],[-90.03,41.8989],[-90.09,41.918],[-90.17,41.9268],[-90.25,41.9673],[-90.3371,41.9995],[-90.3931,42.0589],[-90.45,42.0791],[-90.5441,42.1331],[-90.6861,42.1924],[-90.75,42.2386],[-90.7789,42.2812]],[[-90.59,42.2013],[-90.593,42.1924],[-90.5424,42.1628],[-90.4435,42.1183],[-90.35,42.0906],[-90.29,42.0359],[-90.25,42.028],[-90.23,42.0417],[-90.2106,42.1034],[-90.2123,42.1183],[-90.2334,42.1331],[-90.29,42.1497],[-90.39,42.1517],[-90.4893,42.1924],[-90.57,42.2047],[-90.59,42.2013]]]}},{"type":"Feature","properties":{"c":"#00fb90","v0":0.05,"v1":0.25},"geometry":{"type":"Polygon","coordinates":[[[-96.6034,42.2664],[-96.57,42.276],[-96.55,42.2753],[-96.4972,42.2516],[-96.4749,42.222],[-96.4796,42.1776],[-96.49,42.1623],[-96.5311,42.1331],[-96.59,42.1069],[-96.65,42.0919],[-96.69,42.0749],[-96.73,42.0719],[-96.81,42.0953],[-96.89,42.127],[-96.9329,42.1628],[-96.9307,42.1776],[-96.91,42.1892],[-96.83,42.1988],[-96.77,42.2251],[-96.73,42.2215],[-96.67,42.1935],[-96.63,42.1871],[-96.6148,42.1924],[-96.61,42.203],[-96.6175,42.2516],[-96.6034,42.2664]],[[-96.77,42.1957],[-96.8095,42.1479],[-96.7975,42.1331],[-96.77,42.125],[-96.75,42.1295],[-96.73,42.1462],[-96.7178,42.1628],[-96.7175,42.1776],[-96.73,42.193],[-96.75,42.1989],[-96.77,42.1957]]]}},{"type":"Feature","properties":{"c":"#00fb90","v0":0.05,"v1":0.25},"geometry":{"type":"Polygon","coordinates":[[[-96.4999,42.0737],[-96.49,42.0801],[-96.45,42.0823],[-96.39,42.0613],[-96.3564,42.0292],[-96.3355,41.9846],[-96.35,41.9744],[-96.37,41.9736],[-96.47,41.9982],[-96.49,41.9944],[-96.51,41.9548],[-96.53,41.9479],[-96.61,41.9577],[-96.6266,41.9697],[-96.6127,41.9995],[-96.59,42.0168],[-96.5285,42.0292],[-96.4999,42.0737]],[[-96.45,42.0593],[-96.4718,42.044],[-96.4582,42.0292],[-96.43,42.0218],[-96.41,42.0282],[-96.4143,42.044],[-96.45,42.0593]]]}},{"type":"Feature","properties":{"c":"#00fb90","v0":0.05,"v1":0.25},"geometry":{"type":"Polygon","coordinates":[[[-96.7365,41.9995],[-96.73,42.0041],[-96.71,42.0009],[-96.7008,41.9846],[-96.73,41.9836],[-96.7365,41.9995]]]}},{"type":"Feature","properties":{"c":"#00fb90","v0":0.05,"v1":0.25},"geometry":{"type":"Polygon","coordinates":[[[-79.891,41.9251],[-79.87,41.8979],[-79.87,41.8785],[-79.89,41.889],[-79.891,41.9251]]]}},{"type":"Feature","properties":{"c":"#00fb90","v0":0.05,"v1":0.25},"geometry":{"type":"Polygon","coordinates":[[[-93.1203,41.8804],[-92.99,41.8881],[-92.87,41.8583],[-92.85,41.8626],[-92.81,41.8851],[-92.79,41.8854],[-92.77,41.8802],[-92.693,41.8357],[-92.6733,41.8059],[-92.69,41.7934],[-92.73,41.79],[-92.7485,41.7761],[-92.76,41.7164],[-92.79,41.6858],[-92.83,41.6762],[-92.91,41.6787],[-92.99,41.7145],[-93.0571,41.7612],[-93.11,41.7856],[-93.1548,41.8208],[-93.1658,41.8506],[-93.15,41.87],[-93.1203,41.8804]],[[-93.05,41.8513],[-93.0854,41.8357],[-93.03,41.8136],[-92.95,41.742],[-92.89,41.7343],[-92.8528,41.7463],[-92.845,41.7612],[-92.85,41.7814],[-92.91,41.8081],[-92.943,41.8357],[-92.99,41.8513],[-93.05,41.8513]]]}},{"type":"Feature","properties":{"c":"#00fb90","v0":0.05,"v1":0.25},"geometry":{"type":"Polygon","coordinates":[[[-89.9261,41.8804],[-89.87,41.8855],[-89.81,41.8626],[-89.7663,41.8357],[-89.7551,41.8059],[-89.7712,41.791],[-89.81,41.7826],[-89.87,41.7923],[-89.91,41.8142],[-89.9482,41.8506],[-89.9547,41.8655],[-89.9261,41.8804]]]}},{"type":"Feature","properties":{"c":"#00fb90","v0":0.05,"v1":0.25},"geometry":{"type":"Polygon","coordinates":[[[-96.9714,41.7313],[-96.95,41.7395],[-96.9395,41.7313],[-96.95,41.6915],[-96.97,41.6846],[-96.9917,41.7015],[-96.9902,41.7164],[-96.9714,41.7313]]]}},{"type":"Feature","properties":{"c":"#00fb90","v0":0.05,"v1":0.25},"geometry":{"type":"Polygon","coordinates":[[[-90.1243,41.7015],[-90.09,41.702],[-90.01,41.6817],[-89.9942,41.6567],[-89.9927,41.6268],[-90.01,41.5669],[-90.03,41.5531],[-90.09,41.5334],[-90.1057,41.507],[-90.1159,41.4621],[-90.13,41.4496],[-90.15,41.4492],[-90.19,41.4698],[-90.2222,41.507],[-90.2559,41.5669],[-90.2635,41.6268],[-90.25,41.6468],[-90.17,41.6689],[-90.1243,41.7015]]]}},{"type":"Feature","properties":{"c":"#00fb90","v0":0.05,"v1":0.25},"geometry":{"type":"Polygon","coordinates":[[[-102.4108,41.6865],[-102.37,41.6888],[-102.29,41.6737],[-102.2381,41.6417],[-102.35,41.6376],[-102.41,41.6448],[-102.4414,41.6567],[-102.4406,41.6716],[-102.4108,41.6865]]]}},{"type":"Feature","properties":{"c":"#00fb90","v0":0.05,"v1":0.25},"geometry":{"type":"Polygon","coordinates":[[[-91.5835,41.6865],[-91.55,41.6886],[-91.49,41.6791],[-91.43,41.6826],[-91.4102,41.6716],[-91.3838,41.5969],[-91.4015,41.5819],[-91.43,41.5719],[-91.53,41.5815],[-91.59,41.5601],[-91.73,41.6114],[-91.7959,41.6268],[-91.8271,41.6417],[-91.8154,41.6567],[-91.73,41.6812],[-91.5835,41.6865]]]}},{"type":"Feature","properties":{"c":"#00fb90","v0":0.05,"v1":0.25},"geometry":{"type":"Polygon","coordinates":[[[-92.4787,41.6417],[-92.45,41.6562],[-92.43,41.6536],[-92.39,41.6306],[-92.3387,41.5819],[-92.3366,41.5669],[-92.35,41.547],[-92.37,41.5351],[-92.41,41.5333],[-92.5325,41.5669],[-92.5469,41.5819],[-92.5445,41.5969],[-92.4787,41.6417]]]}},{"type":"Feature","properties":{"c":"#00fb90","v0":0.05,"v1":0.25},"geometry":{"type":"Polygon","coordinates":[[[-102.2317,41.6268],[-102.23,41.6327],[-102.21,41.6368],[-102.11,41.6396],[-101.99,41.6156],[-101.94,41.5969],[-101.9211,41.5819],[-101.9113,41.5669],[-101.9143,41.552],[-101.9474,41.537],[-101.97,41.5342],[-102.1123,41.552],[-102.2079,41.5819],[-102.2317,41.6268]]]}},{"type":"Feature","properties":{"c":"#00fb90","v0":0.05,"v1":0.25},"geometry":{"type":"Polygon","coordinates":[[[-93.3989,41.5969],[-93.37,41.6043],[-93.33,41.604],[-93.25,41.5836],[-93.19,41.5968],[-93.01,41.6039],[-92.965,41.5819],[-92.9004,41.507],[-92.87,41.4864],[-92.85,41.4825],[-92.79,41.5038],[-92.77,41.5044],[-92.7371,41.4921],[-92.6358,41.4321],[-92.6245,41.4171],[-92.63,41.4128],[-92.71,41.4186],[-92.7293,41.4021],[-92.6936,41.312],[-92.655,41.2669],[-92.6624,41.2519],[-92.6931,41.2369],[-92.707,41.2218],[-92.7031,41.2068],[-92.69,41.1981],[-92.63,41.182],[-92.55,41.1368],[-92.49,41.1472],[-92.45,41.1337],[-92.41,41.1105],[-92.3816,41.0863],[-92.3622,41.0561],[-92.3643,41.026],[-92.3833,40.9958],[-92.3799,40.9807],[-92.3523,40.9656],[-92.25,40.9366],[-92.2148,40.9202],[-92.1651,40.8749],[-92.1533,40.8295],[-92.1046,40.7992],[-91.93,40.7221],[-91.89,40.7118],[-91.87,40.7106],[-91.8531,40.7235],[-91.83,40.7644],[-91.81,40.772],[-91.75,40.7651],[-91.69,40.7376],[-91.67,40.7233],[-91.6528,40.6931],[-91.6407,40.6173],[-91.65,40.594],[-91.6762,40.5717],[-91.7052,40.5261],[-91.73,40.5134],[-91.81,40.5174],[-91.89,40.5027],[-91.99,40.5136],[-92.03,40.4949],[-92.0635,40.4957],[-92.08,40.5109],[-92.0669,40.5717],[-92.0866,40.6021],[-92.13,40.6259],[-92.17,40.6338],[-92.1973,40.6325],[-92.25,40.6166],[-92.31,40.614],[-92.35,40.6642],[-92.3855,40.7386],[-92.43,40.8028],[-92.51,40.8842],[-92.59,40.9266],[-92.63,40.9277],[-92.69,40.9068],[-92.75,40.9013],[-92.7734,40.89],[-92.7819,40.8749],[-92.7572,40.7841],[-92.7102,40.6931],[-92.7138,40.6628],[-92.73,40.6474],[-92.75,40.6424],[-92.79,40.6523],[-92.9062,40.7235],[-92.9595,40.7841],[-92.9906,40.8446],[-93.03,40.8788],[-93.09,40.9138],[-93.17,40.9467],[-93.25,40.9553],[-93.2612,40.9505],[-93.29,40.9113],[-93.31,40.9084],[-93.461,40.9656],[-93.4655,40.9807],[-93.43,41.0225],[-93.33,41.0331],[-93.31,41.0419],[-93.29,41.073],[-93.27,41.0745],[-93.17,41.0554],[-93.1648,41.0712],[-93.21,41.1043],[-93.25,41.1584],[-93.27,41.174],[-93.33,41.2107],[-93.39,41.2343],[-93.4018,41.2519],[-93.4048,41.282],[-93.4227,41.327],[-93.41,41.3423],[-93.3046,41.327],[-93.2944,41.3421],[-93.3151,41.4021],[-93.31,41.4163],[-93.2588,41.4321],[-93.2465,41.4471],[-93.29,41.4824],[-93.35,41.5027],[-93.39,41.5035],[-93.43,41.4817],[-93.45,41.4797],[-93.53,41.55],[-93.5174,41.5669],[-93.45,41.5778],[-93.3989,41.5969]],[[-93.15,41.3581],[-93.21,41.3481],[-93.2177,41.327],[-93.21,41.3115],[-92.9362,41.1917],[-92.87,41.1448],[-92.85,41.1404],[-92.8377,41.1466],[-92.845,41.1767],[-92.97,41.3187],[-93.03,41.3493],[-93.15,41.3581]],[[-92.71,41.1071],[-92.77,41.0766],[-92.8469,41.0561],[-92.8427,41.041],[-92.8235,41.026],[-92.75,40.9819],[-92.63,40.9696],[-92.57,40.9529],[-92.5276,40.9656],[-92.4998,40.9958],[-92.4965,41.0109],[-92.51,41.0527],[-92.53,41.0763],[-92.61,41.0834],[-92.69,41.1066],[-92.71,41.1071]],[[-92.41,40.9367],[-92.43,40.9308],[-92.4486,40.9051],[-92.4428,40.8598],[-92.31,40.6765],[-92.29,40.6688],[-92.17,40.6683],[-92.11,40.656],[-91.99,40.5706],[-91.91,40.5359],[-91.89,40.5357],[-91.85,40.5517],[-91.77,40.5486],[-91.7508,40.5565],[-91.7565,40.5717],[-91.774,40.5869],[-91.9233,40.6931],[-92.01,40.7381],[-92.13,40.7843],[-92.1792,40.8144],[-92.2175,40.8446],[-92.2505,40.9051],[-92.33,40.9289],[-92.41,40.9367]],[[-93.21,41.2596],[-93.2229,41.2519],[-93.2149,41.2369],[-93.1945,41.2218],[-93.15,41.2055],[-93.1203,41.2068],[-93.1196,41.2218],[-93.15,41.2467],[-93.17,41.2554],[-93.21,41.2596]],[[-92.97,41.0264],[-93.0805,40.9807],[-93.0842,40.9656],[-93.0762,40.9505],[-92.97,40.8669],[-92.9253,40.7841],[-92.8844,40.7386],[-92.79,40.6865],[-92.77,40.6816],[-92.7567,40.6931],[-92.7595,40.7235],[-92.7994,40.8144],[-92.8858,40.9051],[-92.9334,40.9354],[-92.9386,40.9505],[-92.93,40.9573],[-92.8692,40.9656],[-92.8522,40.9807],[-92.9293,41.026],[-92.97,41.0264]]]}},{"type":"Feature","properties":{"c":"#00fb90","v0":0.05,"v1":0.25},"geometry":{"type":"Polygon","coordinates":[[[-102.3088,41.4621],[-102.23,41.4654],[-102.1713,41.4471],[-102.1437,41.4171],[-102.1458,41.4021],[-102.1599,41.3871],[-102.27,41.3448],[-102.35,41.3399],[-102.41,41.3257],[-102.4318,41.327],[-102.4718,41.3421],[-102.4847,41.3571],[-102.4784,41.3721],[-102.43,41.3844],[-102.37,41.4357],[-102.3088,41.4621]],[[-102.27,41.4482],[-102.3164,41.4321],[-102.3616,41.4021],[-102.3694,41.3871],[-102.3602,41.3721],[-102.31,41.3626],[-102.27,41.366],[-102.1877,41.4021],[-102.1806,41.4171],[-102.1913,41.4321],[-102.23,41.4464],[-102.27,41.4482]]]}},{"type":"Feature","properties":{"c":"#00fb90","v0":0.05,"v1":0.25},"geometry":{"type":"Polygon","coordinates":[[[-92.354,41.3871],[-92.33,41.3871],[-92.3205,41.3721],[-92.33,41.3538],[-92.3522,41.3571],[-92.3592,41.3721],[-92.354,41.3871]]]}},{"type":"Feature","properties":{"c":"#00fb90","v0":0.05,"v1":0.25},"geometry":{"type":"Polygon","coordinates":[[[-92.0222,41.3871],[-91.99,41.3922],[-91.97,41.3893],[-91.79,41.3508],[-91.67,41.3121],[-91.49,41.2848],[-91.4154,41.2369],[-91.43,41.2315],[-91.45,41.2357],[-91.53,41.2709],[-91.55,41.2684],[-91.57,41.2551],[-91.5817,41.2369],[-91.5746,41.2068],[-91.49,41.1651],[-91.4755,41.1466],[-91.4844,41.1315],[-91.51,41.1241],[-91.69,41.1635],[-91.81,41.1732],[-91.97,41.2381],[-92.07,41.3077],[-92.08,41.327],[-92.0771,41.3421],[-92.0515,41.3721],[-92.0222,41.3871]]]}},{"type":"Feature","properties":{"c":"#00fb90","v0":0.05,"v1":0.25},"geometry":{"type":"Polygon","coordinates":[[[-102.1955,41.1767],[-102.15,41.1836],[-102.13,41.1812],[-102.11,41.1683],[-102.1026,41.1466],[-102.1074,41.0863],[-102.1167,41.0712],[-102.17,41.0315],[-102.21,41.0239],[-102.23,41.032],[-102.2428,41.0561],[-102.23,41.0931],[-102.1969,41.1315],[-102.1955,41.1767]]]}},{"type":"Feature","properties":{"c":"#00fb90","v0":0.05,"v1":0.25},"geometry":{"type":"Polygon","coordinates":[[[-93.4738,41.1616],[-93.45,41.1576],[-93.3931,41.1315],[-93.41,41.1257],[-93.45,41.1312],[-93.472,41.1466],[-93.4738,41.1616]]]}},{"type":"Feature","properties":{"c":"#00fb90","v0":0.05,"v1":0.25},"geometry":{"type":"Polygon","coordinates":[[[-77.6204,41.1616],[-77.61,41.1699],[-77.59,41.1729],[-77.51,41.1588],[-77.47,41.1663],[-77.4039,41.1466],[-77.37,41.1287],[-77.256,41.0109],[-77.2305,40.9354],[-77.23,40.9194],[-77.2437,40.9051],[-77.27,40.9043],[-77.43,40.9735],[-77.45,40.9767],[-77.51,40.9682],[-77.55,40.9852],[-77.61,41.032],[-77.6299,41.0561],[-77.6355,41.1315],[-77.6204,41.1616]],[[-77.35,41.0447],[-77.3686,41.041],[-77.3695,41.026],[-77.334,40.9958],[-77.31,40.993],[-77.31,41.0147],[-77.35,41.0447]]]}},{"type":"Feature","properties":{"c":"#00fb90","v0":0.05,"v1":0.25},"geometry":{"type":"Polygon","coordinates":[[[-104.0879,41.1315],[-104.05,41.1359],[-104.0251,41.1315],[-104.0234,41.1164],[-104.0391,41.0863],[-104.05,41.0719],[-104.07,41.0638],[-104.09,41.0726],[-104.1153,41.1164],[-104.0879,41.1315]]]}},{"type":"Feature","properties":{"c":"#00fb90","v0":0.05,"v1":0.25},"geometry":{"type":"Polygon","coordinates":[[[-105.1639,41.1164],[-105.15,41.1243],[-105.11,41.1303],[-105.03,41.1181],[-104.99,41.1181],[-104.9592,41.1014],[-104.9574,41.0863],[-104.9732,41.0712],[-105.03,41.0771],[-105.09,41.0605],[-105.13,41.0617],[-105.1574,41.0712],[-105.1732,41.0863],[-105.1751,41.1014],[-105.1639,41.1164]],[[-105.11,41.1166],[-105.15,41.1014],[-105.1465,41.0863],[-105.11,41.0747],[-105.063,41.0863],[-105.0583,41.1014],[-105.09,41.1157],[-105.11,41.1166]]]}},{"type":"Feature","properties":{"c":"#00fb90","v0":0.05,"v1":0.25},"geometry":{"type":"Polygon","coordinates":[[[-103.9169,41.1164],[-103.89,41.1254],[-103.87,41.1252],[-103.85,41.1106],[-103.81,41.0561],[-103.73,41.0618],[-103.709,41.0561],[-103.7141,41.0109],[-103.73,40.9851],[-103.75,40.9686],[-103.79,40.9512],[-103.81,40.9539],[-103.81,41.0158],[-103.8135,41.026],[-103.83,41.0361],[-103.93,41.0101],[-103.95,41.0106],[-103.9455,41.0712],[-103.9169,41.1164]]]}},{"type":"Feature","properties":{"c":"#00fb90","v0":0.05,"v1":0.25},"geometry":{"type":"Polygon","coordinates":[[[-92.0636,41.1164],[-92.05,41.1293],[-92.03,41.1229],[-91.95,41.0496],[-91.93,41.0404],[-91.83,41.0311],[-91.7311,40.9958],[-91.6844,40.9656],[-91.66,40.9354],[-91.6508,40.9051],[-91.6617,40.8598],[-91.69,40.8068],[-91.71,40.8072],[-91.8024,40.9051],[-91.91,40.977],[-91.95,41.0202],[-91.99,41.0437],[-92.0636,41.1164]]]}},{"type":"Feature","properties":{"c":"#00fb90","v0":0.05,"v1":0.25},"geometry":{"type":"Polygon","coordinates":[[[-111.078,40.9807],[-111.0666,40.9807],[-111.0695,40.9505],[-111.09,40.9349],[-111.11,40.9301],[-111.11,40.9573],[-111.078,40.9807]]]}},{"type":"Feature","properties":{"c":"#00fb90","v0":0.05,"v1":0.25},"geometry":{"type":"Polygon","coordinates":[[[-92.0487,40.9656],[-92.03,40.9716],[-92.01,40.9693],[-91.97,40.9522],[-91.87,40.8769],[-91.8569,40.8446],[-91.87,40.8085],[-91.89,40.7982],[-91.91,40.8006],[-91.97,40.8317],[-92.0666,40.8598],[-92.0905,40.8749],[-92.091,40.89],[-92.0463,40.9202],[-92.0487,40.9656]]]}},{"type":"Feature","properties":{"c":"#00fb90","v0":0.05,"v1":0.25},"geometry":{"type":"Polygon","coordinates":[[[-110.7642,40.9051],[-110.73,40.9011],[-110.7245,40.89],[-110.7301,40.8749],[-110.75,40.8699],[-110.771,40.8749],[-110.7864,40.89],[-110.7642,40.9051]]]}},{"type":"Feature","properties":{"c":"#00fb90","v0":0.05,"v1":0.25},"geometry":{"type":"Polygon","coordinates":[[[-93.284,40.8446],[-93.25,40.8413],[-93.23,40.8298],[-93.1888,40.7689],[-93.0925,40.6931],[-93.0622,40.6325],[-93.0502,40.5717],[-92.9417,40.3739],[-92.9338,40.3129],[-92.9442,40.2824],[-92.97,40.2777],[-93.03,40.2829],[-93.07,40.2744],[-93.09,40.2619],[-93.1123,40.2214],[-93.13,40.2117],[-93.15,40.212],[-93.1663,40.2214],[-93.1736,40.2366],[-93.1629,40.2519],[-93.1023,40.2824],[-93.0992,40.3129],[-93.1122,40.3282],[-93.1819,40.3739],[-93.2047,40.4044],[-93.19,40.4196],[-93.1586,40.4348],[-93.156,40.4501],[-93.1916,40.5109],[-93.1827,40.5717],[-93.1981,40.5869],[-93.2791,40.6325],[-93.2975,40.6628],[-93.2827,40.7083],[-93.2765,40.7689],[-93.2803,40.7992],[-93.2974,40.8295],[-93.284,40.8446]],[[-93.23,40.7344],[-93.2381,40.7235],[-93.2383,40.6931],[-93.2162,40.6476],[-93.1712,40.6173],[-93.1298,40.6021],[-93.1142,40.6173],[-93.13,40.6596],[-93.19,40.726],[-93.21,40.7362],[-93.23,40.7344]],[[-93.13,40.5592],[-93.15,40.5355],[-93.1572,40.5109],[-93.1417,40.4805],[-93.1002,40.4348],[-93.0997,40.4196],[-93.1322,40.3891],[-93.1251,40.3739],[-93.07,40.3473],[-93.01,40.3371],[-92.99,40.3507],[-92.9858,40.3739],[-93.0189,40.4348],[-93.038,40.5109],[-93.0624,40.5413],[-93.09,40.5615],[-93.11,40.5675],[-93.13,40.5592]]]}},{"type":"Feature","properties":{"c":"#00fb90","v0":0.05,"v1":0.25},"geometry":{"type":"Polygon","coordinates":[[[-111.2718,40.7992],[-111.25,40.8132],[-111.23,40.8064],[-111.2004,40.7538],[-111.1787,40.7386],[-111.09,40.6927],[-111.0259,40.6931],[-111.0126,40.6628],[-111.03,40.6297],[-111.17,40.6414],[-111.2377,40.6173],[-111.25,40.6086],[-111.2589,40.5869],[-111.24,40.5261],[-111.25,40.5221],[-111.33,40.5317],[-111.35,40.5394],[-111.3679,40.5717],[-111.35,40.6394],[-111.29,40.6518],[-111.2706,40.678],[-111.26,40.7386],[-111.2739,40.7841],[-111.2718,40.7992]]]}},{"type":"Feature","properties":{"c":"#00fb90","v0":0.05,"v1":0.25},"geometry":{"type":"Polygon","coordinates":[[[-105.2466,40.7386],[-105.23,40.7497],[-105.2113,40.7386],[-105.2178,40.7083],[-105.23,40.6913],[-105.2552,40.678],[-105.2601,40.6628],[-105.2454,40.6325],[-105.25,40.6065],[-105.2774,40.5413],[-105.3012,40.5109],[-105.3404,40.4348],[-105.401,40.3739],[-105.4732,40.2672],[-105.4873,40.2214],[-105.49,40.1109],[-105.51,40.0982],[-105.5154,40.1144],[-105.4967,40.1297],[-105.4916,40.145],[-105.5002,40.1755],[-105.53,40.1971],[-105.57,40.2025],[-105.59,40.1852],[-105.6037,40.145],[-105.5726,40.0991],[-105.5858,40.0685],[-105.5975,40.0532],[-105.63,40.0322],[-105.67,40.0303],[-105.6772,40.0532],[-105.6702,40.1144],[-105.6757,40.1297],[-105.73,40.1814],[-105.7652,40.2519],[-105.7823,40.2672],[-105.8429,40.2977],[-105.87,40.3535],[-105.91,40.3728],[-105.9209,40.3891],[-105.9177,40.4653],[-105.9279,40.4957],[-105.9514,40.4957],[-105.99,40.4452],[-106.01,40.4455],[-106.03,40.4563],[-106.05,40.4822],[-105.9132,40.6628],[-105.89,40.6724],[-105.87,40.6651],[-105.8457,40.6325],[-105.7854,40.6173],[-105.77,40.6039],[-105.75,40.5601],[-105.73,40.544],[-105.67,40.5364],[-105.6655,40.5109],[-105.63,40.5056],[-105.59,40.4824],[-105.55,40.4755],[-105.5074,40.4957],[-105.4825,40.5261],[-105.5083,40.5717],[-105.4952,40.6173],[-105.4935,40.7083],[-105.47,40.7369],[-105.45,40.7382],[-105.41,40.7215],[-105.31,40.6963],[-105.29,40.7],[-105.2466,40.7386]]]}},{"type":"Feature","properties":{"c":"#00fb90","v0":0.05,"v1":0.25},"geometry":{"type":"Polygon","coordinates":[[[-104.1321,40.7386],[-104.11,40.7448],[-104.07,40.7415],[-104.0634,40.7235],[-104.0725,40.6931],[-104.09,40.6705],[-104.11,40.6581],[-104.13,40.6547],[-104.1611,40.6628],[-104.173,40.678],[-104.1736,40.6931],[-104.1558,40.7235],[-104.1321,40.7386]]]}},{"type":"Feature","properties":{"c":"#00fb90","v0":0.05,"v1":0.25},"geometry":{"type":"Polygon","coordinates":[[[-92.3646,40.5869],[-92.33,40.6007],[-92.31,40.5998],[-92.27,40.5785],[-92.2249,40.4805],[-92.2278,40.4196],[-92.25,40.4069],[-92.2827,40.4196],[-92.3117,40.4501],[-92.3396,40.5261],[-92.3711,40.5717],[-92.3646,40.5869]]]}},{"type":"Feature","properties":{"c":"#00fb90","v0":0.05,"v1":0.25},"geometry":{"type":"Polygon","coordinates":[[[-93.6749,40.5717],[-93.65,40.5762],[-93.6403,40.5565],[-93.65,40.5488],[-93.67,40.5478],[-93.6788,40.5565],[-93.6749,40.5717]]]}},{"type":"Feature","properties":{"c":"#00fb90","v0":0.05,"v1":0.25},"geometry":{"type":"Polygon","coordinates":[[[-111.2366,40.5109],[-111.23,40.5197],[-111.17,40.5085],[-111.15,40.4986],[-111.1465,40.4805],[-111.17,40.441],[-111.2037,40.4044],[-111.23,40.388],[-111.27,40.3791],[-111.2845,40.3891],[-111.2844,40.4044],[-111.2392,40.4805],[-111.2366,40.5109]]]}},{"type":"Feature","properties":{"c":"#00fb90","v0":0.05,"v1":0.25},"geometry":{"type":"Polygon","coordinates":[[[-111.5129,40.3587],[-111.49,40.3688],[-111.43,40.3443],[-111.39,40.3393],[-111.31,40.3633],[-111.3012,40.3434],[-111.31,40.3232],[-111.3349,40.2977],[-111.47,40.247],[-111.5127,40.2214],[-111.55,40.2129],[-111.5708,40.2214],[-111.5891,40.2519],[-111.5906,40.2977],[-111.57,40.3253],[-111.5302,40.3434],[-111.5129,40.3587]]]}},{"type":"Feature","properties":{"c":"#00fb90","v0":0.05,"v1":0.25},"geometry":{"type":"Polygon","coordinates":[[[-92.4508,40.2977],[-92.39,40.3122],[-92.35,40.303],[-92.327,40.2672],[-92.3374,40.2366],[-92.3561,40.2214],[-92.39,40.2089],[-92.45,40.2122],[-92.4782,40.2366],[-92.4821,40.2519],[-92.4706,40.2824],[-92.4508,40.2977]],[[-92.39,40.3],[-92.43,40.2882],[-92.4553,40.2672],[-92.4611,40.2519],[-92.4567,40.2366],[-92.43,40.221],[-92.39,40.2228],[-92.3608,40.2366],[-92.3475,40.2519],[-92.3491,40.2824],[-92.37,40.2971],[-92.39,40.3]]]}},{"type":"Feature","properties":{"c":"#00fb90","v0":0.05,"v1":0.25},"geometry":{"type":"Polygon","coordinates":[[[-88.4495,39.9766],[-88.43,39.9804],[-88.39,39.9689],[-88.2784,39.8692],[-88.213,39.777],[-88.1489,39.6231],[-88.1455,39.5306],[-88.1034,39.2369],[-88.1198,39.1749],[-88.106,39.1128],[-88.1171,39.0818],[-88.1677,39.0197],[-88.18,38.9264],[-88.2002,38.8641],[-88.2216,38.7394],[-88.2776,38.6301],[-88.2768,38.5676],[-88.25,38.4917],[-88.21,38.4484],[-88.19,38.4481],[-88.1143,38.505],[-88.07,38.5106],[-88.03,38.5029],[-87.9807,38.458],[-87.8594,38.2855],[-87.8051,38.2384],[-87.7981,38.2227],[-87.8052,38.1598],[-87.796,38.0969],[-87.8263,38.0024],[-87.8187,37.9235],[-87.8055,37.892],[-87.7741,37.8604],[-87.69,37.739],[-87.6366,37.528],[-87.6223,37.4963],[-87.563,37.4328],[-87.49,37.3705],[-87.43,37.303],[-87.3457,37.242],[-87.3261,37.1782],[-87.33,37.155],[-87.3593,37.1145],[-87.3437,37.0826],[-87.25,37.0218],[-87.1512,36.9868],[-87.1005,36.9548],[-86.93,36.8037],[-86.8348,36.6986],[-86.81,36.6539],[-86.8154,36.6023],[-86.8318,36.5702],[-86.8985,36.522],[-86.97,36.4314],[-87.07,36.3819],[-87.139,36.3128],[-87.1455,36.2805],[-87.1161,36.2321],[-87.1134,36.1999],[-87.083,36.1353],[-87.03,36.0607],[-86.99,36.045],[-86.93,36.0518],[-86.9166,36.0706],[-86.97,36.1062],[-87.014,36.1514],[-87.01,36.183],[-86.99,36.1893],[-86.93,36.1673],[-86.83,36.1772],[-86.7774,36.1676],[-86.71,36.1439],[-86.65,36.1377],[-86.61,36.1412],[-86.43,36.1807],[-86.37,36.1723],[-86.29,36.173],[-86.2068,36.1514],[-86.09,36.1072],[-85.93,36.0889],[-85.87,36.104],[-85.85,36.1027],[-85.81,36.0485],[-85.781,35.9898],[-85.7307,35.9412],[-85.7237,35.925],[-85.73,35.8902],[-85.7748,35.7953],[-85.7599,35.6654],[-85.79,35.5391],[-85.8231,35.4865],[-85.8177,35.4376],[-85.83,35.4211],[-85.91,35.4358],[-85.95,35.4339],[-85.97,35.4267],[-86.0281,35.3724],[-86.0355,35.3398],[-85.9963,35.2581],[-85.93,35.1676],[-85.9141,35.0947],[-85.8879,35.0455],[-85.85,35.0114],[-85.71,34.9487],[-85.6723,34.9144],[-85.6299,34.7995],[-85.568,34.7174],[-85.559,34.6187],[-85.61,34.5684],[-85.67,34.6269],[-85.69,34.6327],[-85.77,34.6069],[-85.8259,34.5693],[-85.85,34.5179],[-85.8834,34.4704],[-85.8878,34.4209],[-85.9034,34.3879],[-85.93,34.3665],[-85.99,34.3562],[-86.01,34.3442],[-86.0215,34.3219],[-86.0099,34.2723],[-86.0192,34.2558],[-86.07,34.2264],[-86.09,34.2168],[-86.1082,34.2227],[-86.13,34.2815],[-86.15,34.3052],[-86.17,34.3113],[-86.21,34.2943],[-86.2383,34.2723],[-86.2525,34.2392],[-86.2374,34.2062],[-86.19,34.1778],[-86.1358,34.1731],[-86.1274,34.1565],[-86.1278,34.0903],[-86.1822,34.0074],[-86.1763,33.9742],[-86.13,33.9459],[-86.07,33.939],[-86.0179,33.8913],[-86.0129,33.8248],[-85.9892,33.7916],[-85.85,33.7161],[-85.83,33.7077],[-85.8028,33.7084],[-85.7827,33.7251],[-85.77,33.7673],[-85.75,33.7692],[-85.6863,33.7251],[-85.65,33.7125],[-85.59,33.7031],[-85.53,33.6542],[-85.51,33.6325],[-85.4352,33.4919],[-85.3856,33.4251],[-85.3795,33.3917],[-85.3853,33.3583],[-85.3754,33.3249],[-85.35,33.3056],[-85.2933,33.2915],[-85.2816,33.2747],[-85.2768,33.258],[-85.2897,33.1911],[-85.2776,33.1409],[-85.241,33.0906],[-85.19,33.0619],[-85.15,33.0619],[-85.0896,33.0906],[-85.0807,33.1241],[-85.1235,33.2078],[-85.1104,33.2413],[-85.07,33.2685],[-85.0613,33.2915],[-85.0738,33.3249],[-85.1121,33.3583],[-85.17,33.394],[-85.2617,33.4919],[-85.3136,33.5752],[-85.345,33.6918],[-85.2807,33.8248],[-85.3287,33.9411],[-85.3134,33.9742],[-85.2853,33.9908],[-85.25,34.0003],[-85.21,33.9938],[-85.13,33.9463],[-85.07,33.9258],[-85.05,33.9297],[-85.01,33.9764],[-84.95,33.9574],[-84.87,33.9202],[-84.8311,33.8913],[-84.79,33.845],[-84.75,33.8173],[-84.6722,33.7084],[-84.61,33.657],[-84.537,33.5752],[-84.43,33.4907],[-84.31,33.4429],[-84.3003,33.4251],[-84.3331,33.375],[-84.3358,33.2747],[-84.3233,33.2413],[-84.2728,33.1744],[-84.2679,33.1409],[-84.2769,33.1241],[-84.3021,33.1074],[-84.3861,33.0906],[-84.3951,33.0738],[-84.3867,33.0235],[-84.39,32.9866],[-84.41,32.9622],[-84.459,32.9397],[-84.4785,32.9229],[-84.4785,32.9061],[-84.43,32.8559],[-84.4244,32.8389],[-84.4659,32.6875],[-84.49,32.6754],[-84.57,32.6565],[-84.61,32.6236],[-84.63,32.6209],[-84.69,32.6296],[-84.79,32.6563],[-84.8388,32.637],[-84.89,32.6345],[-84.91,32.6374],[-84.97,32.6671],[-85.0441,32.6875],[-85.09,32.7305],[-85.13,32.7451],[-85.21,32.7485],[-85.27,32.7336],[-85.2914,32.7043],[-85.2888,32.6707],[-85.2652,32.6201],[-85.2092,32.5359],[-85.1936,32.4515],[-85.1982,32.4178],[-85.21,32.4068],[-85.27,32.3881],[-85.3241,32.3502],[-85.3758,32.3333],[-85.43,32.3006],[-85.51,32.3022],[-85.55,32.2933],[-85.5695,32.2657],[-85.5742,32.2318],[-85.5576,32.1641],[-85.5518,32.0964],[-85.5691,32.0286],[-85.59,32.0117],[-85.61,32.0106],[-85.63,32.0205],[-85.69,32.0707],[-85.71,32.0797],[-85.77,32.0854],[-85.79,32.1049],[-85.8302,32.1641],[-85.8392,32.2149],[-85.83,32.2549],[-85.79,32.2857],[-85.7704,32.3164],[-85.7645,32.3671],[-85.7848,32.4346],[-85.81,32.4664],[-85.91,32.5256],[-86.0381,32.6707],[-86.09,32.7114],[-86.15,32.7317],[-86.23,32.7231],[-86.2607,32.7043],[-86.35,32.6207],[-86.37,32.6149],[-86.45,32.698],[-86.5334,32.7212],[-86.544,32.7716],[-86.57,32.7935],[-86.67,32.8471],[-86.75,32.8475],[-86.8399,32.8893],[-86.8518,32.9061],[-86.85,32.9275],[-86.83,32.9347],[-86.81,32.9332],[-86.73,32.9039],[-86.71,32.9026],[-86.69,32.9126],[-86.6701,32.9564],[-86.7098,33.0906],[-86.7488,33.1576],[-86.7495,33.1744],[-86.7034,33.2246],[-86.7015,33.2413],[-86.73,33.2972],[-86.79,33.3404],[-86.83,33.3584],[-86.93,33.3868],[-86.97,33.383],[-86.99,33.3583],[-86.9878,33.3416],[-86.95,33.2966],[-86.89,33.2693],[-86.8822,33.2413],[-86.8873,33.2246],[-86.93,33.2052],[-87.03,33.2075],[-87.07,33.1891],[-87.09,33.1877],[-87.2833,33.3416],[-87.31,33.3538],[-87.39,33.3644],[-87.4189,33.375],[-87.4224,33.4418],[-87.47,33.506],[-87.51,33.5279],[-87.59,33.5441],[-87.63,33.5881],[-87.65,33.5977],[-87.75,33.6152],[-87.83,33.576],[-87.87,33.564],[-87.89,33.5423],[-87.9091,33.4919],[-87.9433,33.4585],[-87.97,33.4491],[-88.0669,33.4585],[-88.0937,33.4752],[-88.11,33.5007],[-88.1239,33.5085],[-88.1951,33.5252],[-88.2025,33.5419],[-88.19,33.5516],[-88.13,33.5653],[-88.07,33.5564],[-88.05,33.5594],[-87.99,33.5861],[-87.95,33.5945],[-87.904,33.6585],[-87.89,33.6634],[-87.83,33.6514],[-87.812,33.6585],[-87.7886,33.6752],[-87.7968,33.7583],[-87.8239,33.7916],[-87.87,33.8199],[-87.9639,33.8414],[-88.0071,33.8581],[-87.9973,33.8747],[-87.939,33.9245],[-87.9304,33.9411],[-87.95,34.0317],[-87.9675,34.0737],[-87.99,34.0778],[-88.07,34.0597],[-88.09,34.06],[-88.1232,34.0737],[-88.1353,34.0903],[-88.1529,34.1565],[-88.1864,34.2227],[-88.1798,34.3219],[-88.1885,34.3384],[-88.23,34.3496],[-88.27,34.3341],[-88.29,34.3345],[-88.31,34.3439],[-88.3342,34.3714],[-88.33,34.3886],[-88.31,34.3918],[-88.27,34.3773],[-88.2577,34.3879],[-88.2452,34.4539],[-88.2697,34.4869],[-88.3883,34.5858],[-88.3891,34.6022],[-88.3621,34.6351],[-88.39,34.654],[-88.3967,34.6845],[-88.356,34.7338],[-88.3508,34.7503],[-88.3638,34.7831],[-88.4174,34.8324],[-88.3962,34.8816],[-88.401,34.9308],[-88.43,34.9508],[-88.47,34.9498],[-88.4867,34.9308],[-88.5029,34.8816],[-88.5276,34.8652],[-88.67,34.8608],[-88.6901,34.8652],[-88.7062,34.8816],[-88.79,34.9791],[-88.8102,35.0128],[-88.8126,35.0455],[-88.79,35.0801],[-88.77,35.0875],[-88.75,35.0827],[-88.71,35.0554],[-88.67,35.0488],[-88.6258,35.0619],[-88.6144,35.0947],[-88.6208,35.111],[-88.65,35.1419],[-88.6716,35.1601],[-88.73,35.187],[-88.77,35.2373],[-88.8411,35.2581],[-88.8526,35.2745],[-88.8516,35.2908],[-88.8383,35.3071],[-88.81,35.3241],[-88.73,35.3309],[-88.7021,35.3398],[-88.6788,35.3561],[-88.6742,35.3887],[-88.7109,35.4702],[-88.7141,35.4865],[-88.7066,35.5028],[-88.69,35.5139],[-88.67,35.5172],[-88.61,35.5114],[-88.57,35.5157],[-88.51,35.5386],[-88.4913,35.5516],[-88.4841,35.5679],[-88.4899,35.5841],[-88.51,35.6037],[-88.623,35.6492],[-88.69,35.6949],[-88.744,35.7466],[-88.7969,35.7791],[-88.8248,35.8115],[-88.825,35.844],[-88.8104,35.8602],[-88.7688,35.8764],[-88.7496,35.8926],[-88.77,35.909],[-88.776,35.925],[-88.77,35.9303],[-88.75,35.9332],[-88.7209,35.925],[-88.63,35.8764],[-88.61,35.88],[-88.5651,35.9088],[-88.53,35.9166],[-88.49,35.914],[-88.43,35.8895],[-88.3758,35.8115],[-88.3877,35.7629],[-88.3392,35.6817],[-88.329,35.6492],[-88.332,35.6167],[-88.3522,35.5679],[-88.3455,35.5353],[-88.29,35.4554],[-88.2501,35.4213],[-88.21,35.3658],[-88.19,35.3506],[-88.15,35.3401],[-88.13,35.3478],[-88.0994,35.3887],[-88.0855,35.4376],[-88.0866,35.5679],[-88.0736,35.6004],[-88.0842,35.6329],[-88.15,35.6929],[-88.2785,35.7791],[-88.2927,35.7953],[-88.2941,35.8764],[-88.3024,35.9088],[-88.3455,36.0059],[-88.37,36.0334],[-88.43,36.0758],[-88.49,36.0927],[-88.51,36.0887],[-88.5146,36.103],[-88.55,36.1164],[-88.57,36.1158],[-88.588,36.103],[-88.55,36.09],[-88.51,36.0864],[-88.499,36.0706],[-88.5053,36.0545],[-88.5454,36.0383],[-88.63,36.0257],[-88.67,36.0276],[-88.6923,36.0383],[-88.69,36.0545],[-88.6185,36.103],[-88.6309,36.1191],[-88.7256,36.1514],[-88.75,36.1669],[-88.7617,36.216],[-88.79,36.2408],[-88.87,36.2476],[-88.893,36.2644],[-88.8928,36.2967],[-88.8588,36.345],[-88.8667,36.4094],[-88.89,36.4363],[-88.95,36.4577],[-88.9623,36.4738],[-88.9704,36.5059],[-88.9673,36.522],[-88.9437,36.5542],[-88.9628,36.6023],[-88.95,36.6128],[-88.91,36.6177],[-88.89,36.6289],[-88.8854,36.6826],[-88.8962,36.6986],[-88.95,36.7279],[-88.9698,36.7467],[-88.9746,36.7788],[-88.9561,36.8268],[-88.9587,36.8428],[-88.9983,36.8908],[-88.9903,36.9388],[-89.0419,37.0187],[-89.11,37.0816],[-89.1202,37.1145],[-89.11,37.1225],[-89.03,37.0926],[-88.97,37.0868],[-88.95,37.092],[-88.87,37.1461],[-88.85,37.1493],[-88.75,37.074],[-88.69,37.075],[-88.6581,37.0666],[-88.6068,37.0187],[-88.51,36.9452],[-88.47,36.9284],[-88.43,36.9232],[-88.37,36.937],[-88.327,36.9388],[-88.3186,36.9548],[-88.3303,36.9868],[-88.2514,37.0347],[-88.2341,37.0506],[-88.2186,37.0826],[-88.229,37.2101],[-88.2252,37.2897],[-88.2433,37.3692],[-88.27,37.408],[-88.31,37.4424],[-88.3353,37.4963],[-88.35,37.5102],[-88.4151,37.528],[-88.45,37.5601],[-88.4999,37.6707],[-88.55,37.8392],[-88.5845,37.9235],[-88.6393,38.1126],[-88.63,38.1356],[-88.6061,38.1598],[-88.6062,38.1755],[-88.65,38.211],[-88.6694,38.2541],[-88.6458,38.3797],[-88.7335,38.5206],[-88.748,38.5832],[-88.7471,38.6613],[-88.7818,38.8174],[-88.7854,39.0041],[-88.7628,39.0507],[-88.73,39.0729],[-88.71,39.0773],[-88.67,39.0716],[-88.59,39.034],[-88.5812,39.0507],[-88.5952,39.1284],[-88.5913,39.1749],[-88.6025,39.2369],[-88.6827,39.4225],[-88.6641,39.4843],[-88.6661,39.4998],[-88.7183,39.5923],[-88.7271,39.6231],[-88.7133,39.6847],[-88.6825,39.7309],[-88.7095,39.7924],[-88.7011,39.8078],[-88.67,39.8116],[-88.65,39.8073],[-88.63,39.7941],[-88.59,39.7471],[-88.45,39.7407],[-88.39,39.7229],[-88.37,39.7308],[-88.388,39.7924],[-88.452,39.9306],[-88.4572,39.9612],[-88.4495,39.9766]],[[-88.41,39.9432],[-88.4182,39.9306],[-88.417,39.9152],[-88.4029,39.8692],[-88.3264,39.7155],[-88.3273,39.6847],[-88.35,39.6798],[-88.4174,39.6847],[-88.4636,39.6539],[-88.49,39.6542],[-88.5096,39.6385],[-88.5101,39.546],[-88.4936,39.4534],[-88.51,39.4431],[-88.55,39.4585],[-88.59,39.4644],[-88.6245,39.4225],[-88.63,39.4071],[-88.6231,39.3607],[-88.5826,39.2369],[-88.5645,39.1128],[-88.5304,38.9886],[-88.55,38.9777],[-88.57,38.9818],[-88.6235,39.0041],[-88.69,39.043],[-88.71,39.0442],[-88.7306,39.0352],[-88.7394,39.0041],[-88.7108,38.9108],[-88.7464,38.8329],[-88.7517,38.7706],[-88.7198,38.6457],[-88.72,38.5832],[-88.7082,38.5206],[-88.6129,38.3797],[-88.6098,38.3483],[-88.6326,38.2698],[-88.63,38.2396],[-88.61,38.2227],[-88.4919,38.1755],[-88.4632,38.1284],[-88.4104,38.0969],[-88.4113,38.0811],[-88.43,38.0748],[-88.457,38.0496],[-88.47,37.9907],[-88.49,38.002],[-88.5039,38.0496],[-88.5482,38.1126],[-88.57,38.1226],[-88.59,38.1211],[-88.5999,38.1126],[-88.5986,38.0811],[-88.5552,37.9866],[-88.5498,37.9235],[-88.5197,37.8288],[-88.49,37.7857],[-88.47,37.7705],[-88.45,37.7623],[-88.41,37.7636],[-88.3793,37.7498],[-88.3594,37.6865],[-88.3393,37.6548],[-88.2654,37.5914],[-88.23,37.5088],[-88.17,37.4257],[-88.13,37.3984],[-88.09,37.3873],[-88.0004,37.3056],[-88.0124,37.2738],[-88.01,37.2453],[-87.99,37.2257],[-87.97,37.2228],[-87.9488,37.242],[-87.9503,37.2897],[-87.9178,37.4328],[-87.9201,37.4487],[-87.95,37.4744],[-88.01,37.489],[-88.03,37.5016],[-88.09,37.5694],[-88.17,37.7168],[-88.2033,37.813],[-88.2038,37.9235],[-88.2408,38.1126],[-88.2718,38.1913],[-88.2888,38.3012],[-88.2779,38.4267],[-88.3083,38.5832],[-88.3388,38.6926],[-88.33,38.721],[-88.2821,38.7706],[-88.2554,38.8174],[-88.21,39.0167],[-88.1664,39.1284],[-88.1643,39.1904],[-88.1487,39.2524],[-88.17,39.3272],[-88.19,39.4638],[-88.1891,39.546],[-88.2199,39.6385],[-88.2201,39.7155],[-88.2368,39.777],[-88.31,39.8765],[-88.39,39.9389],[-88.41,39.9432]],[[-87.71,35.8184],[-87.7157,35.7953],[-87.69,35.7692],[-87.6755,35.7953],[-87.6811,35.8115],[-87.69,35.8198],[-87.71,35.8184]],[[-87.55,36.5699],[-87.5573,36.5542],[-87.55,36.5416],[-87.53,36.5303],[-87.5168,36.5381],[-87.5224,36.5542],[-87.55,36.5699]],[[-87.45,35.9113],[-87.47,35.8803],[-87.4665,35.8602],[-87.4346,35.8278],[-87.407,35.7791],[-87.37,35.7535],[-87.33,35.7496],[-87.3148,35.7629],[-87.3119,35.7791],[-87.33,35.8227],[-87.3615,35.844],[-87.3844,35.8926],[-87.4061,35.9088],[-87.43,35.9177],[-87.45,35.9113]],[[-87.09,35.3957],[-87.11,35.3799],[-87.13,35.3402],[-87.15,35.3308],[-87.21,35.3372],[-87.25,35.3305],[-87.33,35.308],[-87.45,35.2553],[-87.49,35.2549],[-87.55,35.2655],[-87.63,35.2899],[-87.6444,35.2745],[-87.6396,35.2255],[-87.6476,35.2091],[-87.67,35.192],[-87.71,35.1783],[-87.81,35.1814],[-87.91,35.1951],[-87.99,35.2184],[-88.03,35.2202],[-88.11,35.2121],[-88.15,35.1934],[-88.17,35.1739],[-88.1895,35.1437],[-88.21,35.0799],[-88.2413,35.0455],[-88.2517,35.0128],[-88.2311,34.898],[-88.17,34.8448],[-88.13,34.8294],[-88.09,34.8382],[-88.0788,34.8488],[-88.0808,34.898],[-88.0681,34.9144],[-87.99,34.9617],[-87.97,34.9984],[-87.93,35.0051],[-87.87,34.9987],[-87.8394,34.98],[-87.8353,34.9636],[-87.85,34.9341],[-87.8706,34.9144],[-87.93,34.8913],[-88.0007,34.8488],[-88.0055,34.8324],[-87.9499,34.7831],[-87.9513,34.7667],[-88.01,34.7322],[-88.13,34.7253],[-88.1533,34.7174],[-88.1594,34.7009],[-88.111,34.6187],[-88.1419,34.5693],[-88.15,34.5277],[-88.19,34.5038],[-88.1961,34.4869],[-88.19,34.4648],[-88.1687,34.4374],[-88.1675,34.4044],[-88.15,34.3955],[-88.1167,34.3549],[-88.1139,34.3384],[-88.1496,34.2888],[-88.15,34.2451],[-88.09,34.1743],[-88.07,34.1674],[-88.05,34.1868],[-88.068,34.3219],[-88.05,34.337],[-87.99,34.3505],[-87.89,34.3368],[-87.8525,34.3549],[-87.8683,34.4374],[-87.8607,34.4539],[-87.81,34.4834],[-87.79,34.5041],[-87.7776,34.5858],[-87.7479,34.668],[-87.7233,34.7009],[-87.6148,34.7831],[-87.49,34.8142],[-87.45,34.813],[-87.4025,34.7995],[-87.3742,34.7667],[-87.3631,34.6845],[-87.3883,34.6351],[-87.37,34.6212],[-87.35,34.6196],[-87.31,34.6247],[-87.2982,34.6351],[-87.3069,34.6845],[-87.285,34.7174],[-87.2953,34.7831],[-87.27,34.7982],[-87.23,34.8068],[-87.1859,34.8324],[-87.145,34.898],[-87.15,34.9053],[-87.21,34.908],[-87.227,34.9144],[-87.2462,34.9308],[-87.246,34.9472],[-87.21,34.9675],[-87.15,34.9759],[-87.1202,34.9636],[-87.09,34.9332],[-87.0651,34.9308],[-87.0548,34.9472],[-87.0605,34.98],[-87.0185,35.0292],[-87.0358,35.0783],[-87.0383,35.1274],[-87.0295,35.1437],[-86.97,35.1675],[-86.93,35.1653],[-86.8849,35.1437],[-86.8318,35.0783],[-86.71,34.9931],[-86.5771,34.8816],[-86.5525,34.8324],[-86.4953,34.7667],[-86.47,34.751],[-86.43,34.7436],[-86.41,34.7537],[-86.4053,34.7667],[-86.4421,34.816],[-86.4513,34.8488],[-86.4473,34.8652],[-86.41,34.8915],[-86.39,34.8882],[-86.35,34.8677],[-86.309,34.8652],[-86.2952,34.8488],[-86.2804,34.7995],[-86.1808,34.7174],[-86.13,34.6971],[-86.11,34.6954],[-86.0864,34.7009],[-86.0593,34.7174],[-86.0514,34.7338],[-86.0596,34.7831],[-86.01,34.8306],[-86.0013,34.8488],[-86.0052,34.9308],[-86.0771,34.9964],[-86.11,35.0798],[-86.13,35.1073],[-86.17,35.1413],[-86.21,35.1628],[-86.23,35.1504],[-86.2416,35.1274],[-86.27,35.124],[-86.31,35.1457],[-86.3795,35.2091],[-86.4018,35.2908],[-86.45,35.361],[-86.47,35.3662],[-86.4945,35.3561],[-86.5137,35.3398],[-86.5291,35.3071],[-86.5168,35.2581],[-86.4368,35.1764],[-86.4313,35.1437],[-86.45,35.1245],[-86.53,35.1504],[-86.59,35.1591],[-86.69,35.2145],[-86.81,35.2557],[-86.93,35.3388],[-86.95,35.3452],[-87.01,35.3478],[-87.0313,35.3561],[-87.0562,35.3887],[-87.07,35.3964],[-87.09,35.3957]],[[-86.43,35.5137],[-86.43,35.4917],[-86.39,35.4489],[-86.384,35.4539],[-86.3872,35.4702],[-86.4041,35.5028],[-86.43,35.5137]],[[-86.33,35.408],[-86.342,35.405],[-86.345,35.3887],[-86.3158,35.2745],[-86.27,35.2129],[-86.25,35.1976],[-86.23,35.1969],[-86.23,35.2478],[-86.25,35.3255],[-86.27,35.355],[-86.33,35.408]],[[-85.95,34.5563],[-85.9901,34.5363],[-86.022,34.5034],[-86.0435,34.4539],[-86.0403,34.4374],[-86.03,34.4293],[-86.01,34.434],[-85.97,34.463],[-85.8993,34.4869],[-85.8894,34.5034],[-85.8932,34.5363],[-85.9105,34.5528],[-85.95,34.5563]],[[-85.69,34.7065],[-85.7036,34.7009],[-85.7112,34.6845],[-85.69,34.6552],[-85.6723,34.668],[-85.6694,34.6845],[-85.69,34.7065]],[[-85.47,33.1755],[-85.4753,33.1576],[-85.4579,33.1241],[-85.3435,33.0068],[-85.23,32.9489],[-85.19,32.9418],[-85.17,32.9526],[-85.17,32.9732],[-85.19,33.0042],[-85.25,33.0476],[-85.29,33.0907],[-85.41,33.1757],[-85.45,33.1852],[-85.47,33.1755]],[[-85.25,33.9621],[-85.2564,33.9577],[-85.25,33.9372],[-85.23,33.9308],[-85.2156,33.9411],[-85.2234,33.9577],[-85.25,33.9621]],[[-84.99,33.9284],[-85.03,33.8944],[-85.05,33.8884],[-85.11,33.8871],[-85.1338,33.8747],[-85.1531,33.7916],[-85.1368,33.7251],[-85.15,33.7147],[-85.19,33.7031],[-85.25,33.7297],[-85.27,33.7244],[-85.3058,33.6918],[-85.3041,33.6585],[-85.2226,33.5419],[-85.1462,33.4752],[-85.13,33.4408],[-85.11,33.4371],[-85.07,33.4509],[-85.05,33.4473],[-85.013,33.4251],[-84.99,33.3824],[-84.85,33.364],[-84.81,33.3476],[-84.65,33.3088],[-84.59,33.2798],[-84.51,33.2618],[-84.47,33.2583],[-84.45,33.2673],[-84.4389,33.2915],[-84.4392,33.3416],[-84.4697,33.4752],[-84.4876,33.5085],[-84.5809,33.5919],[-84.63,33.6455],[-84.69,33.6714],[-84.71,33.6871],[-84.75,33.7667],[-84.81,33.8229],[-84.85,33.8784],[-84.95,33.9287],[-84.99,33.9284]],[[-88.51,35.2624],[-88.5185,35.2418],[-88.5103,35.2255],[-88.49,35.2145],[-88.47,35.2191],[-88.4638,35.2418],[-88.47,35.2513],[-88.49,35.2628],[-88.51,35.2624]],[[-88.43,35.7333],[-88.45,35.7297],[-88.4641,35.6979],[-88.45,35.6694],[-88.41,35.6538],[-88.39,35.66],[-88.3827,35.6817],[-88.399,35.7142],[-88.43,35.7333]],[[-88.97,36.9394],[-88.9863,36.9388],[-88.9824,36.9228],[-88.97,36.9161],[-88.9448,36.8588],[-88.9196,36.8428],[-88.89,36.8351],[-88.8596,36.8428],[-88.8639,36.8588],[-88.91,36.9098],[-88.95,36.9371],[-88.97,36.9394]],[[-88.45,36.867],[-88.4658,36.8588],[-88.49,36.8224],[-88.51,36.8134],[-88.59,36.828],[-88.6641,36.8268],[-88.7099,36.7788],[-88.75,36.7596],[-88.77,36.7395],[-88.7768,36.6826],[-88.8095,36.6345],[-88.8063,36.5863],[-88.83,36.5547],[-88.87,36.5273],[-88.8805,36.5059],[-88.8738,36.4738],[-88.79,36.3725],[-88.71,36.2978],[-88.69,36.2843],[-88.632,36.2644],[-88.6094,36.2321],[-88.57,36.221],[-88.5365,36.2321],[-88.51,36.2563],[-88.4904,36.2644],[-88.45,36.2691],[-88.4307,36.2805],[-88.4234,36.3128],[-88.41,36.3261],[-88.35,36.3344],[-88.33,36.3436],[-88.25,36.403],[-88.1985,36.4255],[-88.1324,36.4899],[-88.1209,36.5702],[-88.0369,36.6345],[-88.0281,36.6505],[-88.0434,36.7628],[-88.09,36.8037],[-88.17,36.8386],[-88.21,36.8483],[-88.39,36.8708],[-88.45,36.867]],[[-88.67,39.6441],[-88.69,39.6306],[-88.69,39.6059],[-88.65,39.5406],[-88.63,39.519],[-88.61,39.517],[-88.6091,39.546],[-88.63,39.5978],[-88.65,39.6305],[-88.67,39.6441]],[[-88.63,39.7361],[-88.6525,39.7155],[-88.6471,39.7001],[-88.59,39.5948],[-88.57,39.5711],[-88.5502,39.5769],[-88.5485,39.5923],[-88.57,39.6958],[-88.59,39.7435],[-88.63,39.7361]],[[-88.45,37.7296],[-88.4613,37.6865],[-88.45,37.6372],[-88.43,37.6085],[-88.41,37.6079],[-88.3899,37.639],[-88.3955,37.6707],[-88.43,37.7243],[-88.45,37.7296]],[[-88.01,36.0993],[-88.036,36.0706],[-88.0443,36.0221],[-88.0705,35.9736],[-88.0215,35.8926],[-88.0266,35.844],[-88.0191,35.8115],[-87.9805,35.7629],[-87.9554,35.6979],[-87.91,35.6576],[-87.87,35.6455],[-87.85,35.6612],[-87.8486,35.6817],[-87.9106,35.7629],[-87.9131,35.8764],[-87.9494,36.0545],[-87.97,36.0856],[-87.99,36.0991],[-88.01,36.0993]],[[-87.91,34.18],[-87.9308,34.1565],[-87.91,34.1398],[-87.886,34.14],[-87.877,34.1565],[-87.89,34.1762],[-87.91,34.18]],[[-87.67,34.5731],[-87.69,34.5651],[-87.7002,34.5528],[-87.7779,34.4209],[-87.79,34.3298],[-87.8429,34.3053],[-87.8566,34.2888],[-87.854,34.2723],[-87.81,34.205],[-87.74,34.1565],[-87.71,34.1498],[-87.67,34.1529],[-87.65,34.164],[-87.61,34.2278],[-87.59,34.2395],[-87.51,34.2616],[-87.4945,34.2723],[-87.4602,34.3219],[-87.3985,34.3549],[-87.3915,34.3714],[-87.402,34.4209],[-87.43,34.4497],[-87.4771,34.4704],[-87.51,34.497],[-87.55,34.5135],[-87.61,34.5545],[-87.67,34.5731]],[[-87.21,34.7021],[-87.2161,34.6845],[-87.21,34.6765],[-87.19,34.6646],[-87.17,34.6705],[-87.1651,34.6845],[-87.1793,34.7009],[-87.19,34.7063],[-87.21,34.7021]],[[-87.05,34.2089],[-87.1,34.1731],[-87.1065,34.14],[-87.0909,34.0903],[-87.0557,34.0571],[-87.0433,34.024],[-87.03,34.0161],[-86.97,34.0456],[-86.91,34.0559],[-86.85,34.047],[-86.81,34.0484],[-86.7852,34.0571],[-86.7668,34.0737],[-86.7739,34.1068],[-86.8223,34.14],[-86.9373,34.1731],[-87.01,34.2081],[-87.05,34.2089]],[[-86.65,34.3384],[-86.67,34.3327],[-86.6749,34.3219],[-86.6114,34.2062],[-86.6078,34.0571],[-86.61,34.0496],[-86.629,34.0406],[-86.67,34.0366],[-86.7235,33.9908],[-86.85,33.9637],[-86.93,33.9615],[-86.95,33.9545],[-86.99,33.9208],[-87.01,33.9124],[-87.03,33.9166],[-87.05,33.9272],[-87.0642,33.9742],[-87.1282,34.0074],[-87.1457,34.0406],[-87.1748,34.0571],[-87.23,34.1314],[-87.25,34.139],[-87.27,34.1378],[-87.33,34.0962],[-87.35,34.1097],[-87.39,34.1791],[-87.41,34.1978],[-87.47,34.2214],[-87.53,34.2273],[-87.57,34.2222],[-87.59,34.2102],[-87.6255,34.14],[-87.65,34.1254],[-87.89,34.0653],[-87.9155,34.0406],[-87.91,33.9881],[-87.8772,33.9411],[-87.8521,33.8747],[-87.7482,33.8082],[-87.73,33.7867],[-87.7071,33.7251],[-87.65,33.6625],[-87.57,33.6184],[-87.5261,33.6252],[-87.4365,33.6752],[-87.43,33.6855],[-87.407,33.7583],[-87.41,33.7752],[-87.43,33.8025],[-87.47,33.8192],[-87.47,33.8282],[-87.45,33.8488],[-87.39,33.8578],[-87.31,33.8424],[-87.2689,33.7916],[-87.21,33.7607],[-87.11,33.7721],[-87.0723,33.7583],[-87.03,33.7146],[-86.97,33.6712],[-86.9393,33.6085],[-86.87,33.5647],[-86.8581,33.5085],[-86.8273,33.4418],[-86.71,33.3309],[-86.6738,33.2413],[-86.6755,33.2246],[-86.7215,33.1744],[-86.7236,33.1576],[-86.6841,33.0906],[-86.6633,33.0235],[-86.63,32.9637],[-86.61,32.9459],[-86.57,32.9323],[-86.5604,32.9229],[-86.5481,32.8725],[-86.53,32.8466],[-86.4821,32.8221],[-86.47,32.7958],[-86.37,32.7074],[-86.35,32.7084],[-86.3215,32.738],[-86.3128,32.7716],[-86.3176,32.7885],[-86.35,32.8124],[-86.37,32.8133],[-86.41,32.7973],[-86.43,32.7992],[-86.4337,32.8053],[-86.4179,32.8221],[-86.37,32.8312],[-86.31,32.88],[-86.2686,32.9397],[-86.2511,32.99],[-86.1985,33.0403],[-86.15,33.1576],[-86.13,33.1561],[-86.11,33.1444],[-86.0665,33.0906],[-86.03,33.0647],[-85.9124,33.0235],[-85.9006,33.0068],[-85.9131,32.9397],[-85.93,32.9161],[-85.959,32.9061],[-85.9579,32.8893],[-85.91,32.843],[-85.89,32.8383],[-85.85,32.8501],[-85.83,32.8476],[-85.8047,32.8221],[-85.7925,32.7885],[-85.83,32.6971],[-85.87,32.6925],[-85.889,32.6707],[-85.8996,32.5696],[-85.8735,32.5359],[-85.7764,32.4684],[-85.7271,32.3671],[-85.7265,32.3502],[-85.7466,32.2995],[-85.804,32.2318],[-85.8047,32.198],[-85.79,32.1706],[-85.77,32.1527],[-85.65,32.0865],[-85.63,32.084],[-85.61,32.0975],[-85.5995,32.1303],[-85.6173,32.3502],[-85.6123,32.384],[-85.55,32.4177],[-85.51,32.4611],[-85.45,32.4871],[-85.4198,32.519],[-85.4176,32.5359],[-85.4812,32.7043],[-85.5026,32.8053],[-85.5417,32.8893],[-85.6201,32.9732],[-85.684,33.0235],[-85.7017,33.0571],[-85.6812,33.1744],[-85.644,33.2246],[-85.6301,33.4084],[-85.61,33.4234],[-85.55,33.4109],[-85.53,33.4169],[-85.5083,33.4585],[-85.5144,33.4919],[-85.5559,33.5586],[-85.6076,33.6085],[-85.69,33.6724],[-85.73,33.6816],[-85.77,33.6637],[-85.81,33.6642],[-85.89,33.7032],[-86.0608,33.7583],[-86.0834,33.775],[-86.1159,33.8248],[-86.19,33.8466],[-86.3273,34.0406],[-86.39,34.1097],[-86.5341,34.2062],[-86.5521,34.2227],[-86.6016,34.3053],[-86.65,34.3384]],[[-86.57,34.4744],[-86.6161,34.4374],[-86.623,34.4209],[-86.6191,34.4044],[-86.57,34.3654],[-86.53,34.3511],[-86.5154,34.3549],[-86.4953,34.4044],[-86.4984,34.4374],[-86.5065,34.4539],[-86.53,34.4738],[-86.57,34.4744]],[[-84.89,33.1426],[-84.9053,33.1241],[-84.9259,33.0738],[-84.9208,33.0403],[-84.89,32.9957],[-84.87,32.982],[-84.83,32.9717],[-84.77,32.9816],[-84.69,32.9699],[-84.67,32.9789],[-84.6699,33.0068],[-84.71,33.0761],[-84.73,33.0897],[-84.79,33.1001],[-84.85,33.1337],[-84.89,33.1426]],[[-84.63,32.8085],[-84.655,32.7885],[-84.67,32.7306],[-84.7165,32.6875],[-84.7046,32.6707],[-84.65,32.6654],[-84.59,32.6981],[-84.5158,32.7043],[-84.4988,32.7212],[-84.4981,32.738],[-84.51,32.7606],[-84.63,32.8085]],[[-88.39,35.4855],[-88.39,35.4598],[-88.37,35.4484],[-88.3607,35.4539],[-88.3618,35.4702],[-88.37,35.4809],[-88.39,35.4855]],[[-88.87,36.7492],[-88.87,36.7197],[-88.85,36.7097],[-88.8389,36.7307],[-88.8429,36.7467],[-88.85,36.7557],[-88.87,36.7492]],[[-87.05,33.3001],[-87.0683,33.2915],[-87.0689,33.2747],[-87.0516,33.258],[-87.03,33.2518],[-86.9989,33.258],[-87.01,33.2857],[-87.03,33.2978],[-87.05,33.3001]],[[-86.09,32.9564],[-86.1016,32.9397],[-86.0992,32.9229],[-86.081,32.9061],[-86.0548,32.9061],[-86.048,32.9229],[-86.054,32.9397],[-86.07,32.9556],[-86.09,32.9564]]]}},{"type":"Feature","properties":{"c":"#00fb90","v0":0.05,"v1":0.25},"geometry":{"type":"Polygon","coordinates":[[[-105.7926,39.6231],[-105.73,39.6297],[-105.6887,39.6231],[-105.67,39.6131],[-105.6513,39.5769],[-105.624,39.546],[-105.5788,39.4534],[-105.59,39.4191],[-105.61,39.4149],[-105.63,39.4238],[-105.6766,39.4534],[-105.73,39.504],[-105.81,39.5338],[-105.825,39.5923],[-105.8191,39.6077],[-105.7926,39.6231]]]}},{"type":"Feature","properties":{"c":"#00fb90","v0":0.05,"v1":0.25},"geometry":{"type":"Polygon","coordinates":[[[-104.5886,39.6077],[-104.57,39.6177],[-104.552,39.6077],[-104.5557,39.5923],[-104.57,39.5853],[-104.5861,39.5923],[-104.5886,39.6077]]]}},{"type":"Feature","properties":{"c":"#00fb90","v0":0.05,"v1":0.25},"geometry":{"type":"Polygon","coordinates":[[[-75.4129,39.4534],[-75.39,39.4588],[-75.3551,39.438],[-75.317,39.3453],[-75.29,39.3257],[-75.27,39.3221],[-75.25,39.3268],[-75.23,39.3438],[-75.19,39.4075],[-75.17,39.414],[-75.13,39.4021],[-74.94,39.2834],[-74.87,39.2242],[-74.75,39.1619],[-74.69,39.1202],[-74.6496,39.0818],[-74.5153,39.0041],[-74.45,38.9525],[-74.3156,38.8952],[-74.3012,38.8797],[-74.3095,38.8485],[-74.35,38.8418],[-74.37,38.8332],[-74.3831,38.8174],[-74.3999,38.7706],[-74.3963,38.7394],[-74.37,38.7073],[-74.33,38.6839],[-74.31,38.6861],[-74.291,38.7082],[-74.2827,38.755],[-74.27,38.7702],[-74.2375,38.755],[-74.1892,38.7082],[-74.1733,38.6301],[-74.1337,38.5676],[-74.19,38.5472],[-74.208,38.5363],[-74.2139,38.5206],[-74.2038,38.4893],[-74.1679,38.4424],[-74.204,38.3953],[-74.1963,38.3326],[-74.2202,38.3012],[-74.2207,38.2855],[-74.2055,38.2541],[-74.17,38.2097],[-74.0996,38.1598],[-74.0685,38.1284],[-74.068,38.1126],[-74.1083,38.0654],[-74.1065,38.0339],[-74.088,37.9866],[-74.1018,37.9235],[-74.0807,37.8762],[-74.088,37.8604],[-74.1502,37.813],[-74.33,37.7335],[-74.39,37.7284],[-74.4812,37.7498],[-74.55,37.7552],[-74.5817,37.7498],[-74.5895,37.734],[-74.5673,37.7023],[-74.49,37.6583],[-74.4602,37.5756],[-74.4381,37.5439],[-74.346,37.4963],[-74.3389,37.4804],[-74.3517,37.4645],[-74.44,37.4487],[-74.4673,37.4328],[-74.4722,37.401],[-74.4615,37.3851],[-74.4013,37.3533],[-74.3202,37.2897],[-74.31,37.2699],[-74.33,37.2552],[-74.41,37.2439],[-74.65,37.2556],[-74.69,37.2514],[-74.73,37.2384],[-74.77,37.2467],[-74.8068,37.242],[-74.8224,37.226],[-74.817,37.2101],[-74.79,37.1917],[-74.7533,37.1782],[-74.7438,37.1623],[-74.7277,37.0666],[-74.7436,37.0347],[-74.7854,36.9868],[-74.83,36.9639],[-74.89,36.9653],[-74.9675,37.0027],[-74.9834,37.0187],[-75.0252,37.0985],[-75.0879,37.1464],[-75.13,37.1947],[-75.2439,37.2738],[-75.2414,37.2897],[-75.19,37.3203],[-75.1746,37.3374],[-75.1617,37.3692],[-75.17,37.3867],[-75.2447,37.4645],[-75.29,37.4834],[-75.43,37.5121],[-75.51,37.5471],[-75.5448,37.5756],[-75.5583,37.6073],[-75.55,37.6372],[-75.49,37.6301],[-75.43,37.6015],[-75.39,37.5939],[-75.35,37.6058],[-75.321,37.6231],[-75.3192,37.639],[-75.33,37.6494],[-75.39,37.6789],[-75.43,37.7094],[-75.45,37.7149],[-75.53,37.7125],[-75.63,37.751],[-75.81,37.7768],[-75.85,37.7985],[-75.8791,37.8288],[-75.8929,37.8604],[-75.8906,37.8762],[-75.8635,37.9078],[-75.8445,38.0024],[-75.8566,38.0654],[-75.87,38.0811],[-75.93,38.0953],[-75.9412,38.1126],[-75.9004,38.1441],[-75.8914,38.1598],[-75.8927,38.1755],[-75.944,38.2227],[-75.8789,38.2698],[-75.8687,38.2855],[-75.8704,38.3169],[-75.9044,38.3797],[-75.9663,38.4424],[-76.01,38.5261],[-76.03,38.5416],[-76.13,38.5811],[-76.1763,38.6145],[-76.1858,38.6301],[-76.1816,38.6457],[-76.13,38.6608],[-76.11,38.6732],[-76.1003,38.7238],[-76.07,38.7428],[-76.01,38.7434],[-75.91,38.7175],[-75.83,38.7248],[-75.65,38.6167],[-75.59,38.6073],[-75.55,38.5869],[-75.43,38.4756],[-75.3493,38.411],[-75.304,38.3326],[-75.27,38.2992],[-75.23,38.2855],[-75.15,38.3024],[-75.11,38.2976],[-75.1058,38.3169],[-75.15,38.3511],[-75.17,38.4202],[-75.2029,38.458],[-75.2156,38.4893],[-75.2031,38.5206],[-75.1304,38.5832],[-75.1342,38.5988],[-75.1987,38.6457],[-75.21,38.6926],[-75.2413,38.7394],[-75.3101,38.7862],[-75.4097,38.8329],[-75.4272,38.8797],[-75.445,38.8952],[-75.49,38.9075],[-75.61,38.925],[-75.65,38.9403],[-75.67,38.9575],[-75.6752,38.973],[-75.6502,39.0197],[-75.6865,39.0507],[-75.7362,39.1439],[-75.73,39.1714],[-75.71,39.1885],[-75.63,39.2118],[-75.59,39.2148],[-75.5358,39.2369],[-75.5281,39.2524],[-75.5432,39.2834],[-75.5411,39.2988],[-75.4747,39.3762],[-75.4268,39.4071],[-75.4129,39.4534]],[[-75.13,39.1632],[-75.17,39.1461],[-75.2147,39.1128],[-75.3353,39.0818],[-75.3632,39.0663],[-75.3763,39.0507],[-75.3595,39.0041],[-75.376,38.9419],[-75.343,38.8952],[-75.3662,38.8641],[-75.3674,38.8485],[-75.3546,38.8329],[-75.21,38.7423],[-75.1376,38.6613],[-75.07,38.6011],[-74.9932,38.5676],[-74.9585,38.5363],[-74.9615,38.5206],[-74.97,38.5171],[-75.13,38.5436],[-75.1714,38.5206],[-75.1856,38.4893],[-75.177,38.4737],[-75.1391,38.4424],[-75.1032,38.364],[-74.9484,38.2541],[-74.9278,38.1755],[-74.9479,38.1284],[-74.9209,38.0811],[-74.944,38.0024],[-74.97,37.9844],[-74.9925,38.0496],[-75.03,38.0896],[-75.05,38.0943],[-75.09,38.0803],[-75.13,38.0524],[-75.21,38.0355],[-75.24,38.0181],[-75.2499,37.9866],[-75.2385,37.9235],[-75.29,37.8975],[-75.3052,37.8762],[-75.2797,37.813],[-75.27,37.7576],[-75.29,37.7398],[-75.3452,37.7181],[-75.3485,37.7023],[-75.2684,37.639],[-75.2692,37.6231],[-75.336,37.5756],[-75.3403,37.5597],[-75.322,37.5439],[-75.29,37.5301],[-75.1899,37.4963],[-75.202,37.4645],[-75.1963,37.4487],[-75.1475,37.401],[-75.1277,37.3692],[-75.1306,37.3533],[-75.1872,37.2897],[-75.192,37.2738],[-75.01,37.11],[-74.9595,37.0187],[-74.91,36.9888],[-74.85,36.9792],[-74.8245,36.9868],[-74.8017,37.0027],[-74.7672,37.0506],[-74.7588,37.0826],[-74.77,37.1019],[-74.8396,37.1464],[-74.87,37.1803],[-74.8935,37.226],[-74.8862,37.2579],[-74.8689,37.2738],[-74.77,37.2999],[-74.73,37.3195],[-74.6605,37.3692],[-74.6462,37.4169],[-74.57,37.4342],[-74.5501,37.4487],[-74.5432,37.4645],[-74.5453,37.4804],[-74.5836,37.5439],[-74.61,37.57],[-74.69,37.6033],[-74.7758,37.6231],[-74.795,37.639],[-74.79,37.6603],[-74.7394,37.6865],[-74.7188,37.7181],[-74.7334,37.7498],[-74.7996,37.7972],[-74.8016,37.813],[-74.77,37.8313],[-74.73,37.835],[-74.51,37.7874],[-74.41,37.789],[-74.2885,37.8288],[-74.2733,37.8446],[-74.2342,37.9235],[-74.25,37.9618],[-74.29,37.9966],[-74.37,38.0254],[-74.47,38.0212],[-74.5948,38.0969],[-74.63,38.1308],[-74.6741,38.207],[-74.6792,38.2698],[-74.65,38.3255],[-74.5857,38.3797],[-74.5803,38.411],[-74.5917,38.458],[-74.5159,38.5363],[-74.5196,38.5676],[-74.5383,38.5988],[-74.5873,38.6457],[-74.5978,38.6926],[-74.6087,38.7082],[-74.71,38.7499],[-74.725,38.7394],[-74.7231,38.7238],[-74.6973,38.6457],[-74.71,38.6299],[-74.79,38.6149],[-74.81,38.6183],[-74.8917,38.7394],[-74.8882,38.755],[-74.8236,38.7862],[-74.8142,38.8018],[-74.8229,38.8329],[-74.89,38.9063],[-74.9131,38.973],[-74.93,38.9928],[-74.9697,39.0197],[-75.0439,39.1284],[-75.09,39.1601],[-75.13,39.1632]],[[-74.47,38.2562],[-74.4869,38.2384],[-74.4887,38.2227],[-74.47,38.1958],[-74.43,38.1691],[-74.39,38.1489],[-74.35,38.1377],[-74.31,38.1443],[-74.2882,38.1598],[-74.2768,38.1913],[-74.29,38.2142],[-74.3238,38.2384],[-74.41,38.2676],[-74.45,38.2643],[-74.47,38.2562]],[[-75.85,37.8708],[-75.8598,37.8604],[-75.8587,37.8446],[-75.8316,37.813],[-75.79,37.799],[-75.77,37.8032],[-75.7589,37.813],[-75.762,37.8288],[-75.79,37.8614],[-75.83,37.8747],[-75.85,37.8708]],[[-76.05,38.7247],[-76.0724,38.7082],[-76.1053,38.6145],[-76.0952,38.5988],[-75.9897,38.5363],[-75.9406,38.4424],[-75.8775,38.3953],[-75.87,38.3833],[-75.8478,38.3012],[-75.8669,38.2227],[-75.8478,38.1755],[-75.8485,38.1284],[-75.8281,38.0811],[-75.8318,38.0339],[-75.8146,37.9393],[-75.7834,37.9078],[-75.7077,37.892],[-75.6549,37.8604],[-75.649,37.8288],[-75.6649,37.7972],[-75.6445,37.7814],[-75.53,37.7353],[-75.47,37.7449],[-75.4487,37.7656],[-75.4743,37.813],[-75.4821,37.8604],[-75.5408,37.9235],[-75.5652,37.9708],[-75.5679,37.9866],[-75.5558,38.0024],[-75.5153,38.0181],[-75.5016,38.0339],[-75.5114,38.0496],[-75.55,38.0695],[-75.59,38.1153],[-75.5785,38.2227],[-75.5557,38.2541],[-75.5948,38.3326],[-75.6828,38.3953],[-75.7339,38.4424],[-75.7749,38.5832],[-75.7949,38.6145],[-75.9606,38.7082],[-76.01,38.7247],[-76.05,38.7247]],[[-75.65,38.4485],[-75.6659,38.4267],[-75.6623,38.411],[-75.6458,38.3953],[-75.59,38.3718],[-75.53,38.3229],[-75.51,38.3205],[-75.4832,38.3326],[-75.4761,38.364],[-75.51,38.4039],[-75.5872,38.4267],[-75.63,38.4522],[-75.65,38.4485]],[[-75.43,38.2399],[-75.4775,38.207],[-75.5057,38.1755],[-75.508,38.1126],[-75.4486,38.0339],[-75.4515,38.0181],[-75.5052,37.9708],[-75.5027,37.9551],[-75.4492,37.892],[-75.4256,37.8288],[-75.4048,37.7972],[-75.37,37.7672],[-75.33,37.7591],[-75.3091,37.7656],[-75.3064,37.7814],[-75.3341,37.8288],[-75.3361,37.892],[-75.3266,37.9078],[-75.2694,37.9393],[-75.2749,38.0024],[-75.2686,38.0181],[-75.25,38.0361],[-75.17,38.0711],[-75.1515,38.0969],[-75.1428,38.1284],[-75.176,38.1598],[-75.33,38.2458],[-75.39,38.2511],[-75.43,38.2399]],[[-75.11,38.2824],[-75.1168,38.2698],[-75.1138,38.2541],[-75.0435,38.1913],[-75.01,38.1829],[-74.99,38.1851],[-74.97,38.1987],[-74.9692,38.2384],[-74.9893,38.2541],[-75.11,38.2824]],[[-75.45,39.3464],[-75.501,39.2988],[-75.5035,39.2834],[-75.4376,39.2059],[-75.45,39.1926],[-75.51,39.1987],[-75.53,39.191],[-75.5621,39.1594],[-75.59,39.1529],[-75.65,39.1655],[-75.69,39.1656],[-75.7046,39.1439],[-75.665,39.0663],[-75.6076,39.0197],[-75.6034,39.0041],[-75.6319,38.973],[-75.6238,38.9575],[-75.51,38.9328],[-75.45,38.9292],[-75.43,38.9303],[-75.402,38.9419],[-75.3984,38.9575],[-75.423,39.0041],[-75.4215,39.0197],[-75.4041,39.0507],[-75.39,39.1099],[-75.3651,39.1439],[-75.3594,39.1904],[-75.337,39.2524],[-75.3504,39.2988],[-75.39,39.3463],[-75.41,39.3565],[-75.43,39.3569],[-75.45,39.3464]],[[-75.73,37.8639],[-75.7353,37.8604],[-75.73,37.8529],[-75.7096,37.8446],[-75.7092,37.8604],[-75.73,37.8639]]]}},{"type":"Feature","properties":{"c":"#00fb90","v0":0.05,"v1":0.25},"geometry":{"type":"Polygon","coordinates":[[[-104.4213,39.2988],[-104.41,39.3098],[-104.39,39.311],[-104.3561,39.2988],[-104.3396,39.2834],[-104.35,39.187],[-104.37,39.1581],[-104.39,39.1533],[-104.43,39.1749],[-104.4689,39.2214],[-104.4631,39.2524],[-104.4213,39.2988]]]}},{"type":"Feature","properties":{"c":"#00fb90","v0":0.05,"v1":0.25},"geometry":{"type":"Polygon","coordinates":[[[-105.3528,39.0973],[-105.33,39.1068],[-105.31,39.1045],[-105.3001,39.0973],[-105.3008,39.0818],[-105.3163,39.0663],[-105.33,39.0624],[-105.3463,39.0663],[-105.3567,39.0818],[-105.3528,39.0973]]]}},{"type":"Feature","properties":{"c":"#00fb90","v0":0.05,"v1":0.25},"geometry":{"type":"Polygon","coordinates":[[[-76.017,38.207],[-75.99,38.2117],[-75.9781,38.207],[-76.01,38.1953],[-76.017,38.207]]]}},{"type":"Feature","properties":{"c":"#00fb90","v0":0.05,"v1":0.25},"geometry":{"type":"Polygon","coordinates":[[[-76.5718,37.6231],[-76.55,37.6348],[-76.49,37.6361],[-76.47,37.6355],[-76.4488,37.6231],[-76.4792,37.5914],[-76.51,37.5858],[-76.5656,37.6073],[-76.5718,37.6231]]]}},{"type":"Feature","properties":{"c":"#00fb90","v0":0.05,"v1":0.25},"geometry":{"type":"Polygon","coordinates":[[[-77.5905,37.528],[-77.55,37.5256],[-77.47,37.4746],[-77.21,37.3711],[-77.17,37.3695],[-77.11,37.3981],[-77.07,37.399],[-77.0384,37.3692],[-77.03,37.3246],[-77.01,37.3184],[-76.97,37.3187],[-76.9564,37.3056],[-76.9482,37.2738],[-76.9451,37.1464],[-76.9345,37.1145],[-77.01,37.1113],[-77.07,37.0803],[-77.13,37.0847],[-77.17,37.0983],[-77.2198,37.1623],[-77.31,37.2337],[-77.37,37.2648],[-77.43,37.3402],[-77.45,37.3542],[-77.51,37.3686],[-77.57,37.3968],[-77.6572,37.4645],[-77.6664,37.4804],[-77.6638,37.4963],[-77.5905,37.528]],[[-77.31,37.3261],[-77.3248,37.3215],[-77.3284,37.3056],[-77.27,37.2287],[-77.25,37.2121],[-77.17,37.1709],[-77.15,37.1698],[-77.1114,37.1942],[-77.0974,37.2101],[-77.0983,37.242],[-77.15,37.2884],[-77.2548,37.3056],[-77.31,37.3261]]]}},{"type":"Feature","properties":{"c":"#00fb90","v0":0.05,"v1":0.25},"geometry":{"type":"Polygon","coordinates":[[[-77.9326,37.3851],[-77.91,37.394],[-77.85,37.3936],[-77.81,37.3769],[-77.77,37.3473],[-77.7512,37.3056],[-77.69,37.229],[-77.59,37.1801],[-77.47,37.0824],[-77.368,37.0347],[-77.3275,37.0027],[-77.3146,36.9868],[-77.33,36.9791],[-77.41,36.9971],[-77.4552,37.0187],[-77.53,37.0738],[-77.57,37.0879],[-77.59,37.0884],[-77.6096,37.0666],[-77.6155,37.0027],[-77.6081,36.9868],[-77.57,36.9611],[-77.51,36.9492],[-77.452,36.9228],[-77.4312,36.9068],[-77.409,36.8748],[-77.3406,36.8268],[-77.3141,36.7147],[-77.2483,36.6345],[-77.262,36.6184],[-77.31,36.5977],[-77.39,36.5917],[-77.5045,36.5542],[-77.57,36.5453],[-77.67,36.5414],[-77.71,36.5456],[-77.75,36.5601],[-77.785,36.5863],[-77.8989,36.7628],[-77.9135,36.8428],[-77.93,36.8726],[-77.97,36.91],[-78.01,36.9246],[-78.0251,36.9548],[-78.0228,36.9708],[-78.01,36.9844],[-77.9753,37.0027],[-77.9637,37.0187],[-77.99,37.0666],[-77.9959,37.1145],[-78.0217,37.1942],[-78.0206,37.226],[-77.99,37.2598],[-77.93,37.2788],[-77.926,37.3056],[-77.9419,37.3533],[-77.9326,37.3851]],[[-77.89,37.3631],[-77.9064,37.3533],[-77.9096,37.3374],[-77.8855,37.2738],[-77.8485,37.226],[-77.87,37.2225],[-77.95,37.2354],[-77.9753,37.226],[-77.9912,37.1942],[-77.958,37.0826],[-77.8617,36.9868],[-77.8681,36.9228],[-77.8792,36.8908],[-77.8507,36.8268],[-77.8644,36.7788],[-77.8615,36.7628],[-77.7838,36.6184],[-77.7568,36.5863],[-77.73,36.5711],[-77.69,36.5609],[-77.61,36.5655],[-77.5682,36.5863],[-77.5454,36.6184],[-77.5429,36.6986],[-77.5648,36.7307],[-77.59,36.7451],[-77.7053,36.7788],[-77.7326,36.7948],[-77.7062,36.8428],[-77.709,36.8748],[-77.7275,36.9068],[-77.7757,36.9548],[-77.7749,36.9708],[-77.7184,36.9868],[-77.6947,37.0027],[-77.6813,37.0347],[-77.6783,37.0826],[-77.7193,37.1623],[-77.7117,37.1942],[-77.717,37.2101],[-77.7577,37.2738],[-77.81,37.3258],[-77.85,37.3547],[-77.89,37.3631]],[[-77.61,36.8439],[-77.63,36.8404],[-77.6456,36.8268],[-77.6518,36.8108],[-77.644,36.7948],[-77.59,36.7748],[-77.5475,36.7788],[-77.5401,36.7948],[-77.55,36.8135],[-77.57,36.8307],[-77.61,36.8439]]]}},{"type":"Feature","properties":{"c":"#00fb90","v0":0.05,"v1":0.25},"geometry":{"type":"Polygon","coordinates":[[[-75.398,37.3215],[-75.37,37.3363],[-75.35,37.3351],[-75.33,37.3238],[-75.3203,37.3056],[-75.3064,37.2101],[-75.3222,37.1782],[-75.35,37.1652],[-75.39,37.1665],[-75.43,37.183],[-75.4713,37.2101],[-75.4886,37.242],[-75.4808,37.2738],[-75.398,37.3215]],[[-75.45,37.2741],[-75.4647,37.2579],[-75.4662,37.242],[-75.45,37.2171],[-75.39,37.1886],[-75.37,37.1881],[-75.35,37.1966],[-75.3396,37.2101],[-75.3384,37.242],[-75.37,37.2826],[-75.41,37.2871],[-75.45,37.2741]]]}},{"type":"Feature","properties":{"c":"#00fb90","v0":0.05,"v1":0.25},"geometry":{"type":"Polygon","coordinates":[[[-78.0943,36.9068],[-78.07,36.9156],[-78.0354,36.9068],[-78.044,36.8748],[-78.07,36.871],[-78.09,36.8801],[-78.0983,36.8908],[-78.0943,36.9068]]]}},{"type":"Feature","properties":{"c":"#00fb90","v0":0.05,"v1":0.25},"geometry":{"type":"Polygon","coordinates":[[[-89.9831,36.8428],[-89.95,36.8533],[-89.9257,36.8428],[-89.9154,36.8108],[-89.93,36.7893],[-89.95,36.7819],[-89.9826,36.7948],[-89.9934,36.8108],[-89.9938,36.8268],[-89.9831,36.8428]]]}},{"type":"Feature","properties":{"c":"#00fb90","v0":0.05,"v1":0.25},"geometry":{"type":"Polygon","coordinates":[[[-76.221,36.7948],[-76.21,36.8009],[-76.1788,36.7948],[-76.1644,36.7788],[-76.17,36.7549],[-76.19,36.744],[-76.2127,36.7467],[-76.23,36.7729],[-76.221,36.7948]]]}},{"type":"Feature","properties":{"c":"#00fb90","v0":0.05,"v1":0.25},"geometry":{"type":"Polygon","coordinates":[[[-85.3894,36.0706],[-85.35,36.0731],[-85.31,36.06],[-85.25,36.0171],[-85.1873,35.9898],[-85.173,35.9736],[-85.171,35.9574],[-85.19,35.9277],[-85.21,35.9171],[-85.29,35.9117],[-85.31,35.9051],[-85.35,35.8568],[-85.37,35.8417],[-85.39,35.8376],[-85.4421,35.8602],[-85.462,35.8926],[-85.4543,35.925],[-85.4077,35.9736],[-85.4036,35.9898],[-85.4157,36.0383],[-85.4118,36.0545],[-85.3894,36.0706]],[[-85.35,36.0101],[-85.35,36.0011],[-85.33,35.9868],[-85.33,36.0125],[-85.35,36.0101]]]}},{"type":"Feature","properties":{"c":"#00fb90","v0":0.05,"v1":0.25},"geometry":{"type":"Polygon","coordinates":[[[-88.8713,35.7953],[-88.85,35.8032],[-88.8385,35.7953],[-88.8411,35.7791],[-88.8632,35.7629],[-88.87,35.7065],[-88.89,35.7197],[-88.8921,35.7304],[-88.8738,35.7629],[-88.8713,35.7953]]]}},{"type":"Feature","properties":{"c":"#00fb90","v0":0.05,"v1":0.25},"geometry":{"type":"Polygon","coordinates":[[[-76.4048,35.7466],[-76.39,35.7563],[-76.3598,35.7466],[-76.3518,35.7304],[-76.363,35.7142],[-76.39,35.7146],[-76.4051,35.7304],[-76.4048,35.7466]]]}},{"type":"Feature","properties":{"c":"#00fb90","v0":0.05,"v1":0.25},"geometry":{"type":"Polygon","coordinates":[[[-84.096,35.6817],[-84.07,35.687],[-84.05,35.6807],[-83.9923,35.6492],[-83.97,35.6186],[-83.9887,35.4865],[-83.9272,35.3561],[-83.93,35.3283],[-83.95,35.3142],[-83.97,35.3173],[-84.01,35.3452],[-84.0502,35.3887],[-84.0772,35.4376],[-84.0976,35.4539],[-84.15,35.4645],[-84.23,35.4642],[-84.25,35.4753],[-84.3095,35.5516],[-84.31,35.5731],[-84.29,35.5934],[-84.23,35.604],[-84.096,35.6817]],[[-84.07,35.6177],[-84.15,35.6094],[-84.1705,35.6004],[-84.21,35.5651],[-84.25,35.5639],[-84.2627,35.5516],[-84.1804,35.5028],[-84.15,35.4923],[-84.11,35.4883],[-84.07,35.4945],[-84.05,35.515],[-84.0437,35.5353],[-84.062,35.6167],[-84.07,35.6177]]]}},{"type":"Feature","properties":{"c":"#00fb90","v0":0.05,"v1":0.25},"geometry":{"type":"Polygon","coordinates":[[[-88.8584,35.6167],[-88.85,35.623],[-88.81,35.6132],[-88.73,35.6199],[-88.6724,35.5841],[-88.67,35.563],[-88.69,35.5402],[-88.73,35.5324],[-88.75,35.5349],[-88.85,35.573],[-88.8656,35.6004],[-88.8584,35.6167]]]}},{"type":"Feature","properties":{"c":"#00fb90","v0":0.05,"v1":0.25},"geometry":{"type":"Polygon","coordinates":[[[-85.1464,35.1437],[-85.13,35.1489],[-85.11,35.136],[-85.0472,35.0783],[-85.05,35.0686],[-85.07,35.0614],[-85.09,35.0734],[-85.1303,35.111],[-85.1464,35.1437]]]}},{"type":"Feature","properties":{"c":"#00fb90","v0":0.05,"v1":0.25},"geometry":{"type":"Polygon","coordinates":[[[-88.6924,34.6845],[-88.69,34.691],[-88.67,34.6919],[-88.67,34.6657],[-88.69,34.6759],[-88.6924,34.6845]]]}},{"type":"Feature","properties":{"c":"#00fb90","v0":0.05,"v1":0.25},"geometry":{"type":"Polygon","coordinates":[[[-84.9382,34.5034],[-84.93,34.516],[-84.91,34.5125],[-84.87,34.4773],[-84.7573,34.4374],[-84.7093,34.4044],[-84.6286,34.3053],[-84.574,34.2558],[-84.5558,34.2227],[-84.3526,34.024],[-84.3406,33.9908],[-84.3896,33.9742],[-84.3968,33.9577],[-84.37,33.9232],[-84.33,33.9095],[-84.31,33.9182],[-84.3102,33.9742],[-84.29,33.9747],[-84.1931,33.9245],[-84.15,33.9091],[-84.13,33.9088],[-84.09,33.9234],[-83.93,33.8653],[-83.89,33.8876],[-83.87,33.8758],[-83.8488,33.8414],[-83.7986,33.7916],[-83.7967,33.7583],[-83.8192,33.7084],[-83.7824,33.6419],[-83.7762,33.6085],[-83.79,33.5794],[-83.8306,33.5419],[-83.8319,33.4919],[-83.87,33.4474],[-83.89,33.4422],[-83.93,33.4543],[-83.9502,33.4752],[-83.9576,33.5252],[-83.97,33.5391],[-84.0394,33.5586],[-84.17,33.6517],[-84.25,33.6686],[-84.33,33.6623],[-84.35,33.667],[-84.4113,33.6918],[-84.47,33.7366],[-84.5628,33.8581],[-84.5568,33.9245],[-84.5901,33.9742],[-84.616,34.0406],[-84.6767,34.1068],[-84.71,34.1558],[-84.73,34.178],[-84.83,34.2507],[-84.93,34.3684],[-85.0301,34.4209],[-85.0372,34.4374],[-85.0327,34.4539],[-84.99,34.4575],[-84.97,34.4683],[-84.9382,34.5034]],[[-84.63,34.1281],[-84.63,34.1158],[-84.6167,34.1068],[-84.5925,34.1068],[-84.6037,34.1234],[-84.63,34.1281]],[[-84.55,34.1454],[-84.5848,34.1234],[-84.5889,34.1068],[-84.55,34.0928],[-84.53,34.0923],[-84.51,34.1021],[-84.5077,34.1234],[-84.53,34.1447],[-84.55,34.1454]],[[-84.45,33.9263],[-84.47,33.9211],[-84.5215,33.8747],[-84.5238,33.8581],[-84.5145,33.8414],[-84.49,33.825],[-84.33,33.8006],[-84.2828,33.7417],[-84.21,33.6944],[-84.09,33.6341],[-83.99,33.6113],[-83.91,33.5733],[-83.89,33.5689],[-83.85,33.5784],[-83.8078,33.6085],[-83.8075,33.6419],[-83.8437,33.7084],[-83.8454,33.7251],[-83.8264,33.775],[-83.83,33.7835],[-83.85,33.7998],[-83.91,33.813],[-83.99,33.8704],[-84.07,33.8957],[-84.15,33.8909],[-84.23,33.9151],[-84.25,33.9123],[-84.29,33.8828],[-84.33,33.8798],[-84.43,33.9232],[-84.45,33.9263]]]}},{"type":"Feature","properties":{"c":"#00fb90","v0":0.05,"v1":0.25},"geometry":{"type":"Polygon","coordinates":[[[-85.5508,34.4209],[-85.55,34.4264],[-85.53,34.4298],[-85.5158,34.4044],[-85.49,34.3826],[-85.45,34.366],[-85.39,34.3227],[-85.3599,34.2888],[-85.3674,34.2723],[-85.39,34.2729],[-85.4175,34.2888],[-85.47,34.3597],[-85.49,34.3683],[-85.53,34.3624],[-85.59,34.3359],[-85.6104,34.3384],[-85.634,34.3549],[-85.57,34.3937],[-85.5508,34.4209]]]}},{"type":"Feature","properties":{"c":"#00fb90","v0":0.05,"v1":0.25},"geometry":{"type":"Polygon","coordinates":[[[-85.2733,34.4044],[-85.25,34.4177],[-85.23,34.4012],[-85.2045,34.3549],[-85.23,34.3493],[-85.2581,34.3549],[-85.2737,34.3714],[-85.2733,34.4044]]]}},{"type":"Feature","properties":{"c":"#00fb90","v0":0.05,"v1":0.25},"geometry":{"type":"Polygon","coordinates":[[[-85.7249,34.3053],[-85.71,34.3201],[-85.71,34.2847],[-85.73,34.2876],[-85.7249,34.3053]]]}},{"type":"Feature","properties":{"c":"#00fb90","v0":0.05,"v1":0.25},"geometry":{"type":"Polygon","coordinates":[[[-85.7148,34.2227],[-85.71,34.2307],[-85.6977,34.1896],[-85.71,34.1723],[-85.73,34.1766],[-85.743,34.1896],[-85.7148,34.2227]]]}},{"type":"Feature","properties":{"c":"#00fb90","v0":0.05,"v1":0.25},"geometry":{"type":"Polygon","coordinates":[[[-85.1107,34.0737],[-85.09,34.0839],[-85.07,34.0718],[-85.0526,34.0406],[-85.05,34.019],[-85.07,34.0222],[-85.09,34.0372],[-85.1107,34.0737]]]}},{"type":"Feature","properties":{"c":"#00fb90","v0":0.05,"v1":0.25},"geometry":{"type":"Polygon","coordinates":[[[-87.2308,34.0074],[-87.2031,34.0074],[-87.25,33.984],[-87.2574,33.9908],[-87.2308,34.0074]]]}},{"type":"Feature","properties":{"c":"#00fb90","v0":0.05,"v1":0.25},"geometry":{"type":"Polygon","coordinates":[[[-88.1147,33.8913],[-88.09,33.9033],[-88.07,33.9005],[-88.0388,33.8747],[-88.0396,33.8581],[-88.09,33.8563],[-88.11,33.8745],[-88.1147,33.8913]]]}},{"type":"Feature","properties":{"c":"#00fb90","v0":0.05,"v1":0.25},"geometry":{"type":"Polygon","coordinates":[[[-86.8505,33.8248],[-86.83,33.8399],[-86.8094,33.8082],[-86.8229,33.7916],[-86.85,33.7956],[-86.856,33.8082],[-86.8505,33.8248]]]}},{"type":"Feature","properties":{"c":"#00fb90","v0":0.05,"v1":0.25},"geometry":{"type":"Polygon","coordinates":[[[-88.2588,33.7417],[-88.23,33.7448],[-88.21,33.7397],[-88.1873,33.7251],[-88.1692,33.6918],[-88.1743,33.6752],[-88.2117,33.6419],[-88.23,33.6118],[-88.25,33.6058],[-88.31,33.6656],[-88.3206,33.6918],[-88.293,33.7251],[-88.2588,33.7417]]]}},{"type":"Feature","properties":{"c":"#00fb90","v0":0.05,"v1":0.25},"geometry":{"type":"Polygon","coordinates":[[[-87.54,33.3583],[-87.51,33.3687],[-87.49,33.3658],[-87.4728,33.3583],[-87.4718,33.3416],[-87.49,33.3312],[-87.51,33.3348],[-87.54,33.3583]]]}},{"type":"Feature","properties":{"c":"#00fb90","v0":0.05,"v1":0.25},"geometry":{"type":"Polygon","coordinates":[[[-88.1403,33.3416],[-88.13,33.35],[-88.1179,33.3249],[-88.13,33.3062],[-88.1426,33.3249],[-88.1403,33.3416]]]}},{"type":"Feature","properties":{"c":"#00fb90","v0":0.05,"v1":0.25},"geometry":{"type":"Polygon","coordinates":[[[-77.4852,33.1409],[-77.45,33.1529],[-77.41,33.1535],[-77.27,33.1251],[-77.21,33.1254],[-77.17,33.1179],[-77.05,33.085],[-76.9853,33.0403],[-76.93,33.0314],[-76.89,33.0168],[-76.8422,32.9732],[-76.8377,32.9229],[-76.85,32.8944],[-76.9009,32.8725],[-76.9936,32.8053],[-76.9998,32.7885],[-76.987,32.738],[-76.9993,32.6875],[-76.9791,32.6033],[-76.9852,32.5864],[-77.13,32.4913],[-77.17,32.473],[-77.23,32.4642],[-77.2676,32.4684],[-77.2877,32.4853],[-77.2936,32.5021],[-77.2914,32.5359],[-77.27,32.6033],[-77.2322,32.6875],[-77.2422,32.7548],[-77.255,32.7885],[-77.27,32.8107],[-77.31,32.8262],[-77.3189,32.8389],[-77.31,32.8576],[-77.29,32.8669],[-77.25,32.8687],[-77.2205,32.8893],[-77.2083,32.9229],[-77.2187,32.9564],[-77.2328,32.9732],[-77.31,33.0202],[-77.39,33.0372],[-77.43,33.0678],[-77.49,33.0875],[-77.5022,33.1074],[-77.4999,33.1241],[-77.4852,33.1409]],[[-77.35,33.1079],[-77.3644,33.0906],[-77.35,33.0744],[-77.31,33.0691],[-77.27,33.0387],[-77.21,33.0164],[-77.15,32.9654],[-77.13,32.9634],[-77.07,32.978],[-77.0539,32.9732],[-77.0257,32.9229],[-76.99,32.8964],[-76.93,32.8959],[-76.89,32.9179],[-76.8735,32.9397],[-76.8732,32.9732],[-76.9084,33.0068],[-76.95,33.0174],[-77.01,33.017],[-77.0471,33.0571],[-77.07,33.0683],[-77.1467,33.0738],[-77.19,33.1047],[-77.21,33.11],[-77.29,33.097],[-77.33,33.1098],[-77.35,33.1079]],[[-77.15,32.9034],[-77.19,32.8523],[-77.205,32.8053],[-77.19,32.7376],[-77.17,32.7202],[-77.15,32.7167],[-77.13,32.7228],[-77.1068,32.7548],[-77.0975,32.8557],[-77.11,32.882],[-77.13,32.8985],[-77.15,32.9034]]]}},{"type":"Feature","properties":{"c":"#00fb90","v0":0.05,"v1":0.25},"geometry":{"type":"Polygon","coordinates":[[[-76.4955,32.738],[-76.45,32.7455],[-76.37,32.7403],[-76.29,32.7461],[-76.25,32.7278],[-76.238,32.7043],[-76.2446,32.6875],[-76.2652,32.6707],[-76.31,32.6574],[-76.47,32.6625],[-76.5509,32.6875],[-76.5615,32.7043],[-76.5408,32.7212],[-76.4955,32.738]]]}},{"type":"Feature","properties":{"c":"#00fb90","v0":0.05,"v1":0.25},"geometry":{"type":"Polygon","coordinates":[[[-75.8409,32.3333],[-75.7697,32.3333],[-75.7153,32.3164],[-75.65,32.2844],[-75.61,32.2763],[-75.39,32.283],[-75.13,32.271],[-75.07,32.2507],[-75.0413,32.2149],[-74.99,32.1964],[-74.89,32.2029],[-74.5458,32.2657],[-74.39,32.2828],[-74.33,32.2811],[-74.2995,32.2657],[-74.2877,32.2488],[-74.29,32.2137],[-74.3145,32.1811],[-74.51,32.0201],[-74.6005,31.9268],[-74.6673,31.8079],[-74.73,31.7378],[-74.8161,31.6548],[-74.93,31.5966],[-74.99,31.5544],[-75.09,31.4292],[-75.15,31.3806],[-75.2073,31.3478],[-75.2185,31.3307],[-75.2113,31.3136],[-75.147,31.2452],[-75.1461,31.2281],[-75.2111,31.1768],[-75.3296,31.1083],[-75.3443,31.0912],[-75.35,31.0534],[-75.39,31.0046],[-75.41,31.0089],[-75.4197,31.0398],[-75.41,31.0622],[-75.334,31.1597],[-75.3312,31.1939],[-75.35,31.2144],[-75.39,31.2326],[-75.41,31.2343],[-75.49,31.2147],[-75.55,31.2158],[-75.59,31.2025],[-75.6716,31.1426],[-75.79,31.0804],[-76.0112,31.0227],[-76.05,31.0175],[-76.13,31.036],[-76.21,31.006],[-76.29,31.0121],[-76.45,30.9956],[-76.55,30.9719],[-76.6689,30.9198],[-76.87,30.8844],[-76.8966,30.8683],[-77.01,30.7353],[-77.05,30.7137],[-77.114,30.7136],[-77.19,30.76],[-77.29,30.7698],[-77.37,30.8265],[-77.41,30.8452],[-77.45,30.8518],[-77.49,30.8477],[-77.55,30.8245],[-77.59,30.7998],[-77.6194,30.7652],[-77.6592,30.6964],[-77.7908,30.6276],[-77.89,30.5413],[-77.93,30.5515],[-77.99,30.5542],[-78.05,30.5726],[-78.13,30.5696],[-78.165,30.576],[-78.1676,30.5932],[-78.139,30.662],[-78.1481,30.6964],[-78.17,30.7214],[-78.21,30.7459],[-78.25,30.7604],[-78.35,30.7768],[-78.39,30.7704],[-78.45,30.7273],[-78.4574,30.7136],[-78.4541,30.6964],[-78.37,30.601],[-78.35,30.5869],[-78.33,30.582],[-78.27,30.5977],[-78.2229,30.576],[-78.23,30.5588],[-78.31,30.5272],[-78.4275,30.4381],[-78.4308,30.3864],[-78.47,30.3743],[-78.59,30.358],[-78.69,30.3682],[-78.83,30.3397],[-78.85,30.3425],[-79.01,30.414],[-79.05,30.4159],[-79.077,30.4036],[-79.0892,30.3864],[-79.0848,30.3519],[-79.01,30.255],[-78.99,30.2392],[-78.95,30.2288],[-78.915,30.2828],[-78.89,30.2901],[-78.8504,30.2655],[-78.8466,30.2482],[-78.8573,30.231],[-78.8916,30.2137],[-78.9078,30.1964],[-78.9066,30.1791],[-78.8887,30.1445],[-78.8315,30.0753],[-78.824,30.058],[-78.83,30.0429],[-79.01,29.9811],[-79.05,29.9831],[-79.1416,30.006],[-79.185,30.0753],[-79.21,30.0938],[-79.25,30.1005],[-79.31,30.0779],[-79.3668,30.0926],[-79.3736,30.1099],[-79.3686,30.1445],[-79.3835,30.1791],[-79.47,30.253],[-79.55,30.2641],[-79.65,30.299],[-79.67,30.2998],[-79.71,30.2587],[-79.73,30.2516],[-79.75,30.2537],[-79.8363,30.3173],[-79.9225,30.4209],[-79.9371,30.4898],[-79.9283,30.5243],[-79.91,30.5329],[-79.87,30.5304],[-79.8,30.5415],[-79.7854,30.5588],[-79.7749,30.6104],[-79.7613,30.6276],[-79.71,30.6505],[-79.67,30.6827],[-79.63,30.6634],[-79.59,30.6214],[-79.5699,30.6276],[-79.5611,30.6792],[-79.5775,30.7136],[-79.61,30.7237],[-79.67,30.7076],[-79.69,30.7102],[-79.77,30.7507],[-79.8409,30.7996],[-79.8619,30.8339],[-79.8605,30.8683],[-79.852,30.8855],[-79.8305,30.9026],[-79.7608,30.9198],[-79.67,30.9672],[-79.65,30.9682],[-79.55,30.9636],[-79.43,30.914],[-79.35,30.889],[-79.25,30.8882],[-79.21,30.8803],[-79.1521,30.8511],[-79.1083,30.7996],[-79.09,30.7861],[-79.07,30.7823],[-79.0537,30.7996],[-79.0421,30.8339],[-79.01,30.8575],[-78.93,30.8713],[-78.89,30.8609],[-78.8438,30.8339],[-78.8299,30.8168],[-78.8348,30.7308],[-78.7922,30.6448],[-78.7752,30.5588],[-78.75,30.5211],[-78.71,30.4902],[-78.63,30.468],[-78.57,30.4417],[-78.53,30.4435],[-78.5046,30.4554],[-78.4924,30.4726],[-78.5062,30.5071],[-78.6223,30.6104],[-78.6913,30.6964],[-78.6933,30.7308],[-78.67,30.76],[-78.65,30.7703],[-78.51,30.8083],[-78.45,30.8111],[-78.43,30.8193],[-78.39,30.8509],[-78.33,30.8833],[-78.3161,30.9026],[-78.3132,30.9198],[-78.3274,30.9712],[-78.3144,31.0741],[-78.3224,31.1255],[-78.344,31.1597],[-78.3883,31.1939],[-78.3935,31.211],[-78.3634,31.4161],[-78.3372,31.4843],[-78.3529,31.5866],[-78.3363,31.7228],[-78.3058,31.7909],[-78.2981,31.8758],[-78.2841,31.9098],[-78.2647,31.9268],[-78.17,31.9762],[-78.13,31.9879],[-78.01,31.9664],[-77.93,31.9811],[-77.81,31.9874],[-77.77,31.9833],[-77.7233,31.9607],[-77.6813,31.9268],[-77.6685,31.8928],[-77.6681,31.8419],[-77.65,31.827],[-77.61,31.8217],[-77.55,31.8413],[-77.49,31.7965],[-77.37,31.7624],[-77.2887,31.7058],[-77.2265,31.6377],[-77.15,31.5799],[-77.11,31.57],[-76.95,31.5681],[-76.91,31.5792],[-76.8339,31.6207],[-76.7869,31.6377],[-76.53,31.7106],[-76.3423,31.7739],[-76.13,31.8153],[-76.03,31.8452],[-75.75,31.8932],[-75.7122,31.9098],[-75.7013,31.9268],[-75.7019,31.9438],[-75.7192,31.9947],[-75.735,32.0116],[-75.95,32.1252],[-76.0262,32.1811],[-76.0308,32.198],[-76.0217,32.2149],[-75.99,32.2326],[-75.93,32.24],[-75.83,32.2277],[-75.79,32.2358],[-75.7769,32.2488],[-75.7818,32.2657],[-75.8437,32.2995],[-75.8568,32.3164],[-75.8409,32.3333]],[[-75.71,32.1825],[-75.7604,32.1641],[-75.768,32.1472],[-75.75,32.1115],[-75.7313,32.0964],[-75.71,32.0908],[-75.6856,32.0964],[-75.6601,32.1641],[-75.6871,32.1811],[-75.71,32.1825]],[[-75.27,32.0502],[-75.308,32.0286],[-75.3006,32.0116],[-75.27,32.0043],[-75.2353,32.0116],[-75.2198,32.0286],[-75.226,32.0455],[-75.27,32.0502]],[[-74.83,32.1313],[-74.95,32.1151],[-74.99,32.1035],[-75.0328,32.0794],[-75.0572,32.0455],[-75.0435,32.0286],[-74.93,31.9749],[-74.87,31.9693],[-74.81,31.9833],[-74.787,31.9947],[-74.7571,32.0286],[-74.7423,32.0625],[-74.7396,32.0964],[-74.7487,32.1133],[-74.77,32.1269],[-74.83,32.1313]],[[-79.87,30.4737],[-79.89,30.4679],[-79.893,30.4554],[-79.882,30.4209],[-79.8293,30.3519],[-79.75,30.2892],[-79.73,30.2886],[-79.7199,30.3001],[-79.7225,30.3173],[-79.7586,30.3519],[-79.79,30.4445],[-79.87,30.4737]],[[-79.73,30.4037],[-79.733,30.3864],[-79.7234,30.3691],[-79.69,30.3467],[-79.6823,30.3691],[-79.69,30.3938],[-79.71,30.4097],[-79.73,30.4037]],[[-79.65,30.925],[-79.6897,30.9026],[-79.7168,30.8683],[-79.73,30.8635],[-79.77,30.8736],[-79.802,30.8683],[-79.8144,30.8511],[-79.8132,30.8339],[-79.7929,30.7996],[-79.75,30.7663],[-79.71,30.7561],[-79.51,30.7683],[-79.4805,30.7996],[-79.4611,30.8339],[-79.4633,30.8511],[-79.504,30.9026],[-79.55,30.9267],[-79.65,30.925]],[[-79.41,30.7723],[-79.4176,30.7652],[-79.4086,30.748],[-79.3753,30.7308],[-79.35,30.7243],[-79.3237,30.7308],[-79.3192,30.748],[-79.3408,30.7652],[-79.39,30.7767],[-79.41,30.7723]],[[-79.21,30.7871],[-79.23,30.782],[-79.2395,30.7652],[-79.2388,30.6964],[-79.2171,30.6792],[-79.15,30.649],[-79.13,30.6436],[-79.11,30.6489],[-79.0898,30.6792],[-79.0979,30.7136],[-79.15,30.7665],[-79.21,30.7871]],[[-78.93,30.8214],[-78.9388,30.8168],[-78.9386,30.7996],[-78.93,30.789],[-78.91,30.7756],[-78.89,30.7807],[-78.8849,30.7996],[-78.8974,30.8168],[-78.93,30.8214]],[[-78.57,30.6814],[-78.5909,30.662],[-78.5719,30.6104],[-78.55,30.5909],[-78.47,30.5511],[-78.45,30.5499],[-78.4389,30.5588],[-78.4358,30.576],[-78.4458,30.5932],[-78.4719,30.6104],[-78.53,30.6738],[-78.57,30.6814]],[[-78.19,31.9131],[-78.2084,31.8928],[-78.2044,31.8758],[-78.19,31.8661],[-78.15,31.8652],[-78.1286,31.8758],[-78.1235,31.8928],[-78.1306,31.9098],[-78.15,31.9205],[-78.19,31.9131]],[[-78.07,31.8331],[-78.1112,31.7909],[-78.19,31.7368],[-78.2426,31.6718],[-78.2645,31.6207],[-78.2633,31.6037],[-78.25,31.5854],[-78.17,31.5655],[-78.13,31.565],[-78.05,31.5954],[-77.9864,31.6377],[-77.9835,31.6548],[-78.0396,31.7228],[-78.0465,31.8249],[-78.07,31.8331]],[[-77.95,31.4385],[-78.01,31.4122],[-78.11,31.4159],[-78.15,31.4113],[-78.2542,31.3649],[-78.2743,31.3478],[-78.2851,31.3136],[-78.2711,31.2794],[-78.23,31.2395],[-78.19,31.2266],[-78.11,31.2256],[-78.0691,31.211],[-78.1399,31.1426],[-78.1541,31.1083],[-78.1532,31.0912],[-78.143,31.0741],[-78.11,31.0605],[-77.97,31.0545],[-77.9605,31.0398],[-77.99,30.9807],[-77.9974,30.9369],[-77.99,30.914],[-77.97,30.8906],[-77.93,30.8791],[-77.8719,30.9026],[-77.849,30.9198],[-77.8438,30.9369],[-77.8972,31.0055],[-77.9238,31.057],[-77.9238,31.1255],[-77.997,31.211],[-77.9976,31.2281],[-77.97,31.2505],[-77.9283,31.3307],[-77.8853,31.3819],[-77.8797,31.399],[-77.89,31.4265],[-77.91,31.4407],[-77.95,31.4385]],[[-76.47,31.4346],[-76.61,31.4041],[-76.73,31.4015],[-76.91,31.3515],[-76.97,31.3589],[-77.03,31.3883],[-77.0444,31.3819],[-77.0489,31.3478],[-77.0603,31.3307],[-77.0842,31.3136],[-77.21,31.2549],[-77.27,31.1661],[-77.3162,31.1426],[-77.32,31.1255],[-77.3092,31.0741],[-77.337,31.0227],[-77.3385,31.0055],[-77.3067,30.9541],[-77.27,30.8645],[-77.25,30.8481],[-77.23,30.8425],[-77.19,30.8467],[-77.13,30.8659],[-77.0992,30.8855],[-77.0469,30.9369],[-76.95,30.9659],[-76.8732,31.0398],[-76.73,31.1072],[-76.59,31.1172],[-76.47,31.136],[-76.35,31.1352],[-76.25,31.1674],[-76.17,31.1832],[-76.1096,31.211],[-76.0804,31.2452],[-76.0643,31.2965],[-76.07,31.3051],[-76.15,31.3267],[-76.2557,31.399],[-76.31,31.4225],[-76.41,31.438],[-76.47,31.4346]],[[-79.47,30.7167],[-79.49,30.7078],[-79.507,30.6792],[-79.5038,30.6104],[-79.5383,30.5588],[-79.57,30.5427],[-79.65,30.5449],[-79.67,30.5317],[-79.6847,30.5071],[-79.6892,30.4726],[-79.6603,30.4209],[-79.6402,30.3519],[-79.6216,30.3173],[-79.599,30.3001],[-79.55,30.2802],[-79.47,30.2769],[-79.45,30.2665],[-79.41,30.2246],[-79.33,30.1686],[-79.17,30.121],[-79.1499,30.1099],[-79.1095,30.058],[-79.07,30.0255],[-79.03,30.0167],[-78.99,30.03],[-78.9573,30.058],[-78.9327,30.0926],[-78.9418,30.1272],[-79.0421,30.231],[-79.0761,30.2828],[-79.2527,30.4381],[-79.2704,30.4726],[-79.2669,30.4898],[-79.2397,30.5243],[-79.21,30.5342],[-79.15,30.5045],[-79.09,30.4886],[-78.97,30.4854],[-78.83,30.4688],[-78.8272,30.4898],[-78.8453,30.576],[-78.8408,30.6276],[-78.8512,30.662],[-78.89,30.7047],[-78.91,30.7095],[-78.93,30.6992],[-78.9623,30.662],[-78.9635,30.5932],[-78.9741,30.576],[-78.99,30.5687],[-79.13,30.6199],[-79.19,30.6027],[-79.21,30.604],[-79.2679,30.6792],[-79.33,30.6746],[-79.35,30.6795],[-79.41,30.7147],[-79.47,30.7167]],[[-78.25,31.0068],[-78.2619,30.9884],[-78.25,30.9813],[-78.2315,30.9884],[-78.2295,31.0055],[-78.25,31.0068]]]}},{"type":"Feature","properties":{"c":"#00fb90","v0":0.05,"v1":0.25},"geometry":{"type":"Polygon","coordinates":[[[-77.4998,31.9777],[-77.47,31.9797],[-77.45,31.9729],[-77.4414,31.9607],[-77.45,31.9382],[-77.49,31.9278],[-77.51,31.9288],[-77.53,31.9405],[-77.5275,31.9607],[-77.4998,31.9777]]]}},{"type":"Feature","properties":{"c":"#00fb90","v0":0.05,"v1":0.25},"geometry":{"type":"Polygon","coordinates":[[[-79.6707,31.4161],[-79.65,31.4241],[-79.61,31.4247],[-79.43,31.3893],[-79.2217,31.3136],[-79.1967,31.2965],[-79.1857,31.2794],[-79.1859,31.2623],[-79.2002,31.2452],[-79.23,31.2303],[-79.31,31.2042],[-79.35,31.2076],[-79.41,31.2404],[-79.49,31.2637],[-79.55,31.3025],[-79.65,31.3378],[-79.6797,31.3649],[-79.6865,31.3819],[-79.6845,31.399],[-79.6707,31.4161]],[[-79.59,31.3851],[-79.6021,31.3819],[-79.6144,31.3649],[-79.5983,31.3478],[-79.55,31.3309],[-79.47,31.2842],[-79.39,31.2756],[-79.3678,31.2794],[-79.3479,31.2965],[-79.3511,31.3136],[-79.3714,31.3307],[-79.45,31.368],[-79.59,31.3851]]]}},{"type":"Feature","properties":{"c":"#00fb90","v0":0.05,"v1":0.25},"geometry":{"type":"Polygon","coordinates":[[[-82.8519,31.3649],[-82.81,31.3622],[-82.7907,31.3478],[-82.75,31.2655],[-82.7308,31.2452],[-82.6572,31.211],[-82.647,31.1939],[-82.6402,31.1255],[-82.6304,31.1083],[-82.5794,31.0741],[-82.5537,31.0398],[-82.5489,31.0055],[-82.5591,30.9198],[-82.5508,30.9026],[-82.5291,30.8855],[-82.35,30.8358],[-82.23,30.7613],[-82.1081,30.6448],[-82.0752,30.5932],[-82.071,30.576],[-82.09,30.5587],[-82.17,30.5532],[-82.25,30.5737],[-82.27,30.5735],[-82.286,30.5588],[-82.2997,30.5243],[-82.3044,30.4381],[-82.33,30.328],[-82.35,30.3333],[-82.41,30.4404],[-82.43,30.459],[-82.47,30.4695],[-82.49,30.4871],[-82.5353,30.6276],[-82.5614,30.6792],[-82.63,30.7578],[-82.7231,30.9026],[-82.7526,30.9369],[-82.7787,31.0055],[-82.85,31.0925],[-82.8926,31.1768],[-82.9573,31.2452],[-82.9546,31.2794],[-82.919,31.3307],[-82.89,31.3527],[-82.8519,31.3649]],[[-82.85,31.3346],[-82.8868,31.3136],[-82.8967,31.2965],[-82.9033,31.2623],[-82.891,31.2281],[-82.83,31.1366],[-82.79,31.125],[-82.75,31.0776],[-82.73,31.0645],[-82.71,31.0653],[-82.689,31.1083],[-82.6899,31.1768],[-82.75,31.2101],[-82.81,31.3239],[-82.83,31.335],[-82.85,31.3346]],[[-82.63,31.0053],[-82.6371,30.9884],[-82.63,30.9727],[-82.61,30.9748],[-82.61,30.9971],[-82.63,31.0053]],[[-82.63,30.8739],[-82.6345,30.8511],[-82.6251,30.8339],[-82.5884,30.7824],[-82.55,30.7495],[-82.53,30.7431],[-82.45,30.7406],[-82.39,30.6775],[-82.35,30.6525],[-82.27,30.6421],[-82.17,30.592],[-82.1443,30.5932],[-82.13,30.6042],[-82.1324,30.6276],[-82.1809,30.6792],[-82.2171,30.7308],[-82.35,30.8104],[-82.4719,30.8511],[-82.55,30.8628],[-82.61,30.88],[-82.63,30.8739]]]}},{"type":"Feature","properties":{"c":"#00fb90","v0":0.05,"v1":0.25},"geometry":{"type":"Polygon","coordinates":[[[-83.0377,31.0227],[-83.01,31.0333],[-82.99,31.0245],[-82.963,30.9884],[-82.895,30.9369],[-82.8629,30.8855],[-82.8579,30.8683],[-82.8729,30.8168],[-82.8707,30.7824],[-82.8003,30.576],[-82.8196,30.4898],[-82.85,30.4727],[-82.91,30.4637],[-82.95,30.4745],[-82.9816,30.5071],[-83.0093,30.5588],[-83.0157,30.5932],[-82.991,30.6276],[-82.9883,30.6448],[-83.0419,30.9198],[-83.0452,31.0055],[-83.0377,31.0227]],[[-82.99,30.9486],[-83.0066,30.9369],[-83.0117,30.9198],[-82.97,30.6952],[-82.95,30.6502],[-82.93,30.6307],[-82.91,30.6239],[-82.89,30.627],[-82.8726,30.6448],[-82.87,30.6792],[-82.9152,30.8683],[-82.95,30.9305],[-82.99,30.9486]]]}},{"type":"Feature","properties":{"c":"#00fb90","v0":0.05,"v1":0.25},"geometry":{"type":"Polygon","coordinates":[[[-80.9733,30.7308],[-80.95,30.7352],[-80.91,30.7158],[-80.8834,30.6792],[-80.8855,30.662],[-80.9437,30.6792],[-80.97,30.695],[-80.9794,30.7136],[-80.9733,30.7308]]]}},{"type":"Feature","properties":{"c":"#00fb90","v0":0.05,"v1":0.25},"geometry":{"type":"Polygon","coordinates":[[[-84.4054,30.4381],[-84.3872,30.4381],[-84.3662,30.4209],[-84.3593,30.4036],[-84.37,30.3953],[-84.3937,30.4036],[-84.4103,30.4209],[-84.4054,30.4381]]]}},{"type":"Feature","properties":{"c":"#00fb90","v0":0.05,"v1":0.25},"geometry":{"type":"Polygon","coordinates":[[[-81.048,30.3173],[-81.03,30.3337],[-81.01,30.3309],[-80.97,30.308],[-80.8939,30.2482],[-80.8802,30.2137],[-80.8828,30.1964],[-80.91,30.1913],[-80.95,30.1957],[-80.99,30.218],[-81.0345,30.2655],[-81.0498,30.3001],[-81.048,30.3173]]]}},{"type":"Feature","properties":{"c":"#00fb90","v0":0.05,"v1":0.25},"geometry":{"type":"Polygon","coordinates":[[[-84.2655,30.2828],[-84.25,30.2855],[-84.19,30.2629],[-84.17,30.2643],[-84.15,30.2786],[-84.13,30.2774],[-84.1133,30.2482],[-84.1164,30.1791],[-84.13,30.1718],[-84.1967,30.2137],[-84.25,30.2548],[-84.2655,30.2828]]]}},{"type":"Feature","properties":{"c":"#00fb90","v0":0.05,"v1":0.25},"geometry":{"type":"Polygon","coordinates":[[[-93.546,29.8153],[-93.53,29.8222],[-93.49,29.8235],[-93.4613,29.8153],[-93.4422,29.798],[-93.4497,29.7806],[-93.47,29.7683],[-93.53,29.7577],[-93.5557,29.7633],[-93.5724,29.7806],[-93.5665,29.798],[-93.546,29.8153]]]}},{"type":"Feature","properties":{"c":"#00fb90","v0":0.05,"v1":0.25},"geometry":{"type":"Polygon","coordinates":[[[-92.9965,29.798],[-92.87,29.7866],[-92.786,29.7633],[-92.7653,29.7459],[-92.7852,29.7285],[-92.81,29.7262],[-92.89,29.7453],[-92.99,29.7514],[-93.0227,29.7633],[-93.0285,29.7806],[-92.9965,29.798]]]}},{"type":"Feature","properties":{"c":"#00fb90","v0":0.05,"v1":0.25},"geometry":{"type":"Polygon","coordinates":[[[-91.5527,29.5895],[-91.49,29.6055],[-91.43,29.5994],[-91.3563,29.5547],[-91.3415,29.5373],[-91.3395,29.5199],[-91.3601,29.5025],[-91.39,29.4943],[-91.45,29.5002],[-91.5384,29.5547],[-91.5526,29.5721],[-91.5527,29.5895]],[[-91.49,29.5818],[-91.5049,29.5721],[-91.5004,29.5547],[-91.47,29.531],[-91.43,29.5154],[-91.39,29.523],[-91.3827,29.5373],[-91.4158,29.5721],[-91.45,29.5842],[-91.49,29.5818]]]}},{"type":"Feature","properties":{"c":"#00fb90","v0":0.05,"v1":0.25},"geometry":{"type":"Polygon","coordinates":[[[-85.1428,29.5895],[-85.13,29.6],[-85.11,29.5999],[-85.05,29.5785],[-85.0041,29.5373],[-84.9925,29.5025],[-85.01,29.4889],[-85.03,29.4846],[-85.09,29.489],[-85.1331,29.5547],[-85.1428,29.5895]]]}},{"type":"Feature","properties":{"c":"#00fb90","v0":0.05,"v1":0.25},"geometry":{"type":"Polygon","coordinates":[[[-78.3274,29.5547],[-78.29,29.5639],[-78.27,29.5605],[-78.2422,29.5373],[-78.253,29.5199],[-78.2848,29.5025],[-78.33,29.4969],[-78.353,29.5025],[-78.3624,29.5199],[-78.3517,29.5373],[-78.3274,29.5547]]]}},{"type":"Feature","properties":{"c":"#00fb90","v0":0.05,"v1":0.25},"geometry":{"type":"Polygon","coordinates":[[[-85.3674,29.5373],[-85.35,29.544],[-85.21,29.5288],[-85.11,29.4753],[-85.07,29.4386],[-84.9863,29.3282],[-84.9419,29.2934],[-84.87,29.2633],[-84.81,29.2842],[-84.7739,29.2759],[-84.75,29.2593],[-84.7443,29.241],[-84.77,29.222],[-84.7777,29.2061],[-84.7614,29.1886],[-84.65,29.1587],[-84.51,29.097],[-84.43,29.0778],[-84.35,29.0106],[-84.31,28.9898],[-84.11,28.9505],[-84.07,28.9505],[-83.95,28.9766],[-83.91,28.9679],[-83.85,28.9421],[-83.69,28.9397],[-83.61,28.9302],[-83.57,28.9186],[-83.5126,28.9964],[-83.6176,29.0314],[-83.6513,29.0488],[-83.6641,29.0663],[-83.6602,29.0838],[-83.61,29.1517],[-83.55,29.1632],[-83.53,29.1637],[-83.461,29.1362],[-83.33,29.102],[-83.25,29.104],[-83.15,29.1295],[-83.07,29.0941],[-83.005,29.0838],[-83.0018,29.1013],[-83.0899,29.2236],[-83.1049,29.2585],[-83.1061,29.3108],[-83.09,29.3261],[-83.07,29.3268],[-82.91,29.2515],[-82.81,29.1707],[-82.7085,29.1013],[-82.55,29.0211],[-82.35,28.8683],[-82.19,28.8144],[-82.11,28.7763],[-82.03,28.7695],[-81.87,28.7327],[-81.79,28.7267],[-81.7743,28.7336],[-81.7758,28.7512],[-81.7926,28.7687],[-81.85,28.8028],[-81.856,28.8213],[-81.8476,28.8563],[-81.83,28.8727],[-81.79,28.883],[-81.65,28.8896],[-81.59,28.8783],[-81.45,28.8674],[-81.4387,28.8738],[-81.464,28.9264],[-81.4608,28.9439],[-81.41,28.9855],[-81.33,29.0021],[-81.3171,29.0139],[-81.3193,29.0314],[-81.3461,29.0663],[-81.4209,29.1362],[-81.5217,29.2061],[-81.5527,29.241],[-81.6163,29.3457],[-81.6095,29.3805],[-81.57,29.3908],[-81.55,29.386],[-81.51,29.3537],[-81.45,29.3497],[-81.41,29.3377],[-81.35,29.3141],[-81.27,29.2704],[-81.19,29.2544],[-81.13,29.225],[-81.01,29.1906],[-80.93,29.1878],[-80.7942,29.1537],[-80.6632,29.0838],[-80.5502,29.0488],[-80.5284,29.0314],[-80.5608,28.9789],[-80.5668,28.9439],[-80.5593,28.9264],[-80.55,28.9226],[-80.37,28.9155],[-80.27,28.9194],[-80.2131,28.9089],[-80.1799,28.8914],[-80.1996,28.8738],[-80.27,28.853],[-80.31,28.8231],[-80.41,28.771],[-80.45,28.7398],[-80.55,28.746],[-80.67,28.7307],[-80.73,28.71],[-80.7908,28.6985],[-80.8194,28.681],[-80.8252,28.6635],[-80.8187,28.6108],[-80.83,28.6037],[-80.93,28.5994],[-81.0265,28.5405],[-81.23,28.6061],[-81.2854,28.6108],[-81.2864,28.5932],[-81.2039,28.5054],[-81.23,28.4976],[-81.3623,28.523],[-81.4088,28.5405],[-81.4312,28.5581],[-81.4318,28.5757],[-81.41,28.5922],[-81.3515,28.6108],[-81.3473,28.6283],[-81.3745,28.6459],[-81.55,28.677],[-81.61,28.7006],[-81.63,28.7017],[-81.6448,28.6283],[-81.6457,28.5581],[-81.6062,28.5054],[-81.6003,28.4878],[-81.6087,28.4702],[-81.63,28.4594],[-81.67,28.4544],[-81.75,28.4664],[-81.7783,28.4526],[-81.7851,28.435],[-81.7612,28.3471],[-81.7578,28.2942],[-81.7155,28.2238],[-81.6313,28.1533],[-81.6285,28.118],[-81.65,28.1111],[-81.71,28.1294],[-81.77,28.1342],[-81.83,28.1257],[-81.89,28.0804],[-81.95,28.0654],[-81.97,28.0501],[-81.9632,27.9944],[-81.9678,27.9768],[-82.0404,27.9061],[-82.09,27.8867],[-82.25,27.8952],[-82.31,27.9053],[-82.37,27.8733],[-82.3983,27.8707],[-82.4193,27.8884],[-82.4195,27.9061],[-82.4006,27.9414],[-82.4053,27.9591],[-82.45,28.0029],[-82.47,28.0124],[-82.51,28.0047],[-82.57,27.9644],[-82.61,27.9661],[-82.67,27.9972],[-82.69,28.0003],[-82.75,27.9646],[-82.83,27.9605],[-82.87,27.9493],[-82.91,27.9583],[-82.9292,27.9768],[-82.931,27.9944],[-82.9094,28.0121],[-82.9141,28.0297],[-82.9476,28.065],[-83.05,28.0769],[-83.092,28.1003],[-83.1074,28.118],[-83.1134,28.1533],[-83.1055,28.1709],[-83.0577,28.2061],[-83.0449,28.2238],[-83.0469,28.259],[-83.0642,28.2766],[-83.249,28.4175],[-83.29,28.439],[-83.3521,28.4526],[-83.3823,28.4702],[-83.3915,28.5054],[-83.3785,28.5405],[-83.55,28.5444],[-83.63,28.5877],[-83.65,28.5895],[-83.67,28.5774],[-83.6808,28.5581],[-83.71,28.4619],[-83.73,28.4547],[-83.77,28.4806],[-83.83,28.4865],[-83.85,28.4949],[-83.87,28.4914],[-83.9007,28.4526],[-83.9399,28.435],[-83.9492,28.4175],[-83.9408,28.3823],[-83.91,28.3413],[-83.8586,28.3119],[-83.8551,28.2942],[-83.87,28.285],[-83.9843,28.3119],[-84.09,28.3543],[-84.1126,28.3471],[-84.1093,28.3119],[-84.03,28.1965],[-83.81,28.0995],[-83.7647,28.065],[-83.6647,27.9591],[-83.6585,27.9414],[-83.67,27.9207],[-83.75,27.8983],[-83.81,27.8716],[-83.85,27.8677],[-83.91,27.8821],[-83.95,27.8998],[-83.9826,27.9238],[-84.0678,28.0121],[-84.11,28.0354],[-84.15,28.0427],[-84.21,28.0366],[-84.27,28.0552],[-84.41,28.0501],[-84.4346,28.065],[-84.4565,28.118],[-84.49,28.1632],[-84.525,28.1885],[-84.67,28.2085],[-84.75,28.2064],[-84.81,28.2277],[-84.8409,28.259],[-84.8824,28.3647],[-84.8856,28.4702],[-84.9574,28.5405],[-84.9971,28.5932],[-85.0612,28.6985],[-85.0897,28.7687],[-85.11,28.7976],[-85.15,28.8271],[-85.21,28.8475],[-85.25,28.827],[-85.31,28.8258],[-85.37,28.8032],[-85.39,28.8024],[-85.4481,28.8213],[-85.4737,28.8388],[-85.49,28.8638],[-85.505,28.9264],[-85.49,28.9405],[-85.45,28.9507],[-85.4358,28.9614],[-85.4336,28.9789],[-85.4441,29.0488],[-85.47,29.0864],[-85.4832,29.1362],[-85.45,29.1446],[-85.37,29.1373],[-85.35,29.1441],[-85.3303,29.2061],[-85.2959,29.241],[-85.29,29.2697],[-85.2828,29.2759],[-85.23,29.2824],[-85.2098,29.2934],[-85.2135,29.3108],[-85.2671,29.398],[-85.3792,29.5025],[-85.38,29.5199],[-85.3674,29.5373]],[[-85.29,29.5044],[-85.3069,29.4851],[-85.2977,29.4676],[-85.22,29.398],[-85.161,29.2759],[-85.17,29.2601],[-85.2313,29.241],[-85.2818,29.1886],[-85.2891,29.1362],[-85.2515,29.0663],[-85.2573,29.0488],[-85.27,29.039],[-85.3306,29.0314],[-85.23,28.9491],[-85.17,28.888],[-85.11,28.846],[-85.09,28.8218],[-85.0252,28.681],[-84.953,28.5757],[-84.8586,28.4702],[-84.852,28.4526],[-84.8542,28.3823],[-84.8247,28.2766],[-84.8132,28.259],[-84.77,28.2358],[-84.67,28.2398],[-84.61,28.2257],[-84.51,28.2248],[-84.39,28.1417],[-84.33,28.1544],[-84.29,28.1524],[-84.07,28.0415],[-83.97,27.9465],[-83.9054,27.9061],[-83.85,27.8924],[-83.81,27.8964],[-83.7117,27.9414],[-83.7057,27.9591],[-83.7135,27.9768],[-83.7756,28.0474],[-83.81,28.0736],[-83.9225,28.118],[-84.0553,28.1885],[-84.13,28.2966],[-84.1832,28.3999],[-84.27,28.5281],[-84.267,28.5581],[-84.23,28.5773],[-84.19,28.5837],[-84.1788,28.5757],[-84.1806,28.5054],[-84.139,28.435],[-84.11,28.4109],[-84.07,28.3922],[-84.03,28.3894],[-84.01,28.4004],[-83.9955,28.435],[-83.9924,28.5054],[-84.0087,28.523],[-84.07,28.5585],[-84.1625,28.5932],[-84.15,28.7385],[-84.13,28.7816],[-84.11,28.8036],[-84.09,28.8122],[-84.01,28.797],[-83.8612,28.7336],[-83.8449,28.7161],[-83.8652,28.6635],[-83.862,28.6459],[-83.85,28.6272],[-83.81,28.6043],[-83.79,28.6018],[-83.77,28.6088],[-83.7606,28.6459],[-83.75,28.6562],[-83.73,28.6588],[-83.67,28.6487],[-83.57,28.5898],[-83.53,28.5781],[-83.49,28.5837],[-83.43,28.6085],[-83.37,28.6085],[-83.33,28.5966],[-83.29,28.5685],[-83.2662,28.5405],[-83.2627,28.5054],[-83.2761,28.4878],[-83.2782,28.4702],[-83.23,28.4372],[-83.15,28.4185],[-83.13,28.4069],[-83.03,28.3119],[-83.0125,28.2766],[-83.01,28.2354],[-83.0202,28.2061],[-83.0686,28.1533],[-83.0725,28.1356],[-83.065,28.118],[-83.03,28.0964],[-82.93,28.0917],[-82.89,28.0496],[-82.81,28.0005],[-82.77,28.0015],[-82.7507,28.0121],[-82.7385,28.0297],[-82.7335,28.0474],[-82.7413,28.065],[-82.7768,28.1003],[-82.7726,28.118],[-82.75,28.1243],[-82.73,28.1166],[-82.7074,28.065],[-82.61,28.0014],[-82.59,27.9978],[-82.55,28.0175],[-82.51,28.0791],[-82.45,28.0841],[-82.37,28.0573],[-82.31,28.0177],[-82.21,27.9806],[-82.15,27.9416],[-82.13,27.9399],[-82.07,27.9613],[-82.0347,27.9944],[-82.0283,28.0121],[-82.0307,28.065],[-82.01,28.0965],[-81.99,28.1109],[-81.93,28.1282],[-81.89,28.1585],[-81.7976,28.1709],[-81.7756,28.1885],[-81.7794,28.2061],[-81.8348,28.2766],[-81.8525,28.3647],[-81.8743,28.4175],[-81.8675,28.4526],[-81.85,28.4844],[-81.7686,28.523],[-81.759,28.5405],[-81.7543,28.5932],[-81.7736,28.6283],[-81.81,28.6552],[-81.89,28.6882],[-81.95,28.7219],[-82.05,28.735],[-82.11,28.7517],[-82.364,28.8563],[-82.57,29.0151],[-82.61,29.0381],[-82.71,29.0783],[-82.91,29.2304],[-82.95,29.2522],[-83.03,29.2713],[-83.05,29.2671],[-83.0592,29.241],[-83.0232,29.1712],[-82.9262,29.0663],[-82.9197,29.0488],[-82.93,29.0429],[-82.97,29.042],[-83.17,29.0765],[-83.25,29.0715],[-83.41,29.0924],[-83.45,29.087],[-83.4557,29.0838],[-83.4506,29.0663],[-83.39,29.018],[-83.3841,28.9789],[-83.41,28.9408],[-83.43,28.9294],[-83.4879,28.9264],[-83.4869,28.9089],[-83.4649,28.8738],[-83.47,28.8617],[-83.63,28.8965],[-83.69,28.8926],[-83.75,28.8774],[-83.91,28.9243],[-84.05,28.9094],[-84.31,28.9662],[-84.35,28.9866],[-84.45,29.0568],[-84.53,29.0676],[-84.5723,29.1013],[-84.61,29.1202],[-84.7853,29.1712],[-84.8663,29.2236],[-84.97,29.2755],[-85.0726,29.3457],[-85.1072,29.3805],[-85.1209,29.4328],[-85.1793,29.4851],[-85.23,29.5059],[-85.29,29.5044]],[[-83.47,29.0161],[-83.508,28.9964],[-83.485,28.9789],[-83.45,28.968],[-83.43,28.9703],[-83.4195,28.9789],[-83.4161,28.9964],[-83.43,29.0129],[-83.47,29.0161]],[[-81.49,29.3116],[-81.518,29.2759],[-81.5168,29.241],[-81.5062,29.2236],[-81.4093,29.1537],[-81.3076,29.0663],[-81.29,29.0481],[-81.2736,29.0139],[-81.2732,28.9964],[-81.29,28.968],[-81.31,28.9609],[-81.37,28.9576],[-81.393,28.9439],[-81.4024,28.9264],[-81.3972,28.9089],[-81.37,28.8905],[-81.35,28.8861],[-81.2807,28.9089],[-81.23,28.9096],[-81.1765,28.8914],[-81.1172,28.8563],[-81.25,28.8371],[-81.39,28.8349],[-81.4466,28.8388],[-81.53,28.8564],[-81.75,28.8611],[-81.7673,28.8563],[-81.7847,28.8388],[-81.7649,28.8038],[-81.73,28.7798],[-81.45,28.6923],[-81.37,28.678],[-81.31,28.6529],[-81.17,28.6263],[-81.13,28.6347],[-81.0681,28.6635],[-81.07,28.704],[-81.0648,28.7161],[-81.05,28.7235],[-80.99,28.7135],[-80.91,28.7125],[-80.69,28.7614],[-80.61,28.765],[-80.5633,28.7862],[-80.53,28.8264],[-80.4934,28.8563],[-80.51,28.8698],[-80.57,28.8626],[-80.61,28.8663],[-80.69,28.8932],[-80.7448,28.9264],[-80.756,28.9439],[-80.7581,28.9789],[-80.777,29.0139],[-80.77,29.038],[-80.7454,29.0488],[-80.7492,29.0663],[-80.8043,29.1188],[-80.83,29.1342],[-80.97,29.1633],[-81.05,29.1628],[-81.13,29.1402],[-81.15,29.1445],[-81.1909,29.1712],[-81.2612,29.241],[-81.37,29.3036],[-81.45,29.3216],[-81.49,29.3116]],[[-85.33,28.9483],[-85.3623,28.9264],[-85.3635,28.9089],[-85.35,28.8902],[-85.31,28.8753],[-85.25,28.8781],[-85.2374,28.8914],[-85.2528,28.9264],[-85.29,28.9471],[-85.33,28.9483]],[[-84.09,28.7516],[-84.1099,28.7161],[-84.1037,28.6459],[-84.0905,28.6108],[-84.01,28.5578],[-83.87,28.5135],[-83.8355,28.5581],[-83.8401,28.5757],[-83.8937,28.6459],[-83.9086,28.7161],[-83.9237,28.7336],[-83.9582,28.7512],[-84.01,28.7627],[-84.09,28.7516]],[[-81.71,28.533],[-81.7257,28.523],[-81.7174,28.5054],[-81.69,28.492],[-81.67,28.4953],[-81.6648,28.5054],[-81.6788,28.523],[-81.71,28.533]]]}},{"type":"Feature","properties":{"c":"#00fb90","v0":0.05,"v1":0.25},"geometry":{"type":"Polygon","coordinates":[[[-85.5536,29.4676],[-85.53,29.4745],[-85.51,29.4712],[-85.4833,29.4502],[-85.4808,29.4328],[-85.51,29.427],[-85.5278,29.4328],[-85.5509,29.4502],[-85.5536,29.4676]]]}},{"type":"Feature","properties":{"c":"#00fb90","v0":0.05,"v1":0.25},"geometry":{"type":"Polygon","coordinates":[[[-81.7402,29.4328],[-81.71,29.4458],[-81.69,29.4413],[-81.6562,29.4154],[-81.6451,29.398],[-81.6878,29.3457],[-81.73,29.341],[-81.7762,29.3631],[-81.7743,29.3805],[-81.7544,29.398],[-81.7402,29.4328]]]}},{"type":"Feature","properties":{"c":"#00fb90","v0":0.05,"v1":0.25},"geometry":{"type":"Polygon","coordinates":[[[-91.2201,29.398],[-91.21,29.4037],[-91.1716,29.398],[-91.1256,29.3631],[-91.15,29.3574],[-91.1778,29.3631],[-91.2129,29.3805],[-91.2201,29.398]]]}},{"type":"Feature","properties":{"c":"#00fb90","v0":0.05,"v1":0.25},"geometry":{"type":"Polygon","coordinates":[[[-78.5814,29.398],[-78.49,29.4098],[-78.4313,29.398],[-78.4195,29.3805],[-78.47,29.3223],[-78.59,29.2791],[-78.65,29.2649],[-78.69,29.2608],[-78.74,29.2759],[-78.7462,29.2934],[-78.69,29.3487],[-78.65,29.373],[-78.5814,29.398]],[[-78.63,29.3478],[-78.6584,29.3282],[-78.6656,29.3108],[-78.65,29.3008],[-78.61,29.3051],[-78.5783,29.3282],[-78.576,29.3457],[-78.61,29.3515],[-78.63,29.3478]]]}},{"type":"Feature","properties":{"c":"#00fb90","v0":0.05,"v1":0.25},"geometry":{"type":"Polygon","coordinates":[[[-90.937,29.3282],[-90.89,29.3216],[-90.8183,29.2934],[-90.7977,29.2759],[-90.7897,29.2585],[-90.7939,29.241],[-90.81,29.2307],[-90.83,29.2288],[-90.9,29.2585],[-90.9491,29.2934],[-90.956,29.3108],[-90.937,29.3282]]]}},{"type":"Feature","properties":{"c":"#00fb90","v0":0.05,"v1":0.25},"geometry":{"type":"Polygon","coordinates":[[[-88.1064,29.3282],[-88.09,29.3306],[-88.05,29.3184],[-87.99,29.3129],[-87.9133,29.2759],[-87.861,29.2236],[-87.8565,29.2061],[-87.8625,29.1886],[-87.89,29.1755],[-87.95,29.1877],[-88.1094,29.3108],[-88.1064,29.3282]]]}},{"type":"Feature","properties":{"c":"#00fb90","v0":0.05,"v1":0.25},"geometry":{"type":"Polygon","coordinates":[[[-86.8422,29.2759],[-86.7999,29.2759],[-86.7917,29.2585],[-86.8431,29.2585],[-86.8422,29.2759]]]}},{"type":"Feature","properties":{"c":"#00fb90","v0":0.05,"v1":0.25},"geometry":{"type":"Polygon","coordinates":[[[-92.5418,29.241],[-92.49,29.246],[-92.43,29.234],[-92.4172,29.2236],[-92.43,29.1969],[-92.475,29.1712],[-92.57,29.1426],[-92.61,29.1147],[-92.65,29.1093],[-92.6741,29.1188],[-92.686,29.1362],[-92.6679,29.1712],[-92.5849,29.2236],[-92.5418,29.241]],[[-92.55,29.2103],[-92.5648,29.1886],[-92.55,29.1837],[-92.51,29.1879],[-92.4917,29.2061],[-92.51,29.2165],[-92.55,29.2103]]]}},{"type":"Feature","properties":{"c":"#00fb90","v0":0.05,"v1":0.25},"geometry":{"type":"Polygon","coordinates":[[[-86.9005,29.2236],[-86.87,29.2216],[-86.85,29.1946],[-86.8261,29.1362],[-86.83,29.0945],[-86.85,29.0912],[-86.89,29.1136],[-86.9381,29.1712],[-86.9311,29.2061],[-86.9005,29.2236]]]}},{"type":"Feature","properties":{"c":"#00fb90","v0":0.05,"v1":0.25},"geometry":{"type":"Polygon","coordinates":[[[-81.157,29.1013],[-81.15,29.1117],[-81.13,29.1167],[-80.9849,29.0488],[-80.9683,29.0314],[-80.99,29.0194],[-81.05,29.012],[-81.11,29.022],[-81.1542,29.0488],[-81.1644,29.0838],[-81.157,29.1013]]]}},{"type":"Feature","properties":{"c":"#00fb90","v0":0.05,"v1":0.25},"geometry":{"type":"Polygon","coordinates":[[[-81.7709,29.0663],[-81.73,29.0621],[-81.6513,29.0314],[-81.634,29.0139],[-81.67,29.0047],[-81.75,29.0265],[-81.7775,29.0488],[-81.7709,29.0663]]]}},{"type":"Feature","properties":{"c":"#00fb90","v0":0.05,"v1":0.25},"geometry":{"type":"Polygon","coordinates":[[[-89.4158,28.9789],[-89.39,28.9751],[-89.3749,28.9614],[-89.3728,28.9439],[-89.39,28.9321],[-89.41,28.9326],[-89.4357,28.9439],[-89.4424,28.9614],[-89.4158,28.9789]]]}},{"type":"Feature","properties":{"c":"#00fb90","v0":0.05,"v1":0.25},"geometry":{"type":"Polygon","coordinates":[[[-93.0134,28.8914],[-92.97,28.8996],[-92.9415,28.8914],[-92.9312,28.8738],[-92.9593,28.8563],[-93.0039,28.8563],[-93.0241,28.8738],[-93.0134,28.8914]]]}},{"type":"Feature","properties":{"c":"#00fb90","v0":0.05,"v1":0.25},"geometry":{"type":"Polygon","coordinates":[[[-82.8879,28.8388],[-82.87,28.8435],[-82.8333,28.8388],[-82.75,28.7963],[-82.6524,28.6635],[-82.6523,28.6283],[-82.6638,28.6108],[-82.69,28.6096],[-82.71,28.6204],[-82.9151,28.7687],[-82.9298,28.7862],[-82.9334,28.8038],[-82.8879,28.8388]],[[-82.83,28.7719],[-82.8431,28.7512],[-82.8134,28.7161],[-82.73,28.666],[-82.7102,28.681],[-82.7278,28.7161],[-82.77,28.7554],[-82.81,28.7727],[-82.83,28.7719]]]}},{"type":"Feature","properties":{"c":"#00fb90","v0":0.05,"v1":0.25},"geometry":{"type":"Polygon","coordinates":[[[-92.3655,28.8038],[-92.33,28.8022],[-92.31,28.7875],[-92.3067,28.7687],[-92.3201,28.7512],[-92.35,28.7453],[-92.3915,28.7687],[-92.3946,28.7862],[-92.3655,28.8038]]]}},{"type":"Feature","properties":{"c":"#00fb90","v0":0.05,"v1":0.25},"geometry":{"type":"Polygon","coordinates":[[[-83.1957,28.7161],[-83.19,28.7272],[-83.17,28.7286],[-83.15,28.7055],[-83.15,28.6869],[-83.1875,28.6985],[-83.1957,28.7161]]]}},{"type":"Feature","properties":{"c":"#00fb90","v0":0.05,"v1":0.25},"geometry":{"type":"Polygon","coordinates":[[[-76.872,28.4878],[-76.83,28.504],[-76.81,28.4973],[-76.75,28.4316],[-76.6914,28.3823],[-76.6591,28.3295],[-76.6262,28.2942],[-76.6225,28.2766],[-76.63,28.2673],[-76.71,28.2683],[-76.85,28.2469],[-76.8671,28.259],[-76.892,28.2942],[-76.9384,28.3119],[-76.9529,28.3295],[-76.95,28.4413],[-76.93,28.4644],[-76.872,28.4878]]]}},{"type":"Feature","properties":{"c":"#00fb90","v0":0.05,"v1":0.25},"geometry":{"type":"Polygon","coordinates":[[[-83.432,28.1356],[-83.41,28.1349],[-83.31,28.0916],[-83.29,28.0884],[-83.23,28.1073],[-83.1912,28.1003],[-83.1724,28.0827],[-83.19,28.0575],[-83.25,28.0445],[-83.2662,28.0297],[-83.2706,27.9944],[-83.33,27.9537],[-83.35,27.9475],[-83.4048,27.9768],[-83.47,27.9983],[-83.49,28.0121],[-83.5125,28.0474],[-83.5088,28.0827],[-83.47,28.1175],[-83.432,28.1356]],[[-83.45,28.0838],[-83.4695,28.065],[-83.4708,28.0474],[-83.45,28.023],[-83.4252,28.0121],[-83.37,28.005],[-83.3437,28.0121],[-83.33,28.027],[-83.3281,28.0474],[-83.3369,28.065],[-83.3592,28.0827],[-83.41,28.0999],[-83.45,28.0838]]]}},{"type":"Feature","properties":{"c":"#00fb90","v0":0.05,"v1":0.25},"geometry":{"type":"Polygon","coordinates":[[[-83.3348,27.9238],[-83.33,27.9317],[-83.31,27.9229],[-83.27,27.8895],[-83.2284,27.8177],[-83.23,27.7937],[-83.25,27.7889],[-83.29,27.7974],[-83.33,27.8172],[-83.3483,27.8354],[-83.358,27.8707],[-83.3348,27.9238]]]}},{"type":"Feature","properties":{"c":"#00fb90","v0":0.05,"v1":0.25},"geometry":{"type":"Polygon","coordinates":[[[-82.653,27.8177],[-82.63,27.8322],[-82.61,27.8331],[-82.5702,27.8177],[-82.5545,27.8],[-82.5668,27.7823],[-82.6299,27.7823],[-82.6527,27.8],[-82.653,27.8177]]]}},{"type":"Feature","properties":{"c":"#00fb90","v0":0.05,"v1":0.25},"geometry":{"type":"Polygon","coordinates":[[[-77.1392,27.7646],[-77.11,27.7755],[-77.0786,27.7646],[-77.0687,27.7469],[-77.0735,27.7292],[-77.09,27.7118],[-77.13,27.7011],[-77.2157,27.6938],[-77.1935,27.7292],[-77.1392,27.7646]]]}},{"type":"Feature","properties":{"c":"#00fb90","v0":0.05,"v1":0.25},"geometry":{"type":"Polygon","coordinates":[[[-77.3728,27.6583],[-77.35,27.6521],[-77.3489,27.6229],[-77.37,27.5963],[-77.39,27.5869],[-77.4096,27.6052],[-77.3922,27.6406],[-77.3728,27.6583]]]}},{"type":"Feature","properties":{"c":"#00fb90","v0":0.05,"v1":0.25},"geometry":{"type":"Polygon","coordinates":[[[-77.3607,27.3923],[-77.3242,27.3923],[-77.3349,27.339],[-77.328,27.3034],[-77.25,27.2011],[-77.23,27.1843],[-77.21,27.1798],[-77.13,27.1842],[-77.11,27.1588],[-77.1179,27.1434],[-77.19,27.1071],[-77.25,27.1243],[-77.27,27.12],[-77.37,27.0593],[-77.53,27.0497],[-77.5474,27.0721],[-77.5417,27.09],[-77.49,27.1461],[-77.4697,27.1967],[-77.5012,27.3034],[-77.45,27.3611],[-77.3607,27.3923]]]}},{"type":"Feature","properties":{"c":"#00fb90","v0":0.05,"v1":0.25},"geometry":{"type":"Polygon","coordinates":[[[-77.0325,27.1612],[-77.01,27.1548],[-77.0089,27.1256],[-77.03,27.0999],[-77.0584,27.09],[-77.07,27.0964],[-77.085,27.1434],[-77.0325,27.1612]]]}},{"type":"Feature","properties":{"c":"#00fb90","v0":0.05,"v1":0.25},"geometry":{"type":"Polygon","coordinates":[[[-77.4547,26.8582],[-77.43,26.8644],[-77.4184,26.8582],[-77.3814,26.7868],[-77.35,26.7524],[-77.33,26.7446],[-77.31,26.7481],[-77.25,26.7753],[-77.2371,26.769],[-77.2288,26.7511],[-77.2572,26.6975],[-77.31,26.6624],[-77.3257,26.6439],[-77.3317,26.6081],[-77.3196,26.5187],[-77.3482,26.465],[-77.4365,26.4112],[-77.4518,26.3933],[-77.4744,26.3396],[-77.57,26.27],[-77.6325,26.214],[-77.6575,26.1781],[-77.6588,26.1422],[-77.65,26.1249],[-77.59,26.096],[-77.578,26.0704],[-77.5978,25.9625],[-77.593,25.8366],[-77.6088,25.7465],[-77.6673,25.6925],[-77.6751,25.6384],[-77.6865,25.6204],[-77.85,25.4884],[-77.93,25.4809],[-77.95,25.4703],[-77.9616,25.4579],[-77.9533,25.4037],[-77.9613,25.3857],[-78.0356,25.3134],[-78.13,25.2508],[-78.1741,25.1505],[-78.21,25.0935],[-78.2227,25.0237],[-78.2418,24.9693],[-78.2898,24.8968],[-78.29,24.8688],[-78.2594,24.8242],[-78.2527,24.7697],[-78.23,24.7493],[-78.19,24.7391],[-78.15,24.7405],[-78.03,24.7711],[-77.97,24.7986],[-77.95,24.8009],[-77.9168,24.7879],[-77.9234,24.7697],[-77.9699,24.7152],[-78.03,24.6903],[-78.09,24.6216],[-78.21,24.5298],[-78.27,24.5077],[-78.41,24.4853],[-78.4581,24.4606],[-78.479,24.4242],[-78.4965,24.3695],[-78.4999,24.3513],[-78.49,24.3315],[-78.39,24.3374],[-78.21,24.4474],[-78.15,24.4718],[-78.13,24.4727],[-78.11,24.4625],[-78.09,24.4212],[-78.07,24.4139],[-77.97,24.4159],[-77.9653,24.406],[-77.9802,24.3695],[-78.01,24.3293],[-78.0503,24.2966],[-78.0593,24.2784],[-78.05,24.2729],[-78.01,24.2846],[-77.97,24.2825],[-77.9532,24.2602],[-77.9623,24.2419],[-78.01,24.1721],[-78.03,24.1544],[-78.09,24.1449],[-78.15,24.1054],[-78.2177,24.0046],[-78.2213,23.9863],[-78.19,23.9695],[-78.11,23.9449],[-78.07,23.9499],[-78.01,23.9718],[-77.89,23.9583],[-77.8767,23.9498],[-77.9088,23.9132],[-77.95,23.9054],[-77.97,23.8929],[-78.0329,23.8218],[-78.09,23.7952],[-78.21,23.7656],[-78.27,23.8005],[-78.31,23.8062],[-78.45,23.781],[-78.53,23.753],[-78.61,23.7511],[-78.73,23.6722],[-78.81,23.6566],[-78.87,23.6362],[-78.8933,23.6387],[-78.907,23.657],[-78.8964,23.7303],[-78.8324,23.8584],[-78.81,23.8767],[-78.75,23.8902],[-78.704,23.9132],[-78.65,23.9522],[-78.6196,23.9863],[-78.5588,24.1507],[-78.5554,24.2419],[-78.537,24.2966],[-78.5445,24.3149],[-78.59,24.3145],[-78.6111,24.2966],[-78.6534,24.2237],[-78.69,24.1935],[-78.73,24.2016],[-78.7594,24.2237],[-78.761,24.2419],[-78.69,24.3454],[-78.59,24.4219],[-78.5503,24.4606],[-78.5465,24.4788],[-78.6094,24.5516],[-78.69,24.5773],[-78.75,24.5767],[-78.8367,24.5516],[-78.87,24.5341],[-78.9206,24.4606],[-78.944,24.406],[-78.97,24.3824],[-78.99,24.3795],[-79.07,24.3975],[-79.1049,24.4242],[-79.1067,24.4606],[-79.07,24.5072],[-79.01,24.5446],[-78.9267,24.5698],[-78.9209,24.588],[-78.9265,24.6062],[-78.9614,24.6425],[-78.9643,24.6789],[-78.9489,24.7152],[-78.8944,24.7879],[-78.892,24.806],[-78.91,24.8145],[-78.95,24.809],[-78.9959,24.7879],[-79.15,24.6739],[-79.1974,24.6243],[-79.23,24.6064],[-79.33,24.5908],[-79.37,24.5665],[-79.41,24.5643],[-79.4194,24.5698],[-79.4356,24.6243],[-79.45,24.6385],[-79.49,24.6363],[-79.5723,24.6062],[-79.5842,24.5516],[-79.63,24.4588],[-79.75,24.4291],[-79.85,24.449],[-79.89,24.435],[-79.9682,24.3878],[-79.9938,24.3331],[-79.9853,24.2966],[-79.9907,24.2602],[-80.01,24.2395],[-80.09,24.2147],[-80.1234,24.1872],[-80.1112,24.1325],[-80.1139,24.0959],[-80.1328,24.0594],[-80.1947,23.9863],[-80.2154,23.9132],[-80.2611,23.8401],[-80.29,23.8154],[-80.31,23.8141],[-80.35,23.8457],[-80.37,23.848],[-80.3838,23.8401],[-80.41,23.7726],[-80.4344,23.6753],[-80.45,23.6564],[-80.5018,23.6203],[-80.529,23.5654],[-80.5469,23.547],[-80.6069,23.5103],[-80.5987,23.492],[-80.5621,23.4737],[-80.4625,23.4553],[-80.4634,23.437],[-80.4993,23.3819],[-80.53,23.3531],[-80.57,23.3309],[-80.61,23.3238],[-80.67,23.3338],[-80.73,23.3241],[-80.87,23.3273],[-80.8926,23.3452],[-80.8721,23.3819],[-80.7741,23.4737],[-80.7406,23.5287],[-80.7488,23.5837],[-80.7386,23.6936],[-80.75,23.7011],[-80.79,23.7002],[-80.81,23.7098],[-80.8223,23.7303],[-80.834,23.7852],[-80.8294,23.8218],[-80.8028,23.8767],[-80.7757,23.8949],[-80.69,23.9011],[-80.6008,23.9315],[-80.5867,23.9498],[-80.57,24.0009],[-80.53,24.016],[-80.4973,24.0777],[-80.4461,24.1325],[-80.4468,24.1507],[-80.4803,24.1872],[-80.51,24.2435],[-80.53,24.2581],[-80.65,24.3036],[-80.7236,24.3149],[-80.79,24.3409],[-80.85,24.3331],[-80.8948,24.2784],[-80.93,24.255],[-80.97,24.2524],[-81.03,24.2794],[-81.05,24.2728],[-81.17,24.1852],[-81.1874,24.169],[-81.1892,24.1507],[-81.17,24.1459],[-81.13,24.1751],[-81.11,24.1795],[-81.09,24.1726],[-81.0484,24.1325],[-81.0438,24.1142],[-81.05,24.0977],[-81.11,24.0308],[-81.19,24.0116],[-81.27,23.9476],[-81.29,23.9404],[-81.37,23.9464],[-81.51,23.9378],[-81.71,23.8576],[-81.81,23.8718],[-81.85,23.8497],[-81.8898,23.8035],[-81.8982,23.7852],[-81.8952,23.7669],[-81.8407,23.6753],[-81.83,23.67],[-81.71,23.6387],[-81.69,23.6391],[-81.61,23.6661],[-81.57,23.6681],[-81.53,23.659],[-81.45,23.625],[-81.37,23.6284],[-81.31,23.6447],[-81.27,23.6452],[-81.2546,23.6387],[-81.2422,23.6203],[-81.2458,23.602],[-81.27,23.5798],[-81.31,23.5759],[-81.37,23.5948],[-81.41,23.5771],[-81.45,23.5735],[-81.51,23.5424],[-81.61,23.5343],[-81.65,23.5348],[-81.71,23.5562],[-81.73,23.5562],[-81.79,23.5187],[-81.81,23.5158],[-81.85,23.533],[-81.8921,23.5837],[-81.8766,23.6387],[-81.8845,23.657],[-81.99,23.6868],[-82.03,23.6754],[-82.11,23.6178],[-82.13,23.6205],[-82.1556,23.6387],[-82.1799,23.6753],[-82.2099,23.7486],[-82.25,23.7958],[-82.286,23.8218],[-82.2959,23.8401],[-82.2909,23.8584],[-82.27,23.8719],[-82.21,23.8588],[-82.1969,23.8767],[-82.2416,23.9315],[-82.2929,23.9681],[-82.2923,24.0046],[-82.2669,24.0594],[-82.257,24.1507],[-82.2472,24.169],[-82.23,24.1795],[-82.17,24.1709],[-82.13,24.1785],[-82.07,24.2151],[-82.03,24.2663],[-81.9544,24.2966],[-81.912,24.3331],[-81.9161,24.3513],[-81.93,24.3585],[-81.95,24.3515],[-81.99,24.3205],[-82.03,24.3221],[-82.0662,24.3513],[-82.0807,24.3878],[-82.0585,24.497],[-82.0141,24.5334],[-82.0086,24.5516],[-82.0002,24.6243],[-82.0248,24.7334],[-82.01,24.7595],[-81.955,24.7879],[-81.9506,24.806],[-82.03,24.8222],[-82.0523,24.8424],[-82.0578,24.8605],[-82.05,24.8784],[-82.0066,24.8968],[-82.0348,24.9693],[-82.03,25.0068],[-82.01,25.022],[-81.93,25.03],[-81.89,25.0748],[-81.87,25.0807],[-81.8023,25.0781],[-81.7919,25.0962],[-81.8005,25.2048],[-81.79,25.2235],[-81.77,25.2335],[-81.73,25.2288],[-81.6394,25.1867],[-81.6374,25.1686],[-81.66,25.1324],[-81.7543,25.0418],[-81.738,25.0056],[-81.6935,24.9512],[-81.6869,24.9331],[-81.6979,24.9149],[-81.85,24.9042],[-81.8768,24.8968],[-81.9331,24.8605],[-81.93,24.8237],[-81.91,24.8229],[-81.87,24.8384],[-81.79,24.82],[-81.73,24.8363],[-81.69,24.8381],[-81.6228,24.806],[-81.6143,24.7697],[-81.63,24.7419],[-81.65,24.7252],[-81.73,24.7043],[-81.77,24.6792],[-81.7861,24.6607],[-81.79,24.6237],[-81.77,24.6131],[-81.69,24.625],[-81.63,24.6054],[-81.55,24.5932],[-81.51,24.549],[-81.47,24.5478],[-81.4202,24.5698],[-81.3618,24.6971],[-81.35,24.7089],[-81.33,24.7112],[-81.31,24.702],[-81.2898,24.6789],[-81.2635,24.588],[-81.2041,24.5516],[-81.17,24.5439],[-81.1102,24.5698],[-81.1043,24.588],[-81.1305,24.6789],[-81.1277,24.7334],[-81.11,24.7545],[-81.01,24.8061],[-80.9507,24.8605],[-80.9333,24.8968],[-80.9229,24.9693],[-80.91,24.992],[-80.8684,25.0237],[-80.8694,25.0418],[-80.91,25.0861],[-80.93,25.0923],[-80.99,25.0549],[-81.0225,25.0962],[-81.05,25.1093],[-81.19,25.0756],[-81.2619,25.0056],[-81.29,24.991],[-81.43,24.9672],[-81.51,24.9859],[-81.59,24.9706],[-81.6291,24.9875],[-81.6437,25.0237],[-81.63,25.0424],[-81.57,25.0631],[-81.5497,25.0962],[-81.5477,25.1324],[-81.624,25.1867],[-81.5911,25.241],[-81.5931,25.2591],[-81.6172,25.2772],[-81.6805,25.2953],[-81.7107,25.3134],[-81.75,25.3831],[-81.7868,25.4218],[-81.8189,25.5121],[-81.8601,25.5662],[-81.8579,25.6023],[-81.8326,25.6204],[-81.77,25.6144],[-81.749,25.6204],[-81.7382,25.6384],[-81.7267,25.6925],[-81.734,25.7105],[-81.8852,25.8546],[-81.9028,25.8906],[-81.89,25.9198],[-81.85,25.9338],[-81.79,25.9208],[-81.65,25.853],[-81.55,25.8254],[-81.49,25.7825],[-81.39,25.7579],[-81.33,25.7327],[-81.19,25.7277],[-81.1559,25.7105],[-81.11,25.6656],[-81.07,25.6489],[-81.05,25.6487],[-80.99,25.6823],[-80.97,25.6839],[-80.93,25.6694],[-80.83,25.6094],[-80.79,25.6106],[-80.73,25.6341],[-80.67,25.6429],[-80.63,25.6348],[-80.57,25.6066],[-80.55,25.6064],[-80.5326,25.6204],[-80.5393,25.6564],[-80.5271,25.6745],[-80.47,25.6856],[-80.43,25.6758],[-80.4127,25.6564],[-80.4122,25.6204],[-80.43,25.5927],[-80.47,25.578],[-80.483,25.5662],[-80.4828,25.5121],[-80.512,25.4579],[-80.51,25.421],[-80.481,25.3495],[-80.4851,25.3314],[-80.5398,25.2591],[-80.57,25.2366],[-80.63,25.2468],[-80.69,25.2973],[-80.71,25.2911],[-80.7066,25.2591],[-80.6522,25.2048],[-80.5548,25.1505],[-80.5433,25.0962],[-80.5607,25.0237],[-80.5587,25.0056],[-80.47,24.9285],[-80.4687,24.9512],[-80.4879,25.0056],[-80.4794,25.0237],[-80.33,25.0658],[-80.29,25.0585],[-80.2799,25.0418],[-80.2824,25.0237],[-80.3435,24.9331],[-80.39,24.9087],[-80.4499,24.8968],[-80.4247,24.8605],[-80.39,24.836],[-80.33,24.807],[-80.25,24.8227],[-80.19,24.8174],[-80.11,24.7581],[-80.01,24.7597],[-79.89,24.7378],[-79.8573,24.7516],[-79.8136,24.7879],[-79.75,24.8218],[-79.6744,24.8786],[-79.6175,24.9331],[-79.5801,24.9875],[-79.5554,25.06],[-79.4914,25.1324],[-79.45,25.201],[-79.35,25.2826],[-79.27,25.3323],[-79.2356,25.4037],[-79.1947,25.4579],[-79.178,25.494],[-79.15,25.5191],[-79.0905,25.5482],[-79.0853,25.5843],[-79.043,25.6384],[-78.9949,25.6745],[-78.8908,25.7285],[-78.81,25.7569],[-78.7961,25.7826],[-78.7869,25.8546],[-78.75,25.9092],[-78.65,25.9841],[-78.59,26.0434],[-78.47,26.0879],[-78.4092,26.1602],[-78.35,26.2055],[-78.29,26.2336],[-78.1983,26.2499],[-78.1612,26.2678],[-78.1289,26.3037],[-78.1013,26.3575],[-78.1366,26.3933],[-78.1337,26.4292],[-78.1187,26.4471],[-78.036,26.5008],[-77.9962,26.5545],[-77.95,26.5764],[-77.85,26.597],[-77.8065,26.6618],[-77.77,26.6901],[-77.53,26.775],[-77.4547,26.8582]],[[-78.43,24.1904],[-78.4488,24.169],[-78.4451,24.1507],[-78.43,24.1469],[-78.4063,24.169],[-78.41,24.1921],[-78.43,24.1904]],[[-78.19,24.4291],[-78.2134,24.406],[-78.23,24.3638],[-78.31,24.3463],[-78.3441,24.3149],[-78.3481,24.2784],[-78.3315,24.2419],[-78.3326,24.2237],[-78.37,24.147],[-78.4083,24.0959],[-78.43,24.0915],[-78.49,24.0988],[-78.53,24.0797],[-78.5576,24.0412],[-78.5621,23.9863],[-78.5993,23.9132],[-78.755,23.8584],[-78.79,23.8407],[-78.8091,23.8218],[-78.827,23.7303],[-78.81,23.716],[-78.75,23.6986],[-78.73,23.7005],[-78.69,23.722],[-78.63,23.7713],[-78.55,23.7835],[-78.5069,23.8035],[-78.5016,23.8218],[-78.545,23.8767],[-78.49,23.9615],[-78.47,23.9698],[-78.39,23.9724],[-78.27,24.0063],[-78.25,24.0141],[-78.219,24.0412],[-78.1323,24.169],[-78.1329,24.1872],[-78.1528,24.2237],[-78.1468,24.2419],[-78.0993,24.3149],[-78.0443,24.3513],[-78.0426,24.3695],[-78.0773,24.3695],[-78.13,24.3434],[-78.15,24.342],[-78.1631,24.3513],[-78.15,24.3587],[-78.1344,24.3878],[-78.1363,24.4242],[-78.15,24.4376],[-78.19,24.4291]],[[-78.65,24.3351],[-78.67,24.3173],[-78.7068,24.2602],[-78.71,24.2411],[-78.69,24.2382],[-78.67,24.2564],[-78.6454,24.3149],[-78.65,24.3351]],[[-78.55,24.4153],[-78.5708,24.3878],[-78.5682,24.3695],[-78.55,24.3629],[-78.53,24.374],[-78.5198,24.406],[-78.53,24.4224],[-78.55,24.4153]],[[-78.97,24.5342],[-79.01,24.5251],[-79.0723,24.4788],[-79.0842,24.4424],[-79.0713,24.4242],[-79.01,24.4137],[-78.99,24.4181],[-78.97,24.4356],[-78.9348,24.497],[-78.9332,24.5152],[-78.95,24.5308],[-78.97,24.5342]],[[-81.83,23.6334],[-81.85,23.6122],[-81.8564,23.5837],[-81.8309,23.547],[-81.81,23.5413],[-81.79,23.5471],[-81.7687,23.5654],[-81.7524,23.602],[-81.7611,23.6203],[-81.79,23.6347],[-81.83,23.6334]],[[-81.63,23.644],[-81.6717,23.6203],[-81.6866,23.602],[-81.6873,23.5837],[-81.67,23.5629],[-81.63,23.5515],[-81.55,23.5585],[-81.5195,23.5654],[-81.4963,23.5837],[-81.4936,23.602],[-81.5054,23.6203],[-81.5315,23.6387],[-81.57,23.6503],[-81.63,23.644]],[[-82.15,23.8427],[-82.1939,23.8218],[-82.2054,23.8035],[-82.2039,23.7852],[-82.15,23.6712],[-82.13,23.6517],[-82.11,23.6497],[-82.0278,23.7119],[-82.015,23.7303],[-82.0165,23.7486],[-82.05,23.7949],[-82.13,23.8392],[-82.15,23.8427]],[[-81.87,25.058],[-81.91,25.0132],[-81.93,25.0041],[-81.99,25.0002],[-82.0058,24.9875],[-82.0068,24.9512],[-81.99,24.9239],[-81.97,24.9105],[-81.95,24.9064],[-81.87,24.9268],[-81.79,24.9317],[-81.7412,24.9512],[-81.7529,24.9875],[-81.79,25.0325],[-81.83,25.0556],[-81.87,25.058]],[[-81.75,25.2075],[-81.7753,25.1867],[-81.7736,25.1505],[-81.75,25.109],[-81.73,25.1098],[-81.69,25.1369],[-81.6779,25.1686],[-81.6904,25.1867],[-81.71,25.1978],[-81.75,25.2075]],[[-81.33,24.6672],[-81.35,24.6548],[-81.3642,24.6243],[-81.362,24.6062],[-81.35,24.5914],[-81.33,24.5913],[-81.31,24.6065],[-81.3037,24.6243],[-81.31,24.6536],[-81.33,24.6672]],[[-81.85,25.9105],[-81.8739,25.8906],[-81.8708,25.8726],[-81.85,25.8463],[-81.75,25.7608],[-81.71,25.7373],[-81.63,25.721],[-81.5173,25.6384],[-81.5189,25.6204],[-81.53,25.6089],[-81.55,25.6055],[-81.61,25.6255],[-81.67,25.6761],[-81.69,25.674],[-81.7135,25.6204],[-81.73,25.6023],[-81.77,25.588],[-81.81,25.5875],[-81.8178,25.5843],[-81.821,25.5662],[-81.7909,25.5121],[-81.7726,25.4399],[-81.73,25.3959],[-81.69,25.3368],[-81.6349,25.3134],[-81.53,25.3022],[-81.47,25.1978],[-81.471,25.1505],[-81.5194,25.0962],[-81.55,25.0302],[-81.5609,25.0237],[-81.43,24.9944],[-81.31,25.0041],[-81.2745,25.0237],[-81.19,25.1326],[-81.17,25.144],[-81.11,25.1277],[-81.03,25.1484],[-80.93,25.149],[-80.91,25.1455],[-80.87,25.1045],[-80.85,25.0954],[-80.7345,25.1505],[-80.7415,25.2229],[-80.77,25.2715],[-80.79,25.2828],[-80.81,25.2802],[-80.87,25.2391],[-80.89,25.2341],[-80.97,25.2288],[-80.9968,25.241],[-81.0386,25.2953],[-81.0484,25.3134],[-81.047,25.3314],[-81.01,25.3751],[-80.97,25.399],[-80.95,25.4022],[-80.81,25.3779],[-80.69,25.3725],[-80.6612,25.3495],[-80.634,25.2953],[-80.6122,25.2772],[-80.59,25.275],[-80.5743,25.2953],[-80.5419,25.4037],[-80.539,25.476],[-80.523,25.5301],[-80.53,25.5559],[-80.55,25.5722],[-80.5984,25.5843],[-80.65,25.6104],[-80.69,25.6176],[-80.79,25.5877],[-80.83,25.5894],[-80.93,25.6487],[-80.97,25.6617],[-81.05,25.6269],[-81.09,25.632],[-81.13,25.6498],[-81.19,25.7003],[-81.33,25.7144],[-81.49,25.7605],[-81.55,25.7999],[-81.65,25.8296],[-81.79,25.901],[-81.85,25.9105]],[[-80.71,25.1512],[-80.7167,25.1324],[-80.65,25.0331],[-80.63,25.0297],[-80.61,25.0397],[-80.5743,25.0962],[-80.5832,25.1324],[-80.61,25.1508],[-80.65,25.163],[-80.69,25.1603],[-80.71,25.1512]],[[-80.43,25.0059],[-80.4389,24.9875],[-80.4241,24.9512],[-80.41,24.9413],[-80.39,24.9404],[-80.367,24.9512],[-80.3473,24.9875],[-80.35,25.0178],[-80.39,25.0178],[-80.43,25.0059]],[[-79.01,25.608],[-79.089,25.5482],[-79.0687,25.5121],[-79.05,25.5065],[-79.03,25.5099],[-78.99,25.5379],[-78.97,25.5658],[-78.97,25.6038],[-78.99,25.6105],[-79.01,25.608]],[[-78.01,26.4515],[-78.0185,26.4292],[-78.01,26.4145],[-77.99,26.4138],[-77.9791,26.4292],[-77.9806,26.4471],[-77.99,26.4588],[-78.01,26.4515]],[[-77.61,26.7002],[-77.65,26.6873],[-77.73,26.6822],[-77.7753,26.6618],[-77.7924,26.6439],[-77.8042,26.6081],[-77.797,26.5724],[-77.775,26.5366],[-77.79,26.5267],[-77.89,26.5123],[-77.93,26.5299],[-77.95,26.5283],[-77.9635,26.5187],[-77.97,26.4865],[-77.93,26.4824],[-77.9116,26.465],[-77.9266,26.4112],[-77.9202,26.3575],[-77.9316,26.3396],[-77.95,26.331],[-77.97,26.3345],[-77.99,26.3493],[-78.01,26.3537],[-78.03,26.3489],[-78.07,26.3249],[-78.15,26.2493],[-78.19,26.2304],[-78.27,26.2203],[-78.31,26.2059],[-78.39,26.1542],[-78.47,26.0628],[-78.49,26.0519],[-78.55,26.0418],[-78.59,26.0191],[-78.6132,25.9805],[-78.6126,25.9625],[-78.5892,25.9266],[-78.5968,25.9086],[-78.6589,25.8546],[-78.69,25.8098],[-78.73,25.7732],[-78.83,25.6498],[-78.91,25.6118],[-78.97,25.5317],[-79.01,25.4914],[-79.17,25.3939],[-79.1972,25.3676],[-79.2335,25.3134],[-79.4002,25.2048],[-79.424,25.1686],[-79.4365,25.1143],[-79.5115,25.0418],[-79.5908,24.9149],[-79.6917,24.8424],[-79.77,24.7725],[-79.87,24.7148],[-79.91,24.7061],[-79.99,24.7353],[-80.03,24.742],[-80.15,24.7287],[-80.17,24.7341],[-80.23,24.7756],[-80.243,24.7697],[-80.2506,24.7334],[-80.33,24.6958],[-80.3385,24.6789],[-80.3285,24.6062],[-80.3443,24.588],[-80.37,24.5845],[-80.47,24.5951],[-80.55,24.5774],[-80.57,24.5824],[-80.63,24.6295],[-80.6647,24.6789],[-80.664,24.6971],[-80.63,24.7142],[-80.55,24.7272],[-80.45,24.7254],[-80.4026,24.7334],[-80.3845,24.7516],[-80.3856,24.7697],[-80.41,24.8048],[-80.47,24.8542],[-80.55,24.9462],[-80.57,24.9519],[-80.59,24.9461],[-80.63,24.8897],[-80.67,24.899],[-80.73,24.9429],[-80.77,24.9358],[-80.81,24.9133],[-80.85,24.9464],[-80.87,24.9527],[-80.89,24.9439],[-80.914,24.8786],[-80.97,24.8155],[-81.0874,24.7334],[-81.0959,24.7152],[-81.0999,24.6607],[-81.0795,24.588],[-81.08,24.5698],[-81.09,24.5606],[-81.17,24.5246],[-81.23,24.535],[-81.25,24.5308],[-81.29,24.4885],[-81.31,24.4809],[-81.3266,24.497],[-81.3302,24.5334],[-81.35,24.5632],[-81.39,24.559],[-81.51,24.5015],[-81.548,24.4606],[-81.5756,24.406],[-81.61,24.3947],[-81.6857,24.406],[-81.6932,24.4242],[-81.63,24.4983],[-81.5733,24.5334],[-81.5707,24.5516],[-81.59,24.5653],[-81.71,24.6021],[-81.73,24.6],[-81.79,24.5699],[-81.8121,24.5698],[-81.8277,24.588],[-81.817,24.6789],[-81.75,24.722],[-81.67,24.7366],[-81.65,24.7491],[-81.6379,24.7697],[-81.6394,24.7879],[-81.655,24.806],[-81.69,24.8206],[-81.71,24.8214],[-81.77,24.8027],[-81.85,24.7942],[-81.87,24.7847],[-81.8927,24.7516],[-81.91,24.7448],[-81.97,24.7479],[-81.99,24.7385],[-82.0003,24.7152],[-81.9923,24.6789],[-81.95,24.5666],[-81.902,24.5334],[-81.8955,24.5152],[-81.8981,24.4788],[-81.91,24.4412],[-81.93,24.4516],[-81.97,24.4977],[-82.01,24.4984],[-82.03,24.486],[-82.0551,24.4242],[-82.0574,24.3878],[-82.05,24.3677],[-82.03,24.3493],[-82.01,24.3451],[-81.99,24.3515],[-81.93,24.4039],[-81.91,24.4041],[-81.85,24.36],[-81.81,24.3433],[-81.7476,24.3513],[-81.69,24.3028],[-81.6297,24.2784],[-81.6123,24.2602],[-81.5797,24.169],[-81.61,24.099],[-81.63,24.0824],[-81.65,24.08],[-81.69,24.0944],[-81.7544,24.1325],[-81.824,24.1507],[-81.7951,24.2055],[-81.7817,24.2784],[-81.7901,24.2966],[-81.81,24.3121],[-81.85,24.3065],[-82.0154,24.2419],[-82.0243,24.2237],[-82.0177,24.1507],[-82.0397,24.0959],[-82.0394,24.0412],[-82.05,24.0285],[-82.1222,24.0229],[-82.1361,24.0046],[-82.1302,23.9863],[-82.11,23.9723],[-82.03,23.9657],[-81.99,23.9523],[-81.9522,23.9132],[-81.9307,23.8584],[-81.91,23.8634],[-81.8979,23.8949],[-81.8944,23.9498],[-81.9233,24.0046],[-81.9119,24.1325],[-81.89,24.1514],[-81.87,24.1507],[-81.8518,24.1325],[-81.841,24.0959],[-81.8456,24.0229],[-81.83,23.9937],[-81.81,23.9831],[-81.67,23.9598],[-81.6128,23.9681],[-81.55,23.9943],[-81.45,23.9634],[-81.29,23.9677],[-81.27,23.9748],[-81.233,24.0046],[-81.1761,24.0594],[-81.1709,24.0777],[-81.21,24.1121],[-81.25,24.1275],[-81.31,24.0954],[-81.35,24.0893],[-81.3762,24.0959],[-81.3938,24.1142],[-81.3957,24.1325],[-81.3412,24.2055],[-81.31,24.2091],[-81.25,24.1902],[-81.21,24.1983],[-81.15,24.2367],[-81.1062,24.2784],[-81.1003,24.2966],[-81.1055,24.3149],[-81.1285,24.3331],[-81.01,24.3854],[-80.93,24.3885],[-80.85,24.3682],[-80.83,24.374],[-80.79,24.4149],[-80.77,24.4225],[-80.73,24.4177],[-80.67,24.3992],[-80.6519,24.3878],[-80.631,24.3513],[-80.5823,24.3149],[-80.5506,24.2966],[-80.493,24.2784],[-80.4713,24.2237],[-80.45,24.2011],[-80.41,24.1924],[-80.33,24.22],[-80.2998,24.2055],[-80.2806,24.169],[-80.37,24.1442],[-80.47,24.0588],[-80.4995,23.9863],[-80.5184,23.8949],[-80.5167,23.8401],[-80.5345,23.8218],[-80.57,23.8095],[-80.59,23.817],[-80.5614,23.8584],[-80.5601,23.8767],[-80.59,23.894],[-80.69,23.8717],[-80.75,23.8716],[-80.7751,23.8584],[-80.8001,23.8218],[-80.808,23.7852],[-80.79,23.7386],[-80.77,23.7328],[-80.75,23.7373],[-80.69,23.7679],[-80.65,23.7655],[-80.6478,23.7486],[-80.69,23.7012],[-80.7028,23.6753],[-80.7222,23.5837],[-80.71,23.5511],[-80.69,23.5382],[-80.67,23.54],[-80.57,23.5644],[-80.5531,23.5837],[-80.547,23.657],[-80.539,23.6753],[-80.47,23.6969],[-80.4567,23.7119],[-80.438,23.7486],[-80.41,23.8423],[-80.3964,23.8584],[-80.37,23.8692],[-80.31,23.8638],[-80.29,23.8672],[-80.27,23.8836],[-80.2396,23.9315],[-80.2186,24.0046],[-80.1628,24.0594],[-80.1368,24.0959],[-80.1355,24.1325],[-80.15,24.1558],[-80.1948,24.1872],[-80.192,24.2055],[-80.11,24.232],[-80.0542,24.2602],[-80.0415,24.2784],[-80.0427,24.3149],[-80.0347,24.3331],[-79.955,24.4424],[-79.9557,24.4606],[-80.0102,24.497],[-80.0208,24.5152],[-80.0133,24.5698],[-79.99,24.6011],[-79.85,24.6126],[-79.7985,24.588],[-79.7697,24.5516],[-79.7952,24.4788],[-79.77,24.4542],[-79.73,24.4529],[-79.6601,24.4788],[-79.6393,24.497],[-79.6127,24.5516],[-79.61,24.6151],[-79.59,24.6341],[-79.43,24.6767],[-79.37,24.6163],[-79.29,24.6104],[-79.25,24.6143],[-79.21,24.6346],[-79.13,24.7214],[-79.0392,24.7879],[-78.97,24.8238],[-78.89,24.8521],[-78.8544,24.8786],[-78.8345,24.9149],[-78.8313,24.9512],[-78.8374,24.9693],[-78.85,24.9751],[-78.89,24.9739],[-79.01,24.9416],[-79.05,24.9229],[-79.0798,24.8968],[-79.11,24.8553],[-79.19,24.8015],[-79.2152,24.9331],[-79.1829,24.9875],[-79.1818,25.0237],[-79.1668,25.0418],[-79.1069,25.0781],[-79.0435,25.1686],[-78.89,25.2361],[-78.8116,25.3134],[-78.803,25.3314],[-78.8105,25.3495],[-78.85,25.3985],[-78.8587,25.4218],[-78.8448,25.4579],[-78.75,25.5035],[-78.73,25.5035],[-78.6993,25.476],[-78.67,25.4652],[-78.6362,25.476],[-78.6281,25.494],[-78.6352,25.5121],[-78.663,25.5301],[-78.6732,25.5482],[-78.6402,25.5843],[-78.5436,25.6564],[-78.5224,25.6925],[-78.5161,25.7826],[-78.4914,25.8366],[-78.395,25.9266],[-78.2914,26.0704],[-78.27,26.0797],[-78.13,26.1045],[-78.1063,26.1063],[-78.09,26.0994],[-78.0838,26.0883],[-78.0869,26.0524],[-78.0714,25.9985],[-78.0786,25.9805],[-78.1391,25.9086],[-78.17,25.8303],[-78.2196,25.7826],[-78.33,25.736],[-78.39,25.6874],[-78.47,25.6511],[-78.49,25.6345],[-78.5021,25.6023],[-78.47,25.556],[-78.4731,25.5301],[-78.5504,25.4218],[-78.5714,25.3495],[-78.63,25.2973],[-78.6998,25.2048],[-78.7431,25.1143],[-78.7736,25.0781],[-78.7839,25.0418],[-78.77,25.0146],[-78.75,25.011],[-78.71,25.0185],[-78.6742,25.06],[-78.61,25.0896],[-78.598,25.0781],[-78.61,25.0329],[-78.63,25.0185],[-78.69,25.0025],[-78.73,24.9457],[-78.79,24.9104],[-78.83,24.8307],[-78.9172,24.7334],[-78.9442,24.6789],[-78.93,24.6446],[-78.9007,24.6243],[-78.87,24.5801],[-78.83,24.5761],[-78.75,24.5974],[-78.71,24.6009],[-78.59,24.5826],[-78.5636,24.5698],[-78.5499,24.5334],[-78.5318,24.5152],[-78.49,24.5011],[-78.27,24.5294],[-78.23,24.5436],[-78.17,24.5977],[-78.11,24.6353],[-78.082,24.6789],[-78.0813,24.6971],[-78.09,24.7072],[-78.11,24.7106],[-78.19,24.6981],[-78.2796,24.7334],[-78.2889,24.7516],[-78.2873,24.806],[-78.3107,24.8605],[-78.3058,24.8968],[-78.262,24.9875],[-78.2386,25.0781],[-78.1756,25.1867],[-78.139,25.3134],[-78.19,25.4006],[-78.21,25.4187],[-78.23,25.4256],[-78.27,25.4165],[-78.29,25.4021],[-78.35,25.3156],[-78.4468,25.241],[-78.49,25.2187],[-78.51,25.2144],[-78.5177,25.2229],[-78.5049,25.3134],[-78.49,25.3342],[-78.43,25.3553],[-78.33,25.4123],[-78.2865,25.476],[-78.2381,25.5301],[-78.1735,25.5843],[-78.13,25.6406],[-78.09,25.6166],[-78.05,25.6152],[-77.95,25.6521],[-77.8852,25.6925],[-77.85,25.7056],[-77.77,25.6955],[-77.69,25.7207],[-77.65,25.7431],[-77.6313,25.7646],[-77.6188,25.8006],[-77.613,25.8546],[-77.6248,25.9445],[-77.65,26.0204],[-77.69,26.0329],[-77.79,26.0327],[-77.87,26.0602],[-77.93,26.0716],[-77.9478,26.0883],[-77.91,26.146],[-77.87,26.1868],[-77.83,26.1979],[-77.77,26.1692],[-77.75,26.1698],[-77.63,26.2589],[-77.5727,26.3216],[-77.53,26.434],[-77.5263,26.4829],[-77.5343,26.5008],[-77.57,26.5148],[-77.65,26.5071],[-77.6902,26.5187],[-77.6853,26.5366],[-77.5627,26.626],[-77.5389,26.6618],[-77.535,26.6796],[-77.5458,26.6975],[-77.61,26.7002]],[[-78.45,23.9325],[-78.47,23.9188],[-78.4803,23.8949],[-78.4742,23.8767],[-78.45,23.872],[-78.33,23.9132],[-78.3171,23.9315],[-78.33,23.9413],[-78.45,23.9325]],[[-80.75,25.1026],[-80.7816,25.0781],[-80.7854,25.06],[-80.7731,25.0418],[-80.75,25.0317],[-80.71,25.0381],[-80.6982,25.06],[-80.7053,25.0781],[-80.73,25.1006],[-80.75,25.1026]],[[-80.95,25.3511],[-80.9892,25.3314],[-80.9993,25.3134],[-80.99,25.2832],[-80.97,25.2684],[-80.93,25.2662],[-80.89,25.2744],[-80.8538,25.2953],[-80.8376,25.3134],[-80.8335,25.3314],[-80.85,25.3521],[-80.95,25.3511]],[[-80.55,24.6982],[-80.57,24.6908],[-80.61,24.6926],[-80.6315,24.6789],[-80.617,24.6607],[-80.55,24.6219],[-80.39,24.6151],[-80.3672,24.6243],[-80.3664,24.6425],[-80.3839,24.6789],[-80.41,24.6963],[-80.49,24.7054],[-80.55,24.6982]],[[-81.61,24.4671],[-81.6304,24.4424],[-81.61,24.431],[-81.5948,24.4606],[-81.61,24.4671]],[[-82.03,23.8864],[-82.0486,23.8767],[-82.053,23.8584],[-81.99,23.7817],[-81.97,23.7793],[-81.9618,23.7852],[-81.9595,23.8035],[-81.9693,23.8218],[-82.01,23.877],[-82.03,23.8864]],[[-80.71,23.5],[-80.77,23.4543],[-80.823,23.4002],[-80.8408,23.3635],[-80.83,23.3565],[-80.75,23.3424],[-80.65,23.362],[-80.61,23.3462],[-80.59,23.3459],[-80.55,23.3617],[-80.5253,23.3819],[-80.5111,23.4186],[-80.5199,23.437],[-80.55,23.452],[-80.61,23.4589],[-80.69,23.5018],[-80.71,23.5]],[[-79.87,24.5895],[-79.91,24.5753],[-79.97,24.5748],[-79.9849,24.5516],[-79.9775,24.5334],[-79.95,24.5222],[-79.93,24.5246],[-79.89,24.5483],[-79.81,24.5406],[-79.803,24.5516],[-79.8081,24.5698],[-79.8373,24.588],[-79.87,24.5895]],[[-78.55,25.6216],[-78.5969,25.5843],[-78.6034,25.5662],[-78.5795,25.5121],[-78.5868,25.476],[-78.61,25.4476],[-78.63,25.4359],[-78.67,25.4293],[-78.75,25.4556],[-78.8138,25.4399],[-78.8199,25.4218],[-78.81,25.4053],[-78.77,25.3931],[-78.75,25.3772],[-78.7419,25.3495],[-78.7472,25.3134],[-78.77,25.2905],[-78.8283,25.2591],[-78.8381,25.2048],[-78.8532,25.1867],[-78.89,25.1689],[-78.93,25.19],[-78.9661,25.1867],[-79.0155,25.1686],[-79.0373,25.1505],[-79.0619,25.0781],[-79.1251,25.0237],[-79.1415,24.9875],[-79.1812,24.9331],[-79.185,24.9149],[-79.17,24.8785],[-79.15,24.8718],[-79.13,24.8765],[-79.05,24.9436],[-78.85,25.0165],[-78.83,25.0319],[-78.809,25.1324],[-78.75,25.1693],[-78.6091,25.3495],[-78.561,25.4579],[-78.504,25.5301],[-78.5027,25.5482],[-78.5398,25.6204],[-78.55,25.6216]],[[-78.23,26.0536],[-78.27,26.0472],[-78.29,26.0347],[-78.366,25.9266],[-78.471,25.8366],[-78.4955,25.7826],[-78.5044,25.6745],[-78.49,25.6687],[-78.41,25.7045],[-78.3814,25.7285],[-78.3501,25.7826],[-78.33,25.7988],[-78.31,25.8084],[-78.23,25.8207],[-78.19,25.8623],[-78.1312,25.9805],[-78.1313,25.9985],[-78.1611,26.0524],[-78.19,26.0593],[-78.23,26.0536]],[[-78.17,25.5509],[-78.2216,25.5121],[-78.2324,25.476],[-78.1548,25.4037],[-78.13,25.3656],[-78.11,25.3606],[-78.0929,25.3676],[-78.0791,25.3857],[-78.109,25.4218],[-78.1036,25.5301],[-78.13,25.5542],[-78.17,25.5509]],[[-78.01,25.5851],[-78.0448,25.5482],[-78.0739,25.494],[-78.0722,25.4579],[-78.05,25.4469],[-78.01,25.4638],[-77.8945,25.5482],[-77.9083,25.5662],[-77.95,25.5914],[-77.99,25.5942],[-78.01,25.5851]],[[-77.81,25.6544],[-77.874,25.5662],[-77.8784,25.5482],[-77.85,25.5405],[-77.83,25.5461],[-77.79,25.5734],[-77.7649,25.6023],[-77.7617,25.6204],[-77.77,25.6412],[-77.79,25.6557],[-77.81,25.6544]]]}},{"type":"Feature","properties":{"c":"#00fb90","v0":0.05,"v1":0.25},"geometry":{"type":"Polygon","coordinates":[[[-84.078,26.8404],[-84.05,26.8368],[-84.0076,26.8047],[-83.9814,26.769],[-83.978,26.7511],[-83.99,26.7388],[-84.01,26.7417],[-84.0504,26.769],[-84.0864,26.8225],[-84.078,26.8404]]]}},{"type":"Feature","properties":{"c":"#00fb90","v0":0.05,"v1":0.25},"geometry":{"type":"Polygon","coordinates":[[[-83.8961,26.6618],[-83.87,26.6638],[-83.8561,26.6439],[-83.87,26.6304],[-83.8937,26.6439],[-83.8961,26.6618]]]}},{"type":"Feature","properties":{"c":"#00fb90","v0":0.05,"v1":0.25},"geometry":{"type":"Polygon","coordinates":[[[-79.322,26.1063],[-79.27,26.1128],[-79.23,26.0953],[-79.2097,26.0704],[-79.2124,26.0344],[-79.2331,26.0165],[-79.27,26.0057],[-79.31,26.0041],[-79.3613,26.0165],[-79.381,26.0344],[-79.3818,26.0524],[-79.35,26.0883],[-79.322,26.1063]],[[-79.31,26.0783],[-79.335,26.0524],[-79.3242,26.0344],[-79.27,26.0314],[-79.2425,26.0524],[-79.2486,26.0704],[-79.27,26.0811],[-79.31,26.0783]]]}},{"type":"Feature","properties":{"c":"#00fb90","v0":0.05,"v1":0.25},"geometry":{"type":"Polygon","coordinates":[[[-80.773,25.8366],[-80.7468,25.8366],[-80.7414,25.8186],[-80.77,25.8163],[-80.773,25.8366]]]}},{"type":"Feature","properties":{"c":"#00fb90","v0":0.05,"v1":0.25},"geometry":{"type":"Polygon","coordinates":[[[-80.4458,25.8006],[-80.39,25.8106],[-80.37,25.8014],[-80.3655,25.7826],[-80.39,25.7572],[-80.43,25.7488],[-80.4634,25.7646],[-80.4664,25.7826],[-80.4458,25.8006]]]}},{"type":"Feature","properties":{"c":"#00fb90","v0":0.05,"v1":0.25},"geometry":{"type":"Polygon","coordinates":[[[-82.1738,25.5843],[-82.15,25.5979],[-82.13,25.5965],[-82.01,25.5196],[-81.9562,25.476],[-81.9347,25.4399],[-81.9249,25.4037],[-81.9314,25.3857],[-81.95,25.3715],[-82.01,25.3408],[-82.0123,25.3134],[-81.9941,25.2772],[-81.9929,25.2591],[-82.01,25.2405],[-82.07,25.2201],[-82.0882,25.1686],[-82.11,25.1515],[-82.13,25.1541],[-82.15,25.1675],[-82.1619,25.1867],[-82.1404,25.241],[-82.1444,25.2591],[-82.1857,25.3134],[-82.1967,25.3495],[-82.1911,25.3676],[-82.1705,25.3857],[-82.1087,25.4037],[-82.122,25.4579],[-82.1766,25.5482],[-82.1738,25.5843]],[[-82.11,25.5452],[-82.1222,25.5301],[-82.1184,25.5121],[-82.0675,25.4037],[-82.05,25.3897],[-82.01,25.3807],[-81.97,25.3974],[-81.9604,25.4218],[-81.9641,25.4399],[-81.9881,25.476],[-82.05,25.5199],[-82.11,25.5452]],[[-82.15,25.3688],[-82.1703,25.3495],[-82.1687,25.3314],[-82.15,25.3027],[-82.11,25.2723],[-82.07,25.2666],[-82.05,25.2733],[-82.0475,25.2953],[-82.0781,25.3495],[-82.11,25.3669],[-82.15,25.3688]]]}},{"type":"Feature","properties":{"c":"#00fb90","v0":0.05,"v1":0.25},"geometry":{"type":"Polygon","coordinates":[[[-79.4122,25.5843],[-79.3825,25.5843],[-79.37,25.5754],[-79.37,25.5603],[-79.3849,25.5482],[-79.4356,25.5301],[-79.4762,25.5301],[-79.4889,25.5482],[-79.4745,25.5662],[-79.4122,25.5843]]]}},{"type":"Feature","properties":{"c":"#00fb90","v0":0.05,"v1":0.25},"geometry":{"type":"Polygon","coordinates":[[[-81.2917,25.5301],[-81.27,25.535],[-81.25,25.5296],[-81.242,25.5121],[-81.2505,25.494],[-81.27,25.4855],[-81.2858,25.494],[-81.2975,25.5121],[-81.2917,25.5301]]]}},{"type":"Feature","properties":{"c":"#00fb90","v0":0.05,"v1":0.25},"geometry":{"type":"Polygon","coordinates":[[[-76.6171,25.5121],[-76.59,25.5268],[-76.49,25.4793],[-76.49,25.4544],[-76.53,25.4083],[-76.55,25.4066],[-76.62,25.4399],[-76.6323,25.476],[-76.6171,25.5121]]]}},{"type":"Feature","properties":{"c":"#00fb90","v0":0.05,"v1":0.25},"geometry":{"type":"Polygon","coordinates":[[[-80.2129,25.4037],[-80.17,25.3987],[-80.13,25.3696],[-80.1211,25.3495],[-80.1355,25.3134],[-80.1879,25.2772],[-80.21,25.2359],[-80.23,25.2218],[-80.31,25.2126],[-80.3572,25.2229],[-80.3755,25.241],[-80.39,25.2821],[-80.4415,25.3314],[-80.4378,25.3495],[-80.41,25.3622],[-80.39,25.361],[-80.35,25.3441],[-80.29,25.3455],[-80.27,25.3532],[-80.23,25.3983],[-80.2129,25.4037]],[[-80.21,25.3825],[-80.23,25.3676],[-80.2374,25.3314],[-80.2282,25.3134],[-80.21,25.303],[-80.19,25.3036],[-80.15,25.329],[-80.145,25.3495],[-80.17,25.377],[-80.21,25.3825]],[[-80.33,25.2977],[-80.3476,25.2772],[-80.3485,25.2591],[-80.3321,25.241],[-80.3013,25.241],[-80.2574,25.2591],[-80.2607,25.2772],[-80.2878,25.2953],[-80.33,25.2977]]]}},{"type":"Feature","properties":{"c":"#00fb90","v0":0.05,"v1":0.25},"geometry":{"type":"Polygon","coordinates":[[[-83.9836,25.3857],[-83.97,25.3906],[-83.95,25.3806],[-83.9408,25.3495],[-83.95,25.3297],[-83.97,25.3296],[-83.9912,25.3495],[-83.9942,25.3676],[-83.9836,25.3857]]]}},{"type":"Feature","properties":{"c":"#00fb90","v0":0.05,"v1":0.25},"geometry":{"type":"Polygon","coordinates":[[[-83.2178,25.1143],[-83.19,25.12],[-83.1615,25.0962],[-83.1448,25.06],[-83.1421,25.0418],[-83.15,25.0242],[-83.17,25.0221],[-83.19,25.0296],[-83.224,25.06],[-83.2304,25.0962],[-83.2178,25.1143]]]}},{"type":"Feature","properties":{"c":"#00fb90","v0":0.05,"v1":0.25},"geometry":{"type":"Polygon","coordinates":[[[-82.6254,25.0781],[-82.61,25.0817],[-82.57,25.0622],[-82.5503,25.0237],[-82.5604,25.0056],[-82.63,24.9757],[-82.65,24.9814],[-82.6622,25.0056],[-82.65,25.0487],[-82.6254,25.0781]]]}},{"type":"Feature","properties":{"c":"#00fb90","v0":0.05,"v1":0.25},"geometry":{"type":"Polygon","coordinates":[[[-82.3906,25.0237],[-82.37,25.0179],[-82.3521,24.9875],[-82.3805,24.9149],[-82.3916,24.8968],[-82.43,24.8677],[-82.47,24.8654],[-82.5002,24.8968],[-82.523,24.9875],[-82.5035,25.0056],[-82.43,25.0125],[-82.3906,25.0237]],[[-82.47,24.9801],[-82.4863,24.9693],[-82.49,24.9571],[-82.4827,24.9149],[-82.47,24.8966],[-82.45,24.8897],[-82.43,24.8952],[-82.409,24.9149],[-82.403,24.9331],[-82.41,24.9689],[-82.43,24.9773],[-82.47,24.9801]]]}},{"type":"Feature","properties":{"c":"#00fb90","v0":0.05,"v1":0.25},"geometry":{"type":"Polygon","coordinates":[[[-84.6303,24.9875],[-84.6144,24.9693],[-84.6156,24.9512],[-84.63,24.9378],[-84.6452,24.9693],[-84.6303,24.9875]]]}},{"type":"Feature","properties":{"c":"#00fb90","v0":0.05,"v1":0.25},"geometry":{"type":"Polygon","coordinates":[[[-83.0429,24.9875],[-83.03,24.9954],[-83.01,24.991],[-82.9966,24.9693],[-83.0021,24.9149],[-82.996,24.8786],[-83.01,24.8392],[-83.03,24.8278],[-83.05,24.826],[-83.13,24.8537],[-83.1428,24.8605],[-83.1497,24.8786],[-83.1387,24.8968],[-83.0625,24.9331],[-83.0429,24.9875]],[[-83.07,24.8987],[-83.0883,24.8786],[-83.0781,24.8605],[-83.05,24.8511],[-83.03,24.8578],[-83.0231,24.8786],[-83.03,24.8972],[-83.05,24.9047],[-83.07,24.8987]]]}},{"type":"Feature","properties":{"c":"#00fb90","v0":0.05,"v1":0.25},"geometry":{"type":"Polygon","coordinates":[[[-80.0648,24.9875],[-80.05,24.9996],[-80.03,25.0021],[-80.0083,24.9875],[-80.0126,24.9693],[-80.03,24.9591],[-80.05,24.9585],[-80.0652,24.9693],[-80.0648,24.9875]]]}},{"type":"Feature","properties":{"c":"#00fb90","v0":0.05,"v1":0.25},"geometry":{"type":"Polygon","coordinates":[[[-82.8169,24.9512],[-82.79,24.9582],[-82.77,24.9488],[-82.7604,24.9331],[-82.77,24.9094],[-82.87,24.8839],[-82.89,24.8856],[-82.9081,24.8968],[-82.9155,24.9149],[-82.9062,24.9331],[-82.85,24.9391],[-82.8169,24.9512]]]}},{"type":"Feature","properties":{"c":"#00fb90","v0":0.05,"v1":0.25},"geometry":{"type":"Polygon","coordinates":[[[-83.3031,24.9331],[-83.27,24.9484],[-83.23,24.9476],[-83.1952,24.9149],[-83.1735,24.8786],[-83.1716,24.8605],[-83.1806,24.8242],[-83.21,24.793],[-83.25,24.7936],[-83.2869,24.8242],[-83.3041,24.8605],[-83.3105,24.8968],[-83.3031,24.9331]],[[-83.27,24.918],[-83.2826,24.8968],[-83.2797,24.8605],[-83.27,24.8407],[-83.25,24.8243],[-83.23,24.8217],[-83.2087,24.8424],[-83.2169,24.8968],[-83.23,24.9152],[-83.25,24.9232],[-83.27,24.918]]]}},{"type":"Feature","properties":{"c":"#00fb90","v0":0.05,"v1":0.25},"geometry":{"type":"Polygon","coordinates":[[[-84.2961,24.9149],[-84.27,24.9268],[-84.23,24.922],[-84.2022,24.8968],[-84.1961,24.8605],[-84.2126,24.8242],[-84.29,24.7967],[-84.3183,24.806],[-84.3409,24.8424],[-84.3345,24.8786],[-84.2961,24.9149]],[[-84.29,24.8864],[-84.3123,24.8605],[-84.31,24.839],[-84.29,24.826],[-84.2571,24.8424],[-84.2467,24.8605],[-84.2507,24.8786],[-84.27,24.8885],[-84.29,24.8864]]]}},{"type":"Feature","properties":{"c":"#00fb90","v0":0.05,"v1":0.25},"geometry":{"type":"Polygon","coordinates":[[[-78.5379,24.8786],[-78.51,24.8805],[-78.5059,24.8605],[-78.51,24.8205],[-78.53,24.7829],[-78.5466,24.7697],[-78.57,24.7642],[-78.623,24.7697],[-78.63,24.799],[-78.6156,24.8242],[-78.5379,24.8786]]]}},{"type":"Feature","properties":{"c":"#00fb90","v0":0.05,"v1":0.25},"geometry":{"type":"Polygon","coordinates":[[[-77.7384,24.8605],[-77.71,24.8784],[-77.69,24.8735],[-77.65,24.8462],[-77.6409,24.8242],[-77.6467,24.7879],[-77.6674,24.7516],[-77.6918,24.7334],[-77.73,24.7233],[-77.7685,24.7334],[-77.7797,24.7516],[-77.7588,24.8242],[-77.7384,24.8605]]]}},{"type":"Feature","properties":{"c":"#00fb90","v0":0.05,"v1":0.25},"geometry":{"type":"Polygon","coordinates":[[[-81.3352,24.806],[-81.31,24.8125],[-81.3034,24.806],[-81.31,24.7935],[-81.33,24.7963],[-81.3352,24.806]]]}},{"type":"Feature","properties":{"c":"#00fb90","v0":0.05,"v1":0.25},"geometry":{"type":"Polygon","coordinates":[[[-82.7466,24.7879],[-82.73,24.7989],[-82.69,24.8002],[-82.6663,24.7879],[-82.6597,24.7697],[-82.67,24.7506],[-82.71,24.7479],[-82.7469,24.7697],[-82.7466,24.7879]]]}},{"type":"Feature","properties":{"c":"#00fb90","v0":0.05,"v1":0.25},"geometry":{"type":"Polygon","coordinates":[[[-78.4171,24.6971],[-78.39,24.6928],[-78.3879,24.6607],[-78.41,24.6373],[-78.43,24.6372],[-78.4578,24.6607],[-78.4539,24.6789],[-78.4171,24.6971]]]}},{"type":"Feature","properties":{"c":"#00fb90","v0":0.05,"v1":0.25},"geometry":{"type":"Polygon","coordinates":[[[-83.0666,24.6607],[-83.05,24.6732],[-83.03,24.6725],[-82.99,24.6489],[-82.9649,24.6062],[-82.9618,24.588],[-82.97,24.5635],[-82.99,24.5524],[-83.01,24.5552],[-83.03,24.5684],[-83.0676,24.6243],[-83.0666,24.6607]]]}},{"type":"Feature","properties":{"c":"#00fb90","v0":0.05,"v1":0.25},"geometry":{"type":"Polygon","coordinates":[[[-79.4889,24.5516],[-79.45,24.5501],[-79.4398,24.5334],[-79.4394,24.4788],[-79.45,24.4636],[-79.47,24.4536],[-79.49,24.4531],[-79.5002,24.4606],[-79.5179,24.497],[-79.5165,24.5334],[-79.4889,24.5516]]]}},{"type":"Feature","properties":{"c":"#00fb90","v0":0.05,"v1":0.25},"geometry":{"type":"Polygon","coordinates":[[[-80.4757,24.497],[-80.45,24.4937],[-80.4378,24.4788],[-80.4372,24.4606],[-80.4592,24.4242],[-80.47,24.3867],[-80.49,24.3668],[-80.57,24.3618],[-80.59,24.3664],[-80.63,24.4145],[-80.656,24.4606],[-80.6538,24.4788],[-80.63,24.4861],[-80.59,24.4513],[-80.55,24.4451],[-80.53,24.4525],[-80.4757,24.497]]]}},{"type":"Feature","properties":{"c":"#00fb90","v0":0.05,"v1":0.25},"geometry":{"type":"Polygon","coordinates":[[[-81.2076,24.3513],[-81.19,24.3565],[-81.1447,24.3513],[-81.17,24.3326],[-81.19,24.3367],[-81.2076,24.3513]]]}},{"type":"Feature","properties":{"c":"#00fb90","v0":0.05,"v1":0.25},"geometry":{"type":"Polygon","coordinates":[[[-79.6661,24.3331],[-79.61,24.3405],[-79.598,24.3331],[-79.6041,24.3149],[-79.6256,24.2966],[-79.6656,24.2784],[-79.71,24.2741],[-79.7131,24.2966],[-79.6661,24.3331]]]}},{"type":"Feature","properties":{"c":"#00fb90","v0":0.05,"v1":0.25},"geometry":{"type":"Polygon","coordinates":[[[-80.2518,24.2966],[-80.23,24.2907],[-80.224,24.2784],[-80.23,24.2567],[-80.2527,24.2602],[-80.2625,24.2784],[-80.2518,24.2966]]]}},{"type":"Feature","properties":{"c":"#00fb90","v0":0.05,"v1":0.25},"geometry":{"type":"Polygon","coordinates":[[[-79.8508,24.2237],[-79.81,24.2392],[-79.77,24.2358],[-79.7603,24.2055],[-79.7664,24.1872],[-79.79,24.163],[-79.83,24.1519],[-79.89,24.1567],[-79.97,24.111],[-80.0043,24.1142],[-80.0213,24.1325],[-80.0195,24.1507],[-79.99,24.1815],[-79.95,24.1962],[-79.89,24.197],[-79.8508,24.2237]],[[-79.83,24.2073],[-79.8405,24.1872],[-79.83,24.1799],[-79.8001,24.1872],[-79.7958,24.2055],[-79.81,24.2121],[-79.83,24.2073]]]}},{"type":"Feature","properties":{"c":"#00fb90","v0":0.05,"v1":0.25},"geometry":{"type":"Polygon","coordinates":[[[-77.556,24.2237],[-77.55,24.2357],[-77.5292,24.2237],[-77.55,24.2051],[-77.556,24.2237]]]}},{"type":"Feature","properties":{"c":"#00fb90","v0":0.05,"v1":0.25},"geometry":{"type":"Polygon","coordinates":[[[-78.7182,24.1325],[-78.69,24.1471],[-78.6756,24.1325],[-78.6835,24.1142],[-78.71,24.0999],[-78.7288,24.1142],[-78.7182,24.1325]]]}},{"type":"Feature","properties":{"c":"#00fb90","v0":0.05,"v1":0.25},"geometry":{"type":"Polygon","coordinates":[[[-79.3918,24.0229],[-79.35,24.0308],[-79.33,24.0104],[-79.3194,23.9863],[-79.3167,23.9681],[-79.3398,23.9132],[-79.3413,23.8767],[-79.31,23.8008],[-79.29,23.7817],[-79.25,23.7721],[-79.23,23.7771],[-79.11,23.8454],[-79.05,23.8663],[-79.01,23.8687],[-78.9882,23.8584],[-78.9769,23.8401],[-78.9766,23.8218],[-79.0005,23.7669],[-78.9934,23.7119],[-79.01,23.6841],[-79.03,23.6732],[-79.0501,23.6753],[-79.0666,23.6936],[-79.068,23.7119],[-79.0533,23.7486],[-79.07,23.7638],[-79.09,23.7618],[-79.17,23.7068],[-79.23,23.6967],[-79.33,23.6519],[-79.37,23.6468],[-79.41,23.6618],[-79.45,23.6606],[-79.4839,23.6387],[-79.53,23.5848],[-79.55,23.5731],[-79.5906,23.5837],[-79.6038,23.602],[-79.6011,23.6936],[-79.5616,23.7669],[-79.57,23.792],[-79.61,23.8218],[-79.6221,23.8401],[-79.626,23.8584],[-79.6184,23.8949],[-79.59,23.9288],[-79.51,23.9485],[-79.47,23.9896],[-79.3918,24.0229]],[[-79.17,23.7757],[-79.1853,23.7669],[-79.1956,23.7486],[-79.19,23.7436],[-79.17,23.742],[-79.15,23.7582],[-79.1447,23.7669],[-79.15,23.7774],[-79.17,23.7757]],[[-79.43,23.9929],[-79.4665,23.9681],[-79.51,23.9117],[-79.57,23.897],[-79.5886,23.8767],[-79.5893,23.8584],[-79.55,23.8271],[-79.526,23.7852],[-79.5258,23.7669],[-79.5671,23.7119],[-79.5723,23.6936],[-79.5674,23.6753],[-79.55,23.6582],[-79.51,23.6591],[-79.43,23.6953],[-79.37,23.6766],[-79.33,23.6775],[-79.2937,23.6936],[-79.2746,23.7119],[-79.2707,23.7303],[-79.33,23.7845],[-79.3633,23.8767],[-79.3656,23.9132],[-79.35,23.9699],[-79.37,23.9941],[-79.39,23.9988],[-79.43,23.9929]]]}},{"type":"Feature","properties":{"c":"#00fb90","v0":0.05,"v1":0.25},"geometry":{"type":"Polygon","coordinates":[[[-77.8104,24.0046],[-77.79,24.01],[-77.7277,23.9498],[-77.724,23.8584],[-77.75,23.832],[-77.77,23.8325],[-77.775,23.8401],[-77.75,23.9061],[-77.7391,23.9132],[-77.7424,23.9315],[-77.8104,24.0046]]]}},{"type":"Feature","properties":{"c":"#00fb90","v0":0.05,"v1":0.25},"geometry":{"type":"Polygon","coordinates":[[[-82.4377,23.9132],[-82.41,23.9163],[-82.3685,23.8949],[-82.3468,23.8584],[-82.3534,23.8401],[-82.39,23.8224],[-82.41,23.8241],[-82.4386,23.8401],[-82.4599,23.8767],[-82.4578,23.8949],[-82.4377,23.9132]],[[-82.43,23.8785],[-82.41,23.8524],[-82.3859,23.8584],[-82.3878,23.8767],[-82.41,23.8893],[-82.43,23.8785]]]}},{"type":"Feature","properties":{"c":"#00fb90","v0":0.05,"v1":0.25},"geometry":{"type":"Polygon","coordinates":[[[-83.2341,23.8401],[-83.19,23.8297],[-83.13,23.7783],[-83.05,23.7413],[-82.99,23.6924],[-82.93,23.7024],[-82.884,23.6936],[-82.8612,23.6753],[-82.8325,23.602],[-82.79,23.5657],[-82.77,23.5669],[-82.73,23.5899],[-82.69,23.58],[-82.6793,23.5654],[-82.6731,23.5287],[-82.687,23.492],[-82.71,23.4807],[-82.73,23.4824],[-82.7948,23.5103],[-82.85,23.5489],[-82.87,23.5553],[-82.95,23.5536],[-82.97,23.5619],[-83.0208,23.602],[-83.07,23.6269],[-83.15,23.6952],[-83.25,23.6958],[-83.29,23.7096],[-83.3204,23.7486],[-83.3278,23.8035],[-83.31,23.8283],[-83.2341,23.8401]],[[-83.23,23.8238],[-83.27,23.8167],[-83.2958,23.8035],[-83.3023,23.7669],[-83.29,23.7435],[-83.25,23.7171],[-83.21,23.709],[-83.17,23.7154],[-83.1394,23.7303],[-83.1382,23.7486],[-83.1611,23.7852],[-83.19,23.8114],[-83.23,23.8238]],[[-83.09,23.7223],[-83.1053,23.7119],[-83.0882,23.6753],[-83.05,23.6526],[-83.0332,23.657],[-83.0288,23.6753],[-83.05,23.7079],[-83.09,23.7223]],[[-82.95,23.6757],[-82.9807,23.657],[-82.9878,23.6387],[-82.97,23.6042],[-82.95,23.5932],[-82.93,23.5943],[-82.9007,23.6203],[-82.8933,23.657],[-82.9173,23.6753],[-82.95,23.6757]]]}},{"type":"Feature","properties":{"c":"#00fb90","v0":0.05,"v1":0.25},"geometry":{"type":"Polygon","coordinates":[[[-82.6573,23.6387],[-82.63,23.6473],[-82.6138,23.6387],[-82.604,23.6203],[-82.61,23.6007],[-82.63,23.5893],[-82.65,23.5893],[-82.6678,23.602],[-82.6686,23.6203],[-82.6573,23.6387]]]}},{"type":"Feature","properties":{"c":"#00fb90","v0":0.05,"v1":0.25},"geometry":{"type":"Polygon","coordinates":[[[-82.4624,23.6387],[-82.43,23.6363],[-82.37,23.5989],[-82.31,23.5056],[-82.33,23.4984],[-82.41,23.4939],[-82.453,23.5103],[-82.4811,23.547],[-82.4928,23.602],[-82.4893,23.6203],[-82.4624,23.6387]],[[-82.45,23.6066],[-82.4639,23.5837],[-82.4591,23.547],[-82.45,23.5333],[-82.43,23.5188],[-82.39,23.5195],[-82.3776,23.5287],[-82.3713,23.547],[-82.3752,23.5654],[-82.41,23.5978],[-82.45,23.6066]]]}},{"type":"Feature","properties":{"c":"#00fb90","v0":0.05,"v1":0.25},"geometry":{"type":"Polygon","coordinates":[[[-80.9846,23.5837],[-80.93,23.5923],[-80.9085,23.5837],[-80.8966,23.5654],[-80.8982,23.547],[-80.93,23.5126],[-80.95,23.5012],[-80.99,23.4939],[-81.0398,23.5103],[-81.0473,23.5287],[-81.0403,23.547],[-81.0211,23.5654],[-80.9846,23.5837]],[[-80.95,23.5671],[-80.9933,23.547],[-80.9958,23.5287],[-80.97,23.5213],[-80.9475,23.5287],[-80.9301,23.547],[-80.95,23.5671]]]}},{"type":"Feature","properties":{"c":"#00fb90","v0":0.05,"v1":0.25},"geometry":{"type":"Polygon","coordinates":[[[-79.9137,23.547],[-79.87,23.5646],[-79.85,23.5533],[-79.824,23.5103],[-79.8253,23.4737],[-79.8392,23.4553],[-79.8931,23.4186],[-79.97,23.3492],[-80.01,23.335],[-80.03,23.3355],[-80.0449,23.3452],[-80.0504,23.3635],[-80.0326,23.437],[-79.9899,23.492],[-79.9137,23.547]],[[-79.93,23.5106],[-79.9771,23.4737],[-80.0036,23.437],[-80.01,23.3923],[-80.0058,23.3819],[-79.99,23.3739],[-79.9667,23.3819],[-79.8588,23.4737],[-79.8533,23.492],[-79.87,23.5202],[-79.89,23.5251],[-79.93,23.5106]]]}},{"type":"Feature","properties":{"c":"#00fb90","v0":0.05,"v1":0.25},"geometry":{"type":"Polygon","coordinates":[[[-82.1438,23.5287],[-82.13,23.5447],[-82.11,23.5435],[-82.0977,23.5287],[-82.11,23.5095],[-82.1308,23.5103],[-82.1438,23.5287]]]}},{"type":"Feature","properties":{"c":"#00fb90","v0":0.05,"v1":0.25},"geometry":{"type":"Polygon","coordinates":[[[-79.5734,23.4186],[-79.55,23.4339],[-79.5333,23.4186],[-79.5182,23.3452],[-79.55,23.2842],[-79.57,23.2749],[-79.59,23.2753],[-79.65,23.3018],[-79.6634,23.3268],[-79.6548,23.3452],[-79.5734,23.4186]],[[-79.57,23.3688],[-79.59,23.3631],[-79.61,23.3452],[-79.6134,23.3268],[-79.59,23.3114],[-79.57,23.3156],[-79.55,23.342],[-79.5582,23.3635],[-79.57,23.3688]]]}},{"type":"Feature","properties":{"c":"#00fb90","v0":0.05,"v1":0.25},"geometry":{"type":"Polygon","coordinates":[[[-81.6997,23.4002],[-81.67,23.4083],[-81.63,23.4025],[-81.5988,23.3819],[-81.5855,23.3635],[-81.5828,23.3452],[-81.6036,23.2901],[-81.63,23.2634],[-81.67,23.2614],[-81.73,23.3018],[-81.75,23.3025],[-81.87,23.2727],[-81.9059,23.2901],[-81.9136,23.3084],[-81.91,23.3205],[-81.89,23.3408],[-81.81,23.3661],[-81.75,23.3597],[-81.6997,23.4002]],[[-81.69,23.3851],[-81.7128,23.3635],[-81.7169,23.3452],[-81.7105,23.3268],[-81.6769,23.2901],[-81.65,23.2832],[-81.6226,23.3084],[-81.6184,23.3635],[-81.65,23.3883],[-81.69,23.3851]],[[-81.83,23.3299],[-81.8749,23.3084],[-81.85,23.306],[-81.83,23.3188],[-81.7957,23.3268],[-81.81,23.3333],[-81.83,23.3299]]]}},{"type":"Feature","properties":{"c":"#00fb90","v0":0.05,"v1":0.25},"geometry":{"type":"Polygon","coordinates":[[[-82.8698,23.3452],[-82.85,23.3556],[-82.81,23.3522],[-82.7205,23.2901],[-82.6992,23.2533],[-82.6983,23.2349],[-82.7043,23.2166],[-82.73,23.189],[-82.77,23.1652],[-82.81,23.1534],[-82.83,23.157],[-82.8606,23.1798],[-82.8796,23.2166],[-82.889,23.2717],[-82.8865,23.3084],[-82.8698,23.3452]],[[-82.85,23.3312],[-82.8718,23.2901],[-82.8711,23.2533],[-82.86,23.2166],[-82.83,23.1825],[-82.81,23.1769],[-82.77,23.1861],[-82.7267,23.2166],[-82.7179,23.2349],[-82.7275,23.2717],[-82.77,23.311],[-82.81,23.3343],[-82.85,23.3312]]]}},{"type":"Feature","properties":{"c":"#00fb90","v0":0.05,"v1":0.25},"geometry":{"type":"Polygon","coordinates":[[[-82.2508,23.3268],[-82.23,23.3377],[-82.19,23.3273],[-82.1795,23.3084],[-82.1835,23.2901],[-82.21,23.2728],[-82.23,23.2739],[-82.2535,23.2901],[-82.2588,23.3084],[-82.2508,23.3268]]]}},{"type":"Feature","properties":{"c":"#00fb90","v0":0.05,"v1":0.25},"geometry":{"type":"Polygon","coordinates":[[[-81.1598,23.2533],[-81.13,23.2697],[-81.11,23.268],[-81.0915,23.2533],[-81.0845,23.2349],[-81.09,23.2107],[-81.11,23.1929],[-81.13,23.1906],[-81.15,23.1988],[-81.1645,23.2166],[-81.168,23.2349],[-81.1598,23.2533]]]}},{"type":"Feature","properties":{"c":"#00fb90","v0":0.05,"v1":0.25},"geometry":{"type":"Polygon","coordinates":[[[-80.4624,23.2533],[-80.45,23.2597],[-80.4344,23.2533],[-80.45,23.2258],[-80.47,23.2214],[-80.4756,23.2349],[-80.4624,23.2533]]]}},{"type":"Feature","properties":{"c":"#00fb90","v0":0.05,"v1":0.25},"geometry":{"type":"Polygon","coordinates":[[[-82.3364,23.1798],[-82.31,23.1941],[-82.29,23.1919],[-82.21,23.1484],[-82.15,23.1528],[-82.11,23.1383],[-82.09,23.1209],[-82.0721,23.0878],[-82.0656,23.051],[-82.0743,23.0326],[-82.09,23.0225],[-82.13,23.0286],[-82.21,23.1165],[-82.23,23.1171],[-82.25,23.0694],[-82.27,23.05],[-82.29,23.0478],[-82.31,23.0569],[-82.33,23.0854],[-82.3401,23.1246],[-82.3433,23.1614],[-82.3364,23.1798]],[[-82.15,23.1219],[-82.1617,23.1062],[-82.1513,23.0878],[-82.13,23.0726],[-82.11,23.0693],[-82.1068,23.0878],[-82.1154,23.1062],[-82.15,23.1219]]]}},{"type":"Feature","properties":{"c":"#00fb90","v0":0.05,"v1":0.25},"geometry":{"type":"Polygon","coordinates":[[[-82.6966,21.868],[-82.65,21.8791],[-82.53,21.8666],[-82.49,21.8564],[-82.4577,21.8309],[-82.4539,21.8123],[-82.518,21.7195],[-82.4652,21.6823],[-82.4506,21.6451],[-82.4482,21.5893],[-82.39,21.5414],[-82.35,21.5315],[-82.25,21.5375],[-82.13,21.51],[-82.06,21.4777],[-82.039,21.4591],[-82.0344,21.4405],[-82.0719,21.366],[-82.07,21.3285],[-82.09,21.312],[-82.1574,21.2914],[-82.1811,21.2728],[-82.2012,21.2355],[-82.1994,21.2169],[-82.1647,21.1609],[-82.1368,21.1423],[-82.086,21.1236],[-82.0624,21.105],[-82.0624,21.0863],[-82.0861,21.0676],[-82.13,21.0517],[-82.15,21.052],[-82.1876,21.0676],[-82.1981,21.0863],[-82.2051,21.1423],[-82.2196,21.1609],[-82.2643,21.1982],[-82.35,21.2337],[-82.3799,21.2542],[-82.412,21.2914],[-82.4218,21.366],[-82.4339,21.3846],[-82.5198,21.4218],[-82.55,21.447],[-82.5936,21.5521],[-82.6045,21.6079],[-82.6021,21.6451],[-82.5734,21.7009],[-82.61,21.7176],[-82.67,21.7122],[-82.71,21.7176],[-82.7365,21.7566],[-82.7469,21.7938],[-82.7426,21.8309],[-82.6966,21.868]],[[-82.67,21.8502],[-82.7088,21.8309],[-82.7205,21.8123],[-82.7115,21.7752],[-82.69,21.7549],[-82.65,21.7421],[-82.57,21.7423],[-82.5386,21.7566],[-82.5214,21.7752],[-82.5094,21.8123],[-82.5207,21.8309],[-82.59,21.85],[-82.67,21.8502]],[[-82.51,21.5656],[-82.5235,21.5335],[-82.4927,21.4777],[-82.45,21.4514],[-82.39,21.4445],[-82.3505,21.4218],[-82.3349,21.4032],[-82.3341,21.3473],[-82.3201,21.3287],[-82.29,21.3108],[-82.23,21.3068],[-82.1688,21.3287],[-82.145,21.3473],[-82.1187,21.4032],[-82.1014,21.4218],[-82.096,21.4405],[-82.17,21.4669],[-82.25,21.5065],[-82.29,21.5126],[-82.37,21.5044],[-82.47,21.5609],[-82.51,21.5656]]]}},{"type":"Feature","properties":{"c":"#00fb90","v0":0.05,"v1":0.25},"geometry":{"type":"Polygon","coordinates":[[[-82.0083,20.8435],[-81.99,20.8483],[-81.95,20.8376],[-81.87,20.8345],[-81.832,20.8248],[-81.8083,20.8061],[-81.87,20.7712],[-81.95,20.7669],[-82.01,20.7269],[-82.03,20.7253],[-82.0918,20.75],[-82.1047,20.7687],[-82.09,20.7959],[-82.0083,20.8435]]]}},{"type":"Feature","properties":{"c":"#00cc00","v0":0.25,"v1":0.5},"geometry":{"type":"Polygon","coordinates":[[[-112.1258,54.9828],[-112.0982,54.9943],[-111.8499,54.9943],[-111.9222,54.9598],[-111.9482,54.9369],[-111.89,54.9209],[-111.83,54.8967],[-111.69,54.8892],[-111.5982,54.9024],[-111.51,54.9216],[-111.45,54.918],[-111.4386,54.9254],[-111.438,54.9598],[-111.422,54.9943],[-111.2922,54.9943],[-111.27,54.981],[-111.15,54.9854],[-111.09,54.9662],[-111.0424,54.9713],[-111.0054,54.9943],[-110.4301,54.9943],[-110.4286,54.9828],[-110.4435,54.9598],[-110.4863,54.9369],[-110.51,54.9304],[-110.55,54.9231],[-110.59,54.9231],[-110.63,54.9411],[-110.65,54.9422],[-110.85,54.8716],[-110.95,54.8569],[-111.01,54.8535],[-111.09,54.8604],[-111.19,54.8389],[-111.23,54.8352],[-111.25,54.8384],[-111.2767,54.8563],[-111.258,54.8909],[-111.27,54.8941],[-111.3421,54.8678],[-111.3497,54.8448],[-111.3449,54.8218],[-111.31,54.7933],[-111.2926,54.7872],[-111.284,54.7757],[-111.3015,54.7526],[-111.3314,54.7295],[-111.39,54.7053],[-111.43,54.7041],[-111.53,54.7166],[-111.61,54.7147],[-111.67,54.7338],[-111.73,54.7366],[-111.7996,54.7295],[-111.97,54.6827],[-111.9884,54.6948],[-111.9386,54.741],[-111.9295,54.7641],[-111.9419,54.7872],[-111.97,54.7992],[-112.03,54.8002],[-112.21,54.781],[-112.31,54.7805],[-112.41,54.7717],[-112.5162,54.7757],[-112.6124,54.7987],[-112.6159,54.8103],[-112.5801,54.8218],[-112.55,54.8261],[-112.49,54.8245],[-112.45,54.8346],[-112.3807,54.8794],[-112.3344,54.9024],[-112.283,54.9483],[-112.25,54.9648],[-112.21,54.9747],[-112.1258,54.9828]],[[-111.59,54.8686],[-111.67,54.8531],[-111.8015,54.8448],[-111.829,54.8333],[-111.834,54.8218],[-111.8239,54.8103],[-111.75,54.7726],[-111.69,54.7715],[-111.63,54.7962],[-111.61,54.7991],[-111.59,54.7976],[-111.55,54.7817],[-111.53,54.7794],[-111.51,54.7946],[-111.5073,54.8103],[-111.5259,54.8333],[-111.5307,54.8563],[-111.55,54.871],[-111.59,54.8686]],[[-110.79,54.9638],[-110.8134,54.9483],[-110.79,54.9385],[-110.77,54.9374],[-110.7355,54.9483],[-110.7375,54.9598],[-110.75,54.965],[-110.77,54.9675],[-110.79,54.9638]],[[-112.23,54.9261],[-112.3667,54.8563],[-112.3975,54.8218],[-112.4001,54.8103],[-112.382,54.7987],[-112.35,54.7978],[-112.29,54.8048],[-112.21,54.8006],[-112.13,54.8184],[-111.97,54.8385],[-111.95,54.8448],[-111.9378,54.8563],[-111.94,54.8678],[-111.954,54.8794],[-112.01,54.894],[-112.11,54.9082],[-112.15,54.9313],[-112.19,54.9358],[-112.23,54.9261]]]}},{"type":"Feature","properties":{"c":"#00cc00","v0":0.25,"v1":0.5},"geometry":{"type":"Polygon","coordinates":[[[-111.254,54.8103],[-111.23,54.8135],[-111.2111,54.7987],[-111.2178,54.7872],[-111.25,54.7804],[-111.2862,54.7872],[-111.254,54.8103]]]}},{"type":"Feature","properties":{"c":"#00cc00","v0":0.25,"v1":0.5},"geometry":{"type":"Polygon","coordinates":[[[-112.1701,54.5675],[-112.05,54.5762],[-112.0159,54.5675],[-112.0193,54.5559],[-112.13,54.4925],[-112.17,54.4749],[-112.21,54.4643],[-112.31,54.4493],[-112.3357,54.4513],[-112.3523,54.463],[-112.3519,54.4746],[-112.3255,54.5095],[-112.27,54.5398],[-112.1701,54.5675]],[[-112.13,54.5443],[-112.17,54.5377],[-112.2177,54.5211],[-112.2337,54.5095],[-112.2326,54.4978],[-112.21,54.4927],[-112.19,54.4943],[-112.15,54.5084],[-112.1159,54.5327],[-112.13,54.5443]]]}},{"type":"Feature","properties":{"c":"#00cc00","v0":0.25,"v1":0.5},"geometry":{"type":"Polygon","coordinates":[[[-120.6956,54.1244],[-120.67,54.1306],[-120.6561,54.1244],[-120.6444,54.1127],[-120.6369,54.0893],[-120.65,54.069],[-120.69,54.06],[-120.73,54.0647],[-120.7369,54.0775],[-120.7241,54.101],[-120.6956,54.1244]]]}},{"type":"Feature","properties":{"c":"#00cc00","v0":0.25,"v1":0.5},"geometry":{"type":"Polygon","coordinates":[[[-120.9288,54.0775],[-120.91,54.0852],[-120.89,54.086],[-120.8729,54.0775],[-120.85,54.0421],[-120.81,54.0177],[-120.8019,53.9953],[-120.8145,53.9365],[-120.8332,53.9011],[-120.87,53.8676],[-120.95,53.7742],[-120.99,53.7575],[-121.03,53.7528],[-121.07,53.7548],[-121.091,53.7713],[-121.0769,53.8186],[-121.03,53.8644],[-120.9774,53.9365],[-120.9346,53.9718],[-120.9397,53.9835],[-120.99,54.0014],[-120.9978,54.0188],[-120.97,54.0503],[-120.9288,54.0775]]]}},{"type":"Feature","properties":{"c":"#00cc00","v0":0.25,"v1":0.5},"geometry":{"type":"Polygon","coordinates":[[[-113.3426,54.0188],[-113.31,54.0231],[-113.2668,54.0188],[-113.2603,54.0071],[-113.2824,53.9953],[-113.41,53.9712],[-113.4422,53.9718],[-113.4046,53.9953],[-113.3426,54.0188]]]}},{"type":"Feature","properties":{"c":"#00cc00","v0":0.25,"v1":0.5},"geometry":{"type":"Polygon","coordinates":[[[-121.3505,53.9365],[-121.33,53.9428],[-121.31,53.9401],[-121.3096,53.9011],[-121.33,53.8803],[-121.3863,53.8422],[-121.4156,53.7595],[-121.4414,53.7358],[-121.51,53.7027],[-121.59,53.676],[-121.61,53.6788],[-121.65,53.6999],[-121.7175,53.7122],[-121.7303,53.724],[-121.724,53.7477],[-121.65,53.8235],[-121.59,53.847],[-121.51,53.8493],[-121.4841,53.854],[-121.3505,53.9365]]]}},{"type":"Feature","properties":{"c":"#00cc00","v0":0.25,"v1":0.5},"geometry":{"type":"Polygon","coordinates":[[[-106.1628,53.854],[-106.15,53.8572],[-106.03,53.8512],[-105.9562,53.8304],[-105.9395,53.8186],[-105.9434,53.8068],[-105.97,53.8024],[-106.0062,53.8068],[-106.09,53.8374],[-106.1434,53.8422],[-106.1628,53.854]]]}},{"type":"Feature","properties":{"c":"#00cc00","v0":0.25,"v1":0.5},"geometry":{"type":"Polygon","coordinates":[[[-111.8511,53.8068],[-111.81,53.8108],[-111.77,53.8021],[-111.7459,53.7831],[-111.75,53.7685],[-111.77,53.7551],[-111.85,53.7306],[-111.89,53.6822],[-111.95,53.6625],[-112.01,53.6282],[-112.05,53.6204],[-112.19,53.6175],[-112.29,53.6363],[-112.43,53.6439],[-112.4562,53.6529],[-112.4654,53.6648],[-112.464,53.6766],[-112.4407,53.7003],[-112.49,53.714],[-112.55,53.7116],[-112.57,53.7156],[-112.5925,53.724],[-112.6051,53.7358],[-112.6024,53.7477],[-112.57,53.7594],[-112.51,53.7583],[-112.45,53.7676],[-112.25,53.7837],[-112.13,53.7838],[-112.07,53.7889],[-111.99,53.7836],[-111.91,53.7934],[-111.8511,53.8068]],[[-112.05,53.703],[-112.09,53.6913],[-112.1095,53.6766],[-112.1104,53.6648],[-112.0932,53.6529],[-112.07,53.6469],[-112.05,53.6458],[-112.0219,53.6529],[-111.9992,53.6766],[-112.01,53.6944],[-112.05,53.703]]]}},{"type":"Feature","properties":{"c":"#00cc00","v0":0.25,"v1":0.5},"geometry":{"type":"Polygon","coordinates":[[[-105.8416,53.724],[-105.83,53.7355],[-105.81,53.7292],[-105.7847,53.7122],[-105.7838,53.7003],[-105.81,53.7025],[-105.8312,53.7122],[-105.8416,53.724]]]}},{"type":"Feature","properties":{"c":"#00cc00","v0":0.25,"v1":0.5},"geometry":{"type":"Polygon","coordinates":[[[-121.6535,53.6292],[-121.63,53.6388],[-121.61,53.6359],[-121.6027,53.6173],[-121.6481,53.558],[-121.69,53.5454],[-121.7103,53.5461],[-121.7478,53.558],[-121.7385,53.5699],[-121.71,53.5782],[-121.69,53.5912],[-121.6535,53.6292]]]}},{"type":"Feature","properties":{"c":"#00cc00","v0":0.25,"v1":0.5},"geometry":{"type":"Polygon","coordinates":[[[-121.8223,53.5936],[-121.81,53.5992],[-121.79,53.5949],[-121.773,53.5699],[-121.827,53.5461],[-121.8369,53.5342],[-121.8238,53.5104],[-121.73,53.4875],[-121.705,53.4628],[-121.6998,53.439],[-121.7295,53.3913],[-121.6951,53.3316],[-121.7385,53.2479],[-121.7858,53.1761],[-121.83,53.151],[-121.89,53.1325],[-121.91,53.1402],[-121.9713,53.224],[-121.9781,53.2479],[-121.9567,53.2838],[-121.9414,53.3316],[-121.9052,53.3675],[-121.8605,53.3913],[-121.8494,53.4032],[-121.8848,53.4985],[-121.87,53.5273],[-121.8371,53.5461],[-121.8314,53.5817],[-121.8223,53.5936]],[[-121.81,53.3132],[-121.8327,53.2958],[-121.853,53.2599],[-121.8614,53.224],[-121.85,53.2069],[-121.83,53.216],[-121.7898,53.2719],[-121.7856,53.3077],[-121.79,53.3145],[-121.81,53.3132]]]}},{"type":"Feature","properties":{"c":"#00cc00","v0":0.25,"v1":0.5},"geometry":{"type":"Polygon","coordinates":[[[-121.3183,53.4271],[-121.29,53.4371],[-121.2763,53.4271],[-121.296,53.3913],[-121.31,53.377],[-121.33,53.3685],[-121.3403,53.3794],[-121.339,53.3913],[-121.3183,53.4271]]]}},{"type":"Feature","properties":{"c":"#00cc00","v0":0.25,"v1":0.5},"geometry":{"type":"Polygon","coordinates":[[[-116.632,53.4271],[-116.5987,53.4271],[-116.6002,53.4152],[-116.6186,53.3913],[-116.6249,53.3555],[-116.6469,53.3077],[-116.67,53.2865],[-116.69,53.2821],[-116.71,53.2842],[-116.75,53.3041],[-116.7623,53.3197],[-116.7561,53.3555],[-116.71,53.3926],[-116.632,53.4271]]]}},{"type":"Feature","properties":{"c":"#00cc00","v0":0.25,"v1":0.5},"geometry":{"type":"Polygon","coordinates":[[[-121.4056,53.2958],[-121.39,53.298],[-121.371,53.2719],[-121.3644,53.2479],[-121.3729,53.224],[-121.4348,53.1761],[-121.4409,53.1641],[-121.4364,53.1281],[-121.51,53.0501],[-121.53,53.0363],[-121.57,53.0344],[-121.59,53.0415],[-121.6041,53.056],[-121.6043,53.0801],[-121.59,53.0981],[-121.5058,53.1641],[-121.4662,53.2599],[-121.43,53.288],[-121.4056,53.2958]]]}},{"type":"Feature","properties":{"c":"#00cc00","v0":0.25,"v1":0.5},"geometry":{"type":"Polygon","coordinates":[[[-116.6294,53.2599],[-116.59,53.2655],[-116.569,53.2599],[-116.5802,53.236],[-116.61,53.2129],[-116.63,53.2055],[-116.6401,53.212],[-116.6506,53.236],[-116.6477,53.2479],[-116.6294,53.2599]]]}},{"type":"Feature","properties":{"c":"#00cc00","v0":0.25,"v1":0.5},"geometry":{"type":"Polygon","coordinates":[[[-100.7242,52.1572],[-100.69,52.167],[-100.53,52.1372],[-100.35,52.1267],[-100.3196,52.1204],[-100.2938,52.1081],[-100.35,52.0868],[-100.3489,52.0712],[-100.3004,52.0466],[-100.17,52.0002],[-100.1238,51.9728],[-100.1013,51.9481],[-100.09,51.9235],[-100.03,51.8617],[-99.97,51.7719],[-99.9132,51.7257],[-99.8703,51.6637],[-99.7756,51.5767],[-99.7638,51.5519],[-99.77,51.543],[-99.79,51.5443],[-99.83,51.5605],[-99.8822,51.5892],[-99.9512,51.6388],[-100.0661,51.6885],[-100.0909,51.7257],[-100.1189,51.7504],[-100.1626,51.7752],[-100.2073,51.8123],[-100.3026,51.8741],[-100.4655,51.9604],[-100.5103,52.0097],[-100.6088,52.0712],[-100.67,52.1179],[-100.7232,52.1449],[-100.7242,52.1572]],[[-100.55,52.0954],[-100.5575,52.0835],[-100.5534,52.0712],[-100.5224,52.0466],[-100.4572,52.0097],[-100.4158,51.9604],[-100.3426,51.9235],[-100.23,51.8537],[-100.166,51.8247],[-100.13,51.7913],[-100.09,51.778],[-100.0615,51.7752],[-100.0513,51.7876],[-100.0808,51.837],[-100.1389,51.9111],[-100.1593,51.9604],[-100.1877,51.9851],[-100.47,52.0882],[-100.55,52.0954]]]}},{"type":"Feature","properties":{"c":"#00cc00","v0":0.25,"v1":0.5},"geometry":{"type":"Polygon","coordinates":[[[-100.1746,52.0958],[-100.111,52.0958],[-100.0756,52.0835],[-100.09,52.0779],[-100.13,52.0802],[-100.1517,52.0835],[-100.1746,52.0958]]]}},{"type":"Feature","properties":{"c":"#00cc00","v0":0.25,"v1":0.5},"geometry":{"type":"Polygon","coordinates":[[[-101.9697,51.9604],[-101.91,51.9692],[-101.81,51.9706],[-101.65,51.9384],[-101.5312,51.8988],[-101.237,51.7876],[-101.1952,51.7628],[-101.1689,51.7133],[-101.1408,51.6885],[-101.1181,51.6388],[-101.0857,51.6016],[-101.03,51.5631],[-101.01,51.5335],[-101.03,51.5303],[-101.09,51.5516],[-101.1513,51.5892],[-101.39,51.6936],[-101.5184,51.738],[-101.63,51.7692],[-101.6719,51.7876],[-101.7654,51.8123],[-101.8517,51.8494],[-101.9307,51.8741],[-101.9488,51.8864],[-101.9872,51.9358],[-101.9868,51.9481],[-101.9697,51.9604]],[[-101.91,51.9493],[-101.9261,51.9358],[-101.9085,51.8988],[-101.8878,51.8864],[-101.8139,51.8617],[-101.75,51.823],[-101.59,51.7723],[-101.47,51.7428],[-101.37,51.7298],[-101.33,51.7295],[-101.3068,51.738],[-101.2938,51.7628],[-101.2998,51.7752],[-101.33,51.795],[-101.5903,51.8864],[-101.6663,51.9235],[-101.81,51.9566],[-101.85,51.9578],[-101.91,51.9493]]]}},{"type":"Feature","properties":{"c":"#00cc00","v0":0.25,"v1":0.5},"geometry":{"type":"Polygon","coordinates":[[[-69.8662,50.4442],[-69.83,50.4565],[-69.81,50.4562],[-69.8,50.4442],[-69.8115,50.4187],[-69.85,50.3899],[-69.91,50.3827],[-69.9208,50.3932],[-69.9168,50.406],[-69.8907,50.4315],[-69.8662,50.4442]]]}},{"type":"Feature","properties":{"c":"#00cc00","v0":0.25,"v1":0.5},"geometry":{"type":"Polygon","coordinates":[[[-125.2132,50.3039],[-125.1942,50.2911],[-125.1903,50.2783],[-125.1994,50.2655],[-125.21,50.263],[-125.222,50.2911],[-125.2132,50.3039]]]}},{"type":"Feature","properties":{"c":"#00cc00","v0":0.25,"v1":0.5},"geometry":{"type":"Polygon","coordinates":[[[-69.7986,50.2272],[-69.77,50.2292],[-69.7702,50.2144],[-69.81,50.1858],[-69.8437,50.1503],[-69.93,50.0958],[-69.95,50.0861],[-69.99,50.0785],[-70.0006,50.0862],[-69.9952,50.099],[-69.97,50.1254],[-69.7986,50.2272]]]}},{"type":"Feature","properties":{"c":"#00cc00","v0":0.25,"v1":0.5},"geometry":{"type":"Polygon","coordinates":[[[-123.571,50.099],[-123.57,50.0788],[-123.59,50.0573],[-123.5985,50.0734],[-123.5946,50.0862],[-123.59,50.094],[-123.571,50.099]]]}},{"type":"Feature","properties":{"c":"#00cc00","v0":0.25,"v1":0.5},"geometry":{"type":"Polygon","coordinates":[[[-93.9935,50.0477],[-93.97,50.0546],[-93.93,50.0574],[-93.81,50.037],[-93.7779,50.022],[-93.7648,50.0091],[-93.7574,49.9834],[-93.7816,49.9706],[-93.81,49.9684],[-93.8859,49.9834],[-93.99,50.0193],[-94.0017,50.0348],[-93.9935,50.0477]]]}},{"type":"Feature","properties":{"c":"#00cc00","v0":0.25,"v1":0.5},"geometry":{"type":"Polygon","coordinates":[[[-123.3555,49.8675],[-123.33,49.8758],[-123.2996,49.8675],[-123.2797,49.8288],[-123.2781,49.8159],[-123.29,49.796],[-123.33,49.7827],[-123.45,49.7839],[-123.47,49.7898],[-123.4669,49.803],[-123.39,49.8391],[-123.3555,49.8675]]]}},{"type":"Feature","properties":{"c":"#00cc00","v0":0.25,"v1":0.5},"geometry":{"type":"Polygon","coordinates":[[[-70.0773,49.7514],[-70.03,49.7627],[-70.01,49.7617],[-69.99,49.7532],[-69.9775,49.7384],[-69.9705,49.7126],[-69.9842,49.6738],[-70.01,49.6455],[-70.0794,49.596],[-70.1276,49.5182],[-70.1489,49.4662],[-70.17,49.4394],[-70.21,49.4136],[-70.25,49.3984],[-70.27,49.3947],[-70.31,49.4005],[-70.3438,49.4142],[-70.3557,49.4272],[-70.3406,49.4662],[-70.3411,49.4922],[-70.356,49.5182],[-70.4159,49.5571],[-70.4146,49.5701],[-70.27,49.6867],[-70.23,49.706],[-70.0773,49.7514]],[[-70.05,49.731],[-70.2527,49.6608],[-70.2706,49.6479],[-70.29,49.6023],[-70.3399,49.5831],[-70.3545,49.5701],[-70.3118,49.5312],[-70.2995,49.4532],[-70.29,49.4391],[-70.27,49.4353],[-70.25,49.439],[-70.23,49.4528],[-70.2243,49.4792],[-70.2383,49.5182],[-70.2282,49.5312],[-70.17,49.5596],[-70.1137,49.622],[-70.05,49.6525],[-70.0212,49.6738],[-70.0068,49.6996],[-70.01,49.7166],[-70.03,49.7309],[-70.05,49.731]]]}},{"type":"Feature","properties":{"c":"#00cc00","v0":0.25,"v1":0.5},"geometry":{"type":"Polygon","coordinates":[[[-123.61,49.609],[-123.59,49.6164],[-123.55,49.6204],[-123.5038,49.609],[-123.496,49.5831],[-123.5021,49.5571],[-123.5278,49.5182],[-123.55,49.5041],[-123.59,49.5064],[-123.6352,49.5312],[-123.6444,49.5571],[-123.6408,49.5701],[-123.61,49.609]]]}},{"type":"Feature","properties":{"c":"#00cc00","v0":0.25,"v1":0.5},"geometry":{"type":"Polygon","coordinates":[[[-90.9937,49.2969],[-90.9619,49.2969],[-90.9413,49.2839],[-90.9396,49.2708],[-90.97,49.2671],[-90.9882,49.2708],[-91.0015,49.2839],[-90.9937,49.2969]]]}},{"type":"Feature","properties":{"c":"#00cc00","v0":0.25,"v1":0.5},"geometry":{"type":"Polygon","coordinates":[[[-105.3599,49.2839],[-105.33,49.2854],[-105.2925,49.2708],[-105.28,49.2578],[-105.2847,49.2447],[-105.3185,49.2317],[-105.35,49.2291],[-105.371,49.2317],[-105.4033,49.2447],[-105.4098,49.2578],[-105.3969,49.2708],[-105.3599,49.2839]]]}},{"type":"Feature","properties":{"c":"#00cc00","v0":0.25,"v1":0.5},"geometry":{"type":"Polygon","coordinates":[[[-105.862,49.2708],[-105.81,49.2756],[-105.7497,49.2708],[-105.79,49.2652],[-105.81,49.2571],[-105.85,49.2536],[-105.8675,49.2578],[-105.862,49.2708]]]}},{"type":"Feature","properties":{"c":"#00cc00","v0":0.25,"v1":0.5},"geometry":{"type":"Polygon","coordinates":[[[-105.1093,49.2708],[-105.05,49.2781],[-105.0265,49.2708],[-105.0304,49.2578],[-105.0471,49.2447],[-105.09,49.2323],[-105.1588,49.2447],[-105.1573,49.2578],[-105.1093,49.2708]]]}},{"type":"Feature","properties":{"c":"#00cc00","v0":0.25,"v1":0.5},"geometry":{"type":"Polygon","coordinates":[[[-93.236,49.2578],[-93.21,49.2659],[-93.17,49.2682],[-93.03,49.2508],[-92.83,49.2033],[-92.71,49.1534],[-92.6676,49.1271],[-92.61,49.0752],[-92.59,49.065],[-92.3957,49.0091],[-92.25,48.9739],[-92.2153,48.9566],[-92.17,48.9172],[-92.09,48.8888],[-92.07,48.8912],[-92.0603,48.9041],[-92.0678,48.9172],[-92.11,48.9338],[-92.1387,48.9566],[-92.1292,48.9698],[-92.0601,48.996],[-92.0556,49.0091],[-92.0621,49.0485],[-92.0967,49.1009],[-92.09,49.1128],[-92.07,49.1141],[-92.0321,49.1009],[-91.91,49.0275],[-91.8309,48.996],[-91.8252,48.9829],[-91.8566,48.9698],[-91.8523,48.9566],[-91.77,48.8901],[-91.73,48.8422],[-91.6931,48.8251],[-91.6381,48.7856],[-91.6193,48.7065],[-91.5975,48.6801],[-91.576,48.6668],[-91.41,48.6253],[-91.27,48.6035],[-91.25,48.6045],[-91.21,48.6277],[-91.1745,48.6272],[-91.1663,48.614],[-91.1821,48.6008],[-91.23,48.5812],[-91.2736,48.5346],[-91.3417,48.4948],[-91.3436,48.4816],[-91.3315,48.4683],[-91.2597,48.4418],[-91.2043,48.4285],[-91.07,48.4108],[-91.014,48.4152],[-90.93,48.4348],[-90.81,48.4378],[-90.8032,48.4418],[-90.8449,48.4816],[-90.95,48.5446],[-90.9916,48.5611],[-90.9992,48.5743],[-90.99,48.5813],[-90.93,48.577],[-90.67,48.53],[-90.53,48.5134],[-90.5143,48.5213],[-90.5374,48.5611],[-90.5305,48.5743],[-90.51,48.5761],[-90.17,48.4723],[-90.11,48.4459],[-90.0263,48.3887],[-89.85,48.3052],[-89.7667,48.2557],[-89.59,48.1642],[-89.37,48.0666],[-89.27,48.0382],[-89.21,48.0418],[-89.1882,48.0555],[-89.17,48.1046],[-89.15,48.1285],[-89.13,48.1361],[-89.0899,48.0823],[-89.03,48.0308],[-88.97,47.9928],[-88.89,47.9668],[-88.77,47.9465],[-88.69,47.9131],[-88.63,47.8994],[-88.37,47.7753],[-88.2866,47.7202],[-88.1626,47.6529],[-88.0259,47.5315],[-87.99,47.4789],[-87.9507,47.4504],[-87.9487,47.4098],[-87.9586,47.3963],[-87.999,47.3692],[-87.99,47.3634],[-87.93,47.3506],[-87.89,47.3709],[-87.83,47.381],[-87.77,47.3691],[-87.73,47.3445],[-87.7192,47.3285],[-87.7195,47.315],[-87.73,47.3057],[-87.79,47.2921],[-87.8496,47.3014],[-87.91,47.3255],[-88.01,47.3181],[-88.086,47.3421],[-88.15,47.3441],[-88.1739,47.3285],[-88.1742,47.3014],[-88.1043,47.22],[-88.09,47.2083],[-88.05,47.1919],[-87.95,47.1941],[-87.87,47.1826],[-87.77,47.1773],[-87.75,47.169],[-87.5959,47.0703],[-87.55,47.0304],[-87.506,47.0022],[-87.4834,46.9749],[-87.47,46.9306],[-87.45,46.9133],[-87.41,46.908],[-87.33,46.9254],[-87.2808,46.9066],[-87.2782,46.8929],[-87.3183,46.8519],[-87.3173,46.8382],[-87.3005,46.8245],[-87.25,46.8103],[-87.19,46.8244],[-87.15,46.8228],[-87.0713,46.7972],[-87.0593,46.7835],[-87.0585,46.7561],[-87.0406,46.7424],[-86.9721,46.7149],[-86.9625,46.7012],[-86.9678,46.6738],[-86.99,46.6588],[-87.03,46.6569],[-87.11,46.6752],[-87.23,46.6888],[-87.27,46.688],[-87.29,46.6942],[-87.3148,46.7149],[-87.37,46.7446],[-87.47,46.7687],[-87.5022,46.7835],[-87.5139,46.7972],[-87.5067,46.8382],[-87.59,46.8635],[-87.6221,46.8929],[-87.71,46.9502],[-87.77,46.9624],[-87.83,46.9852],[-87.97,47.0087],[-88.05,47.0449],[-88.09,47.0508],[-88.13,47.0479],[-88.14,47.0567],[-88.1908,47.1656],[-88.2029,47.1792],[-88.27,47.2117],[-88.35,47.2157],[-88.41,47.2087],[-88.4478,47.1928],[-88.4487,47.1792],[-88.4293,47.1384],[-88.3847,47.1112],[-88.35,47.1008],[-88.29,47.1047],[-88.27,47.0981],[-88.23,47.052],[-88.1981,47.0294],[-88.2043,47.0158],[-88.29,46.9766],[-88.33,46.9474],[-88.4354,46.9612],[-88.45,46.9568],[-88.47,46.9307],[-88.49,46.9284],[-88.55,46.9621],[-88.5608,46.9339],[-88.59,46.9086],[-88.67,46.8873],[-88.69,46.8856],[-88.75,46.9129],[-88.83,46.921],[-88.89,46.9417],[-88.93,46.9439],[-89.03,46.9372],[-89.21,46.9535],[-89.2745,46.9885],[-89.35,47.0099],[-89.4288,47.0431],[-89.4782,47.0567],[-89.59,47.0758],[-89.6151,47.0703],[-89.612,47.0567],[-89.547,47.0158],[-89.5185,46.9885],[-89.5178,46.9749],[-89.5367,46.9339],[-89.5207,46.9066],[-89.3855,46.7972],[-89.3164,46.7561],[-89.2024,46.6738],[-89.2006,46.66],[-89.2274,46.6051],[-89.2216,46.5914],[-89.19,46.5658],[-89.13,46.5341],[-89.074,46.4951],[-89.03,46.4361],[-88.9986,46.4124],[-88.97,46.3628],[-88.8784,46.3158],[-88.8493,46.2605],[-88.7688,46.219],[-88.7669,46.1774],[-88.7541,46.1636],[-88.6842,46.122],[-88.5766,46.0943],[-88.5477,46.0804],[-88.5343,46.0665],[-88.5512,46.0388],[-88.5395,46.0249],[-88.4306,45.9971],[-88.35,45.9895],[-88.2329,45.9554],[-88.2114,45.9415],[-88.2138,45.9137],[-88.2369,45.8858],[-88.27,45.8634],[-88.3176,45.844],[-88.3331,45.8301],[-88.3238,45.8162],[-88.2584,45.7743],[-88.245,45.7604],[-88.235,45.7325],[-88.2689,45.6626],[-88.2812,45.5927],[-88.3751,45.4666],[-88.3861,45.4385],[-88.3646,45.4104],[-88.33,45.3841],[-88.21,45.3311],[-88.1496,45.298],[-88.1275,45.2698],[-88.0899,45.2417],[-88.065,45.1994],[-88.01,45.1666],[-87.99,45.1477],[-87.9652,45.0583],[-87.9522,45.0442],[-87.8743,45.0159],[-87.79,44.9985],[-87.7628,44.9876],[-87.7498,44.9735],[-87.7179,44.931],[-87.7216,44.9168],[-87.7366,44.9027],[-87.77,44.8822],[-87.79,44.878],[-87.87,44.8855],[-87.89,44.8763],[-87.8811,44.8602],[-87.83,44.8248],[-87.79,44.8123],[-87.5109,44.8034],[-87.49,44.8105],[-87.45,44.8374],[-87.39,44.8431],[-87.25,44.8279],[-87.21,44.8132],[-87.1746,44.7892],[-87.1316,44.7466],[-87.1142,44.7182],[-87.0954,44.6329],[-87.1089,44.5759],[-87.13,44.5707],[-87.21,44.5964],[-87.25,44.5984],[-87.2907,44.5901],[-87.2969,44.5759],[-87.29,44.5617],[-87.13,44.4556],[-86.8413,44.2043],[-86.7047,44.0751],[-86.61,43.9951],[-86.5371,43.9456],[-86.4981,43.9024],[-86.45,43.8303],[-86.3916,43.787],[-86.3186,43.7148],[-86.23,43.6457],[-86.09,43.5039],[-86.0468,43.4395],[-85.85,43.2836],[-85.77,43.2507],[-85.6835,43.1921],[-85.5324,43.0607],[-85.491,43.0168],[-85.43,42.9777],[-85.3848,42.929],[-85.3614,42.8704],[-85.3289,42.8264],[-85.3127,42.7824],[-85.3181,42.7677],[-85.33,42.764],[-85.35,42.7689],[-85.39,42.7861],[-85.4626,42.8557],[-85.4917,42.8704],[-85.53,42.8801],[-85.55,42.8726],[-85.5608,42.8557],[-85.59,42.7766],[-85.61,42.7662],[-85.63,42.7751],[-85.6921,42.8264],[-85.7012,42.8557],[-85.6936,42.8704],[-85.67,42.8841],[-85.6014,42.8997],[-85.579,42.9144],[-85.5752,42.929],[-85.59,42.9534],[-85.61,42.96],[-85.65,42.962],[-85.71,42.9947],[-85.85,43.0541],[-85.8659,43.0753],[-85.8529,43.1045],[-85.8674,43.1337],[-85.97,43.1982],[-85.981,43.1921],[-85.9859,43.1775],[-85.9777,43.1629],[-85.9328,43.1337],[-85.9224,43.1191],[-85.9192,43.1045],[-85.93,43.0938],[-85.97,43.099],[-86.0973,43.1629],[-86.1706,43.2358],[-86.2983,43.3086],[-86.35,43.3531],[-86.41,43.3868],[-86.49,43.4449],[-86.6059,43.57],[-86.7724,43.6858],[-86.8008,43.7292],[-86.8443,43.7726],[-86.9423,43.8447],[-87.0165,43.888],[-87.11,43.9804],[-87.3198,44.1469],[-87.5254,44.3046],[-87.6906,44.419],[-87.7885,44.5046],[-87.95,44.6262],[-88.053,44.6898],[-88.07,44.7074],[-88.1098,44.7892],[-88.1676,44.846],[-88.1692,44.8602],[-88.1392,44.8743],[-88.1314,44.8885],[-88.1561,44.9168],[-88.1956,44.9876],[-88.19,44.9984],[-88.17,45.0033],[-88.0269,44.9735],[-88.017,44.9876],[-88.0213,45.0159],[-88.1382,45.1148],[-88.1786,45.1712],[-88.184,45.1994],[-88.21,45.2287],[-88.29,45.2767],[-88.35,45.2885],[-88.39,45.3134],[-88.49,45.3545],[-88.5157,45.3542],[-88.55,45.343],[-88.5633,45.298],[-88.59,45.2824],[-88.63,45.2753],[-88.81,45.2971],[-88.93,45.3422],[-88.9463,45.3261],[-88.9961,45.2417],[-89.03,45.2231],[-89.05,45.2207],[-89.09,45.232],[-89.13,45.2581],[-89.21,45.2766],[-89.29,45.3051],[-89.31,45.3093],[-89.37,45.3063],[-89.41,45.3123],[-89.482,45.3542],[-89.5019,45.3823],[-89.4944,45.3964],[-89.45,45.4208],[-89.37,45.4315],[-89.17,45.4323],[-89.11,45.4258],[-89.0936,45.4385],[-89.1204,45.4946],[-89.1903,45.5507],[-89.2144,45.5927],[-89.2695,45.6486],[-89.2861,45.6906],[-89.3618,45.7464],[-89.45,45.7745],[-89.5316,45.8162],[-89.5722,45.858],[-89.71,45.9315],[-89.77,45.9822],[-89.81,45.9968],[-89.83,45.9981],[-89.87,45.9873],[-89.9009,45.9971],[-89.9145,46.011],[-89.9195,46.0388],[-89.95,46.0837],[-89.9505,46.1359],[-89.9603,46.1497],[-90.05,46.2042],[-90.11,46.2319],[-90.17,46.2751],[-90.33,46.3253],[-90.3348,46.4124],[-90.39,46.4753],[-90.5623,46.5501],[-90.63,46.6026],[-90.7579,46.6738],[-90.7862,46.7012],[-90.7829,46.7149],[-90.75,46.7227],[-90.59,46.6919],[-90.49,46.6553],[-90.27,46.5492],[-90.19,46.4979],[-90.07,46.4444],[-90.03,46.4332],[-90.0208,46.44],[-90.0056,46.5088],[-90.0158,46.5364],[-90.063,46.5914],[-90.0637,46.6188],[-90.0449,46.6875],[-90.0477,46.7012],[-90.0699,46.7286],[-90.17,46.7855],[-90.27,46.8124],[-90.39,46.8607],[-90.63,46.9393],[-90.79,47.023],[-90.91,47.0376],[-90.9521,47.0703],[-91.0318,47.1112],[-91.0393,47.1248],[-91.03,47.1414],[-90.97,47.1555],[-90.9641,47.1656],[-90.9697,47.1792],[-90.9895,47.1928],[-91.03,47.2066],[-91.0487,47.22],[-91.09,47.2647],[-91.11,47.2739],[-91.1346,47.2607],[-91.17,47.2573],[-91.33,47.2853],[-91.4191,47.315],[-91.4802,47.3421],[-91.55,47.3989],[-91.57,47.4055],[-91.63,47.4062],[-91.65,47.4132],[-91.687,47.4369],[-91.7024,47.4774],[-91.7599,47.518],[-91.85,47.5502],[-91.93,47.5882],[-91.9826,47.599],[-92.016,47.6125],[-92.0269,47.6259],[-92.0229,47.6394],[-91.95,47.6672],[-92.05,47.6756],[-92.0947,47.6529],[-92.13,47.6468],[-92.1643,47.6529],[-92.1876,47.6664],[-92.1893,47.6798],[-92.1702,47.6933],[-92.1274,47.7068],[-92.11,47.722],[-92.079,47.7337],[-91.99,47.7391],[-91.942,47.7337],[-91.89,47.7128],[-91.81,47.6942],[-91.7327,47.6664],[-91.57,47.626],[-91.45,47.6102],[-91.4319,47.6125],[-91.4359,47.6259],[-91.4624,47.6529],[-91.59,47.7344],[-91.6791,47.774],[-91.79,47.8091],[-91.9373,47.8814],[-92.15,47.9532],[-92.25,47.9799],[-92.3164,47.9886],[-92.3331,48.002],[-92.3376,48.0154],[-92.33,48.0378],[-92.31,48.0536],[-92.13,48.0494],[-92.01,48.0541],[-91.97,48.0484],[-91.85,48.0151],[-91.67,48.013],[-91.57,47.9928],[-91.41,47.9808],[-91.29,47.9632],[-91.277,47.9753],[-91.2855,47.9886],[-91.333,48.0154],[-91.4734,48.0689],[-91.59,48.1057],[-91.71,48.1737],[-91.8208,48.2157],[-91.825,48.229],[-91.7804,48.2424],[-91.7574,48.2557],[-91.7666,48.269],[-91.798,48.2823],[-92.089,48.3488],[-92.21,48.3886],[-92.39,48.4211],[-92.5746,48.4683],[-92.5887,48.4816],[-92.57,48.4934],[-92.43,48.4881],[-92.3355,48.4948],[-92.3259,48.5081],[-92.3407,48.5213],[-92.393,48.5478],[-92.61,48.6257],[-92.91,48.683],[-92.9327,48.6933],[-92.968,48.7329],[-93.01,48.7548],[-93.05,48.7656],[-93.1336,48.7724],[-93.1605,48.7856],[-93.13,48.8],[-93.101,48.8383],[-93.077,48.8514],[-93.0818,48.8646],[-93.11,48.8819],[-93.13,48.8888],[-93.19,48.8868],[-93.2205,48.9041],[-93.2207,48.9172],[-93.2061,48.9304],[-93.1614,48.9566],[-93.1551,48.9698],[-93.1676,48.9829],[-93.15,48.9938],[-93.09,48.9639],[-92.69,48.8828],[-92.5479,48.8251],[-92.47,48.8008],[-92.39,48.784],[-92.27,48.727],[-92.17,48.7014],[-92.09,48.6884],[-91.9686,48.6404],[-91.87,48.6182],[-91.8495,48.6272],[-91.93,48.6477],[-91.9633,48.6801],[-91.9794,48.7197],[-91.9969,48.7329],[-92.0361,48.746],[-92.0751,48.7856],[-92.13,48.7956],[-92.1768,48.8251],[-92.2393,48.8514],[-92.31,48.8653],[-92.3721,48.8909],[-92.73,48.9976],[-92.7534,49.0091],[-92.8287,49.0747],[-92.95,49.1322],[-93.15,49.186],[-93.2018,49.2055],[-93.2366,49.2317],[-93.2443,49.2447],[-93.236,49.2578]],[[-93.05,49.2093],[-93.0599,49.2055],[-93.0467,49.1925],[-92.93,49.1594],[-92.83,49.1052],[-92.71,49.0587],[-92.69,49.0579],[-92.69,49.0832],[-92.704,49.1009],[-92.7628,49.1402],[-92.8187,49.1663],[-92.99,49.213],[-93.03,49.214],[-93.05,49.2093]],[[-92.61,49.0222],[-92.6246,49.0091],[-92.61,48.9957],[-92.31,48.9015],[-92.29,48.8982],[-92.2683,48.9041],[-92.2859,48.9435],[-92.33,48.966],[-92.61,49.0222]],[[-90.75,48.4962],[-90.69,48.4732],[-90.6772,48.4816],[-90.71,48.4972],[-90.73,48.5004],[-90.75,48.4962]],[[-88.77,47.8353],[-88.7771,47.8277],[-88.75,47.8055],[-88.65,47.7795],[-88.6469,47.7874],[-88.69,47.816],[-88.7172,47.8277],[-88.77,47.8353]],[[-88.57,47.7613],[-88.59,47.7598],[-88.6002,47.7471],[-88.6126,47.7202],[-88.6027,47.7068],[-88.55,47.6922],[-88.5047,47.6394],[-88.4648,47.6125],[-88.4557,47.599],[-88.4641,47.5855],[-88.4532,47.572],[-88.43,47.5599],[-88.37,47.5099],[-88.33,47.4937],[-88.31,47.5018],[-88.2974,47.5585],[-88.2626,47.5855],[-88.2553,47.599],[-88.2724,47.6259],[-88.3141,47.6529],[-88.43,47.71],[-88.49,47.7296],[-88.53,47.7527],[-88.57,47.7613]],[[-88.39,45.9322],[-88.4081,45.9276],[-88.4209,45.9137],[-88.4157,45.8858],[-88.4071,45.8719],[-88.39,45.8622],[-88.37,45.8622],[-88.3222,45.8858],[-88.2919,45.9137],[-88.2967,45.9276],[-88.33,45.9375],[-88.39,45.9322]],[[-88.01,44.8782],[-88.0071,44.846],[-87.9806,44.8176],[-87.9691,44.7892],[-87.9811,44.775],[-88.03,44.7753],[-88.0461,44.7608],[-88.0388,44.7324],[-88.0139,44.704],[-87.6712,44.4333],[-87.57,44.3638],[-87.4764,44.3189],[-87.36,44.233],[-87.29,44.1916],[-87.1635,44.0895],[-87.0963,44.0176],[-86.964,43.9024],[-86.851,43.8159],[-86.67,43.6863],[-86.63,43.6676],[-86.61,43.6674],[-86.6008,43.6858],[-86.6039,43.7003],[-86.6386,43.787],[-86.691,43.8592],[-86.69,43.8737],[-86.6348,43.8592],[-86.59,43.8371],[-86.5778,43.8447],[-86.6132,43.9168],[-86.6677,43.96],[-86.7185,44.0176],[-86.7655,44.0895],[-86.9817,44.2903],[-87.15,44.4287],[-87.3333,44.5474],[-87.3657,44.5759],[-87.3725,44.6044],[-87.35,44.6389],[-87.29,44.6824],[-87.21,44.6829],[-87.1901,44.6898],[-87.2028,44.7182],[-87.25,44.7417],[-87.29,44.7388],[-87.33,44.7154],[-87.49,44.7561],[-87.63,44.7762],[-87.67,44.7793],[-87.77,44.7741],[-87.81,44.7791],[-87.87,44.7953],[-87.9242,44.8176],[-87.97,44.8648],[-88.01,44.8782]],[[-88.05,44.917],[-88.0551,44.9027],[-88.03,44.8937],[-88.0288,44.9027],[-88.05,44.917]],[[-89.35,45.3924],[-89.3609,45.3823],[-89.21,45.3137],[-89.09,45.2961],[-89.0664,45.298],[-89.0653,45.3121],[-89.1036,45.3402],[-89.19,45.3729],[-89.35,45.3924]],[[-90.63,46.6754],[-90.6413,46.6738],[-90.6416,46.66],[-90.6253,46.6463],[-90.5702,46.6188],[-90.4937,46.5639],[-90.43,46.5328],[-90.37,46.5171],[-90.3311,46.4951],[-90.3005,46.4537],[-90.258,46.4124],[-90.2234,46.3572],[-90.09,46.2634],[-89.97,46.191],[-89.93,46.1742],[-89.87,46.161],[-89.85,46.1649],[-89.8311,46.1774],[-89.8142,46.2328],[-89.87,46.2408],[-89.9365,46.2743],[-90.07,46.4066],[-90.25,46.4964],[-90.31,46.5203],[-90.4165,46.5914],[-90.4959,46.6326],[-90.6093,46.6738],[-90.63,46.6754]],[[-91.29,47.8284],[-91.273,47.8143],[-91.25,47.8122],[-91.2285,47.8143],[-91.2243,47.8277],[-91.25,47.8339],[-91.29,47.8284]],[[-93.03,48.8582],[-93.0495,48.8514],[-92.99,48.8185],[-92.79,48.7485],[-92.73,48.7477],[-92.71,48.7514],[-92.6995,48.7592],[-92.7211,48.7856],[-92.77,48.8125],[-92.89,48.8263],[-92.9432,48.8514],[-92.97,48.8581],[-93.01,48.8615],[-93.03,48.8582]],[[-92.23,48.6537],[-92.29,48.6503],[-92.33,48.6425],[-92.37,48.6138],[-92.4031,48.6008],[-92.399,48.5875],[-92.331,48.5478],[-92.21,48.5086],[-92.1876,48.4948],[-92.1783,48.4683],[-92.19,48.4564],[-92.2578,48.4418],[-92.244,48.4285],[-92.17,48.4251],[-92.1183,48.402],[-92.05,48.3934],[-91.95,48.3418],[-91.717,48.2823],[-91.6867,48.269],[-91.6729,48.2557],[-91.6529,48.2157],[-91.6484,48.1757],[-91.6021,48.1357],[-91.55,48.1126],[-91.29,48.0226],[-91.2464,48.002],[-91.1999,47.9619],[-91.2034,47.9485],[-91.2675,47.9083],[-91.2598,47.8948],[-91.21,47.8591],[-91.137,47.8277],[-91.0942,47.7874],[-91.05,47.7578],[-90.97,47.7315],[-90.93,47.7098],[-90.89,47.6724],[-90.8405,47.6394],[-90.81,47.5806],[-90.79,47.5673],[-90.73,47.5444],[-90.6662,47.491],[-90.6547,47.4774],[-90.655,47.4639],[-90.6735,47.4369],[-90.6653,47.4233],[-90.5129,47.3285],[-90.4577,47.2878],[-90.448,47.2743],[-90.4498,47.2471],[-90.47,47.2243],[-90.61,47.1749],[-90.65,47.1731],[-90.73,47.2013],[-90.7817,47.2335],[-90.8012,47.2607],[-90.8341,47.2878],[-90.8487,47.3285],[-90.8947,47.3692],[-90.95,47.3982],[-91.1425,47.4774],[-91.174,47.5045],[-91.1912,47.572],[-91.18,47.6394],[-91.17,47.6524],[-91.1421,47.6664],[-91.19,47.6808],[-91.261,47.7202],[-91.3437,47.7471],[-91.43,47.7992],[-91.4432,47.8143],[-91.4516,47.8412],[-91.4482,47.8546],[-91.4324,47.868],[-91.37,47.8802],[-91.3137,47.9083],[-91.3216,47.9217],[-91.3446,47.9351],[-91.39,47.9483],[-91.49,47.9535],[-91.67,47.99],[-91.83,47.993],[-91.93,48.0169],[-91.99,48.0248],[-92.11,48.0273],[-92.1525,48.0154],[-92.1654,48.002],[-92.1622,47.9886],[-92.1424,47.9753],[-92.05,47.9381],[-91.91,47.8943],[-91.77,47.826],[-91.5746,47.7471],[-91.4207,47.6529],[-91.348,47.572],[-91.35,47.5647],[-91.37,47.5578],[-91.51,47.5977],[-91.59,47.6098],[-91.69,47.6359],[-91.75,47.6423],[-91.79,47.6363],[-91.8335,47.6125],[-91.8453,47.599],[-91.8413,47.5855],[-91.7943,47.5585],[-91.7468,47.545],[-91.67,47.509],[-91.6132,47.491],[-91.57,47.4519],[-91.51,47.4124],[-91.4524,47.3556],[-91.37,47.319],[-91.31,47.3053],[-91.2737,47.315],[-91.2675,47.3285],[-91.293,47.3692],[-91.3551,47.4233],[-91.33,47.429],[-91.27,47.4196],[-91.1002,47.3421],[-91.0633,47.315],[-91.0453,47.2743],[-91.0234,47.2471],[-90.9488,47.2064],[-90.8661,47.1384],[-90.8641,47.1248],[-90.8933,47.0975],[-90.8774,47.0839],[-90.8426,47.0703],[-90.73,47.0299],[-90.65,47.0218],[-90.6385,47.0294],[-90.639,47.0431],[-90.6669,47.0839],[-90.6663,47.0975],[-90.65,47.1056],[-90.61,47.1045],[-90.43,47.0621],[-90.35,47.0529],[-90.27,47.0105],[-90.21,46.9614],[-90.1936,46.9202],[-90.21,46.9124],[-90.23,46.9138],[-90.2783,46.9339],[-90.33,46.9391],[-90.3639,46.9339],[-90.3909,46.9202],[-90.3543,46.8929],[-90.29,46.8748],[-90.2574,46.8519],[-90.0773,46.7698],[-90.0219,46.7286],[-90.0002,46.7012],[-89.9896,46.6738],[-89.9921,46.6051],[-89.984,46.5776],[-89.97,46.5633],[-89.91,46.5404],[-89.8892,46.5226],[-89.89,46.5016],[-89.927,46.4537],[-89.9296,46.4262],[-89.9232,46.4124],[-89.85,46.3556],[-89.7762,46.3158],[-89.7717,46.2881],[-89.8084,46.2466],[-89.8051,46.2328],[-89.77,46.2257],[-89.75,46.2149],[-89.6981,46.1636],[-89.59,46.1055],[-89.5287,46.0804],[-89.5186,46.0665],[-89.5356,46.0388],[-89.57,46.0145],[-89.61,46.0029],[-89.67,45.9971],[-89.6755,45.9832],[-89.6642,45.9693],[-89.53,45.89],[-89.43,45.8093],[-89.19,45.7087],[-89.1763,45.6906],[-89.1857,45.6347],[-89.15,45.5658],[-88.93,45.4152],[-88.85,45.3514],[-88.79,45.3292],[-88.69,45.3247],[-88.67,45.3256],[-88.65,45.3348],[-88.6264,45.3964],[-88.604,45.4245],[-88.4923,45.4666],[-88.424,45.5227],[-88.4127,45.5647],[-88.3603,45.6067],[-88.3377,45.6347],[-88.3015,45.7185],[-88.3059,45.7464],[-88.35,45.7848],[-88.41,45.8111],[-88.5697,45.8301],[-88.67,45.8618],[-88.7501,45.8719],[-88.7527,45.8858],[-88.73,45.8953],[-88.53,45.9031],[-88.4766,45.9137],[-88.4573,45.9276],[-88.503,45.9554],[-88.53,45.964],[-88.67,45.9804],[-88.69,45.9948],[-88.7053,46.0249],[-88.6964,46.0665],[-88.71,46.0768],[-88.89,46.1281],[-88.9422,46.1497],[-89.0082,46.2051],[-89.0121,46.219],[-88.9886,46.2605],[-88.9909,46.2881],[-89.1197,46.3848],[-89.15,46.4199],[-89.1788,46.44],[-89.23,46.46],[-89.3134,46.4675],[-89.3133,46.4813],[-89.29,46.4893],[-89.2627,46.5088],[-89.2539,46.5364],[-89.27,46.5602],[-89.3245,46.5914],[-89.3341,46.6051],[-89.3222,46.6463],[-89.3332,46.6738],[-89.43,46.7726],[-89.51,46.8291],[-89.6337,46.8929],[-89.6376,46.9066],[-89.6103,46.9885],[-89.63,47.0098],[-89.6903,47.0431],[-89.7136,47.0703],[-89.7097,47.0839],[-89.688,47.0975],[-89.65,47.1074],[-89.61,47.1067],[-89.43,47.0692],[-89.33,47.0306],[-89.17,46.9881],[-89.03,47.0],[-89.005,47.0158],[-89.0094,47.0294],[-89.05,47.0617],[-89.2559,47.1248],[-89.2747,47.1384],[-89.29,47.1674],[-89.31,47.1771],[-89.37,47.1744],[-89.41,47.198],[-89.47,47.2224],[-89.57,47.2254],[-89.6216,47.2335],[-89.6353,47.2471],[-89.6312,47.2743],[-89.6444,47.2878],[-89.7058,47.315],[-89.706,47.3285],[-89.55,47.402],[-89.51,47.4115],[-89.5004,47.4233],[-89.51,47.4366],[-89.53,47.4398],[-89.59,47.4323],[-89.6597,47.4369],[-89.6817,47.4504],[-89.6815,47.491],[-89.6882,47.5045],[-89.71,47.5106],[-89.77,47.5139],[-89.83,47.5015],[-89.851,47.5045],[-89.8455,47.518],[-89.77,47.5262],[-89.7357,47.545],[-89.71,47.5512],[-89.55,47.5497],[-89.45,47.5206],[-89.33,47.4705],[-89.2379,47.4504],[-89.05,47.3806],[-88.97,47.3819],[-88.93,47.3972],[-88.89,47.4017],[-88.75,47.3873],[-88.69,47.3727],[-88.65,47.372],[-88.61,47.3827],[-88.6083,47.3963],[-88.6731,47.4639],[-88.6532,47.491],[-88.6518,47.5045],[-88.67,47.5273],[-88.6969,47.545],[-88.77,47.5751],[-88.9619,47.6798],[-89.0195,47.7337],[-89.0285,47.8009],[-89.07,47.8366],[-89.09,47.8449],[-89.1503,47.8277],[-89.1351,47.7874],[-89.1419,47.7606],[-89.17,47.7579],[-89.19,47.7665],[-89.2224,47.8009],[-89.2167,47.8143],[-89.1939,47.8277],[-89.2035,47.8412],[-89.2502,47.868],[-89.33,47.9012],[-89.39,47.9397],[-89.4958,47.9886],[-89.5318,48.0154],[-89.57,48.0617],[-89.63,48.0822],[-89.691,48.0956],[-89.7078,48.109],[-89.7234,48.1357],[-89.8056,48.189],[-89.834,48.229],[-89.909,48.2823],[-90.13,48.3599],[-90.21,48.3748],[-90.25,48.3758],[-90.31,48.3556],[-90.33,48.3388],[-90.3204,48.3089],[-90.2624,48.269],[-90.227,48.2157],[-90.23,48.1905],[-90.25,48.1811],[-90.35,48.1837],[-90.49,48.2237],[-90.57,48.2252],[-90.63,48.2147],[-90.67,48.2157],[-90.8262,48.269],[-90.87,48.2977],[-90.8997,48.3089],[-90.9105,48.3355],[-90.93,48.3444],[-90.99,48.3501],[-91.13,48.3894],[-91.21,48.4039],[-91.3572,48.4418],[-91.53,48.5047],[-91.63,48.5221],[-91.79,48.5699],[-91.99,48.609],[-92.13,48.6599],[-92.23,48.6537]],[[-92.75,48.7103],[-92.7623,48.7065],[-92.7582,48.6933],[-92.7174,48.6801],[-92.6857,48.6801],[-92.6834,48.6933],[-92.7087,48.7065],[-92.75,48.7103]],[[-90.97,47.5916],[-90.9791,47.5855],[-90.9721,47.5585],[-90.9395,47.518],[-90.8966,47.491],[-90.89,47.4709],[-90.91,47.4535],[-90.93,47.4548],[-90.95,47.4751],[-90.97,47.4849],[-91.03,47.4894],[-91.05,47.485],[-91.0562,47.4774],[-91.042,47.4639],[-90.99,47.4411],[-90.93,47.4293],[-90.8481,47.3827],[-90.75,47.3092],[-90.6255,47.2471],[-90.59,47.238],[-90.5406,47.2471],[-90.5259,47.2607],[-90.527,47.2743],[-90.55,47.3076],[-90.6848,47.3827],[-90.716,47.4098],[-90.7313,47.4369],[-90.7222,47.4774],[-90.7366,47.5045],[-90.87,47.5673],[-90.95,47.5932],[-90.97,47.5916]],[[-90.49,47.0368],[-90.4992,47.0294],[-90.4932,47.0158],[-90.47,47.0019],[-90.41,46.9848],[-90.39,46.983],[-90.3664,46.9885],[-90.373,47.0022],[-90.402,47.0158],[-90.47,47.037],[-90.49,47.0368]],[[-89.69,46.084],[-89.7024,46.0804],[-89.7041,46.0665],[-89.6809,46.0527],[-89.63,46.0429],[-89.6029,46.0527],[-89.6067,46.0665],[-89.63,46.0789],[-89.67,46.0862],[-89.69,46.084]],[[-89.37,47.4392],[-89.41,47.4235],[-89.4213,47.4098],[-89.4202,47.3827],[-89.3986,47.3556],[-89.4745,47.3285],[-89.4732,47.2743],[-89.43,47.2668],[-89.33,47.2745],[-89.29,47.2616],[-89.2286,47.22],[-89.2177,47.152],[-89.2053,47.1384],[-89.1724,47.1248],[-89.11,47.1126],[-89.03,47.1072],[-88.97,47.0858],[-88.95,47.089],[-88.9034,47.1112],[-88.87,47.1153],[-88.8069,47.0975],[-88.77,47.0793],[-88.75,47.0786],[-88.65,47.1477],[-88.6079,47.152],[-88.5381,47.1928],[-88.5346,47.2064],[-88.55,47.2392],[-88.57,47.2645],[-88.59,47.2761],[-88.63,47.2768],[-88.67,47.2642],[-88.73,47.2642],[-88.81,47.2551],[-88.85,47.257],[-89.07,47.3249],[-89.17,47.3656],[-89.2144,47.3963],[-89.2708,47.4233],[-89.33,47.4378],[-89.37,47.4392]],[[-88.77,47.0524],[-88.8388,47.0158],[-88.8467,47.0022],[-88.83,46.9816],[-88.77,46.9718],[-88.71,46.9544],[-88.67,46.9707],[-88.5866,46.9749],[-88.67,47.0255],[-88.77,47.0524]]]}},{"type":"Feature","properties":{"c":"#00cc00","v0":0.25,"v1":0.5},"geometry":{"type":"Polygon","coordinates":[[[-78.6194,49.2578],[-78.55,49.2626],[-78.5192,49.2578],[-78.5118,49.2447],[-78.53,49.2147],[-78.55,49.2079],[-78.6293,49.2317],[-78.643,49.2447],[-78.6194,49.2578]]]}},{"type":"Feature","properties":{"c":"#00cc00","v0":0.25,"v1":0.5},"geometry":{"type":"Polygon","coordinates":[[[-104.6657,49.1532],[-104.65,49.1581],[-104.6266,49.1532],[-104.6284,49.1402],[-104.6616,49.114],[-104.663,49.1009],[-104.65,49.0782],[-104.63,49.065],[-104.53,49.0934],[-104.43,49.0951],[-104.29,49.064],[-104.21,49.0748],[-104.0713,49.0616],[-104.03,49.0436],[-103.9875,49.0354],[-103.9898,49.0223],[-104.13,49.0168],[-104.19,49.0332],[-104.27,49.0285],[-104.35,49.016],[-104.41,49.0197],[-104.59,49.0106],[-104.65,49.0218],[-104.69,49.0146],[-104.71,49.018],[-104.81,49.0478],[-104.83,49.0487],[-104.95,49.0266],[-105.1383,49.0354],[-105.1695,49.0485],[-105.13,49.0647],[-104.97,49.1019],[-104.91,49.1007],[-104.85,49.0903],[-104.83,49.0931],[-104.6657,49.1532]],[[-104.45,49.0629],[-104.4632,49.0485],[-104.45,49.0409],[-104.41,49.0385],[-104.3749,49.0485],[-104.41,49.0661],[-104.45,49.0629]]]}},{"type":"Feature","properties":{"c":"#00cc00","v0":0.25,"v1":0.5},"geometry":{"type":"Polygon","coordinates":[[[-103.6306,49.0091],[-103.6062,49.0091],[-103.5904,48.996],[-103.63,48.9845],[-103.65,48.9892],[-103.6628,48.996],[-103.6306,49.0091]]]}},{"type":"Feature","properties":{"c":"#00cc00","v0":0.25,"v1":0.5},"geometry":{"type":"Polygon","coordinates":[[[-91.6389,48.9435],[-91.63,48.9507],[-91.5786,48.9435],[-91.45,48.8786],[-91.3838,48.8251],[-91.3783,48.8119],[-91.3877,48.7988],[-91.43,48.7922],[-91.47,48.7981],[-91.603,48.8646],[-91.6218,48.8778],[-91.6235,48.9304],[-91.6389,48.9435]]]}},{"type":"Feature","properties":{"c":"#00cc00","v0":0.25,"v1":0.5},"geometry":{"type":"Polygon","coordinates":[[[-91.1672,48.9304],[-91.15,48.94],[-91.13,48.9391],[-91.1059,48.9304],[-91.1122,48.9172],[-91.13,48.9154],[-91.1672,48.9304]]]}},{"type":"Feature","properties":{"c":"#00cc00","v0":0.25,"v1":0.5},"geometry":{"type":"Polygon","coordinates":[[[-90.9253,48.8778],[-90.89,48.8877],[-90.8188,48.8778],[-90.6423,48.8251],[-90.5891,48.7988],[-90.5812,48.7856],[-90.61,48.7795],[-90.65,48.7822],[-90.75,48.8004],[-90.8376,48.8251],[-90.9038,48.8514],[-90.9213,48.8646],[-90.9253,48.8778]]]}},{"type":"Feature","properties":{"c":"#00cc00","v0":0.25,"v1":0.5},"geometry":{"type":"Polygon","coordinates":[[[-93.6772,48.7988],[-93.63,48.8027],[-93.57,48.7949],[-93.45,48.7624],[-93.27,48.6971],[-93.13,48.6561],[-92.95,48.6313],[-92.83,48.5878],[-92.8108,48.5743],[-92.8097,48.5611],[-92.85,48.5535],[-92.89,48.5557],[-92.95,48.5845],[-93.07,48.597],[-93.13,48.6219],[-93.225,48.6404],[-93.27,48.6588],[-93.37,48.6722],[-93.57,48.7219],[-93.7548,48.7329],[-93.7693,48.746],[-93.71,48.7664],[-93.6999,48.7856],[-93.6772,48.7988]]]}},{"type":"Feature","properties":{"c":"#00cc00","v0":0.25,"v1":0.5},"geometry":{"type":"Polygon","coordinates":[[[-121.8373,48.7724],[-121.83,48.7796],[-121.81,48.7819],[-121.7972,48.7724],[-121.81,48.757],[-121.83,48.7592],[-121.8373,48.7724]]]}},{"type":"Feature","properties":{"c":"#00cc00","v0":0.25,"v1":0.5},"geometry":{"type":"Polygon","coordinates":[[[-71.028,48.2424],[-70.97,48.2391],[-70.9549,48.229],[-70.9503,48.2157],[-70.9542,48.2024],[-70.9826,48.1757],[-71.05,48.1423],[-71.13,48.1209],[-71.15,48.1232],[-71.19,48.1746],[-71.25,48.1561],[-71.2582,48.1624],[-71.2608,48.1757],[-71.2462,48.189],[-71.19,48.1925],[-71.11,48.2284],[-71.028,48.2424]],[[-71.03,48.2291],[-71.09,48.2212],[-71.1352,48.2024],[-71.1483,48.1757],[-71.13,48.1487],[-71.11,48.1438],[-71.07,48.1498],[-71.03,48.1643],[-70.9911,48.189],[-70.9815,48.2024],[-70.9825,48.2157],[-71.01,48.2282],[-71.03,48.2291]]]}},{"type":"Feature","properties":{"c":"#00cc00","v0":0.25,"v1":0.5},"geometry":{"type":"Polygon","coordinates":[[[-92.5105,48.149],[-92.3992,48.1223],[-92.3635,48.109],[-92.3584,48.0956],[-92.45,48.1038],[-92.5412,48.1223],[-92.5556,48.1357],[-92.53,48.1482],[-92.5105,48.149]]]}},{"type":"Feature","properties":{"c":"#00cc00","v0":0.25,"v1":0.5},"geometry":{"type":"Polygon","coordinates":[[[-90.4914,48.149],[-90.47,48.1328],[-90.45,48.1279],[-90.41,48.1348],[-90.31,48.1304],[-90.1355,48.0956],[-89.9144,47.9753],[-89.9055,47.9619],[-89.9248,47.9351],[-89.9161,47.9217],[-89.8788,47.8948],[-89.89,47.8909],[-89.9216,47.8948],[-90.13,47.9447],[-90.37,47.9886],[-90.51,48.0278],[-90.6216,48.0689],[-90.6937,48.109],[-90.6853,48.1223],[-90.55,48.1298],[-90.4914,48.149]]]}},{"type":"Feature","properties":{"c":"#00cc00","v0":0.25,"v1":0.5},"geometry":{"type":"Polygon","coordinates":[[[-71.5472,48.0555],[-71.51,48.0617],[-71.4904,48.0555],[-71.4827,48.0422],[-71.49,48.0181],[-71.53,48.01],[-71.5723,48.0154],[-71.5765,48.0288],[-71.5472,48.0555]]]}},{"type":"Feature","properties":{"c":"#00cc00","v0":0.25,"v1":0.5},"geometry":{"type":"Polygon","coordinates":[[[-81.7725,47.6798],[-81.55,47.6626],[-81.45,47.6354],[-81.4181,47.599],[-81.3119,47.5045],[-81.2867,47.4504],[-81.2919,47.4233],[-81.31,47.395],[-81.33,47.3891],[-81.35,47.3928],[-81.45,47.4349],[-81.4663,47.4504],[-81.4864,47.491],[-81.5072,47.5045],[-81.63,47.5289],[-81.69,47.5987],[-81.71,47.6082],[-81.77,47.6028],[-81.8215,47.5855],[-81.8373,47.545],[-81.87,47.535],[-81.91,47.5322],[-82.03,47.5383],[-82.07,47.5555],[-82.0815,47.572],[-82.0804,47.5855],[-82.05,47.6088],[-81.97,47.6419],[-81.91,47.6391],[-81.83,47.6705],[-81.7725,47.6798]],[[-81.61,47.6162],[-81.61,47.6059],[-81.59,47.6005],[-81.58,47.6125],[-81.59,47.6211],[-81.61,47.6162]]]}},{"type":"Feature","properties":{"c":"#00cc00","v0":0.25,"v1":0.5},"geometry":{"type":"Polygon","coordinates":[[[-89.2964,47.6529],[-89.21,47.6405],[-89.1748,47.6259],[-89.15,47.6073],[-89.15,47.5897],[-89.17,47.5847],[-89.27,47.6242],[-89.2939,47.6394],[-89.2964,47.6529]]]}},{"type":"Feature","properties":{"c":"#00cc00","v0":0.25,"v1":0.5},"geometry":{"type":"Polygon","coordinates":[[[-82.4536,47.572],[-82.43,47.5807],[-82.35,47.5613],[-82.1618,47.5315],[-82.05,47.5255],[-81.95,47.4776],[-81.87,47.4608],[-81.7751,47.4098],[-81.657,47.315],[-81.6553,47.2878],[-81.71,47.2382],[-81.77,47.2095],[-81.81,47.2086],[-81.83,47.2147],[-82.31,47.4173],[-82.3308,47.4369],[-82.3352,47.4504],[-82.3258,47.491],[-82.33,47.5065],[-82.35,47.5218],[-82.4441,47.5585],[-82.4536,47.572]],[[-82.23,47.4962],[-82.2594,47.4774],[-82.2771,47.4504],[-82.2737,47.4369],[-82.2588,47.4233],[-82.2064,47.3963],[-82.13,47.36],[-82.07,47.339],[-81.99,47.298],[-81.89,47.2625],[-81.81,47.2494],[-81.7694,47.2607],[-81.7543,47.2878],[-81.762,47.3014],[-81.7917,47.3285],[-81.8158,47.3827],[-81.8751,47.4369],[-81.91,47.4487],[-81.97,47.4588],[-82.07,47.4999],[-82.19,47.5031],[-82.23,47.4962]]]}},{"type":"Feature","properties":{"c":"#00cc00","v0":0.25,"v1":0.5},"geometry":{"type":"Polygon","coordinates":[[[-71.426,47.5585],[-71.39,47.5663],[-71.3603,47.5585],[-71.37,47.5373],[-71.4014,47.518],[-71.3801,47.4774],[-71.3843,47.4639],[-71.43,47.4378],[-71.47,47.4325],[-71.4811,47.4504],[-71.4776,47.4639],[-71.4154,47.518],[-71.4363,47.545],[-71.426,47.5585]]]}},{"type":"Feature","properties":{"c":"#00cc00","v0":0.25,"v1":0.5},"geometry":{"type":"Polygon","coordinates":[[[-88.9039,47.545],[-88.7934,47.5315],[-88.7455,47.5045],[-88.719,47.4774],[-88.73,47.4736],[-88.77,47.4857],[-88.87,47.4925],[-88.9116,47.518],[-88.9189,47.5315],[-88.9039,47.545]]]}},{"type":"Feature","properties":{"c":"#00cc00","v0":0.25,"v1":0.5},"geometry":{"type":"Polygon","coordinates":[[[-71.1521,47.5315],[-71.1243,47.5315],[-71.1285,47.518],[-71.15,47.5073],[-71.1653,47.518],[-71.1521,47.5315]]]}},{"type":"Feature","properties":{"c":"#00cc00","v0":0.25,"v1":0.5},"geometry":{"type":"Polygon","coordinates":[[[-81.0059,47.4233],[-80.99,47.4294],[-80.85,47.4173],[-80.81,47.4032],[-80.7555,47.3692],[-80.6117,47.3285],[-80.605,47.315],[-80.613,47.2878],[-80.61,47.269],[-80.5838,47.2471],[-80.5236,47.22],[-80.49,47.1941],[-80.4779,47.1656],[-80.4747,47.1248],[-80.49,47.121],[-80.53,47.1268],[-80.61,47.1478],[-80.73,47.2104],[-80.79,47.2319],[-80.8649,47.2743],[-80.9856,47.315],[-80.9987,47.3285],[-80.9755,47.3827],[-80.981,47.3963],[-81.0041,47.4098],[-81.0059,47.4233]],[[-80.91,47.37],[-80.9235,47.3556],[-80.925,47.3421],[-80.9134,47.3285],[-80.7714,47.2607],[-80.73,47.2558],[-80.7059,47.2607],[-80.69,47.2729],[-80.6852,47.2878],[-80.6907,47.3014],[-80.73,47.3286],[-80.81,47.3525],[-80.87,47.3782],[-80.91,47.37]]]}},{"type":"Feature","properties":{"c":"#00cc00","v0":0.25,"v1":0.5},"geometry":{"type":"Polygon","coordinates":[[[-89.9628,47.3827],[-89.93,47.3894],[-89.8808,47.3827],[-89.858,47.3692],[-89.8606,47.3556],[-89.8778,47.3421],[-89.91,47.3337],[-90.03,47.3347],[-90.0488,47.3421],[-90.0532,47.3556],[-90.0391,47.3692],[-89.99,47.3743],[-89.9628,47.3827]]]}},{"type":"Feature","properties":{"c":"#00cc00","v0":0.25,"v1":0.5},"geometry":{"type":"Polygon","coordinates":[[[-72.1714,47.3827],[-72.13,47.3886],[-72.0886,47.3827],[-72.096,47.3692],[-72.1235,47.3556],[-72.17,47.3467],[-72.19,47.3469],[-72.2106,47.3556],[-72.2002,47.3692],[-72.1714,47.3827]]]}},{"type":"Feature","properties":{"c":"#00cc00","v0":0.25,"v1":0.5},"geometry":{"type":"Polygon","coordinates":[[[-72.3223,47.3421],[-72.2935,47.3421],[-72.2727,47.3285],[-72.29,47.3094],[-72.309,47.3014],[-72.33,47.3004],[-72.3518,47.315],[-72.3468,47.3285],[-72.3223,47.3421]]]}},{"type":"Feature","properties":{"c":"#00cc00","v0":0.25,"v1":0.5},"geometry":{"type":"Polygon","coordinates":[[[-88.6542,47.2335],[-88.6307,47.22],[-88.6317,47.2064],[-88.65,47.1966],[-88.67,47.2029],[-88.6759,47.22],[-88.67,47.2292],[-88.6542,47.2335]]]}},{"type":"Feature","properties":{"c":"#00cc00","v0":0.25,"v1":0.5},"geometry":{"type":"Polygon","coordinates":[[[-81.8118,47.1928],[-81.79,47.2046],[-81.77,47.2008],[-81.6219,47.152],[-81.6082,47.1384],[-81.6032,47.0839],[-81.63,47.0789],[-81.6734,47.0839],[-81.7642,47.1112],[-81.8253,47.1384],[-81.8499,47.152],[-81.8541,47.1656],[-81.8407,47.1792],[-81.8118,47.1928]]]}},{"type":"Feature","properties":{"c":"#00cc00","v0":0.25,"v1":0.5},"geometry":{"type":"Polygon","coordinates":[[[-88.4852,46.7972],[-88.45,46.8067],[-88.39,46.8089],[-88.3584,46.7972],[-88.3506,46.7835],[-88.3538,46.7698],[-88.3676,46.7561],[-88.39,46.7466],[-88.43,46.7424],[-88.45,46.7465],[-88.4824,46.7698],[-88.4889,46.7835],[-88.4852,46.7972]]]}},{"type":"Feature","properties":{"c":"#00cc00","v0":0.25,"v1":0.5},"geometry":{"type":"Polygon","coordinates":[[[-82.602,46.7972],[-82.51,46.8084],[-82.37,46.8006],[-82.33,46.7938],[-82.21,46.7583],[-82.05,46.6784],[-81.99,46.6351],[-81.9358,46.6051],[-81.8777,46.5364],[-81.89,46.5322],[-81.97,46.5335],[-82.01,46.5436],[-82.087,46.5776],[-82.13,46.5839],[-82.17,46.583],[-82.183,46.5776],[-82.1391,46.4951],[-82.15,46.4897],[-82.17,46.4902],[-82.25,46.5102],[-82.35,46.5607],[-82.41,46.5558],[-82.45,46.562],[-82.5684,46.6188],[-82.5779,46.6326],[-82.57,46.6385],[-82.43,46.6419],[-82.4012,46.6326],[-82.35,46.599],[-82.31,46.5958],[-82.2707,46.6051],[-82.43,46.7015],[-82.51,46.7372],[-82.55,46.7506],[-82.63,46.7535],[-82.65,46.7601],[-82.6657,46.7698],[-82.6645,46.7835],[-82.602,46.7972]],[[-82.43,46.7609],[-82.4364,46.7561],[-82.4291,46.7424],[-82.39,46.7096],[-82.37,46.698],[-82.31,46.679],[-82.25,46.6424],[-82.17,46.6155],[-82.05,46.5959],[-81.9891,46.5776],[-81.9809,46.5914],[-81.9942,46.6051],[-82.0635,46.66],[-82.11,46.6817],[-82.21,46.7209],[-82.29,46.7373],[-82.35,46.7662],[-82.39,46.7687],[-82.43,46.7609]]]}},{"type":"Feature","properties":{"c":"#00cc00","v0":0.25,"v1":0.5},"geometry":{"type":"Polygon","coordinates":[[[-88.819,46.7561],[-88.79,46.7649],[-88.757,46.7561],[-88.71,46.7183],[-88.63,46.6864],[-88.5816,46.6463],[-88.5891,46.6326],[-88.61,46.6247],[-88.63,46.6249],[-88.7134,46.6463],[-88.7336,46.66],[-88.7501,46.7012],[-88.81,46.7423],[-88.819,46.7561]]]}},{"type":"Feature","properties":{"c":"#00cc00","v0":0.25,"v1":0.5},"geometry":{"type":"Polygon","coordinates":[[[-88.1355,46.6875],[-88.09,46.6895],[-88.05,46.6831],[-88.019,46.66],[-88.0021,46.6188],[-87.99,46.6075],[-87.93,46.5914],[-87.87,46.5562],[-87.79,46.5266],[-87.71,46.5033],[-87.63,46.4885],[-87.6031,46.4675],[-87.59,46.4119],[-87.57,46.401],[-87.47,46.3842],[-87.4401,46.371],[-87.4288,46.3572],[-87.4442,46.3158],[-87.3926,46.2743],[-87.3867,46.2466],[-87.37,46.2367],[-87.3431,46.1913],[-87.31,46.1707],[-87.25,46.1534],[-87.2151,46.1359],[-87.1916,46.1082],[-87.2091,46.0943],[-87.27,46.1015],[-87.37,46.0976],[-87.4152,46.1082],[-87.5526,46.1913],[-87.61,46.2135],[-87.6417,46.2328],[-87.6647,46.2605],[-87.6738,46.2881],[-87.69,46.3033],[-87.7641,46.3296],[-87.81,46.3637],[-87.87,46.3748],[-87.9733,46.4124],[-88.0183,46.4537],[-88.0292,46.4813],[-88.0205,46.5088],[-87.9851,46.5364],[-87.9837,46.5501],[-88.03,46.566],[-88.0432,46.5776],[-88.0381,46.5914],[-88.0548,46.6051],[-88.1491,46.66],[-88.1589,46.6738],[-88.1355,46.6875]]]}},{"type":"Feature","properties":{"c":"#00cc00","v0":0.25,"v1":0.5},"geometry":{"type":"Polygon","coordinates":[[[-87.481,46.6875],[-87.45,46.6978],[-87.41,46.694],[-87.3537,46.6738],[-87.3386,46.66],[-87.35,46.6491],[-87.37,46.6449],[-87.45,46.6554],[-87.4806,46.6738],[-87.481,46.6875]]]}},{"type":"Feature","properties":{"c":"#00cc00","v0":0.25,"v1":0.5},"geometry":{"type":"Polygon","coordinates":[[[-88.8817,46.6051],[-88.85,46.6176],[-88.81,46.6153],[-88.73,46.5859],[-88.49,46.5295],[-88.31,46.4434],[-88.2463,46.3986],[-88.13,46.3602],[-88.07,46.3212],[-87.9949,46.2881],[-87.9821,46.2743],[-88.0071,46.2466],[-88.0056,46.2328],[-87.95,46.1992],[-87.9259,46.1636],[-87.9493,46.1082],[-87.9338,46.0665],[-87.91,46.0446],[-87.81,45.979],[-87.75,45.9582],[-87.701,45.9137],[-87.685,45.8858],[-87.695,45.844],[-87.69,45.8004],[-87.73,45.7932],[-87.77,45.7965],[-87.8332,45.8301],[-87.89,45.8484],[-87.97,45.9005],[-88.0161,45.9554],[-88.069,45.9832],[-88.13,46.0054],[-88.2077,46.0804],[-88.263,46.1082],[-88.33,46.1324],[-88.3815,46.1636],[-88.4144,46.1913],[-88.4494,46.2881],[-88.478,46.3296],[-88.55,46.3749],[-88.61,46.4039],[-88.73,46.4941],[-88.8574,46.5501],[-88.885,46.5776],[-88.8817,46.6051]],[[-88.63,46.5032],[-88.6371,46.4951],[-88.63,46.4928],[-88.61,46.4895],[-88.5947,46.4951],[-88.63,46.5032]],[[-88.31,46.1864],[-88.3167,46.1774],[-88.31,46.1717],[-88.29,46.1627],[-88.277,46.1636],[-88.2835,46.1774],[-88.31,46.1864]],[[-88.15,46.1993],[-88.1556,46.1913],[-88.15,46.1716],[-88.13,46.1558],[-88.11,46.1514],[-88.0937,46.1636],[-88.1006,46.1774],[-88.13,46.2003],[-88.15,46.1993]],[[-88.09,46.0688],[-88.0988,46.0665],[-88.0905,46.0527],[-88.07,46.0458],[-88.0623,46.0527],[-88.09,46.0688]]]}},{"type":"Feature","properties":{"c":"#00cc00","v0":0.25,"v1":0.5},"geometry":{"type":"Polygon","coordinates":[[[-75.8067,46.5639],[-75.77,46.5621],[-75.7564,46.5501],[-75.7656,46.5364],[-75.83,46.5247],[-75.8604,46.5364],[-75.85,46.5517],[-75.8067,46.5639]]]}},{"type":"Feature","properties":{"c":"#00cc00","v0":0.25,"v1":0.5},"geometry":{"type":"Polygon","coordinates":[[[-87.3117,46.44],[-87.29,46.4454],[-87.2758,46.44],[-87.2764,46.4262],[-87.2977,46.4262],[-87.3117,46.44]]]}},{"type":"Feature","properties":{"c":"#00cc00","v0":0.25,"v1":0.5},"geometry":{"type":"Polygon","coordinates":[[[-83.0854,46.2466],[-82.97,46.2557],[-82.87,46.229],[-82.7774,46.219],[-82.7593,46.2051],[-82.81,46.1844],[-82.85,46.1762],[-82.99,46.179],[-83.03,46.1879],[-83.0913,46.219],[-83.1038,46.2328],[-83.0854,46.2466]]]}},{"type":"Feature","properties":{"c":"#00cc00","v0":0.25,"v1":0.5},"geometry":{"type":"Polygon","coordinates":[[[-83.3397,46.219],[-83.31,46.2252],[-83.27,46.2228],[-83.1429,46.1636],[-82.93,46.1012],[-82.83,46.0562],[-82.81,46.0544],[-82.7754,46.0665],[-82.7493,46.0665],[-82.7424,46.0527],[-82.75,46.0367],[-82.81,46.0279],[-82.8204,45.9832],[-82.83,45.9714],[-82.8772,45.9554],[-82.8847,45.9415],[-82.874,45.9276],[-82.8311,45.8998],[-82.75,45.8692],[-82.6921,45.8301],[-82.63,45.7645],[-82.53,45.7023],[-82.4367,45.6067],[-82.4216,45.5787],[-82.423,45.5507],[-82.43,45.5423],[-82.45,45.5374],[-82.49,45.549],[-82.57,45.5939],[-82.61,45.6008],[-82.63,45.5953],[-82.649,45.5787],[-82.67,45.5436],[-82.73,45.4893],[-82.7371,45.4525],[-82.7254,45.3964],[-82.6804,45.3121],[-82.6636,45.2417],[-82.61,45.1773],[-82.5213,45.1148],[-82.49,45.0816],[-82.4728,45.0583],[-82.4723,45.03],[-82.49,45.0152],[-82.5545,45.0018],[-82.71,44.8981],[-82.81,44.8889],[-82.89,44.897],[-82.9161,44.8885],[-82.9112,44.8743],[-82.87,44.8424],[-82.7023,44.7466],[-82.6876,44.7182],[-82.6873,44.6898],[-82.7046,44.6613],[-82.75,44.6168],[-82.83,44.5673],[-82.89,44.5096],[-82.97,44.4618],[-83.05,44.3739],[-83.07,44.3578],[-83.09,44.3525],[-83.13,44.3586],[-83.1704,44.3761],[-83.23,44.4232],[-83.31,44.4324],[-83.39,44.4782],[-83.4583,44.4904],[-83.51,44.5249],[-83.57,44.5494],[-83.5845,44.5617],[-83.589,44.5759],[-83.57,44.5965],[-83.53,44.6057],[-83.33,44.5855],[-83.17,44.6372],[-83.0515,44.6613],[-83.0397,44.6755],[-83.0243,44.7466],[-83.03,44.806],[-83.05,44.8371],[-83.1178,44.8885],[-83.1668,44.9735],[-83.1817,45.03],[-83.177,45.0583],[-83.1601,45.0866],[-83.0899,45.1289],[-83.0735,45.143],[-83.0702,45.1571],[-83.1455,45.298],[-83.1556,45.3402],[-83.1477,45.3964],[-83.1536,45.4245],[-83.2162,45.5227],[-83.231,45.5647],[-83.2754,45.6067],[-83.2972,45.6486],[-83.2928,45.6626],[-83.2562,45.6766],[-83.2468,45.6906],[-83.256,45.7743],[-83.2541,45.7883],[-83.2378,45.8022],[-83.19,45.806],[-83.09,45.7835],[-83.0635,45.7883],[-83.0638,45.8022],[-83.0838,45.8301],[-83.1194,45.858],[-83.21,45.9137],[-83.3147,45.9554],[-83.3698,45.9971],[-83.3733,46.011],[-83.3485,46.0388],[-83.25,46.0603],[-83.2247,46.0804],[-83.2792,46.1497],[-83.3456,46.2051],[-83.3397,46.219]],[[-83.17,46.1318],[-83.1866,46.122],[-83.1427,46.0943],[-83.0958,46.0249],[-83.1022,46.011],[-83.13,46.0109],[-83.21,46.0289],[-83.29,46.022],[-83.3105,46.011],[-83.2965,45.9832],[-83.0964,45.8719],[-83.0078,45.7883],[-82.91,45.7357],[-82.83,45.71],[-82.73,45.6573],[-82.69,45.6423],[-82.57,45.6294],[-82.53,45.6142],[-82.49,45.5866],[-82.4745,45.5927],[-82.5467,45.6766],[-82.6887,45.7604],[-82.7696,45.844],[-82.85,45.8802],[-82.9429,45.9415],[-82.9499,45.9554],[-82.9442,45.9693],[-82.8945,46.011],[-82.8929,46.0249],[-82.9139,46.0527],[-82.9564,46.0804],[-83.01,46.1012],[-83.09,46.1216],[-83.17,46.1318]],[[-83.15,44.4627],[-83.1519,44.4475],[-83.13,44.4261],[-83.11,44.4176],[-83.09,44.4191],[-83.0751,44.4333],[-83.074,44.4475],[-83.09,44.4592],[-83.15,44.4627]],[[-83.19,45.777],[-83.1988,45.7604],[-83.19,45.7421],[-83.17,45.7286],[-83.13,45.7275],[-83.11,45.721],[-83.0916,45.6766],[-83.0906,45.6067],[-83.11,45.5961],[-83.17,45.6006],[-83.1881,45.5927],[-83.1866,45.5367],[-83.1258,45.4104],[-83.1345,45.3402],[-83.1208,45.2839],[-83.0793,45.2135],[-83.0352,45.1571],[-83.0345,45.143],[-83.05,45.1211],[-83.11,45.0867],[-83.1231,45.0724],[-83.1358,45.03],[-83.1322,44.9876],[-83.09,44.924],[-83.0408,44.8885],[-83.0191,44.8602],[-82.993,44.7608],[-82.95,44.678],[-82.89,44.6334],[-82.87,44.626],[-82.83,44.6269],[-82.79,44.6429],[-82.7498,44.6755],[-82.7374,44.704],[-82.7439,44.7324],[-82.77,44.7556],[-82.85,44.7948],[-82.93,44.8531],[-82.9726,44.8743],[-83.0017,44.9027],[-83.0016,44.931],[-82.9744,44.9452],[-82.95,44.946],[-82.83,44.9213],[-82.77,44.9221],[-82.73,44.9305],[-82.61,45.005],[-82.5443,45.0583],[-82.5473,45.0724],[-82.69,45.2128],[-82.71,45.2397],[-82.7215,45.2698],[-82.7201,45.3261],[-82.8107,45.4525],[-82.8121,45.4666],[-82.7555,45.5367],[-82.7264,45.5927],[-82.73,45.6054],[-82.77,45.598],[-82.79,45.6035],[-82.91,45.693],[-83.01,45.7383],[-83.11,45.7515],[-83.1572,45.7743],[-83.19,45.777]]]}},{"type":"Feature","properties":{"c":"#00cc00","v0":0.25,"v1":0.5},"geometry":{"type":"Polygon","coordinates":[[[-82.7041,46.219],[-82.65,46.2296],[-82.61,46.2215],[-82.55,46.1992],[-82.5401,46.1913],[-82.5449,46.1774],[-82.65,46.1851],[-82.7039,46.2051],[-82.7041,46.219]]]}},{"type":"Feature","properties":{"c":"#00cc00","v0":0.25,"v1":0.5},"geometry":{"type":"Polygon","coordinates":[[[-82.6832,46.0943],[-82.65,46.1014],[-82.63,46.0985],[-82.5958,46.0804],[-82.5906,46.0665],[-82.608,46.0527],[-82.63,46.0511],[-82.6707,46.0665],[-82.6901,46.0804],[-82.6832,46.0943]]]}},{"type":"Feature","properties":{"c":"#00cc00","v0":0.25,"v1":0.5},"geometry":{"type":"Polygon","coordinates":[[[-87.1151,46.0804],[-87.09,46.0916],[-87.07,46.0922],[-87.0296,46.0804],[-87.01,46.0665],[-87.03,46.053],[-87.101,46.0665],[-87.1151,46.0804]]]}},{"type":"Feature","properties":{"c":"#00cc00","v0":0.25,"v1":0.5},"geometry":{"type":"Polygon","coordinates":[[[-82.5092,46.0804],[-82.47,46.0858],[-82.39,46.0845],[-82.25,46.0184],[-82.21,46.006],[-82.09,45.9982],[-82.0773,45.9832],[-82.0768,45.9693],[-82.0965,45.8998],[-82.1107,45.8858],[-82.15,45.8854],[-82.33,45.9362],[-82.39,45.9421],[-82.4353,45.9554],[-82.5305,46.0249],[-82.5375,46.0527],[-82.5308,46.0665],[-82.5092,46.0804]]]}},{"type":"Feature","properties":{"c":"#00cc00","v0":0.25,"v1":0.5},"geometry":{"type":"Polygon","coordinates":[[[-81.9178,45.9276],[-81.89,45.9387],[-81.83,45.9296],[-81.8024,45.8998],[-81.8097,45.8858],[-81.85,45.8813],[-81.8745,45.8858],[-81.9042,45.8998],[-81.9178,45.9137],[-81.9178,45.9276]]]}},{"type":"Feature","properties":{"c":"#00cc00","v0":0.25,"v1":0.5},"geometry":{"type":"Polygon","coordinates":[[[-108.8555,45.1853],[-108.83,45.1897],[-108.8081,45.1853],[-108.786,45.1712],[-108.7779,45.143],[-108.8274,45.1007],[-108.8435,45.0724],[-108.87,45.0592],[-108.89,45.0621],[-108.8984,45.0724],[-108.881,45.1148],[-108.8725,45.1712],[-108.8555,45.1853]]]}},{"type":"Feature","properties":{"c":"#00cc00","v0":0.25,"v1":0.5},"geometry":{"type":"Polygon","coordinates":[[[-89.2159,44.9593],[-89.19,44.964],[-89.11,44.9626],[-89.0165,44.9452],[-89.014,44.931],[-89.07,44.8999],[-89.11,44.894],[-89.21,44.9297],[-89.226,44.9452],[-89.2159,44.9593]]]}},{"type":"Feature","properties":{"c":"#00cc00","v0":0.25,"v1":0.5},"geometry":{"type":"Polygon","coordinates":[[[-87.6602,44.9452],[-87.63,44.9529],[-87.5989,44.9452],[-87.5863,44.931],[-87.6383,44.931],[-87.6602,44.9452]]]}},{"type":"Feature","properties":{"c":"#00cc00","v0":0.25,"v1":0.5},"geometry":{"type":"Polygon","coordinates":[[[-83.7738,44.2616],[-83.69,44.2645],[-83.6064,44.2473],[-83.5743,44.233],[-83.5343,44.2043],[-83.47,44.1809],[-83.4577,44.1613],[-83.4656,44.1469],[-83.5047,44.1325],[-83.55,44.1289],[-83.75,44.1762],[-83.7898,44.2043],[-83.8062,44.233],[-83.7999,44.2473],[-83.7738,44.2616]]]}},{"type":"Feature","properties":{"c":"#00cc00","v0":0.25,"v1":0.5},"geometry":{"type":"Polygon","coordinates":[[[-83.4523,44.2473],[-83.4251,44.2473],[-83.4184,44.233],[-83.45,44.227],[-83.4615,44.233],[-83.4523,44.2473]]]}},{"type":"Feature","properties":{"c":"#00cc00","v0":0.25,"v1":0.5},"geometry":{"type":"Polygon","coordinates":[[[-87.0119,44.1325],[-86.9614,44.1038],[-86.9015,44.0464],[-86.91,44.0403],[-86.992,44.0895],[-87.0136,44.1182],[-87.0119,44.1325]]]}},{"type":"Feature","properties":{"c":"#00cc00","v0":0.25,"v1":0.5},"geometry":{"type":"Polygon","coordinates":[[[-86.8975,44.032],[-86.89,44.0374],[-86.85,44.0208],[-86.7949,43.9888],[-86.7934,43.9744],[-86.8063,43.96],[-86.85,43.9805],[-86.8975,44.032]]]}},{"type":"Feature","properties":{"c":"#00cc00","v0":0.25,"v1":0.5},"geometry":{"type":"Polygon","coordinates":[[[-87.4148,44.0176],[-87.41,44.0203],[-87.39,44.0078],[-87.39,43.9818],[-87.41,43.9969],[-87.4148,44.0176]]]}},{"type":"Feature","properties":{"c":"#00cc00","v0":0.25,"v1":0.5},"geometry":{"type":"Polygon","coordinates":[[[-87.371,43.9456],[-87.3215,43.9312],[-87.306,43.9168],[-87.31,43.9076],[-87.33,43.9052],[-87.37,43.9125],[-87.3764,43.9312],[-87.371,43.9456]]]}},{"type":"Feature","properties":{"c":"#00cc00","v0":0.25,"v1":0.5},"geometry":{"type":"Polygon","coordinates":[[[-89.0132,43.8447],[-88.9864,43.8447],[-88.9715,43.8303],[-88.97,43.8131],[-88.99,43.8093],[-89.0,43.8159],[-89.0132,43.8303],[-89.0132,43.8447]]]}},{"type":"Feature","properties":{"c":"#00cc00","v0":0.25,"v1":0.5},"geometry":{"type":"Polygon","coordinates":[[[-87.4699,43.8303],[-87.41,43.8288],[-87.187,43.7726],[-87.1707,43.7581],[-87.149,43.6858],[-87.1312,43.6569],[-87.0948,43.628],[-87.0122,43.5845],[-86.89,43.5035],[-86.6971,43.3668],[-86.6745,43.3086],[-86.65,43.285],[-86.61,43.2662],[-86.53,43.2626],[-86.45,43.2382],[-86.41,43.2178],[-86.3397,43.1629],[-86.27,43.0989],[-86.254,43.0753],[-86.2516,43.0314],[-86.27,43.0072],[-86.31,42.9951],[-86.35,42.9911],[-86.39,42.998],[-86.43,43.0132],[-86.529,43.0753],[-86.5554,43.1191],[-86.61,43.1629],[-86.65,43.1831],[-86.6991,43.1921],[-86.7249,43.2066],[-86.753,43.2649],[-86.7885,43.294],[-86.83,43.3102],[-86.93,43.304],[-87.03,43.3484],[-87.0471,43.3668],[-87.07,43.4119],[-87.11,43.4514],[-87.2656,43.541],[-87.4357,43.628],[-87.4436,43.6424],[-87.41,43.6609],[-87.3984,43.6858],[-87.4013,43.7003],[-87.4271,43.7292],[-87.4925,43.7726],[-87.5197,43.8014],[-87.5122,43.8159],[-87.4699,43.8303]],[[-87.37,43.7613],[-87.3669,43.7437],[-87.35,43.7321],[-87.33,43.7257],[-87.3085,43.7292],[-87.3064,43.7437],[-87.3238,43.7581],[-87.35,43.7647],[-87.37,43.7613]],[[-87.25,43.63],[-87.2594,43.628],[-87.2631,43.6135],[-87.2429,43.5845],[-87.1909,43.541],[-87.07,43.4639],[-86.99,43.3763],[-86.93,43.3432],[-86.8887,43.3522],[-86.8655,43.3813],[-86.87,43.4017],[-86.8866,43.4249],[-86.9535,43.483],[-87.0758,43.57],[-87.13,43.6008],[-87.19,43.6204],[-87.25,43.63]]]}},{"type":"Feature","properties":{"c":"#00cc00","v0":0.25,"v1":0.5},"geometry":{"type":"Polygon","coordinates":[[[-110.8319,43.8159],[-110.81,43.8106],[-110.8036,43.8014],[-110.81,43.783],[-110.85,43.7587],[-110.8841,43.7581],[-110.8893,43.7726],[-110.8772,43.787],[-110.85,43.8095],[-110.8319,43.8159]]]}},{"type":"Feature","properties":{"c":"#00cc00","v0":0.25,"v1":0.5},"geometry":{"type":"Polygon","coordinates":[[[-103.8142,43.7581],[-103.79,43.77],[-103.77,43.7711],[-103.6848,43.7581],[-103.6168,43.7292],[-103.5966,43.7148],[-103.5889,43.7003],[-103.6027,43.6858],[-103.63,43.675],[-103.67,43.6741],[-103.79,43.7255],[-103.8115,43.7437],[-103.8142,43.7581]]]}},{"type":"Feature","properties":{"c":"#00cc00","v0":0.25,"v1":0.5},"geometry":{"type":"Polygon","coordinates":[[[-89.0012,43.7437],[-88.97,43.7505],[-88.95,43.7479],[-88.93,43.7413],[-88.89,43.7142],[-88.8552,43.6714],[-88.8573,43.6424],[-88.87,43.6301],[-88.91,43.628],[-88.9679,43.6569],[-89.0142,43.7148],[-89.0147,43.7292],[-89.0012,43.7437]]]}},{"type":"Feature","properties":{"c":"#00cc00","v0":0.25,"v1":0.5},"geometry":{"type":"Polygon","coordinates":[[[-111.845,43.512],[-111.83,43.5186],[-111.81,43.5167],[-111.7958,43.4975],[-111.7988,43.4685],[-111.81,43.4542],[-111.83,43.447],[-111.85,43.452],[-111.8626,43.4685],[-111.8597,43.4975],[-111.845,43.512]]]}},{"type":"Feature","properties":{"c":"#00cc00","v0":0.25,"v1":0.5},"geometry":{"type":"Polygon","coordinates":[[[-102.9907,43.3813],[-102.95,43.3902],[-102.9014,43.3813],[-102.904,43.3668],[-102.95,43.3581],[-102.9947,43.3668],[-102.9907,43.3813]]]}},{"type":"Feature","properties":{"c":"#00cc00","v0":0.25,"v1":0.5},"geometry":{"type":"Polygon","coordinates":[[[-111.0255,43.3668],[-110.97,43.3701],[-110.95,43.3627],[-110.9441,43.3522],[-110.9553,43.3232],[-110.99,43.3006],[-111.03,43.2987],[-111.0579,43.3086],[-111.0764,43.3232],[-111.0824,43.3377],[-111.0745,43.3522],[-111.0255,43.3668]]]}},{"type":"Feature","properties":{"c":"#00cc00","v0":0.25,"v1":0.5},"geometry":{"type":"Polygon","coordinates":[[[-87.4565,43.3086],[-87.43,43.3065],[-87.35,43.2736],[-87.2956,43.2212],[-87.242,43.1921],[-87.1401,43.0899],[-87.0943,43.0314],[-87.0228,42.9729],[-86.89,42.8385],[-86.77,42.7711],[-86.7201,42.7236],[-86.714,42.6942],[-86.7389,42.6207],[-86.7085,42.5176],[-86.67,42.4512],[-86.593,42.3552],[-86.5842,42.3256],[-86.5929,42.3108],[-86.61,42.3044],[-86.69,42.2973],[-86.7121,42.2368],[-86.73,42.2176],[-86.81,42.206],[-86.85,42.2099],[-86.93,42.2509],[-86.9596,42.2812],[-87.0117,42.4586],[-87.1222,42.6501],[-87.2351,42.8117],[-87.2487,42.8851],[-87.2889,43.0022],[-87.3708,43.1045],[-87.43,43.1935],[-87.485,43.2504],[-87.5035,43.2795],[-87.4995,43.294],[-87.4565,43.3086]],[[-87.35,43.1701],[-87.3295,43.1191],[-87.2481,42.9876],[-87.1823,42.7971],[-86.9921,42.4881],[-86.9551,42.37],[-86.91,42.3205],[-86.87,42.2914],[-86.83,42.2763],[-86.81,42.2747],[-86.79,42.281],[-86.7818,42.3108],[-86.7832,42.37],[-86.77,42.3877],[-86.7267,42.3995],[-86.8125,42.6207],[-86.8166,42.6501],[-86.803,42.6942],[-86.8065,42.7089],[-86.8577,42.753],[-87.0641,42.9729],[-87.1449,43.0314],[-87.25,43.1404],[-87.29,43.1645],[-87.33,43.174],[-87.35,43.1701]]]}},{"type":"Feature","properties":{"c":"#00cc00","v0":0.25,"v1":0.5},"geometry":{"type":"Polygon","coordinates":[[[-109.6571,43.2066],[-109.63,43.207],[-109.61,43.1979],[-109.59,43.1787],[-109.5867,43.1629],[-109.61,43.1169],[-109.65,43.0993],[-109.67,43.1001],[-109.69,43.1094],[-109.703,43.1337],[-109.691,43.1775],[-109.67,43.2016],[-109.6571,43.2066]]]}},{"type":"Feature","properties":{"c":"#00cc00","v0":0.25,"v1":0.5},"geometry":{"type":"Polygon","coordinates":[[[-88.7905,43.0753],[-88.77,43.0821],[-88.75,43.0789],[-88.7309,43.0607],[-88.7339,43.0461],[-88.75,43.041],[-88.7712,43.0461],[-88.7908,43.0607],[-88.7905,43.0753]]]}},{"type":"Feature","properties":{"c":"#00cc00","v0":0.25,"v1":0.5},"geometry":{"type":"Polygon","coordinates":[[[-86.4913,42.7677],[-86.45,42.7773],[-86.43,42.7731],[-86.394,42.753],[-86.2577,42.6207],[-86.1549,42.5618],[-86.11,42.5034],[-85.9252,42.3256],[-85.85,42.2744],[-85.7016,42.1924],[-85.61,42.1285],[-85.6011,42.1034],[-85.6043,42.0886],[-85.61,42.0831],[-85.65,42.0923],[-85.6634,42.0737],[-85.6638,42.0143],[-85.6889,41.9102],[-85.7321,41.8506],[-85.724,41.7761],[-85.7278,41.7463],[-85.7509,41.6865],[-85.77,41.6596],[-85.91,41.6854],[-85.97,41.6706],[-86.03,41.6916],[-86.1453,41.791],[-86.2573,41.9251],[-86.3095,41.9995],[-86.3199,42.0292],[-86.3071,42.0737],[-86.3353,42.1183],[-86.3398,42.1331],[-86.33,42.1442],[-86.31,42.1478],[-86.27,42.1423],[-86.17,42.1004],[-86.162,42.1034],[-86.1673,42.1183],[-86.2194,42.1628],[-86.2408,42.1924],[-86.2634,42.2664],[-86.29,42.3126],[-86.3577,42.37],[-86.41,42.4275],[-86.51,42.4436],[-86.5929,42.5176],[-86.6003,42.5471],[-86.59,42.5579],[-86.53,42.5639],[-86.503,42.5765],[-86.508,42.5912],[-86.5411,42.6207],[-86.57,42.6707],[-86.65,42.6783],[-86.6966,42.7089],[-86.6904,42.7236],[-86.67,42.7335],[-86.65,42.7321],[-86.5998,42.7089],[-86.57,42.6846],[-86.55,42.6943],[-86.4913,42.7677]],[[-86.37,42.6287],[-86.3807,42.6207],[-86.3843,42.5912],[-86.37,42.5569],[-86.3607,42.5028],[-86.3305,42.4586],[-86.3387,42.4291],[-86.3355,42.3995],[-86.27,42.3274],[-86.23,42.267],[-86.2026,42.1924],[-86.11,42.1163],[-86.0635,42.0589],[-86.0433,42.0143],[-86.05,41.9791],[-86.07,41.9693],[-86.19,42.052],[-86.23,42.0669],[-86.26,42.0143],[-86.2444,41.9548],[-86.113,41.791],[-86.03,41.7353],[-86.01,41.7304],[-85.99,41.7353],[-85.95,41.7753],[-85.93,41.7712],[-85.87,41.7392],[-85.83,41.7382],[-85.81,41.7481],[-85.7872,41.7761],[-85.7786,41.8804],[-85.749,41.9102],[-85.7358,41.94],[-85.7471,42.0737],[-85.769,42.1331],[-85.8358,42.222],[-85.99,42.347],[-86.099,42.4586],[-86.1639,42.5028],[-86.19,42.5446],[-86.27,42.5781],[-86.33,42.6237],[-86.37,42.6287]]]}},{"type":"Feature","properties":{"c":"#00cc00","v0":0.25,"v1":0.5},"geometry":{"type":"Polygon","coordinates":[[[-96.7758,42.1924],[-96.75,42.1989],[-96.729,42.1924],[-96.7175,42.1776],[-96.7178,42.1628],[-96.73,42.1462],[-96.75,42.1295],[-96.77,42.125],[-96.7975,42.1331],[-96.8095,42.1479],[-96.7758,42.1924]]]}},{"type":"Feature","properties":{"c":"#00cc00","v0":0.25,"v1":0.5},"geometry":{"type":"Polygon","coordinates":[[[-90.593,42.1924],[-90.59,42.2013],[-90.57,42.2047],[-90.51,42.1963],[-90.47,42.1873],[-90.39,42.1517],[-90.29,42.1497],[-90.2334,42.1331],[-90.2123,42.1183],[-90.2106,42.1034],[-90.23,42.0417],[-90.25,42.028],[-90.29,42.0359],[-90.35,42.0906],[-90.45,42.1209],[-90.5723,42.1776],[-90.593,42.1924]]]}},{"type":"Feature","properties":{"c":"#00cc00","v0":0.25,"v1":0.5},"geometry":{"type":"Polygon","coordinates":[[[-96.4525,42.0589],[-96.4143,42.044],[-96.41,42.0282],[-96.43,42.0218],[-96.4582,42.0292],[-96.4718,42.044],[-96.4525,42.0589]]]}},{"type":"Feature","properties":{"c":"#00cc00","v0":0.25,"v1":0.5},"geometry":{"type":"Polygon","coordinates":[[[-85.4818,41.9548],[-85.47,41.9652],[-85.4296,41.9548],[-85.41,41.9308],[-85.41,41.9044],[-85.43,41.9005],[-85.4772,41.94],[-85.4818,41.9548]]]}},{"type":"Feature","properties":{"c":"#00cc00","v0":0.25,"v1":0.5},"geometry":{"type":"Polygon","coordinates":[[[-93.0585,41.8506],[-92.99,41.8513],[-92.943,41.8357],[-92.91,41.8081],[-92.85,41.7814],[-92.845,41.7612],[-92.8528,41.7463],[-92.89,41.7343],[-92.95,41.742],[-93.03,41.8136],[-93.0854,41.8357],[-93.0585,41.8506]]]}},{"type":"Feature","properties":{"c":"#00cc00","v0":0.25,"v1":0.5},"geometry":{"type":"Polygon","coordinates":[[[-85.3106,41.6567],[-85.29,41.6666],[-85.2624,41.6417],[-85.1915,41.5969],[-85.1438,41.537],[-85.141,41.522],[-85.15,41.5086],[-85.17,41.507],[-85.21,41.5214],[-85.2673,41.5669],[-85.2997,41.6118],[-85.3106,41.6567]]]}},{"type":"Feature","properties":{"c":"#00cc00","v0":0.25,"v1":0.5},"geometry":{"type":"Polygon","coordinates":[[[-102.2757,41.4471],[-102.23,41.4464],[-102.1913,41.4321],[-102.1806,41.4171],[-102.1877,41.4021],[-102.27,41.366],[-102.31,41.3626],[-102.3602,41.3721],[-102.3694,41.3871],[-102.3616,41.4021],[-102.3164,41.4321],[-102.2757,41.4471]],[[-102.27,41.4182],[-102.2771,41.4021],[-102.27,41.4002],[-102.2598,41.4021],[-102.2459,41.4171],[-102.27,41.4182]]]}},{"type":"Feature","properties":{"c":"#00cc00","v0":0.25,"v1":0.5},"geometry":{"type":"Polygon","coordinates":[[[-93.1642,41.3571],[-93.03,41.3493],[-92.99,41.3322],[-92.9464,41.297],[-92.8686,41.2068],[-92.8364,41.1616],[-92.8377,41.1466],[-92.85,41.1404],[-92.87,41.1448],[-92.9362,41.1917],[-93.21,41.3115],[-93.2164,41.3421],[-93.19,41.3541],[-93.1642,41.3571]]]}},{"type":"Feature","properties":{"c":"#00cc00","v0":0.25,"v1":0.5},"geometry":{"type":"Polygon","coordinates":[[[-105.1117,41.1164],[-105.07,41.1088],[-105.0583,41.1014],[-105.063,41.0863],[-105.11,41.0747],[-105.1465,41.0863],[-105.15,41.1014],[-105.1117,41.1164]]]}},{"type":"Feature","properties":{"c":"#00cc00","v0":0.25,"v1":0.5},"geometry":{"type":"Polygon","coordinates":[[[-77.3686,41.041],[-77.35,41.0447],[-77.33,41.0338],[-77.3073,41.0109],[-77.31,40.993],[-77.33,40.9941],[-77.3566,41.0109],[-77.3695,41.026],[-77.3686,41.041]]]}},{"type":"Feature","properties":{"c":"#00cc00","v0":0.25,"v1":0.5},"geometry":{"type":"Polygon","coordinates":[[[-92.9726,41.026],[-92.9293,41.026],[-92.8522,40.9807],[-92.8692,40.9656],[-92.93,40.9573],[-92.9386,40.9505],[-92.9334,40.9354],[-92.8858,40.9051],[-92.7994,40.8144],[-92.7595,40.7235],[-92.7567,40.6931],[-92.77,40.6816],[-92.79,40.6865],[-92.8844,40.7386],[-92.9253,40.7841],[-92.97,40.8669],[-93.0762,40.9505],[-93.0842,40.9656],[-93.0805,40.9807],[-92.9726,41.026]],[[-92.89,40.8327],[-92.8954,40.7992],[-92.8802,40.7689],[-92.85,40.7415],[-92.83,40.734],[-92.81,40.7355],[-92.802,40.7538],[-92.8048,40.7689],[-92.8221,40.7992],[-92.85,40.8202],[-92.89,40.8327]]]}},{"type":"Feature","properties":{"c":"#00cc00","v0":0.25,"v1":0.5},"geometry":{"type":"Polygon","coordinates":[[[-92.417,40.9354],[-92.33,40.9289],[-92.2505,40.9051],[-92.2175,40.8446],[-92.1792,40.8144],[-92.13,40.7843],[-92.01,40.7381],[-91.9233,40.6931],[-91.774,40.5869],[-91.7565,40.5717],[-91.7508,40.5565],[-91.77,40.5486],[-91.85,40.5517],[-91.89,40.5357],[-91.91,40.5359],[-91.99,40.5706],[-92.11,40.656],[-92.17,40.6683],[-92.29,40.6688],[-92.31,40.6765],[-92.4428,40.8598],[-92.4486,40.9051],[-92.4414,40.9202],[-92.417,40.9354]],[[-92.37,40.8619],[-92.3805,40.8446],[-92.3758,40.8295],[-92.3548,40.7992],[-92.33,40.7793],[-92.25,40.7357],[-92.19,40.7308],[-92.1603,40.7386],[-92.1973,40.7841],[-92.25,40.8084],[-92.31,40.8492],[-92.35,40.8628],[-92.37,40.8619]],[[-92.01,40.6945],[-92.0129,40.678],[-91.99,40.658],[-91.97,40.653],[-91.9544,40.6628],[-91.97,40.6813],[-92.01,40.6945]]]}},{"type":"Feature","properties":{"c":"#00cc00","v0":0.25,"v1":0.5},"geometry":{"type":"Polygon","coordinates":[[[-93.2381,40.7235],[-93.23,40.7344],[-93.21,40.7362],[-93.1724,40.7083],[-93.13,40.6596],[-93.1159,40.6325],[-93.1142,40.6173],[-93.1298,40.6021],[-93.1712,40.6173],[-93.2162,40.6476],[-93.2383,40.6931],[-93.2381,40.7235]]]}},{"type":"Feature","properties":{"c":"#00cc00","v0":0.25,"v1":0.5},"geometry":{"type":"Polygon","coordinates":[[[-93.1318,40.5565],[-93.11,40.5675],[-93.09,40.5615],[-93.0624,40.5413],[-93.038,40.5109],[-93.0189,40.4348],[-92.9858,40.3739],[-92.99,40.3507],[-93.01,40.3371],[-93.07,40.3473],[-93.1251,40.3739],[-93.1322,40.3891],[-93.0997,40.4196],[-93.1002,40.4348],[-93.1417,40.4805],[-93.1572,40.5109],[-93.15,40.5355],[-93.1318,40.5565]],[[-93.11,40.5182],[-93.11,40.494],[-93.09,40.4793],[-93.07,40.4825],[-93.0718,40.5109],[-93.09,40.523],[-93.11,40.5182]]]}},{"type":"Feature","properties":{"c":"#00cc00","v0":0.25,"v1":0.5},"geometry":{"type":"Polygon","coordinates":[[[-92.4025,40.2977],[-92.37,40.2971],[-92.35,40.2834],[-92.3436,40.2672],[-92.3475,40.2519],[-92.3608,40.2366],[-92.39,40.2228],[-92.43,40.221],[-92.4567,40.2366],[-92.4611,40.2519],[-92.4393,40.2824],[-92.4025,40.2977]],[[-92.39,40.2867],[-92.41,40.282],[-92.4316,40.2672],[-92.4391,40.2519],[-92.4297,40.2366],[-92.39,40.2368],[-92.3672,40.2519],[-92.3619,40.2672],[-92.37,40.2813],[-92.39,40.2867]]]}},{"type":"Feature","properties":{"c":"#00cc00","v0":0.25,"v1":0.5},"geometry":{"type":"Polygon","coordinates":[[[-88.4182,39.9306],[-88.41,39.9432],[-88.39,39.9389],[-88.33,39.893],[-88.2893,39.8538],[-88.2457,39.7924],[-88.2254,39.7463],[-88.2199,39.6385],[-88.1891,39.546],[-88.19,39.4638],[-88.17,39.3272],[-88.1487,39.2524],[-88.1643,39.1904],[-88.1664,39.1284],[-88.21,39.0167],[-88.2554,38.8174],[-88.2821,38.7706],[-88.33,38.721],[-88.3388,38.6926],[-88.3083,38.5832],[-88.2779,38.4267],[-88.2888,38.3012],[-88.2718,38.1913],[-88.2408,38.1126],[-88.2038,37.9235],[-88.2033,37.813],[-88.17,37.7168],[-88.09,37.5694],[-88.03,37.5016],[-88.01,37.489],[-87.95,37.4744],[-87.9201,37.4487],[-87.9178,37.4328],[-87.9503,37.2897],[-87.9488,37.242],[-87.97,37.2228],[-87.99,37.2257],[-88.01,37.2453],[-88.0124,37.2738],[-88.0004,37.3056],[-88.09,37.3873],[-88.13,37.3984],[-88.17,37.4257],[-88.23,37.5088],[-88.2654,37.5914],[-88.3393,37.6548],[-88.3594,37.6865],[-88.3793,37.7498],[-88.41,37.7636],[-88.45,37.7623],[-88.47,37.7705],[-88.51,37.81],[-88.5498,37.9235],[-88.5552,37.9866],[-88.5986,38.0811],[-88.5999,38.1126],[-88.59,38.1211],[-88.57,38.1226],[-88.5482,38.1126],[-88.5039,38.0496],[-88.49,38.002],[-88.47,37.9907],[-88.457,38.0496],[-88.43,38.0748],[-88.4113,38.0811],[-88.4104,38.0969],[-88.4632,38.1284],[-88.4919,38.1755],[-88.61,38.2227],[-88.6294,38.2384],[-88.6344,38.2541],[-88.6098,38.3483],[-88.6129,38.3797],[-88.7008,38.505],[-88.7182,38.5676],[-88.7198,38.6457],[-88.7517,38.7706],[-88.7464,38.8329],[-88.7108,38.9108],[-88.739,39.0197],[-88.73,39.0357],[-88.71,39.0442],[-88.69,39.043],[-88.6235,39.0041],[-88.57,38.9818],[-88.55,38.9777],[-88.5304,38.9886],[-88.5645,39.1128],[-88.5826,39.2369],[-88.6156,39.3298],[-88.63,39.4071],[-88.61,39.4439],[-88.59,39.4644],[-88.55,39.4585],[-88.51,39.4431],[-88.4936,39.4534],[-88.5101,39.546],[-88.5096,39.6385],[-88.49,39.6542],[-88.4636,39.6539],[-88.43,39.6809],[-88.41,39.6859],[-88.33,39.6823],[-88.323,39.7001],[-88.3979,39.8538],[-88.4182,39.9306]],[[-88.37,39.8778],[-88.3734,39.8538],[-88.35,39.7993],[-88.31,39.7448],[-88.29,39.7284],[-88.27,39.7244],[-88.2567,39.7463],[-88.2696,39.7924],[-88.33,39.8679],[-88.35,39.8783],[-88.37,39.8778]],[[-88.27,37.7687],[-88.29,37.7406],[-88.2926,37.7181],[-88.27,37.6888],[-88.25,37.6768],[-88.2361,37.7023],[-88.2354,37.734],[-88.25,37.7666],[-88.27,37.7687]],[[-88.35,39.5899],[-88.39,39.538],[-88.45,39.5428],[-88.4638,39.5306],[-88.4588,39.4534],[-88.4118,39.3607],[-88.41,39.3345],[-88.43,39.3334],[-88.45,39.3415],[-88.53,39.3947],[-88.55,39.3993],[-88.5782,39.3762],[-88.5876,39.3453],[-88.5397,39.0973],[-88.4968,38.973],[-88.4878,38.9108],[-88.4618,38.8485],[-88.4154,38.7862],[-88.43,38.7834],[-88.45,38.7972],[-88.4996,38.8797],[-88.551,38.9264],[-88.59,38.9484],[-88.63,38.9547],[-88.6438,38.9419],[-88.67,38.8421],[-88.71,38.8019],[-88.7236,38.755],[-88.6916,38.6301],[-88.6812,38.5206],[-88.6302,38.4424],[-88.5877,38.3953],[-88.55,38.3231],[-88.5225,38.3012],[-88.5166,38.2855],[-88.5378,38.2541],[-88.5243,38.2384],[-88.51,38.2333],[-88.39,38.2071],[-88.3619,38.1913],[-88.33,38.0889],[-88.31,38.0615],[-88.29,38.0571],[-88.2814,38.1126],[-88.3094,38.1755],[-88.3178,38.2384],[-88.3496,38.3169],[-88.3276,38.4424],[-88.3368,38.5988],[-88.4132,38.7706],[-88.41,38.7816],[-88.37,38.774],[-88.33,38.788],[-88.2884,38.8485],[-88.2228,39.1284],[-88.2247,39.1749],[-88.2042,39.2524],[-88.202,39.3298],[-88.2522,39.4843],[-88.2948,39.546],[-88.35,39.5899]],[[-88.41,37.9145],[-88.4176,37.9078],[-88.4134,37.892],[-88.39,37.8694],[-88.3693,37.8604],[-88.3556,37.8762],[-88.3597,37.892],[-88.3727,37.9078],[-88.39,37.9155],[-88.41,37.9145]]]}},{"type":"Feature","properties":{"c":"#00cc00","v0":0.25,"v1":0.5},"geometry":{"type":"Polygon","coordinates":[[[-88.6824,39.6385],[-88.67,39.6441],[-88.65,39.6305],[-88.63,39.5978],[-88.6091,39.546],[-88.61,39.517],[-88.63,39.519],[-88.67,39.5693],[-88.6907,39.6077],[-88.69,39.6306],[-88.6824,39.6385]]]}},{"type":"Feature","properties":{"c":"#00cc00","v0":0.25,"v1":0.5},"geometry":{"type":"Polygon","coordinates":[[[-75.4511,39.3453],[-75.43,39.3569],[-75.41,39.3565],[-75.39,39.3463],[-75.3504,39.2988],[-75.337,39.2524],[-75.3594,39.1904],[-75.3651,39.1439],[-75.39,39.1099],[-75.4041,39.0507],[-75.4215,39.0197],[-75.423,39.0041],[-75.3984,38.9575],[-75.402,38.9419],[-75.43,38.9303],[-75.45,38.9292],[-75.51,38.9328],[-75.6238,38.9575],[-75.6319,38.973],[-75.6034,39.0041],[-75.6076,39.0197],[-75.665,39.0663],[-75.7046,39.1439],[-75.69,39.1656],[-75.65,39.1655],[-75.59,39.1529],[-75.5621,39.1594],[-75.53,39.191],[-75.51,39.1987],[-75.45,39.1926],[-75.4376,39.2059],[-75.5035,39.2834],[-75.501,39.2988],[-75.4511,39.3453]],[[-75.51,39.1319],[-75.57,39.0988],[-75.61,39.0935],[-75.6283,39.0818],[-75.6251,39.0663],[-75.5661,39.0197],[-75.53,38.9791],[-75.51,38.9703],[-75.49,38.97],[-75.4805,38.9886],[-75.4727,39.1128],[-75.4864,39.1284],[-75.51,39.1319]]]}},{"type":"Feature","properties":{"c":"#00cc00","v0":0.25,"v1":0.5},"geometry":{"type":"Polygon","coordinates":[[[-75.1426,39.1594],[-75.11,39.1642],[-75.09,39.1601],[-75.0439,39.1284],[-74.9697,39.0197],[-74.93,38.9928],[-74.9131,38.973],[-74.89,38.9063],[-74.8229,38.8329],[-74.8142,38.8018],[-74.8236,38.7862],[-74.8882,38.755],[-74.8917,38.7394],[-74.81,38.6183],[-74.79,38.6149],[-74.71,38.6299],[-74.6973,38.6457],[-74.7231,38.7238],[-74.725,38.7394],[-74.71,38.7499],[-74.6087,38.7082],[-74.5978,38.6926],[-74.5873,38.6457],[-74.5383,38.5988],[-74.5196,38.5676],[-74.5159,38.5363],[-74.5917,38.458],[-74.5803,38.411],[-74.5857,38.3797],[-74.65,38.3255],[-74.6792,38.2698],[-74.6741,38.207],[-74.63,38.1308],[-74.5948,38.0969],[-74.47,38.0212],[-74.37,38.0254],[-74.29,37.9966],[-74.25,37.9618],[-74.2342,37.9235],[-74.2733,37.8446],[-74.2885,37.8288],[-74.41,37.789],[-74.51,37.7874],[-74.73,37.835],[-74.77,37.8313],[-74.8016,37.813],[-74.7996,37.7972],[-74.7334,37.7498],[-74.7188,37.7181],[-74.7394,37.6865],[-74.79,37.6603],[-74.795,37.639],[-74.7758,37.6231],[-74.69,37.6033],[-74.61,37.57],[-74.5836,37.5439],[-74.5453,37.4804],[-74.5432,37.4645],[-74.5501,37.4487],[-74.57,37.4342],[-74.6462,37.4169],[-74.6605,37.3692],[-74.73,37.3195],[-74.77,37.2999],[-74.8689,37.2738],[-74.8862,37.2579],[-74.8935,37.226],[-74.87,37.1803],[-74.8396,37.1464],[-74.77,37.1019],[-74.7588,37.0826],[-74.7672,37.0506],[-74.8017,37.0027],[-74.8245,36.9868],[-74.85,36.9792],[-74.91,36.9888],[-74.9595,37.0187],[-75.01,37.11],[-75.192,37.2738],[-75.1872,37.2897],[-75.1306,37.3533],[-75.1277,37.3692],[-75.1475,37.401],[-75.1963,37.4487],[-75.202,37.4645],[-75.1899,37.4963],[-75.29,37.5301],[-75.322,37.5439],[-75.3403,37.5597],[-75.336,37.5756],[-75.2692,37.6231],[-75.2684,37.639],[-75.3485,37.7023],[-75.3452,37.7181],[-75.29,37.7398],[-75.27,37.7576],[-75.2797,37.813],[-75.3052,37.8762],[-75.29,37.8975],[-75.2385,37.9235],[-75.2499,37.9866],[-75.24,38.0181],[-75.21,38.0355],[-75.13,38.0524],[-75.09,38.0803],[-75.05,38.0943],[-75.03,38.0896],[-74.9925,38.0496],[-74.97,37.9844],[-74.944,38.0024],[-74.9209,38.0811],[-74.9479,38.1284],[-74.9278,38.1755],[-74.9484,38.2541],[-75.1032,38.364],[-75.1391,38.4424],[-75.177,38.4737],[-75.1856,38.4893],[-75.1714,38.5206],[-75.13,38.5436],[-74.97,38.5171],[-74.9615,38.5206],[-74.9585,38.5363],[-74.9932,38.5676],[-75.07,38.6011],[-75.1376,38.6613],[-75.21,38.7423],[-75.3546,38.8329],[-75.3674,38.8485],[-75.3662,38.8641],[-75.343,38.8952],[-75.376,38.9419],[-75.3595,39.0041],[-75.3763,39.0507],[-75.3632,39.0663],[-75.3353,39.0818],[-75.2147,39.1128],[-75.1426,39.1594]],[[-74.71,38.5885],[-74.79,38.5659],[-74.87,38.5721],[-74.89,38.5673],[-74.9016,38.5519],[-74.9015,38.5363],[-74.8717,38.4893],[-74.8912,38.4737],[-74.95,38.4666],[-75.05,38.4856],[-75.07,38.4838],[-75.09,38.4684],[-75.1026,38.4267],[-75.0885,38.3953],[-75.0432,38.3483],[-74.93,38.2679],[-74.9118,38.207],[-74.8898,38.1755],[-74.8954,38.1284],[-74.8745,38.0811],[-74.8931,38.0496],[-74.9194,37.9708],[-74.97,37.9386],[-75.01,37.9391],[-75.0887,38.0024],[-75.1263,38.0181],[-75.17,38.0241],[-75.21,38.0126],[-75.2231,37.9866],[-75.2092,37.9393],[-75.2056,37.892],[-75.21,37.8709],[-75.2228,37.8604],[-75.239,37.7972],[-75.2333,37.7498],[-75.2794,37.7023],[-75.2754,37.6865],[-75.23,37.6557],[-75.2219,37.639],[-75.23,37.6171],[-75.2786,37.5756],[-75.2725,37.5597],[-75.13,37.5218],[-75.11,37.5118],[-75.091,37.4804],[-75.101,37.4645],[-75.1314,37.4487],[-75.1333,37.4328],[-75.0968,37.3692],[-75.0951,37.3533],[-75.1403,37.3056],[-75.144,37.2738],[-75.091,37.2101],[-74.99,37.1163],[-74.9488,37.0347],[-74.91,37.0056],[-74.87,36.996],[-74.8395,37.0027],[-74.819,37.0187],[-74.7925,37.0666],[-74.7942,37.0826],[-74.8648,37.1304],[-74.9258,37.1942],[-74.933,37.226],[-74.93,37.2795],[-74.9241,37.2897],[-74.8859,37.3056],[-74.77,37.3275],[-74.7121,37.3692],[-74.7033,37.3851],[-74.705,37.401],[-74.7443,37.4645],[-74.747,37.4804],[-74.6917,37.5122],[-74.6855,37.528],[-74.6918,37.5439],[-74.712,37.5597],[-74.83,37.6056],[-74.8635,37.639],[-74.8692,37.6707],[-74.85,37.6904],[-74.7991,37.7181],[-74.7864,37.734],[-74.7939,37.7498],[-74.8567,37.7972],[-74.8821,37.8288],[-74.77,37.8706],[-74.71,37.8654],[-74.63,37.8704],[-74.55,37.8347],[-74.49,37.8314],[-74.4486,37.8446],[-74.416,37.8762],[-74.4196,37.9078],[-74.4332,37.9235],[-74.59,38.0495],[-74.65,38.0779],[-74.6655,38.0969],[-74.6716,38.1441],[-74.7126,38.2227],[-74.7216,38.2855],[-74.6913,38.3483],[-74.6383,38.3953],[-74.6321,38.411],[-74.6412,38.4424],[-74.6692,38.4737],[-74.61,38.509],[-74.5927,38.5363],[-74.592,38.5519],[-74.61,38.5806],[-74.63,38.5899],[-74.67,38.5942],[-74.71,38.5885]],[[-75.25,39.0677],[-75.29,39.0531],[-75.3057,39.0352],[-75.3323,38.9575],[-75.3234,38.9264],[-75.2974,38.8952],[-75.2986,38.8797],[-75.3199,38.8485],[-75.3105,38.8329],[-75.25,38.7893],[-75.19,38.7589],[-75.15,38.7213],[-75.09,38.6815],[-75.01,38.6537],[-74.97,38.6604],[-74.9428,38.6926],[-74.9513,38.7706],[-74.89,38.7955],[-74.8686,38.8174],[-74.8812,38.8485],[-74.9322,38.8952],[-74.9473,38.9575],[-74.97,38.9757],[-75.07,39.0251],[-75.2052,39.0663],[-75.25,39.0677]]]}},{"type":"Feature","properties":{"c":"#00cc00","v0":0.25,"v1":0.5},"geometry":{"type":"Polygon","coordinates":[[[-76.0524,38.7238],[-76.01,38.7247],[-75.97,38.7122],[-75.7949,38.6145],[-75.7749,38.5832],[-75.7339,38.4424],[-75.6828,38.3953],[-75.5948,38.3326],[-75.5557,38.2541],[-75.5785,38.2227],[-75.59,38.1153],[-75.55,38.0695],[-75.5114,38.0496],[-75.5016,38.0339],[-75.5153,38.0181],[-75.5558,38.0024],[-75.5679,37.9866],[-75.5652,37.9708],[-75.5408,37.9235],[-75.4821,37.8604],[-75.4743,37.813],[-75.4487,37.7656],[-75.47,37.7449],[-75.53,37.7353],[-75.6445,37.7814],[-75.6649,37.7972],[-75.649,37.8288],[-75.6549,37.8604],[-75.7077,37.892],[-75.7834,37.9078],[-75.8146,37.9393],[-75.8318,38.0339],[-75.8281,38.0811],[-75.8485,38.1284],[-75.8478,38.1755],[-75.8669,38.2227],[-75.8478,38.3012],[-75.87,38.3833],[-75.8775,38.3953],[-75.9406,38.4424],[-75.9897,38.5363],[-76.0952,38.5988],[-76.1053,38.6145],[-76.0724,38.7082],[-76.0524,38.7238]],[[-76.03,38.7054],[-76.0494,38.6926],[-76.0543,38.677],[-76.0568,38.6457],[-76.0482,38.6145],[-75.9629,38.5363],[-75.938,38.4737],[-75.9148,38.4424],[-75.89,38.4267],[-75.8322,38.411],[-75.8299,38.3953],[-75.8439,38.3483],[-75.8297,38.2855],[-75.8288,38.2384],[-75.8093,38.1755],[-75.8103,38.1284],[-75.799,38.0811],[-75.8127,38.0339],[-75.7818,37.9551],[-75.7689,37.9393],[-75.7393,37.9235],[-75.65,37.8954],[-75.61,37.8944],[-75.5928,37.9078],[-75.5896,37.9235],[-75.6053,38.0024],[-75.5903,38.0496],[-75.629,38.1284],[-75.6209,38.1755],[-75.6392,38.2384],[-75.626,38.2855],[-75.6394,38.3326],[-75.71,38.3937],[-75.7862,38.4267],[-75.7876,38.4893],[-75.8178,38.5363],[-75.8358,38.5988],[-75.97,38.6902],[-76.01,38.7054],[-76.03,38.7054]]]}},{"type":"Feature","properties":{"c":"#00cc00","v0":0.25,"v1":0.5},"geometry":{"type":"Polygon","coordinates":[[[-74.4735,38.2541],[-74.45,38.2643],[-74.41,38.2676],[-74.3238,38.2384],[-74.29,38.2142],[-74.2768,38.1913],[-74.2882,38.1598],[-74.31,38.1443],[-74.35,38.1377],[-74.41,38.1589],[-74.4812,38.207],[-74.4869,38.2384],[-74.4735,38.2541]]]}},{"type":"Feature","properties":{"c":"#00cc00","v0":0.25,"v1":0.5},"geometry":{"type":"Polygon","coordinates":[[[-75.8598,37.8604],[-75.85,37.8708],[-75.81,37.8714],[-75.7726,37.8446],[-75.7589,37.813],[-75.77,37.8032],[-75.79,37.799],[-75.83,37.8118],[-75.85,37.8304],[-75.8598,37.8604]]]}},{"type":"Feature","properties":{"c":"#00cc00","v0":0.25,"v1":0.5},"geometry":{"type":"Polygon","coordinates":[[[-88.4565,37.7181],[-88.45,37.7296],[-88.43,37.7243],[-88.4013,37.6865],[-88.3899,37.639],[-88.41,37.6079],[-88.43,37.6085],[-88.45,37.6372],[-88.4613,37.6865],[-88.4565,37.7181]]]}},{"type":"Feature","properties":{"c":"#00cc00","v0":0.25,"v1":0.5},"geometry":{"type":"Polygon","coordinates":[[[-77.9064,37.3533],[-77.89,37.3631],[-77.87,37.3622],[-77.83,37.3419],[-77.7577,37.2738],[-77.717,37.2101],[-77.7117,37.1942],[-77.7193,37.1623],[-77.6783,37.0826],[-77.6813,37.0347],[-77.6947,37.0027],[-77.7184,36.9868],[-77.7749,36.9708],[-77.7757,36.9548],[-77.7275,36.9068],[-77.709,36.8748],[-77.7062,36.8428],[-77.7326,36.7948],[-77.7053,36.7788],[-77.59,36.7451],[-77.5648,36.7307],[-77.5429,36.6986],[-77.5454,36.6184],[-77.5682,36.5863],[-77.61,36.5655],[-77.69,36.5609],[-77.73,36.5711],[-77.7568,36.5863],[-77.7838,36.6184],[-77.8615,36.7628],[-77.8644,36.7788],[-77.8507,36.8268],[-77.8792,36.8908],[-77.8681,36.9228],[-77.8617,36.9868],[-77.958,37.0826],[-77.9912,37.1942],[-77.9753,37.226],[-77.95,37.2354],[-77.87,37.2225],[-77.8485,37.226],[-77.8855,37.2738],[-77.9096,37.3374],[-77.9064,37.3533]],[[-77.85,37.3086],[-77.8555,37.2897],[-77.8447,37.2738],[-77.81,37.2491],[-77.79,37.2431],[-77.7851,37.2579],[-77.7968,37.2738],[-77.85,37.3086]],[[-77.77,36.7509],[-77.79,36.7459],[-77.8046,36.7307],[-77.8059,36.7147],[-77.7952,36.6826],[-77.7461,36.6023],[-77.719,36.5863],[-77.69,36.5786],[-77.65,36.5778],[-77.61,36.589],[-77.59,36.6045],[-77.5733,36.6345],[-77.575,36.6826],[-77.5899,36.7147],[-77.63,36.7404],[-77.67,36.7511],[-77.77,36.7509]],[[-77.93,37.2012],[-77.95,37.1929],[-77.9573,37.1464],[-77.9396,37.0985],[-77.9107,37.0666],[-77.85,37.0252],[-77.81,37.01],[-77.77,37.0067],[-77.7358,37.0187],[-77.724,37.0347],[-77.7171,37.0666],[-77.726,37.0985],[-77.7502,37.1304],[-77.81,37.173],[-77.93,37.2012]]]}},{"type":"Feature","properties":{"c":"#00cc00","v0":0.25,"v1":0.5},"geometry":{"type":"Polygon","coordinates":[[[-77.3248,37.3215],[-77.31,37.3261],[-77.2548,37.3056],[-77.15,37.2884],[-77.0983,37.242],[-77.0974,37.2101],[-77.15,37.1698],[-77.19,37.1779],[-77.2677,37.226],[-77.3284,37.3056],[-77.3248,37.3215]]]}},{"type":"Feature","properties":{"c":"#00cc00","v0":0.25,"v1":0.5},"geometry":{"type":"Polygon","coordinates":[[[-75.4505,37.2738],[-75.41,37.2871],[-75.37,37.2826],[-75.3384,37.242],[-75.3396,37.2101],[-75.35,37.1966],[-75.37,37.1881],[-75.39,37.1886],[-75.441,37.2101],[-75.4662,37.242],[-75.4647,37.2579],[-75.4505,37.2738]],[[-75.43,37.2607],[-75.4396,37.242],[-75.4294,37.226],[-75.39,37.2123],[-75.37,37.2226],[-75.3682,37.242],[-75.3824,37.2579],[-75.41,37.2657],[-75.43,37.2607]]]}},{"type":"Feature","properties":{"c":"#00cc00","v0":0.25,"v1":0.5},"geometry":{"type":"Polygon","coordinates":[[[-88.4658,36.8588],[-88.45,36.867],[-88.41,36.8723],[-88.21,36.8483],[-88.17,36.8386],[-88.09,36.8037],[-88.0434,36.7628],[-88.0281,36.6505],[-88.0369,36.6345],[-88.1209,36.5702],[-88.1324,36.4899],[-88.1985,36.4255],[-88.25,36.403],[-88.33,36.3436],[-88.35,36.3344],[-88.41,36.3261],[-88.4234,36.3128],[-88.4307,36.2805],[-88.45,36.2691],[-88.4904,36.2644],[-88.51,36.2563],[-88.5365,36.2321],[-88.57,36.221],[-88.6094,36.2321],[-88.632,36.2644],[-88.69,36.2843],[-88.71,36.2978],[-88.79,36.3725],[-88.8738,36.4738],[-88.8805,36.5059],[-88.87,36.5273],[-88.83,36.5547],[-88.8063,36.5863],[-88.8095,36.6345],[-88.7768,36.6826],[-88.77,36.7395],[-88.75,36.7596],[-88.7099,36.7788],[-88.6641,36.8268],[-88.59,36.828],[-88.51,36.8134],[-88.49,36.8224],[-88.4658,36.8588]],[[-88.37,36.7955],[-88.4068,36.7788],[-88.4583,36.7307],[-88.4497,36.7147],[-88.4017,36.6986],[-88.3843,36.6826],[-88.3816,36.6665],[-88.397,36.6184],[-88.41,36.6127],[-88.4886,36.6826],[-88.4789,36.7147],[-88.5039,36.7307],[-88.55,36.7445],[-88.5634,36.7307],[-88.547,36.6826],[-88.5631,36.6665],[-88.63,36.6507],[-88.6679,36.6023],[-88.6519,36.5381],[-88.63,36.513],[-88.59,36.4975],[-88.53,36.5234],[-88.47,36.4916],[-88.43,36.4838],[-88.41,36.4959],[-88.3671,36.5863],[-88.31,36.6015],[-88.21,36.6092],[-88.1784,36.6184],[-88.155,36.6345],[-88.1159,36.7307],[-88.13,36.7543],[-88.23,36.7875],[-88.37,36.7955]],[[-88.63,36.4312],[-88.6418,36.4255],[-88.6435,36.4094],[-88.6207,36.3933],[-88.59,36.3822],[-88.57,36.3925],[-88.57,36.4099],[-88.59,36.4352],[-88.61,36.4378],[-88.63,36.4312]]]}},{"type":"Feature","properties":{"c":"#00cc00","v0":0.25,"v1":0.5},"geometry":{"type":"Polygon","coordinates":[[[-87.5573,36.5542],[-87.55,36.5699],[-87.5224,36.5542],[-87.5168,36.5381],[-87.53,36.5303],[-87.55,36.5416],[-87.5573,36.5542]]]}},{"type":"Feature","properties":{"c":"#00cc00","v0":0.25,"v1":0.5},"geometry":{"type":"Polygon","coordinates":[[[-88.0266,36.0868],[-88.01,36.0993],[-87.99,36.0991],[-87.97,36.0856],[-87.9494,36.0545],[-87.9131,35.8764],[-87.9106,35.7629],[-87.8486,35.6817],[-87.85,35.6612],[-87.87,35.6455],[-87.91,35.6576],[-87.95,35.6915],[-87.9805,35.7629],[-88.0191,35.8115],[-88.0266,35.844],[-88.0215,35.8926],[-88.0705,35.9736],[-88.0443,36.0221],[-88.0266,36.0868]]]}},{"type":"Feature","properties":{"c":"#00cc00","v0":0.25,"v1":0.5},"geometry":{"type":"Polygon","coordinates":[[[-85.3511,36.0059],[-85.33,36.0125],[-85.3257,35.9898],[-85.3385,35.9898],[-85.3511,36.0059]]]}},{"type":"Feature","properties":{"c":"#00cc00","v0":0.25,"v1":0.5},"geometry":{"type":"Polygon","coordinates":[[[-87.7157,35.8115],[-87.71,35.8184],[-87.69,35.8198],[-87.6811,35.8115],[-87.6755,35.7953],[-87.69,35.7692],[-87.71,35.7844],[-87.7157,35.8115]]]}},{"type":"Feature","properties":{"c":"#00cc00","v0":0.25,"v1":0.5},"geometry":{"type":"Polygon","coordinates":[[[-88.4479,35.7304],[-88.43,35.7333],[-88.399,35.7142],[-88.3827,35.6817],[-88.39,35.66],[-88.41,35.6538],[-88.45,35.6694],[-88.4641,35.6979],[-88.4619,35.7142],[-88.4479,35.7304]]]}},{"type":"Feature","properties":{"c":"#00cc00","v0":0.25,"v1":0.5},"geometry":{"type":"Polygon","coordinates":[[[-84.0823,35.6167],[-84.062,35.6167],[-84.0441,35.5516],[-84.0478,35.519],[-84.07,35.4945],[-84.11,35.4883],[-84.15,35.4923],[-84.1804,35.5028],[-84.2627,35.5516],[-84.25,35.5639],[-84.21,35.5651],[-84.1705,35.6004],[-84.15,35.6094],[-84.0823,35.6167]]]}},{"type":"Feature","properties":{"c":"#00cc00","v0":0.25,"v1":0.5},"geometry":{"type":"Polygon","coordinates":[[[-86.434,35.5028],[-86.43,35.5137],[-86.4041,35.5028],[-86.3872,35.4702],[-86.384,35.4539],[-86.39,35.4489],[-86.41,35.4638],[-86.434,35.5028]]]}},{"type":"Feature","properties":{"c":"#00cc00","v0":0.25,"v1":0.5},"geometry":{"type":"Polygon","coordinates":[[[-88.3946,35.4702],[-88.39,35.4855],[-88.37,35.4809],[-88.3607,35.4539],[-88.37,35.4484],[-88.3831,35.4539],[-88.3946,35.4702]]]}},{"type":"Feature","properties":{"c":"#00cc00","v0":0.25,"v1":0.5},"geometry":{"type":"Polygon","coordinates":[[[-86.342,35.405],[-86.33,35.408],[-86.31,35.3944],[-86.25,35.3255],[-86.23,35.2478],[-86.23,35.1969],[-86.25,35.1976],[-86.27,35.2129],[-86.3158,35.2745],[-86.3419,35.3724],[-86.342,35.405]]]}},{"type":"Feature","properties":{"c":"#00cc00","v0":0.25,"v1":0.5},"geometry":{"type":"Polygon","coordinates":[[[-87.1034,35.3887],[-87.07,35.3964],[-87.03,35.3552],[-86.93,35.3388],[-86.81,35.2557],[-86.69,35.2145],[-86.59,35.1591],[-86.53,35.1504],[-86.45,35.1245],[-86.4313,35.1437],[-86.4368,35.1764],[-86.5168,35.2581],[-86.5291,35.3071],[-86.5137,35.3398],[-86.4945,35.3561],[-86.47,35.3662],[-86.45,35.361],[-86.4018,35.2908],[-86.3795,35.2091],[-86.31,35.1457],[-86.27,35.124],[-86.2416,35.1274],[-86.23,35.1504],[-86.21,35.1628],[-86.17,35.1413],[-86.13,35.1073],[-86.11,35.0798],[-86.0771,34.9964],[-86.0052,34.9308],[-86.0013,34.8488],[-86.01,34.8306],[-86.0596,34.7831],[-86.0514,34.7338],[-86.0593,34.7174],[-86.0864,34.7009],[-86.11,34.6954],[-86.13,34.6971],[-86.1808,34.7174],[-86.2804,34.7995],[-86.2952,34.8488],[-86.309,34.8652],[-86.35,34.8677],[-86.39,34.8882],[-86.41,34.8915],[-86.4473,34.8652],[-86.4513,34.8488],[-86.4421,34.816],[-86.4053,34.7667],[-86.41,34.7537],[-86.43,34.7436],[-86.47,34.751],[-86.4953,34.7667],[-86.5525,34.8324],[-86.5771,34.8816],[-86.71,34.9931],[-86.8318,35.0783],[-86.8849,35.1437],[-86.93,35.1653],[-86.97,35.1675],[-87.0295,35.1437],[-87.0383,35.1274],[-87.0358,35.0783],[-87.0185,35.0292],[-87.0605,34.98],[-87.0548,34.9472],[-87.0651,34.9308],[-87.09,34.9332],[-87.1202,34.9636],[-87.15,34.9759],[-87.21,34.9675],[-87.246,34.9472],[-87.2462,34.9308],[-87.227,34.9144],[-87.21,34.908],[-87.15,34.9053],[-87.145,34.898],[-87.1859,34.8324],[-87.23,34.8068],[-87.27,34.7982],[-87.2953,34.7831],[-87.285,34.7174],[-87.3069,34.6845],[-87.2982,34.6351],[-87.31,34.6247],[-87.35,34.6196],[-87.37,34.6212],[-87.3883,34.6351],[-87.3631,34.6845],[-87.3742,34.7667],[-87.4025,34.7995],[-87.45,34.813],[-87.49,34.8142],[-87.6148,34.7831],[-87.7233,34.7009],[-87.7479,34.668],[-87.7776,34.5858],[-87.79,34.5041],[-87.81,34.4834],[-87.8607,34.4539],[-87.8683,34.4374],[-87.8525,34.3549],[-87.89,34.3368],[-87.99,34.3505],[-88.05,34.337],[-88.068,34.3219],[-88.05,34.1868],[-88.07,34.1674],[-88.09,34.1743],[-88.15,34.2451],[-88.1496,34.2888],[-88.1139,34.3384],[-88.1167,34.3549],[-88.15,34.3955],[-88.1675,34.4044],[-88.1687,34.4374],[-88.19,34.4648],[-88.1961,34.4869],[-88.19,34.5038],[-88.15,34.5277],[-88.1419,34.5693],[-88.111,34.6187],[-88.1594,34.7009],[-88.1533,34.7174],[-88.13,34.7253],[-88.01,34.7322],[-87.9513,34.7667],[-87.9499,34.7831],[-88.0055,34.8324],[-88.0007,34.8488],[-87.93,34.8913],[-87.8706,34.9144],[-87.85,34.9341],[-87.8353,34.9636],[-87.8394,34.98],[-87.87,34.9987],[-87.93,35.0051],[-87.97,34.9984],[-87.99,34.9617],[-88.0681,34.9144],[-88.0808,34.898],[-88.0788,34.8488],[-88.09,34.8382],[-88.13,34.8294],[-88.17,34.8448],[-88.2311,34.898],[-88.2517,35.0128],[-88.2413,35.0455],[-88.21,35.0799],[-88.1895,35.1437],[-88.17,35.1739],[-88.15,35.1934],[-88.11,35.2121],[-88.03,35.2202],[-87.99,35.2184],[-87.91,35.1951],[-87.81,35.1814],[-87.71,35.1783],[-87.67,35.192],[-87.6476,35.2091],[-87.6396,35.2255],[-87.6444,35.2745],[-87.63,35.2899],[-87.55,35.2655],[-87.49,35.2549],[-87.45,35.2553],[-87.33,35.308],[-87.25,35.3305],[-87.21,35.3372],[-87.15,35.3308],[-87.13,35.3402],[-87.1034,35.3887]],[[-87.69,35.0516],[-87.7799,34.9472],[-87.7922,34.9144],[-87.7864,34.8652],[-87.81,34.8591],[-87.87,34.8667],[-87.89,34.8629],[-87.9106,34.8488],[-87.912,34.8324],[-87.8745,34.7831],[-87.8781,34.7503],[-87.91,34.7261],[-88.0503,34.6845],[-88.0658,34.668],[-88.0434,34.6187],[-88.0385,34.4869],[-88.03,34.4643],[-88.01,34.4841],[-88.0042,34.5034],[-87.9813,34.5199],[-87.85,34.5737],[-87.8177,34.6187],[-87.7677,34.7174],[-87.73,34.7532],[-87.65,34.8096],[-87.5811,34.8488],[-87.5705,34.8652],[-87.5792,34.8816],[-87.63,34.9062],[-87.65,34.9032],[-87.69,34.8783],[-87.7165,34.8816],[-87.6695,34.9308],[-87.6214,34.9636],[-87.5843,34.98],[-87.5727,34.9964],[-87.5842,35.0292],[-87.61,35.0471],[-87.65,35.0564],[-87.69,35.0516]],[[-87.41,35.2107],[-87.45,35.2039],[-87.53,35.177],[-87.5523,35.1601],[-87.5601,35.1437],[-87.4999,35.0455],[-87.4273,34.9636],[-87.423,34.9472],[-87.43,34.9367],[-87.494,34.9308],[-87.5166,34.9144],[-87.5225,34.898],[-87.5197,34.8816],[-87.5003,34.8652],[-87.45,34.8521],[-87.33,34.8788],[-87.319,34.9636],[-87.3071,34.98],[-87.25,35.0102],[-87.2406,35.0292],[-87.2446,35.0947],[-87.2345,35.1437],[-87.2421,35.1601],[-87.31,35.2206],[-87.33,35.2245],[-87.41,35.2107]]]}},{"type":"Feature","properties":{"c":"#00cc00","v0":0.25,"v1":0.5},"geometry":{"type":"Polygon","coordinates":[[[-88.517,35.2581],[-88.49,35.2628],[-88.47,35.2513],[-88.4638,35.2418],[-88.47,35.2191],[-88.49,35.2145],[-88.51,35.2252],[-88.517,35.2581]]]}},{"type":"Feature","properties":{"c":"#00cc00","v0":0.25,"v1":0.5},"geometry":{"type":"Polygon","coordinates":[[[-87.2116,34.7009],[-87.19,34.7063],[-87.1793,34.7009],[-87.1651,34.6845],[-87.17,34.6705],[-87.19,34.6646],[-87.1992,34.668],[-87.2161,34.6845],[-87.2116,34.7009]]]}},{"type":"Feature","properties":{"c":"#00cc00","v0":0.25,"v1":0.5},"geometry":{"type":"Polygon","coordinates":[[[-86.6505,34.3384],[-86.63,34.3301],[-86.6016,34.3053],[-86.5521,34.2227],[-86.5341,34.2062],[-86.39,34.1097],[-86.3273,34.0406],[-86.19,33.8466],[-86.1159,33.8248],[-86.0834,33.775],[-86.0608,33.7583],[-85.89,33.7032],[-85.81,33.6642],[-85.77,33.6637],[-85.73,33.6816],[-85.69,33.6724],[-85.6076,33.6085],[-85.5559,33.5586],[-85.5144,33.4919],[-85.5083,33.4585],[-85.53,33.4169],[-85.55,33.4109],[-85.61,33.4234],[-85.6301,33.4084],[-85.644,33.2246],[-85.6812,33.1744],[-85.7017,33.0571],[-85.684,33.0235],[-85.6201,32.9732],[-85.5417,32.8893],[-85.5026,32.8053],[-85.4812,32.7043],[-85.4176,32.5359],[-85.4198,32.519],[-85.45,32.4871],[-85.51,32.4611],[-85.55,32.4177],[-85.6123,32.384],[-85.6173,32.3502],[-85.5995,32.1303],[-85.61,32.0975],[-85.63,32.084],[-85.65,32.0865],[-85.77,32.1527],[-85.79,32.1706],[-85.8047,32.198],[-85.804,32.2318],[-85.7466,32.2995],[-85.7265,32.3502],[-85.7271,32.3671],[-85.7764,32.4684],[-85.8735,32.5359],[-85.8996,32.5696],[-85.889,32.6707],[-85.87,32.6925],[-85.83,32.6971],[-85.7925,32.7885],[-85.8047,32.8221],[-85.83,32.8476],[-85.85,32.8501],[-85.89,32.8383],[-85.91,32.843],[-85.9579,32.8893],[-85.959,32.9061],[-85.93,32.9161],[-85.9131,32.9397],[-85.9006,33.0068],[-85.9124,33.0235],[-86.03,33.0647],[-86.0665,33.0906],[-86.11,33.1444],[-86.13,33.1561],[-86.15,33.1576],[-86.1985,33.0403],[-86.2511,32.99],[-86.2686,32.9397],[-86.31,32.88],[-86.37,32.8312],[-86.4179,32.8221],[-86.4337,32.8053],[-86.43,32.7992],[-86.41,32.7973],[-86.37,32.8133],[-86.35,32.8124],[-86.3176,32.7885],[-86.3128,32.7716],[-86.3215,32.738],[-86.35,32.7084],[-86.37,32.7074],[-86.47,32.7958],[-86.4821,32.8221],[-86.53,32.8466],[-86.5481,32.8725],[-86.5604,32.9229],[-86.57,32.9323],[-86.61,32.9459],[-86.63,32.9637],[-86.6633,33.0235],[-86.6841,33.0906],[-86.7236,33.1576],[-86.7215,33.1744],[-86.6755,33.2246],[-86.6738,33.2413],[-86.71,33.3309],[-86.8273,33.4418],[-86.8581,33.5085],[-86.87,33.5647],[-86.9393,33.6085],[-86.97,33.6712],[-87.03,33.7146],[-87.0723,33.7583],[-87.11,33.7721],[-87.21,33.7607],[-87.2689,33.7916],[-87.31,33.8424],[-87.39,33.8578],[-87.45,33.8488],[-87.47,33.8282],[-87.47,33.8192],[-87.43,33.8025],[-87.41,33.7752],[-87.407,33.7583],[-87.43,33.6855],[-87.4365,33.6752],[-87.5261,33.6252],[-87.57,33.6184],[-87.65,33.6625],[-87.7071,33.7251],[-87.73,33.7867],[-87.7482,33.8082],[-87.8521,33.8747],[-87.8772,33.9411],[-87.91,33.9881],[-87.9155,34.0406],[-87.89,34.0653],[-87.65,34.1254],[-87.6255,34.14],[-87.59,34.2102],[-87.57,34.2222],[-87.53,34.2273],[-87.47,34.2214],[-87.41,34.1978],[-87.39,34.1791],[-87.35,34.1097],[-87.33,34.0962],[-87.27,34.1378],[-87.25,34.139],[-87.23,34.1314],[-87.1748,34.0571],[-87.1457,34.0406],[-87.1282,34.0074],[-87.0642,33.9742],[-87.05,33.9272],[-87.03,33.9166],[-87.01,33.9124],[-86.99,33.9208],[-86.95,33.9545],[-86.93,33.9615],[-86.85,33.9637],[-86.7235,33.9908],[-86.67,34.0366],[-86.629,34.0406],[-86.61,34.0496],[-86.6078,34.0571],[-86.6114,34.2062],[-86.6749,34.3219],[-86.67,34.3327],[-86.6505,34.3384]],[[-86.55,34.1451],[-86.5671,34.1068],[-86.554,34.024],[-86.6097,33.9742],[-86.6248,33.9411],[-86.65,33.9386],[-86.69,33.9497],[-86.73,33.9493],[-86.803,33.9245],[-86.7928,33.9079],[-86.7287,33.8747],[-86.7101,33.8581],[-86.6884,33.8248],[-86.6374,33.775],[-86.6267,33.7417],[-86.637,33.6585],[-86.65,33.6393],[-86.71,33.5922],[-86.7504,33.5752],[-86.7547,33.5586],[-86.7455,33.5252],[-86.7709,33.4919],[-86.7726,33.4752],[-86.71,33.4171],[-86.6424,33.258],[-86.6422,33.2246],[-86.6518,33.2078],[-86.6955,33.1744],[-86.7001,33.1576],[-86.6414,33.0738],[-86.6108,33.0068],[-86.59,32.9926],[-86.5664,32.99],[-86.51,33.0023],[-86.45,33.0305],[-86.43,33.0308],[-86.4074,33.0235],[-86.4038,33.0068],[-86.4155,32.9732],[-86.41,32.9531],[-86.39,32.9351],[-86.35,32.9313],[-86.3148,32.9564],[-86.3108,32.9732],[-86.3252,33.0068],[-86.3204,33.0235],[-86.27,33.0405],[-86.25,33.0538],[-86.2095,33.1074],[-86.2042,33.1576],[-86.2312,33.2246],[-86.2308,33.2413],[-86.21,33.258],[-86.17,33.2626],[-86.15,33.2557],[-86.03,33.1446],[-85.99,33.1196],[-85.95,33.1173],[-85.85,33.1288],[-85.8208,33.1409],[-85.8065,33.1576],[-85.79,33.2263],[-85.7346,33.2915],[-85.7278,33.3249],[-85.7321,33.3917],[-85.7531,33.4585],[-85.79,33.5038],[-85.9253,33.5419],[-85.9644,33.5752],[-85.9737,33.5919],[-85.97,33.6203],[-85.95,33.6303],[-85.91,33.6276],[-85.89,33.637],[-85.8986,33.6585],[-86.11,33.713],[-86.15,33.7318],[-86.2514,33.8414],[-86.286,33.9245],[-86.33,33.9819],[-86.49,34.1199],[-86.53,34.1441],[-86.55,34.1451]],[[-87.55,34.1975],[-87.57,34.184],[-87.5903,34.1234],[-87.61,34.0997],[-87.69,34.0936],[-87.73,34.0842],[-87.79,34.0483],[-87.87,34.0282],[-87.8801,34.0074],[-87.8735,33.9908],[-87.79,33.8936],[-87.77,33.8818],[-87.71,33.8743],[-87.69,33.8641],[-87.635,33.7916],[-87.61,33.7806],[-87.57,33.7848],[-87.5483,33.8082],[-87.5265,33.8747],[-87.5332,33.9411],[-87.51,33.9877],[-87.4449,33.9908],[-87.43,34.0008],[-87.4228,34.024],[-87.4122,34.1068],[-87.4246,34.14],[-87.4597,34.1731],[-87.489,34.1896],[-87.53,34.1993],[-87.55,34.1975]],[[-87.37,33.9635],[-87.39,33.9545],[-87.3956,33.9411],[-87.3902,33.9245],[-87.35,33.9031],[-87.33,33.8994],[-87.3,33.9079],[-87.2963,33.9245],[-87.3081,33.9411],[-87.3377,33.9577],[-87.37,33.9635]],[[-87.23,34.0078],[-87.2574,33.9908],[-87.25,33.984],[-87.2031,34.0074],[-87.23,34.0078]],[[-87.17,33.9115],[-87.1863,33.8747],[-87.182,33.8581],[-87.17,33.8527],[-87.15,33.8579],[-87.138,33.8747],[-87.15,33.9179],[-87.17,33.9115]],[[-86.85,33.8258],[-86.856,33.8082],[-86.85,33.7956],[-86.8229,33.7916],[-86.8094,33.8082],[-86.83,33.8399],[-86.85,33.8258]],[[-85.75,32.6891],[-85.765,32.6538],[-85.7836,32.637],[-85.8326,32.6201],[-85.8448,32.6033],[-85.8504,32.5696],[-85.8296,32.5359],[-85.7573,32.4853],[-85.71,32.4227],[-85.69,32.4078],[-85.67,32.413],[-85.59,32.4702],[-85.5704,32.5021],[-85.5705,32.5359],[-85.59,32.5662],[-85.6713,32.6201],[-85.73,32.6864],[-85.75,32.6891]],[[-85.71,32.2913],[-85.7481,32.2488],[-85.7602,32.2149],[-85.7347,32.1811],[-85.69,32.1558],[-85.67,32.1527],[-85.65,32.1635],[-85.6398,32.1811],[-85.636,32.2149],[-85.6425,32.2488],[-85.65,32.269],[-85.67,32.2909],[-85.69,32.2959],[-85.71,32.2913]]]}},{"type":"Feature","properties":{"c":"#00cc00","v0":0.25,"v1":0.5},"geometry":{"type":"Polygon","coordinates":[[[-87.0571,34.2062],[-87.03,34.2117],[-87.01,34.2081],[-86.9373,34.1731],[-86.83,34.1435],[-86.7739,34.1068],[-86.7668,34.0737],[-86.7852,34.0571],[-86.81,34.0484],[-86.85,34.047],[-86.91,34.0559],[-86.97,34.0456],[-87.03,34.0161],[-87.0433,34.024],[-87.0557,34.0571],[-87.0909,34.0903],[-87.1065,34.14],[-87.1,34.1731],[-87.0571,34.2062]]]}},{"type":"Feature","properties":{"c":"#00cc00","v0":0.25,"v1":0.5},"geometry":{"type":"Polygon","coordinates":[[[-87.9215,34.1731],[-87.91,34.18],[-87.89,34.1762],[-87.877,34.1565],[-87.886,34.14],[-87.91,34.1398],[-87.93,34.1554],[-87.9215,34.1731]]]}},{"type":"Feature","properties":{"c":"#00cc00","v0":0.25,"v1":0.5},"geometry":{"type":"Polygon","coordinates":[[[-84.5621,34.14],[-84.55,34.1454],[-84.5227,34.14],[-84.5077,34.1234],[-84.51,34.1021],[-84.53,34.0923],[-84.55,34.0928],[-84.5889,34.1068],[-84.5848,34.1234],[-84.5621,34.14]]]}},{"type":"Feature","properties":{"c":"#00cc00","v0":0.25,"v1":0.5},"geometry":{"type":"Polygon","coordinates":[[[-84.6337,34.1234],[-84.63,34.1281],[-84.6037,34.1234],[-84.5925,34.1068],[-84.61,34.1041],[-84.6337,34.1234]]]}},{"type":"Feature","properties":{"c":"#00cc00","v0":0.25,"v1":0.5},"geometry":{"type":"Polygon","coordinates":[[[-85.2564,33.9577],[-85.23,33.9614],[-85.2156,33.9411],[-85.23,33.9308],[-85.25,33.9372],[-85.2564,33.9577]]]}},{"type":"Feature","properties":{"c":"#00cc00","v0":0.25,"v1":0.5},"geometry":{"type":"Polygon","coordinates":[[[-84.9956,33.9245],[-84.97,33.9324],[-84.95,33.9287],[-84.85,33.8784],[-84.81,33.8229],[-84.75,33.7667],[-84.71,33.6871],[-84.69,33.6714],[-84.63,33.6455],[-84.5809,33.5919],[-84.4876,33.5085],[-84.4697,33.4752],[-84.4392,33.3416],[-84.4389,33.2915],[-84.45,33.2673],[-84.47,33.2583],[-84.51,33.2618],[-84.59,33.2798],[-84.65,33.3088],[-84.81,33.3476],[-84.85,33.364],[-84.99,33.3824],[-85.013,33.4251],[-85.05,33.4473],[-85.07,33.4509],[-85.11,33.4371],[-85.13,33.4408],[-85.1462,33.4752],[-85.2226,33.5419],[-85.3041,33.6585],[-85.3058,33.6918],[-85.27,33.7244],[-85.25,33.7297],[-85.19,33.7031],[-85.15,33.7147],[-85.1368,33.7251],[-85.1531,33.7916],[-85.1338,33.8747],[-85.11,33.8871],[-85.05,33.8884],[-85.03,33.8944],[-84.9956,33.9245]],[[-84.97,33.8949],[-85.01,33.8699],[-85.07,33.8447],[-85.0862,33.8248],[-85.0895,33.7916],[-85.07,33.7239],[-85.0698,33.6918],[-85.13,33.6736],[-85.1563,33.6585],[-85.1675,33.6419],[-85.1532,33.5586],[-85.1411,33.5419],[-85.113,33.5252],[-85.01,33.4865],[-84.95,33.4714],[-84.89,33.4403],[-84.65,33.3734],[-84.6199,33.3583],[-84.5896,33.3249],[-84.55,33.3013],[-84.51,33.2946],[-84.49,33.3015],[-84.4784,33.3249],[-84.4799,33.3416],[-84.5259,33.4251],[-84.5288,33.4585],[-84.5168,33.4919],[-84.532,33.5252],[-84.65,33.6298],[-84.7301,33.6419],[-84.7757,33.7417],[-84.8371,33.8082],[-84.8681,33.8581],[-84.91,33.8847],[-84.95,33.8966],[-84.97,33.8949]]]}},{"type":"Feature","properties":{"c":"#00cc00","v0":0.25,"v1":0.5},"geometry":{"type":"Polygon","coordinates":[[[-84.4589,33.9245],[-84.43,33.9232],[-84.33,33.8798],[-84.29,33.8828],[-84.25,33.9123],[-84.23,33.9151],[-84.15,33.8909],[-84.07,33.8957],[-83.99,33.8704],[-83.91,33.813],[-83.85,33.7998],[-83.83,33.7835],[-83.8264,33.775],[-83.8454,33.7251],[-83.8437,33.7084],[-83.8075,33.6419],[-83.8078,33.6085],[-83.85,33.5784],[-83.89,33.5689],[-83.91,33.5733],[-83.99,33.6113],[-84.09,33.6341],[-84.21,33.6944],[-84.2828,33.7417],[-84.33,33.8006],[-84.49,33.825],[-84.5145,33.8414],[-84.5238,33.8581],[-84.5215,33.8747],[-84.4589,33.9245]],[[-84.23,33.8858],[-84.2671,33.8581],[-84.2802,33.8414],[-84.282,33.8248],[-84.2608,33.7583],[-84.2255,33.7251],[-84.11,33.6713],[-83.99,33.6444],[-83.91,33.6028],[-83.87,33.6002],[-83.8481,33.6085],[-83.8335,33.6252],[-83.8337,33.6419],[-83.8599,33.6918],[-83.8815,33.7583],[-83.99,33.8518],[-84.03,33.8716],[-84.07,33.8807],[-84.15,33.8743],[-84.21,33.8881],[-84.23,33.8858]]]}},{"type":"Feature","properties":{"c":"#00cc00","v0":0.25,"v1":0.5},"geometry":{"type":"Polygon","coordinates":[[[-87.0683,33.2915],[-87.05,33.3001],[-87.03,33.2978],[-87.0006,33.2747],[-86.9989,33.258],[-87.03,33.2518],[-87.0516,33.258],[-87.0689,33.2747],[-87.0683,33.2915]]]}},{"type":"Feature","properties":{"c":"#00cc00","v0":0.25,"v1":0.5},"geometry":{"type":"Polygon","coordinates":[[[-85.4712,33.1744],[-85.45,33.1852],[-85.41,33.1757],[-85.29,33.0907],[-85.25,33.0476],[-85.19,33.0042],[-85.17,32.9732],[-85.17,32.9526],[-85.19,32.9418],[-85.23,32.9489],[-85.3435,33.0068],[-85.4579,33.1241],[-85.4753,33.1576],[-85.4712,33.1744]]]}},{"type":"Feature","properties":{"c":"#00cc00","v0":0.25,"v1":0.5},"geometry":{"type":"Polygon","coordinates":[[[-84.8939,33.1409],[-84.87,33.1412],[-84.79,33.1001],[-84.73,33.0897],[-84.71,33.0761],[-84.6699,33.0068],[-84.67,32.9789],[-84.69,32.9699],[-84.77,32.9816],[-84.83,32.9717],[-84.87,32.982],[-84.89,32.9957],[-84.9208,33.0403],[-84.9259,33.0738],[-84.8939,33.1409]]]}},{"type":"Feature","properties":{"c":"#00cc00","v0":0.25,"v1":0.5},"geometry":{"type":"Polygon","coordinates":[[[-77.3514,33.1074],[-77.33,33.1098],[-77.29,33.097],[-77.21,33.11],[-77.19,33.1047],[-77.1467,33.0738],[-77.07,33.0683],[-77.0471,33.0571],[-77.01,33.017],[-76.95,33.0174],[-76.9084,33.0068],[-76.8732,32.9732],[-76.8735,32.9397],[-76.89,32.9179],[-76.93,32.8959],[-76.99,32.8964],[-77.0257,32.9229],[-77.0539,32.9732],[-77.07,32.978],[-77.13,32.9634],[-77.15,32.9654],[-77.21,33.0164],[-77.27,33.0387],[-77.31,33.0691],[-77.35,33.0744],[-77.3644,33.0906],[-77.3514,33.1074]],[[-77.23,33.0916],[-77.253,33.0738],[-77.2358,33.0571],[-77.21,33.0576],[-77.1971,33.0738],[-77.21,33.0898],[-77.23,33.0916]],[[-77.11,33.0408],[-77.1228,33.0235],[-77.11,33.014],[-77.09,33.0149],[-77.0762,33.0235],[-77.0818,33.0403],[-77.11,33.0408]],[[-76.99,32.9945],[-77.0112,32.9732],[-77.0135,32.9564],[-76.995,32.9229],[-76.97,32.9111],[-76.95,32.9104],[-76.91,32.9281],[-76.8934,32.9564],[-76.896,32.9732],[-76.91,32.9898],[-76.95,33.0026],[-76.99,32.9945]]]}},{"type":"Feature","properties":{"c":"#00cc00","v0":0.25,"v1":0.5},"geometry":{"type":"Polygon","coordinates":[[[-86.1016,32.9397],[-86.09,32.9564],[-86.07,32.9556],[-86.048,32.9229],[-86.0548,32.9061],[-86.07,32.902],[-86.09,32.91],[-86.1016,32.9397]]]}},{"type":"Feature","properties":{"c":"#00cc00","v0":0.25,"v1":0.5},"geometry":{"type":"Polygon","coordinates":[[[-77.1621,32.8893],[-77.15,32.9034],[-77.13,32.8985],[-77.1019,32.8725],[-77.0975,32.8557],[-77.1068,32.7548],[-77.13,32.7228],[-77.15,32.7167],[-77.17,32.7202],[-77.19,32.7376],[-77.2043,32.7885],[-77.1964,32.8389],[-77.1621,32.8893]]]}},{"type":"Feature","properties":{"c":"#00cc00","v0":0.25,"v1":0.5},"geometry":{"type":"Polygon","coordinates":[[[-84.6375,32.8053],[-84.61,32.8045],[-84.51,32.7606],[-84.4981,32.738],[-84.4988,32.7212],[-84.5158,32.7043],[-84.59,32.6981],[-84.65,32.6654],[-84.7046,32.6707],[-84.7165,32.6875],[-84.67,32.7306],[-84.655,32.7885],[-84.6375,32.8053]]]}},{"type":"Feature","properties":{"c":"#00cc00","v0":0.25,"v1":0.5},"geometry":{"type":"Polygon","coordinates":[[[-75.7215,32.1811],[-75.6871,32.1811],[-75.6601,32.1641],[-75.6619,32.1472],[-75.69,32.0928],[-75.7313,32.0964],[-75.7517,32.1133],[-75.768,32.1472],[-75.7604,32.1641],[-75.7215,32.1811]]]}},{"type":"Feature","properties":{"c":"#00cc00","v0":0.25,"v1":0.5},"geometry":{"type":"Polygon","coordinates":[[[-74.8359,32.1303],[-74.77,32.1269],[-74.7487,32.1133],[-74.7396,32.0964],[-74.7423,32.0625],[-74.7571,32.0286],[-74.787,31.9947],[-74.81,31.9833],[-74.87,31.9693],[-74.93,31.9749],[-75.0435,32.0286],[-75.0572,32.0455],[-75.0328,32.0794],[-74.99,32.1035],[-74.95,32.1151],[-74.8359,32.1303]]]}},{"type":"Feature","properties":{"c":"#00cc00","v0":0.25,"v1":0.5},"geometry":{"type":"Polygon","coordinates":[[[-75.286,32.0455],[-75.25,32.0516],[-75.23,32.0474],[-75.2198,32.0286],[-75.25,32.0058],[-75.29,32.0077],[-75.3006,32.0116],[-75.308,32.0286],[-75.286,32.0455]]]}},{"type":"Feature","properties":{"c":"#00cc00","v0":0.25,"v1":0.5},"geometry":{"type":"Polygon","coordinates":[[[-78.1955,31.9098],[-78.15,31.9205],[-78.13,31.9087],[-78.1235,31.8928],[-78.1286,31.8758],[-78.15,31.8652],[-78.19,31.8661],[-78.2044,31.8758],[-78.2084,31.8928],[-78.1955,31.9098]]]}},{"type":"Feature","properties":{"c":"#00cc00","v0":0.25,"v1":0.5},"geometry":{"type":"Polygon","coordinates":[[[-78.0793,31.8249],[-78.07,31.8331],[-78.0465,31.8249],[-78.0396,31.7228],[-77.9835,31.6548],[-77.9864,31.6377],[-78.05,31.5954],[-78.13,31.565],[-78.17,31.5655],[-78.25,31.5854],[-78.2633,31.6037],[-78.2645,31.6207],[-78.2426,31.6718],[-78.19,31.7368],[-78.1112,31.7909],[-78.0793,31.8249]],[[-78.15,31.7269],[-78.19,31.6909],[-78.2116,31.6548],[-78.21,31.6292],[-78.19,31.6141],[-78.15,31.6151],[-78.13,31.6259],[-78.1022,31.6548],[-78.0954,31.6718],[-78.0939,31.7058],[-78.1026,31.7228],[-78.13,31.7323],[-78.15,31.7269]]]}},{"type":"Feature","properties":{"c":"#00cc00","v0":0.25,"v1":0.5},"geometry":{"type":"Polygon","coordinates":[[[-77.9604,31.4332],[-77.93,31.4433],[-77.91,31.4407],[-77.89,31.4265],[-77.8797,31.399],[-77.8853,31.3819],[-77.9283,31.3307],[-77.97,31.2505],[-77.9976,31.2281],[-77.997,31.211],[-77.9238,31.1255],[-77.9238,31.057],[-77.8972,31.0055],[-77.8438,30.9369],[-77.849,30.9198],[-77.8719,30.9026],[-77.93,30.8791],[-77.97,30.8906],[-77.99,30.914],[-77.9974,30.9369],[-77.99,30.9807],[-77.9605,31.0398],[-77.97,31.0545],[-78.11,31.0605],[-78.143,31.0741],[-78.1532,31.0912],[-78.1541,31.1083],[-78.1399,31.1426],[-78.0691,31.211],[-78.11,31.2256],[-78.19,31.2266],[-78.23,31.2395],[-78.2711,31.2794],[-78.2851,31.3136],[-78.2743,31.3478],[-78.2542,31.3649],[-78.15,31.4113],[-78.11,31.4159],[-78.03,31.4095],[-77.9963,31.4161],[-77.9604,31.4332]],[[-78.11,31.3662],[-78.1681,31.3478],[-78.208,31.3136],[-78.19,31.2984],[-78.0564,31.3307],[-78.0537,31.3478],[-78.09,31.3645],[-78.11,31.3662]]]}},{"type":"Feature","properties":{"c":"#00cc00","v0":0.25,"v1":0.5},"geometry":{"type":"Polygon","coordinates":[[[-76.4786,31.4332],[-76.41,31.438],[-76.31,31.4225],[-76.2557,31.399],[-76.15,31.3267],[-76.07,31.3051],[-76.0643,31.2965],[-76.0804,31.2452],[-76.1096,31.211],[-76.17,31.1832],[-76.25,31.1674],[-76.35,31.1352],[-76.47,31.136],[-76.59,31.1172],[-76.73,31.1072],[-76.8732,31.0398],[-76.95,30.9659],[-77.0469,30.9369],[-77.0992,30.8855],[-77.13,30.8659],[-77.19,30.8467],[-77.23,30.8425],[-77.25,30.8481],[-77.27,30.8645],[-77.3067,30.9541],[-77.3385,31.0055],[-77.337,31.0227],[-77.3092,31.0741],[-77.32,31.1255],[-77.3162,31.1426],[-77.27,31.1661],[-77.21,31.2549],[-77.0842,31.3136],[-77.0603,31.3307],[-77.0489,31.3478],[-77.0444,31.3819],[-77.03,31.3883],[-76.97,31.3589],[-76.91,31.3515],[-76.73,31.4015],[-76.61,31.4041],[-76.4786,31.4332]],[[-77.09,31.2498],[-77.1183,31.2281],[-77.1222,31.211],[-77.11,31.1557],[-77.1704,31.057],[-77.1763,31.0227],[-77.17,31.0033],[-77.13,31.0115],[-77.05,31.0014],[-77.01,31.0119],[-76.994,31.0227],[-76.8965,31.1426],[-76.8969,31.1597],[-76.9243,31.211],[-76.95,31.238],[-77.03,31.2594],[-77.09,31.2498]],[[-76.69,31.2495],[-76.7337,31.2281],[-76.7378,31.211],[-76.71,31.1855],[-76.69,31.1796],[-76.65,31.1817],[-76.6129,31.1939],[-76.5944,31.211],[-76.5924,31.2281],[-76.61,31.2404],[-76.65,31.2502],[-76.69,31.2495]]]}},{"type":"Feature","properties":{"c":"#00cc00","v0":0.25,"v1":0.5},"geometry":{"type":"Polygon","coordinates":[[[-79.6021,31.3819],[-79.57,31.3853],[-79.45,31.368],[-79.3714,31.3307],[-79.3511,31.3136],[-79.3479,31.2965],[-79.3678,31.2794],[-79.39,31.2756],[-79.47,31.2842],[-79.55,31.3309],[-79.5983,31.3478],[-79.6144,31.3649],[-79.6021,31.3819]]]}},{"type":"Feature","properties":{"c":"#00cc00","v0":0.25,"v1":0.5},"geometry":{"type":"Polygon","coordinates":[[[-82.8619,31.3307],[-82.83,31.335],[-82.81,31.3239],[-82.75,31.2101],[-82.6899,31.1768],[-82.689,31.1083],[-82.71,31.0653],[-82.73,31.0645],[-82.75,31.0776],[-82.79,31.125],[-82.83,31.1366],[-82.891,31.2281],[-82.8997,31.2452],[-82.9018,31.2794],[-82.8868,31.3136],[-82.8619,31.3307]]]}},{"type":"Feature","properties":{"c":"#00cc00","v0":0.25,"v1":0.5},"geometry":{"type":"Polygon","coordinates":[[[-78.2522,31.0055],[-78.2295,31.0055],[-78.2315,30.9884],[-78.25,30.9813],[-78.2619,30.9884],[-78.2522,31.0055]]]}},{"type":"Feature","properties":{"c":"#00cc00","v0":0.25,"v1":0.5},"geometry":{"type":"Polygon","coordinates":[[[-82.6371,30.9884],[-82.63,31.0053],[-82.61,30.9971],[-82.61,30.9748],[-82.63,30.9727],[-82.6371,30.9884]]]}},{"type":"Feature","properties":{"c":"#00cc00","v0":0.25,"v1":0.5},"geometry":{"type":"Polygon","coordinates":[[[-83.0066,30.9369],[-82.99,30.9486],[-82.9575,30.9369],[-82.9404,30.9198],[-82.9152,30.8683],[-82.87,30.6792],[-82.8726,30.6448],[-82.89,30.627],[-82.91,30.6239],[-82.93,30.6307],[-82.95,30.6502],[-82.9647,30.6792],[-83.0097,30.9026],[-83.0066,30.9369]]]}},{"type":"Feature","properties":{"c":"#00cc00","v0":0.25,"v1":0.5},"geometry":{"type":"Polygon","coordinates":[[[-79.6647,30.9198],[-79.57,30.9294],[-79.53,30.9205],[-79.504,30.9026],[-79.4633,30.8511],[-79.4611,30.8339],[-79.4805,30.7996],[-79.51,30.7683],[-79.71,30.7561],[-79.75,30.7663],[-79.7755,30.7824],[-79.8132,30.8339],[-79.81,30.8602],[-79.79,30.8735],[-79.73,30.8635],[-79.7168,30.8683],[-79.6897,30.9026],[-79.6647,30.9198]],[[-79.65,30.8795],[-79.6604,30.8683],[-79.6591,30.8339],[-79.63,30.8086],[-79.59,30.8074],[-79.55,30.8154],[-79.5351,30.8339],[-79.5432,30.8511],[-79.57,30.8658],[-79.63,30.883],[-79.65,30.8795]]]}},{"type":"Feature","properties":{"c":"#00cc00","v0":0.25,"v1":0.5},"geometry":{"type":"Polygon","coordinates":[[[-82.6336,30.8683],[-82.61,30.88],[-82.55,30.8628],[-82.47,30.8507],[-82.35,30.8104],[-82.2171,30.7308],[-82.1809,30.6792],[-82.1324,30.6276],[-82.13,30.6042],[-82.1443,30.5932],[-82.17,30.592],[-82.27,30.6421],[-82.35,30.6525],[-82.39,30.6775],[-82.45,30.7406],[-82.53,30.7431],[-82.55,30.7495],[-82.5884,30.7824],[-82.6251,30.8339],[-82.6345,30.8511],[-82.6336,30.8683]],[[-82.51,30.828],[-82.5245,30.8168],[-82.5136,30.7996],[-82.49,30.7921],[-82.43,30.7955],[-82.3767,30.7308],[-82.3227,30.6964],[-82.25,30.6709],[-82.23,30.6719],[-82.2218,30.6792],[-82.2203,30.6964],[-82.23,30.7155],[-82.33,30.7765],[-82.37,30.7921],[-82.43,30.802],[-82.47,30.8242],[-82.51,30.828]]]}},{"type":"Feature","properties":{"c":"#00cc00","v0":0.25,"v1":0.5},"geometry":{"type":"Polygon","coordinates":[[[-78.9388,30.8168],[-78.91,30.8222],[-78.8974,30.8168],[-78.8849,30.7996],[-78.89,30.7807],[-78.91,30.7756],[-78.93,30.789],[-78.9386,30.7996],[-78.9388,30.8168]]]}},{"type":"Feature","properties":{"c":"#00cc00","v0":0.25,"v1":0.5},"geometry":{"type":"Polygon","coordinates":[[[-79.2292,30.7824],[-79.21,30.7871],[-79.17,30.7778],[-79.1111,30.7308],[-79.0907,30.6964],[-79.0898,30.6792],[-79.11,30.6489],[-79.13,30.6436],[-79.15,30.649],[-79.2171,30.6792],[-79.2388,30.6964],[-79.2426,30.748],[-79.2292,30.7824]]]}},{"type":"Feature","properties":{"c":"#00cc00","v0":0.25,"v1":0.5},"geometry":{"type":"Polygon","coordinates":[[[-79.4788,30.7136],[-79.45,30.7195],[-79.41,30.7147],[-79.35,30.6795],[-79.33,30.6746],[-79.2679,30.6792],[-79.21,30.604],[-79.19,30.6027],[-79.13,30.6199],[-78.99,30.5687],[-78.9741,30.576],[-78.9635,30.5932],[-78.9623,30.662],[-78.93,30.6992],[-78.91,30.7095],[-78.89,30.7047],[-78.8512,30.662],[-78.8408,30.6276],[-78.8453,30.576],[-78.8272,30.4898],[-78.83,30.4688],[-78.97,30.4854],[-79.09,30.4886],[-79.15,30.5045],[-79.21,30.5342],[-79.2397,30.5243],[-79.2669,30.4898],[-79.2704,30.4726],[-79.2527,30.4381],[-79.0761,30.2828],[-79.0421,30.231],[-78.9418,30.1272],[-78.9327,30.0926],[-78.9573,30.058],[-78.99,30.03],[-79.03,30.0167],[-79.07,30.0255],[-79.1095,30.058],[-79.1499,30.1099],[-79.17,30.121],[-79.33,30.1686],[-79.41,30.2246],[-79.45,30.2665],[-79.47,30.2769],[-79.55,30.2802],[-79.599,30.3001],[-79.6216,30.3173],[-79.6402,30.3519],[-79.6603,30.4209],[-79.6892,30.4726],[-79.6847,30.5071],[-79.67,30.5317],[-79.65,30.5449],[-79.57,30.5427],[-79.53,30.5669],[-79.5038,30.6104],[-79.507,30.6792],[-79.49,30.7078],[-79.4788,30.7136]],[[-79.47,30.57],[-79.53,30.5196],[-79.55,30.5121],[-79.6161,30.5071],[-79.6375,30.4898],[-79.6359,30.4726],[-79.6081,30.4209],[-79.6163,30.3691],[-79.6054,30.3346],[-79.5895,30.3173],[-79.55,30.2963],[-79.53,30.2928],[-79.47,30.3002],[-79.45,30.2913],[-79.3944,30.231],[-79.33,30.1991],[-79.13,30.143],[-79.0793,30.0753],[-79.05,30.0538],[-79.03,30.0527],[-79.01,30.0634],[-78.9884,30.0926],[-78.9872,30.1272],[-79.0284,30.1791],[-79.0701,30.2137],[-79.11,30.2818],[-79.3095,30.4554],[-79.3284,30.4898],[-79.3354,30.5243],[-79.35,30.5446],[-79.41,30.572],[-79.47,30.57]]]}},{"type":"Feature","properties":{"c":"#00cc00","v0":0.25,"v1":0.5},"geometry":{"type":"Polygon","coordinates":[[[-78.577,30.6792],[-78.55,30.6811],[-78.53,30.6738],[-78.4719,30.6104],[-78.4458,30.5932],[-78.4358,30.576],[-78.4389,30.5588],[-78.45,30.5499],[-78.47,30.5511],[-78.55,30.5909],[-78.57,30.6083],[-78.5909,30.662],[-78.577,30.6792]]]}},{"type":"Feature","properties":{"c":"#00cc00","v0":0.25,"v1":0.5},"geometry":{"type":"Polygon","coordinates":[[[-79.8781,30.4726],[-79.8075,30.4554],[-79.79,30.4445],[-79.7586,30.3519],[-79.7225,30.3173],[-79.7199,30.3001],[-79.73,30.2886],[-79.75,30.2892],[-79.83,30.3525],[-79.8917,30.4381],[-79.89,30.4679],[-79.8781,30.4726]]]}},{"type":"Feature","properties":{"c":"#00cc00","v0":0.25,"v1":0.5},"geometry":{"type":"Polygon","coordinates":[[[-91.5049,29.5721],[-91.47,29.5855],[-91.43,29.579],[-91.3932,29.5547],[-91.3827,29.5373],[-91.3932,29.5199],[-91.41,29.5149],[-91.4462,29.5199],[-91.5004,29.5547],[-91.5049,29.5721]]]}},{"type":"Feature","properties":{"c":"#00cc00","v0":0.25,"v1":0.5},"geometry":{"type":"Polygon","coordinates":[[[-85.2977,29.5025],[-85.23,29.5059],[-85.1793,29.4851],[-85.1209,29.4328],[-85.1072,29.3805],[-85.0726,29.3457],[-84.97,29.2755],[-84.8663,29.2236],[-84.77,29.1639],[-84.61,29.1202],[-84.5264,29.0663],[-84.45,29.0568],[-84.35,28.9866],[-84.31,28.9662],[-84.05,28.9094],[-83.91,28.9243],[-83.75,28.8774],[-83.69,28.8926],[-83.63,28.8965],[-83.47,28.8617],[-83.4649,28.8738],[-83.4869,28.9089],[-83.4879,28.9264],[-83.43,28.9294],[-83.41,28.9408],[-83.3841,28.9789],[-83.39,29.018],[-83.4506,29.0663],[-83.4557,29.0838],[-83.45,29.087],[-83.41,29.0924],[-83.25,29.0715],[-83.17,29.0765],[-82.97,29.042],[-82.93,29.0429],[-82.9197,29.0488],[-82.9262,29.0663],[-83.0232,29.1712],[-83.0592,29.241],[-83.05,29.2671],[-83.03,29.2713],[-82.95,29.2522],[-82.91,29.2304],[-82.71,29.0783],[-82.61,29.0381],[-82.57,29.0151],[-82.364,28.8563],[-82.11,28.7517],[-82.05,28.735],[-81.95,28.7219],[-81.89,28.6882],[-81.81,28.6552],[-81.7736,28.6283],[-81.7543,28.5932],[-81.759,28.5405],[-81.7686,28.523],[-81.85,28.4844],[-81.8675,28.4526],[-81.8743,28.4175],[-81.8525,28.3647],[-81.8348,28.2766],[-81.7794,28.2061],[-81.7756,28.1885],[-81.7976,28.1709],[-81.89,28.1585],[-81.93,28.1282],[-81.99,28.1109],[-82.01,28.0965],[-82.0307,28.065],[-82.0283,28.0121],[-82.0347,27.9944],[-82.07,27.9613],[-82.13,27.9399],[-82.15,27.9416],[-82.21,27.9806],[-82.31,28.0177],[-82.37,28.0573],[-82.45,28.0841],[-82.51,28.0791],[-82.55,28.0175],[-82.59,27.9978],[-82.61,28.0014],[-82.7074,28.065],[-82.73,28.1166],[-82.75,28.1243],[-82.7726,28.118],[-82.7768,28.1003],[-82.7413,28.065],[-82.7335,28.0474],[-82.7385,28.0297],[-82.7507,28.0121],[-82.77,28.0015],[-82.81,28.0005],[-82.89,28.0496],[-82.93,28.0917],[-83.03,28.0964],[-83.065,28.118],[-83.0725,28.1356],[-83.0686,28.1533],[-83.0202,28.2061],[-83.01,28.2354],[-83.0125,28.2766],[-83.03,28.3119],[-83.13,28.4069],[-83.15,28.4185],[-83.23,28.4372],[-83.2782,28.4702],[-83.2761,28.4878],[-83.2627,28.5054],[-83.2662,28.5405],[-83.29,28.5685],[-83.33,28.5966],[-83.37,28.6085],[-83.43,28.6085],[-83.49,28.5837],[-83.53,28.5781],[-83.57,28.5898],[-83.67,28.6487],[-83.73,28.6588],[-83.75,28.6562],[-83.7606,28.6459],[-83.77,28.6088],[-83.79,28.6018],[-83.81,28.6043],[-83.85,28.6272],[-83.862,28.6459],[-83.8652,28.6635],[-83.8449,28.7161],[-83.8612,28.7336],[-84.01,28.797],[-84.09,28.8122],[-84.11,28.8036],[-84.13,28.7816],[-84.15,28.7385],[-84.1625,28.5932],[-84.07,28.5585],[-84.0087,28.523],[-83.9924,28.5054],[-83.9955,28.435],[-84.01,28.4004],[-84.03,28.3894],[-84.07,28.3922],[-84.11,28.4109],[-84.139,28.435],[-84.1806,28.5054],[-84.1788,28.5757],[-84.19,28.5837],[-84.23,28.5773],[-84.267,28.5581],[-84.27,28.5281],[-84.1832,28.3999],[-84.13,28.2966],[-84.0553,28.1885],[-83.9225,28.118],[-83.81,28.0736],[-83.7756,28.0474],[-83.7135,27.9768],[-83.7057,27.9591],[-83.7117,27.9414],[-83.81,27.8964],[-83.85,27.8924],[-83.9054,27.9061],[-83.97,27.9465],[-84.07,28.0415],[-84.29,28.1524],[-84.33,28.1544],[-84.39,28.1417],[-84.51,28.2248],[-84.61,28.2257],[-84.67,28.2398],[-84.77,28.2358],[-84.8132,28.259],[-84.8247,28.2766],[-84.8542,28.3823],[-84.852,28.4526],[-84.8586,28.4702],[-84.953,28.5757],[-85.0252,28.681],[-85.09,28.8218],[-85.11,28.846],[-85.17,28.888],[-85.23,28.9491],[-85.3306,29.0314],[-85.27,29.039],[-85.2573,29.0488],[-85.2515,29.0663],[-85.2891,29.1362],[-85.2818,29.1886],[-85.2313,29.241],[-85.17,29.2601],[-85.161,29.2759],[-85.22,29.398],[-85.2977,29.4676],[-85.3069,29.4851],[-85.2977,29.5025]],[[-85.13,29.3314],[-85.1374,29.3108],[-85.1288,29.2585],[-85.1337,29.241],[-85.15,29.2313],[-85.1937,29.2236],[-85.232,29.1886],[-85.2457,29.1537],[-85.2376,29.1188],[-85.1641,28.9264],[-85.081,28.8563],[-84.9989,28.681],[-84.9244,28.5757],[-84.8322,28.4702],[-84.8235,28.4526],[-84.8233,28.3999],[-84.8041,28.2942],[-84.7944,28.2766],[-84.77,28.2628],[-84.75,28.2608],[-84.65,28.2728],[-84.59,28.2726],[-84.55,28.2881],[-84.51,28.2804],[-84.43,28.234],[-84.31,28.2021],[-84.23,28.1472],[-84.05,28.0547],[-83.97,27.9773],[-83.89,27.932],[-83.83,27.9186],[-83.7674,27.9414],[-83.7513,27.9591],[-83.7516,27.9768],[-83.79,28.0327],[-83.81,28.0475],[-83.97,28.1168],[-84.05,28.1607],[-84.0822,28.1885],[-84.1116,28.2414],[-84.1761,28.3295],[-84.2174,28.4175],[-84.2895,28.5054],[-84.3163,28.5581],[-84.3167,28.5757],[-84.2722,28.6108],[-84.2423,28.6635],[-84.21,28.6901],[-84.1937,28.7161],[-84.15,28.8246],[-84.117,28.8738],[-84.1254,28.8914],[-84.31,28.9452],[-84.45,29.0305],[-84.55,29.0366],[-84.5743,29.0488],[-84.61,29.0868],[-84.79,29.1479],[-84.97,29.2484],[-85.05,29.3045],[-85.11,29.3302],[-85.13,29.3314]],[[-84.01,28.8589],[-84.0086,28.8388],[-83.9572,28.8038],[-83.8626,28.7687],[-83.77,28.7132],[-83.73,28.7017],[-83.67,28.696],[-83.55,28.6209],[-83.51,28.6257],[-83.4833,28.6459],[-83.4726,28.6635],[-83.4753,28.7161],[-83.465,28.7512],[-83.4743,28.7862],[-83.5425,28.8388],[-83.5797,28.8563],[-83.61,28.8655],[-83.65,28.8651],[-83.71,28.8274],[-83.73,28.8271],[-83.83,28.8652],[-83.95,28.8694],[-84.01,28.8589]],[[-83.37,28.8122],[-83.39,28.7965],[-83.4032,28.7687],[-83.4058,28.7336],[-83.37,28.7004],[-83.3314,28.6459],[-83.2517,28.5757],[-83.21,28.5086],[-83.19,28.498],[-83.17,28.5003],[-83.1417,28.523],[-83.1357,28.5405],[-83.1405,28.5932],[-83.1597,28.6283],[-83.23,28.6739],[-83.2488,28.6985],[-83.2554,28.7336],[-83.2519,28.7862],[-83.27,28.7992],[-83.37,28.8122]],[[-83.01,29.2267],[-83.0152,29.2061],[-83.0083,29.1886],[-82.93,29.1042],[-82.8667,29.0488],[-82.853,29.0314],[-82.85,29.0093],[-82.87,28.9966],[-82.89,28.9977],[-83.03,29.0234],[-83.13,29.025],[-83.29,29.0545],[-83.33,29.0527],[-83.3558,29.0314],[-83.358,28.9264],[-83.3412,28.9089],[-83.2085,28.8388],[-83.15,28.7675],[-83.0894,28.6635],[-83.0667,28.5932],[-83.067,28.5054],[-83.037,28.4526],[-83.0569,28.3999],[-82.9935,28.3119],[-82.9809,28.2766],[-82.983,28.2061],[-82.9993,28.1533],[-82.9936,28.1356],[-82.89,28.1431],[-82.85,28.155],[-82.8307,28.1709],[-82.8227,28.1885],[-82.8186,28.2414],[-82.79,28.2606],[-82.77,28.2558],[-82.7618,28.2414],[-82.7599,28.2061],[-82.7512,28.1885],[-82.6881,28.1356],[-82.65,28.081],[-82.63,28.066],[-82.61,28.0612],[-82.59,28.0674],[-82.55,28.117],[-82.49,28.1387],[-82.45,28.1374],[-82.37,28.1086],[-82.31,28.1019],[-82.2937,28.118],[-82.29,28.1362],[-82.27,28.1441],[-82.2452,28.1356],[-82.2487,28.0827],[-82.2239,28.0474],[-82.19,28.028],[-82.15,28.0171],[-82.11,28.0222],[-82.0931,28.0474],[-82.0914,28.065],[-82.1048,28.1356],[-82.0715,28.1709],[-82.05,28.2108],[-82.01,28.2232],[-81.93,28.2116],[-81.8883,28.2238],[-81.89,28.2513],[-81.9275,28.3295],[-81.9579,28.4175],[-81.963,28.4702],[-81.93,28.5426],[-81.91,28.5509],[-81.85,28.5482],[-81.83,28.5577],[-81.822,28.5757],[-81.83,28.6022],[-81.85,28.621],[-81.89,28.6421],[-81.99,28.6819],[-82.05,28.6942],[-82.37,28.8431],[-82.5955,29.0139],[-82.73,29.0621],[-82.7668,29.1013],[-82.93,29.2224],[-82.97,29.2363],[-82.99,29.2362],[-83.01,29.2267]],[[-84.11,28.5236],[-84.1329,28.5054],[-84.1305,28.4702],[-84.1207,28.4526],[-84.09,28.4291],[-84.05,28.4258],[-84.0296,28.4526],[-84.041,28.4878],[-84.07,28.5127],[-84.11,28.5236]],[[-83.19,28.7272],[-83.1957,28.7161],[-83.1875,28.6985],[-83.15,28.6869],[-83.15,28.7055],[-83.17,28.7286],[-83.19,28.7272]]]}},{"type":"Feature","properties":{"c":"#00cc00","v0":0.25,"v1":0.5},"geometry":{"type":"Polygon","coordinates":[[[-78.6348,29.3457],[-78.59,29.3504],[-78.576,29.3457],[-78.5783,29.3282],[-78.61,29.3051],[-78.65,29.3008],[-78.6656,29.3108],[-78.6584,29.3282],[-78.6348,29.3457]]]}},{"type":"Feature","properties":{"c":"#00cc00","v0":0.25,"v1":0.5},"geometry":{"type":"Polygon","coordinates":[[[-81.4916,29.3108],[-81.45,29.3216],[-81.37,29.3036],[-81.2612,29.241],[-81.1909,29.1712],[-81.15,29.1445],[-81.13,29.1402],[-81.05,29.1628],[-80.97,29.1633],[-80.83,29.1342],[-80.8043,29.1188],[-80.7492,29.0663],[-80.7454,29.0488],[-80.77,29.038],[-80.777,29.0139],[-80.7581,28.9789],[-80.756,28.9439],[-80.7448,28.9264],[-80.69,28.8932],[-80.61,28.8663],[-80.57,28.8626],[-80.51,28.8698],[-80.4934,28.8563],[-80.53,28.8264],[-80.5633,28.7862],[-80.61,28.765],[-80.69,28.7614],[-80.91,28.7125],[-80.99,28.7135],[-81.05,28.7235],[-81.0648,28.7161],[-81.07,28.704],[-81.0681,28.6635],[-81.13,28.6347],[-81.17,28.6263],[-81.31,28.6529],[-81.37,28.678],[-81.45,28.6923],[-81.73,28.7798],[-81.7649,28.8038],[-81.7847,28.8388],[-81.7673,28.8563],[-81.75,28.8611],[-81.53,28.8564],[-81.4466,28.8388],[-81.39,28.8349],[-81.25,28.8371],[-81.1172,28.8563],[-81.1765,28.8914],[-81.23,28.9096],[-81.2807,28.9089],[-81.35,28.8861],[-81.37,28.8905],[-81.3972,28.9089],[-81.4024,28.9264],[-81.393,28.9439],[-81.37,28.9576],[-81.31,28.9609],[-81.29,28.968],[-81.2732,28.9964],[-81.2736,29.0139],[-81.29,29.0481],[-81.3076,29.0663],[-81.4093,29.1537],[-81.5062,29.2236],[-81.5168,29.241],[-81.518,29.2759],[-81.4916,29.3108]],[[-81.43,29.2968],[-81.45,29.2923],[-81.47,29.2747],[-81.4802,29.241],[-81.4724,29.2236],[-81.39,29.1659],[-81.2533,29.0488],[-81.2401,29.0139],[-81.2437,28.9614],[-81.2333,28.9439],[-81.15,28.9036],[-81.05,28.8749],[-80.97,28.8951],[-80.9228,28.8213],[-80.9779,28.7862],[-80.9606,28.7687],[-80.93,28.7588],[-80.89,28.7585],[-80.87,28.7686],[-80.85,28.8047],[-80.81,28.8077],[-80.75,28.7996],[-80.7246,28.8038],[-80.7032,28.8213],[-80.7024,28.8388],[-80.7133,28.8563],[-80.75,28.8799],[-80.81,28.8962],[-80.95,28.9064],[-80.97,28.9457],[-81.07,28.9751],[-81.1811,29.0314],[-81.2028,29.0663],[-81.2166,29.1362],[-81.305,29.241],[-81.37,29.2849],[-81.43,29.2968]],[[-81.15,29.1117],[-81.1644,29.0838],[-81.163,29.0663],[-81.1542,29.0488],[-81.13,29.0301],[-81.09,29.0153],[-81.05,29.012],[-80.99,29.0194],[-80.9683,29.0314],[-80.9849,29.0488],[-81.11,29.1083],[-81.13,29.1167],[-81.15,29.1117]],[[-81.03,29.1232],[-81.0373,29.1188],[-81.009,29.1013],[-80.97,29.0936],[-80.91,29.0675],[-80.89,29.0708],[-80.878,29.0838],[-80.8851,29.1013],[-80.91,29.1101],[-80.99,29.1239],[-81.03,29.1232]],[[-81.59,28.8269],[-81.625,28.8038],[-81.6224,28.7862],[-81.59,28.7624],[-81.45,28.7191],[-81.37,28.7102],[-81.31,28.6793],[-81.2628,28.681],[-81.2505,28.6985],[-81.2549,28.7161],[-81.3023,28.7862],[-81.33,28.801],[-81.53,28.8374],[-81.59,28.8269]],[[-81.19,28.7923],[-81.2069,28.7862],[-81.2192,28.7687],[-81.21,28.7572],[-81.19,28.7445],[-81.15,28.7478],[-81.1392,28.7687],[-81.15,28.7836],[-81.17,28.7927],[-81.19,28.7923]]]}},{"type":"Feature","properties":{"c":"#00cc00","v0":0.25,"v1":0.5},"geometry":{"type":"Polygon","coordinates":[[[-92.5573,29.2061],[-92.53,29.2171],[-92.51,29.2165],[-92.4917,29.2061],[-92.5082,29.1886],[-92.53,29.1836],[-92.5648,29.1886],[-92.5573,29.2061]]]}},{"type":"Feature","properties":{"c":"#00cc00","v0":0.25,"v1":0.5},"geometry":{"type":"Polygon","coordinates":[[[-82.9365,28.8914],[-82.81,28.859],[-82.73,28.8257],[-82.71,28.8096],[-82.6785,28.7512],[-82.6037,28.6635],[-82.5784,28.5932],[-82.5838,28.5581],[-82.557,28.5054],[-82.57,28.477],[-82.59,28.4692],[-82.63,28.4701],[-82.7192,28.4878],[-82.7311,28.5054],[-82.701,28.5581],[-82.7176,28.5932],[-82.81,28.6728],[-82.9376,28.7512],[-82.9976,28.8213],[-83.0055,28.8388],[-83.0006,28.8563],[-82.9365,28.8914]],[[-82.87,28.8435],[-82.89,28.8376],[-82.9334,28.8038],[-82.9298,28.7862],[-82.9151,28.7687],[-82.71,28.6204],[-82.69,28.6096],[-82.6638,28.6108],[-82.6523,28.6283],[-82.6524,28.6635],[-82.75,28.7963],[-82.83,28.8376],[-82.87,28.8435]]]}},{"type":"Feature","properties":{"c":"#00cc00","v0":0.25,"v1":0.5},"geometry":{"type":"Polygon","coordinates":[[[-81.7257,28.523],[-81.71,28.533],[-81.69,28.5307],[-81.6648,28.5054],[-81.67,28.4953],[-81.69,28.492],[-81.7174,28.5054],[-81.7257,28.523]]]}},{"type":"Feature","properties":{"c":"#00cc00","v0":0.25,"v1":0.5},"geometry":{"type":"Polygon","coordinates":[[[-84.6115,28.4878],[-84.57,28.4896],[-84.5511,28.4702],[-84.5846,28.4175],[-84.5964,28.3823],[-84.61,28.3718],[-84.6458,28.435],[-84.647,28.4526],[-84.6368,28.4702],[-84.6115,28.4878]]]}},{"type":"Feature","properties":{"c":"#00cc00","v0":0.25,"v1":0.5},"geometry":{"type":"Polygon","coordinates":[[[-83.4516,28.0827],[-83.41,28.0999],[-83.37,28.0878],[-83.3369,28.065],[-83.3281,28.0474],[-83.33,28.027],[-83.3437,28.0121],[-83.37,28.005],[-83.43,28.0135],[-83.4594,28.0297],[-83.4708,28.0474],[-83.4695,28.065],[-83.4516,28.0827]]]}},{"type":"Feature","properties":{"c":"#00cc00","v0":0.25,"v1":0.5},"geometry":{"type":"Polygon","coordinates":[[[-77.6186,26.6975],[-77.59,26.703],[-77.55,26.6994],[-77.535,26.6796],[-77.5389,26.6618],[-77.5627,26.626],[-77.6853,26.5366],[-77.6902,26.5187],[-77.65,26.5071],[-77.57,26.5148],[-77.5343,26.5008],[-77.5263,26.4829],[-77.53,26.434],[-77.5727,26.3216],[-77.63,26.2589],[-77.75,26.1698],[-77.77,26.1692],[-77.83,26.1979],[-77.87,26.1868],[-77.91,26.146],[-77.9478,26.0883],[-77.93,26.0716],[-77.87,26.0602],[-77.79,26.0327],[-77.69,26.0329],[-77.65,26.0204],[-77.6248,25.9445],[-77.613,25.8546],[-77.6188,25.8006],[-77.6313,25.7646],[-77.65,25.7431],[-77.69,25.7207],[-77.77,25.6955],[-77.85,25.7056],[-77.8852,25.6925],[-77.95,25.6521],[-78.05,25.6152],[-78.09,25.6166],[-78.13,25.6406],[-78.1735,25.5843],[-78.2381,25.5301],[-78.2865,25.476],[-78.33,25.4123],[-78.43,25.3553],[-78.49,25.3342],[-78.5049,25.3134],[-78.5177,25.2229],[-78.51,25.2144],[-78.49,25.2187],[-78.4468,25.241],[-78.35,25.3156],[-78.29,25.4021],[-78.27,25.4165],[-78.23,25.4256],[-78.21,25.4187],[-78.19,25.4006],[-78.139,25.3134],[-78.1756,25.1867],[-78.2386,25.0781],[-78.262,24.9875],[-78.3058,24.8968],[-78.3107,24.8605],[-78.2873,24.806],[-78.2889,24.7516],[-78.2796,24.7334],[-78.19,24.6981],[-78.11,24.7106],[-78.09,24.7072],[-78.0813,24.6971],[-78.082,24.6789],[-78.11,24.6353],[-78.17,24.5977],[-78.23,24.5436],[-78.27,24.5294],[-78.49,24.5011],[-78.5318,24.5152],[-78.5499,24.5334],[-78.5636,24.5698],[-78.59,24.5826],[-78.71,24.6009],[-78.75,24.5974],[-78.83,24.5761],[-78.87,24.5801],[-78.9007,24.6243],[-78.93,24.6446],[-78.9442,24.6789],[-78.9172,24.7334],[-78.83,24.8307],[-78.79,24.9104],[-78.73,24.9457],[-78.69,25.0025],[-78.63,25.0185],[-78.61,25.0329],[-78.598,25.0781],[-78.61,25.0896],[-78.6742,25.06],[-78.71,25.0185],[-78.75,25.011],[-78.77,25.0146],[-78.7839,25.0418],[-78.7736,25.0781],[-78.7431,25.1143],[-78.6998,25.2048],[-78.63,25.2973],[-78.5714,25.3495],[-78.5504,25.4218],[-78.4731,25.5301],[-78.47,25.556],[-78.5021,25.6023],[-78.49,25.6345],[-78.47,25.6511],[-78.39,25.6874],[-78.33,25.736],[-78.2196,25.7826],[-78.17,25.8303],[-78.1391,25.9086],[-78.0786,25.9805],[-78.0714,25.9985],[-78.0869,26.0524],[-78.0838,26.0883],[-78.09,26.0994],[-78.1063,26.1063],[-78.13,26.1045],[-78.27,26.0797],[-78.2914,26.0704],[-78.395,25.9266],[-78.4914,25.8366],[-78.5161,25.7826],[-78.5224,25.6925],[-78.5436,25.6564],[-78.6402,25.5843],[-78.6732,25.5482],[-78.663,25.5301],[-78.6352,25.5121],[-78.6281,25.494],[-78.6362,25.476],[-78.67,25.4652],[-78.6993,25.476],[-78.73,25.5035],[-78.75,25.5035],[-78.8448,25.4579],[-78.8587,25.4218],[-78.85,25.3985],[-78.8105,25.3495],[-78.803,25.3314],[-78.8116,25.3134],[-78.89,25.2361],[-79.0435,25.1686],[-79.1069,25.0781],[-79.1668,25.0418],[-79.1818,25.0237],[-79.1829,24.9875],[-79.2152,24.9331],[-79.19,24.8015],[-79.11,24.8553],[-79.0798,24.8968],[-79.05,24.9229],[-79.01,24.9416],[-78.89,24.9739],[-78.85,24.9751],[-78.8374,24.9693],[-78.8313,24.9512],[-78.8345,24.9149],[-78.8544,24.8786],[-78.89,24.8521],[-78.97,24.8238],[-79.0392,24.7879],[-79.13,24.7214],[-79.21,24.6346],[-79.25,24.6143],[-79.29,24.6104],[-79.37,24.6163],[-79.43,24.6767],[-79.59,24.6341],[-79.61,24.6151],[-79.6127,24.5516],[-79.6393,24.497],[-79.6601,24.4788],[-79.73,24.4529],[-79.77,24.4542],[-79.7952,24.4788],[-79.7697,24.5516],[-79.7985,24.588],[-79.85,24.6126],[-79.99,24.6011],[-80.0133,24.5698],[-80.0208,24.5152],[-80.0102,24.497],[-79.9557,24.4606],[-79.955,24.4424],[-80.0347,24.3331],[-80.0427,24.3149],[-80.0415,24.2784],[-80.0542,24.2602],[-80.11,24.232],[-80.192,24.2055],[-80.1948,24.1872],[-80.15,24.1558],[-80.1355,24.1325],[-80.1368,24.0959],[-80.1628,24.0594],[-80.2186,24.0046],[-80.2396,23.9315],[-80.27,23.8836],[-80.29,23.8672],[-80.31,23.8638],[-80.37,23.8692],[-80.3964,23.8584],[-80.41,23.8423],[-80.438,23.7486],[-80.4567,23.7119],[-80.47,23.6969],[-80.539,23.6753],[-80.547,23.657],[-80.5531,23.5837],[-80.57,23.5644],[-80.67,23.54],[-80.69,23.5382],[-80.71,23.5511],[-80.7222,23.5837],[-80.7028,23.6753],[-80.69,23.7012],[-80.6478,23.7486],[-80.65,23.7655],[-80.69,23.7679],[-80.75,23.7373],[-80.77,23.7328],[-80.79,23.7386],[-80.808,23.7852],[-80.8001,23.8218],[-80.7751,23.8584],[-80.75,23.8716],[-80.69,23.8717],[-80.59,23.894],[-80.5601,23.8767],[-80.5614,23.8584],[-80.59,23.817],[-80.57,23.8095],[-80.5345,23.8218],[-80.5167,23.8401],[-80.5184,23.8949],[-80.4995,23.9863],[-80.47,24.0588],[-80.37,24.1442],[-80.2806,24.169],[-80.2998,24.2055],[-80.33,24.22],[-80.41,24.1924],[-80.45,24.2011],[-80.4713,24.2237],[-80.493,24.2784],[-80.5506,24.2966],[-80.5823,24.3149],[-80.631,24.3513],[-80.6519,24.3878],[-80.67,24.3992],[-80.73,24.4177],[-80.77,24.4225],[-80.79,24.4149],[-80.83,24.374],[-80.85,24.3682],[-80.93,24.3885],[-81.01,24.3854],[-81.1285,24.3331],[-81.1055,24.3149],[-81.1003,24.2966],[-81.1062,24.2784],[-81.15,24.2367],[-81.21,24.1983],[-81.25,24.1902],[-81.31,24.2091],[-81.3412,24.2055],[-81.3957,24.1325],[-81.3938,24.1142],[-81.3762,24.0959],[-81.35,24.0893],[-81.31,24.0954],[-81.25,24.1275],[-81.21,24.1121],[-81.1709,24.0777],[-81.1761,24.0594],[-81.233,24.0046],[-81.27,23.9748],[-81.29,23.9677],[-81.45,23.9634],[-81.55,23.9943],[-81.6128,23.9681],[-81.67,23.9598],[-81.81,23.9831],[-81.83,23.9937],[-81.8456,24.0229],[-81.841,24.0959],[-81.8518,24.1325],[-81.87,24.1507],[-81.89,24.1514],[-81.9119,24.1325],[-81.9233,24.0046],[-81.8944,23.9498],[-81.8979,23.8949],[-81.91,23.8634],[-81.9307,23.8584],[-81.9522,23.9132],[-81.99,23.9523],[-82.03,23.9657],[-82.11,23.9723],[-82.1302,23.9863],[-82.1361,24.0046],[-82.1222,24.0229],[-82.05,24.0285],[-82.0394,24.0412],[-82.0397,24.0959],[-82.0177,24.1507],[-82.0243,24.2237],[-82.0154,24.2419],[-81.85,24.3065],[-81.81,24.3121],[-81.7901,24.2966],[-81.7817,24.2784],[-81.7951,24.2055],[-81.824,24.1507],[-81.7544,24.1325],[-81.69,24.0944],[-81.65,24.08],[-81.63,24.0824],[-81.61,24.099],[-81.5797,24.169],[-81.6123,24.2602],[-81.6297,24.2784],[-81.69,24.3028],[-81.7476,24.3513],[-81.81,24.3433],[-81.85,24.36],[-81.91,24.4041],[-81.93,24.4039],[-81.99,24.3515],[-82.01,24.3451],[-82.03,24.3493],[-82.05,24.3677],[-82.0574,24.3878],[-82.0551,24.4242],[-82.03,24.486],[-82.01,24.4984],[-81.97,24.4977],[-81.93,24.4516],[-81.91,24.4412],[-81.8981,24.4788],[-81.8955,24.5152],[-81.902,24.5334],[-81.95,24.5666],[-81.9923,24.6789],[-82.0003,24.7152],[-81.99,24.7385],[-81.97,24.7479],[-81.91,24.7448],[-81.8927,24.7516],[-81.87,24.7847],[-81.85,24.7942],[-81.77,24.8027],[-81.71,24.8214],[-81.69,24.8206],[-81.655,24.806],[-81.6394,24.7879],[-81.6379,24.7697],[-81.65,24.7491],[-81.67,24.7366],[-81.75,24.722],[-81.817,24.6789],[-81.8277,24.588],[-81.8121,24.5698],[-81.79,24.5699],[-81.73,24.6],[-81.71,24.6021],[-81.59,24.5653],[-81.5707,24.5516],[-81.5733,24.5334],[-81.63,24.4983],[-81.6932,24.4242],[-81.6857,24.406],[-81.61,24.3947],[-81.5756,24.406],[-81.548,24.4606],[-81.51,24.5015],[-81.39,24.559],[-81.35,24.5632],[-81.3302,24.5334],[-81.3266,24.497],[-81.31,24.4809],[-81.29,24.4885],[-81.25,24.5308],[-81.23,24.535],[-81.17,24.5246],[-81.09,24.5606],[-81.08,24.5698],[-81.0795,24.588],[-81.0999,24.6607],[-81.0959,24.7152],[-81.0874,24.7334],[-80.97,24.8155],[-80.914,24.8786],[-80.89,24.9439],[-80.87,24.9527],[-80.85,24.9464],[-80.81,24.9133],[-80.77,24.9358],[-80.73,24.9429],[-80.67,24.899],[-80.63,24.8897],[-80.59,24.9461],[-80.57,24.9519],[-80.55,24.9462],[-80.47,24.8542],[-80.41,24.8048],[-80.3856,24.7697],[-80.3845,24.7516],[-80.4026,24.7334],[-80.45,24.7254],[-80.55,24.7272],[-80.63,24.7142],[-80.664,24.6971],[-80.6647,24.6789],[-80.63,24.6295],[-80.57,24.5824],[-80.55,24.5774],[-80.47,24.5951],[-80.37,24.5845],[-80.3443,24.588],[-80.3285,24.6062],[-80.3385,24.6789],[-80.33,24.6958],[-80.2506,24.7334],[-80.243,24.7697],[-80.23,24.7756],[-80.17,24.7341],[-80.15,24.7287],[-80.03,24.742],[-79.99,24.7353],[-79.91,24.7061],[-79.87,24.7148],[-79.77,24.7725],[-79.6917,24.8424],[-79.5908,24.9149],[-79.5115,25.0418],[-79.4365,25.1143],[-79.424,25.1686],[-79.4002,25.2048],[-79.2335,25.3134],[-79.1972,25.3676],[-79.17,25.3939],[-79.01,25.4914],[-78.97,25.5317],[-78.91,25.6118],[-78.83,25.6498],[-78.73,25.7732],[-78.69,25.8098],[-78.6589,25.8546],[-78.5968,25.9086],[-78.5892,25.9266],[-78.6126,25.9625],[-78.6132,25.9805],[-78.59,26.0191],[-78.55,26.0418],[-78.49,26.0519],[-78.47,26.0628],[-78.39,26.1542],[-78.31,26.2059],[-78.27,26.2203],[-78.19,26.2304],[-78.15,26.2493],[-78.07,26.3249],[-78.03,26.3489],[-78.01,26.3537],[-77.99,26.3493],[-77.97,26.3345],[-77.95,26.331],[-77.9316,26.3396],[-77.9202,26.3575],[-77.9266,26.4112],[-77.9116,26.465],[-77.93,26.4824],[-77.97,26.4865],[-77.9635,26.5187],[-77.95,26.5283],[-77.93,26.5299],[-77.89,26.5123],[-77.79,26.5267],[-77.775,26.5366],[-77.797,26.5724],[-77.8042,26.6081],[-77.7924,26.6439],[-77.7753,26.6618],[-77.73,26.6822],[-77.65,26.6873],[-77.6186,26.6975]],[[-77.91,26.0374],[-77.95,26.0247],[-78.05,25.9716],[-78.1063,25.9266],[-78.1325,25.8726],[-78.1449,25.8006],[-78.1821,25.7646],[-78.23,25.7366],[-78.31,25.7223],[-78.39,25.66],[-78.4669,25.6204],[-78.4697,25.6023],[-78.4309,25.5662],[-78.4844,25.476],[-78.5272,25.4218],[-78.5286,25.3857],[-78.51,25.3689],[-78.45,25.3722],[-78.35,25.4244],[-78.3138,25.476],[-78.2036,25.5843],[-78.17,25.6746],[-78.13,25.7038],[-78.11,25.7048],[-78.07,25.6633],[-78.05,25.6555],[-78.01,25.6666],[-77.8949,25.7285],[-77.75,25.7511],[-77.69,25.7521],[-77.6646,25.7646],[-77.6412,25.8006],[-77.6329,25.8546],[-77.6467,25.9266],[-77.67,25.968],[-77.71,25.989],[-77.75,25.9828],[-77.81,25.9591],[-77.83,25.962],[-77.862,26.0165],[-77.89,26.0343],[-77.91,26.0374]],[[-78.23,25.4044],[-78.25,25.4033],[-78.2817,25.3857],[-78.3333,25.2953],[-78.5143,25.1686],[-78.5656,25.0962],[-78.5951,25.0056],[-78.61,24.991],[-78.65,24.9754],[-78.73,24.9081],[-78.9148,24.7152],[-78.9241,24.6789],[-78.9134,24.6607],[-78.8772,24.6425],[-78.8397,24.6062],[-78.81,24.6027],[-78.75,24.6172],[-78.71,24.6186],[-78.61,24.6025],[-78.5219,24.6243],[-78.5107,24.6789],[-78.5127,24.7152],[-78.53,24.7298],[-78.55,24.7352],[-78.63,24.7403],[-78.65,24.7493],[-78.6551,24.7697],[-78.6513,24.806],[-78.6412,24.8242],[-78.57,24.8997],[-78.55,24.9115],[-78.51,24.9136],[-78.49,24.9046],[-78.4856,24.8242],[-78.47,24.785],[-78.37,24.7435],[-78.3359,24.7516],[-78.3181,24.7697],[-78.3127,24.7879],[-78.3249,24.8605],[-78.3185,24.8968],[-78.2809,24.9875],[-78.2618,25.0781],[-78.2081,25.1505],[-78.1874,25.2048],[-78.1908,25.241],[-78.21,25.2561],[-78.2306,25.2591],[-78.19,25.2896],[-78.1765,25.3314],[-78.2002,25.3857],[-78.23,25.4044]],[[-78.31,24.6812],[-78.3292,24.6243],[-78.3967,24.5698],[-78.3827,24.5516],[-78.35,24.5449],[-78.27,24.5515],[-78.2324,24.5698],[-78.2179,24.588],[-78.2093,24.6243],[-78.2732,24.6789],[-78.29,24.6854],[-78.31,24.6812]],[[-78.57,25.3181],[-78.61,25.2945],[-78.6908,25.1867],[-78.7084,25.1324],[-78.7078,25.1143],[-78.69,25.0923],[-78.65,25.0975],[-78.6002,25.1324],[-78.5406,25.241],[-78.5328,25.2953],[-78.55,25.3189],[-78.57,25.3181]],[[-78.91,24.9355],[-79.01,24.9228],[-79.05,24.9022],[-79.0773,24.8605],[-79.07,24.8293],[-79.05,24.8205],[-79.03,24.823],[-78.9273,24.8605],[-78.9045,24.8786],[-78.8876,24.9149],[-78.8972,24.9331],[-78.91,24.9355]],[[-80.75,23.8434],[-80.77,23.8258],[-80.7785,23.8035],[-80.77,23.7728],[-80.75,23.7709],[-80.73,23.7805],[-80.6912,23.8035],[-80.6769,23.8218],[-80.704,23.8401],[-80.75,23.8434]],[[-80.33,24.1331],[-80.3776,24.1142],[-80.4677,24.0229],[-80.4794,23.9863],[-80.4847,23.9132],[-80.4663,23.8401],[-80.4817,23.8218],[-80.57,23.7806],[-80.6063,23.7486],[-80.6535,23.6753],[-80.6497,23.6203],[-80.67,23.6003],[-80.6746,23.5837],[-80.61,23.6031],[-80.59,23.62],[-80.5769,23.6753],[-80.5638,23.6936],[-80.49,23.7164],[-80.47,23.7315],[-80.4517,23.7669],[-80.4463,23.8401],[-80.4272,23.8584],[-80.39,23.8803],[-80.31,23.8914],[-80.29,23.9033],[-80.2589,23.9498],[-80.2503,24.0046],[-80.2382,24.0229],[-80.1598,24.0959],[-80.1556,24.1142],[-80.1625,24.1325],[-80.19,24.1475],[-80.27,24.1335],[-80.33,24.1331]],[[-81.93,24.2424],[-81.9812,24.2237],[-81.9824,24.2055],[-81.97,24.1885],[-81.95,24.1805],[-81.85,24.1923],[-81.833,24.2055],[-81.825,24.2237],[-81.83,24.2499],[-81.85,24.2569],[-81.93,24.2424]],[[-82.01,24.4557],[-82.0298,24.406],[-82.0216,24.3878],[-82.01,24.3811],[-81.99,24.3951],[-81.9775,24.4242],[-81.99,24.4576],[-82.01,24.4557]],[[-81.95,24.7204],[-81.9652,24.7152],[-81.9723,24.6971],[-81.95,24.6376],[-81.91,24.6044],[-81.87,24.602],[-81.8511,24.6243],[-81.8538,24.6607],[-81.8906,24.6971],[-81.95,24.7204]],[[-81.73,24.7959],[-81.81,24.7635],[-81.8272,24.7516],[-81.825,24.7334],[-81.81,24.7309],[-81.75,24.7488],[-81.69,24.7496],[-81.67,24.7606],[-81.663,24.7697],[-81.67,24.7916],[-81.69,24.8021],[-81.73,24.7959]],[[-81.73,24.5771],[-81.79,24.5471],[-81.8462,24.5334],[-81.8592,24.5152],[-81.8661,24.4788],[-81.8574,24.4242],[-81.83,24.3913],[-81.81,24.3849],[-81.7899,24.3878],[-81.7609,24.4242],[-81.69,24.4691],[-81.6679,24.497],[-81.6585,24.5334],[-81.6666,24.5516],[-81.69,24.5719],[-81.73,24.5771]],[[-80.57,24.8859],[-80.61,24.8557],[-80.67,24.8437],[-80.71,24.8213],[-80.75,24.8104],[-80.81,24.8161],[-80.85,24.8636],[-80.87,24.8693],[-80.89,24.8626],[-81.0338,24.7334],[-81.0365,24.6971],[-81.0739,24.6425],[-81.0508,24.5698],[-81.0661,24.5516],[-81.17,24.5044],[-81.23,24.5072],[-81.29,24.466],[-81.33,24.4562],[-81.3543,24.4606],[-81.3612,24.5152],[-81.37,24.526],[-81.39,24.5298],[-81.41,24.5239],[-81.51,24.4668],[-81.55,24.3958],[-81.57,24.3798],[-81.67,24.3665],[-81.6798,24.3513],[-81.6718,24.3331],[-81.55,24.2722],[-81.47,24.2715],[-81.39,24.245],[-81.33,24.2525],[-81.27,24.224],[-81.23,24.2185],[-81.1827,24.2419],[-81.1576,24.2784],[-81.1777,24.2966],[-81.2564,24.3331],[-81.2639,24.3513],[-81.25,24.3717],[-81.19,24.3889],[-81.09,24.3832],[-81.01,24.4127],[-80.85,24.4048],[-80.81,24.4636],[-80.75,24.4659],[-80.69,24.5201],[-80.6254,24.5516],[-80.621,24.5698],[-80.6903,24.6789],[-80.6958,24.6971],[-80.6785,24.7152],[-80.55,24.7516],[-80.47,24.7514],[-80.4498,24.7697],[-80.4923,24.806],[-80.5023,24.8424],[-80.53,24.878],[-80.55,24.8892],[-80.57,24.8859]],[[-80.47,24.4997],[-80.53,24.4525],[-80.55,24.4451],[-80.59,24.4513],[-80.63,24.4861],[-80.6538,24.4788],[-80.656,24.4606],[-80.63,24.4145],[-80.59,24.3664],[-80.57,24.3618],[-80.49,24.3668],[-80.47,24.3867],[-80.4592,24.4242],[-80.4372,24.4606],[-80.4378,24.4788],[-80.45,24.4937],[-80.47,24.4997]],[[-77.85,26.4657],[-77.8606,26.4292],[-77.8477,26.3575],[-77.87,26.2936],[-77.919,26.2858],[-77.97,26.2518],[-77.99,26.2544],[-78.03,26.2896],[-78.05,26.2882],[-78.19,26.205],[-78.29,26.1945],[-78.3752,26.1422],[-78.45,26.0511],[-78.49,26.0175],[-78.55,26.0187],[-78.57,26.0071],[-78.5822,25.9805],[-78.5583,25.9445],[-78.5562,25.9266],[-78.5662,25.9086],[-78.632,25.8546],[-78.67,25.7953],[-78.7236,25.7465],[-78.81,25.6327],[-78.83,25.6161],[-78.91,25.5779],[-79.0006,25.476],[-79.13,25.3912],[-79.2233,25.2953],[-79.3537,25.2048],[-79.3769,25.1686],[-79.3712,25.1324],[-79.39,25.0904],[-79.5077,24.9875],[-79.5545,24.9149],[-79.685,24.8242],[-79.75,24.7461],[-79.89,24.671],[-79.91,24.6676],[-80.0031,24.7152],[-80.05,24.7223],[-80.13,24.703],[-80.19,24.6682],[-80.27,24.673],[-80.2944,24.6607],[-80.2931,24.6062],[-80.31,24.5638],[-80.33,24.5515],[-80.41,24.5611],[-80.4424,24.5516],[-80.3922,24.4788],[-80.3902,24.4606],[-80.4393,24.406],[-80.4505,24.2602],[-80.4454,24.2419],[-80.43,24.2292],[-80.41,24.2295],[-80.33,24.2748],[-80.2748,24.3331],[-80.25,24.4013],[-80.17,24.4192],[-80.1318,24.4424],[-80.0574,24.5152],[-80.03,24.6091],[-80.01,24.6278],[-79.89,24.6393],[-79.85,24.6346],[-79.77,24.589],[-79.7544,24.5698],[-79.7479,24.5334],[-79.7601,24.497],[-79.7535,24.4788],[-79.73,24.4752],[-79.6764,24.497],[-79.65,24.5243],[-79.6339,24.5698],[-79.6414,24.6243],[-79.63,24.6478],[-79.61,24.6612],[-79.47,24.69],[-79.39,24.7204],[-79.3796,24.6607],[-79.35,24.6337],[-79.27,24.6241],[-79.2228,24.6425],[-79.1947,24.6789],[-79.1817,24.7152],[-79.1945,24.7334],[-79.2531,24.7697],[-79.2273,24.8605],[-79.2566,24.9331],[-79.265,24.9875],[-79.2518,25.0056],[-79.1232,25.0962],[-79.0667,25.1686],[-78.89,25.2561],[-78.8658,25.2772],[-78.8437,25.3134],[-78.8423,25.3314],[-78.8876,25.4037],[-78.8747,25.4579],[-78.85,25.4824],[-78.5626,25.6564],[-78.5374,25.6925],[-78.5352,25.7826],[-78.51,25.8356],[-78.4221,25.9266],[-78.395,25.9805],[-78.35,26.0282],[-78.31,26.0914],[-78.27,26.1107],[-78.19,26.127],[-78.07,26.14],[-78.05,26.1364],[-78.01,26.1115],[-77.99,26.1108],[-77.95,26.1391],[-77.87,26.249],[-77.85,26.2597],[-77.79,26.2254],[-77.75,26.2172],[-77.7186,26.232],[-77.625,26.3037],[-77.6151,26.3216],[-77.6159,26.3575],[-77.648,26.4292],[-77.67,26.4509],[-77.73,26.4747],[-77.83,26.4744],[-77.85,26.4657]],[[-77.75,26.6512],[-77.7723,26.626],[-77.77,26.6024],[-77.75,26.579],[-77.71,26.5752],[-77.6869,26.5902],[-77.6768,26.6081],[-77.6847,26.6439],[-77.71,26.6573],[-77.75,26.6512]],[[-78.51,24.5955],[-78.5125,24.5516],[-78.49,24.5383],[-78.47,24.5375],[-78.4243,24.5516],[-78.4189,24.5698],[-78.4537,24.588],[-78.49,24.6004],[-78.51,24.5955]],[[-78.53,24.8822],[-78.6156,24.8242],[-78.63,24.799],[-78.623,24.7697],[-78.57,24.7642],[-78.5466,24.7697],[-78.53,24.7829],[-78.51,24.8205],[-78.5059,24.8605],[-78.51,24.8805],[-78.53,24.8822]],[[-78.41,24.6987],[-78.4539,24.6789],[-78.4578,24.6607],[-78.43,24.6372],[-78.41,24.6373],[-78.3879,24.6607],[-78.39,24.6928],[-78.41,24.6987]],[[-81.53,24.1182],[-81.5387,24.0959],[-81.53,24.0634],[-81.4807,24.0046],[-81.45,23.9842],[-81.33,23.981],[-81.29,23.9864],[-81.2423,24.0229],[-81.2227,24.0594],[-81.2265,24.0777],[-81.25,24.0894],[-81.37,24.0587],[-81.45,24.082],[-81.51,24.1258],[-81.53,24.1182]],[[-81.19,24.3565],[-81.2076,24.3513],[-81.1764,24.3331],[-81.1623,24.3331],[-81.1447,24.3513],[-81.19,24.3565]],[[-80.25,24.298],[-80.2625,24.2784],[-80.2527,24.2602],[-80.23,24.2567],[-80.224,24.2784],[-80.23,24.2907],[-80.25,24.298]],[[-80.17,24.3223],[-80.1804,24.2966],[-80.1628,24.2602],[-80.13,24.253],[-80.11,24.2603],[-80.0939,24.2784],[-80.0952,24.2966],[-80.11,24.314],[-80.15,24.3272],[-80.17,24.3223]],[[-80.03,24.4425],[-80.07,24.4257],[-80.0853,24.406],[-80.0865,24.3878],[-80.07,24.3662],[-80.05,24.3645],[-80.03,24.3764],[-80.0113,24.406],[-80.01,24.4291],[-80.03,24.4425]]]}},{"type":"Feature","properties":{"c":"#00cc00","v0":0.25,"v1":0.5},"geometry":{"type":"Polygon","coordinates":[[[-78.0142,26.4471],[-77.99,26.4588],[-77.9806,26.4471],[-77.9791,26.4292],[-77.99,26.4138],[-78.01,26.4145],[-78.0185,26.4292],[-78.0142,26.4471]]]}},{"type":"Feature","properties":{"c":"#00cc00","v0":0.25,"v1":0.5},"geometry":{"type":"Polygon","coordinates":[[[-79.3223,26.0704],[-79.29,26.0837],[-79.27,26.0811],[-79.2486,26.0704],[-79.2425,26.0524],[-79.2608,26.0344],[-79.31,26.0298],[-79.3242,26.0344],[-79.335,26.0524],[-79.3223,26.0704]]]}},{"type":"Feature","properties":{"c":"#00cc00","v0":0.25,"v1":0.5},"geometry":{"type":"Polygon","coordinates":[[[-81.8555,25.9086],[-81.83,25.9113],[-81.79,25.901],[-81.65,25.8296],[-81.55,25.7999],[-81.49,25.7605],[-81.33,25.7144],[-81.19,25.7003],[-81.13,25.6498],[-81.09,25.632],[-81.05,25.6269],[-80.97,25.6617],[-80.93,25.6487],[-80.83,25.5894],[-80.79,25.5877],[-80.69,25.6176],[-80.65,25.6104],[-80.5984,25.5843],[-80.55,25.5722],[-80.53,25.5559],[-80.523,25.5301],[-80.539,25.476],[-80.5419,25.4037],[-80.5743,25.2953],[-80.59,25.275],[-80.6122,25.2772],[-80.634,25.2953],[-80.6612,25.3495],[-80.69,25.3725],[-80.81,25.3779],[-80.95,25.4022],[-80.97,25.399],[-81.01,25.3751],[-81.047,25.3314],[-81.0484,25.3134],[-81.0386,25.2953],[-80.9968,25.241],[-80.97,25.2288],[-80.89,25.2341],[-80.87,25.2391],[-80.81,25.2802],[-80.79,25.2828],[-80.77,25.2715],[-80.7415,25.2229],[-80.7345,25.1505],[-80.85,25.0954],[-80.87,25.1045],[-80.91,25.1455],[-80.93,25.149],[-81.03,25.1484],[-81.11,25.1277],[-81.17,25.144],[-81.19,25.1326],[-81.2745,25.0237],[-81.31,25.0041],[-81.43,24.9944],[-81.5609,25.0237],[-81.55,25.0302],[-81.5194,25.0962],[-81.471,25.1505],[-81.47,25.1978],[-81.53,25.3022],[-81.6349,25.3134],[-81.69,25.3368],[-81.73,25.3959],[-81.7726,25.4399],[-81.7909,25.5121],[-81.821,25.5662],[-81.8178,25.5843],[-81.81,25.5875],[-81.77,25.588],[-81.73,25.6023],[-81.7135,25.6204],[-81.69,25.674],[-81.67,25.6761],[-81.61,25.6255],[-81.55,25.6055],[-81.53,25.6089],[-81.5189,25.6204],[-81.5173,25.6384],[-81.63,25.721],[-81.71,25.7373],[-81.75,25.7608],[-81.8585,25.8546],[-81.8739,25.8906],[-81.8555,25.9086]],[[-81.83,25.8803],[-81.8358,25.8726],[-81.8252,25.8546],[-81.73,25.7793],[-81.69,25.7614],[-81.63,25.753],[-81.5491,25.6925],[-81.4638,25.6564],[-81.4507,25.6384],[-81.4885,25.5843],[-81.51,25.5768],[-81.55,25.5804],[-81.63,25.6121],[-81.67,25.6161],[-81.752,25.5662],[-81.7671,25.5482],[-81.7671,25.5301],[-81.7506,25.4579],[-81.71,25.4293],[-81.69,25.4285],[-81.682,25.4399],[-81.65,25.4469],[-81.55,25.4096],[-81.47,25.4237],[-81.4021,25.3857],[-81.3836,25.3676],[-81.3795,25.3495],[-81.39,25.333],[-81.45,25.3393],[-81.4683,25.3314],[-81.4758,25.3134],[-81.47,25.2948],[-81.39,25.2221],[-81.31,25.2316],[-81.29,25.2276],[-81.25,25.2108],[-81.2097,25.2048],[-81.13,25.1613],[-81.09,25.154],[-81.0586,25.1686],[-81.0372,25.1867],[-81.0297,25.2048],[-81.038,25.241],[-81.0733,25.2953],[-81.083,25.3314],[-81.07,25.3627],[-81.03,25.4202],[-81.01,25.4356],[-80.97,25.4388],[-80.87,25.4064],[-80.75,25.3987],[-80.7132,25.4037],[-80.69,25.4311],[-80.63,25.4052],[-80.61,25.4036],[-80.5789,25.4218],[-80.5674,25.5301],[-80.5828,25.5482],[-80.6529,25.5843],[-80.69,25.5933],[-80.75,25.57],[-80.81,25.5597],[-80.85,25.5773],[-80.93,25.6295],[-80.97,25.6399],[-81.03,25.6083],[-81.09,25.5981],[-81.13,25.5317],[-81.19,25.4992],[-81.25,25.4489],[-81.27,25.4414],[-81.29,25.4448],[-81.3327,25.494],[-81.3952,25.5482],[-81.33,25.5577],[-81.25,25.5836],[-81.1773,25.6204],[-81.1721,25.6384],[-81.1984,25.6745],[-81.23,25.6861],[-81.35,25.6998],[-81.49,25.7376],[-81.57,25.7821],[-81.65,25.8024],[-81.79,25.8781],[-81.83,25.8803]],[[-81.27,25.1749],[-81.29,25.1674],[-81.33,25.1334],[-81.35,25.1343],[-81.39,25.1504],[-81.41,25.1508],[-81.43,25.1393],[-81.4994,25.0781],[-81.5055,25.06],[-81.4991,25.0418],[-81.47,25.0242],[-81.43,25.0149],[-81.33,25.016],[-81.306,25.0237],[-81.2857,25.0418],[-81.2371,25.1324],[-81.237,25.1505],[-81.2482,25.1686],[-81.27,25.1749]],[[-81.29,25.5311],[-81.2975,25.5121],[-81.2858,25.494],[-81.27,25.4855],[-81.2505,25.494],[-81.242,25.5121],[-81.25,25.5296],[-81.27,25.535],[-81.29,25.5311]]]}},{"type":"Feature","properties":{"c":"#00cc00","v0":0.25,"v1":0.5},"geometry":{"type":"Polygon","coordinates":[[[-77.8246,25.6384],[-77.81,25.6544],[-77.79,25.6557],[-77.7686,25.6384],[-77.7649,25.6023],[-77.79,25.5734],[-77.83,25.5461],[-77.85,25.5405],[-77.8784,25.5482],[-77.874,25.5662],[-77.8246,25.6384]]]}},{"type":"Feature","properties":{"c":"#00cc00","v0":0.25,"v1":0.5},"geometry":{"type":"Polygon","coordinates":[[[-78.011,25.5843],[-77.99,25.5942],[-77.95,25.5914],[-77.9083,25.5662],[-77.8945,25.5482],[-78.01,25.4638],[-78.05,25.4469],[-78.0722,25.4579],[-78.0739,25.494],[-78.0448,25.5482],[-78.011,25.5843]]]}},{"type":"Feature","properties":{"c":"#00cc00","v0":0.25,"v1":0.5},"geometry":{"type":"Polygon","coordinates":[[[-82.1222,25.5301],[-82.11,25.5452],[-82.09,25.5393],[-81.99,25.4777],[-81.9641,25.4399],[-81.9604,25.4218],[-81.97,25.3974],[-82.01,25.3807],[-82.05,25.3897],[-82.0675,25.4037],[-82.1222,25.5301]],[[-82.05,25.479],[-82.06,25.4579],[-82.05,25.4262],[-82.03,25.4122],[-82.01,25.4116],[-81.9968,25.4218],[-81.9951,25.4399],[-82.0053,25.4579],[-82.03,25.4755],[-82.05,25.479]]]}},{"type":"Feature","properties":{"c":"#00cc00","v0":0.25,"v1":0.5},"geometry":{"type":"Polygon","coordinates":[[[-80.7367,25.5121],[-80.7232,25.5121],[-80.7047,25.494],[-80.7006,25.476],[-80.71,25.4621],[-80.7393,25.494],[-80.7367,25.5121]]]}},{"type":"Feature","properties":{"c":"#00cc00","v0":0.25,"v1":0.5},"geometry":{"type":"Polygon","coordinates":[[[-82.1525,25.3676],[-82.11,25.3669],[-82.0781,25.3495],[-82.0475,25.2953],[-82.05,25.2733],[-82.09,25.2667],[-82.11,25.2723],[-82.142,25.2953],[-82.1687,25.3314],[-82.1703,25.3495],[-82.1525,25.3676]]]}},{"type":"Feature","properties":{"c":"#00cc00","v0":0.25,"v1":0.5},"geometry":{"type":"Polygon","coordinates":[[[-80.23,25.3676],[-80.21,25.3825],[-80.17,25.377],[-80.145,25.3495],[-80.1481,25.3314],[-80.17,25.311],[-80.21,25.303],[-80.2282,25.3134],[-80.2374,25.3314],[-80.23,25.3676]]]}},{"type":"Feature","properties":{"c":"#00cc00","v0":0.25,"v1":0.5},"geometry":{"type":"Polygon","coordinates":[[[-80.3339,25.2953],[-80.31,25.3008],[-80.2878,25.2953],[-80.2607,25.2772],[-80.2574,25.2591],[-80.3013,25.241],[-80.3321,25.241],[-80.3485,25.2591],[-80.3476,25.2772],[-80.3339,25.2953]]]}},{"type":"Feature","properties":{"c":"#00cc00","v0":0.25,"v1":0.5},"geometry":{"type":"Polygon","coordinates":[[[-81.7585,25.2048],[-81.71,25.1978],[-81.6904,25.1867],[-81.6779,25.1686],[-81.69,25.1369],[-81.73,25.1098],[-81.75,25.109],[-81.7736,25.1505],[-81.7753,25.1867],[-81.7585,25.2048]]]}},{"type":"Feature","properties":{"c":"#00cc00","v0":0.25,"v1":0.5},"geometry":{"type":"Polygon","coordinates":[[[-80.713,25.1505],[-80.69,25.1603],[-80.65,25.163],[-80.61,25.1508],[-80.5832,25.1324],[-80.5743,25.0962],[-80.61,25.0397],[-80.63,25.0297],[-80.65,25.0331],[-80.7167,25.1324],[-80.713,25.1505]],[[-80.65,25.1291],[-80.666,25.1143],[-80.65,25.0932],[-80.63,25.0892],[-80.622,25.0962],[-80.6207,25.1143],[-80.65,25.1291]]]}},{"type":"Feature","properties":{"c":"#00cc00","v0":0.25,"v1":0.5},"geometry":{"type":"Polygon","coordinates":[[[-81.8898,25.0418],[-81.87,25.058],[-81.85,25.0597],[-81.81,25.0469],[-81.7529,24.9875],[-81.7412,24.9512],[-81.79,24.9317],[-81.87,24.9268],[-81.95,24.9064],[-81.97,24.9105],[-81.99,24.9239],[-82.0068,24.9512],[-82.0058,24.9875],[-81.99,25.0002],[-81.9257,25.0056],[-81.91,25.0132],[-81.8898,25.0418]],[[-81.87,25.0283],[-81.91,24.9756],[-81.95,24.9765],[-81.9761,24.9693],[-81.9781,24.9512],[-81.97,24.9411],[-81.95,24.9348],[-81.91,24.9528],[-81.83,24.9469],[-81.79,24.9573],[-81.7783,24.9693],[-81.7807,24.9875],[-81.81,25.0221],[-81.85,25.0378],[-81.87,25.0283]]]}},{"type":"Feature","properties":{"c":"#00cc00","v0":0.25,"v1":0.5},"geometry":{"type":"Polygon","coordinates":[[[-80.4305,25.0056],[-80.39,25.0178],[-80.35,25.0178],[-80.3473,24.9875],[-80.367,24.9512],[-80.39,24.9404],[-80.41,24.9413],[-80.4241,24.9512],[-80.4389,24.9875],[-80.4305,25.0056]]]}},{"type":"Feature","properties":{"c":"#00cc00","v0":0.25,"v1":0.5},"geometry":{"type":"Polygon","coordinates":[[[-82.4863,24.9693],[-82.47,24.9801],[-82.45,24.9805],[-82.41,24.9689],[-82.403,24.9331],[-82.409,24.9149],[-82.43,24.8952],[-82.45,24.8897],[-82.4702,24.8968],[-82.4889,24.9331],[-82.4863,24.9693]]]}},{"type":"Feature","properties":{"c":"#00cc00","v0":0.25,"v1":0.5},"geometry":{"type":"Polygon","coordinates":[[[-83.2736,24.9149],[-83.25,24.9232],[-83.23,24.9152],[-83.2169,24.8968],[-83.2087,24.8424],[-83.23,24.8217],[-83.25,24.8243],[-83.27,24.8407],[-83.2797,24.8605],[-83.2826,24.8968],[-83.2736,24.9149]]]}},{"type":"Feature","properties":{"c":"#00cc00","v0":0.25,"v1":0.5},"geometry":{"type":"Polygon","coordinates":[[[-83.0735,24.8968],[-83.05,24.9047],[-83.03,24.8972],[-83.0231,24.8786],[-83.03,24.8578],[-83.05,24.8511],[-83.0781,24.8605],[-83.0883,24.8786],[-83.0735,24.8968]]]}},{"type":"Feature","properties":{"c":"#00cc00","v0":0.25,"v1":0.5},"geometry":{"type":"Polygon","coordinates":[[[-84.3007,24.8786],[-84.27,24.8885],[-84.2507,24.8786],[-84.2467,24.8605],[-84.27,24.8327],[-84.29,24.826],[-84.31,24.839],[-84.3123,24.8605],[-84.3007,24.8786]]]}},{"type":"Feature","properties":{"c":"#00cc00","v0":0.25,"v1":0.5},"geometry":{"type":"Polygon","coordinates":[[[-79.5766,24.806],[-79.5452,24.806],[-79.5409,24.7879],[-79.57,24.7586],[-79.6114,24.7516],[-79.6233,24.7697],[-79.6099,24.7879],[-79.5766,24.806]]]}},{"type":"Feature","properties":{"c":"#00cc00","v0":0.25,"v1":0.5},"geometry":{"type":"Polygon","coordinates":[[[-81.3412,24.6607],[-81.33,24.6672],[-81.3051,24.6425],[-81.31,24.6065],[-81.33,24.5913],[-81.35,24.5914],[-81.362,24.6062],[-81.3575,24.6425],[-81.3412,24.6607]]]}},{"type":"Feature","properties":{"c":"#00cc00","v0":0.25,"v1":0.5},"geometry":{"type":"Polygon","coordinates":[[[-78.9758,24.5334],[-78.95,24.5308],[-78.9332,24.5152],[-78.9348,24.497],[-78.97,24.4356],[-78.99,24.4181],[-79.01,24.4137],[-79.0713,24.4242],[-79.0842,24.4424],[-79.0723,24.4788],[-79.0281,24.5152],[-78.9758,24.5334]],[[-79.01,24.5017],[-79.0421,24.4788],[-79.0534,24.4606],[-79.038,24.4424],[-79.01,24.4463],[-78.978,24.4788],[-78.972,24.497],[-78.99,24.5065],[-79.01,24.5017]]]}},{"type":"Feature","properties":{"c":"#00cc00","v0":0.25,"v1":0.5},"geometry":{"type":"Polygon","coordinates":[[[-78.1969,24.4242],[-78.17,24.4377],[-78.15,24.4376],[-78.1363,24.4242],[-78.1344,24.3878],[-78.15,24.3587],[-78.1631,24.3513],[-78.15,24.342],[-78.13,24.3434],[-78.0773,24.3695],[-78.0426,24.3695],[-78.0443,24.3513],[-78.0993,24.3149],[-78.1468,24.2419],[-78.1528,24.2237],[-78.1329,24.1872],[-78.1323,24.169],[-78.219,24.0412],[-78.25,24.0141],[-78.27,24.0063],[-78.39,23.9724],[-78.47,23.9698],[-78.49,23.9615],[-78.545,23.8767],[-78.5016,23.8218],[-78.5069,23.8035],[-78.55,23.7835],[-78.63,23.7713],[-78.69,23.722],[-78.73,23.7005],[-78.75,23.6986],[-78.81,23.716],[-78.827,23.7303],[-78.8091,23.8218],[-78.79,23.8407],[-78.755,23.8584],[-78.5993,23.9132],[-78.5621,23.9863],[-78.5576,24.0412],[-78.53,24.0797],[-78.49,24.0988],[-78.43,24.0915],[-78.4083,24.0959],[-78.37,24.147],[-78.3326,24.2237],[-78.3315,24.2419],[-78.3481,24.2784],[-78.3441,24.3149],[-78.31,24.3463],[-78.23,24.3638],[-78.2134,24.406],[-78.1969,24.4242]],[[-78.67,23.8603],[-78.7263,23.8401],[-78.749,23.8218],[-78.7548,23.8035],[-78.73,23.7458],[-78.71,23.7453],[-78.6155,23.8218],[-78.6159,23.8401],[-78.63,23.8546],[-78.67,23.8603]],[[-78.29,24.3167],[-78.3058,24.2966],[-78.29,24.2719],[-78.25,24.2607],[-78.2213,24.2784],[-78.2244,24.2966],[-78.2463,24.3149],[-78.29,24.3167]],[[-78.29,24.2097],[-78.3132,24.1872],[-78.35,24.1249],[-78.3781,24.0594],[-78.4276,24.0229],[-78.41,24.0124],[-78.27,24.0315],[-78.23,24.0576],[-78.1871,24.1142],[-78.1718,24.1507],[-78.1732,24.169],[-78.1869,24.1872],[-78.25,24.2214],[-78.29,24.2097]]]}},{"type":"Feature","properties":{"c":"#00cc00","v0":0.25,"v1":0.5},"geometry":{"type":"Polygon","coordinates":[[[-78.5597,24.406],[-78.53,24.4224],[-78.5198,24.406],[-78.53,24.374],[-78.55,24.3629],[-78.5682,24.3695],[-78.5708,24.3878],[-78.5597,24.406]]]}},{"type":"Feature","properties":{"c":"#00cc00","v0":0.25,"v1":0.5},"geometry":{"type":"Polygon","coordinates":[[[-78.6528,24.3331],[-78.6446,24.3331],[-78.6454,24.3149],[-78.67,24.2564],[-78.69,24.2382],[-78.71,24.2411],[-78.7068,24.2602],[-78.6528,24.3331]]]}},{"type":"Feature","properties":{"c":"#00cc00","v0":0.25,"v1":0.5},"geometry":{"type":"Polygon","coordinates":[[[-79.833,24.2055],[-79.81,24.2121],[-79.7958,24.2055],[-79.8001,24.1872],[-79.83,24.1799],[-79.8405,24.1872],[-79.833,24.2055]]]}},{"type":"Feature","properties":{"c":"#00cc00","v0":0.25,"v1":0.5},"geometry":{"type":"Polygon","coordinates":[[[-79.4433,23.9863],[-79.39,23.9988],[-79.3594,23.9863],[-79.3493,23.9681],[-79.3656,23.9132],[-79.3633,23.8767],[-79.33,23.7845],[-79.2707,23.7303],[-79.2746,23.7119],[-79.2937,23.6936],[-79.33,23.6775],[-79.37,23.6766],[-79.43,23.6953],[-79.51,23.6591],[-79.55,23.6582],[-79.5674,23.6753],[-79.5723,23.6936],[-79.5671,23.7119],[-79.5258,23.7669],[-79.526,23.7852],[-79.55,23.8271],[-79.5893,23.8584],[-79.5886,23.8767],[-79.57,23.897],[-79.51,23.9117],[-79.4665,23.9681],[-79.4433,23.9863]],[[-79.43,23.9726],[-79.4538,23.9498],[-79.4703,23.9132],[-79.5107,23.8584],[-79.5131,23.8218],[-79.47,23.7473],[-79.45,23.7369],[-79.39,23.7262],[-79.35,23.7023],[-79.33,23.7059],[-79.321,23.7119],[-79.3195,23.7303],[-79.3472,23.7486],[-79.3579,23.7669],[-79.3568,23.8035],[-79.3897,23.8949],[-79.3921,23.9132],[-79.3812,23.9498],[-79.3867,23.9681],[-79.41,23.9764],[-79.43,23.9726]],[[-79.49,23.7304],[-79.5201,23.7119],[-79.51,23.7031],[-79.4908,23.7119],[-79.49,23.7304]]]}},{"type":"Feature","properties":{"c":"#00cc00","v0":0.25,"v1":0.5},"geometry":{"type":"Polygon","coordinates":[[[-82.4308,23.8767],[-82.41,23.8893],[-82.3878,23.8767],[-82.3859,23.8584],[-82.41,23.8524],[-82.4308,23.8767]]]}},{"type":"Feature","properties":{"c":"#00cc00","v0":0.25,"v1":0.5},"geometry":{"type":"Polygon","coordinates":[[[-82.1597,23.8401],[-82.13,23.8392],[-82.05,23.7949],[-82.0165,23.7486],[-82.015,23.7303],[-82.0278,23.7119],[-82.11,23.6497],[-82.13,23.6517],[-82.15,23.6712],[-82.2039,23.7852],[-82.2054,23.8035],[-82.1939,23.8218],[-82.1597,23.8401]],[[-82.15,23.8054],[-82.1657,23.7852],[-82.1621,23.7669],[-82.13,23.6977],[-82.11,23.6881],[-82.0737,23.7119],[-82.0656,23.7303],[-82.0684,23.7486],[-82.11,23.7914],[-82.13,23.8034],[-82.15,23.8054]]]}},{"type":"Feature","properties":{"c":"#00cc00","v0":0.25,"v1":0.5},"geometry":{"type":"Polygon","coordinates":[[[-83.2479,23.8218],[-83.21,23.8205],[-83.1799,23.8035],[-83.1482,23.7669],[-83.1382,23.7486],[-83.1394,23.7303],[-83.17,23.7154],[-83.21,23.709],[-83.276,23.7303],[-83.2939,23.7486],[-83.3041,23.7852],[-83.29,23.8081],[-83.2479,23.8218]],[[-83.23,23.8076],[-83.27,23.7876],[-83.2734,23.7669],[-83.2619,23.7486],[-83.232,23.7303],[-83.21,23.7255],[-83.1849,23.7303],[-83.168,23.7486],[-83.1704,23.7669],[-83.19,23.7929],[-83.23,23.8076]]]}},{"type":"Feature","properties":{"c":"#00cc00","v0":0.25,"v1":0.5},"geometry":{"type":"Polygon","coordinates":[[[-79.1853,23.7669],[-79.15,23.7774],[-79.1447,23.7669],[-79.17,23.742],[-79.1956,23.7486],[-79.1853,23.7669]]]}},{"type":"Feature","properties":{"c":"#00cc00","v0":0.25,"v1":0.5},"geometry":{"type":"Polygon","coordinates":[[[-83.1053,23.7119],[-83.09,23.7223],[-83.05,23.7079],[-83.0288,23.6753],[-83.0332,23.657],[-83.05,23.6526],[-83.07,23.6602],[-83.09,23.6775],[-83.1053,23.7119]]]}},{"type":"Feature","properties":{"c":"#00cc00","v0":0.25,"v1":0.5},"geometry":{"type":"Polygon","coordinates":[[[-82.9511,23.6753],[-82.9173,23.6753],[-82.8933,23.657],[-82.9007,23.6203],[-82.93,23.5943],[-82.95,23.5932],[-82.97,23.6042],[-82.9878,23.6387],[-82.9807,23.657],[-82.9511,23.6753]]]}},{"type":"Feature","properties":{"c":"#00cc00","v0":0.25,"v1":0.5},"geometry":{"type":"Polygon","coordinates":[[[-81.6422,23.6387],[-81.59,23.6511],[-81.55,23.6463],[-81.5054,23.6203],[-81.4936,23.602],[-81.4963,23.5837],[-81.53,23.5616],[-81.65,23.554],[-81.6738,23.5654],[-81.6873,23.5837],[-81.6866,23.602],[-81.6422,23.6387]],[[-81.63,23.6252],[-81.6555,23.602],[-81.6547,23.5837],[-81.63,23.5708],[-81.55,23.5822],[-81.5321,23.602],[-81.544,23.6203],[-81.57,23.6311],[-81.63,23.6252]]]}},{"type":"Feature","properties":{"c":"#00cc00","v0":0.25,"v1":0.5},"geometry":{"type":"Polygon","coordinates":[[[-81.8451,23.6203],[-81.83,23.6334],[-81.79,23.6347],[-81.7611,23.6203],[-81.7524,23.602],[-81.7559,23.5837],[-81.79,23.5471],[-81.81,23.5413],[-81.83,23.5464],[-81.8494,23.5654],[-81.8564,23.5837],[-81.8451,23.6203]],[[-81.81,23.6051],[-81.8201,23.5837],[-81.81,23.5764],[-81.7982,23.5837],[-81.8005,23.602],[-81.81,23.6051]]]}},{"type":"Feature","properties":{"c":"#00cc00","v0":0.25,"v1":0.5},"geometry":{"type":"Polygon","coordinates":[[[-82.4563,23.602],[-82.43,23.6059],[-82.3891,23.5837],[-82.3713,23.547],[-82.3776,23.5287],[-82.41,23.515],[-82.4454,23.5287],[-82.4637,23.5654],[-82.4563,23.602]],[[-82.43,23.5687],[-82.43,23.5497],[-82.41,23.5446],[-82.4084,23.5654],[-82.43,23.5687]]]}},{"type":"Feature","properties":{"c":"#00cc00","v0":0.25,"v1":0.5},"geometry":{"type":"Polygon","coordinates":[[[-80.9587,23.5654],[-80.9425,23.5654],[-80.9301,23.547],[-80.9475,23.5287],[-80.97,23.5213],[-80.9958,23.5287],[-80.9933,23.547],[-80.9587,23.5654]]]}},{"type":"Feature","properties":{"c":"#00cc00","v0":0.25,"v1":0.5},"geometry":{"type":"Polygon","coordinates":[[[-79.9305,23.5103],[-79.89,23.5251],[-79.87,23.5202],[-79.8533,23.492],[-79.8588,23.4737],[-79.9667,23.3819],[-79.99,23.3739],[-80.0058,23.3819],[-80.01,23.3923],[-80.0036,23.437],[-79.9771,23.4737],[-79.9305,23.5103]]]}},{"type":"Feature","properties":{"c":"#00cc00","v0":0.25,"v1":0.5},"geometry":{"type":"Polygon","coordinates":[[[-80.7208,23.492],[-80.69,23.5018],[-80.61,23.4589],[-80.57,23.4561],[-80.53,23.4433],[-80.5111,23.4186],[-80.514,23.4002],[-80.5474,23.3635],[-80.59,23.3459],[-80.61,23.3462],[-80.65,23.362],[-80.75,23.3424],[-80.83,23.3565],[-80.8408,23.3635],[-80.823,23.4002],[-80.7896,23.437],[-80.7208,23.492]],[[-80.57,23.437],[-80.6148,23.4186],[-80.6233,23.4002],[-80.61,23.3772],[-80.59,23.3694],[-80.57,23.3729],[-80.5385,23.4002],[-80.5384,23.4186],[-80.57,23.437]],[[-80.73,23.4593],[-80.77,23.4348],[-80.799,23.4002],[-80.803,23.3819],[-80.7823,23.3635],[-80.73,23.3617],[-80.6586,23.4002],[-80.6504,23.4186],[-80.6526,23.437],[-80.6657,23.4553],[-80.69,23.4662],[-80.73,23.4593]]]}},{"type":"Feature","properties":{"c":"#00cc00","v0":0.25,"v1":0.5},"geometry":{"type":"Polygon","coordinates":[[[-81.6955,23.3819],[-81.65,23.3883],[-81.6184,23.3635],[-81.6226,23.3084],[-81.65,23.2832],[-81.6769,23.2901],[-81.7105,23.3268],[-81.7169,23.3452],[-81.7128,23.3635],[-81.6955,23.3819]],[[-81.67,23.365],[-81.6813,23.3452],[-81.67,23.3273],[-81.6482,23.3452],[-81.67,23.365]]]}},{"type":"Feature","properties":{"c":"#00cc00","v0":0.25,"v1":0.5},"geometry":{"type":"Polygon","coordinates":[[[-79.5889,23.3635],[-79.57,23.3688],[-79.5582,23.3635],[-79.5489,23.3452],[-79.57,23.3156],[-79.59,23.3114],[-79.6134,23.3268],[-79.61,23.3452],[-79.5889,23.3635]]]}},{"type":"Feature","properties":{"c":"#00cc00","v0":0.25,"v1":0.5},"geometry":{"type":"Polygon","coordinates":[[[-82.855,23.3268],[-82.83,23.3372],[-82.81,23.3343],[-82.744,23.2901],[-82.7185,23.2533],[-82.7179,23.2349],[-82.73,23.213],[-82.79,23.1794],[-82.83,23.1825],[-82.848,23.1982],[-82.8669,23.2349],[-82.8733,23.2717],[-82.8669,23.3084],[-82.855,23.3268]],[[-82.83,23.3179],[-82.8553,23.2901],[-82.85,23.2337],[-82.83,23.2064],[-82.81,23.1979],[-82.77,23.205],[-82.7375,23.2349],[-82.7372,23.2533],[-82.75,23.2746],[-82.79,23.3075],[-82.83,23.3179]]]}},{"type":"Feature","properties":{"c":"#00cc00","v0":0.25,"v1":0.5},"geometry":{"type":"Polygon","coordinates":[[[-81.8444,23.3268],[-81.81,23.3333],[-81.7957,23.3268],[-81.87,23.3044],[-81.87,23.3142],[-81.8444,23.3268]]]}},{"type":"Feature","properties":{"c":"#00cc00","v0":0.25,"v1":0.5},"geometry":{"type":"Polygon","coordinates":[[[-82.1617,23.1062],[-82.15,23.1219],[-82.13,23.1178],[-82.11,23.0963],[-82.1099,23.0694],[-82.13,23.0726],[-82.15,23.0866],[-82.1617,23.1062]]]}},{"type":"Feature","properties":{"c":"#00cc00","v0":0.25,"v1":0.5},"geometry":{"type":"Polygon","coordinates":[[[-82.6719,21.8495],[-82.61,21.8521],[-82.53,21.8355],[-82.5094,21.8123],[-82.5214,21.7752],[-82.5386,21.7566],[-82.57,21.7423],[-82.65,21.7421],[-82.69,21.7549],[-82.7115,21.7752],[-82.7205,21.8123],[-82.7088,21.8309],[-82.6719,21.8495]],[[-82.65,21.8311],[-82.6887,21.8123],[-82.6913,21.7938],[-82.67,21.7704],[-82.61,21.7599],[-82.561,21.7752],[-82.5536,21.7938],[-82.57,21.8171],[-82.61,21.8291],[-82.65,21.8311]]]}},{"type":"Feature","properties":{"c":"#00cc00","v0":0.25,"v1":0.5},"geometry":{"type":"Polygon","coordinates":[[[-82.5208,21.5521],[-82.51,21.5656],[-82.47,21.5609],[-82.37,21.5044],[-82.29,21.5126],[-82.25,21.5065],[-82.17,21.4669],[-82.096,21.4405],[-82.1014,21.4218],[-82.1187,21.4032],[-82.145,21.3473],[-82.1688,21.3287],[-82.23,21.3068],[-82.29,21.3108],[-82.3201,21.3287],[-82.3341,21.3473],[-82.3349,21.4032],[-82.3505,21.4218],[-82.39,21.4445],[-82.45,21.4514],[-82.49,21.4751],[-82.5185,21.5149],[-82.5208,21.5521]]]}},{"type":"Feature","properties":{"c":"#009900","v0":0.5,"v1":1.0},"geometry":{"type":"Polygon","coordinates":[[[-111.2922,54.9943],[-111.0054,54.9943],[-111.03,54.9765],[-111.07,54.966],[-111.11,54.9704],[-111.15,54.9854],[-111.27,54.981],[-111.2922,54.9943]]]}},{"type":"Feature","properties":{"c":"#009900","v0":0.5,"v1":1.0},"geometry":{"type":"Polygon","coordinates":[[[-110.7991,54.9598],[-110.77,54.9675],[-110.75,54.965],[-110.7375,54.9598],[-110.7355,54.9483],[-110.77,54.9374],[-110.79,54.9385],[-110.8134,54.9483],[-110.7991,54.9598]]]}},{"type":"Feature","properties":{"c":"#009900","v0":0.5,"v1":1.0},"geometry":{"type":"Polygon","coordinates":[[[-112.2312,54.9254],[-112.19,54.9358],[-112.15,54.9313],[-112.11,54.9082],[-112.01,54.894],[-111.954,54.8794],[-111.94,54.8678],[-111.9378,54.8563],[-111.95,54.8448],[-111.97,54.8385],[-112.13,54.8184],[-112.21,54.8006],[-112.29,54.8048],[-112.35,54.7978],[-112.382,54.7987],[-112.4001,54.8103],[-112.3975,54.8218],[-112.3667,54.8563],[-112.2312,54.9254]]]}},{"type":"Feature","properties":{"c":"#009900","v0":0.5,"v1":1.0},"geometry":{"type":"Polygon","coordinates":[[[-111.5941,54.8678],[-111.55,54.871],[-111.5307,54.8563],[-111.5259,54.8333],[-111.5073,54.8103],[-111.51,54.7946],[-111.53,54.7794],[-111.55,54.7817],[-111.59,54.7976],[-111.61,54.7991],[-111.63,54.7962],[-111.69,54.7715],[-111.75,54.7726],[-111.8239,54.8103],[-111.834,54.8218],[-111.829,54.8333],[-111.8015,54.8448],[-111.67,54.8531],[-111.5941,54.8678]]]}},{"type":"Feature","properties":{"c":"#009900","v0":0.5,"v1":1.0},"geometry":{"type":"Polygon","coordinates":[[[-112.131,54.5443],[-112.1159,54.5327],[-112.15,54.5084],[-112.19,54.4943],[-112.21,54.4927],[-112.2326,54.4978],[-112.2337,54.5095],[-112.2177,54.5211],[-112.17,54.5377],[-112.131,54.5443]]]}},{"type":"Feature","properties":{"c":"#009900","v0":0.5,"v1":1.0},"geometry":{"type":"Polygon","coordinates":[[[-112.0626,53.7003],[-112.0257,53.7003],[-112.0031,53.6885],[-111.9992,53.6766],[-112.0219,53.6529],[-112.05,53.6458],[-112.0932,53.6529],[-112.1104,53.6648],[-112.1095,53.6766],[-112.0955,53.6885],[-112.0626,53.7003]]]}},{"type":"Feature","properties":{"c":"#009900","v0":0.5,"v1":1.0},"geometry":{"type":"Polygon","coordinates":[[[-121.8181,53.3077],[-121.81,53.3132],[-121.79,53.3145],[-121.786,53.2838],[-121.83,53.216],[-121.85,53.2069],[-121.8614,53.224],[-121.853,53.2599],[-121.8327,53.2958],[-121.8181,53.3077]]]}},{"type":"Feature","properties":{"c":"#009900","v0":0.5,"v1":1.0},"geometry":{"type":"Polygon","coordinates":[[[-100.5575,52.0835],[-100.55,52.0954],[-100.47,52.0882],[-100.1877,51.9851],[-100.1593,51.9604],[-100.1389,51.9111],[-100.0808,51.837],[-100.0513,51.7876],[-100.0615,51.7752],[-100.09,51.778],[-100.13,51.7913],[-100.166,51.8247],[-100.23,51.8537],[-100.3426,51.9235],[-100.4158,51.9604],[-100.4572,52.0097],[-100.5408,52.0589],[-100.5575,52.0835]],[[-100.31,51.9894],[-100.3169,51.9851],[-100.31,51.981],[-100.29,51.9726],[-100.2751,51.9728],[-100.2799,51.9851],[-100.31,51.9894]]]}},{"type":"Feature","properties":{"c":"#009900","v0":0.5,"v1":1.0},"geometry":{"type":"Polygon","coordinates":[[[-101.9144,51.9481],[-101.87,51.9563],[-101.81,51.9566],[-101.6663,51.9235],[-101.5903,51.8864],[-101.33,51.795],[-101.2998,51.7752],[-101.2938,51.7628],[-101.3068,51.738],[-101.33,51.7295],[-101.37,51.7298],[-101.47,51.7428],[-101.59,51.7723],[-101.75,51.823],[-101.8139,51.8617],[-101.8878,51.8864],[-101.9085,51.8988],[-101.9261,51.9358],[-101.9144,51.9481]],[[-101.69,51.8558],[-101.7041,51.8494],[-101.7002,51.837],[-101.5422,51.7876],[-101.49,51.7803],[-101.4529,51.7876],[-101.4627,51.7999],[-101.55,51.837],[-101.65,51.8566],[-101.69,51.8558]]]}},{"type":"Feature","properties":{"c":"#009900","v0":0.5,"v1":1.0},"geometry":{"type":"Polygon","coordinates":[[[-70.0695,49.7255],[-70.05,49.731],[-70.03,49.7309],[-70.0183,49.7255],[-70.008,49.7126],[-70.0108,49.6867],[-70.0361,49.6608],[-70.1137,49.622],[-70.17,49.5596],[-70.2282,49.5312],[-70.2383,49.5182],[-70.2243,49.4792],[-70.23,49.4528],[-70.25,49.439],[-70.27,49.4353],[-70.29,49.4391],[-70.2995,49.4532],[-70.3118,49.5312],[-70.3545,49.5701],[-70.3399,49.5831],[-70.29,49.6023],[-70.2706,49.6479],[-70.2527,49.6608],[-70.0695,49.7255]]]}},{"type":"Feature","properties":{"c":"#009900","v0":0.5,"v1":1.0},"geometry":{"type":"Polygon","coordinates":[[[-93.0599,49.2055],[-93.03,49.214],[-92.99,49.213],[-92.8187,49.1663],[-92.7628,49.1402],[-92.704,49.1009],[-92.69,49.0832],[-92.69,49.0579],[-92.71,49.0587],[-92.83,49.1052],[-92.91,49.1508],[-93.0467,49.1925],[-93.0599,49.2055]]]}},{"type":"Feature","properties":{"c":"#009900","v0":0.5,"v1":1.0},"geometry":{"type":"Polygon","coordinates":[[[-104.4532,49.0616],[-104.41,49.0661],[-104.3749,49.0485],[-104.41,49.0385],[-104.45,49.0409],[-104.4632,49.0485],[-104.4532,49.0616]]]}},{"type":"Feature","properties":{"c":"#009900","v0":0.5,"v1":1.0},"geometry":{"type":"Polygon","coordinates":[[[-92.6246,49.0091],[-92.61,49.0222],[-92.341,48.9698],[-92.2859,48.9435],[-92.2683,48.9041],[-92.29,48.8982],[-92.37,48.9187],[-92.61,48.9957],[-92.6246,49.0091]]]}},{"type":"Feature","properties":{"c":"#009900","v0":0.5,"v1":1.0},"geometry":{"type":"Polygon","coordinates":[[[-92.7623,48.7065],[-92.73,48.7108],[-92.7087,48.7065],[-92.6834,48.6933],[-92.6857,48.6801],[-92.7174,48.6801],[-92.75,48.6895],[-92.7623,48.7065]]]}},{"type":"Feature","properties":{"c":"#009900","v0":0.5,"v1":1.0},"geometry":{"type":"Polygon","coordinates":[[[-92.2304,48.6536],[-92.13,48.6599],[-91.99,48.609],[-91.79,48.5699],[-91.63,48.5221],[-91.53,48.5047],[-91.3572,48.4418],[-91.21,48.4039],[-91.13,48.3894],[-90.99,48.3501],[-90.93,48.3444],[-90.9105,48.3355],[-90.8997,48.3089],[-90.87,48.2977],[-90.8262,48.269],[-90.67,48.2157],[-90.63,48.2147],[-90.57,48.2252],[-90.49,48.2237],[-90.35,48.1837],[-90.25,48.1811],[-90.23,48.1905],[-90.227,48.2157],[-90.2624,48.269],[-90.3204,48.3089],[-90.33,48.3388],[-90.31,48.3556],[-90.25,48.3758],[-90.21,48.3748],[-90.13,48.3599],[-89.909,48.2823],[-89.834,48.229],[-89.8056,48.189],[-89.7234,48.1357],[-89.7078,48.109],[-89.691,48.0956],[-89.63,48.0822],[-89.57,48.0617],[-89.5318,48.0154],[-89.4958,47.9886],[-89.39,47.9397],[-89.33,47.9012],[-89.2502,47.868],[-89.2035,47.8412],[-89.1939,47.8277],[-89.2167,47.8143],[-89.2224,47.8009],[-89.19,47.7665],[-89.17,47.7579],[-89.1419,47.7606],[-89.1351,47.7874],[-89.1503,47.8277],[-89.09,47.8449],[-89.07,47.8366],[-89.0285,47.8009],[-89.0195,47.7337],[-88.9619,47.6798],[-88.77,47.5751],[-88.6969,47.545],[-88.67,47.5273],[-88.6518,47.5045],[-88.6532,47.491],[-88.6731,47.4639],[-88.6083,47.3963],[-88.61,47.3827],[-88.65,47.372],[-88.69,47.3727],[-88.75,47.3873],[-88.89,47.4017],[-88.93,47.3972],[-88.97,47.3819],[-89.05,47.3806],[-89.2379,47.4504],[-89.33,47.4705],[-89.45,47.5206],[-89.55,47.5497],[-89.71,47.5512],[-89.7357,47.545],[-89.77,47.5262],[-89.8455,47.518],[-89.851,47.5045],[-89.83,47.5015],[-89.77,47.5139],[-89.71,47.5106],[-89.6882,47.5045],[-89.6815,47.491],[-89.6817,47.4504],[-89.6597,47.4369],[-89.59,47.4323],[-89.53,47.4398],[-89.51,47.4366],[-89.5004,47.4233],[-89.51,47.4115],[-89.55,47.402],[-89.706,47.3285],[-89.7058,47.315],[-89.6444,47.2878],[-89.6312,47.2743],[-89.6353,47.2471],[-89.6216,47.2335],[-89.57,47.2254],[-89.47,47.2224],[-89.41,47.198],[-89.37,47.1744],[-89.31,47.1771],[-89.29,47.1674],[-89.2747,47.1384],[-89.2559,47.1248],[-89.05,47.0617],[-89.0094,47.0294],[-89.005,47.0158],[-89.03,47.0],[-89.17,46.9881],[-89.33,47.0306],[-89.43,47.0692],[-89.61,47.1067],[-89.65,47.1074],[-89.688,47.0975],[-89.7097,47.0839],[-89.7136,47.0703],[-89.6903,47.0431],[-89.63,47.0098],[-89.6103,46.9885],[-89.6376,46.9066],[-89.6337,46.8929],[-89.51,46.8291],[-89.43,46.7726],[-89.3332,46.6738],[-89.3222,46.6463],[-89.3341,46.6051],[-89.3245,46.5914],[-89.27,46.5602],[-89.2539,46.5364],[-89.2627,46.5088],[-89.29,46.4893],[-89.3133,46.4813],[-89.3134,46.4675],[-89.23,46.46],[-89.1788,46.44],[-89.15,46.4199],[-89.1197,46.3848],[-88.9909,46.2881],[-88.9886,46.2605],[-89.0121,46.219],[-89.0082,46.2051],[-88.9422,46.1497],[-88.89,46.1281],[-88.71,46.0768],[-88.6964,46.0665],[-88.7053,46.0249],[-88.69,45.9948],[-88.67,45.9804],[-88.53,45.964],[-88.503,45.9554],[-88.4573,45.9276],[-88.4766,45.9137],[-88.53,45.9031],[-88.73,45.8953],[-88.7527,45.8858],[-88.7501,45.8719],[-88.67,45.8618],[-88.5697,45.8301],[-88.41,45.8111],[-88.35,45.7848],[-88.3059,45.7464],[-88.3015,45.7185],[-88.3377,45.6347],[-88.3603,45.6067],[-88.4127,45.5647],[-88.424,45.5227],[-88.4923,45.4666],[-88.604,45.4245],[-88.6264,45.3964],[-88.65,45.3348],[-88.67,45.3256],[-88.69,45.3247],[-88.79,45.3292],[-88.85,45.3514],[-88.93,45.4152],[-89.15,45.5658],[-89.1857,45.6347],[-89.1763,45.6906],[-89.19,45.7087],[-89.43,45.8093],[-89.53,45.89],[-89.6642,45.9693],[-89.6755,45.9832],[-89.67,45.9971],[-89.61,46.0029],[-89.57,46.0145],[-89.5356,46.0388],[-89.5186,46.0665],[-89.5287,46.0804],[-89.59,46.1055],[-89.6981,46.1636],[-89.75,46.2149],[-89.77,46.2257],[-89.8051,46.2328],[-89.8084,46.2466],[-89.7717,46.2881],[-89.7762,46.3158],[-89.85,46.3556],[-89.9232,46.4124],[-89.9296,46.4262],[-89.927,46.4537],[-89.89,46.5016],[-89.8892,46.5226],[-89.91,46.5404],[-89.97,46.5633],[-89.984,46.5776],[-89.9921,46.6051],[-89.9896,46.6738],[-90.0002,46.7012],[-90.0219,46.7286],[-90.0773,46.7698],[-90.2574,46.8519],[-90.29,46.8748],[-90.3543,46.8929],[-90.3909,46.9202],[-90.3639,46.9339],[-90.33,46.9391],[-90.2783,46.9339],[-90.23,46.9138],[-90.21,46.9124],[-90.1936,46.9202],[-90.21,46.9614],[-90.27,47.0105],[-90.35,47.0529],[-90.43,47.0621],[-90.61,47.1045],[-90.65,47.1056],[-90.6663,47.0975],[-90.6669,47.0839],[-90.639,47.0431],[-90.6385,47.0294],[-90.65,47.0218],[-90.73,47.0299],[-90.8426,47.0703],[-90.8774,47.0839],[-90.8933,47.0975],[-90.8641,47.1248],[-90.8661,47.1384],[-90.9488,47.2064],[-91.0234,47.2471],[-91.0453,47.2743],[-91.0633,47.315],[-91.1002,47.3421],[-91.27,47.4196],[-91.33,47.429],[-91.3551,47.4233],[-91.293,47.3692],[-91.2675,47.3285],[-91.2737,47.315],[-91.31,47.3053],[-91.37,47.319],[-91.4524,47.3556],[-91.51,47.4124],[-91.57,47.4519],[-91.6132,47.491],[-91.67,47.509],[-91.7468,47.545],[-91.7943,47.5585],[-91.8413,47.5855],[-91.8453,47.599],[-91.8335,47.6125],[-91.79,47.6363],[-91.75,47.6423],[-91.69,47.6359],[-91.59,47.6098],[-91.51,47.5977],[-91.37,47.5578],[-91.35,47.5647],[-91.348,47.572],[-91.4207,47.6529],[-91.5746,47.7471],[-91.77,47.826],[-91.91,47.8943],[-92.05,47.9381],[-92.1424,47.9753],[-92.1622,47.9886],[-92.1654,48.002],[-92.1525,48.0154],[-92.11,48.0273],[-91.99,48.0248],[-91.93,48.0169],[-91.83,47.993],[-91.67,47.99],[-91.49,47.9535],[-91.39,47.9483],[-91.3446,47.9351],[-91.3216,47.9217],[-91.3137,47.9083],[-91.37,47.8802],[-91.4324,47.868],[-91.4482,47.8546],[-91.4516,47.8412],[-91.4432,47.8143],[-91.43,47.7992],[-91.3437,47.7471],[-91.261,47.7202],[-91.19,47.6808],[-91.1421,47.6664],[-91.17,47.6524],[-91.18,47.6394],[-91.1912,47.572],[-91.174,47.5045],[-91.1425,47.4774],[-90.95,47.3982],[-90.8947,47.3692],[-90.8487,47.3285],[-90.8341,47.2878],[-90.8012,47.2607],[-90.7817,47.2335],[-90.73,47.2013],[-90.65,47.1731],[-90.61,47.1749],[-90.47,47.2243],[-90.4498,47.2471],[-90.448,47.2743],[-90.4577,47.2878],[-90.5129,47.3285],[-90.6653,47.4233],[-90.6735,47.4369],[-90.655,47.4639],[-90.6547,47.4774],[-90.6662,47.491],[-90.73,47.5444],[-90.79,47.5673],[-90.81,47.5806],[-90.8405,47.6394],[-90.89,47.6724],[-90.93,47.7098],[-90.97,47.7315],[-91.05,47.7578],[-91.0942,47.7874],[-91.137,47.8277],[-91.21,47.8591],[-91.2598,47.8948],[-91.2675,47.9083],[-91.2034,47.9485],[-91.1999,47.9619],[-91.2464,48.002],[-91.29,48.0226],[-91.55,48.1126],[-91.6021,48.1357],[-91.6484,48.1757],[-91.6529,48.2157],[-91.6729,48.2557],[-91.6867,48.269],[-91.717,48.2823],[-91.95,48.3418],[-92.05,48.3934],[-92.1183,48.402],[-92.17,48.4251],[-92.244,48.4285],[-92.2578,48.4418],[-92.19,48.4564],[-92.1783,48.4683],[-92.1876,48.4948],[-92.21,48.5086],[-92.331,48.5478],[-92.399,48.5875],[-92.4031,48.6008],[-92.37,48.6138],[-92.33,48.6425],[-92.29,48.6503],[-92.2304,48.6536]],[[-92.17,48.6033],[-92.1801,48.6008],[-92.1831,48.5875],[-92.068,48.5213],[-92.0213,48.4683],[-91.87,48.4031],[-91.8313,48.3621],[-91.79,48.3434],[-91.69,48.3197],[-91.39,48.2764],[-91.17,48.2054],[-91.15,48.2039],[-91.13,48.2097],[-91.1096,48.2424],[-91.09,48.2528],[-91.05,48.2491],[-90.95,48.2124],[-90.89,48.2081],[-90.8633,48.2157],[-90.8935,48.2424],[-91.01,48.2763],[-91.0851,48.3089],[-91.17,48.3599],[-91.2984,48.402],[-91.79,48.5348],[-91.87,48.5495],[-92.07,48.6014],[-92.11,48.6064],[-92.17,48.6033]],[[-90.49,48.1494],[-90.55,48.1298],[-90.6853,48.1223],[-90.6937,48.109],[-90.6216,48.0689],[-90.51,48.0278],[-90.37,47.9886],[-90.13,47.9447],[-89.9216,47.8948],[-89.89,47.8909],[-89.8788,47.8948],[-89.9161,47.9217],[-89.9248,47.9351],[-89.9055,47.9619],[-89.9144,47.9753],[-90.1355,48.0956],[-90.31,48.1304],[-90.41,48.1348],[-90.45,48.1279],[-90.47,48.1328],[-90.49,48.1494]],[[-89.81,48.0326],[-89.8227,48.0288],[-89.815,48.0154],[-89.79,48.0061],[-89.75,47.9998],[-89.7211,48.002],[-89.777,48.0288],[-89.81,48.0326]],[[-89.29,47.6537],[-89.2964,47.6529],[-89.2939,47.6394],[-89.27,47.6242],[-89.17,47.5847],[-89.15,47.5897],[-89.15,47.6073],[-89.1748,47.6259],[-89.21,47.6405],[-89.29,47.6537]],[[-88.89,47.5454],[-88.91,47.5443],[-88.9189,47.5315],[-88.8964,47.5045],[-88.87,47.4925],[-88.77,47.4857],[-88.73,47.4736],[-88.719,47.4774],[-88.7455,47.5045],[-88.7934,47.5315],[-88.89,47.5454]],[[-89.29,46.0955],[-89.3232,46.0804],[-89.333,46.0665],[-89.2825,45.9415],[-89.2397,45.9137],[-89.1789,45.8858],[-89.15,45.8802],[-89.1167,45.8858],[-89.0927,45.8998],[-89.0847,45.9137],[-89.1111,45.9832],[-89.1184,46.0249],[-89.1301,46.0388],[-89.1835,46.0665],[-89.2107,46.0943],[-89.25,46.1021],[-89.29,46.0955]],[[-89.07,46.0955],[-89.0936,46.0804],[-89.0967,46.0527],[-89.05,46.0381],[-89.01,46.0466],[-89.0062,46.0665],[-89.0217,46.0804],[-89.07,46.0955]],[[-88.57,45.7777],[-88.5808,45.7604],[-88.5715,45.7464],[-88.51,45.73],[-88.45,45.7249],[-88.4271,45.7325],[-88.4192,45.7464],[-88.4265,45.7604],[-88.47,45.7782],[-88.53,45.7872],[-88.57,45.7777]],[[-91.47,47.536],[-91.4849,47.5315],[-91.47,47.5214],[-91.4357,47.518],[-91.4431,47.5315],[-91.47,47.536]],[[-91.97,47.9847],[-91.9876,47.9753],[-91.9835,47.9619],[-91.9677,47.9485],[-91.87,47.9202],[-91.71,47.8506],[-91.5919,47.7874],[-91.49,47.7518],[-91.4848,47.7606],[-91.5182,47.8009],[-91.5848,47.8546],[-91.6021,47.8948],[-91.657,47.9351],[-91.69,47.9497],[-91.73,47.9587],[-91.85,47.9644],[-91.93,47.9859],[-91.97,47.9847]],[[-91.19,47.4444],[-91.2026,47.4369],[-91.1605,47.4098],[-91.09,47.3811],[-91.0597,47.3827],[-91.0557,47.3963],[-91.0724,47.4098],[-91.19,47.4444]],[[-91.21,48.1576],[-91.246,48.1357],[-91.29,48.1278],[-91.3292,48.109],[-91.3347,48.0956],[-91.3292,48.0823],[-91.31,48.0687],[-91.29,48.0649],[-91.2519,48.0689],[-91.19,48.1053],[-91.17,48.1076],[-91.13,48.1062],[-91.05,48.0823],[-90.9756,48.0956],[-90.9711,48.109],[-90.9858,48.1223],[-91.05,48.1512],[-91.13,48.1476],[-91.19,48.1617],[-91.21,48.1576]],[[-90.97,47.962],[-91.05,47.9394],[-91.0568,47.9217],[-91.0455,47.9083],[-91.01,47.8962],[-90.95,47.895],[-90.91,47.8872],[-90.83,47.8859],[-90.79,47.8955],[-90.768,47.8814],[-90.77,47.8523],[-90.7583,47.8412],[-90.73,47.8319],[-90.61,47.8161],[-90.53,47.8256],[-90.51,47.8214],[-90.4989,47.8143],[-90.4923,47.774],[-90.4782,47.7471],[-90.4563,47.7337],[-90.4105,47.7202],[-90.3985,47.7068],[-90.3904,47.6798],[-90.37,47.6658],[-90.33,47.6637],[-90.29,47.6864],[-90.17,47.6985],[-90.1496,47.7068],[-90.1062,47.7471],[-90.1092,47.7606],[-90.21,47.7668],[-90.29,47.7934],[-90.37,47.8066],[-90.408,47.8277],[-90.4009,47.8412],[-90.41,47.8556],[-90.59,47.8873],[-90.67,47.923],[-90.7636,47.9485],[-90.93,47.9659],[-90.97,47.962]],[[-90.77,47.7887],[-90.7804,47.774],[-90.769,47.7606],[-90.7335,47.7471],[-90.69,47.7448],[-90.6908,47.7606],[-90.71,47.7801],[-90.73,47.7883],[-90.77,47.7887]],[[-90.67,47.7342],[-90.6828,47.7202],[-90.6845,47.6933],[-90.6629,47.6664],[-90.61,47.6465],[-90.5427,47.6529],[-90.5418,47.6664],[-90.5729,47.6933],[-90.63,47.7247],[-90.67,47.7342]],[[-90.17,47.5488],[-90.23,47.5393],[-90.27,47.5412],[-90.2876,47.5315],[-90.2479,47.491],[-90.2213,47.4774],[-90.19,47.4722],[-90.15,47.4836],[-90.1201,47.518],[-90.13,47.5431],[-90.15,47.5511],[-90.17,47.5488]],[[-90.11,47.6267],[-90.15,47.6212],[-90.1647,47.6125],[-90.1584,47.5855],[-90.13,47.5505],[-90.03,47.542],[-89.95,47.5506],[-89.87,47.5921],[-89.8293,47.599],[-89.7932,47.6125],[-89.81,47.6232],[-89.91,47.6102],[-90.07,47.6326],[-90.11,47.6267]],[[-90.09,47.2358],[-90.1718,47.1928],[-90.31,47.1893],[-90.334,47.1792],[-90.3437,47.1656],[-90.337,47.152],[-90.31,47.1314],[-90.25,47.1021],[-90.21,47.0484],[-90.19,47.0322],[-90.13,47.0136],[-90.0575,46.9749],[-90.05,46.9165],[-89.9955,46.8656],[-89.97,46.8165],[-89.9471,46.7424],[-89.8893,46.6875],[-89.8858,46.6463],[-89.83,46.5446],[-89.75,46.4938],[-89.61,46.4428],[-89.59,46.4487],[-89.5822,46.4675],[-89.5956,46.5226],[-89.6185,46.5639],[-89.61,46.5695],[-89.59,46.571],[-89.51,46.5484],[-89.45,46.5407],[-89.43,46.5398],[-89.4193,46.5501],[-89.45,46.5649],[-89.496,46.6188],[-89.5473,46.6463],[-89.5564,46.66],[-89.5275,46.7012],[-89.5251,46.7286],[-89.67,46.8133],[-89.7173,46.8519],[-89.7821,46.8929],[-89.8394,46.9476],[-89.83,46.9661],[-89.79,46.9769],[-89.83,46.9766],[-89.89,47.0074],[-89.9383,47.0567],[-89.9759,47.0839],[-89.9889,47.0975],[-89.9909,47.1112],[-89.9819,47.1248],[-89.95,47.1365],[-89.81,47.1231],[-89.75,47.1264],[-89.61,47.1531],[-89.5791,47.1656],[-89.5836,47.1792],[-89.65,47.1978],[-89.81,47.2193],[-89.97,47.2159],[-90.01,47.222],[-90.07,47.2406],[-90.09,47.2358]],[[-89.95,47.3867],[-89.99,47.3743],[-90.0391,47.3692],[-90.0532,47.3556],[-90.0488,47.3421],[-90.01,47.3324],[-89.91,47.3337],[-89.8778,47.3421],[-89.8606,47.3556],[-89.858,47.3692],[-89.87,47.3788],[-89.91,47.3881],[-89.95,47.3867]],[[-89.47,46.3589],[-89.4807,46.3572],[-89.4796,46.3434],[-89.4351,46.2881],[-89.41,46.2782],[-89.39,46.2805],[-89.3765,46.2881],[-89.3744,46.302],[-89.3861,46.3158],[-89.47,46.3589]]]}},{"type":"Feature","properties":{"c":"#009900","v0":0.5,"v1":1.0},"geometry":{"type":"Polygon","coordinates":[[[-90.7504,48.4948],[-90.73,48.5004],[-90.71,48.4972],[-90.6772,48.4816],[-90.69,48.4732],[-90.7504,48.4948]]]}},{"type":"Feature","properties":{"c":"#009900","v0":0.5,"v1":1.0},"geometry":{"type":"Polygon","coordinates":[[[-71.0314,48.229],[-71.01,48.2282],[-70.9825,48.2157],[-70.9815,48.2024],[-70.9911,48.189],[-71.03,48.1643],[-71.07,48.1498],[-71.11,48.1438],[-71.13,48.1487],[-71.1483,48.1757],[-71.1352,48.2024],[-71.09,48.2212],[-71.0314,48.229]]]}},{"type":"Feature","properties":{"c":"#009900","v0":0.5,"v1":1.0},"geometry":{"type":"Polygon","coordinates":[[[-91.2911,47.8277],[-91.25,47.8339],[-91.2243,47.8277],[-91.2285,47.8143],[-91.25,47.8122],[-91.273,47.8143],[-91.2911,47.8277]]]}},{"type":"Feature","properties":{"c":"#009900","v0":0.5,"v1":1.0},"geometry":{"type":"Polygon","coordinates":[[[-88.7771,47.8277],[-88.77,47.8353],[-88.7172,47.8277],[-88.6469,47.7874],[-88.65,47.7795],[-88.75,47.8055],[-88.7771,47.8277]]]}},{"type":"Feature","properties":{"c":"#009900","v0":0.5,"v1":1.0},"geometry":{"type":"Polygon","coordinates":[[[-88.5872,47.7606],[-88.53,47.7527],[-88.49,47.7296],[-88.4231,47.7068],[-88.3141,47.6529],[-88.2724,47.6259],[-88.2553,47.599],[-88.2626,47.5855],[-88.2974,47.5585],[-88.31,47.5018],[-88.33,47.4937],[-88.37,47.5099],[-88.43,47.5599],[-88.4532,47.572],[-88.4641,47.5855],[-88.4557,47.599],[-88.4648,47.6125],[-88.5047,47.6394],[-88.55,47.6922],[-88.6027,47.7068],[-88.6126,47.7202],[-88.5872,47.7606]]]}},{"type":"Feature","properties":{"c":"#009900","v0":0.5,"v1":1.0},"geometry":{"type":"Polygon","coordinates":[[[-81.6129,47.6125],[-81.59,47.6211],[-81.58,47.6125],[-81.59,47.6005],[-81.61,47.6059],[-81.6129,47.6125]]]}},{"type":"Feature","properties":{"c":"#009900","v0":0.5,"v1":1.0},"geometry":{"type":"Polygon","coordinates":[[[-82.2397,47.491],[-82.19,47.5031],[-82.07,47.4999],[-81.97,47.4588],[-81.91,47.4487],[-81.8751,47.4369],[-81.8158,47.3827],[-81.7917,47.3285],[-81.762,47.3014],[-81.7543,47.2878],[-81.7694,47.2607],[-81.81,47.2494],[-81.89,47.2625],[-81.99,47.298],[-82.07,47.339],[-82.19,47.3879],[-82.2588,47.4233],[-82.2737,47.4369],[-82.2714,47.4639],[-82.2397,47.491]],[[-82.17,47.468],[-82.1863,47.4639],[-82.1951,47.4504],[-82.1574,47.4098],[-82.09,47.384],[-81.9924,47.3692],[-81.97,47.3416],[-81.95,47.3381],[-81.9392,47.3421],[-81.9346,47.3556],[-81.9644,47.3827],[-81.9763,47.4098],[-82.0488,47.4639],[-82.11,47.4772],[-82.17,47.468]]]}},{"type":"Feature","properties":{"c":"#009900","v0":0.5,"v1":1.0},"geometry":{"type":"Polygon","coordinates":[[[-80.9111,47.3692],[-80.87,47.3782],[-80.81,47.3525],[-80.73,47.3286],[-80.6907,47.3014],[-80.6852,47.2878],[-80.69,47.2729],[-80.7059,47.2607],[-80.73,47.2558],[-80.7714,47.2607],[-80.9134,47.3285],[-80.925,47.3421],[-80.9235,47.3556],[-80.9111,47.3692]]]}},{"type":"Feature","properties":{"c":"#009900","v0":0.5,"v1":1.0},"geometry":{"type":"Polygon","coordinates":[[[-82.4364,46.7561],[-82.41,46.7668],[-82.35,46.7662],[-82.29,46.7373],[-82.21,46.7209],[-82.11,46.6817],[-82.0635,46.66],[-81.9942,46.6051],[-81.9809,46.5914],[-81.9891,46.5776],[-82.05,46.5959],[-82.17,46.6155],[-82.25,46.6424],[-82.31,46.679],[-82.37,46.698],[-82.39,46.7096],[-82.4291,46.7424],[-82.4364,46.7561]]]}},{"type":"Feature","properties":{"c":"#009900","v0":0.5,"v1":1.0},"geometry":{"type":"Polygon","coordinates":[[[-90.6413,46.6738],[-90.6093,46.6738],[-90.4959,46.6326],[-90.4165,46.5914],[-90.31,46.5203],[-90.25,46.4964],[-90.07,46.4066],[-89.9365,46.2743],[-89.87,46.2408],[-89.8142,46.2328],[-89.8311,46.1774],[-89.85,46.1649],[-89.87,46.161],[-89.93,46.1742],[-89.97,46.191],[-90.0852,46.2605],[-90.2234,46.3572],[-90.258,46.4124],[-90.3005,46.4537],[-90.3311,46.4951],[-90.37,46.5171],[-90.43,46.5328],[-90.4937,46.5639],[-90.5702,46.6188],[-90.6253,46.6463],[-90.6416,46.66],[-90.6413,46.6738]]]}},{"type":"Feature","properties":{"c":"#009900","v0":0.5,"v1":1.0},"geometry":{"type":"Polygon","coordinates":[[[-88.6371,46.4951],[-88.63,46.5032],[-88.5947,46.4951],[-88.61,46.4895],[-88.6371,46.4951]]]}},{"type":"Feature","properties":{"c":"#009900","v0":0.5,"v1":1.0},"geometry":{"type":"Polygon","coordinates":[[[-88.3167,46.1774],[-88.31,46.1864],[-88.29,46.1812],[-88.277,46.1636],[-88.2935,46.1636],[-88.3167,46.1774]]]}},{"type":"Feature","properties":{"c":"#009900","v0":0.5,"v1":1.0},"geometry":{"type":"Polygon","coordinates":[[[-83.1866,46.122],[-83.17,46.1318],[-83.05,46.1125],[-82.97,46.0866],[-82.9139,46.0527],[-82.8929,46.0249],[-82.8945,46.011],[-82.9442,45.9693],[-82.9499,45.9554],[-82.9429,45.9415],[-82.85,45.8802],[-82.7696,45.844],[-82.6887,45.7604],[-82.5467,45.6766],[-82.4745,45.5927],[-82.49,45.5866],[-82.53,45.6142],[-82.57,45.6294],[-82.69,45.6423],[-82.73,45.6573],[-82.83,45.71],[-82.91,45.7357],[-83.0078,45.7883],[-83.0964,45.8719],[-83.2965,45.9832],[-83.3105,46.011],[-83.29,46.022],[-83.21,46.0289],[-83.13,46.0109],[-83.1022,46.011],[-83.0958,46.0249],[-83.1427,46.0943],[-83.1866,46.122]],[[-83.11,45.9475],[-83.1148,45.9415],[-83.07,45.9063],[-82.9688,45.8022],[-82.89,45.7623],[-82.87,45.7588],[-82.85,45.7633],[-82.8437,45.7883],[-82.8532,45.8162],[-82.9034,45.8719],[-83.041,45.9415],[-83.09,45.9525],[-83.11,45.9475]]]}},{"type":"Feature","properties":{"c":"#009900","v0":0.5,"v1":1.0},"geometry":{"type":"Polygon","coordinates":[[[-88.0988,46.0665],[-88.084,46.0665],[-88.0623,46.0527],[-88.07,46.0458],[-88.09,46.0523],[-88.0988,46.0665]]]}},{"type":"Feature","properties":{"c":"#009900","v0":0.5,"v1":1.0},"geometry":{"type":"Polygon","coordinates":[[[-88.4081,45.9276],[-88.37,45.9364],[-88.33,45.9375],[-88.2967,45.9276],[-88.2919,45.9137],[-88.3441,45.8719],[-88.37,45.8622],[-88.39,45.8622],[-88.4071,45.8719],[-88.4157,45.8858],[-88.4209,45.9137],[-88.4081,45.9276]]]}},{"type":"Feature","properties":{"c":"#009900","v0":0.5,"v1":1.0},"geometry":{"type":"Polygon","coordinates":[[[-83.1953,45.7743],[-83.17,45.7775],[-83.11,45.7515],[-83.01,45.7383],[-82.91,45.693],[-82.79,45.6035],[-82.77,45.598],[-82.73,45.6054],[-82.7264,45.5927],[-82.7555,45.5367],[-82.8121,45.4666],[-82.8107,45.4525],[-82.7201,45.3261],[-82.7215,45.2698],[-82.71,45.2397],[-82.69,45.2128],[-82.5473,45.0724],[-82.5443,45.0583],[-82.61,45.005],[-82.73,44.9305],[-82.77,44.9221],[-82.83,44.9213],[-82.95,44.946],[-82.9744,44.9452],[-83.0016,44.931],[-83.0017,44.9027],[-82.9726,44.8743],[-82.93,44.8531],[-82.85,44.7948],[-82.77,44.7556],[-82.7439,44.7324],[-82.7374,44.704],[-82.7498,44.6755],[-82.79,44.6429],[-82.83,44.6269],[-82.87,44.626],[-82.89,44.6334],[-82.95,44.678],[-82.993,44.7608],[-83.0191,44.8602],[-83.0408,44.8885],[-83.09,44.924],[-83.1322,44.9876],[-83.1358,45.03],[-83.1231,45.0724],[-83.11,45.0867],[-83.05,45.1211],[-83.0345,45.143],[-83.0352,45.1571],[-83.0793,45.2135],[-83.1208,45.2839],[-83.1345,45.3402],[-83.1258,45.4104],[-83.1866,45.5367],[-83.1881,45.5927],[-83.17,45.6006],[-83.11,45.5961],[-83.0906,45.6067],[-83.0916,45.6766],[-83.11,45.721],[-83.13,45.7275],[-83.17,45.7286],[-83.19,45.7421],[-83.1988,45.7604],[-83.1953,45.7743]],[[-83.01,45.7064],[-83.03,45.7038],[-83.0379,45.6906],[-83.0052,45.5927],[-83.014,45.5507],[-83.01,45.5316],[-83.09,45.534],[-83.1134,45.5227],[-83.1218,45.4946],[-83.1187,45.4666],[-83.0869,45.3964],[-83.1016,45.3261],[-83.0923,45.2839],[-83.0663,45.2417],[-83.0005,45.1712],[-82.9872,45.143],[-82.9879,45.0724],[-82.9959,45.0583],[-83.03,45.0363],[-83.0318,45.0159],[-83.01,45.0045],[-82.95,45.0076],[-82.93,45.0022],[-82.852,44.9593],[-82.81,44.9557],[-82.7592,44.9735],[-82.71,45.0186],[-82.6631,45.0442],[-82.6507,45.0583],[-82.6499,45.0866],[-82.7694,45.2558],[-82.783,45.3542],[-82.845,45.4245],[-82.9474,45.5086],[-82.89,45.5136],[-82.8557,45.5227],[-82.8347,45.5367],[-82.827,45.5647],[-82.9133,45.6626],[-82.97,45.6949],[-83.01,45.7064]],[[-82.93,44.7817],[-82.93,44.7726],[-82.91,44.7506],[-82.89,44.7446],[-82.9087,44.775],[-82.93,44.7817]]]}},{"type":"Feature","properties":{"c":"#009900","v0":0.5,"v1":1.0},"geometry":{"type":"Polygon","coordinates":[[[-89.3609,45.3823],[-89.35,45.3924],[-89.33,45.3924],[-89.19,45.3729],[-89.1036,45.3402],[-89.0653,45.3121],[-89.0664,45.298],[-89.09,45.2961],[-89.21,45.3137],[-89.3609,45.3823]]]}},{"type":"Feature","properties":{"c":"#009900","v0":0.5,"v1":1.0},"geometry":{"type":"Polygon","coordinates":[[[-88.051,44.9168],[-88.0288,44.9027],[-88.03,44.8937],[-88.0551,44.9027],[-88.051,44.9168]]]}},{"type":"Feature","properties":{"c":"#009900","v0":0.5,"v1":1.0},"geometry":{"type":"Polygon","coordinates":[[[-88.0126,44.8743],[-88.01,44.8782],[-87.99,44.8752],[-87.97,44.8648],[-87.9424,44.8318],[-87.91,44.8107],[-87.81,44.7791],[-87.77,44.7741],[-87.67,44.7793],[-87.63,44.7762],[-87.49,44.7561],[-87.33,44.7154],[-87.29,44.7388],[-87.25,44.7417],[-87.2028,44.7182],[-87.1901,44.6898],[-87.21,44.6829],[-87.29,44.6824],[-87.35,44.6389],[-87.3725,44.6044],[-87.3657,44.5759],[-87.3333,44.5474],[-87.15,44.4287],[-86.9817,44.2903],[-86.7655,44.0895],[-86.7185,44.0176],[-86.6677,43.96],[-86.6132,43.9168],[-86.5778,43.8447],[-86.59,43.8371],[-86.6348,43.8592],[-86.69,43.8737],[-86.691,43.8592],[-86.6386,43.787],[-86.6039,43.7003],[-86.6008,43.6858],[-86.61,43.6674],[-86.63,43.6676],[-86.67,43.6863],[-86.851,43.8159],[-86.964,43.9024],[-87.0963,44.0176],[-87.1635,44.0895],[-87.29,44.1916],[-87.36,44.233],[-87.4764,44.3189],[-87.57,44.3638],[-87.6712,44.4333],[-88.0139,44.704],[-88.0388,44.7324],[-88.0461,44.7608],[-88.03,44.7753],[-87.9811,44.775],[-87.9691,44.7892],[-87.9806,44.8176],[-88.0071,44.846],[-88.0126,44.8743]],[[-87.69,44.74],[-87.7093,44.7324],[-87.7166,44.7182],[-87.6764,44.6613],[-87.65,44.6361],[-87.51,44.5555],[-87.49,44.5522],[-87.47,44.5612],[-87.4737,44.5759],[-87.5044,44.6044],[-87.5104,44.6186],[-87.4459,44.6471],[-87.4376,44.6755],[-87.45,44.688],[-87.5799,44.7324],[-87.65,44.7434],[-87.69,44.74]],[[-87.09,44.3058],[-87.09,44.2884],[-87.07,44.2735],[-87.05,44.2687],[-87.0433,44.2759],[-87.053,44.2903],[-87.07,44.3021],[-87.09,44.3058]],[[-87.01,44.1334],[-87.0136,44.1182],[-86.992,44.0895],[-86.91,44.0403],[-86.9015,44.0464],[-86.9302,44.0751],[-86.97,44.1109],[-87.01,44.1334]],[[-86.89,44.0374],[-86.8975,44.032],[-86.8595,43.9888],[-86.83,43.967],[-86.8063,43.96],[-86.7934,43.9744],[-86.7949,43.9888],[-86.8135,44.0032],[-86.89,44.0374]]]}},{"type":"Feature","properties":{"c":"#009900","v0":0.5,"v1":1.0},"geometry":{"type":"Polygon","coordinates":[[[-83.152,44.4618],[-83.13,44.4646],[-83.09,44.4592],[-83.074,44.4475],[-83.0751,44.4333],[-83.09,44.4191],[-83.114,44.419],[-83.15,44.4453],[-83.152,44.4618]]]}},{"type":"Feature","properties":{"c":"#009900","v0":0.5,"v1":1.0},"geometry":{"type":"Polygon","coordinates":[[[-87.3736,43.7581],[-87.35,43.7647],[-87.3238,43.7581],[-87.3064,43.7437],[-87.3085,43.7292],[-87.33,43.7257],[-87.35,43.7321],[-87.3669,43.7437],[-87.3736,43.7581]]]}},{"type":"Feature","properties":{"c":"#009900","v0":0.5,"v1":1.0},"geometry":{"type":"Polygon","coordinates":[[[-87.2594,43.628],[-87.19,43.6204],[-87.13,43.6008],[-87.0758,43.57],[-86.9535,43.483],[-86.8866,43.4249],[-86.87,43.4017],[-86.8655,43.3813],[-86.8887,43.3522],[-86.93,43.3432],[-86.9773,43.3668],[-87.07,43.4639],[-87.2279,43.57],[-87.2631,43.6135],[-87.2594,43.628]]]}},{"type":"Feature","properties":{"c":"#009900","v0":0.5,"v1":1.0},"geometry":{"type":"Polygon","coordinates":[[[-87.3518,43.1629],[-87.35,43.1701],[-87.33,43.174],[-87.31,43.1697],[-87.27,43.1557],[-87.25,43.1404],[-87.1449,43.0314],[-87.0641,42.9729],[-86.8577,42.753],[-86.8065,42.7089],[-86.803,42.6942],[-86.8166,42.6501],[-86.8125,42.6207],[-86.7267,42.3995],[-86.77,42.3877],[-86.7832,42.37],[-86.7818,42.3108],[-86.79,42.281],[-86.81,42.2747],[-86.83,42.2763],[-86.87,42.2914],[-86.91,42.3205],[-86.9551,42.37],[-86.9921,42.4881],[-87.1823,42.7971],[-87.25,42.9917],[-87.3518,43.1629]],[[-87.15,42.9486],[-87.1647,42.9436],[-87.169,42.929],[-87.1313,42.8117],[-87.05,42.6689],[-87.01,42.6234],[-86.99,42.6137],[-86.95,42.617],[-86.93,42.6308],[-86.9129,42.6648],[-86.942,42.7677],[-87.01,42.85],[-87.11,42.9313],[-87.15,42.9486]],[[-86.89,42.5343],[-86.9132,42.5176],[-86.89,42.4997],[-86.8732,42.5176],[-86.89,42.5343]]]}},{"type":"Feature","properties":{"c":"#009900","v0":0.5,"v1":1.0},"geometry":{"type":"Polygon","coordinates":[[[-86.3807,42.6207],[-86.37,42.6287],[-86.33,42.6237],[-86.27,42.5781],[-86.19,42.5446],[-86.1639,42.5028],[-86.099,42.4586],[-85.99,42.347],[-85.8358,42.222],[-85.769,42.1331],[-85.7471,42.0737],[-85.7358,41.94],[-85.749,41.9102],[-85.7786,41.8804],[-85.7872,41.7761],[-85.81,41.7481],[-85.83,41.7382],[-85.87,41.7392],[-85.93,41.7712],[-85.95,41.7753],[-85.99,41.7353],[-86.01,41.7304],[-86.03,41.7353],[-86.113,41.791],[-86.2352,41.94],[-86.261,41.9995],[-86.25,42.0361],[-86.23,42.0669],[-86.19,42.052],[-86.07,41.9693],[-86.05,41.9791],[-86.0433,42.0143],[-86.0635,42.0589],[-86.11,42.1163],[-86.2026,42.1924],[-86.23,42.267],[-86.27,42.3274],[-86.3355,42.3995],[-86.3387,42.4291],[-86.3305,42.4586],[-86.3607,42.5028],[-86.37,42.5569],[-86.3843,42.5912],[-86.3807,42.6207]],[[-86.23,42.4685],[-86.2423,42.4586],[-86.2504,42.3848],[-86.2291,42.3256],[-86.1411,42.1924],[-86.0019,42.0589],[-85.9609,41.9995],[-85.9531,41.9697],[-85.9814,41.9251],[-85.9742,41.8953],[-85.91,41.8434],[-85.89,41.8323],[-85.87,41.8325],[-85.8536,41.8655],[-85.8554,41.9251],[-85.8406,41.94],[-85.81,41.9527],[-85.7981,41.9697],[-85.8044,41.9995],[-85.8582,42.1183],[-85.9392,42.2516],[-86.1144,42.4291],[-86.17,42.4614],[-86.23,42.4685]],[[-86.13,41.9253],[-86.15,41.9227],[-86.153,41.9102],[-86.1402,41.8804],[-86.09,41.8193],[-86.07,41.8093],[-86.05,41.813],[-86.0429,41.8506],[-86.0576,41.8804],[-86.09,41.908],[-86.13,41.9253]]]}},{"type":"Feature","properties":{"c":"#009900","v0":0.5,"v1":1.0},"geometry":{"type":"Polygon","coordinates":[[[-102.2723,41.4171],[-102.2459,41.4171],[-102.2598,41.4021],[-102.27,41.4002],[-102.2771,41.4021],[-102.2723,41.4171]]]}},{"type":"Feature","properties":{"c":"#009900","v0":0.5,"v1":1.0},"geometry":{"type":"Polygon","coordinates":[[[-92.374,40.8598],[-92.35,40.8628],[-92.31,40.8492],[-92.25,40.8084],[-92.1973,40.7841],[-92.1603,40.7386],[-92.19,40.7308],[-92.25,40.7357],[-92.33,40.7793],[-92.37,40.8185],[-92.3805,40.8446],[-92.374,40.8598]]]}},{"type":"Feature","properties":{"c":"#009900","v0":0.5,"v1":1.0},"geometry":{"type":"Polygon","coordinates":[[[-92.8938,40.8295],[-92.87,40.8294],[-92.8221,40.7992],[-92.8048,40.7689],[-92.802,40.7538],[-92.81,40.7355],[-92.83,40.734],[-92.87,40.7568],[-92.8954,40.7992],[-92.8938,40.8295]]]}},{"type":"Feature","properties":{"c":"#009900","v0":0.5,"v1":1.0},"geometry":{"type":"Polygon","coordinates":[[[-92.0138,40.6931],[-91.99,40.6915],[-91.97,40.6813],[-91.9544,40.6628],[-91.97,40.653],[-91.99,40.658],[-92.0129,40.678],[-92.0138,40.6931]]]}},{"type":"Feature","properties":{"c":"#009900","v0":0.5,"v1":1.0},"geometry":{"type":"Polygon","coordinates":[[[-93.1147,40.5109],[-93.11,40.5182],[-93.09,40.523],[-93.07,40.5079],[-93.07,40.4825],[-93.0919,40.4805],[-93.1114,40.4957],[-93.1147,40.5109]]]}},{"type":"Feature","properties":{"c":"#009900","v0":0.5,"v1":1.0},"geometry":{"type":"Polygon","coordinates":[[[-92.4087,40.2824],[-92.39,40.2867],[-92.3719,40.2824],[-92.3619,40.2672],[-92.37,40.2491],[-92.41,40.2331],[-92.43,40.2368],[-92.4391,40.2519],[-92.4316,40.2672],[-92.4087,40.2824]]]}},{"type":"Feature","properties":{"c":"#009900","v0":0.5,"v1":1.0},"geometry":{"type":"Polygon","coordinates":[[[-88.3736,39.8692],[-88.37,39.8778],[-88.35,39.8783],[-88.33,39.8679],[-88.29,39.8234],[-88.2571,39.7616],[-88.2567,39.7463],[-88.27,39.7244],[-88.29,39.7284],[-88.33,39.7692],[-88.3694,39.8385],[-88.3736,39.8692]]]}},{"type":"Feature","properties":{"c":"#009900","v0":0.5,"v1":1.0},"geometry":{"type":"Polygon","coordinates":[[[-88.3651,39.5769],[-88.35,39.5899],[-88.33,39.5789],[-88.2816,39.5306],[-88.2451,39.4689],[-88.202,39.3298],[-88.2042,39.2524],[-88.2247,39.1749],[-88.2228,39.1284],[-88.2884,38.8485],[-88.33,38.788],[-88.37,38.774],[-88.41,38.7816],[-88.4132,38.7706],[-88.3368,38.5988],[-88.3276,38.4424],[-88.3496,38.3169],[-88.3178,38.2384],[-88.3094,38.1755],[-88.2814,38.1126],[-88.29,38.0571],[-88.31,38.0615],[-88.33,38.0889],[-88.3619,38.1913],[-88.39,38.2071],[-88.51,38.2333],[-88.5243,38.2384],[-88.5378,38.2541],[-88.5166,38.2855],[-88.5225,38.3012],[-88.55,38.3231],[-88.5877,38.3953],[-88.6302,38.4424],[-88.6812,38.5206],[-88.6916,38.6301],[-88.7236,38.755],[-88.71,38.8019],[-88.67,38.8421],[-88.6438,38.9419],[-88.63,38.9547],[-88.59,38.9484],[-88.551,38.9264],[-88.4996,38.8797],[-88.45,38.7972],[-88.43,38.7834],[-88.4154,38.7862],[-88.4618,38.8485],[-88.4878,38.9108],[-88.4968,38.973],[-88.5397,39.0973],[-88.5876,39.3453],[-88.5782,39.3762],[-88.55,39.3993],[-88.53,39.3947],[-88.45,39.3415],[-88.43,39.3334],[-88.41,39.3345],[-88.4118,39.3607],[-88.4588,39.4534],[-88.4671,39.5152],[-88.4638,39.5306],[-88.45,39.5428],[-88.39,39.538],[-88.3651,39.5769]],[[-88.59,38.8448],[-88.6035,38.8174],[-88.61,38.7623],[-88.65,38.7262],[-88.659,38.7082],[-88.6429,38.5519],[-88.6021,38.4737],[-88.57,38.4379],[-88.49,38.3863],[-88.45,38.386],[-88.4194,38.411],[-88.3954,38.458],[-88.3915,38.5363],[-88.3762,38.5988],[-88.3863,38.6457],[-88.43,38.7211],[-88.53,38.8232],[-88.57,38.8462],[-88.59,38.8448]],[[-88.53,39.3227],[-88.545,39.2988],[-88.5461,39.2679],[-88.501,39.0507],[-88.41,38.8778],[-88.39,38.8517],[-88.37,38.8471],[-88.33,38.8853],[-88.3124,38.9264],[-88.3029,39.0507],[-88.2807,39.1128],[-88.2825,39.1439],[-88.3326,39.2214],[-88.3676,39.2524],[-88.47,39.3101],[-88.51,39.3245],[-88.53,39.3227]],[[-88.39,39.4654],[-88.4021,39.4534],[-88.4008,39.438],[-88.37,39.371],[-88.31,39.3169],[-88.29,39.3094],[-88.27,39.3137],[-88.2568,39.3298],[-88.2569,39.3453],[-88.29,39.4046],[-88.35,39.4594],[-88.39,39.4654]]]}},{"type":"Feature","properties":{"c":"#009900","v0":0.5,"v1":1.0},"geometry":{"type":"Polygon","coordinates":[[[-75.5225,39.1284],[-75.49,39.13],[-75.4727,39.1128],[-75.4805,38.9886],[-75.49,38.97],[-75.51,38.9703],[-75.53,38.9791],[-75.5661,39.0197],[-75.6251,39.0663],[-75.6283,39.0818],[-75.61,39.0935],[-75.57,39.0988],[-75.5225,39.1284]]]}},{"type":"Feature","properties":{"c":"#009900","v0":0.5,"v1":1.0},"geometry":{"type":"Polygon","coordinates":[[[-75.2573,39.0663],[-75.2052,39.0663],[-75.07,39.0251],[-74.97,38.9757],[-74.9473,38.9575],[-74.9322,38.8952],[-74.8812,38.8485],[-74.8686,38.8174],[-74.89,38.7955],[-74.9513,38.7706],[-74.9428,38.6926],[-74.97,38.6604],[-75.01,38.6537],[-75.09,38.6815],[-75.15,38.7213],[-75.19,38.7589],[-75.25,38.7893],[-75.3105,38.8329],[-75.3199,38.8485],[-75.2986,38.8797],[-75.2974,38.8952],[-75.3234,38.9264],[-75.3323,38.9575],[-75.3057,39.0352],[-75.29,39.0531],[-75.2573,39.0663]],[[-75.25,38.9799],[-75.27,38.9658],[-75.2727,38.9419],[-75.231,38.8797],[-75.2256,38.8329],[-75.2123,38.8174],[-75.15,38.7941],[-75.11,38.7931],[-75.09,38.8018],[-75.0605,38.8329],[-75.0502,38.8641],[-75.0165,38.9108],[-75.0134,38.9264],[-75.0209,38.9419],[-75.0556,38.973],[-75.09,38.987],[-75.25,38.9799]],[[-75.07,38.7551],[-75.0818,38.7394],[-75.07,38.7221],[-75.03,38.7135],[-75.009,38.7238],[-75.0098,38.7394],[-75.03,38.7537],[-75.07,38.7551]]]}},{"type":"Feature","properties":{"c":"#009900","v0":0.5,"v1":1.0},"geometry":{"type":"Polygon","coordinates":[[[-76.0494,38.6926],[-76.03,38.7054],[-75.99,38.6997],[-75.8358,38.5988],[-75.8178,38.5363],[-75.7876,38.4893],[-75.7862,38.4267],[-75.71,38.3937],[-75.6394,38.3326],[-75.626,38.2855],[-75.6392,38.2384],[-75.6209,38.1755],[-75.629,38.1284],[-75.5903,38.0496],[-75.6053,38.0024],[-75.5896,37.9235],[-75.5928,37.9078],[-75.61,37.8944],[-75.65,37.8954],[-75.7393,37.9235],[-75.7689,37.9393],[-75.7818,37.9551],[-75.8127,38.0339],[-75.799,38.0811],[-75.8103,38.1284],[-75.8093,38.1755],[-75.8288,38.2384],[-75.8297,38.2855],[-75.8439,38.3483],[-75.8299,38.3953],[-75.8322,38.411],[-75.89,38.4267],[-75.9288,38.458],[-75.9629,38.5363],[-76.0482,38.6145],[-76.0568,38.6457],[-76.0494,38.6926]],[[-75.89,38.5113],[-75.8995,38.4893],[-75.8945,38.4737],[-75.87,38.4592],[-75.85,38.4705],[-75.8503,38.4893],[-75.87,38.5082],[-75.89,38.5113]],[[-75.77,38.3843],[-75.79,38.3792],[-75.8097,38.364],[-75.8171,38.3326],[-75.7473,38.1598],[-75.7563,38.1284],[-75.7477,38.0654],[-75.7685,38.0181],[-75.7562,37.9866],[-75.73,37.9569],[-75.69,37.9392],[-75.65,37.9384],[-75.6355,37.9551],[-75.6346,37.9708],[-75.6525,38.0181],[-75.6473,38.0654],[-75.6753,38.1284],[-75.6779,38.1755],[-75.6997,38.2384],[-75.6957,38.3326],[-75.71,38.3596],[-75.73,38.3755],[-75.77,38.3843]]]}},{"type":"Feature","properties":{"c":"#009900","v0":0.5,"v1":1.0},"geometry":{"type":"Polygon","coordinates":[[[-74.7251,38.5832],[-74.69,38.5929],[-74.63,38.5899],[-74.61,38.5806],[-74.592,38.5519],[-74.5927,38.5363],[-74.61,38.509],[-74.6692,38.4737],[-74.6412,38.4424],[-74.6321,38.411],[-74.6383,38.3953],[-74.6913,38.3483],[-74.7216,38.2855],[-74.7126,38.2227],[-74.6716,38.1441],[-74.6655,38.0969],[-74.65,38.0779],[-74.59,38.0495],[-74.4332,37.9235],[-74.4196,37.9078],[-74.416,37.8762],[-74.4486,37.8446],[-74.49,37.8314],[-74.55,37.8347],[-74.63,37.8704],[-74.71,37.8654],[-74.77,37.8706],[-74.8821,37.8288],[-74.8567,37.7972],[-74.7939,37.7498],[-74.7864,37.734],[-74.7991,37.7181],[-74.85,37.6904],[-74.8692,37.6707],[-74.8635,37.639],[-74.83,37.6056],[-74.712,37.5597],[-74.6918,37.5439],[-74.6855,37.528],[-74.6917,37.5122],[-74.747,37.4804],[-74.7443,37.4645],[-74.705,37.401],[-74.7033,37.3851],[-74.7121,37.3692],[-74.77,37.3275],[-74.8859,37.3056],[-74.9241,37.2897],[-74.93,37.2795],[-74.933,37.226],[-74.9258,37.1942],[-74.8648,37.1304],[-74.7942,37.0826],[-74.7925,37.0666],[-74.819,37.0187],[-74.8395,37.0027],[-74.87,36.996],[-74.91,37.0056],[-74.9488,37.0347],[-74.99,37.1163],[-75.091,37.2101],[-75.144,37.2738],[-75.1403,37.3056],[-75.0951,37.3533],[-75.0968,37.3692],[-75.1333,37.4328],[-75.1314,37.4487],[-75.101,37.4645],[-75.091,37.4804],[-75.11,37.5118],[-75.13,37.5218],[-75.2725,37.5597],[-75.2786,37.5756],[-75.23,37.6171],[-75.2219,37.639],[-75.23,37.6557],[-75.2754,37.6865],[-75.2794,37.7023],[-75.2333,37.7498],[-75.239,37.7972],[-75.2228,37.8604],[-75.21,37.8709],[-75.2056,37.892],[-75.2092,37.9393],[-75.2231,37.9866],[-75.21,38.0126],[-75.17,38.0241],[-75.1263,38.0181],[-75.0887,38.0024],[-75.01,37.9391],[-74.97,37.9386],[-74.9194,37.9708],[-74.8931,38.0496],[-74.8745,38.0811],[-74.8954,38.1284],[-74.8898,38.1755],[-74.9118,38.207],[-74.93,38.2679],[-75.0432,38.3483],[-75.0885,38.3953],[-75.1026,38.4267],[-75.09,38.4684],[-75.07,38.4838],[-75.05,38.4856],[-74.95,38.4666],[-74.8912,38.4737],[-74.8717,38.4893],[-74.9015,38.5363],[-74.9016,38.5519],[-74.89,38.5673],[-74.87,38.5721],[-74.81,38.5637],[-74.7251,38.5832]],[[-74.69,38.5536],[-74.6996,38.5363],[-74.69,38.5295],[-74.67,38.5273],[-74.656,38.5363],[-74.662,38.5519],[-74.69,38.5536]],[[-74.69,38.0036],[-74.7462,37.9866],[-74.7887,37.9551],[-74.7838,37.9235],[-74.7631,37.9078],[-74.71,37.893],[-74.6079,37.9078],[-74.59,37.9029],[-74.5617,37.8762],[-74.53,37.8649],[-74.49,37.8676],[-74.4718,37.8762],[-74.4638,37.892],[-74.4708,37.9078],[-74.53,37.9453],[-74.5761,37.9866],[-74.61,38.0009],[-74.69,38.0036]],[[-74.91,37.0944],[-74.9151,37.0826],[-74.9042,37.0506],[-74.89,37.0395],[-74.87,37.0389],[-74.8568,37.0506],[-74.8537,37.0666],[-74.87,37.0836],[-74.91,37.0944]],[[-75.15,37.9357],[-75.1594,37.9078],[-75.1373,37.8604],[-75.1745,37.813],[-75.1626,37.734],[-75.1869,37.7023],[-75.181,37.6548],[-75.1997,37.5914],[-75.1921,37.5756],[-75.0939,37.528],[-75.0558,37.4963],[-75.0512,37.4645],[-75.0659,37.4169],[-75.0225,37.3533],[-74.99,37.3441],[-74.87,37.3484],[-74.83,37.3552],[-74.8026,37.3692],[-74.7952,37.3851],[-74.8279,37.4804],[-74.8,37.528],[-74.8066,37.5439],[-74.8937,37.6073],[-74.9308,37.6548],[-74.9415,37.6865],[-74.9286,37.7023],[-74.8756,37.734],[-74.8713,37.7498],[-74.879,37.7656],[-74.93,37.816],[-75.0295,37.8446],[-75.05,37.8912],[-75.09,37.9196],[-75.13,37.9371],[-75.15,37.9357]],[[-74.89,37.9287],[-74.9054,37.9235],[-74.9207,37.9078],[-74.91,37.895],[-74.87,37.8828],[-74.85,37.8898],[-74.8419,37.9078],[-74.85,37.9222],[-74.87,37.9299],[-74.89,37.9287]],[[-74.77,38.446],[-74.85,38.4232],[-74.89,38.4003],[-74.99,38.4395],[-75.03,38.4418],[-75.0555,38.4267],[-75.0547,38.411],[-75.0193,38.364],[-74.905,38.3012],[-74.89,38.2856],[-74.8759,38.2227],[-74.8248,38.1284],[-74.8095,38.1126],[-74.77,38.1048],[-74.73,38.1158],[-74.7127,38.1441],[-74.77,38.2424],[-74.8261,38.3012],[-74.77,38.3134],[-74.7351,38.364],[-74.69,38.3944],[-74.6786,38.411],[-74.6805,38.4267],[-74.71,38.4475],[-74.75,38.4518],[-74.77,38.446]],[[-75.05,37.291],[-75.0732,37.2738],[-75.0709,37.242],[-75.05,37.2183],[-75.03,37.2081],[-75.01,37.207],[-74.9897,37.226],[-74.9904,37.2579],[-75.01,37.2788],[-75.05,37.291]]]}},{"type":"Feature","properties":{"c":"#009900","v0":0.5,"v1":1.0},"geometry":{"type":"Polygon","coordinates":[[[-88.4176,37.9078],[-88.41,37.9145],[-88.39,37.9155],[-88.37,37.9056],[-88.3556,37.8762],[-88.3693,37.8604],[-88.41,37.888],[-88.4176,37.9078]]]}},{"type":"Feature","properties":{"c":"#009900","v0":0.5,"v1":1.0},"geometry":{"type":"Polygon","coordinates":[[[-88.2731,37.7656],[-88.25,37.7666],[-88.2354,37.734],[-88.2361,37.7023],[-88.25,37.6768],[-88.27,37.6888],[-88.2926,37.7181],[-88.2928,37.734],[-88.2731,37.7656]]]}},{"type":"Feature","properties":{"c":"#009900","v0":0.5,"v1":1.0},"geometry":{"type":"Polygon","coordinates":[[[-77.8544,37.3056],[-77.83,37.3],[-77.7968,37.2738],[-77.7851,37.2579],[-77.79,37.2431],[-77.81,37.2491],[-77.8447,37.2738],[-77.8555,37.2897],[-77.8544,37.3056]]]}},{"type":"Feature","properties":{"c":"#009900","v0":0.5,"v1":1.0},"geometry":{"type":"Polygon","coordinates":[[[-75.4341,37.2579],[-75.41,37.2657],[-75.39,37.2623],[-75.3682,37.242],[-75.37,37.2226],[-75.39,37.2123],[-75.4294,37.226],[-75.4396,37.242],[-75.4341,37.2579]]]}},{"type":"Feature","properties":{"c":"#009900","v0":0.5,"v1":1.0},"geometry":{"type":"Polygon","coordinates":[[[-77.9485,37.1942],[-77.93,37.2012],[-77.91,37.2001],[-77.85,37.1849],[-77.81,37.173],[-77.77,37.1483],[-77.7361,37.1145],[-77.7194,37.0826],[-77.7188,37.0506],[-77.7358,37.0187],[-77.77,37.0067],[-77.81,37.01],[-77.85,37.0252],[-77.91,37.066],[-77.9396,37.0985],[-77.9539,37.1304],[-77.9571,37.1782],[-77.9485,37.1942]],[[-77.89,37.1415],[-77.9034,37.1304],[-77.9038,37.1145],[-77.8793,37.0826],[-77.83,37.0553],[-77.79,37.0563],[-77.7781,37.0666],[-77.7759,37.0826],[-77.7983,37.1145],[-77.85,37.1397],[-77.89,37.1415]]]}},{"type":"Feature","properties":{"c":"#009900","v0":0.5,"v1":1.0},"geometry":{"type":"Polygon","coordinates":[[[-88.3724,36.7948],[-88.23,36.7875],[-88.13,36.7543],[-88.1159,36.7307],[-88.155,36.6345],[-88.1784,36.6184],[-88.21,36.6092],[-88.31,36.6015],[-88.3671,36.5863],[-88.41,36.4959],[-88.43,36.4838],[-88.47,36.4916],[-88.53,36.5234],[-88.59,36.4975],[-88.63,36.513],[-88.6519,36.5381],[-88.6679,36.6023],[-88.63,36.6507],[-88.5631,36.6665],[-88.547,36.6826],[-88.5634,36.7307],[-88.55,36.7445],[-88.5039,36.7307],[-88.4789,36.7147],[-88.4886,36.6826],[-88.41,36.6127],[-88.397,36.6184],[-88.3816,36.6665],[-88.3843,36.6826],[-88.4017,36.6986],[-88.4497,36.7147],[-88.4583,36.7307],[-88.4068,36.7788],[-88.3724,36.7948]]]}},{"type":"Feature","properties":{"c":"#009900","v0":0.5,"v1":1.0},"geometry":{"type":"Polygon","coordinates":[[[-77.7876,36.7467],[-77.69,36.7535],[-77.65,36.7465],[-77.61,36.7306],[-77.5899,36.7147],[-77.575,36.6826],[-77.5733,36.6345],[-77.5919,36.6023],[-77.63,36.5812],[-77.67,36.577],[-77.71,36.5829],[-77.7461,36.6023],[-77.8022,36.6986],[-77.8046,36.7307],[-77.7876,36.7467]],[[-77.73,36.7206],[-77.7551,36.6986],[-77.7463,36.6665],[-77.7245,36.6345],[-77.69,36.6114],[-77.65,36.6099],[-77.63,36.6182],[-77.6137,36.6505],[-77.6172,36.6826],[-77.63,36.7049],[-77.67,36.7252],[-77.73,36.7206]]]}},{"type":"Feature","properties":{"c":"#009900","v0":0.5,"v1":1.0},"geometry":{"type":"Polygon","coordinates":[[[-88.6418,36.4255],[-88.61,36.4378],[-88.59,36.4352],[-88.57,36.4099],[-88.57,36.3925],[-88.59,36.3822],[-88.61,36.3878],[-88.6435,36.4094],[-88.6418,36.4255]]]}},{"type":"Feature","properties":{"c":"#009900","v0":0.5,"v1":1.0},"geometry":{"type":"Polygon","coordinates":[[[-87.4221,35.2091],[-87.33,35.2245],[-87.31,35.2206],[-87.2577,35.1764],[-87.2345,35.1437],[-87.2446,35.0947],[-87.2406,35.0292],[-87.25,35.0102],[-87.3071,34.98],[-87.319,34.9636],[-87.33,34.8788],[-87.45,34.8521],[-87.5003,34.8652],[-87.5197,34.8816],[-87.5225,34.898],[-87.5166,34.9144],[-87.494,34.9308],[-87.43,34.9367],[-87.423,34.9472],[-87.4273,34.9636],[-87.4999,35.0455],[-87.5601,35.1437],[-87.5523,35.1601],[-87.53,35.177],[-87.4221,35.2091]]]}},{"type":"Feature","properties":{"c":"#009900","v0":0.5,"v1":1.0},"geometry":{"type":"Polygon","coordinates":[[[-87.7005,35.0455],[-87.65,35.0564],[-87.61,35.0471],[-87.5842,35.0292],[-87.5727,34.9964],[-87.5843,34.98],[-87.6214,34.9636],[-87.6695,34.9308],[-87.7165,34.8816],[-87.69,34.8783],[-87.65,34.9032],[-87.63,34.9062],[-87.5792,34.8816],[-87.5705,34.8652],[-87.5811,34.8488],[-87.65,34.8096],[-87.73,34.7532],[-87.7677,34.7174],[-87.8177,34.6187],[-87.85,34.5737],[-87.9813,34.5199],[-88.0042,34.5034],[-88.01,34.4841],[-88.03,34.4643],[-88.0385,34.4869],[-88.0434,34.6187],[-88.0658,34.668],[-88.0503,34.6845],[-87.91,34.7261],[-87.8781,34.7503],[-87.8745,34.7831],[-87.912,34.8324],[-87.9106,34.8488],[-87.89,34.8629],[-87.87,34.8667],[-87.81,34.8591],[-87.7864,34.8652],[-87.7922,34.9144],[-87.7799,34.9472],[-87.7203,35.0128],[-87.7005,35.0455]]]}},{"type":"Feature","properties":{"c":"#009900","v0":0.5,"v1":1.0},"geometry":{"type":"Polygon","coordinates":[[[-87.5647,34.1896],[-87.53,34.1993],[-87.47,34.1795],[-87.4246,34.14],[-87.4122,34.1068],[-87.43,34.0008],[-87.45,33.9892],[-87.51,33.9877],[-87.5332,33.9411],[-87.5265,33.8747],[-87.5483,33.8082],[-87.57,33.7848],[-87.61,33.7806],[-87.635,33.7916],[-87.69,33.8641],[-87.71,33.8743],[-87.77,33.8818],[-87.79,33.8936],[-87.8735,33.9908],[-87.8801,34.0074],[-87.87,34.0282],[-87.79,34.0483],[-87.73,34.0842],[-87.69,34.0936],[-87.61,34.0997],[-87.5982,34.1068],[-87.5647,34.1896]],[[-87.75,33.9917],[-87.7608,33.9742],[-87.7301,33.9577],[-87.71,33.9628],[-87.6979,33.9742],[-87.7274,33.9908],[-87.75,33.9917]]]}},{"type":"Feature","properties":{"c":"#009900","v0":0.5,"v1":1.0},"geometry":{"type":"Polygon","coordinates":[[[-86.5558,34.14],[-86.55,34.1451],[-86.53,34.1441],[-86.51,34.1345],[-86.4311,34.0737],[-86.33,33.9819],[-86.286,33.9245],[-86.2514,33.8414],[-86.15,33.7318],[-86.11,33.713],[-85.8986,33.6585],[-85.89,33.637],[-85.91,33.6276],[-85.95,33.6303],[-85.97,33.6203],[-85.9737,33.5919],[-85.9644,33.5752],[-85.9253,33.5419],[-85.79,33.5038],[-85.7531,33.4585],[-85.7321,33.3917],[-85.7278,33.3249],[-85.7346,33.2915],[-85.79,33.2263],[-85.8065,33.1576],[-85.8208,33.1409],[-85.85,33.1288],[-85.95,33.1173],[-85.99,33.1196],[-86.03,33.1446],[-86.15,33.2557],[-86.17,33.2626],[-86.21,33.258],[-86.2308,33.2413],[-86.2312,33.2246],[-86.2042,33.1576],[-86.2095,33.1074],[-86.25,33.0538],[-86.27,33.0405],[-86.3204,33.0235],[-86.3252,33.0068],[-86.3108,32.9732],[-86.3148,32.9564],[-86.35,32.9313],[-86.39,32.9351],[-86.41,32.9531],[-86.4155,32.9732],[-86.4038,33.0068],[-86.4074,33.0235],[-86.43,33.0308],[-86.45,33.0305],[-86.51,33.0023],[-86.5664,32.99],[-86.59,32.9926],[-86.6108,33.0068],[-86.6414,33.0738],[-86.7001,33.1576],[-86.6955,33.1744],[-86.6518,33.2078],[-86.6422,33.2246],[-86.6424,33.258],[-86.71,33.4171],[-86.7726,33.4752],[-86.7709,33.4919],[-86.7455,33.5252],[-86.7547,33.5586],[-86.7504,33.5752],[-86.71,33.5922],[-86.65,33.6393],[-86.637,33.6585],[-86.6267,33.7417],[-86.6374,33.775],[-86.6884,33.8248],[-86.7101,33.8581],[-86.7287,33.8747],[-86.7928,33.9079],[-86.803,33.9245],[-86.73,33.9493],[-86.69,33.9497],[-86.65,33.9386],[-86.6248,33.9411],[-86.6097,33.9742],[-86.554,34.024],[-86.5671,34.1068],[-86.5558,34.14]],[[-86.49,33.9624],[-86.506,33.9411],[-86.4938,33.9079],[-86.4778,33.8913],[-86.41,33.8669],[-86.3932,33.8747],[-86.3873,33.9079],[-86.3986,33.9245],[-86.45,33.9592],[-86.49,33.9624]],[[-86.39,33.8474],[-86.3971,33.7916],[-86.41,33.7851],[-86.51,33.8231],[-86.53,33.8208],[-86.5435,33.8082],[-86.5539,33.775],[-86.534,33.7084],[-86.5402,33.6918],[-86.57,33.6722],[-86.59,33.6477],[-86.6165,33.5752],[-86.5872,33.4919],[-86.5908,33.4251],[-86.5306,33.3416],[-86.5445,33.2747],[-86.5442,33.1911],[-86.5341,33.1576],[-86.5074,33.1241],[-86.47,33.1012],[-86.41,33.0777],[-86.37,33.0739],[-86.3162,33.0906],[-86.27,33.1219],[-86.2577,33.1409],[-86.2638,33.1744],[-86.3318,33.2747],[-86.3419,33.3249],[-86.33,33.3538],[-86.31,33.3536],[-86.25,33.324],[-86.17,33.3211],[-86.11,33.3063],[-86.0542,33.2747],[-86.01,33.214],[-85.99,33.2076],[-85.95,33.2256],[-85.89,33.2222],[-85.8713,33.2413],[-85.8347,33.3082],[-85.8318,33.4084],[-85.8406,33.4418],[-85.8598,33.4585],[-85.9619,33.5085],[-86.01,33.5441],[-86.05,33.6056],[-86.07,33.6242],[-86.09,33.6271],[-86.17,33.5966],[-86.21,33.5979],[-86.25,33.6157],[-86.324,33.6918],[-86.3589,33.7417],[-86.3679,33.775],[-86.3549,33.8082],[-86.37,33.8412],[-86.39,33.8474]]]}},{"type":"Feature","properties":{"c":"#009900","v0":0.5,"v1":1.0},"geometry":{"type":"Polygon","coordinates":[[[-87.3875,33.9577],[-87.37,33.9635],[-87.33,33.9548],[-87.2963,33.9245],[-87.3,33.9079],[-87.33,33.8994],[-87.3639,33.9079],[-87.3902,33.9245],[-87.3956,33.9411],[-87.3875,33.9577]]]}},{"type":"Feature","properties":{"c":"#009900","v0":0.5,"v1":1.0},"geometry":{"type":"Polygon","coordinates":[[[-87.1717,33.9079],[-87.15,33.9179],[-87.138,33.8747],[-87.15,33.8579],[-87.17,33.8527],[-87.182,33.8581],[-87.1863,33.8747],[-87.1717,33.9079]]]}},{"type":"Feature","properties":{"c":"#009900","v0":0.5,"v1":1.0},"geometry":{"type":"Polygon","coordinates":[[[-84.9761,33.8913],[-84.95,33.8966],[-84.93,33.8918],[-84.89,33.8757],[-84.87,33.8601],[-84.8371,33.8082],[-84.7757,33.7417],[-84.7301,33.6419],[-84.65,33.6298],[-84.532,33.5252],[-84.5168,33.4919],[-84.5288,33.4585],[-84.5259,33.4251],[-84.4799,33.3416],[-84.4784,33.3249],[-84.49,33.3015],[-84.51,33.2946],[-84.55,33.3013],[-84.5896,33.3249],[-84.6199,33.3583],[-84.65,33.3734],[-84.89,33.4403],[-84.95,33.4714],[-85.01,33.4865],[-85.113,33.5252],[-85.1411,33.5419],[-85.1532,33.5586],[-85.1675,33.6419],[-85.1563,33.6585],[-85.13,33.6736],[-85.0698,33.6918],[-85.07,33.7239],[-85.0895,33.7916],[-85.0862,33.8248],[-85.07,33.8447],[-84.9761,33.8913]],[[-84.97,33.8324],[-85.01,33.8099],[-85.021,33.7916],[-85.0043,33.6918],[-85.0169,33.6585],[-85.051,33.6252],[-85.0559,33.6085],[-85.0148,33.5586],[-84.99,33.5441],[-84.91,33.5451],[-84.8801,33.5586],[-84.862,33.5919],[-84.8869,33.6585],[-84.8895,33.6918],[-84.885,33.7084],[-84.8547,33.7417],[-84.8713,33.775],[-84.91,33.8209],[-84.93,33.8345],[-84.97,33.8324]],[[-84.67,33.5756],[-84.71,33.564],[-84.75,33.5649],[-84.7655,33.5586],[-84.7607,33.5252],[-84.73,33.5052],[-84.65,33.4798],[-84.61,33.4756],[-84.5874,33.4919],[-84.583,33.5085],[-84.5908,33.5252],[-84.63,33.5602],[-84.67,33.5756]]]}},{"type":"Feature","properties":{"c":"#009900","v0":0.5,"v1":1.0},"geometry":{"type":"Polygon","coordinates":[[[-84.2471,33.8747],[-84.23,33.8858],[-84.21,33.8881],[-84.15,33.8743],[-84.07,33.8807],[-84.03,33.8716],[-83.99,33.8518],[-83.8815,33.7583],[-83.8599,33.6918],[-83.8337,33.6419],[-83.8335,33.6252],[-83.8481,33.6085],[-83.87,33.6002],[-83.91,33.6028],[-83.99,33.6444],[-84.11,33.6713],[-84.21,33.7147],[-84.2608,33.7583],[-84.279,33.8082],[-84.2802,33.8414],[-84.2471,33.8747]],[[-84.07,33.8582],[-84.2175,33.8414],[-84.2365,33.8248],[-84.2407,33.8082],[-84.2265,33.7583],[-84.19,33.7281],[-84.13,33.7057],[-84.01,33.6919],[-83.95,33.6724],[-83.93,33.6698],[-83.9155,33.6752],[-83.9101,33.7084],[-83.9352,33.7583],[-84.0223,33.8414],[-84.07,33.8582]]]}},{"type":"Feature","properties":{"c":"#009900","v0":0.5,"v1":1.0},"geometry":{"type":"Polygon","coordinates":[[[-77.2334,33.0906],[-77.21,33.0898],[-77.1971,33.0738],[-77.21,33.0576],[-77.23,33.055],[-77.25,33.0688],[-77.253,33.0738],[-77.2334,33.0906]]]}},{"type":"Feature","properties":{"c":"#009900","v0":0.5,"v1":1.0},"geometry":{"type":"Polygon","coordinates":[[[-77.1112,33.0403],[-77.0818,33.0403],[-77.0762,33.0235],[-77.09,33.0149],[-77.11,33.014],[-77.1228,33.0235],[-77.1112,33.0403]]]}},{"type":"Feature","properties":{"c":"#009900","v0":0.5,"v1":1.0},"geometry":{"type":"Polygon","coordinates":[[[-76.9982,32.99],[-76.95,33.0026],[-76.9103,32.99],[-76.896,32.9732],[-76.8991,32.9397],[-76.9168,32.9229],[-76.95,32.9104],[-76.99,32.9192],[-77.0135,32.9564],[-77.0112,32.9732],[-76.9982,32.99]],[[-76.95,32.9767],[-76.97,32.9693],[-76.9769,32.9564],[-76.97,32.9423],[-76.95,32.9373],[-76.9276,32.9564],[-76.9389,32.9732],[-76.95,32.9767]]]}},{"type":"Feature","properties":{"c":"#009900","v0":0.5,"v1":1.0},"geometry":{"type":"Polygon","coordinates":[[[-85.7519,32.6875],[-85.73,32.6864],[-85.6713,32.6201],[-85.59,32.5662],[-85.5705,32.5359],[-85.5704,32.5021],[-85.59,32.4702],[-85.67,32.413],[-85.69,32.4078],[-85.71,32.4227],[-85.7573,32.4853],[-85.8296,32.5359],[-85.8504,32.5696],[-85.8448,32.6033],[-85.8326,32.6201],[-85.7836,32.637],[-85.765,32.6538],[-85.7519,32.6875]],[[-85.71,32.562],[-85.7208,32.5527],[-85.69,32.5274],[-85.67,32.5235],[-85.6508,32.5359],[-85.67,32.5579],[-85.69,32.5651],[-85.71,32.562]]]}},{"type":"Feature","properties":{"c":"#009900","v0":0.5,"v1":1.0},"geometry":{"type":"Polygon","coordinates":[[[-85.7199,32.2826],[-85.69,32.2959],[-85.67,32.2909],[-85.6484,32.2657],[-85.6358,32.198],[-85.65,32.1635],[-85.67,32.1527],[-85.69,32.1558],[-85.7347,32.1811],[-85.7602,32.2149],[-85.7481,32.2488],[-85.7199,32.2826]]]}},{"type":"Feature","properties":{"c":"#009900","v0":0.5,"v1":1.0},"geometry":{"type":"Polygon","coordinates":[[[-78.1563,31.7228],[-78.13,31.7323],[-78.1026,31.7228],[-78.0939,31.7058],[-78.0954,31.6718],[-78.1022,31.6548],[-78.13,31.6259],[-78.15,31.6151],[-78.19,31.6141],[-78.21,31.6292],[-78.2116,31.6548],[-78.19,31.6909],[-78.1563,31.7228]]]}},{"type":"Feature","properties":{"c":"#009900","v0":0.5,"v1":1.0},"geometry":{"type":"Polygon","coordinates":[[[-78.1214,31.3649],[-78.09,31.3645],[-78.0537,31.3478],[-78.0564,31.3307],[-78.19,31.2984],[-78.208,31.3136],[-78.1681,31.3478],[-78.1214,31.3649]]]}},{"type":"Feature","properties":{"c":"#009900","v0":0.5,"v1":1.0},"geometry":{"type":"Polygon","coordinates":[[[-77.0993,31.2452],[-77.07,31.2566],[-77.03,31.2594],[-76.95,31.238],[-76.9243,31.211],[-76.8969,31.1597],[-76.8965,31.1426],[-76.994,31.0227],[-77.01,31.0119],[-77.05,31.0014],[-77.13,31.0115],[-77.17,31.0033],[-77.1763,31.0227],[-77.1704,31.057],[-77.1136,31.1426],[-77.1091,31.1597],[-77.1222,31.211],[-77.1183,31.2281],[-77.0993,31.2452]]]}},{"type":"Feature","properties":{"c":"#009900","v0":0.5,"v1":1.0},"geometry":{"type":"Polygon","coordinates":[[[-76.7073,31.2452],[-76.67,31.2512],[-76.6227,31.2452],[-76.5924,31.2281],[-76.5944,31.211],[-76.6129,31.1939],[-76.65,31.1817],[-76.69,31.1796],[-76.71,31.1855],[-76.7378,31.211],[-76.7337,31.2281],[-76.7073,31.2452]]]}},{"type":"Feature","properties":{"c":"#009900","v0":0.5,"v1":1.0},"geometry":{"type":"Polygon","coordinates":[[[-79.6604,30.8683],[-79.65,30.8795],[-79.61,30.8786],[-79.55,30.8566],[-79.5351,30.8339],[-79.55,30.8154],[-79.59,30.8074],[-79.63,30.8086],[-79.6591,30.8339],[-79.6604,30.8683]]]}},{"type":"Feature","properties":{"c":"#009900","v0":0.5,"v1":1.0},"geometry":{"type":"Polygon","coordinates":[[[-82.5245,30.8168],[-82.51,30.828],[-82.49,30.8297],[-82.4493,30.8168],[-82.43,30.802],[-82.35,30.7861],[-82.23,30.7155],[-82.2203,30.6964],[-82.2218,30.6792],[-82.23,30.6719],[-82.25,30.6709],[-82.31,30.69],[-82.3767,30.7308],[-82.43,30.7955],[-82.49,30.7921],[-82.5136,30.7996],[-82.5245,30.8168]]]}},{"type":"Feature","properties":{"c":"#009900","v0":0.5,"v1":1.0},"geometry":{"type":"Polygon","coordinates":[[[-79.4864,30.5588],[-79.47,30.57],[-79.43,30.5746],[-79.39,30.5673],[-79.35,30.5446],[-79.3354,30.5243],[-79.3284,30.4898],[-79.3095,30.4554],[-79.1109,30.2828],[-79.0701,30.2137],[-78.9985,30.1445],[-78.9835,30.1099],[-79.01,30.0634],[-79.03,30.0527],[-79.05,30.0538],[-79.07,30.0657],[-79.1331,30.1445],[-79.31,30.1911],[-79.37,30.2168],[-79.41,30.2449],[-79.45,30.2913],[-79.47,30.3002],[-79.53,30.2928],[-79.5595,30.3001],[-79.59,30.3178],[-79.6132,30.3519],[-79.6081,30.4209],[-79.6359,30.4726],[-79.6375,30.4898],[-79.6161,30.5071],[-79.55,30.5121],[-79.53,30.5196],[-79.4864,30.5588]],[[-79.47,30.5167],[-79.4884,30.4898],[-79.4838,30.4554],[-79.4508,30.3519],[-79.39,30.2601],[-79.37,30.2431],[-79.31,30.2191],[-79.19,30.192],[-79.1441,30.1964],[-79.1293,30.2137],[-79.1265,30.231],[-79.1412,30.2655],[-79.39,30.4955],[-79.43,30.5198],[-79.45,30.5231],[-79.47,30.5167]],[[-79.55,30.3918],[-79.57,30.3773],[-79.5734,30.3519],[-79.55,30.3298],[-79.53,30.3273],[-79.5136,30.3346],[-79.5006,30.3519],[-79.5024,30.3691],[-79.53,30.3909],[-79.55,30.3918]]]}},{"type":"Feature","properties":{"c":"#009900","v0":0.5,"v1":1.0},"geometry":{"type":"Polygon","coordinates":[[[-85.1339,29.3282],[-85.11,29.3302],[-85.05,29.3045],[-84.97,29.2484],[-84.79,29.1479],[-84.61,29.0868],[-84.5743,29.0488],[-84.55,29.0366],[-84.45,29.0305],[-84.31,28.9452],[-84.1254,28.8914],[-84.117,28.8738],[-84.15,28.8246],[-84.1937,28.7161],[-84.21,28.6901],[-84.2423,28.6635],[-84.2722,28.6108],[-84.3167,28.5757],[-84.3163,28.5581],[-84.2895,28.5054],[-84.2174,28.4175],[-84.1761,28.3295],[-84.1116,28.2414],[-84.0822,28.1885],[-84.05,28.1607],[-83.97,28.1168],[-83.81,28.0475],[-83.79,28.0327],[-83.7516,27.9768],[-83.7513,27.9591],[-83.7674,27.9414],[-83.83,27.9186],[-83.89,27.932],[-83.97,27.9773],[-84.05,28.0547],[-84.23,28.1472],[-84.31,28.2021],[-84.43,28.234],[-84.51,28.2804],[-84.55,28.2881],[-84.59,28.2726],[-84.65,28.2728],[-84.75,28.2608],[-84.77,28.2628],[-84.7944,28.2766],[-84.8041,28.2942],[-84.8233,28.3999],[-84.8235,28.4526],[-84.8322,28.4702],[-84.9244,28.5757],[-84.9989,28.681],[-85.081,28.8563],[-85.1641,28.9264],[-85.2376,29.1188],[-85.2457,29.1537],[-85.232,29.1886],[-85.1937,29.2236],[-85.15,29.2313],[-85.1337,29.241],[-85.1339,29.3282]],[[-85.07,29.2747],[-85.0875,29.2585],[-85.0899,29.2236],[-85.0991,29.2061],[-85.1736,29.1712],[-85.1866,29.1537],[-85.1878,29.1188],[-85.1348,29.0139],[-85.05,28.9164],[-85.0316,28.8388],[-84.9836,28.7336],[-84.8794,28.5757],[-84.79,28.4792],[-84.75,28.4595],[-84.73,28.4607],[-84.71,28.4718],[-84.6819,28.5054],[-84.6628,28.5405],[-84.6424,28.6108],[-84.61,28.6213],[-84.57,28.6175],[-84.5585,28.6283],[-84.5547,28.6635],[-84.568,28.6985],[-84.59,28.7257],[-84.6449,28.7687],[-84.6416,28.7862],[-84.63,28.7924],[-84.59,28.7917],[-84.51,28.7682],[-84.4735,28.7336],[-84.4228,28.6283],[-84.4275,28.6108],[-84.4832,28.5757],[-84.4963,28.5581],[-84.47,28.5064],[-84.469,28.4878],[-84.5151,28.4175],[-84.521,28.3823],[-84.5106,28.3471],[-84.43,28.3113],[-84.3381,28.2942],[-84.31,28.2746],[-84.2515,28.2061],[-84.21,28.172],[-84.17,28.1571],[-84.13,28.1545],[-84.1212,28.1709],[-84.1348,28.2238],[-84.2058,28.3119],[-84.2367,28.3999],[-84.31,28.4874],[-84.3709,28.5757],[-84.3721,28.5932],[-84.326,28.6283],[-84.314,28.6459],[-84.3134,28.6635],[-84.3393,28.7336],[-84.33,28.7404],[-84.25,28.7335],[-84.23,28.7472],[-84.1988,28.8213],[-84.1997,28.8563],[-84.23,28.881],[-84.33,28.9218],[-84.47,28.9942],[-84.61,29.0065],[-84.75,29.0779],[-84.81,29.0948],[-84.91,29.1507],[-85.03,29.2547],[-85.07,29.2747]],[[-83.97,28.0712],[-83.9845,28.065],[-83.9834,28.0474],[-83.9612,28.0121],[-83.93,27.9988],[-83.91,27.9989],[-83.8873,28.0121],[-83.9087,28.0474],[-83.93,28.0634],[-83.97,28.0712]],[[-84.71,28.3743],[-84.73,28.364],[-84.7395,28.3471],[-84.7432,28.3295],[-84.73,28.3153],[-84.71,28.3135],[-84.6801,28.3295],[-84.6785,28.3471],[-84.6889,28.3647],[-84.71,28.3743]],[[-84.61,28.4884],[-84.6368,28.4702],[-84.647,28.4526],[-84.6458,28.435],[-84.61,28.3718],[-84.5964,28.3823],[-84.5846,28.4175],[-84.5511,28.4702],[-84.5639,28.4878],[-84.61,28.4884]]]}},{"type":"Feature","properties":{"c":"#009900","v0":0.5,"v1":1.0},"geometry":{"type":"Polygon","coordinates":[[[-81.4469,29.2934],[-81.41,29.296],[-81.37,29.2849],[-81.305,29.241],[-81.2166,29.1362],[-81.1961,29.0488],[-81.17,29.0242],[-81.07,28.9751],[-80.97,28.9457],[-80.95,28.9064],[-80.81,28.8962],[-80.75,28.8799],[-80.7133,28.8563],[-80.7024,28.8388],[-80.7032,28.8213],[-80.73,28.8019],[-80.81,28.8077],[-80.8529,28.8038],[-80.8698,28.7687],[-80.89,28.7585],[-80.91,28.7557],[-80.9606,28.7687],[-80.9779,28.7862],[-80.9228,28.8213],[-80.9641,28.8914],[-80.97,28.8951],[-81.05,28.8749],[-81.15,28.9036],[-81.2333,28.9439],[-81.2437,28.9614],[-81.2401,29.0139],[-81.2533,29.0488],[-81.39,29.1659],[-81.4724,29.2236],[-81.4784,29.2585],[-81.4693,29.2759],[-81.4469,29.2934]]]}},{"type":"Feature","properties":{"c":"#009900","v0":0.5,"v1":1.0},"geometry":{"type":"Polygon","coordinates":[[[-83.0128,29.2236],[-82.99,29.2362],[-82.97,29.2363],[-82.93,29.2224],[-82.7668,29.1013],[-82.73,29.0621],[-82.5955,29.0139],[-82.37,28.8431],[-82.05,28.6942],[-81.9875,28.681],[-81.87,28.6329],[-81.8364,28.6108],[-81.824,28.5932],[-81.8297,28.5581],[-81.85,28.5482],[-81.91,28.5509],[-81.93,28.5426],[-81.963,28.4702],[-81.9579,28.4175],[-81.9275,28.3295],[-81.89,28.2513],[-81.8883,28.2238],[-81.93,28.2116],[-82.01,28.2232],[-82.05,28.2108],[-82.0715,28.1709],[-82.1048,28.1356],[-82.0914,28.065],[-82.0931,28.0474],[-82.11,28.0222],[-82.15,28.0171],[-82.19,28.028],[-82.2239,28.0474],[-82.2487,28.0827],[-82.2452,28.1356],[-82.27,28.1441],[-82.29,28.1362],[-82.2937,28.118],[-82.31,28.1019],[-82.37,28.1086],[-82.45,28.1374],[-82.49,28.1387],[-82.55,28.117],[-82.59,28.0674],[-82.61,28.0612],[-82.63,28.066],[-82.65,28.081],[-82.6881,28.1356],[-82.7512,28.1885],[-82.7599,28.2061],[-82.7618,28.2414],[-82.77,28.2558],[-82.79,28.2606],[-82.8186,28.2414],[-82.8227,28.1885],[-82.8307,28.1709],[-82.85,28.155],[-82.89,28.1431],[-82.9936,28.1356],[-82.9993,28.1533],[-82.983,28.2061],[-82.9809,28.2766],[-82.9935,28.3119],[-83.0569,28.3999],[-83.037,28.4526],[-83.067,28.5054],[-83.0667,28.5932],[-83.0894,28.6635],[-83.15,28.7675],[-83.2085,28.8388],[-83.3412,28.9089],[-83.358,28.9264],[-83.3558,29.0314],[-83.33,29.0527],[-83.29,29.0545],[-83.13,29.025],[-83.03,29.0234],[-82.89,28.9977],[-82.87,28.9966],[-82.85,29.0093],[-82.853,29.0314],[-82.8667,29.0488],[-82.9955,29.1712],[-83.0152,29.2061],[-83.0128,29.2236]],[[-82.91,29.1538],[-82.9094,29.1362],[-82.89,29.1152],[-82.83,29.0808],[-82.81,29.0792],[-82.87,29.1408],[-82.91,29.1538]],[[-82.75,28.9839],[-82.8616,28.9439],[-82.87,28.9264],[-82.8507,28.9089],[-82.69,28.8429],[-82.67,28.8252],[-82.5741,28.6985],[-82.4378,28.5757],[-82.4409,28.5581],[-82.4664,28.5405],[-82.4643,28.523],[-82.45,28.5055],[-82.43,28.4909],[-82.39,28.5376],[-82.35,28.5403],[-82.31,28.5253],[-82.1741,28.435],[-82.1987,28.4175],[-82.25,28.3968],[-82.33,28.4081],[-82.43,28.4864],[-82.5326,28.435],[-82.63,28.4126],[-82.6857,28.3647],[-82.6721,28.2061],[-82.65,28.1717],[-82.61,28.1586],[-82.59,28.1682],[-82.5808,28.1885],[-82.58,28.2238],[-82.55,28.2396],[-82.51,28.2376],[-82.39,28.2098],[-82.35,28.2183],[-82.29,28.2548],[-82.15,28.2087],[-82.13,28.2238],[-82.15,28.246],[-82.19,28.2686],[-82.27,28.2951],[-82.2993,28.3119],[-82.3082,28.3295],[-82.3042,28.3647],[-82.29,28.3779],[-82.27,28.3822],[-82.25,28.3803],[-82.2095,28.3295],[-82.1835,28.3119],[-82.05,28.2766],[-82.03,28.2786],[-82.01,28.2914],[-82.0016,28.3119],[-82.0135,28.3471],[-82.0963,28.4175],[-82.0653,28.4526],[-82.0505,28.5054],[-82.0564,28.6283],[-82.0824,28.6635],[-82.13,28.6936],[-82.21,28.7219],[-82.39,28.8284],[-82.51,28.9132],[-82.55,28.9259],[-82.59,28.9155],[-82.61,28.9198],[-82.6355,28.9439],[-82.6555,28.9789],[-82.71,28.9883],[-82.75,28.9839]],[[-83.29,29.016],[-83.3077,28.9964],[-83.3043,28.9789],[-83.2819,28.9439],[-83.23,28.8964],[-83.13,28.8746],[-83.11,28.8732],[-83.09,28.8816],[-83.0755,28.9089],[-83.0724,28.9439],[-83.0756,28.9614],[-83.09,28.9743],[-83.19,29.0034],[-83.29,29.016]],[[-82.93,28.8931],[-83.0006,28.8563],[-83.0055,28.8388],[-82.9976,28.8213],[-82.9376,28.7512],[-82.81,28.6728],[-82.7176,28.5932],[-82.701,28.5581],[-82.7311,28.5054],[-82.7192,28.4878],[-82.63,28.4701],[-82.59,28.4692],[-82.57,28.477],[-82.557,28.5054],[-82.5838,28.5581],[-82.5784,28.5932],[-82.6037,28.6635],[-82.6785,28.7512],[-82.71,28.8096],[-82.73,28.8257],[-82.8027,28.8563],[-82.93,28.8931]],[[-83.09,28.8236],[-83.1101,28.8038],[-83.0832,28.7161],[-83.03,28.6493],[-82.9849,28.6283],[-82.9669,28.6108],[-82.99,28.5965],[-83.0042,28.5757],[-83.0053,28.5581],[-82.99,28.5276],[-82.9416,28.4702],[-82.9345,28.435],[-82.9791,28.3999],[-82.987,28.3823],[-82.93,28.2967],[-82.91,28.2772],[-82.89,28.2789],[-82.8646,28.3119],[-82.8578,28.3471],[-82.8759,28.4175],[-82.8844,28.523],[-82.87,28.5411],[-82.83,28.5368],[-82.79,28.5434],[-82.7666,28.5581],[-82.7568,28.5757],[-82.7598,28.5932],[-82.81,28.6439],[-82.93,28.7026],[-83.03,28.7933],[-83.09,28.8236]]]}},{"type":"Feature","properties":{"c":"#009900","v0":0.5,"v1":1.0},"geometry":{"type":"Polygon","coordinates":[[[-81.0373,29.1188],[-81.01,29.1258],[-80.91,29.1101],[-80.8851,29.1013],[-80.878,29.0838],[-80.89,29.0708],[-80.91,29.0675],[-80.97,29.0936],[-81.009,29.1013],[-81.0373,29.1188]]]}},{"type":"Feature","properties":{"c":"#009900","v0":0.5,"v1":1.0},"geometry":{"type":"Polygon","coordinates":[[[-84.014,28.8563],[-83.97,28.8684],[-83.85,28.8674],[-83.81,28.8611],[-83.73,28.8271],[-83.71,28.8274],[-83.65,28.8651],[-83.61,28.8655],[-83.5797,28.8563],[-83.5425,28.8388],[-83.4743,28.7862],[-83.465,28.7512],[-83.4753,28.7161],[-83.4726,28.6635],[-83.4833,28.6459],[-83.51,28.6257],[-83.55,28.6209],[-83.67,28.696],[-83.73,28.7017],[-83.77,28.7132],[-83.8626,28.7687],[-83.9572,28.8038],[-84.0086,28.8388],[-84.014,28.8563]]]}},{"type":"Feature","properties":{"c":"#009900","v0":0.5,"v1":1.0},"geometry":{"type":"Polygon","coordinates":[[[-81.6054,28.8213],[-81.53,28.8374],[-81.33,28.801],[-81.3023,28.7862],[-81.2549,28.7161],[-81.2505,28.6985],[-81.2628,28.681],[-81.31,28.6793],[-81.37,28.7102],[-81.45,28.7191],[-81.57,28.7553],[-81.6034,28.7687],[-81.6224,28.7862],[-81.625,28.8038],[-81.6054,28.8213]]]}},{"type":"Feature","properties":{"c":"#009900","v0":0.5,"v1":1.0},"geometry":{"type":"Polygon","coordinates":[[[-83.3841,28.8038],[-83.37,28.8122],[-83.29,28.8023],[-83.27,28.7992],[-83.2519,28.7862],[-83.2554,28.7336],[-83.2488,28.6985],[-83.23,28.6739],[-83.1597,28.6283],[-83.1405,28.5932],[-83.1357,28.5405],[-83.1417,28.523],[-83.1605,28.5054],[-83.19,28.498],[-83.21,28.5086],[-83.2517,28.5757],[-83.3314,28.6459],[-83.37,28.7004],[-83.4058,28.7336],[-83.4095,28.7512],[-83.3841,28.8038]]]}},{"type":"Feature","properties":{"c":"#009900","v0":0.5,"v1":1.0},"geometry":{"type":"Polygon","coordinates":[[[-81.2069,28.7862],[-81.17,28.7927],[-81.1534,28.7862],[-81.1392,28.7687],[-81.1457,28.7512],[-81.17,28.7417],[-81.2043,28.7512],[-81.2192,28.7687],[-81.2069,28.7862]]]}},{"type":"Feature","properties":{"c":"#009900","v0":0.5,"v1":1.0},"geometry":{"type":"Polygon","coordinates":[[[-84.112,28.523],[-84.07,28.5127],[-84.041,28.4878],[-84.0296,28.4526],[-84.05,28.4258],[-84.09,28.4291],[-84.1207,28.4526],[-84.1305,28.4702],[-84.1329,28.5054],[-84.112,28.523]]]}},{"type":"Feature","properties":{"c":"#009900","v0":0.5,"v1":1.0},"geometry":{"type":"Polygon","coordinates":[[[-77.7604,26.6439],[-77.73,26.658],[-77.69,26.6478],[-77.6758,26.626],[-77.6869,26.5902],[-77.71,26.5752],[-77.75,26.579],[-77.7724,26.6081],[-77.7723,26.626],[-77.7604,26.6439]]]}},{"type":"Feature","properties":{"c":"#009900","v0":0.5,"v1":1.0},"geometry":{"type":"Polygon","coordinates":[[[-77.8507,26.465],[-77.83,26.4744],[-77.73,26.4747],[-77.67,26.4509],[-77.648,26.4292],[-77.6159,26.3575],[-77.6151,26.3216],[-77.625,26.3037],[-77.7186,26.232],[-77.75,26.2172],[-77.79,26.2254],[-77.85,26.2597],[-77.87,26.249],[-77.95,26.1391],[-77.99,26.1108],[-78.01,26.1115],[-78.05,26.1364],[-78.07,26.14],[-78.19,26.127],[-78.27,26.1107],[-78.31,26.0914],[-78.35,26.0282],[-78.395,25.9805],[-78.4221,25.9266],[-78.51,25.8356],[-78.5352,25.7826],[-78.5374,25.6925],[-78.5626,25.6564],[-78.85,25.4824],[-78.8747,25.4579],[-78.8876,25.4037],[-78.8423,25.3314],[-78.8437,25.3134],[-78.8658,25.2772],[-78.89,25.2561],[-79.0667,25.1686],[-79.1232,25.0962],[-79.2518,25.0056],[-79.265,24.9875],[-79.2566,24.9331],[-79.2273,24.8605],[-79.2531,24.7697],[-79.1945,24.7334],[-79.1817,24.7152],[-79.1947,24.6789],[-79.2228,24.6425],[-79.27,24.6241],[-79.35,24.6337],[-79.3796,24.6607],[-79.39,24.7204],[-79.47,24.69],[-79.61,24.6612],[-79.63,24.6478],[-79.6414,24.6243],[-79.6339,24.5698],[-79.65,24.5243],[-79.6764,24.497],[-79.73,24.4752],[-79.7535,24.4788],[-79.7601,24.497],[-79.7479,24.5334],[-79.7544,24.5698],[-79.77,24.589],[-79.85,24.6346],[-79.89,24.6393],[-80.01,24.6278],[-80.03,24.6091],[-80.0574,24.5152],[-80.1318,24.4424],[-80.17,24.4192],[-80.25,24.4013],[-80.2748,24.3331],[-80.33,24.2748],[-80.41,24.2295],[-80.43,24.2292],[-80.4454,24.2419],[-80.4505,24.2602],[-80.4393,24.406],[-80.3902,24.4606],[-80.3922,24.4788],[-80.4424,24.5516],[-80.41,24.5611],[-80.33,24.5515],[-80.31,24.5638],[-80.2931,24.6062],[-80.2944,24.6607],[-80.27,24.673],[-80.19,24.6682],[-80.13,24.703],[-80.05,24.7223],[-80.0031,24.7152],[-79.91,24.6676],[-79.89,24.671],[-79.75,24.7461],[-79.685,24.8242],[-79.5545,24.9149],[-79.5077,24.9875],[-79.39,25.0904],[-79.3712,25.1324],[-79.3769,25.1686],[-79.3537,25.2048],[-79.2233,25.2953],[-79.13,25.3912],[-79.0006,25.476],[-78.91,25.5779],[-78.83,25.6161],[-78.81,25.6327],[-78.7236,25.7465],[-78.67,25.7953],[-78.632,25.8546],[-78.5662,25.9086],[-78.5562,25.9266],[-78.5583,25.9445],[-78.5822,25.9805],[-78.57,26.0071],[-78.55,26.0187],[-78.49,26.0175],[-78.45,26.0511],[-78.3752,26.1422],[-78.29,26.1945],[-78.19,26.205],[-78.05,26.2882],[-78.03,26.2896],[-77.99,26.2544],[-77.97,26.2518],[-77.919,26.2858],[-77.87,26.2936],[-77.8477,26.3575],[-77.8606,26.4292],[-77.8507,26.465]],[[-77.73,26.4124],[-77.75,26.4052],[-77.7572,26.3933],[-77.7532,26.3754],[-77.73,26.3508],[-77.71,26.3493],[-77.7064,26.3933],[-77.73,26.4124]],[[-80.37,24.4307],[-80.4089,24.406],[-80.4151,24.3878],[-80.402,24.3331],[-80.39,24.3172],[-80.37,24.3084],[-80.33,24.3201],[-80.3028,24.3513],[-80.2996,24.3695],[-80.3109,24.406],[-80.3292,24.4242],[-80.37,24.4307]],[[-80.13,24.6108],[-80.17,24.5685],[-80.23,24.5631],[-80.2695,24.5334],[-80.2792,24.5152],[-80.2793,24.4788],[-80.27,24.4597],[-80.25,24.4454],[-80.21,24.4424],[-80.17,24.4557],[-80.0838,24.5334],[-80.0738,24.5698],[-80.09,24.6123],[-80.11,24.6225],[-80.13,24.6108]],[[-79.79,24.6797],[-79.8105,24.6607],[-79.806,24.6425],[-79.7757,24.6243],[-79.73,24.62],[-79.71,24.5766],[-79.69,24.5625],[-79.69,24.6002],[-79.7342,24.6607],[-79.7589,24.6789],[-79.79,24.6797]],[[-79.57,24.8079],[-79.6099,24.7879],[-79.6233,24.7697],[-79.6114,24.7516],[-79.59,24.751],[-79.55,24.7743],[-79.5409,24.7879],[-79.5452,24.806],[-79.57,24.8079]],[[-79.47,24.9553],[-79.5559,24.8605],[-79.51,24.8358],[-79.4961,24.806],[-79.5004,24.7879],[-79.5373,24.7334],[-79.53,24.7149],[-79.49,24.7124],[-79.45,24.728],[-79.39,24.7973],[-79.37,24.8131],[-79.33,24.8248],[-79.3156,24.8424],[-79.3166,24.9149],[-79.33,24.9399],[-79.35,24.9524],[-79.41,24.9656],[-79.45,24.9643],[-79.47,24.9553]],[[-78.83,25.569],[-78.89,25.542],[-78.9553,25.476],[-79.0985,25.3857],[-79.21,25.2733],[-79.274,25.2229],[-79.3126,25.1686],[-79.3355,25.1143],[-79.3392,25.0781],[-79.33,25.0637],[-79.27,25.0511],[-79.23,25.0612],[-79.1778,25.0962],[-79.1235,25.1686],[-79.0113,25.2229],[-78.97,25.2584],[-78.91,25.2728],[-78.89,25.2885],[-78.8795,25.3134],[-78.89,25.3327],[-78.93,25.358],[-78.93,25.3939],[-78.9089,25.476],[-78.89,25.4995],[-78.8209,25.5482],[-78.806,25.5662],[-78.83,25.569]],[[-78.55,25.8779],[-78.61,25.8416],[-78.6432,25.7826],[-78.71,25.7288],[-78.7545,25.6745],[-78.7778,25.6384],[-78.7966,25.5843],[-78.79,25.5773],[-78.73,25.5847],[-78.67,25.6269],[-78.61,25.6462],[-78.5717,25.6745],[-78.5564,25.7105],[-78.5696,25.7646],[-78.5671,25.7826],[-78.5274,25.8726],[-78.53,25.8806],[-78.55,25.8779]],[[-78.09,26.2192],[-78.1203,26.1961],[-78.11,26.1796],[-78.0686,26.1961],[-78.0616,26.214],[-78.09,26.2192]],[[-79.31,24.7222],[-79.3437,24.6971],[-79.3479,24.6789],[-79.3384,24.6607],[-79.29,24.6438],[-79.27,24.6452],[-79.2396,24.6607],[-79.228,24.6789],[-79.2276,24.6971],[-79.2429,24.7152],[-79.27,24.726],[-79.31,24.7222]]]}},{"type":"Feature","properties":{"c":"#009900","v0":0.5,"v1":1.0},"geometry":{"type":"Polygon","coordinates":[[[-77.926,26.0344],[-77.89,26.0343],[-77.87,26.0233],[-77.83,25.962],[-77.81,25.9591],[-77.75,25.9828],[-77.71,25.989],[-77.67,25.968],[-77.6467,25.9266],[-77.6329,25.8546],[-77.6357,25.8186],[-77.65,25.781],[-77.67,25.7602],[-77.69,25.7521],[-77.75,25.7511],[-77.8949,25.7285],[-78.03,25.6585],[-78.05,25.6555],[-78.07,25.6633],[-78.11,25.7048],[-78.13,25.7038],[-78.17,25.6746],[-78.2036,25.5843],[-78.3138,25.476],[-78.35,25.4244],[-78.45,25.3722],[-78.51,25.3689],[-78.5286,25.3857],[-78.5272,25.4218],[-78.4844,25.476],[-78.4309,25.5662],[-78.4697,25.6023],[-78.4669,25.6204],[-78.39,25.66],[-78.31,25.7223],[-78.23,25.7366],[-78.1821,25.7646],[-78.1449,25.8006],[-78.1325,25.8726],[-78.1063,25.9266],[-78.05,25.9716],[-77.926,26.0344]],[[-78.31,25.6993],[-78.3401,25.6745],[-78.3782,25.6204],[-78.404,25.5482],[-78.4712,25.4399],[-78.4762,25.4218],[-78.47,25.4141],[-78.43,25.4156],[-78.3749,25.4399],[-78.2217,25.6023],[-78.2126,25.6564],[-78.2262,25.6925],[-78.27,25.7076],[-78.31,25.6993]],[[-77.93,25.9885],[-77.99,25.9524],[-78.05,25.9378],[-78.0862,25.9086],[-78.1032,25.8546],[-78.0859,25.8186],[-78.07,25.809],[-78.01,25.8259],[-77.97,25.7898],[-77.89,25.7648],[-77.85,25.7625],[-77.7721,25.7826],[-77.69,25.8423],[-77.6807,25.8726],[-77.6838,25.9086],[-77.71,25.9404],[-77.73,25.9433],[-77.75,25.9363],[-77.79,25.8891],[-77.81,25.8777],[-77.87,25.8777],[-77.912,25.8906],[-77.9279,25.9086],[-77.8958,25.9625],[-77.91,25.9881],[-77.93,25.9885]]]}},{"type":"Feature","properties":{"c":"#009900","v0":0.5,"v1":1.0},"geometry":{"type":"Polygon","coordinates":[[[-81.8358,25.8726],[-81.83,25.8803],[-81.81,25.8836],[-81.79,25.8781],[-81.65,25.8024],[-81.57,25.7821],[-81.49,25.7376],[-81.35,25.6998],[-81.23,25.6861],[-81.1984,25.6745],[-81.1721,25.6384],[-81.1773,25.6204],[-81.25,25.5836],[-81.33,25.5577],[-81.3952,25.5482],[-81.3327,25.494],[-81.29,25.4448],[-81.27,25.4414],[-81.25,25.4489],[-81.19,25.4992],[-81.13,25.5317],[-81.09,25.5981],[-81.03,25.6083],[-80.97,25.6399],[-80.93,25.6295],[-80.85,25.5773],[-80.81,25.5597],[-80.75,25.57],[-80.69,25.5933],[-80.6529,25.5843],[-80.5828,25.5482],[-80.5674,25.5301],[-80.5789,25.4218],[-80.61,25.4036],[-80.63,25.4052],[-80.69,25.4311],[-80.7132,25.4037],[-80.75,25.3987],[-80.87,25.4064],[-80.97,25.4388],[-81.01,25.4356],[-81.03,25.4202],[-81.07,25.3627],[-81.083,25.3314],[-81.0733,25.2953],[-81.038,25.241],[-81.0297,25.2048],[-81.0372,25.1867],[-81.0586,25.1686],[-81.09,25.154],[-81.13,25.1613],[-81.2097,25.2048],[-81.25,25.2108],[-81.29,25.2276],[-81.31,25.2316],[-81.39,25.2221],[-81.47,25.2948],[-81.4758,25.3134],[-81.4683,25.3314],[-81.45,25.3393],[-81.39,25.333],[-81.3795,25.3495],[-81.3836,25.3676],[-81.4021,25.3857],[-81.47,25.4237],[-81.55,25.4096],[-81.65,25.4469],[-81.682,25.4399],[-81.69,25.4285],[-81.71,25.4293],[-81.7506,25.4579],[-81.7671,25.5301],[-81.7671,25.5482],[-81.752,25.5662],[-81.67,25.6161],[-81.63,25.6121],[-81.55,25.5804],[-81.51,25.5768],[-81.4885,25.5843],[-81.4507,25.6384],[-81.4638,25.6564],[-81.5491,25.6925],[-81.63,25.753],[-81.69,25.7614],[-81.73,25.7793],[-81.8252,25.8546],[-81.8358,25.8726]],[[-81.41,25.4841],[-81.4194,25.476],[-81.3966,25.4579],[-81.3849,25.4579],[-81.3868,25.476],[-81.41,25.4841]],[[-81.31,25.6597],[-81.3214,25.6564],[-81.3301,25.6384],[-81.3118,25.6204],[-81.29,25.6213],[-81.2694,25.6384],[-81.2833,25.6564],[-81.31,25.6597]],[[-81.17,25.448],[-81.25,25.3968],[-81.3113,25.3857],[-81.3243,25.3134],[-81.3191,25.2953],[-81.2942,25.2772],[-81.13,25.2202],[-81.1107,25.241],[-81.1089,25.2591],[-81.1329,25.3495],[-81.0932,25.4037],[-81.0862,25.4399],[-81.11,25.4574],[-81.17,25.448]],[[-80.95,25.603],[-80.97,25.5995],[-80.9864,25.5843],[-81.0012,25.5482],[-81.0325,25.5301],[-81.0449,25.5121],[-81.03,25.4943],[-80.97,25.4778],[-80.87,25.4339],[-80.7721,25.4399],[-80.7739,25.4579],[-80.83,25.4935],[-80.9113,25.5843],[-80.95,25.603]],[[-80.73,25.5158],[-80.7393,25.494],[-80.71,25.4621],[-80.7006,25.476],[-80.7047,25.494],[-80.73,25.5158]],[[-81.67,25.5669],[-81.6916,25.5482],[-81.6978,25.5301],[-81.6889,25.5121],[-81.65,25.4868],[-81.57,25.4625],[-81.55,25.4617],[-81.51,25.49],[-81.47,25.5002],[-81.4636,25.5121],[-81.4998,25.5301],[-81.55,25.5395],[-81.63,25.5766],[-81.67,25.5669]]]}},{"type":"Feature","properties":{"c":"#009900","v0":0.5,"v1":1.0},"geometry":{"type":"Polygon","coordinates":[[[-82.0545,25.476],[-82.03,25.4755],[-82.0053,25.4579],[-81.9951,25.4399],[-81.9968,25.4218],[-82.01,25.4116],[-82.03,25.4122],[-82.05,25.4262],[-82.06,25.4579],[-82.0545,25.476]]]}},{"type":"Feature","properties":{"c":"#009900","v0":0.5,"v1":1.0},"geometry":{"type":"Polygon","coordinates":[[[-78.2402,25.4037],[-78.21,25.3956],[-78.1805,25.3495],[-78.1773,25.3134],[-78.1861,25.2953],[-78.21,25.2695],[-78.2306,25.2591],[-78.21,25.2561],[-78.1908,25.241],[-78.1874,25.2048],[-78.2081,25.1505],[-78.2618,25.0781],[-78.2809,24.9875],[-78.3185,24.8968],[-78.3249,24.8605],[-78.3127,24.7879],[-78.3181,24.7697],[-78.3359,24.7516],[-78.37,24.7435],[-78.47,24.785],[-78.4856,24.8242],[-78.49,24.9046],[-78.51,24.9136],[-78.55,24.9115],[-78.57,24.8997],[-78.6412,24.8242],[-78.6513,24.806],[-78.6551,24.7697],[-78.65,24.7493],[-78.63,24.7403],[-78.55,24.7352],[-78.53,24.7298],[-78.5127,24.7152],[-78.5107,24.6789],[-78.5219,24.6243],[-78.61,24.6025],[-78.71,24.6186],[-78.75,24.6172],[-78.81,24.6027],[-78.8397,24.6062],[-78.8772,24.6425],[-78.9134,24.6607],[-78.9241,24.6789],[-78.9148,24.7152],[-78.73,24.9081],[-78.65,24.9754],[-78.61,24.991],[-78.5951,25.0056],[-78.5656,25.0962],[-78.5143,25.1686],[-78.3333,25.2953],[-78.29,25.3768],[-78.27,25.3952],[-78.2402,25.4037]],[[-78.69,24.901],[-78.875,24.7334],[-78.8938,24.6971],[-78.8814,24.6789],[-78.85,24.6693],[-78.77,24.6675],[-78.61,24.632],[-78.59,24.6367],[-78.57,24.6527],[-78.5606,24.6789],[-78.5705,24.6971],[-78.59,24.7043],[-78.65,24.7018],[-78.69,24.7188],[-78.6941,24.7334],[-78.6721,24.8242],[-78.6347,24.8786],[-78.6317,24.8968],[-78.65,24.9114],[-78.69,24.901]],[[-78.35,25.2473],[-78.4472,25.1867],[-78.4832,25.1324],[-78.53,25.1002],[-78.5544,25.06],[-78.5605,25.0237],[-78.5535,24.9875],[-78.53,24.9544],[-78.4645,24.9331],[-78.4584,24.9149],[-78.4599,24.8424],[-78.4507,24.8242],[-78.39,24.7926],[-78.37,24.7921],[-78.3559,24.806],[-78.3371,24.8968],[-78.3042,24.9875],[-78.3056,25.0781],[-78.2963,25.1143],[-78.3219,25.1505],[-78.3095,25.2229],[-78.33,25.2495],[-78.35,25.2473]],[[-78.25,25.3781],[-78.27,25.3657],[-78.2854,25.3314],[-78.2839,25.3134],[-78.27,25.2981],[-78.23,25.3062],[-78.2102,25.3314],[-78.219,25.3676],[-78.23,25.3766],[-78.25,25.3781]],[[-78.25,25.1928],[-78.2675,25.1686],[-78.2743,25.1505],[-78.27,25.1415],[-78.25,25.1475],[-78.23,25.1762],[-78.23,25.1919],[-78.25,25.1928]]]}},{"type":"Feature","properties":{"c":"#009900","v0":0.5,"v1":1.0},"geometry":{"type":"Polygon","coordinates":[[[-78.5792,25.3134],[-78.55,25.3189],[-78.5328,25.2953],[-78.5406,25.241],[-78.6002,25.1324],[-78.65,25.0975],[-78.69,25.0923],[-78.7078,25.1143],[-78.7084,25.1324],[-78.6908,25.1867],[-78.61,25.2945],[-78.5792,25.3134]],[[-78.63,25.2074],[-78.65,25.1938],[-78.6661,25.1686],[-78.67,25.1476],[-78.65,25.1353],[-78.63,25.1488],[-78.6199,25.1686],[-78.6163,25.1867],[-78.6222,25.2048],[-78.63,25.2074]]]}},{"type":"Feature","properties":{"c":"#009900","v0":0.5,"v1":1.0},"geometry":{"type":"Polygon","coordinates":[[[-79.0258,25.2953],[-78.99,25.3061],[-78.9836,25.2953],[-78.99,25.2871],[-79.0258,25.2953]]]}},{"type":"Feature","properties":{"c":"#009900","v0":0.5,"v1":1.0},"geometry":{"type":"Polygon","coordinates":[[[-81.2865,25.1686],[-81.27,25.1749],[-81.25,25.1705],[-81.237,25.1505],[-81.2371,25.1324],[-81.2857,25.0418],[-81.306,25.0237],[-81.33,25.016],[-81.43,25.0149],[-81.47,25.0242],[-81.4991,25.0418],[-81.5055,25.06],[-81.4994,25.0781],[-81.43,25.1393],[-81.41,25.1508],[-81.39,25.1504],[-81.35,25.1343],[-81.33,25.1334],[-81.2865,25.1686]],[[-81.41,25.0846],[-81.43,25.0712],[-81.4367,25.06],[-81.43,25.0555],[-81.35,25.044],[-81.322,25.06],[-81.3289,25.0781],[-81.35,25.0846],[-81.41,25.0846]]]}},{"type":"Feature","properties":{"c":"#009900","v0":0.5,"v1":1.0},"geometry":{"type":"Polygon","coordinates":[[[-80.666,25.1143],[-80.65,25.1291],[-80.63,25.1222],[-80.6207,25.1143],[-80.622,25.0962],[-80.63,25.0892],[-80.65,25.0932],[-80.666,25.1143]]]}},{"type":"Feature","properties":{"c":"#009900","v0":0.5,"v1":1.0},"geometry":{"type":"Polygon","coordinates":[[[-78.4433,25.0962],[-78.41,25.1025],[-78.3975,25.0962],[-78.3979,25.0781],[-78.43,25.0644],[-78.4446,25.0781],[-78.4433,25.0962]]]}},{"type":"Feature","properties":{"c":"#009900","v0":0.5,"v1":1.0},"geometry":{"type":"Polygon","coordinates":[[[-81.8737,25.0237],[-81.85,25.0378],[-81.81,25.0221],[-81.7807,24.9875],[-81.7783,24.9693],[-81.79,24.9573],[-81.83,24.9469],[-81.91,24.9528],[-81.95,24.9348],[-81.97,24.9411],[-81.9781,24.9512],[-81.9761,24.9693],[-81.95,24.9765],[-81.91,24.9756],[-81.8737,25.0237]]]}},{"type":"Feature","properties":{"c":"#009900","v0":0.5,"v1":1.0},"geometry":{"type":"Polygon","coordinates":[[[-78.9235,24.9331],[-78.8972,24.9331],[-78.8876,24.9149],[-78.9045,24.8786],[-78.9273,24.8605],[-79.03,24.823],[-79.05,24.8205],[-79.07,24.8293],[-79.0773,24.8605],[-79.05,24.9022],[-79.01,24.9228],[-78.9235,24.9331]]]}},{"type":"Feature","properties":{"c":"#009900","v0":0.5,"v1":1.0},"geometry":{"type":"Polygon","coordinates":[[[-80.5772,24.8786],[-80.55,24.8892],[-80.53,24.878],[-80.5023,24.8424],[-80.4923,24.806],[-80.4498,24.7697],[-80.47,24.7514],[-80.55,24.7516],[-80.6785,24.7152],[-80.6958,24.6971],[-80.6903,24.6789],[-80.621,24.5698],[-80.6254,24.5516],[-80.69,24.5201],[-80.75,24.4659],[-80.81,24.4636],[-80.85,24.4048],[-81.01,24.4127],[-81.09,24.3832],[-81.19,24.3889],[-81.25,24.3717],[-81.2639,24.3513],[-81.2564,24.3331],[-81.1777,24.2966],[-81.1576,24.2784],[-81.1827,24.2419],[-81.23,24.2185],[-81.27,24.224],[-81.33,24.2525],[-81.39,24.245],[-81.47,24.2715],[-81.55,24.2722],[-81.6718,24.3331],[-81.6798,24.3513],[-81.67,24.3665],[-81.57,24.3798],[-81.55,24.3958],[-81.51,24.4668],[-81.41,24.5239],[-81.39,24.5298],[-81.37,24.526],[-81.3612,24.5152],[-81.3543,24.4606],[-81.33,24.4562],[-81.29,24.466],[-81.23,24.5072],[-81.17,24.5044],[-81.0661,24.5516],[-81.0508,24.5698],[-81.0739,24.6425],[-81.0365,24.6971],[-81.0338,24.7334],[-80.89,24.8626],[-80.87,24.8693],[-80.85,24.8636],[-80.81,24.8161],[-80.75,24.8104],[-80.71,24.8213],[-80.67,24.8437],[-80.61,24.8557],[-80.5772,24.8786]],[[-81.25,24.4456],[-81.35,24.4244],[-81.47,24.4293],[-81.49,24.4202],[-81.51,24.3969],[-81.543,24.3513],[-81.5472,24.3331],[-81.5285,24.3149],[-81.49,24.304],[-81.39,24.2879],[-81.3381,24.2966],[-81.3147,24.3149],[-81.2837,24.3878],[-81.25,24.4168],[-81.2218,24.4242],[-81.2084,24.4424],[-81.25,24.4456]],[[-81.01,24.6497],[-81.023,24.6425],[-81.033,24.6243],[-81.01,24.5962],[-80.99,24.591],[-80.97,24.6176],[-80.9717,24.6425],[-80.99,24.6522],[-81.01,24.6497]],[[-80.89,24.6114],[-80.93,24.5794],[-80.97,24.5671],[-81.01,24.5378],[-81.1187,24.497],[-81.1416,24.4788],[-81.1498,24.4606],[-81.1417,24.4424],[-81.11,24.4325],[-81.03,24.4614],[-80.95,24.4422],[-80.91,24.4507],[-80.8831,24.4788],[-80.85,24.5771],[-80.8552,24.6062],[-80.87,24.6161],[-80.89,24.6114]],[[-80.65,24.808],[-80.71,24.7788],[-80.79,24.7781],[-80.85,24.7536],[-80.8656,24.7334],[-80.8776,24.6971],[-80.87,24.668],[-80.77,24.6137],[-80.73,24.6098],[-80.71,24.6189],[-80.7057,24.6425],[-80.7421,24.6971],[-80.7377,24.7152],[-80.71,24.7382],[-80.61,24.7618],[-80.5963,24.7697],[-80.5869,24.7879],[-80.61,24.8099],[-80.65,24.808]],[[-81.27,24.2797],[-81.2561,24.2602],[-81.23,24.2607],[-81.23,24.2812],[-81.25,24.289],[-81.27,24.2797]]]}},{"type":"Feature","properties":{"c":"#009900","v0":0.5,"v1":1.0},"geometry":{"type":"Polygon","coordinates":[[[-81.7474,24.7879],[-81.71,24.8029],[-81.69,24.8021],[-81.6661,24.7879],[-81.663,24.7697],[-81.67,24.7606],[-81.69,24.7496],[-81.75,24.7488],[-81.81,24.7309],[-81.825,24.7334],[-81.8272,24.7516],[-81.7987,24.7697],[-81.7474,24.7879]]]}},{"type":"Feature","properties":{"c":"#009900","v0":0.5,"v1":1.0},"geometry":{"type":"Polygon","coordinates":[[[-81.9652,24.7152],[-81.93,24.7172],[-81.8669,24.6789],[-81.8487,24.6425],[-81.8511,24.6243],[-81.87,24.602],[-81.91,24.6044],[-81.939,24.6243],[-81.9684,24.6789],[-81.9723,24.6971],[-81.9652,24.7152]]]}},{"type":"Feature","properties":{"c":"#009900","v0":0.5,"v1":1.0},"geometry":{"type":"Polygon","coordinates":[[[-78.3125,24.6789],[-78.29,24.6854],[-78.2732,24.6789],[-78.2093,24.6243],[-78.2179,24.588],[-78.2324,24.5698],[-78.27,24.5515],[-78.35,24.5449],[-78.3827,24.5516],[-78.3967,24.5698],[-78.3292,24.6243],[-78.3125,24.6789]]]}},{"type":"Feature","properties":{"c":"#009900","v0":0.5,"v1":1.0},"geometry":{"type":"Polygon","coordinates":[[[-78.5129,24.588],[-78.51,24.5955],[-78.49,24.6004],[-78.4537,24.588],[-78.4189,24.5698],[-78.4243,24.5516],[-78.47,24.5375],[-78.49,24.5383],[-78.5125,24.5516],[-78.5129,24.588]]]}},{"type":"Feature","properties":{"c":"#009900","v0":0.5,"v1":1.0},"geometry":{"type":"Polygon","coordinates":[[[-81.7455,24.5698],[-81.71,24.5787],[-81.6861,24.5698],[-81.6666,24.5516],[-81.6585,24.5334],[-81.6679,24.497],[-81.69,24.4691],[-81.7609,24.4242],[-81.7899,24.3878],[-81.81,24.3849],[-81.83,24.3913],[-81.8574,24.4242],[-81.8661,24.4788],[-81.8592,24.5152],[-81.8462,24.5334],[-81.79,24.5471],[-81.7455,24.5698]]]}},{"type":"Feature","properties":{"c":"#009900","v0":0.5,"v1":1.0},"geometry":{"type":"Polygon","coordinates":[[[-79.0186,24.497],[-78.99,24.5065],[-78.972,24.497],[-78.978,24.4788],[-79.01,24.4463],[-79.038,24.4424],[-79.0534,24.4606],[-79.0186,24.497]]]}},{"type":"Feature","properties":{"c":"#009900","v0":0.5,"v1":1.0},"geometry":{"type":"Polygon","coordinates":[[[-82.0185,24.4424],[-82.01,24.4557],[-81.99,24.4576],[-81.9798,24.4424],[-81.9832,24.406],[-82.01,24.3811],[-82.0216,24.3878],[-82.0298,24.406],[-82.0185,24.4424]]]}},{"type":"Feature","properties":{"c":"#009900","v0":0.5,"v1":1.0},"geometry":{"type":"Polygon","coordinates":[[[-80.0303,24.4424],[-80.01,24.4291],[-80.0113,24.406],[-80.03,24.3764],[-80.05,24.3645],[-80.07,24.3662],[-80.0865,24.3878],[-80.0853,24.406],[-80.07,24.4257],[-80.0303,24.4424]]]}},{"type":"Feature","properties":{"c":"#009900","v0":0.5,"v1":1.0},"geometry":{"type":"Polygon","coordinates":[[[-80.1771,24.3149],[-80.15,24.3272],[-80.13,24.3242],[-80.0952,24.2966],[-80.0939,24.2784],[-80.1102,24.2602],[-80.15,24.2532],[-80.176,24.2784],[-80.1771,24.3149]]]}},{"type":"Feature","properties":{"c":"#009900","v0":0.5,"v1":1.0},"geometry":{"type":"Polygon","coordinates":[[[-78.2932,24.3149],[-78.27,24.3203],[-78.2463,24.3149],[-78.2244,24.2966],[-78.2213,24.2784],[-78.25,24.2607],[-78.29,24.2719],[-78.3058,24.2966],[-78.2932,24.3149]]]}},{"type":"Feature","properties":{"c":"#009900","v0":0.5,"v1":1.0},"geometry":{"type":"Polygon","coordinates":[[[-81.9324,24.2419],[-81.85,24.2569],[-81.83,24.2499],[-81.825,24.2237],[-81.833,24.2055],[-81.85,24.1923],[-81.95,24.1805],[-81.97,24.1885],[-81.9824,24.2055],[-81.9812,24.2237],[-81.9324,24.2419]]]}},{"type":"Feature","properties":{"c":"#009900","v0":0.5,"v1":1.0},"geometry":{"type":"Polygon","coordinates":[[[-78.2943,24.2055],[-78.27,24.2199],[-78.25,24.2214],[-78.19,24.19],[-78.1732,24.169],[-78.1718,24.1507],[-78.1871,24.1142],[-78.23,24.0576],[-78.27,24.0315],[-78.41,24.0124],[-78.4276,24.0229],[-78.3781,24.0594],[-78.35,24.1249],[-78.3132,24.1872],[-78.2943,24.2055]]]}},{"type":"Feature","properties":{"c":"#009900","v0":0.5,"v1":1.0},"geometry":{"type":"Polygon","coordinates":[[[-80.3328,24.1325],[-80.27,24.1335],[-80.19,24.1475],[-80.1625,24.1325],[-80.1556,24.1142],[-80.1598,24.0959],[-80.2382,24.0229],[-80.2503,24.0046],[-80.2589,23.9498],[-80.29,23.9033],[-80.31,23.8914],[-80.39,23.8803],[-80.4272,23.8584],[-80.4463,23.8401],[-80.4517,23.7669],[-80.47,23.7315],[-80.49,23.7164],[-80.5638,23.6936],[-80.5769,23.6753],[-80.59,23.62],[-80.61,23.6031],[-80.6746,23.5837],[-80.67,23.6003],[-80.6497,23.6203],[-80.6535,23.6753],[-80.6063,23.7486],[-80.57,23.7806],[-80.4817,23.8218],[-80.4663,23.8401],[-80.4847,23.9132],[-80.4794,23.9863],[-80.4677,24.0229],[-80.3776,24.1142],[-80.3328,24.1325]],[[-80.33,24.1008],[-80.35,24.0955],[-80.3795,24.0594],[-80.43,24.0254],[-80.4451,24.0046],[-80.4523,23.9315],[-80.4462,23.9132],[-80.43,23.9008],[-80.35,23.9173],[-80.3214,23.9315],[-80.3015,23.9681],[-80.3039,23.9863],[-80.3267,24.0229],[-80.3277,24.0412],[-80.31,24.0587],[-80.25,24.0564],[-80.2247,24.0777],[-80.23,24.0985],[-80.33,24.1008]]]}},{"type":"Feature","properties":{"c":"#009900","v0":0.5,"v1":1.0},"geometry":{"type":"Polygon","coordinates":[[[-81.533,24.1142],[-81.51,24.1258],[-81.45,24.082],[-81.37,24.0587],[-81.25,24.0894],[-81.2265,24.0777],[-81.2227,24.0594],[-81.2423,24.0229],[-81.29,23.9864],[-81.43,23.9806],[-81.47,23.9954],[-81.5273,24.0594],[-81.5374,24.0777],[-81.533,24.1142]]]}},{"type":"Feature","properties":{"c":"#009900","v0":0.5,"v1":1.0},"geometry":{"type":"Polygon","coordinates":[[[-79.4375,23.9681],[-79.41,23.9764],[-79.3867,23.9681],[-79.3812,23.9498],[-79.3921,23.9132],[-79.3897,23.8949],[-79.3568,23.8035],[-79.3579,23.7669],[-79.3472,23.7486],[-79.3195,23.7303],[-79.321,23.7119],[-79.33,23.7059],[-79.35,23.7023],[-79.39,23.7262],[-79.45,23.7369],[-79.47,23.7473],[-79.5131,23.8218],[-79.5107,23.8584],[-79.4375,23.9681]],[[-79.45,23.8619],[-79.462,23.8401],[-79.45,23.8254],[-79.43,23.8217],[-79.4281,23.8584],[-79.45,23.8619]]]}},{"type":"Feature","properties":{"c":"#009900","v0":0.5,"v1":1.0},"geometry":{"type":"Polygon","coordinates":[[[-78.678,23.8584],[-78.65,23.8617],[-78.63,23.8546],[-78.6159,23.8401],[-78.6155,23.8218],[-78.71,23.7453],[-78.73,23.7458],[-78.7548,23.8035],[-78.749,23.8218],[-78.7263,23.8401],[-78.678,23.8584]]]}},{"type":"Feature","properties":{"c":"#009900","v0":0.5,"v1":1.0},"geometry":{"type":"Polygon","coordinates":[[[-80.7552,23.8401],[-80.73,23.8458],[-80.71,23.8417],[-80.6769,23.8218],[-80.6912,23.8035],[-80.73,23.7805],[-80.75,23.7709],[-80.77,23.7728],[-80.7785,23.8035],[-80.7552,23.8401]]]}},{"type":"Feature","properties":{"c":"#009900","v0":0.5,"v1":1.0},"geometry":{"type":"Polygon","coordinates":[[[-83.2481,23.8035],[-83.21,23.805],[-83.1818,23.7852],[-83.168,23.7486],[-83.1849,23.7303],[-83.23,23.7295],[-83.2619,23.7486],[-83.2734,23.7669],[-83.2723,23.7852],[-83.2481,23.8035]]]}},{"type":"Feature","properties":{"c":"#009900","v0":0.5,"v1":1.0},"geometry":{"type":"Polygon","coordinates":[[[-82.1537,23.8035],[-82.13,23.8034],[-82.11,23.7914],[-82.0684,23.7486],[-82.0656,23.7303],[-82.0737,23.7119],[-82.11,23.6881],[-82.13,23.6977],[-82.1621,23.7669],[-82.1657,23.7852],[-82.1537,23.8035]]]}},{"type":"Feature","properties":{"c":"#009900","v0":0.5,"v1":1.0},"geometry":{"type":"Polygon","coordinates":[[[-79.4904,23.7303],[-79.4908,23.7119],[-79.51,23.7031],[-79.5201,23.7119],[-79.4904,23.7303]]]}},{"type":"Feature","properties":{"c":"#009900","v0":0.5,"v1":1.0},"geometry":{"type":"Polygon","coordinates":[[[-81.6387,23.6203],[-81.61,23.6315],[-81.57,23.6311],[-81.544,23.6203],[-81.5321,23.602],[-81.55,23.5822],[-81.63,23.5708],[-81.6547,23.5837],[-81.6555,23.602],[-81.6387,23.6203]]]}},{"type":"Feature","properties":{"c":"#009900","v0":0.5,"v1":1.0},"geometry":{"type":"Polygon","coordinates":[[[-81.815,23.602],[-81.8005,23.602],[-81.7982,23.5837],[-81.81,23.5764],[-81.8201,23.5837],[-81.815,23.602]]]}},{"type":"Feature","properties":{"c":"#009900","v0":0.5,"v1":1.0},"geometry":{"type":"Polygon","coordinates":[[[-82.4326,23.5654],[-82.41,23.5668],[-82.407,23.547],[-82.427,23.547],[-82.4326,23.5654]]]}},{"type":"Feature","properties":{"c":"#009900","v0":0.5,"v1":1.0},"geometry":{"type":"Polygon","coordinates":[[[-80.7364,23.4553],[-80.71,23.4661],[-80.67,23.4584],[-80.6526,23.437],[-80.6504,23.4186],[-80.6586,23.4002],[-80.73,23.3617],[-80.7823,23.3635],[-80.803,23.3819],[-80.799,23.4002],[-80.77,23.4348],[-80.7364,23.4553]]]}},{"type":"Feature","properties":{"c":"#009900","v0":0.5,"v1":1.0},"geometry":{"type":"Polygon","coordinates":[[[-80.5706,23.437],[-80.5384,23.4186],[-80.5385,23.4002],[-80.5537,23.3819],[-80.59,23.3694],[-80.6159,23.3819],[-80.6233,23.4002],[-80.6148,23.4186],[-80.5706,23.437]]]}},{"type":"Feature","properties":{"c":"#009900","v0":0.5,"v1":1.0},"geometry":{"type":"Polygon","coordinates":[[[-81.6734,23.3635],[-81.6631,23.3635],[-81.6482,23.3452],[-81.67,23.3273],[-81.6813,23.3452],[-81.6734,23.3635]]]}},{"type":"Feature","properties":{"c":"#009900","v0":0.5,"v1":1.0},"geometry":{"type":"Polygon","coordinates":[[[-82.8447,23.3084],[-82.83,23.3179],[-82.81,23.3171],[-82.75,23.2746],[-82.7372,23.2533],[-82.7375,23.2349],[-82.751,23.2166],[-82.79,23.1985],[-82.83,23.2064],[-82.8565,23.2533],[-82.8553,23.2901],[-82.8447,23.3084]],[[-82.81,23.2824],[-82.8254,23.2717],[-82.8259,23.2533],[-82.81,23.2332],[-82.79,23.2319],[-82.7742,23.2533],[-82.79,23.2748],[-82.81,23.2824]]]}},{"type":"Feature","properties":{"c":"#009900","v0":0.5,"v1":1.0},"geometry":{"type":"Polygon","coordinates":[[[-82.6508,21.8309],[-82.61,21.8291],[-82.57,21.8171],[-82.5536,21.7938],[-82.561,21.7752],[-82.61,21.7599],[-82.67,21.7704],[-82.6913,21.7938],[-82.6887,21.8123],[-82.6508,21.8309]]]}},{"type":"Feature","properties":{"c":"#006600","v0":1.0,"v1":2.0},"geometry":{"type":"Polygon","coordinates":[[[-100.3169,51.9851],[-100.31,51.9894],[-100.2799,51.9851],[-100.2751,51.9728],[-100.2908,51.9728],[-100.3169,51.9851]]]}},{"type":"Feature","properties":{"c":"#006600","v0":1.0,"v1":2.0},"geometry":{"type":"Polygon","coordinates":[[[-101.7041,51.8494],[-101.67,51.8582],[-101.55,51.837],[-101.4627,51.7999],[-101.4529,51.7876],[-101.49,51.7803],[-101.5422,51.7876],[-101.63,51.818],[-101.69,51.8328],[-101.7002,51.837],[-101.7041,51.8494]]]}},{"type":"Feature","properties":{"c":"#006600","v0":1.0,"v1":2.0},"geometry":{"type":"Polygon","coordinates":[[[-92.1801,48.6008],[-92.13,48.6066],[-92.07,48.6014],[-91.87,48.5495],[-91.79,48.5348],[-91.2984,48.402],[-91.17,48.3599],[-91.0851,48.3089],[-91.01,48.2763],[-90.8935,48.2424],[-90.8633,48.2157],[-90.89,48.2081],[-90.95,48.2124],[-91.05,48.2491],[-91.09,48.2528],[-91.1096,48.2424],[-91.13,48.2097],[-91.15,48.2039],[-91.17,48.2054],[-91.39,48.2764],[-91.69,48.3197],[-91.79,48.3434],[-91.8313,48.3621],[-91.87,48.4031],[-92.0213,48.4683],[-92.068,48.5213],[-92.1831,48.5875],[-92.1801,48.6008]]]}},{"type":"Feature","properties":{"c":"#006600","v0":1.0,"v1":2.0},"geometry":{"type":"Polygon","coordinates":[[[-91.2266,48.149],[-91.19,48.1617],[-91.13,48.1476],[-91.05,48.1512],[-90.9858,48.1223],[-90.9711,48.109],[-90.9756,48.0956],[-91.05,48.0823],[-91.13,48.1062],[-91.17,48.1076],[-91.19,48.1053],[-91.2519,48.0689],[-91.29,48.0649],[-91.31,48.0687],[-91.3292,48.0823],[-91.3347,48.0956],[-91.3292,48.109],[-91.29,48.1278],[-91.246,48.1357],[-91.2266,48.149]]]}},{"type":"Feature","properties":{"c":"#006600","v0":1.0,"v1":2.0},"geometry":{"type":"Polygon","coordinates":[[[-89.8227,48.0288],[-89.81,48.0326],[-89.777,48.0288],[-89.7211,48.002],[-89.7759,48.002],[-89.815,48.0154],[-89.8227,48.0288]]]}},{"type":"Feature","properties":{"c":"#006600","v0":1.0,"v1":2.0},"geometry":{"type":"Polygon","coordinates":[[[-91.9876,47.9753],[-91.97,47.9847],[-91.93,47.9859],[-91.85,47.9644],[-91.73,47.9587],[-91.6862,47.9485],[-91.657,47.9351],[-91.6021,47.8948],[-91.5848,47.8546],[-91.5182,47.8009],[-91.4848,47.7606],[-91.49,47.7518],[-91.5919,47.7874],[-91.71,47.8506],[-91.87,47.9202],[-91.9677,47.9485],[-91.9835,47.9619],[-91.9876,47.9753]]]}},{"type":"Feature","properties":{"c":"#006600","v0":1.0,"v1":2.0},"geometry":{"type":"Polygon","coordinates":[[[-90.9705,47.9619],[-90.93,47.9659],[-90.7636,47.9485],[-90.67,47.923],[-90.59,47.8873],[-90.41,47.8556],[-90.4009,47.8412],[-90.408,47.8277],[-90.37,47.8066],[-90.29,47.7934],[-90.21,47.7668],[-90.1092,47.7606],[-90.1062,47.7471],[-90.1496,47.7068],[-90.17,47.6985],[-90.29,47.6864],[-90.33,47.6637],[-90.37,47.6658],[-90.3904,47.6798],[-90.3985,47.7068],[-90.4105,47.7202],[-90.4563,47.7337],[-90.4782,47.7471],[-90.4923,47.774],[-90.4989,47.8143],[-90.51,47.8214],[-90.53,47.8256],[-90.61,47.8161],[-90.73,47.8319],[-90.7583,47.8412],[-90.77,47.8523],[-90.768,47.8814],[-90.79,47.8955],[-90.83,47.8859],[-90.91,47.8872],[-90.95,47.895],[-91.01,47.8962],[-91.0455,47.9083],[-91.0568,47.9217],[-91.05,47.9394],[-90.9705,47.9619]]]}},{"type":"Feature","properties":{"c":"#006600","v0":1.0,"v1":2.0},"geometry":{"type":"Polygon","coordinates":[[[-90.7744,47.7874],[-90.73,47.7883],[-90.71,47.7801],[-90.6908,47.7606],[-90.69,47.7448],[-90.7335,47.7471],[-90.769,47.7606],[-90.7804,47.774],[-90.7744,47.7874]]]}},{"type":"Feature","properties":{"c":"#006600","v0":1.0,"v1":2.0},"geometry":{"type":"Polygon","coordinates":[[[-90.6718,47.7337],[-90.63,47.7247],[-90.5729,47.6933],[-90.5418,47.6664],[-90.5427,47.6529],[-90.61,47.6465],[-90.6629,47.6664],[-90.6845,47.6933],[-90.6828,47.7202],[-90.6718,47.7337]]]}},{"type":"Feature","properties":{"c":"#006600","v0":1.0,"v1":2.0},"geometry":{"type":"Polygon","coordinates":[[[-90.1153,47.6259],[-90.07,47.6326],[-89.91,47.6102],[-89.81,47.6232],[-89.7932,47.6125],[-89.8293,47.599],[-89.87,47.5921],[-89.95,47.5506],[-90.03,47.542],[-90.13,47.5505],[-90.1584,47.5855],[-90.1647,47.6125],[-90.15,47.6212],[-90.1153,47.6259]]]}},{"type":"Feature","properties":{"c":"#006600","v0":1.0,"v1":2.0},"geometry":{"type":"Polygon","coordinates":[[[-90.1892,47.545],[-90.15,47.5511],[-90.1343,47.545],[-90.1217,47.5315],[-90.1201,47.518],[-90.15,47.4836],[-90.19,47.4722],[-90.2213,47.4774],[-90.2479,47.491],[-90.2876,47.5315],[-90.27,47.5412],[-90.23,47.5393],[-90.1892,47.545]]]}},{"type":"Feature","properties":{"c":"#006600","v0":1.0,"v1":2.0},"geometry":{"type":"Polygon","coordinates":[[[-91.4849,47.5315],[-91.47,47.536],[-91.45,47.5336],[-91.4357,47.518],[-91.4609,47.518],[-91.4849,47.5315]]]}},{"type":"Feature","properties":{"c":"#006600","v0":1.0,"v1":2.0},"geometry":{"type":"Polygon","coordinates":[[[-82.1863,47.4639],[-82.11,47.4772],[-82.0488,47.4639],[-81.9763,47.4098],[-81.9644,47.3827],[-81.9346,47.3556],[-81.9392,47.3421],[-81.95,47.3381],[-81.97,47.3416],[-81.9924,47.3692],[-82.01,47.3745],[-82.09,47.384],[-82.15,47.406],[-82.1873,47.4369],[-82.1951,47.4504],[-82.1863,47.4639]]]}},{"type":"Feature","properties":{"c":"#006600","v0":1.0,"v1":2.0},"geometry":{"type":"Polygon","coordinates":[[[-91.2026,47.4369],[-91.19,47.4444],[-91.0724,47.4098],[-91.0557,47.3963],[-91.0597,47.3827],[-91.0955,47.3827],[-91.1605,47.4098],[-91.2026,47.4369]]]}},{"type":"Feature","properties":{"c":"#006600","v0":1.0,"v1":2.0},"geometry":{"type":"Polygon","coordinates":[[[-90.093,47.2335],[-90.07,47.2406],[-90.01,47.222],[-89.97,47.2159],[-89.81,47.2193],[-89.65,47.1978],[-89.5836,47.1792],[-89.5791,47.1656],[-89.61,47.1531],[-89.75,47.1264],[-89.81,47.1231],[-89.95,47.1365],[-89.9819,47.1248],[-89.9909,47.1112],[-89.9889,47.0975],[-89.9759,47.0839],[-89.9383,47.0567],[-89.89,47.0074],[-89.83,46.9766],[-89.79,46.9769],[-89.83,46.9661],[-89.8394,46.9476],[-89.7821,46.8929],[-89.7173,46.8519],[-89.67,46.8133],[-89.5251,46.7286],[-89.5275,46.7012],[-89.5564,46.66],[-89.5473,46.6463],[-89.496,46.6188],[-89.45,46.5649],[-89.4193,46.5501],[-89.43,46.5398],[-89.45,46.5407],[-89.51,46.5484],[-89.59,46.571],[-89.61,46.5695],[-89.6185,46.5639],[-89.5956,46.5226],[-89.5822,46.4675],[-89.59,46.4487],[-89.61,46.4428],[-89.73,46.4847],[-89.83,46.5446],[-89.8858,46.6463],[-89.8893,46.6875],[-89.9471,46.7424],[-89.97,46.8165],[-89.9955,46.8656],[-90.05,46.9165],[-90.0575,46.9749],[-90.13,47.0136],[-90.19,47.0322],[-90.21,47.0484],[-90.25,47.1021],[-90.31,47.1314],[-90.337,47.152],[-90.3437,47.1656],[-90.334,47.1792],[-90.31,47.1893],[-90.1718,47.1928],[-90.093,47.2335]]]}},{"type":"Feature","properties":{"c":"#006600","v0":1.0,"v1":2.0},"geometry":{"type":"Polygon","coordinates":[[[-89.4807,46.3572],[-89.47,46.3589],[-89.45,46.3511],[-89.39,46.3185],[-89.3744,46.302],[-89.3765,46.2881],[-89.41,46.2782],[-89.43,46.2841],[-89.4701,46.3296],[-89.4807,46.3572]]]}},{"type":"Feature","properties":{"c":"#006600","v0":1.0,"v1":2.0},"geometry":{"type":"Polygon","coordinates":[[[-89.294,46.0943],[-89.23,46.101],[-89.2107,46.0943],[-89.17,46.0581],[-89.13,46.0387],[-89.1184,46.0249],[-89.1064,45.9693],[-89.0855,45.9276],[-89.0927,45.8998],[-89.1167,45.8858],[-89.15,45.8802],[-89.1789,45.8858],[-89.2397,45.9137],[-89.2825,45.9415],[-89.333,46.0665],[-89.3232,46.0804],[-89.294,46.0943]]]}},{"type":"Feature","properties":{"c":"#006600","v0":1.0,"v1":2.0},"geometry":{"type":"Polygon","coordinates":[[[-89.0747,46.0943],[-89.05,46.0926],[-89.0217,46.0804],[-89.0062,46.0665],[-89.01,46.0466],[-89.05,46.0381],[-89.0967,46.0527],[-89.0936,46.0804],[-89.0747,46.0943]]]}},{"type":"Feature","properties":{"c":"#006600","v0":1.0,"v1":2.0},"geometry":{"type":"Polygon","coordinates":[[[-83.1148,45.9415],[-83.09,45.9525],[-83.05,45.9448],[-82.91,45.8764],[-82.8729,45.844],[-82.8532,45.8162],[-82.8437,45.7883],[-82.85,45.7633],[-82.87,45.7588],[-82.89,45.7623],[-82.9688,45.8022],[-83.07,45.9063],[-83.1148,45.9415]]]}},{"type":"Feature","properties":{"c":"#006600","v0":1.0,"v1":2.0},"geometry":{"type":"Polygon","coordinates":[[[-88.5751,45.7743],[-88.55,45.7855],[-88.49,45.7819],[-88.45,45.773],[-88.4265,45.7604],[-88.4192,45.7464],[-88.43,45.7305],[-88.45,45.7249],[-88.49,45.726],[-88.57,45.7455],[-88.5808,45.7604],[-88.5751,45.7743]]]}},{"type":"Feature","properties":{"c":"#006600","v0":1.0,"v1":2.0},"geometry":{"type":"Polygon","coordinates":[[[-83.0275,45.7045],[-82.99,45.7022],[-82.93,45.6744],[-82.8975,45.6486],[-82.8354,45.5787],[-82.8262,45.5507],[-82.85,45.5254],[-82.89,45.5136],[-82.9474,45.5086],[-82.845,45.4245],[-82.783,45.3542],[-82.7694,45.2558],[-82.6499,45.0866],[-82.6507,45.0583],[-82.6631,45.0442],[-82.71,45.0186],[-82.7592,44.9735],[-82.81,44.9557],[-82.852,44.9593],[-82.93,45.0022],[-82.95,45.0076],[-83.01,45.0045],[-83.0318,45.0159],[-83.03,45.0363],[-82.9959,45.0583],[-82.9879,45.0724],[-82.9872,45.143],[-83.0005,45.1712],[-83.0663,45.2417],[-83.0923,45.2839],[-83.1016,45.3261],[-83.0869,45.3964],[-83.1187,45.4666],[-83.1218,45.4946],[-83.1134,45.5227],[-83.09,45.534],[-83.01,45.5316],[-83.014,45.5507],[-83.0052,45.5927],[-83.0379,45.6906],[-83.0275,45.7045]],[[-83.01,45.4488],[-83.0213,45.4385],[-82.9847,45.3542],[-82.99,45.3393],[-83.0382,45.3121],[-83.0452,45.298],[-83.0385,45.2698],[-82.99,45.222],[-82.91,45.1686],[-82.89,45.1636],[-82.85,45.1689],[-82.837,45.1853],[-82.8585,45.2417],[-82.8439,45.298],[-82.854,45.3402],[-82.93,45.4157],[-82.97,45.4391],[-83.01,45.4488]]]}},{"type":"Feature","properties":{"c":"#006600","v0":1.0,"v1":2.0},"geometry":{"type":"Polygon","coordinates":[[[-82.9313,44.775],[-82.93,44.7817],[-82.91,44.7761],[-82.89,44.7446],[-82.91,44.7506],[-82.9313,44.775]]]}},{"type":"Feature","properties":{"c":"#006600","v0":1.0,"v1":2.0},"geometry":{"type":"Polygon","coordinates":[[[-87.7093,44.7324],[-87.67,44.7437],[-87.59,44.7345],[-87.45,44.688],[-87.4376,44.6755],[-87.4459,44.6471],[-87.5104,44.6186],[-87.5044,44.6044],[-87.4737,44.5759],[-87.47,44.5612],[-87.49,44.5522],[-87.51,44.5555],[-87.65,44.6361],[-87.7089,44.704],[-87.7166,44.7182],[-87.7093,44.7324]]]}},{"type":"Feature","properties":{"c":"#006600","v0":1.0,"v1":2.0},"geometry":{"type":"Polygon","coordinates":[[[-87.0919,44.3046],[-87.07,44.3021],[-87.053,44.2903],[-87.0433,44.2759],[-87.05,44.2687],[-87.07,44.2735],[-87.09,44.2884],[-87.0919,44.3046]]]}},{"type":"Feature","properties":{"c":"#006600","v0":1.0,"v1":2.0},"geometry":{"type":"Polygon","coordinates":[[[-87.1647,42.9436],[-87.15,42.9486],[-87.13,42.9437],[-87.07,42.9013],[-87.0003,42.8411],[-86.942,42.7677],[-86.9129,42.6648],[-86.93,42.6308],[-86.95,42.617],[-86.99,42.6137],[-87.01,42.6234],[-87.05,42.6689],[-87.13,42.8084],[-87.169,42.929],[-87.1647,42.9436]]]}},{"type":"Feature","properties":{"c":"#006600","v0":1.0,"v1":2.0},"geometry":{"type":"Polygon","coordinates":[[[-86.897,42.5323],[-86.89,42.5343],[-86.8732,42.5176],[-86.89,42.4997],[-86.9132,42.5176],[-86.897,42.5323]]]}},{"type":"Feature","properties":{"c":"#006600","v0":1.0,"v1":2.0},"geometry":{"type":"Polygon","coordinates":[[[-86.2423,42.4586],[-86.23,42.4685],[-86.19,42.4658],[-86.13,42.4426],[-85.9532,42.2664],[-85.9189,42.222],[-85.8431,42.0886],[-85.7986,41.9846],[-85.8074,41.9548],[-85.8406,41.94],[-85.8554,41.9251],[-85.8536,41.8655],[-85.87,41.8325],[-85.89,41.8323],[-85.91,41.8434],[-85.9742,41.8953],[-85.9814,41.9251],[-85.9531,41.9697],[-85.9609,41.9995],[-86.0019,42.0589],[-86.1411,42.1924],[-86.2291,42.3256],[-86.2504,42.3848],[-86.2423,42.4586]],[[-86.11,42.3191],[-86.13,42.3049],[-86.1309,42.2812],[-86.09,42.2142],[-86.03,42.1495],[-85.97,42.1238],[-85.9573,42.1331],[-85.9573,42.1479],[-85.99,42.2125],[-86.07,42.3001],[-86.11,42.3191]]]}},{"type":"Feature","properties":{"c":"#006600","v0":1.0,"v1":2.0},"geometry":{"type":"Polygon","coordinates":[[[-86.1354,41.9251],[-86.09,41.908],[-86.0576,41.8804],[-86.0429,41.8506],[-86.05,41.813],[-86.07,41.8093],[-86.09,41.8193],[-86.13,41.8665],[-86.153,41.9102],[-86.15,41.9227],[-86.1354,41.9251]]]}},{"type":"Feature","properties":{"c":"#006600","v0":1.0,"v1":2.0},"geometry":{"type":"Polygon","coordinates":[[[-88.4021,39.4534],[-88.39,39.4654],[-88.35,39.4594],[-88.31,39.4267],[-88.2806,39.3916],[-88.2569,39.3453],[-88.2568,39.3298],[-88.27,39.3137],[-88.29,39.3094],[-88.31,39.3169],[-88.35,39.3486],[-88.3914,39.4071],[-88.4021,39.4534]]]}},{"type":"Feature","properties":{"c":"#006600","v0":1.0,"v1":2.0},"geometry":{"type":"Polygon","coordinates":[[[-88.5382,39.3143],[-88.53,39.3227],[-88.51,39.3245],[-88.49,39.3183],[-88.43,39.291],[-88.37,39.254],[-88.3326,39.2214],[-88.2825,39.1439],[-88.2807,39.1128],[-88.3029,39.0507],[-88.3124,38.9264],[-88.33,38.8853],[-88.37,38.8471],[-88.39,38.8517],[-88.41,38.8778],[-88.4957,39.0352],[-88.5441,39.2524],[-88.5468,39.2834],[-88.5382,39.3143]],[[-88.49,39.2542],[-88.4919,39.1749],[-88.4588,39.0352],[-88.41,38.9758],[-88.39,38.9644],[-88.37,38.9678],[-88.3596,38.9886],[-88.3574,39.0197],[-88.3817,39.1594],[-88.4085,39.2059],[-88.4402,39.2369],[-88.47,39.2563],[-88.49,39.2542]]]}},{"type":"Feature","properties":{"c":"#006600","v0":1.0,"v1":2.0},"geometry":{"type":"Polygon","coordinates":[[[-75.262,38.973],[-75.23,38.9825],[-75.09,38.987],[-75.07,38.9812],[-75.0361,38.9575],[-75.0134,38.9264],[-75.0165,38.9108],[-75.0502,38.8641],[-75.0605,38.8329],[-75.09,38.8018],[-75.11,38.7931],[-75.15,38.7941],[-75.2123,38.8174],[-75.2256,38.8329],[-75.231,38.8797],[-75.2727,38.9419],[-75.2743,38.9575],[-75.262,38.973]]]}},{"type":"Feature","properties":{"c":"#006600","v0":1.0,"v1":2.0},"geometry":{"type":"Polygon","coordinates":[[[-88.599,38.8329],[-88.59,38.8448],[-88.57,38.8462],[-88.53,38.8232],[-88.43,38.7211],[-88.3863,38.6457],[-88.3762,38.5988],[-88.3915,38.5363],[-88.3954,38.458],[-88.4194,38.411],[-88.45,38.386],[-88.49,38.3863],[-88.57,38.4379],[-88.6021,38.4737],[-88.6429,38.5519],[-88.659,38.7082],[-88.65,38.7262],[-88.61,38.7623],[-88.599,38.8329]],[[-88.55,38.5931],[-88.5603,38.5832],[-88.55,38.5597],[-88.51,38.5189],[-88.4901,38.5206],[-88.51,38.5697],[-88.53,38.587],[-88.55,38.5931]]]}},{"type":"Feature","properties":{"c":"#006600","v0":1.0,"v1":2.0},"geometry":{"type":"Polygon","coordinates":[[[-75.0701,38.755],[-75.03,38.7537],[-75.0098,38.7394],[-75.009,38.7238],[-75.03,38.7135],[-75.07,38.7221],[-75.0818,38.7394],[-75.0701,38.755]]]}},{"type":"Feature","properties":{"c":"#006600","v0":1.0,"v1":2.0},"geometry":{"type":"Polygon","coordinates":[[[-74.6934,38.5519],[-74.67,38.5553],[-74.656,38.5363],[-74.67,38.5273],[-74.69,38.5295],[-74.6996,38.5363],[-74.6934,38.5519]]]}},{"type":"Feature","properties":{"c":"#006600","v0":1.0,"v1":2.0},"geometry":{"type":"Polygon","coordinates":[[[-75.896,38.505],[-75.89,38.5113],[-75.87,38.5082],[-75.8503,38.4893],[-75.85,38.4705],[-75.87,38.4592],[-75.8945,38.4737],[-75.896,38.505]]]}},{"type":"Feature","properties":{"c":"#006600","v0":1.0,"v1":2.0},"geometry":{"type":"Polygon","coordinates":[[[-74.7788,38.4424],[-74.75,38.4518],[-74.71,38.4475],[-74.6805,38.4267],[-74.6786,38.411],[-74.69,38.3944],[-74.7351,38.364],[-74.77,38.3134],[-74.8261,38.3012],[-74.77,38.2424],[-74.7127,38.1441],[-74.73,38.1158],[-74.77,38.1048],[-74.8095,38.1126],[-74.8248,38.1284],[-74.8759,38.2227],[-74.89,38.2856],[-74.905,38.3012],[-75.0193,38.364],[-75.0547,38.411],[-75.0555,38.4267],[-75.03,38.4418],[-74.99,38.4395],[-74.89,38.4003],[-74.85,38.4232],[-74.7788,38.4424]]]}},{"type":"Feature","properties":{"c":"#006600","v0":1.0,"v1":2.0},"geometry":{"type":"Polygon","coordinates":[[[-75.7884,38.3797],[-75.75,38.383],[-75.73,38.3755],[-75.71,38.3596],[-75.6957,38.3326],[-75.6997,38.2384],[-75.6779,38.1755],[-75.6753,38.1284],[-75.6473,38.0654],[-75.6525,38.0181],[-75.6346,37.9708],[-75.6355,37.9551],[-75.65,37.9384],[-75.69,37.9392],[-75.7272,37.9551],[-75.7455,37.9708],[-75.7636,38.0024],[-75.7647,38.0339],[-75.7477,38.0654],[-75.7563,38.1284],[-75.7473,38.1598],[-75.8171,38.3326],[-75.81,38.3634],[-75.7884,38.3797]]]}},{"type":"Feature","properties":{"c":"#006600","v0":1.0,"v1":2.0},"geometry":{"type":"Polygon","coordinates":[[[-74.696,38.0024],[-74.63,38.0036],[-74.59,37.9945],[-74.53,37.9453],[-74.4708,37.9078],[-74.4638,37.892],[-74.4718,37.8762],[-74.49,37.8676],[-74.53,37.8649],[-74.5617,37.8762],[-74.59,37.9029],[-74.6079,37.9078],[-74.71,37.893],[-74.7631,37.9078],[-74.7838,37.9235],[-74.7887,37.9551],[-74.7462,37.9866],[-74.696,38.0024]]]}},{"type":"Feature","properties":{"c":"#006600","v0":1.0,"v1":2.0},"geometry":{"type":"Polygon","coordinates":[[[-75.1588,37.9235],[-75.15,37.9357],[-75.13,37.9371],[-75.097,37.9235],[-75.05,37.8912],[-75.0295,37.8446],[-74.93,37.816],[-74.879,37.7656],[-74.8713,37.7498],[-74.8756,37.734],[-74.9286,37.7023],[-74.9415,37.6865],[-74.9308,37.6548],[-74.8937,37.6073],[-74.8066,37.5439],[-74.8,37.528],[-74.8279,37.4804],[-74.7952,37.3851],[-74.8026,37.3692],[-74.83,37.3552],[-74.87,37.3484],[-74.99,37.3441],[-75.0225,37.3533],[-75.0659,37.4169],[-75.0512,37.4645],[-75.0558,37.4963],[-75.0939,37.528],[-75.1921,37.5756],[-75.1997,37.5914],[-75.181,37.6548],[-75.1869,37.7023],[-75.1626,37.734],[-75.1745,37.813],[-75.1373,37.8604],[-75.1594,37.9078],[-75.1588,37.9235]],[[-75.09,37.6736],[-75.13,37.6411],[-75.15,37.6102],[-75.1476,37.5914],[-75.1301,37.5756],[-75.05,37.5373],[-75.01,37.5274],[-74.97,37.5264],[-74.93,37.5419],[-74.9266,37.5597],[-74.9428,37.5914],[-74.99,37.6441],[-75.05,37.677],[-75.09,37.6736]],[[-74.97,37.4512],[-74.97,37.4317],[-74.9213,37.4169],[-74.9006,37.4169],[-74.8954,37.4328],[-74.91,37.4414],[-74.95,37.4536],[-74.97,37.4512]]]}},{"type":"Feature","properties":{"c":"#006600","v0":1.0,"v1":2.0},"geometry":{"type":"Polygon","coordinates":[[[-74.9054,37.9235],[-74.87,37.9299],[-74.8515,37.9235],[-74.8419,37.9078],[-74.8475,37.892],[-74.87,37.8828],[-74.9066,37.892],[-74.9207,37.9078],[-74.9054,37.9235]]]}},{"type":"Feature","properties":{"c":"#006600","v0":1.0,"v1":2.0},"geometry":{"type":"Polygon","coordinates":[[[-75.0548,37.2897],[-75.03,37.2879],[-75.01,37.2788],[-74.9904,37.2579],[-74.9897,37.226],[-75.01,37.207],[-75.03,37.2081],[-75.05,37.2183],[-75.0709,37.242],[-75.0732,37.2738],[-75.0548,37.2897]]]}},{"type":"Feature","properties":{"c":"#006600","v0":1.0,"v1":2.0},"geometry":{"type":"Polygon","coordinates":[[[-77.9034,37.1304],[-77.89,37.1415],[-77.87,37.1432],[-77.8245,37.1304],[-77.783,37.0985],[-77.7781,37.0666],[-77.79,37.0563],[-77.81,37.0523],[-77.85,37.0626],[-77.8951,37.0985],[-77.9034,37.1304]]]}},{"type":"Feature","properties":{"c":"#006600","v0":1.0,"v1":2.0},"geometry":{"type":"Polygon","coordinates":[[[-74.9151,37.0826],[-74.91,37.0944],[-74.8683,37.0826],[-74.8537,37.0666],[-74.8568,37.0506],[-74.87,37.0389],[-74.89,37.0395],[-74.9042,37.0506],[-74.9151,37.0826]]]}},{"type":"Feature","properties":{"c":"#006600","v0":1.0,"v1":2.0},"geometry":{"type":"Polygon","coordinates":[[[-77.743,36.7147],[-77.69,36.7272],[-77.65,36.719],[-77.63,36.7049],[-77.6172,36.6826],[-77.6137,36.6505],[-77.6298,36.6184],[-77.67,36.6081],[-77.71,36.6206],[-77.7537,36.6826],[-77.7551,36.6986],[-77.743,36.7147]]]}},{"type":"Feature","properties":{"c":"#006600","v0":1.0,"v1":2.0},"geometry":{"type":"Polygon","coordinates":[[[-87.7526,33.9908],[-87.7274,33.9908],[-87.6979,33.9742],[-87.71,33.9628],[-87.7301,33.9577],[-87.7608,33.9742],[-87.7526,33.9908]]]}},{"type":"Feature","properties":{"c":"#006600","v0":1.0,"v1":2.0},"geometry":{"type":"Polygon","coordinates":[[[-86.4994,33.9577],[-86.47,33.9639],[-86.4193,33.9411],[-86.3873,33.9079],[-86.3932,33.8747],[-86.41,33.8669],[-86.4778,33.8913],[-86.5015,33.9245],[-86.506,33.9411],[-86.4994,33.9577]]]}},{"type":"Feature","properties":{"c":"#006600","v0":1.0,"v1":2.0},"geometry":{"type":"Polygon","coordinates":[[[-84.0727,33.8581],[-84.0223,33.8414],[-83.9352,33.7583],[-83.9101,33.7084],[-83.9155,33.6752],[-83.93,33.6698],[-83.95,33.6724],[-84.01,33.6919],[-84.13,33.7057],[-84.19,33.7281],[-84.2265,33.7583],[-84.2407,33.8082],[-84.2365,33.8248],[-84.2175,33.8414],[-84.0727,33.8581]],[[-84.17,33.8013],[-84.1882,33.7916],[-84.1885,33.775],[-84.1727,33.7583],[-84.15,33.7505],[-84.0882,33.7583],[-84.0622,33.775],[-84.0797,33.7916],[-84.17,33.8013]]]}},{"type":"Feature","properties":{"c":"#006600","v0":1.0,"v1":2.0},"geometry":{"type":"Polygon","coordinates":[[[-86.3914,33.8414],[-86.39,33.8474],[-86.37,33.8412],[-86.3602,33.8248],[-86.3549,33.8082],[-86.3674,33.7583],[-86.3488,33.7251],[-86.29,33.6526],[-86.25,33.6157],[-86.21,33.5979],[-86.17,33.5966],[-86.09,33.6271],[-86.07,33.6242],[-86.05,33.6056],[-86.01,33.5441],[-85.9619,33.5085],[-85.8598,33.4585],[-85.8406,33.4418],[-85.8318,33.4084],[-85.8347,33.3082],[-85.8713,33.2413],[-85.89,33.2222],[-85.95,33.2256],[-85.99,33.2076],[-86.01,33.214],[-86.0542,33.2747],[-86.11,33.3063],[-86.17,33.3211],[-86.25,33.324],[-86.31,33.3536],[-86.33,33.3538],[-86.3419,33.3249],[-86.3318,33.2747],[-86.2638,33.1744],[-86.2577,33.1409],[-86.27,33.1219],[-86.3162,33.0906],[-86.37,33.0739],[-86.41,33.0777],[-86.47,33.1012],[-86.5074,33.1241],[-86.5341,33.1576],[-86.5442,33.1911],[-86.5445,33.2747],[-86.5306,33.3416],[-86.5908,33.4251],[-86.5872,33.4919],[-86.6165,33.5752],[-86.59,33.6477],[-86.57,33.6722],[-86.5402,33.6918],[-86.534,33.7084],[-86.5539,33.775],[-86.5435,33.8082],[-86.53,33.8208],[-86.51,33.8231],[-86.41,33.7851],[-86.3971,33.7916],[-86.3914,33.8414]],[[-86.13,33.509],[-86.1492,33.4919],[-86.1263,33.3917],[-86.09,33.363],[-86.05,33.3456],[-86.01,33.3373],[-85.97,33.3436],[-85.95,33.3628],[-85.9389,33.3917],[-85.9404,33.4084],[-85.9659,33.4418],[-86.05,33.507],[-86.09,33.5165],[-86.13,33.509]],[[-86.53,33.6141],[-86.5407,33.5919],[-86.53,33.5635],[-86.51,33.5484],[-86.49,33.5435],[-86.47,33.5527],[-86.4543,33.5752],[-86.47,33.6011],[-86.49,33.6163],[-86.51,33.6212],[-86.53,33.6141]]]}},{"type":"Feature","properties":{"c":"#006600","v0":1.0,"v1":2.0},"geometry":{"type":"Polygon","coordinates":[[[-84.9873,33.8248],[-84.95,33.8375],[-84.93,33.8345],[-84.8832,33.7916],[-84.8547,33.7417],[-84.885,33.7084],[-84.8895,33.6918],[-84.8869,33.6585],[-84.862,33.5919],[-84.8801,33.5586],[-84.91,33.5451],[-84.99,33.5441],[-85.0148,33.5586],[-85.0559,33.6085],[-85.051,33.6252],[-85.0075,33.6752],[-85.0057,33.7084],[-85.021,33.7916],[-85.0119,33.8082],[-84.9873,33.8248]]]}},{"type":"Feature","properties":{"c":"#006600","v0":1.0,"v1":2.0},"geometry":{"type":"Polygon","coordinates":[[[-84.6721,33.5752],[-84.63,33.5602],[-84.5908,33.5252],[-84.583,33.5085],[-84.5874,33.4919],[-84.61,33.4756],[-84.65,33.4798],[-84.73,33.5052],[-84.7607,33.5252],[-84.7655,33.5586],[-84.75,33.5649],[-84.71,33.564],[-84.6721,33.5752]]]}},{"type":"Feature","properties":{"c":"#006600","v0":1.0,"v1":2.0},"geometry":{"type":"Polygon","coordinates":[[[-76.9638,32.9732],[-76.95,32.9767],[-76.93,32.9634],[-76.93,32.9522],[-76.95,32.9373],[-76.97,32.9423],[-76.9769,32.9564],[-76.9638,32.9732]]]}},{"type":"Feature","properties":{"c":"#006600","v0":1.0,"v1":2.0},"geometry":{"type":"Polygon","coordinates":[[[-85.7208,32.5527],[-85.71,32.562],[-85.69,32.5651],[-85.6623,32.5527],[-85.6508,32.5359],[-85.67,32.5235],[-85.69,32.5274],[-85.7208,32.5527]]]}},{"type":"Feature","properties":{"c":"#006600","v0":1.0,"v1":2.0},"geometry":{"type":"Polygon","coordinates":[[[-79.4802,30.5071],[-79.45,30.5231],[-79.41,30.5104],[-79.1589,30.2828],[-79.1302,30.2482],[-79.1265,30.231],[-79.1293,30.2137],[-79.1441,30.1964],[-79.19,30.192],[-79.31,30.2191],[-79.3777,30.2482],[-79.4508,30.3519],[-79.4885,30.4726],[-79.4802,30.5071]],[[-79.35,30.3798],[-79.3558,30.3691],[-79.3512,30.3001],[-79.33,30.2681],[-79.31,30.2565],[-79.27,30.2481],[-79.23,30.2615],[-79.2304,30.2828],[-79.27,30.3285],[-79.35,30.3798]]]}},{"type":"Feature","properties":{"c":"#006600","v0":1.0,"v1":2.0},"geometry":{"type":"Polygon","coordinates":[[[-79.5596,30.3864],[-79.53,30.3909],[-79.5024,30.3691],[-79.5006,30.3519],[-79.5136,30.3346],[-79.53,30.3273],[-79.55,30.3298],[-79.57,30.3465],[-79.5744,30.3691],[-79.5596,30.3864]]]}},{"type":"Feature","properties":{"c":"#006600","v0":1.0,"v1":2.0},"geometry":{"type":"Polygon","coordinates":[[[-85.0875,29.2585],[-85.07,29.2747],[-85.05,29.2685],[-84.95,29.1801],[-84.89,29.1372],[-84.81,29.0948],[-84.71,29.0596],[-84.6326,29.0139],[-84.57,28.9995],[-84.47,28.9942],[-84.21,28.8686],[-84.1997,28.8563],[-84.1988,28.8213],[-84.23,28.7472],[-84.25,28.7335],[-84.33,28.7404],[-84.3393,28.7336],[-84.3134,28.6635],[-84.314,28.6459],[-84.326,28.6283],[-84.3721,28.5932],[-84.3709,28.5757],[-84.31,28.4874],[-84.2367,28.3999],[-84.2058,28.3119],[-84.1348,28.2238],[-84.1212,28.1709],[-84.13,28.1545],[-84.17,28.1571],[-84.21,28.172],[-84.2515,28.2061],[-84.31,28.2746],[-84.3381,28.2942],[-84.43,28.3113],[-84.5106,28.3471],[-84.521,28.3823],[-84.5151,28.4175],[-84.469,28.4878],[-84.47,28.5064],[-84.4963,28.5581],[-84.4832,28.5757],[-84.4275,28.6108],[-84.4228,28.6283],[-84.4735,28.7336],[-84.51,28.7682],[-84.59,28.7917],[-84.63,28.7924],[-84.6416,28.7862],[-84.6449,28.7687],[-84.59,28.7257],[-84.568,28.6985],[-84.5547,28.6635],[-84.5585,28.6283],[-84.57,28.6175],[-84.61,28.6213],[-84.6424,28.6108],[-84.6628,28.5405],[-84.6819,28.5054],[-84.71,28.4718],[-84.73,28.4607],[-84.75,28.4595],[-84.79,28.4792],[-84.8794,28.5757],[-84.9836,28.7336],[-85.0316,28.8388],[-85.05,28.9164],[-85.1348,29.0139],[-85.1878,29.1188],[-85.1866,29.1537],[-85.1736,29.1712],[-85.0991,29.2061],[-85.0899,29.2236],[-85.0875,29.2585]],[[-85.03,29.1737],[-85.0832,29.1537],[-85.1027,29.1362],[-85.109,29.1188],[-85.0961,29.0488],[-85.0803,29.0139],[-85.0562,28.9789],[-85.0029,28.9264],[-84.9826,28.8563],[-84.95,28.8085],[-84.93,28.7928],[-84.8649,28.7687],[-84.8272,28.7161],[-84.81,28.7047],[-84.79,28.6958],[-84.75,28.6929],[-84.7382,28.6985],[-84.7352,28.7161],[-84.7472,28.7512],[-84.7454,28.7687],[-84.7073,28.8388],[-84.7107,28.8738],[-84.7257,28.9089],[-84.7515,28.9439],[-84.81,28.9956],[-84.856,29.0488],[-84.93,29.0978],[-84.99,29.156],[-85.03,29.1737]],[[-84.61,28.9618],[-84.67,28.9504],[-84.6902,28.9264],[-84.6866,28.9089],[-84.6459,28.8738],[-84.5794,28.8388],[-84.47,28.8032],[-84.43,28.8015],[-84.4015,28.8213],[-84.3955,28.8388],[-84.4023,28.8738],[-84.43,28.9016],[-84.55,28.9588],[-84.61,28.9618]],[[-84.39,28.4956],[-84.4034,28.435],[-84.4024,28.3999],[-84.39,28.3846],[-84.37,28.3781],[-84.3182,28.3823],[-84.3085,28.3999],[-84.3169,28.4175],[-84.37,28.4874],[-84.39,28.4956]]]}},{"type":"Feature","properties":{"c":"#006600","v0":1.0,"v1":2.0},"geometry":{"type":"Polygon","coordinates":[[[-82.9101,29.1537],[-82.87,29.1408],[-82.81,29.0792],[-82.83,29.0808],[-82.89,29.1152],[-82.9094,29.1362],[-82.9101,29.1537]]]}},{"type":"Feature","properties":{"c":"#006600","v0":1.0,"v1":2.0},"geometry":{"type":"Polygon","coordinates":[[[-83.2952,29.0139],[-83.27,29.0167],[-83.19,29.0034],[-83.09,28.9743],[-83.0756,28.9614],[-83.0724,28.9439],[-83.0755,28.9089],[-83.09,28.8816],[-83.11,28.8732],[-83.13,28.8746],[-83.23,28.8964],[-83.2954,28.9614],[-83.3077,28.9964],[-83.2952,29.0139]]]}},{"type":"Feature","properties":{"c":"#006600","v0":1.0,"v1":2.0},"geometry":{"type":"Polygon","coordinates":[[[-82.7678,28.9789],[-82.71,28.9883],[-82.6555,28.9789],[-82.6355,28.9439],[-82.61,28.9198],[-82.59,28.9155],[-82.55,28.9259],[-82.51,28.9132],[-82.39,28.8284],[-82.21,28.7219],[-82.13,28.6936],[-82.0824,28.6635],[-82.0564,28.6283],[-82.0505,28.5054],[-82.0653,28.4526],[-82.0963,28.4175],[-82.0135,28.3471],[-82.0016,28.3119],[-82.01,28.2914],[-82.03,28.2786],[-82.05,28.2766],[-82.1835,28.3119],[-82.2095,28.3295],[-82.25,28.3803],[-82.27,28.3822],[-82.29,28.3779],[-82.3042,28.3647],[-82.3082,28.3295],[-82.2993,28.3119],[-82.27,28.2951],[-82.19,28.2686],[-82.15,28.246],[-82.13,28.2238],[-82.15,28.2087],[-82.29,28.2548],[-82.35,28.2183],[-82.39,28.2098],[-82.51,28.2376],[-82.55,28.2396],[-82.58,28.2238],[-82.5808,28.1885],[-82.59,28.1682],[-82.61,28.1586],[-82.65,28.1717],[-82.6721,28.2061],[-82.6857,28.3647],[-82.63,28.4126],[-82.5326,28.435],[-82.43,28.4864],[-82.33,28.4081],[-82.25,28.3968],[-82.1987,28.4175],[-82.1741,28.435],[-82.31,28.5253],[-82.35,28.5403],[-82.39,28.5376],[-82.43,28.4909],[-82.45,28.5055],[-82.4643,28.523],[-82.4664,28.5405],[-82.4409,28.5581],[-82.4378,28.5757],[-82.5741,28.6985],[-82.67,28.8252],[-82.69,28.8429],[-82.8507,28.9089],[-82.87,28.9264],[-82.8616,28.9439],[-82.7678,28.9789]],[[-82.53,28.8438],[-82.55,28.8346],[-82.5598,28.8213],[-82.56,28.8038],[-82.5454,28.7512],[-82.53,28.7314],[-82.49,28.7112],[-82.45,28.707],[-82.41,28.7181],[-82.3845,28.7336],[-82.3759,28.7512],[-82.3874,28.7687],[-82.45,28.8222],[-82.49,28.8426],[-82.53,28.8438]],[[-82.25,28.6174],[-82.2597,28.6108],[-82.2625,28.5932],[-82.23,28.5518],[-82.19,28.5338],[-82.17,28.535],[-82.15,28.5489],[-82.145,28.5757],[-82.15,28.5929],[-82.17,28.6145],[-82.21,28.6233],[-82.25,28.6174]],[[-82.51,28.3679],[-82.5258,28.3471],[-82.51,28.334],[-82.47,28.33],[-82.452,28.3471],[-82.4586,28.3647],[-82.47,28.3704],[-82.51,28.3679]]]}},{"type":"Feature","properties":{"c":"#006600","v0":1.0,"v1":2.0},"geometry":{"type":"Polygon","coordinates":[[[-83.0948,28.8213],[-83.07,28.8178],[-83.03,28.7933],[-82.93,28.7026],[-82.81,28.6439],[-82.7598,28.5932],[-82.7568,28.5757],[-82.7666,28.5581],[-82.79,28.5434],[-82.83,28.5368],[-82.87,28.5411],[-82.8844,28.523],[-82.8759,28.4175],[-82.8578,28.3471],[-82.8646,28.3119],[-82.89,28.2789],[-82.91,28.2772],[-82.93,28.2967],[-82.987,28.3823],[-82.9791,28.3999],[-82.9345,28.435],[-82.9416,28.4702],[-82.99,28.5276],[-83.0053,28.5581],[-83.0042,28.5757],[-82.99,28.5965],[-82.9669,28.6108],[-82.9849,28.6283],[-83.03,28.6493],[-83.0729,28.6985],[-83.109,28.7862],[-83.11,28.8043],[-83.0948,28.8213]]]}},{"type":"Feature","properties":{"c":"#006600","v0":1.0,"v1":2.0},"geometry":{"type":"Polygon","coordinates":[[[-84.729,28.3647],[-84.71,28.3743],[-84.69,28.3659],[-84.6785,28.3471],[-84.6801,28.3295],[-84.69,28.3207],[-84.71,28.3135],[-84.73,28.3153],[-84.7432,28.3295],[-84.729,28.3647]]]}},{"type":"Feature","properties":{"c":"#006600","v0":1.0,"v1":2.0},"geometry":{"type":"Polygon","coordinates":[[[-83.9845,28.065],[-83.97,28.0712],[-83.93,28.0634],[-83.9087,28.0474],[-83.8873,28.0121],[-83.91,27.9989],[-83.95,28.0046],[-83.9762,28.0297],[-83.9845,28.065]]]}},{"type":"Feature","properties":{"c":"#006600","v0":1.0,"v1":2.0},"geometry":{"type":"Polygon","coordinates":[[[-77.7361,26.4112],[-77.7269,26.4112],[-77.7064,26.3933],[-77.71,26.3493],[-77.73,26.3508],[-77.7532,26.3754],[-77.7572,26.3933],[-77.7361,26.4112]]]}},{"type":"Feature","properties":{"c":"#006600","v0":1.0,"v1":2.0},"geometry":{"type":"Polygon","coordinates":[[[-78.1011,26.214],[-78.07,26.2198],[-78.0616,26.214],[-78.0686,26.1961],[-78.11,26.1796],[-78.1203,26.1961],[-78.1011,26.214]]]}},{"type":"Feature","properties":{"c":"#006600","v0":1.0,"v1":2.0},"geometry":{"type":"Polygon","coordinates":[[[-77.9481,25.9805],[-77.93,25.9885],[-77.91,25.9881],[-77.9003,25.9805],[-77.8958,25.9625],[-77.9279,25.9086],[-77.91,25.8895],[-77.87,25.8777],[-77.81,25.8777],[-77.79,25.8891],[-77.75,25.9363],[-77.73,25.9433],[-77.71,25.9404],[-77.6838,25.9086],[-77.6807,25.8726],[-77.69,25.8423],[-77.7721,25.7826],[-77.85,25.7625],[-77.89,25.7648],[-77.97,25.7898],[-78.01,25.8259],[-78.07,25.809],[-78.09,25.8215],[-78.1032,25.8546],[-78.0862,25.9086],[-78.05,25.9378],[-77.99,25.9524],[-77.9481,25.9805]]]}},{"type":"Feature","properties":{"c":"#006600","v0":1.0,"v1":2.0},"geometry":{"type":"Polygon","coordinates":[[[-78.5614,25.8726],[-78.53,25.8806],[-78.5274,25.8726],[-78.5671,25.7826],[-78.5696,25.7646],[-78.5564,25.7105],[-78.5717,25.6745],[-78.61,25.6462],[-78.67,25.6269],[-78.73,25.5847],[-78.79,25.5773],[-78.7966,25.5843],[-78.7778,25.6384],[-78.7545,25.6745],[-78.71,25.7288],[-78.6432,25.7826],[-78.61,25.8416],[-78.5614,25.8726]],[[-78.65,25.7286],[-78.6775,25.7105],[-78.6874,25.6925],[-78.6726,25.6745],[-78.63,25.6757],[-78.6062,25.6925],[-78.61,25.7186],[-78.63,25.7301],[-78.65,25.7286]]]}},{"type":"Feature","properties":{"c":"#006600","v0":1.0,"v1":2.0},"geometry":{"type":"Polygon","coordinates":[[[-78.3204,25.6925],[-78.27,25.7076],[-78.2262,25.6925],[-78.2126,25.6564],[-78.2217,25.6023],[-78.3749,25.4399],[-78.43,25.4156],[-78.47,25.4141],[-78.4762,25.4218],[-78.4712,25.4399],[-78.404,25.5482],[-78.3782,25.6204],[-78.3204,25.6925]],[[-78.29,25.6756],[-78.315,25.6564],[-78.3542,25.5843],[-78.3598,25.5482],[-78.35,25.5311],[-78.33,25.5341],[-78.31,25.5471],[-78.27,25.5875],[-78.2504,25.6204],[-78.2512,25.6564],[-78.27,25.6751],[-78.29,25.6756]]]}},{"type":"Feature","properties":{"c":"#006600","v0":1.0,"v1":2.0},"geometry":{"type":"Polygon","coordinates":[[[-81.3214,25.6564],[-81.2833,25.6564],[-81.2694,25.6384],[-81.29,25.6213],[-81.31,25.6197],[-81.3301,25.6384],[-81.3214,25.6564]]]}},{"type":"Feature","properties":{"c":"#006600","v0":1.0,"v1":2.0},"geometry":{"type":"Polygon","coordinates":[[[-80.9558,25.6023],[-80.9113,25.5843],[-80.83,25.4935],[-80.7739,25.4579],[-80.7721,25.4399],[-80.87,25.4339],[-80.97,25.4778],[-81.03,25.4943],[-81.0449,25.5121],[-81.0325,25.5301],[-81.0012,25.5482],[-80.9864,25.5843],[-80.97,25.5995],[-80.9558,25.6023]]]}},{"type":"Feature","properties":{"c":"#006600","v0":1.0,"v1":2.0},"geometry":{"type":"Polygon","coordinates":[[[-81.6711,25.5662],[-81.63,25.5766],[-81.55,25.5395],[-81.4998,25.5301],[-81.4636,25.5121],[-81.47,25.5002],[-81.51,25.49],[-81.55,25.4617],[-81.57,25.4625],[-81.65,25.4868],[-81.6889,25.5121],[-81.6978,25.5301],[-81.6916,25.5482],[-81.6711,25.5662]]]}},{"type":"Feature","properties":{"c":"#006600","v0":1.0,"v1":2.0},"geometry":{"type":"Polygon","coordinates":[[[-78.8404,25.5662],[-78.806,25.5662],[-78.8209,25.5482],[-78.8964,25.494],[-78.9156,25.4579],[-78.9315,25.3857],[-78.9246,25.3495],[-78.89,25.3327],[-78.8795,25.3134],[-78.89,25.2885],[-78.91,25.2728],[-78.97,25.2584],[-79.0113,25.2229],[-79.1235,25.1686],[-79.1778,25.0962],[-79.23,25.0612],[-79.27,25.0511],[-79.33,25.0637],[-79.3392,25.0781],[-79.3355,25.1143],[-79.3126,25.1686],[-79.274,25.2229],[-79.21,25.2733],[-79.0985,25.3857],[-78.9553,25.476],[-78.89,25.542],[-78.8404,25.5662]],[[-79.01,25.4056],[-79.05,25.3804],[-79.061,25.3676],[-79.0601,25.3495],[-79.03,25.3468],[-78.9941,25.3676],[-78.9843,25.3857],[-78.9878,25.4037],[-79.01,25.4056]],[[-79.01,25.3017],[-79.0258,25.2953],[-79.01,25.2878],[-78.99,25.2871],[-78.9836,25.2953],[-78.99,25.3061],[-79.01,25.3017]]]}},{"type":"Feature","properties":{"c":"#006600","v0":1.0,"v1":2.0},"geometry":{"type":"Polygon","coordinates":[[[-81.4194,25.476],[-81.41,25.4841],[-81.39,25.4784],[-81.3849,25.4579],[-81.3966,25.4579],[-81.4194,25.476]]]}},{"type":"Feature","properties":{"c":"#006600","v0":1.0,"v1":2.0},"geometry":{"type":"Polygon","coordinates":[[[-81.1889,25.4399],[-81.15,25.4533],[-81.11,25.4574],[-81.0862,25.4399],[-81.0932,25.4037],[-81.1329,25.3495],[-81.1089,25.2591],[-81.1107,25.241],[-81.13,25.2202],[-81.2942,25.2772],[-81.3191,25.2953],[-81.3243,25.3134],[-81.3113,25.3857],[-81.25,25.3968],[-81.1889,25.4399]]]}},{"type":"Feature","properties":{"c":"#006600","v0":1.0,"v1":2.0},"geometry":{"type":"Polygon","coordinates":[[[-78.2679,25.3676],[-78.25,25.3781],[-78.23,25.3766],[-78.2097,25.3495],[-78.2212,25.3134],[-78.25,25.2978],[-78.27,25.2981],[-78.2839,25.3134],[-78.2806,25.3495],[-78.2679,25.3676]]]}},{"type":"Feature","properties":{"c":"#006600","v0":1.0,"v1":2.0},"geometry":{"type":"Polygon","coordinates":[[[-78.3619,25.241],[-78.33,25.2495],[-78.3095,25.2229],[-78.3219,25.1505],[-78.2963,25.1143],[-78.3056,25.0781],[-78.3027,25.0056],[-78.3087,24.9693],[-78.3371,24.8968],[-78.3559,24.806],[-78.37,24.7921],[-78.39,24.7926],[-78.4507,24.8242],[-78.4599,24.8424],[-78.4584,24.9149],[-78.4645,24.9331],[-78.53,24.9544],[-78.5535,24.9875],[-78.5605,25.0237],[-78.5544,25.06],[-78.53,25.1002],[-78.4832,25.1324],[-78.4472,25.1867],[-78.3619,25.241]],[[-78.43,25.1029],[-78.4433,25.0962],[-78.4446,25.0781],[-78.43,25.0644],[-78.41,25.0684],[-78.3979,25.0781],[-78.3975,25.0962],[-78.43,25.1029]],[[-78.39,25.0069],[-78.4018,24.9875],[-78.4213,24.8786],[-78.41,24.8555],[-78.39,24.8539],[-78.3471,24.9512],[-78.3418,24.9875],[-78.35,25.0098],[-78.37,25.0166],[-78.39,25.0069]]]}},{"type":"Feature","properties":{"c":"#006600","v0":1.0,"v1":2.0},"geometry":{"type":"Polygon","coordinates":[[[-78.6331,25.2048],[-78.6222,25.2048],[-78.6199,25.1686],[-78.63,25.1488],[-78.65,25.1353],[-78.67,25.1476],[-78.67,25.1544],[-78.6557,25.1867],[-78.6331,25.2048]]]}},{"type":"Feature","properties":{"c":"#006600","v0":1.0,"v1":2.0},"geometry":{"type":"Polygon","coordinates":[[[-78.2569,25.1867],[-78.25,25.1928],[-78.23,25.1919],[-78.23,25.1762],[-78.25,25.1475],[-78.27,25.1415],[-78.2743,25.1505],[-78.2569,25.1867]]]}},{"type":"Feature","properties":{"c":"#006600","v0":1.0,"v1":2.0},"geometry":{"type":"Polygon","coordinates":[[[-81.4241,25.0781],[-81.39,25.0884],[-81.35,25.0846],[-81.3289,25.0781],[-81.322,25.06],[-81.35,25.044],[-81.41,25.0509],[-81.4367,25.06],[-81.4241,25.0781]]]}},{"type":"Feature","properties":{"c":"#006600","v0":1.0,"v1":2.0},"geometry":{"type":"Polygon","coordinates":[[[-79.4746,24.9512],[-79.45,24.9643],[-79.41,24.9656],[-79.35,24.9524],[-79.33,24.9399],[-79.3166,24.9149],[-79.3156,24.8424],[-79.33,24.8248],[-79.37,24.8131],[-79.39,24.7973],[-79.45,24.728],[-79.47,24.7172],[-79.51,24.7115],[-79.5307,24.7152],[-79.5373,24.7334],[-79.5004,24.7879],[-79.5007,24.8242],[-79.5559,24.8605],[-79.4746,24.9512]],[[-79.43,24.8999],[-79.4479,24.8786],[-79.43,24.8588],[-79.4181,24.8786],[-79.4223,24.8968],[-79.43,24.8999]]]}},{"type":"Feature","properties":{"c":"#006600","v0":1.0,"v1":2.0},"geometry":{"type":"Polygon","coordinates":[[[-78.6959,24.8968],[-78.65,24.9114],[-78.6317,24.8968],[-78.6347,24.8786],[-78.6721,24.8242],[-78.6941,24.7334],[-78.69,24.7188],[-78.65,24.7018],[-78.59,24.7043],[-78.5705,24.6971],[-78.5606,24.6789],[-78.564,24.6607],[-78.59,24.6367],[-78.63,24.6347],[-78.77,24.6675],[-78.85,24.6693],[-78.8814,24.6789],[-78.8938,24.6971],[-78.875,24.7334],[-78.6959,24.8968]],[[-78.75,24.7936],[-78.81,24.7313],[-78.7701,24.7334],[-78.7443,24.7516],[-78.7292,24.7697],[-78.7264,24.7879],[-78.73,24.7959],[-78.75,24.7936]]]}},{"type":"Feature","properties":{"c":"#006600","v0":1.0,"v1":2.0},"geometry":{"type":"Polygon","coordinates":[[[-80.6549,24.806],[-80.61,24.8099],[-80.5869,24.7879],[-80.5963,24.7697],[-80.61,24.7618],[-80.71,24.7382],[-80.7377,24.7152],[-80.7421,24.6971],[-80.7057,24.6425],[-80.71,24.6189],[-80.73,24.6098],[-80.77,24.6137],[-80.87,24.668],[-80.8776,24.6971],[-80.8656,24.7334],[-80.85,24.7536],[-80.79,24.7781],[-80.71,24.7788],[-80.6549,24.806]]]}},{"type":"Feature","properties":{"c":"#006600","v0":1.0,"v1":2.0},"geometry":{"type":"Polygon","coordinates":[[[-79.3235,24.7152],[-79.29,24.7268],[-79.25,24.7194],[-79.2276,24.6971],[-79.228,24.6789],[-79.25,24.653],[-79.27,24.6452],[-79.31,24.6469],[-79.3384,24.6607],[-79.3479,24.6789],[-79.3437,24.6971],[-79.3235,24.7152]]]}},{"type":"Feature","properties":{"c":"#006600","v0":1.0,"v1":2.0},"geometry":{"type":"Polygon","coordinates":[[[-79.7918,24.6789],[-79.7589,24.6789],[-79.7342,24.6607],[-79.69,24.6002],[-79.69,24.5625],[-79.71,24.5766],[-79.73,24.62],[-79.7757,24.6243],[-79.806,24.6425],[-79.8105,24.6607],[-79.7918,24.6789]]]}},{"type":"Feature","properties":{"c":"#006600","v0":1.0,"v1":2.0},"geometry":{"type":"Polygon","coordinates":[[[-81.023,24.6425],[-80.99,24.6522],[-80.9717,24.6425],[-80.97,24.6176],[-80.99,24.591],[-81.01,24.5962],[-81.03,24.6177],[-81.023,24.6425]]]}},{"type":"Feature","properties":{"c":"#006600","v0":1.0,"v1":2.0},"geometry":{"type":"Polygon","coordinates":[[[-80.8973,24.6062],[-80.87,24.6161],[-80.8552,24.6062],[-80.8487,24.588],[-80.8831,24.4788],[-80.91,24.4507],[-80.95,24.4422],[-81.03,24.4614],[-81.11,24.4325],[-81.1417,24.4424],[-81.1498,24.4606],[-81.1416,24.4788],[-81.1187,24.497],[-81.01,24.5378],[-80.97,24.5671],[-80.93,24.5794],[-80.8973,24.6062]]]}},{"type":"Feature","properties":{"c":"#006600","v0":1.0,"v1":2.0},"geometry":{"type":"Polygon","coordinates":[[[-80.1338,24.6062],[-80.11,24.6225],[-80.09,24.6123],[-80.0738,24.5698],[-80.0838,24.5334],[-80.17,24.4557],[-80.21,24.4424],[-80.25,24.4454],[-80.27,24.4597],[-80.2793,24.4788],[-80.2792,24.5152],[-80.2695,24.5334],[-80.23,24.5631],[-80.17,24.5685],[-80.1338,24.6062]]]}},{"type":"Feature","properties":{"c":"#006600","v0":1.0,"v1":2.0},"geometry":{"type":"Polygon","coordinates":[[[-81.2614,24.4424],[-81.23,24.4483],[-81.2084,24.4424],[-81.2218,24.4242],[-81.25,24.4168],[-81.2837,24.3878],[-81.3147,24.3149],[-81.3381,24.2966],[-81.39,24.2879],[-81.49,24.304],[-81.5285,24.3149],[-81.5472,24.3331],[-81.543,24.3513],[-81.51,24.3969],[-81.49,24.4202],[-81.47,24.4293],[-81.3537,24.4242],[-81.2614,24.4424]]]}},{"type":"Feature","properties":{"c":"#006600","v0":1.0,"v1":2.0},"geometry":{"type":"Polygon","coordinates":[[[-80.3882,24.4242],[-80.35,24.4311],[-80.33,24.4247],[-80.3028,24.3878],[-80.3028,24.3513],[-80.33,24.3201],[-80.35,24.3104],[-80.37,24.3084],[-80.39,24.3172],[-80.4098,24.3513],[-80.4151,24.3878],[-80.4089,24.406],[-80.3882,24.4242]]]}},{"type":"Feature","properties":{"c":"#006600","v0":1.0,"v1":2.0},"geometry":{"type":"Polygon","coordinates":[[[-81.2709,24.2784],[-81.25,24.289],[-81.23,24.2812],[-81.23,24.2607],[-81.25,24.2573],[-81.2709,24.2784]]]}},{"type":"Feature","properties":{"c":"#006600","v0":1.0,"v1":2.0},"geometry":{"type":"Polygon","coordinates":[[[-80.349,24.0959],[-80.25,24.1014],[-80.2246,24.0959],[-80.2247,24.0777],[-80.25,24.0564],[-80.31,24.0587],[-80.3277,24.0412],[-80.3267,24.0229],[-80.3039,23.9863],[-80.3015,23.9681],[-80.3214,23.9315],[-80.35,23.9173],[-80.43,23.9008],[-80.4462,23.9132],[-80.4523,23.9315],[-80.4451,24.0046],[-80.43,24.0254],[-80.3795,24.0594],[-80.349,24.0959]]]}},{"type":"Feature","properties":{"c":"#006600","v0":1.0,"v1":2.0},"geometry":{"type":"Polygon","coordinates":[[[-79.4539,23.8584],[-79.4281,23.8584],[-79.43,23.8217],[-79.45,23.8254],[-79.462,23.8401],[-79.4539,23.8584]]]}},{"type":"Feature","properties":{"c":"#006600","v0":1.0,"v1":2.0},"geometry":{"type":"Polygon","coordinates":[[[-82.8254,23.2717],[-82.81,23.2824],[-82.7862,23.2717],[-82.7742,23.2533],[-82.784,23.2349],[-82.8124,23.2349],[-82.8259,23.2533],[-82.8254,23.2717]]]}},{"type":"Feature","properties":{"c":"#ffff00","v0":2.0,"v1":3.0},"geometry":{"type":"Polygon","coordinates":[[[-83.0213,45.4385],[-83.01,45.4488],[-82.95,45.4286],[-82.91,45.3993],[-82.854,45.3402],[-82.8439,45.298],[-82.8585,45.2417],[-82.837,45.1853],[-82.85,45.1689],[-82.89,45.1636],[-82.91,45.1686],[-82.99,45.222],[-83.0385,45.2698],[-83.0452,45.298],[-83.0382,45.3121],[-82.99,45.3393],[-82.9847,45.3542],[-83.0213,45.4385]]]}},{"type":"Feature","properties":{"c":"#ffff00","v0":2.0,"v1":3.0},"geometry":{"type":"Polygon","coordinates":[[[-86.1246,42.3108],[-86.11,42.3191],[-86.09,42.3136],[-86.0087,42.2368],[-85.962,42.1628],[-85.9573,42.1331],[-85.97,42.1238],[-86.03,42.1495],[-86.07,42.1873],[-86.1309,42.2812],[-86.1328,42.296],[-86.1246,42.3108]]]}},{"type":"Feature","properties":{"c":"#ffff00","v0":2.0,"v1":3.0},"geometry":{"type":"Polygon","coordinates":[[[-88.4914,39.2524],[-88.47,39.2563],[-88.45,39.2452],[-88.4085,39.2059],[-88.3817,39.1594],[-88.3574,39.0197],[-88.3596,38.9886],[-88.37,38.9678],[-88.39,38.9644],[-88.41,38.9758],[-88.4588,39.0352],[-88.49,39.1619],[-88.4914,39.2524]]]}},{"type":"Feature","properties":{"c":"#ffff00","v0":2.0,"v1":3.0},"geometry":{"type":"Polygon","coordinates":[[[-88.5603,38.5832],[-88.55,38.5931],[-88.5249,38.5832],[-88.5083,38.5676],[-88.4901,38.5206],[-88.51,38.5189],[-88.5562,38.5676],[-88.5603,38.5832]]]}},{"type":"Feature","properties":{"c":"#ffff00","v0":2.0,"v1":3.0},"geometry":{"type":"Polygon","coordinates":[[[-75.0938,37.6707],[-75.07,37.6789],[-75.05,37.677],[-74.99,37.6441],[-74.9428,37.5914],[-74.9266,37.5597],[-74.93,37.5419],[-74.97,37.5264],[-75.01,37.5274],[-75.05,37.5373],[-75.1301,37.5756],[-75.1476,37.5914],[-75.1511,37.6073],[-75.13,37.6411],[-75.0938,37.6707]],[[-75.09,37.6233],[-75.1066,37.6073],[-75.1004,37.5914],[-75.0755,37.5756],[-75.03,37.5657],[-75.0002,37.5756],[-74.9954,37.5914],[-75.01,37.6111],[-75.05,37.6262],[-75.09,37.6233]]]}},{"type":"Feature","properties":{"c":"#ffff00","v0":2.0,"v1":3.0},"geometry":{"type":"Polygon","coordinates":[[[-74.9736,37.4487],[-74.95,37.4536],[-74.9256,37.4487],[-74.8954,37.4328],[-74.9006,37.4169],[-74.9213,37.4169],[-74.97,37.4317],[-74.9736,37.4487]]]}},{"type":"Feature","properties":{"c":"#ffff00","v0":2.0,"v1":3.0},"geometry":{"type":"Polygon","coordinates":[[[-84.1882,33.7916],[-84.17,33.8013],[-84.13,33.7996],[-84.0797,33.7916],[-84.0622,33.775],[-84.0882,33.7583],[-84.15,33.7505],[-84.1727,33.7583],[-84.1885,33.775],[-84.1882,33.7916]]]}},{"type":"Feature","properties":{"c":"#ffff00","v0":2.0,"v1":3.0},"geometry":{"type":"Polygon","coordinates":[[[-86.535,33.6085],[-86.51,33.6212],[-86.4774,33.6085],[-86.4543,33.5752],[-86.47,33.5527],[-86.49,33.5435],[-86.51,33.5484],[-86.53,33.5635],[-86.5407,33.5919],[-86.535,33.6085]]]}},{"type":"Feature","properties":{"c":"#ffff00","v0":2.0,"v1":3.0},"geometry":{"type":"Polygon","coordinates":[[[-86.1314,33.5085],[-86.07,33.5151],[-86.03,33.4943],[-85.9659,33.4418],[-85.9404,33.4084],[-85.9389,33.3917],[-85.95,33.3628],[-85.97,33.3436],[-86.01,33.3373],[-86.05,33.3456],[-86.09,33.363],[-86.1263,33.3917],[-86.1492,33.4919],[-86.1314,33.5085]]]}},{"type":"Feature","properties":{"c":"#ffff00","v0":2.0,"v1":3.0},"geometry":{"type":"Polygon","coordinates":[[[-79.3558,30.3691],[-79.35,30.3798],[-79.27,30.3285],[-79.2304,30.2828],[-79.23,30.2615],[-79.27,30.2481],[-79.327,30.2655],[-79.3512,30.3001],[-79.3558,30.3691]]]}},{"type":"Feature","properties":{"c":"#ffff00","v0":2.0,"v1":3.0},"geometry":{"type":"Polygon","coordinates":[[[-85.0474,29.1712],[-85.03,29.1737],[-84.99,29.156],[-84.93,29.0978],[-84.856,29.0488],[-84.7365,28.9264],[-84.7063,28.8563],[-84.713,28.8213],[-84.7454,28.7687],[-84.7382,28.6985],[-84.77,28.6921],[-84.81,28.7047],[-84.8272,28.7161],[-84.8649,28.7687],[-84.93,28.7928],[-84.97,28.832],[-85.0029,28.9264],[-85.0562,28.9789],[-85.0961,29.0488],[-85.1077,29.1013],[-85.1027,29.1362],[-85.0474,29.1712]],[[-85.03,29.1274],[-85.0458,29.1188],[-85.0511,29.1013],[-85.0443,29.0139],[-85.0217,28.9789],[-84.953,28.9264],[-84.93,28.8478],[-84.91,28.8315],[-84.83,28.8023],[-84.79,28.7996],[-84.77,28.807],[-84.746,28.8388],[-84.7471,28.8563],[-84.7664,28.8914],[-84.99,29.1072],[-85.01,29.1236],[-85.03,29.1274]]]}},{"type":"Feature","properties":{"c":"#ffff00","v0":2.0,"v1":3.0},"geometry":{"type":"Polygon","coordinates":[[[-84.6169,28.9614],[-84.55,28.9588],[-84.43,28.9016],[-84.4023,28.8738],[-84.3955,28.8388],[-84.4015,28.8213],[-84.43,28.8015],[-84.47,28.8032],[-84.5794,28.8388],[-84.6459,28.8738],[-84.6866,28.9089],[-84.6902,28.9264],[-84.67,28.9504],[-84.6169,28.9614]],[[-84.57,28.9214],[-84.5863,28.9089],[-84.5777,28.8914],[-84.5502,28.8738],[-84.49,28.8489],[-84.47,28.8461],[-84.454,28.8563],[-84.46,28.8738],[-84.4867,28.8914],[-84.55,28.9192],[-84.57,28.9214]]]}},{"type":"Feature","properties":{"c":"#ffff00","v0":2.0,"v1":3.0},"geometry":{"type":"Polygon","coordinates":[[[-82.5437,28.8388],[-82.51,28.8459],[-82.49,28.8426],[-82.45,28.8222],[-82.3874,28.7687],[-82.3759,28.7512],[-82.3845,28.7336],[-82.41,28.7181],[-82.45,28.707],[-82.49,28.7112],[-82.53,28.7314],[-82.5454,28.7512],[-82.56,28.8038],[-82.5598,28.8213],[-82.5437,28.8388]]]}},{"type":"Feature","properties":{"c":"#ffff00","v0":2.0,"v1":3.0},"geometry":{"type":"Polygon","coordinates":[[[-82.2597,28.6108],[-82.23,28.6226],[-82.17,28.6145],[-82.15,28.5929],[-82.145,28.5757],[-82.15,28.5489],[-82.17,28.535],[-82.2123,28.5405],[-82.2538,28.5757],[-82.2625,28.5932],[-82.2597,28.6108]]]}},{"type":"Feature","properties":{"c":"#ffff00","v0":2.0,"v1":3.0},"geometry":{"type":"Polygon","coordinates":[[[-84.3943,28.4878],[-84.39,28.4956],[-84.37,28.4874],[-84.3287,28.435],[-84.3085,28.3999],[-84.3182,28.3823],[-84.37,28.3781],[-84.39,28.3846],[-84.4024,28.3999],[-84.3943,28.4878]]]}},{"type":"Feature","properties":{"c":"#ffff00","v0":2.0,"v1":3.0},"geometry":{"type":"Polygon","coordinates":[[[-82.5172,28.3647],[-82.47,28.3704],[-82.4586,28.3647],[-82.452,28.3471],[-82.47,28.33],[-82.497,28.3295],[-82.5258,28.3471],[-82.5172,28.3647]]]}},{"type":"Feature","properties":{"c":"#ffff00","v0":2.0,"v1":3.0},"geometry":{"type":"Polygon","coordinates":[[[-78.6502,25.7285],[-78.63,25.7301],[-78.61,25.7186],[-78.6062,25.6925],[-78.63,25.6757],[-78.6726,25.6745],[-78.6874,25.6925],[-78.6775,25.7105],[-78.6502,25.7285]]]}},{"type":"Feature","properties":{"c":"#ffff00","v0":2.0,"v1":3.0},"geometry":{"type":"Polygon","coordinates":[[[-78.2924,25.6745],[-78.27,25.6751],[-78.2512,25.6564],[-78.2504,25.6204],[-78.27,25.5875],[-78.31,25.5471],[-78.33,25.5341],[-78.35,25.5311],[-78.3598,25.5482],[-78.3542,25.5843],[-78.315,25.6564],[-78.2924,25.6745]]]}},{"type":"Feature","properties":{"c":"#ffff00","v0":2.0,"v1":3.0},"geometry":{"type":"Polygon","coordinates":[[[-79.0143,25.4037],[-78.9878,25.4037],[-78.9843,25.3857],[-78.9941,25.3676],[-79.03,25.3468],[-79.0601,25.3495],[-79.061,25.3676],[-79.0143,25.4037]]]}},{"type":"Feature","properties":{"c":"#ffff00","v0":2.0,"v1":3.0},"geometry":{"type":"Polygon","coordinates":[[[-78.3916,25.0056],[-78.37,25.0166],[-78.35,25.0098],[-78.3418,24.9875],[-78.3471,24.9512],[-78.39,24.8539],[-78.41,24.8555],[-78.4213,24.8786],[-78.4018,24.9875],[-78.3916,25.0056]]]}},{"type":"Feature","properties":{"c":"#ffff00","v0":2.0,"v1":3.0},"geometry":{"type":"Polygon","coordinates":[[[-79.4352,24.8968],[-79.4223,24.8968],[-79.4181,24.8786],[-79.43,24.8588],[-79.4479,24.8786],[-79.4352,24.8968]]]}},{"type":"Feature","properties":{"c":"#ffff00","v0":2.0,"v1":3.0},"geometry":{"type":"Polygon","coordinates":[[[-78.7567,24.7879],[-78.73,24.7959],[-78.7264,24.7879],[-78.7292,24.7697],[-78.7443,24.7516],[-78.7701,24.7334],[-78.81,24.7313],[-78.7567,24.7879]]]}},{"type":"Feature","properties":{"c":"#ffcc00","v0":3.0,"v1":4.0},"geometry":{"type":"Polygon","coordinates":[[[-75.0904,37.6231],[-75.05,37.6262],[-75.01,37.6111],[-74.9954,37.5914],[-75.0002,37.5756],[-75.03,37.5657],[-75.0755,37.5756],[-75.1004,37.5914],[-75.1066,37.6073],[-75.0904,37.6231]]]}},{"type":"Feature","properties":{"c":"#ffcc00","v0":3.0,"v1":4.0},"geometry":{"type":"Polygon","coordinates":[[[-85.0458,29.1188],[-85.03,29.1274],[-85.0036,29.1188],[-84.77,28.8958],[-84.7471,28.8563],[-84.746,28.8388],[-84.77,28.807],[-84.79,28.7996],[-84.83,28.8023],[-84.91,28.8315],[-84.93,28.8478],[-84.953,28.9264],[-85.0217,28.9789],[-85.0443,29.0139],[-85.0511,29.1013],[-85.0458,29.1188]],[[-84.99,29.0318],[-84.9985,29.0139],[-84.9927,28.9964],[-84.9728,28.9789],[-84.93,28.9589],[-84.91,28.955],[-84.9008,28.9614],[-84.9085,28.9789],[-84.95,29.0167],[-84.97,29.0294],[-84.99,29.0318]],[[-84.87,28.9345],[-84.89,28.9215],[-84.8982,28.8914],[-84.8983,28.8738],[-84.8879,28.8563],[-84.83,28.8298],[-84.79,28.8343],[-84.7809,28.8563],[-84.79,28.8768],[-84.83,28.9136],[-84.87,28.9345]]]}},{"type":"Feature","properties":{"c":"#ffcc00","v0":3.0,"v1":4.0},"geometry":{"type":"Polygon","coordinates":[[[-84.5863,28.9089],[-84.57,28.9214],[-84.55,28.9192],[-84.47,28.8818],[-84.454,28.8563],[-84.47,28.8461],[-84.51,28.8561],[-84.57,28.8857],[-84.5863,28.9089]]]}},{"type":"Feature","properties":{"c":"#ff9100","v0":4.0,"v1":6.0},"geometry":{"type":"Polygon","coordinates":[[[-84.9906,29.0314],[-84.97,29.0294],[-84.95,29.0167],[-84.9085,28.9789],[-84.9008,28.9614],[-84.91,28.955],[-84.93,28.9589],[-84.9728,28.9789],[-84.9927,28.9964],[-84.9985,29.0139],[-84.9906,29.0314]]]}},{"type":"Feature","properties":{"c":"#ff9100","v0":4.0,"v1":6.0},"geometry":{"type":"Polygon","coordinates":[[[-84.8858,28.9264],[-84.87,28.9345],[-84.8029,28.8914],[-84.7809,28.8563],[-84.79,28.8343],[-84.83,28.8298],[-84.8879,28.8563],[-84.8983,28.8738],[-84.8982,28.8914],[-84.8858,28.9264]]]}}]}