{"type":"FeatureCollection","features":[{"type":"Feature","properties":{"c":"#00ff00","v0":0.002,"v1":0.003},"geometry":{"type":"Polygon","coordinates":[[[-110.0905,54.3684],[-110.0635,54.3888],[-110.04,54.3986],[-110.02,54.3978],[-110.0074,54.3906],[-110.0022,54.3768],[-110.0072,54.3646],[-110.0224,54.3541],[-110.04,54.3469],[-110.06,54.3429],[-110.0785,54.3453],[-110.0955,54.3539],[-110.0905,54.3684]],[[-110.0682,54.3737],[-110.0561,54.3815],[-110.0433,54.3844],[-110.0298,54.3825],[-110.0298,54.3752],[-110.0433,54.3625],[-110.0561,54.3596],[-110.0682,54.3664],[-110.0682,54.3737]]]}},{"type":"Feature","properties":{"c":"#00ff00","v0":0.002,"v1":0.003},"geometry":{"type":"Polygon","coordinates":[[[-110.0317,54.2106],[-110.0172,54.2191],[-110.0034,54.2191],[-109.9903,54.2106],[-109.9903,54.2026],[-110.0034,54.1949],[-110.0172,54.1949],[-110.0317,54.2026],[-110.0317,54.2106]]]}},{"type":"Feature","properties":{"c":"#00ff00","v0":0.002,"v1":0.003},"geometry":{"type":"Polygon","coordinates":[[[-109.846,54.1874],[-109.8353,54.1962],[-109.821,54.1962],[-109.8029,54.1874],[-109.8029,54.1786],[-109.821,54.1697],[-109.8353,54.1697],[-109.846,54.1786],[-109.846,54.1874]]]}},{"type":"Feature","properties":{"c":"#00ff00","v0":0.002,"v1":0.003},"geometry":{"type":"Polygon","coordinates":[[[-113.7687,53.5859],[-113.7562,53.5943],[-113.74,53.5987],[-113.72,53.5992],[-113.703,53.592],[-113.6889,53.5772],[-113.6939,53.565],[-113.718,53.5552],[-113.7378,53.5523],[-113.7533,53.5561],[-113.7645,53.5639],[-113.7715,53.5758],[-113.7687,53.5859]],[[-113.7516,53.5847],[-113.7239,53.5907],[-113.7054,53.5878],[-113.6961,53.5758],[-113.7011,53.5662],[-113.7204,53.5588],[-113.7389,53.5618],[-113.7566,53.5751],[-113.7516,53.5847]]]}},{"type":"Feature","properties":{"c":"#00ff00","v0":0.002,"v1":0.003},"geometry":{"type":"Polygon","coordinates":[[[-113.5652,53.3144],[-113.5417,53.3278],[-113.5186,53.3278],[-113.4957,53.3144],[-113.4957,53.3006],[-113.5186,53.2863],[-113.5417,53.2863],[-113.5652,53.3006],[-113.5652,53.3144]],[[-113.5579,53.313],[-113.5393,53.3235],[-113.521,53.3235],[-113.503,53.313],[-113.503,53.3021],[-113.521,53.2907],[-113.5393,53.2907],[-113.5579,53.3021],[-113.5579,53.313]]]}},{"type":"Feature","properties":{"c":"#00ff00","v0":0.002,"v1":0.003},"geometry":{"type":"Polygon","coordinates":[[[-107.5096,52.9718],[-107.4926,52.9718],[-107.484,52.9658],[-107.4835,52.9537],[-107.492,52.9537],[-107.5094,52.9658],[-107.5096,52.9718]]]}},{"type":"Feature","properties":{"c":"#00ff00","v0":0.002,"v1":0.003},"geometry":{"type":"Polygon","coordinates":[[[-107.8616,52.7723],[-107.8405,52.7839],[-107.815,52.7859],[-107.785,52.7783],[-107.7653,52.7846],[-107.756,52.8048],[-107.741,52.8184],[-107.7203,52.8255],[-107.695,52.822],[-107.665,52.8081],[-107.6509,52.8167],[-107.6528,52.8477],[-107.6428,52.8795],[-107.6209,52.9119],[-107.587,52.9119],[-107.5409,52.8795],[-107.5109,52.8456],[-107.497,52.8102],[-107.4765,52.786],[-107.4496,52.773],[-107.4401,52.7544],[-107.4479,52.7302],[-107.448,52.7151],[-107.4403,52.709],[-107.4248,52.7053],[-107.4016,52.704],[-107.38,52.7077],[-107.36,52.7164],[-107.305,52.713],[-107.215,52.6975],[-107.165,52.6847],[-107.155,52.6746],[-107.1634,52.6544],[-107.1901,52.6241],[-107.1951,52.6048],[-107.1784,52.5967],[-107.165,52.5917],[-107.155,52.5899],[-107.135,52.598],[-107.105,52.6161],[-107.07,52.6258],[-107.03,52.6273],[-106.985,52.6168],[-106.935,52.5943],[-106.89,52.581],[-106.85,52.5768],[-106.8282,52.5711],[-106.8245,52.5639],[-106.8295,52.5581],[-106.8432,52.5537],[-106.865,52.5544],[-106.895,52.5601],[-106.94,52.5544],[-107.0,52.5373],[-107.0413,52.5214],[-107.064,52.5068],[-107.079,52.49],[-107.0863,52.471],[-107.1065,52.4649],[-107.1394,52.4717],[-107.1572,52.4843],[-107.16,52.5025],[-107.1776,52.5116],[-107.21,52.5116],[-107.2252,52.4995],[-107.2231,52.4751],[-107.2276,52.4568],[-107.2385,52.4446],[-107.2254,52.43],[-107.1885,52.413],[-107.15,52.4098],[-107.11,52.4206],[-107.0854,52.423],[-107.0763,52.4171],[-107.0797,52.3959],[-107.0955,52.3592],[-107.1162,52.3317],[-107.1419,52.3134],[-107.1735,52.3],[-107.2112,52.2915],[-107.235,52.2956],[-107.245,52.3123],[-107.26,52.3251],[-107.28,52.3339],[-107.305,52.3339],[-107.335,52.325],[-107.36,52.3289],[-107.38,52.3455],[-107.405,52.3561],[-107.435,52.3605],[-107.45,52.3743],[-107.45,52.3973],[-107.485,52.4191],[-107.555,52.4396],[-107.597,52.4623],[-107.611,52.4871],[-107.6452,52.5086],[-107.6996,52.5269],[-107.7098,52.5482],[-107.6758,52.5725],[-107.6686,52.6059],[-107.6883,52.6484],[-107.7249,52.6878],[-107.7785,52.7242],[-107.8165,52.7425],[-107.8388,52.7429],[-107.8555,52.749],[-107.8666,52.7607],[-107.8616,52.7723]],[[-107.7745,52.7605],[-107.7495,52.7968],[-107.7302,52.8169],[-107.7167,52.8208],[-107.7027,52.8208],[-107.6881,52.8169],[-107.6781,52.8032],[-107.6727,52.7797],[-107.6562,52.7676],[-107.6287,52.7669],[-107.6212,52.7877],[-107.634,52.83],[-107.6327,52.8653],[-107.6176,52.8937],[-107.5899,52.8967],[-107.5497,52.8744],[-107.5264,52.8572],[-107.5199,52.8451],[-107.5214,52.824],[-107.5307,52.7938],[-107.5497,52.7726],[-107.5782,52.7605],[-107.5669,52.7538],[-107.5156,52.7525],[-107.49,52.7337],[-107.49,52.6972],[-107.485,52.6751],[-107.475,52.6676],[-107.4537,52.6653],[-107.421,52.6682],[-107.4115,52.6635],[-107.425,52.6514],[-107.4264,52.6332],[-107.4157,52.6089],[-107.3911,52.5846],[-107.3525,52.5603],[-107.3074,52.5551],[-107.2558,52.5691],[-107.2,52.569],[-107.14,52.5547],[-107.1065,52.5629],[-107.0994,52.5936],[-107.0894,52.6115],[-107.0765,52.6167],[-107.055,52.6183],[-107.025,52.6161],[-106.9943,52.6044],[-106.9629,52.5831],[-106.9755,52.5634],[-107.0321,52.5451],[-107.0729,52.5262],[-107.0976,52.5065],[-107.1167,52.5035],[-107.1301,52.517],[-107.1601,52.5256],[-107.2067,52.5292],[-107.24,52.5183],[-107.26,52.4931],[-107.2981,52.4791],[-107.3542,52.4764],[-107.3805,52.466],[-107.3769,52.4477],[-107.3838,52.4367],[-107.4013,52.4329],[-107.42,52.4369],[-107.44,52.4486],[-107.475,52.4601],[-107.525,52.4712],[-107.5537,52.4825],[-107.561,52.4938],[-107.5598,52.5086],[-107.5503,52.5269],[-107.5516,52.5384],[-107.5639,52.5431],[-107.585,52.5396],[-107.615,52.5277],[-107.6438,52.5253],[-107.6713,52.5324],[-107.6732,52.5512],[-107.6494,52.5816],[-107.6494,52.6089],[-107.6733,52.6332],[-107.6864,52.656],[-107.6888,52.6772],[-107.71,52.6939],[-107.75,52.706],[-107.7743,52.7197],[-107.7828,52.7348],[-107.7745,52.7605]],[[-107.8533,52.7704],[-107.8378,52.7781],[-107.8236,52.7781],[-107.8108,52.7704],[-107.8108,52.7621],[-107.8236,52.7531],[-107.8378,52.7531],[-107.8533,52.7621],[-107.8533,52.7704]],[[-107.2483,52.3957],[-107.2361,52.4076],[-107.205,52.402],[-107.155,52.3789],[-107.135,52.3561],[-107.145,52.3335],[-107.165,52.3207],[-107.195,52.3177],[-107.2202,52.3255],[-107.2405,52.3439],[-107.2516,52.3623],[-107.2535,52.3806],[-107.2483,52.3957]]]}},{"type":"Feature","properties":{"c":"#00ff00","v0":0.002,"v1":0.003},"geometry":{"type":"Polygon","coordinates":[[[-107.2739,52.8433],[-107.258,52.8518],[-107.2422,52.8518],[-107.2266,52.8433],[-107.2266,52.8345],[-107.2422,52.8252],[-107.258,52.8252],[-107.2739,52.8345],[-107.2739,52.8433]]]}},{"type":"Feature","properties":{"c":"#00ff00","v0":0.002,"v1":0.003},"geometry":{"type":"Polygon","coordinates":[[[-108.0535,52.5415],[-108.0378,52.5525],[-108.0148,52.5525],[-107.9844,52.5415],[-107.9794,52.5272],[-107.9998,52.5097],[-108.02,52.504],[-108.04,52.5101],[-108.0528,52.5188],[-108.0585,52.5303],[-108.0535,52.5415]],[[-108.0455,52.5398],[-108.0352,52.5473],[-108.0183,52.5473],[-107.9949,52.5398],[-107.9899,52.5298],[-108.0033,52.5175],[-108.0202,52.5175],[-108.0405,52.5298],[-108.0455,52.5398]]]}},{"type":"Feature","properties":{"c":"#00ff00","v0":0.002,"v1":0.003},"geometry":{"type":"Polygon","coordinates":[[[-107.8077,52.5194],[-107.7959,52.5348],[-107.7762,52.5409],[-107.7485,52.5376],[-107.7385,52.5287],[-107.7462,52.5142],[-107.7659,52.5081],[-107.7977,52.5105],[-107.8077,52.5194]]]}},{"type":"Feature","properties":{"c":"#00ff00","v0":0.002,"v1":0.003},"geometry":{"type":"Polygon","coordinates":[[[-106.919,52.4802],[-106.8997,52.4904],[-106.8745,52.4904],[-106.8436,52.4802],[-106.8436,52.4702],[-106.8745,52.4603],[-106.8997,52.4603],[-106.919,52.4702],[-106.919,52.4802]]]}},{"type":"Feature","properties":{"c":"#00ff00","v0":0.002,"v1":0.003},"geometry":{"type":"Polygon","coordinates":[[[-107.0519,52.3564],[-107.0373,52.3629],[-107.0235,52.3629],[-107.0104,52.3564],[-107.0104,52.3479],[-107.0235,52.3375],[-107.0373,52.3375],[-107.0519,52.3479],[-107.0519,52.3564]]]}},{"type":"Feature","properties":{"c":"#00ff00","v0":0.002,"v1":0.003},"geometry":{"type":"Polygon","coordinates":[[[-107.9293,52.3453],[-107.9031,52.354],[-107.8816,52.3509],[-107.8648,52.3361],[-107.8698,52.3247],[-107.8966,52.3167],[-107.9181,52.3198],[-107.9343,52.3339],[-107.9293,52.3453]],[[-107.9203,52.3437],[-107.9001,52.3493],[-107.8842,52.3463],[-107.8727,52.3345],[-107.8777,52.3263],[-107.8992,52.3215],[-107.9151,52.3246],[-107.9253,52.3355],[-107.9203,52.3437]]]}},{"type":"Feature","properties":{"c":"#00ff00","v0":0.002,"v1":0.003},"geometry":{"type":"Polygon","coordinates":[[[-107.2337,52.2582],[-107.2179,52.2641],[-107.2091,52.261],[-107.2072,52.249],[-107.2122,52.2422],[-107.2241,52.2407],[-107.2329,52.2437],[-107.2387,52.2514],[-107.2337,52.2582]]]}},{"type":"Feature","properties":{"c":"#00ff00","v0":0.002,"v1":0.003},"geometry":{"type":"Polygon","coordinates":[[[-107.0883,52.2453],[-107.0761,52.2499],[-107.0662,52.2499],[-107.0587,52.2453],[-107.0587,52.2393],[-107.0662,52.2318],[-107.0761,52.2318],[-107.0883,52.2393],[-107.0883,52.2453]]]}},{"type":"Feature","properties":{"c":"#00ff00","v0":0.002,"v1":0.003},"geometry":{"type":"Polygon","coordinates":[[[-107.0099,52.0761],[-106.9966,52.0859],[-106.9832,52.0859],[-106.9697,52.0761],[-106.9697,52.0681],[-106.9832,52.0618],[-106.9966,52.0618],[-107.0099,52.0681],[-107.0099,52.0761]]]}},{"type":"Feature","properties":{"c":"#00ff00","v0":0.002,"v1":0.003},"geometry":{"type":"Polygon","coordinates":[[[-93.2582,51.9786],[-93.2394,51.9903],[-93.22,51.9951],[-93.2,51.9932],[-93.1846,51.9874],[-93.1739,51.9776],[-93.1839,51.9667],[-93.2146,51.9546],[-93.2394,51.9546],[-93.2582,51.9667],[-93.2582,51.9786]],[[-93.2497,51.9769],[-93.2366,51.9852],[-93.2186,51.9852],[-93.1959,51.9769],[-93.1959,51.9684],[-93.2186,51.9596],[-93.2366,51.9596],[-93.2497,51.9684],[-93.2497,51.9769]]]}},{"type":"Feature","properties":{"c":"#00ff00","v0":0.002,"v1":0.003},"geometry":{"type":"Polygon","coordinates":[[[-92.9626,51.8692],[-92.9542,51.8842],[-92.935,51.8947],[-92.905,51.9006],[-92.8867,51.8932],[-92.8802,51.8722],[-92.8552,51.8423],[-92.8117,51.8035],[-92.7684,51.7818],[-92.7252,51.7774],[-92.6902,51.7625],[-92.6634,51.7371],[-92.63,51.7271],[-92.59,51.7323],[-92.5723,51.7543],[-92.577,51.793],[-92.612,51.8171],[-92.6773,51.8266],[-92.7115,51.8451],[-92.7146,51.8727],[-92.7041,51.8957],[-92.6799,51.9142],[-92.6633,51.9371],[-92.6544,51.9645],[-92.62,51.9804],[-92.56,51.9849],[-92.5221,51.9836],[-92.5062,51.9764],[-92.4856,51.945],[-92.4603,51.8895],[-92.4561,51.8494],[-92.4732,51.8247],[-92.4783,51.803],[-92.4715,51.7845],[-92.4436,51.771],[-92.3945,51.7627],[-92.3483,51.7751],[-92.305,51.8082],[-92.2762,51.837],[-92.2621,51.8617],[-92.2421,51.8803],[-92.2162,51.8926],[-92.2229,51.9142],[-92.2622,51.945],[-92.2588,51.9685],[-92.2129,51.9845],[-92.0918,51.9753],[-91.8954,51.9407],[-91.8054,51.9104],[-91.8218,51.8842],[-91.86,51.8665],[-91.92,51.8574],[-91.975,51.8578],[-92.025,51.8678],[-92.0797,51.8608],[-92.1391,51.8367],[-92.1669,51.8185],[-92.1633,51.8061],[-92.1136,51.7775],[-92.0179,51.7326],[-91.96,51.7099],[-91.94,51.7092],[-91.9301,51.7255],[-91.9303,51.7586],[-91.9153,51.7844],[-91.8851,51.8027],[-91.85,51.811],[-91.81,51.8092],[-91.7777,51.8032],[-91.7531,51.7928],[-91.7569,51.7783],[-91.7892,51.7597],[-91.7972,51.738],[-91.781,51.7133],[-91.7771,51.6954],[-91.7857,51.6843],[-91.805,51.6761],[-91.835,51.6708],[-91.8666,51.6701],[-91.8997,51.6741],[-91.9179,51.673],[-91.921,51.6668],[-91.9064,51.6544],[-91.8739,51.6357],[-91.8794,51.614],[-91.9229,51.5892],[-91.9776,51.5798],[-92.0435,51.5861],[-92.0782,51.6016],[-92.0817,51.6264],[-92.09,51.6421],[-92.1033,51.6487],[-92.12,51.652],[-92.14,51.6521],[-92.175,51.6429],[-92.225,51.6246],[-92.2548,51.6213],[-92.2645,51.633],[-92.264,51.6513],[-92.2536,51.6761],[-92.2737,51.6982],[-92.3246,51.7178],[-92.395,51.719],[-92.485,51.702],[-92.525,51.6849],[-92.515,51.6678],[-92.48,51.658],[-92.42,51.6557],[-92.3766,51.6475],[-92.3498,51.6335],[-92.3748,51.6112],[-92.4516,51.5807],[-92.5128,51.5714],[-92.5584,51.5833],[-92.5901,51.6016],[-92.6079,51.6264],[-92.6301,51.6452],[-92.6567,51.658],[-92.67,51.6736],[-92.67,51.6922],[-92.7,51.7092],[-92.76,51.7246],[-92.795,51.7412],[-92.805,51.7592],[-92.825,51.7714],[-92.855,51.7778],[-92.8942,51.8012],[-92.9426,51.8416],[-92.9626,51.8692]],[[-92.324,51.7786],[-92.2747,51.8349],[-92.2316,51.8719],[-92.1948,51.8898],[-92.1966,51.9111],[-92.2369,51.9358],[-92.2587,51.9512],[-92.262,51.9574],[-92.2553,51.9656],[-92.2384,51.9759],[-92.17,51.975],[-92.05,51.9627],[-91.9447,51.9452],[-91.8541,51.9225],[-91.8191,51.902],[-91.8397,51.8836],[-91.87,51.8714],[-91.91,51.8652],[-91.965,51.867],[-92.035,51.8768],[-92.0982,51.8675],[-92.1546,51.8389],[-92.1796,51.8163],[-92.1732,51.7997],[-92.145,51.783],[-92.095,51.7664],[-92.0263,51.7283],[-91.9388,51.6687],[-91.8923,51.6357],[-91.8868,51.6295],[-91.9006,51.6163],[-91.9335,51.5961],[-91.9755,51.5868],[-92.0264,51.5884],[-92.0614,51.6066],[-92.0805,51.6414],[-92.12,51.6618],[-92.18,51.6678],[-92.216,51.6783],[-92.2281,51.6933],[-92.2628,51.7133],[-92.32,51.738],[-92.324,51.7786]],[[-91.9024,51.7734],[-91.8675,51.7946],[-91.8292,51.8008],[-91.7877,51.792],[-91.7823,51.7783],[-91.8131,51.7597],[-91.8232,51.738],[-91.8125,51.7133],[-91.8179,51.6962],[-91.8393,51.687],[-91.8649,51.687],[-91.8947,51.6962],[-91.9121,51.7164],[-91.9172,51.7473],[-91.9024,51.7734]],[[-92.9059,51.8396],[-92.8953,51.8446],[-92.885,51.8449],[-92.875,51.8403],[-92.87,51.8318],[-92.87,51.8194],[-92.8803,51.8192],[-92.9009,51.8311],[-92.9059,51.8396]],[[-92.785,51.7558],[-92.775,51.7666],[-92.76,51.7718],[-92.74,51.7715],[-92.7234,51.763],[-92.7103,51.7464],[-92.7153,51.7356],[-92.7384,51.7306],[-92.76,51.7337],[-92.78,51.7448],[-92.785,51.7558]],[[-92.6515,51.6854],[-92.6338,51.704],[-92.6062,51.7148],[-92.5687,51.7178],[-92.545,51.7026],[-92.535,51.6693],[-92.5,51.6517],[-92.44,51.6499],[-92.3964,51.6434],[-92.3693,51.6321],[-92.3893,51.6146],[-92.4564,51.5909],[-92.5,51.5794],[-92.52,51.5801],[-92.54,51.5839],[-92.56,51.5907],[-92.5787,51.6084],[-92.5962,51.637],[-92.6188,51.6575],[-92.6465,51.6699],[-92.6515,51.6854]],[[-92.702,51.8586],[-92.6989,51.8772],[-92.6805,51.9051],[-92.6468,51.9426],[-92.605,51.9656],[-92.555,51.9742],[-92.5124,51.9494],[-92.4772,51.891],[-92.4697,51.8525],[-92.4897,51.8339],[-92.4996,51.8185],[-92.4995,51.8061],[-92.4921,51.7896],[-92.4774,51.769],[-92.4461,51.7535],[-92.3983,51.7432],[-92.3883,51.7318],[-92.4161,51.7192],[-92.445,51.7145],[-92.475,51.7176],[-92.5072,51.7301],[-92.5417,51.7519],[-92.5571,51.7752],[-92.5532,51.7999],[-92.556,51.8163],[-92.5653,51.8242],[-92.595,51.8288],[-92.645,51.8301],[-92.6784,51.8354],[-92.6952,51.8447],[-92.702,51.8586]]]}},{"type":"Feature","properties":{"c":"#00ff00","v0":0.002,"v1":0.003},"geometry":{"type":"Polygon","coordinates":[[[-93.3526,51.8185],[-93.3383,51.8308],[-93.3178,51.8401],[-93.2911,51.8463],[-93.2758,51.8592],[-93.2719,51.879],[-93.26,51.8897],[-93.24,51.8914],[-93.2202,51.8878],[-93.2006,51.8786],[-93.191,51.8679],[-93.1916,51.8556],[-93.2107,51.8432],[-93.2483,51.8308],[-93.2728,51.8114],[-93.2843,51.785],[-93.3029,51.7757],[-93.3288,51.7836],[-93.3463,51.7937],[-93.3553,51.8061],[-93.3526,51.8185]],[[-93.2588,51.8676],[-93.2396,51.8794],[-93.2215,51.8794],[-93.2045,51.8676],[-93.2045,51.8565],[-93.2215,51.8461],[-93.2396,51.8461],[-93.2588,51.8565],[-93.2588,51.8676]],[[-93.3362,51.817],[-93.3187,51.8265],[-93.3029,51.8265],[-93.2888,51.817],[-93.2888,51.8073],[-93.3029,51.7974],[-93.3187,51.7974],[-93.3362,51.8073],[-93.3362,51.817]]]}},{"type":"Feature","properties":{"c":"#00ff00","v0":0.002,"v1":0.003},"geometry":{"type":"Polygon","coordinates":[[[-91.5322,51.8511],[-91.5041,51.8545],[-91.4801,51.8514],[-91.4604,51.8418],[-91.4654,51.834],[-91.4951,51.828],[-91.5191,51.8311],[-91.5372,51.8433],[-91.5322,51.8511]]]}},{"type":"Feature","properties":{"c":"#00ff00","v0":0.002,"v1":0.003},"geometry":{"type":"Polygon","coordinates":[[[-93.0542,51.7916],[-93.0514,51.7996],[-93.04,51.8057],[-93.02,51.8098],[-92.9993,51.8089],[-92.978,51.8029],[-92.9631,51.7937],[-92.9545,51.7814],[-92.9651,51.7723],[-92.995,51.7665],[-93.0214,51.7696],[-93.0442,51.7816],[-93.0542,51.7916]],[[-93.028,51.7907],[-93.016,51.797],[-93.0022,51.797],[-92.9866,51.7907],[-92.9816,51.7844],[-92.9872,51.7781],[-93.001,51.7781],[-93.023,51.7844],[-93.028,51.7907]]]}},{"type":"Feature","properties":{"c":"#00ff00","v0":0.002,"v1":0.003},"geometry":{"type":"Polygon","coordinates":[[[-91.6928,51.8035],[-91.6909,51.8108],[-91.68,51.8146],[-91.66,51.8151],[-91.6279,51.8053],[-91.5837,51.7852],[-91.5634,51.769],[-91.5671,51.7566],[-91.5842,51.7501],[-91.6147,51.7495],[-91.6459,51.7619],[-91.6778,51.7872],[-91.6928,51.8035]],[[-91.6336,51.7787],[-91.6179,51.7856],[-91.6004,51.7825],[-91.5813,51.7694],[-91.5813,51.7598],[-91.6004,51.7537],[-91.6179,51.7568],[-91.6336,51.7691],[-91.6336,51.7787]]]}},{"type":"Feature","properties":{"c":"#00ff00","v0":0.002,"v1":0.003},"geometry":{"type":"Polygon","coordinates":[[[-93.3088,51.6899],[-93.2829,51.7422],[-93.258,51.7639],[-93.2339,51.7549],[-93.2219,51.738],[-93.2221,51.7133],[-93.2292,51.6943],[-93.2431,51.6813],[-93.2679,51.672],[-93.3038,51.6664],[-93.3088,51.6899]],[[-93.271,51.7078],[-93.257,51.7217],[-93.25,51.72],[-93.25,51.7027],[-93.257,51.6958],[-93.271,51.6992],[-93.271,51.7078]]]}},{"type":"Feature","properties":{"c":"#00ff00","v0":0.002,"v1":0.003},"geometry":{"type":"Polygon","coordinates":[[[-92.968,51.5954],[-92.9525,51.6078],[-92.9449,51.6295],[-92.9454,51.6606],[-92.9317,51.6809],[-92.9039,51.6904],[-92.8697,51.6749],[-92.8291,51.6343],[-92.8092,51.6016],[-92.8099,51.5767],[-92.8252,51.5603],[-92.8551,51.5524],[-92.8964,51.5586],[-92.9493,51.579],[-92.968,51.5954]],[[-92.9294,51.5954],[-92.9183,51.6078],[-92.917,51.6295],[-92.9257,51.6605],[-92.92,51.678],[-92.9,51.6822],[-92.8722,51.6574],[-92.8366,51.6036],[-92.8316,51.5718],[-92.8572,51.5619],[-92.8863,51.565],[-92.9188,51.5811],[-92.9294,51.5954]]]}},{"type":"Feature","properties":{"c":"#00ff00","v0":0.002,"v1":0.003},"geometry":{"type":"Polygon","coordinates":[[[-91.4929,51.6198],[-91.4776,51.6312],[-91.4566,51.6312],[-91.4297,51.6198],[-91.4247,51.6012],[-91.4416,51.5755],[-91.4626,51.5755],[-91.4879,51.6012],[-91.4929,51.6198]],[[-91.4703,51.6152],[-91.4568,51.6177],[-91.4494,51.6146],[-91.4481,51.6059],[-91.4548,51.6047],[-91.4697,51.6109],[-91.4703,51.6152]]]}},{"type":"Feature","properties":{"c":"#00ff00","v0":0.002,"v1":0.003},"geometry":{"type":"Polygon","coordinates":[[[-91.3587,51.6048],[-91.3396,51.6112],[-91.3118,51.605],[-91.2753,51.5862],[-91.2703,51.5735],[-91.2968,51.5671],[-91.3246,51.5733],[-91.3537,51.5922],[-91.3587,51.6048]]]}},{"type":"Feature","properties":{"c":"#00ff00","v0":0.002,"v1":0.003},"geometry":{"type":"Polygon","coordinates":[[[-93.1917,51.5748],[-93.1639,51.5957],[-93.1313,51.605],[-93.0939,51.6027],[-93.0776,51.5954],[-93.0823,51.5829],[-93.101,51.5686],[-93.1337,51.5524],[-93.16,51.5442],[-93.18,51.544],[-93.1939,51.549],[-93.2017,51.5592],[-93.1917,51.5748]],[[-93.1788,51.5705],[-93.1689,51.5829],[-93.1505,51.5923],[-93.1235,51.5985],[-93.1069,51.5985],[-93.1008,51.5923],[-93.1054,51.5829],[-93.1206,51.5705],[-93.1422,51.5643],[-93.1699,51.5643],[-93.1788,51.5705]]]}},{"type":"Feature","properties":{"c":"#00ff00","v0":0.002,"v1":0.003},"geometry":{"type":"Polygon","coordinates":[[[-92.2785,51.5693],[-92.2595,51.5793],[-92.235,51.5806],[-92.205,51.5731],[-92.165,51.5531],[-92.115,51.5206],[-92.0957,51.4913],[-92.1072,51.4653],[-92.104,51.4429],[-92.0862,51.4242],[-92.0805,51.4112],[-92.0868,51.4039],[-92.0981,51.4008],[-92.1142,51.4019],[-92.1392,51.4138],[-92.1731,51.4367],[-92.1932,51.4678],[-92.1995,51.5073],[-92.2241,51.5363],[-92.2667,51.555],[-92.2785,51.5693]],[[-92.1748,51.4735],[-92.1583,51.4911],[-92.145,51.4987],[-92.135,51.4963],[-92.1311,51.4845],[-92.1332,51.463],[-92.1432,51.4512],[-92.1611,51.4491],[-92.1733,51.4522],[-92.1798,51.4606],[-92.1748,51.4735]]]}},{"type":"Feature","properties":{"c":"#00ff00","v0":0.002,"v1":0.003},"geometry":{"type":"Polygon","coordinates":[[[-93.654,51.4427],[-93.6247,51.4485],[-93.595,51.4457],[-93.565,51.4345],[-93.535,51.4319],[-93.505,51.4377],[-93.4821,51.4498],[-93.4664,51.4681],[-93.4629,51.4865],[-93.4716,51.5052],[-93.47,51.5239],[-93.458,51.5425],[-93.4415,51.5567],[-93.4205,51.5662],[-93.4042,51.5693],[-93.3926,51.566],[-93.3913,51.555],[-93.4003,51.5363],[-93.3959,51.5145],[-93.3782,51.4896],[-93.3739,51.4616],[-93.3829,51.4304],[-93.3757,51.4055],[-93.3522,51.3868],[-93.3396,51.368],[-93.3378,51.3493],[-93.3454,51.3306],[-93.3623,51.3118],[-93.3717,51.2868],[-93.3736,51.2555],[-93.3934,51.228],[-93.4311,51.2042],[-93.4587,51.1948],[-93.4762,51.1998],[-93.488,51.2148],[-93.4942,51.2399],[-93.4765,51.268],[-93.4349,51.2993],[-93.4159,51.3212],[-93.4197,51.3337],[-93.4337,51.3446],[-93.4579,51.3539],[-93.4848,51.3476],[-93.5145,51.3258],[-93.5363,51.3149],[-93.5505,51.3149],[-93.5615,51.3181],[-93.5696,51.3243],[-93.5708,51.3431],[-93.5651,51.3743],[-93.5842,51.393],[-93.6281,51.3992],[-93.6547,51.4116],[-93.664,51.4304],[-93.654,51.4427]],[[-93.5309,51.4086],[-93.519,51.4211],[-93.4964,51.4304],[-93.463,51.4367],[-93.4373,51.4527],[-93.4191,51.4786],[-93.4056,51.488],[-93.3969,51.4808],[-93.398,51.4616],[-93.4089,51.4304],[-93.3999,51.4055],[-93.3711,51.3868],[-93.3559,51.3712],[-93.3543,51.3587],[-93.3576,51.3483],[-93.3659,51.34],[-93.39,51.3442],[-93.43,51.3607],[-93.47,51.3649],[-93.51,51.3569],[-93.5317,51.3652],[-93.5351,51.39],[-93.5309,51.4086]],[[-93.4702,51.2603],[-93.4567,51.2761],[-93.435,51.2871],[-93.405,51.2934],[-93.3856,51.2886],[-93.3769,51.2728],[-93.3769,51.258],[-93.3856,51.244],[-93.405,51.2313],[-93.435,51.2199],[-93.4567,51.2237],[-93.4702,51.2428],[-93.4702,51.2603]],[[-93.6443,51.4317],[-93.6214,51.4405],[-93.5973,51.4374],[-93.572,51.4224],[-93.572,51.4103],[-93.5973,51.4012],[-93.6214,51.4044],[-93.6443,51.4197],[-93.6443,51.4317]]]}},{"type":"Feature","properties":{"c":"#00ff00","v0":0.002,"v1":0.003},"geometry":{"type":"Polygon","coordinates":[[[-93.0405,51.5538],[-93.0202,51.5578],[-93.0029,51.5547],[-92.9886,51.5445],[-92.9886,51.5372],[-93.0029,51.5329],[-93.0202,51.536],[-93.0405,51.5466],[-93.0405,51.5538]]]}},{"type":"Feature","properties":{"c":"#00ff00","v0":0.002,"v1":0.003},"geometry":{"type":"Polygon","coordinates":[[[-92.8259,51.4922],[-92.8153,51.5221],[-92.79,51.5367],[-92.75,51.5361],[-92.7262,51.5242],[-92.7186,51.5012],[-92.7286,51.4773],[-92.7562,51.4525],[-92.78,51.4402],[-92.8,51.4402],[-92.8153,51.4495],[-92.8259,51.468],[-92.8259,51.4922]],[[-92.8184,51.4891],[-92.8128,51.5128],[-92.7934,51.5253],[-92.7603,51.5264],[-92.7394,51.5177],[-92.731,51.499],[-92.7362,51.4803],[-92.7551,51.4616],[-92.7759,51.4516],[-92.7986,51.4503],[-92.8128,51.4565],[-92.8184,51.4703],[-92.8184,51.4891]]]}},{"type":"Feature","properties":{"c":"#00ff00","v0":0.002,"v1":0.003},"geometry":{"type":"Polygon","coordinates":[[[-91.9188,51.4542],[-91.8863,51.4829],[-91.84,51.5034],[-91.78,51.5156],[-91.705,51.5158],[-91.615,51.504],[-91.5567,51.4866],[-91.5301,51.4637],[-91.5201,51.4463],[-91.5267,51.4344],[-91.55,51.4232],[-91.59,51.4128],[-91.625,51.4249],[-91.655,51.4595],[-91.695,51.4735],[-91.745,51.4667],[-91.79,51.4555],[-91.83,51.4396],[-91.8713,51.4337],[-91.9138,51.4378],[-91.9188,51.4542]],[[-91.8955,51.4632],[-91.8652,51.485],[-91.82,51.5003],[-91.76,51.5093],[-91.7189,51.5109],[-91.6968,51.505],[-91.6849,51.499],[-91.6831,51.4928],[-91.7092,51.4859],[-91.7631,51.4784],[-91.805,51.4661],[-91.835,51.4488],[-91.862,51.4401],[-91.8859,51.4399],[-91.9011,51.4429],[-91.9075,51.4491],[-91.8955,51.4632]],[[-91.6211,51.4896],[-91.5852,51.4896],[-91.5588,51.4834],[-91.5418,51.471],[-91.5345,51.4585],[-91.5367,51.446],[-91.5558,51.4386],[-91.5919,51.4363],[-91.6173,51.4487],[-91.6318,51.476],[-91.6211,51.4896]]]}},{"type":"Feature","properties":{"c":"#00ff00","v0":0.002,"v1":0.003},"geometry":{"type":"Polygon","coordinates":[[[-92.6775,51.4117],[-92.6377,51.4554],[-92.5759,51.4779],[-92.492,51.4793],[-92.435,51.4855],[-92.405,51.4964],[-92.3752,51.4988],[-92.3455,51.4927],[-92.3355,51.4807],[-92.3452,51.4628],[-92.3933,51.4441],[-92.4799,51.4246],[-92.5256,51.4117],[-92.5302,51.4055],[-92.5135,51.3899],[-92.4755,51.3649],[-92.4648,51.3385],[-92.4816,51.3106],[-92.505,51.2983],[-92.535,51.3015],[-92.5627,51.3154],[-92.5882,51.3401],[-92.6182,51.3541],[-92.6527,51.3575],[-92.6768,51.3669],[-92.6905,51.3822],[-92.6775,51.4117]],[[-92.6609,51.407],[-92.6136,51.4411],[-92.555,51.4609],[-92.485,51.4664],[-92.435,51.4754],[-92.405,51.488],[-92.3775,51.49],[-92.3526,51.4815],[-92.3476,51.4721],[-92.3625,51.462],[-92.4,51.4521],[-92.46,51.4425],[-92.5072,51.4288],[-92.5417,51.4112],[-92.561,51.3993],[-92.5652,51.393],[-92.553,51.3885],[-92.5243,51.3856],[-92.5029,51.3793],[-92.4888,51.3697],[-92.4792,51.3556],[-92.4742,51.3368],[-92.4763,51.3217],[-92.4854,51.3102],[-92.5071,51.3071],[-92.5412,51.3123],[-92.5662,51.3306],[-92.5821,51.3618],[-92.605,51.374],[-92.635,51.3672],[-92.6586,51.3703],[-92.6759,51.3834],[-92.6609,51.407]]]}},{"type":"Feature","properties":{"c":"#00ff00","v0":0.002,"v1":0.003},"geometry":{"type":"Polygon","coordinates":[[[-90.9754,51.4944],[-90.9585,51.504],[-90.9268,51.5008],[-90.8803,51.4851],[-90.8555,51.471],[-90.8522,51.4585],[-90.8605,51.4428],[-90.8802,51.4238],[-90.9065,51.4175],[-90.9396,51.4241],[-90.9631,51.4429],[-90.977,51.4741],[-90.9754,51.4944]],[[-90.9622,51.482],[-90.9541,51.4916],[-90.9301,51.4916],[-90.8904,51.482],[-90.8684,51.471],[-90.8642,51.4585],[-90.8691,51.4454],[-90.883,51.4318],[-90.9011,51.4255],[-90.9234,51.4267],[-90.9425,51.4398],[-90.9583,51.4647],[-90.9622,51.482]]]}},{"type":"Feature","properties":{"c":"#00ff00","v0":0.002,"v1":0.003},"geometry":{"type":"Polygon","coordinates":[[[-101.0176,51.471],[-101.0069,51.4834],[-100.9987,51.4774],[-100.9929,51.4528],[-100.9982,51.4466],[-101.0147,51.4587],[-101.0176,51.471]]]}},{"type":"Feature","properties":{"c":"#00ff00","v0":0.002,"v1":0.003},"geometry":{"type":"Polygon","coordinates":[[[-94.0075,51.4502],[-93.9825,51.4711],[-93.9581,51.4711],[-93.9343,51.4502],[-93.9293,51.4323],[-93.9431,51.4174],[-93.9675,51.4174],[-94.0025,51.4323],[-94.0075,51.4502]],[[-93.9957,51.4464],[-93.9786,51.4596],[-93.9622,51.4596],[-93.9465,51.4464],[-93.9465,51.4353],[-93.9622,51.4264],[-93.9786,51.4264],[-93.9957,51.4353],[-93.9957,51.4464]]]}},{"type":"Feature","properties":{"c":"#00ff00","v0":0.002,"v1":0.003},"geometry":{"type":"Polygon","coordinates":[[[-93.1108,51.4069],[-93.0969,51.4161],[-93.07,51.4234],[-93.03,51.4289],[-92.995,51.4409],[-92.965,51.4595],[-92.9388,51.4647],[-92.9163,51.4564],[-92.8942,51.4398],[-92.8726,51.4149],[-92.8738,51.3974],[-92.8979,51.3873],[-92.93,51.3892],[-92.97,51.4031],[-93.01,51.3988],[-93.05,51.3764],[-93.0819,51.3745],[-93.1058,51.3931],[-93.1108,51.4069]],[[-92.9785,51.4435],[-92.9728,51.4508],[-92.96,51.4545],[-92.94,51.4546],[-92.9168,51.4415],[-92.8905,51.4154],[-92.8905,51.401],[-92.9168,51.3982],[-92.9428,51.4076],[-92.9685,51.4291],[-92.9785,51.4435]],[[-93.0927,51.4056],[-93.0776,51.412],[-93.0618,51.412],[-93.0455,51.4056],[-93.0455,51.3958],[-93.0618,51.3827],[-93.0776,51.3827],[-93.0927,51.3958],[-93.0927,51.4056]]]}},{"type":"Feature","properties":{"c":"#00ff00","v0":0.002,"v1":0.003},"geometry":{"type":"Polygon","coordinates":[[[-92.2469,51.3818],[-92.2356,51.3906],[-92.2113,51.3875],[-92.1738,51.3725],[-92.157,51.3556],[-92.1608,51.3368],[-92.1745,51.3282],[-92.1982,51.3297],[-92.2206,51.3422],[-92.2419,51.3657],[-92.2469,51.3818]],[[-92.2051,51.3535],[-92.195,51.3557],[-92.1869,51.3526],[-92.1807,51.3442],[-92.1857,51.3431],[-92.202,51.3493],[-92.2051,51.3535]]]}},{"type":"Feature","properties":{"c":"#00ff00","v0":0.002,"v1":0.003},"geometry":{"type":"Polygon","coordinates":[[[-94.0678,51.1427],[-94.0517,51.2242],[-93.9902,51.28],[-93.8834,51.3103],[-93.8254,51.3197],[-93.8163,51.3082],[-93.8463,51.2828],[-93.9154,51.2434],[-93.9586,51.209],[-93.9758,51.1794],[-93.9822,51.1521],[-93.9778,51.127],[-93.9559,51.1051],[-93.9164,51.0862],[-93.8988,51.0705],[-93.9031,51.0579],[-93.9165,51.0454],[-93.9388,51.033],[-93.96,51.028],[-93.98,51.0305],[-94.0115,51.0493],[-94.0544,51.0844],[-94.0678,51.1427]],[[-94.0432,51.1427],[-94.0311,51.2242],[-93.9813,51.2759],[-93.8938,51.2979],[-93.86,51.3037],[-93.88,51.2933],[-93.895,51.2786],[-93.905,51.2594],[-93.9234,51.2443],[-93.9503,51.233],[-93.9768,51.2086],[-94.0032,51.171],[-94.0086,51.1396],[-93.9929,51.1145],[-93.9675,51.0956],[-93.9321,51.0831],[-93.9162,51.0705],[-93.9195,51.0579],[-93.9284,51.0475],[-93.9428,51.0392],[-93.9583,51.0361],[-93.9748,51.0381],[-93.9996,51.0548],[-94.0327,51.0862],[-94.0432,51.1427]]]}},{"type":"Feature","properties":{"c":"#00ff00","v0":0.002,"v1":0.003},"geometry":{"type":"Polygon","coordinates":[[[-93.7649,51.2952],[-93.755,51.3058],[-93.7418,51.3089],[-93.7255,51.3046],[-93.7205,51.2957],[-93.7268,51.2821],[-93.74,51.279],[-93.7599,51.2863],[-93.7649,51.2952]]]}},{"type":"Feature","properties":{"c":"#00ff00","v0":0.002,"v1":0.003},"geometry":{"type":"Polygon","coordinates":[[[-91.5661,51.2825],[-91.5554,51.2926],[-91.54,51.2985],[-91.52,51.3002],[-91.5007,51.292],[-91.482,51.274],[-91.477,51.2605],[-91.4857,51.2517],[-91.5,51.2467],[-91.52,51.2455],[-91.5404,51.253],[-91.5611,51.2693],[-91.5661,51.2825]],[[-91.5459,51.2808],[-91.522,51.2876],[-91.5044,51.2844],[-91.4931,51.2714],[-91.4981,51.2619],[-91.5194,51.2559],[-91.537,51.259],[-91.5509,51.2713],[-91.5459,51.2808]]]}},{"type":"Feature","properties":{"c":"#00ff00","v0":0.002,"v1":0.003},"geometry":{"type":"Polygon","coordinates":[[[-92.5641,51.2329],[-92.5547,51.244],[-92.535,51.2518],[-92.505,51.2564],[-92.4804,51.254],[-92.4612,51.2446],[-92.4499,51.2305],[-92.4465,51.2117],[-92.4661,51.1997],[-92.5087,51.1944],[-92.5397,51.2007],[-92.5591,51.2185],[-92.5641,51.2329]],[[-92.5526,51.2331],[-92.5375,51.2446],[-92.52,51.2507],[-92.5,51.2515],[-92.4812,51.2426],[-92.4636,51.2241],[-92.4686,51.2095],[-92.4962,51.1988],[-92.5225,51.2019],[-92.5476,51.2189],[-92.5526,51.2331]]]}},{"type":"Feature","properties":{"c":"#00ff00","v0":0.002,"v1":0.003},"geometry":{"type":"Polygon","coordinates":[[[-93.6978,51.1741],[-93.6824,51.1929],[-93.6651,51.2023],[-93.6458,51.2023],[-93.6396,51.1901],[-93.6465,51.1658],[-93.66,51.1528],[-93.68,51.1511],[-93.6939,51.1538],[-93.7016,51.1611],[-93.6978,51.1741]],[[-93.6759,51.1797],[-93.672,51.1846],[-93.6657,51.1846],[-93.657,51.1797],[-93.657,51.1737],[-93.6657,51.1667],[-93.672,51.1667],[-93.6759,51.1737],[-93.6759,51.1797]]]}},{"type":"Feature","properties":{"c":"#00ff00","v0":0.002,"v1":0.003},"geometry":{"type":"Polygon","coordinates":[[[-93.0433,51.1433],[-92.9944,51.1757],[-92.955,51.1948],[-92.925,51.2006],[-92.8968,51.2001],[-92.8705,51.1932],[-92.8595,51.1741],[-92.8638,51.1427],[-92.8719,51.1223],[-92.884,51.1129],[-92.925,51.1065],[-92.995,51.1031],[-93.0394,51.1078],[-93.0583,51.1206],[-93.0433,51.1433]],[[-93.0201,51.1427],[-92.9725,51.1741],[-92.929,51.1894],[-92.8897,51.1888],[-92.8767,51.17],[-92.8902,51.133],[-92.9102,51.1131],[-92.9367,51.1102],[-92.9735,51.1133],[-93.0205,51.1225],[-93.0201,51.1427]]]}},{"type":"Feature","properties":{"c":"#00ff00","v0":0.002,"v1":0.003},"geometry":{"type":"Polygon","coordinates":[[[-93.7667,51.1396],[-93.7489,51.1396],[-93.7474,51.1358],[-93.7625,51.1281],[-93.7714,51.1281],[-93.7743,51.1358],[-93.7667,51.1396]]]}},{"type":"Feature","properties":{"c":"#00ff00","v0":0.002,"v1":0.003},"geometry":{"type":"Polygon","coordinates":[[[-92.5359,51.1212],[-92.5186,51.1346],[-92.495,51.1428],[-92.465,51.1457],[-92.43,51.1426],[-92.39,51.1334],[-92.3678,51.1252],[-92.3635,51.1181],[-92.3985,51.1109],[-92.4728,51.1036],[-92.5186,51.1036],[-92.5359,51.1109],[-92.5359,51.1212]]]}},{"type":"Feature","properties":{"c":"#00ff00","v0":0.002,"v1":0.003},"geometry":{"type":"Polygon","coordinates":[[[-92.6799,51.0982],[-92.66,51.1159],[-92.6316,51.1222],[-92.5947,51.117],[-92.5804,51.1051],[-92.5888,51.0862],[-92.6072,51.0716],[-92.6357,51.0611],[-92.655,51.0558],[-92.665,51.0557],[-92.675,51.064],[-92.6849,51.0809],[-92.6799,51.0982]],[[-92.6743,51.097],[-92.6581,51.1123],[-92.64,51.1199],[-92.62,51.1199],[-92.6041,51.1154],[-92.5922,51.1064],[-92.5972,51.0932],[-92.6191,51.0757],[-92.6431,51.0726],[-92.6693,51.0838],[-92.6743,51.097]]]}},{"type":"Feature","properties":{"c":"#00ff00","v0":0.002,"v1":0.003},"geometry":{"type":"Polygon","coordinates":[[[-93.8416,51.0536],[-93.8205,51.0574],[-93.8068,51.0511],[-93.8005,51.0347],[-93.8055,51.0252],[-93.8218,51.0227],[-93.8355,51.0289],[-93.8466,51.0441],[-93.8416,51.0536]]]}},{"type":"Feature","properties":{"c":"#00ff00","v0":0.002,"v1":0.003},"geometry":{"type":"Polygon","coordinates":[[[-101.3164,50.972],[-101.2988,50.9888],[-101.275,50.9961],[-101.245,50.9939],[-101.22,50.9985],[-101.2,51.0097],[-101.1795,51.0118],[-101.1584,51.0048],[-101.1734,50.9843],[-101.2245,50.9504],[-101.26,50.9332],[-101.28,50.9329],[-101.2988,50.9405],[-101.3164,50.9559],[-101.3164,50.972]],[[-101.2011,50.9935],[-101.1937,51.0031],[-101.1825,51.0062],[-101.1674,51.003],[-101.1624,50.9966],[-101.1675,50.987],[-101.1787,50.9839],[-101.1961,50.9871],[-101.2011,50.9935]],[[-101.3115,50.9708],[-101.2972,50.9852],[-101.2727,50.9883],[-101.2382,50.9802],[-101.2233,50.9699],[-101.228,50.9573],[-101.2403,50.9471],[-101.2601,50.9395],[-101.2822,50.9426],[-101.3065,50.9566],[-101.3115,50.9708]]]}},{"type":"Feature","properties":{"c":"#00ff00","v0":0.002,"v1":0.003},"geometry":{"type":"Polygon","coordinates":[[[-92.1278,50.9972],[-92.1026,51.0141],[-92.0772,51.0204],[-92.0516,51.0161],[-92.0416,51.0081],[-92.0472,50.9965],[-92.06,50.987],[-92.08,50.9794],[-92.1,50.9744],[-92.12,50.9718],[-92.1326,50.975],[-92.1378,50.9842],[-92.1278,50.9972]],[[-92.1013,51.0048],[-92.0804,51.0118],[-92.0664,51.0118],[-92.0593,51.0048],[-92.0643,50.9979],[-92.0814,50.9911],[-92.0954,50.9911],[-92.1063,50.9979],[-92.1013,51.0048]]]}},{"type":"Feature","properties":{"c":"#00ff00","v0":0.002,"v1":0.003},"geometry":{"type":"Polygon","coordinates":[[[-105.7659,50.9573],[-105.759,50.9699],[-105.7441,50.9804],[-105.7214,50.9888],[-105.6919,50.9857],[-105.6556,50.9709],[-105.6391,50.9573],[-105.6424,50.9447],[-105.6555,50.9322],[-105.6785,50.9199],[-105.705,50.9155],[-105.735,50.9189],[-105.7549,50.9282],[-105.7646,50.9434],[-105.7659,50.9573]],[[-105.7512,50.9602],[-105.7237,50.9788],[-105.6937,50.9819],[-105.6612,50.9697],[-105.6562,50.952],[-105.6787,50.9289],[-105.7046,50.9194],[-105.7339,50.9236],[-105.7527,50.9321],[-105.7609,50.9447],[-105.7512,50.9602]]]}},{"type":"Feature","properties":{"c":"#00ff00","v0":0.002,"v1":0.003},"geometry":{"type":"Polygon","coordinates":[[[-101.0972,50.9168],[-101.0791,50.9241],[-101.0669,50.921],[-101.0606,50.9073],[-101.0656,50.8986],[-101.0819,50.8949],[-101.0941,50.898],[-101.1022,50.9081],[-101.0972,50.9168]]]}},{"type":"Feature","properties":{"c":"#00ff00","v0":0.002,"v1":0.003},"geometry":{"type":"Polygon","coordinates":[[[-92.2618,50.8778],[-92.2139,50.9082],[-92.17,50.9264],[-92.13,50.9326],[-92.1028,50.9332],[-92.0885,50.9282],[-92.1104,50.8974],[-92.1688,50.8406],[-92.216,50.8189],[-92.252,50.8324],[-92.2739,50.8451],[-92.2818,50.8568],[-92.2618,50.8778]],[[-92.247,50.8738],[-92.2223,50.8962],[-92.2,50.9088],[-92.18,50.9118],[-92.1625,50.9101],[-92.1474,50.9037],[-92.1393,50.8942],[-92.1383,50.8816],[-92.1458,50.8694],[-92.1619,50.8575],[-92.1923,50.8543],[-92.237,50.8599],[-92.247,50.8738]]]}},{"type":"Feature","properties":{"c":"#00ff00","v0":0.002,"v1":0.003},"geometry":{"type":"Polygon","coordinates":[[[-92.0253,50.8191],[-92.0018,50.8329],[-91.9825,50.8329],[-91.9674,50.8191],[-91.9674,50.8073],[-91.9825,50.7977],[-92.0018,50.7977],[-92.0253,50.8073],[-92.0253,50.8191]],[[-92.0069,50.8156],[-91.9956,50.8225],[-91.9874,50.8225],[-91.9822,50.8156],[-91.9878,50.8121],[-92.0043,50.8121],[-92.0069,50.8156]]]}},{"type":"Feature","properties":{"c":"#00ff00","v0":0.002,"v1":0.003},"geometry":{"type":"Polygon","coordinates":[[[-104.9811,50.8155],[-104.947,50.8223],[-104.9241,50.8223],[-104.9122,50.8155],[-104.9172,50.8068],[-104.9391,50.7961],[-104.962,50.7961],[-104.9861,50.8068],[-104.9811,50.8155]]]}},{"type":"Feature","properties":{"c":"#00ff00","v0":0.002,"v1":0.003},"geometry":{"type":"Polygon","coordinates":[[[-91.8647,50.2764],[-91.8149,50.2983],[-91.77,50.2991],[-91.73,50.2789],[-91.6931,50.2808],[-91.6593,50.3047],[-91.6464,50.3294],[-91.6544,50.3549],[-91.6419,50.3773],[-91.6088,50.3964],[-91.6057,50.4251],[-91.6327,50.4633],[-91.626,50.511],[-91.5857,50.5682],[-91.5767,50.602],[-91.5989,50.6125],[-91.655,50.6235],[-91.745,50.6351],[-91.7874,50.6489],[-91.7823,50.6649],[-91.7485,50.6761],[-91.6861,50.6824],[-91.6424,50.7046],[-91.6174,50.7426],[-91.5862,50.7506],[-91.5487,50.7288],[-91.51,50.729],[-91.47,50.7512],[-91.44,50.7635],[-91.42,50.7659],[-91.4058,50.7436],[-91.3974,50.6965],[-91.4124,50.6634],[-91.4508,50.6444],[-91.4701,50.6254],[-91.4704,50.6063],[-91.4504,50.588],[-91.4101,50.5704],[-91.36,50.5632],[-91.3,50.5663],[-91.26,50.583],[-91.24,50.6133],[-91.215,50.628],[-91.185,50.6274],[-91.1752,50.6386],[-91.1855,50.6615],[-91.1852,50.6793],[-91.1741,50.6919],[-91.124,50.7159],[-91.0347,50.7512],[-90.9775,50.767],[-90.9524,50.7634],[-90.9389,50.7552],[-90.9368,50.7426],[-90.9437,50.7299],[-90.9596,50.7173],[-90.953,50.7014],[-90.9241,50.6824],[-90.9109,50.6602],[-90.9136,50.6349],[-90.9066,50.6063],[-90.8897,50.5746],[-90.8909,50.5396],[-90.9101,50.5015],[-90.9573,50.4592],[-91.0324,50.4128],[-91.09,50.3905],[-91.13,50.3924],[-91.1682,50.3837],[-91.2045,50.3645],[-91.1895,50.333],[-91.1232,50.2891],[-91.0809,50.2763],[-91.0628,50.2947],[-91.0378,50.3102],[-91.0059,50.3229],[-90.975,50.325],[-90.945,50.3167],[-90.927,50.304],[-90.9209,50.2869],[-90.9309,50.2715],[-90.957,50.2578],[-91.0,50.2525],[-91.06,50.2555],[-91.0974,50.2464],[-91.1123,50.225],[-91.1323,50.2103],[-91.1574,50.2023],[-91.195,50.2065],[-91.245,50.2228],[-91.2758,50.2268],[-91.2875,50.2185],[-91.2836,50.2016],[-91.2642,50.1759],[-91.2783,50.1558],[-91.3261,50.1413],[-91.3525,50.1284],[-91.3574,50.1174],[-91.3174,50.0935],[-91.2325,50.0567],[-91.1704,50.0471],[-91.1312,50.0646],[-91.1362,50.0773],[-91.1854,50.0852],[-91.2121,50.098],[-91.2164,50.1158],[-91.2014,50.1303],[-91.1671,50.1414],[-91.12,50.1478],[-91.06,50.1493],[-91.0279,50.1437],[-91.0236,50.131],[-91.0344,50.1151],[-91.0604,50.0958],[-91.0591,50.083],[-91.0305,50.0766],[-91.0108,50.0541],[-91.0,50.0156],[-91.0135,49.9921],[-91.0512,49.9838],[-91.0783,49.9645],[-91.095,49.9342],[-91.135,49.9202],[-91.1983,49.9224],[-91.26,49.9136],[-91.32,49.8937],[-91.365,49.8851],[-91.395,49.8878],[-91.4141,49.8998],[-91.4222,49.9212],[-91.4122,49.9421],[-91.3841,49.9625],[-91.35,49.975],[-91.31,49.9796],[-91.289,49.9855],[-91.2871,49.9927],[-91.3021,50.0016],[-91.334,50.0122],[-91.365,50.0128],[-91.395,50.0035],[-91.4277,50.0014],[-91.463,50.0066],[-91.4857,50.0123],[-91.4957,50.0188],[-91.4924,50.0284],[-91.4758,50.0413],[-91.4881,50.0523],[-91.5294,50.0615],[-91.5777,50.0583],[-91.633,50.0427],[-91.668,50.0272],[-91.6827,50.0118],[-91.6933,50.0086],[-91.7,50.0175],[-91.6935,50.0348],[-91.6739,50.0605],[-91.6705,50.0838],[-91.6835,50.1046],[-91.7018,50.1142],[-91.7254,50.1126],[-91.7378,50.1022],[-91.7388,50.083],[-91.752,50.069],[-91.7773,50.0602],[-91.7993,50.0602],[-91.8178,50.069],[-91.832,50.083],[-91.8419,50.1022],[-91.8248,50.1375],[-91.7806,50.1888],[-91.7584,50.2208],[-91.758,50.2336],[-91.7908,50.2463],[-91.8566,50.2591],[-91.8647,50.2764]],[[-91.603,50.511],[-91.5631,50.5682],[-91.5532,50.6063],[-91.5732,50.6254],[-91.583,50.6444],[-91.5826,50.6634],[-91.5443,50.6883],[-91.4681,50.7189],[-91.4252,50.7221],[-91.4156,50.6978],[-91.4278,50.6761],[-91.4617,50.6571],[-91.4802,50.6349],[-91.4835,50.6095],[-91.4648,50.5841],[-91.424,50.5587],[-91.4152,50.5386],[-91.4384,50.5238],[-91.4831,50.5143],[-91.5493,50.51],[-91.5833,50.5015],[-91.5851,50.4888],[-91.5765,50.4728],[-91.5577,50.4537],[-91.5533,50.441],[-91.5634,50.4346],[-91.5821,50.4442],[-91.6093,50.4697],[-91.603,50.511]],[[-91.3656,50.5494],[-91.3419,50.5561],[-91.3178,50.5561],[-91.2934,50.5494],[-91.2749,50.5428],[-91.2623,50.5365],[-91.2573,50.5269],[-91.2599,50.5142],[-91.2684,50.5034],[-91.2828,50.4946],[-91.3,50.4912],[-91.32,50.4933],[-91.3419,50.5072],[-91.3656,50.5331],[-91.3656,50.5494]],[[-91.8032,50.1343],[-91.7593,50.2048],[-91.7113,50.2591],[-91.6591,50.2975],[-91.6374,50.3262],[-91.6461,50.3454],[-91.6453,50.3619],[-91.6351,50.3759],[-91.605,50.3875],[-91.555,50.3968],[-91.505,50.3876],[-91.455,50.3599],[-91.422,50.361],[-91.4061,50.391],[-91.4039,50.4187],[-91.4155,50.4442],[-91.4135,50.4625],[-91.3978,50.4737],[-91.375,50.4789],[-91.345,50.4782],[-91.3058,50.4694],[-91.2575,50.4526],[-91.2175,50.4443],[-91.1858,50.4444],[-91.16,50.4693],[-91.14,50.5189],[-91.1557,50.5443],[-91.2072,50.5454],[-91.2332,50.5619],[-91.2336,50.5936],[-91.2128,50.6126],[-91.1709,50.6187],[-91.1576,50.6345],[-91.1727,50.6601],[-91.1747,50.6793],[-91.1634,50.6919],[-91.1108,50.7126],[-91.0169,50.7413],[-90.9676,50.7508],[-90.9628,50.7411],[-90.9696,50.7299],[-90.988,50.7173],[-90.9804,50.7045],[-90.9468,50.6916],[-90.9271,50.6758],[-90.9214,50.657],[-90.9264,50.6413],[-90.9421,50.6289],[-90.965,50.624],[-90.995,50.6265],[-91.02,50.6238],[-91.04,50.616],[-91.0518,50.6019],[-91.0553,50.5816],[-91.0453,50.5681],[-91.0218,50.5616],[-90.99,50.5693],[-90.95,50.5911],[-90.9201,50.5912],[-90.9003,50.5695],[-90.8931,50.5492],[-90.8985,50.5301],[-90.9103,50.5078],[-90.9286,50.4824],[-90.9708,50.4517],[-91.0369,50.4159],[-91.09,50.3991],[-91.13,50.4013],[-91.16,50.397],[-91.18,50.3862],[-91.205,50.3795],[-91.235,50.3769],[-91.2497,50.3704],[-91.249,50.3601],[-91.2274,50.3454],[-91.1847,50.3262],[-91.1487,50.3039],[-91.1194,50.2783],[-91.1043,50.2591],[-91.1034,50.2463],[-91.1198,50.2308],[-91.1533,50.2126],[-91.19,50.2121],[-91.23,50.2294],[-91.26,50.2358],[-91.28,50.2314],[-91.2939,50.2254],[-91.3018,50.2181],[-91.2972,50.2016],[-91.28,50.1759],[-91.2911,50.1576],[-91.3304,50.1465],[-91.3557,50.1337],[-91.3671,50.1191],[-91.3221,50.09],[-91.2207,50.0462],[-91.155,50.0351],[-91.125,50.0567],[-91.09,50.0687],[-91.05,50.0711],[-91.025,50.0528],[-91.015,50.0138],[-91.025,49.9947],[-91.055,49.9956],[-91.08,49.9778],[-91.1,49.9414],[-91.14,49.9255],[-91.2,49.9302],[-91.25,49.9239],[-91.29,49.9067],[-91.33,49.8958],[-91.37,49.8914],[-91.3978,49.8935],[-91.4135,49.9019],[-91.4199,49.9126],[-91.4172,49.9255],[-91.4044,49.9407],[-91.3815,49.9582],[-91.3451,49.971],[-91.2952,49.9793],[-91.2752,49.9901],[-91.2851,50.0035],[-91.305,50.0137],[-91.335,50.0207],[-91.37,50.0193],[-91.41,50.0094],[-91.4387,50.0088],[-91.4561,50.0176],[-91.4611,50.029],[-91.4537,50.0429],[-91.475,50.0561],[-91.525,50.0685],[-91.57,50.069],[-91.61,50.0577],[-91.645,50.0709],[-91.675,50.1086],[-91.705,50.1266],[-91.735,50.125],[-91.7481,50.1147],[-91.7444,50.0957],[-91.7494,50.0804],[-91.7631,50.0689],[-91.78,50.0646],[-91.8,50.0673],[-91.8138,50.0763],[-91.8214,50.0914],[-91.8032,50.1343]],[[-91.0398,50.2889],[-91.0066,50.3101],[-90.98,50.3192],[-90.96,50.3161],[-90.9437,50.3087],[-90.931,50.297],[-90.936,50.2823],[-90.9587,50.2647],[-90.9916,50.2615],[-91.0348,50.2727],[-91.0398,50.2889]],[[-91.1916,50.1199],[-91.1505,50.136],[-91.1063,50.1424],[-91.0589,50.1391],[-91.0489,50.1262],[-91.0763,50.1037],[-91.115,50.092],[-91.165,50.0912],[-91.1955,50.0961],[-91.2066,50.1066],[-91.1916,50.1199]],[[-91.8158,50.2845],[-91.7986,50.2967],[-91.7789,50.2967],[-91.7567,50.2845],[-91.7517,50.2727],[-91.7639,50.2615],[-91.7835,50.2583],[-91.8106,50.2631],[-91.8242,50.2687],[-91.8243,50.2751],[-91.8158,50.2845]],[[-91.7426,50.6625],[-91.6809,50.6669],[-91.6449,50.6637],[-91.6348,50.653],[-91.6448,50.6438],[-91.6749,50.6362],[-91.7099,50.6362],[-91.7496,50.6438],[-91.7705,50.6507],[-91.7725,50.6571],[-91.7426,50.6625]],[[-91.5163,50.4315],[-91.5063,50.4569],[-91.4934,50.4719],[-91.4778,50.4764],[-91.4565,50.4636],[-91.4295,50.4337],[-91.4195,50.4091],[-91.4265,50.39],[-91.435,50.3774],[-91.445,50.3713],[-91.4678,50.3809],[-91.5035,50.4061],[-91.5163,50.4315]],[[-91.0385,50.5931],[-91.0195,50.611],[-90.9981,50.6173],[-90.9742,50.6121],[-90.9742,50.5987],[-90.9981,50.577],[-91.015,50.5655],[-91.025,50.5639],[-91.0345,50.5684],[-91.0435,50.5789],[-91.0385,50.5931]]]}},{"type":"Feature","properties":{"c":"#00ff00","v0":0.002,"v1":0.003},"geometry":{"type":"Polygon","coordinates":[[[-105.0758,50.7078],[-105.0693,50.7268],[-105.0571,50.7384],[-105.039,50.7427],[-105.0261,50.7395],[-105.0184,50.7289],[-105.0184,50.713],[-105.0261,50.6918],[-105.04,50.6792],[-105.06,50.6751],[-105.0723,50.6793],[-105.0768,50.692],[-105.0758,50.7078]],[[-105.0492,50.7236],[-105.0385,50.7236],[-105.0374,50.7187],[-105.0458,50.7088],[-105.0511,50.7088],[-105.0534,50.7187],[-105.0492,50.7236]]]}},{"type":"Feature","properties":{"c":"#00ff00","v0":0.002,"v1":0.003},"geometry":{"type":"Polygon","coordinates":[[[-105.3817,50.7263],[-105.3606,50.7317],[-105.3304,50.7253],[-105.2912,50.7073],[-105.2962,50.6762],[-105.3454,50.6322],[-105.3753,50.6163],[-105.3858,50.6287],[-105.3913,50.6571],[-105.3919,50.7014],[-105.3817,50.7263]],[[-105.3489,50.7078],[-105.3118,50.7014],[-105.3024,50.6872],[-105.3208,50.665],[-105.3385,50.6555],[-105.3554,50.6587],[-105.3647,50.6729],[-105.3665,50.6983],[-105.3489,50.7078]]]}},{"type":"Feature","properties":{"c":"#00ff00","v0":0.002,"v1":0.003},"geometry":{"type":"Polygon","coordinates":[[[-105.4989,50.6904],[-105.4796,50.7001],[-105.4643,50.7001],[-105.4529,50.6904],[-105.4529,50.6797],[-105.4643,50.6678],[-105.4796,50.6678],[-105.4989,50.6797],[-105.4989,50.6904]],[[-105.4883,50.6874],[-105.4761,50.6909],[-105.4696,50.6877],[-105.4689,50.6778],[-105.475,50.6761],[-105.4879,50.6824],[-105.4883,50.6874]]]}},{"type":"Feature","properties":{"c":"#00ff00","v0":0.002,"v1":0.003},"geometry":{"type":"Polygon","coordinates":[[[-91.3118,50.6884],[-91.2973,50.694],[-91.2832,50.6908],[-91.2697,50.6789],[-91.2747,50.6717],[-91.2982,50.6692],[-91.3123,50.6724],[-91.3168,50.6812],[-91.3118,50.6884]]]}},{"type":"Feature","properties":{"c":"#00ff00","v0":0.002,"v1":0.003},"geometry":{"type":"Polygon","coordinates":[[[-105.3069,50.6266],[-105.2956,50.6353],[-105.28,50.6369],[-105.26,50.6315],[-105.25,50.6187],[-105.25,50.5986],[-105.26,50.5886],[-105.28,50.5886],[-105.2956,50.597],[-105.3069,50.6138],[-105.3069,50.6266]],[[-105.293,50.6133],[-105.291,50.6209],[-105.2827,50.6241],[-105.2681,50.6228],[-105.2631,50.6162],[-105.2677,50.6042],[-105.276,50.601],[-105.288,50.6067],[-105.293,50.6133]]]}},{"type":"Feature","properties":{"c":"#00ff00","v0":0.002,"v1":0.003},"geometry":{"type":"Polygon","coordinates":[[[-92.592,50.6276],[-92.5773,50.6385],[-92.5645,50.6417],[-92.5536,50.6372],[-92.5536,50.6301],[-92.5645,50.6206],[-92.5773,50.6174],[-92.592,50.6206],[-92.592,50.6276]]]}},{"type":"Feature","properties":{"c":"#00ff00","v0":0.002,"v1":0.003},"geometry":{"type":"Polygon","coordinates":[[[-101.1953,50.5936],[-101.178,50.6127],[-101.1446,50.6239],[-101.0949,50.6274],[-101.0363,50.6179],[-100.9688,50.5954],[-100.9688,50.5623],[-101.0363,50.5188],[-101.0817,50.4997],[-101.105,50.5051],[-101.125,50.523],[-101.1417,50.5532],[-101.1635,50.5723],[-101.1904,50.5802],[-101.1953,50.5936]],[[-101.1194,50.5555],[-101.1176,50.5746],[-101.11,50.5887],[-101.0967,50.5978],[-101.0662,50.5978],[-101.0185,50.5887],[-101.0085,50.5655],[-101.0362,50.5283],[-101.065,50.5116],[-101.095,50.5155],[-101.1126,50.5246],[-101.1177,50.5389],[-101.1194,50.5555]]]}},{"type":"Feature","properties":{"c":"#00ff00","v0":0.002,"v1":0.003},"geometry":{"type":"Polygon","coordinates":[[[-91.9359,50.5908],[-91.9053,50.6041],[-91.875,50.6106],[-91.845,50.61],[-91.8277,50.6065],[-91.8231,50.6],[-91.8281,50.5933],[-91.8427,50.5864],[-91.8753,50.5832],[-91.9259,50.5838],[-91.9359,50.5908]]]}},{"type":"Feature","properties":{"c":"#00ff00","v0":0.002,"v1":0.003},"geometry":{"type":"Polygon","coordinates":[[[-105.2361,50.5599],[-105.1787,50.5877],[-105.1345,50.6004],[-105.1034,50.598],[-105.0834,50.5861],[-105.0745,50.5648],[-105.055,50.551],[-105.025,50.5447],[-105.0058,50.5363],[-104.9973,50.5258],[-104.9985,50.5047],[-105.0095,50.4728],[-104.9913,50.4506],[-104.9439,50.4378],[-104.9277,50.4197],[-104.9426,50.3961],[-104.9844,50.3801],[-105.0532,50.3718],[-105.0908,50.3581],[-105.0973,50.339],[-105.1129,50.3324],[-105.1376,50.3385],[-105.1421,50.3481],[-105.1262,50.3612],[-105.1235,50.39],[-105.1339,50.4346],[-105.1515,50.4697],[-105.1763,50.4951],[-105.2077,50.5174],[-105.2457,50.5365],[-105.2361,50.5599]],[[-105.1202,50.4196],[-105.1134,50.4468],[-105.09,50.4777],[-105.05,50.5123],[-105.0226,50.521],[-105.0077,50.5038],[-105.0101,50.4856],[-105.0298,50.4665],[-105.0216,50.4506],[-104.9856,50.4378],[-104.9641,50.4251],[-104.9573,50.4123],[-104.9879,50.3999],[-105.056,50.3876],[-105.0984,50.3876],[-105.1152,50.3999],[-105.1202,50.4196]],[[-105.2159,50.5524],[-105.1986,50.5654],[-105.1753,50.5717],[-105.1458,50.5715],[-105.1408,50.564],[-105.1603,50.5492],[-105.1836,50.5428],[-105.2109,50.5449],[-105.2159,50.5524]]]}},{"type":"Feature","properties":{"c":"#00ff00","v0":0.002,"v1":0.003},"geometry":{"type":"Polygon","coordinates":[[[-90.7721,50.5778],[-90.7629,50.5905],[-90.7462,50.5991],[-90.7221,50.6038],[-90.6975,50.5974],[-90.6724,50.5801],[-90.6635,50.565],[-90.6707,50.5523],[-90.6833,50.5434],[-90.7011,50.5381],[-90.721,50.5381],[-90.743,50.5434],[-90.7597,50.5523],[-90.7711,50.565],[-90.7721,50.5778]],[[-90.7633,50.5772],[-90.7544,50.5887],[-90.74,50.5961],[-90.72,50.5995],[-90.6998,50.5937],[-90.6794,50.5788],[-90.6794,50.5636],[-90.6998,50.5481],[-90.7244,50.5481],[-90.7533,50.5636],[-90.7633,50.5772]]]}},{"type":"Feature","properties":{"c":"#00ff00","v0":0.002,"v1":0.003},"geometry":{"type":"Polygon","coordinates":[[[-104.7228,50.5627],[-104.7143,50.5707],[-104.7022,50.5707],[-104.6865,50.5627],[-104.6865,50.5546],[-104.7022,50.5465],[-104.7143,50.5465],[-104.7228,50.5546],[-104.7228,50.5627]]]}},{"type":"Feature","properties":{"c":"#00ff00","v0":0.002,"v1":0.003},"geometry":{"type":"Polygon","coordinates":[[[-104.926,50.5027],[-104.9153,50.5179],[-104.895,50.5274],[-104.865,50.531],[-104.8409,50.5234],[-104.8226,50.5046],[-104.8176,50.49],[-104.8259,50.4798],[-104.845,50.4722],[-104.875,50.4672],[-104.9003,50.4723],[-104.921,50.4875],[-104.926,50.5027]],[[-104.9069,50.5026],[-104.8823,50.5177],[-104.858,50.5177],[-104.8341,50.5026],[-104.8341,50.4892],[-104.858,50.4773],[-104.8823,50.4773],[-104.9069,50.4892],[-104.9069,50.5026]]]}},{"type":"Feature","properties":{"c":"#00ff00","v0":0.002,"v1":0.003},"geometry":{"type":"Polygon","coordinates":[[[-92.7521,50.5107],[-92.7374,50.5165],[-92.7229,50.5165],[-92.7088,50.5107],[-92.7088,50.4887],[-92.7229,50.4505],[-92.7351,50.4314],[-92.7454,50.4314],[-92.7476,50.441],[-92.7419,50.4601],[-92.7441,50.4792],[-92.7544,50.4983],[-92.7521,50.5107]]]}},{"type":"Feature","properties":{"c":"#00ff00","v0":0.002,"v1":0.003},"geometry":{"type":"Polygon","coordinates":[[[-106.0873,50.4542],[-106.0624,50.4741],[-106.025,50.4881],[-105.975,50.496],[-105.9408,50.4956],[-105.9225,50.4868],[-105.9175,50.4748],[-105.9258,50.4596],[-105.955,50.4413],[-106.005,50.4198],[-106.04,50.4096],[-106.06,50.4107],[-106.0774,50.4195],[-106.0923,50.436],[-106.0873,50.4542]],[[-106.0806,50.453],[-106.0602,50.4706],[-106.03,50.4828],[-105.99,50.4898],[-105.9587,50.4906],[-105.9362,50.4851],[-105.9276,50.476],[-105.9329,50.4633],[-105.9592,50.4462],[-106.0064,50.4248],[-106.04,50.4153],[-106.06,50.4178],[-106.0752,50.4254],[-106.0856,50.4379],[-106.0806,50.453]]]}},{"type":"Feature","properties":{"c":"#00ff00","v0":0.002,"v1":0.003},"geometry":{"type":"Polygon","coordinates":[[[-91.027,50.3741],[-91.0161,50.3868],[-90.9605,50.4143],[-90.8602,50.4565],[-90.8,50.4796],[-90.78,50.4838],[-90.7589,50.4818],[-90.7367,50.4737],[-90.7241,50.4601],[-90.7211,50.441],[-90.7261,50.4251],[-90.739,50.4123],[-90.7766,50.3942],[-90.8389,50.3705],[-90.9,50.3515],[-90.96,50.3372],[-91.0006,50.3395],[-91.0218,50.3583],[-91.027,50.3741]],[[-90.9687,50.3938],[-90.8629,50.446],[-90.7916,50.4714],[-90.7548,50.4703],[-90.7345,50.4601],[-90.7306,50.441],[-90.739,50.4238],[-90.7597,50.4085],[-90.81,50.3888],[-90.89,50.3649],[-90.945,50.3513],[-90.975,50.3481],[-90.9979,50.3518],[-91.0137,50.3624],[-90.9687,50.3938]]]}},{"type":"Feature","properties":{"c":"#00ff00","v0":0.002,"v1":0.003},"geometry":{"type":"Polygon","coordinates":[[[-104.7326,50.4597],[-104.7175,50.4651],[-104.7044,50.4651],[-104.6933,50.4597],[-104.6933,50.4519],[-104.7044,50.4419],[-104.7175,50.4419],[-104.7326,50.4519],[-104.7326,50.4597]]]}},{"type":"Feature","properties":{"c":"#00ff00","v0":0.002,"v1":0.003},"geometry":{"type":"Polygon","coordinates":[[[-104.5443,50.4155],[-104.5214,50.4346],[-104.5,50.4433],[-104.48,50.4416],[-104.4627,50.4352],[-104.4482,50.4242],[-104.4437,50.4123],[-104.4493,50.3996],[-104.4615,50.3895],[-104.4805,50.382],[-104.5,50.3792],[-104.52,50.3813],[-104.5364,50.3882],[-104.5493,50.4],[-104.5443,50.4155]],[[-104.5367,50.4144],[-104.5189,50.4314],[-104.4951,50.4345],[-104.4653,50.424],[-104.4603,50.4098],[-104.4801,50.392],[-104.5039,50.3889],[-104.5317,50.4003],[-104.5367,50.4144]]]}},{"type":"Feature","properties":{"c":"#00ff00","v0":0.002,"v1":0.003},"geometry":{"type":"Polygon","coordinates":[[[-93.1094,50.4327],[-93.0965,50.4352],[-93.0881,50.432],[-93.0842,50.4231],[-93.0892,50.4183],[-93.1031,50.4175],[-93.1115,50.4206],[-93.1144,50.4279],[-93.1094,50.4327]]]}},{"type":"Feature","properties":{"c":"#00ff00","v0":0.002,"v1":0.003},"geometry":{"type":"Polygon","coordinates":[[[-92.8832,50.4126],[-92.8744,50.4257],[-92.865,50.4318],[-92.855,50.4307],[-92.855,50.4211],[-92.865,50.4029],[-92.8744,50.3968],[-92.8832,50.4029],[-92.8832,50.4126]]]}},{"type":"Feature","properties":{"c":"#00ff00","v0":0.002,"v1":0.003},"geometry":{"type":"Polygon","coordinates":[[[-105.7761,50.4096],[-105.7587,50.4169],[-105.7449,50.4169],[-105.7346,50.4096],[-105.7346,50.4023],[-105.7449,50.395],[-105.7587,50.395],[-105.7761,50.4023],[-105.7761,50.4096]]]}},{"type":"Feature","properties":{"c":"#00ff00","v0":0.002,"v1":0.003},"geometry":{"type":"Polygon","coordinates":[[[-105.3889,50.3773],[-105.3616,50.3964],[-105.3346,50.406],[-105.3079,50.406],[-105.2949,50.3996],[-105.2954,50.3868],[-105.3042,50.3751],[-105.3214,50.3644],[-105.34,50.3576],[-105.36,50.3547],[-105.3781,50.3568],[-105.3944,50.3641],[-105.3889,50.3773]],[[-105.3548,50.3853],[-105.3383,50.395],[-105.3242,50.3982],[-105.3125,50.3949],[-105.3125,50.3882],[-105.3242,50.378],[-105.3383,50.3748],[-105.3548,50.3786],[-105.3548,50.3853]]]}},{"type":"Feature","properties":{"c":"#00ff00","v0":0.002,"v1":0.003},"geometry":{"type":"Polygon","coordinates":[[[-105.4879,50.3845],[-105.476,50.3925],[-105.4629,50.3893],[-105.4487,50.3749],[-105.4547,50.3709],[-105.4808,50.3773],[-105.4879,50.3845]]]}},{"type":"Feature","properties":{"c":"#00ff00","v0":0.002,"v1":0.003},"geometry":{"type":"Polygon","coordinates":[[[-91.9944,50.3617],[-91.9781,50.3753],[-91.957,50.3785],[-91.9311,50.3713],[-91.9311,50.3609],[-91.957,50.3473],[-91.9781,50.3441],[-91.9944,50.3513],[-91.9944,50.3617]]]}},{"type":"Feature","properties":{"c":"#00ff00","v0":0.002,"v1":0.003},"geometry":{"type":"Polygon","coordinates":[[[-104.9293,50.3372],[-104.9164,50.3529],[-104.8982,50.3529],[-104.8745,50.3372],[-104.8695,50.3234],[-104.8832,50.3113],[-104.9014,50.3113],[-104.9243,50.3234],[-104.9293,50.3372]],[[-104.9195,50.3345],[-104.9132,50.3446],[-104.9012,50.3446],[-104.8836,50.3345],[-104.8786,50.3253],[-104.8862,50.317],[-104.8982,50.317],[-104.9145,50.3253],[-104.9195,50.3345]]]}},{"type":"Feature","properties":{"c":"#00ff00","v0":0.002,"v1":0.003},"geometry":{"type":"Polygon","coordinates":[[[-110.1913,50.3117],[-110.1638,50.3272],[-110.1413,50.3304],[-110.124,50.3212],[-110.129,50.3088],[-110.1563,50.2932],[-110.1788,50.29],[-110.1963,50.2992],[-110.1913,50.3117]],[[-110.1709,50.3071],[-110.1515,50.3135],[-110.1438,50.3127],[-110.1479,50.3048],[-110.1576,50.3016],[-110.1729,50.3031],[-110.1709,50.3071]]]}},{"type":"Feature","properties":{"c":"#00ff00","v0":0.002,"v1":0.003},"geometry":{"type":"Polygon","coordinates":[[[-68.7617,50.2955],[-68.7539,50.3043],[-68.7296,50.3138],[-68.6888,50.3242],[-68.6738,50.3108],[-68.6846,50.2736],[-68.705,50.2561],[-68.735,50.2583],[-68.7539,50.2674],[-68.7617,50.2832],[-68.7617,50.2955]],[[-68.7426,50.2954],[-68.7209,50.3041],[-68.705,50.2988],[-68.695,50.2794],[-68.7,50.2675],[-68.72,50.2631],[-68.7359,50.2685],[-68.7476,50.2836],[-68.7426,50.2954]]]}},{"type":"Feature","properties":{"c":"#00ff00","v0":0.002,"v1":0.003},"geometry":{"type":"Polygon","coordinates":[[[-97.7991,50.2807],[-97.753,50.3111],[-97.6879,50.3143],[-97.6036,50.2903],[-97.5736,50.2645],[-97.5979,50.2368],[-97.6265,50.2145],[-97.6595,50.1973],[-97.6823,50.1759],[-97.6949,50.1503],[-97.7184,50.1283],[-97.7528,50.1099],[-97.7815,50.1067],[-97.8044,50.1187],[-97.8158,50.1375],[-97.8158,50.1631],[-97.8054,50.1888],[-97.7845,50.2144],[-97.7861,50.2368],[-97.8101,50.2559],[-97.7991,50.2807]],[[-97.6568,50.2792],[-97.6256,50.2809],[-97.6061,50.2777],[-97.5983,50.2696],[-97.6033,50.2598],[-97.6211,50.2482],[-97.6406,50.2514],[-97.6618,50.2693],[-97.6568,50.2792]],[[-97.8,50.1615],[-97.78,50.1837],[-97.7542,50.1901],[-97.7227,50.1807],[-97.7064,50.1695],[-97.7053,50.1567],[-97.7211,50.1409],[-97.7537,50.1221],[-97.7781,50.1157],[-97.7942,50.1217],[-97.8042,50.1311],[-97.8081,50.1439],[-97.8,50.1615]]]}},{"type":"Feature","properties":{"c":"#00ff00","v0":0.002,"v1":0.003},"geometry":{"type":"Polygon","coordinates":[[[-93.1609,50.2208],[-93.1147,50.2591],[-93.0462,50.2866],[-92.9554,50.3032],[-92.8982,50.3064],[-92.8746,50.2962],[-92.8696,50.2722],[-92.8832,50.2343],[-92.925,50.2203],[-92.995,50.23],[-93.035,50.2215],[-93.045,50.1949],[-93.08,50.1827],[-93.14,50.1851],[-93.1735,50.1901],[-93.1805,50.1977],[-93.1609,50.2208]],[[-93.0139,50.2738],[-92.958,50.2902],[-92.9192,50.2966],[-92.8977,50.2929],[-92.8909,50.2847],[-92.8987,50.2719],[-92.9245,50.2615],[-92.9682,50.2534],[-93.003,50.2534],[-93.0289,50.2615],[-93.0139,50.2738]],[[-93.1358,50.2079],[-93.1053,50.2205],[-93.0816,50.2205],[-93.0648,50.2079],[-93.08,50.2016],[-93.1274,50.2016],[-93.1358,50.2079]]]}},{"type":"Feature","properties":{"c":"#00ff00","v0":0.002,"v1":0.003},"geometry":{"type":"Polygon","coordinates":[[[-92.0874,50.2948],[-92.0625,50.3024],[-92.0426,50.2992],[-92.0277,50.2853],[-92.0395,50.2783],[-92.0779,50.2783],[-92.0978,50.2815],[-92.0992,50.2879],[-92.0874,50.2948]]]}},{"type":"Feature","properties":{"c":"#00ff00","v0":0.002,"v1":0.003},"geometry":{"type":"Polygon","coordinates":[[[-101.3263,50.2822],[-101.3154,50.29],[-101.3046,50.29],[-101.2939,50.2822],[-101.2939,50.2752],[-101.3046,50.269],[-101.3154,50.269],[-101.3263,50.2752],[-101.3263,50.2822]]]}},{"type":"Feature","properties":{"c":"#00ff00","v0":0.002,"v1":0.003},"geometry":{"type":"Polygon","coordinates":[[[-101.2284,50.2527],[-101.2131,50.2527],[-101.2066,50.2455],[-101.2089,50.2309],[-101.2165,50.2309],[-101.2295,50.2455],[-101.2284,50.2527]]]}},{"type":"Feature","properties":{"c":"#00ff00","v0":0.002,"v1":0.003},"geometry":{"type":"Polygon","coordinates":[[[-91.4878,50.2016],[-91.4719,50.2272],[-91.4454,50.244],[-91.4085,50.2521],[-91.3838,50.2457],[-91.3715,50.2248],[-91.3865,50.2059],[-91.4288,50.1891],[-91.4614,50.1827],[-91.4843,50.1867],[-91.4878,50.2016]],[[-91.4691,50.2016],[-91.4476,50.2272],[-91.4251,50.2407],[-91.4017,50.242],[-91.3889,50.2356],[-91.3867,50.2215],[-91.4091,50.208],[-91.4563,50.1952],[-91.4691,50.2016]]]}},{"type":"Feature","properties":{"c":"#00ff00","v0":0.002,"v1":0.003},"geometry":{"type":"Polygon","coordinates":[[[-95.6624,50.2214],[-95.6541,50.2354],[-95.6339,50.2386],[-95.6016,50.231],[-95.5916,50.2191],[-95.6039,50.2029],[-95.6241,50.1997],[-95.6524,50.2095],[-95.6624,50.2214]]]}},{"type":"Feature","properties":{"c":"#00ff00","v0":0.002,"v1":0.003},"geometry":{"type":"Polygon","coordinates":[[[-98.0266,50.1869],[-98.0022,50.2087],[-97.9759,50.2151],[-97.9478,50.2061],[-97.9332,50.1952],[-97.9323,50.1824],[-97.9414,50.1683],[-97.9605,50.153],[-97.9824,50.1466],[-98.0071,50.1491],[-98.0243,50.1567],[-98.0339,50.1695],[-98.0266,50.1869]],[[-98.0127,50.1836],[-97.9976,50.1988],[-97.9809,50.202],[-97.9628,50.1932],[-97.9628,50.181],[-97.9809,50.1655],[-97.9976,50.1623],[-98.0127,50.1714],[-98.0127,50.1836]]]}},{"type":"Feature","properties":{"c":"#00ff00","v0":0.002,"v1":0.003},"geometry":{"type":"Polygon","coordinates":[[[-96.549,50.1841],[-96.5363,50.2004],[-96.519,50.2036],[-96.4971,50.1937],[-96.4921,50.1797],[-96.504,50.1617],[-96.5213,50.1584],[-96.544,50.1701],[-96.549,50.1841]],[[-96.5407,50.1819],[-96.5336,50.1939],[-96.5219,50.1971],[-96.5057,50.1915],[-96.5007,50.1816],[-96.5069,50.1674],[-96.5186,50.1642],[-96.5357,50.172],[-96.5407,50.1819]]]}},{"type":"Feature","properties":{"c":"#00ff00","v0":0.002,"v1":0.003},"geometry":{"type":"Polygon","coordinates":[[[-91.9713,50.1439],[-91.9356,50.1824],[-91.9058,50.2046],[-91.8819,50.2107],[-91.8608,50.2107],[-91.8423,50.2046],[-91.8464,50.1824],[-91.8732,50.1439],[-91.9024,50.1215],[-91.9341,50.1152],[-91.9598,50.1152],[-91.9794,50.1215],[-91.9713,50.1439]]]}},{"type":"Feature","properties":{"c":"#00ff00","v0":0.002,"v1":0.003},"geometry":{"type":"Polygon","coordinates":[[[-91.0272,50.1924],[-91.0157,50.1997],[-91.0038,50.1965],[-90.9915,50.1828],[-90.9915,50.1737],[-91.0038,50.1691],[-91.0157,50.1723],[-91.0272,50.1833],[-91.0272,50.1924]]]}},{"type":"Feature","properties":{"c":"#00ff00","v0":0.002,"v1":0.003},"geometry":{"type":"Polygon","coordinates":[[[-68.7592,50.1522],[-68.7397,50.1815],[-68.718,50.1975],[-68.6941,50.2002],[-68.6834,50.1792],[-68.6858,50.1343],[-68.6978,50.1107],[-68.7193,50.1084],[-68.7397,50.1148],[-68.7592,50.13],[-68.7592,50.1522]],[[-68.7442,50.148],[-68.7214,50.1688],[-68.7038,50.1656],[-68.6914,50.1383],[-68.6964,50.1224],[-68.7188,50.1179],[-68.7364,50.1211],[-68.7492,50.1321],[-68.7442,50.148]]]}},{"type":"Feature","properties":{"c":"#00ff00","v0":0.002,"v1":0.003},"geometry":{"type":"Polygon","coordinates":[[[-92.4898,50.1247],[-92.4838,50.1503],[-92.463,50.1714],[-92.4277,50.188],[-92.4056,50.1912],[-92.3967,50.181],[-92.398,50.1599],[-92.4093,50.1279],[-92.4287,50.1077],[-92.4562,50.0993],[-92.4757,50.0993],[-92.4872,50.1077],[-92.4898,50.1247]]]}},{"type":"Feature","properties":{"c":"#00ff00","v0":0.002,"v1":0.003},"geometry":{"type":"Polygon","coordinates":[[[-101.0964,50.1667],[-101.0921,50.1739],[-101.0829,50.1739],[-101.0686,50.1667],[-101.0707,50.1631],[-101.0893,50.1631],[-101.0964,50.1667]]]}},{"type":"Feature","properties":{"c":"#00ff00","v0":0.002,"v1":0.003},"geometry":{"type":"Polygon","coordinates":[[[-92.2157,50.1361],[-92.1452,50.1589],[-92.0957,50.1621],[-92.0671,50.1457],[-92.0671,50.1284],[-92.0957,50.1101],[-92.125,50.1053],[-92.155,50.114],[-92.1875,50.1167],[-92.2226,50.1135],[-92.2428,50.1151],[-92.2482,50.1215],[-92.2157,50.1361]],[[-92.12,50.1375],[-92.0958,50.1375],[-92.0902,50.1334],[-92.1034,50.125],[-92.1155,50.125],[-92.1266,50.1334],[-92.12,50.1375]]]}},{"type":"Feature","properties":{"c":"#00ff00","v0":0.002,"v1":0.003},"geometry":{"type":"Polygon","coordinates":[[[-101.3888,50.1383],[-101.3763,50.14],[-101.3687,50.1368],[-101.3662,50.1287],[-101.3712,50.1239],[-101.3837,50.1222],[-101.3913,50.1254],[-101.3938,50.1335],[-101.3888,50.1383]]]}},{"type":"Feature","properties":{"c":"#00ff00","v0":0.002,"v1":0.003},"geometry":{"type":"Polygon","coordinates":[[[-97.7038,50.033],[-97.6946,50.0552],[-97.665,50.0676],[-97.615,50.0705],[-97.5783,50.0691],[-97.5549,50.0634],[-97.538,50.0477],[-97.5275,50.022],[-97.5342,50.0019],[-97.5581,49.9874],[-97.6,49.9846],[-97.66,49.9934],[-97.6946,50.0038],[-97.7038,50.0159],[-97.7038,50.033]],[[-97.6851,50.0429],[-97.6617,50.0591],[-97.63,50.0658],[-97.59,50.0631],[-97.562,50.055],[-97.546,50.0416],[-97.538,50.0252],[-97.538,50.0059],[-97.5461,49.9937],[-97.562,49.9885],[-97.595,49.9898],[-97.645,49.9975],[-97.6767,50.0097],[-97.6901,50.0265],[-97.6851,50.0429]]]}},{"type":"Feature","properties":{"c":"#00ff00","v0":0.002,"v1":0.003},"geometry":{"type":"Polygon","coordinates":[[[-95.9625,50.0294],[-95.9408,50.0441],[-95.9187,50.0473],[-95.8961,50.039],[-95.8911,50.0261],[-95.9037,50.0087],[-95.92,50.0001],[-95.94,50.0002],[-95.9558,50.0056],[-95.9675,50.0165],[-95.9625,50.0294]],[[-95.9465,50.0265],[-95.9355,50.0355],[-95.9237,50.0387],[-95.9111,50.0361],[-95.9061,50.0303],[-95.9087,50.0211],[-95.9205,50.0179],[-95.9415,50.0206],[-95.9465,50.0265]]]}},{"type":"Feature","properties":{"c":"#00ff00","v0":0.002,"v1":0.003},"geometry":{"type":"Polygon","coordinates":[[[-92.5482,50.0388],[-92.5361,50.0467],[-92.5264,50.0467],[-92.5191,50.0388],[-92.5252,50.0348],[-92.5446,50.0348],[-92.5482,50.0388]]]}},{"type":"Feature","properties":{"c":"#00ff00","v0":0.002,"v1":0.003},"geometry":{"type":"Polygon","coordinates":[[[-98.3396,50.014],[-98.3065,50.0238],[-98.2815,50.0238],[-98.2644,50.014],[-98.2556,50.0027],[-98.255,49.9898],[-98.2685,49.9798],[-98.2962,49.9727],[-98.3215,49.9791],[-98.3446,49.9991],[-98.3396,50.014]],[[-98.3331,50.003],[-98.3177,50.0164],[-98.2974,50.0164],[-98.2723,50.003],[-98.2673,49.9906],[-98.2824,49.9794],[-98.3027,49.9794],[-98.3281,49.9906],[-98.3331,50.003]]]}},{"type":"Feature","properties":{"c":"#00ff00","v0":0.002,"v1":0.003},"geometry":{"type":"Polygon","coordinates":[[[-95.8142,49.9931],[-95.7982,50.0123],[-95.7852,50.0205],[-95.7751,50.0176],[-95.775,50.007],[-95.785,49.9887],[-95.798,49.9806],[-95.8141,49.9825],[-95.8142,49.9931]]]}},{"type":"Feature","properties":{"c":"#00ff00","v0":0.002,"v1":0.003},"geometry":{"type":"Polygon","coordinates":[[[-95.6261,50.0234],[-95.6154,50.0262],[-95.6083,50.023],[-95.6048,50.0138],[-95.6102,50.0123],[-95.6244,50.0188],[-95.6261,50.0234]]]}},{"type":"Feature","properties":{"c":"#00ff00","v0":0.002,"v1":0.003},"geometry":{"type":"Polygon","coordinates":[[[-97.4457,49.9995],[-97.4295,50.0059],[-97.4236,50.0045],[-97.4279,49.9951],[-97.4359,49.9919],[-97.4478,49.9948],[-97.4457,49.9995]]]}},{"type":"Feature","properties":{"c":"#00ff00","v0":0.002,"v1":0.003},"geometry":{"type":"Polygon","coordinates":[[[-97.2177,49.9746],[-97.2126,49.9827],[-97.2068,49.9827],[-97.2005,49.9746],[-97.2031,49.9706],[-97.2145,49.9706],[-97.2177,49.9746]]]}},{"type":"Feature","properties":{"c":"#00ff00","v0":0.002,"v1":0.003},"geometry":{"type":"Polygon","coordinates":[[[-92.8365,49.8723],[-92.7522,49.9075],[-92.6997,49.9171],[-92.6791,49.9012],[-92.6715,49.8804],[-92.6768,49.8546],[-92.6891,49.8353],[-92.7083,49.8224],[-92.7509,49.8189],[-92.817,49.8247],[-92.8572,49.8344],[-92.8715,49.8479],[-92.8365,49.8723]],[[-92.8282,49.8632],[-92.7894,49.8803],[-92.7571,49.8835],[-92.7313,49.8729],[-92.7199,49.8611],[-92.7227,49.8482],[-92.7356,49.8378],[-92.7585,49.83],[-92.785,49.8285],[-92.815,49.8334],[-92.8344,49.8406],[-92.8432,49.8499],[-92.8282,49.8632]]]}},{"type":"Feature","properties":{"c":"#00ff00","v0":0.002,"v1":0.003},"geometry":{"type":"Polygon","coordinates":[[[-66.7537,49.911],[-66.7379,49.9205],[-66.7234,49.9237],[-66.7101,49.9206],[-66.7101,49.9115],[-66.7234,49.8965],[-66.7379,49.8933],[-66.7537,49.9019],[-66.7537,49.911]]]}},{"type":"Feature","properties":{"c":"#00ff00","v0":0.002,"v1":0.003},"geometry":{"type":"Polygon","coordinates":[[[-98.159,49.8869],[-98.153,49.8999],[-98.135,49.9075],[-98.105,49.9097],[-98.075,49.9035],[-98.045,49.8888],[-98.029,49.8747],[-98.027,49.8613],[-98.032,49.8519],[-98.044,49.8464],[-98.065,49.8457],[-98.095,49.85],[-98.123,49.8592],[-98.149,49.8734],[-98.159,49.8869]],[[-98.1444,49.8858],[-98.1348,49.8965],[-98.12,49.9024],[-98.1,49.9036],[-98.0795,49.895],[-98.0586,49.8767],[-98.0636,49.8655],[-98.0945,49.8613],[-98.1198,49.8645],[-98.1394,49.8751],[-98.1444,49.8858]]]}},{"type":"Feature","properties":{"c":"#00ff00","v0":0.002,"v1":0.003},"geometry":{"type":"Polygon","coordinates":[[[-97.1582,49.8844],[-97.1394,49.8923],[-97.1237,49.8923],[-97.1111,49.8844],[-97.1111,49.8774],[-97.1237,49.8713],[-97.1394,49.8713],[-97.1582,49.8774],[-97.1582,49.8844]]]}},{"type":"Feature","properties":{"c":"#00ff00","v0":0.002,"v1":0.003},"geometry":{"type":"Polygon","coordinates":[[[-92.2345,49.8717],[-92.2315,49.88],[-92.22,49.8867],[-92.2,49.8917],[-92.17,49.8915],[-92.13,49.8859],[-92.1008,49.876],[-92.0825,49.8618],[-92.0766,49.8482],[-92.0832,49.8353],[-92.1003,49.8224],[-92.1281,49.8095],[-92.1173,49.7901],[-92.068,49.7643],[-92.0428,49.7352],[-92.0418,49.7029],[-92.0435,49.683],[-92.0478,49.6756],[-92.065,49.6717],[-92.095,49.6714],[-92.12,49.6634],[-92.14,49.6477],[-92.1555,49.6418],[-92.1664,49.6459],[-92.1744,49.6608],[-92.1796,49.6867],[-92.1742,49.7126],[-92.1581,49.7384],[-92.1715,49.7804],[-92.2145,49.8385],[-92.2345,49.8717]],[[-92.1119,49.7419],[-92.1106,49.7487],[-92.105,49.7505],[-92.095,49.7472],[-92.09,49.7399],[-92.09,49.7287],[-92.0956,49.7269],[-92.1069,49.7346],[-92.1119,49.7419]]]}},{"type":"Feature","properties":{"c":"#00ff00","v0":0.002,"v1":0.003},"geometry":{"type":"Polygon","coordinates":[[[-98.0855,49.8212],[-98.0752,49.8317],[-98.0573,49.8317],[-98.0318,49.8212],[-98.0218,49.8124],[-98.0273,49.8052],[-98.0452,49.8052],[-98.0755,49.8124],[-98.0855,49.8212]]]}},{"type":"Feature","properties":{"c":"#00ff00","v0":0.002,"v1":0.003},"geometry":{"type":"Polygon","coordinates":[[[-97.9349,49.8095],[-97.9183,49.8225],[-97.8976,49.8225],[-97.8729,49.8095],[-97.8679,49.799],[-97.8826,49.791],[-97.9033,49.791],[-97.9299,49.799],[-97.9349,49.8095]],[[-97.9226,49.8073],[-97.9142,49.8158],[-97.9031,49.8158],[-97.8892,49.8073],[-97.8934,49.803],[-97.9157,49.803],[-97.9226,49.8073]]]}},{"type":"Feature","properties":{"c":"#00ff00","v0":0.002,"v1":0.003},"geometry":{"type":"Polygon","coordinates":[[[-91.0428,49.8109],[-91.0209,49.8266],[-90.9986,49.8299],[-90.9759,49.8206],[-90.9665,49.8095],[-90.9702,49.7966],[-90.9815,49.7866],[-91.0005,49.7795],[-91.0209,49.7828],[-91.0428,49.7963],[-91.0428,49.8109]],[[-91.0349,49.8091],[-91.0183,49.8214],[-91.0016,49.8246],[-90.9849,49.8188],[-90.9784,49.8095],[-90.982,49.7966],[-90.9904,49.7882],[-91.0035,49.7843],[-91.0183,49.7875],[-91.0349,49.7978],[-91.0349,49.8091]]]}},{"type":"Feature","properties":{"c":"#00ff00","v0":0.002,"v1":0.003},"geometry":{"type":"Polygon","coordinates":[[[-67.3675,49.7833],[-67.3558,49.7955],[-67.335,49.8015],[-67.305,49.8015],[-67.28,49.7912],[-67.26,49.7707],[-67.2321,49.7549],[-67.1962,49.7439],[-67.1789,49.7287],[-67.18,49.7093],[-67.193,49.6945],[-67.2177,49.6842],[-67.2536,49.6842],[-67.3009,49.6945],[-67.3367,49.719],[-67.3611,49.7578],[-67.3675,49.7833]],[[-67.3553,49.783],[-67.3384,49.7945],[-67.32,49.7983],[-67.3,49.7942],[-67.285,49.7834],[-67.275,49.7661],[-67.2502,49.7527],[-67.2106,49.7432],[-67.1917,49.7287],[-67.1936,49.7093],[-67.2034,49.6965],[-67.2211,49.6901],[-67.25,49.6913],[-67.29,49.6998],[-67.3234,49.7224],[-67.3503,49.7589],[-67.3553,49.783]]]}},{"type":"Feature","properties":{"c":"#00ff00","v0":0.002,"v1":0.003},"geometry":{"type":"Polygon","coordinates":[[[-100.6286,49.7417],[-100.616,49.7481],[-100.6097,49.7469],[-100.6099,49.7379],[-100.6162,49.7347],[-100.6287,49.7372],[-100.6286,49.7417]]]}},{"type":"Feature","properties":{"c":"#00ff00","v0":0.002,"v1":0.003},"geometry":{"type":"Polygon","coordinates":[[[-96.4122,49.6959],[-96.3841,49.7144],[-96.3568,49.7176],[-96.3303,49.7056],[-96.3181,49.6932],[-96.3204,49.6802],[-96.3336,49.667],[-96.3579,49.6536],[-96.38,49.6489],[-96.4,49.6529],[-96.4141,49.6628],[-96.4222,49.6787],[-96.4122,49.6959]],[[-96.4065,49.6947],[-96.3822,49.7106],[-96.359,49.7139],[-96.3371,49.7044],[-96.3274,49.6932],[-96.33,49.6802],[-96.3409,49.6683],[-96.3603,49.6575],[-96.3791,49.6542],[-96.3974,49.6586],[-96.4096,49.6673],[-96.4156,49.6802],[-96.4065,49.6947]]]}},{"type":"Feature","properties":{"c":"#00ff00","v0":0.002,"v1":0.003},"geometry":{"type":"Polygon","coordinates":[[[-92.8118,49.6723],[-92.7839,49.6952],[-92.765,49.7062],[-92.755,49.7052],[-92.755,49.6907],[-92.765,49.6628],[-92.78,49.6467],[-92.8,49.6424],[-92.8139,49.6454],[-92.8218,49.6557],[-92.8118,49.6723]]]}},{"type":"Feature","properties":{"c":"#00ff00","v0":0.002,"v1":0.003},"geometry":{"type":"Polygon","coordinates":[[[-67.6364,49.6349],[-67.6232,49.6608],[-67.6099,49.6747],[-67.5966,49.6766],[-67.5814,49.6572],[-67.5643,49.6164],[-67.5643,49.5935],[-67.5814,49.5885],[-67.6033,49.595],[-67.6298,49.613],[-67.6364,49.6349]],[[-67.6253,49.6279],[-67.6151,49.6399],[-67.605,49.6441],[-67.595,49.6404],[-67.585,49.628],[-67.575,49.6069],[-67.5851,49.6027],[-67.6153,49.6155],[-67.6253,49.6279]]]}},{"type":"Feature","properties":{"c":"#00ff00","v0":0.002,"v1":0.003},"geometry":{"type":"Polygon","coordinates":[[[-98.5315,49.6293],[-98.5172,49.6439],[-98.4896,49.6471],[-98.4488,49.639],[-98.4338,49.6296],[-98.4446,49.619],[-98.47,49.6124],[-98.51,49.6099],[-98.5322,49.612],[-98.5365,49.6186],[-98.5315,49.6293]]]}},{"type":"Feature","properties":{"c":"#00ff00","v0":0.002,"v1":0.003},"geometry":{"type":"Polygon","coordinates":[[[-96.9338,49.5928],[-96.9179,49.6122],[-96.9,49.6237],[-96.88,49.6271],[-96.85,49.6227],[-96.81,49.6103],[-96.7866,49.5923],[-96.7798,49.5689],[-96.7848,49.5497],[-96.8016,49.5347],[-96.82,49.5267],[-96.84,49.5256],[-96.87,49.5329],[-96.91,49.5486],[-96.9329,49.5631],[-96.9388,49.5764],[-96.9338,49.5928]],[[-96.9277,49.5915],[-96.9159,49.6083],[-96.9,49.6184],[-96.88,49.6217],[-96.8501,49.6165],[-96.8104,49.6029],[-96.789,49.5863],[-96.7859,49.5669],[-96.7908,49.5512],[-96.8036,49.5393],[-96.82,49.5328],[-96.84,49.5317],[-96.8675,49.5376],[-96.9025,49.5506],[-96.9234,49.5636],[-96.9302,49.5766],[-96.9277,49.5915]]]}},{"type":"Feature","properties":{"c":"#00ff00","v0":0.002,"v1":0.003},"geometry":{"type":"Polygon","coordinates":[[[-96.5892,49.5993],[-96.5631,49.606],[-96.546,49.6027],[-96.5381,49.5896],[-96.5431,49.5782],[-96.561,49.5685],[-96.5781,49.5718],[-96.5942,49.5879],[-96.5892,49.5993]],[[-96.5822,49.5879],[-96.5741,49.5974],[-96.5647,49.6007],[-96.5541,49.5976],[-96.5491,49.5921],[-96.5497,49.5842],[-96.5591,49.581],[-96.5772,49.5824],[-96.5822,49.5879]]]}},{"type":"Feature","properties":{"c":"#00ff00","v0":0.002,"v1":0.003},"geometry":{"type":"Polygon","coordinates":[[[-95.0892,48.8874],[-95.0497,48.9066],[-95.01,48.9055],[-94.97,48.884],[-94.925,48.895],[-94.875,48.9387],[-94.8304,48.9661],[-94.7913,48.9773],[-94.7833,48.9927],[-94.8063,49.0124],[-94.8133,49.0354],[-94.8043,49.0616],[-94.806,49.0878],[-94.8186,49.114],[-94.8119,49.1369],[-94.786,49.1565],[-94.7756,49.1761],[-94.7809,49.1957],[-94.7751,49.2119],[-94.7584,49.2245],[-94.7318,49.2278],[-94.6953,49.2217],[-94.676,49.2088],[-94.6739,49.1892],[-94.6671,49.1774],[-94.6557,49.1733],[-94.6498,49.1929],[-94.6494,49.2362],[-94.6394,49.2767],[-94.6198,49.3144],[-94.6,49.3355],[-94.58,49.3398],[-94.525,49.3259],[-94.435,49.2938],[-94.3584,49.2858],[-94.2951,49.3019],[-94.2701,49.3179],[-94.2834,49.3336],[-94.3252,49.3434],[-94.3957,49.3472],[-94.4107,49.3642],[-94.3702,49.3945],[-94.32,49.3961],[-94.26,49.3691],[-94.2185,49.3377],[-94.1955,49.3018],[-94.1705,49.2838],[-94.1435,49.2836],[-94.115,49.2953],[-94.085,49.3189],[-94.0464,49.3353],[-93.9993,49.3445],[-93.9823,49.3719],[-93.9954,49.4174],[-93.994,49.4464],[-93.978,49.4587],[-93.96,49.466],[-93.94,49.4684],[-93.9,49.4496],[-93.84,49.4098],[-93.79,49.395],[-93.75,49.4052],[-93.7233,49.408],[-93.71,49.4035],[-93.7052,49.3882],[-93.7088,49.3621],[-93.7255,49.3449],[-93.7552,49.3364],[-93.79,49.3325],[-93.83,49.3331],[-93.8513,49.3275],[-93.8539,49.3158],[-93.8489,49.3054],[-93.8363,49.2962],[-93.79,49.302],[-93.71,49.3227],[-93.635,49.3192],[-93.565,49.2917],[-93.495,49.2748],[-93.425,49.2686],[-93.3746,49.2799],[-93.3438,49.3086],[-93.3306,49.336],[-93.3351,49.3621],[-93.3255,49.383],[-93.3018,49.3987],[-93.27,49.4078],[-93.23,49.4101],[-93.2,49.4249],[-93.18,49.452],[-93.1518,49.4462],[-93.1155,49.4075],[-93.0705,49.3931],[-93.0168,49.4031],[-92.965,49.4057],[-92.915,49.4011],[-92.88,49.4141],[-92.86,49.4445],[-92.8112,49.4906],[-92.7335,49.5523],[-92.6935,49.5903],[-92.6912,49.6048],[-92.67,49.5836],[-92.63,49.5265],[-92.565,49.5204],[-92.475,49.5651],[-92.41,49.5861],[-92.37,49.5833],[-92.285,49.5889],[-92.155,49.603],[-92.0773,49.6033],[-92.0519,49.5898],[-92.0412,49.5733],[-92.0451,49.5539],[-92.0628,49.5382],[-92.0943,49.5264],[-92.1107,49.5101],[-92.1121,49.4895],[-92.1286,49.4565],[-92.16,49.4109],[-92.1889,49.3816],[-92.2154,49.3686],[-92.2039,49.3361],[-92.1546,49.2842],[-92.115,49.2598],[-92.085,49.263],[-92.0533,49.2597],[-92.0199,49.2497],[-91.9971,49.2317],[-91.9848,49.2055],[-91.9964,49.1761],[-92.032,49.1434],[-92.0498,49.114],[-92.0499,49.0878],[-92.07,49.0668],[-92.11,49.051],[-92.1427,49.0477],[-92.1682,49.057],[-92.1932,49.0789],[-92.2177,49.1135],[-92.245,49.1272],[-92.275,49.1201],[-92.305,49.1271],[-92.335,49.1481],[-92.38,49.157],[-92.44,49.1537],[-92.4804,49.1589],[-92.5012,49.1726],[-92.5087,49.1957],[-92.5029,49.2284],[-92.5226,49.2494],[-92.5675,49.2588],[-92.5933,49.2392],[-92.6,49.1906],[-92.6288,49.1467],[-92.6798,49.1074],[-92.7034,49.0354],[-92.6996,48.9304],[-92.7108,48.8728],[-92.7369,48.8628],[-92.7679,48.8595],[-92.8037,48.8629],[-92.8081,48.8514],[-92.7809,48.8251],[-92.7757,48.8021],[-92.7926,48.7823],[-92.7971,48.7625],[-92.7895,48.7427],[-92.7917,48.7285],[-92.8039,48.7198],[-92.91,48.73],[-93.11,48.7591],[-93.2253,48.7832],[-93.2559,48.8024],[-93.2613,48.8251],[-93.2416,48.8514],[-93.2475,48.8778],[-93.2791,48.9041],[-93.2841,48.9304],[-93.2627,48.9566],[-93.2915,48.974],[-93.3705,48.9826],[-93.4184,48.9958],[-93.4351,49.0134],[-93.4351,49.031],[-93.4184,49.0486],[-93.3709,49.0748],[-93.2926,49.1097],[-93.2526,49.1434],[-93.2509,49.1762],[-93.2741,49.186],[-93.3223,49.1729],[-93.3507,49.1565],[-93.3591,49.1369],[-93.38,49.1271],[-93.4133,49.1271],[-93.455,49.1116],[-93.505,49.0807],[-93.55,49.0584],[-93.59,49.0448],[-93.625,49.0557],[-93.655,49.0911],[-93.7037,49.1035],[-93.7712,49.093],[-93.8109,49.0845],[-93.8228,49.078],[-93.8305,49.0649],[-93.834,49.0452],[-93.8443,49.0316],[-93.8614,49.0241],[-93.8801,49.0241],[-93.9003,49.0316],[-93.9087,49.0452],[-93.9053,49.0649],[-93.9202,49.0729],[-93.9534,49.0694],[-93.9824,49.053],[-94.0073,49.0238],[-94.0073,48.9847],[-93.9824,48.9358],[-93.96,48.9134],[-93.94,48.9175],[-93.91,48.9359],[-93.87,48.9686],[-93.815,48.9847],[-93.745,48.9841],[-93.69,48.9958],[-93.65,49.0197],[-93.6216,49.0261],[-93.6049,49.0148],[-93.5958,48.9894],[-93.5941,48.9501],[-93.6127,48.9139],[-93.6514,48.8811],[-93.6707,48.8613],[-93.6705,48.8547],[-93.6519,48.8449],[-93.6148,48.8317],[-93.5974,48.8152],[-93.5997,48.7955],[-93.6131,48.7803],[-93.6377,48.7698],[-93.67,48.7651],[-93.71,48.7662],[-93.745,48.7555],[-93.775,48.733],[-93.79,48.7134],[-93.79,48.6969],[-93.765,48.6845],[-93.715,48.6763],[-93.665,48.6737],[-93.615,48.6767],[-93.5838,48.6886],[-93.5713,48.7093],[-93.5313,48.7357],[-93.4638,48.7678],[-93.4203,48.781],[-93.4009,48.7753],[-93.3877,48.7658],[-93.3808,48.7526],[-93.3756,48.7362],[-93.3723,48.7164],[-93.4005,48.7033],[-93.4602,48.6971],[-93.5023,48.6806],[-93.527,48.6538],[-93.527,48.6306],[-93.5023,48.611],[-93.475,48.6096],[-93.445,48.6265],[-93.42,48.6348],[-93.4,48.6345],[-93.3843,48.6292],[-93.373,48.6191],[-93.3694,48.6074],[-93.3734,48.5941],[-93.384,48.5843],[-93.4013,48.5779],[-93.435,48.5801],[-93.485,48.5911],[-93.54,48.5848],[-93.6,48.5613],[-93.645,48.5378],[-93.675,48.5144],[-93.715,48.4959],[-93.765,48.4824],[-93.805,48.4746],[-93.835,48.4725],[-93.859,48.4773],[-93.8769,48.489],[-93.8819,48.4998],[-93.874,48.5098],[-93.855,48.516],[-93.825,48.5186],[-93.7992,48.5302],[-93.7776,48.5508],[-93.7783,48.5875],[-93.8015,48.6404],[-93.8273,48.6727],[-93.8558,48.6843],[-93.885,48.7038],[-93.915,48.731],[-93.955,48.7466],[-94.005,48.7506],[-94.04,48.7574],[-94.06,48.7669],[-94.0735,48.7818],[-94.0805,48.8019],[-94.0655,48.8184],[-94.0285,48.8312],[-94.0101,48.8444],[-94.0104,48.8579],[-94.0304,48.8713],[-94.0701,48.8847],[-94.105,48.8849],[-94.135,48.8719],[-94.16,48.8671],[-94.18,48.8705],[-94.205,48.8964],[-94.235,48.9448],[-94.2636,48.9659],[-94.2907,48.9597],[-94.3092,48.9336],[-94.3189,48.8876],[-94.3354,48.859],[-94.3585,48.8479],[-94.3958,48.8544],[-94.4475,48.8788],[-94.4785,48.8975],[-94.4888,48.9106],[-94.4904,48.9271],[-94.4831,48.9468],[-94.4971,48.9637],[-94.5324,48.9778],[-94.585,48.9853],[-94.655,48.9861],[-94.6972,48.9823],[-94.7116,48.974],[-94.7213,48.9599],[-94.7264,48.9402],[-94.7135,48.9238],[-94.6827,48.9106],[-94.6619,48.8909],[-94.6513,48.8646],[-94.6369,48.8478],[-94.619,48.8407],[-94.595,48.8378],[-94.565,48.8393],[-94.535,48.8301],[-94.505,48.81],[-94.49,48.7961],[-94.49,48.7885],[-94.505,48.7833],[-94.535,48.7804],[-94.5598,48.7707],[-94.5793,48.7543],[-94.5819,48.7329],[-94.5674,48.7065],[-94.5404,48.69],[-94.5009,48.6834],[-94.4779,48.6701],[-94.4715,48.6503],[-94.4837,48.6278],[-94.5146,48.6025],[-94.531,48.576],[-94.533,48.5484],[-94.5465,48.5246],[-94.5714,48.5048],[-94.5954,48.4921],[-94.6185,48.4867],[-94.645,48.4936],[-94.675,48.5127],[-94.705,48.5231],[-94.735,48.5248],[-94.7546,48.5113],[-94.7637,48.4827],[-94.7787,48.464],[-94.7996,48.4554],[-94.8228,48.4554],[-94.8483,48.464],[-94.8755,48.4816],[-94.9045,48.5081],[-94.9052,48.5346],[-94.8778,48.5611],[-94.8737,48.5908],[-94.8928,48.6239],[-94.8892,48.6429],[-94.8631,48.6478],[-94.825,48.6356],[-94.775,48.6064],[-94.7295,48.594],[-94.6886,48.5985],[-94.6836,48.6161],[-94.7145,48.6469],[-94.7495,48.6667],[-94.7884,48.6756],[-94.8134,48.6944],[-94.8245,48.7231],[-94.85,48.7333],[-94.89,48.7249],[-94.9192,48.7238],[-94.9376,48.7298],[-94.9526,48.752],[-94.9642,48.7904],[-95.0,48.821],[-95.06,48.8439],[-95.0947,48.861],[-95.1042,48.8722],[-95.0892,48.8874]],[[-93.4295,49.0293],[-93.4165,49.0433],[-93.365,49.0604],[-93.275,49.0805],[-93.225,49.1268],[-93.215,49.199],[-93.175,49.2406],[-93.105,49.2517],[-93.06,49.2646],[-93.04,49.2793],[-93.01,49.2724],[-92.97,49.2437],[-92.93,49.2354],[-92.89,49.2472],[-92.8604,49.2641],[-92.8411,49.286],[-92.8499,49.31],[-92.8867,49.336],[-92.9055,49.3556],[-92.9062,49.3686],[-92.8574,49.4184],[-92.7591,49.5047],[-92.7,49.5477],[-92.68,49.5474],[-92.6662,49.54],[-92.6586,49.5255],[-92.6598,49.5052],[-92.6698,49.4792],[-92.6912,49.4597],[-92.7239,49.4467],[-92.7416,49.437],[-92.7442,49.4305],[-92.7367,49.4235],[-92.7189,49.4162],[-92.7,49.4218],[-92.68,49.4403],[-92.615,49.4784],[-92.505,49.5361],[-92.36,49.5745],[-92.18,49.5937],[-92.08,49.5987],[-92.06,49.5895],[-92.052,49.5747],[-92.0559,49.5543],[-92.0715,49.5409],[-92.0987,49.5344],[-92.1144,49.5182],[-92.1183,49.4922],[-92.137,49.4565],[-92.1706,49.4109],[-92.2083,49.3849],[-92.25,49.3784],[-92.2357,49.3437],[-92.1652,49.2807],[-92.11,49.2501],[-92.07,49.2518],[-92.037,49.2441],[-92.011,49.2271],[-91.9967,49.2088],[-91.9941,49.1892],[-92.0123,49.1631],[-92.0514,49.1303],[-92.0693,49.1042],[-92.0661,49.0845],[-92.0759,49.0697],[-92.0986,49.0599],[-92.123,49.0566],[-92.1491,49.0599],[-92.1791,49.0832],[-92.213,49.1263],[-92.245,49.1418],[-92.275,49.1296],[-92.305,49.1353],[-92.335,49.1588],[-92.38,49.167],[-92.44,49.1601],[-92.4787,49.1623],[-92.4961,49.1737],[-92.4989,49.1957],[-92.4872,49.2284],[-92.4885,49.2532],[-92.5028,49.2701],[-92.53,49.286],[-92.57,49.3009],[-92.61,49.3068],[-92.65,49.3037],[-92.66,49.2931],[-92.64,49.275],[-92.6227,49.2476],[-92.608,49.2108],[-92.6112,49.1794],[-92.6321,49.1532],[-92.668,49.1238],[-92.7187,49.0911],[-92.7402,49.0419],[-92.7325,48.9763],[-92.7213,48.9336],[-92.7068,48.9139],[-92.7022,48.8975],[-92.7076,48.8843],[-92.7202,48.8743],[-92.7401,48.8674],[-92.7785,48.8674],[-92.8354,48.8743],[-92.8662,48.8745],[-92.8707,48.8679],[-92.8496,48.8547],[-92.8028,48.835],[-92.7871,48.8157],[-92.8024,48.7969],[-92.8245,48.7936],[-92.8536,48.8058],[-92.8736,48.8223],[-92.8845,48.8431],[-92.9308,48.8464],[-93.0125,48.8322],[-93.0475,48.8185],[-93.0358,48.8051],[-92.98,48.7935],[-92.88,48.7834],[-92.8205,48.7703],[-92.8016,48.7541],[-92.7966,48.7401],[-92.8055,48.7281],[-92.85,48.7262],[-92.93,48.7341],[-93.035,48.7518],[-93.165,48.7792],[-93.2357,48.7977],[-93.2471,48.8072],[-93.244,48.8284],[-93.2264,48.8613],[-93.2342,48.8876],[-93.2674,48.9074],[-93.2732,48.9271],[-93.2516,48.9468],[-93.2418,48.9632],[-93.2438,48.9763],[-93.281,48.9842],[-93.3537,48.9867],[-93.4015,48.9966],[-93.4245,49.0137],[-93.4295,49.0293]],[[-93.8562,48.4981],[-93.8231,48.5048],[-93.7927,48.5213],[-93.7651,48.5478],[-93.7641,48.5809],[-93.7897,48.6206],[-93.7994,48.6481],[-93.7931,48.6634],[-93.735,48.6657],[-93.625,48.6549],[-93.5607,48.6373],[-93.542,48.613],[-93.537,48.5959],[-93.5457,48.5863],[-93.57,48.577],[-93.61,48.5678],[-93.65,48.5491],[-93.69,48.5207],[-93.735,48.5],[-93.785,48.4869],[-93.8257,48.4839],[-93.8571,48.4912],[-93.8562,48.4981]],[[-93.5454,48.7117],[-93.4951,48.7485],[-93.46,48.7692],[-93.44,48.774],[-93.4209,48.7721],[-93.4026,48.7635],[-93.3926,48.7458],[-93.3909,48.7189],[-93.415,48.7065],[-93.465,48.7089],[-93.505,48.6984],[-93.535,48.6753],[-93.5551,48.6711],[-93.5654,48.6859],[-93.5454,48.7117]],[[-93.4367,48.6075],[-93.4189,48.621],[-93.403,48.6243],[-93.3891,48.6174],[-93.3891,48.6063],[-93.403,48.591],[-93.4189,48.5877],[-93.4367,48.5964],[-93.4367,48.6075]],[[-94.9039,48.5291],[-94.8946,48.5446],[-94.875,48.5536],[-94.845,48.5559],[-94.8163,48.5448],[-94.7888,48.5203],[-94.776,48.4981],[-94.7777,48.4783],[-94.7914,48.4663],[-94.8171,48.4622],[-94.8496,48.4755],[-94.8889,48.506],[-94.9039,48.5291]],[[-94.8839,48.6307],[-94.8613,48.6376],[-94.8373,48.6277],[-94.8119,48.6009],[-94.8119,48.5888],[-94.8373,48.5912],[-94.8613,48.6012],[-94.8839,48.6185],[-94.8839,48.6307]],[[-95.0683,48.8838],[-95.0428,48.8958],[-95.0191,48.8958],[-94.9973,48.8838],[-94.9923,48.8734],[-95.0041,48.8646],[-95.025,48.8611],[-95.055,48.8629],[-95.0728,48.8673],[-95.0783,48.8743],[-95.0683,48.8838]],[[-94.9343,48.8447],[-94.8914,48.8839],[-94.865,48.9146],[-94.855,48.9369],[-94.835,48.9521],[-94.805,48.9603],[-94.7825,48.9624],[-94.7674,48.9586],[-94.7524,48.9444],[-94.7375,48.92],[-94.717,48.9036],[-94.6911,48.8951],[-94.6761,48.8783],[-94.672,48.8531],[-94.6417,48.8333],[-94.585,48.8191],[-94.5673,48.7922],[-94.5886,48.7526],[-94.5919,48.7204],[-94.5773,48.6955],[-94.5533,48.6823],[-94.5198,48.6808],[-94.4976,48.6701],[-94.4865,48.6503],[-94.4961,48.6272],[-94.5262,48.6008],[-94.5425,48.5743],[-94.5451,48.5478],[-94.5615,48.5246],[-94.5918,48.5048],[-94.615,48.4948],[-94.6312,48.4948],[-94.6663,48.5114],[-94.7203,48.5445],[-94.724,48.571],[-94.6775,48.5908],[-94.6707,48.6206],[-94.7039,48.6602],[-94.7399,48.6834],[-94.7788,48.69],[-94.8012,48.709],[-94.8071,48.7406],[-94.84,48.7508],[-94.9,48.7397],[-94.9364,48.7569],[-94.9493,48.8024],[-94.9343,48.8447]],[[-94.3875,49.3724],[-94.3625,49.3928],[-94.3356,49.3961],[-94.3067,49.3821],[-94.3017,49.3674],[-94.3206,49.3519],[-94.3475,49.3486],[-94.3825,49.3576],[-94.3875,49.3724]],[[-94.8028,49.1336],[-94.7807,49.1467],[-94.7705,49.1663],[-94.7723,49.1925],[-94.7674,49.2102],[-94.7558,49.2196],[-94.7364,49.2228],[-94.7091,49.22],[-94.6891,49.2038],[-94.6764,49.1743],[-94.6613,49.1612],[-94.6439,49.1646],[-94.632,49.2023],[-94.6257,49.2741],[-94.6144,49.3163],[-94.5981,49.3289],[-94.54,49.3181],[-94.44,49.2839],[-94.35,49.2769],[-94.27,49.2972],[-94.22,49.299],[-94.2,49.2825],[-94.17,49.2761],[-94.13,49.2798],[-94.1,49.2922],[-94.08,49.3134],[-94.0417,49.3303],[-93.9851,49.3428],[-93.9677,49.3654],[-93.9896,49.3979],[-93.9957,49.4239],[-93.986,49.4435],[-93.9734,49.456],[-93.9578,49.4617],[-93.9388,49.4617],[-93.9163,49.456],[-93.8863,49.435],[-93.8488,49.3985],[-93.805,49.3836],[-93.755,49.3903],[-93.7281,49.3857],[-93.7244,49.37],[-93.7344,49.3575],[-93.7581,49.3482],[-93.785,49.3473],[-93.815,49.3547],[-93.8373,49.3561],[-93.8518,49.3514],[-93.8634,49.3393],[-93.872,49.3198],[-93.8648,49.3002],[-93.8419,49.2806],[-93.8353,49.267],[-93.8451,49.2593],[-93.87,49.2587],[-93.91,49.2653],[-93.94,49.2642],[-93.96,49.2554],[-93.9851,49.2396],[-94.0152,49.2169],[-94.0302,49.1933],[-94.0301,49.1688],[-93.9835,49.1623],[-93.8904,49.1737],[-93.8311,49.1925],[-93.8058,49.2186],[-93.7938,49.2447],[-93.7954,49.2708],[-93.7646,49.2941],[-93.7015,49.3145],[-93.63,49.3085],[-93.55,49.2761],[-93.485,49.2578],[-93.435,49.2535],[-93.38,49.2661],[-93.32,49.2953],[-93.2818,49.2969],[-93.2653,49.2708],[-93.2579,49.248],[-93.2597,49.2284],[-93.2729,49.2109],[-93.2976,49.1955],[-93.34,49.1884],[-93.4,49.1895],[-93.4338,49.1874],[-93.4415,49.1821],[-93.4362,49.1729],[-93.4179,49.1598],[-93.444,49.1313],[-93.5147,49.0873],[-93.565,49.0635],[-93.595,49.0597],[-93.625,49.0726],[-93.655,49.1021],[-93.7,49.1132],[-93.76,49.1061],[-93.8096,49.0955],[-93.8489,49.0816],[-93.8628,49.0681],[-93.8514,49.055],[-93.8517,49.0433],[-93.8639,49.033],[-93.8776,49.033],[-93.8927,49.0433],[-93.8929,49.055],[-93.8782,49.0681],[-93.8856,49.0779],[-93.9152,49.0843],[-93.945,49.0824],[-93.975,49.0722],[-94.001,49.0526],[-94.0229,49.0236],[-94.0257,48.9993],[-94.0094,48.9796],[-93.9984,48.9531],[-93.9928,48.9198],[-93.985,48.9017],[-93.975,48.8989],[-93.96,48.9005],[-93.94,48.9066],[-93.91,48.9269],[-93.87,48.9616],[-93.82,48.9777],[-93.76,48.9754],[-93.705,48.9851],[-93.655,49.0069],[-93.623,49.0124],[-93.609,49.0015],[-93.6012,48.9796],[-93.5998,48.9468],[-93.6168,48.919],[-93.6523,48.8964],[-93.6749,48.8767],[-93.6846,48.8599],[-93.6686,48.8449],[-93.6269,48.8317],[-93.6071,48.8155],[-93.609,48.7962],[-93.62,48.7825],[-93.64,48.7741],[-93.67,48.7737],[-93.71,48.7812],[-93.755,48.7604],[-93.805,48.7112],[-93.84,48.6901],[-93.86,48.6969],[-93.88,48.7121],[-93.9,48.7356],[-93.9474,48.7536],[-94.0223,48.7661],[-94.0627,48.7823],[-94.0687,48.8021],[-94.0524,48.8185],[-94.0137,48.8317],[-93.9953,48.8482],[-93.9971,48.8679],[-94.026,48.8829],[-94.082,48.8931],[-94.1264,48.8931],[-94.1592,48.8829],[-94.1783,48.8909],[-94.1837,48.9172],[-94.1973,48.9419],[-94.2191,48.9649],[-94.25,48.9742],[-94.29,48.9697],[-94.32,48.939],[-94.34,48.8821],[-94.36,48.8534],[-94.38,48.853],[-94.41,48.8643],[-94.45,48.8874],[-94.4715,48.9068],[-94.4744,48.9225],[-94.4644,48.9381],[-94.4415,48.9536],[-94.445,48.9629],[-94.475,48.9661],[-94.5033,48.9747],[-94.53,48.9889],[-94.5431,49.0091],[-94.5429,49.0354],[-94.55,49.0583],[-94.5645,49.078],[-94.5713,49.0924],[-94.5704,49.1017],[-94.555,49.0992],[-94.525,49.0849],[-94.4945,49.0803],[-94.4635,49.0853],[-94.4459,49.0943],[-94.4417,49.1074],[-94.4522,49.123],[-94.4774,49.141],[-94.515,49.14],[-94.565,49.12],[-94.61,49.1143],[-94.65,49.1228],[-94.6778,49.1205],[-94.6933,49.1074],[-94.6978,49.0943],[-94.6912,49.0812],[-94.6663,49.0616],[-94.6229,49.0354],[-94.6002,49.0157],[-94.5982,49.0026],[-94.6054,48.9937],[-94.6218,48.9891],[-94.66,48.9885],[-94.72,48.9921],[-94.76,48.9981],[-94.78,49.0065],[-94.7947,49.0169],[-94.8042,49.0292],[-94.8003,49.0452],[-94.7831,49.0649],[-94.7843,49.0878],[-94.804,49.114],[-94.8028,49.1336]],[[-93.2362,49.3468],[-93.2187,49.3682],[-93.2,49.3797],[-93.18,49.3813],[-93.1662,49.3738],[-93.1587,49.3573],[-93.1587,49.3433],[-93.1662,49.3317],[-93.18,49.3227],[-93.2,49.3165],[-93.2187,49.319],[-93.2362,49.3304],[-93.2362,49.3468]],[[-93.0915,49.3552],[-93.0638,49.3673],[-93.0413,49.3706],[-93.0238,49.3649],[-93.0123,49.3556],[-93.0068,49.3426],[-93.0155,49.3289],[-93.0385,49.3144],[-93.0612,49.3112],[-93.0835,49.3191],[-93.0973,49.3295],[-93.1026,49.3426],[-93.0915,49.3552]],[[-92.978,49.3066],[-92.9593,49.3261],[-92.935,49.3297],[-92.905,49.3175],[-92.887,49.3045],[-92.8809,49.2908],[-92.8859,49.2767],[-92.902,49.2624],[-92.92,49.254],[-92.94,49.2516],[-92.9593,49.262],[-92.978,49.2853],[-92.978,49.3066]],[[-93.0343,48.8154],[-93.0314,48.8222],[-93.0,48.8299],[-92.94,48.8385],[-92.8976,48.8285],[-92.8727,48.7999],[-92.9042,48.7922],[-92.9919,48.8054],[-93.0343,48.8154]],[[-94.6726,49.1051],[-94.6575,49.1136],[-94.6389,49.1136],[-94.6168,49.1051],[-94.5942,49.0878],[-94.5712,49.0616],[-94.5622,49.0415],[-94.5674,49.0275],[-94.5946,49.0341],[-94.6439,49.0612],[-94.6714,49.0812],[-94.6772,49.0943],[-94.6726,49.1051]],[[-94.5298,49.1191],[-94.5033,49.1293],[-94.4821,49.126],[-94.4662,49.1093],[-94.4712,49.0978],[-94.4971,49.0917],[-94.5183,49.095],[-94.5348,49.1077],[-94.5298,49.1191]],[[-94.0023,49.1994],[-93.9541,49.2394],[-93.9055,49.2525],[-93.8566,49.2386],[-93.8337,49.2219],[-93.8369,49.2023],[-93.845,49.1892],[-93.8581,49.1827],[-93.901,49.1768],[-93.9737,49.1716],[-94.0141,49.1716],[-94.0223,49.1768],[-94.0023,49.1994]]]}},{"type":"Feature","properties":{"c":"#00ff00","v0":0.002,"v1":0.003},"geometry":{"type":"Polygon","coordinates":[[[-98.6597,49.5478],[-98.6266,49.5809],[-98.5986,49.5971],[-98.5759,49.5964],[-98.5641,49.5766],[-98.5633,49.5377],[-98.5797,49.5138],[-98.6132,49.5051],[-98.6416,49.5084],[-98.6647,49.5236],[-98.6597,49.5478]]]}},{"type":"Feature","properties":{"c":"#00ff00","v0":0.002,"v1":0.003},"geometry":{"type":"Polygon","coordinates":[[[-67.9323,49.5026],[-67.9174,49.5234],[-67.885,49.5405],[-67.835,49.5537],[-67.8096,49.5563],[-67.8087,49.5482],[-67.8199,49.5377],[-67.843,49.5247],[-67.8579,49.5052],[-67.8646,49.4792],[-67.8784,49.4653],[-67.8995,49.4636],[-67.9174,49.4701],[-67.9323,49.4848],[-67.9323,49.5026]],[[-67.9191,49.5007],[-67.8997,49.5176],[-67.8818,49.5176],[-67.8654,49.5007],[-67.8654,49.486],[-67.8818,49.4737],[-67.8997,49.4737],[-67.9191,49.486],[-67.9191,49.5007]]]}},{"type":"Feature","properties":{"c":"#00ff00","v0":0.002,"v1":0.003},"geometry":{"type":"Polygon","coordinates":[[[-94.7173,49.5455],[-94.6458,49.5482],[-94.6022,49.5417],[-94.5865,49.526],[-94.5915,49.5112],[-94.6172,49.4972],[-94.65,49.492],[-94.69,49.4957],[-94.7172,49.4994],[-94.7316,49.5033],[-94.7423,49.5149],[-94.7495,49.5344],[-94.7173,49.5455]],[[-94.6843,49.5223],[-94.6348,49.5304],[-94.6061,49.5304],[-94.5983,49.5223],[-94.6083,49.5136],[-94.6361,49.5043],[-94.6648,49.5043],[-94.6943,49.5136],[-94.6843,49.5223]]]}},{"type":"Feature","properties":{"c":"#00ff00","v0":0.002,"v1":0.003},"geometry":{"type":"Polygon","coordinates":[[[-96.5515,49.5005],[-96.5372,49.5172],[-96.515,49.5267],[-96.485,49.5292],[-96.48,49.5118],[-96.5,49.4745],[-96.5196,49.4585],[-96.5389,49.4636],[-96.5511,49.4727],[-96.5561,49.4857],[-96.5515,49.5005]],[[-96.5354,49.4878],[-96.5185,49.5049],[-96.5092,49.5016],[-96.5075,49.478],[-96.5159,49.4695],[-96.5345,49.476],[-96.5354,49.4878]]]}},{"type":"Feature","properties":{"c":"#00ff00","v0":0.002,"v1":0.003},"geometry":{"type":"Polygon","coordinates":[[[-95.2462,49.5312],[-95.2274,49.5312],[-95.221,49.5277],[-95.227,49.5209],[-95.2364,49.5209],[-95.2492,49.5277],[-95.2462,49.5312]]]}},{"type":"Feature","properties":{"c":"#00ff00","v0":0.002,"v1":0.003},"geometry":{"type":"Polygon","coordinates":[[[-94.8188,49.4581],[-94.8129,49.4679],[-94.7994,49.4679],[-94.7782,49.4581],[-94.7812,49.4532],[-94.8082,49.4532],[-94.8188,49.4581]]]}},{"type":"Feature","properties":{"c":"#00ff00","v0":0.002,"v1":0.003},"geometry":{"type":"Polygon","coordinates":[[[-124.0595,49.3686],[-124.0265,49.4075],[-123.985,49.4343],[-123.935,49.4488],[-123.9083,49.4424],[-123.905,49.4149],[-123.9202,49.3816],[-123.9541,49.3426],[-123.9857,49.3205],[-124.0152,49.3154],[-124.0415,49.322],[-124.0645,49.34],[-124.0595,49.3686]],[[-124.0499,49.3686],[-124.016,49.4077],[-123.9868,49.432],[-123.9623,49.4416],[-123.9405,49.4449],[-123.9216,49.4418],[-123.9123,49.4305],[-123.9125,49.4109],[-123.93,49.3816],[-123.9648,49.3426],[-123.9941,49.3219],[-124.018,49.3196],[-124.0392,49.3262],[-124.0576,49.3414],[-124.0499,49.3686]]]}},{"type":"Feature","properties":{"c":"#00ff00","v0":0.002,"v1":0.003},"geometry":{"type":"Polygon","coordinates":[[[-96.7779,49.456],[-96.7593,49.4616],[-96.7457,49.4584],[-96.7371,49.4463],[-96.7421,49.4374],[-96.7607,49.4318],[-96.7743,49.4351],[-96.7829,49.4472],[-96.7779,49.456]],[[-96.7673,49.4537],[-96.7558,49.4547],[-96.7492,49.4515],[-96.7477,49.444],[-96.7527,49.4397],[-96.7642,49.4387],[-96.7708,49.4419],[-96.7723,49.4495],[-96.7673,49.4537]]]}},{"type":"Feature","properties":{"c":"#00ff00","v0":0.002,"v1":0.003},"geometry":{"type":"Polygon","coordinates":[[[-94.7432,49.4186],[-94.7344,49.4273],[-94.715,49.4338],[-94.685,49.4379],[-94.6615,49.4335],[-94.6444,49.4206],[-94.6404,49.4077],[-94.6494,49.3947],[-94.6629,49.3857],[-94.681,49.3807],[-94.6996,49.3807],[-94.7187,49.3857],[-94.7331,49.3947],[-94.7427,49.4077],[-94.7432,49.4186]],[[-94.7182,49.4186],[-94.6994,49.4274],[-94.6801,49.4274],[-94.6603,49.4186],[-94.6603,49.4072],[-94.6801,49.3933],[-94.6994,49.3933],[-94.7182,49.4072],[-94.7182,49.4186]]]}},{"type":"Feature","properties":{"c":"#00ff00","v0":0.002,"v1":0.003},"geometry":{"type":"Polygon","coordinates":[[[-92.605,49.4191],[-92.595,49.4289],[-92.5864,49.4289],[-92.5791,49.4191],[-92.5842,49.4142],[-92.6014,49.4142],[-92.605,49.4191]]]}},{"type":"Feature","properties":{"c":"#00ff00","v0":0.002,"v1":0.003},"geometry":{"type":"Polygon","coordinates":[[[-94.9703,49.3039],[-94.9568,49.3179],[-94.932,49.3244],[-94.8961,49.3235],[-94.8784,49.3328],[-94.879,49.3523],[-94.867,49.3681],[-94.8423,49.38],[-94.82,49.3861],[-94.8,49.3864],[-94.7771,49.3772],[-94.7514,49.3584],[-94.7514,49.3327],[-94.7771,49.3001],[-94.795,49.2821],[-94.805,49.279],[-94.8211,49.2823],[-94.8434,49.292],[-94.8556,49.2871],[-94.8577,49.2676],[-94.8666,49.2539],[-94.8822,49.2461],[-94.905,49.2451],[-94.935,49.2508],[-94.9568,49.2644],[-94.9703,49.2861],[-94.9703,49.3039]],[[-94.961,49.3008],[-94.9537,49.3086],[-94.935,49.3109],[-94.905,49.3078],[-94.8864,49.2941],[-94.8792,49.2699],[-94.8892,49.2565],[-94.9164,49.254],[-94.9387,49.2638],[-94.956,49.2859],[-94.961,49.3008]],[[-94.8599,49.3556],[-94.8435,49.3686],[-94.824,49.3743],[-94.8013,49.3725],[-94.7839,49.3627],[-94.7716,49.3449],[-94.7716,49.3267],[-94.7839,49.3081],[-94.8,49.2998],[-94.82,49.3019],[-94.8395,49.3145],[-94.8585,49.3376],[-94.8599,49.3556]]]}},{"type":"Feature","properties":{"c":"#00ff00","v0":0.002,"v1":0.003},"geometry":{"type":"Polygon","coordinates":[[[-91.9953,49.3716],[-91.9784,49.3904],[-91.955,49.3962],[-91.925,49.389],[-91.9032,49.3763],[-91.8897,49.3582],[-91.8897,49.3376],[-91.9032,49.3146],[-91.92,49.3026],[-91.94,49.3015],[-91.9634,49.3163],[-91.9903,49.3468],[-91.9953,49.3716]],[[-91.9871,49.3684],[-91.9757,49.381],[-91.96,49.387],[-91.94,49.3863],[-91.9216,49.38],[-91.9047,49.3681],[-91.8971,49.3523],[-91.8987,49.3328],[-91.9121,49.3205],[-91.9374,49.3153],[-91.9607,49.3251],[-91.9821,49.3498],[-91.9871,49.3684]]]}},{"type":"Feature","properties":{"c":"#00ff00","v0":0.002,"v1":0.003},"geometry":{"type":"Polygon","coordinates":[[[-65.8177,49.3026],[-65.7992,49.3139],[-65.7721,49.3204],[-65.7364,49.3221],[-65.7264,49.3146],[-65.7421,49.2979],[-65.7692,49.2914],[-65.8077,49.2951],[-65.8177,49.3026]]]}},{"type":"Feature","properties":{"c":"#00ff00","v0":0.002,"v1":0.003},"geometry":{"type":"Polygon","coordinates":[[[-96.4334,49.2694],[-96.4045,49.2927],[-96.375,49.3043],[-96.345,49.3043],[-96.3226,49.2959],[-96.3078,49.2792],[-96.3017,49.2578],[-96.3043,49.2317],[-96.3117,49.215],[-96.3239,49.2078],[-96.34,49.2056],[-96.36,49.2084],[-96.3895,49.2218],[-96.4284,49.2458],[-96.4334,49.2694]],[[-96.4259,49.2676],[-96.4023,49.2871],[-96.3804,49.2986],[-96.3601,49.3019],[-96.3413,49.2987],[-96.324,49.2888],[-96.3142,49.2708],[-96.3119,49.2447],[-96.3205,49.2269],[-96.3402,49.2174],[-96.3719,49.2239],[-96.4157,49.2465],[-96.4259,49.2676]]]}},{"type":"Feature","properties":{"c":"#00ff00","v0":0.002,"v1":0.003},"geometry":{"type":"Polygon","coordinates":[[[-97.1837,49.2643],[-97.1778,49.2774],[-97.1636,49.2861],[-97.1412,49.2904],[-97.116,49.2839],[-97.0881,49.2665],[-97.0731,49.2467],[-97.071,49.2245],[-97.085,49.2125],[-97.115,49.2107],[-97.1442,49.2218],[-97.1725,49.2458],[-97.1837,49.2643]],[[-97.1758,49.2627],[-97.1719,49.2726],[-97.16,49.2796],[-97.14,49.2839],[-97.1182,49.279],[-97.0945,49.2648],[-97.0807,49.2513],[-97.0767,49.2382],[-97.0885,49.2275],[-97.1162,49.2191],[-97.1419,49.2256],[-97.1658,49.2471],[-97.1758,49.2627]]]}},{"type":"Feature","properties":{"c":"#00ff00","v0":0.002,"v1":0.003},"geometry":{"type":"Polygon","coordinates":[[[-96.9488,49.2368],[-96.9363,49.247],[-96.922,49.2437],[-96.906,49.227],[-96.906,49.2161],[-96.922,49.2112],[-96.9363,49.2145],[-96.9488,49.2259],[-96.9488,49.2368]]]}},{"type":"Feature","properties":{"c":"#00ff00","v0":0.002,"v1":0.003},"geometry":{"type":"Polygon","coordinates":[[[-95.2786,48.9796],[-95.2672,48.9993],[-95.2646,49.0255],[-95.2706,49.0583],[-95.2567,49.0976],[-95.223,49.1434],[-95.1821,49.1732],[-95.134,49.1868],[-95.0944,49.2064],[-95.0633,49.232],[-95.0313,49.2447],[-94.9985,49.2447],[-94.9761,49.2382],[-94.9643,49.2251],[-94.9613,49.2103],[-94.9671,49.1937],[-94.9957,49.1774],[-95.0472,49.1613],[-95.09,49.1402],[-95.1243,49.114],[-95.1386,49.0857],[-95.1329,49.0554],[-95.1125,49.0259],[-95.0774,48.9972],[-95.0943,48.9599],[-95.1633,48.9139],[-95.1942,48.8778],[-95.1869,48.8514],[-95.1899,48.836],[-95.2033,48.8316],[-95.2201,48.8349],[-95.2403,48.8459],[-95.252,48.858],[-95.2551,48.8712],[-95.2483,48.8843],[-95.2316,48.8975],[-95.2385,48.9205],[-95.269,48.9533],[-95.2786,48.9796]],[[-95.2359,48.8683],[-95.2186,48.8758],[-95.2048,48.8725],[-95.1945,48.8585],[-95.1945,48.8488],[-95.2048,48.8435],[-95.2186,48.8468],[-95.2359,48.8587],[-95.2359,48.8683]],[[-95.2663,48.9796],[-95.2537,48.9993],[-95.2512,49.0255],[-95.2588,49.0583],[-95.2458,49.0976],[-95.2124,49.1434],[-95.1742,49.1698],[-95.1314,49.1769],[-95.09,49.196],[-95.05,49.2273],[-95.02,49.2421],[-95.0,49.2404],[-94.9859,49.2278],[-94.9776,49.2042],[-95.0026,49.1841],[-95.0609,49.1673],[-95.1062,49.1444],[-95.1387,49.1154],[-95.1508,49.0845],[-95.1424,49.0518],[-95.1224,49.0255],[-95.0906,49.0059],[-95.0769,48.9894],[-95.0813,48.9763],[-95.1002,48.9647],[-95.1334,48.9545],[-95.16,48.9392],[-95.18,48.9187],[-95.2,48.9115],[-95.22,48.9177],[-95.2406,48.9331],[-95.2619,48.9575],[-95.2663,48.9796]]]}},{"type":"Feature","properties":{"c":"#00ff00","v0":0.002,"v1":0.003},"geometry":{"type":"Polygon","coordinates":[[[-93.5074,49.2219],[-93.4958,49.2285],[-93.486,49.2253],[-93.4781,49.2121],[-93.4827,49.2055],[-93.4996,49.2055],[-93.5093,49.2088],[-93.5119,49.2153],[-93.5074,49.2219]]]}},{"type":"Feature","properties":{"c":"#00ff00","v0":0.002,"v1":0.003},"geometry":{"type":"Polygon","coordinates":[[[-67.6397,49.2019],[-67.6199,49.2207],[-67.595,49.2279],[-67.565,49.2234],[-67.5435,49.2107],[-67.5306,49.1898],[-67.5126,49.1729],[-67.4894,49.1598],[-67.4785,49.1434],[-67.48,49.1238],[-67.488,49.1102],[-67.5027,49.1027],[-67.52,49.1001],[-67.54,49.1024],[-67.5749,49.1258],[-67.6247,49.1703],[-67.6397,49.2019]],[[-67.6363,49.201],[-67.6188,49.218],[-67.5964,49.2245],[-67.5692,49.2206],[-67.5492,49.2077],[-67.5364,49.1858],[-67.519,49.1694],[-67.497,49.1586],[-67.4871,49.1434],[-67.4893,49.1238],[-67.5053,49.1128],[-67.5351,49.1103],[-67.5738,49.1299],[-67.6213,49.1716],[-67.6363,49.201]]]}},{"type":"Feature","properties":{"c":"#00ff00","v0":0.002,"v1":0.003},"geometry":{"type":"Polygon","coordinates":[[[-97.9953,49.1968],[-97.9918,49.2054],[-97.985,49.209],[-97.975,49.2074],[-97.9768,49.203],[-97.9903,49.196],[-97.9953,49.1968]]]}},{"type":"Feature","properties":{"c":"#00ff00","v0":0.002,"v1":0.003},"geometry":{"type":"Polygon","coordinates":[[[-96.1046,49.1866],[-96.0815,49.201],[-96.0594,49.2043],[-96.0383,49.1964],[-96.0383,49.1824],[-96.0594,49.1621],[-96.08,49.1544],[-96.1,49.159],[-96.1115,49.1658],[-96.1146,49.1749],[-96.1046,49.1866]],[[-96.0864,49.1827],[-96.0609,49.1892],[-96.0536,49.1852],[-96.0645,49.1707],[-96.0773,49.1674],[-96.0919,49.1754],[-96.0864,49.1827]]]}},{"type":"Feature","properties":{"c":"#00ff00","v0":0.002,"v1":0.003},"geometry":{"type":"Polygon","coordinates":[[[-98.4367,49.148],[-98.4189,49.1638],[-98.38,49.178],[-98.32,49.1907],[-98.2798,49.1926],[-98.2595,49.1838],[-98.2413,49.1663],[-98.2253,49.1402],[-98.2254,49.1211],[-98.2418,49.109],[-98.285,49.1029],[-98.355,49.1027],[-98.4039,49.112],[-98.4317,49.1308],[-98.4367,49.148]],[[-98.4191,49.1482],[-98.3997,49.1643],[-98.365,49.1756],[-98.315,49.1821],[-98.2796,49.1806],[-98.2589,49.1711],[-98.2441,49.1565],[-98.2354,49.1369],[-98.2408,49.1224],[-98.2603,49.1131],[-98.295,49.1082],[-98.345,49.1077],[-98.3847,49.1156],[-98.4141,49.132],[-98.4191,49.1482]]]}},{"type":"Feature","properties":{"c":"#00ff00","v0":0.002,"v1":0.003},"geometry":{"type":"Polygon","coordinates":[[[-94.2865,49.1743],[-94.2622,49.1902],[-94.2291,49.1902],[-94.1872,49.1743],[-94.1505,49.1467],[-94.1188,49.1074],[-94.1147,49.0771],[-94.1382,49.0558],[-94.157,49.0459],[-94.1711,49.0476],[-94.188,49.0583],[-94.2076,49.078],[-94.2208,49.1009],[-94.2275,49.1271],[-94.2478,49.1467],[-94.2817,49.1598],[-94.2865,49.1743]],[[-94.2711,49.1711],[-94.2437,49.1806],[-94.215,49.1779],[-94.185,49.1629],[-94.1563,49.1385],[-94.1289,49.1047],[-94.1239,49.0793],[-94.1413,49.0624],[-94.165,49.0636],[-94.195,49.0829],[-94.2118,49.1045],[-94.2155,49.1283],[-94.2342,49.1467],[-94.2679,49.1598],[-94.2711,49.1711]]]}},{"type":"Feature","properties":{"c":"#00ff00","v0":0.002,"v1":0.003},"geometry":{"type":"Polygon","coordinates":[[[-95.0512,49.055],[-95.0426,49.0681],[-95.0313,49.0759],[-95.0171,49.0782],[-95.0014,49.0717],[-94.9842,49.0562],[-94.9842,49.0429],[-95.0014,49.0318],[-95.0214,49.0318],[-95.0441,49.0429],[-95.0512,49.055]],[[-95.0327,49.0537],[-95.0176,49.0643],[-95.0046,49.0643],[-94.9938,49.0537],[-94.9938,49.045],[-95.0046,49.0381],[-95.0176,49.0381],[-95.0327,49.045],[-95.0327,49.0537]]]}},{"type":"Feature","properties":{"c":"#00ff00","v0":0.002,"v1":0.003},"geometry":{"type":"Polygon","coordinates":[[[-67.719,49.0571],[-67.6997,49.0742],[-67.6814,49.0808],[-67.6641,49.0767],[-67.6513,49.0681],[-67.6428,49.055],[-67.6515,49.0407],[-67.6772,49.025],[-67.6997,49.025],[-67.719,49.0407],[-67.719,49.0571]],[[-67.7123,49.0553],[-67.6974,49.0688],[-67.6797,49.0688],[-67.6592,49.0553],[-67.6592,49.0427],[-67.6797,49.0312],[-67.6974,49.0312],[-67.7123,49.0427],[-67.7123,49.0553]]]}},{"type":"Feature","properties":{"c":"#00ff00","v0":0.002,"v1":0.003},"geometry":{"type":"Polygon","coordinates":[[[-94.3896,49.0393],[-94.3632,49.0472],[-94.3436,49.0439],[-94.3309,49.0295],[-94.3409,49.0214],[-94.3736,49.0198],[-94.3932,49.0231],[-94.3996,49.0313],[-94.3896,49.0393]]]}},{"type":"Feature","properties":{"c":"#00ff00","v0":0.002,"v1":0.003},"geometry":{"type":"Polygon","coordinates":[[[-98.4332,48.9763],[-98.4283,48.9894],[-98.4119,49.0035],[-98.384,49.0183],[-98.36,49.0255],[-98.34,49.0249],[-98.3201,49.0174],[-98.3004,49.0032],[-98.2922,48.9894],[-98.2956,48.9763],[-98.3155,48.9566],[-98.3518,48.9304],[-98.381,48.9205],[-98.4031,48.9271],[-98.4195,48.9402],[-98.4303,48.9599],[-98.4332,48.9763]],[[-98.4239,48.9763],[-98.4194,48.9894],[-98.4053,49.0016],[-98.3818,49.0128],[-98.36,49.0181],[-98.34,49.0175],[-98.3223,49.0119],[-98.3069,49.0013],[-98.3169,48.9801],[-98.3523,48.9482],[-98.38,48.9345],[-98.4,48.939],[-98.4141,48.9484],[-98.4222,48.9626],[-98.4239,48.9763]]]}},{"type":"Feature","properties":{"c":"#00ff00","v0":0.002,"v1":0.003},"geometry":{"type":"Polygon","coordinates":[[[-100.2562,49.0008],[-100.2521,49.0102],[-100.2391,49.0135],[-100.2173,49.0106],[-100.2123,49.0035],[-100.2241,48.9922],[-100.2371,48.989],[-100.2512,48.9937],[-100.2562,49.0008]]]}},{"type":"Feature","properties":{"c":"#00ff00","v0":0.002,"v1":0.003},"geometry":{"type":"Polygon","coordinates":[[[-92.2652,48.9554],[-92.2551,48.9791],[-92.235,48.9902],[-92.205,48.9886],[-92.175,48.9953],[-92.145,49.0103],[-92.115,49.0172],[-92.085,49.0159],[-92.0595,49.0072],[-92.0386,48.991],[-92.0334,48.9665],[-92.0438,48.9336],[-92.0592,48.9138],[-92.0797,48.9068],[-92.115,48.9016],[-92.165,48.8982],[-92.2101,48.9082],[-92.2502,48.9317],[-92.2652,48.9554]],[[-92.2458,48.9626],[-92.2353,48.9746],[-92.22,48.9793],[-92.2,48.9766],[-92.175,48.9825],[-92.145,48.997],[-92.115,49.0039],[-92.085,49.003],[-92.0629,48.9977],[-92.0487,48.9878],[-92.0451,48.9698],[-92.0521,48.9435],[-92.0643,48.9254],[-92.0814,48.9156],[-92.115,48.9105],[-92.165,48.9101],[-92.2053,48.9216],[-92.2358,48.9449],[-92.2458,48.9626]]]}},{"type":"Feature","properties":{"c":"#00ff00","v0":0.002,"v1":0.003},"geometry":{"type":"Polygon","coordinates":[[[-96.8065,48.9889],[-96.7955,49.0008],[-96.7791,49.0041],[-96.7572,48.9987],[-96.7522,48.988],[-96.7641,48.972],[-96.7805,48.9687],[-96.8015,48.9782],[-96.8065,48.9889]],[[-96.7889,48.9864],[-96.7763,48.9934],[-96.7678,48.9934],[-96.7633,48.9864],[-96.7696,48.9829],[-96.7866,48.9829],[-96.7889,48.9864]]]}},{"type":"Feature","properties":{"c":"#00ff00","v0":0.002,"v1":0.003},"geometry":{"type":"Polygon","coordinates":[[[-92.5206,48.959],[-92.4335,48.9899],[-92.3652,48.9866],[-92.3155,48.9491],[-92.3155,48.9222],[-92.3652,48.906],[-92.43,48.9046],[-92.51,48.918],[-92.5535,48.9294],[-92.5606,48.9388],[-92.5206,48.959]],[[-92.4965,48.9545],[-92.4388,48.9765],[-92.4038,48.9863],[-92.3915,48.984],[-92.377,48.9698],[-92.3603,48.9435],[-92.3615,48.9246],[-92.3805,48.9132],[-92.415,48.9109],[-92.465,48.9178],[-92.4988,48.9268],[-92.5165,48.9379],[-92.4965,48.9545]]]}},{"type":"Feature","properties":{"c":"#00ff00","v0":0.002,"v1":0.003},"geometry":{"type":"Polygon","coordinates":[[[-67.7768,48.9671],[-67.7589,48.988],[-67.72,48.9969],[-67.66,48.9938],[-67.6223,48.9866],[-67.6069,48.9754],[-67.5978,48.9533],[-67.5951,48.9205],[-67.6028,48.8985],[-67.6209,48.8874],[-67.645,48.883],[-67.675,48.8852],[-67.695,48.8921],[-67.705,48.9038],[-67.725,48.9134],[-67.755,48.9209],[-67.7739,48.9327],[-67.7818,48.9486],[-67.7768,48.9671]],[[-67.7719,48.9648],[-67.7573,48.9812],[-67.72,48.9886],[-67.66,48.9871],[-67.6233,48.979],[-67.6098,48.9641],[-67.6026,48.9435],[-67.6018,48.9172],[-67.6185,48.8997],[-67.6528,48.8909],[-67.68,48.8953],[-67.7,48.9128],[-67.7243,48.9238],[-67.7528,48.9282],[-67.7701,48.9369],[-67.7762,48.9501],[-67.7719,48.9648]]]}},{"type":"Feature","properties":{"c":"#00ff00","v0":0.002,"v1":0.003},"geometry":{"type":"Polygon","coordinates":[[[-98.2032,48.9617],[-98.1811,48.9717],[-98.1631,48.9717],[-98.1493,48.9617],[-98.1493,48.9531],[-98.1631,48.9461],[-98.1811,48.9461],[-98.2032,48.9531],[-98.2032,48.9617]]]}},{"type":"Feature","properties":{"c":"#00ff00","v0":0.002,"v1":0.003},"geometry":{"type":"Polygon","coordinates":[[[-67.9285,48.9698],[-67.9076,48.9698],[-67.9003,48.9663],[-67.9068,48.9595],[-67.9172,48.9595],[-67.9317,48.9663],[-67.9285,48.9698]]]}},{"type":"Feature","properties":{"c":"#00ff00","v0":0.002,"v1":0.003},"geometry":{"type":"Polygon","coordinates":[[[-96.2432,48.9496],[-96.2211,48.9618],[-96.2033,48.9651],[-96.1898,48.9595],[-96.1898,48.9478],[-96.2033,48.9301],[-96.22,48.9228],[-96.24,48.9259],[-96.2511,48.9315],[-96.2532,48.9395],[-96.2432,48.9496]]]}},{"type":"Feature","properties":{"c":"#00ff00","v0":0.002,"v1":0.003},"geometry":{"type":"Polygon","coordinates":[[[-93.4791,48.9266],[-93.4597,48.9454],[-93.43,48.9562],[-93.39,48.9591],[-93.3613,48.9563],[-93.344,48.9478],[-93.3371,48.9336],[-93.3406,48.9139],[-93.3543,48.8981],[-93.3781,48.8863],[-93.405,48.8815],[-93.435,48.8837],[-93.4597,48.8929],[-93.4791,48.9091],[-93.4791,48.9266]],[[-93.4775,48.923],[-93.4725,48.9347],[-93.46,48.9431],[-93.44,48.9482],[-93.415,48.95],[-93.385,48.9485],[-93.3644,48.9401],[-93.3532,48.9248],[-93.3632,48.9091],[-93.3944,48.8929],[-93.4275,48.8929],[-93.4625,48.9091],[-93.4775,48.923]]]}},{"type":"Feature","properties":{"c":"#00ff00","v0":0.002,"v1":0.003},"geometry":{"type":"Polygon","coordinates":[[[-67.0324,48.9211],[-67.0308,48.9288],[-67.0199,48.9321],[-66.9996,48.9309],[-66.9946,48.9253],[-67.0049,48.9153],[-67.0158,48.9121],[-67.0274,48.9155],[-67.0324,48.9211]]]}},{"type":"Feature","properties":{"c":"#00ff00","v0":0.002,"v1":0.003},"geometry":{"type":"Polygon","coordinates":[[[-98.5382,48.6898],[-98.5194,48.7092],[-98.485,48.719],[-98.435,48.7193],[-98.4025,48.7228],[-98.3874,48.7295],[-98.3872,48.746],[-98.402,48.7724],[-98.3945,48.802],[-98.3648,48.8347],[-98.315,48.8526],[-98.245,48.8556],[-98.185,48.8736],[-98.135,48.9067],[-98.0961,48.9185],[-98.0684,48.9089],[-98.0634,48.8895],[-98.0811,48.8604],[-98.125,48.8432],[-98.195,48.8379],[-98.2481,48.8229],[-98.2844,48.798],[-98.2939,48.779],[-98.2767,48.7658],[-98.2754,48.7427],[-98.2901,48.7098],[-98.2939,48.6867],[-98.2868,48.6735],[-98.2749,48.6602],[-98.2583,48.6468],[-98.235,48.6429],[-98.205,48.6485],[-98.1721,48.6485],[-98.1364,48.6431],[-98.1142,48.6305],[-98.1056,48.6107],[-98.1434,48.5871],[-98.2278,48.5597],[-98.2728,48.5563],[-98.2783,48.5771],[-98.2983,48.6028],[-98.3328,48.6334],[-98.39,48.6487],[-98.47,48.6487],[-98.5194,48.6565],[-98.5382,48.6722],[-98.5382,48.6898]],[[-98.1649,48.8655],[-98.1416,48.8937],[-98.1148,48.9068],[-98.0843,48.905],[-98.0743,48.8917],[-98.0848,48.8669],[-98.1116,48.8537],[-98.1549,48.8522],[-98.1649,48.8655]],[[-98.2496,48.6074],[-98.2232,48.6207],[-98.1997,48.624],[-98.179,48.6173],[-98.174,48.6054],[-98.1847,48.5884],[-98.2,48.5759],[-98.22,48.568],[-98.2382,48.5732],[-98.2546,48.5916],[-98.2496,48.6074]],[[-98.5201,48.6988],[-98.5,48.71],[-98.4758,48.71],[-98.4473,48.6988],[-98.4473,48.6861],[-98.4758,48.6718],[-98.5,48.6718],[-98.5201,48.6861],[-98.5201,48.6988]],[[-98.3813,48.8001],[-98.3604,48.8291],[-98.335,48.8456],[-98.305,48.8496],[-98.2825,48.8483],[-98.2674,48.8416],[-98.2824,48.8197],[-98.3275,48.7825],[-98.3604,48.7693],[-98.3813,48.7802],[-98.3813,48.8001]],[[-98.3411,48.7387],[-98.3337,48.7504],[-98.3199,48.7537],[-98.2996,48.7486],[-98.2996,48.7377],[-98.3199,48.7211],[-98.3337,48.7178],[-98.3411,48.7279],[-98.3411,48.7387]]]}},{"type":"Feature","properties":{"c":"#00ff00","v0":0.002,"v1":0.003},"geometry":{"type":"Polygon","coordinates":[[[-97.0852,48.6521],[-97.0484,48.7019],[-97.0017,48.7382],[-96.945,48.761],[-96.905,48.7997],[-96.8817,48.8543],[-96.8359,48.8905],[-96.7676,48.9083],[-96.7393,48.8975],[-96.7509,48.858],[-96.741,48.8317],[-96.7095,48.8185],[-96.698,48.7988],[-96.7064,48.7724],[-96.6995,48.746],[-96.6771,48.7197],[-96.6751,48.6933],[-96.6935,48.6668],[-96.7195,48.6459],[-96.7532,48.6305],[-96.7766,48.6073],[-96.7899,48.5765],[-96.8124,48.5478],[-96.8441,48.5213],[-96.8774,48.5077],[-96.9125,48.507],[-96.96,48.5141],[-97.02,48.529],[-97.0571,48.5426],[-97.0713,48.5549],[-97.0747,48.5677],[-97.0673,48.5809],[-97.0736,48.5974],[-97.0936,48.6173],[-97.0852,48.6521]],[[-97.0716,48.6532],[-97.0305,48.7053],[-96.9892,48.735],[-96.9476,48.7424],[-96.9076,48.7562],[-96.8692,48.7764],[-96.8179,48.7896],[-96.7537,48.7957],[-96.7337,48.787],[-96.7579,48.7636],[-96.7962,48.7504],[-96.8487,48.7475],[-96.8687,48.739],[-96.8562,48.7248],[-96.835,48.7247],[-96.805,48.7387],[-96.785,48.7419],[-96.775,48.7341],[-96.755,48.7324],[-96.725,48.7369],[-96.7017,48.7343],[-96.685,48.7245],[-96.685,48.7064],[-96.7017,48.6799],[-96.725,48.6605],[-96.755,48.6482],[-96.785,48.6271],[-96.815,48.5971],[-96.8481,48.59],[-96.8842,48.606],[-96.9029,48.6272],[-96.9039,48.6536],[-96.9109,48.6716],[-96.9236,48.6811],[-96.95,48.6789],[-96.99,48.665],[-97.015,48.6446],[-97.025,48.6176],[-97.04,48.6042],[-97.06,48.6042],[-97.0755,48.6099],[-97.0866,48.6215],[-97.0716,48.6532]],[[-96.8567,48.8703],[-96.8389,48.8817],[-96.8207,48.8817],[-96.802,48.8703],[-96.807,48.8582],[-96.8357,48.8455],[-96.8539,48.8455],[-96.8617,48.8582],[-96.8567,48.8703]],[[-97.0442,48.5666],[-97.0214,48.5777],[-97.0,48.5746],[-96.98,48.5575],[-96.945,48.5514],[-96.895,48.5564],[-96.8684,48.5561],[-96.8651,48.5506],[-96.8751,48.5404],[-96.8984,48.5255],[-96.925,48.5254],[-96.955,48.5401],[-96.985,48.546],[-97.015,48.543],[-97.0364,48.5464],[-97.0492,48.5562],[-97.0442,48.5666]],[[-97.0014,48.6371],[-96.9871,48.6569],[-96.9674,48.6679],[-96.9425,48.6699],[-96.9295,48.6567],[-96.9284,48.6282],[-96.9174,48.6041],[-96.8965,48.5842],[-96.902,48.5721],[-96.934,48.5678],[-96.9647,48.5811],[-96.994,48.6118],[-97.0014,48.6371]]]}},{"type":"Feature","properties":{"c":"#00ff00","v0":0.002,"v1":0.003},"geometry":{"type":"Polygon","coordinates":[[[-70.397,48.8975],[-70.379,48.9108],[-70.3615,48.9141],[-70.3446,48.9074],[-70.347,48.8942],[-70.3688,48.8745],[-70.3863,48.8712],[-70.3994,48.8843],[-70.397,48.8975]]]}},{"type":"Feature","properties":{"c":"#00ff00","v0":0.002,"v1":0.003},"geometry":{"type":"Polygon","coordinates":[[[-92.6655,48.8967],[-92.6418,48.9082],[-92.615,48.9137],[-92.585,48.9131],[-92.559,48.904],[-92.5369,48.8865],[-92.5319,48.873],[-92.544,48.8634],[-92.565,48.8571],[-92.595,48.8541],[-92.6268,48.8622],[-92.6605,48.8813],[-92.6655,48.8967]],[[-92.6466,48.8945],[-92.6222,48.9018],[-92.5932,48.8985],[-92.5597,48.8847],[-92.5597,48.8735],[-92.5932,48.865],[-92.6222,48.8683],[-92.6466,48.8834],[-92.6466,48.8945]]]}},{"type":"Feature","properties":{"c":"#00ff00","v0":0.002,"v1":0.003},"geometry":{"type":"Polygon","coordinates":[[[-121.8469,48.8813],[-121.8223,48.8882],[-121.8049,48.8849],[-121.7948,48.8714],[-121.7998,48.8607],[-121.8199,48.853],[-121.8373,48.8563],[-121.8519,48.8706],[-121.8469,48.8813]],[[-121.8371,48.8792],[-121.819,48.8821],[-121.8079,48.8789],[-121.8036,48.8694],[-121.8086,48.8626],[-121.8229,48.8587],[-121.834,48.862],[-121.8421,48.8725],[-121.8371,48.8792]]]}},{"type":"Feature","properties":{"c":"#00ff00","v0":0.002,"v1":0.003},"geometry":{"type":"Polygon","coordinates":[[[-71.8677,48.8728],[-71.8426,48.889],[-71.82,48.894],[-71.8,48.8875],[-71.7848,48.8761],[-71.7744,48.8597],[-71.7744,48.8468],[-71.7848,48.8375],[-71.8,48.8323],[-71.82,48.831],[-71.8426,48.8389],[-71.8677,48.856],[-71.8677,48.8728]],[[-71.8608,48.8712],[-71.8403,48.8844],[-71.8206,48.8877],[-71.8019,48.8811],[-71.7896,48.8712],[-71.7835,48.858],[-71.7929,48.8476],[-71.8176,48.8398],[-71.8403,48.8431],[-71.8608,48.8574],[-71.8608,48.8712]]]}},{"type":"Feature","properties":{"c":"#00ff00","v0":0.002,"v1":0.003},"geometry":{"type":"Polygon","coordinates":[[[-69.647,48.88],[-69.6357,48.8845],[-69.61,48.8763],[-69.57,48.8553],[-69.555,48.8426],[-69.565,48.8384],[-69.5907,48.8466],[-69.632,48.8674],[-69.647,48.88]]]}},{"type":"Feature","properties":{"c":"#00ff00","v0":0.002,"v1":0.003},"geometry":{"type":"Polygon","coordinates":[[[-67.1739,48.8584],[-67.158,48.8723],[-67.1454,48.869],[-67.1362,48.8485],[-67.1412,48.8373],[-67.1604,48.8354],[-67.173,48.8386],[-67.1789,48.8472],[-67.1739,48.8584]]]}},{"type":"Feature","properties":{"c":"#00ff00","v0":0.002,"v1":0.003},"geometry":{"type":"Polygon","coordinates":[[[-66.8316,48.8493],[-66.8039,48.8713],[-66.7776,48.8812],[-66.7527,48.8789],[-66.7394,48.8712],[-66.7377,48.858],[-66.7451,48.845],[-66.7617,48.832],[-66.7889,48.8287],[-66.8266,48.8351],[-66.8316,48.8493]],[[-66.8141,48.8567],[-66.798,48.8671],[-66.78,48.8704],[-66.7599,48.8665],[-66.7549,48.8574],[-66.765,48.8431],[-66.78,48.8357],[-66.8,48.835],[-66.813,48.8389],[-66.8191,48.8473],[-66.8141,48.8567]]]}},{"type":"Feature","properties":{"c":"#00ff00","v0":0.002,"v1":0.003},"geometry":{"type":"Polygon","coordinates":[[[-97.7715,48.8328],[-97.7572,48.8482],[-97.7394,48.8515],[-97.7181,48.8427],[-97.7148,48.8317],[-97.7297,48.8185],[-97.7476,48.8152],[-97.7683,48.8218],[-97.7715,48.8328]]]}},{"type":"Feature","properties":{"c":"#00ff00","v0":0.002,"v1":0.003},"geometry":{"type":"Polygon","coordinates":[[[-70.9986,48.8317],[-70.9814,48.8449],[-70.9641,48.8482],[-70.9466,48.8416],[-70.9459,48.8326],[-70.962,48.8212],[-70.9793,48.8179],[-70.9978,48.8227],[-70.9986,48.8317]]]}},{"type":"Feature","properties":{"c":"#00ff00","v0":0.002,"v1":0.003},"geometry":{"type":"Polygon","coordinates":[[[-94.8021,48.8291],[-94.794,48.837],[-94.7848,48.837],[-94.7743,48.8291],[-94.7743,48.8209],[-94.7848,48.8126],[-94.794,48.8126],[-94.8021,48.8209],[-94.8021,48.8291]]]}},{"type":"Feature","properties":{"c":"#00ff00","v0":0.002,"v1":0.003},"geometry":{"type":"Polygon","coordinates":[[[-93.7303,48.8284],[-93.7119,48.835],[-93.7096,48.8295],[-93.7232,48.8119],[-93.7324,48.8086],[-93.7371,48.8196],[-93.7303,48.8284]]]}},{"type":"Feature","properties":{"c":"#00ff00","v0":0.002,"v1":0.003},"geometry":{"type":"Polygon","coordinates":[[[-67.3223,48.7923],[-67.3141,48.8058],[-67.29,48.819],[-67.2499,48.8318],[-67.2285,48.8317],[-67.2257,48.8185],[-67.2357,48.8014],[-67.2586,48.7803],[-67.28,48.7671],[-67.3,48.7619],[-67.3141,48.7658],[-67.3223,48.779],[-67.3223,48.7923]],[[-67.3092,48.7922],[-67.2992,48.8054],[-67.2816,48.8152],[-67.2564,48.8218],[-67.2503,48.8136],[-67.2634,48.7906],[-67.281,48.7807],[-67.3031,48.784],[-67.3092,48.7922]]]}},{"type":"Feature","properties":{"c":"#00ff00","v0":0.002,"v1":0.003},"geometry":{"type":"Polygon","coordinates":[[[-92.436,48.7493],[-92.4309,48.7823],[-92.3888,48.8064],[-92.3096,48.8217],[-92.2661,48.8085],[-92.2584,48.7669],[-92.2654,48.7394],[-92.2872,48.7263],[-92.3094,48.7032],[-92.332,48.6701],[-92.355,48.6543],[-92.3783,48.6557],[-92.4021,48.6755],[-92.4264,48.7137],[-92.436,48.7493]],[[-92.4216,48.756],[-92.4139,48.7759],[-92.38,48.7882],[-92.32,48.7927],[-92.2883,48.7828],[-92.2849,48.7583],[-92.2999,48.7313],[-92.3333,48.7017],[-92.365,48.6939],[-92.395,48.7079],[-92.4139,48.7227],[-92.4216,48.7383],[-92.4216,48.756]]]}},{"type":"Feature","properties":{"c":"#00ff00","v0":0.002,"v1":0.003},"geometry":{"type":"Polygon","coordinates":[[[-77.8244,48.8173],[-77.8148,48.828],[-77.8003,48.828],[-77.781,48.8173],[-77.776,48.8069],[-77.7853,48.7968],[-77.7998,48.7968],[-77.8194,48.8069],[-77.8244,48.8173]]]}},{"type":"Feature","properties":{"c":"#00ff00","v0":0.002,"v1":0.003},"geometry":{"type":"Polygon","coordinates":[[[-67.698,48.7526],[-67.6794,48.7658],[-67.6351,48.7783],[-67.565,48.79],[-67.515,48.8052],[-67.485,48.824],[-67.465,48.8324],[-67.455,48.8306],[-67.4641,48.7791],[-67.4924,48.6779],[-67.5031,48.6206],[-67.496,48.6074],[-67.4724,48.5908],[-67.432,48.571],[-67.4413,48.5546],[-67.5004,48.5416],[-67.5178,48.5184],[-67.4933,48.485],[-67.4883,48.4588],[-67.5028,48.4399],[-67.5408,48.4465],[-67.6023,48.4787],[-67.6357,48.518],[-67.6409,48.5644],[-67.631,48.6074],[-67.6059,48.647],[-67.6075,48.6717],[-67.6358,48.6814],[-67.6643,48.7012],[-67.693,48.7311],[-67.698,48.7526]],[[-67.4791,48.5743],[-67.4605,48.5743],[-67.451,48.571],[-67.4507,48.5644],[-67.4601,48.5644],[-67.479,48.571],[-67.4791,48.5743]],[[-67.6198,48.5164],[-67.6133,48.5329],[-67.605,48.5417],[-67.595,48.5429],[-67.5724,48.5313],[-67.5373,48.507],[-67.5173,48.4875],[-67.5124,48.4728],[-67.515,48.4626],[-67.525,48.4568],[-67.5533,48.4674],[-67.5998,48.4945],[-67.6198,48.5164]],[[-67.6671,48.7568],[-67.6157,48.7782],[-67.5816,48.788],[-67.5647,48.7864],[-67.5447,48.7772],[-67.5216,48.7604],[-67.511,48.7307],[-67.5129,48.6881],[-67.5229,48.6476],[-67.541,48.6091],[-67.5562,48.5926],[-67.5687,48.598],[-67.5744,48.6206],[-67.5731,48.6602],[-67.5871,48.6834],[-67.6163,48.69],[-67.6463,48.7065],[-67.6773,48.7329],[-67.6671,48.7568]]]}},{"type":"Feature","properties":{"c":"#00ff00","v0":0.002,"v1":0.003},"geometry":{"type":"Polygon","coordinates":[[[-67.0224,48.8165],[-67.0008,48.8257],[-66.974,48.8257],[-66.9419,48.8165],[-66.9419,48.8042],[-66.974,48.7886],[-67.0008,48.7886],[-67.0224,48.8042],[-67.0224,48.8165]],[[-67.0131,48.8148],[-66.9977,48.8205],[-66.9804,48.8205],[-66.9612,48.8148],[-66.9612,48.8059],[-66.9804,48.7938],[-66.9977,48.7938],[-67.0131,48.8059],[-67.0131,48.8148]]]}},{"type":"Feature","properties":{"c":"#00ff00","v0":0.002,"v1":0.003},"geometry":{"type":"Polygon","coordinates":[[[-95.7287,48.7625],[-95.7162,48.7955],[-95.705,48.8123],[-95.695,48.8132],[-95.6822,48.8066],[-95.6667,48.7926],[-95.6646,48.7724],[-95.6758,48.746],[-95.6886,48.7297],[-95.7029,48.7234],[-95.7162,48.7267],[-95.7287,48.7396],[-95.7287,48.7625]]]}},{"type":"Feature","properties":{"c":"#00ff00","v0":0.002,"v1":0.003},"geometry":{"type":"Polygon","coordinates":[[[-69.6434,48.7889],[-69.6254,48.7955],[-69.6143,48.7922],[-69.61,48.779],[-69.6134,48.7703],[-69.6245,48.766],[-69.6356,48.7693],[-69.6468,48.7802],[-69.6434,48.7889]]]}},{"type":"Feature","properties":{"c":"#00ff00","v0":0.002,"v1":0.003},"geometry":{"type":"Polygon","coordinates":[[[-66.8879,48.7493],[-66.8861,48.7559],[-66.8764,48.7599],[-66.8588,48.7613],[-66.8414,48.7547],[-66.8241,48.7401],[-66.8241,48.7294],[-66.8414,48.7225],[-66.8597,48.7258],[-66.8791,48.7393],[-66.8879,48.7493]]]}},{"type":"Feature","properties":{"c":"#00ff00","v0":0.002,"v1":0.003},"geometry":{"type":"Polygon","coordinates":[[[-77.964,48.5135],[-77.9413,48.5244],[-77.915,48.5277],[-77.885,48.5237],[-77.8664,48.5249],[-77.8591,48.5313],[-77.8638,48.5544],[-77.8804,48.5941],[-77.8839,48.6338],[-77.8743,48.6735],[-77.874,48.7032],[-77.8829,48.723],[-77.858,48.7388],[-77.7993,48.7507],[-77.735,48.752],[-77.665,48.7428],[-77.5984,48.7204],[-77.5352,48.6847],[-77.5204,48.6602],[-77.5541,48.647],[-77.5663,48.6272],[-77.5568,48.6008],[-77.5419,48.5809],[-77.5213,48.5677],[-77.5158,48.5435],[-77.5253,48.5085],[-77.5422,48.482],[-77.5667,48.464],[-77.6217,48.4447],[-77.7072,48.4239],[-77.79,48.4168],[-77.87,48.4236],[-77.9263,48.4472],[-77.959,48.4878],[-77.964,48.5135]],[[-77.8401,48.6635],[-77.8164,48.6834],[-77.8009,48.7054],[-77.7936,48.7295],[-77.775,48.7363],[-77.745,48.7256],[-77.7015,48.7201],[-77.6444,48.7198],[-77.6064,48.7065],[-77.5874,48.6801],[-77.5942,48.6569],[-77.6267,48.6371],[-77.6339,48.614],[-77.6159,48.5875],[-77.595,48.5677],[-77.5714,48.5544],[-77.5605,48.5412],[-77.5626,48.528],[-77.6032,48.5081],[-77.6825,48.4816],[-77.7391,48.4689],[-77.773,48.47],[-77.8017,48.4799],[-77.825,48.4987],[-77.8359,48.5246],[-77.8343,48.5577],[-77.8127,48.5866],[-77.7709,48.6113],[-77.74,48.6216],[-77.72,48.6176],[-77.7024,48.6185],[-77.6872,48.6243],[-77.6922,48.6323],[-77.7174,48.6424],[-77.75,48.6407],[-77.79,48.627],[-77.8205,48.6285],[-77.8415,48.6453],[-77.8401,48.6635]]]}},{"type":"Feature","properties":{"c":"#00ff00","v0":0.002,"v1":0.003},"geometry":{"type":"Polygon","coordinates":[[[-67.3125,48.7488],[-67.2975,48.7542],[-67.285,48.7467],[-67.275,48.7261],[-67.28,48.7183],[-67.3,48.723],[-67.3125,48.7306],[-67.3175,48.7409],[-67.3125,48.7488]]]}},{"type":"Feature","properties":{"c":"#00ff00","v0":0.002,"v1":0.003},"geometry":{"type":"Polygon","coordinates":[[[-71.0815,48.7131],[-71.0782,48.7263],[-71.0699,48.7329],[-71.0566,48.7329],[-71.05,48.723],[-71.05,48.7031],[-71.055,48.6916],[-71.065,48.6885],[-71.0733,48.6918],[-71.0798,48.7016],[-71.0815,48.7131]]]}},{"type":"Feature","properties":{"c":"#00ff00","v0":0.002,"v1":0.003},"geometry":{"type":"Polygon","coordinates":[[[-66.9611,48.7329],[-66.9381,48.7329],[-66.9324,48.7283],[-66.9441,48.7193],[-66.9557,48.7193],[-66.967,48.7283],[-66.9611,48.7329]]]}},{"type":"Feature","properties":{"c":"#00ff00","v0":0.002,"v1":0.003},"geometry":{"type":"Polygon","coordinates":[[[-97.954,48.6875],[-97.938,48.7025],[-97.9221,48.7058],[-97.9062,48.6974],[-97.9062,48.6862],[-97.9221,48.6721],[-97.938,48.6688],[-97.954,48.6763],[-97.954,48.6875]],[[-97.9368,48.6933],[-97.9234,48.6933],[-97.9174,48.69],[-97.9189,48.6834],[-97.9256,48.6834],[-97.9375,48.69],[-97.9368,48.6933]]]}},{"type":"Feature","properties":{"c":"#00ff00","v0":0.002,"v1":0.003},"geometry":{"type":"Polygon","coordinates":[[[-68.5145,48.6882],[-68.4715,48.7045],[-68.4383,48.6979],[-68.415,48.6684],[-68.42,48.6578],[-68.4533,48.6662],[-68.485,48.6693],[-68.515,48.6672],[-68.5315,48.6696],[-68.5345,48.6766],[-68.5145,48.6882]]]}},{"type":"Feature","properties":{"c":"#00ff00","v0":0.002,"v1":0.003},"geometry":{"type":"Polygon","coordinates":[[[-93.3506,48.6954],[-93.3235,48.6996],[-93.2977,48.6963],[-93.2732,48.6855],[-93.2572,48.6735],[-93.2496,48.6602],[-93.2518,48.6503],[-93.2639,48.6435],[-93.285,48.6433],[-93.315,48.6497],[-93.3385,48.663],[-93.3556,48.6832],[-93.3506,48.6954]],[[-93.3355,48.6824],[-93.3185,48.6871],[-93.299,48.6805],[-93.2769,48.6626],[-93.2743,48.6536],[-93.2911,48.6536],[-93.3106,48.6602],[-93.3329,48.6735],[-93.3355,48.6824]]]}},{"type":"Feature","properties":{"c":"#00ff00","v0":0.002,"v1":0.003},"geometry":{"type":"Polygon","coordinates":[[[-67.2079,48.686],[-67.1826,48.6978],[-67.1533,48.6978],[-67.1198,48.686],[-67.0968,48.6701],[-67.0842,48.6503],[-67.0859,48.6358],[-67.102,48.6265],[-67.13,48.622],[-67.17,48.6222],[-67.1976,48.6367],[-67.2129,48.6656],[-67.2079,48.686]],[[-67.19,48.6602],[-67.1872,48.6735],[-67.1769,48.6817],[-67.159,48.6851],[-67.1385,48.6818],[-67.1155,48.6718],[-67.1028,48.6602],[-67.1005,48.647],[-67.117,48.6378],[-67.1523,48.6326],[-67.1754,48.6359],[-67.1861,48.6477],[-67.19,48.6602]]]}},{"type":"Feature","properties":{"c":"#00ff00","v0":0.002,"v1":0.003},"geometry":{"type":"Polygon","coordinates":[[[-94.2508,48.6398],[-94.1969,48.6649],[-94.1565,48.6748],[-94.1294,48.6695],[-94.1182,48.6602],[-94.1228,48.647],[-94.1413,48.6318],[-94.1738,48.6145],[-94.205,48.6054],[-94.235,48.6047],[-94.2569,48.61],[-94.2708,48.6215],[-94.2508,48.6398]],[[-94.2402,48.6376],[-94.1934,48.6585],[-94.1599,48.6684],[-94.1397,48.6674],[-94.1297,48.6628],[-94.1299,48.6546],[-94.1458,48.6414],[-94.1773,48.6231],[-94.2023,48.6125],[-94.2208,48.6095],[-94.2384,48.6128],[-94.2552,48.6224],[-94.2402,48.6376]]]}},{"type":"Feature","properties":{"c":"#00ff00","v0":0.002,"v1":0.003},"geometry":{"type":"Polygon","coordinates":[[[-99.5209,48.6668],[-99.4936,48.6668],[-99.4875,48.6614],[-99.5025,48.6505],[-99.5161,48.6505],[-99.5284,48.6614],[-99.5209,48.6668]]]}},{"type":"Feature","properties":{"c":"#00ff00","v0":0.002,"v1":0.003},"geometry":{"type":"Polygon","coordinates":[[[-94.0594,48.6386],[-94.0398,48.6613],[-94.02,48.6737],[-94.0,48.6757],[-93.9816,48.6709],[-93.9648,48.6594],[-93.9584,48.647],[-93.9624,48.6338],[-93.9758,48.6217],[-93.9986,48.6107],[-94.0248,48.6107],[-94.0544,48.6217],[-94.0594,48.6386]],[[-94.0435,48.6473],[-94.0212,48.6611],[-94.001,48.6644],[-93.9831,48.6572],[-93.9831,48.6436],[-94.001,48.6236],[-94.02,48.6162],[-94.04,48.6212],[-94.0512,48.6279],[-94.0535,48.6362],[-94.0435,48.6473]]]}},{"type":"Feature","properties":{"c":"#00ff00","v0":0.002,"v1":0.003},"geometry":{"type":"Polygon","coordinates":[[[-89.1596,48.5875],[-89.145,48.614],[-89.1158,48.6297],[-89.0719,48.6347],[-89.0423,48.6314],[-89.0269,48.6198],[-89.0198,48.6041],[-89.021,48.5842],[-89.0287,48.5694],[-89.0429,48.5597],[-89.065,48.5531],[-89.095,48.5497],[-89.1242,48.5545],[-89.1527,48.5677],[-89.1596,48.5875]],[[-89.1389,48.5935],[-89.133,48.6055],[-89.12,48.6138],[-89.1,48.6182],[-89.0765,48.6156],[-89.0495,48.6057],[-89.0445,48.5917],[-89.0615,48.5735],[-89.08,48.5638],[-89.1,48.5627],[-89.118,48.5685],[-89.1339,48.5812],[-89.1389,48.5935]]]}},{"type":"Feature","properties":{"c":"#00ff00","v0":0.002,"v1":0.003},"geometry":{"type":"Polygon","coordinates":[[[-70.2009,48.6073],[-70.1803,48.6204],[-70.1569,48.6237],[-70.1308,48.6172],[-70.1358,48.5999],[-70.1719,48.5717],[-70.1953,48.5684],[-70.2059,48.59],[-70.2009,48.6073]]]}},{"type":"Feature","properties":{"c":"#00ff00","v0":0.002,"v1":0.003},"geometry":{"type":"Polygon","coordinates":[[[-67.0105,48.6193],[-66.9835,48.6299],[-66.961,48.6266],[-66.9431,48.6094],[-66.9481,48.597],[-66.976,48.5895],[-66.9985,48.5928],[-67.0155,48.6069],[-67.0105,48.6193]],[[-67.0065,48.6175],[-66.9955,48.6245],[-66.9796,48.6245],[-66.9587,48.6175],[-66.9587,48.6088],[-66.9796,48.5983],[-66.9955,48.5983],[-67.0065,48.6088],[-67.0065,48.6175]]]}},{"type":"Feature","properties":{"c":"#00ff00","v0":0.002,"v1":0.003},"geometry":{"type":"Polygon","coordinates":[[[-94.5224,48.4948],[-94.4897,48.5213],[-94.4675,48.5488],[-94.4558,48.5771],[-94.44,48.5958],[-94.42,48.6049],[-94.395,48.6058],[-94.365,48.5985],[-94.3187,48.5732],[-94.256,48.5298],[-94.2272,48.4981],[-94.2322,48.4783],[-94.2435,48.4652],[-94.2612,48.4589],[-94.295,48.4636],[-94.345,48.4793],[-94.395,48.4797],[-94.445,48.4647],[-94.4872,48.4633],[-94.5215,48.4755],[-94.5224,48.4948]],[[-94.5081,48.4915],[-94.4777,48.5114],[-94.4554,48.5379],[-94.4411,48.571],[-94.428,48.5902],[-94.416,48.5957],[-94.395,48.5953],[-94.365,48.5891],[-94.3211,48.5632],[-94.2633,48.5176],[-94.2433,48.4865],[-94.2611,48.4699],[-94.295,48.4705],[-94.345,48.4882],[-94.395,48.489],[-94.445,48.4728],[-94.4833,48.4689],[-94.51,48.4774],[-94.5081,48.4915]]]}},{"type":"Feature","properties":{"c":"#00ff00","v0":0.002,"v1":0.003},"geometry":{"type":"Polygon","coordinates":[[[-96.0159,48.504],[-95.9986,48.5225],[-95.9765,48.5291],[-95.9494,48.5239],[-95.9344,48.4906],[-95.9315,48.429],[-95.9421,48.3991],[-95.9662,48.401],[-95.98,48.4152],[-95.9836,48.4418],[-95.9952,48.465],[-96.0148,48.4849],[-96.0159,48.504]],[[-95.9979,48.5017],[-95.9793,48.5155],[-95.9624,48.5122],[-95.9473,48.4918],[-95.9473,48.4776],[-95.9624,48.4697],[-95.9793,48.473],[-95.9979,48.4875],[-95.9979,48.5017]],[[-95.9665,48.4319],[-95.9555,48.4387],[-95.95,48.4333],[-95.95,48.4158],[-95.9555,48.4124],[-95.9665,48.4232],[-95.9665,48.4319]]]}},{"type":"Feature","properties":{"c":"#00ff00","v0":0.002,"v1":0.003},"geometry":{"type":"Polygon","coordinates":[[[-94.197,48.5276],[-94.179,48.5402],[-94.1581,48.5402],[-94.1343,48.5276],[-94.1293,48.5135],[-94.1431,48.4979],[-94.164,48.4979],[-94.192,48.5135],[-94.197,48.5276]],[[-94.1857,48.5256],[-94.1752,48.5342],[-94.1617,48.5342],[-94.1452,48.5256],[-94.1452,48.5172],[-94.1617,48.5088],[-94.1752,48.5088],[-94.1857,48.5172],[-94.1857,48.5256]]]}},{"type":"Feature","properties":{"c":"#00ff00","v0":0.002,"v1":0.003},"geometry":{"type":"Polygon","coordinates":[[[-95.5966,48.4906],[-95.5655,48.5086],[-95.54,48.519],[-95.52,48.5218],[-95.5038,48.5194],[-95.4914,48.5119],[-95.5014,48.4984],[-95.5338,48.479],[-95.5655,48.4724],[-95.5966,48.4785],[-95.5966,48.4906]],[[-95.5773,48.4862],[-95.5724,48.4954],[-95.5624,48.4988],[-95.5473,48.4961],[-95.5497,48.4915],[-95.5698,48.4849],[-95.5773,48.4862]]]}},{"type":"Feature","properties":{"c":"#00ff00","v0":0.002,"v1":0.003},"geometry":{"type":"Polygon","coordinates":[[[-98.1283,48.5005],[-98.1161,48.5117],[-98.1008,48.515],[-98.0824,48.5104],[-98.0824,48.5016],[-98.1008,48.4886],[-98.1161,48.4853],[-98.1283,48.4917],[-98.1283,48.5005]]]}},{"type":"Feature","properties":{"c":"#00ff00","v0":0.002,"v1":0.003},"geometry":{"type":"Polygon","coordinates":[[[-96.8151,48.4992],[-96.7984,48.5081],[-96.783,48.5081],[-96.7691,48.4992],[-96.7691,48.4809],[-96.783,48.4529],[-96.796,48.4397],[-96.808,48.4411],[-96.8164,48.455],[-96.8211,48.4816],[-96.8151,48.4992]]]}},{"type":"Feature","properties":{"c":"#00ff00","v0":0.002,"v1":0.003},"geometry":{"type":"Polygon","coordinates":[[[-95.7584,48.4619],[-95.7128,48.4755],[-95.6761,48.4788],[-95.6482,48.4718],[-95.6338,48.465],[-95.6329,48.4584],[-95.6469,48.4464],[-95.6756,48.4292],[-95.7037,48.4226],[-95.731,48.4265],[-95.7538,48.4351],[-95.772,48.4484],[-95.7584,48.4619]],[[-95.7237,48.448],[-95.7012,48.4606],[-95.6816,48.4639],[-95.6648,48.458],[-95.6648,48.4489],[-95.6816,48.4367],[-95.7012,48.4334],[-95.7237,48.439],[-95.7237,48.448]]]}},{"type":"Feature","properties":{"c":"#00ff00","v0":0.002,"v1":0.003},"geometry":{"type":"Polygon","coordinates":[[[-98.142,48.4152],[-98.1381,48.4418],[-98.1296,48.4607],[-98.1165,48.4719],[-98.0862,48.4686],[-98.0387,48.4507],[-98.0287,48.4306],[-98.0562,48.4083],[-98.085,48.3949],[-98.115,48.3904],[-98.1335,48.3916],[-98.1405,48.3985],[-98.142,48.4152]],[[-98.1177,48.4454],[-98.1126,48.4525],[-98.0982,48.4525],[-98.0747,48.4454],[-98.0641,48.4351],[-98.0664,48.4219],[-98.0774,48.4152],[-98.0972,48.4152],[-98.1103,48.4219],[-98.1169,48.4351],[-98.1177,48.4454]]]}},{"type":"Feature","properties":{"c":"#00ff00","v0":0.002,"v1":0.003},"geometry":{"type":"Polygon","coordinates":[[[-77.9369,48.3387],[-77.919,48.3717],[-77.89,48.3919],[-77.85,48.3995],[-77.8268,48.393],[-77.8204,48.3724],[-77.8224,48.3555],[-77.8327,48.3422],[-77.8509,48.3286],[-77.877,48.3146],[-77.904,48.3113],[-77.9319,48.3186],[-77.9369,48.3387]],[[-77.9167,48.3456],[-77.9122,48.3657],[-77.8953,48.3756],[-77.8658,48.3755],[-77.8547,48.3654],[-77.8621,48.3455],[-77.8768,48.3321],[-77.8989,48.3252],[-77.9122,48.3252],[-77.9167,48.3321],[-77.9167,48.3456]]]}},{"type":"Feature","properties":{"c":"#00ff00","v0":0.002,"v1":0.003},"geometry":{"type":"Polygon","coordinates":[[[-68.0776,48.389],[-68.0592,48.3897],[-68.0495,48.3863],[-68.0486,48.379],[-68.0578,48.3754],[-68.077,48.3754],[-68.0867,48.3787],[-68.0867,48.3854],[-68.0776,48.389]]]}},{"type":"Feature","properties":{"c":"#00ff00","v0":0.002,"v1":0.003},"geometry":{"type":"Polygon","coordinates":[[[-67.7178,48.3788],[-67.7126,48.3856],[-67.7024,48.3856],[-67.6872,48.3788],[-67.6872,48.3715],[-67.7024,48.3638],[-67.7126,48.3638],[-67.7178,48.3715],[-67.7178,48.3788]]]}},{"type":"Feature","properties":{"c":"#00ff00","v0":0.002,"v1":0.003},"geometry":{"type":"Polygon","coordinates":[[[-67.9357,47.9518],[-67.9266,47.9853],[-67.908,48.0154],[-67.8799,48.0422],[-67.8627,48.0923],[-67.8564,48.1657],[-67.8613,48.2124],[-67.8776,48.2324],[-67.8866,48.259],[-67.8883,48.2923],[-67.8865,48.3156],[-67.8812,48.3289],[-67.8715,48.3369],[-67.8572,48.3398],[-67.8406,48.3331],[-67.8217,48.317],[-67.8083,48.2956],[-67.8003,48.269],[-67.7921,48.2157],[-67.7837,48.1357],[-67.7835,48.0756],[-67.7914,48.0355],[-67.819,47.9911],[-67.8663,47.9426],[-67.9,47.9187],[-67.92,47.9196],[-67.9326,47.9238],[-67.9377,47.9313],[-67.9357,47.9518]],[[-67.8705,48.3144],[-67.8568,48.3253],[-67.8439,48.3253],[-67.8317,48.3144],[-67.8267,48.2922],[-67.8289,48.2586],[-67.8364,48.2419],[-67.8493,48.2422],[-67.8611,48.259],[-67.872,48.2923],[-67.8705,48.3144]],[[-67.85,48.1123],[-67.841,48.1457],[-67.8299,48.1653],[-67.8166,48.1712],[-67.8069,48.1545],[-67.8006,48.1152],[-67.8056,48.0913],[-67.8219,48.0828],[-67.8361,48.0828],[-67.8483,48.0913],[-67.85,48.1123]],[[-67.9207,47.9619],[-67.9125,47.9886],[-67.8888,48.0154],[-67.8496,48.0421],[-67.8243,48.0488],[-67.8128,48.0355],[-67.8113,48.0188],[-67.8197,47.9987],[-67.8404,47.974],[-67.8735,47.9448],[-67.895,47.929],[-67.905,47.9268],[-67.9137,47.9314],[-67.9211,47.9428],[-67.9207,47.9619]]]}},{"type":"Feature","properties":{"c":"#00ff00","v0":0.002,"v1":0.003},"geometry":{"type":"Polygon","coordinates":[[[-94.1511,48.3046],[-94.137,48.3226],[-94.115,48.3307],[-94.085,48.3288],[-94.0631,48.3198],[-94.0494,48.3037],[-94.0434,48.2856],[-94.0451,48.2657],[-94.0337,48.249],[-94.0093,48.2357],[-93.9964,48.2224],[-93.9951,48.209],[-94.0034,48.199],[-94.0211,48.1922],[-94.04,48.1911],[-94.06,48.1957],[-94.0876,48.2124],[-94.1227,48.2413],[-94.1448,48.2657],[-94.1537,48.2856],[-94.1511,48.3046]],[[-94.1441,48.3028],[-94.1347,48.3171],[-94.115,48.3231],[-94.085,48.3209],[-94.0654,48.3105],[-94.0561,48.2917],[-94.0554,48.2723],[-94.0635,48.2523],[-94.0533,48.239],[-94.0249,48.2324],[-94.0105,48.2219],[-94.0102,48.2077],[-94.0225,48.201],[-94.0475,48.2019],[-94.0634,48.2124],[-94.0702,48.2324],[-94.0877,48.2461],[-94.1159,48.2536],[-94.1347,48.267],[-94.1441,48.2861],[-94.1441,48.3028]]]}},{"type":"Feature","properties":{"c":"#00ff00","v0":0.002,"v1":0.003},"geometry":{"type":"Polygon","coordinates":[[[-96.4203,48.2893],[-96.4001,48.3033],[-96.3795,48.3067],[-96.3586,48.2993],[-96.3536,48.2898],[-96.3645,48.2783],[-96.3851,48.2749],[-96.4153,48.2798],[-96.4203,48.2893]]]}},{"type":"Feature","properties":{"c":"#00ff00","v0":0.002,"v1":0.003},"geometry":{"type":"Polygon","coordinates":[[[-96.2363,48.2891],[-96.2188,48.3028],[-96.1944,48.3094],[-96.1631,48.3091],[-96.1427,48.3056],[-96.133,48.2989],[-96.1292,48.2823],[-96.1312,48.2557],[-96.1417,48.2377],[-96.1606,48.2284],[-96.1827,48.2251],[-96.208,48.2277],[-96.2267,48.2424],[-96.239,48.269],[-96.2363,48.2891]],[[-96.2267,48.2871],[-96.2156,48.2968],[-96.1986,48.3001],[-96.1759,48.2971],[-96.1642,48.2823],[-96.1636,48.2557],[-96.175,48.2423],[-96.1983,48.2422],[-96.2156,48.2522],[-96.2267,48.2723],[-96.2267,48.2871]]]}},{"type":"Feature","properties":{"c":"#00ff00","v0":0.002,"v1":0.003},"geometry":{"type":"Polygon","coordinates":[[[-71.45,48.2737],[-71.4233,48.2831],[-71.404,48.2798],[-71.392,48.2637],[-71.397,48.2478],[-71.419,48.232],[-71.4383,48.2353],[-71.455,48.2578],[-71.45,48.2737]],[[-71.4406,48.2715],[-71.4202,48.2766],[-71.4069,48.2732],[-71.4006,48.2615],[-71.4056,48.2519],[-71.4219,48.2443],[-71.4352,48.2477],[-71.4456,48.2619],[-71.4406,48.2715]]]}},{"type":"Feature","properties":{"c":"#00ff00","v0":0.002,"v1":0.003},"geometry":{"type":"Polygon","coordinates":[[[-71.6288,48.2324],[-71.6267,48.239],[-71.6175,48.2424],[-71.601,48.2424],[-71.5921,48.2385],[-71.5907,48.2308],[-71.5999,48.2274],[-71.6198,48.2285],[-71.6288,48.2324]]]}},{"type":"Feature","properties":{"c":"#00ff00","v0":0.002,"v1":0.003},"geometry":{"type":"Polygon","coordinates":[[[-95.8823,47.9921],[-95.8741,47.999],[-95.8347,48.0024],[-95.7642,48.0021],[-95.7237,48.0087],[-95.7134,48.0221],[-95.7097,48.0455],[-95.7129,48.0789],[-95.6733,48.1251],[-95.5911,48.1841],[-95.515,48.2186],[-95.445,48.2285],[-95.3976,48.229],[-95.3727,48.2202],[-95.3627,48.2048],[-95.3676,48.1831],[-95.435,48.1607],[-95.565,48.1379],[-95.6329,48.1188],[-95.6386,48.1033],[-95.6382,48.0823],[-95.6317,48.0555],[-95.6138,48.0355],[-95.5846,48.0222],[-95.5571,48.0189],[-95.5312,48.0255],[-95.5162,48.0406],[-95.5121,48.0641],[-95.505,48.0772],[-95.495,48.0798],[-95.48,48.0725],[-95.46,48.0555],[-95.428,48.0458],[-95.3839,48.0434],[-95.3578,48.0254],[-95.3499,47.992],[-95.3497,47.9719],[-95.3573,47.9652],[-95.3983,47.9543],[-95.4728,47.9393],[-95.53,47.9373],[-95.57,47.9486],[-95.65,47.9531],[-95.77,47.9508],[-95.8441,47.9594],[-95.8723,47.9789],[-95.8823,47.9921]],[[-95.5605,48.1932],[-95.5535,48.2015],[-95.535,48.2035],[-95.505,48.1994],[-95.47,48.2033],[-95.43,48.2151],[-95.3997,48.2163],[-95.379,48.207],[-95.374,48.1959],[-95.3847,48.1828],[-95.41,48.1781],[-95.45,48.1818],[-95.485,48.1782],[-95.515,48.1676],[-95.5385,48.1689],[-95.5555,48.1823],[-95.5605,48.1932]],[[-95.5418,47.9907],[-95.4939,48.0214],[-95.4519,48.0348],[-95.4157,48.0308],[-95.3911,48.0188],[-95.3782,47.9987],[-95.3724,47.9853],[-95.3736,47.9786],[-95.4081,47.966],[-95.476,47.9475],[-95.5198,47.9408],[-95.5395,47.9459],[-95.5534,47.9552],[-95.5616,47.9686],[-95.5418,47.9907]],[[-95.8236,47.9808],[-95.8012,47.992],[-95.7725,47.992],[-95.7374,47.9808],[-95.7374,47.9702],[-95.7725,47.9602],[-95.8012,47.9602],[-95.8236,47.9702],[-95.8236,47.9808]]]}},{"type":"Feature","properties":{"c":"#00ff00","v0":0.002,"v1":0.003},"geometry":{"type":"Polygon","coordinates":[[[-71.4394,48.1946],[-71.4331,48.2058],[-71.425,48.2094],[-71.415,48.2053],[-71.415,48.1948],[-71.425,48.178],[-71.4331,48.1744],[-71.4394,48.1842],[-71.4394,48.1946]]]}},{"type":"Feature","properties":{"c":"#00ff00","v0":0.002,"v1":0.003},"geometry":{"type":"Polygon","coordinates":[[[-96.4549,48.179],[-96.436,48.1857],[-96.4324,48.18],[-96.4441,48.162],[-96.4536,48.1586],[-96.4608,48.17],[-96.4549,48.179]]]}},{"type":"Feature","properties":{"c":"#00ff00","v0":0.002,"v1":0.003},"geometry":{"type":"Polygon","coordinates":[[[-67.5031,48.0321],[-67.4858,48.0656],[-67.4554,48.0943],[-67.4118,48.1185],[-67.375,48.132],[-67.345,48.135],[-67.3083,48.1296],[-67.2648,48.1158],[-67.24,48.099],[-67.234,48.0789],[-67.2607,48.0675],[-67.3202,48.0646],[-67.375,48.0423],[-67.425,48.0005],[-67.4609,47.9818],[-67.4828,47.9864],[-67.4982,47.9953],[-67.5072,48.0087],[-67.5031,48.0321]],[[-67.3187,48.0969],[-67.2996,48.0996],[-67.2875,48.0962],[-67.2824,48.0869],[-67.292,48.0856],[-67.3162,48.0923],[-67.3187,48.0969]],[[-67.4811,48.0346],[-67.4604,48.073],[-67.4271,48.0964],[-67.3812,48.1048],[-67.3655,48.0923],[-67.3798,48.0589],[-67.4007,48.0388],[-67.4283,48.0321],[-67.449,48.0199],[-67.463,48.0021],[-67.4754,47.9988],[-67.4861,48.0099],[-67.4811,48.0346]]]}},{"type":"Feature","properties":{"c":"#00ff00","v0":0.002,"v1":0.003},"geometry":{"type":"Polygon","coordinates":[[[-71.562,48.1153],[-71.554,48.128],[-71.5381,48.128],[-71.5144,48.1153],[-71.5094,48.1041],[-71.5231,48.0943],[-71.539,48.0943],[-71.557,48.1041],[-71.562,48.1153]]]}},{"type":"Feature","properties":{"c":"#00ff00","v0":0.002,"v1":0.003},"geometry":{"type":"Polygon","coordinates":[[[-71.4972,47.9953],[-71.4723,48.0622],[-71.4524,48.1033],[-71.4375,48.1185],[-71.425,48.1247],[-71.415,48.1217],[-71.3917,48.1007],[-71.3552,48.0617],[-71.3345,48.0321],[-71.3298,48.0121],[-71.311,47.9886],[-71.2779,47.9619],[-71.2572,47.9351],[-71.2487,47.9083],[-71.2522,47.8848],[-71.2679,47.8647],[-71.2599,47.8378],[-71.2282,47.8042],[-71.203,47.7841],[-71.1844,47.7774],[-71.1745,47.7673],[-71.1732,47.7538],[-71.187,47.7447],[-71.2157,47.7399],[-71.2562,47.75],[-71.3087,47.775],[-71.3364,47.8177],[-71.3396,47.8781],[-71.3533,47.9135],[-71.3778,47.924],[-71.415,47.9285],[-71.465,47.927],[-71.4949,47.9352],[-71.5047,47.953],[-71.4972,47.9953]],[[-71.475,47.9853],[-71.4404,48.0321],[-71.4149,48.0573],[-71.3983,48.0608],[-71.3716,48.0374],[-71.3347,47.987],[-71.3497,47.9545],[-71.4166,47.9398],[-71.4606,47.9398],[-71.4817,47.9545],[-71.475,47.9853]],[[-71.3158,47.821],[-71.3061,47.8345],[-71.2935,47.8409],[-71.2778,47.8403],[-71.2631,47.8336],[-71.2492,47.8207],[-71.2442,47.8043],[-71.2481,47.7841],[-71.2642,47.7774],[-71.2926,47.7841],[-71.3102,47.7942],[-71.3172,47.8076],[-71.3158,47.821]],[[-71.2267,47.7647],[-71.2156,47.7731],[-71.2025,47.7731],[-71.1874,47.7647],[-71.1874,47.7562],[-71.2025,47.7474],[-71.2156,47.7474],[-71.2267,47.7562],[-71.2267,47.7647]]]}},{"type":"Feature","properties":{"c":"#00ff00","v0":0.002,"v1":0.003},"geometry":{"type":"Polygon","coordinates":[[[-95.9393,48.0689],[-95.9152,48.0956],[-95.8886,48.109],[-95.8594,48.109],[-95.8461,48.1037],[-95.8487,48.0931],[-95.87,48.0771],[-95.91,48.0555],[-95.935,48.0437],[-95.945,48.0416],[-95.9503,48.0443],[-95.951,48.0518],[-95.9393,48.0689]]]}},{"type":"Feature","properties":{"c":"#00ff00","v0":0.002,"v1":0.003},"geometry":{"type":"Polygon","coordinates":[[[-95.2981,48.0488],[-95.2892,48.0622],[-95.271,48.0715],[-95.2437,48.0768],[-95.2284,48.0601],[-95.2251,48.0214],[-95.2379,48.002],[-95.2666,48.002],[-95.2864,48.0121],[-95.2972,48.0321],[-95.2981,48.0488]]]}},{"type":"Feature","properties":{"c":"#00ff00","v0":0.002,"v1":0.003},"geometry":{"type":"Polygon","coordinates":[[[-94.2309,48.0118],[-94.2036,48.0312],[-94.18,48.0403],[-94.16,48.0389],[-94.1423,48.0325],[-94.1268,48.0211],[-94.1218,48.0074],[-94.1273,47.9914],[-94.145,47.9782],[-94.175,47.9677],[-94.2,47.9633],[-94.22,47.9651],[-94.2336,47.975],[-94.2409,47.993],[-94.2309,48.0118]],[[-94.2223,48.0101],[-94.2008,48.0261],[-94.1753,48.0295],[-94.1459,48.0201],[-94.1331,48.0087],[-94.1368,47.9953],[-94.1515,47.9841],[-94.1772,47.9749],[-94.1968,47.9716],[-94.2104,47.974],[-94.2211,47.9819],[-94.2291,47.9953],[-94.2223,48.0101]]]}},{"type":"Feature","properties":{"c":"#00ff00","v0":0.002,"v1":0.003},"geometry":{"type":"Polygon","coordinates":[[[-71.1822,47.9835],[-71.1607,47.9999],[-71.115,48.0082],[-71.045,48.0082],[-71.0002,47.99],[-70.9805,47.9534],[-70.9752,47.9217],[-70.9843,47.8948],[-70.9991,47.8776],[-71.0197,47.8699],[-71.0575,47.8699],[-71.1125,47.8776],[-71.1533,47.9049],[-71.1798,47.9518],[-71.1822,47.9835]],[[-71.1723,47.9808],[-71.1574,47.992],[-71.1182,47.9987],[-71.0547,48.0009],[-71.0119,47.9853],[-70.9897,47.9518],[-70.9843,47.9217],[-70.9956,47.8948],[-71.0335,47.882],[-71.0978,47.883],[-71.1424,47.9065],[-71.1673,47.9523],[-71.1723,47.9808]]]}},{"type":"Feature","properties":{"c":"#00ff00","v0":0.002,"v1":0.003},"geometry":{"type":"Polygon","coordinates":[[[-93.9809,47.8364],[-93.9603,47.8537],[-93.92,47.8627],[-93.86,47.8633],[-93.8219,47.858],[-93.8056,47.8468],[-93.8006,47.8365],[-93.8069,47.8271],[-93.845,47.8162],[-93.915,47.8039],[-93.9603,47.8052],[-93.9809,47.8202],[-93.9809,47.8364]],[[-93.9724,47.8346],[-93.9575,47.8482],[-93.9351,47.8516],[-93.9053,47.8446],[-93.9003,47.8326],[-93.9201,47.8155],[-93.9425,47.8121],[-93.9674,47.8225],[-93.9724,47.8346]],[[-93.8789,47.8449],[-93.8596,47.8523],[-93.8404,47.8523],[-93.8213,47.8449],[-93.8163,47.8374],[-93.8254,47.8298],[-93.8446,47.8298],[-93.8739,47.8374],[-93.8789,47.8449]]]}},{"type":"Feature","properties":{"c":"#00ff00","v0":0.002,"v1":0.003},"geometry":{"type":"Polygon","coordinates":[[[-95.1989,47.8412],[-95.1787,47.8412],[-95.174,47.8373],[-95.1847,47.8294],[-95.1947,47.8294],[-95.2042,47.8373],[-95.1989,47.8412]]]}},{"type":"Feature","properties":{"c":"#00ff00","v0":0.002,"v1":0.003},"geometry":{"type":"Polygon","coordinates":[[[-95.3409,47.7913],[-95.3336,47.7991],[-95.3179,47.7991],[-95.2937,47.7913],[-95.2937,47.7825],[-95.3179,47.7726],[-95.3336,47.7726],[-95.3409,47.7825],[-95.3409,47.7913]]]}},{"type":"Feature","properties":{"c":"#00ff00","v0":0.002,"v1":0.003},"geometry":{"type":"Polygon","coordinates":[[[-68.2393,47.5956],[-68.1672,47.6967],[-68.1109,47.7618],[-68.0703,47.7911],[-68.04,47.8074],[-68.02,47.8107],[-68.0032,47.8061],[-67.9897,47.7937],[-67.9879,47.774],[-67.998,47.7471],[-68.0154,47.7269],[-68.0401,47.7135],[-68.0776,47.6798],[-68.128,47.6259],[-68.1668,47.572],[-68.1938,47.518],[-68.218,47.4941],[-68.2393,47.5003],[-68.2563,47.5139],[-68.269,47.5346],[-68.2393,47.5956]],[[-68.2268,47.5926],[-68.1623,47.6878],[-68.11,47.7505],[-68.07,47.7811],[-68.04,47.7983],[-68.02,47.8022],[-68.0057,47.8],[-67.9972,47.7916],[-67.9972,47.7763],[-68.0057,47.7541],[-68.0507,47.707],[-68.1322,47.635],[-68.1822,47.5819],[-68.2007,47.5477],[-68.215,47.5273],[-68.225,47.5206],[-68.2373,47.5241],[-68.2518,47.538],[-68.2268,47.5926]]]}},{"type":"Feature","properties":{"c":"#00ff00","v0":0.002,"v1":0.003},"geometry":{"type":"Polygon","coordinates":[[[-71.3774,47.6899],[-71.3755,47.7101],[-71.3634,47.7255],[-71.3411,47.736],[-71.3216,47.7393],[-71.3048,47.7356],[-71.2841,47.7168],[-71.2596,47.6832],[-71.268,47.657],[-71.3093,47.6382],[-71.3421,47.6416],[-71.3663,47.6671],[-71.3774,47.6899]],[[-71.3509,47.68],[-71.337,47.7073],[-71.3155,47.7073],[-71.2866,47.68],[-71.2816,47.659],[-71.3005,47.6443],[-71.322,47.6443],[-71.3459,47.659],[-71.3509,47.68]]]}},{"type":"Feature","properties":{"c":"#00ff00","v0":0.002,"v1":0.003},"geometry":{"type":"Polygon","coordinates":[[[-95.4431,47.7],[-95.4313,47.7135],[-95.4115,47.723],[-95.3838,47.7285],[-95.3618,47.7285],[-95.3453,47.723],[-95.3341,47.7135],[-95.3282,47.7],[-95.3269,47.6866],[-95.3303,47.6731],[-95.3415,47.6625],[-95.3605,47.6548],[-95.38,47.6522],[-95.4,47.6547],[-95.4198,47.6653],[-95.4393,47.684],[-95.4431,47.7]],[[-95.4242,47.6988],[-95.4147,47.7099],[-95.4,47.7174],[-95.38,47.7211],[-95.3625,47.7189],[-95.3474,47.7108],[-95.3392,47.7],[-95.3379,47.6866],[-95.3505,47.6744],[-95.3768,47.6636],[-95.3997,47.667],[-95.4192,47.6845],[-95.4242,47.6988]]]}},{"type":"Feature","properties":{"c":"#00ff00","v0":0.002,"v1":0.003},"geometry":{"type":"Polygon","coordinates":[[[-95.2351,47.7086],[-95.2184,47.7124],[-95.2098,47.709],[-95.2093,47.6985],[-95.2177,47.6967],[-95.2349,47.7034],[-95.2351,47.7086]]]}},{"type":"Feature","properties":{"c":"#00ff00","v0":0.002,"v1":0.003},"geometry":{"type":"Polygon","coordinates":[[[-70.3985,47.6843],[-70.3928,47.6933],[-70.3852,47.6933],[-70.3756,47.6843],[-70.3756,47.6762],[-70.3852,47.6691],[-70.3928,47.6691],[-70.3985,47.6762],[-70.3985,47.6843]]]}},{"type":"Feature","properties":{"c":"#00ff00","v0":0.002,"v1":0.003},"geometry":{"type":"Polygon","coordinates":[[[-95.1479,47.6091],[-95.1368,47.6293],[-95.116,47.6405],[-95.0853,47.6426],[-95.0577,47.6224],[-95.0331,47.5798],[-95.0381,47.5532],[-95.0727,47.5427],[-95.1059,47.5528],[-95.1376,47.5836],[-95.1479,47.6091]]]}},{"type":"Feature","properties":{"c":"#00ff00","v0":0.002,"v1":0.003},"geometry":{"type":"Polygon","coordinates":[[[-71.2198,47.6195],[-71.1999,47.6335],[-71.1808,47.6301],[-71.1625,47.6093],[-71.1625,47.5956],[-71.1808,47.5888],[-71.1999,47.5921],[-71.2198,47.6057],[-71.2198,47.6195]],[[-71.2112,47.6173],[-71.1971,47.6269],[-71.1841,47.6269],[-71.1722,47.6173],[-71.1722,47.6079],[-71.1841,47.5989],[-71.1971,47.5989],[-71.2112,47.6079],[-71.2112,47.6173]]]}},{"type":"Feature","properties":{"c":"#00ff00","v0":0.002,"v1":0.003},"geometry":{"type":"Polygon","coordinates":[[[-68.8656,47.6292],[-68.8552,47.6359],[-68.8449,47.6359],[-68.8347,47.6292],[-68.8347,47.6225],[-68.8449,47.6157],[-68.8552,47.6157],[-68.8656,47.6225],[-68.8656,47.6292]]]}},{"type":"Feature","properties":{"c":"#00ff00","v0":0.002,"v1":0.003},"geometry":{"type":"Polygon","coordinates":[[[-97.1805,47.5488],[-97.1735,47.5564],[-97.1615,47.5564],[-97.1446,47.5488],[-97.1481,47.545],[-97.172,47.545],[-97.1805,47.5488]]]}},{"type":"Feature","properties":{"c":"#00ff00","v0":0.002,"v1":0.003},"geometry":{"type":"Polygon","coordinates":[[[-70.6645,47.1452],[-70.6526,47.1588],[-70.6437,47.1894],[-70.6378,47.2369],[-70.6181,47.2878],[-70.5845,47.3421],[-70.5757,47.3793],[-70.5916,47.3996],[-70.5914,47.4301],[-70.5751,47.4707],[-70.5477,47.5044],[-70.5092,47.5311],[-70.48,47.5459],[-70.46,47.5487],[-70.4451,47.5387],[-70.4354,47.5159],[-70.4366,47.491],[-70.4487,47.4639],[-70.4384,47.4369],[-70.4058,47.4098],[-70.3806,47.3726],[-70.3629,47.3251],[-70.3661,47.2912],[-70.3902,47.2709],[-70.3917,47.2505],[-70.3705,47.2301],[-70.3582,47.1962],[-70.3546,47.1486],[-70.3671,47.1173],[-70.3957,47.1023],[-70.43,47.0997],[-70.47,47.1095],[-70.505,47.1076],[-70.535,47.094],[-70.575,47.0932],[-70.625,47.1051],[-70.6551,47.1179],[-70.6654,47.1316],[-70.6645,47.1452]],[[-70.6535,47.1452],[-70.6406,47.1588],[-70.6318,47.1894],[-70.6273,47.2369],[-70.6088,47.2844],[-70.5763,47.3319],[-70.5654,47.3726],[-70.576,47.4064],[-70.5759,47.4402],[-70.5651,47.4741],[-70.5373,47.5016],[-70.4924,47.523],[-70.465,47.523],[-70.455,47.5016],[-70.4547,47.4808],[-70.464,47.4605],[-70.4451,47.4166],[-70.398,47.3489],[-70.3876,47.3014],[-70.4141,47.2743],[-70.4131,47.2505],[-70.3846,47.2301],[-70.3684,47.1962],[-70.3643,47.1486],[-70.3742,47.119],[-70.3981,47.1075],[-70.43,47.1064],[-70.47,47.1157],[-70.505,47.1159],[-70.535,47.1071],[-70.575,47.1068],[-70.625,47.1151],[-70.6525,47.124],[-70.6575,47.1336],[-70.6535,47.1452]]]}},{"type":"Feature","properties":{"c":"#00ff00","v0":0.002,"v1":0.003},"geometry":{"type":"Polygon","coordinates":[[[-68.3377,47.3967],[-68.3192,47.4245],[-68.2983,47.4414],[-68.275,47.4474],[-68.2617,47.4436],[-68.2584,47.4301],[-68.2651,47.4112],[-68.2817,47.3869],[-68.3,47.3723],[-68.32,47.3675],[-68.3342,47.3695],[-68.3427,47.3783],[-68.3377,47.3967]],[[-68.3116,47.3996],[-68.2989,47.4064],[-68.297,47.4037],[-68.3057,47.3915],[-68.312,47.3881],[-68.316,47.3936],[-68.3116,47.3996]]]}},{"type":"Feature","properties":{"c":"#00ff00","v0":0.002,"v1":0.003},"geometry":{"type":"Polygon","coordinates":[[[-93.9953,47.38],[-93.9518,47.4018],[-93.9233,47.4085],[-93.9098,47.4004],[-93.9098,47.3814],[-93.9233,47.3518],[-93.9431,47.3382],[-93.9692,47.3408],[-93.991,47.3489],[-94.0084,47.3624],[-93.9953,47.38]]]}},{"type":"Feature","properties":{"c":"#00ff00","v0":0.002,"v1":0.003},"geometry":{"type":"Polygon","coordinates":[[[-69.8607,47.3963],[-69.8439,47.3963],[-69.8359,47.3929],[-69.8366,47.3861],[-69.8449,47.3861],[-69.861,47.3929],[-69.8607,47.3963]]]}},{"type":"Feature","properties":{"c":"#00ff00","v0":0.002,"v1":0.003},"geometry":{"type":"Polygon","coordinates":[[[-65.1047,47.3861],[-65.0857,47.3929],[-65.0797,47.3915],[-65.0866,47.382],[-65.096,47.3786],[-65.1081,47.3814],[-65.1047,47.3861]]]}},{"type":"Feature","properties":{"c":"#00ff00","v0":0.002,"v1":0.003},"geometry":{"type":"Polygon","coordinates":[[[-70.3151,47.3014],[-70.2939,47.3014],[-70.29,47.2968],[-70.3033,47.2877],[-70.3139,47.2877],[-70.3217,47.2968],[-70.3151,47.3014]]]}},{"type":"Feature","properties":{"c":"#00ff00","v0":0.002,"v1":0.003},"geometry":{"type":"Polygon","coordinates":[[[-84.6532,47.2431],[-84.6377,47.2622],[-84.61,47.2768],[-84.57,47.2869],[-84.5318,47.2774],[-84.4954,47.2482],[-84.4804,47.2257],[-84.4868,47.21],[-84.5,47.1969],[-84.52,47.1862],[-84.5627,47.1941],[-84.6282,47.2204],[-84.6532,47.2431]],[[-84.6326,47.2521],[-84.6175,47.2619],[-84.595,47.2664],[-84.565,47.2653],[-84.5418,47.2536],[-84.5255,47.2312],[-84.5305,47.2157],[-84.5568,47.2072],[-84.585,47.2087],[-84.615,47.2203],[-84.6325,47.2314],[-84.6376,47.2419],[-84.6326,47.2521]]]}},{"type":"Feature","properties":{"c":"#00ff00","v0":0.002,"v1":0.003},"geometry":{"type":"Polygon","coordinates":[[[-66.8578,47.2566],[-66.8393,47.2755],[-66.82,47.2883],[-66.8,47.2951],[-66.7813,47.2958],[-66.7638,47.2905],[-66.7688,47.2755],[-66.7963,47.2508],[-66.82,47.2366],[-66.84,47.233],[-66.8543,47.2352],[-66.8628,47.2431],[-66.8578,47.2566]]]}},{"type":"Feature","properties":{"c":"#00ff00","v0":0.002,"v1":0.003},"geometry":{"type":"Polygon","coordinates":[[[-94.0909,47.2176],[-94.0636,47.24],[-94.0353,47.24],[-94.0058,47.2176],[-94.0008,47.196],[-94.0203,47.1752],[-94.0433,47.1684],[-94.07,47.1756],[-94.0886,47.186],[-94.0992,47.1996],[-94.0909,47.2176]]]}},{"type":"Feature","properties":{"c":"#00ff00","v0":0.002,"v1":0.003},"geometry":{"type":"Polygon","coordinates":[[[-96.8509,47.2127],[-96.837,47.2254],[-96.8238,47.2288],[-96.8113,47.2229],[-96.8113,47.2123],[-96.8238,47.197],[-96.837,47.1936],[-96.8509,47.2021],[-96.8509,47.2127]]]}},{"type":"Feature","properties":{"c":"#00ff00","v0":0.002,"v1":0.003},"geometry":{"type":"Polygon","coordinates":[[[-67.1753,47.2122],[-67.1584,47.2238],[-67.15,47.2222],[-67.15,47.2074],[-67.155,47.1981],[-67.165,47.1944],[-67.1734,47.196],[-67.1803,47.2029],[-67.1753,47.2122]]]}},{"type":"Feature","properties":{"c":"#00ff00","v0":0.002,"v1":0.003},"geometry":{"type":"Polygon","coordinates":[[[-94.3761,47.0737],[-94.3482,47.0805],[-94.3382,47.0789],[-94.3461,47.0687],[-94.36,47.0653],[-94.38,47.0686],[-94.3761,47.0737]]]}},{"type":"Feature","properties":{"c":"#00ff00","v0":0.002,"v1":0.003},"geometry":{"type":"Polygon","coordinates":[[[-69.1159,46.7909],[-69.0986,46.8058],[-69.076,46.8058],[-69.0479,46.7909],[-69.0529,46.7744],[-69.091,46.7562],[-69.1136,46.7562],[-69.1209,46.7744],[-69.1159,46.7909]]]}},{"type":"Feature","properties":{"c":"#00ff00","v0":0.002,"v1":0.003},"geometry":{"type":"Polygon","coordinates":[[[-68.9722,46.7766],[-68.9638,46.7903],[-68.9522,46.7985],[-68.9374,46.8011],[-68.93,46.7921],[-68.93,46.7714],[-68.9416,46.7632],[-68.9648,46.7676],[-68.9722,46.7766]]]}},{"type":"Feature","properties":{"c":"#00ff00","v0":0.002,"v1":0.003},"geometry":{"type":"Polygon","coordinates":[[[-64.6524,46.778],[-64.6375,46.7945],[-64.617,46.8013],[-64.591,46.7985],[-64.586,46.7856],[-64.602,46.7624],[-64.6225,46.7555],[-64.6474,46.765],[-64.6524,46.778]],[[-64.6408,46.7752],[-64.6336,46.7861],[-64.6206,46.7895],[-64.6018,46.7855],[-64.5968,46.778],[-64.6056,46.7671],[-64.6186,46.7636],[-64.6358,46.7677],[-64.6408,46.7752]]]}},{"type":"Feature","properties":{"c":"#00ff00","v0":0.002,"v1":0.003},"geometry":{"type":"Polygon","coordinates":[[[-67.5807,46.6257],[-67.5719,46.6395],[-67.5553,46.6429],[-67.5309,46.636],[-67.5266,46.6271],[-67.5422,46.6162],[-67.5588,46.6128],[-67.5763,46.6168],[-67.5807,46.6257]]]}},{"type":"Feature","properties":{"c":"#00ff00","v0":0.002,"v1":0.003},"geometry":{"type":"Polygon","coordinates":[[[-67.7362,46.4779],[-67.7281,46.526],[-67.7156,46.5558],[-67.6985,46.5673],[-67.684,46.5638],[-67.6719,46.5455],[-67.6691,46.5192],[-67.6754,46.4847],[-67.6864,46.4609],[-67.7021,46.4477],[-67.7176,46.4442],[-67.7327,46.4506],[-67.7362,46.4779]]]}},{"type":"Feature","properties":{"c":"#00ff00","v0":0.002,"v1":0.003},"geometry":{"type":"Polygon","coordinates":[[[-72.0477,46.5207],[-72.0092,46.5443],[-71.98,46.5481],[-71.96,46.5318],[-71.94,46.5241],[-71.92,46.5248],[-71.89,46.5176],[-71.85,46.5024],[-71.8231,46.4845],[-71.8092,46.464],[-71.8342,46.4384],[-71.8981,46.4077],[-71.94,46.3915],[-71.96,46.3898],[-71.97,46.4074],[-71.97,46.4441],[-71.985,46.4643],[-72.015,46.4678],[-72.0392,46.4794],[-72.0577,46.499],[-72.0477,46.5207]],[[-71.9478,46.4395],[-71.9359,46.4661],[-71.9091,46.4764],[-71.8674,46.4705],[-71.8574,46.4559],[-71.8791,46.4326],[-71.9,46.4183],[-71.92,46.413],[-71.9359,46.4143],[-71.9478,46.4222],[-71.9478,46.4395]]]}},{"type":"Feature","properties":{"c":"#00ff00","v0":0.002,"v1":0.003},"geometry":{"type":"Polygon","coordinates":[[[-95.2401,46.5364],[-95.212,46.5364],[-95.191,46.5273],[-95.177,46.5093],[-95.155,46.4947],[-95.125,46.4834],[-95.1082,46.4683],[-95.1047,46.4494],[-95.1247,46.4373],[-95.1682,46.432],[-95.206,46.4561],[-95.2381,46.5096],[-95.2401,46.5364]]]}},{"type":"Feature","properties":{"c":"#00ff00","v0":0.002,"v1":0.003},"geometry":{"type":"Polygon","coordinates":[[[-71.2725,46.3123],[-71.2585,46.333],[-71.2261,46.3519],[-71.1754,46.3688],[-71.13,46.3766],[-71.09,46.3753],[-71.0615,46.3703],[-71.0446,46.3616],[-71.0372,46.333],[-71.0391,46.2847],[-71.0476,46.2542],[-71.0625,46.2416],[-71.095,46.2432],[-71.145,46.2589],[-71.19,46.2679],[-71.23,46.2702],[-71.2574,46.279],[-71.2722,46.2943],[-71.2725,46.3123]],[[-71.2652,46.3109],[-71.2551,46.3288],[-71.225,46.3457],[-71.175,46.3615],[-71.13,46.369],[-71.09,46.3681],[-71.0625,46.3616],[-71.0476,46.3494],[-71.0412,46.3261],[-71.0435,46.2916],[-71.0509,46.2661],[-71.0636,46.2497],[-71.095,46.2494],[-71.145,46.2653],[-71.185,46.2729],[-71.215,46.2721],[-71.2401,46.2793],[-71.2602,46.2944],[-71.2652,46.3109]]]}},{"type":"Feature","properties":{"c":"#00ff00","v0":0.002,"v1":0.003},"geometry":{"type":"Polygon","coordinates":[[[-65.7454,46.23],[-65.7218,46.252],[-65.695,46.2605],[-65.665,46.2556],[-65.6453,46.248],[-65.6358,46.2379],[-65.6325,46.2259],[-65.6351,46.2121],[-65.6499,46.1971],[-65.6766,46.181],[-65.7,46.1762],[-65.72,46.1825],[-65.7368,46.194],[-65.7504,46.2107],[-65.7454,46.23]],[[-65.7394,46.2289],[-65.7198,46.2487],[-65.7,46.2582],[-65.68,46.2574],[-65.6617,46.2509],[-65.6452,46.2388],[-65.6388,46.2259],[-65.6426,46.2121],[-65.6559,46.1988],[-65.6786,46.186],[-65.7048,46.1894],[-65.7344,46.2091],[-65.7394,46.2289]]]}},{"type":"Feature","properties":{"c":"#00ff00","v0":0.002,"v1":0.003},"geometry":{"type":"Polygon","coordinates":[[[-71.4534,46.1875],[-71.4378,46.2076],[-71.42,46.2214],[-71.4,46.2288],[-71.375,46.2301],[-71.345,46.2251],[-71.315,46.2261],[-71.285,46.2329],[-71.2572,46.2285],[-71.2317,46.2129],[-71.2295,46.1844],[-71.2507,46.1428],[-71.2785,46.1154],[-71.3128,46.1023],[-71.35,46.1002],[-71.39,46.1094],[-71.4228,46.1298],[-71.4484,46.1616],[-71.4534,46.1875]],[[-71.4371,46.1898],[-71.4057,46.2145],[-71.375,46.2238],[-71.345,46.2177],[-71.315,46.2184],[-71.285,46.2259],[-71.2598,46.2235],[-71.2394,46.2113],[-71.2363,46.1878],[-71.2506,46.1532],[-71.2758,46.1272],[-71.3119,46.1098],[-71.345,46.1032],[-71.375,46.1075],[-71.4057,46.1266],[-71.4371,46.1605],[-71.4371,46.1898]]]}},{"type":"Feature","properties":{"c":"#00ff00","v0":0.002,"v1":0.003},"geometry":{"type":"Polygon","coordinates":[[[-71.7454,46.1177],[-71.7351,46.1367],[-71.715,46.1542],[-71.685,46.1701],[-71.66,46.1781],[-71.64,46.1783],[-71.6121,46.1504],[-71.5763,46.0945],[-71.5713,46.059],[-71.5971,46.044],[-71.635,46.041],[-71.685,46.0499],[-71.7175,46.0574],[-71.7325,46.0635],[-71.7426,46.0769],[-71.7479,46.0978],[-71.7454,46.1177]],[[-71.7386,46.1151],[-71.7336,46.1289],[-71.7159,46.1447],[-71.6853,46.1624],[-71.66,46.1711],[-71.64,46.171],[-71.6167,46.1449],[-71.5901,46.0927],[-71.5851,46.0624],[-71.6017,46.0542],[-71.635,46.0531],[-71.685,46.0589],[-71.7178,46.0734],[-71.7333,46.0966],[-71.7386,46.1151]]]}},{"type":"Feature","properties":{"c":"#00ff00","v0":0.002,"v1":0.003},"geometry":{"type":"Polygon","coordinates":[[[-68.3919,46.1428],[-68.3792,46.1567],[-68.3665,46.1601],[-68.3541,46.1532],[-68.3534,46.1435],[-68.3645,46.1311],[-68.3771,46.1276],[-68.3912,46.1331],[-68.3919,46.1428]]]}},{"type":"Feature","properties":{"c":"#00ff00","v0":0.002,"v1":0.003},"geometry":{"type":"Polygon","coordinates":[[[-98.9596,46.1303],[-98.9399,46.1469],[-98.905,46.1564],[-98.855,46.1588],[-98.82,46.1567],[-98.8,46.15],[-98.7861,46.137],[-98.7783,46.1178],[-98.7852,46.0873],[-98.8067,46.0457],[-98.8306,46.0202],[-98.8569,46.0108],[-98.88,46.01],[-98.9,46.0176],[-98.9249,46.0466],[-98.9546,46.0969],[-98.9596,46.1303]],[[-98.9486,46.1293],[-98.9229,46.1439],[-98.89,46.1523],[-98.85,46.1545],[-98.82,46.1514],[-98.8,46.143],[-98.7879,46.1312],[-98.7836,46.1158],[-98.7936,46.0871],[-98.8179,46.0449],[-98.84,46.021],[-98.86,46.0154],[-98.8783,46.0157],[-98.895,46.0218],[-98.9051,46.0353],[-98.9088,46.0561],[-98.9234,46.0804],[-98.9488,46.1082],[-98.9486,46.1293]]]}},{"type":"Feature","properties":{"c":"#00ff00","v0":0.002,"v1":0.003},"geometry":{"type":"Polygon","coordinates":[[[-80.8056,45.8907],[-80.7952,45.9006],[-80.752,45.9145],[-80.676,45.9325],[-80.631,45.9586],[-80.617,45.9929],[-80.59,45.9929],[-80.55,45.9587],[-80.535,45.9375],[-80.545,45.9293],[-80.56,45.9291],[-80.58,45.9369],[-80.5873,45.934],[-80.582,45.9205],[-80.572,45.9113],[-80.5573,45.9066],[-80.53,45.9039],[-80.49,45.9032],[-80.45,45.9218],[-80.41,45.9596],[-80.3762,45.9762],[-80.3487,45.9716],[-80.3231,45.9311],[-80.2994,45.8545],[-80.3096,45.8092],[-80.3537,45.7953],[-80.3621,45.7604],[-80.3346,45.7045],[-80.3282,45.6753],[-80.3427,45.6726],[-80.3557,45.6796],[-80.367,45.6962],[-80.387,45.7083],[-80.4157,45.7159],[-80.45,45.7131],[-80.49,45.6998],[-80.5235,45.696],[-80.5506,45.7017],[-80.5858,45.722],[-80.6291,45.7569],[-80.6827,45.7848],[-80.7466,45.8057],[-80.7866,45.8336],[-80.8027,45.8684],[-80.8056,45.8907]],[[-80.4255,45.9066],[-80.4152,45.9203],[-80.4077,45.9203],[-80.403,45.9066],[-80.4081,45.8998],[-80.4231,45.8998],[-80.4255,45.9066]],[[-80.7518,45.8892],[-80.6706,45.8961],[-80.61,45.8904],[-80.57,45.8722],[-80.54,45.8702],[-80.52,45.8844],[-80.5015,45.8901],[-80.4845,45.8872],[-80.4662,45.8615],[-80.4469,45.8127],[-80.4417,45.7813],[-80.4507,45.7674],[-80.4689,45.7509],[-80.4963,45.7318],[-80.52,45.7228],[-80.54,45.7239],[-80.565,45.7388],[-80.595,45.7676],[-80.6486,45.7905],[-80.7258,45.8076],[-80.7714,45.8336],[-80.7854,45.8684],[-80.7518,45.8892]]]}},{"type":"Feature","properties":{"c":"#00ff00","v0":0.002,"v1":0.003},"geometry":{"type":"Polygon","coordinates":[[[-99.0487,45.9105],[-99.0229,45.9599],[-98.995,45.9871],[-98.965,45.9922],[-98.94,45.9913],[-98.92,45.9844],[-98.9062,45.9711],[-98.8985,45.9514],[-98.9011,45.9345],[-98.914,45.9206],[-98.9478,45.8992],[-99.0026,45.8703],[-99.0379,45.8633],[-99.0537,45.8783],[-99.0487,45.9105]],[[-99.0384,45.9089],[-99.0195,45.9551],[-98.995,45.9813],[-98.965,45.9874],[-98.94,45.9861],[-98.92,45.9773],[-98.9079,45.9651],[-98.9037,45.9494],[-98.9087,45.9348],[-98.9229,45.9213],[-98.955,45.9029],[-99.005,45.8794],[-99.0345,45.8722],[-99.0434,45.8813],[-99.0384,45.9089]]]}},{"type":"Feature","properties":{"c":"#00ff00","v0":0.002,"v1":0.003},"geometry":{"type":"Polygon","coordinates":[[[-80.9436,45.9745],[-80.9345,45.985],[-80.9202,45.985],[-80.9006,45.9745],[-80.8956,45.966],[-80.9052,45.9595],[-80.9195,45.9595],[-80.9386,45.966],[-80.9436,45.9745]]]}},{"type":"Feature","properties":{"c":"#00ff00","v0":0.002,"v1":0.003},"geometry":{"type":"Polygon","coordinates":[[[-73.9514,45.7548],[-73.8971,45.7996],[-73.8463,45.81],[-73.799,45.7862],[-73.7651,45.7534],[-73.7445,45.7115],[-73.736,45.6836],[-73.7395,45.6696],[-73.7585,45.6544],[-73.7928,45.638],[-73.84,45.6341],[-73.9,45.6426],[-73.9421,45.6683],[-73.9664,45.7111],[-73.9514,45.7548]],[[-73.9232,45.7539],[-73.8877,45.7689],[-73.86,45.7734],[-73.84,45.7675],[-73.8126,45.7461],[-73.7778,45.7091],[-73.7678,45.6804],[-73.7826,45.6599],[-73.8,45.6479],[-73.82,45.6443],[-73.8464,45.6476],[-73.8791,45.6576],[-73.9068,45.6836],[-73.9295,45.7255],[-73.9232,45.7539]]]}},{"type":"Feature","properties":{"c":"#00ff00","v0":0.002,"v1":0.003},"geometry":{"type":"Polygon","coordinates":[[[-81.6692,45.7951],[-81.6564,45.8087],[-81.6412,45.8121],[-81.6236,45.8055],[-81.6186,45.7958],[-81.6262,45.7831],[-81.6414,45.7796],[-81.6642,45.7854],[-81.6692,45.7951]],[[-81.6561,45.7928],[-81.652,45.8017],[-81.6447,45.8052],[-81.6341,45.8032],[-81.6291,45.7985],[-81.6297,45.791],[-81.637,45.7875],[-81.6511,45.788],[-81.6561,45.7928]]]}},{"type":"Feature","properties":{"c":"#00ff00","v0":0.002,"v1":0.003},"geometry":{"type":"Polygon","coordinates":[[[-79.4402,45.7167],[-79.4201,45.7409],[-79.3901,45.7514],[-79.3502,45.7481],[-79.3341,45.7394],[-79.3417,45.7255],[-79.3666,45.7098],[-79.4089,45.6922],[-79.4351,45.6887],[-79.4452,45.6993],[-79.4402,45.7167]],[[-79.4209,45.7257],[-79.4003,45.74],[-79.3817,45.7435],[-79.365,45.7362],[-79.37,45.726],[-79.3967,45.7132],[-79.4153,45.7097],[-79.4259,45.7156],[-79.4209,45.7257]]]}},{"type":"Feature","properties":{"c":"#00ff00","v0":0.002,"v1":0.003},"geometry":{"type":"Polygon","coordinates":[[[-81.5942,45.7325],[-81.5779,45.7325],[-81.5749,45.7289],[-81.585,45.7219],[-81.5931,45.7219],[-81.5992,45.7289],[-81.5942,45.7325]]]}},{"type":"Feature","properties":{"c":"#00ff00","v0":0.002,"v1":0.003},"geometry":{"type":"Polygon","coordinates":[[[-98.249,45.5873],[-98.223,45.6047],[-98.19,45.6136],[-98.15,45.6141],[-98.11,45.6401],[-98.07,45.6916],[-98.031,45.7036],[-97.9931,45.6763],[-97.9724,45.6556],[-97.969,45.6416],[-97.9875,45.6242],[-98.028,45.6032],[-98.0611,45.5682],[-98.0868,45.5192],[-98.1322,45.5016],[-98.1973,45.5156],[-98.2379,45.5367],[-98.2539,45.5647],[-98.249,45.5873]]]}},{"type":"Feature","properties":{"c":"#00ff00","v0":0.002,"v1":0.003},"geometry":{"type":"Polygon","coordinates":[[[-79.0712,45.6944],[-79.0704,45.7019],[-79.0623,45.7054],[-79.047,45.7048],[-79.0392,45.701],[-79.039,45.6941],[-79.047,45.6906],[-79.0634,45.6906],[-79.0712,45.6944]]]}},{"type":"Feature","properties":{"c":"#00ff00","v0":0.002,"v1":0.003},"geometry":{"type":"Polygon","coordinates":[[[-98.7905,45.3867],[-98.7502,45.3953],[-98.7186,45.4094],[-98.6958,45.4288],[-98.7077,45.4631],[-98.7545,45.5121],[-98.76,45.5472],[-98.7243,45.5682],[-98.6973,45.5902],[-98.6791,45.6131],[-98.64,45.6264],[-98.58,45.6302],[-98.5433,45.6257],[-98.53,45.613],[-98.5323,45.5997],[-98.5502,45.5857],[-98.5591,45.5682],[-98.5588,45.5472],[-98.5708,45.5227],[-98.595,45.4946],[-98.6085,45.4631],[-98.6112,45.428],[-98.5934,45.3859],[-98.5551,45.3367],[-98.5495,45.3074],[-98.5765,45.2982],[-98.605,45.2981],[-98.635,45.3071],[-98.6631,45.3047],[-98.6892,45.2908],[-98.7108,45.2874],[-98.7278,45.2945],[-98.733,45.3121],[-98.7265,45.3402],[-98.7451,45.3613],[-98.7888,45.3753],[-98.7905,45.3867]]]}},{"type":"Feature","properties":{"c":"#00ff00","v0":0.002,"v1":0.003},"geometry":{"type":"Polygon","coordinates":[[[-79.3639,45.5986],[-79.3546,45.6105],[-79.34,45.6176],[-79.32,45.62],[-79.2962,45.6175],[-79.2686,45.6103],[-79.2503,45.5997],[-79.2412,45.5857],[-79.245,45.5764],[-79.2617,45.5718],[-79.2946,45.5753],[-79.3439,45.5869],[-79.3639,45.5986]]]}},{"type":"Feature","properties":{"c":"#00ff00","v0":0.002,"v1":0.003},"geometry":{"type":"Polygon","coordinates":[[[-67.9945,45.621],[-67.9782,45.6218],[-67.9686,45.6183],[-67.9658,45.6106],[-67.973,45.6067],[-67.9902,45.6067],[-67.9997,45.6102],[-68.0017,45.6172],[-67.9945,45.621]]]}},{"type":"Feature","properties":{"c":"#00ff00","v0":0.002,"v1":0.003},"geometry":{"type":"Polygon","coordinates":[[[-97.7752,45.5857],[-97.742,45.5997],[-97.7265,45.5992],[-97.7288,45.5844],[-97.7454,45.5774],[-97.7763,45.5783],[-97.7752,45.5857]]]}},{"type":"Feature","properties":{"c":"#00ff00","v0":0.002,"v1":0.003},"geometry":{"type":"Polygon","coordinates":[[[-80.2808,45.5977],[-80.2736,45.6077],[-80.2608,45.6112],[-80.2424,45.6082],[-80.2374,45.599],[-80.2458,45.5836],[-80.2586,45.5801],[-80.2758,45.5885],[-80.2808,45.5977]]]}},{"type":"Feature","properties":{"c":"#00ff00","v0":0.002,"v1":0.003},"geometry":{"type":"Polygon","coordinates":[[[-63.6584,45.572],[-63.6528,45.5867],[-63.64,45.5983],[-63.62,45.6069],[-63.59,45.6057],[-63.55,45.5947],[-63.522,45.5796],[-63.506,45.5603],[-63.516,45.5381],[-63.552,45.5129],[-63.586,45.5059],[-63.6181,45.5171],[-63.6409,45.5332],[-63.6544,45.5542],[-63.6584,45.572]],[[-63.6423,45.5746],[-63.6208,45.5945],[-63.59,45.5992],[-63.55,45.5889],[-63.524,45.5755],[-63.5121,45.5589],[-63.5221,45.5399],[-63.554,45.5182],[-63.585,45.5122],[-63.615,45.5218],[-63.6358,45.5362],[-63.6473,45.5552],[-63.6423,45.5746]]]}},{"type":"Feature","properties":{"c":"#00ff00","v0":0.002,"v1":0.003},"geometry":{"type":"Polygon","coordinates":[[[-63.0727,45.5437],[-63.0657,45.5577],[-63.0441,45.5735],[-63.008,45.5912],[-62.975,45.6022],[-62.945,45.6064],[-62.9215,45.6046],[-62.9045,45.5967],[-62.8971,45.5822],[-62.8992,45.5612],[-62.9127,45.5431],[-62.9376,45.528],[-62.97,45.5169],[-63.01,45.5097],[-63.0416,45.5137],[-63.0647,45.529],[-63.0727,45.5437]],[[-63.0467,45.5509],[-63.0089,45.5792],[-62.969,45.5932],[-62.9271,45.5929],[-62.9045,45.5857],[-62.9013,45.5717],[-62.9123,45.5551],[-62.9374,45.5359],[-62.97,45.5229],[-63.01,45.5161],[-63.0389,45.5187],[-63.0567,45.5307],[-63.0467,45.5509]]]}},{"type":"Feature","properties":{"c":"#00ff00","v0":0.002,"v1":0.003},"geometry":{"type":"Polygon","coordinates":[[[-67.9827,45.5402],[-67.9739,45.5472],[-67.9676,45.5437],[-67.9639,45.5297],[-67.9684,45.5262],[-67.9809,45.5332],[-67.9827,45.5402]]]}},{"type":"Feature","properties":{"c":"#00ff00","v0":0.002,"v1":0.003},"geometry":{"type":"Polygon","coordinates":[[[-73.9415,45.5262],[-73.9338,45.5332],[-73.9238,45.5332],[-73.9113,45.5262],[-73.9113,45.5191],[-73.9238,45.512],[-73.9338,45.512],[-73.9415,45.5191],[-73.9415,45.5262]]]}},{"type":"Feature","properties":{"c":"#00ff00","v0":0.002,"v1":0.003},"geometry":{"type":"Polygon","coordinates":[[[-64.1966,45.4582],[-64.1789,45.4696],[-64.15,45.4744],[-64.11,45.4729],[-64.0821,45.4637],[-64.0662,45.4469],[-64.0662,45.4353],[-64.0821,45.429],[-64.1,45.4339],[-64.12,45.4501],[-64.1489,45.4568],[-64.1866,45.454],[-64.1966,45.4582]]]}},{"type":"Feature","properties":{"c":"#00ff00","v0":0.002,"v1":0.003},"geometry":{"type":"Polygon","coordinates":[[[-99.052,45.442],[-99.0379,45.449],[-99.0306,45.4484],[-99.0302,45.4401],[-99.0373,45.4366],[-99.0518,45.4379],[-99.052,45.442]]]}},{"type":"Feature","properties":{"c":"#00ff00","v0":0.002,"v1":0.003},"geometry":{"type":"Polygon","coordinates":[[[-98.0435,45.4263],[-98.0345,45.43],[-98.0286,45.4265],[-98.0257,45.4158],[-98.0302,45.4139],[-98.042,45.421],[-98.0435,45.4263]]]}},{"type":"Feature","properties":{"c":"#00ff00","v0":0.002,"v1":0.003},"geometry":{"type":"Polygon","coordinates":[[[-97.9752,45.3437],[-97.9719,45.3788],[-97.9651,45.3994],[-97.955,45.4055],[-97.9366,45.3914],[-97.9098,45.3573],[-97.9048,45.3325],[-97.9216,45.3171],[-97.94,45.309],[-97.96,45.3083],[-97.9717,45.3125],[-97.9752,45.3216],[-97.9752,45.3437]]]}},{"type":"Feature","properties":{"c":"#00ff00","v0":0.002,"v1":0.003},"geometry":{"type":"Polygon","coordinates":[[[-73.7492,45.347],[-73.7364,45.3607],[-73.7206,45.3643],[-73.7017,45.3576],[-73.6967,45.3476],[-73.7056,45.3344],[-73.7214,45.3309],[-73.7442,45.3371],[-73.7492,45.347]],[[-73.7363,45.3447],[-73.7321,45.3538],[-73.7244,45.3573],[-73.7133,45.3553],[-73.7083,45.3502],[-73.7094,45.3422],[-73.7171,45.3387],[-73.7313,45.3397],[-73.7363,45.3447]]]}},{"type":"Feature","properties":{"c":"#00ff00","v0":0.002,"v1":0.003},"geometry":{"type":"Polygon","coordinates":[[[-79.6313,45.2916],[-79.6171,45.3069],[-79.595,45.3196],[-79.565,45.3299],[-79.5365,45.3327],[-79.5094,45.3283],[-79.4953,45.3191],[-79.4942,45.305],[-79.5128,45.2881],[-79.5509,45.2683],[-79.58,45.2581],[-79.6,45.2576],[-79.6171,45.264],[-79.6313,45.2773],[-79.6313,45.2916]],[[-79.6043,45.2945],[-79.5681,45.3157],[-79.54,45.3263],[-79.52,45.3262],[-79.5077,45.3226],[-79.503,45.3156],[-79.523,45.3004],[-79.5677,45.2772],[-79.5981,45.2702],[-79.6143,45.2793],[-79.6043,45.2945]]]}},{"type":"Feature","properties":{"c":"#00ff00","v0":0.002,"v1":0.003},"geometry":{"type":"Polygon","coordinates":[[[-98.9445,45.3015],[-98.9273,45.3085],[-98.913,45.298],[-98.9018,45.2698],[-98.8746,45.2489],[-98.8315,45.2351],[-98.81,45.2178],[-98.81,45.197],[-98.8406,45.1968],[-98.9019,45.2173],[-98.9377,45.2452],[-98.948,45.2804],[-98.9445,45.3015]]]}},{"type":"Feature","properties":{"c":"#00ff00","v0":0.002,"v1":0.003},"geometry":{"type":"Polygon","coordinates":[[[-63.2543,45.29],[-63.2381,45.3022],[-63.222,45.3022],[-63.206,45.29],[-63.196,45.2769],[-63.1921,45.2628],[-63.2001,45.2475],[-63.22,45.2308],[-63.2381,45.2379],[-63.2543,45.2686],[-63.2543,45.29]],[[-63.2394,45.2743],[-63.2331,45.2832],[-63.2273,45.2832],[-63.2218,45.2743],[-63.2218,45.267],[-63.2273,45.2613],[-63.2331,45.2613],[-63.2394,45.267],[-63.2394,45.2743]]]}},{"type":"Feature","properties":{"c":"#00ff00","v0":0.002,"v1":0.003},"geometry":{"type":"Polygon","coordinates":[[[-97.934,45.2537],[-97.918,45.2776],[-97.8986,45.2881],[-97.8758,45.2853],[-97.8625,45.2769],[-97.8588,45.2628],[-97.8652,45.2418],[-97.8817,45.2139],[-97.9,45.2019],[-97.92,45.2057],[-97.933,45.2162],[-97.939,45.2332],[-97.934,45.2537]],[[-97.9182,45.2367],[-97.9127,45.2549],[-97.9033,45.2655],[-97.8898,45.2684],[-97.8848,45.2579],[-97.8883,45.2341],[-97.895,45.2196],[-97.905,45.2144],[-97.9127,45.2157],[-97.9182,45.2236],[-97.9182,45.2367]]]}},{"type":"Feature","properties":{"c":"#00ff00","v0":0.002,"v1":0.003},"geometry":{"type":"Polygon","coordinates":[[[-64.0796,45.1126],[-64.0199,45.1364],[-63.9692,45.1717],[-63.9277,45.2184],[-63.8877,45.2519],[-63.8492,45.2725],[-63.795,45.2607],[-63.725,45.2166],[-63.6606,45.1676],[-63.6019,45.1136],[-63.5705,45.0795],[-63.5665,45.0654],[-63.5708,45.0512],[-63.5836,45.0371],[-63.605,45.0284],[-63.635,45.0251],[-63.72,45.0359],[-63.86,45.0607],[-63.9458,45.0659],[-63.9774,45.0514],[-64.0024,45.0302],[-64.0208,45.0022],[-64.04,44.9866],[-64.06,44.9833],[-64.0778,44.9902],[-64.0933,45.0073],[-64.0946,45.03],[-64.0815,45.0583],[-64.0836,45.0795],[-64.1009,45.0936],[-64.0796,45.1126]],[[-63.8706,45.2471],[-63.8569,45.2578],[-63.8412,45.2613],[-63.8236,45.2576],[-63.8236,45.248],[-63.8412,45.2325],[-63.8569,45.229],[-63.8706,45.2375],[-63.8706,45.2471]],[[-63.8365,45.1279],[-63.8188,45.1542],[-63.79,45.1701],[-63.75,45.1756],[-63.72,45.1747],[-63.7,45.1676],[-63.6694,45.1411],[-63.6283,45.0953],[-63.6183,45.0657],[-63.6394,45.0523],[-63.67,45.0462],[-63.71,45.0474],[-63.7545,45.0576],[-63.8036,45.0769],[-63.8325,45.0936],[-63.841,45.1077],[-63.8365,45.1279]],[[-64.0771,45.0371],[-64.0469,45.0795],[-64.0213,45.1039],[-64.0004,45.1105],[-63.9838,45.107],[-63.9714,45.0934],[-63.9764,45.0772],[-63.9988,45.0585],[-64.0136,45.0373],[-64.0207,45.0136],[-64.0357,44.9986],[-64.0586,44.9924],[-64.0756,44.996],[-64.0867,45.0093],[-64.0771,45.0371]]]}},{"type":"Feature","properties":{"c":"#00ff00","v0":0.002,"v1":0.003},"geometry":{"type":"Polygon","coordinates":[[[-81.0368,45.2378],[-81.0189,45.2582],[-81.0005,45.2652],[-80.9814,45.2589],[-80.9764,45.2457],[-80.9855,45.2256],[-81.0039,45.2185],[-81.0318,45.2246],[-81.0368,45.2378]],[[-81.0281,45.2465],[-81.016,45.256],[-81.0019,45.256],[-80.9856,45.2465],[-80.9856,45.2362],[-81.0019,45.2253],[-81.016,45.2253],[-81.0281,45.2362],[-81.0281,45.2465]]]}},{"type":"Feature","properties":{"c":"#00ff00","v0":0.002,"v1":0.003},"geometry":{"type":"Polygon","coordinates":[[[-76.274,45.2363],[-76.258,45.2537],[-76.235,45.2585],[-76.205,45.2508],[-76.1853,45.2386],[-76.176,45.2219],[-76.191,45.2029],[-76.2303,45.1817],[-76.258,45.1853],[-76.274,45.2135],[-76.274,45.2363]],[[-76.2595,45.2329],[-76.2398,45.2435],[-76.22,45.2449],[-76.2,45.2368],[-76.1894,45.228],[-76.1882,45.2183],[-76.2032,45.2065],[-76.2344,45.1925],[-76.2548,45.1961],[-76.2645,45.2171],[-76.2595,45.2329]]]}},{"type":"Feature","properties":{"c":"#00ff00","v0":0.002,"v1":0.003},"geometry":{"type":"Polygon","coordinates":[[[-63.6311,45.2353],[-63.617,45.2507],[-63.5916,45.2578],[-63.5548,45.2564],[-63.5448,45.2458],[-63.5616,45.2259],[-63.58,45.2149],[-63.6,45.2128],[-63.617,45.2158],[-63.6311,45.2237],[-63.6311,45.2353]],[[-63.6173,45.2327],[-63.6124,45.2429],[-63.598,45.2464],[-63.574,45.2433],[-63.569,45.2364],[-63.583,45.2258],[-63.5974,45.2223],[-63.6123,45.2258],[-63.6173,45.2327]]]}},{"type":"Feature","properties":{"c":"#00ff00","v0":0.002,"v1":0.003},"geometry":{"type":"Polygon","coordinates":[[[-76.0095,45.2329],[-75.9965,45.2435],[-75.9817,45.247],[-75.965,45.2435],[-75.9542,45.2311],[-75.9495,45.21],[-75.9578,45.1985],[-75.9793,45.1968],[-75.9965,45.2038],[-76.0095,45.2197],[-76.0095,45.2329]]]}},{"type":"Feature","properties":{"c":"#00ff00","v0":0.002,"v1":0.003},"geometry":{"type":"Polygon","coordinates":[[[-76.2394,45.0368],[-76.2331,45.0504],[-76.22,45.0522],[-76.2,45.0421],[-76.1833,45.0388],[-76.1699,45.0424],[-76.1613,45.0724],[-76.1576,45.1289],[-76.1435,45.1677],[-76.1191,45.1888],[-76.0926,45.2037],[-76.0642,45.2123],[-76.0109,45.1841],[-75.9327,45.1191],[-75.8977,45.0797],[-75.9059,45.0659],[-75.9242,45.0553],[-75.9527,45.0479],[-75.9647,45.0371],[-75.9603,45.023],[-75.9261,45.017],[-75.862,45.0192],[-75.8248,45.0122],[-75.8144,44.9958],[-75.8144,44.9831],[-75.8248,44.974],[-75.85,44.9712],[-75.89,44.9746],[-75.9229,44.9721],[-75.9486,44.9636],[-75.9403,44.9487],[-75.8979,44.9275],[-75.8775,44.9133],[-75.8791,44.9062],[-75.9086,44.8814],[-75.966,44.8389],[-76.0085,44.8138],[-76.0362,44.8061],[-76.07,44.8074],[-76.11,44.8177],[-76.1419,44.8393],[-76.1657,44.8721],[-76.1707,44.885],[-76.1569,44.878],[-76.1395,44.878],[-76.1185,44.885],[-76.1013,44.8991],[-76.088,44.9204],[-76.1036,44.94],[-76.1479,44.958],[-76.1881,44.9827],[-76.2244,45.0143],[-76.2394,45.0368]],[[-76.0924,45.1783],[-76.0704,45.1924],[-76.0547,45.1888],[-76.0452,45.1677],[-76.0529,45.1556],[-76.0776,45.1525],[-76.0933,45.1561],[-76.1,45.1662],[-76.0924,45.1783]],[[-76.0222,45.143],[-76.0031,45.143],[-75.9976,45.1397],[-76.0059,45.1332],[-76.0154,45.1332],[-76.0263,45.1397],[-76.0222,45.143]],[[-75.9816,44.8814],[-75.9563,44.8956],[-75.948,44.8956],[-75.9569,44.8814],[-75.9696,44.8743],[-75.986,44.8743],[-75.9816,44.8814]],[[-76.1265,44.8516],[-76.1155,44.8627],[-76.0841,44.8627],[-76.0324,44.8516],[-76.0124,44.8385],[-76.0241,44.8235],[-76.0555,44.8235],[-76.1065,44.8385],[-76.1265,44.8516]],[[-76.1673,45.0258],[-76.1291,45.074],[-76.087,45.0952],[-76.0411,45.0894],[-76.0229,45.0689],[-76.0326,45.0336],[-76.0468,45.0088],[-76.0655,44.9947],[-76.0886,44.9845],[-76.1162,44.9783],[-76.1441,44.9818],[-76.1723,44.9951],[-76.1673,45.0258]]]}},{"type":"Feature","properties":{"c":"#00ff00","v0":0.002,"v1":0.003},"geometry":{"type":"Polygon","coordinates":[[[-64.2326,45.2039],[-64.2175,45.2127],[-64.2046,45.2127],[-64.1938,45.2039],[-64.1938,45.1945],[-64.2046,45.1846],[-64.2175,45.1846],[-64.2326,45.1945],[-64.2326,45.2039]]]}},{"type":"Feature","properties":{"c":"#00ff00","v0":0.002,"v1":0.003},"geometry":{"type":"Polygon","coordinates":[[[-81.0967,45.1575],[-81.0789,45.1581],[-81.0697,45.1546],[-81.0692,45.1469],[-81.0742,45.1419],[-81.0847,45.1396],[-81.0939,45.1431],[-81.1017,45.1524],[-81.0967,45.1575]]]}},{"type":"Feature","properties":{"c":"#00ff00","v0":0.002,"v1":0.003},"geometry":{"type":"Polygon","coordinates":[[[-62.9598,45.061],[-62.9399,45.0947],[-62.91,45.1226],[-62.87,45.1447],[-62.8318,45.1561],[-62.7954,45.1568],[-62.7764,45.1465],[-62.7748,45.1254],[-62.803,45.1057],[-62.861,45.0875],[-62.9,45.0682],[-62.92,45.0479],[-62.9399,45.0393],[-62.9598,45.0425],[-62.9598,45.061]],[[-62.9461,45.0646],[-62.9354,45.0771],[-62.9292,45.0771],[-62.9275,45.0646],[-62.9329,45.0583],[-62.9453,45.0583],[-62.9461,45.0646]]]}},{"type":"Feature","properties":{"c":"#00ff00","v0":0.002,"v1":0.003},"geometry":{"type":"Polygon","coordinates":[[[-97.8337,45.1232],[-97.8179,45.1401],[-97.7981,45.1437],[-97.7742,45.1338],[-97.7692,45.1201],[-97.7831,45.1026],[-97.8029,45.099],[-97.8287,45.1095],[-97.8337,45.1232]],[[-97.8264,45.1215],[-97.8155,45.1348],[-97.8006,45.1384],[-97.7819,45.1321],[-97.7769,45.1219],[-97.7856,45.108],[-97.8005,45.1044],[-97.8214,45.1113],[-97.8264,45.1215]]]}},{"type":"Feature","properties":{"c":"#00ff00","v0":0.002,"v1":0.003},"geometry":{"type":"Polygon","coordinates":[[[-98.5109,45.1066],[-98.497,45.1183],[-98.4848,45.1183],[-98.4744,45.1066],[-98.4744,45.0949],[-98.4848,45.0833],[-98.497,45.0833],[-98.5109,45.0949],[-98.5109,45.1066]]]}},{"type":"Feature","properties":{"c":"#00ff00","v0":0.002,"v1":0.003},"geometry":{"type":"Polygon","coordinates":[[[-81.218,45.061],[-81.186,45.0945],[-81.155,45.11],[-81.125,45.1074],[-81.115,45.0713],[-81.125,45.0016],[-81.14,44.9676],[-81.16,44.9694],[-81.186,44.9888],[-81.218,45.0257],[-81.218,45.061]],[[-81.2105,45.0589],[-81.1835,45.0882],[-81.1567,45.1023],[-81.13,45.1012],[-81.1164,45.0901],[-81.1158,45.0689],[-81.1242,45.0482],[-81.1414,45.0279],[-81.1685,45.0244],[-81.2055,45.0376],[-81.2105,45.0589]],[[-81.1591,44.9905],[-81.153,44.9963],[-81.1462,44.9963],[-81.1385,44.9905],[-81.1385,44.9841],[-81.1462,44.9771],[-81.153,44.9771],[-81.1591,44.9841],[-81.1591,44.9905]]]}},{"type":"Feature","properties":{"c":"#00ff00","v0":0.002,"v1":0.003},"geometry":{"type":"Polygon","coordinates":[[[-81.41,45.0806],[-81.3967,45.0969],[-81.3778,45.1004],[-81.3534,45.0912],[-81.3434,45.0814],[-81.3478,45.071],[-81.365,45.0646],[-81.395,45.0621],[-81.4117,45.0638],[-81.415,45.0695],[-81.41,45.0806]]]}},{"type":"Feature","properties":{"c":"#00ff00","v0":0.002,"v1":0.003},"geometry":{"type":"Polygon","coordinates":[[[-64.7061,44.8235],[-64.6954,44.8352],[-64.6653,44.8458],[-64.616,44.8554],[-64.5907,44.8672],[-64.5894,44.8814],[-64.5645,44.8991],[-64.5161,44.9204],[-64.4982,44.9558],[-64.511,45.0053],[-64.5006,45.0467],[-64.4669,45.0801],[-64.4362,45.0907],[-64.4087,45.0785],[-64.4081,45.0618],[-64.4346,45.0406],[-64.4383,45.0182],[-64.4194,44.9946],[-64.4,44.9852],[-64.38,44.99],[-64.355,45.0086],[-64.325,45.0412],[-64.2861,45.047],[-64.2382,45.0263],[-64.2138,45.0088],[-64.2129,44.9947],[-64.2218,44.9842],[-64.2406,44.9775],[-64.26,44.9762],[-64.28,44.9803],[-64.3,44.9699],[-64.32,44.9449],[-64.35,44.9347],[-64.39,44.9393],[-64.4209,44.9283],[-64.4428,44.9018],[-64.4527,44.8779],[-64.4508,44.8566],[-64.4599,44.848],[-64.48,44.852],[-64.5,44.849],[-64.52,44.8392],[-64.555,44.8121],[-64.605,44.7676],[-64.6472,44.7492],[-64.6815,44.757],[-64.7019,44.775],[-64.7083,44.8034],[-64.7061,44.8235]],[[-64.2711,45.0163],[-64.2437,45.0171],[-64.229,45.01],[-64.2269,44.9951],[-64.2351,44.9876],[-64.2536,44.9876],[-64.2683,44.9947],[-64.2793,45.0088],[-64.2711,45.0163]],[[-64.6951,44.8004],[-64.6784,44.8227],[-64.6458,44.8333],[-64.5973,44.8323],[-64.5726,44.8247],[-64.5718,44.8105],[-64.591,44.7901],[-64.6303,44.7635],[-64.66,44.7534],[-64.68,44.7599],[-64.6934,44.7696],[-64.7001,44.7827],[-64.6951,44.8004]]]}},{"type":"Feature","properties":{"c":"#00ff00","v0":0.002,"v1":0.003},"geometry":{"type":"Polygon","coordinates":[[[-63.9386,44.9399],[-63.9195,44.9577],[-63.885,44.9704],[-63.835,44.978],[-63.8,44.9732],[-63.78,44.9562],[-63.755,44.9498],[-63.725,44.954],[-63.695,44.9516],[-63.665,44.9426],[-63.6457,44.9292],[-63.6372,44.9115],[-63.6372,44.8974],[-63.6457,44.887],[-63.67,44.8782],[-63.71,44.871],[-63.755,44.8817],[-63.805,44.9103],[-63.85,44.9211],[-63.89,44.9142],[-63.9195,44.9158],[-63.9386,44.9259],[-63.9386,44.9399]],[[-63.7707,44.9249],[-63.7302,44.941],[-63.6968,44.9445],[-63.6703,44.9355],[-63.6538,44.9239],[-63.6474,44.9098],[-63.6657,44.8966],[-63.7086,44.8845],[-63.7452,44.8881],[-63.7757,44.9073],[-63.7707,44.9249]],[[-63.9212,44.9387],[-63.9004,44.9541],[-63.8706,44.9611],[-63.8319,44.9599],[-63.8269,44.9499],[-63.8556,44.931],[-63.8854,44.9239],[-63.9162,44.9286],[-63.9212,44.9387]]]}},{"type":"Feature","properties":{"c":"#00ff00","v0":0.002,"v1":0.003},"geometry":{"type":"Polygon","coordinates":[[[-64.069,44.8885],[-64.0506,44.9168],[-64.0236,44.9301],[-63.9879,44.9282],[-63.9678,44.9212],[-63.9634,44.9088],[-63.9718,44.892],[-63.9932,44.8708],[-63.9819,44.8495],[-63.9377,44.8282],[-63.9135,44.8105],[-63.909,44.7963],[-63.9126,44.7823],[-63.9242,44.7686],[-63.945,44.7762],[-63.975,44.805],[-64.0063,44.819],[-64.0388,44.8181],[-64.0608,44.8318],[-64.0724,44.8602],[-64.069,44.8885]],[[-64.0548,44.8988],[-64.0383,44.9193],[-64.0157,44.9264],[-63.9871,44.92],[-63.9862,44.9027],[-64.0129,44.8743],[-64.0272,44.8512],[-64.0291,44.8332],[-64.0355,44.8261],[-64.0465,44.8299],[-64.0548,44.846],[-64.0603,44.8743],[-64.0548,44.8988]]]}},{"type":"Feature","properties":{"c":"#00ff00","v0":0.002,"v1":0.003},"geometry":{"type":"Polygon","coordinates":[[[-63.5559,44.8956],[-63.5473,44.9098],[-63.5298,44.9143],[-63.5033,44.9092],[-63.4878,44.888],[-63.4835,44.8505],[-63.4976,44.8353],[-63.5301,44.8424],[-63.5498,44.8566],[-63.5567,44.8779],[-63.5559,44.8956]],[[-63.5393,44.893],[-63.5331,44.9019],[-63.5249,44.9054],[-63.5147,44.9036],[-63.5085,44.8885],[-63.5063,44.8602],[-63.5146,44.8566],[-63.5332,44.8779],[-63.5393,44.893]]]}},{"type":"Feature","properties":{"c":"#00ff00","v0":0.002,"v1":0.003},"geometry":{"type":"Polygon","coordinates":[[[-63.8497,44.7675],[-63.8366,44.781],[-63.816,44.7845],[-63.788,44.7782],[-63.783,44.7641],[-63.801,44.7422],[-63.8216,44.7386],[-63.8447,44.7534],[-63.8497,44.7675]],[[-63.8365,44.766],[-63.8188,44.7765],[-63.8039,44.7765],[-63.7918,44.766],[-63.7918,44.7553],[-63.8039,44.7443],[-63.8188,44.7443],[-63.8365,44.7553],[-63.8365,44.766]]]}},{"type":"Feature","properties":{"c":"#00ff00","v0":0.002,"v1":0.003},"geometry":{"type":"Polygon","coordinates":[[[-63.7622,44.683],[-63.7541,44.6978],[-63.74,44.7081],[-63.72,44.7139],[-63.704,44.7136],[-63.6919,44.7072],[-63.6837,44.6898],[-63.6794,44.6613],[-63.6854,44.6445],[-63.7018,44.6394],[-63.7241,44.6465],[-63.7522,44.6659],[-63.7622,44.683]],[[-63.7345,44.6824],[-63.7182,44.696],[-63.705,44.6901],[-63.695,44.6646],[-63.6956,44.6507],[-63.7068,44.6483],[-63.72,44.6542],[-63.7351,44.6684],[-63.7345,44.6824]]]}},{"type":"Feature","properties":{"c":"#00ff00","v0":0.002,"v1":0.003},"geometry":{"type":"Polygon","coordinates":[[[-97.3978,44.5802],[-97.3793,44.5888],[-97.3661,44.5888],[-97.3584,44.5802],[-97.3634,44.5709],[-97.3811,44.5609],[-97.3943,44.5609],[-97.4028,44.5709],[-97.3978,44.5802]]]}},{"type":"Feature","properties":{"c":"#00ff00","v0":0.002,"v1":0.003},"geometry":{"type":"Polygon","coordinates":[[[-96.521,44.3761],[-96.468,44.4333],[-96.4475,44.4297],[-96.4596,44.3654],[-96.4767,44.3292],[-96.4989,44.3212],[-96.5194,44.3247],[-96.5381,44.3399],[-96.521,44.3761]],[[-96.4888,44.3962],[-96.4763,44.4077],[-96.4672,44.4113],[-96.4617,44.4069],[-96.4667,44.3969],[-96.4822,44.3814],[-96.4913,44.3778],[-96.4938,44.3862],[-96.4888,44.3962]]]}},{"type":"Feature","properties":{"c":"#00ff00","v0":0.002,"v1":0.003},"geometry":{"type":"Polygon","coordinates":[[[-97.6469,44.3403],[-97.6401,44.3546],[-97.6285,44.3618],[-97.6122,44.3618],[-97.6106,44.3541],[-97.6235,44.3386],[-97.6351,44.3315],[-97.6453,44.3326],[-97.6469,44.3403]]]}},{"type":"Feature","properties":{"c":"#00ff00","v0":0.002,"v1":0.003},"geometry":{"type":"Polygon","coordinates":[[[-79.6889,44.1058],[-79.6763,44.1097],[-79.67,44.1057],[-79.67,44.094],[-79.6763,44.0921],[-79.6889,44.0999],[-79.6889,44.1058]]]}},{"type":"Feature","properties":{"c":"#00ff00","v0":0.002,"v1":0.003},"geometry":{"type":"Polygon","coordinates":[[[-79.6198,43.9991],[-79.5999,44.0198],[-79.55,44.0137],[-79.47,43.9808],[-79.41,43.9641],[-79.37,43.9636],[-79.3466,43.9481],[-79.3398,43.9176],[-79.3548,43.885],[-79.3916,43.8501],[-79.44,43.8354],[-79.5,43.8409],[-79.5177,43.8511],[-79.4931,43.8661],[-79.4781,43.882],[-79.4727,43.8988],[-79.5,43.9045],[-79.56,43.8989],[-79.5977,43.9049],[-79.6131,43.9224],[-79.623,43.9456],[-79.6275,43.9744],[-79.6198,43.9991]],[[-79.6189,43.9939],[-79.613,44.004],[-79.6,44.0105],[-79.58,44.0135],[-79.5527,44.0049],[-79.5181,43.9846],[-79.5081,43.9577],[-79.5227,43.9243],[-79.54,43.906],[-79.56,43.9027],[-79.5769,43.905],[-79.5908,43.9129],[-79.6038,43.9348],[-79.6159,43.9708],[-79.6189,43.9939]]]}},{"type":"Feature","properties":{"c":"#00ff00","v0":0.002,"v1":0.003},"geometry":{"type":"Polygon","coordinates":[[[-79.2611,43.8354],[-79.2404,43.8456],[-79.2246,43.8456],[-79.2137,43.8354],[-79.2187,43.8259],[-79.2396,43.817],[-79.2554,43.817],[-79.2661,43.8259],[-79.2611,43.8354]]]}},{"type":"Feature","properties":{"c":"#00ff00","v0":0.002,"v1":0.003},"geometry":{"type":"Polygon","coordinates":[[[-79.7549,43.7769],[-79.7383,43.7857],[-79.7253,43.7857],[-79.716,43.7769],[-79.716,43.7683],[-79.7253,43.7597],[-79.7383,43.7597],[-79.7549,43.7683],[-79.7549,43.7769]]]}},{"type":"Feature","properties":{"c":"#00ff00","v0":0.002,"v1":0.003},"geometry":{"type":"Polygon","coordinates":[[[-79.5051,43.6376],[-79.4817,43.6568],[-79.4604,43.6604],[-79.4412,43.6484],[-79.4412,43.6337],[-79.4604,43.6161],[-79.4817,43.6125],[-79.5051,43.6228],[-79.5051,43.6376]],[[-79.4964,43.6357],[-79.4788,43.6512],[-79.4629,43.6549],[-79.4486,43.6466],[-79.4486,43.6356],[-79.4629,43.6218],[-79.4788,43.6182],[-79.4964,43.6247],[-79.4964,43.6357]]]}},{"type":"Feature","properties":{"c":"#00ff00","v0":0.002,"v1":0.003},"geometry":{"type":"Polygon","coordinates":[[[-96.7954,43.4975],[-96.777,43.4975],[-96.7733,43.4935],[-96.7844,43.4854],[-96.7937,43.4854],[-96.801,43.4935],[-96.7954,43.4975]]]}},{"type":"Feature","properties":{"c":"#00ff00","v0":0.002,"v1":0.003},"geometry":{"type":"Polygon","coordinates":[[[-80.9186,43.21],[-80.9129,43.2168],[-80.9034,43.2168],[-80.8903,43.21],[-80.8903,43.2022],[-80.9034,43.1933],[-80.9129,43.1933],[-80.9186,43.2022],[-80.9186,43.21]]]}},{"type":"Feature","properties":{"c":"#00ff00","v0":0.002,"v1":0.003},"geometry":{"type":"Polygon","coordinates":[[[-99.1779,43.1527],[-99.1726,43.1616],[-99.165,43.1633],[-99.155,43.158],[-99.15,43.1466],[-99.15,43.1289],[-99.155,43.1201],[-99.165,43.12],[-99.1726,43.127],[-99.1779,43.1412],[-99.1779,43.1527]]]}},{"type":"Feature","properties":{"c":"#00ff00","v0":0.002,"v1":0.003},"geometry":{"type":"Polygon","coordinates":[[[-96.5939,43.1084],[-96.578,43.1162],[-96.562,43.1162],[-96.546,43.1084],[-96.546,43.0995],[-96.562,43.0895],[-96.578,43.0895],[-96.5939,43.0995],[-96.5939,43.1084]]]}},{"type":"Feature","properties":{"c":"#00ff00","v0":0.002,"v1":0.003},"geometry":{"type":"Polygon","coordinates":[[[-99.1734,43.0387],[-99.1652,43.0534],[-99.1473,43.057],[-99.1199,43.0497],[-99.1171,43.0376],[-99.139,43.0208],[-99.1569,43.0171],[-99.1706,43.0267],[-99.1734,43.0387]]]}},{"type":"Feature","properties":{"c":"#00ff00","v0":0.002,"v1":0.003},"geometry":{"type":"Polygon","coordinates":[[[-98.9886,43.0482],[-98.9762,43.0525],[-98.9671,43.0489],[-98.9612,43.0372],[-98.9674,43.0351],[-98.9857,43.0424],[-98.9886,43.0482]]]}},{"type":"Feature","properties":{"c":"#00ff00","v0":0.002,"v1":0.003},"geometry":{"type":"Polygon","coordinates":[[[-96.75,43.0097],[-96.7367,43.0246],[-96.72,43.0347],[-96.7,43.04],[-96.687,43.0398],[-96.6809,43.0342],[-96.6909,43.0232],[-96.717,43.0067],[-96.7367,42.9994],[-96.75,43.0012],[-96.75,43.0097]]]}},{"type":"Feature","properties":{"c":"#00ff00","v0":0.002,"v1":0.003},"geometry":{"type":"Polygon","coordinates":[[[-100.2962,42.7817],[-100.2787,42.8098],[-100.24,42.8331],[-100.18,42.8518],[-100.125,42.856],[-100.075,42.8459],[-100.03,42.8488],[-99.99,42.8646],[-99.9392,42.8719],[-99.8777,42.8709],[-99.8546,42.8887],[-99.8699,42.9253],[-99.8657,42.9491],[-99.8419,42.96],[-99.8173,42.9563],[-99.792,42.9381],[-99.777,42.9158],[-99.7723,42.8892],[-99.72,42.8739],[-99.62,42.8698],[-99.5529,42.8464],[-99.5188,42.8037],[-99.5088,42.7784],[-99.5229,42.7704],[-99.5359,42.7741],[-99.5477,42.7894],[-99.5627,42.798],[-99.5809,42.7998],[-99.605,42.7916],[-99.635,42.7735],[-99.675,42.7628],[-99.725,42.7595],[-99.785,42.7457],[-99.855,42.7214],[-99.925,42.7181],[-99.995,42.7358],[-100.055,42.7449],[-100.105,42.7455],[-100.16,42.7396],[-100.22,42.7272],[-100.2613,42.7253],[-100.2839,42.734],[-100.2977,42.7457],[-100.3026,42.7604],[-100.2962,42.7817]],[[-99.855,42.9344],[-99.8383,42.9453],[-99.8223,42.9416],[-99.8069,42.9235],[-99.8069,42.9109],[-99.8223,42.9039],[-99.8383,42.9075],[-99.855,42.9219],[-99.855,42.9344]],[[-99.7339,42.8216],[-99.718,42.8414],[-99.68,42.8534],[-99.62,42.8577],[-99.5833,42.8551],[-99.5698,42.8458],[-99.5648,42.836],[-99.5683,42.8259],[-99.595,42.808],[-99.645,42.7824],[-99.6846,42.7727],[-99.7139,42.7792],[-99.7318,42.7897],[-99.7385,42.8044],[-99.7339,42.8216]],[[-100.2842,42.7796],[-100.2614,42.8033],[-100.225,42.8097],[-100.175,42.7989],[-100.156,42.8017],[-100.1681,42.8182],[-100.1631,42.833],[-100.141,42.8462],[-100.11,42.8459],[-100.07,42.8322],[-100.015,42.8329],[-99.945,42.8482],[-99.8839,42.8448],[-99.8316,42.8227],[-99.8127,42.8044],[-99.8272,42.7897],[-99.8323,42.7714],[-99.828,42.7493],[-99.8369,42.7333],[-99.859,42.7234],[-99.925,42.7281],[-100.035,42.7476],[-100.1,42.7639],[-100.12,42.7771],[-100.15,42.7703],[-100.19,42.7433],[-100.225,42.7303],[-100.255,42.7312],[-100.2764,42.7406],[-100.2892,42.7587],[-100.2842,42.7796]]]}},{"type":"Feature","properties":{"c":"#00ff00","v0":0.002,"v1":0.003},"geometry":{"type":"Polygon","coordinates":[[[-96.961,42.8475],[-96.9403,42.8603],[-96.9208,42.8603],[-96.9023,42.8475],[-96.9023,42.8343],[-96.9208,42.8207],[-96.9403,42.8207],[-96.961,42.8343],[-96.961,42.8475]],[[-96.9491,42.8447],[-96.9364,42.852],[-96.9242,42.852],[-96.9127,42.8447],[-96.9127,42.8366],[-96.9242,42.8276],[-96.9364,42.8276],[-96.9491,42.8366],[-96.9491,42.8447]]]}},{"type":"Feature","properties":{"c":"#00ff00","v0":0.002,"v1":0.003},"geometry":{"type":"Polygon","coordinates":[[[-99.3727,42.7133],[-99.3709,42.722],[-99.36,42.7263],[-99.34,42.726],[-99.335,42.717],[-99.345,42.6994],[-99.3559,42.6951],[-99.3677,42.7043],[-99.3727,42.7133]]]}},{"type":"Feature","properties":{"c":"#00ff00","v0":0.002,"v1":0.003},"geometry":{"type":"Polygon","coordinates":[[[-99.8458,42.5127],[-99.8086,42.5323],[-99.7753,42.536],[-99.746,42.5237],[-99.7378,42.5028],[-99.7508,42.4733],[-99.7654,42.4551],[-99.7818,42.4481],[-99.8014,42.4481],[-99.8241,42.4551],[-99.8427,42.4696],[-99.8572,42.4918],[-99.8458,42.5127]],[[-99.8213,42.4935],[-99.8138,42.5044],[-99.8011,42.5081],[-99.7834,42.5046],[-99.7784,42.4938],[-99.7861,42.4759],[-99.7988,42.4722],[-99.8163,42.4828],[-99.8213,42.4935]]]}},{"type":"Feature","properties":{"c":"#00ff00","v0":0.002,"v1":0.003},"geometry":{"type":"Polygon","coordinates":[[[-100.0645,42.4783],[-100.0548,42.4882],[-100.0398,42.4882],[-100.0194,42.4783],[-100.0144,42.469],[-100.0248,42.4603],[-100.0398,42.4603],[-100.0595,42.469],[-100.0645,42.4783]]]}},{"type":"Feature","properties":{"c":"#00ff00","v0":0.002,"v1":0.003},"geometry":{"type":"Polygon","coordinates":[[[-99.9947,42.2479],[-99.954,42.2405],[-99.919,42.2257],[-99.8898,42.2035],[-99.8939,42.1893],[-99.9313,42.1832],[-99.9663,42.198],[-99.9988,42.2338],[-99.9947,42.2479]]]}},{"type":"Feature","properties":{"c":"#00ff00","v0":0.002,"v1":0.003},"geometry":{"type":"Polygon","coordinates":[[[-99.796,42.1982],[-99.7387,42.2098],[-99.685,42.2276],[-99.635,42.2518],[-99.6,42.2622],[-99.58,42.259],[-99.5667,42.2522],[-99.56,42.242],[-99.5712,42.222],[-99.6003,42.1924],[-99.6175,42.1665],[-99.623,42.1442],[-99.6468,42.1353],[-99.6889,42.1397],[-99.725,42.1315],[-99.755,42.1107],[-99.7779,42.101],[-99.7936,42.1026],[-99.7991,42.1145],[-99.7945,42.1368],[-99.8003,42.159],[-99.8165,42.1813],[-99.796,42.1982]],[[-99.7141,42.1924],[-99.6712,42.222],[-99.6343,42.2368],[-99.6036,42.2368],[-99.6037,42.2215],[-99.6346,42.1909],[-99.6714,42.1761],[-99.7141,42.1771],[-99.7141,42.1924]]]}},{"type":"Feature","properties":{"c":"#00ff00","v0":0.002,"v1":0.003},"geometry":{"type":"Polygon","coordinates":[[[-98.7216,42.2547],[-98.7139,42.2609],[-98.7031,42.2609],[-98.6892,42.2547],[-98.6892,42.2488],[-98.7031,42.243],[-98.7139,42.243],[-98.7216,42.2488],[-98.7216,42.2547]]]}},{"type":"Feature","properties":{"c":"#00ff00","v0":0.002,"v1":0.003},"geometry":{"type":"Polygon","coordinates":[[[-100.1589,42.2043],[-100.1396,42.2282],[-100.12,42.243],[-100.1,42.2485],[-100.085,42.2311],[-100.075,42.1905],[-100.09,42.1701],[-100.13,42.17],[-100.1546,42.1755],[-100.1639,42.1868],[-100.1589,42.2043]]]}},{"type":"Feature","properties":{"c":"#00ff00","v0":0.002,"v1":0.003},"geometry":{"type":"Polygon","coordinates":[[[-99.4675,42.1664],[-99.4292,42.2032],[-99.3834,42.2106],[-99.3303,42.1886],[-99.3308,42.1665],[-99.3847,42.1442],[-99.4304,42.1368],[-99.4679,42.1442],[-99.4675,42.1664]],[[-99.4418,42.1682],[-99.4206,42.1791],[-99.4021,42.1828],[-99.3863,42.1793],[-99.3969,42.1739],[-99.4339,42.1665],[-99.4418,42.1682]]]}},{"type":"Feature","properties":{"c":"#00ff00","v0":0.002,"v1":0.003},"geometry":{"type":"Polygon","coordinates":[[[-100.6071,41.9065],[-100.5642,41.9586],[-100.5146,41.9896],[-100.4582,41.9997],[-100.4049,41.9923],[-100.3548,41.9673],[-100.3198,41.9335],[-100.2999,41.8907],[-100.265,41.875],[-100.215,41.8863],[-100.1722,41.8854],[-100.1367,41.8722],[-100.1167,41.8581],[-100.1122,41.8432],[-100.13,41.8259],[-100.17,41.8061],[-100.235,41.7884],[-100.325,41.7727],[-100.38,41.7771],[-100.4,41.8016],[-100.4237,41.8156],[-100.4512,41.8191],[-100.4662,41.8323],[-100.4687,41.8552],[-100.495,41.8586],[-100.545,41.8424],[-100.5846,41.8458],[-100.6139,41.8689],[-100.6071,41.9065]],[[-100.2831,41.8273],[-100.261,41.8404],[-100.2366,41.8441],[-100.2099,41.8385],[-100.2099,41.8298],[-100.2366,41.8179],[-100.261,41.8142],[-100.2831,41.8186],[-100.2831,41.8273]],[[-100.5716,41.9028],[-100.5504,41.9474],[-100.5274,41.9745],[-100.5025,41.984],[-100.4811,41.9877],[-100.4632,41.9856],[-100.4274,41.9623],[-100.3736,41.9176],[-100.3525,41.8885],[-100.3642,41.8748],[-100.395,41.8746],[-100.445,41.8878],[-100.49,41.886],[-100.53,41.8693],[-100.558,41.8658],[-100.5741,41.8755],[-100.5716,41.9028]],[[-100.3652,41.7942],[-100.3551,41.8006],[-100.3459,41.8006],[-100.3377,41.7942],[-100.3428,41.791],[-100.3611,41.791],[-100.3652,41.7942]]]}},{"type":"Feature","properties":{"c":"#00ff00","v0":0.002,"v1":0.003},"geometry":{"type":"Polygon","coordinates":[[[-100.0105,41.9382],[-99.9568,41.9645],[-99.905,41.9782],[-99.855,41.9793],[-99.81,41.9755],[-99.77,41.9668],[-99.7403,41.9531],[-99.721,41.9344],[-99.726,41.9207],[-99.7553,41.9121],[-99.795,41.9163],[-99.845,41.9334],[-99.9,41.9323],[-99.96,41.913],[-100.0018,41.9087],[-100.0255,41.9196],[-100.0105,41.9382]]]}},{"type":"Feature","properties":{"c":"#00ff00","v0":0.002,"v1":0.003},"geometry":{"type":"Polygon","coordinates":[[[-99.9394,41.8381],[-99.8931,41.8428],[-99.8629,41.8391],[-99.8488,41.8269],[-99.8638,41.8202],[-99.9079,41.8188],[-99.9381,41.8225],[-99.9544,41.8313],[-99.9394,41.8381]]]}},{"type":"Feature","properties":{"c":"#00ff00","v0":0.002,"v1":0.003},"geometry":{"type":"Polygon","coordinates":[[[-98.5354,41.6305],[-98.5092,41.638],[-98.4976,41.638],[-98.5006,41.6305],[-98.5138,41.6268],[-98.537,41.6268],[-98.5354,41.6305]]]}},{"type":"Feature","properties":{"c":"#00ff00","v0":0.002,"v1":0.003},"geometry":{"type":"Polygon","coordinates":[[[-101.5515,41.3369],[-101.5238,41.3567],[-101.4959,41.3604],[-101.4678,41.3482],[-101.4578,41.3315],[-101.4659,41.3103],[-101.48,41.2959],[-101.5,41.2882],[-101.5197,41.2876],[-101.539,41.2939],[-101.5528,41.3045],[-101.5611,41.3195],[-101.5515,41.3369]],[[-101.5434,41.3349],[-101.5211,41.3507],[-101.4984,41.3507],[-101.4752,41.3349],[-101.4752,41.3184],[-101.4984,41.3011],[-101.5211,41.3011],[-101.5434,41.3184],[-101.5434,41.3349]]]}},{"type":"Feature","properties":{"c":"#00ff00","v0":0.002,"v1":0.003},"geometry":{"type":"Polygon","coordinates":[[[-99.6061,41.3311],[-99.5954,41.3393],[-99.5848,41.3393],[-99.5744,41.3311],[-99.5797,41.327],[-99.6009,41.327],[-99.6061,41.3311]]]}},{"type":"Feature","properties":{"c":"#00ff00","v0":0.002,"v1":0.003},"geometry":{"type":"Polygon","coordinates":[[[-98.7442,41.3011],[-98.7347,41.3093],[-98.73,41.307],[-98.73,41.2944],[-98.7347,41.2903],[-98.7442,41.2948],[-98.7442,41.3011]]]}},{"type":"Feature","properties":{"c":"#00ff00","v0":0.002,"v1":0.003},"geometry":{"type":"Polygon","coordinates":[[[-99.54,41.2979],[-99.52,41.2997],[-99.51,41.293],[-99.51,41.2778],[-99.52,41.2769],[-99.54,41.2903],[-99.54,41.2979]]]}},{"type":"Feature","properties":{"c":"#00ff00","v0":0.002,"v1":0.003},"geometry":{"type":"Polygon","coordinates":[[[-105.4145,41.2572],[-105.3982,41.2678],[-105.3848,41.2678],[-105.3745,41.2572],[-105.3827,41.2519],[-105.4093,41.2519],[-105.4145,41.2572]]]}},{"type":"Feature","properties":{"c":"#00ff00","v0":0.002,"v1":0.003},"geometry":{"type":"Polygon","coordinates":[[[-105.1183,41.0998],[-105.0861,41.1269],[-105.035,41.1401],[-104.965,41.1392],[-104.9219,41.1444],[-104.9058,41.1559],[-104.8984,41.1729],[-104.8997,41.1955],[-104.8959,41.2068],[-104.8869,41.2068],[-104.8821,41.1767],[-104.8814,41.1164],[-104.9022,41.0674],[-104.9445,41.0297],[-104.9767,41.0097],[-104.9989,41.0073],[-105.0411,41.0262],[-105.1033,41.0662],[-105.1183,41.0998]],[[-105.1103,41.0945],[-105.0968,41.111],[-105.065,41.1207],[-105.015,41.1237],[-104.9826,41.1192],[-104.9678,41.1073],[-104.9573,41.0863],[-104.9512,41.0561],[-104.9636,41.0362],[-104.9945,41.0264],[-105.0368,41.0378],[-105.0903,41.0701],[-105.1103,41.0945]]]}},{"type":"Feature","properties":{"c":"#00ff00","v0":0.002,"v1":0.003},"geometry":{"type":"Polygon","coordinates":[[[-104.7144,41.1825],[-104.6981,41.1941],[-104.675,41.1942],[-104.645,41.1828],[-104.6273,41.1619],[-104.6218,41.1316],[-104.6418,41.116],[-104.6873,41.1152],[-104.7131,41.1303],[-104.7194,41.1612],[-104.7144,41.1825]]]}},{"type":"Feature","properties":{"c":"#00ff00","v0":0.002,"v1":0.003},"geometry":{"type":"Polygon","coordinates":[[[-105.3841,41.1678],[-105.348,41.1802],[-105.315,41.1844],[-105.285,41.1805],[-105.2621,41.1705],[-105.2462,41.1546],[-105.2387,41.1353],[-105.2394,41.1127],[-105.2473,41.0954],[-105.2624,41.0835],[-105.28,41.0792],[-105.3,41.0824],[-105.333,41.1034],[-105.3791,41.1422],[-105.3841,41.1678]],[[-105.3139,41.1375],[-105.2846,41.1496],[-105.2635,41.1496],[-105.2506,41.1375],[-105.2455,41.124],[-105.2482,41.1089],[-105.2596,41.097],[-105.2799,41.0881],[-105.2996,41.0957],[-105.3189,41.1196],[-105.3139,41.1375]]]}},{"type":"Feature","properties":{"c":"#00ff00","v0":0.002,"v1":0.003},"geometry":{"type":"Polygon","coordinates":[[[-98.8277,41.0863],[-98.8107,41.0863],[-98.7958,41.0787],[-98.7831,41.0637],[-98.7851,41.0553],[-98.8017,41.0537],[-98.8166,41.0612],[-98.8297,41.0779],[-98.8277,41.0863]]]}},{"type":"Feature","properties":{"c":"#00ff00","v0":0.002,"v1":0.003},"geometry":{"type":"Polygon","coordinates":[[[-99.3038,40.9154],[-99.2813,40.9358],[-99.245,40.9492],[-99.195,40.9554],[-99.1632,40.9527],[-99.1496,40.9411],[-99.1433,40.924],[-99.1443,40.9013],[-99.1111,40.8829],[-99.0437,40.8687],[-99.0079,40.8687],[-99.0038,40.8829],[-99.0238,40.9038],[-99.0679,40.9313],[-99.0779,40.9464],[-99.0536,40.9491],[-99.0157,40.9316],[-98.9642,40.8938],[-98.9475,40.8522],[-98.9658,40.8068],[-98.9687,40.7703],[-98.9562,40.7426],[-98.99,40.7223],[-99.07,40.7095],[-99.1135,40.7082],[-99.1205,40.7184],[-99.113,40.7348],[-99.0912,40.7576],[-99.0827,40.778],[-99.0876,40.796],[-99.095,40.8096],[-99.105,40.8186],[-99.125,40.8196],[-99.155,40.8127],[-99.19,40.8137],[-99.23,40.8229],[-99.2663,40.8469],[-99.2988,40.8857],[-99.3038,40.9154]],[[-99.0712,40.8344],[-99.0571,40.8442],[-99.0353,40.8442],[-99.006,40.8344],[-98.996,40.8127],[-99.0053,40.7791],[-99.02,40.7621],[-99.04,40.7616],[-99.0571,40.7784],[-99.0712,40.8125],[-99.0712,40.8344]],[[-99.2419,40.8976],[-99.2301,40.9127],[-99.2128,40.9202],[-99.1899,40.9202],[-99.1864,40.9038],[-99.2021,40.8709],[-99.215,40.8531],[-99.225,40.8503],[-99.2344,40.8592],[-99.2433,40.8797],[-99.2419,40.8976]]]}},{"type":"Feature","properties":{"c":"#00ff00","v0":0.002,"v1":0.003},"geometry":{"type":"Polygon","coordinates":[[[-98.7945,40.8447],[-98.7648,40.875],[-98.74,40.8885],[-98.72,40.8851],[-98.7039,40.8661],[-98.6918,40.8316],[-98.6892,40.7954],[-98.6962,40.7576],[-98.7173,40.7352],[-98.7524,40.7284],[-98.7798,40.7511],[-98.7995,40.8034],[-98.7945,40.8447]],[[-98.7682,40.7992],[-98.7561,40.8295],[-98.745,40.8456],[-98.735,40.8476],[-98.7298,40.8249],[-98.7294,40.7775],[-98.7394,40.7561],[-98.7598,40.7608],[-98.7711,40.7684],[-98.7732,40.7789],[-98.7682,40.7992]]]}},{"type":"Feature","properties":{"c":"#00ff00","v0":0.002,"v1":0.003},"geometry":{"type":"Polygon","coordinates":[[[-98.53,40.727],[-98.5167,40.7341],[-98.4996,40.7303],[-98.4789,40.7156],[-98.4856,40.7121],[-98.5196,40.7197],[-98.53,40.727]]]}},{"type":"Feature","properties":{"c":"#00ff00","v0":0.002,"v1":0.003},"geometry":{"type":"Polygon","coordinates":[[[-101.0381,40.6261],[-101.0194,40.6438],[-100.9973,40.6476],[-100.9719,40.6375],[-100.9669,40.6185],[-100.9823,40.5907],[-101.0044,40.5869],[-101.0331,40.6071],[-101.0381,40.6261]],[[-101.0256,40.6241],[-101.0019,40.6377],[-100.9845,40.6377],[-100.9735,40.6241],[-100.9735,40.6106],[-100.9845,40.5973],[-101.0019,40.5973],[-101.0256,40.6106],[-101.0256,40.6241]]]}},{"type":"Feature","properties":{"c":"#00ff00","v0":0.002,"v1":0.003},"geometry":{"type":"Polygon","coordinates":[[[-99.5387,40.5474],[-99.5329,40.5595],[-99.5119,40.5671],[-99.4756,40.5702],[-99.4522,40.5831],[-99.4417,40.6059],[-99.4298,40.6196],[-99.4166,40.6241],[-99.395,40.6248],[-99.365,40.6216],[-99.3292,40.6269],[-99.2876,40.6407],[-99.2578,40.6438],[-99.2398,40.6363],[-99.2262,40.6211],[-99.217,40.5983],[-99.2068,40.5866],[-99.1956,40.5861],[-99.165,40.5987],[-99.115,40.6244],[-99.082,40.636],[-99.0661,40.6337],[-99.0638,40.6135],[-99.0752,40.5755],[-99.1077,40.5489],[-99.1613,40.5337],[-99.2055,40.5147],[-99.2403,40.4919],[-99.2558,40.4702],[-99.2519,40.4497],[-99.2631,40.4344],[-99.2892,40.4246],[-99.2958,40.4044],[-99.2829,40.3739],[-99.2945,40.3472],[-99.3306,40.3244],[-99.349,40.291],[-99.3497,40.2472],[-99.3642,40.2319],[-99.3927,40.2452],[-99.409,40.2672],[-99.4131,40.2977],[-99.4237,40.3244],[-99.4407,40.3472],[-99.4414,40.3663],[-99.4256,40.3815],[-99.4204,40.412],[-99.4258,40.4577],[-99.4439,40.4928],[-99.4746,40.5175],[-99.5029,40.5327],[-99.5287,40.5385],[-99.5387,40.5474]],[[-99.4486,40.5455],[-99.4229,40.5539],[-99.41,40.5692],[-99.41,40.5915],[-99.39,40.6025],[-99.35,40.6023],[-99.3045,40.5832],[-99.2536,40.5451],[-99.2786,40.5245],[-99.3795,40.5214],[-99.4379,40.5252],[-99.4536,40.5359],[-99.4486,40.5455]],[[-99.3881,40.4274],[-99.376,40.4429],[-99.3579,40.4505],[-99.3336,40.4502],[-99.3286,40.4368],[-99.3429,40.4104],[-99.361,40.4028],[-99.3831,40.414],[-99.3881,40.4274]],[[-99.3957,40.2738],[-99.3919,40.2872],[-99.385,40.2923],[-99.375,40.2892],[-99.3651,40.2787],[-99.3553,40.2608],[-99.3539,40.2481],[-99.3609,40.2404],[-99.3727,40.2443],[-99.3893,40.2595],[-99.3957,40.2738]]]}},{"type":"Feature","properties":{"c":"#00ff00","v0":0.002,"v1":0.003},"geometry":{"type":"Polygon","coordinates":[[[-100.2388,40.4501],[-100.2046,40.4501],[-100.1981,40.4436],[-100.2194,40.4307],[-100.2365,40.4307],[-100.2494,40.4436],[-100.2388,40.4501]]]}},{"type":"Feature","properties":{"c":"#00ff00","v0":0.002,"v1":0.003},"geometry":{"type":"Polygon","coordinates":[[[-100.0061,40.4247],[-99.9954,40.4348],[-99.94,40.4344],[-99.84,40.4236],[-99.76,40.4225],[-99.7,40.4311],[-99.6629,40.4314],[-99.6487,40.4235],[-99.6587,40.4063],[-99.6929,40.3797],[-99.73,40.3691],[-99.77,40.3744],[-99.815,40.3656],[-99.865,40.3427],[-99.905,40.3341],[-99.935,40.3398],[-99.9505,40.3505],[-99.9514,40.3661],[-99.9668,40.3853],[-99.9965,40.4082],[-100.0061,40.4247]],[[-99.9098,40.3851],[-99.8966,40.3769],[-99.895,40.3713],[-99.905,40.3684],[-99.9116,40.3725],[-99.9148,40.3836],[-99.9098,40.3851]]]}},{"type":"Feature","properties":{"c":"#00ff00","v0":0.002,"v1":0.003},"geometry":{"type":"Polygon","coordinates":[[[-99.5933,40.4234],[-99.5835,40.431],[-99.5615,40.4271],[-99.5272,40.4115],[-99.515,40.4007],[-99.525,40.3946],[-99.5471,40.3986],[-99.5812,40.4126],[-99.5933,40.4234]]]}},{"type":"Feature","properties":{"c":"#00ff00","v0":0.002,"v1":0.003},"geometry":{"type":"Polygon","coordinates":[[[-99.1886,40.3481],[-99.1762,40.3574],[-99.1496,40.3612],[-99.1087,40.3595],[-99.0898,40.3358],[-99.0929,40.29],[-99.1035,40.2672],[-99.1216,40.2672],[-99.1466,40.2862],[-99.1787,40.3244],[-99.1886,40.3481]]]}},{"type":"Feature","properties":{"c":"#00ff00","v0":0.002,"v1":0.003},"geometry":{"type":"Polygon","coordinates":[[[-101.5883,40.1473],[-101.5628,40.1825],[-101.535,40.2028],[-101.505,40.2081],[-101.471,40.1828],[-101.4329,40.127],[-101.4229,40.093],[-101.441,40.081],[-101.475,40.0749],[-101.525,40.0747],[-101.5628,40.0884],[-101.5883,40.1159],[-101.5883,40.1473]],[[-101.5801,40.1438],[-101.56,40.172],[-101.54,40.1896],[-101.52,40.1967],[-101.4929,40.1864],[-101.4588,40.1588],[-101.439,40.1335],[-101.4336,40.1105],[-101.4607,40.0959],[-101.5202,40.0896],[-101.56,40.0972],[-101.5801,40.1189],[-101.5801,40.1438]]]}},{"type":"Feature","properties":{"c":"#00ff00","v0":0.002,"v1":0.003},"geometry":{"type":"Polygon","coordinates":[[[-100.5254,40.0876],[-100.5139,40.0952],[-100.5086,40.0931],[-100.5095,40.0812],[-100.5153,40.0774],[-100.5259,40.0816],[-100.5254,40.0876]]]}},{"type":"Feature","properties":{"c":"#00ff00","v0":0.002,"v1":0.003},"geometry":{"type":"Polygon","coordinates":[[[-101.764,39.9861],[-101.7547,40.0051],[-101.73,40.012],[-101.69,40.0067],[-101.65,40.0184],[-101.61,40.0471],[-101.578,40.0555],[-101.554,40.0437],[-101.5418,40.0302],[-101.5413,40.0149],[-101.5534,39.9927],[-101.5778,39.9636],[-101.615,39.9386],[-101.665,39.9177],[-101.7,39.9104],[-101.72,39.9167],[-101.7397,39.934],[-101.759,39.9624],[-101.764,39.9861]],[[-101.7514,39.9851],[-101.7371,40.0021],[-101.71,40.005],[-101.67,39.9937],[-101.635,40.0032],[-101.605,40.0335],[-101.5819,40.0459],[-101.5656,40.0405],[-101.5656,40.0196],[-101.5819,39.983],[-101.605,39.9616],[-101.635,39.9551],[-101.66,39.9436],[-101.68,39.9268],[-101.7,39.9223],[-101.72,39.93],[-101.7371,39.9446],[-101.7514,39.9659],[-101.7514,39.9851]]]}},{"type":"Feature","properties":{"c":"#00ff00","v0":0.002,"v1":0.003},"geometry":{"type":"Polygon","coordinates":[[[-100.5545,40.0328],[-100.5382,40.0533],[-100.53,40.0463],[-100.53,40.0119],[-100.535,39.9937],[-100.545,39.9917],[-100.5532,39.9986],[-100.5595,40.0146],[-100.5545,40.0328]]]}},{"type":"Feature","properties":{"c":"#00ff00","v0":0.002,"v1":0.003},"geometry":{"type":"Polygon","coordinates":[[[-101.3984,39.997],[-101.3928,40.0073],[-101.383,40.0112],[-101.3689,40.0085],[-101.3639,40.0008],[-101.368,39.9878],[-101.3778,39.984],[-101.3934,39.9893],[-101.3984,39.997]]]}},{"type":"Feature","properties":{"c":"#00ff00","v0":0.002,"v1":0.003},"geometry":{"type":"Polygon","coordinates":[[[-101.8229,39.8758],[-101.801,39.8889],[-101.7779,39.8889],[-101.7537,39.8758],[-101.7437,39.864],[-101.7479,39.8538],[-101.76,39.8463],[-101.78,39.8416],[-101.801,39.8468],[-101.8229,39.8617],[-101.8229,39.8758]],[[-101.8114,39.8735],[-101.7971,39.882],[-101.7816,39.882],[-101.7647,39.8735],[-101.7647,39.8639],[-101.7816,39.8535],[-101.7971,39.8535],[-101.8114,39.8639],[-101.8114,39.8735]]]}},{"type":"Feature","properties":{"c":"#00ff00","v0":0.002,"v1":0.003},"geometry":{"type":"Polygon","coordinates":[[[-104.6906,39.7424],[-104.6624,39.7655],[-104.6596,39.7924],[-104.6823,39.8231],[-104.6777,39.8484],[-104.6459,39.8681],[-104.615,39.8761],[-104.585,39.8723],[-104.566,39.8624],[-104.5579,39.8464],[-104.564,39.8308],[-104.5842,39.8154],[-104.5982,39.7942],[-104.6061,39.767],[-104.625,39.7443],[-104.655,39.726],[-104.6787,39.7204],[-104.696,39.7274],[-104.6906,39.7424]],[[-104.6548,39.8271],[-104.6516,39.8352],[-104.6423,39.8352],[-104.6269,39.8271],[-104.6219,39.8197],[-104.6273,39.813],[-104.6366,39.813],[-104.6498,39.8197],[-104.6548,39.8271]]]}},{"type":"Feature","properties":{"c":"#00ff00","v0":0.002,"v1":0.003},"geometry":{"type":"Polygon","coordinates":[[[-101.5961,39.8469],[-101.5787,39.8636],[-101.5596,39.8674],[-101.5389,39.8584],[-101.5389,39.8449],[-101.5596,39.8271],[-101.5787,39.8232],[-101.5961,39.8334],[-101.5961,39.8469]],[[-101.5769,39.8423],[-101.5651,39.85],[-101.559,39.85],[-101.5586,39.8423],[-101.5645,39.8385],[-101.5767,39.8385],[-101.5769,39.8423]]]}},{"type":"Feature","properties":{"c":"#00ff00","v0":0.002,"v1":0.003},"geometry":{"type":"Polygon","coordinates":[[[-104.6092,39.6005],[-104.5964,39.6168],[-104.5728,39.6245],[-104.5385,39.6236],[-104.5098,39.6462],[-104.4869,39.6924],[-104.4737,39.7424],[-104.4703,39.7962],[-104.449,39.8329],[-104.4097,39.8526],[-104.375,39.8617],[-104.345,39.8605],[-104.3123,39.8353],[-104.277,39.7862],[-104.267,39.7366],[-104.2823,39.6863],[-104.315,39.6548],[-104.365,39.6418],[-104.4,39.6241],[-104.42,39.6016],[-104.45,39.5893],[-104.49,39.5872],[-104.52,39.5776],[-104.54,39.5603],[-104.56,39.5541],[-104.58,39.5588],[-104.5964,39.569],[-104.6092,39.5845],[-104.6092,39.6005]],[[-104.4529,39.802],[-104.4376,39.8213],[-104.415,39.8353],[-104.385,39.8441],[-104.3623,39.846],[-104.3468,39.841],[-104.345,39.8231],[-104.357,39.7924],[-104.3559,39.7655],[-104.3415,39.7424],[-104.3583,39.7146],[-104.4061,39.6821],[-104.4361,39.6667],[-104.4482,39.6684],[-104.4558,39.7001],[-104.4589,39.7616],[-104.4529,39.802]],[[-104.5935,39.5976],[-104.5778,39.6081],[-104.564,39.6081],[-104.552,39.5976],[-104.552,39.5867],[-104.564,39.5755],[-104.5778,39.5755],[-104.5935,39.5867],[-104.5935,39.5976]]]}},{"type":"Feature","properties":{"c":"#00ff00","v0":0.002,"v1":0.003},"geometry":{"type":"Polygon","coordinates":[[[-105.5106,39.6736],[-105.4969,39.6822],[-105.48,39.684],[-105.46,39.6788],[-105.455,39.6681],[-105.465,39.6519],[-105.4819,39.6502],[-105.5056,39.663],[-105.5106,39.6736]]]}},{"type":"Feature","properties":{"c":"#00ff00","v0":0.002,"v1":0.003},"geometry":{"type":"Polygon","coordinates":[[[-101.4623,39.349],[-101.4274,39.3875],[-101.4,39.4093],[-101.38,39.4146],[-101.34,39.4005],[-101.28,39.3672],[-101.24,39.3526],[-101.22,39.3569],[-101.1923,39.3827],[-101.157,39.4299],[-101.1412,39.4843],[-101.1448,39.546],[-101.1374,39.5828],[-101.1191,39.5946],[-101.1,39.5974],[-101.08,39.5911],[-101.0596,39.5659],[-101.0388,39.5218],[-101.0488,39.4515],[-101.0896,39.355],[-101.155,39.289],[-101.245,39.2535],[-101.2954,39.2477],[-101.3063,39.2715],[-101.3413,39.2867],[-101.4004,39.2933],[-101.4424,39.3049],[-101.4673,39.3215],[-101.4623,39.349]],[[-101.118,39.5769],[-101.0936,39.5769],[-101.0836,39.5676],[-101.0879,39.5492],[-101.1,39.5492],[-101.1201,39.5676],[-101.118,39.5769]],[[-101.4042,39.3816],[-101.3947,39.3926],[-101.3768,39.3964],[-101.3504,39.3932],[-101.3373,39.3762],[-101.3375,39.3453],[-101.3442,39.3298],[-101.3575,39.3298],[-101.3753,39.3414],[-101.3977,39.3646],[-101.4042,39.3816]],[[-101.2006,39.3259],[-101.1732,39.3491],[-101.1471,39.3907],[-101.1224,39.4507],[-101.105,39.4811],[-101.095,39.4819],[-101.09,39.4591],[-101.09,39.4125],[-101.1023,39.3821],[-101.1268,39.3679],[-101.1416,39.3491],[-101.1467,39.3259],[-101.1655,39.3143],[-101.1981,39.3143],[-101.2006,39.3259]]]}},{"type":"Feature","properties":{"c":"#00ff00","v0":0.002,"v1":0.003},"geometry":{"type":"Polygon","coordinates":[[[-105.4154,39.49],[-105.3985,39.5014],[-105.3829,39.5014],[-105.3687,39.49],[-105.3687,39.4786],[-105.3829,39.4671],[-105.3985,39.4671],[-105.4154,39.4786],[-105.4154,39.49]]]}},{"type":"Feature","properties":{"c":"#00ff00","v0":0.002,"v1":0.003},"geometry":{"type":"Polygon","coordinates":[[[-102.3216,39.3479],[-102.3139,39.3532],[-102.3053,39.3494],[-102.2958,39.3363],[-102.2958,39.3276],[-102.3053,39.3232],[-102.3139,39.3271],[-102.3216,39.3392],[-102.3216,39.3479]]]}},{"type":"Feature","properties":{"c":"#00ff00","v0":0.002,"v1":0.003},"geometry":{"type":"Polygon","coordinates":[[[-100.8647,39.3045],[-100.8549,39.3159],[-100.8424,39.3198],[-100.8271,39.3161],[-100.8221,39.3072],[-100.8274,39.293],[-100.8399,39.2891],[-100.8597,39.2956],[-100.8647,39.3045]]]}},{"type":"Feature","properties":{"c":"#00ff00","v0":0.002,"v1":0.003},"geometry":{"type":"Polygon","coordinates":[[[-101.9827,39.2591],[-101.9609,39.2724],[-101.9172,39.2763],[-101.8517,39.2707],[-101.8467,39.2532],[-101.9022,39.224],[-101.9459,39.2201],[-101.9777,39.2416],[-101.9827,39.2591]],[[-101.9581,39.2524],[-101.9343,39.2524],[-101.9293,39.2484],[-101.9431,39.2403],[-101.955,39.2403],[-101.9651,39.2484],[-101.9581,39.2524]]]}},{"type":"Feature","properties":{"c":"#00ff00","v0":0.002,"v1":0.003},"geometry":{"type":"Polygon","coordinates":[[[-102.6572,39.2157],[-102.6391,39.2354],[-102.6194,39.2354],[-102.5983,39.2157],[-102.5983,39.2002],[-102.6194,39.1887],[-102.6391,39.1887],[-102.6572,39.2002],[-102.6572,39.2157]]]}},{"type":"Feature","properties":{"c":"#00ff00","v0":0.002,"v1":0.003},"geometry":{"type":"Polygon","coordinates":[[[-77.5982,39.179],[-77.5927,39.1873],[-77.5826,39.1873],[-77.5679,39.179],[-77.5629,39.1665],[-77.5676,39.1497],[-77.5766,39.1419],[-77.5897,39.1432],[-77.5975,39.1516],[-77.5998,39.1671],[-77.5982,39.179]]]}},{"type":"Feature","properties":{"c":"#00ff00","v0":0.002,"v1":0.003},"geometry":{"type":"Polygon","coordinates":[[[-101.285,39.1206],[-101.275,39.1362],[-101.26,39.1471],[-101.24,39.1532],[-101.22,39.1506],[-101.2,39.1393],[-101.183,39.1207],[-101.169,39.0948],[-101.1798,39.074],[-101.2152,39.0585],[-101.244,39.0546],[-101.2662,39.0624],[-101.2805,39.0779],[-101.2868,39.1012],[-101.285,39.1206]]]}},{"type":"Feature","properties":{"c":"#00ff00","v0":0.002,"v1":0.003},"geometry":{"type":"Polygon","coordinates":[[[-103.0751,39.1026],[-103.0584,39.1131],[-103.04,39.1172],[-103.02,39.1151],[-103.0086,39.1099],[-103.0057,39.1015],[-103.0157,39.0931],[-103.0386,39.0847],[-103.0584,39.0847],[-103.0751,39.0931],[-103.0751,39.1026]]]}},{"type":"Feature","properties":{"c":"#00ff00","v0":0.002,"v1":0.003},"geometry":{"type":"Polygon","coordinates":[[[-102.5032,39.0896],[-102.499,39.1051],[-102.4852,39.1156],[-102.4617,39.1212],[-102.4402,39.1134],[-102.4207,39.0923],[-102.4257,39.0745],[-102.4552,39.0599],[-102.4788,39.0599],[-102.4965,39.0745],[-102.5032,39.0896]],[[-102.4774,39.088],[-102.4725,39.1004],[-102.4616,39.1043],[-102.4447,39.0996],[-102.4397,39.0912],[-102.4466,39.0789],[-102.4575,39.075],[-102.4724,39.0795],[-102.4774,39.088]]]}},{"type":"Feature","properties":{"c":"#00ff00","v0":0.002,"v1":0.003},"geometry":{"type":"Polygon","coordinates":[[[-102.0742,38.8524],[-102.0613,38.9225],[-102.0286,38.9643],[-101.9762,38.978],[-101.9434,38.9936],[-101.9301,39.011],[-101.9386,39.0352],[-101.9688,39.0663],[-101.982,39.0896],[-101.9784,39.1051],[-101.9649,39.1153],[-101.9416,39.1203],[-101.92,39.1137],[-101.9,39.0955],[-101.8662,39.0814],[-101.8185,39.0713],[-101.7928,39.043],[-101.7892,38.9964],[-101.7707,38.9575],[-101.7374,38.9264],[-101.7262,38.8991],[-101.737,38.8758],[-101.7744,38.8619],[-101.8381,38.8576],[-101.91,38.8424],[-101.99,38.8162],[-102.0427,38.8066],[-102.068,38.8138],[-102.0742,38.8524]],[[-101.9021,39.0538],[-101.894,39.06],[-101.8879,39.06],[-101.8838,39.0538],[-101.8838,39.0474],[-101.8879,39.0408],[-101.894,39.0408],[-101.9021,39.0474],[-101.9021,39.0538]],[[-102.0382,38.9467],[-102.0327,38.9563],[-102.0069,38.964],[-101.9607,38.97],[-101.9207,38.9824],[-101.8869,39.0011],[-101.86,38.9927],[-101.84,38.9573],[-101.81,38.9374],[-101.77,38.9332],[-101.7459,38.9222],[-101.7378,38.9042],[-101.7428,38.8871],[-101.7609,38.8708],[-101.815,38.8636],[-101.905,38.8656],[-101.97,38.8754],[-102.01,38.893],[-102.0327,38.9119],[-102.0382,38.9319],[-102.0382,38.9467]]]}},{"type":"Feature","properties":{"c":"#00ff00","v0":0.002,"v1":0.003},"geometry":{"type":"Polygon","coordinates":[[[-104.466,39.0699],[-104.4553,39.0771],[-104.4473,39.0771],[-104.4419,39.0699],[-104.4469,39.063],[-104.4623,39.0566],[-104.4703,39.0566],[-104.471,39.063],[-104.466,39.0699]]]}},{"type":"Feature","properties":{"c":"#00ff00","v0":0.002,"v1":0.003},"geometry":{"type":"Polygon","coordinates":[[[-102.122,39.07],[-102.1007,39.0774],[-102.0809,39.0774],[-102.0627,39.07],[-102.0627,39.0601],[-102.0809,39.0478],[-102.1007,39.0478],[-102.122,39.0601],[-102.122,39.07]]]}},{"type":"Feature","properties":{"c":"#00ff00","v0":0.002,"v1":0.003},"geometry":{"type":"Polygon","coordinates":[[[-104.3083,38.9808],[-104.2736,39.0274],[-104.2397,39.0503],[-104.2066,39.0493],[-104.1812,39.0221],[-104.1635,38.9687],[-104.1587,38.9264],[-104.1669,38.8952],[-104.147,38.868],[-104.0988,38.8446],[-104.0785,38.8146],[-104.0862,38.7778],[-104.115,38.7477],[-104.165,38.7243],[-104.2134,38.7193],[-104.2602,38.7327],[-104.2776,38.7511],[-104.2656,38.7745],[-104.2665,38.7979],[-104.2802,38.8213],[-104.2802,38.8407],[-104.2663,38.8563],[-104.2759,38.8875],[-104.309,38.9341],[-104.3083,38.9808]],[[-104.3018,38.9797],[-104.2673,39.0242],[-104.235,39.0438],[-104.205,39.0387],[-104.1828,39.0126],[-104.1684,38.9655],[-104.1684,38.9301],[-104.1828,38.9063],[-104.205,38.8922],[-104.235,38.8876],[-104.2673,38.9034],[-104.3018,38.9395],[-104.3018,38.9797]],[[-104.1759,38.8268],[-104.1586,38.8458],[-104.1399,38.8536],[-104.1197,38.8502],[-104.1037,38.8407],[-104.0918,38.8252],[-104.0969,38.8078],[-104.119,38.7886],[-104.1436,38.7886],[-104.1709,38.8078],[-104.1759,38.8268]]]}},{"type":"Feature","properties":{"c":"#00ff00","v0":0.002,"v1":0.003},"geometry":{"type":"Polygon","coordinates":[[[-102.6242,39.0236],[-102.5995,39.0313],[-102.5928,39.0213],[-102.6043,38.9936],[-102.6167,38.9897],[-102.63,39.0097],[-102.6242,39.0236]]]}},{"type":"Feature","properties":{"c":"#00ff00","v0":0.002,"v1":0.003},"geometry":{"type":"Polygon","coordinates":[[[-104.9989,38.8875],[-104.9754,38.9341],[-104.9502,38.9643],[-104.9234,38.9779],[-104.9006,38.9818],[-104.8819,38.976],[-104.8683,38.9653],[-104.8596,38.9497],[-104.8689,38.9166],[-104.8963,38.8658],[-104.925,38.838],[-104.955,38.8333],[-104.9802,38.8392],[-105.0005,38.8558],[-104.9989,38.8875]],[[-104.9748,38.8872],[-104.9583,38.9333],[-104.935,38.9602],[-104.905,38.9681],[-104.8866,38.9645],[-104.8797,38.9494],[-104.8825,38.9264],[-104.8951,38.8952],[-104.9136,38.8711],[-104.9379,38.8541],[-104.9583,38.8502],[-104.9748,38.8595],[-104.9748,38.8872]]]}},{"type":"Feature","properties":{"c":"#00ff00","v0":0.002,"v1":0.003},"geometry":{"type":"Polygon","coordinates":[[[-102.4598,38.8919],[-102.4133,38.9165],[-102.375,38.9231],[-102.345,38.9119],[-102.305,38.9102],[-102.255,38.9181],[-102.2256,38.9153],[-102.2167,38.9019],[-102.2267,38.8816],[-102.2556,38.8544],[-102.3233,38.8505],[-102.4298,38.8699],[-102.4598,38.8919]],[[-102.3054,38.8887],[-102.2818,38.9067],[-102.2587,38.9106],[-102.2362,38.9004],[-102.2362,38.8856],[-102.2587,38.8663],[-102.2818,38.8624],[-102.3054,38.8739],[-102.3054,38.8887]]]}},{"type":"Feature","properties":{"c":"#00ff00","v0":0.002,"v1":0.003},"geometry":{"type":"Polygon","coordinates":[[[-104.9411,38.7783],[-104.9204,38.7936],[-104.8968,38.7936],[-104.8704,38.7783],[-104.8704,38.7625],[-104.8968,38.7464],[-104.9204,38.7464],[-104.9411,38.7625],[-104.9411,38.7783]],[[-104.9303,38.7743],[-104.9168,38.7819],[-104.9048,38.7819],[-104.8944,38.7743],[-104.8944,38.7654],[-104.9048,38.7552],[-104.9168,38.7552],[-104.9303,38.7654],[-104.9303,38.7743]]]}},{"type":"Feature","properties":{"c":"#00ff00","v0":0.002,"v1":0.003},"geometry":{"type":"Polygon","coordinates":[[[-102.4298,38.6145],[-102.3744,38.6457],[-102.3628,38.6731],[-102.3951,38.6965],[-102.4111,38.716],[-102.4108,38.7316],[-102.3793,38.7433],[-102.3168,38.7511],[-102.2789,38.7355],[-102.2655,38.6965],[-102.2741,38.6653],[-102.3046,38.6418],[-102.3203,38.6145],[-102.3212,38.5832],[-102.3288,38.5572],[-102.3429,38.5363],[-102.368,38.5285],[-102.4041,38.5337],[-102.431,38.5519],[-102.4487,38.5832],[-102.4298,38.6145]],[[-102.4114,38.5777],[-102.3971,38.598],[-102.3789,38.6097],[-102.3568,38.6129],[-102.3427,38.6067],[-102.3366,38.591],[-102.3404,38.5715],[-102.3539,38.548],[-102.3702,38.5363],[-102.389,38.5363],[-102.4035,38.5441],[-102.4135,38.5598],[-102.4114,38.5777]]]}},{"type":"Feature","properties":{"c":"#00ff00","v0":0.002,"v1":0.003},"geometry":{"type":"Polygon","coordinates":[[[-104.304,38.4541],[-104.2794,38.5089],[-104.2479,38.5483],[-104.2093,38.5722],[-104.16,38.5845],[-104.1,38.5853],[-104.065,38.6054],[-104.055,38.6449],[-104.0243,38.6794],[-103.9728,38.709],[-103.9389,38.6965],[-103.9223,38.6418],[-103.9416,38.6028],[-103.9968,38.5793],[-104.0107,38.5519],[-103.9834,38.5206],[-103.9628,38.4854],[-103.949,38.4463],[-103.9466,38.4228],[-103.9555,38.4149],[-103.9875,38.4082],[-104.0425,38.4026],[-104.085,38.4167],[-104.115,38.4503],[-104.14,38.4649],[-104.16,38.4606],[-104.18,38.4474],[-104.2,38.4254],[-104.2366,38.4175],[-104.2897,38.4236],[-104.304,38.4541]],[[-104.2637,38.4834],[-104.2546,38.503],[-104.235,38.5211],[-104.205,38.538],[-104.1769,38.5361],[-104.1508,38.5154],[-104.1558,38.4878],[-104.1919,38.4533],[-104.22,38.4363],[-104.24,38.4369],[-104.2546,38.4463],[-104.2637,38.4645],[-104.2637,38.4834]],[[-104.0915,38.5132],[-104.0638,38.5296],[-104.0431,38.5296],[-104.0293,38.5132],[-104.0343,38.4918],[-104.0581,38.4653],[-104.0788,38.4653],[-104.0965,38.4918],[-104.0915,38.5132]],[[-104.0274,38.6521],[-104.0158,38.6648],[-104.0,38.6716],[-103.98,38.6724],[-103.963,38.6582],[-103.949,38.6291],[-103.954,38.6124],[-103.978,38.6083],[-104.0008,38.6162],[-104.0224,38.6359],[-104.0274,38.6521]]]}},{"type":"Feature","properties":{"c":"#00ff00","v0":0.002,"v1":0.003},"geometry":{"type":"Polygon","coordinates":[[[-102.0141,38.7131],[-102.0114,38.723],[-102.005,38.7267],[-101.995,38.7244],[-101.99,38.7128],[-101.99,38.6919],[-101.9964,38.6881],[-102.0091,38.7015],[-102.0141,38.7131]]]}},{"type":"Feature","properties":{"c":"#00ff00","v0":0.002,"v1":0.003},"geometry":{"type":"Polygon","coordinates":[[[-104.9035,38.5416],[-104.8945,38.5523],[-104.88,38.5564],[-104.86,38.5541],[-104.8461,38.541],[-104.8382,38.517],[-104.8432,38.5015],[-104.8611,38.4945],[-104.8795,38.5023],[-104.8985,38.525],[-104.9035,38.5416]],[[-104.887,38.5271],[-104.8757,38.54],[-104.8627,38.54],[-104.848,38.5271],[-104.848,38.5161],[-104.8627,38.5069],[-104.8757,38.5069],[-104.887,38.5161],[-104.887,38.5271]]]}},{"type":"Feature","properties":{"c":"#00ff00","v0":0.002,"v1":0.003},"geometry":{"type":"Polygon","coordinates":[[[-102.7426,38.4277],[-102.7209,38.4297],[-102.7093,38.4258],[-102.7078,38.416],[-102.7186,38.4149],[-102.7418,38.4228],[-102.7426,38.4277]]]}},{"type":"Feature","properties":{"c":"#00ff00","v0":0.002,"v1":0.003},"geometry":{"type":"Polygon","coordinates":[[[-102.3946,38.4162],[-102.3915,38.4264],[-102.3824,38.4304],[-102.3672,38.4279],[-102.3555,38.411],[-102.3473,38.3797],[-102.3498,38.3562],[-102.3633,38.3406],[-102.3756,38.3367],[-102.3869,38.3444],[-102.3934,38.364],[-102.3952,38.3953],[-102.3946,38.4162]]]}},{"type":"Feature","properties":{"c":"#00ff00","v0":0.002,"v1":0.003},"geometry":{"type":"Polygon","coordinates":[[[-104.6982,38.1244],[-104.6547,38.148],[-104.6357,38.1755],[-104.6412,38.207],[-104.625,38.2384],[-104.587,38.2698],[-104.5617,38.3091],[-104.5492,38.3561],[-104.5197,38.3798],[-104.4732,38.3801],[-104.43,38.3916],[-104.39,38.4144],[-104.36,38.423],[-104.34,38.4174],[-104.3455,38.3941],[-104.3765,38.3531],[-104.3915,38.3177],[-104.3905,38.288],[-104.415,38.2757],[-104.465,38.281],[-104.5,38.2781],[-104.52,38.267],[-104.5459,38.24],[-104.5777,38.197],[-104.593,38.1598],[-104.5919,38.1284],[-104.6104,38.0969],[-104.6485,38.0654],[-104.6796,38.0496],[-104.7035,38.0496],[-104.7166,38.0654],[-104.7188,38.0969],[-104.6982,38.1244]],[[-104.6893,38.1017],[-104.6764,38.1112],[-104.6658,38.1112],[-104.6575,38.1017],[-104.6575,38.0911],[-104.6658,38.0795],[-104.6764,38.0795],[-104.6893,38.0911],[-104.6893,38.1017]]]}},{"type":"Feature","properties":{"c":"#00ff00","v0":0.002,"v1":0.003},"geometry":{"type":"Polygon","coordinates":[[[-105.2737,38.3224],[-105.2712,38.3334],[-105.266,38.3334],[-105.258,38.3224],[-105.2593,38.3169],[-105.2697,38.3169],[-105.2737,38.3224]]]}},{"type":"Feature","properties":{"c":"#00ff00","v0":0.002,"v1":0.003},"geometry":{"type":"Polygon","coordinates":[[[-102.2879,38.2535],[-102.276,38.2837],[-102.2572,38.2955],[-102.2315,38.2889],[-102.2162,38.2777],[-102.2112,38.262],[-102.214,38.2495],[-102.2247,38.2402],[-102.24,38.2317],[-102.26,38.224],[-102.276,38.2247],[-102.2879,38.2338],[-102.2879,38.2535]],[[-102.2561,38.2713],[-102.2387,38.2743],[-102.2295,38.2704],[-102.2286,38.2595],[-102.2336,38.2522],[-102.2445,38.2485],[-102.2537,38.2524],[-102.2611,38.264],[-102.2561,38.2713]]]}},{"type":"Feature","properties":{"c":"#00ff00","v0":0.002,"v1":0.003},"geometry":{"type":"Polygon","coordinates":[[[-104.8966,38.2738],[-104.8736,38.2816],[-104.869,38.2776],[-104.883,38.2618],[-104.8945,38.2579],[-104.9036,38.2659],[-104.8966,38.2738]]]}},{"type":"Feature","properties":{"c":"#00ff00","v0":0.002,"v1":0.003},"geometry":{"type":"Polygon","coordinates":[[[-105.1891,38.2109],[-105.1848,38.2502],[-105.1745,38.2736],[-105.1582,38.2812],[-105.14,38.2712],[-105.12,38.2435],[-105.0916,38.224],[-105.0549,38.2127],[-105.0299,38.1979],[-105.0166,38.1796],[-105.0041,38.1757],[-104.9922,38.1861],[-104.9672,38.1941],[-104.9291,38.1999],[-104.895,38.1927],[-104.865,38.1727],[-104.84,38.1679],[-104.82,38.1782],[-104.7986,38.1735],[-104.7757,38.1539],[-104.8007,38.117],[-104.8736,38.0628],[-104.923,38.0352],[-104.949,38.0343],[-104.9516,38.0181],[-104.9308,37.9866],[-104.9278,37.9604],[-104.9426,37.9394],[-104.96,37.9324],[-104.98,37.9394],[-105.0145,37.9696],[-105.0636,38.023],[-105.0936,38.0778],[-105.1045,38.1341],[-105.125,38.1636],[-105.155,38.1664],[-105.1753,38.1736],[-105.1859,38.1854],[-105.1891,38.2109]],[[-105.1702,38.2076],[-105.1567,38.2401],[-105.1415,38.2401],[-105.1244,38.2076],[-105.1244,38.187],[-105.1415,38.1786],[-105.1567,38.1786],[-105.1702,38.187],[-105.1702,38.2076]],[[-105.0892,38.1829],[-105.0764,38.1976],[-105.062,38.2015],[-105.0461,38.1947],[-105.0331,38.1677],[-105.0231,38.1205],[-105.0062,38.089],[-104.9824,38.0733],[-104.9758,38.0575],[-104.9862,38.0418],[-104.9769,38.0221],[-104.9479,37.9984],[-104.9375,37.976],[-104.9458,37.9548],[-104.96,37.9467],[-104.98,37.9519],[-104.9978,37.9704],[-105.0133,38.0022],[-105.0351,38.026],[-105.0633,38.0418],[-105.082,38.0811],[-105.091,38.1441],[-105.0892,38.1829]],[[-105.0007,38.1199],[-104.9936,38.1344],[-104.9859,38.1344],[-104.9776,38.1199],[-104.9776,38.1077],[-104.9859,38.0978],[-104.9936,38.0978],[-105.0007,38.1077],[-105.0007,38.1199]],[[-104.9621,38.1674],[-104.9407,38.1825],[-104.9195,38.1865],[-104.8984,38.1792],[-104.8834,38.1559],[-104.8744,38.1166],[-104.8799,38.0861],[-104.9,38.0646],[-104.9248,38.0567],[-104.9545,38.0625],[-104.9701,38.089],[-104.9719,38.1362],[-104.9621,38.1674]]]}},{"type":"Feature","properties":{"c":"#00ff00","v0":0.002,"v1":0.003},"geometry":{"type":"Polygon","coordinates":[[[-104.3978,37.9745],[-104.3926,37.9819],[-104.3824,37.9819],[-104.3672,37.9745],[-104.3622,37.9665],[-104.3674,37.9577],[-104.3776,37.9577],[-104.3928,37.9665],[-104.3978,37.9745]]]}},{"type":"Feature","properties":{"c":"#00ff00","v0":0.002,"v1":0.003},"geometry":{"type":"Polygon","coordinates":[[[-100.2698,37.8673],[-100.2566,37.8812],[-100.2444,37.8851],[-100.2333,37.8792],[-100.233,37.8683],[-100.2436,37.8525],[-100.2558,37.8485],[-100.2695,37.8564],[-100.2698,37.8673]]]}},{"type":"Feature","properties":{"c":"#00ff00","v0":0.002,"v1":0.003},"geometry":{"type":"Polygon","coordinates":[[[-104.518,37.7869],[-104.5127,37.7978],[-104.495,37.8048],[-104.465,37.808],[-104.4365,37.7986],[-104.4096,37.7766],[-104.3996,37.7599],[-104.4065,37.7484],[-104.42,37.7407],[-104.44,37.7369],[-104.4677,37.7466],[-104.503,37.7698],[-104.518,37.7869]],[[-104.5031,37.7863],[-104.4944,37.7961],[-104.48,37.801],[-104.46,37.8009],[-104.4397,37.7921],[-104.419,37.7744],[-104.419,37.76],[-104.4397,37.7488],[-104.4644,37.7527],[-104.4931,37.7718],[-104.5031,37.7863]]]}},{"type":"Feature","properties":{"c":"#00ff00","v0":0.002,"v1":0.003},"geometry":{"type":"Polygon","coordinates":[[[-102.9986,37.4396],[-102.9795,37.4533],[-102.9595,37.4533],[-102.9386,37.4396],[-102.9336,37.428],[-102.9445,37.4185],[-102.9645,37.4185],[-102.9936,37.428],[-102.9986,37.4396]]]}},{"type":"Feature","properties":{"c":"#00ff00","v0":0.002,"v1":0.003},"geometry":{"type":"Polygon","coordinates":[[[-103.0651,37.3929],[-103.0417,37.4083],[-103.0305,37.4004],[-103.0314,37.369],[-103.0414,37.3538],[-103.0605,37.3548],[-103.0717,37.3627],[-103.0751,37.3777],[-103.0651,37.3929]]]}},{"type":"Feature","properties":{"c":"#00ff00","v0":0.002,"v1":0.003},"geometry":{"type":"Polygon","coordinates":[[[-93.3735,37.3378],[-93.3578,37.3704],[-93.3332,37.3624],[-93.2996,37.314],[-93.296,37.2897],[-93.3225,37.2897],[-93.3471,37.2977],[-93.3699,37.3136],[-93.3735,37.3378]]]}},{"type":"Feature","properties":{"c":"#00ff00","v0":0.002,"v1":0.003},"geometry":{"type":"Polygon","coordinates":[[[-94.0915,37.2859],[-94.0238,37.31],[-93.98,37.3201],[-93.96,37.3162],[-93.9446,37.3041],[-93.9337,37.2839],[-93.9537,37.2603],[-94.0046,37.2335],[-94.0538,37.2335],[-94.1015,37.2603],[-94.0915,37.2859]],[[-94.0609,37.2841],[-94.0136,37.3047],[-93.9776,37.3086],[-93.9529,37.296],[-93.9443,37.2818],[-93.9517,37.2658],[-93.9691,37.2509],[-93.9964,37.2371],[-94.02,37.2312],[-94.04,37.2334],[-94.0586,37.2443],[-94.0759,37.264],[-94.0609,37.2841]]]}},{"type":"Feature","properties":{"c":"#00ff00","v0":0.002,"v1":0.003},"geometry":{"type":"Polygon","coordinates":[[[-80.2287,37.265],[-80.2162,37.2792],[-80.1998,37.2832],[-80.1794,37.2769],[-80.1744,37.2684],[-80.1848,37.2575],[-80.2012,37.2535],[-80.2237,37.2564],[-80.2287,37.265]]]}},{"type":"Feature","properties":{"c":"#00ff00","v0":0.002,"v1":0.003},"geometry":{"type":"Polygon","coordinates":[[[-104.4269,37.2354],[-104.4023,37.2541],[-104.3752,37.2581],[-104.3456,37.2473],[-104.3456,37.2357],[-104.3752,37.2233],[-104.4023,37.2193],[-104.4269,37.2238],[-104.4269,37.2354]]]}},{"type":"Feature","properties":{"c":"#00ff00","v0":0.002,"v1":0.003},"geometry":{"type":"Polygon","coordinates":[[[-93.2738,37.1945],[-93.2579,37.2269],[-93.2359,37.2349],[-93.2076,37.2184],[-93.2076,37.1987],[-93.2359,37.176],[-93.255,37.1632],[-93.265,37.1604],[-93.2729,37.1638],[-93.2788,37.1734],[-93.2738,37.1945]]]}},{"type":"Feature","properties":{"c":"#00ff00","v0":0.002,"v1":0.003},"geometry":{"type":"Polygon","coordinates":[[[-103.1605,37.1624],[-103.1402,37.1627],[-103.13,37.1501],[-103.13,37.1247],[-103.1371,37.1126],[-103.1513,37.1138],[-103.1614,37.1264],[-103.1676,37.1503],[-103.1605,37.1624]]]}},{"type":"Feature","properties":{"c":"#00ff00","v0":0.002,"v1":0.003},"geometry":{"type":"Polygon","coordinates":[[[-93.6861,36.9989],[-93.6754,37.0231],[-93.6567,37.0311],[-93.6301,37.0228],[-93.625,37.0027],[-93.6416,36.9708],[-93.6563,36.9548],[-93.6692,36.9548],[-93.6797,36.9628],[-93.6876,36.9788],[-93.6861,36.9989]],[[-93.6658,36.9925],[-93.6553,37.0039],[-93.65,37.0023],[-93.65,36.9878],[-93.6553,36.9821],[-93.6658,36.9852],[-93.6658,36.9925]]]}},{"type":"Feature","properties":{"c":"#00ff00","v0":0.002,"v1":0.003},"geometry":{"type":"Polygon","coordinates":[[[-103.6349,37.0224],[-103.6183,37.0297],[-103.6002,37.0297],[-103.5807,37.0224],[-103.5807,37.0134],[-103.6002,37.0027],[-103.6183,37.0027],[-103.6349,37.0134],[-103.6349,37.0224]]]}},{"type":"Feature","properties":{"c":"#00ff00","v0":0.002,"v1":0.003},"geometry":{"type":"Polygon","coordinates":[[[-80.5294,36.8691],[-80.5031,36.8897],[-80.48,36.8934],[-80.46,36.8799],[-80.44,36.8737],[-80.42,36.8748],[-80.385,36.8959],[-80.335,36.9372],[-80.3032,36.9571],[-80.2896,36.9555],[-80.2876,36.9468],[-80.2971,36.9308],[-80.2997,36.9068],[-80.2955,36.8748],[-80.3126,36.8439],[-80.3509,36.8141],[-80.395,36.8036],[-80.445,36.8124],[-80.4881,36.8273],[-80.5244,36.8483],[-80.5294,36.8691]],[[-80.3618,36.8684],[-80.3406,36.8874],[-80.3289,36.8874],[-80.3266,36.8684],[-80.3366,36.8548],[-80.3589,36.8467],[-80.3706,36.8467],[-80.3718,36.8548],[-80.3618,36.8684]]]}},{"type":"Feature","properties":{"c":"#00ff00","v0":0.002,"v1":0.003},"geometry":{"type":"Polygon","coordinates":[[[-80.2045,36.7203],[-80.1815,36.7636],[-80.145,36.7941],[-80.095,36.8119],[-80.0642,36.8183],[-80.0527,36.8133],[-80.0477,36.8021],[-80.0492,36.7847],[-80.065,36.7716],[-80.095,36.7628],[-80.125,36.74],[-80.155,36.7029],[-80.1815,36.6879],[-80.2045,36.6951],[-80.2045,36.7203]]]}},{"type":"Feature","properties":{"c":"#00ff00","v0":0.002,"v1":0.003},"geometry":{"type":"Polygon","coordinates":[[[-103.4062,36.7557],[-103.3954,36.7736],[-103.38,36.7817],[-103.36,36.78],[-103.3505,36.763],[-103.3516,36.7308],[-103.3616,36.7143],[-103.3805,36.7134],[-103.3954,36.7215],[-103.4062,36.7383],[-103.4062,36.7557]]]}},{"type":"Feature","properties":{"c":"#00ff00","v0":0.002,"v1":0.003},"geometry":{"type":"Polygon","coordinates":[[[-83.382,36.3802],[-83.3607,36.3863],[-83.34,36.382],[-83.32,36.3673],[-83.29,36.3645],[-83.25,36.3735],[-83.2258,36.3738],[-83.2174,36.3654],[-83.2174,36.3526],[-83.2258,36.3355],[-83.2576,36.3274],[-83.3129,36.3284],[-83.3536,36.341],[-83.3796,36.3651],[-83.382,36.3802]]]}},{"type":"Feature","properties":{"c":"#00ff00","v0":0.002,"v1":0.003},"geometry":{"type":"Polygon","coordinates":[[[-83.2567,36.2581],[-83.2389,36.2778],[-83.18,36.2881],[-83.08,36.2889],[-83.0321,36.2791],[-83.0363,36.2585],[-83.0613,36.2408],[-83.1071,36.2258],[-83.15,36.2019],[-83.19,36.169],[-83.221,36.1563],[-83.2429,36.1638],[-83.2568,36.1878],[-83.2627,36.2281],[-83.2567,36.2581]]]}},{"type":"Feature","properties":{"c":"#00ff00","v0":0.002,"v1":0.003},"geometry":{"type":"Polygon","coordinates":[[[-83.3574,36.0019],[-83.309,36.0262],[-83.2928,36.0221],[-83.3088,35.9898],[-83.3111,35.9655],[-83.2997,35.9493],[-83.308,35.9411],[-83.336,35.9408],[-83.3579,35.9529],[-83.3736,35.9775],[-83.3574,36.0019]]]}},{"type":"Feature","properties":{"c":"#00ff00","v0":0.002,"v1":0.003},"geometry":{"type":"Polygon","coordinates":[[[-82.219,35.0611],[-82.1997,35.0923],[-82.17,35.1191],[-82.13,35.1414],[-82.1033,35.1504],[-82.0898,35.146],[-82.0957,35.1356],[-82.1208,35.1192],[-82.1314,35.0947],[-82.1276,35.0619],[-82.1325,35.0292],[-82.1462,34.9964],[-82.1646,34.98],[-82.1877,34.98],[-82.2066,34.9964],[-82.2213,35.0292],[-82.219,35.0611]]]}},{"type":"Feature","properties":{"c":"#00ff00","v0":0.002,"v1":0.003},"geometry":{"type":"Polygon","coordinates":[[[-81.9615,35.0182],[-81.9538,35.0289],[-81.9448,35.0289],[-81.9343,35.0182],[-81.9382,35.0128],[-81.9563,35.0128],[-81.9615,35.0182]]]}},{"type":"Feature","properties":{"c":"#00ff00","v0":0.002,"v1":0.003},"geometry":{"type":"Polygon","coordinates":[[[-75.6919,35.0193],[-75.6773,35.0322],[-75.6591,35.0363],[-75.6372,35.0315],[-75.6322,35.0195],[-75.6441,35.0003],[-75.6623,34.9962],[-75.6869,35.0072],[-75.6919,35.0193]]]}},{"type":"Feature","properties":{"c":"#00ff00","v0":0.002,"v1":0.003},"geometry":{"type":"Polygon","coordinates":[[[-75.5243,35.0292],[-75.4997,35.0292],[-75.488,35.0165],[-75.4893,34.9911],[-75.4977,34.9788],[-75.5131,34.9796],[-75.5248,34.9923],[-75.5327,35.0169],[-75.5243,35.0292]]]}},{"type":"Feature","properties":{"c":"#00ff00","v0":0.002,"v1":0.003},"geometry":{"type":"Polygon","coordinates":[[[-82.3317,34.9916],[-82.3039,35.0148],[-82.29,35.0141],[-82.29,34.9896],[-82.3,34.974],[-82.32,34.9673],[-82.3339,34.968],[-82.3417,34.976],[-82.3317,34.9916]]]}},{"type":"Feature","properties":{"c":"#00ff00","v0":0.002,"v1":0.003},"geometry":{"type":"Polygon","coordinates":[[[-110.1689,34.8917],[-110.1563,34.9117],[-110.13,34.929],[-110.09,34.9435],[-110.0546,34.9458],[-110.0239,34.9358],[-110.0089,34.9252],[-110.0096,34.9139],[-110.02,34.9022],[-110.04,34.8902],[-110.0813,34.8836],[-110.1439,34.8823],[-110.1689,34.8917]],[[-110.1381,34.9026],[-110.1327,34.9116],[-110.11,34.9205],[-110.07,34.9291],[-110.0453,34.9286],[-110.036,34.9192],[-110.0587,34.9103],[-110.1134,34.9021],[-110.1381,34.9026]]]}},{"type":"Feature","properties":{"c":"#00ff00","v0":0.002,"v1":0.003},"geometry":{"type":"Polygon","coordinates":[[[-75.6537,34.8582],[-75.6379,34.8768],[-75.6189,34.8768],[-75.5966,34.8582],[-75.5916,34.8427],[-75.6039,34.8304],[-75.6229,34.8304],[-75.6487,34.8427],[-75.6537,34.8582]]]}},{"type":"Feature","properties":{"c":"#00ff00","v0":0.002,"v1":0.003},"geometry":{"type":"Polygon","coordinates":[[[-76.1773,34.4003],[-76.1655,34.458],[-76.141,34.491],[-76.104,34.4993],[-76.0795,34.4786],[-76.0676,34.4292],[-76.0707,34.3879],[-76.0886,34.3549],[-76.1107,34.3349],[-76.1369,34.3279],[-76.1583,34.3362],[-76.1749,34.3597],[-76.1773,34.4003]],[[-76.1607,34.3833],[-76.1402,34.407],[-76.12,34.4177],[-76.1,34.4153],[-76.0969,34.3952],[-76.1108,34.3573],[-76.1258,34.3379],[-76.1419,34.3368],[-76.1552,34.3451],[-76.1657,34.3626],[-76.1607,34.3833]]]}},{"type":"Feature","properties":{"c":"#00ff00","v0":0.002,"v1":0.003},"geometry":{"type":"Polygon","coordinates":[[[-76.6825,34.1565],[-76.6641,34.1565],[-76.6587,34.1517],[-76.6662,34.1422],[-76.6754,34.1422],[-76.6862,34.1517],[-76.6825,34.1565]]]}},{"type":"Feature","properties":{"c":"#00ff00","v0":0.002,"v1":0.003},"geometry":{"type":"Polygon","coordinates":[[[-77.0284,33.7679],[-77.0161,33.7869],[-77.0076,33.791],[-77.0029,33.7803],[-77.0079,33.7672],[-77.0226,33.7515],[-77.0311,33.7474],[-77.0334,33.7547],[-77.0284,33.7679]]]}},{"type":"Feature","properties":{"c":"#00ff00","v0":0.002,"v1":0.003},"geometry":{"type":"Polygon","coordinates":[[[-78.1912,33.646],[-78.1678,33.6543],[-78.1491,33.6752],[-78.1352,33.7084],[-78.1016,33.7292],[-78.0482,33.7376],[-78.0336,33.7219],[-78.0579,33.6824],[-78.09,33.6612],[-78.13,33.6582],[-78.155,33.6479],[-78.165,33.6303],[-78.1782,33.6266],[-78.1947,33.6368],[-78.1912,33.646]],[[-78.1209,33.6972],[-78.1136,33.708],[-78.0993,33.7122],[-78.0779,33.7097],[-78.0729,33.6994],[-78.0843,33.6814],[-78.0986,33.6772],[-78.1159,33.6869],[-78.1209,33.6972]]]}},{"type":"Feature","properties":{"c":"#00ff00","v0":0.002,"v1":0.003},"geometry":{"type":"Polygon","coordinates":[[[-77.9862,33.6266],[-77.9754,33.6293],[-77.9676,33.6251],[-77.9627,33.6141],[-77.9677,33.6082],[-77.9826,33.6075],[-77.9904,33.6117],[-77.9912,33.6207],[-77.9862,33.6266]]]}},{"type":"Feature","properties":{"c":"#00ff00","v0":0.002,"v1":0.003},"geometry":{"type":"Polygon","coordinates":[[[-84.6504,33.5335],[-84.6368,33.55],[-84.6176,33.55],[-84.5928,33.5335],[-84.5928,33.5192],[-84.6176,33.5072],[-84.6368,33.5072],[-84.6504,33.5192],[-84.6504,33.5335]]]}},{"type":"Feature","properties":{"c":"#00ff00","v0":0.002,"v1":0.003},"geometry":{"type":"Polygon","coordinates":[[[-111.1887,33.0808],[-111.1762,33.0947],[-111.1627,33.0947],[-111.1481,33.0808],[-111.1481,33.0689],[-111.1627,33.0589],[-111.1762,33.0589],[-111.1887,33.0689],[-111.1887,33.0808]]]}},{"type":"Feature","properties":{"c":"#00ff00","v0":0.002,"v1":0.003},"geometry":{"type":"Polygon","coordinates":[[[-111.0549,32.8788],[-111.0383,32.8913],[-111.015,32.8826],[-110.985,32.8525],[-110.965,32.8294],[-110.9551,32.8133],[-110.9551,32.7949],[-110.965,32.7742],[-110.984,32.77],[-111.012,32.7823],[-111.0353,32.8095],[-111.0539,32.8515],[-111.0549,32.8788]],[[-111.0404,32.8609],[-111.0335,32.8713],[-111.025,32.8725],[-111.015,32.8647],[-111.0007,32.8511],[-110.9821,32.8317],[-110.9725,32.8137],[-110.9718,32.7969],[-110.9811,32.7895],[-111.0004,32.7916],[-111.0185,32.8084],[-111.0354,32.8399],[-111.0404,32.8609]]]}},{"type":"Feature","properties":{"c":"#00ff00","v0":0.002,"v1":0.003},"geometry":{"type":"Polygon","coordinates":[[[-79.7216,32.7763],[-79.7005,32.7856],[-79.6845,32.7814],[-79.6734,32.7637],[-79.6784,32.7502],[-79.6995,32.7408],[-79.7155,32.745],[-79.7266,32.7628],[-79.7216,32.7763]],[[-79.7126,32.7738],[-79.6975,32.778],[-79.6875,32.7738],[-79.6824,32.7612],[-79.6874,32.7527],[-79.7025,32.7484],[-79.7125,32.7526],[-79.7176,32.7653],[-79.7126,32.7738]]]}},{"type":"Feature","properties":{"c":"#00ff00","v0":0.002,"v1":0.003},"geometry":{"type":"Polygon","coordinates":[[[-84.537,32.6607],[-84.519,32.6745],[-84.5024,32.6787],[-84.4873,32.6734],[-84.4873,32.6608],[-84.5024,32.6409],[-84.519,32.6367],[-84.537,32.6481],[-84.537,32.6607]]]}},{"type":"Feature","properties":{"c":"#00ff00","v0":0.002,"v1":0.003},"geometry":{"type":"Polygon","coordinates":[[[-111.1631,32.3935],[-111.1544,32.4126],[-111.1334,32.4211],[-111.1001,32.4189],[-111.0901,32.4058],[-111.1034,32.3818],[-111.12,32.368],[-111.14,32.3644],[-111.1544,32.368],[-111.1631,32.3786],[-111.1631,32.3935]],[[-111.1381,32.4053],[-111.1194,32.4143],[-111.1065,32.4143],[-111.0994,32.4053],[-111.1044,32.3959],[-111.1215,32.3861],[-111.1344,32.3861],[-111.1431,32.3959],[-111.1381,32.4053]]]}},{"type":"Feature","properties":{"c":"#00ff00","v0":0.002,"v1":0.003},"geometry":{"type":"Polygon","coordinates":[[[-111.2571,32.254],[-111.2524,32.2646],[-111.2442,32.2688],[-111.2327,32.2667],[-111.2351,32.2614],[-111.2513,32.253],[-111.2571,32.254]]]}},{"type":"Feature","properties":{"c":"#00ff00","v0":0.002,"v1":0.003},"geometry":{"type":"Polygon","coordinates":[[[-111.1752,32.2357],[-111.1451,32.2435],[-111.1227,32.2351],[-111.1082,32.2103],[-111.1032,32.1897],[-111.1077,32.173],[-111.125,32.1715],[-111.155,32.1849],[-111.1751,32.2017],[-111.1852,32.2218],[-111.1752,32.2357]],[[-111.1624,32.2201],[-111.1541,32.2305],[-111.1454,32.2305],[-111.1362,32.2201],[-111.1403,32.2149],[-111.1578,32.2149],[-111.1624,32.2201]]]}},{"type":"Feature","properties":{"c":"#00ff00","v0":0.002,"v1":0.003},"geometry":{"type":"Polygon","coordinates":[[[-110.6549,32.1963],[-110.6383,32.2269],[-110.6156,32.2395],[-110.5867,32.2344],[-110.5817,32.2142],[-110.6006,32.1789],[-110.62,32.1614],[-110.64,32.1615],[-110.6533,32.1665],[-110.6599,32.1762],[-110.6549,32.1963]],[[-110.6288,32.2035],[-110.6163,32.2144],[-110.61,32.2141],[-110.61,32.2025],[-110.615,32.1927],[-110.625,32.1849],[-110.6313,32.1852],[-110.6338,32.1937],[-110.6288,32.2035]]]}},{"type":"Feature","properties":{"c":"#00ff00","v0":0.002,"v1":0.003},"geometry":{"type":"Polygon","coordinates":[[[-110.5464,32.2386],[-110.5221,32.2521],[-110.4929,32.2436],[-110.4588,32.2132],[-110.471,32.2065],[-110.5294,32.2234],[-110.5464,32.2386]]]}},{"type":"Feature","properties":{"c":"#00ff00","v0":0.002,"v1":0.003},"geometry":{"type":"Polygon","coordinates":[[[-111.7217,32.1667],[-111.6872,32.2058],[-111.655,32.2246],[-111.625,32.2233],[-111.6043,32.2165],[-111.5929,32.2042],[-111.5979,32.1685],[-111.6193,32.1096],[-111.65,32.0869],[-111.69,32.1006],[-111.7172,32.1174],[-111.7317,32.1373],[-111.7217,32.1667]],[[-111.7093,32.1614],[-111.6831,32.1897],[-111.6592,32.2024],[-111.6376,32.1995],[-111.6326,32.1741],[-111.6442,32.1263],[-111.6681,32.1136],[-111.7043,32.136],[-111.7093,32.1614]]]}},{"type":"Feature","properties":{"c":"#00ff00","v0":0.002,"v1":0.003},"geometry":{"type":"Polygon","coordinates":[[[-110.9017,32.1199],[-110.8939,32.133],[-110.8862,32.1372],[-110.8786,32.1326],[-110.8786,32.1241],[-110.8862,32.1116],[-110.8939,32.1074],[-110.9017,32.1113],[-110.9017,32.1199]]]}},{"type":"Feature","properties":{"c":"#00ff00","v0":0.002,"v1":0.003},"geometry":{"type":"Polygon","coordinates":[[[-110.9442,31.2377],[-110.9347,31.2567],[-110.9132,31.2738],[-110.8796,31.2889],[-110.8721,31.3136],[-110.8908,31.3478],[-110.8926,31.3828],[-110.8775,31.4187],[-110.8568,31.4486],[-110.8304,31.4724],[-110.8275,31.5014],[-110.8481,31.5355],[-110.8564,31.5653],[-110.8524,31.5909],[-110.8403,31.6085],[-110.8201,31.6181],[-110.795,31.6078],[-110.765,31.5776],[-110.74,31.5632],[-110.72,31.5647],[-110.7029,31.5921],[-110.6888,31.6452],[-110.6848,31.7058],[-110.6912,31.7739],[-110.7133,31.8002],[-110.7511,31.785],[-110.775,31.7799],[-110.785,31.785],[-110.7904,31.8011],[-110.7911,31.8283],[-110.8124,31.8588],[-110.8543,31.8928],[-110.8761,31.9225],[-110.8776,31.948],[-110.8931,31.9819],[-110.9225,32.0243],[-110.9304,32.0504],[-110.9168,32.0602],[-110.8939,32.0602],[-110.8616,32.0504],[-110.8281,32.0243],[-110.7933,31.9819],[-110.7594,31.9539],[-110.7265,31.9404],[-110.7041,31.9361],[-110.6923,31.9412],[-110.6873,31.9554],[-110.6891,31.9788],[-110.68,32.0077],[-110.66,32.0422],[-110.63,32.0784],[-110.59,32.1164],[-110.555,32.1366],[-110.525,32.1391],[-110.5035,32.1335],[-110.4904,32.1201],[-110.4856,32.1049],[-110.4891,32.0879],[-110.5283,32.0667],[-110.6033,32.0413],[-110.6421,32.0074],[-110.6448,31.965],[-110.6321,31.9336],[-110.604,31.9132],[-110.5782,31.9047],[-110.5546,31.9081],[-110.542,31.931],[-110.5403,31.9734],[-110.5321,32.0017],[-110.5174,32.0157],[-110.4706,32.0157],[-110.3919,32.0017],[-110.3719,31.9819],[-110.4106,31.9565],[-110.425,31.9363],[-110.415,31.9213],[-110.37,31.9101],[-110.29,31.9025],[-110.225,31.9028],[-110.175,31.9112],[-110.1368,31.9098],[-110.1103,31.8985],[-110.0962,31.8843],[-110.0945,31.8673],[-110.1016,31.8504],[-110.1177,31.8334],[-110.1228,31.8079],[-110.1171,31.7739],[-110.1531,31.7526],[-110.2309,31.7441],[-110.2598,31.7101],[-110.2399,31.6505],[-110.2076,31.6165],[-110.1627,31.6079],[-110.1531,31.5696],[-110.1788,31.5014],[-110.1888,31.4545],[-110.1831,31.4289],[-110.1587,31.3948],[-110.1158,31.3521],[-110.1033,31.3235],[-110.1211,31.3092],[-110.1543,31.3006],[-110.2029,31.2979],[-110.2205,31.2538],[-110.2071,31.1683],[-110.2128,31.1232],[-110.2376,31.1187],[-110.2884,31.1657],[-110.3652,31.2644],[-110.4252,31.3209],[-110.4684,31.3356],[-110.4842,31.3612],[-110.4725,31.3978],[-110.4725,31.446],[-110.484,31.5057],[-110.5048,31.5352],[-110.5349,31.5345],[-110.565,31.528],[-110.595,31.5157],[-110.6184,31.499],[-110.6351,31.4779],[-110.6451,31.4467],[-110.6484,31.4056],[-110.665,31.3829],[-110.695,31.3784],[-110.7268,31.3605],[-110.7603,31.3293],[-110.7723,31.2965],[-110.7629,31.2623],[-110.7654,31.2367],[-110.7796,31.2196],[-110.8125,31.1927],[-110.8642,31.1559],[-110.8945,31.1559],[-110.9036,31.1927],[-110.9184,31.2153],[-110.9388,31.2239],[-110.9442,31.2377]],[[-110.5596,32.1029],[-110.5532,32.1159],[-110.5396,32.1201],[-110.5188,32.1156],[-110.5138,32.1067],[-110.5246,32.0936],[-110.5382,32.0893],[-110.5546,32.094],[-110.5596,32.1029]],[[-110.2423,31.8291],[-110.202,31.8716],[-110.1662,31.8928],[-110.1349,31.8928],[-110.12,31.8843],[-110.1217,31.8673],[-110.1444,31.8416],[-110.1881,31.8072],[-110.22,31.7891],[-110.24,31.7874],[-110.2531,31.7919],[-110.2593,31.8025],[-110.2423,31.8291]],[[-110.2274,31.387],[-110.2158,31.3972],[-110.195,31.3967],[-110.165,31.3857],[-110.143,31.3678],[-110.1289,31.3431],[-110.1339,31.3271],[-110.158,31.32],[-110.1858,31.3328],[-110.2174,31.3656],[-110.2274,31.387]],[[-110.8191,31.4161],[-110.7821,31.4502],[-110.7602,31.4778],[-110.7534,31.4989],[-110.7417,31.5074],[-110.7251,31.5034],[-110.7252,31.4673],[-110.7419,31.399],[-110.7602,31.3602],[-110.7801,31.3508],[-110.8019,31.3594],[-110.8257,31.3858],[-110.8191,31.4161]],[[-110.847,31.9353],[-110.8418,31.9522],[-110.8319,31.9619],[-110.8173,31.9644],[-110.79,31.9549],[-110.75,31.9334],[-110.71,31.9192],[-110.67,31.9121],[-110.63,31.8922],[-110.59,31.8594],[-110.54,31.854],[-110.48,31.876],[-110.4182,31.8884],[-110.3545,31.8914],[-110.3183,31.8843],[-110.3096,31.8673],[-110.3114,31.8513],[-110.3238,31.8363],[-110.3555,31.8235],[-110.4065,31.8131],[-110.4065,31.7966],[-110.3555,31.774],[-110.315,31.7442],[-110.285,31.7073],[-110.27,31.6748],[-110.27,31.6469],[-110.2792,31.6214],[-110.2976,31.5982],[-110.2876,31.575],[-110.2492,31.5517],[-110.23,31.5299],[-110.23,31.5099],[-110.2596,31.5045],[-110.3187,31.5138],[-110.3593,31.5312],[-110.3815,31.5568],[-110.3962,31.5866],[-110.4035,31.6207],[-110.4278,31.6509],[-110.4693,31.6772],[-110.4984,31.69],[-110.5152,31.6892],[-110.5352,31.6758],[-110.5584,31.6499],[-110.575,31.6392],[-110.585,31.6438],[-110.6058,31.6695],[-110.6373,31.7164],[-110.656,31.7611],[-110.6617,31.8036],[-110.6759,31.8294],[-110.6986,31.8384],[-110.72,31.84],[-110.74,31.8342],[-110.7749,31.8552],[-110.8247,31.9029],[-110.847,31.9353]],[[-110.3332,31.285],[-110.3177,31.2961],[-110.3036,31.2961],[-110.2907,31.285],[-110.2807,31.255],[-110.2736,31.2062],[-110.2877,31.2062],[-110.3232,31.255],[-110.3332,31.285]]]}},{"type":"Feature","properties":{"c":"#00ff00","v0":0.002,"v1":0.003},"geometry":{"type":"Polygon","coordinates":[[[-111.7527,32.0188],[-111.7376,32.0333],[-111.69,32.0228],[-111.61,31.9873],[-111.5548,31.9801],[-111.5243,32.0011],[-111.5068,31.9819],[-111.5023,31.9225],[-111.5237,31.8546],[-111.5711,31.7781],[-111.5677,31.7186],[-111.5136,31.676],[-111.4923,31.6377],[-111.5037,31.6037],[-111.5045,31.5781],[-111.4945,31.5611],[-111.4923,31.544],[-111.4977,31.527],[-111.5378,31.5304],[-111.6126,31.5544],[-111.66,31.5752],[-111.68,31.5929],[-111.6878,31.6235],[-111.6834,31.667],[-111.6977,31.7101],[-111.7307,31.7526],[-111.7473,31.7951],[-111.7475,31.8376],[-111.7282,31.8821],[-111.6894,31.9287],[-111.6926,31.9669],[-111.7377,31.9967],[-111.7527,32.0188]],[[-111.7377,32.0149],[-111.7326,32.0214],[-111.7246,32.0214],[-111.7137,32.0149],[-111.7163,32.0116],[-111.7323,32.0116],[-111.7377,32.0149]],[[-111.7278,31.8419],[-111.7066,31.8758],[-111.6726,31.8971],[-111.6258,31.9056],[-111.6102,31.9225],[-111.6258,31.948],[-111.6227,31.9538],[-111.6009,31.94],[-111.575,31.9353],[-111.545,31.9399],[-111.53,31.9316],[-111.53,31.9106],[-111.5387,31.894],[-111.5561,31.8819],[-111.5644,31.8631],[-111.5636,31.8376],[-111.5817,31.7951],[-111.6186,31.7356],[-111.6136,31.6931],[-111.5666,31.6675],[-111.5548,31.6357],[-111.5783,31.5976],[-111.6075,31.5849],[-111.6426,31.5974],[-111.6598,31.6292],[-111.6591,31.6803],[-111.6765,31.7215],[-111.7122,31.753],[-111.7321,31.7827],[-111.7363,31.8108],[-111.7278,31.8419]]]}},{"type":"Feature","properties":{"c":"#00ff00","v0":0.002,"v1":0.003},"geometry":{"type":"Polygon","coordinates":[[[-110.1751,31.9886],[-110.1584,32.0106],[-110.1341,32.0148],[-110.1023,32.0014],[-110.0889,31.9862],[-110.0939,31.9692],[-110.1049,31.9566],[-110.1216,31.9483],[-110.1434,31.9526],[-110.1701,31.9693],[-110.1751,31.9886]],[[-110.1684,31.9868],[-110.1561,32.0051],[-110.1363,32.0094],[-110.1088,31.9996],[-110.1038,31.9836],[-110.1213,31.9616],[-110.1411,31.9573],[-110.1634,31.9709],[-110.1684,31.9868]]]}},{"type":"Feature","properties":{"c":"#00ff00","v0":0.002,"v1":0.003},"geometry":{"type":"Polygon","coordinates":[[[-109.6802,31.6312],[-109.6467,31.6523],[-109.6206,31.6566],[-109.6018,31.644],[-109.6018,31.6186],[-109.6206,31.5802],[-109.64,31.5638],[-109.66,31.5693],[-109.6767,31.5842],[-109.6902,31.6085],[-109.6802,31.6312]]]}},{"type":"Feature","properties":{"c":"#00ff00","v0":0.002,"v1":0.003},"geometry":{"type":"Polygon","coordinates":[[[-111.8335,31.59],[-111.8178,31.5969],[-111.805,31.5909],[-111.795,31.5721],[-111.77,31.557],[-111.73,31.5454],[-111.7103,31.53],[-111.7108,31.5109],[-111.7308,31.4945],[-111.7703,31.4807],[-111.8028,31.502],[-111.8285,31.5584],[-111.8335,31.59]],[[-111.7789,31.5237],[-111.7596,31.5342],[-111.7428,31.5342],[-111.7284,31.5237],[-111.7334,31.513],[-111.7578,31.502],[-111.7746,31.502],[-111.7839,31.513],[-111.7789,31.5237]]]}},{"type":"Feature","properties":{"c":"#00ff00","v0":0.002,"v1":0.003},"geometry":{"type":"Polygon","coordinates":[[[-111.3702,31.575],[-111.3567,31.5859],[-111.341,31.5859],[-111.323,31.575],[-111.323,31.564],[-111.341,31.5529],[-111.3567,31.5529],[-111.3702,31.564],[-111.3702,31.575]]]}},{"type":"Feature","properties":{"c":"#00ff00","v0":0.002,"v1":0.003},"geometry":{"type":"Polygon","coordinates":[[[-111.9739,31.5706],[-111.958,31.5726],[-111.9486,31.5683],[-111.9457,31.5578],[-111.9507,31.5517],[-111.9636,31.5501],[-111.973,31.5543],[-111.9789,31.5645],[-111.9739,31.5706]]]}},{"type":"Feature","properties":{"c":"#00ff00","v0":0.002,"v1":0.003},"geometry":{"type":"Polygon","coordinates":[[[-112.0661,31.3435],[-112.0424,31.3691],[-112.0304,31.3984],[-112.0301,31.4312],[-112.025,31.4489],[-112.015,31.4514],[-111.9916,31.4392],[-111.9549,31.4124],[-111.9332,31.3819],[-111.9264,31.3478],[-111.9363,31.3222],[-111.9629,31.3051],[-111.9947,31.2959],[-112.0316,31.2948],[-112.057,31.3033],[-112.071,31.3216],[-112.0661,31.3435]]]}},{"type":"Feature","properties":{"c":"#00ff00","v0":0.002,"v1":0.003},"geometry":{"type":"Polygon","coordinates":[[[-110.7311,31.0569],[-110.717,31.1595],[-110.704,31.2022],[-110.6919,31.1853],[-110.6843,31.1383],[-110.681,31.0612],[-110.6821,31.018],[-110.6874,31.0085],[-110.702,31.0042],[-110.7261,31.0051],[-110.7311,31.0569]]]}},{"type":"Feature","properties":{"c":"#00ff00","v0":0.002,"v1":0.003},"geometry":{"type":"Polygon","coordinates":[[[-111.0266,31.0818],[-111.0155,31.0974],[-111.0092,31.0974],[-111.0076,31.0818],[-111.0132,31.0741],[-111.0258,31.0741],[-111.0266,31.0818]]]}},{"type":"Feature","properties":{"c":"#00ff00","v0":0.002,"v1":0.003},"geometry":{"type":"Polygon","coordinates":[[[-110.8963,30.9929],[-110.8921,31.0019],[-110.875,31.0083],[-110.845,31.0122],[-110.8367,31.0034],[-110.85,30.982],[-110.8671,30.9755],[-110.888,30.9841],[-110.8963,30.9929]]]}},{"type":"Feature","properties":{"c":"#00ff00","v0":0.002,"v1":0.003},"geometry":{"type":"Polygon","coordinates":[[[-110.2886,30.8598],[-110.2629,30.8772],[-110.2454,30.903],[-110.2362,30.9371],[-110.2262,30.9541],[-110.2153,30.9541],[-110.2027,30.9412],[-110.1882,30.9155],[-110.185,30.8897],[-110.193,30.864],[-110.1699,30.8296],[-110.1157,30.7867],[-110.0921,30.748],[-110.099,30.7136],[-110.1094,30.6936],[-110.1231,30.6878],[-110.155,30.7003],[-110.205,30.7312],[-110.2479,30.7728],[-110.2836,30.825],[-110.2886,30.8598]],[[-110.1844,30.7689],[-110.1748,30.7761],[-110.16,30.7765],[-110.14,30.7699],[-110.125,30.7565],[-110.115,30.7365],[-110.115,30.7225],[-110.125,30.7145],[-110.1448,30.7242],[-110.1744,30.7515],[-110.1844,30.7689]]]}},{"type":"Feature","properties":{"c":"#00ff00","v0":0.002,"v1":0.003},"geometry":{"type":"Polygon","coordinates":[[[-109.7659,30.5693],[-109.7553,30.5904],[-109.7316,30.5947],[-109.6947,30.5822],[-109.7,30.5717],[-109.7475,30.5631],[-109.7659,30.5693]]]}},{"type":"Feature","properties":{"c":"#00ff00","v0":0.002,"v1":0.003},"geometry":{"type":"Polygon","coordinates":[[[-109.7284,30.3123],[-109.7028,30.3368],[-109.675,30.3475],[-109.645,30.3445],[-109.6243,30.3366],[-109.6128,30.3238],[-109.6131,30.3044],[-109.6249,30.2785],[-109.6407,30.2615],[-109.6602,30.2536],[-109.6878,30.2622],[-109.7234,30.2874],[-109.7284,30.3123]]]}},{"type":"Feature","properties":{"c":"#00ff00","v0":0.002,"v1":0.003},"geometry":{"type":"Polygon","coordinates":[[[-109.57,30.2468],[-109.5433,30.2439],[-109.5276,30.2352],[-109.5229,30.2209],[-109.5279,30.211],[-109.5426,30.2057],[-109.5583,30.2144],[-109.575,30.2369],[-109.57,30.2468]]]}},{"type":"Feature","properties":{"c":"#00ff00","v0":0.002,"v1":0.003},"geometry":{"type":"Polygon","coordinates":[[[-88.4845,29.8908],[-88.4748,29.9031],[-88.4598,29.9074],[-88.4395,29.9038],[-88.4295,29.8972],[-88.4298,29.8874],[-88.4448,29.883],[-88.4745,29.8842],[-88.4845,29.8908]]]}},{"type":"Feature","properties":{"c":"#00ff00","v0":0.002,"v1":0.003},"geometry":{"type":"Polygon","coordinates":[[[-98.1058,29.7751],[-98.0953,29.7988],[-98.0807,29.8118],[-98.0621,29.8142],[-98.0571,29.7986],[-98.0657,29.7653],[-98.075,29.7462],[-98.085,29.7414],[-98.0953,29.7451],[-98.1058,29.7572],[-98.1058,29.7751]]]}},{"type":"Feature","properties":{"c":"#00ff00","v0":0.002,"v1":0.003},"geometry":{"type":"Polygon","coordinates":[[[-97.5576,28.259],[-97.5257,28.259],[-97.5198,28.2514],[-97.5399,28.2361],[-97.5559,28.2361],[-97.5677,28.2514],[-97.5576,28.259]]]}},{"type":"Feature","properties":{"c":"#00ff00","v0":0.002,"v1":0.003},"geometry":{"type":"Polygon","coordinates":[[[-97.8221,28.1514],[-97.7874,28.1829],[-97.7509,28.1917],[-97.7128,28.1778],[-97.6978,28.157],[-97.7059,28.1294],[-97.725,28.1027],[-97.755,28.077],[-97.78,28.068],[-97.8,28.0757],[-97.8174,28.0935],[-97.8321,28.1216],[-97.8221,28.1514]],[[-97.8047,28.1481],[-97.7816,28.1731],[-97.7557,28.1819],[-97.7272,28.1746],[-97.714,28.1621],[-97.7162,28.1444],[-97.7304,28.1228],[-97.7568,28.0972],[-97.7796,28.0883],[-97.7987,28.0963],[-97.8103,28.1092],[-97.8143,28.1268],[-97.8047,28.1481]]]}},{"type":"Feature","properties":{"c":"#00ff00","v0":0.002,"v1":0.003},"geometry":{"type":"Polygon","coordinates":[[[-97.3754,27.9714],[-97.3318,28.0313],[-97.3056,28.0402],[-97.2969,27.9979],[-97.3119,27.9641],[-97.3506,27.9388],[-97.3768,27.93],[-97.3904,27.9376],[-97.3754,27.9714]]]}},{"type":"Feature","properties":{"c":"#00ff00","v0":0.002,"v1":0.003},"geometry":{"type":"Polygon","coordinates":[[[-97.771,28.0068],[-97.757,28.0315],[-97.73,28.0402],[-97.69,28.033],[-97.6619,28.0206],[-97.6458,28.0032],[-97.6608,27.9848],[-97.7069,27.9656],[-97.742,27.9656],[-97.766,27.9848],[-97.771,28.0068]],[[-97.7558,28.0033],[-97.7386,28.0211],[-97.714,28.0211],[-97.6821,28.0033],[-97.6821,27.9876],[-97.714,27.974],[-97.7386,27.974],[-97.7558,27.9876],[-97.7558,28.0033]]]}},{"type":"Feature","properties":{"c":"#00ff00","v0":0.002,"v1":0.003},"geometry":{"type":"Polygon","coordinates":[[[-97.4874,27.9622],[-97.4758,27.9684],[-97.4653,27.964],[-97.456,27.949],[-97.461,27.9374],[-97.4803,27.9294],[-97.4908,27.9338],[-97.4924,27.9507],[-97.4874,27.9622]]]}},{"type":"Feature","properties":{"c":"#00ff00","v0":0.002,"v1":0.003},"geometry":{"type":"Polygon","coordinates":[[[-97.6115,27.5907],[-97.5705,27.5972],[-97.54,27.6127],[-97.52,27.6372],[-97.5,27.6475],[-97.48,27.6435],[-97.4614,27.6191],[-97.4442,27.5744],[-97.4492,27.5295],[-97.4764,27.4844],[-97.51,27.4557],[-97.55,27.4434],[-97.5732,27.4482],[-97.5795,27.4701],[-97.5744,27.4943],[-97.5579,27.5209],[-97.5703,27.5476],[-97.6114,27.5742],[-97.6115,27.5907]],[[-97.5106,27.6094],[-97.4969,27.6178],[-97.485,27.6032],[-97.475,27.5656],[-97.4777,27.5481],[-97.4931,27.5507],[-97.505,27.5653],[-97.5133,27.5919],[-97.5106,27.6094]]]}},{"type":"Feature","properties":{"c":"#00ff00","v0":0.002,"v1":0.003},"geometry":{"type":"Polygon","coordinates":[[[-80.4318,27.4699],[-80.4173,27.4831],[-80.3946,27.4831],[-80.3638,27.4699],[-80.3446,27.4544],[-80.3369,27.4367],[-80.3423,27.4216],[-80.3608,27.4093],[-80.38,27.404],[-80.4,27.4058],[-80.4173,27.4209],[-80.4318,27.4491],[-80.4318,27.4699]],[[-80.4182,27.4521],[-80.3994,27.4654],[-80.3785,27.4609],[-80.3556,27.4388],[-80.3556,27.4235],[-80.3785,27.4149],[-80.3994,27.4194],[-80.4182,27.4368],[-80.4182,27.4521]]]}},{"type":"Feature","properties":{"c":"#00ff00","v0":0.002,"v1":0.003},"geometry":{"type":"Polygon","coordinates":[[[-97.7864,26.9731],[-97.7488,27.0246],[-97.72,27.051],[-97.7,27.0525],[-97.6814,27.0312],[-97.6642,26.9872],[-97.6621,26.9474],[-97.6751,26.9117],[-97.6937,26.8933],[-97.7179,26.8922],[-97.7488,26.9056],[-97.7864,26.9335],[-97.7864,26.9731]],[[-97.73,27.0107],[-97.7167,27.0303],[-97.71,27.0285],[-97.71,27.0053],[-97.715,26.9872],[-97.725,26.9741],[-97.7317,26.9759],[-97.735,26.9926],[-97.73,27.0107]],[[-97.7642,26.9519],[-97.7435,26.9608],[-97.7373,26.9576],[-97.7458,26.9424],[-97.7561,26.9379],[-97.7684,26.9442],[-97.7642,26.9519]]]}},{"type":"Feature","properties":{"c":"#00ff00","v0":0.002,"v1":0.003},"geometry":{"type":"Polygon","coordinates":[[[-97.9675,26.9303],[-97.9558,26.9673],[-97.93,26.9718],[-97.89,26.9436],[-97.87,26.9249],[-97.87,26.9155],[-97.89,26.9055],[-97.93,26.8948],[-97.9558,26.895],[-97.9675,26.9062],[-97.9675,26.9303]]]}},{"type":"Feature","properties":{"c":"#00ff00","v0":0.003,"v1":0.005},"geometry":{"type":"Polygon","coordinates":[[[-110.0682,54.3737],[-110.0561,54.3815],[-110.0433,54.3844],[-110.0298,54.3825],[-110.0298,54.3752],[-110.0433,54.3625],[-110.0561,54.3596],[-110.0682,54.3664],[-110.0682,54.3737]]]}},{"type":"Feature","properties":{"c":"#00ff00","v0":0.003,"v1":0.005},"geometry":{"type":"Polygon","coordinates":[[[-113.7516,53.5847],[-113.7239,53.5907],[-113.7054,53.5878],[-113.6961,53.5758],[-113.7011,53.5662],[-113.7204,53.5588],[-113.7389,53.5618],[-113.7566,53.5751],[-113.7516,53.5847]],[[-113.7397,53.5822],[-113.7199,53.5832],[-113.7092,53.5802],[-113.7077,53.5733],[-113.7127,53.5684],[-113.7242,53.5654],[-113.7349,53.5683],[-113.7447,53.5773],[-113.7397,53.5822]]]}},{"type":"Feature","properties":{"c":"#00ff00","v0":0.003,"v1":0.005},"geometry":{"type":"Polygon","coordinates":[[[-113.5579,53.313],[-113.5393,53.3235],[-113.521,53.3235],[-113.503,53.313],[-113.503,53.3021],[-113.521,53.2907],[-113.5393,53.2907],[-113.5579,53.3021],[-113.5579,53.313]],[[-113.5461,53.3105],[-113.5354,53.3161],[-113.525,53.3161],[-113.5149,53.3105],[-113.5149,53.3044],[-113.525,53.2977],[-113.5354,53.2977],[-113.5461,53.3044],[-113.5461,53.3105]]]}},{"type":"Feature","properties":{"c":"#00ff00","v0":0.003,"v1":0.005},"geometry":{"type":"Polygon","coordinates":[[[-107.7745,52.7605],[-107.7495,52.7968],[-107.7302,52.8169],[-107.7167,52.8208],[-107.7027,52.8208],[-107.6881,52.8169],[-107.6781,52.8032],[-107.6727,52.7797],[-107.6562,52.7676],[-107.6287,52.7669],[-107.6212,52.7877],[-107.634,52.83],[-107.6327,52.8653],[-107.6176,52.8937],[-107.5899,52.8967],[-107.5497,52.8744],[-107.5264,52.8572],[-107.5199,52.8451],[-107.5214,52.824],[-107.5307,52.7938],[-107.5497,52.7726],[-107.5782,52.7605],[-107.5669,52.7538],[-107.5156,52.7525],[-107.49,52.7337],[-107.49,52.6972],[-107.485,52.6751],[-107.475,52.6676],[-107.4537,52.6653],[-107.421,52.6682],[-107.4115,52.6635],[-107.425,52.6514],[-107.4264,52.6332],[-107.4157,52.6089],[-107.3911,52.5846],[-107.3525,52.5603],[-107.3074,52.5551],[-107.2558,52.5691],[-107.2,52.569],[-107.14,52.5547],[-107.1065,52.5629],[-107.0994,52.5936],[-107.0894,52.6115],[-107.0765,52.6167],[-107.055,52.6183],[-107.025,52.6161],[-106.9943,52.6044],[-106.9629,52.5831],[-106.9755,52.5634],[-107.0321,52.5451],[-107.0729,52.5262],[-107.0976,52.5065],[-107.1167,52.5035],[-107.1301,52.517],[-107.1601,52.5256],[-107.2067,52.5292],[-107.24,52.5183],[-107.26,52.4931],[-107.2981,52.4791],[-107.3542,52.4764],[-107.3805,52.466],[-107.3769,52.4477],[-107.3838,52.4367],[-107.4013,52.4329],[-107.42,52.4369],[-107.44,52.4486],[-107.475,52.4601],[-107.525,52.4712],[-107.5537,52.4825],[-107.561,52.4938],[-107.5598,52.5086],[-107.5503,52.5269],[-107.5516,52.5384],[-107.5639,52.5431],[-107.585,52.5396],[-107.615,52.5277],[-107.6438,52.5253],[-107.6713,52.5324],[-107.6732,52.5512],[-107.6494,52.5816],[-107.6494,52.6089],[-107.6733,52.6332],[-107.6864,52.656],[-107.6888,52.6772],[-107.71,52.6939],[-107.75,52.706],[-107.7743,52.7197],[-107.7828,52.7348],[-107.7745,52.7605]],[[-107.6081,52.8568],[-107.596,52.8681],[-107.5758,52.8681],[-107.5473,52.8568],[-107.5423,52.835],[-107.5608,52.8026],[-107.58,52.7903],[-107.6,52.7982],[-107.611,52.8144],[-107.6131,52.8389],[-107.6081,52.8568]],[[-107.7619,52.7381],[-107.7406,52.7538],[-107.7161,52.7568],[-107.6884,52.7472],[-107.6884,52.7341],[-107.7161,52.7175],[-107.7406,52.7145],[-107.7619,52.725],[-107.7619,52.7381]],[[-107.7166,52.8028],[-107.7052,52.8028],[-107.7021,52.7989],[-107.7074,52.7911],[-107.7131,52.7911],[-107.7192,52.7989],[-107.7166,52.8028]],[[-107.6539,52.7102],[-107.6513,52.7187],[-107.64,52.7245],[-107.62,52.7277],[-107.5895,52.7175],[-107.5484,52.6937],[-107.5534,52.6796],[-107.6045,52.6754],[-107.6363,52.6815],[-107.6489,52.6978],[-107.6539,52.7102]]]}},{"type":"Feature","properties":{"c":"#00ff00","v0":0.003,"v1":0.005},"geometry":{"type":"Polygon","coordinates":[[[-107.8533,52.7704],[-107.8378,52.7781],[-107.8236,52.7781],[-107.8108,52.7704],[-107.8108,52.7621],[-107.8236,52.7531],[-107.8378,52.7531],[-107.8533,52.7621],[-107.8533,52.7704]]]}},{"type":"Feature","properties":{"c":"#00ff00","v0":0.003,"v1":0.005},"geometry":{"type":"Polygon","coordinates":[[[-108.0455,52.5398],[-108.0352,52.5473],[-108.0183,52.5473],[-107.9949,52.5398],[-107.9899,52.5298],[-108.0033,52.5175],[-108.0202,52.5175],[-108.0405,52.5298],[-108.0455,52.5398]]]}},{"type":"Feature","properties":{"c":"#00ff00","v0":0.003,"v1":0.005},"geometry":{"type":"Polygon","coordinates":[[[-107.2483,52.3957],[-107.2361,52.4076],[-107.205,52.402],[-107.155,52.3789],[-107.135,52.3561],[-107.145,52.3335],[-107.165,52.3207],[-107.195,52.3177],[-107.2202,52.3255],[-107.2405,52.3439],[-107.2516,52.3623],[-107.2535,52.3806],[-107.2483,52.3957]]]}},{"type":"Feature","properties":{"c":"#00ff00","v0":0.003,"v1":0.005},"geometry":{"type":"Polygon","coordinates":[[[-107.9203,52.3437],[-107.9001,52.3493],[-107.8842,52.3463],[-107.8727,52.3345],[-107.8777,52.3263],[-107.8992,52.3215],[-107.9151,52.3246],[-107.9253,52.3355],[-107.9203,52.3437]]]}},{"type":"Feature","properties":{"c":"#00ff00","v0":0.003,"v1":0.005},"geometry":{"type":"Polygon","coordinates":[[[-93.2497,51.9769],[-93.2366,51.9852],[-93.2186,51.9852],[-93.1959,51.9769],[-93.1959,51.9684],[-93.2186,51.9596],[-93.2366,51.9596],[-93.2497,51.9684],[-93.2497,51.9769]]]}},{"type":"Feature","properties":{"c":"#00ff00","v0":0.003,"v1":0.005},"geometry":{"type":"Polygon","coordinates":[[[-92.324,51.7786],[-92.2747,51.8349],[-92.2316,51.8719],[-92.1948,51.8898],[-92.1966,51.9111],[-92.2369,51.9358],[-92.2587,51.9512],[-92.262,51.9574],[-92.2553,51.9656],[-92.2384,51.9759],[-92.17,51.975],[-92.05,51.9627],[-91.9447,51.9452],[-91.8541,51.9225],[-91.8191,51.902],[-91.8397,51.8836],[-91.87,51.8714],[-91.91,51.8652],[-91.965,51.867],[-92.035,51.8768],[-92.0982,51.8675],[-92.1546,51.8389],[-92.1796,51.8163],[-92.1732,51.7997],[-92.145,51.783],[-92.095,51.7664],[-92.0263,51.7283],[-91.9388,51.6687],[-91.8923,51.6357],[-91.8868,51.6295],[-91.9006,51.6163],[-91.9335,51.5961],[-91.9755,51.5868],[-92.0264,51.5884],[-92.0614,51.6066],[-92.0805,51.6414],[-92.12,51.6618],[-92.18,51.6678],[-92.216,51.6783],[-92.2281,51.6933],[-92.2628,51.7133],[-92.32,51.738],[-92.324,51.7786]],[[-92.0028,51.9161],[-91.9809,51.9262],[-91.9558,51.9231],[-91.9273,51.9069],[-91.9273,51.8943],[-91.9558,51.8853],[-91.9809,51.8884],[-92.0028,51.9035],[-92.0028,51.9161]],[[-92.0855,51.7039],[-92.0752,51.7101],[-92.06,51.7101],[-92.04,51.7039],[-92.0055,51.6823],[-91.9567,51.6451],[-91.9361,51.6233],[-91.9438,51.6171],[-91.9683,51.6114],[-92.0094,51.6062],[-92.0452,51.628],[-92.0755,51.6766],[-92.0855,51.7039]],[[-92.3065,51.7686],[-92.2955,51.7802],[-92.2828,51.7864],[-92.2683,51.7872],[-92.2633,51.7744],[-92.2678,51.7481],[-92.2805,51.7419],[-92.3015,51.7558],[-92.3065,51.7686]],[[-92.2228,51.9635],[-92.194,51.9697],[-92.174,51.9697],[-92.1627,51.9635],[-92.1579,51.9543],[-92.1596,51.942],[-92.1728,51.9358],[-92.1976,51.9359],[-92.2168,51.942],[-92.2304,51.9543],[-92.2228,51.9635]]]}},{"type":"Feature","properties":{"c":"#00ff00","v0":0.003,"v1":0.005},"geometry":{"type":"Polygon","coordinates":[[[-92.702,51.8586],[-92.6989,51.8772],[-92.6805,51.9051],[-92.6468,51.9426],[-92.605,51.9656],[-92.555,51.9742],[-92.5124,51.9494],[-92.4772,51.891],[-92.4697,51.8525],[-92.4897,51.8339],[-92.4996,51.8185],[-92.4995,51.8061],[-92.4921,51.7896],[-92.4774,51.769],[-92.4461,51.7535],[-92.3983,51.7432],[-92.3883,51.7318],[-92.4161,51.7192],[-92.445,51.7145],[-92.475,51.7176],[-92.5072,51.7301],[-92.5417,51.7519],[-92.5571,51.7752],[-92.5532,51.7999],[-92.556,51.8163],[-92.5653,51.8242],[-92.595,51.8288],[-92.645,51.8301],[-92.6784,51.8354],[-92.6952,51.8447],[-92.702,51.8586]],[[-92.6089,51.9294],[-92.5963,51.9414],[-92.58,51.9481],[-92.56,51.9497],[-92.535,51.9273],[-92.505,51.8811],[-92.495,51.8562],[-92.505,51.8526],[-92.5249,51.8566],[-92.5547,51.8683],[-92.581,51.8864],[-92.6038,51.9111],[-92.6089,51.9294]]]}},{"type":"Feature","properties":{"c":"#00ff00","v0":0.003,"v1":0.005},"geometry":{"type":"Polygon","coordinates":[[[-93.2588,51.8676],[-93.2396,51.8794],[-93.2215,51.8794],[-93.2045,51.8676],[-93.2045,51.8565],[-93.2215,51.8461],[-93.2396,51.8461],[-93.2588,51.8565],[-93.2588,51.8676]],[[-93.2425,51.8645],[-93.2342,51.8699],[-93.2269,51.8699],[-93.2206,51.8645],[-93.2247,51.8617],[-93.2393,51.8617],[-93.2425,51.8645]]]}},{"type":"Feature","properties":{"c":"#00ff00","v0":0.003,"v1":0.005},"geometry":{"type":"Polygon","coordinates":[[[-92.9059,51.8396],[-92.8953,51.8446],[-92.885,51.8449],[-92.875,51.8403],[-92.87,51.8318],[-92.87,51.8194],[-92.8803,51.8192],[-92.9009,51.8311],[-92.9059,51.8396]]]}},{"type":"Feature","properties":{"c":"#00ff00","v0":0.003,"v1":0.005},"geometry":{"type":"Polygon","coordinates":[[[-93.3362,51.817],[-93.3187,51.8265],[-93.3029,51.8265],[-93.2888,51.817],[-93.2888,51.8073],[-93.3029,51.7974],[-93.3187,51.7974],[-93.3362,51.8073],[-93.3362,51.817]]]}},{"type":"Feature","properties":{"c":"#00ff00","v0":0.003,"v1":0.005},"geometry":{"type":"Polygon","coordinates":[[[-93.028,51.7907],[-93.016,51.797],[-93.0022,51.797],[-92.9866,51.7907],[-92.9816,51.7844],[-92.9872,51.7781],[-93.001,51.7781],[-93.023,51.7844],[-93.028,51.7907]]]}},{"type":"Feature","properties":{"c":"#00ff00","v0":0.003,"v1":0.005},"geometry":{"type":"Polygon","coordinates":[[[-91.9024,51.7734],[-91.8675,51.7946],[-91.8292,51.8008],[-91.7877,51.792],[-91.7823,51.7783],[-91.8131,51.7597],[-91.8232,51.738],[-91.8125,51.7133],[-91.8179,51.6962],[-91.8393,51.687],[-91.8649,51.687],[-91.8947,51.6962],[-91.9121,51.7164],[-91.9172,51.7473],[-91.9024,51.7734]]]}},{"type":"Feature","properties":{"c":"#00ff00","v0":0.003,"v1":0.005},"geometry":{"type":"Polygon","coordinates":[[[-91.6336,51.7787],[-91.6179,51.7856],[-91.6004,51.7825],[-91.5813,51.7694],[-91.5813,51.7598],[-91.6004,51.7537],[-91.6179,51.7568],[-91.6336,51.7691],[-91.6336,51.7787]]]}},{"type":"Feature","properties":{"c":"#00ff00","v0":0.003,"v1":0.005},"geometry":{"type":"Polygon","coordinates":[[[-92.785,51.7558],[-92.775,51.7666],[-92.76,51.7718],[-92.74,51.7715],[-92.7234,51.763],[-92.7103,51.7464],[-92.7153,51.7356],[-92.7384,51.7306],[-92.76,51.7337],[-92.78,51.7448],[-92.785,51.7558]]]}},{"type":"Feature","properties":{"c":"#00ff00","v0":0.003,"v1":0.005},"geometry":{"type":"Polygon","coordinates":[[[-93.271,51.7078],[-93.257,51.7217],[-93.25,51.72],[-93.25,51.7027],[-93.257,51.6958],[-93.271,51.6992],[-93.271,51.7078]]]}},{"type":"Feature","properties":{"c":"#00ff00","v0":0.003,"v1":0.005},"geometry":{"type":"Polygon","coordinates":[[[-92.6515,51.6854],[-92.6338,51.704],[-92.6062,51.7148],[-92.5687,51.7178],[-92.545,51.7026],[-92.535,51.6693],[-92.5,51.6517],[-92.44,51.6499],[-92.3964,51.6434],[-92.3693,51.6321],[-92.3893,51.6146],[-92.4564,51.5909],[-92.5,51.5794],[-92.52,51.5801],[-92.54,51.5839],[-92.56,51.5907],[-92.5787,51.6084],[-92.5962,51.637],[-92.6188,51.6575],[-92.6465,51.6699],[-92.6515,51.6854]]]}},{"type":"Feature","properties":{"c":"#00ff00","v0":0.003,"v1":0.005},"geometry":{"type":"Polygon","coordinates":[[[-92.9294,51.5954],[-92.9183,51.6078],[-92.917,51.6295],[-92.9257,51.6605],[-92.92,51.678],[-92.9,51.6822],[-92.8722,51.6574],[-92.8366,51.6036],[-92.8316,51.5718],[-92.8572,51.5619],[-92.8863,51.565],[-92.9188,51.5811],[-92.9294,51.5954]]]}},{"type":"Feature","properties":{"c":"#00ff00","v0":0.003,"v1":0.005},"geometry":{"type":"Polygon","coordinates":[[[-91.4703,51.6152],[-91.4568,51.6177],[-91.4494,51.6146],[-91.4481,51.6059],[-91.4548,51.6047],[-91.4697,51.6109],[-91.4703,51.6152]]]}},{"type":"Feature","properties":{"c":"#00ff00","v0":0.003,"v1":0.005},"geometry":{"type":"Polygon","coordinates":[[[-93.1788,51.5705],[-93.1689,51.5829],[-93.1505,51.5923],[-93.1235,51.5985],[-93.1069,51.5985],[-93.1008,51.5923],[-93.1054,51.5829],[-93.1206,51.5705],[-93.1422,51.5643],[-93.1699,51.5643],[-93.1788,51.5705]]]}},{"type":"Feature","properties":{"c":"#00ff00","v0":0.003,"v1":0.005},"geometry":{"type":"Polygon","coordinates":[[[-92.8184,51.4891],[-92.8128,51.5128],[-92.7934,51.5253],[-92.7603,51.5264],[-92.7394,51.5177],[-92.731,51.499],[-92.7362,51.4803],[-92.7551,51.4616],[-92.7759,51.4516],[-92.7986,51.4503],[-92.8128,51.4565],[-92.8184,51.4703],[-92.8184,51.4891]],[[-92.7955,51.4957],[-92.7918,51.5079],[-92.785,51.5141],[-92.775,51.5144],[-92.7661,51.5114],[-92.7582,51.5052],[-92.7582,51.4951],[-92.7661,51.4812],[-92.775,51.4715],[-92.785,51.4663],[-92.7918,51.4702],[-92.7955,51.4832],[-92.7955,51.4957]]]}},{"type":"Feature","properties":{"c":"#00ff00","v0":0.003,"v1":0.005},"geometry":{"type":"Polygon","coordinates":[[[-91.8955,51.4632],[-91.8652,51.485],[-91.82,51.5003],[-91.76,51.5093],[-91.7189,51.5109],[-91.6968,51.505],[-91.6849,51.499],[-91.6831,51.4928],[-91.7092,51.4859],[-91.7631,51.4784],[-91.805,51.4661],[-91.835,51.4488],[-91.862,51.4401],[-91.8859,51.4399],[-91.9011,51.4429],[-91.9075,51.4491],[-91.8955,51.4632]]]}},{"type":"Feature","properties":{"c":"#00ff00","v0":0.003,"v1":0.005},"geometry":{"type":"Polygon","coordinates":[[[-93.5309,51.4086],[-93.519,51.4211],[-93.4964,51.4304],[-93.463,51.4367],[-93.4373,51.4527],[-93.4191,51.4786],[-93.4056,51.488],[-93.3969,51.4808],[-93.398,51.4616],[-93.4089,51.4304],[-93.3999,51.4055],[-93.3711,51.3868],[-93.3559,51.3712],[-93.3543,51.3587],[-93.3576,51.3483],[-93.3659,51.34],[-93.39,51.3442],[-93.43,51.3607],[-93.47,51.3649],[-93.51,51.3569],[-93.5317,51.3652],[-93.5351,51.39],[-93.5309,51.4086]],[[-93.5013,51.406],[-93.4938,51.4134],[-93.4821,51.4134],[-93.4664,51.406],[-93.4664,51.399],[-93.4821,51.3921],[-93.4938,51.3921],[-93.5013,51.399],[-93.5013,51.406]]]}},{"type":"Feature","properties":{"c":"#00ff00","v0":0.003,"v1":0.005},"geometry":{"type":"Polygon","coordinates":[[[-92.6609,51.407],[-92.6136,51.4411],[-92.555,51.4609],[-92.485,51.4664],[-92.435,51.4754],[-92.405,51.488],[-92.3775,51.49],[-92.3526,51.4815],[-92.3476,51.4721],[-92.3625,51.462],[-92.4,51.4521],[-92.46,51.4425],[-92.5072,51.4288],[-92.5417,51.4112],[-92.561,51.3993],[-92.5652,51.393],[-92.553,51.3885],[-92.5243,51.3856],[-92.5029,51.3793],[-92.4888,51.3697],[-92.4792,51.3556],[-92.4742,51.3368],[-92.4763,51.3217],[-92.4854,51.3102],[-92.5071,51.3071],[-92.5412,51.3123],[-92.5662,51.3306],[-92.5821,51.3618],[-92.605,51.374],[-92.635,51.3672],[-92.6586,51.3703],[-92.6759,51.3834],[-92.6609,51.407]],[[-92.5503,51.3465],[-92.5368,51.3596],[-92.52,51.3559],[-92.5,51.3354],[-92.5,51.3222],[-92.52,51.3163],[-92.5368,51.32],[-92.5503,51.3333],[-92.5503,51.3465]],[[-92.6373,51.4011],[-92.6058,51.4234],[-92.5782,51.4358],[-92.5545,51.4385],[-92.5645,51.4266],[-92.6082,51.4001],[-92.6358,51.3876],[-92.6473,51.3891],[-92.6373,51.4011]]]}},{"type":"Feature","properties":{"c":"#00ff00","v0":0.003,"v1":0.005},"geometry":{"type":"Polygon","coordinates":[[[-92.1748,51.4735],[-92.1583,51.4911],[-92.145,51.4987],[-92.135,51.4963],[-92.1311,51.4845],[-92.1332,51.463],[-92.1432,51.4512],[-92.1611,51.4491],[-92.1733,51.4522],[-92.1798,51.4606],[-92.1748,51.4735]]]}},{"type":"Feature","properties":{"c":"#00ff00","v0":0.003,"v1":0.005},"geometry":{"type":"Polygon","coordinates":[[[-91.6211,51.4896],[-91.5852,51.4896],[-91.5588,51.4834],[-91.5418,51.471],[-91.5345,51.4585],[-91.5367,51.446],[-91.5558,51.4386],[-91.5919,51.4363],[-91.6173,51.4487],[-91.6318,51.476],[-91.6211,51.4896]],[[-91.5983,51.4772],[-91.5794,51.4771],[-91.5671,51.4709],[-91.5614,51.4585],[-91.5664,51.452],[-91.5821,51.4516],[-91.5944,51.4578],[-91.6033,51.4707],[-91.5983,51.4772]]]}},{"type":"Feature","properties":{"c":"#00ff00","v0":0.003,"v1":0.005},"geometry":{"type":"Polygon","coordinates":[[[-90.9622,51.482],[-90.9541,51.4916],[-90.9301,51.4916],[-90.8904,51.482],[-90.8684,51.471],[-90.8642,51.4585],[-90.8691,51.4454],[-90.883,51.4318],[-90.9011,51.4255],[-90.9234,51.4267],[-90.9425,51.4398],[-90.9583,51.4647],[-90.9622,51.482]],[[-90.9274,51.4677],[-90.9158,51.4738],[-90.9047,51.4707],[-90.8941,51.4584],[-90.8941,51.4504],[-90.9047,51.4467],[-90.9158,51.4498],[-90.9274,51.4598],[-90.9274,51.4677]]]}},{"type":"Feature","properties":{"c":"#00ff00","v0":0.003,"v1":0.005},"geometry":{"type":"Polygon","coordinates":[[[-93.9957,51.4464],[-93.9786,51.4596],[-93.9622,51.4596],[-93.9465,51.4464],[-93.9465,51.4353],[-93.9622,51.4264],[-93.9786,51.4264],[-93.9957,51.4353],[-93.9957,51.4464]]]}},{"type":"Feature","properties":{"c":"#00ff00","v0":0.003,"v1":0.005},"geometry":{"type":"Polygon","coordinates":[[[-92.9785,51.4435],[-92.9728,51.4508],[-92.96,51.4545],[-92.94,51.4546],[-92.9168,51.4415],[-92.8905,51.4154],[-92.8905,51.401],[-92.9168,51.3982],[-92.9428,51.4076],[-92.9685,51.4291],[-92.9785,51.4435]]]}},{"type":"Feature","properties":{"c":"#00ff00","v0":0.003,"v1":0.005},"geometry":{"type":"Polygon","coordinates":[[[-93.6443,51.4317],[-93.6214,51.4405],[-93.5973,51.4374],[-93.572,51.4224],[-93.572,51.4103],[-93.5973,51.4012],[-93.6214,51.4044],[-93.6443,51.4197],[-93.6443,51.4317]],[[-93.6191,51.4242],[-93.6017,51.418],[-93.6012,51.4149],[-93.6174,51.4149],[-93.626,51.418],[-93.6272,51.4242],[-93.6191,51.4242]]]}},{"type":"Feature","properties":{"c":"#00ff00","v0":0.003,"v1":0.005},"geometry":{"type":"Polygon","coordinates":[[[-93.0927,51.4056],[-93.0776,51.412],[-93.0618,51.412],[-93.0455,51.4056],[-93.0455,51.3958],[-93.0618,51.3827],[-93.0776,51.3827],[-93.0927,51.3958],[-93.0927,51.4056]]]}},{"type":"Feature","properties":{"c":"#00ff00","v0":0.003,"v1":0.005},"geometry":{"type":"Polygon","coordinates":[[[-92.2051,51.3535],[-92.195,51.3557],[-92.1869,51.3526],[-92.1807,51.3442],[-92.1857,51.3431],[-92.202,51.3493],[-92.2051,51.3535]]]}},{"type":"Feature","properties":{"c":"#00ff00","v0":0.003,"v1":0.005},"geometry":{"type":"Polygon","coordinates":[[[-94.0432,51.1427],[-94.0311,51.2242],[-93.9813,51.2759],[-93.8938,51.2979],[-93.86,51.3037],[-93.88,51.2933],[-93.895,51.2786],[-93.905,51.2594],[-93.9234,51.2443],[-93.9503,51.233],[-93.9768,51.2086],[-94.0032,51.171],[-94.0086,51.1396],[-93.9929,51.1145],[-93.9675,51.0956],[-93.9321,51.0831],[-93.9162,51.0705],[-93.9195,51.0579],[-93.9284,51.0475],[-93.9428,51.0392],[-93.9583,51.0361],[-93.9748,51.0381],[-93.9996,51.0548],[-94.0327,51.0862],[-94.0432,51.1427]],[[-93.9902,51.2555],[-93.9673,51.2618],[-93.9644,51.2588],[-93.9815,51.2466],[-93.9929,51.2434],[-93.9987,51.2494],[-93.9902,51.2555]]]}},{"type":"Feature","properties":{"c":"#00ff00","v0":0.003,"v1":0.005},"geometry":{"type":"Polygon","coordinates":[[[-93.4702,51.2603],[-93.4567,51.2761],[-93.435,51.2871],[-93.405,51.2934],[-93.3856,51.2886],[-93.3769,51.2728],[-93.3769,51.258],[-93.3856,51.244],[-93.405,51.2313],[-93.435,51.2199],[-93.4567,51.2237],[-93.4702,51.2428],[-93.4702,51.2603]],[[-93.4416,51.2693],[-93.4205,51.2782],[-93.4046,51.2782],[-93.3938,51.2693],[-93.3988,51.2597],[-93.4196,51.2493],[-93.4355,51.2493],[-93.4466,51.2597],[-93.4416,51.2693]]]}},{"type":"Feature","properties":{"c":"#00ff00","v0":0.003,"v1":0.005},"geometry":{"type":"Polygon","coordinates":[[[-91.5459,51.2808],[-91.522,51.2876],[-91.5044,51.2844],[-91.4931,51.2714],[-91.4981,51.2619],[-91.5194,51.2559],[-91.537,51.259],[-91.5509,51.2713],[-91.5459,51.2808]]]}},{"type":"Feature","properties":{"c":"#00ff00","v0":0.003,"v1":0.005},"geometry":{"type":"Polygon","coordinates":[[[-92.5526,51.2331],[-92.5375,51.2446],[-92.52,51.2507],[-92.5,51.2515],[-92.4812,51.2426],[-92.4636,51.2241],[-92.4686,51.2095],[-92.4962,51.1988],[-92.5225,51.2019],[-92.5476,51.2189],[-92.5526,51.2331]],[[-92.5296,51.2308],[-92.5032,51.2375],[-92.4861,51.2344],[-92.4784,51.2214],[-92.4834,51.2119],[-92.5011,51.2061],[-92.5182,51.2092],[-92.5346,51.2213],[-92.5296,51.2308]]]}},{"type":"Feature","properties":{"c":"#00ff00","v0":0.003,"v1":0.005},"geometry":{"type":"Polygon","coordinates":[[[-93.0201,51.1427],[-92.9725,51.1741],[-92.929,51.1894],[-92.8897,51.1888],[-92.8767,51.17],[-92.8902,51.133],[-92.9102,51.1131],[-92.9367,51.1102],[-92.9735,51.1133],[-93.0205,51.1225],[-93.0201,51.1427]],[[-92.9768,51.1477],[-92.9589,51.164],[-92.9348,51.1735],[-92.9043,51.176],[-92.8943,51.164],[-92.9048,51.1375],[-92.92,51.1231],[-92.94,51.1208],[-92.9589,51.1246],[-92.9768,51.1346],[-92.9768,51.1477]]]}},{"type":"Feature","properties":{"c":"#00ff00","v0":0.003,"v1":0.005},"geometry":{"type":"Polygon","coordinates":[[[-93.6759,51.1797],[-93.672,51.1846],[-93.6657,51.1846],[-93.657,51.1797],[-93.657,51.1737],[-93.6657,51.1667],[-93.672,51.1667],[-93.6759,51.1737],[-93.6759,51.1797]]]}},{"type":"Feature","properties":{"c":"#00ff00","v0":0.003,"v1":0.005},"geometry":{"type":"Polygon","coordinates":[[[-92.6743,51.097],[-92.6581,51.1123],[-92.64,51.1199],[-92.62,51.1199],[-92.6041,51.1154],[-92.5922,51.1064],[-92.5972,51.0932],[-92.6191,51.0757],[-92.6431,51.0726],[-92.6693,51.0838],[-92.6743,51.097]],[[-92.663,51.0947],[-92.6543,51.1052],[-92.6386,51.1084],[-92.6157,51.1041],[-92.6107,51.0956],[-92.6236,51.083],[-92.6393,51.0798],[-92.658,51.0862],[-92.663,51.0947]]]}},{"type":"Feature","properties":{"c":"#00ff00","v0":0.003,"v1":0.005},"geometry":{"type":"Polygon","coordinates":[[[-92.1013,51.0048],[-92.0804,51.0118],[-92.0664,51.0118],[-92.0593,51.0048],[-92.0643,50.9979],[-92.0814,50.9911],[-92.0954,50.9911],[-92.1063,50.9979],[-92.1013,51.0048]]]}},{"type":"Feature","properties":{"c":"#00ff00","v0":0.003,"v1":0.005},"geometry":{"type":"Polygon","coordinates":[[[-101.2011,50.9935],[-101.1937,51.0031],[-101.1825,51.0062],[-101.1674,51.003],[-101.1624,50.9966],[-101.1675,50.987],[-101.1787,50.9839],[-101.1961,50.9871],[-101.2011,50.9935]]]}},{"type":"Feature","properties":{"c":"#00ff00","v0":0.003,"v1":0.005},"geometry":{"type":"Polygon","coordinates":[[[-101.3115,50.9708],[-101.2972,50.9852],[-101.2727,50.9883],[-101.2382,50.9802],[-101.2233,50.9699],[-101.228,50.9573],[-101.2403,50.9471],[-101.2601,50.9395],[-101.2822,50.9426],[-101.3065,50.9566],[-101.3115,50.9708]],[[-101.2974,50.9695],[-101.2791,50.9813],[-101.2613,50.9813],[-101.2439,50.9695],[-101.2439,50.9584],[-101.2613,50.9481],[-101.2791,50.9481],[-101.2974,50.9584],[-101.2974,50.9695]]]}},{"type":"Feature","properties":{"c":"#00ff00","v0":0.003,"v1":0.005},"geometry":{"type":"Polygon","coordinates":[[[-105.7512,50.9602],[-105.7237,50.9788],[-105.6937,50.9819],[-105.6612,50.9697],[-105.6562,50.952],[-105.6787,50.9289],[-105.7046,50.9194],[-105.7339,50.9236],[-105.7527,50.9321],[-105.7609,50.9447],[-105.7512,50.9602]],[[-105.7446,50.959],[-105.7215,50.975],[-105.6963,50.9782],[-105.669,50.9684],[-105.6571,50.9573],[-105.6605,50.9447],[-105.6742,50.9341],[-105.6981,50.9256],[-105.7215,50.9288],[-105.7446,50.9436],[-105.7446,50.959]]]}},{"type":"Feature","properties":{"c":"#00ff00","v0":0.003,"v1":0.005},"geometry":{"type":"Polygon","coordinates":[[[-92.247,50.8738],[-92.2223,50.8962],[-92.2,50.9088],[-92.18,50.9118],[-92.1625,50.9101],[-92.1474,50.9037],[-92.1393,50.8942],[-92.1383,50.8816],[-92.1458,50.8694],[-92.1619,50.8575],[-92.1923,50.8543],[-92.237,50.8599],[-92.247,50.8738]],[[-92.2014,50.8897],[-92.1805,50.8932],[-92.1676,50.89],[-92.1629,50.8802],[-92.1679,50.8733],[-92.1826,50.8694],[-92.1955,50.8725],[-92.2064,50.8828],[-92.2014,50.8897]]]}},{"type":"Feature","properties":{"c":"#00ff00","v0":0.003,"v1":0.005},"geometry":{"type":"Polygon","coordinates":[[[-92.0069,50.8156],[-91.9956,50.8225],[-91.9874,50.8225],[-91.9822,50.8156],[-91.9878,50.8121],[-92.0043,50.8121],[-92.0069,50.8156]]]}},{"type":"Feature","properties":{"c":"#00ff00","v0":0.003,"v1":0.005},"geometry":{"type":"Polygon","coordinates":[[[-91.8032,50.1343],[-91.7593,50.2048],[-91.7113,50.2591],[-91.6591,50.2975],[-91.6374,50.3262],[-91.6461,50.3454],[-91.6453,50.3619],[-91.6351,50.3759],[-91.605,50.3875],[-91.555,50.3968],[-91.505,50.3876],[-91.455,50.3599],[-91.422,50.361],[-91.4061,50.391],[-91.4039,50.4187],[-91.4155,50.4442],[-91.4135,50.4625],[-91.3978,50.4737],[-91.375,50.4789],[-91.345,50.4782],[-91.3058,50.4694],[-91.2575,50.4526],[-91.2175,50.4443],[-91.1858,50.4444],[-91.16,50.4693],[-91.14,50.5189],[-91.1557,50.5443],[-91.2072,50.5454],[-91.2332,50.5619],[-91.2336,50.5936],[-91.2128,50.6126],[-91.1709,50.6187],[-91.1576,50.6345],[-91.1727,50.6601],[-91.1747,50.6793],[-91.1634,50.6919],[-91.1108,50.7126],[-91.0169,50.7413],[-90.9676,50.7508],[-90.9628,50.7411],[-90.9696,50.7299],[-90.988,50.7173],[-90.9804,50.7045],[-90.9468,50.6916],[-90.9271,50.6758],[-90.9214,50.657],[-90.9264,50.6413],[-90.9421,50.6289],[-90.965,50.624],[-90.995,50.6265],[-91.02,50.6238],[-91.04,50.616],[-91.0518,50.6019],[-91.0553,50.5816],[-91.0453,50.5681],[-91.0218,50.5616],[-90.99,50.5693],[-90.95,50.5911],[-90.9201,50.5912],[-90.9003,50.5695],[-90.8931,50.5492],[-90.8985,50.5301],[-90.9103,50.5078],[-90.9286,50.4824],[-90.9708,50.4517],[-91.0369,50.4159],[-91.09,50.3991],[-91.13,50.4013],[-91.16,50.397],[-91.18,50.3862],[-91.205,50.3795],[-91.235,50.3769],[-91.2497,50.3704],[-91.249,50.3601],[-91.2274,50.3454],[-91.1847,50.3262],[-91.1487,50.3039],[-91.1194,50.2783],[-91.1043,50.2591],[-91.1034,50.2463],[-91.1198,50.2308],[-91.1533,50.2126],[-91.19,50.2121],[-91.23,50.2294],[-91.26,50.2358],[-91.28,50.2314],[-91.2939,50.2254],[-91.3018,50.2181],[-91.2972,50.2016],[-91.28,50.1759],[-91.2911,50.1576],[-91.3304,50.1465],[-91.3557,50.1337],[-91.3671,50.1191],[-91.3221,50.09],[-91.2207,50.0462],[-91.155,50.0351],[-91.125,50.0567],[-91.09,50.0687],[-91.05,50.0711],[-91.025,50.0528],[-91.015,50.0138],[-91.025,49.9947],[-91.055,49.9956],[-91.08,49.9778],[-91.1,49.9414],[-91.14,49.9255],[-91.2,49.9302],[-91.25,49.9239],[-91.29,49.9067],[-91.33,49.8958],[-91.37,49.8914],[-91.3978,49.8935],[-91.4135,49.9019],[-91.4199,49.9126],[-91.4172,49.9255],[-91.4044,49.9407],[-91.3815,49.9582],[-91.3451,49.971],[-91.2952,49.9793],[-91.2752,49.9901],[-91.2851,50.0035],[-91.305,50.0137],[-91.335,50.0207],[-91.37,50.0193],[-91.41,50.0094],[-91.4387,50.0088],[-91.4561,50.0176],[-91.4611,50.029],[-91.4537,50.0429],[-91.475,50.0561],[-91.525,50.0685],[-91.57,50.069],[-91.61,50.0577],[-91.645,50.0709],[-91.675,50.1086],[-91.705,50.1266],[-91.735,50.125],[-91.7481,50.1147],[-91.7444,50.0957],[-91.7494,50.0804],[-91.7631,50.0689],[-91.78,50.0646],[-91.8,50.0673],[-91.8138,50.0763],[-91.8214,50.0914],[-91.8032,50.1343]],[[-91.1309,50.4569],[-91.1036,50.5078],[-91.07,50.5366],[-91.03,50.5435],[-90.995,50.5558],[-90.965,50.5735],[-90.94,50.5797],[-90.92,50.5745],[-90.9089,50.5622],[-90.9068,50.5429],[-90.9169,50.5174],[-90.9393,50.4856],[-90.9854,50.453],[-91.0551,50.4197],[-91.1036,50.4101],[-91.1309,50.4243],[-91.1309,50.4569]],[[-91.1204,50.0425],[-91.0868,50.0579],[-91.0603,50.0611],[-91.0408,50.0522],[-91.0358,50.0381],[-91.0453,50.019],[-91.065,50.0098],[-91.095,50.0105],[-91.1168,50.0169],[-91.1304,50.0289],[-91.1204,50.0425]],[[-91.8019,50.09],[-91.794,50.0977],[-91.7827,50.0977],[-91.768,50.09],[-91.768,50.0827],[-91.7827,50.0757],[-91.794,50.0757],[-91.8019,50.0827],[-91.8019,50.09]],[[-91.3823,50.4494],[-91.3608,50.4599],[-91.341,50.4567],[-91.3231,50.4399],[-91.3231,50.4277],[-91.341,50.4203],[-91.3608,50.4234],[-91.3823,50.4373],[-91.3823,50.4494]],[[-91.2257,50.4105],[-91.2152,50.4195],[-91.2023,50.4226],[-91.1868,50.42],[-91.1841,50.4123],[-91.1941,50.3996],[-91.207,50.3964],[-91.223,50.4028],[-91.2257,50.4105]],[[-91.2177,50.5894],[-91.2126,50.6001],[-91.2011,50.6032],[-91.1832,50.5989],[-91.1782,50.5908],[-91.1861,50.5789],[-91.1976,50.5757],[-91.2127,50.5813],[-91.2177,50.5894]],[[-91.1572,50.6793],[-91.1424,50.6919],[-91.1137,50.7022],[-91.0712,50.71],[-91.04,50.7059],[-91.02,50.6899],[-90.995,50.6814],[-90.965,50.6806],[-90.9457,50.6752],[-90.9371,50.6652],[-90.9371,50.6558],[-90.9457,50.6469],[-90.965,50.6428],[-90.995,50.6435],[-91.0275,50.6384],[-91.0624,50.6276],[-91.0824,50.6098],[-91.0875,50.5851],[-91.095,50.5728],[-91.105,50.5729],[-91.112,50.5852],[-91.1161,50.6099],[-91.1297,50.6349],[-91.153,50.6602],[-91.1572,50.6793]],[[-91.7341,50.1952],[-91.6511,50.2847],[-91.6147,50.3398],[-91.6249,50.3605],[-91.605,50.3731],[-91.555,50.3777],[-91.51,50.3671],[-91.47,50.3415],[-91.44,50.3282],[-91.42,50.3272],[-91.405,50.3412],[-91.395,50.3701],[-91.375,50.3884],[-91.345,50.3962],[-91.318,50.3888],[-91.2939,50.3662],[-91.2514,50.3422],[-91.1903,50.3166],[-91.1481,50.2911],[-91.1246,50.2655],[-91.1171,50.245],[-91.1257,50.2294],[-91.145,50.2191],[-91.175,50.2141],[-91.205,50.2204],[-91.235,50.2379],[-91.275,50.2403],[-91.325,50.2277],[-91.36,50.2335],[-91.38,50.2575],[-91.4312,50.2622],[-91.5135,50.2474],[-91.5463,50.2368],[-91.5295,50.2304],[-91.5183,50.2135],[-91.5128,50.1862],[-91.495,50.1722],[-91.465,50.1715],[-91.435,50.1779],[-91.405,50.1915],[-91.3652,50.1959],[-91.3157,50.1911],[-91.2903,50.1824],[-91.2891,50.1695],[-91.3088,50.1572],[-91.3496,50.1453],[-91.3752,50.1293],[-91.3855,50.1091],[-91.3355,50.0742],[-91.2252,50.0245],[-91.155,50.0011],[-91.125,50.004],[-91.1075,49.9904],[-91.1025,49.96],[-91.1075,49.9415],[-91.1225,49.9349],[-91.155,49.9354],[-91.205,49.9432],[-91.245,49.938],[-91.275,49.9199],[-91.315,49.9076],[-91.365,49.9012],[-91.3946,49.9032],[-91.4039,49.9138],[-91.3987,49.9287],[-91.3791,49.948],[-91.3411,49.9609],[-91.2845,49.9673],[-91.2647,49.9846],[-91.2816,50.0127],[-91.31,50.0296],[-91.35,50.0352],[-91.385,50.0333],[-91.415,50.0239],[-91.4256,50.0263],[-91.4167,50.0405],[-91.4172,50.0509],[-91.427,50.0573],[-91.4614,50.0678],[-91.5205,50.0824],[-91.57,50.0892],[-91.61,50.0882],[-91.6364,50.097],[-91.6493,50.1154],[-91.6413,50.1343],[-91.6125,50.1535],[-91.6061,50.1767],[-91.622,50.2037],[-91.6428,50.2133],[-91.6684,50.2055],[-91.6758,50.192],[-91.6651,50.1727],[-91.6673,50.1576],[-91.6824,50.1465],[-91.7,50.1396],[-91.72,50.1368],[-91.7414,50.1391],[-91.7642,50.1466],[-91.7341,50.1952]],[[-91.4878,50.2016],[-91.4719,50.2272],[-91.4454,50.244],[-91.4085,50.2521],[-91.3838,50.2457],[-91.3715,50.2248],[-91.3865,50.2059],[-91.4288,50.1891],[-91.4614,50.1827],[-91.4843,50.1867],[-91.4878,50.2016]]]}},{"type":"Feature","properties":{"c":"#00ff00","v0":0.003,"v1":0.005},"geometry":{"type":"Polygon","coordinates":[[[-105.0492,50.7236],[-105.0385,50.7236],[-105.0374,50.7187],[-105.0458,50.7088],[-105.0511,50.7088],[-105.0534,50.7187],[-105.0492,50.7236]]]}},{"type":"Feature","properties":{"c":"#00ff00","v0":0.003,"v1":0.005},"geometry":{"type":"Polygon","coordinates":[[[-91.603,50.511],[-91.5631,50.5682],[-91.5532,50.6063],[-91.5732,50.6254],[-91.583,50.6444],[-91.5826,50.6634],[-91.5443,50.6883],[-91.4681,50.7189],[-91.4252,50.7221],[-91.4156,50.6978],[-91.4278,50.6761],[-91.4617,50.6571],[-91.4802,50.6349],[-91.4835,50.6095],[-91.4648,50.5841],[-91.424,50.5587],[-91.4152,50.5386],[-91.4384,50.5238],[-91.4831,50.5143],[-91.5493,50.51],[-91.5833,50.5015],[-91.5851,50.4888],[-91.5765,50.4728],[-91.5577,50.4537],[-91.5533,50.441],[-91.5634,50.4346],[-91.5821,50.4442],[-91.6093,50.4697],[-91.603,50.511]],[[-91.5467,50.6636],[-91.5356,50.6704],[-91.5243,50.6704],[-91.513,50.6636],[-91.513,50.6552],[-91.5243,50.6451],[-91.5356,50.6451],[-91.5467,50.6552],[-91.5467,50.6636]],[[-91.5446,50.5553],[-91.5215,50.5738],[-91.4914,50.5738],[-91.4542,50.5553],[-91.4442,50.5418],[-91.4614,50.5334],[-91.4915,50.5334],[-91.5346,50.5418],[-91.5446,50.5553]]]}},{"type":"Feature","properties":{"c":"#00ff00","v0":0.003,"v1":0.005},"geometry":{"type":"Polygon","coordinates":[[[-105.3489,50.7078],[-105.3118,50.7014],[-105.3024,50.6872],[-105.3208,50.665],[-105.3385,50.6555],[-105.3554,50.6587],[-105.3647,50.6729],[-105.3665,50.6983],[-105.3489,50.7078]]]}},{"type":"Feature","properties":{"c":"#00ff00","v0":0.003,"v1":0.005},"geometry":{"type":"Polygon","coordinates":[[[-105.4883,50.6874],[-105.4761,50.6909],[-105.4696,50.6877],[-105.4689,50.6778],[-105.475,50.6761],[-105.4879,50.6824],[-105.4883,50.6874]]]}},{"type":"Feature","properties":{"c":"#00ff00","v0":0.003,"v1":0.005},"geometry":{"type":"Polygon","coordinates":[[[-91.7426,50.6625],[-91.6809,50.6669],[-91.6449,50.6637],[-91.6348,50.653],[-91.6448,50.6438],[-91.6749,50.6362],[-91.7099,50.6362],[-91.7496,50.6438],[-91.7705,50.6507],[-91.7725,50.6571],[-91.7426,50.6625]]]}},{"type":"Feature","properties":{"c":"#00ff00","v0":0.003,"v1":0.005},"geometry":{"type":"Polygon","coordinates":[[[-105.293,50.6133],[-105.291,50.6209],[-105.2827,50.6241],[-105.2681,50.6228],[-105.2631,50.6162],[-105.2677,50.6042],[-105.276,50.601],[-105.288,50.6067],[-105.293,50.6133]]]}},{"type":"Feature","properties":{"c":"#00ff00","v0":0.003,"v1":0.005},"geometry":{"type":"Polygon","coordinates":[[[-101.1194,50.5555],[-101.1176,50.5746],[-101.11,50.5887],[-101.0967,50.5978],[-101.0662,50.5978],[-101.0185,50.5887],[-101.0085,50.5655],[-101.0362,50.5283],[-101.065,50.5116],[-101.095,50.5155],[-101.1126,50.5246],[-101.1177,50.5389],[-101.1194,50.5555]],[[-101.0897,50.552],[-101.0766,50.5639],[-101.0617,50.5639],[-101.0452,50.552],[-101.0452,50.5399],[-101.0617,50.5278],[-101.0766,50.5278],[-101.0897,50.5399],[-101.0897,50.552]]]}},{"type":"Feature","properties":{"c":"#00ff00","v0":0.003,"v1":0.005},"geometry":{"type":"Polygon","coordinates":[[[-90.7633,50.5772],[-90.7544,50.5887],[-90.74,50.5961],[-90.72,50.5995],[-90.6998,50.5937],[-90.6794,50.5788],[-90.6794,50.5636],[-90.6998,50.5481],[-90.7244,50.5481],[-90.7533,50.5636],[-90.7633,50.5772]],[[-90.7436,50.5767],[-90.7212,50.5872],[-90.7029,50.5872],[-90.6888,50.5767],[-90.6888,50.5659],[-90.7029,50.5549],[-90.7212,50.5549],[-90.7436,50.5659],[-90.7436,50.5767]]]}},{"type":"Feature","properties":{"c":"#00ff00","v0":0.003,"v1":0.005},"geometry":{"type":"Polygon","coordinates":[[[-105.2159,50.5524],[-105.1986,50.5654],[-105.1753,50.5717],[-105.1458,50.5715],[-105.1408,50.564],[-105.1603,50.5492],[-105.1836,50.5428],[-105.2109,50.5449],[-105.2159,50.5524]]]}},{"type":"Feature","properties":{"c":"#00ff00","v0":0.003,"v1":0.005},"geometry":{"type":"Polygon","coordinates":[[[-91.3656,50.5494],[-91.3419,50.5561],[-91.3178,50.5561],[-91.2934,50.5494],[-91.2749,50.5428],[-91.2623,50.5365],[-91.2573,50.5269],[-91.2599,50.5142],[-91.2684,50.5034],[-91.2828,50.4946],[-91.3,50.4912],[-91.32,50.4933],[-91.3419,50.5072],[-91.3656,50.5331],[-91.3656,50.5494]]]}},{"type":"Feature","properties":{"c":"#00ff00","v0":0.003,"v1":0.005},"geometry":{"type":"Polygon","coordinates":[[[-105.1202,50.4196],[-105.1134,50.4468],[-105.09,50.4777],[-105.05,50.5123],[-105.0226,50.521],[-105.0077,50.5038],[-105.0101,50.4856],[-105.0298,50.4665],[-105.0216,50.4506],[-104.9856,50.4378],[-104.9641,50.4251],[-104.9573,50.4123],[-104.9879,50.3999],[-105.056,50.3876],[-105.0984,50.3876],[-105.1152,50.3999],[-105.1202,50.4196]],[[-105.0923,50.4256],[-105.0774,50.4393],[-105.0594,50.4393],[-105.0382,50.4256],[-105.0432,50.4139],[-105.0744,50.4042],[-105.0924,50.4042],[-105.0973,50.4139],[-105.0923,50.4256]]]}},{"type":"Feature","properties":{"c":"#00ff00","v0":0.003,"v1":0.005},"geometry":{"type":"Polygon","coordinates":[[[-104.9069,50.5026],[-104.8823,50.5177],[-104.858,50.5177],[-104.8341,50.5026],[-104.8341,50.4892],[-104.858,50.4773],[-104.8823,50.4773],[-104.9069,50.4892],[-104.9069,50.5026]],[[-104.8912,50.4998],[-104.8771,50.509],[-104.8623,50.509],[-104.847,50.4998],[-104.847,50.4916],[-104.8623,50.4844],[-104.8771,50.4844],[-104.8912,50.4916],[-104.8912,50.4998]]]}},{"type":"Feature","properties":{"c":"#00ff00","v0":0.003,"v1":0.005},"geometry":{"type":"Polygon","coordinates":[[[-106.0806,50.453],[-106.0602,50.4706],[-106.03,50.4828],[-105.99,50.4898],[-105.9587,50.4906],[-105.9362,50.4851],[-105.9276,50.476],[-105.9329,50.4633],[-105.9592,50.4462],[-106.0064,50.4248],[-106.04,50.4153],[-106.06,50.4178],[-106.0752,50.4254],[-106.0856,50.4379],[-106.0806,50.453]],[[-106.0722,50.451],[-106.0574,50.4646],[-106.0247,50.4742],[-105.9742,50.4797],[-105.9492,50.4776],[-105.9497,50.4681],[-105.965,50.4546],[-105.995,50.4371],[-106.02,50.4267],[-106.04,50.4236],[-106.0574,50.4275],[-106.0722,50.4386],[-106.0722,50.451]]]}},{"type":"Feature","properties":{"c":"#00ff00","v0":0.003,"v1":0.005},"geometry":{"type":"Polygon","coordinates":[[[-90.9687,50.3938],[-90.8629,50.446],[-90.7916,50.4714],[-90.7548,50.4703],[-90.7345,50.4601],[-90.7306,50.441],[-90.739,50.4238],[-90.7597,50.4085],[-90.81,50.3888],[-90.89,50.3649],[-90.945,50.3513],[-90.975,50.3481],[-90.9979,50.3518],[-91.0137,50.3624],[-90.9687,50.3938]],[[-90.9694,50.3819],[-90.9165,50.4103],[-90.88,50.4236],[-90.86,50.4218],[-90.84,50.4315],[-90.82,50.4529],[-90.8,50.4655],[-90.78,50.4695],[-90.7626,50.4679],[-90.7477,50.4606],[-90.7477,50.4452],[-90.7626,50.4216],[-90.785,50.4097],[-90.815,50.4095],[-90.855,50.3985],[-90.905,50.3769],[-90.9465,50.3665],[-90.9794,50.3673],[-90.9694,50.3819]]]}},{"type":"Feature","properties":{"c":"#00ff00","v0":0.003,"v1":0.005},"geometry":{"type":"Polygon","coordinates":[[[-104.5367,50.4144],[-104.5189,50.4314],[-104.4951,50.4345],[-104.4653,50.424],[-104.4603,50.4098],[-104.4801,50.392],[-104.5039,50.3889],[-104.5317,50.4003],[-104.5367,50.4144]],[[-104.5262,50.4123],[-104.5154,50.4248],[-104.4982,50.428],[-104.4746,50.4218],[-104.4696,50.4118],[-104.4832,50.3978],[-104.5004,50.3946],[-104.5212,50.4022],[-104.5262,50.4123]]]}},{"type":"Feature","properties":{"c":"#00ff00","v0":0.003,"v1":0.005},"geometry":{"type":"Polygon","coordinates":[[[-105.3548,50.3853],[-105.3383,50.395],[-105.3242,50.3982],[-105.3125,50.3949],[-105.3125,50.3882],[-105.3242,50.378],[-105.3383,50.3748],[-105.3548,50.3786],[-105.3548,50.3853]]]}},{"type":"Feature","properties":{"c":"#00ff00","v0":0.003,"v1":0.005},"geometry":{"type":"Polygon","coordinates":[[[-104.9195,50.3345],[-104.9132,50.3446],[-104.9012,50.3446],[-104.8836,50.3345],[-104.8786,50.3253],[-104.8862,50.317],[-104.8982,50.317],[-104.9145,50.3253],[-104.9195,50.3345]]]}},{"type":"Feature","properties":{"c":"#00ff00","v0":0.003,"v1":0.005},"geometry":{"type":"Polygon","coordinates":[[[-110.1709,50.3071],[-110.1515,50.3135],[-110.1438,50.3127],[-110.1479,50.3048],[-110.1576,50.3016],[-110.1729,50.3031],[-110.1709,50.3071]]]}},{"type":"Feature","properties":{"c":"#00ff00","v0":0.003,"v1":0.005},"geometry":{"type":"Polygon","coordinates":[[[-91.0398,50.2889],[-91.0066,50.3101],[-90.98,50.3192],[-90.96,50.3161],[-90.9437,50.3087],[-90.931,50.297],[-90.936,50.2823],[-90.9587,50.2647],[-90.9916,50.2615],[-91.0348,50.2727],[-91.0398,50.2889]],[[-91.0128,50.2957],[-90.9843,50.3049],[-90.9628,50.3018],[-90.9483,50.2861],[-90.9533,50.2747],[-90.9778,50.2675],[-90.9993,50.2707],[-91.0178,50.2843],[-91.0128,50.2957]]]}},{"type":"Feature","properties":{"c":"#00ff00","v0":0.003,"v1":0.005},"geometry":{"type":"Polygon","coordinates":[[[-68.7426,50.2954],[-68.7209,50.3041],[-68.705,50.2988],[-68.695,50.2794],[-68.7,50.2675],[-68.72,50.2631],[-68.7359,50.2685],[-68.7476,50.2836],[-68.7426,50.2954]]]}},{"type":"Feature","properties":{"c":"#00ff00","v0":0.003,"v1":0.005},"geometry":{"type":"Polygon","coordinates":[[[-93.0139,50.2738],[-92.958,50.2902],[-92.9192,50.2966],[-92.8977,50.2929],[-92.8909,50.2847],[-92.8987,50.2719],[-92.9245,50.2615],[-92.9682,50.2534],[-93.003,50.2534],[-93.0289,50.2615],[-93.0139,50.2738]]]}},{"type":"Feature","properties":{"c":"#00ff00","v0":0.003,"v1":0.005},"geometry":{"type":"Polygon","coordinates":[[[-91.8158,50.2845],[-91.7986,50.2967],[-91.7789,50.2967],[-91.7567,50.2845],[-91.7517,50.2727],[-91.7639,50.2615],[-91.7835,50.2583],[-91.8106,50.2631],[-91.8242,50.2687],[-91.8243,50.2751],[-91.8158,50.2845]],[[-91.7984,50.2819],[-91.7928,50.2889],[-91.7835,50.2889],[-91.7705,50.2819],[-91.7733,50.2783],[-91.7919,50.2783],[-91.7984,50.2819]]]}},{"type":"Feature","properties":{"c":"#00ff00","v0":0.003,"v1":0.005},"geometry":{"type":"Polygon","coordinates":[[[-97.6568,50.2792],[-97.6256,50.2809],[-97.6061,50.2777],[-97.5983,50.2696],[-97.6033,50.2598],[-97.6211,50.2482],[-97.6406,50.2514],[-97.6618,50.2693],[-97.6568,50.2792]]]}},{"type":"Feature","properties":{"c":"#00ff00","v0":0.003,"v1":0.005},"geometry":{"type":"Polygon","coordinates":[[[-93.1358,50.2079],[-93.1053,50.2205],[-93.0816,50.2205],[-93.0648,50.2079],[-93.08,50.2016],[-93.1274,50.2016],[-93.1358,50.2079]]]}},{"type":"Feature","properties":{"c":"#00ff00","v0":0.003,"v1":0.005},"geometry":{"type":"Polygon","coordinates":[[[-98.0127,50.1836],[-97.9976,50.1988],[-97.9809,50.202],[-97.9628,50.1932],[-97.9628,50.181],[-97.9809,50.1655],[-97.9976,50.1623],[-98.0127,50.1714],[-98.0127,50.1836]]]}},{"type":"Feature","properties":{"c":"#00ff00","v0":0.003,"v1":0.005},"geometry":{"type":"Polygon","coordinates":[[[-97.8,50.1615],[-97.78,50.1837],[-97.7542,50.1901],[-97.7227,50.1807],[-97.7064,50.1695],[-97.7053,50.1567],[-97.7211,50.1409],[-97.7537,50.1221],[-97.7781,50.1157],[-97.7942,50.1217],[-97.8042,50.1311],[-97.8081,50.1439],[-97.8,50.1615]],[[-97.7889,50.1574],[-97.7763,50.1717],[-97.7587,50.1749],[-97.736,50.167],[-97.736,50.1544],[-97.7587,50.137],[-97.7763,50.1337],[-97.7889,50.1448],[-97.7889,50.1574]]]}},{"type":"Feature","properties":{"c":"#00ff00","v0":0.003,"v1":0.005},"geometry":{"type":"Polygon","coordinates":[[[-96.5407,50.1819],[-96.5336,50.1939],[-96.5219,50.1971],[-96.5057,50.1915],[-96.5007,50.1816],[-96.5069,50.1674],[-96.5186,50.1642],[-96.5357,50.172],[-96.5407,50.1819]]]}},{"type":"Feature","properties":{"c":"#00ff00","v0":0.003,"v1":0.005},"geometry":{"type":"Polygon","coordinates":[[[-68.7442,50.148],[-68.7214,50.1688],[-68.7038,50.1656],[-68.6914,50.1383],[-68.6964,50.1224],[-68.7188,50.1179],[-68.7364,50.1211],[-68.7492,50.1321],[-68.7442,50.148]]]}},{"type":"Feature","properties":{"c":"#00ff00","v0":0.003,"v1":0.005},"geometry":{"type":"Polygon","coordinates":[[[-92.12,50.1375],[-92.0958,50.1375],[-92.0902,50.1334],[-92.1034,50.125],[-92.1155,50.125],[-92.1266,50.1334],[-92.12,50.1375]]]}},{"type":"Feature","properties":{"c":"#00ff00","v0":0.003,"v1":0.005},"geometry":{"type":"Polygon","coordinates":[[[-91.1916,50.1199],[-91.1505,50.136],[-91.1063,50.1424],[-91.0589,50.1391],[-91.0489,50.1262],[-91.0763,50.1037],[-91.115,50.092],[-91.165,50.0912],[-91.1955,50.0961],[-91.2066,50.1066],[-91.1916,50.1199]],[[-91.1674,50.1177],[-91.1291,50.1295],[-91.0993,50.1327],[-91.0778,50.1273],[-91.0778,50.119],[-91.0993,50.1077],[-91.1291,50.1044],[-91.1674,50.1094],[-91.1674,50.1177]]]}},{"type":"Feature","properties":{"c":"#00ff00","v0":0.003,"v1":0.005},"geometry":{"type":"Polygon","coordinates":[[[-97.6851,50.0429],[-97.6617,50.0591],[-97.63,50.0658],[-97.59,50.0631],[-97.562,50.055],[-97.546,50.0416],[-97.538,50.0252],[-97.538,50.0059],[-97.5461,49.9937],[-97.562,49.9885],[-97.595,49.9898],[-97.645,49.9975],[-97.6767,50.0097],[-97.6901,50.0265],[-97.6851,50.0429]],[[-97.6732,50.0405],[-97.6577,50.0518],[-97.64,50.0581],[-97.62,50.0594],[-97.6,50.0566],[-97.58,50.0498],[-97.564,50.0371],[-97.552,50.0184],[-97.552,50.0056],[-97.564,49.9985],[-97.59,49.9985],[-97.63,50.0056],[-97.6577,50.0156],[-97.6732,50.0284],[-97.6732,50.0405]]]}},{"type":"Feature","properties":{"c":"#00ff00","v0":0.003,"v1":0.005},"geometry":{"type":"Polygon","coordinates":[[[-95.9465,50.0265],[-95.9355,50.0355],[-95.9237,50.0387],[-95.9111,50.0361],[-95.9061,50.0303],[-95.9087,50.0211],[-95.9205,50.0179],[-95.9415,50.0206],[-95.9465,50.0265]]]}},{"type":"Feature","properties":{"c":"#00ff00","v0":0.003,"v1":0.005},"geometry":{"type":"Polygon","coordinates":[[[-98.3331,50.003],[-98.3177,50.0164],[-98.2974,50.0164],[-98.2723,50.003],[-98.2673,49.9906],[-98.2824,49.9794],[-98.3027,49.9794],[-98.3281,49.9906],[-98.3331,50.003]],[[-98.3192,50.0003],[-98.3131,50.0083],[-98.3018,50.0083],[-98.2854,50.0003],[-98.2804,49.9933],[-98.2868,49.9874],[-98.2981,49.9874],[-98.3142,49.9933],[-98.3192,50.0003]]]}},{"type":"Feature","properties":{"c":"#00ff00","v0":0.003,"v1":0.005},"geometry":{"type":"Polygon","coordinates":[[[-98.1444,49.8858],[-98.1348,49.8965],[-98.12,49.9024],[-98.1,49.9036],[-98.0795,49.895],[-98.0586,49.8767],[-98.0636,49.8655],[-98.0945,49.8613],[-98.1198,49.8645],[-98.1394,49.8751],[-98.1444,49.8858]],[[-98.1215,49.8839],[-98.1138,49.8908],[-98.1031,49.8908],[-98.0892,49.8839],[-98.093,49.8804],[-98.1146,49.8804],[-98.1215,49.8839]]]}},{"type":"Feature","properties":{"c":"#00ff00","v0":0.003,"v1":0.005},"geometry":{"type":"Polygon","coordinates":[[[-92.8282,49.8632],[-92.7894,49.8803],[-92.7571,49.8835],[-92.7313,49.8729],[-92.7199,49.8611],[-92.7227,49.8482],[-92.7356,49.8378],[-92.7585,49.83],[-92.785,49.8285],[-92.815,49.8334],[-92.8344,49.8406],[-92.8432,49.8499],[-92.8282,49.8632]]]}},{"type":"Feature","properties":{"c":"#00ff00","v0":0.003,"v1":0.005},"geometry":{"type":"Polygon","coordinates":[[[-97.9226,49.8073],[-97.9142,49.8158],[-97.9031,49.8158],[-97.8892,49.8073],[-97.8934,49.803],[-97.9157,49.803],[-97.9226,49.8073]]]}},{"type":"Feature","properties":{"c":"#00ff00","v0":0.003,"v1":0.005},"geometry":{"type":"Polygon","coordinates":[[[-91.0349,49.8091],[-91.0183,49.8214],[-91.0016,49.8246],[-90.9849,49.8188],[-90.9784,49.8095],[-90.982,49.7966],[-90.9904,49.7882],[-91.0035,49.7843],[-91.0183,49.7875],[-91.0349,49.7978],[-91.0349,49.8091]]]}},{"type":"Feature","properties":{"c":"#00ff00","v0":0.003,"v1":0.005},"geometry":{"type":"Polygon","coordinates":[[[-67.3553,49.783],[-67.3384,49.7945],[-67.32,49.7983],[-67.3,49.7942],[-67.285,49.7834],[-67.275,49.7661],[-67.2502,49.7527],[-67.2106,49.7432],[-67.1917,49.7287],[-67.1936,49.7093],[-67.2034,49.6965],[-67.2211,49.6901],[-67.25,49.6913],[-67.29,49.6998],[-67.3234,49.7224],[-67.3503,49.7589],[-67.3553,49.783]],[[-67.3362,49.7794],[-67.3187,49.7838],[-67.31,49.7769],[-67.31,49.7586],[-67.3187,49.7564],[-67.3362,49.7703],[-67.3362,49.7794]],[[-67.2471,49.7176],[-67.2357,49.7276],[-67.2243,49.7309],[-67.2129,49.7273],[-67.2129,49.7206],[-67.2243,49.7109],[-67.2357,49.7076],[-67.2471,49.7109],[-67.2471,49.7176]]]}},{"type":"Feature","properties":{"c":"#00ff00","v0":0.003,"v1":0.005},"geometry":{"type":"Polygon","coordinates":[[[-92.1119,49.7419],[-92.1106,49.7487],[-92.105,49.7505],[-92.095,49.7472],[-92.09,49.7399],[-92.09,49.7287],[-92.0956,49.7269],[-92.1069,49.7346],[-92.1119,49.7419]]]}},{"type":"Feature","properties":{"c":"#00ff00","v0":0.003,"v1":0.005},"geometry":{"type":"Polygon","coordinates":[[[-96.4065,49.6947],[-96.3822,49.7106],[-96.359,49.7139],[-96.3371,49.7044],[-96.3274,49.6932],[-96.33,49.6802],[-96.3409,49.6683],[-96.3603,49.6575],[-96.3791,49.6542],[-96.3974,49.6586],[-96.4096,49.6673],[-96.4156,49.6802],[-96.4065,49.6947]],[[-96.3958,49.6923],[-96.3786,49.7035],[-96.362,49.7035],[-96.346,49.6923],[-96.346,49.6804],[-96.362,49.6678],[-96.3786,49.6678],[-96.3958,49.6804],[-96.3958,49.6923]]]}},{"type":"Feature","properties":{"c":"#00ff00","v0":0.003,"v1":0.005},"geometry":{"type":"Polygon","coordinates":[[[-67.6253,49.6279],[-67.6151,49.6399],[-67.605,49.6441],[-67.595,49.6404],[-67.585,49.628],[-67.575,49.6069],[-67.5851,49.6027],[-67.6153,49.6155],[-67.6253,49.6279]]]}},{"type":"Feature","properties":{"c":"#00ff00","v0":0.003,"v1":0.005},"geometry":{"type":"Polygon","coordinates":[[[-96.9277,49.5915],[-96.9159,49.6083],[-96.9,49.6184],[-96.88,49.6217],[-96.8501,49.6165],[-96.8104,49.6029],[-96.789,49.5863],[-96.7859,49.5669],[-96.7908,49.5512],[-96.8036,49.5393],[-96.82,49.5328],[-96.84,49.5317],[-96.8675,49.5376],[-96.9025,49.5506],[-96.9234,49.5636],[-96.9302,49.5766],[-96.9277,49.5915]],[[-96.9175,49.5895],[-96.9095,49.6025],[-96.8967,49.6108],[-96.8789,49.6143],[-96.8537,49.611],[-96.821,49.601],[-96.8028,49.5863],[-96.7991,49.5669],[-96.8104,49.5526],[-96.8368,49.5436],[-96.8679,49.5501],[-96.9036,49.5721],[-96.9175,49.5895]]]}},{"type":"Feature","properties":{"c":"#00ff00","v0":0.003,"v1":0.005},"geometry":{"type":"Polygon","coordinates":[[[-96.5822,49.5879],[-96.5741,49.5974],[-96.5647,49.6007],[-96.5541,49.5976],[-96.5491,49.5921],[-96.5497,49.5842],[-96.5591,49.581],[-96.5772,49.5824],[-96.5822,49.5879]]]}},{"type":"Feature","properties":{"c":"#00ff00","v0":0.003,"v1":0.005},"geometry":{"type":"Polygon","coordinates":[[[-93.4295,49.0293],[-93.4165,49.0433],[-93.365,49.0604],[-93.275,49.0805],[-93.225,49.1268],[-93.215,49.199],[-93.175,49.2406],[-93.105,49.2517],[-93.06,49.2646],[-93.04,49.2793],[-93.01,49.2724],[-92.97,49.2437],[-92.93,49.2354],[-92.89,49.2472],[-92.8604,49.2641],[-92.8411,49.286],[-92.8499,49.31],[-92.8867,49.336],[-92.9055,49.3556],[-92.9062,49.3686],[-92.8574,49.4184],[-92.7591,49.5047],[-92.7,49.5477],[-92.68,49.5474],[-92.6662,49.54],[-92.6586,49.5255],[-92.6598,49.5052],[-92.6698,49.4792],[-92.6912,49.4597],[-92.7239,49.4467],[-92.7416,49.437],[-92.7442,49.4305],[-92.7367,49.4235],[-92.7189,49.4162],[-92.7,49.4218],[-92.68,49.4403],[-92.615,49.4784],[-92.505,49.5361],[-92.36,49.5745],[-92.18,49.5937],[-92.08,49.5987],[-92.06,49.5895],[-92.052,49.5747],[-92.0559,49.5543],[-92.0715,49.5409],[-92.0987,49.5344],[-92.1144,49.5182],[-92.1183,49.4922],[-92.137,49.4565],[-92.1706,49.4109],[-92.2083,49.3849],[-92.25,49.3784],[-92.2357,49.3437],[-92.1652,49.2807],[-92.11,49.2501],[-92.07,49.2518],[-92.037,49.2441],[-92.011,49.2271],[-91.9967,49.2088],[-91.9941,49.1892],[-92.0123,49.1631],[-92.0514,49.1303],[-92.0693,49.1042],[-92.0661,49.0845],[-92.0759,49.0697],[-92.0986,49.0599],[-92.123,49.0566],[-92.1491,49.0599],[-92.1791,49.0832],[-92.213,49.1263],[-92.245,49.1418],[-92.275,49.1296],[-92.305,49.1353],[-92.335,49.1588],[-92.38,49.167],[-92.44,49.1601],[-92.4787,49.1623],[-92.4961,49.1737],[-92.4989,49.1957],[-92.4872,49.2284],[-92.4885,49.2532],[-92.5028,49.2701],[-92.53,49.286],[-92.57,49.3009],[-92.61,49.3068],[-92.65,49.3037],[-92.66,49.2931],[-92.64,49.275],[-92.6227,49.2476],[-92.608,49.2108],[-92.6112,49.1794],[-92.6321,49.1532],[-92.668,49.1238],[-92.7187,49.0911],[-92.7402,49.0419],[-92.7325,48.9763],[-92.7213,48.9336],[-92.7068,48.9139],[-92.7022,48.8975],[-92.7076,48.8843],[-92.7202,48.8743],[-92.7401,48.8674],[-92.7785,48.8674],[-92.8354,48.8743],[-92.8662,48.8745],[-92.8707,48.8679],[-92.8496,48.8547],[-92.8028,48.835],[-92.7871,48.8157],[-92.8024,48.7969],[-92.8245,48.7936],[-92.8536,48.8058],[-92.8736,48.8223],[-92.8845,48.8431],[-92.9308,48.8464],[-93.0125,48.8322],[-93.0475,48.8185],[-93.0358,48.8051],[-92.98,48.7935],[-92.88,48.7834],[-92.8205,48.7703],[-92.8016,48.7541],[-92.7966,48.7401],[-92.8055,48.7281],[-92.85,48.7262],[-92.93,48.7341],[-93.035,48.7518],[-93.165,48.7792],[-93.2357,48.7977],[-93.2471,48.8072],[-93.244,48.8284],[-93.2264,48.8613],[-93.2342,48.8876],[-93.2674,48.9074],[-93.2732,48.9271],[-93.2516,48.9468],[-93.2418,48.9632],[-93.2438,48.9763],[-93.281,48.9842],[-93.3537,48.9867],[-93.4015,48.9966],[-93.4245,49.0137],[-93.4295,49.0293]],[[-92.8537,48.8296],[-92.8379,48.8385],[-92.8214,48.8352],[-92.8043,48.8197],[-92.8043,48.8098],[-92.8214,48.8056],[-92.8379,48.8089],[-92.8537,48.8197],[-92.8537,48.8296]],[[-93.1852,49.1479],[-93.1751,49.1635],[-93.1581,49.1667],[-93.1343,49.1577],[-93.1293,49.1493],[-93.1431,49.1416],[-93.1601,49.1383],[-93.1802,49.1395],[-93.1852,49.1479]],[[-92.605,49.4191],[-92.595,49.4289],[-92.5864,49.4289],[-92.5791,49.4191],[-92.5842,49.4142],[-92.6014,49.4142],[-92.605,49.4191]],[[-92.8768,49.3686],[-92.8695,49.3816],[-92.8519,49.3933],[-92.824,49.4036],[-92.745,49.3989],[-92.615,49.3792],[-92.54,49.3773],[-92.5199,49.3932],[-92.5255,49.4207],[-92.5565,49.4597],[-92.5465,49.4959],[-92.4955,49.5293],[-92.375,49.5574],[-92.185,49.5803],[-92.0836,49.5895],[-92.0707,49.5852],[-92.063,49.5766],[-92.0603,49.5636],[-92.0777,49.5506],[-92.1152,49.5377],[-92.1319,49.5214],[-92.1279,49.5019],[-92.1423,49.4695],[-92.1752,49.4239],[-92.2012,49.3976],[-92.2204,49.3905],[-92.245,49.3957],[-92.275,49.4131],[-92.2978,49.4199],[-92.3134,49.4161],[-92.3027,49.3914],[-92.2657,49.3458],[-92.2339,49.3165],[-92.2074,49.3035],[-92.1831,49.2845],[-92.161,49.2595],[-92.14,49.243],[-92.12,49.235],[-92.095,49.2331],[-92.065,49.2374],[-92.0374,49.2277],[-92.0122,49.2042],[-92.0257,49.1729],[-92.0781,49.1336],[-92.1021,49.1042],[-92.0979,49.0845],[-92.1043,49.0733],[-92.1214,49.0704],[-92.1374,49.0737],[-92.1522,49.0831],[-92.1557,49.1009],[-92.1479,49.1271],[-92.1555,49.1501],[-92.1785,49.1701],[-92.195,49.1818],[-92.205,49.1852],[-92.23,49.1749],[-92.27,49.151],[-92.305,49.1525],[-92.335,49.1793],[-92.37,49.1844],[-92.41,49.1679],[-92.44,49.1608],[-92.46,49.1632],[-92.4768,49.1714],[-92.4903,49.1854],[-92.4878,49.2055],[-92.4694,49.2317],[-92.4683,49.2578],[-92.4845,49.2839],[-92.5419,49.3081],[-92.6406,49.3305],[-92.725,49.338],[-92.795,49.3305],[-92.8426,49.3356],[-92.8678,49.3533],[-92.8768,49.3686]],[[-93.4149,49.028],[-93.3983,49.0394],[-93.345,49.0473],[-93.255,49.0517],[-93.1709,49.0853],[-93.0927,49.1481],[-93.0531,49.1892],[-93.0522,49.2088],[-93.0464,49.2214],[-93.0355,49.2271],[-93.015,49.2243],[-92.985,49.2131],[-92.955,49.2105],[-92.925,49.2166],[-92.895,49.2166],[-92.865,49.2103],[-92.8415,49.2231],[-92.8244,49.2549],[-92.8044,49.2751],[-92.7815,49.2835],[-92.745,49.2792],[-92.695,49.2621],[-92.658,49.2416],[-92.6341,49.2176],[-92.6215,49.199],[-92.6202,49.1859],[-92.6294,49.1696],[-92.649,49.15],[-92.6968,49.1238],[-92.7727,49.0911],[-92.7957,49.0649],[-92.7658,49.0452],[-92.7563,49.0124],[-92.7674,48.9665],[-92.7598,48.9369],[-92.7337,48.9238],[-92.723,48.9068],[-92.7277,48.886],[-92.76,48.8826],[-92.82,48.8965],[-92.87,48.8923],[-92.91,48.87],[-92.95,48.8581],[-92.99,48.8564],[-93.0078,48.8743],[-93.0033,48.9117],[-92.9845,48.9533],[-92.9512,48.9993],[-92.9484,49.0381],[-92.9761,49.0698],[-92.9954,49.0829],[-93.0063,49.0774],[-93.004,49.0649],[-92.9885,49.0452],[-93.0165,49.0059],[-93.0881,48.9468],[-93.1102,48.9041],[-93.0829,48.8778],[-93.0723,48.8547],[-93.0784,48.835],[-93.0736,48.8153],[-93.0579,48.7957],[-92.995,48.7801],[-92.885,48.7685],[-92.8241,48.7585],[-92.8123,48.7502],[-92.8123,48.7411],[-92.8241,48.7313],[-92.9,48.74],[-93.04,48.767],[-93.13,48.7939],[-93.17,48.8205],[-93.1912,48.8448],[-93.1935,48.8668],[-93.2124,48.8876],[-93.2479,48.9074],[-93.2557,48.9238],[-93.2357,48.9369],[-93.2168,48.9657],[-93.1989,49.0101],[-93.205,49.0327],[-93.235,49.0335],[-93.28,49.0247],[-93.34,49.0062],[-93.38,48.9985],[-93.4,49.0014],[-93.4133,49.0077],[-93.4199,49.0174],[-93.4149,49.028]]]}},{"type":"Feature","properties":{"c":"#00ff00","v0":0.003,"v1":0.005},"geometry":{"type":"Polygon","coordinates":[[[-94.6843,49.5223],[-94.6348,49.5304],[-94.6061,49.5304],[-94.5983,49.5223],[-94.6083,49.5136],[-94.6361,49.5043],[-94.6648,49.5043],[-94.6943,49.5136],[-94.6843,49.5223]]]}},{"type":"Feature","properties":{"c":"#00ff00","v0":0.003,"v1":0.005},"geometry":{"type":"Polygon","coordinates":[[[-67.9191,49.5007],[-67.8997,49.5176],[-67.8818,49.5176],[-67.8654,49.5007],[-67.8654,49.486],[-67.8818,49.4737],[-67.8997,49.4737],[-67.9191,49.486],[-67.9191,49.5007]],[[-67.9012,49.4922],[-67.8863,49.4922],[-67.8817,49.4888],[-67.8872,49.482],[-67.8946,49.482],[-67.9039,49.4888],[-67.9012,49.4922]]]}},{"type":"Feature","properties":{"c":"#00ff00","v0":0.003,"v1":0.005},"geometry":{"type":"Polygon","coordinates":[[[-96.5354,49.4878],[-96.5185,49.5049],[-96.5092,49.5016],[-96.5075,49.478],[-96.5159,49.4695],[-96.5345,49.476],[-96.5354,49.4878]]]}},{"type":"Feature","properties":{"c":"#00ff00","v0":0.003,"v1":0.005},"geometry":{"type":"Polygon","coordinates":[[[-96.7673,49.4537],[-96.7558,49.4547],[-96.7492,49.4515],[-96.7477,49.444],[-96.7527,49.4397],[-96.7642,49.4387],[-96.7708,49.4419],[-96.7723,49.4495],[-96.7673,49.4537]]]}},{"type":"Feature","properties":{"c":"#00ff00","v0":0.003,"v1":0.005},"geometry":{"type":"Polygon","coordinates":[[[-94.8028,49.1336],[-94.7807,49.1467],[-94.7705,49.1663],[-94.7723,49.1925],[-94.7674,49.2102],[-94.7558,49.2196],[-94.7364,49.2228],[-94.7091,49.22],[-94.6891,49.2038],[-94.6764,49.1743],[-94.6613,49.1612],[-94.6439,49.1646],[-94.632,49.2023],[-94.6257,49.2741],[-94.6144,49.3163],[-94.5981,49.3289],[-94.54,49.3181],[-94.44,49.2839],[-94.35,49.2769],[-94.27,49.2972],[-94.22,49.299],[-94.2,49.2825],[-94.17,49.2761],[-94.13,49.2798],[-94.1,49.2922],[-94.08,49.3134],[-94.0417,49.3303],[-93.9851,49.3428],[-93.9677,49.3654],[-93.9896,49.3979],[-93.9957,49.4239],[-93.986,49.4435],[-93.9734,49.456],[-93.9578,49.4617],[-93.9388,49.4617],[-93.9163,49.456],[-93.8863,49.435],[-93.8488,49.3985],[-93.805,49.3836],[-93.755,49.3903],[-93.7281,49.3857],[-93.7244,49.37],[-93.7344,49.3575],[-93.7581,49.3482],[-93.785,49.3473],[-93.815,49.3547],[-93.8373,49.3561],[-93.8518,49.3514],[-93.8634,49.3393],[-93.872,49.3198],[-93.8648,49.3002],[-93.8419,49.2806],[-93.8353,49.267],[-93.8451,49.2593],[-93.87,49.2587],[-93.91,49.2653],[-93.94,49.2642],[-93.96,49.2554],[-93.9851,49.2396],[-94.0152,49.2169],[-94.0302,49.1933],[-94.0301,49.1688],[-93.9835,49.1623],[-93.8904,49.1737],[-93.8311,49.1925],[-93.8058,49.2186],[-93.7938,49.2447],[-93.7954,49.2708],[-93.7646,49.2941],[-93.7015,49.3145],[-93.63,49.3085],[-93.55,49.2761],[-93.485,49.2578],[-93.435,49.2535],[-93.38,49.2661],[-93.32,49.2953],[-93.2818,49.2969],[-93.2653,49.2708],[-93.2579,49.248],[-93.2597,49.2284],[-93.2729,49.2109],[-93.2976,49.1955],[-93.34,49.1884],[-93.4,49.1895],[-93.4338,49.1874],[-93.4415,49.1821],[-93.4362,49.1729],[-93.4179,49.1598],[-93.444,49.1313],[-93.5147,49.0873],[-93.565,49.0635],[-93.595,49.0597],[-93.625,49.0726],[-93.655,49.1021],[-93.7,49.1132],[-93.76,49.1061],[-93.8096,49.0955],[-93.8489,49.0816],[-93.8628,49.0681],[-93.8514,49.055],[-93.8517,49.0433],[-93.8639,49.033],[-93.8776,49.033],[-93.8927,49.0433],[-93.8929,49.055],[-93.8782,49.0681],[-93.8856,49.0779],[-93.9152,49.0843],[-93.945,49.0824],[-93.975,49.0722],[-94.001,49.0526],[-94.0229,49.0236],[-94.0257,48.9993],[-94.0094,48.9796],[-93.9984,48.9531],[-93.9928,48.9198],[-93.985,48.9017],[-93.975,48.8989],[-93.96,48.9005],[-93.94,48.9066],[-93.91,48.9269],[-93.87,48.9616],[-93.82,48.9777],[-93.76,48.9754],[-93.705,48.9851],[-93.655,49.0069],[-93.623,49.0124],[-93.609,49.0015],[-93.6012,48.9796],[-93.5998,48.9468],[-93.6168,48.919],[-93.6523,48.8964],[-93.6749,48.8767],[-93.6846,48.8599],[-93.6686,48.8449],[-93.6269,48.8317],[-93.6071,48.8155],[-93.609,48.7962],[-93.62,48.7825],[-93.64,48.7741],[-93.67,48.7737],[-93.71,48.7812],[-93.755,48.7604],[-93.805,48.7112],[-93.84,48.6901],[-93.86,48.6969],[-93.88,48.7121],[-93.9,48.7356],[-93.9474,48.7536],[-94.0223,48.7661],[-94.0627,48.7823],[-94.0687,48.8021],[-94.0524,48.8185],[-94.0137,48.8317],[-93.9953,48.8482],[-93.9971,48.8679],[-94.026,48.8829],[-94.082,48.8931],[-94.1264,48.8931],[-94.1592,48.8829],[-94.1783,48.8909],[-94.1837,48.9172],[-94.1973,48.9419],[-94.2191,48.9649],[-94.25,48.9742],[-94.29,48.9697],[-94.32,48.939],[-94.34,48.8821],[-94.36,48.8534],[-94.38,48.853],[-94.41,48.8643],[-94.45,48.8874],[-94.4715,48.9068],[-94.4744,48.9225],[-94.4644,48.9381],[-94.4415,48.9536],[-94.445,48.9629],[-94.475,48.9661],[-94.5033,48.9747],[-94.53,48.9889],[-94.5431,49.0091],[-94.5429,49.0354],[-94.55,49.0583],[-94.5645,49.078],[-94.5713,49.0924],[-94.5704,49.1017],[-94.555,49.0992],[-94.525,49.0849],[-94.4945,49.0803],[-94.4635,49.0853],[-94.4459,49.0943],[-94.4417,49.1074],[-94.4522,49.123],[-94.4774,49.141],[-94.515,49.14],[-94.565,49.12],[-94.61,49.1143],[-94.65,49.1228],[-94.6778,49.1205],[-94.6933,49.1074],[-94.6978,49.0943],[-94.6912,49.0812],[-94.6663,49.0616],[-94.6229,49.0354],[-94.6002,49.0157],[-94.5982,49.0026],[-94.6054,48.9937],[-94.6218,48.9891],[-94.66,48.9885],[-94.72,48.9921],[-94.76,48.9981],[-94.78,49.0065],[-94.7947,49.0169],[-94.8042,49.0292],[-94.8003,49.0452],[-94.7831,49.0649],[-94.7843,49.0878],[-94.804,49.114],[-94.8028,49.1336]],[[-93.9842,49.4232],[-93.9747,49.4413],[-93.96,49.4517],[-93.94,49.4544],[-93.9128,49.4422],[-93.8784,49.4148],[-93.8611,49.3947],[-93.8608,49.3816],[-93.873,49.3705],[-93.8977,49.3612],[-93.925,49.3627],[-93.955,49.3749],[-93.9747,49.3893],[-93.9842,49.4059],[-93.9842,49.4232]],[[-93.5074,49.2219],[-93.4958,49.2285],[-93.486,49.2253],[-93.4781,49.2121],[-93.4827,49.2055],[-93.4996,49.2055],[-93.5093,49.2088],[-93.5119,49.2153],[-93.5074,49.2219]],[[-93.3872,49.2301],[-93.3491,49.253],[-93.32,49.2646],[-93.3,49.2648],[-93.2868,49.2566],[-93.2803,49.24],[-93.2853,49.2234],[-93.3018,49.2068],[-93.325,49.1985],[-93.355,49.1985],[-93.3791,49.2035],[-93.3972,49.2136],[-93.3872,49.2301]],[[-94.0355,48.8054],[-93.9934,48.8185],[-93.9709,48.835],[-93.9683,48.8547],[-93.9377,48.8905],[-93.8792,48.9422],[-93.82,48.9663],[-93.76,48.9627],[-93.7045,48.9697],[-93.6536,48.9872],[-93.6237,48.9796],[-93.6148,48.9468],[-93.6466,48.9074],[-93.7192,48.8613],[-93.7577,48.8218],[-93.7622,48.7889],[-93.7764,48.7658],[-93.8004,48.7526],[-93.8167,48.7379],[-93.8256,48.7215],[-93.84,48.7152],[-93.86,48.7192],[-93.88,48.7334],[-93.9,48.758],[-93.935,48.7689],[-93.985,48.7661],[-94.0217,48.7732],[-94.045,48.7903],[-94.0355,48.8054]],[[-94.5067,49.0147],[-94.4956,49.0259],[-94.4783,49.0226],[-94.4548,49.0049],[-94.4524,48.9927],[-94.4711,48.9862],[-94.4884,48.9894],[-94.5043,49.0026],[-94.5067,49.0147]],[[-94.6878,49.0373],[-94.6626,49.041],[-94.6425,49.0345],[-94.6274,49.0176],[-94.6324,49.0079],[-94.6575,49.0055],[-94.6776,49.012],[-94.6928,49.0276],[-94.6878,49.0373]],[[-94.7777,49.1336],[-94.7568,49.1467],[-94.748,49.1663],[-94.7513,49.1925],[-94.7472,49.2078],[-94.7357,49.2124],[-94.7245,49.2124],[-94.7135,49.2078],[-94.702,49.1892],[-94.6901,49.1565],[-94.7056,49.1318],[-94.7485,49.1152],[-94.7745,49.1119],[-94.7836,49.122],[-94.7777,49.1336]],[[-94.6018,49.2186],[-94.5703,49.2447],[-94.5683,49.2643],[-94.5957,49.2774],[-94.6046,49.2945],[-94.5949,49.3157],[-94.5557,49.3157],[-94.4871,49.2945],[-94.4421,49.2744],[-94.4207,49.2554],[-94.39,49.2534],[-94.35,49.2684],[-94.305,49.2782],[-94.255,49.2829],[-94.228,49.2784],[-94.2241,49.2646],[-94.2327,49.2545],[-94.2537,49.248],[-94.2656,49.2368],[-94.2685,49.2208],[-94.2828,49.2012],[-94.3084,49.178],[-94.3148,49.1598],[-94.3019,49.1467],[-94.282,49.1369],[-94.255,49.1303],[-94.2308,49.1042],[-94.2093,49.0583],[-94.1864,49.0344],[-94.1621,49.0326],[-94.1327,49.0457],[-94.098,49.0738],[-94.098,49.1097],[-94.1327,49.1535],[-94.166,49.1829],[-94.1981,49.198],[-94.2127,49.2153],[-94.2098,49.2349],[-94.1987,49.2497],[-94.1796,49.2597],[-94.1512,49.2662],[-94.1135,49.2693],[-94.0835,49.2836],[-94.0612,49.3091],[-94.035,49.3217],[-94.005,49.3213],[-93.975,49.3262],[-93.945,49.3366],[-93.9224,49.337],[-93.9072,49.3277],[-93.9122,49.3111],[-93.9374,49.2873],[-93.98,49.2657],[-94.04,49.2463],[-94.065,49.2134],[-94.055,49.1669],[-94.035,49.1408],[-94.005,49.135],[-93.95,49.1424],[-93.87,49.1628],[-93.8107,49.1877],[-93.7721,49.217],[-93.758,49.2447],[-93.7686,49.2708],[-93.748,49.2918],[-93.696,49.3075],[-93.6383,49.301],[-93.5748,49.2722],[-93.543,49.2447],[-93.543,49.2186],[-93.524,49.1892],[-93.4858,49.1565],[-93.4926,49.1235],[-93.5442,49.0901],[-93.58,49.0768],[-93.6,49.0836],[-93.62,49.0978],[-93.64,49.1195],[-93.68,49.1284],[-93.74,49.1246],[-93.79,49.1149],[-93.83,49.0993],[-93.88,49.0957],[-93.94,49.1043],[-93.9832,49.1001],[-94.0095,49.0832],[-94.0302,49.0616],[-94.0454,49.0354],[-94.0412,48.9993],[-94.0177,48.9533],[-94.0095,48.9238],[-94.0164,48.9106],[-94.0274,48.9029],[-94.0425,48.9004],[-94.07,48.9059],[-94.11,48.9191],[-94.1513,48.9499],[-94.194,48.9981],[-94.2225,49.0223],[-94.2368,49.0223],[-94.2505,49.0143],[-94.2635,48.9985],[-94.278,48.9919],[-94.2941,48.9946],[-94.3013,49.0059],[-94.2998,49.0255],[-94.3218,49.0469],[-94.3673,49.07],[-94.3989,49.0962],[-94.4168,49.1255],[-94.4155,49.15],[-94.3952,49.1696],[-94.3912,49.1871],[-94.4037,49.2026],[-94.4252,49.2092],[-94.4557,49.2068],[-94.4807,49.1965],[-94.5002,49.1783],[-94.53,49.1622],[-94.57,49.1483],[-94.5957,49.1443],[-94.6071,49.1503],[-94.6139,49.1663],[-94.6164,49.1925],[-94.6018,49.2186]],[[-93.7303,48.8284],[-93.7119,48.835],[-93.7096,48.8295],[-93.7232,48.8119],[-93.7324,48.8086],[-93.7371,48.8196],[-93.7303,48.8284]],[[-93.6955,48.8073],[-93.6785,48.8244],[-93.6559,48.8277],[-93.6276,48.8172],[-93.6226,48.8035],[-93.6409,48.7867],[-93.6635,48.7834],[-93.6905,48.7937],[-93.6955,48.8073]],[[-94.7684,49.0354],[-94.7511,49.0354],[-94.7427,49.0321],[-94.743,49.0255],[-94.7499,49.0219],[-94.7633,49.0213],[-94.7717,49.0246],[-94.7752,49.0318],[-94.7684,49.0354]],[[-94.2865,49.1743],[-94.2622,49.1902],[-94.2291,49.1902],[-94.1872,49.1743],[-94.1505,49.1467],[-94.1188,49.1074],[-94.1147,49.0771],[-94.1382,49.0558],[-94.157,49.0459],[-94.1711,49.0476],[-94.188,49.0583],[-94.2076,49.078],[-94.2208,49.1009],[-94.2275,49.1271],[-94.2478,49.1467],[-94.2817,49.1598],[-94.2865,49.1743]],[[-94.3896,49.0393],[-94.3632,49.0472],[-94.3436,49.0439],[-94.3309,49.0295],[-94.3409,49.0214],[-94.3736,49.0198],[-94.3932,49.0231],[-94.3996,49.0313],[-94.3896,49.0393]],[[-94.4357,48.9369],[-94.3919,48.9762],[-94.3631,48.9959],[-94.3493,48.996],[-94.3386,48.9927],[-94.3309,48.9862],[-94.3328,48.9556],[-94.3443,48.901],[-94.36,48.8724],[-94.38,48.8698],[-94.4069,48.8806],[-94.4407,48.905],[-94.4357,48.9369]]]}},{"type":"Feature","properties":{"c":"#00ff00","v0":0.003,"v1":0.005},"geometry":{"type":"Polygon","coordinates":[[[-124.0499,49.3686],[-124.016,49.4077],[-123.9868,49.432],[-123.9623,49.4416],[-123.9405,49.4449],[-123.9216,49.4418],[-123.9123,49.4305],[-123.9125,49.4109],[-123.93,49.3816],[-123.9648,49.3426],[-123.9941,49.3219],[-124.018,49.3196],[-124.0392,49.3262],[-124.0576,49.3414],[-124.0499,49.3686]],[[-124.0402,49.3654],[-124.0152,49.3979],[-123.9845,49.4184],[-123.9482,49.4268],[-123.9291,49.4236],[-123.9272,49.4086],[-123.9422,49.3841],[-123.9741,49.3499],[-124.0,49.3319],[-124.02,49.33],[-124.0357,49.334],[-124.047,49.3441],[-124.0402,49.3654]]]}},{"type":"Feature","properties":{"c":"#00ff00","v0":0.003,"v1":0.005},"geometry":{"type":"Polygon","coordinates":[[[-94.7182,49.4186],[-94.6994,49.4274],[-94.6801,49.4274],[-94.6603,49.4186],[-94.6603,49.4072],[-94.6801,49.3933],[-94.6994,49.3933],[-94.7182,49.4072],[-94.7182,49.4186]]]}},{"type":"Feature","properties":{"c":"#00ff00","v0":0.003,"v1":0.005},"geometry":{"type":"Polygon","coordinates":[[[-94.3875,49.3724],[-94.3625,49.3928],[-94.3356,49.3961],[-94.3067,49.3821],[-94.3017,49.3674],[-94.3206,49.3519],[-94.3475,49.3486],[-94.3825,49.3576],[-94.3875,49.3724]],[[-94.3693,49.3795],[-94.3564,49.3881],[-94.3396,49.3881],[-94.3189,49.3795],[-94.3189,49.3697],[-94.3396,49.3589],[-94.3564,49.3589],[-94.3693,49.3697],[-94.3693,49.3795]]]}},{"type":"Feature","properties":{"c":"#00ff00","v0":0.003,"v1":0.005},"geometry":{"type":"Polygon","coordinates":[[[-91.9871,49.3684],[-91.9757,49.381],[-91.96,49.387],[-91.94,49.3863],[-91.9216,49.38],[-91.9047,49.3681],[-91.8971,49.3523],[-91.8987,49.3328],[-91.9121,49.3205],[-91.9374,49.3153],[-91.9607,49.3251],[-91.9821,49.3498],[-91.9871,49.3684]],[[-91.9632,49.365],[-91.9411,49.3706],[-91.925,49.3633],[-91.915,49.3428],[-91.92,49.3312],[-91.94,49.3284],[-91.9561,49.3358],[-91.9682,49.3533],[-91.9632,49.365]]]}},{"type":"Feature","properties":{"c":"#00ff00","v0":0.003,"v1":0.005},"geometry":{"type":"Polygon","coordinates":[[[-94.8599,49.3556],[-94.8435,49.3686],[-94.824,49.3743],[-94.8013,49.3725],[-94.7839,49.3627],[-94.7716,49.3449],[-94.7716,49.3267],[-94.7839,49.3081],[-94.8,49.2998],[-94.82,49.3019],[-94.8395,49.3145],[-94.8585,49.3376],[-94.8599,49.3556]]]}},{"type":"Feature","properties":{"c":"#00ff00","v0":0.003,"v1":0.005},"geometry":{"type":"Polygon","coordinates":[[[-93.2362,49.3468],[-93.2187,49.3682],[-93.2,49.3797],[-93.18,49.3813],[-93.1662,49.3738],[-93.1587,49.3573],[-93.1587,49.3433],[-93.1662,49.3317],[-93.18,49.3227],[-93.2,49.3165],[-93.2187,49.319],[-93.2362,49.3304],[-93.2362,49.3468]]]}},{"type":"Feature","properties":{"c":"#00ff00","v0":0.003,"v1":0.005},"geometry":{"type":"Polygon","coordinates":[[[-93.0915,49.3552],[-93.0638,49.3673],[-93.0413,49.3706],[-93.0238,49.3649],[-93.0123,49.3556],[-93.0068,49.3426],[-93.0155,49.3289],[-93.0385,49.3144],[-93.0612,49.3112],[-93.0835,49.3191],[-93.0973,49.3295],[-93.1026,49.3426],[-93.0915,49.3552]],[[-93.0747,49.3404],[-93.0716,49.3491],[-93.0611,49.3523],[-93.0433,49.3502],[-93.0383,49.344],[-93.0461,49.3338],[-93.0566,49.3305],[-93.0697,49.3342],[-93.0747,49.3404]]]}},{"type":"Feature","properties":{"c":"#00ff00","v0":0.003,"v1":0.005},"geometry":{"type":"Polygon","coordinates":[[[-94.961,49.3008],[-94.9537,49.3086],[-94.935,49.3109],[-94.905,49.3078],[-94.8864,49.2941],[-94.8792,49.2699],[-94.8892,49.2565],[-94.9164,49.254],[-94.9387,49.2638],[-94.956,49.2859],[-94.961,49.3008]],[[-94.9364,49.2876],[-94.9188,49.295],[-94.9049,49.2917],[-94.8947,49.2778],[-94.8997,49.2697],[-94.9199,49.2674],[-94.9338,49.2707],[-94.9414,49.2795],[-94.9364,49.2876]]]}},{"type":"Feature","properties":{"c":"#00ff00","v0":0.003,"v1":0.005},"geometry":{"type":"Polygon","coordinates":[[[-96.4259,49.2676],[-96.4023,49.2871],[-96.3804,49.2986],[-96.3601,49.3019],[-96.3413,49.2987],[-96.324,49.2888],[-96.3142,49.2708],[-96.3119,49.2447],[-96.3205,49.2269],[-96.3402,49.2174],[-96.3719,49.2239],[-96.4157,49.2465],[-96.4259,49.2676]],[[-96.4101,49.2648],[-96.3967,49.2788],[-96.38,49.2874],[-96.36,49.2906],[-96.3439,49.2869],[-96.3318,49.2762],[-96.3268,49.2615],[-96.3289,49.2427],[-96.34,49.2321],[-96.36,49.2296],[-96.3817,49.2357],[-96.4051,49.2504],[-96.4101,49.2648]]]}},{"type":"Feature","properties":{"c":"#00ff00","v0":0.003,"v1":0.005},"geometry":{"type":"Polygon","coordinates":[[[-97.1758,49.2627],[-97.1719,49.2726],[-97.16,49.2796],[-97.14,49.2839],[-97.1182,49.279],[-97.0945,49.2648],[-97.0807,49.2513],[-97.0767,49.2382],[-97.0885,49.2275],[-97.1162,49.2191],[-97.1419,49.2256],[-97.1658,49.2471],[-97.1758,49.2627]],[[-97.1536,49.2621],[-97.1379,49.2706],[-97.12,49.2641],[-97.1,49.2425],[-97.1,49.2296],[-97.12,49.2256],[-97.1379,49.2321],[-97.1536,49.2492],[-97.1536,49.2621]]]}},{"type":"Feature","properties":{"c":"#00ff00","v0":0.003,"v1":0.005},"geometry":{"type":"Polygon","coordinates":[[[-95.2663,48.9796],[-95.2537,48.9993],[-95.2512,49.0255],[-95.2588,49.0583],[-95.2458,49.0976],[-95.2124,49.1434],[-95.1742,49.1698],[-95.1314,49.1769],[-95.09,49.196],[-95.05,49.2273],[-95.02,49.2421],[-95.0,49.2404],[-94.9859,49.2278],[-94.9776,49.2042],[-95.0026,49.1841],[-95.0609,49.1673],[-95.1062,49.1444],[-95.1387,49.1154],[-95.1508,49.0845],[-95.1424,49.0518],[-95.1224,49.0255],[-95.0906,49.0059],[-95.0769,48.9894],[-95.0813,48.9763],[-95.1002,48.9647],[-95.1334,48.9545],[-95.16,48.9392],[-95.18,48.9187],[-95.2,48.9115],[-95.22,48.9177],[-95.2406,48.9331],[-95.2619,48.9575],[-95.2663,48.9796]],[[-95.0523,49.2018],[-95.0374,49.2205],[-95.0189,49.227],[-94.9968,49.2214],[-94.9918,49.21],[-95.0039,49.1927],[-95.0224,49.1861],[-95.0473,49.1904],[-95.0523,49.2018]],[[-95.2329,49.0845],[-95.2033,49.1303],[-95.1771,49.1565],[-95.1542,49.1631],[-95.1403,49.1598],[-95.1355,49.1467],[-95.1457,49.1303],[-95.1709,49.1107],[-95.1777,49.0845],[-95.1661,49.0518],[-95.1447,49.0223],[-95.1133,48.996],[-95.1257,48.9726],[-95.1819,48.9521],[-95.215,48.9439],[-95.225,48.9479],[-95.2279,48.9648],[-95.2236,48.9943],[-95.228,49.0223],[-95.2411,49.0485],[-95.2329,49.0845]]]}},{"type":"Feature","properties":{"c":"#00ff00","v0":0.003,"v1":0.005},"geometry":{"type":"Polygon","coordinates":[[[-67.6363,49.201],[-67.6188,49.218],[-67.5964,49.2245],[-67.5692,49.2206],[-67.5492,49.2077],[-67.5364,49.1858],[-67.519,49.1694],[-67.497,49.1586],[-67.4871,49.1434],[-67.4893,49.1238],[-67.5053,49.1128],[-67.5351,49.1103],[-67.5738,49.1299],[-67.6213,49.1716],[-67.6363,49.201]],[[-67.6296,49.1992],[-67.6165,49.2127],[-67.6,49.219],[-67.58,49.2183],[-67.5649,49.205],[-67.5546,49.1792],[-67.5348,49.1598],[-67.5054,49.1467],[-67.4947,49.1336],[-67.5027,49.1205],[-67.5175,49.1154],[-67.5392,49.1183],[-67.553,49.1281],[-67.559,49.1449],[-67.574,49.1563],[-67.598,49.1624],[-67.6165,49.1722],[-67.6296,49.1857],[-67.6296,49.1992]]]}},{"type":"Feature","properties":{"c":"#00ff00","v0":0.003,"v1":0.005},"geometry":{"type":"Polygon","coordinates":[[[-96.0864,49.1827],[-96.0609,49.1892],[-96.0536,49.1852],[-96.0645,49.1707],[-96.0773,49.1674],[-96.0919,49.1754],[-96.0864,49.1827]]]}},{"type":"Feature","properties":{"c":"#00ff00","v0":0.003,"v1":0.005},"geometry":{"type":"Polygon","coordinates":[[[-98.4191,49.1482],[-98.3997,49.1643],[-98.365,49.1756],[-98.315,49.1821],[-98.2796,49.1806],[-98.2589,49.1711],[-98.2441,49.1565],[-98.2354,49.1369],[-98.2408,49.1224],[-98.2603,49.1131],[-98.295,49.1082],[-98.345,49.1077],[-98.3847,49.1156],[-98.4141,49.132],[-98.4191,49.1482]],[[-98.4057,49.1456],[-98.3952,49.1565],[-98.37,49.1639],[-98.33,49.1679],[-98.3,49.1681],[-98.28,49.1646],[-98.2653,49.1572],[-98.256,49.1458],[-98.256,49.1361],[-98.2653,49.1279],[-98.295,49.1222],[-98.345,49.1189],[-98.3802,49.123],[-98.4007,49.1344],[-98.4057,49.1456]]]}},{"type":"Feature","properties":{"c":"#00ff00","v0":0.003,"v1":0.005},"geometry":{"type":"Polygon","coordinates":[[[-67.7123,49.0553],[-67.6974,49.0688],[-67.6797,49.0688],[-67.6592,49.0553],[-67.6592,49.0427],[-67.6797,49.0312],[-67.6974,49.0312],[-67.7123,49.0427],[-67.7123,49.0553]],[[-67.6966,49.0518],[-67.6922,49.0585],[-67.6844,49.0585],[-67.6733,49.0518],[-67.6755,49.0485],[-67.691,49.0485],[-67.6966,49.0518]]]}},{"type":"Feature","properties":{"c":"#00ff00","v0":0.003,"v1":0.005},"geometry":{"type":"Polygon","coordinates":[[[-95.0327,49.0537],[-95.0176,49.0643],[-95.0046,49.0643],[-94.9938,49.0537],[-94.9938,49.045],[-95.0046,49.0381],[-95.0176,49.0381],[-95.0327,49.045],[-95.0327,49.0537]]]}},{"type":"Feature","properties":{"c":"#00ff00","v0":0.003,"v1":0.005},"geometry":{"type":"Polygon","coordinates":[[[-92.8994,49.0282],[-92.8798,49.04],[-92.861,49.0368],[-92.8431,49.0183],[-92.8431,49.0062],[-92.861,49.0003],[-92.8798,49.0036],[-92.8994,49.016],[-92.8994,49.0282]]]}},{"type":"Feature","properties":{"c":"#00ff00","v0":0.003,"v1":0.005},"geometry":{"type":"Polygon","coordinates":[[[-98.4239,48.9763],[-98.4194,48.9894],[-98.4053,49.0016],[-98.3818,49.0128],[-98.36,49.0181],[-98.34,49.0175],[-98.3223,49.0119],[-98.3069,49.0013],[-98.3169,48.9801],[-98.3523,48.9482],[-98.38,48.9345],[-98.4,48.939],[-98.4141,48.9484],[-98.4222,48.9626],[-98.4239,48.9763]],[[-98.4011,48.9893],[-98.3804,49.0021],[-98.3566,49.0054],[-98.3297,48.9991],[-98.3297,48.985],[-98.3566,48.9628],[-98.3771,48.953],[-98.3912,48.9554],[-98.4016,48.9632],[-98.4082,48.9763],[-98.4011,48.9893]]]}},{"type":"Feature","properties":{"c":"#00ff00","v0":0.003,"v1":0.005},"geometry":{"type":"Polygon","coordinates":[[[-96.7889,48.9864],[-96.7763,48.9934],[-96.7678,48.9934],[-96.7633,48.9864],[-96.7696,48.9829],[-96.7866,48.9829],[-96.7889,48.9864]]]}},{"type":"Feature","properties":{"c":"#00ff00","v0":0.003,"v1":0.005},"geometry":{"type":"Polygon","coordinates":[[[-92.2458,48.9626],[-92.2353,48.9746],[-92.22,48.9793],[-92.2,48.9766],[-92.175,48.9825],[-92.145,48.997],[-92.115,49.0039],[-92.085,49.003],[-92.0629,48.9977],[-92.0487,48.9878],[-92.0451,48.9698],[-92.0521,48.9435],[-92.0643,48.9254],[-92.0814,48.9156],[-92.115,48.9105],[-92.165,48.9101],[-92.2053,48.9216],[-92.2358,48.9449],[-92.2458,48.9626]],[[-92.1653,48.9549],[-92.1418,48.9776],[-92.1148,48.9874],[-92.0845,48.9844],[-92.0745,48.9684],[-92.0848,48.9394],[-92.1118,48.9296],[-92.1553,48.9388],[-92.1653,48.9549]]]}},{"type":"Feature","properties":{"c":"#00ff00","v0":0.003,"v1":0.005},"geometry":{"type":"Polygon","coordinates":[[[-92.4965,48.9545],[-92.4388,48.9765],[-92.4038,48.9863],[-92.3915,48.984],[-92.377,48.9698],[-92.3603,48.9435],[-92.3615,48.9246],[-92.3805,48.9132],[-92.415,48.9109],[-92.465,48.9178],[-92.4988,48.9268],[-92.5165,48.9379],[-92.4965,48.9545]],[[-92.492,48.9475],[-92.4773,48.9555],[-92.4604,48.9555],[-92.4411,48.9475],[-92.4411,48.9399],[-92.4604,48.9327],[-92.4773,48.9327],[-92.492,48.9399],[-92.492,48.9475]]]}},{"type":"Feature","properties":{"c":"#00ff00","v0":0.003,"v1":0.005},"geometry":{"type":"Polygon","coordinates":[[[-67.7719,48.9648],[-67.7573,48.9812],[-67.72,48.9886],[-67.66,48.9871],[-67.6233,48.979],[-67.6098,48.9641],[-67.6026,48.9435],[-67.6018,48.9172],[-67.6185,48.8997],[-67.6528,48.8909],[-67.68,48.8953],[-67.7,48.9128],[-67.7243,48.9238],[-67.7528,48.9282],[-67.7701,48.9369],[-67.7762,48.9501],[-67.7719,48.9648]],[[-67.7624,48.9613],[-67.7541,48.9706],[-67.72,48.9755],[-67.66,48.9759],[-67.6264,48.9581],[-67.6192,48.9221],[-67.6292,48.9021],[-67.6564,48.8981],[-67.6753,48.9047],[-67.6858,48.9218],[-67.7058,48.9305],[-67.7353,48.9309],[-67.7541,48.9375],[-67.7624,48.9503],[-67.7624,48.9613]]]}},{"type":"Feature","properties":{"c":"#00ff00","v0":0.003,"v1":0.005},"geometry":{"type":"Polygon","coordinates":[[[-94.9343,48.8447],[-94.8914,48.8839],[-94.865,48.9146],[-94.855,48.9369],[-94.835,48.9521],[-94.805,48.9603],[-94.7825,48.9624],[-94.7674,48.9586],[-94.7524,48.9444],[-94.7375,48.92],[-94.717,48.9036],[-94.6911,48.8951],[-94.6761,48.8783],[-94.672,48.8531],[-94.6417,48.8333],[-94.585,48.8191],[-94.5673,48.7922],[-94.5886,48.7526],[-94.5919,48.7204],[-94.5773,48.6955],[-94.5533,48.6823],[-94.5198,48.6808],[-94.4976,48.6701],[-94.4865,48.6503],[-94.4961,48.6272],[-94.5262,48.6008],[-94.5425,48.5743],[-94.5451,48.5478],[-94.5615,48.5246],[-94.5918,48.5048],[-94.615,48.4948],[-94.6312,48.4948],[-94.6663,48.5114],[-94.7203,48.5445],[-94.724,48.571],[-94.6775,48.5908],[-94.6707,48.6206],[-94.7039,48.6602],[-94.7399,48.6834],[-94.7788,48.69],[-94.8012,48.709],[-94.8071,48.7406],[-94.84,48.7508],[-94.9,48.7397],[-94.9364,48.7569],[-94.9493,48.8024],[-94.9343,48.8447]],[[-94.8237,48.9304],[-94.8057,48.9304],[-94.785,48.9158],[-94.7617,48.8868],[-94.7623,48.8736],[-94.787,48.8764],[-94.8076,48.8909],[-94.8244,48.9172],[-94.8237,48.9304]],[[-94.7312,48.7399],[-94.7037,48.7539],[-94.6831,48.7737],[-94.6693,48.7992],[-94.6417,48.8087],[-94.6002,48.8021],[-94.5809,48.7922],[-94.5838,48.779],[-94.5981,48.7658],[-94.6238,48.7526],[-94.625,48.7269],[-94.6017,48.6887],[-94.5697,48.6656],[-94.5291,48.6576],[-94.5291,48.6213],[-94.5697,48.5565],[-94.6,48.5239],[-94.62,48.5235],[-94.6372,48.5294],[-94.6516,48.5417],[-94.6529,48.5611],[-94.6411,48.5875],[-94.6499,48.614],[-94.6792,48.6404],[-94.6836,48.6635],[-94.6632,48.6834],[-94.6552,48.6966],[-94.6597,48.7032],[-94.6827,48.7131],[-94.7241,48.7263],[-94.7312,48.7399]],[[-94.9234,48.7856],[-94.9182,48.8119],[-94.9092,48.8273],[-94.8964,48.8316],[-94.8812,48.8184],[-94.8636,48.7877],[-94.8686,48.7674],[-94.8962,48.7575],[-94.914,48.7575],[-94.922,48.7674],[-94.9234,48.7856]],[[-94.8021,48.8291],[-94.794,48.837],[-94.7848,48.837],[-94.7743,48.8291],[-94.7743,48.8209],[-94.7848,48.8126],[-94.794,48.8126],[-94.8021,48.8209],[-94.8021,48.8291]]]}},{"type":"Feature","properties":{"c":"#00ff00","v0":0.003,"v1":0.005},"geometry":{"type":"Polygon","coordinates":[[[-93.4775,48.923],[-93.4725,48.9347],[-93.46,48.9431],[-93.44,48.9482],[-93.415,48.95],[-93.385,48.9485],[-93.3644,48.9401],[-93.3532,48.9248],[-93.3632,48.9091],[-93.3944,48.8929],[-93.4275,48.8929],[-93.4625,48.9091],[-93.4775,48.923]],[[-93.4538,48.923],[-93.4379,48.9346],[-93.42,48.9397],[-93.4,48.9383],[-93.3839,48.9325],[-93.3717,48.9223],[-93.3767,48.9123],[-93.3989,48.9025],[-93.4229,48.9025],[-93.4488,48.9123],[-93.4538,48.923]]]}},{"type":"Feature","properties":{"c":"#00ff00","v0":0.003,"v1":0.005},"geometry":{"type":"Polygon","coordinates":[[[-98.1649,48.8655],[-98.1416,48.8937],[-98.1148,48.9068],[-98.0843,48.905],[-98.0743,48.8917],[-98.0848,48.8669],[-98.1116,48.8537],[-98.1549,48.8522],[-98.1649,48.8655]],[[-98.1262,48.8824],[-98.1154,48.8917],[-98.1048,48.8949],[-98.0943,48.8923],[-98.0943,48.8838],[-98.1048,48.8696],[-98.1154,48.8663],[-98.1262,48.8739],[-98.1262,48.8824]]]}},{"type":"Feature","properties":{"c":"#00ff00","v0":0.003,"v1":0.005},"geometry":{"type":"Polygon","coordinates":[[[-92.6466,48.8945],[-92.6222,48.9018],[-92.5932,48.8985],[-92.5597,48.8847],[-92.5597,48.8735],[-92.5932,48.865],[-92.6222,48.8683],[-92.6466,48.8834],[-92.6466,48.8945]]]}},{"type":"Feature","properties":{"c":"#00ff00","v0":0.003,"v1":0.005},"geometry":{"type":"Polygon","coordinates":[[[-95.0683,48.8838],[-95.0428,48.8958],[-95.0191,48.8958],[-94.9973,48.8838],[-94.9923,48.8734],[-95.0041,48.8646],[-95.025,48.8611],[-95.055,48.8629],[-95.0728,48.8673],[-95.0783,48.8743],[-95.0683,48.8838]]]}},{"type":"Feature","properties":{"c":"#00ff00","v0":0.003,"v1":0.005},"geometry":{"type":"Polygon","coordinates":[[[-71.8608,48.8712],[-71.8403,48.8844],[-71.8206,48.8877],[-71.8019,48.8811],[-71.7896,48.8712],[-71.7835,48.858],[-71.7929,48.8476],[-71.8176,48.8398],[-71.8403,48.8431],[-71.8608,48.8574],[-71.8608,48.8712]],[[-71.8457,48.8679],[-71.8221,48.8745],[-71.8083,48.8712],[-71.8042,48.858],[-71.8091,48.8499],[-71.823,48.8468],[-71.8369,48.8501],[-71.8506,48.8598],[-71.8457,48.8679]]]}},{"type":"Feature","properties":{"c":"#00ff00","v0":0.003,"v1":0.005},"geometry":{"type":"Polygon","coordinates":[[[-121.8371,48.8792],[-121.819,48.8821],[-121.8079,48.8789],[-121.8036,48.8694],[-121.8086,48.8626],[-121.8229,48.8587],[-121.834,48.862],[-121.8421,48.8725],[-121.8371,48.8792]]]}},{"type":"Feature","properties":{"c":"#00ff00","v0":0.003,"v1":0.005},"geometry":{"type":"Polygon","coordinates":[[[-96.8567,48.8703],[-96.8389,48.8817],[-96.8207,48.8817],[-96.802,48.8703],[-96.807,48.8582],[-96.8357,48.8455],[-96.8539,48.8455],[-96.8617,48.8582],[-96.8567,48.8703]]]}},{"type":"Feature","properties":{"c":"#00ff00","v0":0.003,"v1":0.005},"geometry":{"type":"Polygon","coordinates":[[[-95.2359,48.8683],[-95.2186,48.8758],[-95.2048,48.8725],[-95.1945,48.8585],[-95.1945,48.8488],[-95.2048,48.8435],[-95.2186,48.8468],[-95.2359,48.8587],[-95.2359,48.8683]]]}},{"type":"Feature","properties":{"c":"#00ff00","v0":0.003,"v1":0.005},"geometry":{"type":"Polygon","coordinates":[[[-66.8141,48.8567],[-66.798,48.8671],[-66.78,48.8704],[-66.7599,48.8665],[-66.7549,48.8574],[-66.765,48.8431],[-66.78,48.8357],[-66.8,48.835],[-66.813,48.8389],[-66.8191,48.8473],[-66.8141,48.8567]]]}},{"type":"Feature","properties":{"c":"#00ff00","v0":0.003,"v1":0.005},"geometry":{"type":"Polygon","coordinates":[[[-98.3813,48.8001],[-98.3604,48.8291],[-98.335,48.8456],[-98.305,48.8496],[-98.2825,48.8483],[-98.2674,48.8416],[-98.2824,48.8197],[-98.3275,48.7825],[-98.3604,48.7693],[-98.3813,48.7802],[-98.3813,48.8001]],[[-98.3494,48.8171],[-98.3365,48.8274],[-98.3235,48.8307],[-98.3105,48.827],[-98.3105,48.8207],[-98.3235,48.8119],[-98.3365,48.8086],[-98.3494,48.8108],[-98.3494,48.8171]]]}},{"type":"Feature","properties":{"c":"#00ff00","v0":0.003,"v1":0.005},"geometry":{"type":"Polygon","coordinates":[[[-67.3092,48.7922],[-67.2992,48.8054],[-67.2816,48.8152],[-67.2564,48.8218],[-67.2503,48.8136],[-67.2634,48.7906],[-67.281,48.7807],[-67.3031,48.784],[-67.3092,48.7922]]]}},{"type":"Feature","properties":{"c":"#00ff00","v0":0.003,"v1":0.005},"geometry":{"type":"Polygon","coordinates":[[[-67.0131,48.8148],[-66.9977,48.8205],[-66.9804,48.8205],[-66.9612,48.8148],[-66.9612,48.8059],[-66.9804,48.7938],[-66.9977,48.7938],[-67.0131,48.8059],[-67.0131,48.8148]]]}},{"type":"Feature","properties":{"c":"#00ff00","v0":0.003,"v1":0.005},"geometry":{"type":"Polygon","coordinates":[[[-97.0716,48.6532],[-97.0305,48.7053],[-96.9892,48.735],[-96.9476,48.7424],[-96.9076,48.7562],[-96.8692,48.7764],[-96.8179,48.7896],[-96.7537,48.7957],[-96.7337,48.787],[-96.7579,48.7636],[-96.7962,48.7504],[-96.8487,48.7475],[-96.8687,48.739],[-96.8562,48.7248],[-96.835,48.7247],[-96.805,48.7387],[-96.785,48.7419],[-96.775,48.7341],[-96.755,48.7324],[-96.725,48.7369],[-96.7017,48.7343],[-96.685,48.7245],[-96.685,48.7064],[-96.7017,48.6799],[-96.725,48.6605],[-96.755,48.6482],[-96.785,48.6271],[-96.815,48.5971],[-96.8481,48.59],[-96.8842,48.606],[-96.9029,48.6272],[-96.9039,48.6536],[-96.9109,48.6716],[-96.9236,48.6811],[-96.95,48.6789],[-96.99,48.665],[-97.015,48.6446],[-97.025,48.6176],[-97.04,48.6042],[-97.06,48.6042],[-97.0755,48.6099],[-97.0866,48.6215],[-97.0716,48.6532]],[[-97.0139,48.6999],[-97.0038,48.7131],[-96.9886,48.7197],[-96.9681,48.7197],[-96.9659,48.7111],[-96.982,48.6939],[-96.9972,48.6873],[-97.0117,48.6913],[-97.0139,48.6999]]]}},{"type":"Feature","properties":{"c":"#00ff00","v0":0.003,"v1":0.005},"geometry":{"type":"Polygon","coordinates":[[[-92.4216,48.756],[-92.4139,48.7759],[-92.38,48.7882],[-92.32,48.7927],[-92.2883,48.7828],[-92.2849,48.7583],[-92.2999,48.7313],[-92.3333,48.7017],[-92.365,48.6939],[-92.395,48.7079],[-92.4139,48.7227],[-92.4216,48.7383],[-92.4216,48.756]],[[-92.3926,48.7511],[-92.3775,48.7613],[-92.3638,48.758],[-92.3514,48.7412],[-92.3514,48.7302],[-92.3638,48.7249],[-92.3775,48.7282],[-92.3926,48.7401],[-92.3926,48.7511]]]}},{"type":"Feature","properties":{"c":"#00ff00","v0":0.003,"v1":0.005},"geometry":{"type":"Polygon","coordinates":[[[-67.6671,48.7568],[-67.6157,48.7782],[-67.5816,48.788],[-67.5647,48.7864],[-67.5447,48.7772],[-67.5216,48.7604],[-67.511,48.7307],[-67.5129,48.6881],[-67.5229,48.6476],[-67.541,48.6091],[-67.5562,48.5926],[-67.5687,48.598],[-67.5744,48.6206],[-67.5731,48.6602],[-67.5871,48.6834],[-67.6163,48.69],[-67.6463,48.7065],[-67.6773,48.7329],[-67.6671,48.7568]],[[-67.6398,48.7526],[-67.599,48.7658],[-67.5771,48.7691],[-67.574,48.7625],[-67.5819,48.7543],[-67.6006,48.7445],[-67.6225,48.7412],[-67.6476,48.7444],[-67.6398,48.7526]]]}},{"type":"Feature","properties":{"c":"#00ff00","v0":0.003,"v1":0.005},"geometry":{"type":"Polygon","coordinates":[[[-93.5454,48.7117],[-93.4951,48.7485],[-93.46,48.7692],[-93.44,48.774],[-93.4209,48.7721],[-93.4026,48.7635],[-93.3926,48.7458],[-93.3909,48.7189],[-93.415,48.7065],[-93.465,48.7089],[-93.505,48.6984],[-93.535,48.6753],[-93.5551,48.6711],[-93.5654,48.6859],[-93.5454,48.7117]],[[-93.4819,48.7384],[-93.474,48.7496],[-93.46,48.7572],[-93.44,48.7614],[-93.4224,48.7526],[-93.4071,48.7306],[-93.4071,48.7174],[-93.4224,48.7128],[-93.444,48.7161],[-93.4719,48.7273],[-93.4819,48.7384]]]}},{"type":"Feature","properties":{"c":"#00ff00","v0":0.003,"v1":0.005},"geometry":{"type":"Polygon","coordinates":[[[-98.3411,48.7387],[-98.3337,48.7504],[-98.3199,48.7537],[-98.2996,48.7486],[-98.2996,48.7377],[-98.3199,48.7211],[-98.3337,48.7178],[-98.3411,48.7279],[-98.3411,48.7387]]]}},{"type":"Feature","properties":{"c":"#00ff00","v0":0.003,"v1":0.005},"geometry":{"type":"Polygon","coordinates":[[[-77.8401,48.6635],[-77.8164,48.6834],[-77.8009,48.7054],[-77.7936,48.7295],[-77.775,48.7363],[-77.745,48.7256],[-77.7015,48.7201],[-77.6444,48.7198],[-77.6064,48.7065],[-77.5874,48.6801],[-77.5942,48.6569],[-77.6267,48.6371],[-77.6339,48.614],[-77.6159,48.5875],[-77.595,48.5677],[-77.5714,48.5544],[-77.5605,48.5412],[-77.5626,48.528],[-77.6032,48.5081],[-77.6825,48.4816],[-77.7391,48.4689],[-77.773,48.47],[-77.8017,48.4799],[-77.825,48.4987],[-77.8359,48.5246],[-77.8343,48.5577],[-77.8127,48.5866],[-77.7709,48.6113],[-77.74,48.6216],[-77.72,48.6176],[-77.7024,48.6185],[-77.6872,48.6243],[-77.6922,48.6323],[-77.7174,48.6424],[-77.75,48.6407],[-77.79,48.627],[-77.8205,48.6285],[-77.8415,48.6453],[-77.8401,48.6635]],[[-77.685,48.6874],[-77.6617,48.7021],[-77.6411,48.7021],[-77.6233,48.6874],[-77.6233,48.6747],[-77.6411,48.6639],[-77.6617,48.6639],[-77.685,48.6747],[-77.685,48.6874]],[[-77.8057,48.5547],[-77.7819,48.5686],[-77.7606,48.5719],[-77.7419,48.5647],[-77.7469,48.5521],[-77.7756,48.5341],[-77.7969,48.5308],[-77.8107,48.5422],[-77.8057,48.5547]]]}},{"type":"Feature","properties":{"c":"#00ff00","v0":0.003,"v1":0.005},"geometry":{"type":"Polygon","coordinates":[[[-98.5201,48.6988],[-98.5,48.71],[-98.4758,48.71],[-98.4473,48.6988],[-98.4473,48.6861],[-98.4758,48.6718],[-98.5,48.6718],[-98.5201,48.6861],[-98.5201,48.6988]]]}},{"type":"Feature","properties":{"c":"#00ff00","v0":0.003,"v1":0.005},"geometry":{"type":"Polygon","coordinates":[[[-97.9368,48.6933],[-97.9234,48.6933],[-97.9174,48.69],[-97.9189,48.6834],[-97.9256,48.6834],[-97.9375,48.69],[-97.9368,48.6933]]]}},{"type":"Feature","properties":{"c":"#00ff00","v0":0.003,"v1":0.005},"geometry":{"type":"Polygon","coordinates":[[[-93.3355,48.6824],[-93.3185,48.6871],[-93.299,48.6805],[-93.2769,48.6626],[-93.2743,48.6536],[-93.2911,48.6536],[-93.3106,48.6602],[-93.3329,48.6735],[-93.3355,48.6824]]]}},{"type":"Feature","properties":{"c":"#00ff00","v0":0.003,"v1":0.005},"geometry":{"type":"Polygon","coordinates":[[[-67.19,48.6602],[-67.1872,48.6735],[-67.1769,48.6817],[-67.159,48.6851],[-67.1385,48.6818],[-67.1155,48.6718],[-67.1028,48.6602],[-67.1005,48.647],[-67.117,48.6378],[-67.1523,48.6326],[-67.1754,48.6359],[-67.1861,48.6477],[-67.19,48.6602]]]}},{"type":"Feature","properties":{"c":"#00ff00","v0":0.003,"v1":0.005},"geometry":{"type":"Polygon","coordinates":[[[-94.2402,48.6376],[-94.1934,48.6585],[-94.1599,48.6684],[-94.1397,48.6674],[-94.1297,48.6628],[-94.1299,48.6546],[-94.1458,48.6414],[-94.1773,48.6231],[-94.2023,48.6125],[-94.2208,48.6095],[-94.2384,48.6128],[-94.2552,48.6224],[-94.2402,48.6376]]]}},{"type":"Feature","properties":{"c":"#00ff00","v0":0.003,"v1":0.005},"geometry":{"type":"Polygon","coordinates":[[[-94.0435,48.6473],[-94.0212,48.6611],[-94.001,48.6644],[-93.9831,48.6572],[-93.9831,48.6436],[-94.001,48.6236],[-94.02,48.6162],[-94.04,48.6212],[-94.0512,48.6279],[-94.0535,48.6362],[-94.0435,48.6473]]]}},{"type":"Feature","properties":{"c":"#00ff00","v0":0.003,"v1":0.005},"geometry":{"type":"Polygon","coordinates":[[[-93.8562,48.4981],[-93.8231,48.5048],[-93.7927,48.5213],[-93.7651,48.5478],[-93.7641,48.5809],[-93.7897,48.6206],[-93.7994,48.6481],[-93.7931,48.6634],[-93.735,48.6657],[-93.625,48.6549],[-93.5607,48.6373],[-93.542,48.613],[-93.537,48.5959],[-93.5457,48.5863],[-93.57,48.577],[-93.61,48.5678],[-93.65,48.5491],[-93.69,48.5207],[-93.735,48.5],[-93.785,48.4869],[-93.8257,48.4839],[-93.8571,48.4912],[-93.8562,48.4981]],[[-93.7753,48.6461],[-93.7584,48.6576],[-93.742,48.6543],[-93.7261,48.6362],[-93.7261,48.6247],[-93.742,48.6198],[-93.7584,48.6231],[-93.7753,48.6346],[-93.7753,48.6461]],[[-93.7153,48.5842],[-93.704,48.6041],[-93.6862,48.6207],[-93.6621,48.6341],[-93.635,48.6404],[-93.605,48.6396],[-93.5828,48.6329],[-93.5684,48.6203],[-93.5634,48.6078],[-93.5678,48.5954],[-93.59,48.5861],[-93.63,48.5796],[-93.665,48.5683],[-93.695,48.5521],[-93.7128,48.5515],[-93.7183,48.5667],[-93.7153,48.5842]]]}},{"type":"Feature","properties":{"c":"#00ff00","v0":0.003,"v1":0.005},"geometry":{"type":"Polygon","coordinates":[[[-94.8839,48.6307],[-94.8613,48.6376],[-94.8373,48.6277],[-94.8119,48.6009],[-94.8119,48.5888],[-94.8373,48.5912],[-94.8613,48.6012],[-94.8839,48.6185],[-94.8839,48.6307]]]}},{"type":"Feature","properties":{"c":"#00ff00","v0":0.003,"v1":0.005},"geometry":{"type":"Polygon","coordinates":[[[-98.2496,48.6074],[-98.2232,48.6207],[-98.1997,48.624],[-98.179,48.6173],[-98.174,48.6054],[-98.1847,48.5884],[-98.2,48.5759],[-98.22,48.568],[-98.2382,48.5732],[-98.2546,48.5916],[-98.2496,48.6074]]]}},{"type":"Feature","properties":{"c":"#00ff00","v0":0.003,"v1":0.005},"geometry":{"type":"Polygon","coordinates":[[[-93.4367,48.6075],[-93.4189,48.621],[-93.403,48.6243],[-93.3891,48.6174],[-93.3891,48.6063],[-93.403,48.591],[-93.4189,48.5877],[-93.4367,48.5964],[-93.4367,48.6075]]]}},{"type":"Feature","properties":{"c":"#00ff00","v0":0.003,"v1":0.005},"geometry":{"type":"Polygon","coordinates":[[[-67.0065,48.6175],[-66.9955,48.6245],[-66.9796,48.6245],[-66.9587,48.6175],[-66.9587,48.6088],[-66.9796,48.5983],[-66.9955,48.5983],[-67.0065,48.6088],[-67.0065,48.6175]]]}},{"type":"Feature","properties":{"c":"#00ff00","v0":0.003,"v1":0.005},"geometry":{"type":"Polygon","coordinates":[[[-89.1389,48.5935],[-89.133,48.6055],[-89.12,48.6138],[-89.1,48.6182],[-89.0765,48.6156],[-89.0495,48.6057],[-89.0445,48.5917],[-89.0615,48.5735],[-89.08,48.5638],[-89.1,48.5627],[-89.118,48.5685],[-89.1339,48.5812],[-89.1389,48.5935]]]}},{"type":"Feature","properties":{"c":"#00ff00","v0":0.003,"v1":0.005},"geometry":{"type":"Polygon","coordinates":[[[-94.5081,48.4915],[-94.4777,48.5114],[-94.4554,48.5379],[-94.4411,48.571],[-94.428,48.5902],[-94.416,48.5957],[-94.395,48.5953],[-94.365,48.5891],[-94.3211,48.5632],[-94.2633,48.5176],[-94.2433,48.4865],[-94.2611,48.4699],[-94.295,48.4705],[-94.345,48.4882],[-94.395,48.489],[-94.445,48.4728],[-94.4833,48.4689],[-94.51,48.4774],[-94.5081,48.4915]],[[-94.4018,48.5661],[-94.3806,48.5761],[-94.3443,48.5662],[-94.293,48.5363],[-94.2641,48.5114],[-94.2579,48.4915],[-94.2635,48.48],[-94.2812,48.4768],[-94.315,48.4868],[-94.365,48.51],[-94.3956,48.5315],[-94.4068,48.5512],[-94.4018,48.5661]]]}},{"type":"Feature","properties":{"c":"#00ff00","v0":0.003,"v1":0.005},"geometry":{"type":"Polygon","coordinates":[[[-97.0442,48.5666],[-97.0214,48.5777],[-97.0,48.5746],[-96.98,48.5575],[-96.945,48.5514],[-96.895,48.5564],[-96.8684,48.5561],[-96.8651,48.5506],[-96.8751,48.5404],[-96.8984,48.5255],[-96.925,48.5254],[-96.955,48.5401],[-96.985,48.546],[-97.015,48.543],[-97.0364,48.5464],[-97.0492,48.5562],[-97.0442,48.5666]]]}},{"type":"Feature","properties":{"c":"#00ff00","v0":0.003,"v1":0.005},"geometry":{"type":"Polygon","coordinates":[[[-67.4791,48.5743],[-67.4605,48.5743],[-67.451,48.571],[-67.4507,48.5644],[-67.4601,48.5644],[-67.479,48.571],[-67.4791,48.5743]]]}},{"type":"Feature","properties":{"c":"#00ff00","v0":0.003,"v1":0.005},"geometry":{"type":"Polygon","coordinates":[[[-94.9039,48.5291],[-94.8946,48.5446],[-94.875,48.5536],[-94.845,48.5559],[-94.8163,48.5448],[-94.7888,48.5203],[-94.776,48.4981],[-94.7777,48.4783],[-94.7914,48.4663],[-94.8171,48.4622],[-94.8496,48.4755],[-94.8889,48.506],[-94.9039,48.5291]],[[-94.8818,48.5265],[-94.8606,48.5369],[-94.8364,48.5336],[-94.8092,48.5166],[-94.7942,48.5003],[-94.7914,48.4848],[-94.8,48.4756],[-94.82,48.4727],[-94.8456,48.4838],[-94.8768,48.5088],[-94.8818,48.5265]]]}},{"type":"Feature","properties":{"c":"#00ff00","v0":0.003,"v1":0.005},"geometry":{"type":"Polygon","coordinates":[[[-94.1857,48.5256],[-94.1752,48.5342],[-94.1617,48.5342],[-94.1452,48.5256],[-94.1452,48.5172],[-94.1617,48.5088],[-94.1752,48.5088],[-94.1857,48.5172],[-94.1857,48.5256]]]}},{"type":"Feature","properties":{"c":"#00ff00","v0":0.003,"v1":0.005},"geometry":{"type":"Polygon","coordinates":[[[-67.6198,48.5164],[-67.6133,48.5329],[-67.605,48.5417],[-67.595,48.5429],[-67.5724,48.5313],[-67.5373,48.507],[-67.5173,48.4875],[-67.5124,48.4728],[-67.515,48.4626],[-67.525,48.4568],[-67.5533,48.4674],[-67.5998,48.4945],[-67.6198,48.5164]]]}},{"type":"Feature","properties":{"c":"#00ff00","v0":0.003,"v1":0.005},"geometry":{"type":"Polygon","coordinates":[[[-95.9979,48.5017],[-95.9793,48.5155],[-95.9624,48.5122],[-95.9473,48.4918],[-95.9473,48.4776],[-95.9624,48.4697],[-95.9793,48.473],[-95.9979,48.4875],[-95.9979,48.5017]]]}},{"type":"Feature","properties":{"c":"#00ff00","v0":0.003,"v1":0.005},"geometry":{"type":"Polygon","coordinates":[[[-95.5773,48.4862],[-95.5724,48.4954],[-95.5624,48.4988],[-95.5473,48.4961],[-95.5497,48.4915],[-95.5698,48.4849],[-95.5773,48.4862]]]}},{"type":"Feature","properties":{"c":"#00ff00","v0":0.003,"v1":0.005},"geometry":{"type":"Polygon","coordinates":[[[-98.1177,48.4454],[-98.1126,48.4525],[-98.0982,48.4525],[-98.0747,48.4454],[-98.0641,48.4351],[-98.0664,48.4219],[-98.0774,48.4152],[-98.0972,48.4152],[-98.1103,48.4219],[-98.1169,48.4351],[-98.1177,48.4454]]]}},{"type":"Feature","properties":{"c":"#00ff00","v0":0.003,"v1":0.005},"geometry":{"type":"Polygon","coordinates":[[[-95.7237,48.448],[-95.7012,48.4606],[-95.6816,48.4639],[-95.6648,48.458],[-95.6648,48.4489],[-95.6816,48.4367],[-95.7012,48.4334],[-95.7237,48.439],[-95.7237,48.448]]]}},{"type":"Feature","properties":{"c":"#00ff00","v0":0.003,"v1":0.005},"geometry":{"type":"Polygon","coordinates":[[[-95.9665,48.4319],[-95.9555,48.4387],[-95.95,48.4333],[-95.95,48.4158],[-95.9555,48.4124],[-95.9665,48.4232],[-95.9665,48.4319]]]}},{"type":"Feature","properties":{"c":"#00ff00","v0":0.003,"v1":0.005},"geometry":{"type":"Polygon","coordinates":[[[-77.9167,48.3456],[-77.9122,48.3657],[-77.8953,48.3756],[-77.8658,48.3755],[-77.8547,48.3654],[-77.8621,48.3455],[-77.8768,48.3321],[-77.8989,48.3252],[-77.9122,48.3252],[-77.9167,48.3321],[-77.9167,48.3456]]]}},{"type":"Feature","properties":{"c":"#00ff00","v0":0.003,"v1":0.005},"geometry":{"type":"Polygon","coordinates":[[[-94.1441,48.3028],[-94.1347,48.3171],[-94.115,48.3231],[-94.085,48.3209],[-94.0654,48.3105],[-94.0561,48.2917],[-94.0554,48.2723],[-94.0635,48.2523],[-94.0533,48.239],[-94.0249,48.2324],[-94.0105,48.2219],[-94.0102,48.2077],[-94.0225,48.201],[-94.0475,48.2019],[-94.0634,48.2124],[-94.0702,48.2324],[-94.0877,48.2461],[-94.1159,48.2536],[-94.1347,48.267],[-94.1441,48.2861],[-94.1441,48.3028]],[[-94.1237,48.3007],[-94.1012,48.3109],[-94.084,48.3109],[-94.0719,48.3007],[-94.0671,48.289],[-94.0694,48.2757],[-94.0804,48.267],[-94.1001,48.2629],[-94.1162,48.2696],[-94.1287,48.2869],[-94.1237,48.3007]]]}},{"type":"Feature","properties":{"c":"#00ff00","v0":0.003,"v1":0.005},"geometry":{"type":"Polygon","coordinates":[[[-67.8705,48.3144],[-67.8568,48.3253],[-67.8439,48.3253],[-67.8317,48.3144],[-67.8267,48.2922],[-67.8289,48.2586],[-67.8364,48.2419],[-67.8493,48.2422],[-67.8611,48.259],[-67.872,48.2923],[-67.8705,48.3144]]]}},{"type":"Feature","properties":{"c":"#00ff00","v0":0.003,"v1":0.005},"geometry":{"type":"Polygon","coordinates":[[[-96.2267,48.2871],[-96.2156,48.2968],[-96.1986,48.3001],[-96.1759,48.2971],[-96.1642,48.2823],[-96.1636,48.2557],[-96.175,48.2423],[-96.1983,48.2422],[-96.2156,48.2522],[-96.2267,48.2723],[-96.2267,48.2871]]]}},{"type":"Feature","properties":{"c":"#00ff00","v0":0.003,"v1":0.005},"geometry":{"type":"Polygon","coordinates":[[[-71.4406,48.2715],[-71.4202,48.2766],[-71.4069,48.2732],[-71.4006,48.2615],[-71.4056,48.2519],[-71.4219,48.2443],[-71.4352,48.2477],[-71.4456,48.2619],[-71.4406,48.2715]]]}},{"type":"Feature","properties":{"c":"#00ff00","v0":0.003,"v1":0.005},"geometry":{"type":"Polygon","coordinates":[[[-95.5605,48.1932],[-95.5535,48.2015],[-95.535,48.2035],[-95.505,48.1994],[-95.47,48.2033],[-95.43,48.2151],[-95.3997,48.2163],[-95.379,48.207],[-95.374,48.1959],[-95.3847,48.1828],[-95.41,48.1781],[-95.45,48.1818],[-95.485,48.1782],[-95.515,48.1676],[-95.5385,48.1689],[-95.5555,48.1823],[-95.5605,48.1932]]]}},{"type":"Feature","properties":{"c":"#00ff00","v0":0.003,"v1":0.005},"geometry":{"type":"Polygon","coordinates":[[[-67.85,48.1123],[-67.841,48.1457],[-67.8299,48.1653],[-67.8166,48.1712],[-67.8069,48.1545],[-67.8006,48.1152],[-67.8056,48.0913],[-67.8219,48.0828],[-67.8361,48.0828],[-67.8483,48.0913],[-67.85,48.1123]]]}},{"type":"Feature","properties":{"c":"#00ff00","v0":0.003,"v1":0.005},"geometry":{"type":"Polygon","coordinates":[[[-67.4811,48.0346],[-67.4604,48.073],[-67.4271,48.0964],[-67.3812,48.1048],[-67.3655,48.0923],[-67.3798,48.0589],[-67.4007,48.0388],[-67.4283,48.0321],[-67.449,48.0199],[-67.463,48.0021],[-67.4754,47.9988],[-67.4861,48.0099],[-67.4811,48.0346]]]}},{"type":"Feature","properties":{"c":"#00ff00","v0":0.003,"v1":0.005},"geometry":{"type":"Polygon","coordinates":[[[-67.3187,48.0969],[-67.2996,48.0996],[-67.2875,48.0962],[-67.2824,48.0869],[-67.292,48.0856],[-67.3162,48.0923],[-67.3187,48.0969]]]}},{"type":"Feature","properties":{"c":"#00ff00","v0":0.003,"v1":0.005},"geometry":{"type":"Polygon","coordinates":[[[-71.475,47.9853],[-71.4404,48.0321],[-71.4149,48.0573],[-71.3983,48.0608],[-71.3716,48.0374],[-71.3347,47.987],[-71.3497,47.9545],[-71.4166,47.9398],[-71.4606,47.9398],[-71.4817,47.9545],[-71.475,47.9853]],[[-71.4506,47.9689],[-71.4369,47.9829],[-71.4244,47.9896],[-71.4132,47.9889],[-71.4082,47.9814],[-71.4094,47.9669],[-71.4219,47.9602],[-71.4456,47.9613],[-71.4506,47.9689]]]}},{"type":"Feature","properties":{"c":"#00ff00","v0":0.003,"v1":0.005},"geometry":{"type":"Polygon","coordinates":[[[-67.9207,47.9619],[-67.9125,47.9886],[-67.8888,48.0154],[-67.8496,48.0421],[-67.8243,48.0488],[-67.8128,48.0355],[-67.8113,48.0188],[-67.8197,47.9987],[-67.8404,47.974],[-67.8735,47.9448],[-67.895,47.929],[-67.905,47.9268],[-67.9137,47.9314],[-67.9211,47.9428],[-67.9207,47.9619]],[[-67.8765,47.992],[-67.8579,47.9987],[-67.854,47.9967],[-67.8647,47.9859],[-67.874,47.9826],[-67.8819,47.9866],[-67.8765,47.992]]]}},{"type":"Feature","properties":{"c":"#00ff00","v0":0.003,"v1":0.005},"geometry":{"type":"Polygon","coordinates":[[[-95.5418,47.9907],[-95.4939,48.0214],[-95.4519,48.0348],[-95.4157,48.0308],[-95.3911,48.0188],[-95.3782,47.9987],[-95.3724,47.9853],[-95.3736,47.9786],[-95.4081,47.966],[-95.476,47.9475],[-95.5198,47.9408],[-95.5395,47.9459],[-95.5534,47.9552],[-95.5616,47.9686],[-95.5418,47.9907]],[[-95.5227,47.9864],[-95.4876,48.0088],[-95.4576,48.0155],[-95.4327,48.0065],[-95.4377,47.9899],[-95.4726,47.9658],[-95.5,47.954],[-95.52,47.9547],[-95.5326,47.9601],[-95.5377,47.9702],[-95.5227,47.9864]]]}},{"type":"Feature","properties":{"c":"#00ff00","v0":0.003,"v1":0.005},"geometry":{"type":"Polygon","coordinates":[[[-94.2223,48.0101],[-94.2008,48.0261],[-94.1753,48.0295],[-94.1459,48.0201],[-94.1331,48.0087],[-94.1368,47.9953],[-94.1515,47.9841],[-94.1772,47.9749],[-94.1968,47.9716],[-94.2104,47.974],[-94.2211,47.9819],[-94.2291,47.9953],[-94.2223,48.0101]],[[-94.1994,48.0065],[-94.1798,48.0154],[-94.1662,48.0154],[-94.1586,48.0065],[-94.1636,47.9983],[-94.1812,47.9908],[-94.1948,47.9908],[-94.2044,47.9983],[-94.1994,48.0065]]]}},{"type":"Feature","properties":{"c":"#00ff00","v0":0.003,"v1":0.005},"geometry":{"type":"Polygon","coordinates":[[[-71.1723,47.9808],[-71.1574,47.992],[-71.1182,47.9987],[-71.0547,48.0009],[-71.0119,47.9853],[-70.9897,47.9518],[-70.9843,47.9217],[-70.9956,47.8948],[-71.0335,47.882],[-71.0978,47.883],[-71.1424,47.9065],[-71.1673,47.9523],[-71.1723,47.9808]],[[-71.149,47.9652],[-71.1445,47.9719],[-71.1142,47.9774],[-71.0581,47.9818],[-71.0211,47.9718],[-71.0033,47.9473],[-70.9983,47.9245],[-71.0061,47.9032],[-71.02,47.8902],[-71.04,47.8854],[-71.07,47.8859],[-71.11,47.8917],[-71.1353,47.9114],[-71.1459,47.945],[-71.149,47.9652]]]}},{"type":"Feature","properties":{"c":"#00ff00","v0":0.003,"v1":0.005},"geometry":{"type":"Polygon","coordinates":[[[-95.8236,47.9808],[-95.8012,47.992],[-95.7725,47.992],[-95.7374,47.9808],[-95.7374,47.9702],[-95.7725,47.9602],[-95.8012,47.9602],[-95.8236,47.9702],[-95.8236,47.9808]]]}},{"type":"Feature","properties":{"c":"#00ff00","v0":0.003,"v1":0.005},"geometry":{"type":"Polygon","coordinates":[[[-93.9724,47.8346],[-93.9575,47.8482],[-93.9351,47.8516],[-93.9053,47.8446],[-93.9003,47.8326],[-93.9201,47.8155],[-93.9425,47.8121],[-93.9674,47.8225],[-93.9724,47.8346]]]}},{"type":"Feature","properties":{"c":"#00ff00","v0":0.003,"v1":0.005},"geometry":{"type":"Polygon","coordinates":[[[-93.8789,47.8449],[-93.8596,47.8523],[-93.8404,47.8523],[-93.8213,47.8449],[-93.8163,47.8374],[-93.8254,47.8298],[-93.8446,47.8298],[-93.8739,47.8374],[-93.8789,47.8449]]]}},{"type":"Feature","properties":{"c":"#00ff00","v0":0.003,"v1":0.005},"geometry":{"type":"Polygon","coordinates":[[[-71.3158,47.821],[-71.3061,47.8345],[-71.2935,47.8409],[-71.2778,47.8403],[-71.2631,47.8336],[-71.2492,47.8207],[-71.2442,47.8043],[-71.2481,47.7841],[-71.2642,47.7774],[-71.2926,47.7841],[-71.3102,47.7942],[-71.3172,47.8076],[-71.3158,47.821]],[[-71.2896,47.8164],[-71.2765,47.8207],[-71.2691,47.8173],[-71.2672,47.8064],[-71.2738,47.8042],[-71.2887,47.811],[-71.2896,47.8164]]]}},{"type":"Feature","properties":{"c":"#00ff00","v0":0.003,"v1":0.005},"geometry":{"type":"Polygon","coordinates":[[[-68.2268,47.5926],[-68.1623,47.6878],[-68.11,47.7505],[-68.07,47.7811],[-68.04,47.7983],[-68.02,47.8022],[-68.0057,47.8],[-67.9972,47.7916],[-67.9972,47.7763],[-68.0057,47.7541],[-68.0507,47.707],[-68.1322,47.635],[-68.1822,47.5819],[-68.2007,47.5477],[-68.215,47.5273],[-68.225,47.5206],[-68.2373,47.5241],[-68.2518,47.538],[-68.2268,47.5926]],[[-68.0523,47.7572],[-68.042,47.7774],[-68.0304,47.7874],[-68.0177,47.7874],[-68.016,47.7779],[-68.0253,47.7588],[-68.0369,47.7487],[-68.0506,47.7476],[-68.0523,47.7572]],[[-68.1358,47.6746],[-68.1319,47.6909],[-68.121,47.7044],[-68.1029,47.7149],[-68.1048,47.7068],[-68.1268,47.6798],[-68.1358,47.6746]]]}},{"type":"Feature","properties":{"c":"#00ff00","v0":0.003,"v1":0.005},"geometry":{"type":"Polygon","coordinates":[[[-71.2267,47.7647],[-71.2156,47.7731],[-71.2025,47.7731],[-71.1874,47.7647],[-71.1874,47.7562],[-71.2025,47.7474],[-71.2156,47.7474],[-71.2267,47.7562],[-71.2267,47.7647]]]}},{"type":"Feature","properties":{"c":"#00ff00","v0":0.003,"v1":0.005},"geometry":{"type":"Polygon","coordinates":[[[-95.4242,47.6988],[-95.4147,47.7099],[-95.4,47.7174],[-95.38,47.7211],[-95.3625,47.7189],[-95.3474,47.7108],[-95.3392,47.7],[-95.3379,47.6866],[-95.3505,47.6744],[-95.3768,47.6636],[-95.3997,47.667],[-95.4192,47.6845],[-95.4242,47.6988]],[[-95.4009,47.6976],[-95.3803,47.7063],[-95.366,47.703],[-95.358,47.6875],[-95.363,47.6771],[-95.381,47.6717],[-95.3953,47.6751],[-95.4059,47.6872],[-95.4009,47.6976]]]}},{"type":"Feature","properties":{"c":"#00ff00","v0":0.003,"v1":0.005},"geometry":{"type":"Polygon","coordinates":[[[-71.3509,47.68],[-71.337,47.7073],[-71.3155,47.7073],[-71.2866,47.68],[-71.2816,47.659],[-71.3005,47.6443],[-71.322,47.6443],[-71.3459,47.659],[-71.3509,47.68]]]}},{"type":"Feature","properties":{"c":"#00ff00","v0":0.003,"v1":0.005},"geometry":{"type":"Polygon","coordinates":[[[-71.2112,47.6173],[-71.1971,47.6269],[-71.1841,47.6269],[-71.1722,47.6173],[-71.1722,47.6079],[-71.1841,47.5989],[-71.1971,47.5989],[-71.2112,47.6079],[-71.2112,47.6173]]]}},{"type":"Feature","properties":{"c":"#00ff00","v0":0.003,"v1":0.005},"geometry":{"type":"Polygon","coordinates":[[[-70.6535,47.1452],[-70.6406,47.1588],[-70.6318,47.1894],[-70.6273,47.2369],[-70.6088,47.2844],[-70.5763,47.3319],[-70.5654,47.3726],[-70.576,47.4064],[-70.5759,47.4402],[-70.5651,47.4741],[-70.5373,47.5016],[-70.4924,47.523],[-70.465,47.523],[-70.455,47.5016],[-70.4547,47.4808],[-70.464,47.4605],[-70.4451,47.4166],[-70.398,47.3489],[-70.3876,47.3014],[-70.4141,47.2743],[-70.4131,47.2505],[-70.3846,47.2301],[-70.3684,47.1962],[-70.3643,47.1486],[-70.3742,47.119],[-70.3981,47.1075],[-70.43,47.1064],[-70.47,47.1157],[-70.505,47.1159],[-70.535,47.1071],[-70.575,47.1068],[-70.625,47.1151],[-70.6525,47.124],[-70.6575,47.1336],[-70.6535,47.1452]],[[-70.6289,47.1656],[-70.6196,47.22],[-70.5954,47.2743],[-70.5565,47.3285],[-70.5434,47.3692],[-70.556,47.3963],[-70.5564,47.42],[-70.5444,47.4402],[-70.5404,47.4605],[-70.5443,47.4808],[-70.5322,47.4968],[-70.5041,47.5086],[-70.4838,47.5086],[-70.4715,47.4968],[-70.4724,47.4808],[-70.4865,47.4605],[-70.4856,47.4402],[-70.4695,47.42],[-70.4644,47.3963],[-70.4702,47.3692],[-70.4532,47.3455],[-70.4132,47.3251],[-70.409,47.3014],[-70.4405,47.2743],[-70.4383,47.2505],[-70.4023,47.2301],[-70.3819,47.1996],[-70.3771,47.1588],[-70.3835,47.1319],[-70.4012,47.1189],[-70.43,47.1169],[-70.47,47.1258],[-70.51,47.1268],[-70.55,47.1197],[-70.5859,47.1217],[-70.6177,47.1328],[-70.6289,47.1656]]]}},{"type":"Feature","properties":{"c":"#00ff00","v0":0.003,"v1":0.005},"geometry":{"type":"Polygon","coordinates":[[[-68.3116,47.3996],[-68.2989,47.4064],[-68.297,47.4037],[-68.3057,47.3915],[-68.312,47.3881],[-68.316,47.3936],[-68.3116,47.3996]]]}},{"type":"Feature","properties":{"c":"#00ff00","v0":0.003,"v1":0.005},"geometry":{"type":"Polygon","coordinates":[[[-84.6326,47.2521],[-84.6175,47.2619],[-84.595,47.2664],[-84.565,47.2653],[-84.5418,47.2536],[-84.5255,47.2312],[-84.5305,47.2157],[-84.5568,47.2072],[-84.585,47.2087],[-84.615,47.2203],[-84.6325,47.2314],[-84.6376,47.2419],[-84.6326,47.2521]]]}},{"type":"Feature","properties":{"c":"#00ff00","v0":0.003,"v1":0.005},"geometry":{"type":"Polygon","coordinates":[[[-64.6408,46.7752],[-64.6336,46.7861],[-64.6206,46.7895],[-64.6018,46.7855],[-64.5968,46.778],[-64.6056,46.7671],[-64.6186,46.7636],[-64.6358,46.7677],[-64.6408,46.7752]]]}},{"type":"Feature","properties":{"c":"#00ff00","v0":0.003,"v1":0.005},"geometry":{"type":"Polygon","coordinates":[[[-71.9478,46.4395],[-71.9359,46.4661],[-71.9091,46.4764],[-71.8674,46.4705],[-71.8574,46.4559],[-71.8791,46.4326],[-71.9,46.4183],[-71.92,46.413],[-71.9359,46.4143],[-71.9478,46.4222],[-71.9478,46.4395]],[[-71.9213,46.4454],[-71.9138,46.4562],[-71.9027,46.4597],[-71.8882,46.4557],[-71.8832,46.4498],[-71.8877,46.4419],[-71.8988,46.4384],[-71.9163,46.4395],[-71.9213,46.4454]]]}},{"type":"Feature","properties":{"c":"#00ff00","v0":0.003,"v1":0.005},"geometry":{"type":"Polygon","coordinates":[[[-71.2652,46.3109],[-71.2551,46.3288],[-71.225,46.3457],[-71.175,46.3615],[-71.13,46.369],[-71.09,46.3681],[-71.0625,46.3616],[-71.0476,46.3494],[-71.0412,46.3261],[-71.0435,46.2916],[-71.0509,46.2661],[-71.0636,46.2497],[-71.095,46.2494],[-71.145,46.2653],[-71.185,46.2729],[-71.215,46.2721],[-71.2401,46.2793],[-71.2602,46.2944],[-71.2652,46.3109]],[[-71.2547,46.3089],[-71.2475,46.3227],[-71.2204,46.3365],[-71.1735,46.3504],[-71.127,46.3538],[-71.0811,46.3469],[-71.0578,46.3261],[-71.0573,46.2916],[-71.0653,46.2678],[-71.0818,46.2548],[-71.105,46.2565],[-71.135,46.2727],[-71.17,46.2807],[-71.21,46.2806],[-71.2371,46.2858],[-71.2512,46.2966],[-71.2547,46.3089]]]}},{"type":"Feature","properties":{"c":"#00ff00","v0":0.003,"v1":0.005},"geometry":{"type":"Polygon","coordinates":[[[-65.7394,46.2289],[-65.7198,46.2487],[-65.7,46.2582],[-65.68,46.2574],[-65.6617,46.2509],[-65.6452,46.2388],[-65.6388,46.2259],[-65.6426,46.2121],[-65.6559,46.1988],[-65.6786,46.186],[-65.7048,46.1894],[-65.7344,46.2091],[-65.7394,46.2289]],[[-65.7337,46.2275],[-65.7179,46.2445],[-65.6946,46.248],[-65.6639,46.2379],[-65.6504,46.2259],[-65.6542,46.2121],[-65.6646,46.2009],[-65.6815,46.1925],[-65.7029,46.196],[-65.7287,46.2113],[-65.7337,46.2275]]]}},{"type":"Feature","properties":{"c":"#00ff00","v0":0.003,"v1":0.005},"geometry":{"type":"Polygon","coordinates":[[[-71.4371,46.1898],[-71.4057,46.2145],[-71.375,46.2238],[-71.345,46.2177],[-71.315,46.2184],[-71.285,46.2259],[-71.2598,46.2235],[-71.2394,46.2113],[-71.2363,46.1878],[-71.2506,46.1532],[-71.2758,46.1272],[-71.3119,46.1098],[-71.345,46.1032],[-71.375,46.1075],[-71.4057,46.1266],[-71.4371,46.1605],[-71.4371,46.1898]],[[-71.4285,46.1871],[-71.4028,46.2064],[-71.375,46.2123],[-71.345,46.2047],[-71.315,46.2053],[-71.285,46.2143],[-71.2629,46.212],[-71.2488,46.1982],[-71.25,46.1774],[-71.2667,46.1497],[-71.2938,46.1293],[-71.3313,46.1161],[-71.3609,46.1126],[-71.3828,46.1189],[-71.4056,46.1359],[-71.4294,46.1636],[-71.4285,46.1871]]]}},{"type":"Feature","properties":{"c":"#00ff00","v0":0.003,"v1":0.005},"geometry":{"type":"Polygon","coordinates":[[[-71.7386,46.1151],[-71.7336,46.1289],[-71.7159,46.1447],[-71.6853,46.1624],[-71.66,46.1711],[-71.64,46.171],[-71.6167,46.1449],[-71.5901,46.0927],[-71.5851,46.0624],[-71.6017,46.0542],[-71.635,46.0531],[-71.685,46.0589],[-71.7178,46.0734],[-71.7333,46.0966],[-71.7386,46.1151]],[[-71.7032,46.1219],[-71.6677,46.1495],[-71.6392,46.1426],[-71.6176,46.1011],[-71.6276,46.0788],[-71.6692,46.0756],[-71.6977,46.0825],[-71.7132,46.0996],[-71.7032,46.1219]]]}},{"type":"Feature","properties":{"c":"#00ff00","v0":0.003,"v1":0.005},"geometry":{"type":"Polygon","coordinates":[[[-98.9486,46.1293],[-98.9229,46.1439],[-98.89,46.1523],[-98.85,46.1545],[-98.82,46.1514],[-98.8,46.143],[-98.7879,46.1312],[-98.7836,46.1158],[-98.7936,46.0871],[-98.8179,46.0449],[-98.84,46.021],[-98.86,46.0154],[-98.8783,46.0157],[-98.895,46.0218],[-98.9051,46.0353],[-98.9088,46.0561],[-98.9234,46.0804],[-98.9488,46.1082],[-98.9486,46.1293]],[[-98.9267,46.1282],[-98.8889,46.1405],[-98.8525,46.144],[-98.8175,46.1386],[-98.8046,46.1151],[-98.8139,46.0735],[-98.8264,46.0457],[-98.8421,46.0319],[-98.86,46.0261],[-98.88,46.0285],[-98.9039,46.0528],[-98.9317,46.0989],[-98.9267,46.1282]]]}},{"type":"Feature","properties":{"c":"#00ff00","v0":0.003,"v1":0.005},"geometry":{"type":"Polygon","coordinates":[[[-99.0384,45.9089],[-99.0195,45.9551],[-98.995,45.9813],[-98.965,45.9874],[-98.94,45.9861],[-98.92,45.9773],[-98.9079,45.9651],[-98.9037,45.9494],[-98.9087,45.9348],[-98.9229,45.9213],[-98.955,45.9029],[-99.005,45.8794],[-99.0345,45.8722],[-99.0434,45.8813],[-99.0384,45.9089]],[[-99.0183,45.9408],[-98.9994,45.9672],[-98.9723,45.9776],[-98.9369,45.9721],[-98.9178,45.9624],[-98.915,45.9485],[-98.9227,45.9345],[-98.9409,45.9204],[-98.965,45.9103],[-98.995,45.9043],[-99.0144,45.9078],[-99.0233,45.921],[-99.0183,45.9408]]]}},{"type":"Feature","properties":{"c":"#00ff00","v0":0.003,"v1":0.005},"geometry":{"type":"Polygon","coordinates":[[[-80.4255,45.9066],[-80.4152,45.9203],[-80.4077,45.9203],[-80.403,45.9066],[-80.4081,45.8998],[-80.4231,45.8998],[-80.4255,45.9066]]]}},{"type":"Feature","properties":{"c":"#00ff00","v0":0.003,"v1":0.005},"geometry":{"type":"Polygon","coordinates":[[[-80.7518,45.8892],[-80.6706,45.8961],[-80.61,45.8904],[-80.57,45.8722],[-80.54,45.8702],[-80.52,45.8844],[-80.5015,45.8901],[-80.4845,45.8872],[-80.4662,45.8615],[-80.4469,45.8127],[-80.4417,45.7813],[-80.4507,45.7674],[-80.4689,45.7509],[-80.4963,45.7318],[-80.52,45.7228],[-80.54,45.7239],[-80.565,45.7388],[-80.595,45.7676],[-80.6486,45.7905],[-80.7258,45.8076],[-80.7714,45.8336],[-80.7854,45.8684],[-80.7518,45.8892]],[[-80.5841,45.8078],[-80.5747,45.8188],[-80.555,45.8251],[-80.525,45.8267],[-80.5018,45.8142],[-80.4855,45.7876],[-80.4905,45.7679],[-80.5168,45.7549],[-80.5447,45.7619],[-80.5741,45.7888],[-80.5841,45.8078]],[[-80.7523,45.851],[-80.7459,45.8649],[-80.7346,45.8745],[-80.7182,45.8795],[-80.695,45.8806],[-80.665,45.8778],[-80.6451,45.8718],[-80.6353,45.8626],[-80.6403,45.8471],[-80.6601,45.8254],[-80.685,45.8146],[-80.715,45.8146],[-80.7364,45.822],[-80.7491,45.8367],[-80.7523,45.851]]]}},{"type":"Feature","properties":{"c":"#00ff00","v0":0.003,"v1":0.005},"geometry":{"type":"Polygon","coordinates":[[[-81.6561,45.7928],[-81.652,45.8017],[-81.6447,45.8052],[-81.6341,45.8032],[-81.6291,45.7985],[-81.6297,45.791],[-81.637,45.7875],[-81.6511,45.788],[-81.6561,45.7928]]]}},{"type":"Feature","properties":{"c":"#00ff00","v0":0.003,"v1":0.005},"geometry":{"type":"Polygon","coordinates":[[[-73.9232,45.7539],[-73.8877,45.7689],[-73.86,45.7734],[-73.84,45.7675],[-73.8126,45.7461],[-73.7778,45.7091],[-73.7678,45.6804],[-73.7826,45.6599],[-73.8,45.6479],[-73.82,45.6443],[-73.8464,45.6476],[-73.8791,45.6576],[-73.9068,45.6836],[-73.9295,45.7255],[-73.9232,45.7539]],[[-73.8952,45.7355],[-73.8917,45.7417],[-73.88,45.7417],[-73.86,45.7355],[-73.8485,45.7255],[-73.8455,45.7115],[-73.8505,45.7031],[-73.8635,45.7003],[-73.8767,45.7073],[-73.8902,45.7241],[-73.8952,45.7355]]]}},{"type":"Feature","properties":{"c":"#00ff00","v0":0.003,"v1":0.005},"geometry":{"type":"Polygon","coordinates":[[[-79.4209,45.7257],[-79.4003,45.74],[-79.3817,45.7435],[-79.365,45.7362],[-79.37,45.726],[-79.3967,45.7132],[-79.4153,45.7097],[-79.4259,45.7156],[-79.4209,45.7257]]]}},{"type":"Feature","properties":{"c":"#00ff00","v0":0.003,"v1":0.005},"geometry":{"type":"Polygon","coordinates":[[[-63.6423,45.5746],[-63.6208,45.5945],[-63.59,45.5992],[-63.55,45.5889],[-63.524,45.5755],[-63.5121,45.5589],[-63.5221,45.5399],[-63.554,45.5182],[-63.585,45.5122],[-63.615,45.5218],[-63.6358,45.5362],[-63.6473,45.5552],[-63.6423,45.5746]],[[-63.6344,45.5722],[-63.6181,45.5872],[-63.59,45.5894],[-63.55,45.5787],[-63.527,45.5677],[-63.5211,45.5564],[-63.5261,45.5435],[-63.542,45.5293],[-63.56,45.5214],[-63.58,45.5201],[-63.6031,45.5307],[-63.6294,45.5534],[-63.6344,45.5722]]]}},{"type":"Feature","properties":{"c":"#00ff00","v0":0.003,"v1":0.005},"geometry":{"type":"Polygon","coordinates":[[[-63.0467,45.5509],[-63.0089,45.5792],[-62.969,45.5932],[-62.9271,45.5929],[-62.9045,45.5857],[-62.9013,45.5717],[-62.9123,45.5551],[-62.9374,45.5359],[-62.97,45.5229],[-63.01,45.5161],[-63.0389,45.5187],[-63.0567,45.5307],[-63.0467,45.5509]],[[-63.0276,45.5503],[-62.9892,45.5775],[-62.96,45.5918],[-62.94,45.5933],[-62.9253,45.5902],[-62.916,45.5825],[-62.921,45.5681],[-62.9403,45.5469],[-62.97,45.5334],[-63.01,45.5277],[-63.0342,45.5278],[-63.0426,45.5337],[-63.0276,45.5503]]]}},{"type":"Feature","properties":{"c":"#00ff00","v0":0.003,"v1":0.005},"geometry":{"type":"Polygon","coordinates":[[[-73.7363,45.3447],[-73.7321,45.3538],[-73.7244,45.3573],[-73.7133,45.3553],[-73.7083,45.3502],[-73.7094,45.3422],[-73.7171,45.3387],[-73.7313,45.3397],[-73.7363,45.3447]]]}},{"type":"Feature","properties":{"c":"#00ff00","v0":0.003,"v1":0.005},"geometry":{"type":"Polygon","coordinates":[[[-79.6043,45.2945],[-79.5681,45.3157],[-79.54,45.3263],[-79.52,45.3262],[-79.5077,45.3226],[-79.503,45.3156],[-79.523,45.3004],[-79.5677,45.2772],[-79.5981,45.2702],[-79.6143,45.2793],[-79.6043,45.2945]]]}},{"type":"Feature","properties":{"c":"#00ff00","v0":0.003,"v1":0.005},"geometry":{"type":"Polygon","coordinates":[[[-63.2394,45.2743],[-63.2331,45.2832],[-63.2273,45.2832],[-63.2218,45.2743],[-63.2218,45.267],[-63.2273,45.2613],[-63.2331,45.2613],[-63.2394,45.267],[-63.2394,45.2743]]]}},{"type":"Feature","properties":{"c":"#00ff00","v0":0.003,"v1":0.005},"geometry":{"type":"Polygon","coordinates":[[[-97.9182,45.2367],[-97.9127,45.2549],[-97.9033,45.2655],[-97.8898,45.2684],[-97.8848,45.2579],[-97.8883,45.2341],[-97.895,45.2196],[-97.905,45.2144],[-97.9127,45.2157],[-97.9182,45.2236],[-97.9182,45.2367]]]}},{"type":"Feature","properties":{"c":"#00ff00","v0":0.003,"v1":0.005},"geometry":{"type":"Polygon","coordinates":[[[-81.0281,45.2465],[-81.016,45.256],[-81.0019,45.256],[-80.9856,45.2465],[-80.9856,45.2362],[-81.0019,45.2253],[-81.016,45.2253],[-81.0281,45.2362],[-81.0281,45.2465]]]}},{"type":"Feature","properties":{"c":"#00ff00","v0":0.003,"v1":0.005},"geometry":{"type":"Polygon","coordinates":[[[-63.8706,45.2471],[-63.8569,45.2578],[-63.8412,45.2613],[-63.8236,45.2576],[-63.8236,45.248],[-63.8412,45.2325],[-63.8569,45.229],[-63.8706,45.2375],[-63.8706,45.2471]]]}},{"type":"Feature","properties":{"c":"#00ff00","v0":0.003,"v1":0.005},"geometry":{"type":"Polygon","coordinates":[[[-76.2595,45.2329],[-76.2398,45.2435],[-76.22,45.2449],[-76.2,45.2368],[-76.1894,45.228],[-76.1882,45.2183],[-76.2032,45.2065],[-76.2344,45.1925],[-76.2548,45.1961],[-76.2645,45.2171],[-76.2595,45.2329]]]}},{"type":"Feature","properties":{"c":"#00ff00","v0":0.003,"v1":0.005},"geometry":{"type":"Polygon","coordinates":[[[-63.6173,45.2327],[-63.6124,45.2429],[-63.598,45.2464],[-63.574,45.2433],[-63.569,45.2364],[-63.583,45.2258],[-63.5974,45.2223],[-63.6123,45.2258],[-63.6173,45.2327]]]}},{"type":"Feature","properties":{"c":"#00ff00","v0":0.003,"v1":0.005},"geometry":{"type":"Polygon","coordinates":[[[-76.0924,45.1783],[-76.0704,45.1924],[-76.0547,45.1888],[-76.0452,45.1677],[-76.0529,45.1556],[-76.0776,45.1525],[-76.0933,45.1561],[-76.1,45.1662],[-76.0924,45.1783]]]}},{"type":"Feature","properties":{"c":"#00ff00","v0":0.003,"v1":0.005},"geometry":{"type":"Polygon","coordinates":[[[-63.8365,45.1279],[-63.8188,45.1542],[-63.79,45.1701],[-63.75,45.1756],[-63.72,45.1747],[-63.7,45.1676],[-63.6694,45.1411],[-63.6283,45.0953],[-63.6183,45.0657],[-63.6394,45.0523],[-63.67,45.0462],[-63.71,45.0474],[-63.7545,45.0576],[-63.8036,45.0769],[-63.8325,45.0936],[-63.841,45.1077],[-63.8365,45.1279]],[[-63.7713,45.1104],[-63.7571,45.13],[-63.74,45.1399],[-63.72,45.1403],[-63.6957,45.1305],[-63.667,45.1106],[-63.6515,45.0936],[-63.6493,45.0795],[-63.6686,45.0707],[-63.7095,45.0672],[-63.7421,45.0743],[-63.7663,45.0919],[-63.7713,45.1104]]]}},{"type":"Feature","properties":{"c":"#00ff00","v0":0.003,"v1":0.005},"geometry":{"type":"Polygon","coordinates":[[[-76.0222,45.143],[-76.0031,45.143],[-75.9976,45.1397],[-76.0059,45.1332],[-76.0154,45.1332],[-76.0263,45.1397],[-76.0222,45.143]]]}},{"type":"Feature","properties":{"c":"#00ff00","v0":0.003,"v1":0.005},"geometry":{"type":"Polygon","coordinates":[[[-97.8264,45.1215],[-97.8155,45.1348],[-97.8006,45.1384],[-97.7819,45.1321],[-97.7769,45.1219],[-97.7856,45.108],[-97.8005,45.1044],[-97.8214,45.1113],[-97.8264,45.1215]]]}},{"type":"Feature","properties":{"c":"#00ff00","v0":0.003,"v1":0.005},"geometry":{"type":"Polygon","coordinates":[[[-81.2105,45.0589],[-81.1835,45.0882],[-81.1567,45.1023],[-81.13,45.1012],[-81.1164,45.0901],[-81.1158,45.0689],[-81.1242,45.0482],[-81.1414,45.0279],[-81.1685,45.0244],[-81.2055,45.0376],[-81.2105,45.0589]],[[-81.193,45.0682],[-81.1643,45.0881],[-81.145,45.0969],[-81.135,45.0946],[-81.135,45.0784],[-81.145,45.0484],[-81.16,45.0335],[-81.18,45.0338],[-81.1943,45.04],[-81.203,45.0522],[-81.193,45.0682]]]}},{"type":"Feature","properties":{"c":"#00ff00","v0":0.003,"v1":0.005},"geometry":{"type":"Polygon","coordinates":[[[-64.0771,45.0371],[-64.0469,45.0795],[-64.0213,45.1039],[-64.0004,45.1105],[-63.9838,45.107],[-63.9714,45.0934],[-63.9764,45.0772],[-63.9988,45.0585],[-64.0136,45.0373],[-64.0207,45.0136],[-64.0357,44.9986],[-64.0586,44.9924],[-64.0756,44.996],[-64.0867,45.0093],[-64.0771,45.0371]],[[-64.0706,45.023],[-64.0569,45.0371],[-64.0457,45.0407],[-64.0372,45.0336],[-64.0372,45.0225],[-64.0457,45.0074],[-64.0569,45.0038],[-64.0706,45.0119],[-64.0706,45.023]]]}},{"type":"Feature","properties":{"c":"#00ff00","v0":0.003,"v1":0.005},"geometry":{"type":"Polygon","coordinates":[[[-76.1673,45.0258],[-76.1291,45.074],[-76.087,45.0952],[-76.0411,45.0894],[-76.0229,45.0689],[-76.0326,45.0336],[-76.0468,45.0088],[-76.0655,44.9947],[-76.0886,44.9845],[-76.1162,44.9783],[-76.1441,44.9818],[-76.1723,44.9951],[-76.1673,45.0258]],[[-76.1092,45.0484],[-76.0964,45.0568],[-76.0871,45.0532],[-76.0813,45.0378],[-76.0863,45.0285],[-76.1021,45.0253],[-76.1114,45.0288],[-76.1142,45.0391],[-76.1092,45.0484]]]}},{"type":"Feature","properties":{"c":"#00ff00","v0":0.003,"v1":0.005},"geometry":{"type":"Polygon","coordinates":[[[-62.9461,45.0646],[-62.9354,45.0771],[-62.9292,45.0771],[-62.9275,45.0646],[-62.9329,45.0583],[-62.9453,45.0583],[-62.9461,45.0646]]]}},{"type":"Feature","properties":{"c":"#00ff00","v0":0.003,"v1":0.005},"geometry":{"type":"Polygon","coordinates":[[[-64.2711,45.0163],[-64.2437,45.0171],[-64.229,45.01],[-64.2269,44.9951],[-64.2351,44.9876],[-64.2536,44.9876],[-64.2683,44.9947],[-64.2793,45.0088],[-64.2711,45.0163]]]}},{"type":"Feature","properties":{"c":"#00ff00","v0":0.003,"v1":0.005},"geometry":{"type":"Polygon","coordinates":[[[-81.1591,44.9905],[-81.153,44.9963],[-81.1462,44.9963],[-81.1385,44.9905],[-81.1385,44.9841],[-81.1462,44.9771],[-81.153,44.9771],[-81.1591,44.9841],[-81.1591,44.9905]]]}},{"type":"Feature","properties":{"c":"#00ff00","v0":0.003,"v1":0.005},"geometry":{"type":"Polygon","coordinates":[[[-63.9212,44.9387],[-63.9004,44.9541],[-63.8706,44.9611],[-63.8319,44.9599],[-63.8269,44.9499],[-63.8556,44.931],[-63.8854,44.9239],[-63.9162,44.9286],[-63.9212,44.9387]]]}},{"type":"Feature","properties":{"c":"#00ff00","v0":0.003,"v1":0.005},"geometry":{"type":"Polygon","coordinates":[[[-63.7707,44.9249],[-63.7302,44.941],[-63.6968,44.9445],[-63.6703,44.9355],[-63.6538,44.9239],[-63.6474,44.9098],[-63.6657,44.8966],[-63.7086,44.8845],[-63.7452,44.8881],[-63.7757,44.9073],[-63.7707,44.9249]],[[-63.7387,44.9218],[-63.7196,44.9317],[-63.7001,44.9282],[-63.6804,44.9112],[-63.6854,44.9013],[-63.7151,44.8985],[-63.7346,44.902],[-63.7437,44.9119],[-63.7387,44.9218]]]}},{"type":"Feature","properties":{"c":"#00ff00","v0":0.003,"v1":0.005},"geometry":{"type":"Polygon","coordinates":[[[-64.0548,44.8988],[-64.0383,44.9193],[-64.0157,44.9264],[-63.9871,44.92],[-63.9862,44.9027],[-64.0129,44.8743],[-64.0272,44.8512],[-64.0291,44.8332],[-64.0355,44.8261],[-64.0465,44.8299],[-64.0548,44.846],[-64.0603,44.8743],[-64.0548,44.8988]],[[-64.0329,44.9077],[-64.0176,44.9177],[-64.0044,44.9177],[-63.9933,44.9077],[-63.9983,44.8986],[-64.0194,44.8903],[-64.0326,44.8903],[-64.0379,44.8986],[-64.0329,44.9077]]]}},{"type":"Feature","properties":{"c":"#00ff00","v0":0.003,"v1":0.005},"geometry":{"type":"Polygon","coordinates":[[[-75.9816,44.8814],[-75.9563,44.8956],[-75.948,44.8956],[-75.9569,44.8814],[-75.9696,44.8743],[-75.986,44.8743],[-75.9816,44.8814]]]}},{"type":"Feature","properties":{"c":"#00ff00","v0":0.003,"v1":0.005},"geometry":{"type":"Polygon","coordinates":[[[-63.5393,44.893],[-63.5331,44.9019],[-63.5249,44.9054],[-63.5147,44.9036],[-63.5085,44.8885],[-63.5063,44.8602],[-63.5146,44.8566],[-63.5332,44.8779],[-63.5393,44.893]]]}},{"type":"Feature","properties":{"c":"#00ff00","v0":0.003,"v1":0.005},"geometry":{"type":"Polygon","coordinates":[[[-76.1265,44.8516],[-76.1155,44.8627],[-76.0841,44.8627],[-76.0324,44.8516],[-76.0124,44.8385],[-76.0241,44.8235],[-76.0555,44.8235],[-76.1065,44.8385],[-76.1265,44.8516]]]}},{"type":"Feature","properties":{"c":"#00ff00","v0":0.003,"v1":0.005},"geometry":{"type":"Polygon","coordinates":[[[-64.6951,44.8004],[-64.6784,44.8227],[-64.6458,44.8333],[-64.5973,44.8323],[-64.5726,44.8247],[-64.5718,44.8105],[-64.591,44.7901],[-64.6303,44.7635],[-64.66,44.7534],[-64.68,44.7599],[-64.6934,44.7696],[-64.7001,44.7827],[-64.6951,44.8004]],[[-64.6805,44.7986],[-64.6602,44.8174],[-64.6346,44.8245],[-64.6037,44.8199],[-64.6037,44.8037],[-64.6346,44.776],[-64.6602,44.7689],[-64.6805,44.7824],[-64.6805,44.7986]]]}},{"type":"Feature","properties":{"c":"#00ff00","v0":0.003,"v1":0.005},"geometry":{"type":"Polygon","coordinates":[[[-63.8365,44.766],[-63.8188,44.7765],[-63.8039,44.7765],[-63.7918,44.766],[-63.7918,44.7553],[-63.8039,44.7443],[-63.8188,44.7443],[-63.8365,44.7553],[-63.8365,44.766]]]}},{"type":"Feature","properties":{"c":"#00ff00","v0":0.003,"v1":0.005},"geometry":{"type":"Polygon","coordinates":[[[-63.7345,44.6824],[-63.7182,44.696],[-63.705,44.6901],[-63.695,44.6646],[-63.6956,44.6507],[-63.7068,44.6483],[-63.72,44.6542],[-63.7351,44.6684],[-63.7345,44.6824]]]}},{"type":"Feature","properties":{"c":"#00ff00","v0":0.003,"v1":0.005},"geometry":{"type":"Polygon","coordinates":[[[-96.4888,44.3962],[-96.4763,44.4077],[-96.4672,44.4113],[-96.4617,44.4069],[-96.4667,44.3969],[-96.4822,44.3814],[-96.4913,44.3778],[-96.4938,44.3862],[-96.4888,44.3962]]]}},{"type":"Feature","properties":{"c":"#00ff00","v0":0.003,"v1":0.005},"geometry":{"type":"Polygon","coordinates":[[[-79.6189,43.9939],[-79.613,44.004],[-79.6,44.0105],[-79.58,44.0135],[-79.5527,44.0049],[-79.5181,43.9846],[-79.5081,43.9577],[-79.5227,43.9243],[-79.54,43.906],[-79.56,43.9027],[-79.5769,43.905],[-79.5908,43.9129],[-79.6038,43.9348],[-79.6159,43.9708],[-79.6189,43.9939]],[[-79.6023,43.9926],[-79.5941,44.0002],[-79.5788,44.0002],[-79.5565,43.9926],[-79.5465,43.9705],[-79.5488,43.934],[-79.558,43.9196],[-79.5741,43.9273],[-79.5882,43.9456],[-79.6003,43.9744],[-79.6023,43.9926]]]}},{"type":"Feature","properties":{"c":"#00ff00","v0":0.003,"v1":0.005},"geometry":{"type":"Polygon","coordinates":[[[-79.4964,43.6357],[-79.4788,43.6512],[-79.4629,43.6549],[-79.4486,43.6466],[-79.4486,43.6356],[-79.4629,43.6218],[-79.4788,43.6182],[-79.4964,43.6247],[-79.4964,43.6357]]]}},{"type":"Feature","properties":{"c":"#00ff00","v0":0.003,"v1":0.005},"geometry":{"type":"Polygon","coordinates":[[[-99.855,42.9344],[-99.8383,42.9453],[-99.8223,42.9416],[-99.8069,42.9235],[-99.8069,42.9109],[-99.8223,42.9039],[-99.8383,42.9075],[-99.855,42.9219],[-99.855,42.9344]]]}},{"type":"Feature","properties":{"c":"#00ff00","v0":0.003,"v1":0.005},"geometry":{"type":"Polygon","coordinates":[[[-100.2842,42.7796],[-100.2614,42.8033],[-100.225,42.8097],[-100.175,42.7989],[-100.156,42.8017],[-100.1681,42.8182],[-100.1631,42.833],[-100.141,42.8462],[-100.11,42.8459],[-100.07,42.8322],[-100.015,42.8329],[-99.945,42.8482],[-99.8839,42.8448],[-99.8316,42.8227],[-99.8127,42.8044],[-99.8272,42.7897],[-99.8323,42.7714],[-99.828,42.7493],[-99.8369,42.7333],[-99.859,42.7234],[-99.925,42.7281],[-100.035,42.7476],[-100.1,42.7639],[-100.12,42.7771],[-100.15,42.7703],[-100.19,42.7433],[-100.225,42.7303],[-100.255,42.7312],[-100.2764,42.7406],[-100.2892,42.7587],[-100.2842,42.7796]],[[-100.2703,42.7732],[-100.2568,42.7843],[-100.2389,42.7806],[-100.2166,42.7622],[-100.2166,42.7502],[-100.2389,42.7445],[-100.2568,42.7481],[-100.2703,42.7612],[-100.2703,42.7732]],[[-100.0244,42.7897],[-100.0164,42.8044],[-100.0018,42.8142],[-99.9806,42.8191],[-99.9628,42.8081],[-99.9483,42.7812],[-99.9533,42.7655],[-99.9778,42.7611],[-99.9996,42.7648],[-100.0188,42.7765],[-100.0244,42.7897]]]}},{"type":"Feature","properties":{"c":"#00ff00","v0":0.003,"v1":0.005},"geometry":{"type":"Polygon","coordinates":[[[-99.7339,42.8216],[-99.718,42.8414],[-99.68,42.8534],[-99.62,42.8577],[-99.5833,42.8551],[-99.5698,42.8458],[-99.5648,42.836],[-99.5683,42.8259],[-99.595,42.808],[-99.645,42.7824],[-99.6846,42.7727],[-99.7139,42.7792],[-99.7318,42.7897],[-99.7385,42.8044],[-99.7339,42.8216]],[[-99.6879,42.8007],[-99.6869,42.8081],[-99.6777,42.8117],[-99.6601,42.8117],[-99.651,42.8081],[-99.6505,42.8007],[-99.6598,42.7971],[-99.6788,42.7971],[-99.6879,42.8007]]]}},{"type":"Feature","properties":{"c":"#00ff00","v0":0.003,"v1":0.005},"geometry":{"type":"Polygon","coordinates":[[[-96.9491,42.8447],[-96.9364,42.852],[-96.9242,42.852],[-96.9127,42.8447],[-96.9127,42.8366],[-96.9242,42.8276],[-96.9364,42.8276],[-96.9491,42.8366],[-96.9491,42.8447]]]}},{"type":"Feature","properties":{"c":"#00ff00","v0":0.003,"v1":0.005},"geometry":{"type":"Polygon","coordinates":[[[-99.8213,42.4935],[-99.8138,42.5044],[-99.8011,42.5081],[-99.7834,42.5046],[-99.7784,42.4938],[-99.7861,42.4759],[-99.7988,42.4722],[-99.8163,42.4828],[-99.8213,42.4935]]]}},{"type":"Feature","properties":{"c":"#00ff00","v0":0.003,"v1":0.005},"geometry":{"type":"Polygon","coordinates":[[[-99.7141,42.1924],[-99.6712,42.222],[-99.6343,42.2368],[-99.6036,42.2368],[-99.6037,42.2215],[-99.6346,42.1909],[-99.6714,42.1761],[-99.7141,42.1771],[-99.7141,42.1924]]]}},{"type":"Feature","properties":{"c":"#00ff00","v0":0.003,"v1":0.005},"geometry":{"type":"Polygon","coordinates":[[[-99.4418,42.1682],[-99.4206,42.1791],[-99.4021,42.1828],[-99.3863,42.1793],[-99.3969,42.1739],[-99.4339,42.1665],[-99.4418,42.1682]]]}},{"type":"Feature","properties":{"c":"#00ff00","v0":0.003,"v1":0.005},"geometry":{"type":"Polygon","coordinates":[[[-100.5716,41.9028],[-100.5504,41.9474],[-100.5274,41.9745],[-100.5025,41.984],[-100.4811,41.9877],[-100.4632,41.9856],[-100.4274,41.9623],[-100.3736,41.9176],[-100.3525,41.8885],[-100.3642,41.8748],[-100.395,41.8746],[-100.445,41.8878],[-100.49,41.886],[-100.53,41.8693],[-100.558,41.8658],[-100.5741,41.8755],[-100.5716,41.9028]],[[-100.5288,41.9289],[-100.5163,41.9366],[-100.513,41.9329],[-100.5191,41.9178],[-100.5254,41.9139],[-100.5318,41.9214],[-100.5288,41.9289]]]}},{"type":"Feature","properties":{"c":"#00ff00","v0":0.003,"v1":0.005},"geometry":{"type":"Polygon","coordinates":[[[-100.2831,41.8273],[-100.261,41.8404],[-100.2366,41.8441],[-100.2099,41.8385],[-100.2099,41.8298],[-100.2366,41.8179],[-100.261,41.8142],[-100.2831,41.8186],[-100.2831,41.8273]]]}},{"type":"Feature","properties":{"c":"#00ff00","v0":0.003,"v1":0.005},"geometry":{"type":"Polygon","coordinates":[[[-100.3652,41.7942],[-100.3551,41.8006],[-100.3459,41.8006],[-100.3377,41.7942],[-100.3428,41.791],[-100.3611,41.791],[-100.3652,41.7942]]]}},{"type":"Feature","properties":{"c":"#00ff00","v0":0.003,"v1":0.005},"geometry":{"type":"Polygon","coordinates":[[[-101.5434,41.3349],[-101.5211,41.3507],[-101.4984,41.3507],[-101.4752,41.3349],[-101.4752,41.3184],[-101.4984,41.3011],[-101.5211,41.3011],[-101.5434,41.3184],[-101.5434,41.3349]],[[-101.5264,41.331],[-101.5155,41.3389],[-101.5043,41.3389],[-101.493,41.331],[-101.493,41.3228],[-101.5043,41.3144],[-101.5155,41.3144],[-101.5264,41.3228],[-101.5264,41.331]]]}},{"type":"Feature","properties":{"c":"#00ff00","v0":0.003,"v1":0.005},"geometry":{"type":"Polygon","coordinates":[[[-105.3139,41.1375],[-105.2846,41.1496],[-105.2635,41.1496],[-105.2506,41.1375],[-105.2455,41.124],[-105.2482,41.1089],[-105.2596,41.097],[-105.2799,41.0881],[-105.2996,41.0957],[-105.3189,41.1196],[-105.3139,41.1375]],[[-105.3043,41.122],[-105.2948,41.1332],[-105.2822,41.1332],[-105.2665,41.122],[-105.2665,41.1113],[-105.2822,41.1011],[-105.2948,41.1011],[-105.3043,41.1113],[-105.3043,41.122]]]}},{"type":"Feature","properties":{"c":"#00ff00","v0":0.003,"v1":0.005},"geometry":{"type":"Polygon","coordinates":[[[-105.1103,41.0945],[-105.0968,41.111],[-105.065,41.1207],[-105.015,41.1237],[-104.9826,41.1192],[-104.9678,41.1073],[-104.9573,41.0863],[-104.9512,41.0561],[-104.9636,41.0362],[-104.9945,41.0264],[-105.0368,41.0378],[-105.0903,41.0701],[-105.1103,41.0945]],[[-105.0837,41.0907],[-105.0746,41.0994],[-105.06,41.1036],[-105.04,41.1031],[-105.0218,41.095],[-105.0055,41.0791],[-105.0105,41.0703],[-105.0368,41.0686],[-105.0596,41.0724],[-105.0787,41.0816],[-105.0837,41.0907]]]}},{"type":"Feature","properties":{"c":"#00ff00","v0":0.003,"v1":0.005},"geometry":{"type":"Polygon","coordinates":[[[-99.2419,40.8976],[-99.2301,40.9127],[-99.2128,40.9202],[-99.1899,40.9202],[-99.1864,40.9038],[-99.2021,40.8709],[-99.215,40.8531],[-99.225,40.8503],[-99.2344,40.8592],[-99.2433,40.8797],[-99.2419,40.8976]]]}},{"type":"Feature","properties":{"c":"#00ff00","v0":0.003,"v1":0.005},"geometry":{"type":"Polygon","coordinates":[[[-99.0712,40.8344],[-99.0571,40.8442],[-99.0353,40.8442],[-99.006,40.8344],[-98.996,40.8127],[-99.0053,40.7791],[-99.02,40.7621],[-99.04,40.7616],[-99.0571,40.7784],[-99.0712,40.8125],[-99.0712,40.8344]]]}},{"type":"Feature","properties":{"c":"#00ff00","v0":0.003,"v1":0.005},"geometry":{"type":"Polygon","coordinates":[[[-98.7682,40.7992],[-98.7561,40.8295],[-98.745,40.8456],[-98.735,40.8476],[-98.7298,40.8249],[-98.7294,40.7775],[-98.7394,40.7561],[-98.7598,40.7608],[-98.7711,40.7684],[-98.7732,40.7789],[-98.7682,40.7992]]]}},{"type":"Feature","properties":{"c":"#00ff00","v0":0.003,"v1":0.005},"geometry":{"type":"Polygon","coordinates":[[[-101.0256,40.6241],[-101.0019,40.6377],[-100.9845,40.6377],[-100.9735,40.6241],[-100.9735,40.6106],[-100.9845,40.5973],[-101.0019,40.5973],[-101.0256,40.6106],[-101.0256,40.6241]]]}},{"type":"Feature","properties":{"c":"#00ff00","v0":0.003,"v1":0.005},"geometry":{"type":"Polygon","coordinates":[[[-99.4486,40.5455],[-99.4229,40.5539],[-99.41,40.5692],[-99.41,40.5915],[-99.39,40.6025],[-99.35,40.6023],[-99.3045,40.5832],[-99.2536,40.5451],[-99.2786,40.5245],[-99.3795,40.5214],[-99.4379,40.5252],[-99.4536,40.5359],[-99.4486,40.5455]]]}},{"type":"Feature","properties":{"c":"#00ff00","v0":0.003,"v1":0.005},"geometry":{"type":"Polygon","coordinates":[[[-99.3881,40.4274],[-99.376,40.4429],[-99.3579,40.4505],[-99.3336,40.4502],[-99.3286,40.4368],[-99.3429,40.4104],[-99.361,40.4028],[-99.3831,40.414],[-99.3881,40.4274]]]}},{"type":"Feature","properties":{"c":"#00ff00","v0":0.003,"v1":0.005},"geometry":{"type":"Polygon","coordinates":[[[-99.9098,40.3851],[-99.8966,40.3769],[-99.895,40.3713],[-99.905,40.3684],[-99.9116,40.3725],[-99.9148,40.3836],[-99.9098,40.3851]]]}},{"type":"Feature","properties":{"c":"#00ff00","v0":0.003,"v1":0.005},"geometry":{"type":"Polygon","coordinates":[[[-99.3957,40.2738],[-99.3919,40.2872],[-99.385,40.2923],[-99.375,40.2892],[-99.3651,40.2787],[-99.3553,40.2608],[-99.3539,40.2481],[-99.3609,40.2404],[-99.3727,40.2443],[-99.3893,40.2595],[-99.3957,40.2738]]]}},{"type":"Feature","properties":{"c":"#00ff00","v0":0.003,"v1":0.005},"geometry":{"type":"Polygon","coordinates":[[[-101.5801,40.1438],[-101.56,40.172],[-101.54,40.1896],[-101.52,40.1967],[-101.4929,40.1864],[-101.4588,40.1588],[-101.439,40.1335],[-101.4336,40.1105],[-101.4607,40.0959],[-101.5202,40.0896],[-101.56,40.0972],[-101.5801,40.1189],[-101.5801,40.1438]],[[-101.5614,40.1385],[-101.5405,40.1561],[-101.515,40.1567],[-101.485,40.1403],[-101.4698,40.1276],[-101.4693,40.1188],[-101.4843,40.1095],[-101.5148,40.0997],[-101.5405,40.1035],[-101.5614,40.1209],[-101.5614,40.1385]]]}},{"type":"Feature","properties":{"c":"#00ff00","v0":0.003,"v1":0.005},"geometry":{"type":"Polygon","coordinates":[[[-101.7514,39.9851],[-101.7371,40.0021],[-101.71,40.005],[-101.67,39.9937],[-101.635,40.0032],[-101.605,40.0335],[-101.5819,40.0459],[-101.5656,40.0405],[-101.5656,40.0196],[-101.5819,39.983],[-101.605,39.9616],[-101.635,39.9551],[-101.66,39.9436],[-101.68,39.9268],[-101.7,39.9223],[-101.72,39.93],[-101.7371,39.9446],[-101.7514,39.9659],[-101.7514,39.9851]],[[-101.7278,39.9783],[-101.7159,39.9818],[-101.7052,39.978],[-101.6957,39.9668],[-101.6957,39.9582],[-101.7052,39.9522],[-101.7159,39.956],[-101.7278,39.9697],[-101.7278,39.9783]]]}},{"type":"Feature","properties":{"c":"#00ff00","v0":0.003,"v1":0.005},"geometry":{"type":"Polygon","coordinates":[[[-101.8114,39.8735],[-101.7971,39.882],[-101.7816,39.882],[-101.7647,39.8735],[-101.7647,39.8639],[-101.7816,39.8535],[-101.7971,39.8535],[-101.8114,39.8639],[-101.8114,39.8735]]]}},{"type":"Feature","properties":{"c":"#00ff00","v0":0.003,"v1":0.005},"geometry":{"type":"Polygon","coordinates":[[[-101.5769,39.8423],[-101.5651,39.85],[-101.559,39.85],[-101.5586,39.8423],[-101.5645,39.8385],[-101.5767,39.8385],[-101.5769,39.8423]]]}},{"type":"Feature","properties":{"c":"#00ff00","v0":0.003,"v1":0.005},"geometry":{"type":"Polygon","coordinates":[[[-104.6548,39.8271],[-104.6516,39.8352],[-104.6423,39.8352],[-104.6269,39.8271],[-104.6219,39.8197],[-104.6273,39.813],[-104.6366,39.813],[-104.6498,39.8197],[-104.6548,39.8271]]]}},{"type":"Feature","properties":{"c":"#00ff00","v0":0.003,"v1":0.005},"geometry":{"type":"Polygon","coordinates":[[[-104.4529,39.802],[-104.4376,39.8213],[-104.415,39.8353],[-104.385,39.8441],[-104.3623,39.846],[-104.3468,39.841],[-104.345,39.8231],[-104.357,39.7924],[-104.3559,39.7655],[-104.3415,39.7424],[-104.3583,39.7146],[-104.4061,39.6821],[-104.4361,39.6667],[-104.4482,39.6684],[-104.4558,39.7001],[-104.4589,39.7616],[-104.4529,39.802]]]}},{"type":"Feature","properties":{"c":"#00ff00","v0":0.003,"v1":0.005},"geometry":{"type":"Polygon","coordinates":[[[-104.5935,39.5976],[-104.5778,39.6081],[-104.564,39.6081],[-104.552,39.5976],[-104.552,39.5867],[-104.564,39.5755],[-104.5778,39.5755],[-104.5935,39.5867],[-104.5935,39.5976]]]}},{"type":"Feature","properties":{"c":"#00ff00","v0":0.003,"v1":0.005},"geometry":{"type":"Polygon","coordinates":[[[-101.118,39.5769],[-101.0936,39.5769],[-101.0836,39.5676],[-101.0879,39.5492],[-101.1,39.5492],[-101.1201,39.5676],[-101.118,39.5769]]]}},{"type":"Feature","properties":{"c":"#00ff00","v0":0.003,"v1":0.005},"geometry":{"type":"Polygon","coordinates":[[[-101.2006,39.3259],[-101.1732,39.3491],[-101.1471,39.3907],[-101.1224,39.4507],[-101.105,39.4811],[-101.095,39.4819],[-101.09,39.4591],[-101.09,39.4125],[-101.1023,39.3821],[-101.1268,39.3679],[-101.1416,39.3491],[-101.1467,39.3259],[-101.1655,39.3143],[-101.1981,39.3143],[-101.2006,39.3259]]]}},{"type":"Feature","properties":{"c":"#00ff00","v0":0.003,"v1":0.005},"geometry":{"type":"Polygon","coordinates":[[[-101.4042,39.3816],[-101.3947,39.3926],[-101.3768,39.3964],[-101.3504,39.3932],[-101.3373,39.3762],[-101.3375,39.3453],[-101.3442,39.3298],[-101.3575,39.3298],[-101.3753,39.3414],[-101.3977,39.3646],[-101.4042,39.3816]]]}},{"type":"Feature","properties":{"c":"#00ff00","v0":0.003,"v1":0.005},"geometry":{"type":"Polygon","coordinates":[[[-101.9581,39.2524],[-101.9343,39.2524],[-101.9293,39.2484],[-101.9431,39.2403],[-101.955,39.2403],[-101.9651,39.2484],[-101.9581,39.2524]]]}},{"type":"Feature","properties":{"c":"#00ff00","v0":0.003,"v1":0.005},"geometry":{"type":"Polygon","coordinates":[[[-102.4774,39.088],[-102.4725,39.1004],[-102.4616,39.1043],[-102.4447,39.0996],[-102.4397,39.0912],[-102.4466,39.0789],[-102.4575,39.075],[-102.4724,39.0795],[-102.4774,39.088]]]}},{"type":"Feature","properties":{"c":"#00ff00","v0":0.003,"v1":0.005},"geometry":{"type":"Polygon","coordinates":[[[-104.3018,38.9797],[-104.2673,39.0242],[-104.235,39.0438],[-104.205,39.0387],[-104.1828,39.0126],[-104.1684,38.9655],[-104.1684,38.9301],[-104.1828,38.9063],[-104.205,38.8922],[-104.235,38.8876],[-104.2673,38.9034],[-104.3018,38.9395],[-104.3018,38.9797]],[[-104.2929,38.9763],[-104.2643,39.0139],[-104.2397,39.0334],[-104.2192,39.0346],[-104.1999,39.0119],[-104.182,38.9653],[-104.1772,38.9342],[-104.1857,38.9187],[-104.205,38.9086],[-104.235,38.9038],[-104.2643,38.9154],[-104.2929,38.9435],[-104.2929,38.9763]]]}},{"type":"Feature","properties":{"c":"#00ff00","v0":0.003,"v1":0.005},"geometry":{"type":"Polygon","coordinates":[[[-101.9021,39.0538],[-101.894,39.06],[-101.8879,39.06],[-101.8838,39.0538],[-101.8838,39.0474],[-101.8879,39.0408],[-101.894,39.0408],[-101.9021,39.0474],[-101.9021,39.0538]]]}},{"type":"Feature","properties":{"c":"#00ff00","v0":0.003,"v1":0.005},"geometry":{"type":"Polygon","coordinates":[[[-102.0382,38.9467],[-102.0327,38.9563],[-102.0069,38.964],[-101.9607,38.97],[-101.9207,38.9824],[-101.8869,39.0011],[-101.86,38.9927],[-101.84,38.9573],[-101.81,38.9374],[-101.77,38.9332],[-101.7459,38.9222],[-101.7378,38.9042],[-101.7428,38.8871],[-101.7609,38.8708],[-101.815,38.8636],[-101.905,38.8656],[-101.97,38.8754],[-102.01,38.893],[-102.0327,38.9119],[-102.0382,38.9319],[-102.0382,38.9467]],[[-101.7871,38.8991],[-101.7757,38.9069],[-101.7677,38.9069],[-101.7632,38.8991],[-101.7689,38.8952],[-101.7849,38.8952],[-101.7871,38.8991]],[[-101.9765,38.9305],[-101.9722,38.9386],[-101.965,38.9407],[-101.955,38.9366],[-101.9572,38.9325],[-101.9715,38.9284],[-101.9765,38.9305]]]}},{"type":"Feature","properties":{"c":"#00ff00","v0":0.003,"v1":0.005},"geometry":{"type":"Polygon","coordinates":[[[-104.9748,38.8872],[-104.9583,38.9333],[-104.935,38.9602],[-104.905,38.9681],[-104.8866,38.9645],[-104.8797,38.9494],[-104.8825,38.9264],[-104.8951,38.8952],[-104.9136,38.8711],[-104.9379,38.8541],[-104.9583,38.8502],[-104.9748,38.8595],[-104.9748,38.8872]]]}},{"type":"Feature","properties":{"c":"#00ff00","v0":0.003,"v1":0.005},"geometry":{"type":"Polygon","coordinates":[[[-102.3054,38.8887],[-102.2818,38.9067],[-102.2587,38.9106],[-102.2362,38.9004],[-102.2362,38.8856],[-102.2587,38.8663],[-102.2818,38.8624],[-102.3054,38.8739],[-102.3054,38.8887]]]}},{"type":"Feature","properties":{"c":"#00ff00","v0":0.003,"v1":0.005},"geometry":{"type":"Polygon","coordinates":[[[-104.1759,38.8268],[-104.1586,38.8458],[-104.1399,38.8536],[-104.1197,38.8502],[-104.1037,38.8407],[-104.0918,38.8252],[-104.0969,38.8078],[-104.119,38.7886],[-104.1436,38.7886],[-104.1709,38.8078],[-104.1759,38.8268]],[[-104.1499,38.8221],[-104.1366,38.8316],[-104.1254,38.8316],[-104.1162,38.8221],[-104.1162,38.8137],[-104.1254,38.8063],[-104.1366,38.8063],[-104.1499,38.8137],[-104.1499,38.8221]]]}},{"type":"Feature","properties":{"c":"#00ff00","v0":0.003,"v1":0.005},"geometry":{"type":"Polygon","coordinates":[[[-104.9303,38.7743],[-104.9168,38.7819],[-104.9048,38.7819],[-104.8944,38.7743],[-104.8944,38.7654],[-104.9048,38.7552],[-104.9168,38.7552],[-104.9303,38.7654],[-104.9303,38.7743]]]}},{"type":"Feature","properties":{"c":"#00ff00","v0":0.003,"v1":0.005},"geometry":{"type":"Polygon","coordinates":[[[-104.0274,38.6521],[-104.0158,38.6648],[-104.0,38.6716],[-103.98,38.6724],[-103.963,38.6582],[-103.949,38.6291],[-103.954,38.6124],[-103.978,38.6083],[-104.0008,38.6162],[-104.0224,38.6359],[-104.0274,38.6521]]]}},{"type":"Feature","properties":{"c":"#00ff00","v0":0.003,"v1":0.005},"geometry":{"type":"Polygon","coordinates":[[[-102.4114,38.5777],[-102.3971,38.598],[-102.3789,38.6097],[-102.3568,38.6129],[-102.3427,38.6067],[-102.3366,38.591],[-102.3404,38.5715],[-102.3539,38.548],[-102.3702,38.5363],[-102.389,38.5363],[-102.4035,38.5441],[-102.4135,38.5598],[-102.4114,38.5777]]]}},{"type":"Feature","properties":{"c":"#00ff00","v0":0.003,"v1":0.005},"geometry":{"type":"Polygon","coordinates":[[[-104.887,38.5271],[-104.8757,38.54],[-104.8627,38.54],[-104.848,38.5271],[-104.848,38.5161],[-104.8627,38.5069],[-104.8757,38.5069],[-104.887,38.5161],[-104.887,38.5271]]]}},{"type":"Feature","properties":{"c":"#00ff00","v0":0.003,"v1":0.005},"geometry":{"type":"Polygon","coordinates":[[[-104.2637,38.4834],[-104.2546,38.503],[-104.235,38.5211],[-104.205,38.538],[-104.1769,38.5361],[-104.1508,38.5154],[-104.1558,38.4878],[-104.1919,38.4533],[-104.22,38.4363],[-104.24,38.4369],[-104.2546,38.4463],[-104.2637,38.4645],[-104.2637,38.4834]]]}},{"type":"Feature","properties":{"c":"#00ff00","v0":0.003,"v1":0.005},"geometry":{"type":"Polygon","coordinates":[[[-104.0915,38.5132],[-104.0638,38.5296],[-104.0431,38.5296],[-104.0293,38.5132],[-104.0343,38.4918],[-104.0581,38.4653],[-104.0788,38.4653],[-104.0965,38.4918],[-104.0915,38.5132]]]}},{"type":"Feature","properties":{"c":"#00ff00","v0":0.003,"v1":0.005},"geometry":{"type":"Polygon","coordinates":[[[-102.2561,38.2713],[-102.2387,38.2743],[-102.2295,38.2704],[-102.2286,38.2595],[-102.2336,38.2522],[-102.2445,38.2485],[-102.2537,38.2524],[-102.2611,38.264],[-102.2561,38.2713]]]}},{"type":"Feature","properties":{"c":"#00ff00","v0":0.003,"v1":0.005},"geometry":{"type":"Polygon","coordinates":[[[-105.1702,38.2076],[-105.1567,38.2401],[-105.1415,38.2401],[-105.1244,38.2076],[-105.1244,38.187],[-105.1415,38.1786],[-105.1567,38.1786],[-105.1702,38.187],[-105.1702,38.2076]]]}},{"type":"Feature","properties":{"c":"#00ff00","v0":0.003,"v1":0.005},"geometry":{"type":"Polygon","coordinates":[[[-105.0892,38.1829],[-105.0764,38.1976],[-105.062,38.2015],[-105.0461,38.1947],[-105.0331,38.1677],[-105.0231,38.1205],[-105.0062,38.089],[-104.9824,38.0733],[-104.9758,38.0575],[-104.9862,38.0418],[-104.9769,38.0221],[-104.9479,37.9984],[-104.9375,37.976],[-104.9458,37.9548],[-104.96,37.9467],[-104.98,37.9519],[-104.9978,37.9704],[-105.0133,38.0022],[-105.0351,38.026],[-105.0633,38.0418],[-105.082,38.0811],[-105.091,38.1441],[-105.0892,38.1829]],[[-105.0615,38.131],[-105.0538,38.1362],[-105.05,38.1302],[-105.05,38.1129],[-105.0538,38.1103],[-105.0615,38.1224],[-105.0615,38.131]],[[-104.9868,37.9897],[-104.9756,37.9958],[-104.9649,37.9919],[-104.9547,37.9779],[-104.9547,37.9689],[-104.9649,37.9651],[-104.9756,37.969],[-104.9868,37.9808],[-104.9868,37.9897]],[[-105.0572,38.0709],[-105.0524,38.0819],[-105.0436,38.0779],[-105.0307,38.0591],[-105.0331,38.0536],[-105.0508,38.0615],[-105.0572,38.0709]]]}},{"type":"Feature","properties":{"c":"#00ff00","v0":0.003,"v1":0.005},"geometry":{"type":"Polygon","coordinates":[[[-104.9621,38.1674],[-104.9407,38.1825],[-104.9195,38.1865],[-104.8984,38.1792],[-104.8834,38.1559],[-104.8744,38.1166],[-104.8799,38.0861],[-104.9,38.0646],[-104.9248,38.0567],[-104.9545,38.0625],[-104.9701,38.089],[-104.9719,38.1362],[-104.9621,38.1674]],[[-104.9416,38.1634],[-104.9339,38.1704],[-104.9238,38.1704],[-104.9113,38.1634],[-104.9113,38.1547],[-104.9238,38.1445],[-104.9339,38.1445],[-104.9416,38.1547],[-104.9416,38.1634]],[[-104.9271,38.0969],[-104.9097,38.0969],[-104.9083,38.0926],[-104.9228,38.0842],[-104.9315,38.0842],[-104.9344,38.0926],[-104.9271,38.0969]]]}},{"type":"Feature","properties":{"c":"#00ff00","v0":0.003,"v1":0.005},"geometry":{"type":"Polygon","coordinates":[[[-104.6893,38.1017],[-104.6764,38.1112],[-104.6658,38.1112],[-104.6575,38.1017],[-104.6575,38.0911],[-104.6658,38.0795],[-104.6764,38.0795],[-104.6893,38.0911],[-104.6893,38.1017]]]}},{"type":"Feature","properties":{"c":"#00ff00","v0":0.003,"v1":0.005},"geometry":{"type":"Polygon","coordinates":[[[-104.5031,37.7863],[-104.4944,37.7961],[-104.48,37.801],[-104.46,37.8009],[-104.4397,37.7921],[-104.419,37.7744],[-104.419,37.76],[-104.4397,37.7488],[-104.4644,37.7527],[-104.4931,37.7718],[-104.5031,37.7863]]]}},{"type":"Feature","properties":{"c":"#00ff00","v0":0.003,"v1":0.005},"geometry":{"type":"Polygon","coordinates":[[[-94.0609,37.2841],[-94.0136,37.3047],[-93.9776,37.3086],[-93.9529,37.296],[-93.9443,37.2818],[-93.9517,37.2658],[-93.9691,37.2509],[-93.9964,37.2371],[-94.02,37.2312],[-94.04,37.2334],[-94.0586,37.2443],[-94.0759,37.264],[-94.0609,37.2841]],[[-94.0356,37.2685],[-94.0052,37.2898],[-93.983,37.2977],[-93.9689,37.2924],[-93.9739,37.2783],[-93.998,37.2554],[-94.0202,37.2474],[-94.0406,37.2544],[-94.0356,37.2685]]]}},{"type":"Feature","properties":{"c":"#00ff00","v0":0.003,"v1":0.005},"geometry":{"type":"Polygon","coordinates":[[[-93.6658,36.9925],[-93.6553,37.0039],[-93.65,37.0023],[-93.65,36.9878],[-93.6553,36.9821],[-93.6658,36.9852],[-93.6658,36.9925]]]}},{"type":"Feature","properties":{"c":"#00ff00","v0":0.003,"v1":0.005},"geometry":{"type":"Polygon","coordinates":[[[-80.3618,36.8684],[-80.3406,36.8874],[-80.3289,36.8874],[-80.3266,36.8684],[-80.3366,36.8548],[-80.3589,36.8467],[-80.3706,36.8467],[-80.3718,36.8548],[-80.3618,36.8684]]]}},{"type":"Feature","properties":{"c":"#00ff00","v0":0.003,"v1":0.005},"geometry":{"type":"Polygon","coordinates":[[[-110.1381,34.9026],[-110.1327,34.9116],[-110.11,34.9205],[-110.07,34.9291],[-110.0453,34.9286],[-110.036,34.9192],[-110.0587,34.9103],[-110.1134,34.9021],[-110.1381,34.9026]]]}},{"type":"Feature","properties":{"c":"#00ff00","v0":0.003,"v1":0.005},"geometry":{"type":"Polygon","coordinates":[[[-76.1607,34.3833],[-76.1402,34.407],[-76.12,34.4177],[-76.1,34.4153],[-76.0969,34.3952],[-76.1108,34.3573],[-76.1258,34.3379],[-76.1419,34.3368],[-76.1552,34.3451],[-76.1657,34.3626],[-76.1607,34.3833]]]}},{"type":"Feature","properties":{"c":"#00ff00","v0":0.003,"v1":0.005},"geometry":{"type":"Polygon","coordinates":[[[-78.1209,33.6972],[-78.1136,33.708],[-78.0993,33.7122],[-78.0779,33.7097],[-78.0729,33.6994],[-78.0843,33.6814],[-78.0986,33.6772],[-78.1159,33.6869],[-78.1209,33.6972]]]}},{"type":"Feature","properties":{"c":"#00ff00","v0":0.003,"v1":0.005},"geometry":{"type":"Polygon","coordinates":[[[-111.0404,32.8609],[-111.0335,32.8713],[-111.025,32.8725],[-111.015,32.8647],[-111.0007,32.8511],[-110.9821,32.8317],[-110.9725,32.8137],[-110.9718,32.7969],[-110.9811,32.7895],[-111.0004,32.7916],[-111.0185,32.8084],[-111.0354,32.8399],[-111.0404,32.8609]]]}},{"type":"Feature","properties":{"c":"#00ff00","v0":0.003,"v1":0.005},"geometry":{"type":"Polygon","coordinates":[[[-79.7126,32.7738],[-79.6975,32.778],[-79.6875,32.7738],[-79.6824,32.7612],[-79.6874,32.7527],[-79.7025,32.7484],[-79.7125,32.7526],[-79.7176,32.7653],[-79.7126,32.7738]]]}},{"type":"Feature","properties":{"c":"#00ff00","v0":0.003,"v1":0.005},"geometry":{"type":"Polygon","coordinates":[[[-111.1381,32.4053],[-111.1194,32.4143],[-111.1065,32.4143],[-111.0994,32.4053],[-111.1044,32.3959],[-111.1215,32.3861],[-111.1344,32.3861],[-111.1431,32.3959],[-111.1381,32.4053]]]}},{"type":"Feature","properties":{"c":"#00ff00","v0":0.003,"v1":0.005},"geometry":{"type":"Polygon","coordinates":[[[-111.1624,32.2201],[-111.1541,32.2305],[-111.1454,32.2305],[-111.1362,32.2201],[-111.1403,32.2149],[-111.1578,32.2149],[-111.1624,32.2201]]]}},{"type":"Feature","properties":{"c":"#00ff00","v0":0.003,"v1":0.005},"geometry":{"type":"Polygon","coordinates":[[[-110.6288,32.2035],[-110.6163,32.2144],[-110.61,32.2141],[-110.61,32.2025],[-110.615,32.1927],[-110.625,32.1849],[-110.6313,32.1852],[-110.6338,32.1937],[-110.6288,32.2035]]]}},{"type":"Feature","properties":{"c":"#00ff00","v0":0.003,"v1":0.005},"geometry":{"type":"Polygon","coordinates":[[[-111.7093,32.1614],[-111.6831,32.1897],[-111.6592,32.2024],[-111.6376,32.1995],[-111.6326,32.1741],[-111.6442,32.1263],[-111.6681,32.1136],[-111.7043,32.136],[-111.7093,32.1614]]]}},{"type":"Feature","properties":{"c":"#00ff00","v0":0.003,"v1":0.005},"geometry":{"type":"Polygon","coordinates":[[[-110.5596,32.1029],[-110.5532,32.1159],[-110.5396,32.1201],[-110.5188,32.1156],[-110.5138,32.1067],[-110.5246,32.0936],[-110.5382,32.0893],[-110.5546,32.094],[-110.5596,32.1029]]]}},{"type":"Feature","properties":{"c":"#00ff00","v0":0.003,"v1":0.005},"geometry":{"type":"Polygon","coordinates":[[[-111.7377,32.0149],[-111.7326,32.0214],[-111.7246,32.0214],[-111.7137,32.0149],[-111.7163,32.0116],[-111.7323,32.0116],[-111.7377,32.0149]]]}},{"type":"Feature","properties":{"c":"#00ff00","v0":0.003,"v1":0.005},"geometry":{"type":"Polygon","coordinates":[[[-110.1684,31.9868],[-110.1561,32.0051],[-110.1363,32.0094],[-110.1088,31.9996],[-110.1038,31.9836],[-110.1213,31.9616],[-110.1411,31.9573],[-110.1634,31.9709],[-110.1684,31.9868]],[[-110.1575,31.9837],[-110.1525,31.9956],[-110.1399,31.9999],[-110.1197,31.9964],[-110.1147,31.9868],[-110.1249,31.9711],[-110.1375,31.9668],[-110.1525,31.9741],[-110.1575,31.9837]]]}},{"type":"Feature","properties":{"c":"#00ff00","v0":0.003,"v1":0.005},"geometry":{"type":"Polygon","coordinates":[[[-111.7278,31.8419],[-111.7066,31.8758],[-111.6726,31.8971],[-111.6258,31.9056],[-111.6102,31.9225],[-111.6258,31.948],[-111.6227,31.9538],[-111.6009,31.94],[-111.575,31.9353],[-111.545,31.9399],[-111.53,31.9316],[-111.53,31.9106],[-111.5387,31.894],[-111.5561,31.8819],[-111.5644,31.8631],[-111.5636,31.8376],[-111.5817,31.7951],[-111.6186,31.7356],[-111.6136,31.6931],[-111.5666,31.6675],[-111.5548,31.6357],[-111.5783,31.5976],[-111.6075,31.5849],[-111.6426,31.5974],[-111.6598,31.6292],[-111.6591,31.6803],[-111.6765,31.7215],[-111.7122,31.753],[-111.7321,31.7827],[-111.7363,31.8108],[-111.7278,31.8419]],[[-111.7029,31.835],[-111.6676,31.8551],[-111.635,31.8605],[-111.605,31.8509],[-111.5883,31.8408],[-111.585,31.8302],[-111.6,31.808],[-111.6333,31.7744],[-111.665,31.7642],[-111.695,31.7776],[-111.7126,31.7944],[-111.7179,31.8147],[-111.7029,31.835]]]}},{"type":"Feature","properties":{"c":"#00ff00","v0":0.003,"v1":0.005},"geometry":{"type":"Polygon","coordinates":[[[-110.847,31.9353],[-110.8418,31.9522],[-110.8319,31.9619],[-110.8173,31.9644],[-110.79,31.9549],[-110.75,31.9334],[-110.71,31.9192],[-110.67,31.9121],[-110.63,31.8922],[-110.59,31.8594],[-110.54,31.854],[-110.48,31.876],[-110.4182,31.8884],[-110.3545,31.8914],[-110.3183,31.8843],[-110.3096,31.8673],[-110.3114,31.8513],[-110.3238,31.8363],[-110.3555,31.8235],[-110.4065,31.8131],[-110.4065,31.7966],[-110.3555,31.774],[-110.315,31.7442],[-110.285,31.7073],[-110.27,31.6748],[-110.27,31.6469],[-110.2792,31.6214],[-110.2976,31.5982],[-110.2876,31.575],[-110.2492,31.5517],[-110.23,31.5299],[-110.23,31.5099],[-110.2596,31.5045],[-110.3187,31.5138],[-110.3593,31.5312],[-110.3815,31.5568],[-110.3962,31.5866],[-110.4035,31.6207],[-110.4278,31.6509],[-110.4693,31.6772],[-110.4984,31.69],[-110.5152,31.6892],[-110.5352,31.6758],[-110.5584,31.6499],[-110.575,31.6392],[-110.585,31.6438],[-110.6058,31.6695],[-110.6373,31.7164],[-110.656,31.7611],[-110.6617,31.8036],[-110.6759,31.8294],[-110.6986,31.8384],[-110.72,31.84],[-110.74,31.8342],[-110.7749,31.8552],[-110.8247,31.9029],[-110.847,31.9353]],[[-110.7974,31.9117],[-110.7791,31.9156],[-110.7613,31.9114],[-110.7438,31.899],[-110.7438,31.8903],[-110.7613,31.8853],[-110.7791,31.8895],[-110.7974,31.903],[-110.7974,31.9117]],[[-110.503,31.7611],[-110.5016,31.7696],[-110.4932,31.7732],[-110.4777,31.7718],[-110.4568,31.7591],[-110.4305,31.7349],[-110.4389,31.7313],[-110.4821,31.7484],[-110.503,31.7611]]]}},{"type":"Feature","properties":{"c":"#00ff00","v0":0.003,"v1":0.005},"geometry":{"type":"Polygon","coordinates":[[[-110.2423,31.8291],[-110.202,31.8716],[-110.1662,31.8928],[-110.1349,31.8928],[-110.12,31.8843],[-110.1217,31.8673],[-110.1444,31.8416],[-110.1881,31.8072],[-110.22,31.7891],[-110.24,31.7874],[-110.2531,31.7919],[-110.2593,31.8025],[-110.2423,31.8291]]]}},{"type":"Feature","properties":{"c":"#00ff00","v0":0.003,"v1":0.005},"geometry":{"type":"Polygon","coordinates":[[[-111.7789,31.5237],[-111.7596,31.5342],[-111.7428,31.5342],[-111.7284,31.5237],[-111.7334,31.513],[-111.7578,31.502],[-111.7746,31.502],[-111.7839,31.513],[-111.7789,31.5237]]]}},{"type":"Feature","properties":{"c":"#00ff00","v0":0.003,"v1":0.005},"geometry":{"type":"Polygon","coordinates":[[[-110.8191,31.4161],[-110.7821,31.4502],[-110.7602,31.4778],[-110.7534,31.4989],[-110.7417,31.5074],[-110.7251,31.5034],[-110.7252,31.4673],[-110.7419,31.399],[-110.7602,31.3602],[-110.7801,31.3508],[-110.8019,31.3594],[-110.8257,31.3858],[-110.8191,31.4161]]]}},{"type":"Feature","properties":{"c":"#00ff00","v0":0.003,"v1":0.005},"geometry":{"type":"Polygon","coordinates":[[[-110.2274,31.387],[-110.2158,31.3972],[-110.195,31.3967],[-110.165,31.3857],[-110.143,31.3678],[-110.1289,31.3431],[-110.1339,31.3271],[-110.158,31.32],[-110.1858,31.3328],[-110.2174,31.3656],[-110.2274,31.387]]]}},{"type":"Feature","properties":{"c":"#00ff00","v0":0.003,"v1":0.005},"geometry":{"type":"Polygon","coordinates":[[[-110.3332,31.285],[-110.3177,31.2961],[-110.3036,31.2961],[-110.2907,31.285],[-110.2807,31.255],[-110.2736,31.2062],[-110.2877,31.2062],[-110.3232,31.255],[-110.3332,31.285]]]}},{"type":"Feature","properties":{"c":"#00ff00","v0":0.003,"v1":0.005},"geometry":{"type":"Polygon","coordinates":[[[-110.1844,30.7689],[-110.1748,30.7761],[-110.16,30.7765],[-110.14,30.7699],[-110.125,30.7565],[-110.115,30.7365],[-110.115,30.7225],[-110.125,30.7145],[-110.1448,30.7242],[-110.1744,30.7515],[-110.1844,30.7689]]]}},{"type":"Feature","properties":{"c":"#00ff00","v0":0.003,"v1":0.005},"geometry":{"type":"Polygon","coordinates":[[[-97.8047,28.1481],[-97.7816,28.1731],[-97.7557,28.1819],[-97.7272,28.1746],[-97.714,28.1621],[-97.7162,28.1444],[-97.7304,28.1228],[-97.7568,28.0972],[-97.7796,28.0883],[-97.7987,28.0963],[-97.8103,28.1092],[-97.8143,28.1268],[-97.8047,28.1481]]]}},{"type":"Feature","properties":{"c":"#00ff00","v0":0.003,"v1":0.005},"geometry":{"type":"Polygon","coordinates":[[[-97.7558,28.0033],[-97.7386,28.0211],[-97.714,28.0211],[-97.6821,28.0033],[-97.6821,27.9876],[-97.714,27.974],[-97.7386,27.974],[-97.7558,27.9876],[-97.7558,28.0033]]]}},{"type":"Feature","properties":{"c":"#00ff00","v0":0.003,"v1":0.005},"geometry":{"type":"Polygon","coordinates":[[[-97.5106,27.6094],[-97.4969,27.6178],[-97.485,27.6032],[-97.475,27.5656],[-97.4777,27.5481],[-97.4931,27.5507],[-97.505,27.5653],[-97.5133,27.5919],[-97.5106,27.6094]]]}},{"type":"Feature","properties":{"c":"#00ff00","v0":0.003,"v1":0.005},"geometry":{"type":"Polygon","coordinates":[[[-80.4182,27.4521],[-80.3994,27.4654],[-80.3785,27.4609],[-80.3556,27.4388],[-80.3556,27.4235],[-80.3785,27.4149],[-80.3994,27.4194],[-80.4182,27.4368],[-80.4182,27.4521]],[[-80.3964,27.4458],[-80.3788,27.4464],[-80.3706,27.442],[-80.3718,27.4325],[-80.3806,27.4322],[-80.397,27.4411],[-80.3964,27.4458]]]}},{"type":"Feature","properties":{"c":"#00ff00","v0":0.003,"v1":0.005},"geometry":{"type":"Polygon","coordinates":[[[-97.73,27.0107],[-97.7167,27.0303],[-97.71,27.0285],[-97.71,27.0053],[-97.715,26.9872],[-97.725,26.9741],[-97.7317,26.9759],[-97.735,26.9926],[-97.73,27.0107]]]}},{"type":"Feature","properties":{"c":"#00ff00","v0":0.003,"v1":0.005},"geometry":{"type":"Polygon","coordinates":[[[-97.7642,26.9519],[-97.7435,26.9608],[-97.7373,26.9576],[-97.7458,26.9424],[-97.7561,26.9379],[-97.7684,26.9442],[-97.7642,26.9519]]]}},{"type":"Feature","properties":{"c":"#80ff00","v0":0.005,"v1":0.008},"geometry":{"type":"Polygon","coordinates":[[[-113.7397,53.5822],[-113.7199,53.5832],[-113.7092,53.5802],[-113.7077,53.5733],[-113.7127,53.5684],[-113.7242,53.5654],[-113.7349,53.5683],[-113.7447,53.5773],[-113.7397,53.5822]]]}},{"type":"Feature","properties":{"c":"#80ff00","v0":0.005,"v1":0.008},"geometry":{"type":"Polygon","coordinates":[[[-113.5461,53.3105],[-113.5354,53.3161],[-113.525,53.3161],[-113.5149,53.3105],[-113.5149,53.3044],[-113.525,53.2977],[-113.5354,53.2977],[-113.5461,53.3044],[-113.5461,53.3105]]]}},{"type":"Feature","properties":{"c":"#80ff00","v0":0.005,"v1":0.008},"geometry":{"type":"Polygon","coordinates":[[[-107.6081,52.8568],[-107.596,52.8681],[-107.5758,52.8681],[-107.5473,52.8568],[-107.5423,52.835],[-107.5608,52.8026],[-107.58,52.7903],[-107.6,52.7982],[-107.611,52.8144],[-107.6131,52.8389],[-107.6081,52.8568]],[[-107.5771,52.8512],[-107.5598,52.8512],[-107.5559,52.8445],[-107.5653,52.8312],[-107.5739,52.8312],[-107.5818,52.8445],[-107.5771,52.8512]]]}},{"type":"Feature","properties":{"c":"#80ff00","v0":0.005,"v1":0.008},"geometry":{"type":"Polygon","coordinates":[[[-107.7166,52.8028],[-107.7052,52.8028],[-107.7021,52.7989],[-107.7074,52.7911],[-107.7131,52.7911],[-107.7192,52.7989],[-107.7166,52.8028]]]}},{"type":"Feature","properties":{"c":"#80ff00","v0":0.005,"v1":0.008},"geometry":{"type":"Polygon","coordinates":[[[-107.7619,52.7381],[-107.7406,52.7538],[-107.7161,52.7568],[-107.6884,52.7472],[-107.6884,52.7341],[-107.7161,52.7175],[-107.7406,52.7145],[-107.7619,52.725],[-107.7619,52.7381]],[[-107.746,52.7332],[-107.7353,52.7393],[-107.7279,52.7393],[-107.7237,52.7332],[-107.729,52.7302],[-107.7439,52.7302],[-107.746,52.7332]]]}},{"type":"Feature","properties":{"c":"#80ff00","v0":0.005,"v1":0.008},"geometry":{"type":"Polygon","coordinates":[[[-107.6539,52.7102],[-107.6513,52.7187],[-107.64,52.7245],[-107.62,52.7277],[-107.5895,52.7175],[-107.5484,52.6937],[-107.5534,52.6796],[-107.6045,52.6754],[-107.6363,52.6815],[-107.6489,52.6978],[-107.6539,52.7102]]]}},{"type":"Feature","properties":{"c":"#80ff00","v0":0.005,"v1":0.008},"geometry":{"type":"Polygon","coordinates":[[[-92.2228,51.9635],[-92.194,51.9697],[-92.174,51.9697],[-92.1627,51.9635],[-92.1579,51.9543],[-92.1596,51.942],[-92.1728,51.9358],[-92.1976,51.9359],[-92.2168,51.942],[-92.2304,51.9543],[-92.2228,51.9635]]]}},{"type":"Feature","properties":{"c":"#80ff00","v0":0.005,"v1":0.008},"geometry":{"type":"Polygon","coordinates":[[[-92.6089,51.9294],[-92.5963,51.9414],[-92.58,51.9481],[-92.56,51.9497],[-92.535,51.9273],[-92.505,51.8811],[-92.495,51.8562],[-92.505,51.8526],[-92.5249,51.8566],[-92.5547,51.8683],[-92.581,51.8864],[-92.6038,51.9111],[-92.6089,51.9294]]]}},{"type":"Feature","properties":{"c":"#80ff00","v0":0.005,"v1":0.008},"geometry":{"type":"Polygon","coordinates":[[[-92.0028,51.9161],[-91.9809,51.9262],[-91.9558,51.9231],[-91.9273,51.9069],[-91.9273,51.8943],[-91.9558,51.8853],[-91.9809,51.8884],[-92.0028,51.9035],[-92.0028,51.9161]]]}},{"type":"Feature","properties":{"c":"#80ff00","v0":0.005,"v1":0.008},"geometry":{"type":"Polygon","coordinates":[[[-93.2425,51.8645],[-93.2342,51.8699],[-93.2269,51.8699],[-93.2206,51.8645],[-93.2247,51.8617],[-93.2393,51.8617],[-93.2425,51.8645]]]}},{"type":"Feature","properties":{"c":"#80ff00","v0":0.005,"v1":0.008},"geometry":{"type":"Polygon","coordinates":[[[-92.3065,51.7686],[-92.2955,51.7802],[-92.2828,51.7864],[-92.2683,51.7872],[-92.2633,51.7744],[-92.2678,51.7481],[-92.2805,51.7419],[-92.3015,51.7558],[-92.3065,51.7686]]]}},{"type":"Feature","properties":{"c":"#80ff00","v0":0.005,"v1":0.008},"geometry":{"type":"Polygon","coordinates":[[[-92.0855,51.7039],[-92.0752,51.7101],[-92.06,51.7101],[-92.04,51.7039],[-92.0055,51.6823],[-91.9567,51.6451],[-91.9361,51.6233],[-91.9438,51.6171],[-91.9683,51.6114],[-92.0094,51.6062],[-92.0452,51.628],[-92.0755,51.6766],[-92.0855,51.7039]]]}},{"type":"Feature","properties":{"c":"#80ff00","v0":0.005,"v1":0.008},"geometry":{"type":"Polygon","coordinates":[[[-92.7955,51.4957],[-92.7918,51.5079],[-92.785,51.5141],[-92.775,51.5144],[-92.7661,51.5114],[-92.7582,51.5052],[-92.7582,51.4951],[-92.7661,51.4812],[-92.775,51.4715],[-92.785,51.4663],[-92.7918,51.4702],[-92.7955,51.4832],[-92.7955,51.4957]]]}},{"type":"Feature","properties":{"c":"#80ff00","v0":0.005,"v1":0.008},"geometry":{"type":"Polygon","coordinates":[[[-91.5983,51.4772],[-91.5794,51.4771],[-91.5671,51.4709],[-91.5614,51.4585],[-91.5664,51.452],[-91.5821,51.4516],[-91.5944,51.4578],[-91.6033,51.4707],[-91.5983,51.4772]]]}},{"type":"Feature","properties":{"c":"#80ff00","v0":0.005,"v1":0.008},"geometry":{"type":"Polygon","coordinates":[[[-90.9274,51.4677],[-90.9158,51.4738],[-90.9047,51.4707],[-90.8941,51.4584],[-90.8941,51.4504],[-90.9047,51.4467],[-90.9158,51.4498],[-90.9274,51.4598],[-90.9274,51.4677]]]}},{"type":"Feature","properties":{"c":"#80ff00","v0":0.005,"v1":0.008},"geometry":{"type":"Polygon","coordinates":[[[-92.6373,51.4011],[-92.6058,51.4234],[-92.5782,51.4358],[-92.5545,51.4385],[-92.5645,51.4266],[-92.6082,51.4001],[-92.6358,51.3876],[-92.6473,51.3891],[-92.6373,51.4011]]]}},{"type":"Feature","properties":{"c":"#80ff00","v0":0.005,"v1":0.008},"geometry":{"type":"Polygon","coordinates":[[[-93.6191,51.4242],[-93.6017,51.418],[-93.6012,51.4149],[-93.6174,51.4149],[-93.626,51.418],[-93.6272,51.4242],[-93.6191,51.4242]]]}},{"type":"Feature","properties":{"c":"#80ff00","v0":0.005,"v1":0.008},"geometry":{"type":"Polygon","coordinates":[[[-93.5013,51.406],[-93.4938,51.4134],[-93.4821,51.4134],[-93.4664,51.406],[-93.4664,51.399],[-93.4821,51.3921],[-93.4938,51.3921],[-93.5013,51.399],[-93.5013,51.406]]]}},{"type":"Feature","properties":{"c":"#80ff00","v0":0.005,"v1":0.008},"geometry":{"type":"Polygon","coordinates":[[[-92.5503,51.3465],[-92.5368,51.3596],[-92.52,51.3559],[-92.5,51.3354],[-92.5,51.3222],[-92.52,51.3163],[-92.5368,51.32],[-92.5503,51.3333],[-92.5503,51.3465]]]}},{"type":"Feature","properties":{"c":"#80ff00","v0":0.005,"v1":0.008},"geometry":{"type":"Polygon","coordinates":[[[-93.4416,51.2693],[-93.4205,51.2782],[-93.4046,51.2782],[-93.3938,51.2693],[-93.3988,51.2597],[-93.4196,51.2493],[-93.4355,51.2493],[-93.4466,51.2597],[-93.4416,51.2693]]]}},{"type":"Feature","properties":{"c":"#80ff00","v0":0.005,"v1":0.008},"geometry":{"type":"Polygon","coordinates":[[[-93.9902,51.2555],[-93.9673,51.2618],[-93.9644,51.2588],[-93.9815,51.2466],[-93.9929,51.2434],[-93.9987,51.2494],[-93.9902,51.2555]]]}},{"type":"Feature","properties":{"c":"#80ff00","v0":0.005,"v1":0.008},"geometry":{"type":"Polygon","coordinates":[[[-92.5296,51.2308],[-92.5032,51.2375],[-92.4861,51.2344],[-92.4784,51.2214],[-92.4834,51.2119],[-92.5011,51.2061],[-92.5182,51.2092],[-92.5346,51.2213],[-92.5296,51.2308]]]}},{"type":"Feature","properties":{"c":"#80ff00","v0":0.005,"v1":0.008},"geometry":{"type":"Polygon","coordinates":[[[-92.9768,51.1477],[-92.9589,51.164],[-92.9348,51.1735],[-92.9043,51.176],[-92.8943,51.164],[-92.9048,51.1375],[-92.92,51.1231],[-92.94,51.1208],[-92.9589,51.1246],[-92.9768,51.1346],[-92.9768,51.1477]]]}},{"type":"Feature","properties":{"c":"#80ff00","v0":0.005,"v1":0.008},"geometry":{"type":"Polygon","coordinates":[[[-92.663,51.0947],[-92.6543,51.1052],[-92.6386,51.1084],[-92.6157,51.1041],[-92.6107,51.0956],[-92.6236,51.083],[-92.6393,51.0798],[-92.658,51.0862],[-92.663,51.0947]]]}},{"type":"Feature","properties":{"c":"#80ff00","v0":0.005,"v1":0.008},"geometry":{"type":"Polygon","coordinates":[[[-105.7446,50.959],[-105.7215,50.975],[-105.6963,50.9782],[-105.669,50.9684],[-105.6571,50.9573],[-105.6605,50.9447],[-105.6742,50.9341],[-105.6981,50.9256],[-105.7215,50.9288],[-105.7446,50.9436],[-105.7446,50.959]],[[-105.7362,50.9571],[-105.7187,50.9694],[-105.6988,50.9694],[-105.6764,50.9571],[-105.6764,50.9453],[-105.6988,50.9341],[-105.7187,50.9341],[-105.7362,50.9453],[-105.7362,50.9571]]]}},{"type":"Feature","properties":{"c":"#80ff00","v0":0.005,"v1":0.008},"geometry":{"type":"Polygon","coordinates":[[[-101.2974,50.9695],[-101.2791,50.9813],[-101.2613,50.9813],[-101.2439,50.9695],[-101.2439,50.9584],[-101.2613,50.9481],[-101.2791,50.9481],[-101.2974,50.9584],[-101.2974,50.9695]],[[-101.2862,50.9672],[-101.2754,50.9743],[-101.2654,50.9743],[-101.2561,50.9672],[-101.2561,50.9611],[-101.2654,50.956],[-101.2754,50.956],[-101.2862,50.9611],[-101.2862,50.9672]]]}},{"type":"Feature","properties":{"c":"#80ff00","v0":0.005,"v1":0.008},"geometry":{"type":"Polygon","coordinates":[[[-92.2014,50.8897],[-92.1805,50.8932],[-92.1676,50.89],[-92.1629,50.8802],[-92.1679,50.8733],[-92.1826,50.8694],[-92.1955,50.8725],[-92.2064,50.8828],[-92.2014,50.8897]]]}},{"type":"Feature","properties":{"c":"#80ff00","v0":0.005,"v1":0.008},"geometry":{"type":"Polygon","coordinates":[[[-91.1572,50.6793],[-91.1424,50.6919],[-91.1137,50.7022],[-91.0712,50.71],[-91.04,50.7059],[-91.02,50.6899],[-90.995,50.6814],[-90.965,50.6806],[-90.9457,50.6752],[-90.9371,50.6652],[-90.9371,50.6558],[-90.9457,50.6469],[-90.965,50.6428],[-90.995,50.6435],[-91.0275,50.6384],[-91.0624,50.6276],[-91.0824,50.6098],[-91.0875,50.5851],[-91.095,50.5728],[-91.105,50.5729],[-91.112,50.5852],[-91.1161,50.6099],[-91.1297,50.6349],[-91.153,50.6602],[-91.1572,50.6793]],[[-91.1278,50.6798],[-91.0893,50.6934],[-91.0616,50.6966],[-91.0448,50.6893],[-91.0448,50.6781],[-91.0616,50.6631],[-91.08,50.6548],[-91.1,50.6533],[-91.1193,50.6576],[-91.1378,50.6678],[-91.1278,50.6798]]]}},{"type":"Feature","properties":{"c":"#80ff00","v0":0.005,"v1":0.008},"geometry":{"type":"Polygon","coordinates":[[[-91.5467,50.6636],[-91.5356,50.6704],[-91.5243,50.6704],[-91.513,50.6636],[-91.513,50.6552],[-91.5243,50.6451],[-91.5356,50.6451],[-91.5467,50.6552],[-91.5467,50.6636]]]}},{"type":"Feature","properties":{"c":"#80ff00","v0":0.005,"v1":0.008},"geometry":{"type":"Polygon","coordinates":[[[-91.2177,50.5894],[-91.2126,50.6001],[-91.2011,50.6032],[-91.1832,50.5989],[-91.1782,50.5908],[-91.1861,50.5789],[-91.1976,50.5757],[-91.2127,50.5813],[-91.2177,50.5894]]]}},{"type":"Feature","properties":{"c":"#80ff00","v0":0.005,"v1":0.008},"geometry":{"type":"Polygon","coordinates":[[[-90.7436,50.5767],[-90.7212,50.5872],[-90.7029,50.5872],[-90.6888,50.5767],[-90.6888,50.5659],[-90.7029,50.5549],[-90.7212,50.5549],[-90.7436,50.5659],[-90.7436,50.5767]]]}},{"type":"Feature","properties":{"c":"#80ff00","v0":0.005,"v1":0.008},"geometry":{"type":"Polygon","coordinates":[[[-91.5446,50.5553],[-91.5215,50.5738],[-91.4914,50.5738],[-91.4542,50.5553],[-91.4442,50.5418],[-91.4614,50.5334],[-91.4915,50.5334],[-91.5346,50.5418],[-91.5446,50.5553]]]}},{"type":"Feature","properties":{"c":"#80ff00","v0":0.005,"v1":0.008},"geometry":{"type":"Polygon","coordinates":[[[-91.1309,50.4569],[-91.1036,50.5078],[-91.07,50.5366],[-91.03,50.5435],[-90.995,50.5558],[-90.965,50.5735],[-90.94,50.5797],[-90.92,50.5745],[-90.9089,50.5622],[-90.9068,50.5429],[-90.9169,50.5174],[-90.9393,50.4856],[-90.9854,50.453],[-91.0551,50.4197],[-91.1036,50.4101],[-91.1309,50.4243],[-91.1309,50.4569]],[[-91.1125,50.4633],[-91.0936,50.5015],[-91.0455,50.5323],[-90.9685,50.5557],[-90.9277,50.5589],[-90.9232,50.5418],[-90.9319,50.5174],[-90.9538,50.4856],[-90.996,50.4567],[-91.0587,50.4308],[-91.098,50.4245],[-91.114,50.4376],[-91.1125,50.4633]]]}},{"type":"Feature","properties":{"c":"#80ff00","v0":0.005,"v1":0.008},"geometry":{"type":"Polygon","coordinates":[[[-101.0897,50.552],[-101.0766,50.5639],[-101.0617,50.5639],[-101.0452,50.552],[-101.0452,50.5399],[-101.0617,50.5278],[-101.0766,50.5278],[-101.0897,50.5399],[-101.0897,50.552]]]}},{"type":"Feature","properties":{"c":"#80ff00","v0":0.005,"v1":0.008},"geometry":{"type":"Polygon","coordinates":[[[-104.8912,50.4998],[-104.8771,50.509],[-104.8623,50.509],[-104.847,50.4998],[-104.847,50.4916],[-104.8623,50.4844],[-104.8771,50.4844],[-104.8912,50.4916],[-104.8912,50.4998]]]}},{"type":"Feature","properties":{"c":"#80ff00","v0":0.005,"v1":0.008},"geometry":{"type":"Polygon","coordinates":[[[-106.0722,50.451],[-106.0574,50.4646],[-106.0247,50.4742],[-105.9742,50.4797],[-105.9492,50.4776],[-105.9497,50.4681],[-105.965,50.4546],[-105.995,50.4371],[-106.02,50.4267],[-106.04,50.4236],[-106.0574,50.4275],[-106.0722,50.4386],[-106.0722,50.451]],[[-106.0588,50.4481],[-106.0529,50.4559],[-106.0393,50.4591],[-106.0179,50.4577],[-106.0129,50.451],[-106.0243,50.4392],[-106.0379,50.436],[-106.0538,50.4415],[-106.0588,50.4481]]]}},{"type":"Feature","properties":{"c":"#80ff00","v0":0.005,"v1":0.008},"geometry":{"type":"Polygon","coordinates":[[[-90.9694,50.3819],[-90.9165,50.4103],[-90.88,50.4236],[-90.86,50.4218],[-90.84,50.4315],[-90.82,50.4529],[-90.8,50.4655],[-90.78,50.4695],[-90.7626,50.4679],[-90.7477,50.4606],[-90.7477,50.4452],[-90.7626,50.4216],[-90.785,50.4097],[-90.815,50.4095],[-90.855,50.3985],[-90.905,50.3769],[-90.9465,50.3665],[-90.9794,50.3673],[-90.9694,50.3819]],[[-90.8136,50.4378],[-90.8024,50.4506],[-90.7885,50.4569],[-90.7719,50.4569],[-90.7651,50.4481],[-90.7684,50.4305],[-90.7823,50.4241],[-90.8069,50.429],[-90.8136,50.4378]]]}},{"type":"Feature","properties":{"c":"#80ff00","v0":0.005,"v1":0.008},"geometry":{"type":"Polygon","coordinates":[[[-91.3823,50.4494],[-91.3608,50.4599],[-91.341,50.4567],[-91.3231,50.4399],[-91.3231,50.4277],[-91.341,50.4203],[-91.3608,50.4234],[-91.3823,50.4373],[-91.3823,50.4494]]]}},{"type":"Feature","properties":{"c":"#80ff00","v0":0.005,"v1":0.008},"geometry":{"type":"Polygon","coordinates":[[[-105.0923,50.4256],[-105.0774,50.4393],[-105.0594,50.4393],[-105.0382,50.4256],[-105.0432,50.4139],[-105.0744,50.4042],[-105.0924,50.4042],[-105.0973,50.4139],[-105.0923,50.4256]]]}},{"type":"Feature","properties":{"c":"#80ff00","v0":0.005,"v1":0.008},"geometry":{"type":"Polygon","coordinates":[[[-104.5262,50.4123],[-104.5154,50.4248],[-104.4982,50.428],[-104.4746,50.4218],[-104.4696,50.4118],[-104.4832,50.3978],[-104.5004,50.3946],[-104.5212,50.4022],[-104.5262,50.4123]],[[-104.5046,50.4092],[-104.4927,50.4155],[-104.4863,50.4155],[-104.4855,50.4092],[-104.4914,50.406],[-104.5042,50.406],[-104.5046,50.4092]]]}},{"type":"Feature","properties":{"c":"#80ff00","v0":0.005,"v1":0.008},"geometry":{"type":"Polygon","coordinates":[[[-91.2257,50.4105],[-91.2152,50.4195],[-91.2023,50.4226],[-91.1868,50.42],[-91.1841,50.4123],[-91.1941,50.3996],[-91.207,50.3964],[-91.223,50.4028],[-91.2257,50.4105]]]}},{"type":"Feature","properties":{"c":"#80ff00","v0":0.005,"v1":0.008},"geometry":{"type":"Polygon","coordinates":[[[-91.7341,50.1952],[-91.6511,50.2847],[-91.6147,50.3398],[-91.6249,50.3605],[-91.605,50.3731],[-91.555,50.3777],[-91.51,50.3671],[-91.47,50.3415],[-91.44,50.3282],[-91.42,50.3272],[-91.405,50.3412],[-91.395,50.3701],[-91.375,50.3884],[-91.345,50.3962],[-91.318,50.3888],[-91.2939,50.3662],[-91.2514,50.3422],[-91.1903,50.3166],[-91.1481,50.2911],[-91.1246,50.2655],[-91.1171,50.245],[-91.1257,50.2294],[-91.145,50.2191],[-91.175,50.2141],[-91.205,50.2204],[-91.235,50.2379],[-91.275,50.2403],[-91.325,50.2277],[-91.36,50.2335],[-91.38,50.2575],[-91.4312,50.2622],[-91.5135,50.2474],[-91.5463,50.2368],[-91.5295,50.2304],[-91.5183,50.2135],[-91.5128,50.1862],[-91.495,50.1722],[-91.465,50.1715],[-91.435,50.1779],[-91.405,50.1915],[-91.3652,50.1959],[-91.3157,50.1911],[-91.2903,50.1824],[-91.2891,50.1695],[-91.3088,50.1572],[-91.3496,50.1453],[-91.3752,50.1293],[-91.3855,50.1091],[-91.3355,50.0742],[-91.2252,50.0245],[-91.155,50.0011],[-91.125,50.004],[-91.1075,49.9904],[-91.1025,49.96],[-91.1075,49.9415],[-91.1225,49.9349],[-91.155,49.9354],[-91.205,49.9432],[-91.245,49.938],[-91.275,49.9199],[-91.315,49.9076],[-91.365,49.9012],[-91.3946,49.9032],[-91.4039,49.9138],[-91.3987,49.9287],[-91.3791,49.948],[-91.3411,49.9609],[-91.2845,49.9673],[-91.2647,49.9846],[-91.2816,50.0127],[-91.31,50.0296],[-91.35,50.0352],[-91.385,50.0333],[-91.415,50.0239],[-91.4256,50.0263],[-91.4167,50.0405],[-91.4172,50.0509],[-91.427,50.0573],[-91.4614,50.0678],[-91.5205,50.0824],[-91.57,50.0892],[-91.61,50.0882],[-91.6364,50.097],[-91.6493,50.1154],[-91.6413,50.1343],[-91.6125,50.1535],[-91.6061,50.1767],[-91.622,50.2037],[-91.6428,50.2133],[-91.6684,50.2055],[-91.6758,50.192],[-91.6651,50.1727],[-91.6673,50.1576],[-91.6824,50.1465],[-91.7,50.1396],[-91.72,50.1368],[-91.7414,50.1391],[-91.7642,50.1466],[-91.7341,50.1952]],[[-91.3558,50.3677],[-91.3407,50.3677],[-91.3374,50.3644],[-91.3458,50.3579],[-91.3533,50.3579],[-91.36,50.3644],[-91.3558,50.3677]],[[-91.6319,50.1196],[-91.6173,50.1351],[-91.5652,50.1479],[-91.4756,50.1581],[-91.4206,50.1695],[-91.4002,50.1824],[-91.3677,50.1856],[-91.3231,50.1792],[-91.3331,50.1614],[-91.3977,50.1322],[-91.45,50.1201],[-91.49,50.125],[-91.53,50.1195],[-91.57,50.1035],[-91.6023,50.0996],[-91.6269,50.1078],[-91.6319,50.1196]],[[-91.1716,49.9765],[-91.1439,49.9885],[-91.1226,49.9885],[-91.1079,49.9765],[-91.1079,49.9633],[-91.1226,49.9487],[-91.1439,49.9487],[-91.1716,49.9633],[-91.1716,49.9765]],[[-91.3759,49.9297],[-91.3453,49.9509],[-91.3156,49.9573],[-91.2867,49.949],[-91.2767,49.9387],[-91.2856,49.9264],[-91.305,49.9161],[-91.335,49.9077],[-91.3603,49.9074],[-91.3809,49.9152],[-91.3759,49.9297]],[[-91.7371,50.1699],[-91.719,50.1834],[-91.7026,50.1866],[-91.6878,50.1795],[-91.6878,50.169],[-91.7026,50.155],[-91.719,50.1518],[-91.7371,50.1594],[-91.7371,50.1699]],[[-91.6167,50.2903],[-91.5989,50.3141],[-91.575,50.3309],[-91.545,50.3407],[-91.505,50.3365],[-91.455,50.3183],[-91.39,50.3151],[-91.31,50.3268],[-91.247,50.3254],[-91.2011,50.3111],[-91.1648,50.2879],[-91.1381,50.2559],[-91.1361,50.2342],[-91.1587,50.2228],[-91.19,50.2275],[-91.23,50.2482],[-91.26,50.2583],[-91.28,50.2577],[-91.3,50.2518],[-91.32,50.2405],[-91.345,50.2475],[-91.375,50.2726],[-91.44,50.2803],[-91.54,50.2707],[-91.5989,50.269],[-91.6167,50.2752],[-91.6167,50.2903]],[[-91.426,50.0851],[-91.3887,50.0829],[-91.3636,50.0764],[-91.3509,50.0658],[-91.3557,50.0605],[-91.3778,50.0605],[-91.4028,50.0669],[-91.4307,50.0798],[-91.426,50.0851]],[[-91.5825,50.2057],[-91.5742,50.2138],[-91.5632,50.217],[-91.5495,50.2153],[-91.5445,50.2042],[-91.5482,50.1838],[-91.5592,50.1806],[-91.5775,50.1946],[-91.5825,50.2057]]]}},{"type":"Feature","properties":{"c":"#80ff00","v0":0.005,"v1":0.008},"geometry":{"type":"Polygon","coordinates":[[[-91.0128,50.2957],[-90.9843,50.3049],[-90.9628,50.3018],[-90.9483,50.2861],[-90.9533,50.2747],[-90.9778,50.2675],[-90.9993,50.2707],[-91.0178,50.2843],[-91.0128,50.2957]],[[-90.9903,50.2921],[-90.9768,50.2941],[-90.9691,50.2909],[-90.9673,50.2825],[-90.974,50.2815],[-90.9894,50.2879],[-90.9903,50.2921]]]}},{"type":"Feature","properties":{"c":"#80ff00","v0":0.005,"v1":0.008},"geometry":{"type":"Polygon","coordinates":[[[-91.7984,50.2819],[-91.7928,50.2889],[-91.7835,50.2889],[-91.7705,50.2819],[-91.7733,50.2783],[-91.7919,50.2783],[-91.7984,50.2819]]]}},{"type":"Feature","properties":{"c":"#80ff00","v0":0.005,"v1":0.008},"geometry":{"type":"Polygon","coordinates":[[[-97.7889,50.1574],[-97.7763,50.1717],[-97.7587,50.1749],[-97.736,50.167],[-97.736,50.1544],[-97.7587,50.137],[-97.7763,50.1337],[-97.7889,50.1448],[-97.7889,50.1574]]]}},{"type":"Feature","properties":{"c":"#80ff00","v0":0.005,"v1":0.008},"geometry":{"type":"Polygon","coordinates":[[[-91.1674,50.1177],[-91.1291,50.1295],[-91.0993,50.1327],[-91.0778,50.1273],[-91.0778,50.119],[-91.0993,50.1077],[-91.1291,50.1044],[-91.1674,50.1094],[-91.1674,50.1177]]]}},{"type":"Feature","properties":{"c":"#80ff00","v0":0.005,"v1":0.008},"geometry":{"type":"Polygon","coordinates":[[[-91.8019,50.09],[-91.794,50.0977],[-91.7827,50.0977],[-91.768,50.09],[-91.768,50.0827],[-91.7827,50.0757],[-91.794,50.0757],[-91.8019,50.0827],[-91.8019,50.09]]]}},{"type":"Feature","properties":{"c":"#80ff00","v0":0.005,"v1":0.008},"geometry":{"type":"Polygon","coordinates":[[[-91.1204,50.0425],[-91.0868,50.0579],[-91.0603,50.0611],[-91.0408,50.0522],[-91.0358,50.0381],[-91.0453,50.019],[-91.065,50.0098],[-91.095,50.0105],[-91.1168,50.0169],[-91.1304,50.0289],[-91.1204,50.0425]],[[-91.1064,50.0388],[-91.0955,50.0467],[-91.0822,50.0499],[-91.0667,50.0484],[-91.0617,50.0415],[-91.0672,50.0291],[-91.0805,50.0259],[-91.1014,50.0319],[-91.1064,50.0388]]]}},{"type":"Feature","properties":{"c":"#80ff00","v0":0.005,"v1":0.008},"geometry":{"type":"Polygon","coordinates":[[[-97.6732,50.0405],[-97.6577,50.0518],[-97.64,50.0581],[-97.62,50.0594],[-97.6,50.0566],[-97.58,50.0498],[-97.564,50.0371],[-97.552,50.0184],[-97.552,50.0056],[-97.564,49.9985],[-97.59,49.9985],[-97.63,50.0056],[-97.6577,50.0156],[-97.6732,50.0284],[-97.6732,50.0405]],[[-97.6467,50.0384],[-97.6222,50.0454],[-97.6016,50.0422],[-97.5848,50.0287],[-97.5948,50.022],[-97.6316,50.0219],[-97.6522,50.0251],[-97.6567,50.0316],[-97.6467,50.0384]]]}},{"type":"Feature","properties":{"c":"#80ff00","v0":0.005,"v1":0.008},"geometry":{"type":"Polygon","coordinates":[[[-98.3192,50.0003],[-98.3131,50.0083],[-98.3018,50.0083],[-98.2854,50.0003],[-98.2804,49.9933],[-98.2868,49.9874],[-98.2981,49.9874],[-98.3142,49.9933],[-98.3192,50.0003]]]}},{"type":"Feature","properties":{"c":"#80ff00","v0":0.005,"v1":0.008},"geometry":{"type":"Polygon","coordinates":[[[-98.1215,49.8839],[-98.1138,49.8908],[-98.1031,49.8908],[-98.0892,49.8839],[-98.093,49.8804],[-98.1146,49.8804],[-98.1215,49.8839]]]}},{"type":"Feature","properties":{"c":"#80ff00","v0":0.005,"v1":0.008},"geometry":{"type":"Polygon","coordinates":[[[-67.3362,49.7794],[-67.3187,49.7838],[-67.31,49.7769],[-67.31,49.7586],[-67.3187,49.7564],[-67.3362,49.7703],[-67.3362,49.7794]]]}},{"type":"Feature","properties":{"c":"#80ff00","v0":0.005,"v1":0.008},"geometry":{"type":"Polygon","coordinates":[[[-67.2471,49.7176],[-67.2357,49.7276],[-67.2243,49.7309],[-67.2129,49.7273],[-67.2129,49.7206],[-67.2243,49.7109],[-67.2357,49.7076],[-67.2471,49.7109],[-67.2471,49.7176]]]}},{"type":"Feature","properties":{"c":"#80ff00","v0":0.005,"v1":0.008},"geometry":{"type":"Polygon","coordinates":[[[-96.3958,49.6923],[-96.3786,49.7035],[-96.362,49.7035],[-96.346,49.6923],[-96.346,49.6804],[-96.362,49.6678],[-96.3786,49.6678],[-96.3958,49.6804],[-96.3958,49.6923]]]}},{"type":"Feature","properties":{"c":"#80ff00","v0":0.005,"v1":0.008},"geometry":{"type":"Polygon","coordinates":[[[-96.9175,49.5895],[-96.9095,49.6025],[-96.8967,49.6108],[-96.8789,49.6143],[-96.8537,49.611],[-96.821,49.601],[-96.8028,49.5863],[-96.7991,49.5669],[-96.8104,49.5526],[-96.8368,49.5436],[-96.8679,49.5501],[-96.9036,49.5721],[-96.9175,49.5895]],[[-96.8949,49.5886],[-96.8783,49.5997],[-96.86,49.603],[-96.84,49.5983],[-96.825,49.5886],[-96.815,49.5739],[-96.82,49.5629],[-96.84,49.5556],[-96.8633,49.5597],[-96.8899,49.5753],[-96.8949,49.5886]]]}},{"type":"Feature","properties":{"c":"#80ff00","v0":0.005,"v1":0.008},"geometry":{"type":"Polygon","coordinates":[[[-92.8768,49.3686],[-92.8695,49.3816],[-92.8519,49.3933],[-92.824,49.4036],[-92.745,49.3989],[-92.615,49.3792],[-92.54,49.3773],[-92.5199,49.3932],[-92.5255,49.4207],[-92.5565,49.4597],[-92.5465,49.4959],[-92.4955,49.5293],[-92.375,49.5574],[-92.185,49.5803],[-92.0836,49.5895],[-92.0707,49.5852],[-92.063,49.5766],[-92.0603,49.5636],[-92.0777,49.5506],[-92.1152,49.5377],[-92.1319,49.5214],[-92.1279,49.5019],[-92.1423,49.4695],[-92.1752,49.4239],[-92.2012,49.3976],[-92.2204,49.3905],[-92.245,49.3957],[-92.275,49.4131],[-92.2978,49.4199],[-92.3134,49.4161],[-92.3027,49.3914],[-92.2657,49.3458],[-92.2339,49.3165],[-92.2074,49.3035],[-92.1831,49.2845],[-92.161,49.2595],[-92.14,49.243],[-92.12,49.235],[-92.095,49.2331],[-92.065,49.2374],[-92.0374,49.2277],[-92.0122,49.2042],[-92.0257,49.1729],[-92.0781,49.1336],[-92.1021,49.1042],[-92.0979,49.0845],[-92.1043,49.0733],[-92.1214,49.0704],[-92.1374,49.0737],[-92.1522,49.0831],[-92.1557,49.1009],[-92.1479,49.1271],[-92.1555,49.1501],[-92.1785,49.1701],[-92.195,49.1818],[-92.205,49.1852],[-92.23,49.1749],[-92.27,49.151],[-92.305,49.1525],[-92.335,49.1793],[-92.37,49.1844],[-92.41,49.1679],[-92.44,49.1608],[-92.46,49.1632],[-92.4768,49.1714],[-92.4903,49.1854],[-92.4878,49.2055],[-92.4694,49.2317],[-92.4683,49.2578],[-92.4845,49.2839],[-92.5419,49.3081],[-92.6406,49.3305],[-92.725,49.338],[-92.795,49.3305],[-92.8426,49.3356],[-92.8678,49.3533],[-92.8768,49.3686]],[[-92.5459,49.4847],[-92.5353,49.4957],[-92.4992,49.5022],[-92.4375,49.5042],[-92.4019,49.5117],[-92.3926,49.5247],[-92.3734,49.5371],[-92.3445,49.549],[-92.3123,49.5523],[-92.2768,49.5468],[-92.2568,49.535],[-92.2523,49.5167],[-92.235,49.5238],[-92.205,49.5562],[-92.1719,49.5685],[-92.1358,49.5609],[-92.1275,49.5506],[-92.1472,49.5377],[-92.1532,49.5214],[-92.1454,49.5019],[-92.1586,49.4716],[-92.1929,49.4305],[-92.215,49.408],[-92.225,49.4042],[-92.25,49.4103],[-92.29,49.4262],[-92.3213,49.4324],[-92.3438,49.4289],[-92.3388,49.3948],[-92.3063,49.33],[-92.27,49.2965],[-92.23,49.2945],[-92.195,49.2757],[-92.165,49.2401],[-92.14,49.2193],[-92.12,49.2132],[-92.095,49.2122],[-92.065,49.216],[-92.0434,49.2149],[-92.0302,49.2087],[-92.0252,49.1999],[-92.0284,49.1886],[-92.05,49.1781],[-92.09,49.1683],[-92.14,49.1815],[-92.2,49.2175],[-92.24,49.2464],[-92.26,49.2682],[-92.28,49.2805],[-92.3,49.2831],[-92.3214,49.2778],[-92.3442,49.2645],[-92.3371,49.248],[-92.3,49.2284],[-92.2788,49.2121],[-92.2733,49.199],[-92.2904,49.1972],[-92.3301,49.2066],[-92.37,49.2007],[-92.41,49.1796],[-92.44,49.1702],[-92.46,49.1727],[-92.472,49.1818],[-92.4761,49.1976],[-92.4665,49.2153],[-92.4432,49.2349],[-92.4378,49.2643],[-92.4503,49.3035],[-92.4399,49.3192],[-92.4066,49.3116],[-92.3822,49.3181],[-92.3666,49.3388],[-92.3686,49.3589],[-92.3881,49.3784],[-92.4159,49.3868],[-92.452,49.3841],[-92.4788,49.4003],[-92.4964,49.4356],[-92.5167,49.4597],[-92.5397,49.4727],[-92.5459,49.4847]],[[-92.0994,49.5701],[-92.0869,49.5701],[-92.0827,49.5669],[-92.0867,49.5604],[-92.0929,49.5604],[-92.1014,49.5669],[-92.0994,49.5701]],[[-92.7541,49.3663],[-92.738,49.3746],[-92.7246,49.3746],[-92.7138,49.3663],[-92.7138,49.3589],[-92.7246,49.3524],[-92.738,49.3524],[-92.7541,49.3589],[-92.7541,49.3663]],[[-92.6537,49.3542],[-92.6379,49.3643],[-92.6232,49.3643],[-92.6096,49.3542],[-92.6096,49.3454],[-92.6232,49.3381],[-92.6379,49.3381],[-92.6537,49.3454],[-92.6537,49.3542]],[[-92.5445,49.3389],[-92.5348,49.3446],[-92.5252,49.3446],[-92.5155,49.3389],[-92.5155,49.3325],[-92.5252,49.3253],[-92.5348,49.3253],[-92.5445,49.3325],[-92.5445,49.3389]]]}},{"type":"Feature","properties":{"c":"#80ff00","v0":0.005,"v1":0.008},"geometry":{"type":"Polygon","coordinates":[[[-67.9012,49.4922],[-67.8863,49.4922],[-67.8817,49.4888],[-67.8872,49.482],[-67.8946,49.482],[-67.9039,49.4888],[-67.9012,49.4922]]]}},{"type":"Feature","properties":{"c":"#80ff00","v0":0.005,"v1":0.008},"geometry":{"type":"Polygon","coordinates":[[[-93.9842,49.4232],[-93.9747,49.4413],[-93.96,49.4517],[-93.94,49.4544],[-93.9128,49.4422],[-93.8784,49.4148],[-93.8611,49.3947],[-93.8608,49.3816],[-93.873,49.3705],[-93.8977,49.3612],[-93.925,49.3627],[-93.955,49.3749],[-93.9747,49.3893],[-93.9842,49.4059],[-93.9842,49.4232]],[[-93.9731,49.4207],[-93.9674,49.4337],[-93.9559,49.4411],[-93.9386,49.4428],[-93.9178,49.4298],[-93.8934,49.402],[-93.8934,49.3854],[-93.9178,49.38],[-93.9415,49.3865],[-93.9644,49.405],[-93.9731,49.4207]]]}},{"type":"Feature","properties":{"c":"#80ff00","v0":0.005,"v1":0.008},"geometry":{"type":"Polygon","coordinates":[[[-124.0402,49.3654],[-124.0152,49.3979],[-123.9845,49.4184],[-123.9482,49.4268],[-123.9291,49.4236],[-123.9272,49.4086],[-123.9422,49.3841],[-123.9741,49.3499],[-124.0,49.3319],[-124.02,49.33],[-124.0357,49.334],[-124.047,49.3441],[-124.0402,49.3654]],[[-124.0105,49.3621],[-124.0001,49.3882],[-123.9837,49.4045],[-123.9612,49.4111],[-123.9664,49.3981],[-123.9993,49.3654],[-124.0105,49.3621]]]}},{"type":"Feature","properties":{"c":"#80ff00","v0":0.005,"v1":0.008},"geometry":{"type":"Polygon","coordinates":[[[-94.3693,49.3795],[-94.3564,49.3881],[-94.3396,49.3881],[-94.3189,49.3795],[-94.3189,49.3697],[-94.3396,49.3589],[-94.3564,49.3589],[-94.3693,49.3697],[-94.3693,49.3795]]]}},{"type":"Feature","properties":{"c":"#80ff00","v0":0.005,"v1":0.008},"geometry":{"type":"Polygon","coordinates":[[[-91.9632,49.365],[-91.9411,49.3706],[-91.925,49.3633],[-91.915,49.3428],[-91.92,49.3312],[-91.94,49.3284],[-91.9561,49.3358],[-91.9682,49.3533],[-91.9632,49.365]]]}},{"type":"Feature","properties":{"c":"#80ff00","v0":0.005,"v1":0.008},"geometry":{"type":"Polygon","coordinates":[[[-93.0747,49.3404],[-93.0716,49.3491],[-93.0611,49.3523],[-93.0433,49.3502],[-93.0383,49.344],[-93.0461,49.3338],[-93.0566,49.3305],[-93.0697,49.3342],[-93.0747,49.3404]]]}},{"type":"Feature","properties":{"c":"#80ff00","v0":0.005,"v1":0.008},"geometry":{"type":"Polygon","coordinates":[[[-94.6018,49.2186],[-94.5703,49.2447],[-94.5683,49.2643],[-94.5957,49.2774],[-94.6046,49.2945],[-94.5949,49.3157],[-94.5557,49.3157],[-94.4871,49.2945],[-94.4421,49.2744],[-94.4207,49.2554],[-94.39,49.2534],[-94.35,49.2684],[-94.305,49.2782],[-94.255,49.2829],[-94.228,49.2784],[-94.2241,49.2646],[-94.2327,49.2545],[-94.2537,49.248],[-94.2656,49.2368],[-94.2685,49.2208],[-94.2828,49.2012],[-94.3084,49.178],[-94.3148,49.1598],[-94.3019,49.1467],[-94.282,49.1369],[-94.255,49.1303],[-94.2308,49.1042],[-94.2093,49.0583],[-94.1864,49.0344],[-94.1621,49.0326],[-94.1327,49.0457],[-94.098,49.0738],[-94.098,49.1097],[-94.1327,49.1535],[-94.166,49.1829],[-94.1981,49.198],[-94.2127,49.2153],[-94.2098,49.2349],[-94.1987,49.2497],[-94.1796,49.2597],[-94.1512,49.2662],[-94.1135,49.2693],[-94.0835,49.2836],[-94.0612,49.3091],[-94.035,49.3217],[-94.005,49.3213],[-93.975,49.3262],[-93.945,49.3366],[-93.9224,49.337],[-93.9072,49.3277],[-93.9122,49.3111],[-93.9374,49.2873],[-93.98,49.2657],[-94.04,49.2463],[-94.065,49.2134],[-94.055,49.1669],[-94.035,49.1408],[-94.005,49.135],[-93.95,49.1424],[-93.87,49.1628],[-93.8107,49.1877],[-93.7721,49.217],[-93.758,49.2447],[-93.7686,49.2708],[-93.748,49.2918],[-93.696,49.3075],[-93.6383,49.301],[-93.5748,49.2722],[-93.543,49.2447],[-93.543,49.2186],[-93.524,49.1892],[-93.4858,49.1565],[-93.4926,49.1235],[-93.5442,49.0901],[-93.58,49.0768],[-93.6,49.0836],[-93.62,49.0978],[-93.64,49.1195],[-93.68,49.1284],[-93.74,49.1246],[-93.79,49.1149],[-93.83,49.0993],[-93.88,49.0957],[-93.94,49.1043],[-93.9832,49.1001],[-94.0095,49.0832],[-94.0302,49.0616],[-94.0454,49.0354],[-94.0412,48.9993],[-94.0177,48.9533],[-94.0095,48.9238],[-94.0164,48.9106],[-94.0274,48.9029],[-94.0425,48.9004],[-94.07,48.9059],[-94.11,48.9191],[-94.1513,48.9499],[-94.194,48.9981],[-94.2225,49.0223],[-94.2368,49.0223],[-94.2505,49.0143],[-94.2635,48.9985],[-94.278,48.9919],[-94.2941,48.9946],[-94.3013,49.0059],[-94.2998,49.0255],[-94.3218,49.0469],[-94.3673,49.07],[-94.3989,49.0962],[-94.4168,49.1255],[-94.4155,49.15],[-94.3952,49.1696],[-94.3912,49.1871],[-94.4037,49.2026],[-94.4252,49.2092],[-94.4557,49.2068],[-94.4807,49.1965],[-94.5002,49.1783],[-94.53,49.1622],[-94.57,49.1483],[-94.5957,49.1443],[-94.6071,49.1503],[-94.6139,49.1663],[-94.6164,49.1925],[-94.6018,49.2186]],[[-94.0491,49.115],[-94.0364,49.1172],[-94.0294,49.1139],[-94.0281,49.1052],[-94.0345,49.1042],[-94.0485,49.1107],[-94.0491,49.115]],[[-93.7337,49.2741],[-93.7333,49.2806],[-93.7173,49.2885],[-93.6858,49.2977],[-93.6604,49.2977],[-93.6411,49.2885],[-93.6361,49.2788],[-93.6454,49.2685],[-93.671,49.2653],[-93.713,49.269],[-93.7337,49.2741]],[[-93.6291,49.1747],[-93.603,49.1914],[-93.5803,49.1946],[-93.5609,49.1845],[-93.5559,49.1586],[-93.5653,49.1169],[-93.58,49.1008],[-93.6,49.1104],[-93.618,49.128],[-93.6341,49.1536],[-93.6291,49.1747]],[[-94.5845,49.2104],[-94.5615,49.2203],[-94.5415,49.2203],[-94.5244,49.2104],[-94.5194,49.1997],[-94.5265,49.1879],[-94.54,49.1791],[-94.56,49.1732],[-94.5765,49.1791],[-94.5895,49.1967],[-94.5845,49.2104]],[[-94.5813,49.301],[-94.5738,49.3092],[-94.545,49.3029],[-94.495,49.2822],[-94.4682,49.2617],[-94.4645,49.2417],[-94.4726,49.2317],[-94.4926,49.2317],[-94.5094,49.2431],[-94.5231,49.266],[-94.5438,49.2823],[-94.5713,49.2921],[-94.5813,49.301]],[[-94.3104,49.0902],[-94.2835,49.095],[-94.2626,49.0851],[-94.2479,49.0607],[-94.2529,49.0482],[-94.2776,49.0475],[-94.2985,49.0573],[-94.3154,49.0776],[-94.3104,49.0902]],[[-94.1412,49.0048],[-94.1071,49.0224],[-94.0863,49.0191],[-94.079,48.995],[-94.0622,48.973],[-94.036,48.9533],[-94.0247,48.9365],[-94.0282,48.9225],[-94.0489,48.9192],[-94.0866,48.9266],[-94.1088,48.9402],[-94.1153,48.9599],[-94.1285,48.9763],[-94.1484,48.9894],[-94.1412,49.0048]],[[-94.1865,49.2276],[-94.1622,49.2456],[-94.1403,49.2423],[-94.1209,49.2178],[-94.1259,49.2041],[-94.1553,49.2012],[-94.1772,49.2045],[-94.1915,49.2139],[-94.1865,49.2276]],[[-94.0474,49.2969],[-94.0286,49.2969],[-94.0269,49.2937],[-94.0423,49.2872],[-94.0517,49.2872],[-94.0551,49.2937],[-94.0474,49.2969]],[[-93.9249,49.1312],[-93.915,49.1396],[-93.89,49.1466],[-93.85,49.1524],[-93.8,49.174],[-93.74,49.2115],[-93.695,49.2274],[-93.665,49.2216],[-93.665,49.1983],[-93.695,49.1574],[-93.73,49.1372],[-93.77,49.1375],[-93.805,49.1293],[-93.835,49.1125],[-93.87,49.1098],[-93.9099,49.1213],[-93.9249,49.1312]]]}},{"type":"Feature","properties":{"c":"#80ff00","v0":0.005,"v1":0.008},"geometry":{"type":"Polygon","coordinates":[[[-94.9364,49.2876],[-94.9188,49.295],[-94.9049,49.2917],[-94.8947,49.2778],[-94.8997,49.2697],[-94.9199,49.2674],[-94.9338,49.2707],[-94.9414,49.2795],[-94.9364,49.2876]]]}},{"type":"Feature","properties":{"c":"#80ff00","v0":0.005,"v1":0.008},"geometry":{"type":"Polygon","coordinates":[[[-96.4101,49.2648],[-96.3967,49.2788],[-96.38,49.2874],[-96.36,49.2906],[-96.3439,49.2869],[-96.3318,49.2762],[-96.3268,49.2615],[-96.3289,49.2427],[-96.34,49.2321],[-96.36,49.2296],[-96.3817,49.2357],[-96.4051,49.2504],[-96.4101,49.2648]]]}},{"type":"Feature","properties":{"c":"#80ff00","v0":0.005,"v1":0.008},"geometry":{"type":"Polygon","coordinates":[[[-93.4149,49.028],[-93.3983,49.0394],[-93.345,49.0473],[-93.255,49.0517],[-93.1709,49.0853],[-93.0927,49.1481],[-93.0531,49.1892],[-93.0522,49.2088],[-93.0464,49.2214],[-93.0355,49.2271],[-93.015,49.2243],[-92.985,49.2131],[-92.955,49.2105],[-92.925,49.2166],[-92.895,49.2166],[-92.865,49.2103],[-92.8415,49.2231],[-92.8244,49.2549],[-92.8044,49.2751],[-92.7815,49.2835],[-92.745,49.2792],[-92.695,49.2621],[-92.658,49.2416],[-92.6341,49.2176],[-92.6215,49.199],[-92.6202,49.1859],[-92.6294,49.1696],[-92.649,49.15],[-92.6968,49.1238],[-92.7727,49.0911],[-92.7957,49.0649],[-92.7658,49.0452],[-92.7563,49.0124],[-92.7674,48.9665],[-92.7598,48.9369],[-92.7337,48.9238],[-92.723,48.9068],[-92.7277,48.886],[-92.76,48.8826],[-92.82,48.8965],[-92.87,48.8923],[-92.91,48.87],[-92.95,48.8581],[-92.99,48.8564],[-93.0078,48.8743],[-93.0033,48.9117],[-92.9845,48.9533],[-92.9512,48.9993],[-92.9484,49.0381],[-92.9761,49.0698],[-92.9954,49.0829],[-93.0063,49.0774],[-93.004,49.0649],[-92.9885,49.0452],[-93.0165,49.0059],[-93.0881,48.9468],[-93.1102,48.9041],[-93.0829,48.8778],[-93.0723,48.8547],[-93.0784,48.835],[-93.0736,48.8153],[-93.0579,48.7957],[-92.995,48.7801],[-92.885,48.7685],[-92.8241,48.7585],[-92.8123,48.7502],[-92.8123,48.7411],[-92.8241,48.7313],[-92.9,48.74],[-93.04,48.767],[-93.13,48.7939],[-93.17,48.8205],[-93.1912,48.8448],[-93.1935,48.8668],[-93.2124,48.8876],[-93.2479,48.9074],[-93.2557,48.9238],[-93.2357,48.9369],[-93.2168,48.9657],[-93.1989,49.0101],[-93.205,49.0327],[-93.235,49.0335],[-93.28,49.0247],[-93.34,49.0062],[-93.38,48.9985],[-93.4,49.0014],[-93.4133,49.0077],[-93.4199,49.0174],[-93.4149,49.028]],[[-92.8414,49.1696],[-92.8034,49.2023],[-92.7869,49.2284],[-92.7922,49.248],[-92.7886,49.2611],[-92.7762,49.2676],[-92.7618,49.2676],[-92.7455,49.2611],[-92.7305,49.2454],[-92.7168,49.2208],[-92.6931,49.2044],[-92.6594,49.1965],[-92.6494,49.1816],[-92.6631,49.1597],[-92.69,49.1382],[-92.73,49.1169],[-92.77,49.1102],[-92.81,49.1182],[-92.8376,49.13],[-92.8529,49.1455],[-92.8414,49.1696]],[[-92.7722,48.9068],[-92.7574,48.9124],[-92.7464,48.9091],[-92.7391,48.897],[-92.7465,48.8942],[-92.7686,48.9008],[-92.7722,48.9068]],[[-93.3919,49.0223],[-93.3698,49.0223],[-93.3666,49.0189],[-93.3822,49.0121],[-93.3932,49.0121],[-93.3997,49.0189],[-93.3919,49.0223]],[[-93.1692,48.9927],[-93.146,49.0124],[-93.1392,49.0354],[-93.1487,49.0616],[-93.1376,49.0845],[-93.1059,49.104],[-93.0768,49.1139],[-93.0504,49.1139],[-93.0447,49.1009],[-93.0598,49.0747],[-93.0575,49.0583],[-93.0377,49.0518],[-93.0283,49.0419],[-93.0293,49.0288],[-93.0548,49.0072],[-93.1049,48.9771],[-93.14,48.9627],[-93.16,48.9641],[-93.1727,48.9693],[-93.1781,48.9784],[-93.1692,48.9927]],[[-92.9673,48.9039],[-92.9424,48.9562],[-92.9032,48.9792],[-92.8496,48.9729],[-92.8246,48.9613],[-92.8282,48.9444],[-92.86,48.9193],[-92.92,48.886],[-92.9574,48.8715],[-92.9723,48.8757],[-92.9673,48.9039]],[[-92.8994,49.0282],[-92.8798,49.04],[-92.861,49.0368],[-92.8431,49.0183],[-92.8431,49.0062],[-92.861,49.0003],[-92.8798,49.0036],[-92.8994,49.016],[-92.8994,49.0282]],[[-93.1551,48.8876],[-93.125,48.8811],[-93.1099,48.8697],[-93.11,48.8535],[-93.1202,48.8469],[-93.1407,48.8499],[-93.1557,48.8613],[-93.1654,48.8811],[-93.1551,48.8876]]]}},{"type":"Feature","properties":{"c":"#80ff00","v0":0.005,"v1":0.008},"geometry":{"type":"Polygon","coordinates":[[[-97.1536,49.2621],[-97.1379,49.2706],[-97.12,49.2641],[-97.1,49.2425],[-97.1,49.2296],[-97.12,49.2256],[-97.1379,49.2321],[-97.1536,49.2492],[-97.1536,49.2621]],[[-97.1338,49.2474],[-97.1313,49.2528],[-97.1244,49.2528],[-97.1131,49.2474],[-97.1143,49.2447],[-97.1281,49.2447],[-97.1338,49.2474]]]}},{"type":"Feature","properties":{"c":"#80ff00","v0":0.005,"v1":0.008},"geometry":{"type":"Polygon","coordinates":[[[-93.3872,49.2301],[-93.3491,49.253],[-93.32,49.2646],[-93.3,49.2648],[-93.2868,49.2566],[-93.2803,49.24],[-93.2853,49.2234],[-93.3018,49.2068],[-93.325,49.1985],[-93.355,49.1985],[-93.3791,49.2035],[-93.3972,49.2136],[-93.3872,49.2301]],[[-93.3583,49.2258],[-93.3394,49.2402],[-93.3216,49.2435],[-93.3048,49.2356],[-93.3048,49.2253],[-93.3216,49.2125],[-93.3394,49.2092],[-93.3583,49.2155],[-93.3583,49.2258]]]}},{"type":"Feature","properties":{"c":"#80ff00","v0":0.005,"v1":0.008},"geometry":{"type":"Polygon","coordinates":[[[-95.0523,49.2018],[-95.0374,49.2205],[-95.0189,49.227],[-94.9968,49.2214],[-94.9918,49.21],[-95.0039,49.1927],[-95.0224,49.1861],[-95.0473,49.1904],[-95.0523,49.2018]]]}},{"type":"Feature","properties":{"c":"#80ff00","v0":0.005,"v1":0.008},"geometry":{"type":"Polygon","coordinates":[[[-67.6296,49.1992],[-67.6165,49.2127],[-67.6,49.219],[-67.58,49.2183],[-67.5649,49.205],[-67.5546,49.1792],[-67.5348,49.1598],[-67.5054,49.1467],[-67.4947,49.1336],[-67.5027,49.1205],[-67.5175,49.1154],[-67.5392,49.1183],[-67.553,49.1281],[-67.559,49.1449],[-67.574,49.1563],[-67.598,49.1624],[-67.6165,49.1722],[-67.6296,49.1857],[-67.6296,49.1992]],[[-67.6159,49.198],[-67.5986,49.2091],[-67.5819,49.2091],[-67.5657,49.198],[-67.5657,49.1867],[-67.5819,49.1752],[-67.5986,49.1752],[-67.6159,49.1867],[-67.6159,49.198]],[[-67.5352,49.1414],[-67.5184,49.144],[-67.5094,49.1407],[-67.5082,49.1316],[-67.5132,49.1259],[-67.5244,49.1236],[-67.5334,49.1269],[-67.5402,49.1357],[-67.5352,49.1414]]]}},{"type":"Feature","properties":{"c":"#80ff00","v0":0.005,"v1":0.008},"geometry":{"type":"Polygon","coordinates":[[[-94.7777,49.1336],[-94.7568,49.1467],[-94.748,49.1663],[-94.7513,49.1925],[-94.7472,49.2078],[-94.7357,49.2124],[-94.7245,49.2124],[-94.7135,49.2078],[-94.702,49.1892],[-94.6901,49.1565],[-94.7056,49.1318],[-94.7485,49.1152],[-94.7745,49.1119],[-94.7836,49.122],[-94.7777,49.1336]]]}},{"type":"Feature","properties":{"c":"#80ff00","v0":0.005,"v1":0.008},"geometry":{"type":"Polygon","coordinates":[[[-98.4057,49.1456],[-98.3952,49.1565],[-98.37,49.1639],[-98.33,49.1679],[-98.3,49.1681],[-98.28,49.1646],[-98.2653,49.1572],[-98.256,49.1458],[-98.256,49.1361],[-98.2653,49.1279],[-98.295,49.1222],[-98.345,49.1189],[-98.3802,49.123],[-98.4007,49.1344],[-98.4057,49.1456]],[[-98.3823,49.1432],[-98.3741,49.1493],[-98.3633,49.1493],[-98.35,49.1432],[-98.3541,49.1402],[-98.3756,49.1402],[-98.3823,49.1432]]]}},{"type":"Feature","properties":{"c":"#80ff00","v0":0.005,"v1":0.008},"geometry":{"type":"Polygon","coordinates":[[[-95.2329,49.0845],[-95.2033,49.1303],[-95.1771,49.1565],[-95.1542,49.1631],[-95.1403,49.1598],[-95.1355,49.1467],[-95.1457,49.1303],[-95.1709,49.1107],[-95.1777,49.0845],[-95.1661,49.0518],[-95.1447,49.0223],[-95.1133,48.996],[-95.1257,48.9726],[-95.1819,48.9521],[-95.215,48.9439],[-95.225,48.9479],[-95.2279,48.9648],[-95.2236,48.9943],[-95.228,49.0223],[-95.2411,49.0485],[-95.2329,49.0845]],[[-95.1818,49.0007],[-95.1739,49.0101],[-95.1602,49.0101],[-95.1406,49.0007],[-95.1356,48.9927],[-95.1452,48.986],[-95.1589,48.986],[-95.1768,48.9927],[-95.1818,49.0007]]]}},{"type":"Feature","properties":{"c":"#80ff00","v0":0.005,"v1":0.008},"geometry":{"type":"Polygon","coordinates":[[[-93.1852,49.1479],[-93.1751,49.1635],[-93.1581,49.1667],[-93.1343,49.1577],[-93.1293,49.1493],[-93.1431,49.1416],[-93.1601,49.1383],[-93.1802,49.1395],[-93.1852,49.1479]]]}},{"type":"Feature","properties":{"c":"#80ff00","v0":0.005,"v1":0.008},"geometry":{"type":"Polygon","coordinates":[[[-67.6966,49.0518],[-67.6922,49.0585],[-67.6844,49.0585],[-67.6733,49.0518],[-67.6755,49.0485],[-67.691,49.0485],[-67.6966,49.0518]]]}},{"type":"Feature","properties":{"c":"#80ff00","v0":0.005,"v1":0.008},"geometry":{"type":"Polygon","coordinates":[[[-94.7684,49.0354],[-94.7511,49.0354],[-94.7427,49.0321],[-94.743,49.0255],[-94.7499,49.0219],[-94.7633,49.0213],[-94.7717,49.0246],[-94.7752,49.0318],[-94.7684,49.0354]]]}},{"type":"Feature","properties":{"c":"#80ff00","v0":0.005,"v1":0.008},"geometry":{"type":"Polygon","coordinates":[[[-94.6878,49.0373],[-94.6626,49.041],[-94.6425,49.0345],[-94.6274,49.0176],[-94.6324,49.0079],[-94.6575,49.0055],[-94.6776,49.012],[-94.6928,49.0276],[-94.6878,49.0373]]]}},{"type":"Feature","properties":{"c":"#80ff00","v0":0.005,"v1":0.008},"geometry":{"type":"Polygon","coordinates":[[[-94.5067,49.0147],[-94.4956,49.0259],[-94.4783,49.0226],[-94.4548,49.0049],[-94.4524,48.9927],[-94.4711,48.9862],[-94.4884,48.9894],[-94.5043,49.0026],[-94.5067,49.0147]]]}},{"type":"Feature","properties":{"c":"#80ff00","v0":0.005,"v1":0.008},"geometry":{"type":"Polygon","coordinates":[[[-98.4011,48.9893],[-98.3804,49.0021],[-98.3566,49.0054],[-98.3297,48.9991],[-98.3297,48.985],[-98.3566,48.9628],[-98.3771,48.953],[-98.3912,48.9554],[-98.4016,48.9632],[-98.4082,48.9763],[-98.4011,48.9893]],[[-98.3801,48.9863],[-98.36,48.993],[-98.3478,48.993],[-98.3435,48.9863],[-98.3485,48.9797],[-98.3628,48.9735],[-98.375,48.9735],[-98.3851,48.9797],[-98.3801,48.9863]]]}},{"type":"Feature","properties":{"c":"#80ff00","v0":0.005,"v1":0.008},"geometry":{"type":"Polygon","coordinates":[[[-94.4357,48.9369],[-94.3919,48.9762],[-94.3631,48.9959],[-94.3493,48.996],[-94.3386,48.9927],[-94.3309,48.9862],[-94.3328,48.9556],[-94.3443,48.901],[-94.36,48.8724],[-94.38,48.8698],[-94.4069,48.8806],[-94.4407,48.905],[-94.4357,48.9369]],[[-94.3867,48.9212],[-94.3756,48.9293],[-94.37,48.9281],[-94.37,48.9176],[-94.3756,48.9136],[-94.3867,48.916],[-94.3867,48.9212]]]}},{"type":"Feature","properties":{"c":"#80ff00","v0":0.005,"v1":0.008},"geometry":{"type":"Polygon","coordinates":[[[-94.0355,48.8054],[-93.9934,48.8185],[-93.9709,48.835],[-93.9683,48.8547],[-93.9377,48.8905],[-93.8792,48.9422],[-93.82,48.9663],[-93.76,48.9627],[-93.7045,48.9697],[-93.6536,48.9872],[-93.6237,48.9796],[-93.6148,48.9468],[-93.6466,48.9074],[-93.7192,48.8613],[-93.7577,48.8218],[-93.7622,48.7889],[-93.7764,48.7658],[-93.8004,48.7526],[-93.8167,48.7379],[-93.8256,48.7215],[-93.84,48.7152],[-93.86,48.7192],[-93.88,48.7334],[-93.9,48.758],[-93.935,48.7689],[-93.985,48.7661],[-94.0217,48.7732],[-94.045,48.7903],[-94.0355,48.8054]],[[-93.876,48.8218],[-93.8207,48.8416],[-93.8083,48.8679],[-93.8388,48.9008],[-93.8499,48.9271],[-93.8417,48.9468],[-93.8185,48.9533],[-93.7802,48.9468],[-93.7533,48.9372],[-93.7378,48.9245],[-93.72,48.9288],[-93.7,48.9501],[-93.675,48.9623],[-93.645,48.9656],[-93.63,48.9558],[-93.63,48.9329],[-93.65,48.9195],[-93.69,48.9156],[-93.7119,48.9047],[-93.7158,48.8867],[-93.7353,48.8712],[-93.7705,48.858],[-93.7886,48.8436],[-93.7895,48.8279],[-93.805,48.8093],[-93.835,48.7879],[-93.8634,48.7859],[-93.8902,48.8033],[-93.876,48.8218]]]}},{"type":"Feature","properties":{"c":"#80ff00","v0":0.005,"v1":0.008},"geometry":{"type":"Polygon","coordinates":[[[-92.1653,48.9549],[-92.1418,48.9776],[-92.1148,48.9874],[-92.0845,48.9844],[-92.0745,48.9684],[-92.0848,48.9394],[-92.1118,48.9296],[-92.1553,48.9388],[-92.1653,48.9549]],[[-92.1298,48.9607],[-92.1166,48.9689],[-92.1059,48.9689],[-92.0976,48.9607],[-92.0976,48.953],[-92.1059,48.9458],[-92.1166,48.9458],[-92.1298,48.953],[-92.1298,48.9607]]]}},{"type":"Feature","properties":{"c":"#80ff00","v0":0.005,"v1":0.008},"geometry":{"type":"Polygon","coordinates":[[[-67.7624,48.9613],[-67.7541,48.9706],[-67.72,48.9755],[-67.66,48.9759],[-67.6264,48.9581],[-67.6192,48.9221],[-67.6292,48.9021],[-67.6564,48.8981],[-67.6753,48.9047],[-67.6858,48.9218],[-67.7058,48.9305],[-67.7353,48.9309],[-67.7541,48.9375],[-67.7624,48.9503],[-67.7624,48.9613]],[[-67.6708,48.9599],[-67.6569,48.9665],[-67.6457,48.9665],[-67.6371,48.9599],[-67.635,48.9435],[-67.6394,48.9172],[-67.6487,48.9068],[-67.6629,48.9124],[-67.6719,48.9255],[-67.6758,48.9463],[-67.6708,48.9599]]]}},{"type":"Feature","properties":{"c":"#80ff00","v0":0.005,"v1":0.008},"geometry":{"type":"Polygon","coordinates":[[[-92.492,48.9475],[-92.4773,48.9555],[-92.4604,48.9555],[-92.4411,48.9475],[-92.4411,48.9399],[-92.4604,48.9327],[-92.4773,48.9327],[-92.492,48.9399],[-92.492,48.9475]]]}},{"type":"Feature","properties":{"c":"#80ff00","v0":0.005,"v1":0.008},"geometry":{"type":"Polygon","coordinates":[[[-94.8237,48.9304],[-94.8057,48.9304],[-94.785,48.9158],[-94.7617,48.8868],[-94.7623,48.8736],[-94.787,48.8764],[-94.8076,48.8909],[-94.8244,48.9172],[-94.8237,48.9304]]]}},{"type":"Feature","properties":{"c":"#80ff00","v0":0.005,"v1":0.008},"geometry":{"type":"Polygon","coordinates":[[[-93.4538,48.923],[-93.4379,48.9346],[-93.42,48.9397],[-93.4,48.9383],[-93.3839,48.9325],[-93.3717,48.9223],[-93.3767,48.9123],[-93.3989,48.9025],[-93.4229,48.9025],[-93.4488,48.9123],[-93.4538,48.923]]]}},{"type":"Feature","properties":{"c":"#80ff00","v0":0.005,"v1":0.008},"geometry":{"type":"Polygon","coordinates":[[[-98.1262,48.8824],[-98.1154,48.8917],[-98.1048,48.8949],[-98.0943,48.8923],[-98.0943,48.8838],[-98.1048,48.8696],[-98.1154,48.8663],[-98.1262,48.8739],[-98.1262,48.8824]]]}},{"type":"Feature","properties":{"c":"#80ff00","v0":0.005,"v1":0.008},"geometry":{"type":"Polygon","coordinates":[[[-71.8457,48.8679],[-71.8221,48.8745],[-71.8083,48.8712],[-71.8042,48.858],[-71.8091,48.8499],[-71.823,48.8468],[-71.8369,48.8501],[-71.8506,48.8598],[-71.8457,48.8679]]]}},{"type":"Feature","properties":{"c":"#80ff00","v0":0.005,"v1":0.008},"geometry":{"type":"Polygon","coordinates":[[[-92.8537,48.8296],[-92.8379,48.8385],[-92.8214,48.8352],[-92.8043,48.8197],[-92.8043,48.8098],[-92.8214,48.8056],[-92.8379,48.8089],[-92.8537,48.8197],[-92.8537,48.8296]]]}},{"type":"Feature","properties":{"c":"#80ff00","v0":0.005,"v1":0.008},"geometry":{"type":"Polygon","coordinates":[[[-98.3494,48.8171],[-98.3365,48.8274],[-98.3235,48.8307],[-98.3105,48.827],[-98.3105,48.8207],[-98.3235,48.8119],[-98.3365,48.8086],[-98.3494,48.8108],[-98.3494,48.8171]]]}},{"type":"Feature","properties":{"c":"#80ff00","v0":0.005,"v1":0.008},"geometry":{"type":"Polygon","coordinates":[[[-94.9234,48.7856],[-94.9182,48.8119],[-94.9092,48.8273],[-94.8964,48.8316],[-94.8812,48.8184],[-94.8636,48.7877],[-94.8686,48.7674],[-94.8962,48.7575],[-94.914,48.7575],[-94.922,48.7674],[-94.9234,48.7856]]]}},{"type":"Feature","properties":{"c":"#80ff00","v0":0.005,"v1":0.008},"geometry":{"type":"Polygon","coordinates":[[[-93.6955,48.8073],[-93.6785,48.8244],[-93.6559,48.8277],[-93.6276,48.8172],[-93.6226,48.8035],[-93.6409,48.7867],[-93.6635,48.7834],[-93.6905,48.7937],[-93.6955,48.8073]],[[-93.6721,48.814],[-93.6574,48.818],[-93.6461,48.8148],[-93.6384,48.8041],[-93.6434,48.7976],[-93.6611,48.7952],[-93.6724,48.7985],[-93.6771,48.8075],[-93.6721,48.814]]]}},{"type":"Feature","properties":{"c":"#80ff00","v0":0.005,"v1":0.008},"geometry":{"type":"Polygon","coordinates":[[[-94.7312,48.7399],[-94.7037,48.7539],[-94.6831,48.7737],[-94.6693,48.7992],[-94.6417,48.8087],[-94.6002,48.8021],[-94.5809,48.7922],[-94.5838,48.779],[-94.5981,48.7658],[-94.6238,48.7526],[-94.625,48.7269],[-94.6017,48.6887],[-94.5697,48.6656],[-94.5291,48.6576],[-94.5291,48.6213],[-94.5697,48.5565],[-94.6,48.5239],[-94.62,48.5235],[-94.6372,48.5294],[-94.6516,48.5417],[-94.6529,48.5611],[-94.6411,48.5875],[-94.6499,48.614],[-94.6792,48.6404],[-94.6836,48.6635],[-94.6632,48.6834],[-94.6552,48.6966],[-94.6597,48.7032],[-94.6827,48.7131],[-94.7241,48.7263],[-94.7312,48.7399]],[[-94.6423,48.6496],[-94.6074,48.6416],[-94.5878,48.6284],[-94.5833,48.61],[-94.5883,48.6015],[-94.6028,48.6031],[-94.6224,48.6163],[-94.6473,48.6412],[-94.6423,48.6496]],[[-94.6394,48.7883],[-94.6331,48.7937],[-94.6237,48.7937],[-94.6111,48.7883],[-94.6142,48.7856],[-94.6331,48.7856],[-94.6394,48.7883]]]}},{"type":"Feature","properties":{"c":"#80ff00","v0":0.005,"v1":0.008},"geometry":{"type":"Polygon","coordinates":[[[-67.6398,48.7526],[-67.599,48.7658],[-67.5771,48.7691],[-67.574,48.7625],[-67.5819,48.7543],[-67.6006,48.7445],[-67.6225,48.7412],[-67.6476,48.7444],[-67.6398,48.7526]]]}},{"type":"Feature","properties":{"c":"#80ff00","v0":0.005,"v1":0.008},"geometry":{"type":"Polygon","coordinates":[[[-93.4819,48.7384],[-93.474,48.7496],[-93.46,48.7572],[-93.44,48.7614],[-93.4224,48.7526],[-93.4071,48.7306],[-93.4071,48.7174],[-93.4224,48.7128],[-93.444,48.7161],[-93.4719,48.7273],[-93.4819,48.7384]],[[-93.4533,48.7362],[-93.4511,48.743],[-93.444,48.743],[-93.4321,48.7362],[-93.4332,48.7329],[-93.4474,48.7329],[-93.4533,48.7362]]]}},{"type":"Feature","properties":{"c":"#80ff00","v0":0.005,"v1":0.008},"geometry":{"type":"Polygon","coordinates":[[[-92.3926,48.7511],[-92.3775,48.7613],[-92.3638,48.758],[-92.3514,48.7412],[-92.3514,48.7302],[-92.3638,48.7249],[-92.3775,48.7282],[-92.3926,48.7401],[-92.3926,48.7511]]]}},{"type":"Feature","properties":{"c":"#80ff00","v0":0.005,"v1":0.008},"geometry":{"type":"Polygon","coordinates":[[[-97.0139,48.6999],[-97.0038,48.7131],[-96.9886,48.7197],[-96.9681,48.7197],[-96.9659,48.7111],[-96.982,48.6939],[-96.9972,48.6873],[-97.0117,48.6913],[-97.0139,48.6999]]]}},{"type":"Feature","properties":{"c":"#80ff00","v0":0.005,"v1":0.008},"geometry":{"type":"Polygon","coordinates":[[[-77.685,48.6874],[-77.6617,48.7021],[-77.6411,48.7021],[-77.6233,48.6874],[-77.6233,48.6747],[-77.6411,48.6639],[-77.6617,48.6639],[-77.685,48.6747],[-77.685,48.6874]]]}},{"type":"Feature","properties":{"c":"#80ff00","v0":0.005,"v1":0.008},"geometry":{"type":"Polygon","coordinates":[[[-93.7753,48.6461],[-93.7584,48.6576],[-93.742,48.6543],[-93.7261,48.6362],[-93.7261,48.6247],[-93.742,48.6198],[-93.7584,48.6231],[-93.7753,48.6346],[-93.7753,48.6461]]]}},{"type":"Feature","properties":{"c":"#80ff00","v0":0.005,"v1":0.008},"geometry":{"type":"Polygon","coordinates":[[[-93.7153,48.5842],[-93.704,48.6041],[-93.6862,48.6207],[-93.6621,48.6341],[-93.635,48.6404],[-93.605,48.6396],[-93.5828,48.6329],[-93.5684,48.6203],[-93.5634,48.6078],[-93.5678,48.5954],[-93.59,48.5861],[-93.63,48.5796],[-93.665,48.5683],[-93.695,48.5521],[-93.7128,48.5515],[-93.7183,48.5667],[-93.7153,48.5842]],[[-93.6332,48.6165],[-93.6177,48.6215],[-93.6069,48.6215],[-93.6006,48.6165],[-93.6083,48.614],[-93.63,48.614],[-93.6332,48.6165]]]}},{"type":"Feature","properties":{"c":"#80ff00","v0":0.005,"v1":0.008},"geometry":{"type":"Polygon","coordinates":[[[-94.4018,48.5661],[-94.3806,48.5761],[-94.3443,48.5662],[-94.293,48.5363],[-94.2641,48.5114],[-94.2579,48.4915],[-94.2635,48.48],[-94.2812,48.4768],[-94.315,48.4868],[-94.365,48.51],[-94.3956,48.5315],[-94.4068,48.5512],[-94.4018,48.5661]]]}},{"type":"Feature","properties":{"c":"#80ff00","v0":0.005,"v1":0.008},"geometry":{"type":"Polygon","coordinates":[[[-77.8057,48.5547],[-77.7819,48.5686],[-77.7606,48.5719],[-77.7419,48.5647],[-77.7469,48.5521],[-77.7756,48.5341],[-77.7969,48.5308],[-77.8107,48.5422],[-77.8057,48.5547]]]}},{"type":"Feature","properties":{"c":"#80ff00","v0":0.005,"v1":0.008},"geometry":{"type":"Polygon","coordinates":[[[-94.8818,48.5265],[-94.8606,48.5369],[-94.8364,48.5336],[-94.8092,48.5166],[-94.7942,48.5003],[-94.7914,48.4848],[-94.8,48.4756],[-94.82,48.4727],[-94.8456,48.4838],[-94.8768,48.5088],[-94.8818,48.5265]]]}},{"type":"Feature","properties":{"c":"#80ff00","v0":0.005,"v1":0.008},"geometry":{"type":"Polygon","coordinates":[[[-94.1237,48.3007],[-94.1012,48.3109],[-94.084,48.3109],[-94.0719,48.3007],[-94.0671,48.289],[-94.0694,48.2757],[-94.0804,48.267],[-94.1001,48.2629],[-94.1162,48.2696],[-94.1287,48.2869],[-94.1237,48.3007]]]}},{"type":"Feature","properties":{"c":"#80ff00","v0":0.005,"v1":0.008},"geometry":{"type":"Polygon","coordinates":[[[-95.5227,47.9864],[-95.4876,48.0088],[-95.4576,48.0155],[-95.4327,48.0065],[-95.4377,47.9899],[-95.4726,47.9658],[-95.5,47.954],[-95.52,47.9547],[-95.5326,47.9601],[-95.5377,47.9702],[-95.5227,47.9864]]]}},{"type":"Feature","properties":{"c":"#80ff00","v0":0.005,"v1":0.008},"geometry":{"type":"Polygon","coordinates":[[[-94.1994,48.0065],[-94.1798,48.0154],[-94.1662,48.0154],[-94.1586,48.0065],[-94.1636,47.9983],[-94.1812,47.9908],[-94.1948,47.9908],[-94.2044,47.9983],[-94.1994,48.0065]]]}},{"type":"Feature","properties":{"c":"#80ff00","v0":0.005,"v1":0.008},"geometry":{"type":"Polygon","coordinates":[[[-67.8765,47.992],[-67.8579,47.9987],[-67.854,47.9967],[-67.8647,47.9859],[-67.874,47.9826],[-67.8819,47.9866],[-67.8765,47.992]]]}},{"type":"Feature","properties":{"c":"#80ff00","v0":0.005,"v1":0.008},"geometry":{"type":"Polygon","coordinates":[[[-71.4506,47.9689],[-71.4369,47.9829],[-71.4244,47.9896],[-71.4132,47.9889],[-71.4082,47.9814],[-71.4094,47.9669],[-71.4219,47.9602],[-71.4456,47.9613],[-71.4506,47.9689]]]}},{"type":"Feature","properties":{"c":"#80ff00","v0":0.005,"v1":0.008},"geometry":{"type":"Polygon","coordinates":[[[-71.149,47.9652],[-71.1445,47.9719],[-71.1142,47.9774],[-71.0581,47.9818],[-71.0211,47.9718],[-71.0033,47.9473],[-70.9983,47.9245],[-71.0061,47.9032],[-71.02,47.8902],[-71.04,47.8854],[-71.07,47.8859],[-71.11,47.8917],[-71.1353,47.9114],[-71.1459,47.945],[-71.149,47.9652]],[[-71.0996,47.9172],[-71.0799,47.935],[-71.06,47.9441],[-71.04,47.9444],[-71.0324,47.9355],[-71.0372,47.9173],[-71.0571,47.9083],[-71.092,47.9083],[-71.0996,47.9172]]]}},{"type":"Feature","properties":{"c":"#80ff00","v0":0.005,"v1":0.008},"geometry":{"type":"Polygon","coordinates":[[[-71.2896,47.8164],[-71.2765,47.8207],[-71.2691,47.8173],[-71.2672,47.8064],[-71.2738,47.8042],[-71.2887,47.811],[-71.2896,47.8164]]]}},{"type":"Feature","properties":{"c":"#80ff00","v0":0.005,"v1":0.008},"geometry":{"type":"Polygon","coordinates":[[[-68.0523,47.7572],[-68.042,47.7774],[-68.0304,47.7874],[-68.0177,47.7874],[-68.016,47.7779],[-68.0253,47.7588],[-68.0369,47.7487],[-68.0506,47.7476],[-68.0523,47.7572]]]}},{"type":"Feature","properties":{"c":"#80ff00","v0":0.005,"v1":0.008},"geometry":{"type":"Polygon","coordinates":[[[-68.1358,47.6746],[-68.1319,47.6909],[-68.121,47.7044],[-68.1029,47.7149],[-68.1048,47.7068],[-68.1268,47.6798],[-68.1358,47.6746]]]}},{"type":"Feature","properties":{"c":"#80ff00","v0":0.005,"v1":0.008},"geometry":{"type":"Polygon","coordinates":[[[-95.4009,47.6976],[-95.3803,47.7063],[-95.366,47.703],[-95.358,47.6875],[-95.363,47.6771],[-95.381,47.6717],[-95.3953,47.6751],[-95.4059,47.6872],[-95.4009,47.6976]]]}},{"type":"Feature","properties":{"c":"#80ff00","v0":0.005,"v1":0.008},"geometry":{"type":"Polygon","coordinates":[[[-70.6289,47.1656],[-70.6196,47.22],[-70.5954,47.2743],[-70.5565,47.3285],[-70.5434,47.3692],[-70.556,47.3963],[-70.5564,47.42],[-70.5444,47.4402],[-70.5404,47.4605],[-70.5443,47.4808],[-70.5322,47.4968],[-70.5041,47.5086],[-70.4838,47.5086],[-70.4715,47.4968],[-70.4724,47.4808],[-70.4865,47.4605],[-70.4856,47.4402],[-70.4695,47.42],[-70.4644,47.3963],[-70.4702,47.3692],[-70.4532,47.3455],[-70.4132,47.3251],[-70.409,47.3014],[-70.4405,47.2743],[-70.4383,47.2505],[-70.4023,47.2301],[-70.3819,47.1996],[-70.3771,47.1588],[-70.3835,47.1319],[-70.4012,47.1189],[-70.43,47.1169],[-70.47,47.1258],[-70.51,47.1268],[-70.55,47.1197],[-70.5859,47.1217],[-70.6177,47.1328],[-70.6289,47.1656]],[[-70.5253,47.4831],[-70.5151,47.4945],[-70.5038,47.4979],[-70.4913,47.4933],[-70.4913,47.485],[-70.5038,47.4731],[-70.5151,47.4697],[-70.5253,47.4749],[-70.5253,47.4831]],[[-70.5405,47.4145],[-70.5335,47.4239],[-70.5221,47.4273],[-70.5062,47.4246],[-70.4962,47.4125],[-70.4921,47.3909],[-70.5,47.3799],[-70.52,47.3796],[-70.5335,47.387],[-70.5405,47.4022],[-70.5405,47.4145]],[[-70.5875,47.2296],[-70.5625,47.2488],[-70.55,47.2717],[-70.55,47.2984],[-70.54,47.3164],[-70.52,47.3258],[-70.4956,47.3232],[-70.4667,47.3087],[-70.4588,47.2946],[-70.4719,47.2811],[-70.4784,47.2641],[-70.4782,47.2437],[-70.4611,47.2295],[-70.427,47.2216],[-70.406,47.1978],[-70.3979,47.1582],[-70.3979,47.1352],[-70.406,47.1287],[-70.43,47.1304],[-70.47,47.1403],[-70.51,47.1418],[-70.55,47.1349],[-70.5775,47.1535],[-70.5925,47.1978],[-70.5875,47.2296]]]}},{"type":"Feature","properties":{"c":"#80ff00","v0":0.005,"v1":0.008},"geometry":{"type":"Polygon","coordinates":[[[-71.9213,46.4454],[-71.9138,46.4562],[-71.9027,46.4597],[-71.8882,46.4557],[-71.8832,46.4498],[-71.8877,46.4419],[-71.8988,46.4384],[-71.9163,46.4395],[-71.9213,46.4454]]]}},{"type":"Feature","properties":{"c":"#80ff00","v0":0.005,"v1":0.008},"geometry":{"type":"Polygon","coordinates":[[[-71.2547,46.3089],[-71.2475,46.3227],[-71.2204,46.3365],[-71.1735,46.3504],[-71.127,46.3538],[-71.0811,46.3469],[-71.0578,46.3261],[-71.0573,46.2916],[-71.0653,46.2678],[-71.0818,46.2548],[-71.105,46.2565],[-71.135,46.2727],[-71.17,46.2807],[-71.21,46.2806],[-71.2371,46.2858],[-71.2512,46.2966],[-71.2547,46.3089]],[[-71.2303,46.3089],[-71.2143,46.3227],[-71.1772,46.33],[-71.1191,46.3308],[-71.0865,46.317],[-71.0796,46.2885],[-71.0796,46.2715],[-71.0865,46.2658],[-71.105,46.272],[-71.135,46.2903],[-71.165,46.2971],[-71.195,46.2926],[-71.2171,46.2933],[-71.2313,46.2991],[-71.2303,46.3089]]]}},{"type":"Feature","properties":{"c":"#80ff00","v0":0.005,"v1":0.008},"geometry":{"type":"Polygon","coordinates":[[[-65.7337,46.2275],[-65.7179,46.2445],[-65.6946,46.248],[-65.6639,46.2379],[-65.6504,46.2259],[-65.6542,46.2121],[-65.6646,46.2009],[-65.6815,46.1925],[-65.7029,46.196],[-65.7287,46.2113],[-65.7337,46.2275]],[[-65.7251,46.2255],[-65.715,46.2384],[-65.6974,46.2419],[-65.6723,46.2358],[-65.6673,46.2239],[-65.6824,46.2061],[-65.7,46.2026],[-65.7201,46.2135],[-65.7251,46.2255]]]}},{"type":"Feature","properties":{"c":"#80ff00","v0":0.005,"v1":0.008},"geometry":{"type":"Polygon","coordinates":[[[-71.4285,46.1871],[-71.4028,46.2064],[-71.375,46.2123],[-71.345,46.2047],[-71.315,46.2053],[-71.285,46.2143],[-71.2629,46.212],[-71.2488,46.1982],[-71.25,46.1774],[-71.2667,46.1497],[-71.2938,46.1293],[-71.3313,46.1161],[-71.3609,46.1126],[-71.3828,46.1189],[-71.4056,46.1359],[-71.4294,46.1636],[-71.4285,46.1871]],[[-71.4162,46.1835],[-71.3987,46.1957],[-71.375,46.1957],[-71.345,46.1835],[-71.3149,46.1808],[-71.2848,46.1878],[-71.2748,46.18],[-71.2849,46.1573],[-71.305,46.1401],[-71.335,46.1284],[-71.36,46.1257],[-71.38,46.1321],[-71.3987,46.1458],[-71.4162,46.1669],[-71.4162,46.1835]]]}},{"type":"Feature","properties":{"c":"#80ff00","v0":0.005,"v1":0.008},"geometry":{"type":"Polygon","coordinates":[[[-71.7032,46.1219],[-71.6677,46.1495],[-71.6392,46.1426],[-71.6176,46.1011],[-71.6276,46.0788],[-71.6692,46.0756],[-71.6977,46.0825],[-71.7132,46.0996],[-71.7032,46.1219]]]}},{"type":"Feature","properties":{"c":"#80ff00","v0":0.005,"v1":0.008},"geometry":{"type":"Polygon","coordinates":[[[-98.9267,46.1282],[-98.8889,46.1405],[-98.8525,46.144],[-98.8175,46.1386],[-98.8046,46.1151],[-98.8139,46.0735],[-98.8264,46.0457],[-98.8421,46.0319],[-98.86,46.0261],[-98.88,46.0285],[-98.9039,46.0528],[-98.9317,46.0989],[-98.9267,46.1282]],[[-98.9011,46.1265],[-98.867,46.1355],[-98.84,46.137],[-98.82,46.131],[-98.82,46.1066],[-98.84,46.0639],[-98.855,46.0418],[-98.865,46.0405],[-98.882,46.0604],[-98.9061,46.1015],[-98.9011,46.1265]]]}},{"type":"Feature","properties":{"c":"#80ff00","v0":0.005,"v1":0.008},"geometry":{"type":"Polygon","coordinates":[[[-99.0183,45.9408],[-98.9994,45.9672],[-98.9723,45.9776],[-98.9369,45.9721],[-98.9178,45.9624],[-98.915,45.9485],[-98.9227,45.9345],[-98.9409,45.9204],[-98.965,45.9103],[-98.995,45.9043],[-99.0144,45.9078],[-99.0233,45.921],[-99.0183,45.9408]],[[-99.0053,45.9384],[-98.9951,45.9599],[-98.975,45.9685],[-98.945,45.9641],[-98.935,45.9522],[-98.945,45.9326],[-98.96,45.9209],[-98.98,45.917],[-98.9951,45.9182],[-99.0053,45.9245],[-99.0053,45.9384]]]}},{"type":"Feature","properties":{"c":"#80ff00","v0":0.005,"v1":0.008},"geometry":{"type":"Polygon","coordinates":[[[-80.7523,45.851],[-80.7459,45.8649],[-80.7346,45.8745],[-80.7182,45.8795],[-80.695,45.8806],[-80.665,45.8778],[-80.6451,45.8718],[-80.6353,45.8626],[-80.6403,45.8471],[-80.6601,45.8254],[-80.685,45.8146],[-80.715,45.8146],[-80.7364,45.822],[-80.7491,45.8367],[-80.7523,45.851]]]}},{"type":"Feature","properties":{"c":"#80ff00","v0":0.005,"v1":0.008},"geometry":{"type":"Polygon","coordinates":[[[-80.5841,45.8078],[-80.5747,45.8188],[-80.555,45.8251],[-80.525,45.8267],[-80.5018,45.8142],[-80.4855,45.7876],[-80.4905,45.7679],[-80.5168,45.7549],[-80.5447,45.7619],[-80.5741,45.7888],[-80.5841,45.8078]],[[-80.555,45.7952],[-80.5383,45.8089],[-80.5208,45.8089],[-80.5024,45.7952],[-80.5024,45.7818],[-80.5208,45.769],[-80.5383,45.769],[-80.555,45.7818],[-80.555,45.7952]]]}},{"type":"Feature","properties":{"c":"#80ff00","v0":0.005,"v1":0.008},"geometry":{"type":"Polygon","coordinates":[[[-73.8952,45.7355],[-73.8917,45.7417],[-73.88,45.7417],[-73.86,45.7355],[-73.8485,45.7255],[-73.8455,45.7115],[-73.8505,45.7031],[-73.8635,45.7003],[-73.8767,45.7073],[-73.8902,45.7241],[-73.8952,45.7355]]]}},{"type":"Feature","properties":{"c":"#80ff00","v0":0.005,"v1":0.008},"geometry":{"type":"Polygon","coordinates":[[[-63.6344,45.5722],[-63.6181,45.5872],[-63.59,45.5894],[-63.55,45.5787],[-63.527,45.5677],[-63.5211,45.5564],[-63.5261,45.5435],[-63.542,45.5293],[-63.56,45.5214],[-63.58,45.5201],[-63.6031,45.5307],[-63.6294,45.5534],[-63.6344,45.5722]],[[-63.6189,45.5691],[-63.5996,45.5779],[-63.5762,45.5744],[-63.5487,45.5586],[-63.5487,45.5458],[-63.5762,45.5359],[-63.5996,45.5394],[-63.6189,45.5563],[-63.6189,45.5691]]]}},{"type":"Feature","properties":{"c":"#80ff00","v0":0.005,"v1":0.008},"geometry":{"type":"Polygon","coordinates":[[[-63.0276,45.5503],[-62.9892,45.5775],[-62.96,45.5918],[-62.94,45.5933],[-62.9253,45.5902],[-62.916,45.5825],[-62.921,45.5681],[-62.9403,45.5469],[-62.97,45.5334],[-63.01,45.5277],[-63.0342,45.5278],[-63.0426,45.5337],[-63.0276,45.5503]],[[-62.9737,45.5682],[-62.9444,45.5752],[-62.9348,45.5714],[-62.9449,45.5568],[-62.959,45.5498],[-62.9771,45.5504],[-62.9867,45.5542],[-62.9879,45.5612],[-62.9737,45.5682]]]}},{"type":"Feature","properties":{"c":"#80ff00","v0":0.005,"v1":0.008},"geometry":{"type":"Polygon","coordinates":[[[-63.7713,45.1104],[-63.7571,45.13],[-63.74,45.1399],[-63.72,45.1403],[-63.6957,45.1305],[-63.667,45.1106],[-63.6515,45.0936],[-63.6493,45.0795],[-63.6686,45.0707],[-63.7095,45.0672],[-63.7421,45.0743],[-63.7663,45.0919],[-63.7713,45.1104]],[[-63.7296,45.1034],[-63.7165,45.1087],[-63.7039,45.1052],[-63.6918,45.0928],[-63.6984,45.0901],[-63.7236,45.0971],[-63.7296,45.1034]]]}},{"type":"Feature","properties":{"c":"#80ff00","v0":0.005,"v1":0.008},"geometry":{"type":"Polygon","coordinates":[[[-81.193,45.0682],[-81.1643,45.0881],[-81.145,45.0969],[-81.135,45.0946],[-81.135,45.0784],[-81.145,45.0484],[-81.16,45.0335],[-81.18,45.0338],[-81.1943,45.04],[-81.203,45.0522],[-81.193,45.0682]],[[-81.1719,45.0583],[-81.1564,45.0583],[-81.154,45.0549],[-81.1647,45.048],[-81.1724,45.048],[-81.1772,45.0549],[-81.1719,45.0583]]]}},{"type":"Feature","properties":{"c":"#80ff00","v0":0.005,"v1":0.008},"geometry":{"type":"Polygon","coordinates":[[[-76.1092,45.0484],[-76.0964,45.0568],[-76.0871,45.0532],[-76.0813,45.0378],[-76.0863,45.0285],[-76.1021,45.0253],[-76.1114,45.0288],[-76.1142,45.0391],[-76.1092,45.0484]]]}},{"type":"Feature","properties":{"c":"#80ff00","v0":0.005,"v1":0.008},"geometry":{"type":"Polygon","coordinates":[[[-64.0706,45.023],[-64.0569,45.0371],[-64.0457,45.0407],[-64.0372,45.0336],[-64.0372,45.0225],[-64.0457,45.0074],[-64.0569,45.0038],[-64.0706,45.0119],[-64.0706,45.023]]]}},{"type":"Feature","properties":{"c":"#80ff00","v0":0.005,"v1":0.008},"geometry":{"type":"Polygon","coordinates":[[[-63.7387,44.9218],[-63.7196,44.9317],[-63.7001,44.9282],[-63.6804,44.9112],[-63.6854,44.9013],[-63.7151,44.8985],[-63.7346,44.902],[-63.7437,44.9119],[-63.7387,44.9218]]]}},{"type":"Feature","properties":{"c":"#80ff00","v0":0.005,"v1":0.008},"geometry":{"type":"Polygon","coordinates":[[[-64.0329,44.9077],[-64.0176,44.9177],[-64.0044,44.9177],[-63.9933,44.9077],[-63.9983,44.8986],[-64.0194,44.8903],[-64.0326,44.8903],[-64.0379,44.8986],[-64.0329,44.9077]]]}},{"type":"Feature","properties":{"c":"#80ff00","v0":0.005,"v1":0.008},"geometry":{"type":"Polygon","coordinates":[[[-64.6805,44.7986],[-64.6602,44.8174],[-64.6346,44.8245],[-64.6037,44.8199],[-64.6037,44.8037],[-64.6346,44.776],[-64.6602,44.7689],[-64.6805,44.7824],[-64.6805,44.7986]],[[-64.6623,44.7964],[-64.6408,44.8108],[-64.6257,44.8144],[-64.6172,44.8071],[-64.6222,44.7967],[-64.6407,44.7832],[-64.6558,44.7796],[-64.6673,44.786],[-64.6623,44.7964]]]}},{"type":"Feature","properties":{"c":"#80ff00","v0":0.005,"v1":0.008},"geometry":{"type":"Polygon","coordinates":[[[-79.6023,43.9926],[-79.5941,44.0002],[-79.5788,44.0002],[-79.5565,43.9926],[-79.5465,43.9705],[-79.5488,43.934],[-79.558,43.9196],[-79.5741,43.9273],[-79.5882,43.9456],[-79.6003,43.9744],[-79.6023,43.9926]]]}},{"type":"Feature","properties":{"c":"#80ff00","v0":0.005,"v1":0.008},"geometry":{"type":"Polygon","coordinates":[[[-100.0244,42.7897],[-100.0164,42.8044],[-100.0018,42.8142],[-99.9806,42.8191],[-99.9628,42.8081],[-99.9483,42.7812],[-99.9533,42.7655],[-99.9778,42.7611],[-99.9996,42.7648],[-100.0188,42.7765],[-100.0244,42.7897]]]}},{"type":"Feature","properties":{"c":"#80ff00","v0":0.005,"v1":0.008},"geometry":{"type":"Polygon","coordinates":[[[-99.6879,42.8007],[-99.6869,42.8081],[-99.6777,42.8117],[-99.6601,42.8117],[-99.651,42.8081],[-99.6505,42.8007],[-99.6598,42.7971],[-99.6788,42.7971],[-99.6879,42.8007]]]}},{"type":"Feature","properties":{"c":"#80ff00","v0":0.005,"v1":0.008},"geometry":{"type":"Polygon","coordinates":[[[-100.2703,42.7732],[-100.2568,42.7843],[-100.2389,42.7806],[-100.2166,42.7622],[-100.2166,42.7502],[-100.2389,42.7445],[-100.2568,42.7481],[-100.2703,42.7612],[-100.2703,42.7732]]]}},{"type":"Feature","properties":{"c":"#80ff00","v0":0.005,"v1":0.008},"geometry":{"type":"Polygon","coordinates":[[[-100.5288,41.9289],[-100.5163,41.9366],[-100.513,41.9329],[-100.5191,41.9178],[-100.5254,41.9139],[-100.5318,41.9214],[-100.5288,41.9289]]]}},{"type":"Feature","properties":{"c":"#80ff00","v0":0.005,"v1":0.008},"geometry":{"type":"Polygon","coordinates":[[[-101.5264,41.331],[-101.5155,41.3389],[-101.5043,41.3389],[-101.493,41.331],[-101.493,41.3228],[-101.5043,41.3144],[-101.5155,41.3144],[-101.5264,41.3228],[-101.5264,41.331]]]}},{"type":"Feature","properties":{"c":"#80ff00","v0":0.005,"v1":0.008},"geometry":{"type":"Polygon","coordinates":[[[-105.3043,41.122],[-105.2948,41.1332],[-105.2822,41.1332],[-105.2665,41.122],[-105.2665,41.1113],[-105.2822,41.1011],[-105.2948,41.1011],[-105.3043,41.1113],[-105.3043,41.122]]]}},{"type":"Feature","properties":{"c":"#80ff00","v0":0.005,"v1":0.008},"geometry":{"type":"Polygon","coordinates":[[[-105.0837,41.0907],[-105.0746,41.0994],[-105.06,41.1036],[-105.04,41.1031],[-105.0218,41.095],[-105.0055,41.0791],[-105.0105,41.0703],[-105.0368,41.0686],[-105.0596,41.0724],[-105.0787,41.0816],[-105.0837,41.0907]]]}},{"type":"Feature","properties":{"c":"#80ff00","v0":0.005,"v1":0.008},"geometry":{"type":"Polygon","coordinates":[[[-101.5614,40.1385],[-101.5405,40.1561],[-101.515,40.1567],[-101.485,40.1403],[-101.4698,40.1276],[-101.4693,40.1188],[-101.4843,40.1095],[-101.5148,40.0997],[-101.5405,40.1035],[-101.5614,40.1209],[-101.5614,40.1385]]]}},{"type":"Feature","properties":{"c":"#80ff00","v0":0.005,"v1":0.008},"geometry":{"type":"Polygon","coordinates":[[[-101.7278,39.9783],[-101.7159,39.9818],[-101.7052,39.978],[-101.6957,39.9668],[-101.6957,39.9582],[-101.7052,39.9522],[-101.7159,39.956],[-101.7278,39.9697],[-101.7278,39.9783]]]}},{"type":"Feature","properties":{"c":"#80ff00","v0":0.005,"v1":0.008},"geometry":{"type":"Polygon","coordinates":[[[-104.2929,38.9763],[-104.2643,39.0139],[-104.2397,39.0334],[-104.2192,39.0346],[-104.1999,39.0119],[-104.182,38.9653],[-104.1772,38.9342],[-104.1857,38.9187],[-104.205,38.9086],[-104.235,38.9038],[-104.2643,38.9154],[-104.2929,38.9435],[-104.2929,38.9763]],[[-104.2779,38.973],[-104.246,39.0042],[-104.2191,39.0003],[-104.1974,38.9614],[-104.1974,38.9347],[-104.2191,38.9203],[-104.246,38.9242],[-104.2779,38.9464],[-104.2779,38.973]]]}},{"type":"Feature","properties":{"c":"#80ff00","v0":0.005,"v1":0.008},"geometry":{"type":"Polygon","coordinates":[[[-101.9765,38.9305],[-101.9722,38.9386],[-101.965,38.9407],[-101.955,38.9366],[-101.9572,38.9325],[-101.9715,38.9284],[-101.9765,38.9305]]]}},{"type":"Feature","properties":{"c":"#80ff00","v0":0.005,"v1":0.008},"geometry":{"type":"Polygon","coordinates":[[[-101.7871,38.8991],[-101.7757,38.9069],[-101.7677,38.9069],[-101.7632,38.8991],[-101.7689,38.8952],[-101.7849,38.8952],[-101.7871,38.8991]]]}},{"type":"Feature","properties":{"c":"#80ff00","v0":0.005,"v1":0.008},"geometry":{"type":"Polygon","coordinates":[[[-104.1499,38.8221],[-104.1366,38.8316],[-104.1254,38.8316],[-104.1162,38.8221],[-104.1162,38.8137],[-104.1254,38.8063],[-104.1366,38.8063],[-104.1499,38.8137],[-104.1499,38.8221]]]}},{"type":"Feature","properties":{"c":"#80ff00","v0":0.005,"v1":0.008},"geometry":{"type":"Polygon","coordinates":[[[-104.9416,38.1634],[-104.9339,38.1704],[-104.9238,38.1704],[-104.9113,38.1634],[-104.9113,38.1547],[-104.9238,38.1445],[-104.9339,38.1445],[-104.9416,38.1547],[-104.9416,38.1634]]]}},{"type":"Feature","properties":{"c":"#80ff00","v0":0.005,"v1":0.008},"geometry":{"type":"Polygon","coordinates":[[[-105.0615,38.131],[-105.0538,38.1362],[-105.05,38.1302],[-105.05,38.1129],[-105.0538,38.1103],[-105.0615,38.1224],[-105.0615,38.131]]]}},{"type":"Feature","properties":{"c":"#80ff00","v0":0.005,"v1":0.008},"geometry":{"type":"Polygon","coordinates":[[[-104.9271,38.0969],[-104.9097,38.0969],[-104.9083,38.0926],[-104.9228,38.0842],[-104.9315,38.0842],[-104.9344,38.0926],[-104.9271,38.0969]]]}},{"type":"Feature","properties":{"c":"#80ff00","v0":0.005,"v1":0.008},"geometry":{"type":"Polygon","coordinates":[[[-105.0572,38.0709],[-105.0524,38.0819],[-105.0436,38.0779],[-105.0307,38.0591],[-105.0331,38.0536],[-105.0508,38.0615],[-105.0572,38.0709]]]}},{"type":"Feature","properties":{"c":"#80ff00","v0":0.005,"v1":0.008},"geometry":{"type":"Polygon","coordinates":[[[-104.9868,37.9897],[-104.9756,37.9958],[-104.9649,37.9919],[-104.9547,37.9779],[-104.9547,37.9689],[-104.9649,37.9651],[-104.9756,37.969],[-104.9868,37.9808],[-104.9868,37.9897]]]}},{"type":"Feature","properties":{"c":"#80ff00","v0":0.005,"v1":0.008},"geometry":{"type":"Polygon","coordinates":[[[-94.0356,37.2685],[-94.0052,37.2898],[-93.983,37.2977],[-93.9689,37.2924],[-93.9739,37.2783],[-93.998,37.2554],[-94.0202,37.2474],[-94.0406,37.2544],[-94.0356,37.2685]]]}},{"type":"Feature","properties":{"c":"#80ff00","v0":0.005,"v1":0.008},"geometry":{"type":"Polygon","coordinates":[[[-110.1575,31.9837],[-110.1525,31.9956],[-110.1399,31.9999],[-110.1197,31.9964],[-110.1147,31.9868],[-110.1249,31.9711],[-110.1375,31.9668],[-110.1525,31.9741],[-110.1575,31.9837]]]}},{"type":"Feature","properties":{"c":"#80ff00","v0":0.005,"v1":0.008},"geometry":{"type":"Polygon","coordinates":[[[-110.7974,31.9117],[-110.7791,31.9156],[-110.7613,31.9114],[-110.7438,31.899],[-110.7438,31.8903],[-110.7613,31.8853],[-110.7791,31.8895],[-110.7974,31.903],[-110.7974,31.9117]]]}},{"type":"Feature","properties":{"c":"#80ff00","v0":0.005,"v1":0.008},"geometry":{"type":"Polygon","coordinates":[[[-111.7029,31.835],[-111.6676,31.8551],[-111.635,31.8605],[-111.605,31.8509],[-111.5883,31.8408],[-111.585,31.8302],[-111.6,31.808],[-111.6333,31.7744],[-111.665,31.7642],[-111.695,31.7776],[-111.7126,31.7944],[-111.7179,31.8147],[-111.7029,31.835]],[[-111.687,31.8149],[-111.6757,31.829],[-111.6549,31.8332],[-111.6246,31.8277],[-111.6196,31.8154],[-111.6399,31.7965],[-111.6607,31.7923],[-111.682,31.8027],[-111.687,31.8149]]]}},{"type":"Feature","properties":{"c":"#80ff00","v0":0.005,"v1":0.008},"geometry":{"type":"Polygon","coordinates":[[[-110.503,31.7611],[-110.5016,31.7696],[-110.4932,31.7732],[-110.4777,31.7718],[-110.4568,31.7591],[-110.4305,31.7349],[-110.4389,31.7313],[-110.4821,31.7484],[-110.503,31.7611]]]}},{"type":"Feature","properties":{"c":"#80ff00","v0":0.005,"v1":0.008},"geometry":{"type":"Polygon","coordinates":[[[-80.3964,27.4458],[-80.3788,27.4464],[-80.3706,27.442],[-80.3718,27.4325],[-80.3806,27.4322],[-80.397,27.4411],[-80.3964,27.4458]]]}},{"type":"Feature","properties":{"c":"#ffff00","v0":0.008,"v1":0.012},"geometry":{"type":"Polygon","coordinates":[[[-107.5771,52.8512],[-107.5598,52.8512],[-107.5559,52.8445],[-107.5653,52.8312],[-107.5739,52.8312],[-107.5818,52.8445],[-107.5771,52.8512]]]}},{"type":"Feature","properties":{"c":"#ffff00","v0":0.008,"v1":0.012},"geometry":{"type":"Polygon","coordinates":[[[-107.746,52.7332],[-107.7353,52.7393],[-107.7279,52.7393],[-107.7237,52.7332],[-107.729,52.7302],[-107.7439,52.7302],[-107.746,52.7332]]]}},{"type":"Feature","properties":{"c":"#ffff00","v0":0.008,"v1":0.012},"geometry":{"type":"Polygon","coordinates":[[[-101.2862,50.9672],[-101.2754,50.9743],[-101.2654,50.9743],[-101.2561,50.9672],[-101.2561,50.9611],[-101.2654,50.956],[-101.2754,50.956],[-101.2862,50.9611],[-101.2862,50.9672]]]}},{"type":"Feature","properties":{"c":"#ffff00","v0":0.008,"v1":0.012},"geometry":{"type":"Polygon","coordinates":[[[-105.7362,50.9571],[-105.7187,50.9694],[-105.6988,50.9694],[-105.6764,50.9571],[-105.6764,50.9453],[-105.6988,50.9341],[-105.7187,50.9341],[-105.7362,50.9453],[-105.7362,50.9571]],[[-105.7269,50.9551],[-105.7156,50.9633],[-105.7025,50.9633],[-105.6874,50.9551],[-105.6874,50.9473],[-105.7025,50.9399],[-105.7156,50.9399],[-105.7269,50.9473],[-105.7269,50.9551]]]}},{"type":"Feature","properties":{"c":"#ffff00","v0":0.008,"v1":0.012},"geometry":{"type":"Polygon","coordinates":[[[-91.1278,50.6798],[-91.0893,50.6934],[-91.0616,50.6966],[-91.0448,50.6893],[-91.0448,50.6781],[-91.0616,50.6631],[-91.08,50.6548],[-91.1,50.6533],[-91.1193,50.6576],[-91.1378,50.6678],[-91.1278,50.6798]]]}},{"type":"Feature","properties":{"c":"#ffff00","v0":0.008,"v1":0.012},"geometry":{"type":"Polygon","coordinates":[[[-91.1125,50.4633],[-91.0936,50.5015],[-91.0455,50.5323],[-90.9685,50.5557],[-90.9277,50.5589],[-90.9232,50.5418],[-90.9319,50.5174],[-90.9538,50.4856],[-90.996,50.4567],[-91.0587,50.4308],[-91.098,50.4245],[-91.114,50.4376],[-91.1125,50.4633]],[[-91.0858,50.4709],[-91.0753,50.4989],[-91.0519,50.5148],[-91.0157,50.5186],[-90.9853,50.5269],[-90.9608,50.5396],[-90.9538,50.5292],[-90.9646,50.4957],[-91.0,50.4701],[-91.06,50.4526],[-91.0903,50.4471],[-91.0908,50.4537],[-91.0858,50.4709]]]}},{"type":"Feature","properties":{"c":"#ffff00","v0":0.008,"v1":0.012},"geometry":{"type":"Polygon","coordinates":[[[-106.0588,50.4481],[-106.0529,50.4559],[-106.0393,50.4591],[-106.0179,50.4577],[-106.0129,50.451],[-106.0243,50.4392],[-106.0379,50.436],[-106.0538,50.4415],[-106.0588,50.4481]]]}},{"type":"Feature","properties":{"c":"#ffff00","v0":0.008,"v1":0.012},"geometry":{"type":"Polygon","coordinates":[[[-90.8136,50.4378],[-90.8024,50.4506],[-90.7885,50.4569],[-90.7719,50.4569],[-90.7651,50.4481],[-90.7684,50.4305],[-90.7823,50.4241],[-90.8069,50.429],[-90.8136,50.4378]]]}},{"type":"Feature","properties":{"c":"#ffff00","v0":0.008,"v1":0.012},"geometry":{"type":"Polygon","coordinates":[[[-104.5046,50.4092],[-104.4927,50.4155],[-104.4863,50.4155],[-104.4855,50.4092],[-104.4914,50.406],[-104.5042,50.406],[-104.5046,50.4092]]]}},{"type":"Feature","properties":{"c":"#ffff00","v0":0.008,"v1":0.012},"geometry":{"type":"Polygon","coordinates":[[[-91.3558,50.3677],[-91.3407,50.3677],[-91.3374,50.3644],[-91.3458,50.3579],[-91.3533,50.3579],[-91.36,50.3644],[-91.3558,50.3677]]]}},{"type":"Feature","properties":{"c":"#ffff00","v0":0.008,"v1":0.012},"geometry":{"type":"Polygon","coordinates":[[[-91.6167,50.2903],[-91.5989,50.3141],[-91.575,50.3309],[-91.545,50.3407],[-91.505,50.3365],[-91.455,50.3183],[-91.39,50.3151],[-91.31,50.3268],[-91.247,50.3254],[-91.2011,50.3111],[-91.1648,50.2879],[-91.1381,50.2559],[-91.1361,50.2342],[-91.1587,50.2228],[-91.19,50.2275],[-91.23,50.2482],[-91.26,50.2583],[-91.28,50.2577],[-91.3,50.2518],[-91.32,50.2405],[-91.345,50.2475],[-91.375,50.2726],[-91.44,50.2803],[-91.54,50.2707],[-91.5989,50.269],[-91.6167,50.2752],[-91.6167,50.2903]],[[-91.255,50.3011],[-91.2117,50.2957],[-91.1767,50.2829],[-91.1501,50.2628],[-91.1401,50.2469],[-91.1467,50.2351],[-91.16,50.2298],[-91.18,50.231],[-91.2117,50.2497],[-91.255,50.2858],[-91.255,50.3011]],[[-91.5921,50.2985],[-91.5774,50.3134],[-91.5526,50.3198],[-91.5178,50.3177],[-91.5128,50.3093],[-91.5376,50.2945],[-91.5624,50.2881],[-91.5871,50.2901],[-91.5921,50.2985]]]}},{"type":"Feature","properties":{"c":"#ffff00","v0":0.008,"v1":0.012},"geometry":{"type":"Polygon","coordinates":[[[-90.9903,50.2921],[-90.9768,50.2941],[-90.9691,50.2909],[-90.9673,50.2825],[-90.974,50.2815],[-90.9894,50.2879],[-90.9903,50.2921]]]}},{"type":"Feature","properties":{"c":"#ffff00","v0":0.008,"v1":0.012},"geometry":{"type":"Polygon","coordinates":[[[-91.5825,50.2057],[-91.5742,50.2138],[-91.5632,50.217],[-91.5495,50.2153],[-91.5445,50.2042],[-91.5482,50.1838],[-91.5592,50.1806],[-91.5775,50.1946],[-91.5825,50.2057]]]}},{"type":"Feature","properties":{"c":"#ffff00","v0":0.008,"v1":0.012},"geometry":{"type":"Polygon","coordinates":[[[-91.7371,50.1699],[-91.719,50.1834],[-91.7026,50.1866],[-91.6878,50.1795],[-91.6878,50.169],[-91.7026,50.155],[-91.719,50.1518],[-91.7371,50.1594],[-91.7371,50.1699]]]}},{"type":"Feature","properties":{"c":"#ffff00","v0":0.008,"v1":0.012},"geometry":{"type":"Polygon","coordinates":[[[-91.6319,50.1196],[-91.6173,50.1351],[-91.5652,50.1479],[-91.4756,50.1581],[-91.4206,50.1695],[-91.4002,50.1824],[-91.3677,50.1856],[-91.3231,50.1792],[-91.3331,50.1614],[-91.3977,50.1322],[-91.45,50.1201],[-91.49,50.125],[-91.53,50.1195],[-91.57,50.1035],[-91.6023,50.0996],[-91.6269,50.1078],[-91.6319,50.1196]],[[-91.6061,50.1247],[-91.584,50.1247],[-91.5823,50.1206],[-91.6008,50.1125],[-91.6118,50.1125],[-91.6154,50.1206],[-91.6061,50.1247]]]}},{"type":"Feature","properties":{"c":"#ffff00","v0":0.008,"v1":0.012},"geometry":{"type":"Polygon","coordinates":[[[-91.426,50.0851],[-91.3887,50.0829],[-91.3636,50.0764],[-91.3509,50.0658],[-91.3557,50.0605],[-91.3778,50.0605],[-91.4028,50.0669],[-91.4307,50.0798],[-91.426,50.0851]]]}},{"type":"Feature","properties":{"c":"#ffff00","v0":0.008,"v1":0.012},"geometry":{"type":"Polygon","coordinates":[[[-97.6467,50.0384],[-97.6222,50.0454],[-97.6016,50.0422],[-97.5848,50.0287],[-97.5948,50.022],[-97.6316,50.0219],[-97.6522,50.0251],[-97.6567,50.0316],[-97.6467,50.0384]]]}},{"type":"Feature","properties":{"c":"#ffff00","v0":0.008,"v1":0.012},"geometry":{"type":"Polygon","coordinates":[[[-91.1064,50.0388],[-91.0955,50.0467],[-91.0822,50.0499],[-91.0667,50.0484],[-91.0617,50.0415],[-91.0672,50.0291],[-91.0805,50.0259],[-91.1014,50.0319],[-91.1064,50.0388]]]}},{"type":"Feature","properties":{"c":"#ffff00","v0":0.008,"v1":0.012},"geometry":{"type":"Polygon","coordinates":[[[-91.1716,49.9765],[-91.1439,49.9885],[-91.1226,49.9885],[-91.1079,49.9765],[-91.1079,49.9633],[-91.1226,49.9487],[-91.1439,49.9487],[-91.1716,49.9633],[-91.1716,49.9765]],[[-91.1541,49.9742],[-91.138,49.9816],[-91.1262,49.9816],[-91.1185,49.9742],[-91.1185,49.9662],[-91.1262,49.9574],[-91.138,49.9574],[-91.1541,49.9662],[-91.1541,49.9742]]]}},{"type":"Feature","properties":{"c":"#ffff00","v0":0.008,"v1":0.012},"geometry":{"type":"Polygon","coordinates":[[[-91.3759,49.9297],[-91.3453,49.9509],[-91.3156,49.9573],[-91.2867,49.949],[-91.2767,49.9387],[-91.2856,49.9264],[-91.305,49.9161],[-91.335,49.9077],[-91.3603,49.9074],[-91.3809,49.9152],[-91.3759,49.9297]],[[-91.3562,49.9255],[-91.3494,49.9384],[-91.3333,49.9448],[-91.3082,49.9448],[-91.2992,49.9399],[-91.3064,49.93],[-91.3224,49.9235],[-91.3472,49.9206],[-91.3562,49.9255]]]}},{"type":"Feature","properties":{"c":"#ffff00","v0":0.008,"v1":0.012},"geometry":{"type":"Polygon","coordinates":[[[-96.8949,49.5886],[-96.8783,49.5997],[-96.86,49.603],[-96.84,49.5983],[-96.825,49.5886],[-96.815,49.5739],[-96.82,49.5629],[-96.84,49.5556],[-96.8633,49.5597],[-96.8899,49.5753],[-96.8949,49.5886]]]}},{"type":"Feature","properties":{"c":"#ffff00","v0":0.008,"v1":0.012},"geometry":{"type":"Polygon","coordinates":[[[-92.5459,49.4847],[-92.5353,49.4957],[-92.4992,49.5022],[-92.4375,49.5042],[-92.4019,49.5117],[-92.3926,49.5247],[-92.3734,49.5371],[-92.3445,49.549],[-92.3123,49.5523],[-92.2768,49.5468],[-92.2568,49.535],[-92.2523,49.5167],[-92.235,49.5238],[-92.205,49.5562],[-92.1719,49.5685],[-92.1358,49.5609],[-92.1275,49.5506],[-92.1472,49.5377],[-92.1532,49.5214],[-92.1454,49.5019],[-92.1586,49.4716],[-92.1929,49.4305],[-92.215,49.408],[-92.225,49.4042],[-92.25,49.4103],[-92.29,49.4262],[-92.3213,49.4324],[-92.3438,49.4289],[-92.3388,49.3948],[-92.3063,49.33],[-92.27,49.2965],[-92.23,49.2945],[-92.195,49.2757],[-92.165,49.2401],[-92.14,49.2193],[-92.12,49.2132],[-92.095,49.2122],[-92.065,49.216],[-92.0434,49.2149],[-92.0302,49.2087],[-92.0252,49.1999],[-92.0284,49.1886],[-92.05,49.1781],[-92.09,49.1683],[-92.14,49.1815],[-92.2,49.2175],[-92.24,49.2464],[-92.26,49.2682],[-92.28,49.2805],[-92.3,49.2831],[-92.3214,49.2778],[-92.3442,49.2645],[-92.3371,49.248],[-92.3,49.2284],[-92.2788,49.2121],[-92.2733,49.199],[-92.2904,49.1972],[-92.3301,49.2066],[-92.37,49.2007],[-92.41,49.1796],[-92.44,49.1702],[-92.46,49.1727],[-92.472,49.1818],[-92.4761,49.1976],[-92.4665,49.2153],[-92.4432,49.2349],[-92.4378,49.2643],[-92.4503,49.3035],[-92.4399,49.3192],[-92.4066,49.3116],[-92.3822,49.3181],[-92.3666,49.3388],[-92.3686,49.3589],[-92.3881,49.3784],[-92.4159,49.3868],[-92.452,49.3841],[-92.4788,49.4003],[-92.4964,49.4356],[-92.5167,49.4597],[-92.5397,49.4727],[-92.5459,49.4847]],[[-92.464,49.1972],[-92.4547,49.2066],[-92.4402,49.2098],[-92.4207,49.207],[-92.4157,49.1991],[-92.4252,49.1864],[-92.4397,49.1831],[-92.459,49.1893],[-92.464,49.1972]],[[-92.4477,49.45],[-92.443,49.4695],[-92.413,49.4914],[-92.3577,49.5157],[-92.3059,49.5125],[-92.2576,49.4816],[-92.2426,49.4592],[-92.2609,49.4453],[-92.29,49.4404],[-92.33,49.4446],[-92.365,49.4419],[-92.395,49.4324],[-92.42,49.4308],[-92.44,49.4371],[-92.4477,49.45]]]}},{"type":"Feature","properties":{"c":"#ffff00","v0":0.008,"v1":0.012},"geometry":{"type":"Polygon","coordinates":[[[-92.0994,49.5701],[-92.0869,49.5701],[-92.0827,49.5669],[-92.0867,49.5604],[-92.0929,49.5604],[-92.1014,49.5669],[-92.0994,49.5701]]]}},{"type":"Feature","properties":{"c":"#ffff00","v0":0.008,"v1":0.012},"geometry":{"type":"Polygon","coordinates":[[[-93.9731,49.4207],[-93.9674,49.4337],[-93.9559,49.4411],[-93.9386,49.4428],[-93.9178,49.4298],[-93.8934,49.402],[-93.8934,49.3854],[-93.9178,49.38],[-93.9415,49.3865],[-93.9644,49.405],[-93.9731,49.4207]]]}},{"type":"Feature","properties":{"c":"#ffff00","v0":0.008,"v1":0.012},"geometry":{"type":"Polygon","coordinates":[[[-124.0105,49.3621],[-124.0001,49.3882],[-123.9837,49.4045],[-123.9612,49.4111],[-123.9664,49.3981],[-123.9993,49.3654],[-124.0105,49.3621]]]}},{"type":"Feature","properties":{"c":"#ffff00","v0":0.008,"v1":0.012},"geometry":{"type":"Polygon","coordinates":[[[-92.7541,49.3663],[-92.738,49.3746],[-92.7246,49.3746],[-92.7138,49.3663],[-92.7138,49.3589],[-92.7246,49.3524],[-92.738,49.3524],[-92.7541,49.3589],[-92.7541,49.3663]]]}},{"type":"Feature","properties":{"c":"#ffff00","v0":0.008,"v1":0.012},"geometry":{"type":"Polygon","coordinates":[[[-92.6537,49.3542],[-92.6379,49.3643],[-92.6232,49.3643],[-92.6096,49.3542],[-92.6096,49.3454],[-92.6232,49.3381],[-92.6379,49.3381],[-92.6537,49.3454],[-92.6537,49.3542]]]}},{"type":"Feature","properties":{"c":"#ffff00","v0":0.008,"v1":0.012},"geometry":{"type":"Polygon","coordinates":[[[-92.5445,49.3389],[-92.5348,49.3446],[-92.5252,49.3446],[-92.5155,49.3389],[-92.5155,49.3325],[-92.5252,49.3253],[-92.5348,49.3253],[-92.5445,49.3325],[-92.5445,49.3389]]]}},{"type":"Feature","properties":{"c":"#ffff00","v0":0.008,"v1":0.012},"geometry":{"type":"Polygon","coordinates":[[[-94.5813,49.301],[-94.5738,49.3092],[-94.545,49.3029],[-94.495,49.2822],[-94.4682,49.2617],[-94.4645,49.2417],[-94.4726,49.2317],[-94.4926,49.2317],[-94.5094,49.2431],[-94.5231,49.266],[-94.5438,49.2823],[-94.5713,49.2921],[-94.5813,49.301]]]}},{"type":"Feature","properties":{"c":"#ffff00","v0":0.008,"v1":0.012},"geometry":{"type":"Polygon","coordinates":[[[-94.0474,49.2969],[-94.0286,49.2969],[-94.0269,49.2937],[-94.0423,49.2872],[-94.0517,49.2872],[-94.0551,49.2937],[-94.0474,49.2969]]]}},{"type":"Feature","properties":{"c":"#ffff00","v0":0.008,"v1":0.012},"geometry":{"type":"Polygon","coordinates":[[[-93.7337,49.2741],[-93.7333,49.2806],[-93.7173,49.2885],[-93.6858,49.2977],[-93.6604,49.2977],[-93.6411,49.2885],[-93.6361,49.2788],[-93.6454,49.2685],[-93.671,49.2653],[-93.713,49.269],[-93.7337,49.2741]]]}},{"type":"Feature","properties":{"c":"#ffff00","v0":0.008,"v1":0.012},"geometry":{"type":"Polygon","coordinates":[[[-92.8414,49.1696],[-92.8034,49.2023],[-92.7869,49.2284],[-92.7922,49.248],[-92.7886,49.2611],[-92.7762,49.2676],[-92.7618,49.2676],[-92.7455,49.2611],[-92.7305,49.2454],[-92.7168,49.2208],[-92.6931,49.2044],[-92.6594,49.1965],[-92.6494,49.1816],[-92.6631,49.1597],[-92.69,49.1382],[-92.73,49.1169],[-92.77,49.1102],[-92.81,49.1182],[-92.8376,49.13],[-92.8529,49.1455],[-92.8414,49.1696]],[[-92.8281,49.1602],[-92.816,49.174],[-92.795,49.185],[-92.765,49.1931],[-92.7352,49.1894],[-92.7056,49.174],[-92.7106,49.1544],[-92.7502,49.1306],[-92.786,49.1273],[-92.8181,49.1446],[-92.8281,49.1602]]]}},{"type":"Feature","properties":{"c":"#ffff00","v0":0.008,"v1":0.012},"geometry":{"type":"Polygon","coordinates":[[[-97.1338,49.2474],[-97.1313,49.2528],[-97.1244,49.2528],[-97.1131,49.2474],[-97.1143,49.2447],[-97.1281,49.2447],[-97.1338,49.2474]]]}},{"type":"Feature","properties":{"c":"#ffff00","v0":0.008,"v1":0.012},"geometry":{"type":"Polygon","coordinates":[[[-94.1865,49.2276],[-94.1622,49.2456],[-94.1403,49.2423],[-94.1209,49.2178],[-94.1259,49.2041],[-94.1553,49.2012],[-94.1772,49.2045],[-94.1915,49.2139],[-94.1865,49.2276]]]}},{"type":"Feature","properties":{"c":"#ffff00","v0":0.008,"v1":0.012},"geometry":{"type":"Polygon","coordinates":[[[-93.3583,49.2258],[-93.3394,49.2402],[-93.3216,49.2435],[-93.3048,49.2356],[-93.3048,49.2253],[-93.3216,49.2125],[-93.3394,49.2092],[-93.3583,49.2155],[-93.3583,49.2258]]]}},{"type":"Feature","properties":{"c":"#ffff00","v0":0.008,"v1":0.012},"geometry":{"type":"Polygon","coordinates":[[[-93.9249,49.1312],[-93.915,49.1396],[-93.89,49.1466],[-93.85,49.1524],[-93.8,49.174],[-93.74,49.2115],[-93.695,49.2274],[-93.665,49.2216],[-93.665,49.1983],[-93.695,49.1574],[-93.73,49.1372],[-93.77,49.1375],[-93.805,49.1293],[-93.835,49.1125],[-93.87,49.1098],[-93.9099,49.1213],[-93.9249,49.1312]],[[-93.7733,49.1777],[-93.7311,49.2004],[-93.7035,49.2102],[-93.6904,49.2071],[-93.6954,49.1925],[-93.7184,49.1663],[-93.74,49.1525],[-93.76,49.151],[-93.7761,49.1543],[-93.7883,49.1623],[-93.7733,49.1777]]]}},{"type":"Feature","properties":{"c":"#ffff00","v0":0.008,"v1":0.012},"geometry":{"type":"Polygon","coordinates":[[[-94.5845,49.2104],[-94.5615,49.2203],[-94.5415,49.2203],[-94.5244,49.2104],[-94.5194,49.1997],[-94.5265,49.1879],[-94.54,49.1791],[-94.56,49.1732],[-94.5765,49.1791],[-94.5895,49.1967],[-94.5845,49.2104]]]}},{"type":"Feature","properties":{"c":"#ffff00","v0":0.008,"v1":0.012},"geometry":{"type":"Polygon","coordinates":[[[-67.6159,49.198],[-67.5986,49.2091],[-67.5819,49.2091],[-67.5657,49.198],[-67.5657,49.1867],[-67.5819,49.1752],[-67.5986,49.1752],[-67.6159,49.1867],[-67.6159,49.198]],[[-67.6058,49.1958],[-67.5953,49.2024],[-67.5857,49.2024],[-67.5771,49.1958],[-67.5771,49.1892],[-67.5857,49.1826],[-67.5953,49.1826],[-67.6058,49.1892],[-67.6058,49.1958]]]}},{"type":"Feature","properties":{"c":"#ffff00","v0":0.008,"v1":0.012},"geometry":{"type":"Polygon","coordinates":[[[-93.6291,49.1747],[-93.603,49.1914],[-93.5803,49.1946],[-93.5609,49.1845],[-93.5559,49.1586],[-93.5653,49.1169],[-93.58,49.1008],[-93.6,49.1104],[-93.618,49.128],[-93.6341,49.1536],[-93.6291,49.1747]]]}},{"type":"Feature","properties":{"c":"#ffff00","v0":0.008,"v1":0.012},"geometry":{"type":"Polygon","coordinates":[[[-98.3823,49.1432],[-98.3741,49.1493],[-98.3633,49.1493],[-98.35,49.1432],[-98.3541,49.1402],[-98.3756,49.1402],[-98.3823,49.1432]]]}},{"type":"Feature","properties":{"c":"#ffff00","v0":0.008,"v1":0.012},"geometry":{"type":"Polygon","coordinates":[[[-67.5352,49.1414],[-67.5184,49.144],[-67.5094,49.1407],[-67.5082,49.1316],[-67.5132,49.1259],[-67.5244,49.1236],[-67.5334,49.1269],[-67.5402,49.1357],[-67.5352,49.1414]]]}},{"type":"Feature","properties":{"c":"#ffff00","v0":0.008,"v1":0.012},"geometry":{"type":"Polygon","coordinates":[[[-94.0491,49.115],[-94.0364,49.1172],[-94.0294,49.1139],[-94.0281,49.1052],[-94.0345,49.1042],[-94.0485,49.1107],[-94.0491,49.115]]]}},{"type":"Feature","properties":{"c":"#ffff00","v0":0.008,"v1":0.012},"geometry":{"type":"Polygon","coordinates":[[[-93.1692,48.9927],[-93.146,49.0124],[-93.1392,49.0354],[-93.1487,49.0616],[-93.1376,49.0845],[-93.1059,49.104],[-93.0768,49.1139],[-93.0504,49.1139],[-93.0447,49.1009],[-93.0598,49.0747],[-93.0575,49.0583],[-93.0377,49.0518],[-93.0283,49.0419],[-93.0293,49.0288],[-93.0548,49.0072],[-93.1049,48.9771],[-93.14,48.9627],[-93.16,48.9641],[-93.1727,48.9693],[-93.1781,48.9784],[-93.1692,48.9927]]]}},{"type":"Feature","properties":{"c":"#ffff00","v0":0.008,"v1":0.012},"geometry":{"type":"Polygon","coordinates":[[[-94.3104,49.0902],[-94.2835,49.095],[-94.2626,49.0851],[-94.2479,49.0607],[-94.2529,49.0482],[-94.2776,49.0475],[-94.2985,49.0573],[-94.3154,49.0776],[-94.3104,49.0902]]]}},{"type":"Feature","properties":{"c":"#ffff00","v0":0.008,"v1":0.012},"geometry":{"type":"Polygon","coordinates":[[[-94.1412,49.0048],[-94.1071,49.0224],[-94.0863,49.0191],[-94.079,48.995],[-94.0622,48.973],[-94.036,48.9533],[-94.0247,48.9365],[-94.0282,48.9225],[-94.0489,48.9192],[-94.0866,48.9266],[-94.1088,48.9402],[-94.1153,48.9599],[-94.1285,48.9763],[-94.1484,48.9894],[-94.1412,49.0048]]]}},{"type":"Feature","properties":{"c":"#ffff00","v0":0.008,"v1":0.012},"geometry":{"type":"Polygon","coordinates":[[[-93.3919,49.0223],[-93.3698,49.0223],[-93.3666,49.0189],[-93.3822,49.0121],[-93.3932,49.0121],[-93.3997,49.0189],[-93.3919,49.0223]]]}},{"type":"Feature","properties":{"c":"#ffff00","v0":0.008,"v1":0.012},"geometry":{"type":"Polygon","coordinates":[[[-95.1818,49.0007],[-95.1739,49.0101],[-95.1602,49.0101],[-95.1406,49.0007],[-95.1356,48.9927],[-95.1452,48.986],[-95.1589,48.986],[-95.1768,48.9927],[-95.1818,49.0007]]]}},{"type":"Feature","properties":{"c":"#ffff00","v0":0.008,"v1":0.012},"geometry":{"type":"Polygon","coordinates":[[[-98.3801,48.9863],[-98.36,48.993],[-98.3478,48.993],[-98.3435,48.9863],[-98.3485,48.9797],[-98.3628,48.9735],[-98.375,48.9735],[-98.3851,48.9797],[-98.3801,48.9863]]]}},{"type":"Feature","properties":{"c":"#ffff00","v0":0.008,"v1":0.012},"geometry":{"type":"Polygon","coordinates":[[[-93.876,48.8218],[-93.8207,48.8416],[-93.8083,48.8679],[-93.8388,48.9008],[-93.8499,48.9271],[-93.8417,48.9468],[-93.8185,48.9533],[-93.7802,48.9468],[-93.7533,48.9372],[-93.7378,48.9245],[-93.72,48.9288],[-93.7,48.9501],[-93.675,48.9623],[-93.645,48.9656],[-93.63,48.9558],[-93.63,48.9329],[-93.65,48.9195],[-93.69,48.9156],[-93.7119,48.9047],[-93.7158,48.8867],[-93.7353,48.8712],[-93.7705,48.858],[-93.7886,48.8436],[-93.7895,48.8279],[-93.805,48.8093],[-93.835,48.7879],[-93.8634,48.7859],[-93.8902,48.8033],[-93.876,48.8218]],[[-93.6737,48.937],[-93.6579,48.9501],[-93.6476,48.9501],[-93.6427,48.937],[-93.6506,48.9304],[-93.6713,48.9304],[-93.6737,48.937]]]}},{"type":"Feature","properties":{"c":"#ffff00","v0":0.008,"v1":0.012},"geometry":{"type":"Polygon","coordinates":[[[-92.9673,48.9039],[-92.9424,48.9562],[-92.9032,48.9792],[-92.8496,48.9729],[-92.8246,48.9613],[-92.8282,48.9444],[-92.86,48.9193],[-92.92,48.886],[-92.9574,48.8715],[-92.9723,48.8757],[-92.9673,48.9039]]]}},{"type":"Feature","properties":{"c":"#ffff00","v0":0.008,"v1":0.012},"geometry":{"type":"Polygon","coordinates":[[[-92.1298,48.9607],[-92.1166,48.9689],[-92.1059,48.9689],[-92.0976,48.9607],[-92.0976,48.953],[-92.1059,48.9458],[-92.1166,48.9458],[-92.1298,48.953],[-92.1298,48.9607]]]}},{"type":"Feature","properties":{"c":"#ffff00","v0":0.008,"v1":0.012},"geometry":{"type":"Polygon","coordinates":[[[-67.6708,48.9599],[-67.6569,48.9665],[-67.6457,48.9665],[-67.6371,48.9599],[-67.635,48.9435],[-67.6394,48.9172],[-67.6487,48.9068],[-67.6629,48.9124],[-67.6719,48.9255],[-67.6758,48.9463],[-67.6708,48.9599]]]}},{"type":"Feature","properties":{"c":"#ffff00","v0":0.008,"v1":0.012},"geometry":{"type":"Polygon","coordinates":[[[-94.3867,48.9212],[-94.3756,48.9293],[-94.37,48.9281],[-94.37,48.9176],[-94.3756,48.9136],[-94.3867,48.916],[-94.3867,48.9212]]]}},{"type":"Feature","properties":{"c":"#ffff00","v0":0.008,"v1":0.012},"geometry":{"type":"Polygon","coordinates":[[[-92.7722,48.9068],[-92.7574,48.9124],[-92.7464,48.9091],[-92.7391,48.897],[-92.7465,48.8942],[-92.7686,48.9008],[-92.7722,48.9068]]]}},{"type":"Feature","properties":{"c":"#ffff00","v0":0.008,"v1":0.012},"geometry":{"type":"Polygon","coordinates":[[[-93.1551,48.8876],[-93.125,48.8811],[-93.1099,48.8697],[-93.11,48.8535],[-93.1202,48.8469],[-93.1407,48.8499],[-93.1557,48.8613],[-93.1654,48.8811],[-93.1551,48.8876]]]}},{"type":"Feature","properties":{"c":"#ffff00","v0":0.008,"v1":0.012},"geometry":{"type":"Polygon","coordinates":[[[-93.6721,48.814],[-93.6574,48.818],[-93.6461,48.8148],[-93.6384,48.8041],[-93.6434,48.7976],[-93.6611,48.7952],[-93.6724,48.7985],[-93.6771,48.8075],[-93.6721,48.814]]]}},{"type":"Feature","properties":{"c":"#ffff00","v0":0.008,"v1":0.012},"geometry":{"type":"Polygon","coordinates":[[[-94.6394,48.7883],[-94.6331,48.7937],[-94.6237,48.7937],[-94.6111,48.7883],[-94.6142,48.7856],[-94.6331,48.7856],[-94.6394,48.7883]]]}},{"type":"Feature","properties":{"c":"#ffff00","v0":0.008,"v1":0.012},"geometry":{"type":"Polygon","coordinates":[[[-93.4533,48.7362],[-93.4511,48.743],[-93.444,48.743],[-93.4321,48.7362],[-93.4332,48.7329],[-93.4474,48.7329],[-93.4533,48.7362]]]}},{"type":"Feature","properties":{"c":"#ffff00","v0":0.008,"v1":0.012},"geometry":{"type":"Polygon","coordinates":[[[-94.6423,48.6496],[-94.6074,48.6416],[-94.5878,48.6284],[-94.5833,48.61],[-94.5883,48.6015],[-94.6028,48.6031],[-94.6224,48.6163],[-94.6473,48.6412],[-94.6423,48.6496]]]}},{"type":"Feature","properties":{"c":"#ffff00","v0":0.008,"v1":0.012},"geometry":{"type":"Polygon","coordinates":[[[-93.6332,48.6165],[-93.6177,48.6215],[-93.6069,48.6215],[-93.6006,48.6165],[-93.6083,48.614],[-93.63,48.614],[-93.6332,48.6165]]]}},{"type":"Feature","properties":{"c":"#ffff00","v0":0.008,"v1":0.012},"geometry":{"type":"Polygon","coordinates":[[[-71.0996,47.9172],[-71.0799,47.935],[-71.06,47.9441],[-71.04,47.9444],[-71.0324,47.9355],[-71.0372,47.9173],[-71.0571,47.9083],[-71.092,47.9083],[-71.0996,47.9172]]]}},{"type":"Feature","properties":{"c":"#ffff00","v0":0.008,"v1":0.012},"geometry":{"type":"Polygon","coordinates":[[[-70.5253,47.4831],[-70.5151,47.4945],[-70.5038,47.4979],[-70.4913,47.4933],[-70.4913,47.485],[-70.5038,47.4731],[-70.5151,47.4697],[-70.5253,47.4749],[-70.5253,47.4831]]]}},{"type":"Feature","properties":{"c":"#ffff00","v0":0.008,"v1":0.012},"geometry":{"type":"Polygon","coordinates":[[[-70.5405,47.4145],[-70.5335,47.4239],[-70.5221,47.4273],[-70.5062,47.4246],[-70.4962,47.4125],[-70.4921,47.3909],[-70.5,47.3799],[-70.52,47.3796],[-70.5335,47.387],[-70.5405,47.4022],[-70.5405,47.4145]]]}},{"type":"Feature","properties":{"c":"#ffff00","v0":0.008,"v1":0.012},"geometry":{"type":"Polygon","coordinates":[[[-70.5875,47.2296],[-70.5625,47.2488],[-70.55,47.2717],[-70.55,47.2984],[-70.54,47.3164],[-70.52,47.3258],[-70.4956,47.3232],[-70.4667,47.3087],[-70.4588,47.2946],[-70.4719,47.2811],[-70.4784,47.2641],[-70.4782,47.2437],[-70.4611,47.2295],[-70.427,47.2216],[-70.406,47.1978],[-70.3979,47.1582],[-70.3979,47.1352],[-70.406,47.1287],[-70.43,47.1304],[-70.47,47.1403],[-70.51,47.1418],[-70.55,47.1349],[-70.5775,47.1535],[-70.5925,47.1978],[-70.5875,47.2296]]]}},{"type":"Feature","properties":{"c":"#ffff00","v0":0.008,"v1":0.012},"geometry":{"type":"Polygon","coordinates":[[[-71.2303,46.3089],[-71.2143,46.3227],[-71.1772,46.33],[-71.1191,46.3308],[-71.0865,46.317],[-71.0796,46.2885],[-71.0796,46.2715],[-71.0865,46.2658],[-71.105,46.272],[-71.135,46.2903],[-71.165,46.2971],[-71.195,46.2926],[-71.2171,46.2933],[-71.2313,46.2991],[-71.2303,46.3089]]]}},{"type":"Feature","properties":{"c":"#ffff00","v0":0.008,"v1":0.012},"geometry":{"type":"Polygon","coordinates":[[[-65.7251,46.2255],[-65.715,46.2384],[-65.6974,46.2419],[-65.6723,46.2358],[-65.6673,46.2239],[-65.6824,46.2061],[-65.7,46.2026],[-65.7201,46.2135],[-65.7251,46.2255]],[[-65.7153,46.223],[-65.7118,46.2312],[-65.7015,46.2346],[-65.6844,46.2334],[-65.6794,46.2265],[-65.6865,46.214],[-65.6968,46.2105],[-65.7103,46.2162],[-65.7153,46.223]]]}},{"type":"Feature","properties":{"c":"#ffff00","v0":0.008,"v1":0.012},"geometry":{"type":"Polygon","coordinates":[[[-71.4162,46.1835],[-71.3987,46.1957],[-71.375,46.1957],[-71.345,46.1835],[-71.3149,46.1808],[-71.2848,46.1878],[-71.2748,46.18],[-71.2849,46.1573],[-71.305,46.1401],[-71.335,46.1284],[-71.36,46.1257],[-71.38,46.1321],[-71.3987,46.1458],[-71.4162,46.1669],[-71.4162,46.1835]]]}},{"type":"Feature","properties":{"c":"#ffff00","v0":0.008,"v1":0.012},"geometry":{"type":"Polygon","coordinates":[[[-98.9011,46.1265],[-98.867,46.1355],[-98.84,46.137],[-98.82,46.131],[-98.82,46.1066],[-98.84,46.0639],[-98.855,46.0418],[-98.865,46.0405],[-98.882,46.0604],[-98.9061,46.1015],[-98.9011,46.1265]],[[-98.8746,46.1116],[-98.8702,46.1186],[-98.8577,46.122],[-98.8371,46.122],[-98.8326,46.1137],[-98.8442,46.0972],[-98.8567,46.0937],[-98.8701,46.1033],[-98.8746,46.1116]]]}},{"type":"Feature","properties":{"c":"#ffff00","v0":0.008,"v1":0.012},"geometry":{"type":"Polygon","coordinates":[[[-99.0053,45.9384],[-98.9951,45.9599],[-98.975,45.9685],[-98.945,45.9641],[-98.935,45.9522],[-98.945,45.9326],[-98.96,45.9209],[-98.98,45.917],[-98.9951,45.9182],[-99.0053,45.9245],[-99.0053,45.9384]],[[-98.9872,45.947],[-98.9757,45.958],[-98.9639,45.9615],[-98.9516,45.9574],[-98.9516,45.9487],[-98.9639,45.9353],[-98.9757,45.9318],[-98.9872,45.9383],[-98.9872,45.947]]]}},{"type":"Feature","properties":{"c":"#ffff00","v0":0.008,"v1":0.012},"geometry":{"type":"Polygon","coordinates":[[[-80.555,45.7952],[-80.5383,45.8089],[-80.5208,45.8089],[-80.5024,45.7952],[-80.5024,45.7818],[-80.5208,45.769],[-80.5383,45.769],[-80.555,45.7818],[-80.555,45.7952]]]}},{"type":"Feature","properties":{"c":"#ffff00","v0":0.008,"v1":0.012},"geometry":{"type":"Polygon","coordinates":[[[-63.6189,45.5691],[-63.5996,45.5779],[-63.5762,45.5744],[-63.5487,45.5586],[-63.5487,45.5458],[-63.5762,45.5359],[-63.5996,45.5394],[-63.6189,45.5563],[-63.6189,45.5691]],[[-63.5937,45.5612],[-63.5783,45.5542],[-63.5777,45.5507],[-63.5919,45.5507],[-63.5996,45.5542],[-63.6008,45.5612],[-63.5937,45.5612]]]}},{"type":"Feature","properties":{"c":"#ffff00","v0":0.008,"v1":0.012},"geometry":{"type":"Polygon","coordinates":[[[-62.9737,45.5682],[-62.9444,45.5752],[-62.9348,45.5714],[-62.9449,45.5568],[-62.959,45.5498],[-62.9771,45.5504],[-62.9867,45.5542],[-62.9879,45.5612],[-62.9737,45.5682]]]}},{"type":"Feature","properties":{"c":"#ffff00","v0":0.008,"v1":0.012},"geometry":{"type":"Polygon","coordinates":[[[-63.7296,45.1034],[-63.7165,45.1087],[-63.7039,45.1052],[-63.6918,45.0928],[-63.6984,45.0901],[-63.7236,45.0971],[-63.7296,45.1034]]]}},{"type":"Feature","properties":{"c":"#ffff00","v0":0.008,"v1":0.012},"geometry":{"type":"Polygon","coordinates":[[[-81.1719,45.0583],[-81.1564,45.0583],[-81.154,45.0549],[-81.1647,45.048],[-81.1724,45.048],[-81.1772,45.0549],[-81.1719,45.0583]]]}},{"type":"Feature","properties":{"c":"#ffff00","v0":0.008,"v1":0.012},"geometry":{"type":"Polygon","coordinates":[[[-64.6623,44.7964],[-64.6408,44.8108],[-64.6257,44.8144],[-64.6172,44.8071],[-64.6222,44.7967],[-64.6407,44.7832],[-64.6558,44.7796],[-64.6673,44.786],[-64.6623,44.7964]]]}},{"type":"Feature","properties":{"c":"#ffff00","v0":0.008,"v1":0.012},"geometry":{"type":"Polygon","coordinates":[[[-104.2779,38.973],[-104.246,39.0042],[-104.2191,39.0003],[-104.1974,38.9614],[-104.1974,38.9347],[-104.2191,38.9203],[-104.246,38.9242],[-104.2779,38.9464],[-104.2779,38.973]],[[-104.262,38.9619],[-104.2407,38.9708],[-104.2246,38.9669],[-104.2138,38.9503],[-104.2188,38.9403],[-104.2396,38.937],[-104.2557,38.9409],[-104.267,38.952],[-104.262,38.9619]]]}},{"type":"Feature","properties":{"c":"#ffff00","v0":0.008,"v1":0.012},"geometry":{"type":"Polygon","coordinates":[[[-111.687,31.8149],[-111.6757,31.829],[-111.6549,31.8332],[-111.6246,31.8277],[-111.6196,31.8154],[-111.6399,31.7965],[-111.6607,31.7923],[-111.682,31.8027],[-111.687,31.8149]]]}},{"type":"Feature","properties":{"c":"#ff8000","v0":0.012,"v1":0.016},"geometry":{"type":"Polygon","coordinates":[[[-105.7269,50.9551],[-105.7156,50.9633],[-105.7025,50.9633],[-105.6874,50.9551],[-105.6874,50.9473],[-105.7025,50.9399],[-105.7156,50.9399],[-105.7269,50.9473],[-105.7269,50.9551]]]}},{"type":"Feature","properties":{"c":"#ff8000","v0":0.012,"v1":0.016},"geometry":{"type":"Polygon","coordinates":[[[-91.0858,50.4709],[-91.0753,50.4989],[-91.0519,50.5148],[-91.0157,50.5186],[-90.9853,50.5269],[-90.9608,50.5396],[-90.9538,50.5292],[-90.9646,50.4957],[-91.0,50.4701],[-91.06,50.4526],[-91.0903,50.4471],[-91.0908,50.4537],[-91.0858,50.4709]],[[-91.0482,50.4978],[-91.0227,50.5031],[-91.0024,50.5031],[-90.9873,50.4978],[-90.9823,50.4912],[-90.9874,50.4833],[-91.0,50.4782],[-91.02,50.4759],[-91.0377,50.4799],[-91.0532,50.49],[-91.0482,50.4978]]]}},{"type":"Feature","properties":{"c":"#ff8000","v0":0.012,"v1":0.016},"geometry":{"type":"Polygon","coordinates":[[[-91.5921,50.2985],[-91.5774,50.3134],[-91.5526,50.3198],[-91.5178,50.3177],[-91.5128,50.3093],[-91.5376,50.2945],[-91.5624,50.2881],[-91.5871,50.2901],[-91.5921,50.2985]]]}},{"type":"Feature","properties":{"c":"#ff8000","v0":0.012,"v1":0.016},"geometry":{"type":"Polygon","coordinates":[[[-91.255,50.3011],[-91.2117,50.2957],[-91.1767,50.2829],[-91.1501,50.2628],[-91.1401,50.2469],[-91.1467,50.2351],[-91.16,50.2298],[-91.18,50.231],[-91.2117,50.2497],[-91.255,50.2858],[-91.255,50.3011]],[[-91.1869,50.2561],[-91.1756,50.2629],[-91.1654,50.2597],[-91.1563,50.2465],[-91.1563,50.2387],[-91.1654,50.236],[-91.1756,50.2392],[-91.1869,50.2482],[-91.1869,50.2561]]]}},{"type":"Feature","properties":{"c":"#ff8000","v0":0.012,"v1":0.016},"geometry":{"type":"Polygon","coordinates":[[[-91.6061,50.1247],[-91.584,50.1247],[-91.5823,50.1206],[-91.6008,50.1125],[-91.6118,50.1125],[-91.6154,50.1206],[-91.6061,50.1247]]]}},{"type":"Feature","properties":{"c":"#ff8000","v0":0.012,"v1":0.016},"geometry":{"type":"Polygon","coordinates":[[[-91.1541,49.9742],[-91.138,49.9816],[-91.1262,49.9816],[-91.1185,49.9742],[-91.1185,49.9662],[-91.1262,49.9574],[-91.138,49.9574],[-91.1541,49.9662],[-91.1541,49.9742]]]}},{"type":"Feature","properties":{"c":"#ff8000","v0":0.012,"v1":0.016},"geometry":{"type":"Polygon","coordinates":[[[-91.3562,49.9255],[-91.3494,49.9384],[-91.3333,49.9448],[-91.3082,49.9448],[-91.2992,49.9399],[-91.3064,49.93],[-91.3224,49.9235],[-91.3472,49.9206],[-91.3562,49.9255]]]}},{"type":"Feature","properties":{"c":"#ff8000","v0":0.012,"v1":0.016},"geometry":{"type":"Polygon","coordinates":[[[-92.4477,49.45],[-92.443,49.4695],[-92.413,49.4914],[-92.3577,49.5157],[-92.3059,49.5125],[-92.2576,49.4816],[-92.2426,49.4592],[-92.2609,49.4453],[-92.29,49.4404],[-92.33,49.4446],[-92.365,49.4419],[-92.395,49.4324],[-92.42,49.4308],[-92.44,49.4371],[-92.4477,49.45]],[[-92.3682,49.4761],[-92.3427,49.4959],[-92.3109,49.4959],[-92.2726,49.4761],[-92.2626,49.4612],[-92.2809,49.4512],[-92.3127,49.4512],[-92.3582,49.4612],[-92.3682,49.4761]]]}},{"type":"Feature","properties":{"c":"#ff8000","v0":0.012,"v1":0.016},"geometry":{"type":"Polygon","coordinates":[[[-93.7733,49.1777],[-93.7311,49.2004],[-93.7035,49.2102],[-93.6904,49.2071],[-93.6954,49.1925],[-93.7184,49.1663],[-93.74,49.1525],[-93.76,49.151],[-93.7761,49.1543],[-93.7883,49.1623],[-93.7733,49.1777]]]}},{"type":"Feature","properties":{"c":"#ff8000","v0":0.012,"v1":0.016},"geometry":{"type":"Polygon","coordinates":[[[-92.464,49.1972],[-92.4547,49.2066],[-92.4402,49.2098],[-92.4207,49.207],[-92.4157,49.1991],[-92.4252,49.1864],[-92.4397,49.1831],[-92.459,49.1893],[-92.464,49.1972]]]}},{"type":"Feature","properties":{"c":"#ff8000","v0":0.012,"v1":0.016},"geometry":{"type":"Polygon","coordinates":[[[-67.6058,49.1958],[-67.5953,49.2024],[-67.5857,49.2024],[-67.5771,49.1958],[-67.5771,49.1892],[-67.5857,49.1826],[-67.5953,49.1826],[-67.6058,49.1892],[-67.6058,49.1958]]]}},{"type":"Feature","properties":{"c":"#ff8000","v0":0.012,"v1":0.016},"geometry":{"type":"Polygon","coordinates":[[[-92.8281,49.1602],[-92.816,49.174],[-92.795,49.185],[-92.765,49.1931],[-92.7352,49.1894],[-92.7056,49.174],[-92.7106,49.1544],[-92.7502,49.1306],[-92.786,49.1273],[-92.8181,49.1446],[-92.8281,49.1602]],[[-92.7915,49.1603],[-92.7772,49.1744],[-92.7589,49.1777],[-92.7368,49.1701],[-92.7368,49.16],[-92.7589,49.1474],[-92.7772,49.1441],[-92.7915,49.1502],[-92.7915,49.1603]]]}},{"type":"Feature","properties":{"c":"#ff8000","v0":0.012,"v1":0.016},"geometry":{"type":"Polygon","coordinates":[[[-93.6737,48.937],[-93.6579,48.9501],[-93.6476,48.9501],[-93.6427,48.937],[-93.6506,48.9304],[-93.6713,48.9304],[-93.6737,48.937]]]}},{"type":"Feature","properties":{"c":"#ff8000","v0":0.012,"v1":0.016},"geometry":{"type":"Polygon","coordinates":[[[-65.7153,46.223],[-65.7118,46.2312],[-65.7015,46.2346],[-65.6844,46.2334],[-65.6794,46.2265],[-65.6865,46.214],[-65.6968,46.2105],[-65.7103,46.2162],[-65.7153,46.223]]]}},{"type":"Feature","properties":{"c":"#ff8000","v0":0.012,"v1":0.016},"geometry":{"type":"Polygon","coordinates":[[[-98.8746,46.1116],[-98.8702,46.1186],[-98.8577,46.122],[-98.8371,46.122],[-98.8326,46.1137],[-98.8442,46.0972],[-98.8567,46.0937],[-98.8701,46.1033],[-98.8746,46.1116]]]}},{"type":"Feature","properties":{"c":"#ff8000","v0":0.012,"v1":0.016},"geometry":{"type":"Polygon","coordinates":[[[-98.9872,45.947],[-98.9757,45.958],[-98.9639,45.9615],[-98.9516,45.9574],[-98.9516,45.9487],[-98.9639,45.9353],[-98.9757,45.9318],[-98.9872,45.9383],[-98.9872,45.947]]]}},{"type":"Feature","properties":{"c":"#ff8000","v0":0.012,"v1":0.016},"geometry":{"type":"Polygon","coordinates":[[[-63.5937,45.5612],[-63.5783,45.5542],[-63.5777,45.5507],[-63.5919,45.5507],[-63.5996,45.5542],[-63.6008,45.5612],[-63.5937,45.5612]]]}},{"type":"Feature","properties":{"c":"#ff8000","v0":0.012,"v1":0.016},"geometry":{"type":"Polygon","coordinates":[[[-104.262,38.9619],[-104.2407,38.9708],[-104.2246,38.9669],[-104.2138,38.9503],[-104.2188,38.9403],[-104.2396,38.937],[-104.2557,38.9409],[-104.267,38.952],[-104.262,38.9619]]]}},{"type":"Feature","properties":{"c":"#ff0000","v0":0.016,"v1":0.02},"geometry":{"type":"Polygon","coordinates":[[[-91.0482,50.4978],[-91.0227,50.5031],[-91.0024,50.5031],[-90.9873,50.4978],[-90.9823,50.4912],[-90.9874,50.4833],[-91.0,50.4782],[-91.02,50.4759],[-91.0377,50.4799],[-91.0532,50.49],[-91.0482,50.4978]]]}},{"type":"Feature","properties":{"c":"#ff0000","v0":0.016,"v1":0.02},"geometry":{"type":"Polygon","coordinates":[[[-91.1869,50.2561],[-91.1756,50.2629],[-91.1654,50.2597],[-91.1563,50.2465],[-91.1563,50.2387],[-91.1654,50.236],[-91.1756,50.2392],[-91.1869,50.2482],[-91.1869,50.2561]]]}},{"type":"Feature","properties":{"c":"#ff0000","v0":0.016,"v1":0.02},"geometry":{"type":"Polygon","coordinates":[[[-92.3682,49.4761],[-92.3427,49.4959],[-92.3109,49.4959],[-92.2726,49.4761],[-92.2626,49.4612],[-92.2809,49.4512],[-92.3127,49.4512],[-92.3582,49.4612],[-92.3682,49.4761]],[[-92.318,49.4705],[-92.3127,49.479],[-92.2996,49.479],[-92.2788,49.4705],[-92.2738,49.4629],[-92.2846,49.4561],[-92.2977,49.4561],[-92.313,49.4629],[-92.318,49.4705]]]}},{"type":"Feature","properties":{"c":"#ff0000","v0":0.016,"v1":0.02},"geometry":{"type":"Polygon","coordinates":[[[-92.7915,49.1603],[-92.7772,49.1744],[-92.7589,49.1777],[-92.7368,49.1701],[-92.7368,49.16],[-92.7589,49.1474],[-92.7772,49.1441],[-92.7915,49.1502],[-92.7915,49.1603]]]}},{"type":"Feature","properties":{"c":"#c00000","v0":0.02,"v1":0.03},"geometry":{"type":"Polygon","coordinates":[[[-92.318,49.4705],[-92.3127,49.479],[-92.2996,49.479],[-92.2788,49.4705],[-92.2738,49.4629],[-92.2846,49.4561],[-92.2977,49.4561],[-92.313,49.4629],[-92.318,49.4705]]]}}]}