{"type":"FeatureCollection","features":[{"type":"Feature","properties":{"c":"#00ff00","v0":0.002,"v1":0.003},"geometry":{"type":"Polygon","coordinates":[[[-109.9193,54.723],[-109.8998,54.7331],[-109.881,54.7302],[-109.8629,54.7143],[-109.8629,54.7036],[-109.881,54.6979],[-109.8998,54.7008],[-109.9193,54.7122],[-109.9193,54.723]],[[-109.907,54.7204],[-109.8957,54.7255],[-109.8843,54.7226],[-109.8729,54.7118],[-109.8729,54.7053],[-109.8843,54.7031],[-109.8957,54.706],[-109.907,54.714],[-109.907,54.7204]]]}},{"type":"Feature","properties":{"c":"#00ff00","v0":0.002,"v1":0.003},"geometry":{"type":"Polygon","coordinates":[[[-110.3473,54.6189],[-110.3358,54.6291],[-110.3225,54.632],[-110.3074,54.6276],[-110.3024,54.6148],[-110.3075,54.5936],[-110.3208,54.5907],[-110.3423,54.6061],[-110.3473,54.6189]],[[-110.329,54.6138],[-110.3158,54.6138],[-110.3144,54.611],[-110.3248,54.6054],[-110.3314,54.6054],[-110.3342,54.611],[-110.329,54.6138]]]}},{"type":"Feature","properties":{"c":"#00ff00","v0":0.002,"v1":0.003},"geometry":{"type":"Polygon","coordinates":[[[-110.3595,54.5356],[-110.3532,54.5415],[-110.3436,54.5415],[-110.3307,54.5356],[-110.3339,54.5327],[-110.3531,54.5327],[-110.3595,54.5356]]]}},{"type":"Feature","properties":{"c":"#00ff00","v0":0.002,"v1":0.003},"geometry":{"type":"Polygon","coordinates":[[[-110.2177,54.5385],[-110.1823,54.5269],[-110.1659,54.5159],[-110.1686,54.5055],[-110.1864,54.5113],[-110.2191,54.5333],[-110.2177,54.5385]]]}},{"type":"Feature","properties":{"c":"#00ff00","v0":0.002,"v1":0.003},"geometry":{"type":"Polygon","coordinates":[[[-110.1674,54.4562],[-110.1425,54.4659],[-110.1211,54.4659],[-110.1032,54.4562],[-110.0882,54.4397],[-110.0759,54.4164],[-110.0149,54.3982],[-109.905,54.3849],[-109.8368,54.3733],[-109.8105,54.3632],[-109.8155,54.3486],[-109.8518,54.3292],[-109.9032,54.3176],[-109.9695,54.3136],[-109.9977,54.3028],[-109.9879,54.2853],[-109.9947,54.2763],[-110.0182,54.2757],[-110.0258,54.2844],[-110.0175,54.3025],[-110.0415,54.3291],[-110.0978,54.364],[-110.1395,54.399],[-110.1664,54.4339],[-110.1674,54.4562]],[[-110.1513,54.4526],[-110.1371,54.455],[-110.129,54.4521],[-110.1271,54.4438],[-110.1342,54.4426],[-110.1503,54.4484],[-110.1513,54.4526]],[[-110.0709,54.3728],[-110.0702,54.3786],[-110.0549,54.3825],[-110.025,54.3845],[-109.975,54.3795],[-109.905,54.3676],[-109.8673,54.3578],[-109.862,54.3503],[-109.867,54.3412],[-109.8823,54.3305],[-109.9,54.3248],[-109.92,54.3241],[-109.955,54.3272],[-110.005,54.334],[-110.0403,54.3455],[-110.0609,54.3618],[-110.0709,54.3728]]]}},{"type":"Feature","properties":{"c":"#00ff00","v0":0.002,"v1":0.003},"geometry":{"type":"Polygon","coordinates":[[[-109.7617,54.3958],[-109.7539,54.4011],[-109.7429,54.4011],[-109.7288,54.3958],[-109.7288,54.3908],[-109.7429,54.3861],[-109.7539,54.3861],[-109.7617,54.3908],[-109.7617,54.3958]]]}},{"type":"Feature","properties":{"c":"#00ff00","v0":0.002,"v1":0.003},"geometry":{"type":"Polygon","coordinates":[[[-110.4552,54.297],[-110.4475,54.3145],[-110.4352,54.3268],[-110.4184,54.3338],[-110.3928,54.3221],[-110.3585,54.2917],[-110.3585,54.2721],[-110.3928,54.2633],[-110.4223,54.2662],[-110.4468,54.2809],[-110.4552,54.297]]]}},{"type":"Feature","properties":{"c":"#00ff00","v0":0.002,"v1":0.003},"geometry":{"type":"Polygon","coordinates":[[[-110.5585,54.2817],[-110.5395,54.2921],[-110.5161,54.295],[-110.4883,54.2905],[-110.4836,54.2824],[-110.5021,54.2707],[-110.5255,54.2678],[-110.5539,54.2736],[-110.5585,54.2817]]]}},{"type":"Feature","properties":{"c":"#00ff00","v0":0.002,"v1":0.003},"geometry":{"type":"Polygon","coordinates":[[[-110.3011,54.2463],[-110.2804,54.2559],[-110.2634,54.2559],[-110.2503,54.2463],[-110.2553,54.236],[-110.2784,54.225],[-110.2954,54.225],[-110.3061,54.236],[-110.3011,54.2463]]]}},{"type":"Feature","properties":{"c":"#00ff00","v0":0.002,"v1":0.003},"geometry":{"type":"Polygon","coordinates":[[[-110.666,54.2095],[-110.6553,54.2158],[-110.645,54.2158],[-110.6349,54.2095],[-110.6349,54.2035],[-110.645,54.1976],[-110.6553,54.1976],[-110.666,54.2035],[-110.666,54.2095]]]}},{"type":"Feature","properties":{"c":"#00ff00","v0":0.002,"v1":0.003},"geometry":{"type":"Polygon","coordinates":[[[-110.2748,54.1651],[-110.2449,54.176],[-110.2227,54.179],[-110.2082,54.1739],[-110.2082,54.1661],[-110.2227,54.1557],[-110.2449,54.1527],[-110.2748,54.1573],[-110.2748,54.1651]]]}},{"type":"Feature","properties":{"c":"#00ff00","v0":0.002,"v1":0.003},"geometry":{"type":"Polygon","coordinates":[[[-122.5836,53.8493],[-122.5745,53.8634],[-122.5576,53.8693],[-122.5327,53.867],[-122.5314,53.8481],[-122.5536,53.8127],[-122.551,53.7878],[-122.5237,53.7734],[-122.515,53.7583],[-122.525,53.7425],[-122.5383,53.7408],[-122.5548,53.7533],[-122.5693,53.7802],[-122.5819,53.8215],[-122.5836,53.8493]],[[-122.5676,53.8572],[-122.5559,53.8637],[-122.5453,53.8637],[-122.5358,53.8572],[-122.5358,53.8501],[-122.5453,53.8425],[-122.5559,53.8425],[-122.5676,53.8501],[-122.5676,53.8572]]]}},{"type":"Feature","properties":{"c":"#00ff00","v0":0.002,"v1":0.003},"geometry":{"type":"Polygon","coordinates":[[[-123.0326,53.6684],[-123.0175,53.6757],[-122.9859,53.6697],[-122.9378,53.6506],[-122.8991,53.6292],[-122.8698,53.6055],[-122.8589,53.5846],[-122.8663,53.5667],[-122.88,53.5544],[-122.9,53.5479],[-122.925,53.5471],[-122.955,53.5519],[-122.9875,53.5819],[-123.0226,53.6372],[-123.0326,53.6684]],[[-123.001,53.6338],[-122.9937,53.6429],[-122.975,53.6437],[-122.945,53.6361],[-122.9206,53.6168],[-122.9018,53.5855],[-122.9068,53.5692],[-122.9356,53.568],[-122.9637,53.5828],[-122.991,53.6137],[-123.001,53.6338]]]}},{"type":"Feature","properties":{"c":"#00ff00","v0":0.002,"v1":0.003},"geometry":{"type":"Polygon","coordinates":[[[-123.4967,53.5849],[-123.4789,53.5912],[-123.4654,53.5912],[-123.4563,53.5849],[-123.4652,53.5817],[-123.4921,53.5817],[-123.4967,53.5849]]]}},{"type":"Feature","properties":{"c":"#00ff00","v0":0.002,"v1":0.003},"geometry":{"type":"Polygon","coordinates":[[[-122.5578,53.5372],[-122.5494,53.5431],[-122.543,53.5431],[-122.5386,53.5372],[-122.5428,53.5342],[-122.5556,53.5342],[-122.5578,53.5372]]]}},{"type":"Feature","properties":{"c":"#00ff00","v0":0.002,"v1":0.003},"geometry":{"type":"Polygon","coordinates":[[[-122.6283,53.501],[-122.6028,53.5058],[-122.5868,53.5029],[-122.5803,53.492],[-122.5853,53.4837],[-122.6018,53.4779],[-122.6178,53.4809],[-122.6333,53.4927],[-122.6283,53.501]],[[-122.6159,53.4985],[-122.6002,53.4985],[-122.5925,53.4956],[-122.5929,53.4896],[-122.6007,53.4866],[-122.616,53.4866],[-122.6237,53.4896],[-122.6237,53.4956],[-122.6159,53.4985]]]}},{"type":"Feature","properties":{"c":"#00ff00","v0":0.002,"v1":0.003},"geometry":{"type":"Polygon","coordinates":[[[-122.928,53.4184],[-122.916,53.4248],[-122.9043,53.4158],[-122.8929,53.3915],[-122.8929,53.3749],[-122.9043,53.366],[-122.915,53.364],[-122.925,53.3689],[-122.931,53.3823],[-122.933,53.4042],[-122.928,53.4184]]]}},{"type":"Feature","properties":{"c":"#00ff00","v0":0.002,"v1":0.003},"geometry":{"type":"Polygon","coordinates":[[[-107.7278,52.7605],[-107.7108,52.7726],[-107.7015,52.7726],[-107.6999,52.7605],[-107.7084,52.7544],[-107.727,52.7544],[-107.7278,52.7605]]]}},{"type":"Feature","properties":{"c":"#00ff00","v0":0.002,"v1":0.003},"geometry":{"type":"Polygon","coordinates":[[[-107.9402,52.6273],[-107.9201,52.6396],[-107.9034,52.6669],[-107.8901,52.7091],[-107.8701,52.7378],[-107.8434,52.7529],[-107.8033,52.7498],[-107.75,52.7287],[-107.685,52.7111],[-107.6083,52.6971],[-107.56,52.6926],[-107.54,52.6979],[-107.515,52.6936],[-107.485,52.6799],[-107.445,52.6807],[-107.395,52.6961],[-107.335,52.7042],[-107.265,52.7049],[-107.2352,52.6903],[-107.2456,52.6603],[-107.2306,52.637],[-107.1902,52.6203],[-107.1569,52.6233],[-107.1307,52.6461],[-107.1051,52.6575],[-107.08,52.6575],[-107.0663,52.6514],[-107.064,52.6393],[-107.0465,52.6271],[-107.0137,52.615],[-106.998,52.5998],[-106.9993,52.5816],[-106.9925,52.5664],[-106.9775,52.5542],[-106.9806,52.5421],[-107.0019,52.5299],[-107.0063,52.5116],[-106.9937,52.4873],[-106.9884,52.4477],[-106.9902,52.3928],[-107.0059,52.3536],[-107.0353,52.3301],[-107.0921,52.3118],[-107.1763,52.2986],[-107.2163,52.287],[-107.2121,52.2772],[-107.195,52.2719],[-107.165,52.2713],[-107.1379,52.264],[-107.1136,52.25],[-107.1028,52.2338],[-107.1055,52.2155],[-107.1002,52.1971],[-107.0871,52.1787],[-107.0879,52.1581],[-107.1026,52.1354],[-107.135,52.1301],[-107.185,52.1423],[-107.225,52.1626],[-107.255,52.191],[-107.29,52.2127],[-107.33,52.2278],[-107.3711,52.2312],[-107.4134,52.2227],[-107.4384,52.2216],[-107.4462,52.2277],[-107.4459,52.2369],[-107.4374,52.2491],[-107.447,52.2706],[-107.4747,52.3012],[-107.484,52.3256],[-107.475,52.344],[-107.4953,52.3684],[-107.5451,52.3989],[-107.585,52.4125],[-107.615,52.4091],[-107.6386,52.3969],[-107.6557,52.3759],[-107.6725,52.3653],[-107.689,52.3653],[-107.7095,52.3867],[-107.7341,52.4294],[-107.7396,52.4599],[-107.7263,52.4782],[-107.7584,52.4964],[-107.836,52.5147],[-107.8725,52.536],[-107.868,52.5603],[-107.8818,52.5751],[-107.9139,52.5804],[-107.9351,52.5925],[-107.9452,52.6116],[-107.9402,52.6273]],[[-107.9254,52.6137],[-107.9151,52.6232],[-107.8992,52.6293],[-107.8777,52.6319],[-107.8654,52.6575],[-107.8625,52.706],[-107.8483,52.7324],[-107.8228,52.7367],[-107.7709,52.7215],[-107.6927,52.6869],[-107.6429,52.6696],[-107.6214,52.6696],[-107.615,52.6666],[-107.6237,52.6605],[-107.6236,52.6509],[-107.6145,52.6379],[-107.59,52.617],[-107.55,52.5883],[-107.515,52.5789],[-107.485,52.5889],[-107.435,52.5757],[-107.365,52.5393],[-107.3112,52.5187],[-107.2736,52.514],[-107.2649,52.4964],[-107.2849,52.466],[-107.276,52.4446],[-107.2383,52.4325],[-107.2256,52.4142],[-107.2379,52.3898],[-107.2355,52.3762],[-107.2185,52.3736],[-107.2043,52.3736],[-107.1929,52.3762],[-107.1901,52.3867],[-107.1961,52.405],[-107.1768,52.4192],[-107.1323,52.4293],[-107.1016,52.4415],[-107.0847,52.4558],[-107.1078,52.4751],[-107.1709,52.4995],[-107.2024,52.5177],[-107.2023,52.5299],[-107.1742,52.537],[-107.1181,52.539],[-107.0742,52.5451],[-107.0425,52.5552],[-107.024,52.5086],[-107.0186,52.405],[-107.0245,52.3466],[-107.0415,52.3336],[-107.09,52.3232],[-107.17,52.3153],[-107.2177,52.3065],[-107.233,52.2968],[-107.238,52.2837],[-107.2327,52.2672],[-107.21,52.2605],[-107.17,52.2637],[-107.1402,52.2597],[-107.1206,52.2486],[-107.1132,52.2338],[-107.1179,52.2155],[-107.1131,52.1971],[-107.0988,52.1787],[-107.0962,52.1635],[-107.1054,52.1516],[-107.1311,52.1486],[-107.1732,52.1543],[-107.2065,52.1787],[-107.2311,52.2216],[-107.26,52.2528],[-107.2933,52.2723],[-107.32,52.2837],[-107.34,52.2869],[-107.365,52.2845],[-107.395,52.2764],[-107.4225,52.2803],[-107.4474,52.2963],[-107.4524,52.3154],[-107.4375,52.3378],[-107.42,52.3492],[-107.4,52.3496],[-107.38,52.3441],[-107.36,52.3328],[-107.3423,52.3306],[-107.327,52.3375],[-107.3239,52.347],[-107.3329,52.3592],[-107.3289,52.3714],[-107.3117,52.3836],[-107.3048,52.401],[-107.3083,52.4234],[-107.33,52.4271],[-107.37,52.4123],[-107.41,52.4224],[-107.45,52.4577],[-107.525,52.4866],[-107.635,52.5092],[-107.71,52.5178],[-107.75,52.5124],[-107.785,52.5163],[-107.815,52.5296],[-107.8347,52.5392],[-107.8441,52.5452],[-107.8441,52.5538],[-107.8347,52.5652],[-107.8043,52.5773],[-107.753,52.5903],[-107.732,52.612],[-107.7412,52.6423],[-107.7519,52.6606],[-107.764,52.6669],[-107.7934,52.6517],[-107.8402,52.6151],[-107.8752,52.5953],[-107.8984,52.5923],[-107.9151,52.5954],[-107.9254,52.6044],[-107.9254,52.6137]],[[-107.5483,52.6506],[-107.5361,52.661],[-107.5166,52.661],[-107.4897,52.6506],[-107.4847,52.6383],[-107.5016,52.6243],[-107.5211,52.6243],[-107.5433,52.6383],[-107.5483,52.6506]],[[-107.2572,52.6089],[-107.2405,52.6089],[-107.2366,52.6059],[-107.2455,52.5998],[-107.2539,52.5998],[-107.2617,52.6059],[-107.2572,52.6089]],[[-107.0604,52.5968],[-107.04,52.5968],[-107.0349,52.5921],[-107.045,52.5829],[-107.0552,52.5829],[-107.0655,52.5921],[-107.0604,52.5968]],[[-107.69,52.5002],[-107.65,52.5016],[-107.6215,52.4955],[-107.6046,52.4819],[-107.6046,52.4722],[-107.6215,52.4662],[-107.65,52.4723],[-107.69,52.4904],[-107.69,52.5002]]]}},{"type":"Feature","properties":{"c":"#00ff00","v0":0.002,"v1":0.003},"geometry":{"type":"Polygon","coordinates":[[[-107.6529,52.586],[-107.6243,52.5889],[-107.5902,52.5798],[-107.5506,52.5587],[-107.5579,52.5512],[-107.6122,52.5573],[-107.6463,52.5664],[-107.6602,52.5786],[-107.6529,52.586]]]}},{"type":"Feature","properties":{"c":"#00ff00","v0":0.002,"v1":0.003},"geometry":{"type":"Polygon","coordinates":[[[-108.0234,52.5244],[-107.9878,52.5255],[-107.9634,52.5194],[-107.9503,52.5061],[-107.9603,52.4954],[-107.9934,52.4871],[-108.0178,52.4932],[-108.0334,52.5136],[-108.0234,52.5244]],[[-108.0113,52.5143],[-107.9971,52.5195],[-107.9825,52.5165],[-107.9675,52.5051],[-107.9675,52.4969],[-107.9825,52.4919],[-107.9971,52.4949],[-108.0113,52.5061],[-108.0113,52.5143]]]}},{"type":"Feature","properties":{"c":"#00ff00","v0":0.002,"v1":0.003},"geometry":{"type":"Polygon","coordinates":[[[-107.9644,52.4186],[-107.9415,52.4275],[-107.9158,52.4122],[-107.8875,52.3728],[-107.8875,52.3499],[-107.9158,52.3435],[-107.9415,52.3587],[-107.9644,52.3957],[-107.9644,52.4186]]]}},{"type":"Feature","properties":{"c":"#00ff00","v0":0.002,"v1":0.003},"geometry":{"type":"Polygon","coordinates":[[[-106.9502,52.3684],[-106.9326,52.3989],[-106.9066,52.4142],[-106.8723,52.4142],[-106.8577,52.402],[-106.8628,52.3775],[-106.8586,52.3562],[-106.8453,52.3378],[-106.8438,52.3226],[-106.8541,52.3103],[-106.8735,52.3042],[-106.9019,52.3042],[-106.9268,52.3164],[-106.9483,52.3409],[-106.9502,52.3684]],[[-106.937,52.3562],[-106.9233,52.3867],[-106.9092,52.405],[-106.8947,52.4111],[-106.8817,52.4111],[-106.8704,52.405],[-106.869,52.3928],[-106.8775,52.3745],[-106.8744,52.3531],[-106.8598,52.3287],[-106.8669,52.3142],[-106.8956,52.3098],[-106.9185,52.3159],[-106.9354,52.3326],[-106.937,52.3562]]]}},{"type":"Feature","properties":{"c":"#00ff00","v0":0.002,"v1":0.003},"geometry":{"type":"Polygon","coordinates":[[[-106.7162,52.3321],[-106.6987,52.339],[-106.67,52.3359],[-106.63,52.3229],[-106.625,52.3114],[-106.655,52.3014],[-106.6837,52.3044],[-106.7112,52.3206],[-106.7162,52.3321]]]}},{"type":"Feature","properties":{"c":"#00ff00","v0":0.002,"v1":0.003},"geometry":{"type":"Polygon","coordinates":[[[-107.7368,52.3074],[-107.7323,52.3139],[-107.7218,52.317],[-107.7053,52.3166],[-107.7003,52.3117],[-107.7068,52.3022],[-107.7173,52.2991],[-107.7318,52.3025],[-107.7368,52.3074]]]}},{"type":"Feature","properties":{"c":"#00ff00","v0":0.002,"v1":0.003},"geometry":{"type":"Polygon","coordinates":[[[-107.8469,52.295],[-107.834,52.3012],[-107.8281,52.3005],[-107.8294,52.2929],[-107.8358,52.2899],[-107.8475,52.2913],[-107.8469,52.295]]]}},{"type":"Feature","properties":{"c":"#00ff00","v0":0.002,"v1":0.003},"geometry":{"type":"Polygon","coordinates":[[[-106.8145,52.1695],[-106.7724,52.194],[-106.7514,52.2124],[-106.7514,52.2247],[-106.7652,52.24],[-106.7929,52.2583],[-106.7926,52.2744],[-106.7642,52.2881],[-106.7401,52.2912],[-106.7204,52.2836],[-106.7023,52.2491],[-106.6857,52.1879],[-106.6605,52.155],[-106.6268,52.1507],[-106.603,52.1415],[-106.589,52.1274],[-106.594,52.1126],[-106.618,52.0969],[-106.655,52.0818],[-106.705,52.0672],[-106.7379,52.0627],[-106.7537,52.0684],[-106.7801,52.0927],[-106.817,52.1357],[-106.8145,52.1695]],[[-106.7941,52.1695],[-106.7551,52.194],[-106.7348,52.2124],[-106.7332,52.2247],[-106.7483,52.24],[-106.7799,52.2583],[-106.7843,52.2725],[-106.7614,52.2825],[-106.7417,52.2825],[-106.7252,52.2725],[-106.7195,52.2614],[-106.7246,52.2491],[-106.7195,52.2369],[-106.7044,52.2247],[-106.6952,52.2026],[-106.6917,52.1708],[-106.685,52.1509],[-106.675,52.1429],[-106.655,52.1393],[-106.625,52.14],[-106.606,52.1354],[-106.5979,52.1254],[-106.6279,52.1074],[-106.696,52.0815],[-106.7509,52.0907],[-106.7927,52.1351],[-106.7941,52.1695]]]}},{"type":"Feature","properties":{"c":"#00ff00","v0":0.002,"v1":0.003},"geometry":{"type":"Polygon","coordinates":[[[-106.9419,52.2119],[-106.934,52.2232],[-106.92,52.2308],[-106.9,52.2347],[-106.8794,52.2259],[-106.8582,52.2047],[-106.8582,52.1897],[-106.8794,52.1812],[-106.904,52.1842],[-106.9319,52.1989],[-106.9419,52.2119]],[[-106.9215,52.212],[-106.9005,52.2234],[-106.8818,52.2234],[-106.8653,52.212],[-106.8653,52.2008],[-106.8818,52.1898],[-106.9005,52.1898],[-106.9215,52.2008],[-106.9215,52.212]]]}},{"type":"Feature","properties":{"c":"#00ff00","v0":0.002,"v1":0.003},"geometry":{"type":"Polygon","coordinates":[[[-107.3432,52.1743],[-107.3344,52.1841],[-107.3238,52.1871],[-107.3113,52.1835],[-107.3063,52.1774],[-107.3088,52.1687],[-107.3194,52.1656],[-107.3382,52.1682],[-107.3432,52.1743]]]}},{"type":"Feature","properties":{"c":"#00ff00","v0":0.002,"v1":0.003},"geometry":{"type":"Polygon","coordinates":[[[-107.2466,52.0815],[-107.2089,52.0776],[-107.18,52.0832],[-107.16,52.0983],[-107.135,52.1091],[-107.105,52.1156],[-107.055,52.1089],[-106.985,52.089],[-106.9438,52.0709],[-106.9314,52.0547],[-106.9314,52.0421],[-106.9438,52.033],[-106.965,52.0286],[-106.995,52.0288],[-107.03,52.014],[-107.07,51.9843],[-107.1016,51.9764],[-107.1249,51.9904],[-107.1382,52.0128],[-107.1417,52.0436],[-107.1739,52.0651],[-107.2349,52.0774],[-107.2466,52.0815]],[[-107.135,52.0895],[-107.105,52.1014],[-107.055,52.0981],[-106.985,52.0795],[-106.9464,52.0643],[-106.9393,52.0525],[-106.9443,52.0431],[-106.9614,52.036],[-106.985,52.0341],[-107.015,52.0376],[-107.04,52.0299],[-107.06,52.011],[-107.08,51.9996],[-107.1,51.9957],[-107.1164,52.0008],[-107.1293,52.0149],[-107.1324,52.0313],[-107.1257,52.0497],[-107.1293,52.0651],[-107.1431,52.0774],[-107.135,52.0895]]]}},{"type":"Feature","properties":{"c":"#00ff00","v0":0.002,"v1":0.003},"geometry":{"type":"Polygon","coordinates":[[[-107.3964,52.0664],[-107.3655,52.0812],[-107.3386,52.0812],[-107.3159,52.0664],[-107.3109,52.0552],[-107.3236,52.0477],[-107.3505,52.0477],[-107.3914,52.0552],[-107.3964,52.0664]]]}},{"type":"Feature","properties":{"c":"#00ff00","v0":0.002,"v1":0.003},"geometry":{"type":"Polygon","coordinates":[[[-112.1611,51.9504],[-112.1404,51.9549],[-112.125,51.9488],[-112.115,51.9319],[-112.12,51.923],[-112.14,51.922],[-112.1554,51.9281],[-112.1661,51.9415],[-112.1611,51.9504]]]}},{"type":"Feature","properties":{"c":"#00ff00","v0":0.002,"v1":0.003},"geometry":{"type":"Polygon","coordinates":[[[-113.4363,51.8957],[-113.4236,51.9142],[-113.4054,51.9243],[-113.3818,51.926],[-113.3432,51.9137],[-113.2896,51.8873],[-113.2609,51.8679],[-113.2571,51.8556],[-113.2639,51.8449],[-113.2813,51.8358],[-113.315,51.8323],[-113.365,51.8343],[-113.4032,51.8481],[-113.4295,51.8736],[-113.4363,51.8957]],[[-113.4202,51.8933],[-113.4134,51.907],[-113.395,51.9141],[-113.365,51.9147],[-113.332,51.9048],[-113.2959,51.8843],[-113.2756,51.8679],[-113.2711,51.8556],[-113.2791,51.846],[-113.2997,51.8393],[-113.33,51.838],[-113.37,51.8422],[-113.3984,51.8548],[-113.4152,51.8759],[-113.4202,51.8933]]]}},{"type":"Feature","properties":{"c":"#00ff00","v0":0.002,"v1":0.003},"geometry":{"type":"Polygon","coordinates":[[[-107.1918,51.8044],[-107.1773,51.8134],[-107.1635,51.8134],[-107.1505,51.8044],[-107.1555,51.795],[-107.1785,51.785],[-107.1923,51.785],[-107.1968,51.795],[-107.1918,51.8044]]]}},{"type":"Feature","properties":{"c":"#00ff00","v0":0.002,"v1":0.003},"geometry":{"type":"Polygon","coordinates":[[[-112.1127,51.7907],[-112.1109,51.7969],[-112.103,51.7969],[-112.0889,51.7907],[-112.0898,51.7876],[-112.1057,51.7876],[-112.1127,51.7907]]]}},{"type":"Feature","properties":{"c":"#00ff00","v0":0.002,"v1":0.003},"geometry":{"type":"Polygon","coordinates":[[[-107.3015,51.7669],[-107.2938,51.7749],[-107.2842,51.7749],[-107.2725,51.7669],[-107.2725,51.7601],[-107.2842,51.7545],[-107.2938,51.7545],[-107.3015,51.7601],[-107.3015,51.7669]]]}},{"type":"Feature","properties":{"c":"#00ff00","v0":0.002,"v1":0.003},"geometry":{"type":"Polygon","coordinates":[[[-112.3346,51.6048],[-112.3182,51.6111],[-112.281,51.608],[-112.223,51.5954],[-112.1902,51.5767],[-112.1825,51.5519],[-112.1865,51.5323],[-112.2022,51.5179],[-112.22,51.5084],[-112.24,51.5037],[-112.2588,51.5046],[-112.2765,51.5112],[-112.2997,51.5363],[-112.3284,51.5798],[-112.3346,51.6048]],[[-112.3007,51.5923],[-112.2669,51.5984],[-112.2386,51.5984],[-112.2157,51.5923],[-112.1998,51.5798],[-112.1908,51.5612],[-112.1943,51.5425],[-112.2104,51.5239],[-112.2319,51.5145],[-112.2589,51.5145],[-112.2837,51.5332],[-112.3063,51.5705],[-112.3007,51.5923]]]}},{"type":"Feature","properties":{"c":"#00ff00","v0":0.002,"v1":0.003},"geometry":{"type":"Polygon","coordinates":[[[-113.3686,51.5593],[-113.3562,51.5743],[-113.338,51.5774],[-113.3139,51.5687],[-113.3089,51.5553],[-113.323,51.5373],[-113.3412,51.5342],[-113.3636,51.546],[-113.3686,51.5593]],[[-113.3602,51.5571],[-113.3534,51.5676],[-113.341,51.5707],[-113.323,51.5664],[-113.318,51.5577],[-113.326,51.5444],[-113.3384,51.5413],[-113.3552,51.5483],[-113.3602,51.5571]]]}},{"type":"Feature","properties":{"c":"#00ff00","v0":0.002,"v1":0.003},"geometry":{"type":"Polygon","coordinates":[[[-113.5958,51.5349],[-113.5786,51.5509],[-113.545,51.5568],[-113.495,51.5528],[-113.4616,51.5449],[-113.4448,51.533],[-113.4398,51.5216],[-113.4466,51.5109],[-113.47,51.5001],[-113.51,51.4893],[-113.5457,51.4884],[-113.5771,51.4975],[-113.5957,51.5083],[-113.6015,51.5208],[-113.5958,51.5349]],[[-113.5873,51.5328],[-113.5758,51.5445],[-113.545,51.5489],[-113.495,51.5459],[-113.4643,51.54],[-113.4528,51.5313],[-113.4528,51.5217],[-113.4643,51.5111],[-113.49,51.5024],[-113.53,51.4955],[-113.5608,51.5008],[-113.5823,51.5182],[-113.5873,51.5328]]]}},{"type":"Feature","properties":{"c":"#00ff00","v0":0.002,"v1":0.003},"geometry":{"type":"Polygon","coordinates":[[[-111.9299,51.5021],[-111.9143,51.5021],[-111.9124,51.4989],[-111.9241,51.4925],[-111.9319,51.4925],[-111.9358,51.4989],[-111.9299,51.5021]]]}},{"type":"Feature","properties":{"c":"#00ff00","v0":0.002,"v1":0.003},"geometry":{"type":"Polygon","coordinates":[[[-114.0381,51.0674],[-113.9741,51.0988],[-113.9391,51.1258],[-113.933,51.1484],[-113.9246,51.1516],[-113.9137,51.1352],[-113.8887,51.1232],[-113.8496,51.1154],[-113.7958,51.1217],[-113.7273,51.142],[-113.6923,51.1596],[-113.6908,51.1745],[-113.7,51.1844],[-113.72,51.1894],[-113.7375,51.2039],[-113.7526,51.2279],[-113.7874,51.2555],[-113.8417,51.2868],[-113.8726,51.3149],[-113.88,51.3399],[-113.8603,51.3546],[-113.8134,51.359],[-113.775,51.3552],[-113.745,51.3432],[-113.7187,51.3411],[-113.6961,51.3486],[-113.696,51.3805],[-113.7187,51.4367],[-113.7268,51.471],[-113.7204,51.4834],[-113.7104,51.4911],[-113.6968,51.4941],[-113.675,51.4867],[-113.645,51.4688],[-113.6,51.4595],[-113.54,51.4588],[-113.485,51.4504],[-113.435,51.4341],[-113.385,51.4275],[-113.335,51.4304],[-113.2951,51.4245],[-113.2652,51.4098],[-113.237,51.3899],[-113.2102,51.3649],[-113.2156,51.3368],[-113.2531,51.3056],[-113.2414,51.2838],[-113.1805,51.2714],[-113.1506,51.2432],[-113.1519,51.1992],[-113.1093,51.1584],[-113.0228,51.1208],[-112.9898,51.0894],[-113.0102,51.0642],[-113.0092,51.0359],[-112.9869,51.0045],[-112.9864,50.9793],[-113.0078,50.9604],[-113.0115,50.9384],[-112.9975,50.9131],[-113.0061,50.8974],[-113.0373,50.8911],[-113.0572,50.8986],[-113.0657,50.9201],[-113.095,50.9263],[-113.145,50.9172],[-113.21,50.9197],[-113.29,50.9336],[-113.365,50.9171],[-113.435,50.8701],[-113.485,50.8584],[-113.515,50.8818],[-113.56,50.9037],[-113.62,50.9239],[-113.67,50.9189],[-113.71,50.8885],[-113.765,50.8701],[-113.835,50.8636],[-113.8803,50.8673],[-113.9008,50.881],[-113.9011,50.9005],[-113.8812,50.9258],[-113.8859,50.9458],[-113.9153,50.9605],[-113.945,50.9686],[-113.975,50.9699],[-113.9949,50.9877],[-114.0046,51.022],[-114.0247,51.0422],[-114.0549,51.0485],[-114.0381,51.0674]],[[-113.7086,51.47],[-113.6962,51.4805],[-113.6823,51.4805],[-113.6668,51.47],[-113.6668,51.4602],[-113.6823,51.4513],[-113.6962,51.4513],[-113.7086,51.4602],[-113.7086,51.47]],[[-113.6625,51.4136],[-113.6275,51.4359],[-113.58,51.4455],[-113.52,51.4423],[-113.475,51.4316],[-113.445,51.4133],[-113.4,51.4072],[-113.34,51.4133],[-113.2997,51.4097],[-113.279,51.3965],[-113.2729,51.3837],[-113.2815,51.3712],[-113.2791,51.3587],[-113.2655,51.3462],[-113.2716,51.3338],[-113.2972,51.3216],[-113.34,51.3244],[-113.4,51.3421],[-113.46,51.3468],[-113.52,51.3385],[-113.5556,51.3295],[-113.5667,51.3198],[-113.5917,51.3114],[-113.6306,51.3044],[-113.6544,51.3044],[-113.6631,51.3114],[-113.6574,51.3243],[-113.6372,51.3431],[-113.6403,51.3649],[-113.6667,51.3899],[-113.6625,51.4136]],[[-113.9887,51.0045],[-113.9762,51.0109],[-113.955,51.0115],[-113.925,51.0064],[-113.92,51.0189],[-113.9401,51.0491],[-113.9451,51.07],[-113.935,51.0817],[-113.915,51.0892],[-113.885,51.0926],[-113.8661,51.0805],[-113.8582,51.0529],[-113.8482,51.0376],[-113.8361,51.0346],[-113.8136,51.0535],[-113.7808,51.0942],[-113.7358,51.1143],[-113.6786,51.1138],[-113.645,51.1209],[-113.635,51.1355],[-113.62,51.1349],[-113.6,51.1191],[-113.55,51.116],[-113.47,51.1255],[-113.41,51.1109],[-113.37,51.0721],[-113.315,51.0724],[-113.245,51.112],[-113.19,51.1342],[-113.15,51.1391],[-113.0969,51.1317],[-113.0306,51.1118],[-113.0093,51.0925],[-113.033,51.0737],[-113.0311,51.045],[-113.0037,51.0065],[-112.9969,50.9845],[-113.0107,50.9789],[-113.0407,50.9858],[-113.0869,51.0052],[-113.1172,51.0115],[-113.1317,51.0047],[-113.1337,50.995],[-113.1234,50.9825],[-113.1015,50.9699],[-113.0681,50.9573],[-113.086,50.9461],[-113.1553,50.9363],[-113.245,50.9425],[-113.355,50.9648],[-113.4137,50.9729],[-113.4211,50.9667],[-113.4149,50.951],[-113.3952,50.9258],[-113.4065,50.9011],[-113.4488,50.8771],[-113.4955,50.8803],[-113.5465,50.9106],[-113.5765,50.9362],[-113.5855,50.9572],[-113.615,50.9641],[-113.665,50.9567],[-113.699,50.9368],[-113.7169,50.9042],[-113.7387,50.8848],[-113.7645,50.8785],[-113.7851,50.8785],[-113.8004,50.8848],[-113.8085,50.8961],[-113.8095,50.9124],[-113.835,50.9357],[-113.885,50.9658],[-113.925,50.9793],[-113.955,50.9761],[-113.9762,50.9812],[-113.9887,50.9946],[-113.9887,51.0045]],[[-113.4391,51.2809],[-113.433,51.2877],[-113.42,51.2909],[-113.4,51.2902],[-113.395,51.2849],[-113.405,51.2747],[-113.418,51.2716],[-113.4341,51.2755],[-113.4391,51.2809]],[[-113.4313,51.2189],[-113.4171,51.227],[-113.385,51.2253],[-113.335,51.2138],[-113.305,51.1923],[-113.295,51.1606],[-113.3171,51.1466],[-113.3714,51.1503],[-113.4085,51.1678],[-113.4285,51.1992],[-113.4313,51.2189]]]}},{"type":"Feature","properties":{"c":"#00ff00","v0":0.002,"v1":0.003},"geometry":{"type":"Polygon","coordinates":[[[-114.0072,51.4173],[-113.9824,51.4222],[-113.9621,51.4159],[-113.9462,51.3986],[-113.9512,51.3884],[-113.9771,51.3855],[-113.9974,51.3918],[-114.0122,51.4072],[-114.0072,51.4173]]]}},{"type":"Feature","properties":{"c":"#00ff00","v0":0.002,"v1":0.003},"geometry":{"type":"Polygon","coordinates":[[[-105.0699,51.4086],[-105.0566,51.421],[-105.03,51.4278],[-104.99,51.4289],[-104.9596,51.4258],[-104.9389,51.4185],[-104.9259,51.4055],[-104.9207,51.3868],[-104.926,51.3715],[-104.942,51.3598],[-104.965,51.3536],[-104.995,51.3529],[-105.0241,51.3588],[-105.0522,51.3712],[-105.0689,51.3837],[-105.074,51.3961],[-105.0699,51.4086]],[[-105.0631,51.4071],[-105.0544,51.4166],[-105.03,51.4221],[-104.99,51.4238],[-104.96,51.4201],[-104.94,51.4111],[-104.9291,51.3993],[-104.9272,51.3847],[-104.9322,51.3728],[-104.9441,51.3635],[-104.965,51.3583],[-104.995,51.357],[-105.022,51.3617],[-105.0461,51.3722],[-105.0605,51.3837],[-105.0652,51.3961],[-105.0631,51.4071]]]}},{"type":"Feature","properties":{"c":"#00ff00","v0":0.002,"v1":0.003},"geometry":{"type":"Polygon","coordinates":[[[-112.9711,51.3493],[-112.965,51.368],[-112.9539,51.3784],[-112.938,51.3803],[-112.9319,51.3709],[-112.9358,51.3503],[-112.9408,51.3373],[-112.9469,51.332],[-112.956,51.332],[-112.9681,51.3373],[-112.9711,51.3493]]]}},{"type":"Feature","properties":{"c":"#00ff00","v0":0.002,"v1":0.003},"geometry":{"type":"Polygon","coordinates":[[[-105.2763,51.3118],[-105.2669,51.3306],[-105.2541,51.3408],[-105.238,51.3426],[-105.2228,51.3394],[-105.2084,51.3314],[-105.2084,51.3126],[-105.2228,51.2829],[-105.24,51.2693],[-105.26,51.2717],[-105.2728,51.2803],[-105.2783,51.2951],[-105.2763,51.3118]],[[-105.2597,51.319],[-105.2532,51.3272],[-105.2428,51.3303],[-105.2284,51.3284],[-105.2284,51.3166],[-105.2428,51.2948],[-105.2532,51.2917],[-105.2597,51.3072],[-105.2597,51.319]]]}},{"type":"Feature","properties":{"c":"#00ff00","v0":0.002,"v1":0.003},"geometry":{"type":"Polygon","coordinates":[[[-101.5841,51.3081],[-101.5747,51.3194],[-101.56,51.3261],[-101.54,51.3282],[-101.5185,51.3225],[-101.4955,51.3091],[-101.4843,51.2962],[-101.4849,51.2837],[-101.4914,51.2729],[-101.5038,51.2639],[-101.52,51.2592],[-101.54,51.2588],[-101.5597,51.2696],[-101.5791,51.2915],[-101.5841,51.3081]],[[-101.5681,51.3078],[-101.5427,51.3185],[-101.5208,51.3185],[-101.5025,51.3078],[-101.4937,51.2962],[-101.4946,51.2837],[-101.5088,51.2744],[-101.5363,51.2685],[-101.5577,51.2747],[-101.5731,51.2932],[-101.5681,51.3078]]]}},{"type":"Feature","properties":{"c":"#00ff00","v0":0.002,"v1":0.003},"geometry":{"type":"Polygon","coordinates":[[[-112.8791,51.2462],[-112.8597,51.2589],[-112.8406,51.2589],[-112.8218,51.2462],[-112.8218,51.231],[-112.8406,51.2131],[-112.8597,51.2131],[-112.8791,51.231],[-112.8791,51.2462]],[[-112.8623,51.243],[-112.8541,51.2493],[-112.8471,51.2493],[-112.8413,51.243],[-112.8413,51.2364],[-112.8471,51.2295],[-112.8541,51.2295],[-112.8623,51.2364],[-112.8623,51.243]]]}},{"type":"Feature","properties":{"c":"#00ff00","v0":0.002,"v1":0.003},"geometry":{"type":"Polygon","coordinates":[[[-112.5927,51.2484],[-112.5509,51.2655],[-112.5029,51.2624],[-112.4488,51.239],[-112.437,51.2148],[-112.4677,51.1898],[-112.4998,51.1742],[-112.5333,51.1681],[-112.5611,51.1713],[-112.5833,51.1836],[-112.5992,51.2023],[-112.6089,51.2274],[-112.5927,51.2484]],[[-112.5852,51.2461],[-112.5617,51.2586],[-112.54,51.2633],[-112.52,51.2602],[-112.503,51.2508],[-112.4891,51.2352],[-112.4855,51.2211],[-112.4924,51.2086],[-112.5094,51.1999],[-112.5365,51.1951],[-112.5617,51.2045],[-112.5852,51.2281],[-112.5852,51.2461]]]}},{"type":"Feature","properties":{"c":"#00ff00","v0":0.002,"v1":0.003},"geometry":{"type":"Polygon","coordinates":[[[-101.9557,51.2458],[-101.9386,51.2578],[-101.9189,51.2609],[-101.8967,51.2552],[-101.8917,51.2415],[-101.9039,51.2197],[-101.92,51.2103],[-101.94,51.2132],[-101.9536,51.221],[-101.9607,51.2336],[-101.9557,51.2458]],[[-101.9418,51.2439],[-101.9206,51.2519],[-101.9079,51.2488],[-101.9037,51.2345],[-101.9087,51.2245],[-101.9229,51.2187],[-101.9356,51.2218],[-101.9468,51.2338],[-101.9418,51.2439]]]}},{"type":"Feature","properties":{"c":"#00ff00","v0":0.002,"v1":0.003},"geometry":{"type":"Polygon","coordinates":[[[-112.7778,51.2457],[-112.7593,51.2574],[-112.7424,51.2605],[-112.7273,51.2551],[-112.7273,51.2449],[-112.7424,51.2298],[-112.7593,51.2266],[-112.7778,51.2355],[-112.7778,51.2457]]]}},{"type":"Feature","properties":{"c":"#00ff00","v0":0.002,"v1":0.003},"geometry":{"type":"Polygon","coordinates":[[[-113.8887,51.2299],[-113.8629,51.2349],[-113.845,51.2318],[-113.835,51.2205],[-113.84,51.2122],[-113.86,51.2069],[-113.8779,51.21],[-113.8937,51.2216],[-113.8887,51.2299]],[[-113.8677,51.2274],[-113.8559,51.2275],[-113.8498,51.2243],[-113.8494,51.218],[-113.8553,51.218],[-113.8675,51.2242],[-113.8677,51.2274]]]}},{"type":"Feature","properties":{"c":"#00ff00","v0":0.002,"v1":0.003},"geometry":{"type":"Polygon","coordinates":[[[-101.4786,51.2111],[-101.4595,51.2287],[-101.44,51.2371],[-101.42,51.2362],[-101.4033,51.2306],[-101.3899,51.2201],[-101.3843,51.2086],[-101.3865,51.196],[-101.3982,51.1841],[-101.4194,51.1728],[-101.44,51.1688],[-101.46,51.1723],[-101.4745,51.1811],[-101.4836,51.1952],[-101.4786,51.2111]],[[-101.4746,51.21],[-101.4582,51.2255],[-101.4357,51.2286],[-101.407,51.2194],[-101.3933,51.2086],[-101.3947,51.196],[-101.4041,51.1852],[-101.4214,51.1761],[-101.44,51.174],[-101.46,51.1788],[-101.4732,51.1865],[-101.4796,51.197],[-101.4746,51.21]]]}},{"type":"Feature","properties":{"c":"#00ff00","v0":0.002,"v1":0.003},"geometry":{"type":"Polygon","coordinates":[[[-114.2112,51.1447],[-114.1971,51.1548],[-114.17,51.1618],[-114.13,51.1658],[-114.1027,51.1544],[-114.088,51.1278],[-114.088,51.109],[-114.1027,51.0981],[-114.12,51.0935],[-114.14,51.0954],[-114.1671,51.1071],[-114.2012,51.1288],[-114.2112,51.1447]],[[-114.1847,51.1451],[-114.1482,51.1561],[-114.1208,51.1561],[-114.1025,51.1451],[-114.0929,51.1333],[-114.0918,51.1208],[-114.096,51.111],[-114.1053,51.1042],[-114.12,51.1012],[-114.14,51.1021],[-114.1632,51.1118],[-114.1897,51.1303],[-114.1847,51.1451]]]}},{"type":"Feature","properties":{"c":"#00ff00","v0":0.002,"v1":0.003},"geometry":{"type":"Polygon","coordinates":[[[-112.8839,51.1463],[-112.8746,51.1597],[-112.86,51.1662],[-112.84,51.166],[-112.8327,51.1562],[-112.8382,51.1368],[-112.8322,51.1176],[-112.815,51.0988],[-112.8122,51.0837],[-112.8241,51.0725],[-112.8446,51.085],[-112.8739,51.1214],[-112.8839,51.1463]]]}},{"type":"Feature","properties":{"c":"#00ff00","v0":0.002,"v1":0.003},"geometry":{"type":"Polygon","coordinates":[[[-101.8914,51.1555],[-101.8771,51.1623],[-101.85,51.1626],[-101.81,51.1565],[-101.775,51.1407],[-101.745,51.1151],[-101.7047,51.099],[-101.6542,51.0926],[-101.6302,51.0799],[-101.6327,51.0611],[-101.653,51.0454],[-101.691,51.0329],[-101.74,51.0364],[-101.8,51.0559],[-101.8471,51.0873],[-101.8814,51.1305],[-101.8914,51.1555]],[[-101.86,51.1316],[-101.8533,51.1408],[-101.835,51.1454],[-101.805,51.1453],[-101.78,51.1333],[-101.76,51.1091],[-101.73,51.0975],[-101.69,51.0982],[-101.6608,51.09],[-101.6423,51.0728],[-101.6423,51.0575],[-101.6608,51.044],[-101.68,51.0362],[-101.7,51.0341],[-101.74,51.0451],[-101.8,51.0692],[-101.8383,51.0927],[-101.855,51.1156],[-101.86,51.1316]]]}},{"type":"Feature","properties":{"c":"#00ff00","v0":0.002,"v1":0.003},"geometry":{"type":"Polygon","coordinates":[[[-112.2488,51.1153],[-112.2363,51.1169],[-112.2287,51.1138],[-112.2262,51.1059],[-112.2312,51.1011],[-112.2437,51.0995],[-112.2513,51.1027],[-112.2538,51.1105],[-112.2488,51.1153]]]}},{"type":"Feature","properties":{"c":"#00ff00","v0":0.002,"v1":0.003},"geometry":{"type":"Polygon","coordinates":[[[-111.0417,51.0942],[-111.0339,51.1039],[-111.0224,51.107],[-111.0073,51.1036],[-111.0023,51.0971],[-111.0074,51.0876],[-111.0189,51.0844],[-111.0367,51.0877],[-111.0417,51.0942]]]}},{"type":"Feature","properties":{"c":"#00ff00","v0":0.002,"v1":0.003},"geometry":{"type":"Polygon","coordinates":[[[-105.2666,51.0807],[-105.2555,51.0886],[-105.24,51.0886],[-105.22,51.0807],[-105.22,51.0731],[-105.24,51.0657],[-105.2555,51.0657],[-105.2666,51.0731],[-105.2666,51.0807]]]}},{"type":"Feature","properties":{"c":"#00ff00","v0":0.002,"v1":0.003},"geometry":{"type":"Polygon","coordinates":[[[-101.5726,50.8743],[-101.5442,50.8976],[-101.51,50.8976],[-101.47,50.8745],[-101.425,50.8614],[-101.375,50.8583],[-101.3407,50.8614],[-101.322,50.8707],[-101.3122,50.9005],[-101.3113,50.951],[-101.3313,50.9856],[-101.372,51.0045],[-101.4021,51.0296],[-101.4216,51.0611],[-101.426,51.0804],[-101.4153,51.0877],[-101.365,51.0753],[-101.275,51.0433],[-101.2373,51.0177],[-101.2518,50.9984],[-101.2526,50.9793],[-101.2396,50.9604],[-101.2023,50.9399],[-101.1408,50.9178],[-101.0923,50.9052],[-101.0569,50.9021],[-101.0569,50.8753],[-101.0922,50.8248],[-101.0999,50.7838],[-101.08,50.7523],[-101.06,50.7365],[-101.04,50.7365],[-101.015,50.7548],[-100.985,50.7916],[-100.945,50.8168],[-100.895,50.8306],[-100.84,50.8362],[-100.78,50.8337],[-100.735,50.8425],[-100.705,50.8627],[-100.6878,50.8608],[-100.6833,50.8368],[-100.7036,50.8121],[-100.7488,50.7869],[-100.7823,50.7584],[-100.8042,50.7268],[-100.8011,50.6824],[-100.7729,50.6254],[-100.7167,50.5889],[-100.6322,50.573],[-100.575,50.5754],[-100.545,50.596],[-100.5279,50.5976],[-100.5236,50.5801],[-100.5033,50.5619],[-100.4669,50.5428],[-100.4299,50.5333],[-100.3921,50.5333],[-100.3575,50.5391],[-100.3258,50.5508],[-100.2998,50.5508],[-100.2794,50.5391],[-100.2844,50.5152],[-100.3148,50.4791],[-100.3612,50.46],[-100.4235,50.458],[-100.4535,50.4407],[-100.4512,50.4082],[-100.4335,50.3763],[-100.4006,50.345],[-100.3756,50.2959],[-100.3585,50.2287],[-100.375,50.1969],[-100.425,50.2005],[-100.475,50.1944],[-100.525,50.1788],[-100.5604,50.1722],[-100.5811,50.1747],[-100.6061,50.1878],[-100.6354,50.2114],[-100.665,50.2179],[-100.695,50.207],[-100.72,50.2023],[-100.74,50.2038],[-100.77,50.2191],[-100.81,50.2482],[-100.845,50.2645],[-100.875,50.2681],[-100.895,50.288],[-100.905,50.3243],[-100.935,50.3452],[-100.985,50.3509],[-101.0361,50.3668],[-101.0883,50.3929],[-101.1233,50.4225],[-101.1411,50.4556],[-101.18,50.4725],[-101.24,50.4732],[-101.2778,50.4821],[-101.2935,50.4993],[-101.2966,50.5174],[-101.2871,50.5365],[-101.2908,50.5555],[-101.3077,50.5746],[-101.309,50.5905],[-101.2947,50.6031],[-101.2902,50.6158],[-101.2955,50.6285],[-101.3161,50.6465],[-101.352,50.6696],[-101.385,50.6722],[-101.415,50.6542],[-101.44,50.6446],[-101.46,50.6435],[-101.4774,50.6473],[-101.4923,50.6559],[-101.4973,50.6645],[-101.4924,50.6731],[-101.46,50.6811],[-101.4,50.6886],[-101.3647,50.697],[-101.354,50.7063],[-101.3634,50.7204],[-101.3927,50.7394],[-101.428,50.7771],[-101.4693,50.8335],[-101.505,50.8563],[-101.535,50.8457],[-101.5592,50.8459],[-101.5776,50.8571],[-101.5726,50.8743]],[[-101.3816,51.0318],[-101.3739,51.0424],[-101.36,51.0474],[-101.34,51.0468],[-101.317,51.0383],[-101.291,51.0221],[-101.296,51.011],[-101.332,51.0051],[-101.3589,51.0082],[-101.3766,51.0204],[-101.3816,51.0318]],[[-101.4467,50.8434],[-101.4222,50.8554],[-101.39,50.8586],[-101.35,50.8531],[-101.3136,50.866],[-101.2809,50.8974],[-101.2509,50.9145],[-101.2236,50.9171],[-101.2056,50.914],[-101.1968,50.905],[-101.1991,50.8974],[-101.2124,50.8911],[-101.2191,50.8721],[-101.2192,50.8406],[-101.1919,50.8123],[-101.1373,50.7873],[-101.105,50.7627],[-101.095,50.7384],[-101.0709,50.7224],[-101.0327,50.7148],[-101.0077,50.7047],[-100.9959,50.6924],[-100.9794,50.686],[-100.9581,50.6857],[-100.943,50.6793],[-100.934,50.6666],[-100.9397,50.6556],[-100.9599,50.6462],[-100.9982,50.643],[-101.0546,50.646],[-101.0811,50.6412],[-101.0776,50.6285],[-101.0844,50.6149],[-101.1015,50.6003],[-101.125,50.5858],[-101.155,50.5714],[-101.185,50.5632],[-101.215,50.5613],[-101.2357,50.5631],[-101.2472,50.5686],[-101.2572,50.5882],[-101.2657,50.6219],[-101.2806,50.6472],[-101.3019,50.6644],[-101.3119,50.6845],[-101.3106,50.7078],[-101.3284,50.7268],[-101.3651,50.7415],[-101.3859,50.7584],[-101.391,50.7774],[-101.4098,50.7995],[-101.4425,50.8248],[-101.4467,50.8434]],[[-100.9849,50.7805],[-100.975,50.7932],[-100.95,50.8001],[-100.91,50.8012],[-100.88,50.8085],[-100.86,50.822],[-100.8323,50.8246],[-100.7969,50.8163],[-100.7869,50.8037],[-100.8023,50.7869],[-100.83,50.7806],[-100.87,50.7848],[-100.905,50.7782],[-100.935,50.7607],[-100.96,50.7575],[-100.9799,50.7687],[-100.9849,50.7805]],[[-100.9973,50.4415],[-100.9124,50.4869],[-100.873,50.5283],[-100.879,50.5655],[-100.864,50.6035],[-100.828,50.6422],[-100.8049,50.6517],[-100.7948,50.632],[-100.8002,50.6158],[-100.8212,50.6031],[-100.8212,50.5858],[-100.8004,50.5638],[-100.755,50.5574],[-100.685,50.5667],[-100.635,50.5631],[-100.605,50.5467],[-100.575,50.5433],[-100.545,50.5528],[-100.505,50.5491],[-100.455,50.532],[-100.4,50.5298],[-100.34,50.5424],[-100.3038,50.5449],[-100.2913,50.5371],[-100.2982,50.5174],[-100.3247,50.4856],[-100.3609,50.4708],[-100.407,50.4732],[-100.4397,50.47],[-100.4592,50.4613],[-100.4642,50.4362],[-100.4547,50.3947],[-100.435,50.3596],[-100.4049,50.331],[-100.3904,50.3007],[-100.3914,50.2687],[-100.3832,50.2432],[-100.3658,50.224],[-100.3603,50.2107],[-100.3668,50.2035],[-100.385,50.203],[-100.415,50.2092],[-100.465,50.204],[-100.535,50.1873],[-100.585,50.1914],[-100.615,50.2164],[-100.65,50.2236],[-100.69,50.213],[-100.72,50.2089],[-100.74,50.2112],[-100.77,50.2294],[-100.81,50.2635],[-100.8422,50.2832],[-100.8665,50.2884],[-100.8765,50.2975],[-100.8721,50.3103],[-100.88,50.3257],[-100.9,50.3437],[-100.935,50.3615],[-100.985,50.3789],[-101.0174,50.3954],[-101.0323,50.411],[-100.9973,50.4415]],[[-101.4779,50.6638],[-101.4726,50.6709],[-101.4588,50.674],[-101.4365,50.6733],[-101.4265,50.6693],[-101.4288,50.6622],[-101.4426,50.659],[-101.4679,50.6598],[-101.4779,50.6638]],[[-101.5679,50.87],[-101.556,50.8845],[-101.545,50.8938],[-101.535,50.8976],[-101.5256,50.8967],[-101.5168,50.8908],[-101.5212,50.8785],[-101.5388,50.8595],[-101.5542,50.8532],[-101.5674,50.8595],[-101.5679,50.87]],[[-101.0903,50.5269],[-101.0802,50.5396],[-101.0638,50.5466],[-101.0413,50.548],[-101.0205,50.5448],[-101.0014,50.5371],[-100.9898,50.5269],[-100.9857,50.5142],[-101.0002,50.5026],[-101.0334,50.4921],[-101.0613,50.4953],[-101.084,50.5121],[-101.0903,50.5269]],[[-100.905,50.7275],[-100.8683,50.7353],[-100.8458,50.7353],[-100.8374,50.7275],[-100.8374,50.7171],[-100.8458,50.7041],[-100.8683,50.7041],[-100.905,50.7171],[-100.905,50.7275]]]}},{"type":"Feature","properties":{"c":"#00ff00","v0":0.002,"v1":0.003},"geometry":{"type":"Polygon","coordinates":[[[-119.4577,51.0359],[-119.4455,51.0548],[-119.425,51.0642],[-119.3963,51.0642],[-119.394,51.051],[-119.418,51.0244],[-119.4385,51.015],[-119.4554,51.0227],[-119.4577,51.0359]],[[-119.4384,51.045],[-119.4195,51.0569],[-119.4073,51.0601],[-119.4018,51.0545],[-119.4068,51.0451],[-119.4223,51.0321],[-119.4345,51.029],[-119.4434,51.0357],[-119.4384,51.045]]]}},{"type":"Feature","properties":{"c":"#00ff00","v0":0.002,"v1":0.003},"geometry":{"type":"Polygon","coordinates":[[[-112.9101,51.0441],[-112.87,51.0542],[-112.86,51.0509],[-112.88,51.0343],[-112.9,51.0293],[-112.9201,51.0358],[-112.9101,51.0441]]]}},{"type":"Feature","properties":{"c":"#00ff00","v0":0.002,"v1":0.003},"geometry":{"type":"Polygon","coordinates":[[[-106.0753,50.441],[-106.026,50.4601],[-106.0124,50.4888],[-106.0346,50.5269],[-106.0552,50.5523],[-106.0742,50.565],[-106.0753,50.576],[-106.0584,50.5851],[-106.0109,50.5788],[-105.9328,50.5569],[-105.8878,50.5366],[-105.8759,50.5178],[-105.86,50.5039],[-105.84,50.4949],[-105.795,50.4981],[-105.725,50.5135],[-105.675,50.5097],[-105.645,50.4866],[-105.595,50.4793],[-105.525,50.4877],[-105.4866,50.4991],[-105.4797,50.5134],[-105.4847,50.5277],[-105.5016,50.5419],[-105.5515,50.5482],[-105.6344,50.5467],[-105.6711,50.5587],[-105.6615,50.5841],[-105.635,50.5985],[-105.5917,50.6019],[-105.5645,50.6083],[-105.5536,50.6176],[-105.5618,50.6349],[-105.5892,50.6602],[-105.6092,50.6919],[-105.6217,50.7299],[-105.6409,50.7584],[-105.6665,50.7774],[-105.657,50.8006],[-105.6123,50.8282],[-105.58,50.8419],[-105.56,50.8417],[-105.537,50.8374],[-105.511,50.829],[-105.4943,50.8121],[-105.487,50.7869],[-105.47,50.7603],[-105.4433,50.7325],[-105.4157,50.7231],[-105.3871,50.7319],[-105.3664,50.7457],[-105.3535,50.7647],[-105.3377,50.7767],[-105.3192,50.7818],[-105.2718,50.7723],[-105.1954,50.7483],[-105.1388,50.7647],[-105.102,50.8216],[-105.086,50.8564],[-105.0908,50.869],[-105.1124,50.8793],[-105.1508,50.8874],[-105.1801,50.9032],[-105.2003,50.9266],[-105.2121,50.9541],[-105.2153,50.9856],[-105.2102,51.0063],[-105.1967,51.0161],[-105.1834,51.0193],[-105.1701,51.0157],[-105.1476,50.995],[-105.116,50.9573],[-105.0984,50.9258],[-105.095,50.9005],[-105.0864,50.8816],[-105.0725,50.869],[-105.0664,50.8343],[-105.0681,50.7774],[-105.028,50.7394],[-104.9461,50.7204],[-104.919,50.6888],[-104.9467,50.6444],[-104.9429,50.6109],[-104.9076,50.5883],[-104.88,50.5785],[-104.86,50.5815],[-104.8424,50.5928],[-104.8273,50.6124],[-104.8355,50.6317],[-104.867,50.6507],[-104.8746,50.6663],[-104.8582,50.6784],[-104.825,50.6759],[-104.775,50.6587],[-104.7374,50.6399],[-104.7122,50.6196],[-104.7008,50.6031],[-104.7031,50.5905],[-104.7257,50.5768],[-104.7686,50.5623],[-104.8,50.5379],[-104.82,50.5035],[-104.79,50.478],[-104.71,50.4612],[-104.65,50.457],[-104.61,50.4654],[-104.595,50.4751],[-104.605,50.4861],[-104.625,50.4872],[-104.655,50.4786],[-104.6793,50.4795],[-104.698,50.4899],[-104.7067,50.5047],[-104.7053,50.5237],[-104.691,50.5381],[-104.6637,50.5476],[-104.6228,50.5444],[-104.5685,50.5285],[-104.5385,50.5053],[-104.5328,50.4746],[-104.5102,50.4619],[-104.4706,50.4671],[-104.4416,50.4537],[-104.4233,50.4219],[-104.4381,50.3888],[-104.486,50.3545],[-104.53,50.3299],[-104.57,50.315],[-104.6044,50.3066],[-104.6333,50.3048],[-104.6583,50.2924],[-104.6794,50.2693],[-104.7,50.2583],[-104.72,50.2592],[-104.74,50.2674],[-104.76,50.283],[-104.775,50.289],[-104.785,50.2854],[-104.795,50.2765],[-104.805,50.2623],[-104.8271,50.2514],[-104.8614,50.2438],[-104.877,50.2272],[-104.8738,50.2016],[-104.8817,50.1847],[-104.9006,50.1765],[-104.9188,50.1765],[-104.9365,50.1847],[-104.9421,50.1952],[-104.9356,50.208],[-104.9368,50.2171],[-104.9456,50.2225],[-104.9665,50.2257],[-104.9996,50.2267],[-105.0246,50.2374],[-105.0415,50.2579],[-105.0891,50.277],[-105.1674,50.2949],[-105.2154,50.3135],[-105.2331,50.3326],[-105.2539,50.3469],[-105.278,50.3563],[-105.3058,50.3595],[-105.3375,50.3565],[-105.3726,50.3422],[-105.4113,50.3166],[-105.4304,50.2889],[-105.4301,50.2588],[-105.445,50.242],[-105.475,50.2383],[-105.4992,50.2405],[-105.5177,50.2487],[-105.5227,50.2708],[-105.5142,50.3068],[-105.525,50.3247],[-105.555,50.3244],[-105.585,50.3166],[-105.615,50.3014],[-105.645,50.2932],[-105.675,50.292],[-105.6968,50.2945],[-105.7105,50.3008],[-105.7205,50.3183],[-105.7268,50.3471],[-105.745,50.3647],[-105.775,50.3709],[-105.805,50.3724],[-105.835,50.369],[-105.88,50.3775],[-105.94,50.398],[-105.99,50.4082],[-106.03,50.4082],[-106.0625,50.414],[-106.0875,50.4256],[-106.0753,50.441]],[[-105.2046,50.9636],[-105.2004,50.9887],[-105.1914,51.0013],[-105.1775,51.0013],[-105.1568,50.9762],[-105.1292,50.9258],[-105.1264,50.9005],[-105.1485,50.9005],[-105.1714,50.9131],[-105.1949,50.9384],[-105.2046,50.9636]],[[-105.0243,50.7021],[-105.0148,50.7097],[-104.9993,50.7097],[-104.978,50.7021],[-104.973,50.6943],[-104.9843,50.6864],[-104.9998,50.6864],[-105.0193,50.6943],[-105.0243,50.7021]],[[-104.6944,50.517],[-104.6781,50.5353],[-104.6428,50.5353],[-104.5885,50.517],[-104.5735,50.5078],[-104.5978,50.5077],[-104.625,50.5015],[-104.655,50.4892],[-104.6781,50.4893],[-104.6944,50.5017],[-104.6944,50.517]],[[-106.0532,50.4379],[-106.0111,50.4508],[-106.0055,50.4858],[-106.0364,50.5429],[-106.0464,50.5714],[-106.0355,50.5715],[-106.0,50.5624],[-105.94,50.5441],[-105.89,50.5203],[-105.85,50.4911],[-105.8034,50.4779],[-105.7503,50.4809],[-105.7353,50.4741],[-105.7584,50.4574],[-105.7694,50.4446],[-105.7682,50.4358],[-105.7432,50.4191],[-105.6944,50.3942],[-105.6495,50.3783],[-105.6084,50.3712],[-105.5987,50.3518],[-105.6203,50.3198],[-105.6409,50.3017],[-105.6603,50.2973],[-105.6802,50.3005],[-105.7005,50.3113],[-105.71,50.3294],[-105.7087,50.3549],[-105.7236,50.3734],[-105.7545,50.3848],[-105.79,50.3865],[-105.83,50.3786],[-105.8721,50.3857],[-105.9163,50.4077],[-105.9613,50.417],[-106.0071,50.4135],[-106.0411,50.4167],[-106.0632,50.4265],[-106.0532,50.4379]],[[-105.5886,50.4496],[-105.5762,50.4604],[-105.5619,50.4636],[-105.5458,50.4591],[-105.5408,50.4505],[-105.5469,50.4375],[-105.5612,50.4343],[-105.5836,50.4409],[-105.5886,50.4496]],[[-105.6203,50.576],[-105.6001,50.5852],[-105.5822,50.5852],[-105.5666,50.576],[-105.5716,50.5669],[-105.5972,50.558],[-105.6151,50.558],[-105.6253,50.5669],[-105.6203,50.576]],[[-105.6309,50.798],[-105.577,50.8202],[-105.5382,50.8266],[-105.5146,50.8169],[-105.5046,50.8054],[-105.5082,50.792],[-105.525,50.7864],[-105.555,50.7887],[-105.58,50.7829],[-105.6,50.769],[-105.62,50.764],[-105.64,50.7677],[-105.652,50.7739],[-105.6559,50.7826],[-105.6309,50.798]],[[-105.6058,50.7327],[-105.5953,50.751],[-105.57,50.761],[-105.53,50.7627],[-105.5011,50.7599],[-105.4834,50.7526],[-105.4728,50.7426],[-105.4692,50.7299],[-105.4531,50.7184],[-105.4244,50.7081],[-105.385,50.7212],[-105.335,50.7577],[-105.2849,50.7661],[-105.2348,50.7462],[-105.2209,50.7268],[-105.2433,50.7078],[-105.2569,50.6793],[-105.2618,50.6412],[-105.2607,50.6204],[-105.2536,50.6169],[-105.2436,50.6232],[-105.2309,50.6395],[-105.2159,50.6495],[-105.1986,50.6533],[-105.175,50.644],[-105.145,50.6216],[-105.105,50.6011],[-105.055,50.5825],[-105.01,50.5757],[-104.97,50.5807],[-104.935,50.5769],[-104.905,50.5644],[-104.876,50.5615],[-104.8479,50.5681],[-104.8275,50.5809],[-104.8148,50.6],[-104.8089,50.6189],[-104.8096,50.6376],[-104.8238,50.6503],[-104.8513,50.6569],[-104.8563,50.6635],[-104.8388,50.67],[-104.825,50.667],[-104.815,50.6545],[-104.795,50.6458],[-104.765,50.641],[-104.7416,50.6282],[-104.7249,50.6073],[-104.7417,50.5873],[-104.7922,50.5682],[-104.8206,50.5493],[-104.8269,50.5305],[-104.8418,50.5146],[-104.8655,50.5016],[-104.8655,50.4892],[-104.8418,50.4775],[-104.795,50.4647],[-104.725,50.4507],[-104.66,50.4469],[-104.6,50.4533],[-104.56,50.4523],[-104.54,50.444],[-104.515,50.4433],[-104.485,50.4502],[-104.4587,50.445],[-104.436,50.4275],[-104.4256,50.4123],[-104.4273,50.3996],[-104.4687,50.3741],[-104.5496,50.336],[-104.605,50.3163],[-104.635,50.3151],[-104.665,50.3206],[-104.695,50.3327],[-104.7616,50.3141],[-104.8648,50.2647],[-104.9369,50.24],[-104.978,50.24],[-105.0031,50.2463],[-105.0123,50.2591],[-105.0063,50.2815],[-104.9853,50.3135],[-104.9786,50.3321],[-104.9862,50.3374],[-105.04,50.3458],[-105.14,50.3573],[-105.2007,50.3706],[-105.2221,50.3857],[-105.2321,50.4062],[-105.2307,50.4323],[-105.212,50.4514],[-105.1759,50.4636],[-105.1534,50.4824],[-105.1445,50.5078],[-105.1676,50.5329],[-105.2225,50.5575],[-105.27,50.5628],[-105.31,50.5489],[-105.375,50.5544],[-105.465,50.5792],[-105.5304,50.6119],[-105.5713,50.6526],[-105.5966,50.6856],[-105.6062,50.7109],[-105.6058,50.7327]],[[-105.542,50.3995],[-105.534,50.4121],[-105.515,50.4244],[-105.485,50.4365],[-105.435,50.4469],[-105.365,50.4556],[-105.3175,50.4433],[-105.2926,50.4099],[-105.2876,50.3884],[-105.3025,50.3789],[-105.33,50.3764],[-105.37,50.3809],[-105.41,50.3765],[-105.45,50.3631],[-105.489,50.3657],[-105.527,50.384],[-105.542,50.3995]],[[-105.1118,50.3074],[-105.0973,50.3145],[-105.0855,50.3113],[-105.0765,50.2978],[-105.0837,50.2943],[-105.1073,50.3007],[-105.1118,50.3074]],[[-104.9246,50.1944],[-104.9149,50.2058],[-104.9031,50.209],[-104.8893,50.204],[-104.8843,50.1975],[-104.8881,50.1893],[-104.8999,50.1861],[-104.9196,50.1879],[-104.9246,50.1944]],[[-104.7281,50.2842],[-104.716,50.296],[-104.7008,50.2992],[-104.6823,50.2938],[-104.6788,50.2847],[-104.6901,50.2719],[-104.7053,50.2687],[-104.7246,50.2751],[-104.7281,50.2842]],[[-105.5085,50.2743],[-105.4828,50.2918],[-105.4618,50.2918],[-105.4455,50.2743],[-105.4405,50.261],[-105.4468,50.252],[-105.46,50.2463],[-105.48,50.2439],[-105.4978,50.2483],[-105.5135,50.2598],[-105.5085,50.2743]]]}},{"type":"Feature","properties":{"c":"#00ff00","v0":0.002,"v1":0.003},"geometry":{"type":"Polygon","coordinates":[[[-100.8249,50.9447],[-100.819,50.9573],[-100.8087,50.9636],[-100.794,50.9636],[-100.7874,50.9542],[-100.7891,50.9356],[-100.795,50.925],[-100.805,50.9226],[-100.8145,50.9257],[-100.8234,50.9341],[-100.8249,50.9447]]]}},{"type":"Feature","properties":{"c":"#00ff00","v0":0.002,"v1":0.003},"geometry":{"type":"Polygon","coordinates":[[[-119.7541,50.9313],[-119.738,50.9423],[-119.7225,50.9423],[-119.7076,50.9313],[-119.7076,50.9199],[-119.7225,50.9082],[-119.738,50.9082],[-119.7541,50.9199],[-119.7541,50.9313]],[[-119.7404,50.9282],[-119.7335,50.933],[-119.7273,50.933],[-119.7219,50.9282],[-119.7219,50.923],[-119.7273,50.9174],[-119.7335,50.9174],[-119.7404,50.923],[-119.7404,50.9282]]]}},{"type":"Feature","properties":{"c":"#00ff00","v0":0.002,"v1":0.003},"geometry":{"type":"Polygon","coordinates":[[[-112.918,50.9058],[-112.8993,50.9162],[-112.8793,50.9099],[-112.8578,50.8868],[-112.8578,50.8743],[-112.8793,50.8723],[-112.8993,50.8786],[-112.918,50.8932],[-112.918,50.9058]],[[-112.9081,50.9035],[-112.896,50.9096],[-112.8837,50.9064],[-112.8711,50.8941],[-112.8711,50.8866],[-112.8837,50.8839],[-112.896,50.8871],[-112.9081,50.896],[-112.9081,50.9035]]]}},{"type":"Feature","properties":{"c":"#00ff00","v0":0.002,"v1":0.003},"geometry":{"type":"Polygon","coordinates":[[[-100.8871,50.8942],[-100.8759,50.9068],[-100.8652,50.9124],[-100.8551,50.911],[-100.855,50.9017],[-100.865,50.8846],[-100.8757,50.879],[-100.887,50.8849],[-100.8871,50.8942]]]}},{"type":"Feature","properties":{"c":"#00ff00","v0":0.002,"v1":0.003},"geometry":{"type":"Polygon","coordinates":[[[-119.0715,50.8974],[-119.0206,50.8911],[-119.0089,50.8855],[-119.0363,50.8806],[-119.0617,50.8838],[-119.0852,50.8949],[-119.0715,50.8974]]]}},{"type":"Feature","properties":{"c":"#00ff00","v0":0.002,"v1":0.003},"geometry":{"type":"Polygon","coordinates":[[[-105.4549,50.8763],[-105.4383,50.8784],[-105.4298,50.8752],[-105.4293,50.8668],[-105.4343,50.8612],[-105.4448,50.8583],[-105.4533,50.8615],[-105.4599,50.8707],[-105.4549,50.8763]]]}},{"type":"Feature","properties":{"c":"#00ff00","v0":0.002,"v1":0.003},"geometry":{"type":"Polygon","coordinates":[[[-106.5706,50.8417],[-106.5569,50.8504],[-106.5418,50.8504],[-106.5254,50.8417],[-106.5254,50.8309],[-106.5418,50.8179],[-106.5569,50.8179],[-106.5706,50.8309],[-106.5706,50.8417]]]}},{"type":"Feature","properties":{"c":"#00ff00","v0":0.002,"v1":0.003},"geometry":{"type":"Polygon","coordinates":[[[-113.0257,50.8379],[-113.0019,50.8388],[-112.9883,50.8325],[-112.985,50.8189],[-112.993,50.8121],[-113.0122,50.8121],[-113.0258,50.8185],[-113.0336,50.8311],[-113.0257,50.8379]]]}},{"type":"Feature","properties":{"c":"#00ff00","v0":0.002,"v1":0.003},"geometry":{"type":"Polygon","coordinates":[[[-106.4333,50.7959],[-106.4178,50.8139],[-106.3958,50.8202],[-106.3675,50.8148],[-106.3532,50.8058],[-106.353,50.7932],[-106.3622,50.7818],[-106.3807,50.7717],[-106.4028,50.7717],[-106.4283,50.7818],[-106.4333,50.7959]],[[-106.4198,50.8045],[-106.3999,50.8145],[-106.382,50.8145],[-106.3661,50.8045],[-106.3661,50.793],[-106.382,50.78],[-106.3999,50.78],[-106.4198,50.793],[-106.4198,50.8045]]]}},{"type":"Feature","properties":{"c":"#00ff00","v0":0.002,"v1":0.003},"geometry":{"type":"Polygon","coordinates":[[[-105.8787,50.7893],[-105.8329,50.8194],[-105.7997,50.832],[-105.7791,50.8272],[-105.765,50.8121],[-105.7574,50.7869],[-105.7577,50.7622],[-105.7659,50.7382],[-105.78,50.7263],[-105.8,50.7265],[-105.8329,50.7385],[-105.8787,50.7623],[-105.8787,50.7893]],[[-105.8645,50.7868],[-105.8148,50.8119],[-105.7845,50.8088],[-105.7735,50.7773],[-105.7716,50.7552],[-105.7788,50.7426],[-105.7893,50.7359],[-105.8031,50.7351],[-105.8298,50.7446],[-105.8695,50.7643],[-105.8645,50.7868]]]}},{"type":"Feature","properties":{"c":"#00ff00","v0":0.002,"v1":0.003},"geometry":{"type":"Polygon","coordinates":[[[-105.4335,50.8039],[-105.4178,50.8126],[-105.41,50.8069],[-105.41,50.7869],[-105.4178,50.7825],[-105.4335,50.7938],[-105.4335,50.8039]]]}},{"type":"Feature","properties":{"c":"#00ff00","v0":0.002,"v1":0.003},"geometry":{"type":"Polygon","coordinates":[[[-113.2749,50.7923],[-113.2583,50.8031],[-113.2417,50.8031],[-113.225,50.7923],[-113.225,50.7819],[-113.2417,50.7721],[-113.2583,50.7721],[-113.2749,50.7819],[-113.2749,50.7923]],[[-113.2631,50.7901],[-113.2544,50.7966],[-113.2453,50.7966],[-113.2359,50.7901],[-113.2403,50.7869],[-113.2584,50.7869],[-113.2631,50.7901]]]}},{"type":"Feature","properties":{"c":"#00ff00","v0":0.002,"v1":0.003},"geometry":{"type":"Polygon","coordinates":[[[-106.2408,50.7426],[-106.2124,50.7552],[-106.2061,50.7527],[-106.222,50.735],[-106.2362,50.7287],[-106.2487,50.7337],[-106.2408,50.7426]]]}},{"type":"Feature","properties":{"c":"#00ff00","v0":0.002,"v1":0.003},"geometry":{"type":"Polygon","coordinates":[[[-110.344,50.7402],[-110.3347,50.7482],[-110.3244,50.7482],[-110.3133,50.7402],[-110.318,50.7363],[-110.3384,50.7363],[-110.344,50.7402]]]}},{"type":"Feature","properties":{"c":"#00ff00","v0":0.002,"v1":0.003},"geometry":{"type":"Polygon","coordinates":[[[-110.0812,50.6634],[-110.0669,50.6951],[-110.0524,50.7144],[-110.0375,50.7214],[-110.0183,50.7119],[-109.995,50.6859],[-109.9855,50.6634],[-109.9899,50.6444],[-110.0066,50.6289],[-110.0355,50.617],[-110.0596,50.6201],[-110.0788,50.6384],[-110.0812,50.6634]],[[-110.0684,50.663],[-110.0428,50.694],[-110.0213,50.7004],[-110.004,50.6821],[-109.9972,50.6634],[-110.0011,50.6444],[-110.0148,50.631],[-110.0383,50.6232],[-110.0578,50.6264],[-110.0734,50.6405],[-110.0684,50.663]]]}},{"type":"Feature","properties":{"c":"#00ff00","v0":0.002,"v1":0.003},"geometry":{"type":"Polygon","coordinates":[[[-105.9793,50.6948],[-105.9598,50.7132],[-105.9375,50.7132],[-105.9126,50.6948],[-105.9126,50.6763],[-105.9375,50.6578],[-105.9598,50.6578],[-105.9793,50.6763],[-105.9793,50.6948]],[[-105.9733,50.6925],[-105.9578,50.7064],[-105.9399,50.7064],[-105.9198,50.6925],[-105.9198,50.6785],[-105.9399,50.6644],[-105.9578,50.6644],[-105.9733,50.6785],[-105.9733,50.6925]]]}},{"type":"Feature","properties":{"c":"#00ff00","v0":0.002,"v1":0.003},"geometry":{"type":"Polygon","coordinates":[[[-110.2296,50.6912],[-110.2165,50.7023],[-110.21,50.7013],[-110.21,50.6881],[-110.2165,50.6825],[-110.2296,50.6846],[-110.2296,50.6912]]]}},{"type":"Feature","properties":{"c":"#00ff00","v0":0.002,"v1":0.003},"geometry":{"type":"Polygon","coordinates":[[[-105.3296,50.6761],[-105.2952,50.6824],[-105.2809,50.6824],[-105.287,50.676],[-105.3042,50.6729],[-105.3327,50.6729],[-105.3296,50.6761]]]}},{"type":"Feature","properties":{"c":"#00ff00","v0":0.002,"v1":0.003},"geometry":{"type":"Polygon","coordinates":[[[-105.8333,50.6642],[-105.8178,50.6722],[-105.8,50.6734],[-105.78,50.668],[-105.7636,50.6609],[-105.7508,50.652],[-105.7458,50.6412],[-105.7485,50.6285],[-105.7599,50.6222],[-105.78,50.6223],[-105.8028,50.6318],[-105.8283,50.6508],[-105.8333,50.6642]],[[-105.813,50.6602],[-105.7996,50.6602],[-105.7859,50.6539],[-105.7719,50.6412],[-105.7786,50.6412],[-105.806,50.6539],[-105.813,50.6602]]]}},{"type":"Feature","properties":{"c":"#00ff00","v0":0.002,"v1":0.003},"geometry":{"type":"Polygon","coordinates":[[[-119.0106,50.6412],[-118.9929,50.6539],[-118.9856,50.6499],[-118.9885,50.6292],[-118.995,50.6177],[-119.005,50.6153],[-119.0124,50.6193],[-119.0171,50.6297],[-119.0106,50.6412]]]}},{"type":"Feature","properties":{"c":"#00ff00","v0":0.002,"v1":0.003},"geometry":{"type":"Polygon","coordinates":[[[-109.703,50.6602],[-109.6825,50.6602],[-109.6767,50.6565],[-109.6856,50.649],[-109.6958,50.649],[-109.7075,50.6565],[-109.703,50.6602]]]}},{"type":"Feature","properties":{"c":"#00ff00","v0":0.002,"v1":0.003},"geometry":{"type":"Polygon","coordinates":[[[-102.2252,50.5796],[-102.2017,50.596],[-102.1764,50.596],[-102.1491,50.5796],[-102.1491,50.5639],[-102.1764,50.549],[-102.2017,50.549],[-102.2252,50.5639],[-102.2252,50.5796]],[[-102.2183,50.5783],[-102.1994,50.592],[-102.1788,50.592],[-102.1564,50.5783],[-102.1564,50.5654],[-102.1788,50.5534],[-102.1994,50.5534],[-102.2183,50.5654],[-102.2183,50.5783]]]}},{"type":"Feature","properties":{"c":"#00ff00","v0":0.002,"v1":0.003},"geometry":{"type":"Polygon","coordinates":[[[-119.5605,50.5739],[-119.5402,50.5788],[-119.5171,50.5693],[-119.4912,50.5453],[-119.4804,50.5301],[-119.4846,50.5237],[-119.4976,50.5185],[-119.5192,50.5144],[-119.5402,50.5271],[-119.5605,50.5566],[-119.5605,50.5739]]]}},{"type":"Feature","properties":{"c":"#00ff00","v0":0.002,"v1":0.003},"geometry":{"type":"Polygon","coordinates":[[[-110.6908,50.5761],[-110.6769,50.5854],[-110.6632,50.5854],[-110.6495,50.5761],[-110.6495,50.5674],[-110.6632,50.5593],[-110.6769,50.5593],[-110.6908,50.5674],[-110.6908,50.5761]]]}},{"type":"Feature","properties":{"c":"#00ff00","v0":0.002,"v1":0.003},"geometry":{"type":"Polygon","coordinates":[[[-110.2547,50.441],[-110.234,50.4601],[-110.2232,50.4824],[-110.2224,50.5078],[-110.199,50.5372],[-110.153,50.5705],[-110.08,50.5738],[-109.98,50.5471],[-109.9051,50.5081],[-109.8554,50.457],[-109.8626,50.4123],[-109.9268,50.3741],[-109.9508,50.339],[-109.9348,50.3071],[-109.9626,50.2882],[-110.0342,50.2824],[-110.08,50.2746],[-110.1,50.2648],[-110.1333,50.2677],[-110.1799,50.2833],[-110.2012,50.2975],[-110.197,50.3103],[-110.1787,50.3262],[-110.1464,50.3454],[-110.1325,50.3581],[-110.1371,50.3645],[-110.1471,50.3753],[-110.1624,50.3906],[-110.19,50.4001],[-110.23,50.4039],[-110.2538,50.4122],[-110.2613,50.425],[-110.2547,50.441]],[[-110.171,50.3087],[-110.157,50.3183],[-110.1428,50.3214],[-110.1285,50.3182],[-110.1235,50.3096],[-110.1278,50.2954],[-110.142,50.2922],[-110.166,50.3],[-110.171,50.3087]],[[-110.1679,50.5333],[-110.1596,50.5587],[-110.1441,50.5732],[-110.1214,50.5769],[-110.1,50.5706],[-110.08,50.5543],[-110.04,50.5411],[-109.98,50.5309],[-109.9519,50.5149],[-109.9557,50.4932],[-109.9357,50.4752],[-109.8919,50.4609],[-109.8665,50.4482],[-109.8595,50.437],[-109.8895,50.4217],[-109.9565,50.4023],[-109.9982,50.3991],[-110.0145,50.4122],[-110.0255,50.4378],[-110.0312,50.476],[-110.048,50.5004],[-110.076,50.5108],[-110.105,50.5123],[-110.135,50.5048],[-110.1555,50.5059],[-110.1666,50.5157],[-110.1679,50.5333]],[[-110.0435,50.3218],[-110.0345,50.3322],[-110.025,50.3367],[-110.015,50.3353],[-110.0042,50.3269],[-109.9926,50.3116],[-109.9976,50.3027],[-110.0192,50.3004],[-110.0345,50.3036],[-110.0435,50.3123],[-110.0435,50.3218]]]}},{"type":"Feature","properties":{"c":"#00ff00","v0":0.002,"v1":0.003},"geometry":{"type":"Polygon","coordinates":[[[-110.3108,50.5496],[-110.2969,50.5567],[-110.281,50.5535],[-110.2629,50.54],[-110.2629,50.5301],[-110.281,50.5239],[-110.2969,50.5271],[-110.3108,50.5397],[-110.3108,50.5496]]]}},{"type":"Feature","properties":{"c":"#00ff00","v0":0.002,"v1":0.003},"geometry":{"type":"Polygon","coordinates":[[[-106.1527,50.5351],[-106.1376,50.5387],[-106.1274,50.5355],[-106.1223,50.5255],[-106.1273,50.5189],[-106.1424,50.5157],[-106.1526,50.5189],[-106.1577,50.5285],[-106.1527,50.5351]]]}},{"type":"Feature","properties":{"c":"#00ff00","v0":0.002,"v1":0.003},"geometry":{"type":"Polygon","coordinates":[[[-100.0702,50.5242],[-100.0567,50.5314],[-100.0433,50.5314],[-100.03,50.5242],[-100.0367,50.5206],[-100.0635,50.5206],[-100.0702,50.5242]]]}},{"type":"Feature","properties":{"c":"#00ff00","v0":0.002,"v1":0.003},"geometry":{"type":"Polygon","coordinates":[[[-99.9773,50.5357],[-99.9591,50.5406],[-99.9441,50.5406],[-99.9322,50.5357],[-99.9322,50.5287],[-99.9441,50.5194],[-99.9591,50.5194],[-99.9773,50.5287],[-99.9773,50.5357]]]}},{"type":"Feature","properties":{"c":"#00ff00","v0":0.002,"v1":0.003},"geometry":{"type":"Polygon","coordinates":[[[-110.4304,50.4028],[-110.4084,50.4219],[-110.4058,50.4442],[-110.4227,50.4697],[-110.4297,50.4888],[-110.427,50.5015],[-110.4167,50.5126],[-110.3989,50.5222],[-110.3804,50.4936],[-110.3611,50.4267],[-110.3611,50.3853],[-110.3804,50.3695],[-110.4028,50.3695],[-110.4285,50.3853],[-110.4304,50.4028]],[[-110.4074,50.4983],[-110.394,50.5047],[-110.388,50.4971],[-110.3893,50.4755],[-110.396,50.4723],[-110.4081,50.4875],[-110.4074,50.4983]],[[-110.4071,50.3964],[-110.3902,50.4028],[-110.3839,50.4011],[-110.388,50.3913],[-110.3964,50.3882],[-110.4091,50.3915],[-110.4071,50.3964]]]}},{"type":"Feature","properties":{"c":"#00ff00","v0":0.002,"v1":0.003},"geometry":{"type":"Polygon","coordinates":[[[-98.1886,50.5117],[-98.1762,50.5193],[-98.1677,50.5161],[-98.163,50.5021],[-98.168,50.495],[-98.1827,50.4946],[-98.1912,50.4978],[-98.1936,50.5045],[-98.1886,50.5117]]]}},{"type":"Feature","properties":{"c":"#00ff00","v0":0.002,"v1":0.003},"geometry":{"type":"Polygon","coordinates":[[[-106.3427,50.476],[-106.3337,50.4888],[-106.3194,50.4978],[-106.2998,50.5031],[-106.2767,50.4999],[-106.2501,50.4882],[-106.2364,50.476],[-106.2354,50.4633],[-106.2437,50.4508],[-106.2612,50.4385],[-106.28,50.4318],[-106.3,50.4307],[-106.3193,50.44],[-106.3379,50.4598],[-106.3427,50.476]],[[-106.3281,50.4777],[-106.3027,50.4937],[-106.2772,50.4937],[-106.2517,50.4777],[-106.2517,50.4606],[-106.2772,50.4424],[-106.2998,50.4361],[-106.3193,50.4415],[-106.332,50.4506],[-106.3379,50.4633],[-106.3281,50.4777]]]}},{"type":"Feature","properties":{"c":"#00ff00","v0":0.002,"v1":0.003},"geometry":{"type":"Polygon","coordinates":[[[-119.2327,50.3075],[-119.2309,50.3149],[-119.21,50.3229],[-119.17,50.3316],[-119.1451,50.3407],[-119.1352,50.3502],[-119.1351,50.3709],[-119.1449,50.4028],[-119.1398,50.4315],[-119.1199,50.4571],[-119.1,50.4745],[-119.08,50.4837],[-119.0632,50.4709],[-119.0496,50.4361],[-119.0471,50.4092],[-119.0556,50.39],[-119.0477,50.3709],[-119.0236,50.3518],[-119.0124,50.3358],[-119.0141,50.323],[-119.039,50.3039],[-119.0871,50.2783],[-119.1309,50.2612],[-119.1703,50.2524],[-119.2,50.2517],[-119.22,50.2591],[-119.2309,50.273],[-119.2327,50.2936],[-119.2327,50.3075]],[[-119.1189,50.4294],[-119.0996,50.4507],[-119.085,50.4595],[-119.075,50.4557],[-119.0731,50.4419],[-119.0793,50.4179],[-119.0893,50.4045],[-119.1031,50.4014],[-119.1146,50.4046],[-119.1239,50.414],[-119.1189,50.4294]]]}},{"type":"Feature","properties":{"c":"#00ff00","v0":0.002,"v1":0.003},"geometry":{"type":"Polygon","coordinates":[[[-104.3382,50.4555],[-104.3194,50.478],[-104.2865,50.4875],[-104.2396,50.4841],[-104.2196,50.4734],[-104.2265,50.4553],[-104.245,50.4406],[-104.275,50.4292],[-104.3,50.4232],[-104.32,50.4227],[-104.3344,50.4279],[-104.3432,50.4388],[-104.3382,50.4555]],[[-104.3242,50.4528],[-104.3014,50.4701],[-104.275,50.4795],[-104.245,50.4809],[-104.2304,50.4754],[-104.2312,50.4631],[-104.2472,50.4506],[-104.2784,50.4378],[-104.303,50.4315],[-104.3208,50.4315],[-104.3312,50.4346],[-104.3342,50.441],[-104.3242,50.4528]]]}},{"type":"Feature","properties":{"c":"#00ff00","v0":0.002,"v1":0.003},"geometry":{"type":"Polygon","coordinates":[[[-105.1646,50.438],[-105.1549,50.4512],[-105.1416,50.448],[-105.1249,50.4285],[-105.1249,50.4173],[-105.1416,50.4144],[-105.1549,50.4176],[-105.1646,50.4268],[-105.1646,50.438]]]}},{"type":"Feature","properties":{"c":"#00ff00","v0":0.002,"v1":0.003},"geometry":{"type":"Polygon","coordinates":[[[-97.9971,50.3133],[-97.939,50.3578],[-97.8967,50.3705],[-97.87,50.3516],[-97.856,50.3326],[-97.8545,50.3135],[-97.8428,50.3013],[-97.8209,50.2962],[-97.7984,50.309],[-97.7752,50.3396],[-97.7309,50.3741],[-97.6654,50.4123],[-97.627,50.4397],[-97.6157,50.456],[-97.595,50.4647],[-97.565,50.4656],[-97.5481,50.4511],[-97.5442,50.421],[-97.5496,50.3932],[-97.5641,50.3677],[-97.5879,50.3422],[-97.6211,50.3166],[-97.6244,50.2943],[-97.598,50.2751],[-97.5776,50.2463],[-97.5633,50.208],[-97.5779,50.1599],[-97.6216,50.1022],[-97.635,50.0633],[-97.6183,50.0431],[-97.59,50.0398],[-97.55,50.0532],[-97.5252,50.0505],[-97.5156,50.0315],[-97.5556,50.0161],[-97.6452,50.0042],[-97.7,50.015],[-97.72,50.0483],[-97.75,50.0729],[-97.79,50.0887],[-97.8189,50.094],[-97.8368,50.0888],[-97.8394,50.0798],[-97.8269,50.0669],[-97.8261,50.0541],[-97.8371,50.0413],[-97.8479,50.0477],[-97.8587,50.0734],[-97.8807,50.0894],[-97.9138,50.0958],[-97.9153,50.1154],[-97.8851,50.1483],[-97.9,50.1689],[-97.96,50.1774],[-97.999,50.209],[-98.0171,50.2637],[-97.9971,50.3133]],[[-97.5708,50.0396],[-97.5569,50.0491],[-97.5416,50.0491],[-97.5249,50.0396],[-97.5249,50.0305],[-97.5416,50.0218],[-97.5569,50.0218],[-97.5708,50.0305],[-97.5708,50.0396]],[[-97.9874,50.2645],[-97.9758,50.2881],[-97.955,50.3111],[-97.925,50.3335],[-97.9077,50.3377],[-97.9031,50.3237],[-97.9093,50.3103],[-97.9261,50.2975],[-97.9343,50.2783],[-97.9338,50.2527],[-97.9426,50.2378],[-97.9609,50.2334],[-97.9758,50.2366],[-97.9874,50.2474],[-97.9874,50.2645]],[[-97.7321,50.3358],[-97.7232,50.3486],[-97.7127,50.3549],[-97.7004,50.3549],[-97.6958,50.3486],[-97.699,50.3358],[-97.7096,50.3294],[-97.7276,50.3294],[-97.7321,50.3358]],[[-97.8507,50.2399],[-97.8236,50.2398],[-97.795,50.2493],[-97.765,50.2685],[-97.735,50.2752],[-97.705,50.2695],[-97.685,50.27],[-97.675,50.2768],[-97.6599,50.2765],[-97.6397,50.2692],[-97.6447,50.2527],[-97.6749,50.2269],[-97.7,50.217],[-97.72,50.2228],[-97.7472,50.2229],[-97.7815,50.2172],[-97.8151,50.2208],[-97.8479,50.2336],[-97.8507,50.2399]],[[-97.8114,50.1576],[-97.7838,50.1721],[-97.7539,50.1721],[-97.7216,50.1576],[-97.6925,50.1183],[-97.6664,50.0541],[-97.6625,50.0209],[-97.6808,50.0187],[-97.6952,50.0315],[-97.7056,50.0594],[-97.7356,50.0848],[-97.7852,50.1076],[-97.8138,50.1269],[-97.8214,50.1425],[-97.8114,50.1576]]]}},{"type":"Feature","properties":{"c":"#00ff00","v0":0.002,"v1":0.003},"geometry":{"type":"Polygon","coordinates":[[[-100.3657,50.4009],[-100.3552,50.4162],[-100.34,50.4224],[-100.32,50.4194],[-100.3007,50.4117],[-100.2822,50.3994],[-100.2735,50.3868],[-100.2747,50.3741],[-100.289,50.3641],[-100.3163,50.3569],[-100.3382,50.3569],[-100.3547,50.3641],[-100.365,50.3741],[-100.3689,50.3868],[-100.3657,50.4009]],[[-100.3545,50.3886],[-100.3382,50.4048],[-100.32,50.4101],[-100.3,50.4044],[-100.287,50.3963],[-100.281,50.3857],[-100.286,50.3748],[-100.302,50.3636],[-100.3232,50.3636],[-100.3495,50.3748],[-100.3545,50.3886]]]}},{"type":"Feature","properties":{"c":"#00ff00","v0":0.002,"v1":0.003},"geometry":{"type":"Polygon","coordinates":[[[-110.2914,50.3837],[-110.2733,50.39],[-110.2657,50.3866],[-110.2686,50.3732],[-110.275,50.3659],[-110.285,50.3644],[-110.2926,50.3679],[-110.2978,50.3763],[-110.2914,50.3837]]]}},{"type":"Feature","properties":{"c":"#00ff00","v0":0.002,"v1":0.003},"geometry":{"type":"Polygon","coordinates":[[[-98.0792,50.3345],[-98.0597,50.3447],[-98.0434,50.3447],[-98.0303,50.3345],[-98.0303,50.3246],[-98.0434,50.3151],[-98.0597,50.3151],[-98.0792,50.3246],[-98.0792,50.3345]]]}},{"type":"Feature","properties":{"c":"#00ff00","v0":0.002,"v1":0.003},"geometry":{"type":"Polygon","coordinates":[[[-104.5179,50.2208],[-104.497,50.2591],[-104.4775,50.2804],[-104.4592,50.2844],[-104.444,50.2812],[-104.4321,50.2708],[-104.4332,50.2463],[-104.4473,50.208],[-104.4632,50.1851],[-104.4811,50.1778],[-104.4996,50.181],[-104.5187,50.1947],[-104.5179,50.2208]],[[-104.5097,50.2106],[-104.4966,50.2287],[-104.485,50.2346],[-104.475,50.2282],[-104.472,50.216],[-104.4759,50.1978],[-104.4875,50.192],[-104.5067,50.1984],[-104.5097,50.2106]]]}},{"type":"Feature","properties":{"c":"#00ff00","v0":0.002,"v1":0.003},"geometry":{"type":"Polygon","coordinates":[[[-110.0836,50.2144],[-110.0686,50.2144],[-110.0633,50.2072],[-110.0678,50.193],[-110.0753,50.193],[-110.0858,50.2072],[-110.0836,50.2144]]]}},{"type":"Feature","properties":{"c":"#00ff00","v0":0.002,"v1":0.003},"geometry":{"type":"Polygon","coordinates":[[[-104.7901,50.1837],[-104.7767,50.1992],[-104.7541,50.2024],[-104.7224,50.1933],[-104.7124,50.1798],[-104.7241,50.1619],[-104.7467,50.1587],[-104.7801,50.1702],[-104.7901,50.1837]],[[-104.7826,50.1821],[-104.7742,50.1944],[-104.7566,50.1976],[-104.7297,50.1917],[-104.7247,50.1815],[-104.7416,50.167],[-104.7592,50.1638],[-104.7776,50.1719],[-104.7826,50.1821]]]}},{"type":"Feature","properties":{"c":"#00ff00","v0":0.002,"v1":0.003},"geometry":{"type":"Polygon","coordinates":[[[-110.0186,50.1816],[-109.9862,50.1928],[-109.9533,50.1896],[-109.92,50.172],[-109.92,50.1564],[-109.9533,50.1428],[-109.9862,50.146],[-110.0186,50.166],[-110.0186,50.1816]],[[-109.989,50.1677],[-109.9763,50.1768],[-109.9598,50.1768],[-109.9394,50.1677],[-109.9394,50.1592],[-109.9598,50.1514],[-109.9763,50.1514],[-109.989,50.1592],[-109.989,50.1677]]]}},{"type":"Feature","properties":{"c":"#00ff00","v0":0.002,"v1":0.003},"geometry":{"type":"Polygon","coordinates":[[[-100.131,50.1807],[-100.117,50.1903],[-100.102,50.1935],[-100.0861,50.1903],[-100.0669,50.1824],[-100.0444,50.1695],[-100.0323,50.1553],[-100.0308,50.1395],[-100.045,50.1314],[-100.075,50.1309],[-100.102,50.142],[-100.126,50.1646],[-100.131,50.1807]],[[-100.107,50.1752],[-100.0823,50.1737],[-100.0633,50.1641],[-100.0499,50.1464],[-100.0519,50.1375],[-100.0694,50.1375],[-100.0885,50.1471],[-100.1091,50.1663],[-100.107,50.1752]]]}},{"type":"Feature","properties":{"c":"#00ff00","v0":0.002,"v1":0.003},"geometry":{"type":"Polygon","coordinates":[[[-92.3574,50.1809],[-92.3391,50.1909],[-92.31,50.1958],[-92.27,50.1956],[-92.2417,50.1906],[-92.2252,50.1808],[-92.2452,50.1661],[-92.3017,50.1463],[-92.3391,50.1463],[-92.3574,50.1661],[-92.3574,50.1809]],[[-92.3387,50.1765],[-92.3196,50.1777],[-92.3074,50.1745],[-92.3023,50.1669],[-92.3073,50.1604],[-92.3224,50.1549],[-92.3346,50.1581],[-92.3437,50.17],[-92.3387,50.1765]]]}},{"type":"Feature","properties":{"c":"#00ff00","v0":0.002,"v1":0.003},"geometry":{"type":"Polygon","coordinates":[[[-109.8347,50.1593],[-109.8182,50.1773],[-109.801,50.1837],[-109.7831,50.1785],[-109.7831,50.1662],[-109.801,50.1468],[-109.8182,50.1404],[-109.8347,50.147],[-109.8347,50.1593]]]}},{"type":"Feature","properties":{"c":"#00ff00","v0":0.002,"v1":0.003},"geometry":{"type":"Polygon","coordinates":[[[-104.433,50.1786],[-104.4043,50.1838],[-104.3853,50.1774],[-104.3759,50.1594],[-104.3809,50.1472],[-104.4003,50.1411],[-104.4193,50.1475],[-104.438,50.1665],[-104.433,50.1786]],[[-104.4215,50.1667],[-104.4138,50.1738],[-104.4034,50.1738],[-104.3902,50.1667],[-104.3902,50.1596],[-104.4034,50.1526],[-104.4138,50.1526],[-104.4215,50.1596],[-104.4215,50.1667]]]}},{"type":"Feature","properties":{"c":"#00ff00","v0":0.002,"v1":0.003},"geometry":{"type":"Polygon","coordinates":[[[-104.6074,50.1315],[-104.5825,50.1452],[-104.5586,50.1452],[-104.5359,50.1315],[-104.5359,50.1182],[-104.5586,50.1052],[-104.5825,50.1052],[-104.6074,50.1182],[-104.6074,50.1315]],[[-104.5976,50.1299],[-104.5792,50.1402],[-104.5628,50.1402],[-104.5483,50.1299],[-104.5483,50.1198],[-104.5628,50.11],[-104.5792,50.11],[-104.5976,50.1198],[-104.5976,50.1299]]]}},{"type":"Feature","properties":{"c":"#00ff00","v0":0.002,"v1":0.003},"geometry":{"type":"Polygon","coordinates":[[[-104.835,50.1159],[-104.8183,50.1241],[-104.7947,50.1241],[-104.764,50.1159],[-104.759,50.1071],[-104.7797,50.0974],[-104.8,50.0934],[-104.82,50.095],[-104.8333,50.0998],[-104.84,50.1079],[-104.835,50.1159]]]}},{"type":"Feature","properties":{"c":"#00ff00","v0":0.002,"v1":0.003},"geometry":{"type":"Polygon","coordinates":[[[-104.4883,50.1247],[-104.476,50.1247],[-104.4717,50.1215],[-104.4756,50.1151],[-104.4818,50.1151],[-104.4902,50.1215],[-104.4883,50.1247]]]}},{"type":"Feature","properties":{"c":"#00ff00","v0":0.002,"v1":0.003},"geometry":{"type":"Polygon","coordinates":[[[-101.0399,50.1023],[-101.02,50.1088],[-101.0051,50.1056],[-100.9952,50.0926],[-101.0002,50.083],[-101.0201,50.0767],[-101.035,50.0799],[-101.0449,50.0926],[-101.0399,50.1023]],[[-101.0303,50.1002],[-101.0168,50.1024],[-101.0083,50.0992],[-101.0048,50.0905],[-101.0098,50.0851],[-101.0233,50.0829],[-101.0318,50.0861],[-101.0353,50.0947],[-101.0303,50.1002]]]}},{"type":"Feature","properties":{"c":"#00ff00","v0":0.002,"v1":0.003},"geometry":{"type":"Polygon","coordinates":[[[-109.9559,50.077],[-109.952,50.0843],[-109.925,50.0914],[-109.875,50.0985],[-109.8415,50.0884],[-109.8244,50.0613],[-109.8294,50.0432],[-109.8565,50.0342],[-109.892,50.0406],[-109.9359,50.0624],[-109.9559,50.077]],[[-109.8982,50.0766],[-109.8757,50.083],[-109.8587,50.0766],[-109.8472,50.0573],[-109.853,50.0477],[-109.8761,50.0477],[-109.8931,50.0541],[-109.904,50.0669],[-109.8982,50.0766]]]}},{"type":"Feature","properties":{"c":"#00ff00","v0":0.002,"v1":0.003},"geometry":{"type":"Polygon","coordinates":[[[-110.4663,50.0302],[-110.4421,50.0465],[-110.41,50.0542],[-110.37,50.0532],[-110.34,50.0588],[-110.32,50.0711],[-110.29,50.0801],[-110.25,50.0859],[-110.2116,50.0593],[-110.1749,50.0001],[-110.1649,49.9646],[-110.1816,49.9528],[-110.225,49.9451],[-110.295,49.9414],[-110.36,49.9493],[-110.42,49.9689],[-110.4571,49.9895],[-110.4713,50.0112],[-110.4663,50.0302]],[[-110.3397,49.977],[-110.3236,49.9898],[-110.3216,50.0059],[-110.3337,50.0252],[-110.3324,50.0416],[-110.3175,50.0551],[-110.295,50.0652],[-110.265,50.0717],[-110.2306,50.0489],[-110.1918,49.9967],[-110.1868,49.9652],[-110.2156,49.9546],[-110.255,49.9497],[-110.305,49.9506],[-110.3344,49.9559],[-110.3433,49.9657],[-110.3397,49.977]],[[-110.4555,50.0262],[-110.4385,50.0347],[-110.42,50.0376],[-110.4,50.0349],[-110.3811,50.0275],[-110.3632,50.0152],[-110.3559,50.0027],[-110.3592,49.9898],[-110.3781,49.9816],[-110.4127,49.9779],[-110.4385,49.9875],[-110.4555,50.0105],[-110.4555,50.0262]]]}},{"type":"Feature","properties":{"c":"#00ff00","v0":0.002,"v1":0.003},"geometry":{"type":"Polygon","coordinates":[[[-104.6933,50.0683],[-104.6778,50.0839],[-104.66,50.0919],[-104.64,50.0925],[-104.61,50.0808],[-104.57,50.0568],[-104.5489,50.0358],[-104.5466,50.018],[-104.5616,50.0041],[-104.5939,49.9941],[-104.6296,50.0005],[-104.6689,50.0234],[-104.6916,50.0413],[-104.6979,50.0541],[-104.6933,50.0683]],[[-104.6868,50.0667],[-104.6756,50.079],[-104.66,50.0853],[-104.64,50.0855],[-104.6102,50.073],[-104.5705,50.0475],[-104.5516,50.0284],[-104.5536,50.0156],[-104.5685,50.0055],[-104.5962,49.9982],[-104.6306,50.0111],[-104.6718,50.044],[-104.6868,50.0667]]]}},{"type":"Feature","properties":{"c":"#00ff00","v0":0.002,"v1":0.003},"geometry":{"type":"Polygon","coordinates":[[[-104.3769,50.0777],[-104.359,50.0863],[-104.3436,50.0831],[-104.3308,50.068],[-104.3358,50.0591],[-104.3586,50.0563],[-104.374,50.0595],[-104.3819,50.0687],[-104.3769,50.0777]]]}},{"type":"Feature","properties":{"c":"#00ff00","v0":0.002,"v1":0.003},"geometry":{"type":"Polygon","coordinates":[[[-92.9133,49.8933],[-92.8995,49.9448],[-92.8769,49.9952],[-92.8456,50.0443],[-92.8207,50.0636],[-92.802,50.053],[-92.7865,50.0316],[-92.7742,49.9995],[-92.7709,49.9706],[-92.7766,49.9448],[-92.7621,49.9324],[-92.7274,49.9332],[-92.6876,49.9107],[-92.6429,49.8647],[-92.6202,49.8288],[-92.6196,49.803],[-92.642,49.7783],[-92.6873,49.7546],[-92.72,49.7436],[-92.74,49.7453],[-92.76,49.7515],[-92.78,49.762],[-92.795,49.7798],[-92.805,49.8048],[-92.83,49.8226],[-92.87,49.8332],[-92.8976,49.8457],[-92.9127,49.8603],[-92.9133,49.8933]],[[-92.8524,50.0091],[-92.8411,50.0348],[-92.8291,50.048],[-92.8164,50.0485],[-92.805,50.0272],[-92.795,49.984],[-92.8,49.9625],[-92.82,49.9628],[-92.837,49.9712],[-92.851,49.9879],[-92.8524,50.0091]],[[-92.8698,49.8684],[-92.8566,49.8702],[-92.8499,49.8669],[-92.8498,49.8587],[-92.8564,49.8579],[-92.8698,49.8643],[-92.8698,49.8684]],[[-92.8002,49.8724],[-92.7934,49.8821],[-92.78,49.8884],[-92.76,49.8912],[-92.7277,49.8832],[-92.683,49.8641],[-92.6575,49.8482],[-92.6514,49.8353],[-92.6637,49.8244],[-92.6946,49.8154],[-92.7334,49.8251],[-92.7802,49.8534],[-92.8002,49.8724]]]}},{"type":"Feature","properties":{"c":"#00ff00","v0":0.002,"v1":0.003},"geometry":{"type":"Polygon","coordinates":[[[-110.1089,49.9898],[-110.105,50.0027],[-110.0848,50.0207],[-110.0483,50.0439],[-110.0152,50.0503],[-109.9857,50.04],[-109.9707,50.0239],[-109.9702,50.002],[-110.0052,49.9892],[-110.0756,49.9853],[-110.1089,49.9898]],[[-110.0553,50.0165],[-110.0384,50.0311],[-110.0204,50.0343],[-110.0012,50.0261],[-110.0012,50.0172],[-110.0204,50.0076],[-110.0384,50.0043],[-110.0553,50.0075],[-110.0553,50.0165]]]}},{"type":"Feature","properties":{"c":"#00ff00","v0":0.002,"v1":0.003},"geometry":{"type":"Polygon","coordinates":[[[-102.6111,50.0213],[-102.5837,50.0456],[-102.55,50.0539],[-102.51,50.046],[-102.4843,50.037],[-102.4728,50.027],[-102.4828,50.0107],[-102.5143,49.9882],[-102.5489,49.9785],[-102.5866,49.9818],[-102.6103,49.9898],[-102.6199,50.0027],[-102.6111,50.0213]],[[-102.6026,50.0194],[-102.5809,50.0399],[-102.55,50.0431],[-102.5099,50.029],[-102.4949,50.0151],[-102.505,50.0013],[-102.5197,49.9917],[-102.5392,49.9862],[-102.5592,49.9841],[-102.5797,49.9856],[-102.5959,49.992],[-102.6076,50.0034],[-102.6026,50.0194]]]}},{"type":"Feature","properties":{"c":"#00ff00","v0":0.002,"v1":0.003},"geometry":{"type":"Polygon","coordinates":[[[-92.2603,50.0132],[-92.2534,50.0212],[-92.2437,50.0212],[-92.2312,50.0132],[-92.2346,50.0091],[-92.2541,50.0091],[-92.2603,50.0132]]]}},{"type":"Feature","properties":{"c":"#00ff00","v0":0.002,"v1":0.003},"geometry":{"type":"Polygon","coordinates":[[[-103.9749,50.0011],[-103.9583,50.0106],[-103.9446,50.0106],[-103.9338,50.0011],[-103.9338,49.9919],[-103.9446,49.9832],[-103.9583,49.9832],[-103.9749,49.9919],[-103.9749,50.0011]]]}},{"type":"Feature","properties":{"c":"#00ff00","v0":0.002,"v1":0.003},"geometry":{"type":"Polygon","coordinates":[[[-109.5194,49.9641],[-109.5141,49.977],[-109.5011,49.9869],[-109.4804,49.9938],[-109.4532,49.9906],[-109.4196,49.9772],[-109.4146,49.9435],[-109.4382,49.8893],[-109.457,49.8635],[-109.4711,49.8662],[-109.4777,49.8772],[-109.4767,49.8965],[-109.4877,49.9191],[-109.5106,49.9448],[-109.5194,49.9641]],[[-109.4975,49.9756],[-109.4792,49.9856],[-109.4564,49.9856],[-109.4293,49.9756],[-109.4243,49.9547],[-109.4414,49.9229],[-109.4642,49.9229],[-109.4925,49.9547],[-109.4975,49.9756]]]}},{"type":"Feature","properties":{"c":"#00ff00","v0":0.002,"v1":0.003},"geometry":{"type":"Polygon","coordinates":[[[-82.859,49.9972],[-82.8397,49.9991],[-82.8299,49.9959],[-82.8296,49.9876],[-82.8381,49.9834],[-82.8556,49.9834],[-82.8654,49.9866],[-82.8676,49.9931],[-82.859,49.9972]]]}},{"type":"Feature","properties":{"c":"#00ff00","v0":0.002,"v1":0.003},"geometry":{"type":"Polygon","coordinates":[[[-119.0758,49.9759],[-119.0586,49.9865],[-119.0303,49.9736],[-118.9908,49.9373],[-118.9862,49.9158],[-119.0165,49.9094],[-119.0449,49.9223],[-119.0712,49.9545],[-119.0758,49.9759]],[[-119.0342,49.9361],[-119.0181,49.9444],[-119.003,49.9412],[-118.9889,49.9264],[-118.9939,49.9175],[-119.018,49.9145],[-119.0331,49.9177],[-119.0392,49.9272],[-119.0342,49.9361]]]}},{"type":"Feature","properties":{"c":"#00ff00","v0":0.002,"v1":0.003},"geometry":{"type":"Polygon","coordinates":[[[-96.8183,49.9744],[-96.7994,49.982],[-96.7858,49.9787],[-96.7774,49.9647],[-96.7824,49.9557],[-96.8008,49.9518],[-96.8144,49.955],[-96.8233,49.9654],[-96.8183,49.9744]]]}},{"type":"Feature","properties":{"c":"#00ff00","v0":0.002,"v1":0.003},"geometry":{"type":"Polygon","coordinates":[[[-110.5814,49.9484],[-110.5738,49.9556],[-110.5651,49.9556],[-110.5552,49.9484],[-110.559,49.9448],[-110.5765,49.9448],[-110.5814,49.9484]]]}},{"type":"Feature","properties":{"c":"#00ff00","v0":0.002,"v1":0.003},"geometry":{"type":"Polygon","coordinates":[[[-104.4708,49.9491],[-104.4569,49.9577],[-104.44,49.9577],[-104.4201,49.9491],[-104.4201,49.9394],[-104.44,49.9285],[-104.4569,49.9285],[-104.4708,49.9394],[-104.4708,49.9491]],[[-104.4509,49.9448],[-104.4354,49.9448],[-104.4332,49.9419],[-104.4444,49.9359],[-104.4522,49.9359],[-104.4565,49.9419],[-104.4509,49.9448]]]}},{"type":"Feature","properties":{"c":"#00ff00","v0":0.002,"v1":0.003},"geometry":{"type":"Polygon","coordinates":[[[-110.3729,49.7772],[-110.354,49.803],[-110.3474,49.8256],[-110.3532,49.845],[-110.3445,49.8699],[-110.3215,49.9005],[-110.295,49.9127],[-110.265,49.9063],[-110.235,49.9069],[-110.205,49.9142],[-110.185,49.915],[-110.175,49.9091],[-110.1768,49.8965],[-110.1904,49.8772],[-110.194,49.8546],[-110.1876,49.8288],[-110.1943,49.7998],[-110.2142,49.7675],[-110.2505,49.7449],[-110.3035,49.7319],[-110.3396,49.7286],[-110.3589,49.7352],[-110.372,49.7449],[-110.3789,49.7578],[-110.3729,49.7772]],[[-110.3627,49.7772],[-110.3413,49.803],[-110.3347,49.8256],[-110.3429,49.845],[-110.3378,49.865],[-110.3193,49.8858],[-110.29,49.8947],[-110.25,49.8917],[-110.225,49.8929],[-110.215,49.8983],[-110.2067,49.883],[-110.2,49.8469],[-110.2046,49.8127],[-110.2206,49.7804],[-110.2489,49.7557],[-110.2896,49.7384],[-110.3209,49.7319],[-110.3426,49.7363],[-110.3584,49.7449],[-110.3684,49.7578],[-110.3627,49.7772]]]}},{"type":"Feature","properties":{"c":"#00ff00","v0":0.002,"v1":0.003},"geometry":{"type":"Polygon","coordinates":[[[-104.9179,49.9218],[-104.8993,49.9274],[-104.8857,49.9242],[-104.8771,49.9122],[-104.8821,49.9034],[-104.9007,49.8979],[-104.9143,49.9011],[-104.9229,49.9131],[-104.9179,49.9218]],[[-104.9073,49.9196],[-104.8958,49.9206],[-104.8892,49.9173],[-104.8877,49.9099],[-104.8927,49.9057],[-104.9042,49.9047],[-104.9108,49.9079],[-104.9123,49.9153],[-104.9073,49.9196]]]}},{"type":"Feature","properties":{"c":"#00ff00","v0":0.002,"v1":0.003},"geometry":{"type":"Polygon","coordinates":[[[-97.2469,49.8895],[-97.2356,49.9075],[-97.203,49.9172],[-97.149,49.9184],[-97.144,49.9039],[-97.188,49.8734],[-97.2206,49.8637],[-97.2419,49.8749],[-97.2469,49.8895]],[[-97.238,49.886],[-97.2327,49.8971],[-97.22,49.9017],[-97.2,49.8998],[-97.195,49.8907],[-97.205,49.8744],[-97.2177,49.8698],[-97.233,49.8769],[-97.238,49.886]]]}},{"type":"Feature","properties":{"c":"#00ff00","v0":0.002,"v1":0.003},"geometry":{"type":"Polygon","coordinates":[[[-114.659,49.8655],[-114.6263,49.8872],[-114.5932,49.8969],[-114.5595,49.8945],[-114.543,49.8869],[-114.5439,49.874],[-114.5607,49.857],[-114.5936,49.8358],[-114.6214,49.8261],[-114.6441,49.8279],[-114.6604,49.8353],[-114.6704,49.8482],[-114.659,49.8655]],[[-114.645,49.8647],[-114.6083,49.8849],[-114.5804,49.8914],[-114.5612,49.8841],[-114.5662,49.8686],[-114.5954,49.8449],[-114.62,49.8338],[-114.64,49.8351],[-114.6533,49.8404],[-114.66,49.8499],[-114.645,49.8647]]]}},{"type":"Feature","properties":{"c":"#00ff00","v0":0.002,"v1":0.003},"geometry":{"type":"Polygon","coordinates":[[[-110.8212,49.8852],[-110.8004,49.8946],[-110.784,49.8914],[-110.772,49.8755],[-110.777,49.8645],[-110.799,49.8585],[-110.8154,49.8617],[-110.8262,49.8742],[-110.8212,49.8852]],[[-110.8123,49.8829],[-110.7974,49.888],[-110.7876,49.8848],[-110.7827,49.8733],[-110.7877,49.8665],[-110.8026,49.8645],[-110.8124,49.8677],[-110.8173,49.8762],[-110.8123,49.8829]]]}},{"type":"Feature","properties":{"c":"#00ff00","v0":0.002,"v1":0.003},"geometry":{"type":"Polygon","coordinates":[[[-101.0123,49.8757],[-100.9974,49.8922],[-100.9808,49.8954],[-100.9623,49.8854],[-100.9573,49.8727],[-100.9658,49.8573],[-100.98,49.8502],[-101.0,49.8513],[-101.0124,49.8558],[-101.0173,49.8636],[-101.0123,49.8757]],[[-101.0014,49.8724],[-100.9938,49.8822],[-100.9841,49.8854],[-100.9722,49.8821],[-100.9672,49.8754],[-100.9691,49.8653],[-100.9788,49.862],[-100.9964,49.8657],[-101.0014,49.8724]]]}},{"type":"Feature","properties":{"c":"#00ff00","v0":0.002,"v1":0.003},"geometry":{"type":"Polygon","coordinates":[[[-123.6795,49.8675],[-123.6591,49.8675],[-123.6542,49.8633],[-123.6647,49.8548],[-123.6749,49.8548],[-123.6847,49.8633],[-123.6795,49.8675]]]}},{"type":"Feature","properties":{"c":"#00ff00","v0":0.002,"v1":0.003},"geometry":{"type":"Polygon","coordinates":[[[-109.5674,49.8325],[-109.5558,49.8397],[-109.5439,49.8397],[-109.5317,49.8325],[-109.5317,49.8237],[-109.5439,49.8133],[-109.5558,49.8133],[-109.5674,49.8237],[-109.5674,49.8325]]]}},{"type":"Feature","properties":{"c":"#00ff00","v0":0.002,"v1":0.003},"geometry":{"type":"Polygon","coordinates":[[[-110.63,49.8095],[-110.6222,49.8224],[-110.6113,49.8282],[-110.5971,49.8268],[-110.595,49.8176],[-110.605,49.8006],[-110.616,49.7948],[-110.6279,49.8003],[-110.63,49.8095]]]}},{"type":"Feature","properties":{"c":"#00ff00","v0":0.002,"v1":0.003},"geometry":{"type":"Polygon","coordinates":[[[-124.059,49.3621],[-124.0436,49.3882],[-124.0168,49.4142],[-123.9788,49.4402],[-123.9701,49.463],[-123.9908,49.4825],[-123.9942,49.5019],[-123.9805,49.5214],[-123.9747,49.5409],[-123.9767,49.5604],[-123.9608,49.5838],[-123.9269,49.6112],[-123.8893,49.6307],[-123.8479,49.6421],[-123.8248,49.6543],[-123.8202,49.6673],[-123.8288,49.6899],[-123.8506,49.7223],[-123.8536,49.7529],[-123.8379,49.7819],[-123.81,49.7831],[-123.77,49.7565],[-123.72,49.7381],[-123.66,49.7278],[-123.6271,49.7072],[-123.6214,49.6763],[-123.6437,49.6349],[-123.694,49.5831],[-123.6969,49.5529],[-123.6523,49.5445],[-123.605,49.526],[-123.555,49.4973],[-123.5262,49.4755],[-123.5187,49.4606],[-123.5187,49.4444],[-123.5262,49.4269],[-123.545,49.4191],[-123.575,49.4211],[-123.62,49.4328],[-123.68,49.4541],[-123.72,49.4566],[-123.74,49.4405],[-123.77,49.4342],[-123.81,49.4378],[-123.87,49.4113],[-123.95,49.3545],[-124.0,49.3256],[-124.02,49.3245],[-124.0392,49.3302],[-124.0575,49.3428],[-124.059,49.3621]],[[-123.8424,49.7451],[-123.8341,49.7583],[-123.825,49.7642],[-123.815,49.7629],[-123.7936,49.7498],[-123.7609,49.725],[-123.7609,49.7104],[-123.7936,49.7062],[-123.8191,49.7126],[-123.8374,49.7298],[-123.8424,49.7451]],[[-124.0482,49.3621],[-124.0321,49.3882],[-123.994,49.4207],[-123.9336,49.4597],[-123.9161,49.5019],[-123.9415,49.5474],[-123.9381,49.5822],[-123.906,49.6063],[-123.8784,49.616],[-123.8553,49.6113],[-123.8412,49.5928],[-123.8361,49.5604],[-123.8277,49.5391],[-123.8159,49.529],[-123.795,49.5282],[-123.765,49.5366],[-123.725,49.5392],[-123.675,49.5361],[-123.6201,49.5174],[-123.5603,49.4833],[-123.5318,49.4597],[-123.5344,49.4467],[-123.5443,49.4368],[-123.5614,49.4301],[-123.605,49.4392],[-123.675,49.4643],[-123.755,49.4756],[-123.845,49.4731],[-123.8902,49.4607],[-123.8906,49.4384],[-123.9106,49.4069],[-123.9502,49.3662],[-123.98,49.3416],[-124.0,49.3331],[-124.0215,49.3339],[-124.0446,49.344],[-124.0482,49.3621]]]}},{"type":"Feature","properties":{"c":"#00ff00","v0":0.002,"v1":0.003},"geometry":{"type":"Polygon","coordinates":[[[-119.1094,49.7562],[-119.0965,49.7659],[-119.0828,49.7659],[-119.0683,49.7562],[-119.0683,49.7478],[-119.0828,49.7406],[-119.0965,49.7406],[-119.1094,49.7478],[-119.1094,49.7562]]]}},{"type":"Feature","properties":{"c":"#00ff00","v0":0.002,"v1":0.003},"geometry":{"type":"Polygon","coordinates":[[[-67.343,49.7391],[-67.321,49.7406],[-67.309,49.7373],[-67.307,49.7294],[-67.317,49.7248],[-67.339,49.7234],[-67.351,49.7266],[-67.353,49.7345],[-67.343,49.7391]]]}},{"type":"Feature","properties":{"c":"#00ff00","v0":0.002,"v1":0.003},"geometry":{"type":"Polygon","coordinates":[[[-92.5869,49.7049],[-92.5756,49.7155],[-92.5653,49.7155],[-92.556,49.7049],[-92.556,49.6962],[-92.5653,49.6895],[-92.5756,49.6895],[-92.5869,49.6962],[-92.5869,49.7049]]]}},{"type":"Feature","properties":{"c":"#00ff00","v0":0.002,"v1":0.003},"geometry":{"type":"Polygon","coordinates":[[[-122.5701,49.6773],[-122.5567,49.6845],[-122.547,49.6845],[-122.5409,49.6773],[-122.5409,49.6706],[-122.547,49.6642],[-122.5567,49.6642],[-122.5701,49.6706],[-122.5701,49.6773]]]}},{"type":"Feature","properties":{"c":"#00ff00","v0":0.002,"v1":0.003},"geometry":{"type":"Polygon","coordinates":[[[-110.2367,49.6681],[-110.2189,49.6827],[-110.198,49.6827],[-110.174,49.6681],[-110.174,49.6542],[-110.198,49.641],[-110.2189,49.641],[-110.2367,49.6542],[-110.2367,49.6681]],[[-110.2297,49.6665],[-110.2166,49.6778],[-110.2005,49.6778],[-110.1815,49.6665],[-110.1815,49.6557],[-110.2005,49.6456],[-110.2166,49.6456],[-110.2297,49.6557],[-110.2297,49.6665]]]}},{"type":"Feature","properties":{"c":"#00ff00","v0":0.002,"v1":0.003},"geometry":{"type":"Polygon","coordinates":[[[-93.054,49.6436],[-93.038,49.6609],[-93.025,49.6679],[-93.015,49.6645],[-93.01,49.6526],[-93.01,49.6321],[-93.02,49.6203],[-93.04,49.6173],[-93.053,49.6206],[-93.059,49.6301],[-93.054,49.6436]]]}},{"type":"Feature","properties":{"c":"#00ff00","v0":0.002,"v1":0.003},"geometry":{"type":"Polygon","coordinates":[[[-92.4478,49.6084],[-92.4359,49.6331],[-92.4207,49.6299],[-92.4022,49.5987],[-92.4022,49.5799],[-92.4207,49.5737],[-92.4359,49.5769],[-92.4478,49.5897],[-92.4478,49.6084]]]}},{"type":"Feature","properties":{"c":"#00ff00","v0":0.002,"v1":0.003},"geometry":{"type":"Polygon","coordinates":[[[-122.5884,49.5614],[-122.5761,49.57],[-122.565,49.57],[-122.5549,49.5614],[-122.5549,49.5542],[-122.565,49.5485],[-122.5761,49.5485],[-122.5884,49.5542],[-122.5884,49.5614]]]}},{"type":"Feature","properties":{"c":"#00ff00","v0":0.002,"v1":0.003},"geometry":{"type":"Polygon","coordinates":[[[-92.4226,49.5467],[-92.4142,49.5519],[-92.4031,49.5486],[-92.3893,49.537],[-92.3893,49.5297],[-92.4031,49.5267],[-92.4142,49.5299],[-92.4226,49.5394],[-92.4226,49.5467]]]}},{"type":"Feature","properties":{"c":"#00ff00","v0":0.002,"v1":0.003},"geometry":{"type":"Polygon","coordinates":[[[-122.7278,49.3621],[-122.6925,49.3882],[-122.6762,49.4142],[-122.6789,49.4402],[-122.6577,49.4581],[-122.6126,49.468],[-122.5809,49.4713],[-122.5626,49.4679],[-122.5548,49.4532],[-122.5575,49.4272],[-122.5816,49.3948],[-122.6272,49.3559],[-122.665,49.3309],[-122.695,49.3197],[-122.7189,49.3228],[-122.7366,49.3403],[-122.7278,49.3621]],[[-122.6176,49.4337],[-122.6081,49.4467],[-122.595,49.4544],[-122.5783,49.4569],[-122.575,49.4475],[-122.585,49.4262],[-122.5981,49.4185],[-122.6143,49.4243],[-122.6176,49.4337]],[[-122.7146,49.3584],[-122.6982,49.3771],[-122.6757,49.3869],[-122.647,49.3877],[-122.6325,49.3816],[-122.6322,49.3686],[-122.6415,49.3555],[-122.6605,49.3423],[-122.68,49.3347],[-122.7,49.3326],[-122.7132,49.336],[-122.7196,49.3447],[-122.7146,49.3584]]]}},{"type":"Feature","properties":{"c":"#00ff00","v0":0.002,"v1":0.003},"geometry":{"type":"Polygon","coordinates":[[[-123.1813,49.4095],[-123.1738,49.4262],[-123.155,49.4317],[-123.125,49.426],[-123.095,49.4261],[-123.065,49.4319],[-123.035,49.4276],[-123.005,49.4134],[-122.945,49.4161],[-122.855,49.4359],[-122.8025,49.4411],[-122.7875,49.4318],[-122.7737,49.4077],[-122.7613,49.3686],[-122.7688,49.3418],[-122.7963,49.3271],[-122.825,49.3254],[-122.855,49.3368],[-122.89,49.3387],[-122.93,49.3313],[-122.965,49.3349],[-122.995,49.3494],[-123.0522,49.358],[-123.1367,49.3607],[-123.1804,49.3719],[-123.1835,49.3914],[-123.1813,49.4095]],[[-123.1656,49.4062],[-123.1552,49.4164],[-123.1408,49.4131],[-123.1223,49.3965],[-123.1223,49.3843],[-123.1408,49.3766],[-123.1552,49.3798],[-123.1656,49.3941],[-123.1656,49.4062]],[[-123.0918,49.4073],[-123.0639,49.4197],[-123.0376,49.4164],[-123.0128,49.3976],[-123.0078,49.3832],[-123.0226,49.3734],[-123.04,49.3682],[-123.06,49.3678],[-123.0789,49.376],[-123.0968,49.3928],[-123.0918,49.4073]],[[-122.9579,49.3851],[-122.9393,49.405],[-122.915,49.4153],[-122.885,49.416],[-122.86,49.4216],[-122.84,49.4322],[-122.8208,49.4349],[-122.8023,49.4298],[-122.7891,49.4109],[-122.7813,49.3784],[-122.7855,49.3557],[-122.8018,49.3428],[-122.825,49.3408],[-122.855,49.3497],[-122.89,49.3519],[-122.93,49.3472],[-122.9543,49.3525],[-122.9629,49.3676],[-122.9579,49.3851]]]}},{"type":"Feature","properties":{"c":"#00ff00","v0":0.002,"v1":0.003},"geometry":{"type":"Polygon","coordinates":[[[-121.6373,49.4095],[-121.6191,49.4263],[-121.5998,49.4328],[-121.5794,49.4291],[-121.5624,49.4207],[-121.5486,49.4077],[-121.5538,49.3944],[-121.5779,49.381],[-121.6041,49.381],[-121.6323,49.3944],[-121.6373,49.4095]],[[-121.6315,49.4081],[-121.6172,49.4221],[-121.5962,49.4221],[-121.5687,49.4081],[-121.5637,49.3957],[-121.5812,49.3847],[-121.6022,49.3847],[-121.6265,49.3957],[-121.6315,49.4081]]]}},{"type":"Feature","properties":{"c":"#00ff00","v0":0.002,"v1":0.003},"geometry":{"type":"Polygon","coordinates":[[[-122.2686,49.4045],[-122.2562,49.4113],[-122.2434,49.4113],[-122.2301,49.4045],[-122.2301,49.3975],[-122.2434,49.3901],[-122.2562,49.3901],[-122.2686,49.3975],[-122.2686,49.4045]]]}},{"type":"Feature","properties":{"c":"#00ff00","v0":0.002,"v1":0.003},"geometry":{"type":"Polygon","coordinates":[[[-81.5162,49.4167],[-81.4987,49.4217],[-81.4855,49.4185],[-81.4766,49.4069],[-81.4816,49.3983],[-81.5005,49.3926],[-81.5137,49.3958],[-81.5212,49.4081],[-81.5162,49.4167]]]}},{"type":"Feature","properties":{"c":"#00ff00","v0":0.002,"v1":0.003},"geometry":{"type":"Polygon","coordinates":[[[-122.1469,49.403],[-122.109,49.4065],[-122.082,49.4033],[-122.0659,49.3932],[-122.0759,49.3834],[-122.112,49.3738],[-122.139,49.3771],[-122.1569,49.3931],[-122.1469,49.403]],[[-122.1271,49.3909],[-122.1157,49.3962],[-122.1045,49.3962],[-122.0935,49.3909],[-122.0992,49.3882],[-122.1216,49.3882],[-122.1271,49.3909]]]}},{"type":"Feature","properties":{"c":"#00ff00","v0":0.002,"v1":0.003},"geometry":{"type":"Polygon","coordinates":[[[-82.2016,49.4016],[-82.1672,49.4025],[-82.1393,49.3927],[-82.1179,49.3723],[-82.1229,49.3597],[-82.1543,49.3548],[-82.1822,49.3645],[-82.2066,49.389],[-82.2016,49.4016]]]}},{"type":"Feature","properties":{"c":"#00ff00","v0":0.002,"v1":0.003},"geometry":{"type":"Polygon","coordinates":[[[-122.5677,49.3567],[-122.5559,49.3721],[-122.535,49.3811],[-122.505,49.3838],[-122.4814,49.3827],[-122.4641,49.3776],[-122.4496,49.3654],[-122.4378,49.3458],[-122.4464,49.3256],[-122.4755,49.3048],[-122.505,49.2914],[-122.535,49.2855],[-122.5557,49.2862],[-122.567,49.2933],[-122.5729,49.31],[-122.5734,49.336],[-122.5677,49.3567]],[[-122.558,49.3538],[-122.5527,49.3631],[-122.535,49.37],[-122.505,49.3745],[-122.481,49.3666],[-122.4629,49.3462],[-122.4729,49.3266],[-122.511,49.3076],[-122.5377,49.3109],[-122.553,49.3363],[-122.558,49.3538]]]}},{"type":"Feature","properties":{"c":"#00ff00","v0":0.002,"v1":0.003},"geometry":{"type":"Polygon","coordinates":[[[-81.8646,49.3106],[-81.8549,49.338],[-81.84,49.3476],[-81.82,49.3393],[-81.785,49.3373],[-81.735,49.3415],[-81.6996,49.3352],[-81.6789,49.3184],[-81.6744,49.3002],[-81.6862,49.2806],[-81.6874,49.2643],[-81.6781,49.2513],[-81.7075,49.24],[-81.7758,49.2306],[-81.8188,49.2306],[-81.8365,49.24],[-81.8514,49.2578],[-81.8635,49.2839],[-81.8646,49.3106]],[[-81.823,49.2976],[-81.7877,49.3251],[-81.76,49.3398],[-81.74,49.3416],[-81.7188,49.3376],[-81.6963,49.3279],[-81.6963,49.3026],[-81.7188,49.2619],[-81.75,49.2411],[-81.79,49.2403],[-81.8177,49.2509],[-81.833,49.2729],[-81.823,49.2976]]]}},{"type":"Feature","properties":{"c":"#00ff00","v0":0.002,"v1":0.003},"geometry":{"type":"Polygon","coordinates":[[[-82.4761,49.2415],[-82.4651,49.2611],[-82.4472,49.2699],[-82.4224,49.268],[-82.395,49.2768],[-82.365,49.2964],[-82.33,49.3102],[-82.29,49.3185],[-82.2589,49.3195],[-82.2366,49.3131],[-82.2301,49.2904],[-82.2392,49.2513],[-82.2504,49.2271],[-82.2635,49.218],[-82.28,49.2141],[-82.3,49.2154],[-82.33,49.2262],[-82.37,49.2463],[-82.405,49.2427],[-82.435,49.2153],[-82.4579,49.2091],[-82.4737,49.2241],[-82.4761,49.2415]],[[-82.3608,49.2756],[-82.3536,49.2851],[-82.335,49.2911],[-82.305,49.2936],[-82.285,49.2989],[-82.275,49.3069],[-82.2614,49.3074],[-82.2443,49.3004],[-82.2443,49.2798],[-82.2614,49.2454],[-82.2936,49.2389],[-82.3408,49.2602],[-82.3608,49.2756]],[[-82.4584,49.2359],[-82.4528,49.2444],[-82.4466,49.2444],[-82.4398,49.2359],[-82.4398,49.2281],[-82.4466,49.221],[-82.4528,49.221],[-82.4584,49.2281],[-82.4584,49.2359]]]}},{"type":"Feature","properties":{"c":"#00ff00","v0":0.002,"v1":0.003},"geometry":{"type":"Polygon","coordinates":[[[-121.8796,49.2677],[-121.8599,49.2874],[-121.8391,49.2939],[-121.8173,49.2872],[-121.8056,49.2774],[-121.8039,49.2643],[-121.8098,49.2534],[-121.8233,49.2446],[-121.8449,49.2446],[-121.8746,49.2534],[-121.8796,49.2677]],[[-121.8725,49.2761],[-121.8575,49.2865],[-121.8399,49.2865],[-121.8196,49.2761],[-121.8196,49.2642],[-121.8399,49.2511],[-121.8575,49.2511],[-121.8725,49.2642],[-121.8725,49.2761]]]}},{"type":"Feature","properties":{"c":"#00ff00","v0":0.002,"v1":0.003},"geometry":{"type":"Polygon","coordinates":[[[-123.4723,49.2643],[-123.4635,49.2774],[-123.4506,49.2839],[-123.4336,49.2839],[-123.4263,49.2763],[-123.4288,49.2612],[-123.4417,49.2547],[-123.465,49.2568],[-123.4723,49.2643]]]}},{"type":"Feature","properties":{"c":"#00ff00","v0":0.002,"v1":0.003},"geometry":{"type":"Polygon","coordinates":[[[-81.4557,49.2491],[-81.4519,49.2578],[-81.4434,49.2611],[-81.4302,49.2589],[-81.4252,49.2531],[-81.4284,49.2437],[-81.4369,49.2404],[-81.4507,49.2433],[-81.4557,49.2491]]]}},{"type":"Feature","properties":{"c":"#00ff00","v0":0.002,"v1":0.003},"geometry":{"type":"Polygon","coordinates":[[[-122.195,49.1807],[-122.165,49.1832],[-122.135,49.1935],[-122.105,49.2115],[-122.0767,49.2167],[-122.0502,49.2093],[-122.0502,49.196],[-122.0767,49.1769],[-122.115,49.1665],[-122.165,49.1646],[-122.195,49.1676],[-122.205,49.1755],[-122.195,49.1807]]]}},{"type":"Feature","properties":{"c":"#00ff00","v0":0.002,"v1":0.003},"geometry":{"type":"Polygon","coordinates":[[[-121.8197,49.1452],[-121.7866,49.1814],[-121.75,49.2],[-121.71,49.2011],[-121.675,49.2065],[-121.645,49.2164],[-121.6107,49.2011],[-121.5721,49.1605],[-121.5571,49.1365],[-121.5657,49.1291],[-121.5793,49.1258],[-121.5979,49.1267],[-121.6229,49.1378],[-121.6543,49.1593],[-121.685,49.1534],[-121.715,49.1201],[-121.75,49.1019],[-121.79,49.0987],[-121.8166,49.1046],[-121.8297,49.1196],[-121.8197,49.1452]],[[-121.6448,49.1957],[-121.6339,49.2023],[-121.6276,49.199],[-121.6257,49.1859],[-121.6312,49.1827],[-121.6439,49.1892],[-121.6448,49.1957]],[[-121.812,49.1437],[-121.784,49.177],[-121.7514,49.1933],[-121.7141,49.1928],[-121.6953,49.1794],[-121.6948,49.1532],[-121.7012,49.1336],[-121.7145,49.1205],[-121.7383,49.1112],[-121.7728,49.1058],[-121.799,49.109],[-121.817,49.1211],[-121.812,49.1437]]]}},{"type":"Feature","properties":{"c":"#00ff00","v0":0.002,"v1":0.003},"geometry":{"type":"Polygon","coordinates":[[[-121.9747,49.2072],[-121.9582,49.2106],[-121.9475,49.2073],[-121.9424,49.1974],[-121.9474,49.1907],[-121.9625,49.1873],[-121.9732,49.1906],[-121.9797,49.2005],[-121.9747,49.2072]]]}},{"type":"Feature","properties":{"c":"#00ff00","v0":0.002,"v1":0.003},"geometry":{"type":"Polygon","coordinates":[[[-123.671,49.1598],[-123.6659,49.1729],[-123.655,49.1822],[-123.6383,49.1877],[-123.615,49.1896],[-123.585,49.1879],[-123.5629,49.1819],[-123.5486,49.1715],[-123.5586,49.1569],[-123.5929,49.138],[-123.62,49.1292],[-123.64,49.1305],[-123.6559,49.1366],[-123.6677,49.1477],[-123.671,49.1598]],[[-123.6551,49.161],[-123.6384,49.1764],[-123.6121,49.1797],[-123.5764,49.1708],[-123.5714,49.1585],[-123.5971,49.1429],[-123.6234,49.1396],[-123.6501,49.1487],[-123.6551,49.161]]]}},{"type":"Feature","properties":{"c":"#00ff00","v0":0.002,"v1":0.003},"geometry":{"type":"Polygon","coordinates":[[[-122.6869,49.055],[-122.6677,49.0681],[-122.656,49.0875],[-122.652,49.1131],[-122.6325,49.136],[-122.5975,49.1562],[-122.5675,49.1681],[-122.5425,49.1716],[-122.495,49.1637],[-122.425,49.1443],[-122.37,49.1476],[-122.33,49.1735],[-122.3042,49.1847],[-122.2926,49.1812],[-122.2826,49.1606],[-122.2742,49.1229],[-122.26,49.1032],[-122.24,49.1013],[-122.215,49.1091],[-122.185,49.1267],[-122.155,49.1356],[-122.125,49.1359],[-122.1,49.1275],[-122.08,49.1106],[-122.05,49.0996],[-122.01,49.0944],[-121.985,49.084],[-121.975,49.0683],[-121.9522,49.0542],[-121.9166,49.0416],[-121.9216,49.0182],[-121.9672,48.9839],[-122.015,48.9703],[-122.065,48.9773],[-122.127,48.9781],[-122.201,48.9725],[-122.246,48.9588],[-122.262,48.9368],[-122.315,48.9153],[-122.405,48.8945],[-122.4628,48.8858],[-122.4883,48.8892],[-122.4998,48.9008],[-122.4974,48.9205],[-122.5096,48.9379],[-122.5365,48.953],[-122.565,48.9572],[-122.595,48.9506],[-122.6215,48.9496],[-122.6444,48.9543],[-122.6494,48.9707],[-122.6365,48.9988],[-122.6466,49.0217],[-122.6799,49.0396],[-122.6869,49.055]],[[-122.339,49.1367],[-122.3197,49.156],[-122.306,49.1592],[-122.298,49.1465],[-122.298,49.1317],[-122.306,49.1146],[-122.315,49.1055],[-122.325,49.1041],[-122.3347,49.1093],[-122.344,49.1212],[-122.339,49.1367]],[[-122.6138,49.1042],[-122.5872,49.1369],[-122.5629,49.1558],[-122.541,49.1609],[-122.5172,49.138],[-122.4916,49.0871],[-122.4666,49.0548],[-122.4422,49.0414],[-122.41,49.0317],[-122.37,49.0259],[-122.34,49.0417],[-122.32,49.0793],[-122.295,49.0952],[-122.265,49.0894],[-122.22,49.097],[-122.16,49.1181],[-122.115,49.1187],[-122.085,49.0987],[-122.0531,49.0885],[-122.0192,49.088],[-121.9992,49.0762],[-121.9931,49.0531],[-121.9744,49.0399],[-121.9433,49.0369],[-121.9483,49.0191],[-121.9894,48.9865],[-122.03,48.9783],[-122.07,48.9943],[-122.115,48.9988],[-122.165,48.9917],[-122.23,48.9925],[-122.31,49.0013],[-122.385,48.9943],[-122.455,48.9715],[-122.4989,48.9658],[-122.5167,48.9772],[-122.5343,48.9993],[-122.5518,49.0321],[-122.5739,49.0518],[-122.6007,49.0583],[-122.6173,49.0681],[-122.6239,49.0812],[-122.6138,49.1042]]]}},{"type":"Feature","properties":{"c":"#00ff00","v0":0.002,"v1":0.003},"geometry":{"type":"Polygon","coordinates":[[[-123.4077,49.0917],[-123.3826,49.1258],[-123.35,49.1407],[-123.31,49.1363],[-123.2838,49.1291],[-123.2715,49.119],[-123.2715,49.1062],[-123.2838,49.0906],[-123.31,49.0751],[-123.35,49.0597],[-123.38,49.0509],[-123.4,49.0489],[-123.4126,49.0546],[-123.4177,49.068],[-123.4077,49.0917]],[[-123.3994,49.0977],[-123.3798,49.1175],[-123.3474,49.1241],[-123.3021,49.1173],[-123.3021,49.1004],[-123.3474,49.0731],[-123.3777,49.06],[-123.3931,49.0611],[-123.4029,49.0681],[-123.4071,49.0812],[-123.3994,49.0977]]]}},{"type":"Feature","properties":{"c":"#00ff00","v0":0.002,"v1":0.003},"geometry":{"type":"Polygon","coordinates":[[[-123.0655,49.0406],[-123.0552,49.0511],[-123.042,49.0544],[-123.0259,49.0504],[-123.0189,49.0419],[-123.0209,49.0288],[-123.0289,49.0188],[-123.043,49.0119],[-123.0552,49.0151],[-123.0655,49.0286],[-123.0655,49.0406]]]}},{"type":"Feature","properties":{"c":"#00ff00","v0":0.002,"v1":0.003},"geometry":{"type":"Polygon","coordinates":[[[-122.7365,48.9481],[-122.7322,48.9573],[-122.724,48.9606],[-122.7119,48.9579],[-122.714,48.9533],[-122.7304,48.9468],[-122.7365,48.9481]]]}},{"type":"Feature","properties":{"c":"#00ff00","v0":0.002,"v1":0.003},"geometry":{"type":"Polygon","coordinates":[[[-123.0284,48.8988],[-123.0028,48.9146],[-122.979,48.9146],[-122.9571,48.8988],[-122.9571,48.883],[-122.979,48.8671],[-123.0,48.8618],[-123.02,48.8671],[-123.0328,48.8751],[-123.0384,48.8856],[-123.0284,48.8988]],[[-123.0219,48.8973],[-123.0006,48.9099],[-122.9812,48.9099],[-122.9636,48.8973],[-122.9636,48.8845],[-122.9812,48.8718],[-123.0006,48.8718],[-123.0219,48.8845],[-123.0219,48.8973]]]}},{"type":"Feature","properties":{"c":"#00ff00","v0":0.002,"v1":0.003},"geometry":{"type":"Polygon","coordinates":[[[-117.5675,48.8295],[-117.5558,48.8381],[-117.55,48.8359],[-117.55,48.8228],[-117.5558,48.8185],[-117.5675,48.8229],[-117.5675,48.8295]]]}},{"type":"Feature","properties":{"c":"#00ff00","v0":0.002,"v1":0.003},"geometry":{"type":"Polygon","coordinates":[[[-122.4559,48.7757],[-122.4558,48.7823],[-122.4456,48.7856],[-122.4252,48.7856],[-122.4253,48.7823],[-122.4457,48.7757],[-122.4559,48.7757]]]}},{"type":"Feature","properties":{"c":"#00ff00","v0":0.002,"v1":0.003},"geometry":{"type":"Polygon","coordinates":[[[-122.7169,48.7382],[-122.699,48.7489],[-122.6822,48.7489],[-122.6667,48.7382],[-122.6667,48.7268],[-122.6822,48.7147],[-122.699,48.7147],[-122.7169,48.7268],[-122.7169,48.7382]],[[-122.7071,48.7359],[-122.6957,48.7419],[-122.686,48.7419],[-122.6779,48.7359],[-122.6779,48.7292],[-122.686,48.722],[-122.6957,48.722],[-122.7071,48.7292],[-122.7071,48.7359]]]}},{"type":"Feature","properties":{"c":"#00ff00","v0":0.002,"v1":0.003},"geometry":{"type":"Polygon","coordinates":[[[-122.8978,48.6966],[-122.8926,48.7034],[-122.8824,48.7034],[-122.8672,48.6966],[-122.8622,48.6894],[-122.8674,48.6818],[-122.8776,48.6818],[-122.8928,48.6894],[-122.8978,48.6966]]]}},{"type":"Feature","properties":{"c":"#00ff00","v0":0.002,"v1":0.003},"geometry":{"type":"Polygon","coordinates":[[[-78.1098,48.6976],[-78.0966,48.7062],[-78.09,48.704],[-78.09,48.691],[-78.0966,48.6867],[-78.1098,48.6911],[-78.1098,48.6976]]]}},{"type":"Feature","properties":{"c":"#00ff00","v0":0.002,"v1":0.003},"geometry":{"type":"Polygon","coordinates":[[[-122.0983,48.6592],[-122.0928,48.6705],[-122.075,48.6822],[-122.045,48.6945],[-122.0217,48.679],[-122.0051,48.6357],[-122.0101,48.6111],[-122.0367,48.6053],[-122.0628,48.6152],[-122.0883,48.6408],[-122.0983,48.6592]],[[-122.0827,48.6593],[-122.0742,48.6705],[-122.06,48.6766],[-122.04,48.6777],[-122.025,48.6622],[-122.015,48.6302],[-122.02,48.6139],[-122.04,48.6132],[-122.0592,48.6231],[-122.0777,48.6435],[-122.0827,48.6593]]]}},{"type":"Feature","properties":{"c":"#00ff00","v0":0.002,"v1":0.003},"geometry":{"type":"Polygon","coordinates":[[[-122.6727,48.6727],[-122.6576,48.6844],[-122.641,48.6844],[-122.6229,48.6727],[-122.6229,48.6628],[-122.641,48.6548],[-122.6576,48.6548],[-122.6727,48.6628],[-122.6727,48.6727]]]}},{"type":"Feature","properties":{"c":"#00ff00","v0":0.002,"v1":0.003},"geometry":{"type":"Polygon","coordinates":[[[-89.2271,48.6166],[-89.2157,48.6483],[-89.195,48.6561],[-89.165,48.6399],[-89.135,48.6408],[-89.105,48.6588],[-89.075,48.6675],[-89.045,48.6667],[-89.022,48.6632],[-89.006,48.6568],[-88.9826,48.6338],[-88.9518,48.5941],[-88.9398,48.5702],[-88.9466,48.562],[-88.985,48.5528],[-89.055,48.5425],[-89.12,48.5455],[-89.18,48.5618],[-89.2157,48.5776],[-89.2271,48.593],[-89.2271,48.6166]],[[-89.1917,48.5911],[-89.1906,48.5984],[-89.18,48.5992],[-89.16,48.5937],[-89.135,48.6035],[-89.105,48.6287],[-89.075,48.6442],[-89.045,48.6501],[-89.0148,48.6367],[-88.9844,48.6039],[-88.9944,48.5787],[-89.0448,48.561],[-89.1006,48.561],[-89.1617,48.5787],[-89.1917,48.5911]]]}},{"type":"Feature","properties":{"c":"#00ff00","v0":0.002,"v1":0.003},"geometry":{"type":"Polygon","coordinates":[[[-115.9975,48.6465],[-115.9792,48.6586],[-115.963,48.6586],[-115.949,48.6465],[-115.949,48.6358],[-115.963,48.6265],[-115.9792,48.6265],[-115.9975,48.6358],[-115.9975,48.6465]],[[-115.9879,48.6444],[-115.976,48.6523],[-115.9668,48.6523],[-115.9603,48.6444],[-115.9662,48.6404],[-115.9847,48.6404],[-115.9879,48.6444]]]}},{"type":"Feature","properties":{"c":"#00ff00","v0":0.002,"v1":0.003},"geometry":{"type":"Polygon","coordinates":[[[-77.832,48.6107],[-77.7849,48.6041],[-77.7373,48.5842],[-77.689,48.5511],[-77.6612,48.5268],[-77.6537,48.5114],[-77.655,48.5023],[-77.665,48.4998],[-77.68,48.5071],[-77.7,48.5243],[-77.725,48.5348],[-77.755,48.5385],[-77.7914,48.5588],[-77.8341,48.5956],[-77.832,48.6107]]]}},{"type":"Feature","properties":{"c":"#00ff00","v0":0.002,"v1":0.003},"geometry":{"type":"Polygon","coordinates":[[[-72.4348,48.5818],[-72.4183,48.5967],[-72.3999,48.6],[-72.3796,48.5917],[-72.3746,48.5806],[-72.3849,48.5667],[-72.4033,48.5634],[-72.4298,48.5707],[-72.4348,48.5818]],[[-72.426,48.5799],[-72.4153,48.5912],[-72.4027,48.5945],[-72.3881,48.5898],[-72.3831,48.5826],[-72.3877,48.5727],[-72.4003,48.5694],[-72.421,48.5727],[-72.426,48.5799]]]}},{"type":"Feature","properties":{"c":"#00ff00","v0":0.002,"v1":0.003},"geometry":{"type":"Polygon","coordinates":[[[-117.6432,48.3596],[-117.5677,48.4077],[-117.529,48.4409],[-117.5269,48.4592],[-117.5337,48.4783],[-117.5494,48.4981],[-117.5454,48.5203],[-117.5218,48.5446],[-117.5024,48.5479],[-117.4872,48.5302],[-117.4827,48.5114],[-117.4888,48.4915],[-117.4861,48.4617],[-117.4747,48.4219],[-117.4792,48.4047],[-117.4997,48.4103],[-117.5292,48.407],[-117.5676,48.3948],[-117.5854,48.3754],[-117.5826,48.3488],[-117.5935,48.3164],[-117.6178,48.2782],[-117.6427,48.2782],[-117.6682,48.3164],[-117.6432,48.3596]],[[-117.6446,48.3408],[-117.6349,48.3514],[-117.6226,48.3547],[-117.6077,48.3508],[-117.6027,48.3417],[-117.6076,48.3273],[-117.615,48.3189],[-117.625,48.3164],[-117.6349,48.3202],[-117.6446,48.3304],[-117.6446,48.3408]]]}},{"type":"Feature","properties":{"c":"#00ff00","v0":0.002,"v1":0.003},"geometry":{"type":"Polygon","coordinates":[[[-99.5458,48.5391],[-99.5353,48.5482],[-99.5185,48.5482],[-99.4955,48.5391],[-99.4955,48.5277],[-99.5185,48.5139],[-99.5353,48.5139],[-99.5458,48.5277],[-99.5458,48.5391]]]}},{"type":"Feature","properties":{"c":"#00ff00","v0":0.002,"v1":0.003},"geometry":{"type":"Polygon","coordinates":[[[-100.9827,48.4476],[-100.9609,48.4594],[-100.925,48.4674],[-100.875,48.4717],[-100.835,48.482],[-100.805,48.4983],[-100.7886,48.5003],[-100.7857,48.4878],[-100.8107,48.4632],[-100.8636,48.4264],[-100.9,48.4163],[-100.92,48.433],[-100.9459,48.4414],[-100.9777,48.4417],[-100.9827,48.4476]]]}},{"type":"Feature","properties":{"c":"#00ff00","v0":0.002,"v1":0.003},"geometry":{"type":"Polygon","coordinates":[[[-67.8413,48.4093],[-67.8338,48.4239],[-67.805,48.4368],[-67.755,48.4481],[-67.7235,48.4507],[-67.7104,48.4448],[-67.7204,48.4212],[-67.7535,48.3801],[-67.78,48.3603],[-67.8,48.3618],[-67.8188,48.3724],[-67.8363,48.3921],[-67.8413,48.4093]],[[-67.8292,48.4085],[-67.8164,48.4216],[-67.795,48.4268],[-67.765,48.4243],[-67.7487,48.4144],[-67.746,48.3973],[-67.756,48.3825],[-67.7787,48.3702],[-67.8014,48.3735],[-67.8242,48.3925],[-67.8292,48.4085]]]}},{"type":"Feature","properties":{"c":"#00ff00","v0":0.002,"v1":0.003},"geometry":{"type":"Polygon","coordinates":[[[-99.8573,48.4152],[-99.7907,48.4152],[-99.7856,48.41],[-99.8419,48.3996],[-99.8751,48.3996],[-99.8854,48.41],[-99.8573,48.4152]]]}},{"type":"Feature","properties":{"c":"#00ff00","v0":0.002,"v1":0.003},"geometry":{"type":"Polygon","coordinates":[[[-99.6985,48.4047],[-99.6928,48.41],[-99.6847,48.41],[-99.6741,48.4047],[-99.6769,48.402],[-99.6932,48.402],[-99.6985,48.4047]]]}},{"type":"Feature","properties":{"c":"#00ff00","v0":0.002,"v1":0.003},"geometry":{"type":"Polygon","coordinates":[[[-106.9374,48.3674],[-106.9191,48.3779],[-106.9033,48.3779],[-106.89,48.3674],[-106.89,48.3566],[-106.9033,48.3457],[-106.9191,48.3457],[-106.9374,48.3566],[-106.9374,48.3674]],[[-106.9274,48.3647],[-106.9158,48.3699],[-106.9074,48.3699],[-106.9022,48.3647],[-106.9022,48.3591],[-106.9074,48.3532],[-106.9158,48.3532],[-106.9274,48.3591],[-106.9274,48.3647]]]}},{"type":"Feature","properties":{"c":"#00ff00","v0":0.002,"v1":0.003},"geometry":{"type":"Polygon","coordinates":[[[-118.1198,48.3296],[-118.1133,48.3443],[-118.104,48.341],[-118.0921,48.3196],[-118.0921,48.3058],[-118.104,48.2997],[-118.1133,48.303],[-118.1198,48.3158],[-118.1198,48.3296]]]}},{"type":"Feature","properties":{"c":"#00ff00","v0":0.002,"v1":0.003},"geometry":{"type":"Polygon","coordinates":[[[-101.8126,48.3283],[-101.7975,48.3404],[-101.78,48.3455],[-101.76,48.3435],[-101.7464,48.3308],[-101.7391,48.3074],[-101.7491,48.2929],[-101.7764,48.2873],[-101.7975,48.294],[-101.8126,48.3128],[-101.8126,48.3283]],[[-101.8024,48.3263],[-101.7941,48.3345],[-101.7812,48.3378],[-101.7636,48.3363],[-101.7531,48.3255],[-101.7496,48.3056],[-101.7584,48.2948],[-101.7795,48.2932],[-101.7941,48.2999],[-101.8024,48.3148],[-101.8024,48.3263]]]}},{"type":"Feature","properties":{"c":"#00ff00","v0":0.002,"v1":0.003},"geometry":{"type":"Polygon","coordinates":[[[-108.1745,48.2856],[-108.1394,48.2923],[-108.1288,48.288],[-108.1429,48.2729],[-108.1605,48.2696],[-108.1816,48.2781],[-108.1745,48.2856]]]}},{"type":"Feature","properties":{"c":"#00ff00","v0":0.002,"v1":0.003},"geometry":{"type":"Polygon","coordinates":[[[-101.6201,48.2769],[-101.6,48.2926],[-101.58,48.2977],[-101.56,48.2922],[-101.5432,48.2809],[-101.5295,48.2641],[-101.5247,48.249],[-101.5287,48.2357],[-101.5455,48.2275],[-101.5752,48.2246],[-101.6,48.2346],[-101.6201,48.2575],[-101.6201,48.2769]],[[-101.6127,48.2747],[-101.5976,48.286],[-101.5806,48.2894],[-101.5618,48.2847],[-101.5474,48.2757],[-101.5375,48.2623],[-101.5352,48.249],[-101.5406,48.2357],[-101.5549,48.2296],[-101.5783,48.2308],[-101.5976,48.2408],[-101.6127,48.2596],[-101.6127,48.2747]]]}},{"type":"Feature","properties":{"c":"#00ff00","v0":0.002,"v1":0.003},"geometry":{"type":"Polygon","coordinates":[[[-118.1168,48.2598],[-118.1123,48.268],[-118.1083,48.268],[-118.1048,48.2598],[-118.1048,48.2486],[-118.1083,48.2344],[-118.1123,48.2344],[-118.1168,48.2486],[-118.1168,48.2598]]]}},{"type":"Feature","properties":{"c":"#00ff00","v0":0.002,"v1":0.003},"geometry":{"type":"Polygon","coordinates":[[[-101.1974,48.2367],[-101.1658,48.2521],[-101.125,48.2625],[-101.075,48.2678],[-101.04,48.2692],[-101.02,48.2667],[-101.0045,48.2597],[-100.9935,48.2481],[-100.9935,48.2348],[-101.0045,48.2197],[-101.03,48.2074],[-101.07,48.1979],[-101.1208,48.2021],[-101.1824,48.2201],[-101.1974,48.2367]],[[-101.124,48.2462],[-101.0613,48.2539],[-101.0247,48.2539],[-101.014,48.2462],[-101.014,48.2378],[-101.0247,48.2287],[-101.055,48.2243],[-101.105,48.2245],[-101.1363,48.2291],[-101.149,48.2379],[-101.124,48.2462]]]}},{"type":"Feature","properties":{"c":"#00ff00","v0":0.002,"v1":0.003},"geometry":{"type":"Polygon","coordinates":[[[-97.9871,48.248],[-97.9757,48.2593],[-97.9654,48.2593],[-97.9563,48.248],[-97.9563,48.2377],[-97.9654,48.2285],[-97.9757,48.2285],[-97.9871,48.2377],[-97.9871,48.248]]]}},{"type":"Feature","properties":{"c":"#00ff00","v0":0.002,"v1":0.003},"geometry":{"type":"Polygon","coordinates":[[[-97.4863,48.2344],[-97.4754,48.2452],[-97.4668,48.2452],[-97.4604,48.2344],[-97.4604,48.2261],[-97.4668,48.2204],[-97.4754,48.2204],[-97.4863,48.2261],[-97.4863,48.2344]]]}},{"type":"Feature","properties":{"c":"#00ff00","v0":0.002,"v1":0.003},"geometry":{"type":"Polygon","coordinates":[[[-105.6405,48.2206],[-105.6335,48.2304],[-105.6224,48.2337],[-105.6072,48.2306],[-105.6022,48.2234],[-105.6074,48.2121],[-105.615,48.205],[-105.625,48.2022],[-105.6335,48.2045],[-105.6405,48.212],[-105.6405,48.2206]]]}},{"type":"Feature","properties":{"c":"#00ff00","v0":0.002,"v1":0.003},"geometry":{"type":"Polygon","coordinates":[[[-100.8919,48.2174],[-100.8773,48.2209],[-100.855,48.2149],[-100.825,48.1994],[-100.8044,48.1843],[-100.7933,48.1697],[-100.7699,48.1557],[-100.7343,48.1424],[-100.7057,48.1223],[-100.6841,48.0956],[-100.7125,48.0857],[-100.7908,48.0926],[-100.8362,48.116],[-100.8486,48.1558],[-100.8659,48.1857],[-100.8881,48.2057],[-100.8919,48.2174]]]}},{"type":"Feature","properties":{"c":"#00ff00","v0":0.002,"v1":0.003},"geometry":{"type":"Polygon","coordinates":[[[-117.6787,48.1805],[-117.6729,48.19],[-117.6665,48.19],[-117.6596,48.1805],[-117.6596,48.1702],[-117.6665,48.1593],[-117.6729,48.1593],[-117.6787,48.1702],[-117.6787,48.1805]]]}},{"type":"Feature","properties":{"c":"#00ff00","v0":0.002,"v1":0.003},"geometry":{"type":"Polygon","coordinates":[[[-118.0183,48.1428],[-118.0128,48.1571],[-118.0,48.1652],[-117.98,48.167],[-117.9567,48.1499],[-117.93,48.1137],[-117.935,48.0897],[-117.9717,48.0778],[-117.9978,48.0878],[-118.0133,48.1197],[-118.0183,48.1428]],[[-117.9826,48.1262],[-117.9742,48.134],[-117.966,48.1307],[-117.9579,48.1162],[-117.9579,48.1076],[-117.966,48.105],[-117.9742,48.1083],[-117.9826,48.1177],[-117.9826,48.1262]]]}},{"type":"Feature","properties":{"c":"#00ff00","v0":0.002,"v1":0.003},"geometry":{"type":"Polygon","coordinates":[[[-70.9108,48.0889],[-70.8868,48.1023],[-70.8535,48.109],[-70.8108,48.109],[-70.7946,48.104],[-70.8049,48.0939],[-70.8382,48.0872],[-70.8945,48.0839],[-70.9108,48.0889]]]}},{"type":"Feature","properties":{"c":"#00ff00","v0":0.002,"v1":0.003},"geometry":{"type":"Polygon","coordinates":[[[-101.1318,48.0866],[-101.1173,48.0954],[-101.1027,48.0954],[-101.0882,48.0866],[-101.0882,48.0765],[-101.1027,48.065],[-101.1173,48.065],[-101.1318,48.0765],[-101.1318,48.0866]]]}},{"type":"Feature","properties":{"c":"#00ff00","v0":0.002,"v1":0.003},"geometry":{"type":"Polygon","coordinates":[[[-97.1403,48.0522],[-97.1298,48.0722],[-97.1159,48.0855],[-97.0986,48.092],[-97.09,48.0785],[-97.09,48.0449],[-97.095,48.0262],[-97.105,48.0224],[-97.1189,48.0259],[-97.1367,48.0367],[-97.1403,48.0522]]]}},{"type":"Feature","properties":{"c":"#00ff00","v0":0.002,"v1":0.003},"geometry":{"type":"Polygon","coordinates":[[[-117.8042,48.0254],[-117.7984,48.0455],[-117.7892,48.057],[-117.7764,48.0599],[-117.75,48.0599],[-117.71,48.0568],[-117.6832,48.0453],[-117.6695,48.0254],[-117.6695,48.01],[-117.6832,47.9992],[-117.71,47.993],[-117.75,47.9913],[-117.7793,47.9967],[-117.7978,48.0092],[-117.8042,48.0254]],[[-117.7151,48.0309],[-117.6984,48.0351],[-117.6881,48.0317],[-117.6844,48.0208],[-117.6894,48.0145],[-117.7031,48.0128],[-117.7134,48.0162],[-117.7201,48.0246],[-117.7151,48.0309]]]}},{"type":"Feature","properties":{"c":"#00ff00","v0":0.002,"v1":0.003},"geometry":{"type":"Polygon","coordinates":[[[-97.2315,48.0456],[-97.2305,48.0526],[-97.2209,48.0559],[-97.2027,48.0557],[-97.1844,48.0488],[-97.1662,48.0355],[-97.1653,48.0253],[-97.1818,48.0183],[-97.2005,48.0217],[-97.2215,48.0353],[-97.2315,48.0456]]]}},{"type":"Feature","properties":{"c":"#00ff00","v0":0.002,"v1":0.003},"geometry":{"type":"Polygon","coordinates":[[[-96.7354,48.0455],[-96.729,48.0522],[-96.7269,48.0473],[-96.729,48.0309],[-96.7321,48.0276],[-96.7364,48.0373],[-96.7354,48.0455]]]}},{"type":"Feature","properties":{"c":"#00ff00","v0":0.002,"v1":0.003},"geometry":{"type":"Polygon","coordinates":[[[-99.9173,48.0451],[-99.8724,48.0511],[-99.8375,48.0444],[-99.8126,48.0251],[-99.8126,48.012],[-99.8375,48.0053],[-99.87,48.0073],[-99.91,48.0181],[-99.9324,48.0281],[-99.9373,48.0375],[-99.9173,48.0451]]]}},{"type":"Feature","properties":{"c":"#00ff00","v0":0.002,"v1":0.003},"geometry":{"type":"Polygon","coordinates":[[[-101.3076,47.9888],[-101.2959,48.0158],[-101.275,48.0311],[-101.245,48.0345],[-101.2159,48.011],[-101.1876,47.9604],[-101.1876,47.9391],[-101.2159,47.9473],[-101.245,47.95],[-101.275,47.9473],[-101.2959,47.9533],[-101.3076,47.9679],[-101.3076,47.9888]],[[-101.2959,47.982],[-101.292,47.9955],[-101.28,48.0043],[-101.26,48.0086],[-101.2529,47.9985],[-101.2586,47.9741],[-101.2686,47.9615],[-101.2829,47.9606],[-101.292,47.964],[-101.2959,47.9715],[-101.2959,47.982]]]}},{"type":"Feature","properties":{"c":"#00ff00","v0":0.002,"v1":0.003},"geometry":{"type":"Polygon","coordinates":[[[-119.2071,47.9828],[-119.1957,47.9978],[-119.18,48.0046],[-119.16,48.0033],[-119.155,47.9953],[-119.165,47.9805],[-119.1807,47.9736],[-119.2021,47.9747],[-119.2071,47.9828]]]}},{"type":"Feature","properties":{"c":"#00ff00","v0":0.002,"v1":0.003},"geometry":{"type":"Polygon","coordinates":[[[-118.6376,47.979],[-118.6325,47.9864],[-118.6227,47.9864],[-118.6082,47.979],[-118.6032,47.9722],[-118.6077,47.9662],[-118.6175,47.9662],[-118.6326,47.9722],[-118.6376,47.979]]]}},{"type":"Feature","properties":{"c":"#00ff00","v0":0.002,"v1":0.003},"geometry":{"type":"Polygon","coordinates":[[[-96.7749,47.9816],[-96.7583,47.9942],[-96.745,47.9976],[-96.7351,47.9916],[-96.7391,47.9819],[-96.7571,47.9686],[-96.7704,47.9652],[-96.7789,47.9719],[-96.7749,47.9816]]]}},{"type":"Feature","properties":{"c":"#00ff00","v0":0.002,"v1":0.003},"geometry":{"type":"Polygon","coordinates":[[[-71.1257,47.9812],[-71.0886,47.9931],[-71.06,47.9966],[-71.04,47.9918],[-71.0233,47.9792],[-71.0098,47.9587],[-71.0048,47.937],[-71.0083,47.9141],[-71.025,47.9015],[-71.055,47.8991],[-71.0886,47.9173],[-71.1257,47.9559],[-71.1257,47.9812]],[[-71.082,47.9778],[-71.074,47.983],[-71.0619,47.983],[-71.0458,47.9778],[-71.0358,47.9613],[-71.0319,47.9335],[-71.0364,47.9201],[-71.0491,47.9211],[-71.0631,47.9351],[-71.0783,47.9619],[-71.082,47.9778]]]}},{"type":"Feature","properties":{"c":"#00ff00","v0":0.002,"v1":0.003},"geometry":{"type":"Polygon","coordinates":[[[-119.3181,47.9512],[-119.3127,47.9567],[-119.3018,47.9567],[-119.2855,47.9512],[-119.2805,47.9444],[-119.2868,47.9363],[-119.2977,47.9363],[-119.3131,47.9444],[-119.3181,47.9512]]]}},{"type":"Feature","properties":{"c":"#00ff00","v0":0.002,"v1":0.003},"geometry":{"type":"Polygon","coordinates":[[[-96.9962,47.9351],[-96.9724,47.9351],[-96.9605,47.9317],[-96.9606,47.925],[-96.968,47.9201],[-96.9827,47.9169],[-96.9945,47.9203],[-97.0036,47.9301],[-96.9962,47.9351]]]}},{"type":"Feature","properties":{"c":"#00ff00","v0":0.002,"v1":0.003},"geometry":{"type":"Polygon","coordinates":[[[-85.8011,47.9262],[-85.7937,47.9354],[-85.775,47.9409],[-85.745,47.9428],[-85.7229,47.9349],[-85.7086,47.9171],[-85.7136,47.9026],[-85.7379,47.8913],[-85.7637,47.8946],[-85.7911,47.9127],[-85.8011,47.9262]],[[-85.7798,47.9262],[-85.7599,47.9353],[-85.741,47.9319],[-85.7229,47.9161],[-85.7229,47.9043],[-85.741,47.8964],[-85.7599,47.8998],[-85.7798,47.9144],[-85.7798,47.9262]]]}},{"type":"Feature","properties":{"c":"#00ff00","v0":0.002,"v1":0.003},"geometry":{"type":"Polygon","coordinates":[[[-101.8632,47.8848],[-101.8629,47.8915],[-101.8545,47.8959],[-101.8382,47.8979],[-101.8231,47.8912],[-101.8092,47.8757],[-101.8092,47.8662],[-101.8231,47.8625],[-101.8384,47.8658],[-101.8551,47.8762],[-101.8632,47.8848]]]}},{"type":"Feature","properties":{"c":"#00ff00","v0":0.002,"v1":0.003},"geometry":{"type":"Polygon","coordinates":[[[-101.0162,47.7236],[-100.9667,47.7572],[-100.9486,47.8009],[-100.9619,47.8546],[-100.9589,47.8855],[-100.9396,47.8937],[-100.915,47.8944],[-100.885,47.8876],[-100.863,47.8735],[-100.849,47.8519],[-100.859,47.8244],[-100.8931,47.7908],[-100.8851,47.7649],[-100.835,47.7468],[-100.8149,47.7266],[-100.8247,47.7044],[-100.8547,47.6845],[-100.9049,47.6668],[-100.9577,47.6702],[-101.0132,47.6946],[-101.0162,47.7236]],[[-100.9382,47.871],[-100.9327,47.8768],[-100.915,47.8786],[-100.885,47.8763],[-100.8669,47.8666],[-100.8607,47.8497],[-100.8707,47.8388],[-100.8969,47.8339],[-100.9177,47.8406],[-100.9332,47.8589],[-100.9382,47.871]],[[-100.9426,47.7243],[-100.9342,47.7325],[-100.9216,47.7359],[-100.9047,47.7344],[-100.8997,47.7266],[-100.9066,47.7123],[-100.915,47.7042],[-100.925,47.7021],[-100.9342,47.7058],[-100.9426,47.7154],[-100.9426,47.7243]]]}},{"type":"Feature","properties":{"c":"#00ff00","v0":0.002,"v1":0.003},"geometry":{"type":"Polygon","coordinates":[[[-100.6203,47.8915],[-100.5814,47.8848],[-100.5571,47.8747],[-100.5474,47.8613],[-100.5668,47.8647],[-100.6154,47.8848],[-100.6203,47.8915]]]}},{"type":"Feature","properties":{"c":"#00ff00","v0":0.002,"v1":0.003},"geometry":{"type":"Polygon","coordinates":[[[-118.4828,47.8729],[-118.4609,47.8827],[-118.44,47.8853],[-118.42,47.8807],[-118.4039,47.8591],[-118.3916,47.8203],[-118.3894,47.7975],[-118.3973,47.7908],[-118.4134,47.785],[-118.4378,47.7802],[-118.4597,47.7836],[-118.4791,47.7951],[-118.49,47.8177],[-118.4925,47.8512],[-118.4828,47.8729]],[[-118.4516,47.8178],[-118.4372,47.8248],[-118.427,47.8248],[-118.4209,47.8178],[-118.4209,47.8112],[-118.427,47.805],[-118.4372,47.805],[-118.4516,47.8112],[-118.4516,47.8178]]]}},{"type":"Feature","properties":{"c":"#00ff00","v0":0.002,"v1":0.003},"geometry":{"type":"Polygon","coordinates":[[[-100.1696,47.8843],[-100.1565,47.89],[-100.1393,47.8866],[-100.1179,47.8742],[-100.1179,47.8648],[-100.1393,47.8584],[-100.1565,47.8617],[-100.1696,47.8749],[-100.1696,47.8843]]]}},{"type":"Feature","properties":{"c":"#00ff00","v0":0.002,"v1":0.003},"geometry":{"type":"Polygon","coordinates":[[[-109.9199,47.832],[-109.9,47.8405],[-109.883,47.8405],[-109.8689,47.832],[-109.8689,47.8236],[-109.883,47.8152],[-109.9,47.8152],[-109.9199,47.8236],[-109.9199,47.832]]]}},{"type":"Feature","properties":{"c":"#00ff00","v0":0.002,"v1":0.003},"geometry":{"type":"Polygon","coordinates":[[[-101.3484,47.7639],[-101.3411,47.7975],[-101.3206,47.8202],[-101.2869,47.8319],[-101.2634,47.8285],[-101.2503,47.8101],[-101.2461,47.7874],[-101.2508,47.7606],[-101.2673,47.7397],[-101.2958,47.7249],[-101.3205,47.7249],[-101.3415,47.7397],[-101.3484,47.7639]],[[-101.3314,47.7706],[-101.3301,47.7908],[-101.3196,47.807],[-101.2999,47.8192],[-101.283,47.8192],[-101.2691,47.807],[-101.2641,47.7884],[-101.268,47.7633],[-101.28,47.7477],[-101.3,47.7414],[-101.3155,47.7439],[-101.3266,47.755],[-101.3314,47.7706]]]}},{"type":"Feature","properties":{"c":"#00ff00","v0":0.002,"v1":0.003},"geometry":{"type":"Polygon","coordinates":[[[-100.2028,47.8076],[-100.1809,47.8209],[-100.16,47.8222],[-100.14,47.8115],[-100.135,47.7891],[-100.145,47.7552],[-100.1624,47.7405],[-100.1871,47.7449],[-100.203,47.7606],[-100.2102,47.7874],[-100.2028,47.8076]]]}},{"type":"Feature","properties":{"c":"#00ff00","v0":0.002,"v1":0.003},"geometry":{"type":"Polygon","coordinates":[[[-97.6099,47.754],[-97.5966,47.7947],[-97.5837,47.8115],[-97.5712,47.8044],[-97.5622,47.7841],[-97.5568,47.7505],[-97.563,47.7257],[-97.581,47.7098],[-97.595,47.7021],[-97.605,47.7025],[-97.6116,47.7105],[-97.6149,47.7259],[-97.6099,47.754]]]}},{"type":"Feature","properties":{"c":"#00ff00","v0":0.002,"v1":0.003},"geometry":{"type":"Polygon","coordinates":[[[-101.5634,47.7627],[-101.5545,47.767],[-101.5445,47.7636],[-101.5335,47.7526],[-101.5335,47.7455],[-101.5445,47.7424],[-101.5545,47.7457],[-101.5634,47.7556],[-101.5634,47.7627]]]}},{"type":"Feature","properties":{"c":"#00ff00","v0":0.002,"v1":0.003},"geometry":{"type":"Polygon","coordinates":[[[-118.7619,47.7269],[-118.7327,47.7135],[-118.7211,47.7046],[-118.727,47.7003],[-118.7416,47.707],[-118.7649,47.7248],[-118.7619,47.7269]]]}},{"type":"Feature","properties":{"c":"#00ff00","v0":0.002,"v1":0.003},"geometry":{"type":"Polygon","coordinates":[[[-97.5943,47.6192],[-97.5489,47.6327],[-97.5172,47.6505],[-97.4991,47.6727],[-97.4697,47.6861],[-97.4291,47.6909],[-97.4191,47.6575],[-97.4397,47.5859],[-97.46,47.5479],[-97.48,47.5436],[-97.5,47.5505],[-97.52,47.5686],[-97.545,47.5798],[-97.575,47.5839],[-97.5967,47.5926],[-97.6102,47.6058],[-97.5943,47.6192]]]}},{"type":"Feature","properties":{"c":"#00ff00","v0":0.002,"v1":0.003},"geometry":{"type":"Polygon","coordinates":[[[-84.809,47.6564],[-84.7963,47.6635],[-84.7865,47.6635],[-84.7795,47.6564],[-84.7795,47.6494],[-84.7865,47.6426],[-84.7963,47.6426],[-84.809,47.6494],[-84.809,47.6564]]]}},{"type":"Feature","properties":{"c":"#00ff00","v0":0.002,"v1":0.003},"geometry":{"type":"Polygon","coordinates":[[[-101.2202,47.6142],[-101.2001,47.6176],[-101.1818,47.6075],[-101.1653,47.5838],[-101.1698,47.572],[-101.1954,47.572],[-101.2137,47.5821],[-101.2247,47.6023],[-101.2202,47.6142]],[[-101.1991,47.5898],[-101.193,47.5984],[-101.1852,47.5984],[-101.1757,47.5898],[-101.1788,47.5855],[-101.1944,47.5855],[-101.1991,47.5898]]]}},{"type":"Feature","properties":{"c":"#00ff00","v0":0.002,"v1":0.003},"geometry":{"type":"Polygon","coordinates":[[[-101.1305,47.5517],[-101.122,47.5652],[-101.1008,47.5802],[-101.0669,47.5967],[-101.06,47.5828],[-101.08,47.5385],[-101.0981,47.5168],[-101.1144,47.5176],[-101.1256,47.5247],[-101.1317,47.5382],[-101.1305,47.5517]]]}},{"type":"Feature","properties":{"c":"#00ff00","v0":0.002,"v1":0.003},"geometry":{"type":"Polygon","coordinates":[[[-84.8863,47.5771],[-84.8621,47.5874],[-84.8397,47.584],[-84.8191,47.567],[-84.8241,47.5555],[-84.8547,47.5494],[-84.8771,47.5528],[-84.8913,47.5656],[-84.8863,47.5771]],[[-84.8759,47.5748],[-84.8586,47.5803],[-84.8464,47.577],[-84.8393,47.5646],[-84.8443,47.5576],[-84.8614,47.5557],[-84.8736,47.5591],[-84.8809,47.5677],[-84.8759,47.5748]]]}},{"type":"Feature","properties":{"c":"#00ff00","v0":0.002,"v1":0.003},"geometry":{"type":"Polygon","coordinates":[[[-110.2968,47.4719],[-110.2656,47.4879],[-110.235,47.4949],[-110.205,47.4931],[-110.1603,47.475],[-110.1008,47.4405],[-110.0941,47.403],[-110.1404,47.3624],[-110.1603,47.3285],[-110.1538,47.3014],[-110.1555,47.2816],[-110.1652,47.2692],[-110.1866,47.2658],[-110.2198,47.2715],[-110.2349,47.2878],[-110.232,47.315],[-110.2442,47.3387],[-110.2716,47.359],[-110.2635,47.3759],[-110.2198,47.3895],[-110.2035,47.4098],[-110.2146,47.4369],[-110.2276,47.4544],[-110.2425,47.4624],[-110.2656,47.4658],[-110.2968,47.4645],[-110.2968,47.4719]],[[-110.1773,47.457],[-110.1324,47.4433],[-110.106,47.4331],[-110.0979,47.4266],[-110.0979,47.4169],[-110.106,47.4041],[-110.125,47.3996],[-110.155,47.4036],[-110.1774,47.4202],[-110.1923,47.4494],[-110.1773,47.457]],[[-110.2236,47.3692],[-110.1913,47.3692],[-110.1839,47.3634],[-110.2013,47.352],[-110.2174,47.352],[-110.2323,47.3634],[-110.2236,47.3692]],[[-110.2112,47.3039],[-110.1971,47.3089],[-110.1874,47.3055],[-110.1823,47.2937],[-110.1873,47.2873],[-110.2024,47.2861],[-110.2121,47.2895],[-110.2162,47.2974],[-110.2112,47.3039]]]}},{"type":"Feature","properties":{"c":"#00ff00","v0":0.002,"v1":0.003},"geometry":{"type":"Polygon","coordinates":[[[-109.5499,47.4233],[-109.5193,47.4233],[-109.5105,47.4195],[-109.5235,47.4118],[-109.5388,47.4118],[-109.5564,47.4195],[-109.5499,47.4233]]]}},{"type":"Feature","properties":{"c":"#00ff00","v0":0.002,"v1":0.003},"geometry":{"type":"Polygon","coordinates":[[[-84.7,47.2264],[-84.6667,47.2392],[-84.648,47.2595],[-84.6439,47.2874],[-84.6272,47.315],[-84.5979,47.3421],[-84.5833,47.3726],[-84.5834,47.4064],[-84.5751,47.4241],[-84.5584,47.4256],[-84.5441,47.4154],[-84.5324,47.3936],[-84.508,47.3759],[-84.4708,47.3624],[-84.4466,47.3472],[-84.4355,47.3302],[-84.4043,47.3201],[-84.353,47.3167],[-84.328,47.3059],[-84.3293,47.2878],[-84.3468,47.2674],[-84.3803,47.2448],[-84.3991,47.2166],[-84.4031,47.1826],[-84.3875,47.1554],[-84.3524,47.135],[-84.3351,47.118],[-84.3358,47.1044],[-84.3546,47.0821],[-84.3915,47.051],[-84.435,47.0338],[-84.485,47.0304],[-84.54,47.0117],[-84.6,46.9776],[-84.6475,46.9744],[-84.6825,47.002],[-84.6791,47.0328],[-84.6372,47.0669],[-84.6073,47.1044],[-84.5895,47.1452],[-84.588,47.1717],[-84.6027,47.184],[-84.6366,47.1942],[-84.6898,47.2023],[-84.7165,47.2098],[-84.7166,47.2166],[-84.7,47.2264]],[[-84.6608,47.0296],[-84.6269,47.0572],[-84.595,47.0715],[-84.565,47.0725],[-84.5439,47.0791],[-84.5316,47.0914],[-84.5266,47.1097],[-84.5289,47.1339],[-84.5586,47.1645],[-84.6159,47.2015],[-84.639,47.2335],[-84.6279,47.2607],[-84.6093,47.2809],[-84.5831,47.2942],[-84.5393,47.2975],[-84.4779,47.2911],[-84.4418,47.2675],[-84.431,47.2267],[-84.4288,47.1962],[-84.4353,47.1758],[-84.4164,47.1565],[-84.3721,47.1383],[-84.3496,47.1213],[-84.3487,47.1055],[-84.3937,47.0823],[-84.4846,47.0517],[-84.545,47.0271],[-84.575,47.0084],[-84.6,46.9982],[-84.62,46.9963],[-84.6419,47.0005],[-84.6658,47.0107],[-84.6608,47.0296]]]}},{"type":"Feature","properties":{"c":"#00ff00","v0":0.002,"v1":0.003},"geometry":{"type":"Polygon","coordinates":[[[-112.5597,47.3304],[-112.5399,47.3343],[-112.5254,47.3309],[-112.5161,47.3203],[-112.5211,47.3106],[-112.5404,47.3017],[-112.5549,47.3051],[-112.5647,47.3207],[-112.5597,47.3304]]]}},{"type":"Feature","properties":{"c":"#00ff00","v0":0.002,"v1":0.003},"geometry":{"type":"Polygon","coordinates":[[[-112.6688,47.3033],[-112.6563,47.307],[-112.6371,47.3002],[-112.6114,47.2829],[-112.6014,47.2686],[-112.6071,47.2573],[-112.62,47.2514],[-112.64,47.2509],[-112.6563,47.2633],[-112.6688,47.2887],[-112.6688,47.3033]]]}},{"type":"Feature","properties":{"c":"#00ff00","v0":0.002,"v1":0.003},"geometry":{"type":"Polygon","coordinates":[[[-110.4479,47.2813],[-110.436,47.2952],[-110.418,47.302],[-110.394,47.3016],[-110.389,47.2935],[-110.403,47.2777],[-110.421,47.2709],[-110.4429,47.2732],[-110.4479,47.2813]]]}},{"type":"Feature","properties":{"c":"#00ff00","v0":0.002,"v1":0.003},"geometry":{"type":"Polygon","coordinates":[[[-97.9747,47.2816],[-97.9582,47.2962],[-97.943,47.2995],[-97.9291,47.2917],[-97.9291,47.2796],[-97.943,47.2631],[-97.9582,47.2597],[-97.9747,47.2694],[-97.9747,47.2816]]]}},{"type":"Feature","properties":{"c":"#00ff00","v0":0.002,"v1":0.003},"geometry":{"type":"Polygon","coordinates":[[[-105.5759,47.1973],[-105.572,47.2063],[-105.555,47.2131],[-105.525,47.2175],[-105.4994,47.2096],[-105.4783,47.1893],[-105.4733,47.1744],[-105.4844,47.1649],[-105.5,47.1601],[-105.52,47.1602],[-105.542,47.1684],[-105.5659,47.1846],[-105.5759,47.1973]]]}},{"type":"Feature","properties":{"c":"#00ff00","v0":0.002,"v1":0.003},"geometry":{"type":"Polygon","coordinates":[[[-112.7883,47.1848],[-112.7628,47.1961],[-112.7355,47.1961],[-112.7065,47.1848],[-112.7015,47.1729],[-112.7205,47.1605],[-112.7478,47.1605],[-112.7833,47.1729],[-112.7883,47.1848]]]}},{"type":"Feature","properties":{"c":"#00ff00","v0":0.002,"v1":0.003},"geometry":{"type":"Polygon","coordinates":[[[-111.3497,47.1738],[-111.3366,47.1901],[-111.3197,47.1969],[-111.2991,47.1942],[-111.2941,47.1845],[-111.3047,47.1679],[-111.3216,47.1611],[-111.3447,47.1641],[-111.3497,47.1738]]]}},{"type":"Feature","properties":{"c":"#00ff00","v0":0.002,"v1":0.003},"geometry":{"type":"Polygon","coordinates":[[[-110.4037,47.195],[-110.3812,47.1996],[-110.3537,47.1928],[-110.321,47.1747],[-110.311,47.1606],[-110.3237,47.1508],[-110.34,47.1461],[-110.36,47.1467],[-110.3812,47.1585],[-110.4037,47.1813],[-110.4037,47.195]]]}},{"type":"Feature","properties":{"c":"#00ff00","v0":0.002,"v1":0.003},"geometry":{"type":"Polygon","coordinates":[[[-112.8872,47.169],[-112.8757,47.1759],[-112.861,47.1759],[-112.843,47.169],[-112.843,47.1617],[-112.861,47.1539],[-112.8757,47.1539],[-112.8872,47.1617],[-112.8872,47.169]]]}},{"type":"Feature","properties":{"c":"#00ff00","v0":0.002,"v1":0.003},"geometry":{"type":"Polygon","coordinates":[[[-108.5667,47.1682],[-108.5556,47.1733],[-108.545,47.1685],[-108.535,47.1536],[-108.5406,47.1511],[-108.5617,47.1607],[-108.5667,47.1682]]]}},{"type":"Feature","properties":{"c":"#00ff00","v0":0.002,"v1":0.003},"geometry":{"type":"Polygon","coordinates":[[[-92.3604,47.152],[-92.3398,47.152],[-92.3346,47.1479],[-92.3449,47.1398],[-92.3552,47.1398],[-92.3656,47.1479],[-92.3604,47.152]]]}},{"type":"Feature","properties":{"c":"#00ff00","v0":0.002,"v1":0.003},"geometry":{"type":"Polygon","coordinates":[[[-91.6923,47.1187],[-91.6774,47.1337],[-91.6628,47.1337],[-91.6484,47.1187],[-91.6434,47.1037],[-91.6478,47.0886],[-91.66,47.0835],[-91.68,47.0883],[-91.6924,47.0958],[-91.6973,47.106],[-91.6923,47.1187]]]}},{"type":"Feature","properties":{"c":"#00ff00","v0":0.002,"v1":0.003},"geometry":{"type":"Polygon","coordinates":[[[-110.547,47.0614],[-110.5223,47.0982],[-110.494,47.1016],[-110.4621,47.0717],[-110.4438,47.0431],[-110.439,47.0158],[-110.46,47.0053],[-110.5067,47.0116],[-110.5373,47.0218],[-110.552,47.036],[-110.547,47.0614]],[[-110.5342,47.0489],[-110.5181,47.0607],[-110.4976,47.0607],[-110.4729,47.0489],[-110.4629,47.0388],[-110.4676,47.0302],[-110.48,47.0252],[-110.5,47.0238],[-110.5181,47.0281],[-110.5342,47.0381],[-110.5342,47.0489]]]}},{"type":"Feature","properties":{"c":"#00ff00","v0":0.002,"v1":0.003},"geometry":{"type":"Polygon","coordinates":[[[-100.7128,47.1128],[-100.6976,47.1161],[-100.6849,47.1127],[-100.6748,47.1026],[-100.6748,47.0954],[-100.6849,47.0911],[-100.6976,47.0945],[-100.7128,47.1056],[-100.7128,47.1128]]]}},{"type":"Feature","properties":{"c":"#00ff00","v0":0.002,"v1":0.003},"geometry":{"type":"Polygon","coordinates":[[[-113.4937,47.0869],[-113.4779,47.093],[-113.4642,47.093],[-113.4526,47.0869],[-113.4526,47.08],[-113.4642,47.0721],[-113.4779,47.0721],[-113.4937,47.08],[-113.4937,47.0869]]]}},{"type":"Feature","properties":{"c":"#00ff00","v0":0.002,"v1":0.003},"geometry":{"type":"Polygon","coordinates":[[[-92.4264,47.0862],[-92.4155,47.0906],[-92.405,47.0872],[-92.3949,47.0759],[-92.3949,47.0676],[-92.405,47.0623],[-92.4155,47.0657],[-92.4264,47.0778],[-92.4264,47.0862]]]}},{"type":"Feature","properties":{"c":"#00ff00","v0":0.002,"v1":0.003},"geometry":{"type":"Polygon","coordinates":[[[-92.6203,46.9316],[-92.5868,46.9544],[-92.55,46.9699],[-92.51,46.9784],[-92.4893,46.9943],[-92.4879,47.0177],[-92.4729,47.0308],[-92.4443,47.0336],[-92.42,47.0295],[-92.4,47.0185],[-92.36,47.01],[-92.3,47.0041],[-92.245,47.0109],[-92.195,47.0303],[-92.1565,47.0339],[-92.1296,47.0218],[-92.1292,47.0056],[-92.1552,46.9851],[-92.1687,46.9616],[-92.1696,46.9351],[-92.155,46.9199],[-92.125,46.9163],[-92.09,46.9191],[-92.05,46.9284],[-92.01,46.928],[-91.97,46.9181],[-91.9425,46.8841],[-91.9276,46.8262],[-91.9346,46.7869],[-91.9635,46.7663],[-91.986,46.7416],[-92.002,46.7125],[-92.035,46.6977],[-92.085,46.6971],[-92.13,46.6898],[-92.17,46.6759],[-92.2114,46.6908],[-92.2541,46.7343],[-92.2699,46.7698],[-92.2586,46.7972],[-92.2573,46.8168],[-92.2658,46.8287],[-92.32,46.8488],[-92.42,46.8772],[-92.485,46.8912],[-92.515,46.891],[-92.545,46.8837],[-92.575,46.8692],[-92.6018,46.8766],[-92.6253,46.9057],[-92.6203,46.9316]],[[-92.246,46.8553],[-92.2353,46.862],[-92.2065,46.8586],[-92.1596,46.845],[-92.1328,46.828],[-92.1262,46.8074],[-92.1276,46.7903],[-92.1369,46.7766],[-92.1536,46.767],[-92.1779,46.7614],[-92.2015,46.7614],[-92.2244,46.767],[-92.2398,46.7903],[-92.2474,46.8314],[-92.246,46.8553]],[[-92.0774,46.804],[-92.0692,46.8177],[-92.0563,46.8263],[-92.0388,46.8298],[-92.015,46.8286],[-91.985,46.8226],[-91.9665,46.814],[-91.9594,46.8028],[-91.9744,46.7891],[-92.0115,46.7729],[-92.0429,46.7729],[-92.0687,46.7891],[-92.0774,46.804]]]}},{"type":"Feature","properties":{"c":"#00ff00","v0":0.002,"v1":0.003},"geometry":{"type":"Polygon","coordinates":[[[-101.2355,46.9786],[-101.2185,46.9861],[-101.19,46.9865],[-101.15,46.9799],[-101.1251,46.9659],[-101.1153,46.9446],[-101.1353,46.9354],[-101.1851,46.9384],[-101.2185,46.9486],[-101.2355,46.9661],[-101.2355,46.9786]],[[-101.2162,46.9649],[-101.2121,46.9723],[-101.204,46.9723],[-101.1919,46.9649],[-101.1939,46.9612],[-101.2101,46.9612],[-101.2162,46.9649]]]}},{"type":"Feature","properties":{"c":"#00ff00","v0":0.002,"v1":0.003},"geometry":{"type":"Polygon","coordinates":[[[-112.2435,46.8314],[-112.2198,46.8451],[-112.2119,46.8656],[-112.2197,46.8929],[-112.2153,46.9184],[-112.1984,46.9419],[-112.185,46.9564],[-112.175,46.9617],[-112.155,46.962],[-112.125,46.9573],[-112.1,46.9611],[-112.08,46.9736],[-112.06,46.9797],[-112.04,46.9795],[-112.0294,46.9646],[-112.0283,46.935],[-112.0505,46.91],[-112.096,46.8895],[-112.1253,46.8724],[-112.1383,46.8587],[-112.1461,46.8384],[-112.1487,46.8113],[-112.155,46.7964],[-112.165,46.7936],[-112.18,46.8002],[-112.2,46.8161],[-112.2214,46.8242],[-112.2441,46.8244],[-112.2435,46.8314]],[[-112.0685,46.951],[-112.053,46.9578],[-112.0464,46.9556],[-112.0488,46.9443],[-112.0551,46.9375],[-112.0652,46.9351],[-112.0718,46.9373],[-112.0747,46.9441],[-112.0685,46.951]]]}},{"type":"Feature","properties":{"c":"#00ff00","v0":0.002,"v1":0.003},"geometry":{"type":"Polygon","coordinates":[[[-100.4317,46.8827],[-100.4138,46.8895],[-100.4061,46.8878],[-100.4087,46.8776],[-100.4177,46.8742],[-100.433,46.8776],[-100.4317,46.8827]]]}},{"type":"Feature","properties":{"c":"#00ff00","v0":0.002,"v1":0.003},"geometry":{"type":"Polygon","coordinates":[[[-112.7908,46.8587],[-112.7799,46.8724],[-112.7683,46.8793],[-112.7561,46.8795],[-112.7356,46.8692],[-112.7067,46.8486],[-112.7017,46.8322],[-112.7206,46.8203],[-112.7406,46.8169],[-112.7617,46.822],[-112.7782,46.8314],[-112.7902,46.8451],[-112.7908,46.8587]]]}},{"type":"Feature","properties":{"c":"#00ff00","v0":0.002,"v1":0.003},"geometry":{"type":"Polygon","coordinates":[[[-113.7996,46.8661],[-113.7799,46.8673],[-113.7671,46.8639],[-113.7612,46.8559],[-113.7662,46.8508],[-113.7821,46.8487],[-113.7949,46.8522],[-113.8046,46.8611],[-113.7996,46.8661]]]}},{"type":"Feature","properties":{"c":"#00ff00","v0":0.002,"v1":0.003},"geometry":{"type":"Polygon","coordinates":[[[-112.4374,46.8557],[-112.4325,46.8632],[-112.415,46.8625],[-112.385,46.8534],[-112.3665,46.8428],[-112.3596,46.8306],[-112.3646,46.8209],[-112.3815,46.8137],[-112.4025,46.8206],[-112.4274,46.8414],[-112.4374,46.8557]]]}},{"type":"Feature","properties":{"c":"#00ff00","v0":0.002,"v1":0.003},"geometry":{"type":"Polygon","coordinates":[[[-100.9826,46.8375],[-100.9342,46.8633],[-100.895,46.8734],[-100.865,46.8675],[-100.8434,46.858],[-100.8301,46.8448],[-100.8265,46.8314],[-100.8326,46.8177],[-100.8542,46.8077],[-100.8914,46.8015],[-100.9342,46.8049],[-100.9826,46.818],[-100.9826,46.8375]],[[-100.9325,46.8343],[-100.9175,46.8539],[-100.9,46.863],[-100.88,46.8617],[-100.8628,46.8553],[-100.8485,46.8439],[-100.8535,46.8309],[-100.8778,46.8164],[-100.9025,46.8129],[-100.9275,46.8207],[-100.9325,46.8343]]]}},{"type":"Feature","properties":{"c":"#00ff00","v0":0.002,"v1":0.003},"geometry":{"type":"Polygon","coordinates":[[[-107.7381,46.7634],[-107.7327,46.778],[-107.725,46.7856],[-107.715,46.786],[-107.7088,46.7787],[-107.7063,46.7636],[-107.714,46.7561],[-107.7319,46.7561],[-107.7381,46.7634]]]}},{"type":"Feature","properties":{"c":"#00ff00","v0":0.002,"v1":0.003},"geometry":{"type":"Polygon","coordinates":[[[-107.9477,46.7046],[-107.9442,46.7115],[-107.9321,46.7149],[-107.9114,46.7149],[-107.9033,46.7108],[-107.9078,46.7026],[-107.9199,46.6992],[-107.9396,46.7005],[-107.9477,46.7046]]]}},{"type":"Feature","properties":{"c":"#00ff00","v0":0.002,"v1":0.003},"geometry":{"type":"Polygon","coordinates":[[[-122.6886,46.6257],[-122.6823,46.6395],[-122.6534,46.6532],[-122.6019,46.6669],[-122.5771,46.6806],[-122.579,46.6944],[-122.5725,46.7028],[-122.5575,46.7061],[-122.5415,46.6923],[-122.5245,46.6617],[-122.4996,46.6395],[-122.467,46.6257],[-122.436,46.5948],[-122.4065,46.5467],[-122.4163,46.5186],[-122.4654,46.5106],[-122.5,46.4979],[-122.52,46.4806],[-122.535,46.4898],[-122.545,46.5254],[-122.575,46.5527],[-122.625,46.5715],[-122.6604,46.5904],[-122.6813,46.6094],[-122.6886,46.6257]],[[-122.6285,46.6379],[-122.6162,46.6485],[-122.6,46.6539],[-122.58,46.6539],[-122.5433,46.6418],[-122.49,46.6173],[-122.47,46.6018],[-122.4833,46.5951],[-122.505,46.5995],[-122.535,46.615],[-122.5712,46.6252],[-122.6135,46.6301],[-122.6285,46.6379]]]}},{"type":"Feature","properties":{"c":"#00ff00","v0":0.002,"v1":0.003},"geometry":{"type":"Polygon","coordinates":[[[-107.8404,46.6909],[-107.8367,46.6978],[-107.8246,46.7012],[-107.8042,46.7012],[-107.798,46.6972],[-107.806,46.6891],[-107.8181,46.6857],[-107.8342,46.6869],[-107.8404,46.6909]]]}},{"type":"Feature","properties":{"c":"#00ff00","v0":0.002,"v1":0.003},"geometry":{"type":"Polygon","coordinates":[[[-112.6457,46.5957],[-112.6352,46.6044],[-112.61,46.6113],[-112.57,46.6164],[-112.5435,46.612],[-112.5306,46.5983],[-112.5456,46.5847],[-112.5885,46.5713],[-112.6202,46.5713],[-112.6407,46.5847],[-112.6457,46.5957]]]}},{"type":"Feature","properties":{"c":"#00ff00","v0":0.002,"v1":0.003},"geometry":{"type":"Polygon","coordinates":[[[-110.1847,46.5019],[-110.1762,46.5157],[-110.1546,46.5295],[-110.1198,46.5432],[-110.0823,46.5364],[-110.0421,46.5088],[-110.02,46.4882],[-110.0161,46.4744],[-110.023,46.4583],[-110.041,46.4398],[-110.07,46.4329],[-110.11,46.4377],[-110.14,46.4438],[-110.16,46.4513],[-110.1747,46.4651],[-110.1842,46.4851],[-110.1847,46.5019]],[[-110.1602,46.5031],[-110.1267,46.5193],[-110.0919,46.5124],[-110.0558,46.4825],[-110.0458,46.4625],[-110.0619,46.4525],[-110.085,46.4477],[-110.115,46.4479],[-110.1394,46.4529],[-110.1583,46.4626],[-110.1701,46.4744],[-110.1747,46.4882],[-110.1602,46.5031]]]}},{"type":"Feature","properties":{"c":"#00ff00","v0":0.002,"v1":0.003},"geometry":{"type":"Polygon","coordinates":[[[-123.5475,45.4525],[-123.5415,45.4806],[-123.5164,45.5025],[-123.4721,45.5184],[-123.435,45.5259],[-123.405,45.5253],[-123.365,45.5138],[-123.315,45.4917],[-123.27,45.4836],[-123.23,45.4897],[-123.2,45.483],[-123.18,45.4638],[-123.1472,45.4572],[-123.1016,45.4635],[-123.0806,45.4806],[-123.0843,45.5086],[-123.0761,45.5332],[-123.0561,45.5542],[-123.0501,45.5857],[-123.0581,45.6277],[-123.0741,45.6545],[-123.098,45.6663],[-123.115,45.6844],[-123.125,45.7087],[-123.16,45.7233],[-123.22,45.7282],[-123.2707,45.7276],[-123.3121,45.7215],[-123.3385,45.7325],[-123.35,45.7604],[-123.3443,45.7861],[-123.3214,45.8095],[-123.29,45.8124],[-123.25,45.7945],[-123.222,45.8002],[-123.206,45.8295],[-123.1816,45.8545],[-123.1489,45.8754],[-123.1169,45.8866],[-123.0856,45.8881],[-123.0663,45.8951],[-123.0588,45.9075],[-123.0703,45.9415],[-123.1007,45.9971],[-123.1073,46.0353],[-123.0901,46.0561],[-123.0845,46.0839],[-123.0905,46.1186],[-123.1081,46.1497],[-123.1375,46.1774],[-123.1501,46.2121],[-123.1459,46.2536],[-123.1264,46.2881],[-123.0916,46.3158],[-123.087,46.333],[-123.1127,46.3399],[-123.126,46.3537],[-123.1269,46.3744],[-123.1406,46.3951],[-123.1671,46.4158],[-123.1778,46.4315],[-123.1726,46.442],[-123.155,46.4475],[-123.125,46.448],[-123.1001,46.4392],[-123.0804,46.4213],[-123.0607,46.3848],[-123.0412,46.3296],[-123.0363,46.2916],[-123.0459,46.2709],[-123.0355,46.2345],[-123.0052,46.1826],[-122.9881,46.1653],[-122.9842,46.1826],[-122.9742,46.1955],[-122.9581,46.2041],[-122.9373,46.2075],[-122.9119,46.2059],[-122.899,46.1982],[-122.8986,46.1844],[-122.8913,46.173],[-122.8771,46.164],[-122.835,46.1554],[-122.765,46.1471],[-122.7237,46.155],[-122.7111,46.1792],[-122.6961,46.1927],[-122.6787,46.1954],[-122.66,46.1833],[-122.64,46.1564],[-122.5835,46.1377],[-122.4905,46.1272],[-122.435,46.1324],[-122.4172,46.1532],[-122.4071,46.1809],[-122.4048,46.2155],[-122.3959,46.2397],[-122.3802,46.2536],[-122.3918,46.2661],[-122.4306,46.2772],[-122.465,46.2927],[-122.495,46.3125],[-122.5423,46.3277],[-122.6069,46.3381],[-122.6169,46.3438],[-122.5723,46.3447],[-122.5329,46.362],[-122.4987,46.3956],[-122.4576,46.4262],[-122.4096,46.4537],[-122.3852,46.4779],[-122.3845,46.4985],[-122.3657,46.5128],[-122.3286,46.5207],[-122.3002,46.5207],[-122.2805,46.5128],[-122.2503,46.4813],[-122.2095,46.4262],[-122.189,46.3779],[-122.1888,46.3365],[-122.1761,46.3089],[-122.1509,46.295],[-122.1413,46.2819],[-122.1471,46.2693],[-122.169,46.2521],[-122.207,46.23],[-122.222,46.1989],[-122.214,46.1587],[-122.18,46.1545],[-122.12,46.1863],[-122.06,46.2102],[-122.0,46.2263],[-121.955,46.2286],[-121.925,46.217],[-121.8878,46.2097],[-121.8435,46.2067],[-121.8169,46.1705],[-121.8079,46.1012],[-121.8201,46.0714],[-121.8534,46.0812],[-121.88,46.0841],[-121.9,46.08],[-121.93,46.0569],[-121.97,46.0146],[-122.01,45.9888],[-122.05,45.9794],[-122.09,45.9831],[-122.13,45.9999],[-122.165,46.0087],[-122.195,46.0097],[-122.2247,45.9861],[-122.2541,45.9378],[-122.2491,45.9037],[-122.2097,45.8837],[-122.1621,45.8733],[-122.1064,45.8724],[-122.087,45.8649],[-122.104,45.851],[-122.1269,45.8432],[-122.1556,45.8415],[-122.185,45.8314],[-122.215,45.8128],[-122.255,45.814],[-122.305,45.8349],[-122.36,45.8346],[-122.42,45.813],[-122.4468,45.7534],[-122.4405,45.6556],[-122.4005,45.6107],[-122.3268,45.6188],[-122.2771,45.6013],[-122.2512,45.5582],[-122.2501,45.5262],[-122.2737,45.5051],[-122.2912,45.4806],[-122.3027,45.4525],[-122.3288,45.4216],[-122.3696,45.3877],[-122.4,45.3675],[-122.42,45.361],[-122.445,45.3607],[-122.475,45.3666],[-122.495,45.3659],[-122.505,45.3584],[-122.511,45.344],[-122.513,45.3227],[-122.5214,45.305],[-122.5361,45.291],[-122.5351,45.2742],[-122.5184,45.2547],[-122.49,45.2493],[-122.45,45.258],[-122.4259,45.2572],[-122.4177,45.2469],[-122.4137,45.2346],[-122.4139,45.2206],[-122.4329,45.2065],[-122.4708,45.1924],[-122.4926,45.1783],[-122.4983,45.1642],[-122.4705,45.1395],[-122.4091,45.1042],[-122.4013,45.071],[-122.4471,45.0397],[-122.49,45.0239],[-122.53,45.0235],[-122.57,45.0135],[-122.61,44.994],[-122.635,44.9982],[-122.645,45.0262],[-122.6824,45.0341],[-122.7471,45.022],[-122.7797,45.0265],[-122.7803,45.0477],[-122.7613,45.076],[-122.7229,45.1113],[-122.708,45.1465],[-122.7168,45.1818],[-122.7142,45.2135],[-122.7003,45.2417],[-122.7026,45.2592],[-122.7209,45.2659],[-122.765,45.2686],[-122.835,45.2671],[-122.8751,45.2566],[-122.8853,45.2373],[-122.8858,45.2135],[-122.8766,45.1853],[-122.9228,45.143],[-123.0245,45.0866],[-123.0882,45.0583],[-123.1139,45.0583],[-123.1236,45.0724],[-123.1172,45.1007],[-123.133,45.1216],[-123.171,45.1352],[-123.2,45.1394],[-123.22,45.134],[-123.2542,45.1449],[-123.3027,45.1718],[-123.3277,45.1931],[-123.3292,45.2088],[-123.3092,45.2264],[-123.2677,45.246],[-123.2689,45.2663],[-123.3127,45.2874],[-123.3301,45.305],[-123.3211,45.3191],[-123.32,45.3323],[-123.3267,45.3447],[-123.34,45.3565],[-123.36,45.3676],[-123.38,45.3579],[-123.3999,45.3274],[-123.424,45.3085],[-123.4524,45.3015],[-123.4875,45.3332],[-123.5295,45.4034],[-123.5475,45.4525]],[[-122.2109,46.2783],[-122.197,46.2864],[-122.1847,46.2864],[-122.174,46.2783],[-122.181,46.2743],[-122.2055,46.2743],[-122.2109,46.2783]],[[-122.1802,46.0978],[-122.1621,46.1324],[-122.1323,46.1596],[-122.0908,46.1794],[-122.0637,46.1725],[-122.0511,46.1388],[-122.0629,46.1151],[-122.0993,46.1012],[-122.1071,46.0908],[-122.0866,46.0839],[-122.075,46.0735],[-122.0724,46.0596],[-122.0858,46.0507],[-122.1153,46.0466],[-122.1448,46.0536],[-122.1745,46.0715],[-122.1802,46.0978]],[[-122.3689,45.5507],[-122.3556,45.5507],[-122.3504,45.5472],[-122.3533,45.5402],[-122.3599,45.5402],[-122.3704,45.5472],[-122.3689,45.5507]],[[-122.4349,45.0873],[-122.4183,45.0889],[-122.41,45.0858],[-122.41,45.0779],[-122.4183,45.0772],[-122.4349,45.0834],[-122.4349,45.0873]],[[-123.373,45.4712],[-123.3577,45.4805],[-123.3431,45.4805],[-123.3294,45.4712],[-123.3294,45.4627],[-123.3431,45.4548],[-123.3577,45.4548],[-123.373,45.4627],[-123.373,45.4712]],[[-123.2606,45.4425],[-123.2535,45.4504],[-123.2455,45.4504],[-123.2365,45.4425],[-123.24,45.4385],[-123.2561,45.4385],[-123.2606,45.4425]],[[-123.1355,45.3823],[-123.1336,45.4104],[-123.127,45.4259],[-123.1157,45.4287],[-123.0893,45.4147],[-123.0479,45.3838],[-123.0329,45.3635],[-123.0443,45.354],[-123.06,45.349],[-123.08,45.3485],[-123.1016,45.3533],[-123.1248,45.3633],[-123.1355,45.3823]],[[-123.322,45.7923],[-123.314,45.8004],[-123.3058,45.8004],[-123.2975,45.7923],[-123.2975,45.785],[-123.3058,45.7785],[-123.314,45.7785],[-123.322,45.785],[-123.322,45.7923]],[[-123.1326,46.2086],[-123.1291,46.2432],[-123.118,46.2616],[-123.0993,46.264],[-123.0849,46.2467],[-123.0748,46.2098],[-123.0443,46.1567],[-122.9935,46.0873],[-122.9688,46.0353],[-122.9703,46.0006],[-122.9858,45.973],[-123.0153,45.9525],[-123.04,45.9482],[-123.06,45.96],[-123.078,45.9807],[-123.094,46.0102],[-123.0922,46.0388],[-123.0726,46.0665],[-123.0677,46.0978],[-123.0776,46.1324],[-123.0955,46.1601],[-123.1214,46.1809],[-123.1326,46.2086]],[[-123.1611,46.4307],[-123.1537,46.4396],[-123.1416,46.4431],[-123.1247,46.441],[-123.1097,46.4268],[-123.0966,46.4005],[-123.1087,46.3971],[-123.1461,46.4165],[-123.1611,46.4307]],[[-122.9043,45.7241],[-122.8814,45.7354],[-122.8591,45.7354],[-122.8372,45.7241],[-122.8372,45.7141],[-122.8591,45.7053],[-122.8814,45.7053],[-122.9043,45.7141],[-122.9043,45.7241]],[[-122.856,46.1149],[-122.8387,46.1284],[-122.82,46.1336],[-122.8,46.1303],[-122.7771,46.1167],[-122.7513,46.0925],[-122.7389,46.0735],[-122.74,46.0596],[-122.7479,46.0505],[-122.7626,46.0462],[-122.7937,46.0601],[-122.841,46.0921],[-122.856,46.1149]],[[-122.7251,45.0682],[-122.6884,45.0881],[-122.675,45.0856],[-122.685,45.0609],[-122.7,45.0468],[-122.72,45.0432],[-122.7334,45.0456],[-122.7401,45.0541],[-122.7251,45.0682]],[[-122.6566,46.0631],[-122.6228,46.0839],[-122.6048,46.0873],[-122.6027,46.0735],[-122.6087,46.0608],[-122.6229,46.0492],[-122.6409,46.0457],[-122.6626,46.0503],[-122.6566,46.0631]],[[-122.6075,45.9364],[-122.5825,45.9541],[-122.5606,45.9576],[-122.5419,45.9469],[-122.5419,45.9334],[-122.5606,45.9171],[-122.5825,45.9137],[-122.6075,45.9229],[-122.6075,45.9364]],[[-122.5599,46.0725],[-122.54,46.0843],[-122.51,46.0935],[-122.47,46.1001],[-122.438,46.0976],[-122.4141,46.0861],[-122.4041,46.0733],[-122.408,46.0589],[-122.425,46.0424],[-122.455,46.0236],[-122.495,46.0273],[-122.5449,46.0535],[-122.5599,46.0725]],[[-122.3863,46.4182],[-122.3754,46.4299],[-122.35,46.4397],[-122.31,46.4477],[-122.2813,46.4453],[-122.264,46.4326],[-122.279,46.4152],[-122.3263,46.3933],[-122.3604,46.3899],[-122.3813,46.4049],[-122.3863,46.4182]],[[-123.1665,45.8301],[-123.1444,45.858],[-123.1176,45.872],[-123.0859,45.8721],[-123.055,45.8842],[-123.025,45.9083],[-123.0028,45.9187],[-122.9884,45.9153],[-122.9786,45.9032],[-122.9734,45.8824],[-122.9806,45.8574],[-123.0002,45.8284],[-123.025,45.8156],[-123.055,45.8191],[-123.09,45.8151],[-123.13,45.8037],[-123.1569,45.8026],[-123.1706,45.8116],[-123.1665,45.8301]],[[-122.7892,45.3311],[-122.7764,45.3412],[-122.7642,45.3447],[-122.7526,45.3417],[-122.7526,45.3327],[-122.7642,45.3179],[-122.7764,45.3143],[-122.7892,45.3222],[-122.7892,45.3311]],[[-122.6607,45.3308],[-122.6402,45.3402],[-122.6146,45.3402],[-122.5837,45.3308],[-122.5837,45.3188],[-122.6146,45.3042],[-122.6402,45.3042],[-122.6607,45.3188],[-122.6607,45.3308]],[[-122.4796,45.9897],[-122.4732,46.0028],[-122.465,46.0084],[-122.455,46.0066],[-122.4415,45.9966],[-122.4246,45.9784],[-122.4246,45.9676],[-122.4415,45.9641],[-122.4582,45.9676],[-122.4746,45.978],[-122.4796,45.9897]],[[-122.3743,46.3581],[-122.3581,46.36],[-122.3499,46.3565],[-122.3498,46.3478],[-122.3579,46.3468],[-122.3742,46.3537],[-122.3743,46.3581]],[[-123.0193,45.6207],[-123.0143,45.6766],[-122.9964,45.7034],[-122.9655,45.701],[-122.9449,45.6731],[-122.9346,45.6195],[-122.9392,45.5822],[-122.9589,45.5612],[-122.9588,45.5437],[-122.9391,45.5297],[-122.9294,45.5086],[-122.9298,45.4806],[-122.9498,45.4771],[-122.9895,45.4981],[-123.0048,45.5192],[-122.9959,45.5402],[-122.999,45.5612],[-123.0141,45.5822],[-123.0193,45.6207]],[[-122.3802,46.211],[-122.3734,46.2227],[-122.36,46.2293],[-122.34,46.2308],[-122.3131,46.2215],[-122.2792,46.2014],[-122.2792,46.1849],[-122.3131,46.1721],[-122.3434,46.1756],[-122.3702,46.1953],[-122.3802,46.211]],[[-123.2312,45.21],[-123.2006,45.2311],[-123.1815,45.2527],[-123.1738,45.2748],[-123.135,45.2806],[-123.065,45.27],[-123.012,45.2695],[-122.9761,45.2791],[-122.9511,45.2923],[-122.937,45.309],[-122.9249,45.316],[-122.9148,45.3134],[-122.9148,45.2917],[-122.9249,45.251],[-122.945,45.2284],[-122.975,45.224],[-123.0,45.2141],[-123.02,45.1988],[-123.05,45.1927],[-123.09,45.1959],[-123.13,45.1929],[-123.17,45.1838],[-123.2041,45.1843],[-123.2324,45.1944],[-123.2312,45.21]],[[-122.3341,46.1311],[-122.318,46.1493],[-122.295,46.1549],[-122.265,46.1478],[-122.2424,46.1352],[-122.2271,46.1172],[-122.2271,46.1032],[-122.2424,46.0934],[-122.265,46.0884],[-122.295,46.0881],[-122.318,46.0965],[-122.3341,46.1135],[-122.3341,46.1311]],[[-123.0909,45.1464],[-123.077,45.1533],[-123.0604,45.1533],[-123.0412,45.1464],[-123.0412,45.1376],[-123.0604,45.1269],[-123.077,45.1269],[-123.0909,45.1376],[-123.0909,45.1464]]]}},{"type":"Feature","properties":{"c":"#00ff00","v0":0.002,"v1":0.003},"geometry":{"type":"Polygon","coordinates":[[[-71.8873,46.4714],[-71.8758,46.4791],[-71.8673,46.4791],[-71.8618,46.4714],[-71.8676,46.4675],[-71.8846,46.4675],[-71.8873,46.4714]]]}},{"type":"Feature","properties":{"c":"#00ff00","v0":0.002,"v1":0.003},"geometry":{"type":"Polygon","coordinates":[[[-110.0787,46.3944],[-110.0596,46.4135],[-110.0344,46.417],[-110.0031,46.4047],[-109.9828,46.3917],[-109.9732,46.3779],[-109.9789,46.3653],[-109.9996,46.3539],[-110.0296,46.3573],[-110.0687,46.3756],[-110.0787,46.3944]],[[-110.0558,46.389],[-110.0386,46.3974],[-110.0199,46.394],[-109.9998,46.3787],[-110.0084,46.3744],[-110.0457,46.3813],[-110.0558,46.389]]]}},{"type":"Feature","properties":{"c":"#00ff00","v0":0.002,"v1":0.003},"geometry":{"type":"Polygon","coordinates":[[[-65.7353,46.2148],[-65.7184,46.2341],[-65.7,46.2472],[-65.68,46.254],[-65.6663,46.2548],[-65.659,46.2494],[-65.664,46.2342],[-65.6813,46.2092],[-65.7034,46.1988],[-65.7303,46.203],[-65.7353,46.2148]],[[-65.7046,46.2224],[-65.6888,46.2294],[-65.6831,46.2277],[-65.6877,46.2176],[-65.6956,46.2141],[-65.7068,46.2174],[-65.7046,46.2224]]]}},{"type":"Feature","properties":{"c":"#00ff00","v0":0.002,"v1":0.003},"geometry":{"type":"Polygon","coordinates":[[[-65.8534,46.1393],[-65.8369,46.1463],[-65.829,46.145],[-65.8297,46.1356],[-65.8379,46.1321],[-65.8538,46.1346],[-65.8534,46.1393]]]}},{"type":"Feature","properties":{"c":"#00ff00","v0":0.002,"v1":0.003},"geometry":{"type":"Polygon","coordinates":[[[-71.732,46.0907],[-71.7173,46.1112],[-71.7028,46.1216],[-71.6883,46.1219],[-71.6791,46.1082],[-71.6751,46.0804],[-71.6823,46.0639],[-71.7008,46.0587],[-71.7173,46.0622],[-71.732,46.0743],[-71.732,46.0907]],[[-71.7142,46.0839],[-71.7083,46.0908],[-71.7025,46.0908],[-71.6969,46.0839],[-71.6999,46.0804],[-71.7115,46.0804],[-71.7142,46.0839]]]}},{"type":"Feature","properties":{"c":"#00ff00","v0":0.002,"v1":0.003},"geometry":{"type":"Polygon","coordinates":[[[-73.9783,45.9515],[-73.9594,45.9714],[-73.9383,45.9784],[-73.9149,45.9723],[-73.9099,45.9567],[-73.9233,45.9314],[-73.94,45.918],[-73.96,45.9166],[-73.9744,45.9223],[-73.9833,45.9351],[-73.9783,45.9515]],[[-73.9676,45.9485],[-73.9582,45.9624],[-73.9474,45.9693],[-73.935,45.9693],[-73.9291,45.96],[-73.9297,45.9413],[-73.935,45.9303],[-73.945,45.9269],[-73.9556,45.9293],[-73.9668,45.9374],[-73.9676,45.9485]]]}},{"type":"Feature","properties":{"c":"#00ff00","v0":0.002,"v1":0.003},"geometry":{"type":"Polygon","coordinates":[[[-73.7522,45.9605],[-73.7374,45.9706],[-73.7221,45.9706],[-73.7063,45.9605],[-73.7063,45.9513],[-73.7221,45.9431],[-73.7374,45.9431],[-73.7522,45.9513],[-73.7522,45.9605]]]}},{"type":"Feature","properties":{"c":"#00ff00","v0":0.002,"v1":0.003},"geometry":{"type":"Polygon","coordinates":[[[-98.4321,45.893],[-98.4174,45.9353],[-98.4,45.9418],[-98.38,45.9125],[-98.36,45.9011],[-98.34,45.9077],[-98.322,45.9082],[-98.3059,45.9026],[-98.2994,45.8928],[-98.3026,45.8789],[-98.3207,45.8646],[-98.3536,45.85],[-98.387,45.8465],[-98.4211,45.8542],[-98.4385,45.8615],[-98.4391,45.8684],[-98.4321,45.893]]]}},{"type":"Feature","properties":{"c":"#00ff00","v0":0.002,"v1":0.003},"geometry":{"type":"Polygon","coordinates":[[[-80.6874,45.9224],[-80.6491,45.9399],[-80.6255,45.9469],[-80.6164,45.9433],[-80.6027,45.9276],[-80.5843,45.8998],[-80.5788,45.8798],[-80.5863,45.8676],[-80.615,45.8684],[-80.665,45.8821],[-80.6941,45.8951],[-80.7024,45.9075],[-80.6874,45.9224]]]}},{"type":"Feature","properties":{"c":"#00ff00","v0":0.002,"v1":0.003},"geometry":{"type":"Polygon","coordinates":[[[-122.0667,45.8963],[-122.0576,45.9172],[-122.0473,45.9273],[-122.0358,45.9267],[-122.0257,45.9128],[-122.0172,45.8855],[-121.9972,45.8695],[-121.9657,45.8648],[-121.9499,45.8544],[-121.9497,45.8382],[-121.9597,45.8247],[-121.9799,45.8139],[-121.999,45.8104],[-122.0169,45.8143],[-122.0372,45.8336],[-122.0599,45.8684],[-122.0667,45.8963]]]}},{"type":"Feature","properties":{"c":"#00ff00","v0":0.002,"v1":0.003},"geometry":{"type":"Polygon","coordinates":[[[-98.8869,45.8711],[-98.8623,45.8974],[-98.84,45.912],[-98.82,45.9151],[-98.8024,45.9055],[-98.7871,45.8831],[-98.7557,45.8649],[-98.7082,45.851],[-98.7059,45.8374],[-98.7486,45.824],[-98.7927,45.8205],[-98.8381,45.8269],[-98.8705,45.8371],[-98.8896,45.851],[-98.8869,45.8711]]]}},{"type":"Feature","properties":{"c":"#00ff00","v0":0.002,"v1":0.003},"geometry":{"type":"Polygon","coordinates":[[[-96.6205,45.8988],[-96.6002,45.8968],[-96.5895,45.8899],[-96.5886,45.8779],[-96.5988,45.8789],[-96.6201,45.8928],[-96.6205,45.8988]]]}},{"type":"Feature","properties":{"c":"#00ff00","v0":0.002,"v1":0.003},"geometry":{"type":"Polygon","coordinates":[[[-121.847,45.868],[-121.8357,45.8879],[-121.825,45.8965],[-121.815,45.8936],[-121.8129,45.8837],[-121.8188,45.8665],[-121.8295,45.858],[-121.845,45.858],[-121.847,45.868]]]}},{"type":"Feature","properties":{"c":"#00ff00","v0":0.002,"v1":0.003},"geometry":{"type":"Polygon","coordinates":[[[-80.7025,45.8237],[-80.6408,45.8388],[-80.59,45.8419],[-80.55,45.8331],[-80.505,45.8377],[-80.455,45.8557],[-80.405,45.8469],[-80.355,45.8116],[-80.295,45.7946],[-80.225,45.7962],[-80.1737,45.7739],[-80.1412,45.7277],[-80.1312,45.6993],[-80.1437,45.6887],[-80.2035,45.6747],[-80.3105,45.6573],[-80.3705,45.6381],[-80.3835,45.617],[-80.42,45.6088],[-80.48,45.6135],[-80.5111,45.5996],[-80.5132,45.567],[-80.5232,45.5471],[-80.5411,45.5399],[-80.5779,45.561],[-80.6336,45.6101],[-80.6622,45.6486],[-80.6637,45.6766],[-80.6804,45.701],[-80.7123,45.722],[-80.7239,45.7429],[-80.7153,45.7639],[-80.7165,45.7848],[-80.7277,45.8057],[-80.7025,45.8237]],[[-80.4292,45.7134],[-80.3897,45.7311],[-80.36,45.7282],[-80.34,45.7046],[-80.32,45.6969],[-80.3,45.7049],[-80.2834,45.7043],[-80.2702,45.6952],[-80.2702,45.687],[-80.2834,45.68],[-80.315,45.6844],[-80.365,45.7004],[-80.4,45.7044],[-80.42,45.6965],[-80.4347,45.6956],[-80.4442,45.7015],[-80.4292,45.7134]],[[-80.6871,45.7343],[-80.6757,45.7379],[-80.6426,45.7309],[-80.5879,45.7133],[-80.5529,45.696],[-80.5376,45.6789],[-80.5707,45.6859],[-80.6521,45.717],[-80.6871,45.7343]],[[-80.5849,45.782],[-80.575,45.7975],[-80.545,45.81],[-80.495,45.8195],[-80.4466,45.8153],[-80.3998,45.7973],[-80.3798,45.7819],[-80.3866,45.7691],[-80.415,45.7552],[-80.465,45.7402],[-80.505,45.7335],[-80.535,45.7352],[-80.56,45.7456],[-80.5799,45.7648],[-80.5849,45.782]],[[-80.5663,45.5685],[-80.5554,45.5762],[-80.5472,45.5762],[-80.5416,45.5685],[-80.5416,45.562],[-80.5472,45.5565],[-80.5554,45.5565],[-80.5663,45.562],[-80.5663,45.5685]]]}},{"type":"Feature","properties":{"c":"#00ff00","v0":0.002,"v1":0.003},"geometry":{"type":"Polygon","coordinates":[[[-123.6361,45.8092],[-123.6314,45.8231],[-123.6193,45.8352],[-123.5998,45.8453],[-123.575,45.8388],[-123.545,45.8158],[-123.5143,45.8143],[-123.4828,45.8341],[-123.4578,45.8448],[-123.4393,45.8462],[-123.4234,45.8357],[-123.4103,45.8134],[-123.4233,45.7918],[-123.4626,45.7708],[-123.4787,45.7534],[-123.4716,45.7394],[-123.4735,45.7291],[-123.4845,45.7225],[-123.505,45.7229],[-123.535,45.7303],[-123.565,45.7315],[-123.595,45.7263],[-123.6171,45.7434],[-123.6313,45.7826],[-123.6361,45.8092]]]}},{"type":"Feature","properties":{"c":"#00ff00","v0":0.002,"v1":0.003},"geometry":{"type":"Polygon","coordinates":[[[-98.6535,45.834],[-98.5978,45.8418],[-98.5646,45.8384],[-98.5539,45.8236],[-98.5589,45.8083],[-98.5796,45.7925],[-98.6128,45.796],[-98.6585,45.8187],[-98.6535,45.834]]]}},{"type":"Feature","properties":{"c":"#00ff00","v0":0.002,"v1":0.003},"geometry":{"type":"Polygon","coordinates":[[[-96.7013,45.7513],[-96.6938,45.7609],[-96.6837,45.7644],[-96.6712,45.7617],[-96.6662,45.7563],[-96.6687,45.748],[-96.6788,45.7445],[-96.6963,45.7458],[-96.7013,45.7513]]]}},{"type":"Feature","properties":{"c":"#00ff00","v0":0.002,"v1":0.003},"geometry":{"type":"Polygon","coordinates":[[[-75.6363,45.7163],[-75.6321,45.7397],[-75.625,45.7541],[-75.615,45.7594],[-75.6,45.759],[-75.58,45.7528],[-75.5705,45.7349],[-75.5714,45.7053],[-75.5885,45.6941],[-75.6217,45.701],[-75.6363,45.7163]]]}},{"type":"Feature","properties":{"c":"#00ff00","v0":0.002,"v1":0.003},"geometry":{"type":"Polygon","coordinates":[[[-75.3697,45.752],[-75.3566,45.763],[-75.3451,45.763],[-75.3354,45.752],[-75.3354,45.7423],[-75.3451,45.734],[-75.3566,45.734],[-75.3697,45.7423],[-75.3697,45.752]]]}},{"type":"Feature","properties":{"c":"#00ff00","v0":0.002,"v1":0.003},"geometry":{"type":"Polygon","coordinates":[[[-96.8626,45.7366],[-96.8542,45.7449],[-96.84,45.7469],[-96.82,45.7425],[-96.8032,45.7279],[-96.7895,45.703],[-96.7995,45.693],[-96.8332,45.698],[-96.8542,45.7085],[-96.8626,45.7245],[-96.8626,45.7366]]]}},{"type":"Feature","properties":{"c":"#00ff00","v0":0.002,"v1":0.003},"geometry":{"type":"Polygon","coordinates":[[[-73.9375,45.7385],[-73.9192,45.7507],[-73.88,45.7501],[-73.82,45.7368],[-73.775,45.7192],[-73.745,45.6972],[-73.7266,45.6768],[-73.7197,45.658],[-73.7547,45.6481],[-73.8316,45.6469],[-73.8892,45.6679],[-73.9275,45.7109],[-73.9375,45.7385]],[[-73.9138,45.7234],[-73.8979,45.7331],[-73.87,45.735],[-73.83,45.7289],[-73.7994,45.717],[-73.7782,45.6994],[-73.7673,45.6836],[-73.7667,45.6696],[-73.7873,45.6599],[-73.8291,45.6545],[-73.8679,45.6685],[-73.9038,45.7018],[-73.9138,45.7234]]]}},{"type":"Feature","properties":{"c":"#00ff00","v0":0.002,"v1":0.003},"geometry":{"type":"Polygon","coordinates":[[[-121.882,45.7325],[-121.8675,45.7325],[-121.8627,45.7293],[-121.8676,45.7231],[-121.8748,45.7231],[-121.8845,45.7293],[-121.882,45.7325]]]}},{"type":"Feature","properties":{"c":"#00ff00","v0":0.002,"v1":0.003},"geometry":{"type":"Polygon","coordinates":[[[-99.0687,45.6451],[-99.0576,45.6661],[-99.0239,45.6836],[-98.9676,45.6976],[-98.9487,45.6906],[-98.9671,45.6626],[-98.9998,45.6408],[-99.0466,45.6252],[-99.0711,45.6217],[-99.0732,45.6303],[-99.0687,45.6451]],[[-99.0275,45.6626],[-99.0049,45.6626],[-99.0027,45.6589],[-99.0209,45.6514],[-99.0322,45.6514],[-99.0366,45.6589],[-99.0275,45.6626]]]}},{"type":"Feature","properties":{"c":"#00ff00","v0":0.002,"v1":0.003},"geometry":{"type":"Polygon","coordinates":[[[-98.7724,45.6943],[-98.7575,45.7017],[-98.7454,45.7017],[-98.7363,45.6943],[-98.7363,45.6851],[-98.7454,45.6742],[-98.7575,45.6742],[-98.7724,45.6851],[-98.7724,45.6943]]]}},{"type":"Feature","properties":{"c":"#00ff00","v0":0.002,"v1":0.003},"geometry":{"type":"Polygon","coordinates":[[[-121.7658,45.6486],[-121.7553,45.6765],[-121.7338,45.6905],[-121.7015,45.6905],[-121.6857,45.6731],[-121.6864,45.6381],[-121.6925,45.614],[-121.7042,45.6008],[-121.7211,45.5938],[-121.7434,45.593],[-121.7586,45.6032],[-121.7669,45.6242],[-121.7658,45.6486]],[[-121.7377,45.6267],[-121.7326,45.6389],[-121.725,45.6439],[-121.715,45.6417],[-121.71,45.6353],[-121.71,45.6246],[-121.7176,45.6196],[-121.7327,45.6203],[-121.7377,45.6267]]]}},{"type":"Feature","properties":{"c":"#00ff00","v0":0.002,"v1":0.003},"geometry":{"type":"Polygon","coordinates":[[[-98.1623,45.5825],[-98.1408,45.5902],[-98.1248,45.5902],[-98.1145,45.5825],[-98.1195,45.5751],[-98.1398,45.5679],[-98.1558,45.5679],[-98.1673,45.5751],[-98.1623,45.5825]]]}},{"type":"Feature","properties":{"c":"#00ff00","v0":0.002,"v1":0.003},"geometry":{"type":"Polygon","coordinates":[[[-123.1899,45.5693],[-123.1766,45.5786],[-123.1644,45.5751],[-123.1533,45.5588],[-123.1599,45.5542],[-123.1843,45.5612],[-123.1899,45.5693]]]}},{"type":"Feature","properties":{"c":"#00ff00","v0":0.002,"v1":0.003},"geometry":{"type":"Polygon","coordinates":[[[-75.5626,45.5546],[-75.5542,45.5624],[-75.5426,45.5624],[-75.5277,45.5546],[-75.5277,45.5477],[-75.5426,45.5418],[-75.5542,45.5418],[-75.5626,45.5477],[-75.5626,45.5546]]]}},{"type":"Feature","properties":{"c":"#00ff00","v0":0.002,"v1":0.003},"geometry":{"type":"Polygon","coordinates":[[[-63.6156,45.5671],[-63.5985,45.5721],[-63.5865,45.5686],[-63.5794,45.5566],[-63.5844,45.5482],[-63.6015,45.5433],[-63.6135,45.5468],[-63.6206,45.5587],[-63.6156,45.5671]]]}},{"type":"Feature","properties":{"c":"#00ff00","v0":0.002,"v1":0.003},"geometry":{"type":"Polygon","coordinates":[[[-99.0293,45.5423],[-99.0164,45.5535],[-99.0045,45.557],[-98.9934,45.5528],[-98.9934,45.5443],[-99.0045,45.5314],[-99.0164,45.5279],[-99.0293,45.5338],[-99.0293,45.5423]]]}},{"type":"Feature","properties":{"c":"#00ff00","v0":0.002,"v1":0.003},"geometry":{"type":"Polygon","coordinates":[[[-98.0281,45.4888],[-97.976,45.5331],[-97.9298,45.5436],[-97.8893,45.5203],[-97.8743,45.5032],[-97.8848,45.4923],[-97.915,45.4797],[-97.965,45.4653],[-98.006,45.4603],[-98.0381,45.4645],[-98.0281,45.4888]],[[-98.0061,45.4944],[-97.9687,45.522],[-97.9422,45.5325],[-97.9265,45.5259],[-97.9174,45.5192],[-97.9151,45.5121],[-97.9278,45.5051],[-97.9556,45.4981],[-97.9746,45.4883],[-97.9849,45.4756],[-97.9987,45.4721],[-98.0161,45.4778],[-98.0061,45.4944]]]}},{"type":"Feature","properties":{"c":"#00ff00","v0":0.002,"v1":0.003},"geometry":{"type":"Polygon","coordinates":[[[-75.4523,45.5404],[-75.4508,45.5479],[-75.445,45.5508],[-75.435,45.549],[-75.4293,45.5418],[-75.428,45.529],[-75.4338,45.5262],[-75.4466,45.5332],[-75.4523,45.5404]]]}},{"type":"Feature","properties":{"c":"#00ff00","v0":0.002,"v1":0.003},"geometry":{"type":"Polygon","coordinates":[[[-99.6946,45.4714],[-99.6782,45.481],[-99.6619,45.481],[-99.6456,45.4714],[-99.6456,45.4568],[-99.6619,45.4372],[-99.675,45.4278],[-99.685,45.4286],[-99.6932,45.4384],[-99.6996,45.4572],[-99.6946,45.4714]]]}},{"type":"Feature","properties":{"c":"#00ff00","v0":0.002,"v1":0.003},"geometry":{"type":"Polygon","coordinates":[[[-98.799,45.483],[-98.7663,45.4877],[-98.7435,45.4877],[-98.7304,45.483],[-98.7225,45.4736],[-98.7198,45.4596],[-98.7263,45.4489],[-98.7421,45.4416],[-98.7663,45.4486],[-98.799,45.4699],[-98.799,45.483]]]}},{"type":"Feature","properties":{"c":"#00ff00","v0":0.002,"v1":0.003},"geometry":{"type":"Polygon","coordinates":[[[-75.8011,45.4832],[-75.767,45.4883],[-75.735,45.4743],[-75.705,45.441],[-75.695,45.4214],[-75.705,45.4154],[-75.7287,45.4189],[-75.7662,45.432],[-75.7933,45.449],[-75.8099,45.4701],[-75.8011,45.4832]]]}},{"type":"Feature","properties":{"c":"#00ff00","v0":0.002,"v1":0.003},"geometry":{"type":"Polygon","coordinates":[[[-98.3836,45.435],[-98.3656,45.4561],[-98.3499,45.4669],[-98.3366,45.4676],[-98.3172,45.4501],[-98.2915,45.4143],[-98.2965,45.3927],[-98.3322,45.3854],[-98.3607,45.3924],[-98.382,45.4138],[-98.3836,45.435]],[[-98.3688,45.4186],[-98.3563,45.435],[-98.3361,45.435],[-98.3083,45.4186],[-98.3033,45.4043],[-98.3211,45.392],[-98.3413,45.392],[-98.3638,45.4043],[-98.3688,45.4186]]]}},{"type":"Feature","properties":{"c":"#00ff00","v0":0.002,"v1":0.003},"geometry":{"type":"Polygon","coordinates":[[[-96.5284,45.4564],[-96.5161,45.464],[-96.5047,45.464],[-96.4941,45.4564],[-96.4941,45.4476],[-96.5047,45.4378],[-96.5161,45.4378],[-96.5284,45.4476],[-96.5284,45.4564]]]}},{"type":"Feature","properties":{"c":"#00ff00","v0":0.002,"v1":0.003},"geometry":{"type":"Polygon","coordinates":[[[-81.8001,45.4455],[-81.7906,45.4596],[-81.7769,45.4687],[-81.759,45.4729],[-81.7408,45.4658],[-81.7224,45.4476],[-81.7224,45.4307],[-81.7408,45.4151],[-81.76,45.4089],[-81.78,45.4121],[-81.7937,45.4199],[-81.8011,45.4323],[-81.8001,45.4455]],[[-81.7834,45.4455],[-81.7611,45.4595],[-81.743,45.4595],[-81.729,45.4455],[-81.729,45.4325],[-81.743,45.4204],[-81.7611,45.4204],[-81.7834,45.4325],[-81.7834,45.4455]]]}},{"type":"Feature","properties":{"c":"#00ff00","v0":0.002,"v1":0.003},"geometry":{"type":"Polygon","coordinates":[[[-121.7357,45.4443],[-121.7186,45.4559],[-121.7019,45.4559],[-121.6856,45.4443],[-121.6856,45.4311],[-121.7019,45.4162],[-121.7186,45.4162],[-121.7357,45.4311],[-121.7357,45.4443]],[[-121.7255,45.4415],[-121.7152,45.4476],[-121.7062,45.4476],[-121.6985,45.4415],[-121.6985,45.4343],[-121.7062,45.4259],[-121.7152,45.4259],[-121.7255,45.4343],[-121.7255,45.4415]]]}},{"type":"Feature","properties":{"c":"#00ff00","v0":0.002,"v1":0.003},"geometry":{"type":"Polygon","coordinates":[[[-99.221,45.4175],[-99.1938,45.4315],[-99.1677,45.4375],[-99.1426,45.4354],[-99.11,45.4192],[-99.07,45.3888],[-99.0499,45.3652],[-99.0497,45.3485],[-99.0697,45.3404],[-99.1099,45.341],[-99.145,45.3581],[-99.175,45.3919],[-99.2012,45.4092],[-99.2235,45.41],[-99.221,45.4175]],[[-99.1558,45.4133],[-99.1386,45.4191],[-99.1207,45.405],[-99.1021,45.3712],[-99.1021,45.3551],[-99.1207,45.3568],[-99.1386,45.3708],[-99.1558,45.3972],[-99.1558,45.4133]]]}},{"type":"Feature","properties":{"c":"#00ff00","v0":0.002,"v1":0.003},"geometry":{"type":"Polygon","coordinates":[[[-76.1419,45.2412],[-76.094,45.2966],[-76.035,45.3324],[-75.965,45.3487],[-75.9337,45.3703],[-75.9412,45.397],[-75.9212,45.4126],[-75.8737,45.4168],[-75.8616,45.3923],[-75.8848,45.3388],[-75.9298,45.2813],[-75.9966,45.2198],[-76.0453,45.1811],[-76.0758,45.1651],[-76.0905,45.1465],[-76.0894,45.1254],[-76.0991,45.1198],[-76.1197,45.1298],[-76.1315,45.1475],[-76.1346,45.1727],[-76.1436,45.1924],[-76.1584,45.2065],[-76.1419,45.2412]],[[-75.8901,45.3964],[-75.876,45.3964],[-75.8742,45.392],[-75.8847,45.3831],[-75.8918,45.3831],[-75.8953,45.392],[-75.8901,45.3964]],[[-76.1058,45.2487],[-76.0716,45.291],[-76.0283,45.3178],[-75.9761,45.3293],[-75.9405,45.3328],[-75.9215,45.3283],[-75.9265,45.3101],[-75.9555,45.278],[-75.98,45.2601],[-76.0,45.2564],[-76.015,45.245],[-76.025,45.226],[-76.035,45.2143],[-76.045,45.2099],[-76.0682,45.2127],[-76.1047,45.2226],[-76.1058,45.2487]]]}},{"type":"Feature","properties":{"c":"#00ff00","v0":0.002,"v1":0.003},"geometry":{"type":"Polygon","coordinates":[[[-99.3904,45.3992],[-99.3768,45.4049],[-99.3672,45.4049],[-99.3615,45.3992],[-99.3615,45.3923],[-99.3672,45.3842],[-99.3768,45.3842],[-99.3904,45.3923],[-99.3904,45.3992]]]}},{"type":"Feature","properties":{"c":"#00ff00","v0":0.002,"v1":0.003},"geometry":{"type":"Polygon","coordinates":[[[-99.6196,45.3301],[-99.5865,45.3662],[-99.56,45.3841],[-99.54,45.3839],[-99.5281,45.3764],[-99.5242,45.3616],[-99.5342,45.3381],[-99.5581,45.3058],[-99.5865,45.2953],[-99.6196,45.3065],[-99.6196,45.3301]]]}},{"type":"Feature","properties":{"c":"#00ff00","v0":0.002,"v1":0.003},"geometry":{"type":"Polygon","coordinates":[[[-100.1435,45.3139],[-100.1345,45.3177],[-100.1191,45.3142],[-100.0972,45.3034],[-100.1016,45.3015],[-100.1325,45.3085],[-100.1435,45.3139]]]}},{"type":"Feature","properties":{"c":"#00ff00","v0":0.002,"v1":0.003},"geometry":{"type":"Polygon","coordinates":[[[-79.8319,45.3017],[-79.8173,45.309],[-79.8063,45.3055],[-79.7988,45.2911],[-79.8061,45.2874],[-79.8282,45.2945],[-79.8319,45.3017]]]}},{"type":"Feature","properties":{"c":"#00ff00","v0":0.002,"v1":0.003},"geometry":{"type":"Polygon","coordinates":[[[-79.6978,45.3011],[-79.6926,45.3073],[-79.6819,45.3073],[-79.6657,45.3011],[-79.6607,45.2949],[-79.6669,45.2886],[-79.6776,45.2886],[-79.6928,45.2949],[-79.6978,45.3011]]]}},{"type":"Feature","properties":{"c":"#00ff00","v0":0.002,"v1":0.003},"geometry":{"type":"Polygon","coordinates":[[[-122.3476,45.2029],[-122.3469,45.21],[-122.3208,45.2206],[-122.2694,45.2346],[-122.2369,45.2522],[-122.2232,45.2734],[-122.2098,45.2853],[-122.1966,45.2881],[-122.1838,45.2846],[-122.1713,45.2748],[-122.1692,45.2593],[-122.1774,45.2382],[-122.1656,45.217],[-122.1338,45.1959],[-122.1309,45.1804],[-122.157,45.1705],[-122.185,45.1684],[-122.215,45.1743],[-122.25,45.1749],[-122.29,45.1701],[-122.3195,45.1757],[-122.3384,45.1915],[-122.3476,45.2029]]]}},{"type":"Feature","properties":{"c":"#00ff00","v0":0.002,"v1":0.003},"geometry":{"type":"Polygon","coordinates":[[[-121.727,45.2759],[-121.7157,45.288],[-121.705,45.2923],[-121.695,45.2887],[-121.695,45.2788],[-121.705,45.2625],[-121.715,45.2538],[-121.725,45.2528],[-121.7307,45.2566],[-121.732,45.2654],[-121.727,45.2759]]]}},{"type":"Feature","properties":{"c":"#00ff00","v0":0.002,"v1":0.003},"geometry":{"type":"Polygon","coordinates":[[[-75.9131,45.2081],[-75.8977,45.2255],[-75.86,45.2446],[-75.8,45.2654],[-75.7639,45.2743],[-75.7517,45.2713],[-75.7466,45.2628],[-75.7485,45.2487],[-75.7596,45.2408],[-75.7799,45.239],[-75.81,45.2211],[-75.85,45.1869],[-75.875,45.1679],[-75.885,45.1639],[-75.8977,45.1713],[-75.9131,45.19],[-75.9131,45.2081]],[[-75.8938,45.2065],[-75.8841,45.2206],[-75.8666,45.2276],[-75.8412,45.2276],[-75.8339,45.219],[-75.8446,45.2019],[-75.8621,45.1948],[-75.8864,45.1979],[-75.8938,45.2065]]]}},{"type":"Feature","properties":{"c":"#00ff00","v0":0.002,"v1":0.003},"geometry":{"type":"Polygon","coordinates":[[[-96.8782,45.2325],[-96.8727,45.2424],[-96.8643,45.2353],[-96.853,45.2114],[-96.8558,45.2065],[-96.8726,45.2206],[-96.8782,45.2325]]]}},{"type":"Feature","properties":{"c":"#00ff00","v0":0.002,"v1":0.003},"geometry":{"type":"Polygon","coordinates":[[[-87.916,45.1599],[-87.872,45.1938],[-87.834,45.1973],[-87.8019,45.1705],[-87.7519,45.1441],[-87.684,45.1181],[-87.6486,45.1004],[-87.6457,45.0912],[-87.6707,45.0858],[-87.7236,45.0843],[-87.765,45.0756],[-87.795,45.0596],[-87.83,45.0604],[-87.87,45.078],[-87.902,45.1009],[-87.926,45.129],[-87.916,45.1599]],[[-87.8994,45.1571],[-87.8665,45.1852],[-87.835,45.186],[-87.805,45.1595],[-87.7715,45.1384],[-87.7345,45.1227],[-87.719,45.1113],[-87.7249,45.1042],[-87.7434,45.0999],[-87.7745,45.0984],[-87.815,45.1034],[-87.865,45.1149],[-87.8965,45.1263],[-87.9094,45.1374],[-87.8994,45.1571]]]}},{"type":"Feature","properties":{"c":"#00ff00","v0":0.002,"v1":0.003},"geometry":{"type":"Polygon","coordinates":[[[-98.0465,45.1858],[-98.0355,45.1868],[-98.0287,45.1832],[-98.0262,45.1752],[-98.0317,45.1747],[-98.0452,45.1818],[-98.0465,45.1858]]]}},{"type":"Feature","properties":{"c":"#00ff00","v0":0.002,"v1":0.003},"geometry":{"type":"Polygon","coordinates":[[[-96.775,45.1818],[-96.7495,45.1747],[-96.745,45.1701],[-96.7617,45.1678],[-96.7744,45.1713],[-96.7833,45.1807],[-96.775,45.1818]]]}},{"type":"Feature","properties":{"c":"#00ff00","v0":0.002,"v1":0.003},"geometry":{"type":"Polygon","coordinates":[[[-64.6395,45.1637],[-64.6198,45.177],[-64.5986,45.1805],[-64.5757,45.1743],[-64.5666,45.1642],[-64.5714,45.1501],[-64.5829,45.1399],[-64.601,45.1335],[-64.6198,45.1371],[-64.6395,45.1504],[-64.6395,45.1637]],[[-64.6295,45.1614],[-64.6165,45.1698],[-64.6024,45.1698],[-64.5873,45.1614],[-64.5873,45.1525],[-64.6024,45.1434],[-64.6165,45.1434],[-64.6295,45.1525],[-64.6295,45.1614]]]}},{"type":"Feature","properties":{"c":"#00ff00","v0":0.002,"v1":0.003},"geometry":{"type":"Polygon","coordinates":[[[-123.5786,45.1421],[-123.5595,45.1685],[-123.53,45.1791],[-123.49,45.1738],[-123.4765,45.1606],[-123.4893,45.1395],[-123.5142,45.1263],[-123.5514,45.121],[-123.5745,45.121],[-123.5836,45.1263],[-123.5786,45.1421]]]}},{"type":"Feature","properties":{"c":"#00ff00","v0":0.002,"v1":0.003},"geometry":{"type":"Polygon","coordinates":[[[-98.0144,45.1475],[-98.0115,45.1564],[-98.005,45.1598],[-97.995,45.1574],[-97.9834,45.1494],[-97.9703,45.1357],[-97.9703,45.1273],[-97.9834,45.124],[-97.9965,45.1275],[-98.0094,45.1379],[-98.0144,45.1475]]]}},{"type":"Feature","properties":{"c":"#00ff00","v0":0.002,"v1":0.003},"geometry":{"type":"Polygon","coordinates":[[[-76.0568,44.8814],[-76.0502,44.8956],[-76.0277,44.9111],[-75.9892,44.928],[-75.9543,44.9528],[-75.923,44.9854],[-75.893,45.0054],[-75.8643,45.0126],[-75.8423,45.0267],[-75.8268,45.0478],[-75.8097,45.0583],[-75.791,45.0583],[-75.7864,45.0336],[-75.7957,44.9841],[-75.8178,44.9526],[-75.8526,44.9391],[-75.875,44.9195],[-75.885,44.8939],[-75.93,44.8728],[-76.01,44.8565],[-76.0525,44.8548],[-76.0576,44.8678],[-76.0568,44.8814]]]}},{"type":"Feature","properties":{"c":"#00ff00","v0":0.002,"v1":0.003},"geometry":{"type":"Polygon","coordinates":[[[-122.2446,44.9912],[-122.2257,45.0265],[-122.2047,45.0473],[-122.1816,45.0537],[-122.1684,45.0431],[-122.1653,45.0155],[-122.1753,44.993],[-122.1984,44.9754],[-122.221,44.9683],[-122.243,44.9717],[-122.2446,44.9912]]]}},{"type":"Feature","properties":{"c":"#00ff00","v0":0.002,"v1":0.003},"geometry":{"type":"Polygon","coordinates":[[[-76.2044,45.0257],[-76.1548,45.0454],[-76.1103,45.0525],[-76.0709,45.0469],[-76.0531,45.0371],[-76.0571,45.023],[-76.0768,45.0045],[-76.1123,44.9818],[-76.1548,44.9818],[-76.2044,45.0045],[-76.2044,45.0257]],[[-76.165,45.022],[-76.1417,45.0342],[-76.1165,45.0377],[-76.0896,45.0326],[-76.0896,45.0191],[-76.1165,44.9971],[-76.1365,44.9865],[-76.1496,44.9873],[-76.1612,44.9947],[-76.1715,45.0088],[-76.165,45.022]]]}},{"type":"Feature","properties":{"c":"#00ff00","v0":0.002,"v1":0.003},"geometry":{"type":"Polygon","coordinates":[[[-96.9634,44.9987],[-96.9278,45.0209],[-96.8967,45.0279],[-96.8701,45.0199],[-96.8571,45.0088],[-96.8578,44.9947],[-96.8711,44.9788],[-96.897,44.9613],[-96.925,44.951],[-96.955,44.9479],[-96.9728,44.9566],[-96.9784,44.9773],[-96.9634,44.9987]],[[-96.9432,44.9947],[-96.9328,45.0088],[-96.9152,45.0159],[-96.8902,45.0159],[-96.8858,45.0059],[-96.9019,44.9858],[-96.9196,44.9787],[-96.9388,44.9846],[-96.9432,44.9947]]]}},{"type":"Feature","properties":{"c":"#00ff00","v0":0.002,"v1":0.003},"geometry":{"type":"Polygon","coordinates":[[[-93.6405,44.9625],[-93.5935,44.9689],[-93.56,44.9886],[-93.54,45.0217],[-93.5037,45.022],[-93.4511,44.9897],[-93.4334,44.9664],[-93.4505,44.9522],[-93.4868,44.9446],[-93.5423,44.9434],[-93.585,44.9381],[-93.615,44.9289],[-93.6367,44.9259],[-93.6502,44.9293],[-93.6587,44.9381],[-93.6622,44.9522],[-93.6405,44.9625]]]}},{"type":"Feature","properties":{"c":"#00ff00","v0":0.002,"v1":0.003},"geometry":{"type":"Polygon","coordinates":[[[-88.2923,45.0303],[-88.2774,45.0309],[-88.2711,45.0274],[-88.2733,45.0197],[-88.2783,45.0142],[-88.2861,45.0108],[-88.2924,45.0144],[-88.2973,45.0248],[-88.2923,45.0303]]]}},{"type":"Feature","properties":{"c":"#00ff00","v0":0.002,"v1":0.003},"geometry":{"type":"Polygon","coordinates":[[[-101.2506,45.0054],[-101.2369,45.0126],[-101.2281,45.0126],[-101.2243,45.0054],[-101.2312,45.0018],[-101.2487,45.0018],[-101.2506,45.0054]]]}},{"type":"Feature","properties":{"c":"#00ff00","v0":0.002,"v1":0.003},"geometry":{"type":"Polygon","coordinates":[[[-96.7933,44.9556],[-96.7778,44.9764],[-96.74,44.9938],[-96.68,45.0078],[-96.6376,45.0116],[-96.6128,45.005],[-96.6028,44.9898],[-96.6076,44.9658],[-96.63,44.9441],[-96.67,44.9246],[-96.7071,44.9154],[-96.7413,44.9164],[-96.7691,44.9239],[-96.7904,44.9381],[-96.7933,44.9556]],[[-96.7718,44.9645],[-96.7573,44.9748],[-96.725,44.9847],[-96.675,44.9942],[-96.6451,44.9961],[-96.6354,44.9904],[-96.6504,44.971],[-96.6901,44.9378],[-96.7229,44.9236],[-96.7488,44.9285],[-96.7661,44.9381],[-96.7748,44.9522],[-96.7718,44.9645]]]}},{"type":"Feature","properties":{"c":"#00ff00","v0":0.002,"v1":0.003},"geometry":{"type":"Polygon","coordinates":[[[-93.122,45.0071],[-93.074,45.0178],[-93.0388,45.0178],[-93.0165,45.0071],[-93.0315,44.9985],[-93.0838,44.992],[-93.119,44.992],[-93.137,44.9985],[-93.122,45.0071]]]}},{"type":"Feature","properties":{"c":"#00ff00","v0":0.002,"v1":0.003},"geometry":{"type":"Polygon","coordinates":[[[-76.7482,44.4135],[-76.7361,44.4311],[-76.68,44.4646],[-76.58,44.5141],[-76.5292,44.5445],[-76.5276,44.5559],[-76.5407,44.5688],[-76.5684,44.583],[-76.5931,44.6044],[-76.6148,44.6329],[-76.5828,44.6613],[-76.4972,44.6898],[-76.4441,44.7218],[-76.4233,44.7573],[-76.4241,44.7857],[-76.4467,44.807],[-76.4554,44.8389],[-76.4501,44.8814],[-76.4289,44.9098],[-76.3917,44.9239],[-76.3523,44.9496],[-76.3108,44.9867],[-76.2794,44.9938],[-76.2582,44.9708],[-76.2332,44.955],[-76.2044,44.9465],[-76.1843,44.9359],[-76.1729,44.9232],[-76.1765,44.892],[-76.1952,44.8424],[-76.1909,44.8012],[-76.1636,44.7684],[-76.1383,44.7222],[-76.1149,44.6627],[-76.1021,44.6044],[-76.0999,44.5474],[-76.1141,44.5011],[-76.1447,44.4654],[-76.1575,44.4292],[-76.1525,44.3925],[-76.155,44.3721],[-76.165,44.3678],[-76.1846,44.3755],[-76.2139,44.3949],[-76.2233,44.4154],[-76.2128,44.4368],[-76.2182,44.4738],[-76.2394,44.5264],[-76.265,44.547],[-76.295,44.5358],[-76.325,44.5378],[-76.355,44.5532],[-76.387,44.5575],[-76.4211,44.5508],[-76.4421,44.5331],[-76.4501,44.5046],[-76.4397,44.4725],[-76.4109,44.4368],[-76.4244,44.4118],[-76.48,44.3975],[-76.5234,44.3566],[-76.5545,44.289],[-76.5888,44.2675],[-76.6264,44.2922],[-76.633,44.3153],[-76.6086,44.3368],[-76.6006,44.3582],[-76.6088,44.3797],[-76.6272,44.3949],[-76.6557,44.4039],[-76.685,44.4024],[-76.715,44.3904],[-76.7361,44.3894],[-76.7482,44.3996],[-76.7482,44.4135]],[[-76.7282,44.4083],[-76.714,44.4154],[-76.7077,44.4141],[-76.7092,44.4045],[-76.7163,44.4009],[-76.729,44.4034],[-76.7282,44.4083]],[[-76.6466,44.4487],[-76.5822,44.4795],[-76.5363,44.508],[-76.5088,44.5343],[-76.5154,44.5617],[-76.5561,44.5901],[-76.5743,44.6115],[-76.5701,44.6257],[-76.5284,44.6471],[-76.4495,44.6755],[-76.4056,44.711],[-76.3969,44.7537],[-76.4024,44.7857],[-76.422,44.807],[-76.4314,44.8363],[-76.4305,44.8735],[-76.4,44.9026],[-76.34,44.9236],[-76.2815,44.9333],[-76.2245,44.9318],[-76.1917,44.9239],[-76.1832,44.9098],[-76.1916,44.8885],[-76.2167,44.8602],[-76.2131,44.8212],[-76.1807,44.7715],[-76.1659,44.735],[-76.1686,44.7117],[-76.16,44.6832],[-76.1399,44.6497],[-76.1289,44.6008],[-76.127,44.5367],[-76.137,44.5003],[-76.159,44.4916],[-76.18,44.4929],[-76.2,44.5043],[-76.205,44.5392],[-76.195,44.5975],[-76.21,44.6203],[-76.25,44.6077],[-76.2799,44.6093],[-76.2996,44.625],[-76.3296,44.6344],[-76.3699,44.6375],[-76.3952,44.634],[-76.4056,44.6237],[-76.4082,44.6115],[-76.4029,44.5973],[-76.4127,44.5897],[-76.4376,44.5887],[-76.4582,44.578],[-76.4746,44.5576],[-76.4788,44.5403],[-76.4706,44.526],[-76.4703,44.5082],[-76.4779,44.4868],[-76.4701,44.4654],[-76.447,44.444],[-76.4441,44.4278],[-76.4614,44.417],[-76.485,44.4112],[-76.515,44.4104],[-76.5279,44.398],[-76.5237,44.3739],[-76.5337,44.3418],[-76.5579,44.3018],[-76.5832,44.2875],[-76.6095,44.2989],[-76.6124,44.3117],[-76.5919,44.326],[-76.5857,44.3475],[-76.5938,44.3761],[-76.6181,44.4011],[-76.6586,44.4225],[-76.6466,44.4487]]]}},{"type":"Feature","properties":{"c":"#00ff00","v0":0.002,"v1":0.003},"geometry":{"type":"Polygon","coordinates":[[[-93.2684,44.9688],[-93.2561,44.9879],[-93.24,44.9979],[-93.22,44.9988],[-93.2074,44.9929],[-93.2023,44.9799],[-93.2073,44.9645],[-93.2224,44.9466],[-93.235,44.9368],[-93.245,44.9351],[-93.2561,44.9405],[-93.2684,44.9531],[-93.2684,44.9688]],[[-93.2565,44.9643],[-93.2522,44.9741],[-93.2422,44.9777],[-93.2265,44.9749],[-93.2215,44.968],[-93.2272,44.957],[-93.2372,44.9535],[-93.2515,44.9574],[-93.2565,44.9643]]]}},{"type":"Feature","properties":{"c":"#00ff00","v0":0.002,"v1":0.003},"geometry":{"type":"Polygon","coordinates":[[[-122.8841,44.9098],[-122.8666,44.9239],[-122.861,44.9385],[-122.867,44.9536],[-122.845,44.9655],[-122.795,44.9741],[-122.7589,44.9736],[-122.7367,44.9641],[-122.7181,44.9416],[-122.7032,44.9062],[-122.7343,44.885],[-122.8114,44.8781],[-122.8607,44.8816],[-122.8821,44.8957],[-122.8841,44.9098]],[[-122.7955,44.9499],[-122.7785,44.9594],[-122.7619,44.9594],[-122.7458,44.9499],[-122.7458,44.9405],[-122.7619,44.9312],[-122.7785,44.9312],[-122.7955,44.9405],[-122.7955,44.9499]]]}},{"type":"Feature","properties":{"c":"#00ff00","v0":0.002,"v1":0.003},"geometry":{"type":"Polygon","coordinates":[[[-121.9701,44.9452],[-121.9539,44.9452],[-121.9519,44.9416],[-121.964,44.9344],[-121.9721,44.9344],[-121.9762,44.9416],[-121.9701,44.9452]]]}},{"type":"Feature","properties":{"c":"#00ff00","v0":0.002,"v1":0.003},"geometry":{"type":"Polygon","coordinates":[[[-101.511,44.9239],[-101.5005,44.9381],[-101.489,44.9436],[-101.4763,44.9405],[-101.475,44.9319],[-101.485,44.9178],[-101.4965,44.9123],[-101.5096,44.9153],[-101.511,44.9239]]]}},{"type":"Feature","properties":{"c":"#00ff00","v0":0.002,"v1":0.003},"geometry":{"type":"Polygon","coordinates":[[[-99.259,44.9359],[-99.253,44.9458],[-99.24,44.9505],[-99.22,44.9502],[-99.19,44.9449],[-99.15,44.9347],[-99.1227,44.9228],[-99.1082,44.9094],[-99.1082,44.8999],[-99.1227,44.8943],[-99.155,44.8944],[-99.205,44.9004],[-99.238,44.9103],[-99.254,44.9241],[-99.259,44.9359]]]}},{"type":"Feature","properties":{"c":"#00ff00","v0":0.002,"v1":0.003},"geometry":{"type":"Polygon","coordinates":[[[-123.6073,44.9168],[-123.5905,44.9168],[-123.5841,44.9137],[-123.588,44.9074],[-123.5964,44.9074],[-123.6093,44.9137],[-123.6073,44.9168]]]}},{"type":"Feature","properties":{"c":"#00ff00","v0":0.002,"v1":0.003},"geometry":{"type":"Polygon","coordinates":[[[-98.8165,44.9085],[-98.7988,44.92],[-98.7827,44.92],[-98.768,44.9085],[-98.768,44.8945],[-98.7827,44.8782],[-98.7988,44.8782],[-98.8165,44.8945],[-98.8165,44.9085]]]}},{"type":"Feature","properties":{"c":"#00ff00","v0":0.002,"v1":0.003},"geometry":{"type":"Polygon","coordinates":[[[-92.6499,44.8959],[-92.6366,44.9106],[-92.6193,44.9177],[-92.5978,44.9171],[-92.5928,44.9097],[-92.6043,44.8955],[-92.62,44.8857],[-92.64,44.8803],[-92.6516,44.8803],[-92.6549,44.8858],[-92.6499,44.8959]]]}},{"type":"Feature","properties":{"c":"#00ff00","v0":0.002,"v1":0.003},"geometry":{"type":"Polygon","coordinates":[[[-87.8916,44.9089],[-87.8772,44.9213],[-87.857,44.9213],[-87.8311,44.9089],[-87.8311,44.8979],[-87.857,44.8883],[-87.8772,44.8883],[-87.8916,44.8979],[-87.8916,44.9089]]]}},{"type":"Feature","properties":{"c":"#00ff00","v0":0.002,"v1":0.003},"geometry":{"type":"Polygon","coordinates":[[[-100.0345,44.892],[-100.0116,44.8991],[-100.0026,44.8952],[-100.0075,44.8803],[-100.019,44.8768],[-100.037,44.8846],[-100.0345,44.892]]]}},{"type":"Feature","properties":{"c":"#00ff00","v0":0.002,"v1":0.003},"geometry":{"type":"Polygon","coordinates":[[[-99.5213,44.8529],[-99.4738,44.8952],[-99.435,44.9072],[-99.405,44.8891],[-99.358,44.875],[-99.294,44.8651],[-99.269,44.8524],[-99.283,44.8369],[-99.32,44.8321],[-99.38,44.8379],[-99.425,44.8294],[-99.455,44.8067],[-99.4888,44.8044],[-99.5263,44.8227],[-99.5213,44.8529]],[[-99.5056,44.846],[-99.4902,44.846],[-99.4844,44.8426],[-99.4881,44.8358],[-99.4958,44.8358],[-99.5075,44.8426],[-99.5056,44.846]]]}},{"type":"Feature","properties":{"c":"#00ff00","v0":0.002,"v1":0.003},"geometry":{"type":"Polygon","coordinates":[[[-88.2249,44.8566],[-88.2069,44.8779],[-88.2009,44.873],[-88.207,44.842],[-88.215,44.8249],[-88.225,44.8218],[-88.231,44.8267],[-88.2329,44.8396],[-88.2249,44.8566]]]}},{"type":"Feature","properties":{"c":"#00ff00","v0":0.002,"v1":0.003},"geometry":{"type":"Polygon","coordinates":[[[-122.0881,44.8671],[-122.0627,44.8809],[-122.0392,44.8809],[-122.0176,44.8671],[-122.0176,44.8509],[-122.0392,44.8325],[-122.0583,44.8254],[-122.075,44.8297],[-122.0877,44.8389],[-122.0965,44.8531],[-122.0881,44.8671]],[[-122.0757,44.865],[-122.0586,44.8745],[-122.0424,44.8745],[-122.0273,44.865],[-122.0273,44.8531],[-122.0424,44.839],[-122.0586,44.839],[-122.0757,44.8531],[-122.0757,44.865]]]}},{"type":"Feature","properties":{"c":"#00ff00","v0":0.002,"v1":0.003},"geometry":{"type":"Polygon","coordinates":[[[-93.8297,44.8424],[-93.8207,44.8637],[-93.8016,44.8672],[-93.7722,44.8531],[-93.7657,44.8218],[-93.7819,44.7735],[-93.7968,44.7522],[-93.8103,44.758],[-93.8214,44.7786],[-93.8299,44.8141],[-93.8297,44.8424]]]}},{"type":"Feature","properties":{"c":"#00ff00","v0":0.002,"v1":0.003},"geometry":{"type":"Polygon","coordinates":[[[-93.3941,44.8495],[-93.3727,44.8566],[-93.3591,44.8478],[-93.353,44.8231],[-93.355,44.8098],[-93.365,44.8078],[-93.3787,44.8166],[-93.3961,44.8362],[-93.3941,44.8495]]]}},{"type":"Feature","properties":{"c":"#00ff00","v0":0.002,"v1":0.003},"geometry":{"type":"Polygon","coordinates":[[[-97.1186,44.8358],[-97.1129,44.8438],[-97.1013,44.8473],[-97.084,44.8464],[-97.0734,44.8353],[-97.0695,44.8141],[-97.0781,44.804],[-97.0994,44.8051],[-97.1129,44.8122],[-97.1186,44.8253],[-97.1186,44.8358]]]}},{"type":"Feature","properties":{"c":"#00ff00","v0":0.002,"v1":0.003},"geometry":{"type":"Polygon","coordinates":[[[-88.0435,44.8249],[-88.0345,44.8395],[-88.02,44.8485],[-88.0,44.8518],[-87.99,44.8373],[-87.99,44.8049],[-88.0,44.7874],[-88.02,44.7849],[-88.0345,44.7922],[-88.0435,44.8091],[-88.0435,44.8249]],[[-88.0252,44.8217],[-88.0151,44.83],[-88.0063,44.8264],[-87.999,44.8111],[-87.999,44.8015],[-88.0063,44.7976],[-88.0151,44.8012],[-88.0252,44.8121],[-88.0252,44.8217]]]}},{"type":"Feature","properties":{"c":"#00ff00","v0":0.002,"v1":0.003},"geometry":{"type":"Polygon","coordinates":[[[-99.0307,44.8318],[-99.0142,44.8318],[-99.0069,44.8282],[-99.0087,44.8212],[-99.017,44.8212],[-99.0317,44.8282],[-99.0307,44.8318]]]}},{"type":"Feature","properties":{"c":"#00ff00","v0":0.002,"v1":0.003},"geometry":{"type":"Polygon","coordinates":[[[-96.9565,44.8282],[-96.9367,44.8212],[-96.9326,44.8159],[-96.9442,44.8124],[-96.9541,44.816],[-96.9623,44.8265],[-96.9565,44.8282]]]}},{"type":"Feature","properties":{"c":"#00ff00","v0":0.002,"v1":0.003},"geometry":{"type":"Polygon","coordinates":[[[-73.7079,44.7871],[-73.6693,44.8112],[-73.645,44.8203],[-73.635,44.8143],[-73.645,44.798],[-73.675,44.7712],[-73.6993,44.7622],[-73.7179,44.7707],[-73.7079,44.7871]]]}},{"type":"Feature","properties":{"c":"#00ff00","v0":0.002,"v1":0.003},"geometry":{"type":"Polygon","coordinates":[[[-100.5073,44.7786],[-100.4811,44.7857],[-100.4595,44.7821],[-100.4426,44.7679],[-100.4344,44.7537],[-100.4349,44.7395],[-100.4488,44.7313],[-100.4763,44.7292],[-100.4976,44.7398],[-100.5128,44.7633],[-100.5073,44.7786]]]}},{"type":"Feature","properties":{"c":"#00ff00","v0":0.002,"v1":0.003},"geometry":{"type":"Polygon","coordinates":[[[-100.8387,44.7338],[-100.7929,44.7651],[-100.756,44.7757],[-100.7281,44.7658],[-100.7231,44.7487],[-100.741,44.7244],[-100.765,44.7093],[-100.795,44.7032],[-100.8229,44.7047],[-100.8487,44.7137],[-100.8387,44.7338]]]}},{"type":"Feature","properties":{"c":"#00ff00","v0":0.002,"v1":0.003},"geometry":{"type":"Polygon","coordinates":[[[-98.4682,44.7542],[-98.4561,44.7692],[-98.435,44.7699],[-98.405,44.7563],[-98.38,44.7498],[-98.36,44.7506],[-98.3336,44.7393],[-98.3009,44.7158],[-98.295,44.6933],[-98.3159,44.672],[-98.3358,44.6613],[-98.3547,44.6613],[-98.3725,44.672],[-98.3892,44.6933],[-98.4118,44.7075],[-98.4405,44.7147],[-98.4597,44.7253],[-98.4694,44.7395],[-98.4682,44.7542]],[[-98.4521,44.7494],[-98.4374,44.755],[-98.423,44.7514],[-98.4089,44.7387],[-98.4089,44.7298],[-98.423,44.7245],[-98.4374,44.728],[-98.4521,44.7404],[-98.4521,44.7494]]]}},{"type":"Feature","properties":{"c":"#00ff00","v0":0.002,"v1":0.003},"geometry":{"type":"Polygon","coordinates":[[[-88.2401,44.7669],[-88.2334,44.7791],[-88.2261,44.7791],[-88.2183,44.7669],[-88.2217,44.7608],[-88.2362,44.7608],[-88.2401,44.7669]]]}},{"type":"Feature","properties":{"c":"#00ff00","v0":0.002,"v1":0.003},"geometry":{"type":"Polygon","coordinates":[[[-100.4811,44.6293],[-100.3986,44.6507],[-100.3555,44.6772],[-100.3518,44.7088],[-100.3237,44.7266],[-100.2711,44.7305],[-100.2311,44.7397],[-100.2037,44.7544],[-100.165,44.7583],[-100.115,44.7514],[-100.07,44.7506],[-100.03,44.7558],[-99.975,44.7476],[-99.905,44.7261],[-99.855,44.7161],[-99.825,44.7175],[-99.805,44.7034],[-99.795,44.6737],[-99.7749,44.663],[-99.7448,44.6714],[-99.7199,44.6898],[-99.7001,44.7182],[-99.6801,44.734],[-99.66,44.7373],[-99.657,44.7267],[-99.6711,44.7021],[-99.678,44.672],[-99.6777,44.6364],[-99.6926,44.6008],[-99.7227,44.5652],[-99.7384,44.5331],[-99.7397,44.5046],[-99.7178,44.4942],[-99.6726,44.502],[-99.635,44.5014],[-99.605,44.4924],[-99.545,44.4997],[-99.455,44.5231],[-99.4025,44.5308],[-99.3874,44.5229],[-99.395,44.5082],[-99.4251,44.4868],[-99.4323,44.4654],[-99.4164,44.444],[-99.4139,44.4218],[-99.4246,44.399],[-99.445,44.3757],[-99.475,44.3522],[-99.51,44.3373],[-99.55,44.3311],[-99.5705,44.315],[-99.5716,44.289],[-99.5866,44.2719],[-99.6155,44.2637],[-99.6384,44.2637],[-99.6551,44.2719],[-99.665,44.2867],[-99.6679,44.3081],[-99.6811,44.326],[-99.7044,44.3403],[-99.7295,44.3716],[-99.7565,44.4199],[-99.7831,44.4235],[-99.8093,44.3824],[-99.8343,44.3546],[-99.8581,44.3401],[-99.89,44.3349],[-99.93,44.3389],[-99.965,44.3345],[-99.995,44.3217],[-100.025,44.3275],[-100.055,44.3519],[-100.1032,44.3564],[-100.1697,44.3409],[-100.2062,44.3403],[-100.2128,44.3546],[-100.1995,44.3761],[-100.1662,44.4047],[-100.1397,44.4516],[-100.1199,44.5168],[-100.125,44.5505],[-100.155,44.5527],[-100.195,44.5636],[-100.245,44.5834],[-100.285,44.5912],[-100.315,44.5871],[-100.3469,44.5792],[-100.3806,44.5675],[-100.3848,44.551],[-100.3595,44.5296],[-100.3526,44.5171],[-100.3642,44.5136],[-100.4081,44.5385],[-100.4842,44.5919],[-100.4811,44.6293]],[[-100.236,44.6542],[-100.2103,44.6969],[-100.1856,44.7242],[-100.1619,44.7363],[-100.12,44.73],[-100.06,44.7054],[-99.9787,44.6958],[-99.8762,44.7013],[-99.8162,44.688],[-99.7987,44.6559],[-99.77,44.6456],[-99.73,44.6571],[-99.7049,44.6553],[-99.6948,44.6404],[-99.7072,44.6115],[-99.742,44.5688],[-99.781,44.5011],[-99.8243,44.4083],[-99.857,44.3583],[-99.879,44.3513],[-99.9,44.3527],[-99.92,44.3626],[-99.945,44.3613],[-99.975,44.3488],[-100.01,44.3603],[-100.05,44.3956],[-100.08,44.4143],[-100.1,44.4162],[-100.1127,44.4247],[-100.1181,44.4399],[-100.1089,44.4761],[-100.0853,44.5331],[-100.0483,44.5688],[-99.9979,44.583],[-99.9689,44.5973],[-99.9612,44.6115],[-99.9806,44.6243],[-100.0269,44.6356],[-100.0648,44.6356],[-100.0945,44.6243],[-100.1195,44.6054],[-100.1398,44.5788],[-100.1678,44.5717],[-100.2034,44.584],[-100.2281,44.6008],[-100.242,44.6222],[-100.236,44.6542]],[[-99.7236,44.4591],[-99.6879,44.4822],[-99.655,44.4858],[-99.625,44.47],[-99.585,44.4695],[-99.535,44.4844],[-99.5061,44.4594],[-99.4984,44.3943],[-99.4984,44.3582],[-99.5061,44.3509],[-99.525,44.35],[-99.555,44.3555],[-99.6,44.3552],[-99.66,44.3491],[-99.6943,44.3536],[-99.7029,44.3686],[-99.7005,44.3832],[-99.6871,44.3975],[-99.6957,44.4154],[-99.7262,44.4368],[-99.7236,44.4591]],[[-100.1781,44.3618],[-100.16,44.3618],[-100.1557,44.3584],[-100.1652,44.3516],[-100.1743,44.3516],[-100.1828,44.3584],[-100.1781,44.3618]],[[-100.465,44.6119],[-100.4417,44.627],[-100.4001,44.6412],[-100.3402,44.6546],[-100.3158,44.672],[-100.3266,44.6933],[-100.3265,44.7074],[-100.3155,44.7142],[-100.2969,44.7142],[-100.2707,44.7074],[-100.2686,44.6933],[-100.2907,44.672],[-100.2966,44.6542],[-100.2865,44.64],[-100.2862,44.6257],[-100.2957,44.6115],[-100.3328,44.5963],[-100.3976,44.5802],[-100.4417,44.5802],[-100.465,44.5963],[-100.465,44.6119]],[[-99.6385,44.2932],[-99.6328,44.2992],[-99.6233,44.2992],[-99.6098,44.2932],[-99.6098,44.2869],[-99.6233,44.2801],[-99.6328,44.2801],[-99.6385,44.2869],[-99.6385,44.2932]]]}},{"type":"Feature","properties":{"c":"#00ff00","v0":0.002,"v1":0.003},"geometry":{"type":"Polygon","coordinates":[[[-93.4841,44.7265],[-93.4614,44.7431],[-93.4395,44.7431],[-93.4184,44.7265],[-93.4134,44.7155],[-93.4245,44.71],[-93.4464,44.71],[-93.4791,44.7155],[-93.4841,44.7265]]]}},{"type":"Feature","properties":{"c":"#00ff00","v0":0.002,"v1":0.003},"geometry":{"type":"Polygon","coordinates":[[[-88.0593,44.6408],[-88.0131,44.7137],[-87.9837,44.7457],[-87.9712,44.7368],[-87.9638,44.7147],[-87.9614,44.6791],[-87.9677,44.6469],[-87.9826,44.618],[-87.935,44.6056],[-87.825,44.6096],[-87.7602,44.6063],[-87.7405,44.5955],[-87.7405,44.572],[-87.7602,44.5358],[-87.795,44.5093],[-87.845,44.4924],[-87.91,44.4909],[-87.99,44.5048],[-88.041,44.5206],[-88.0631,44.5385],[-88.0762,44.5617],[-88.0804,44.5901],[-88.0593,44.6408]],[[-87.9001,44.5652],[-87.8999,44.5723],[-87.8837,44.5795],[-87.8515,44.5866],[-87.814,44.5901],[-87.771,44.5901],[-87.7547,44.5783],[-87.7649,44.5546],[-87.785,44.5362],[-87.815,44.5229],[-87.8377,44.5169],[-87.8531,44.5182],[-87.8706,44.5296],[-87.8904,44.551],[-87.9001,44.5652]]]}},{"type":"Feature","properties":{"c":"#00ff00","v0":0.002,"v1":0.003},"geometry":{"type":"Polygon","coordinates":[[[-76.3152,44.7466],[-76.294,44.7466],[-76.2851,44.7398],[-76.2884,44.7261],[-76.2989,44.7261],[-76.3168,44.7398],[-76.3152,44.7466]]]}},{"type":"Feature","properties":{"c":"#00ff00","v0":0.002,"v1":0.003},"geometry":{"type":"Polygon","coordinates":[[[-98.1454,44.6329],[-98.1122,44.6613],[-98.0937,44.6862],[-98.0899,44.7075],[-98.0765,44.7182],[-98.0535,44.7182],[-98.0374,44.7111],[-98.0281,44.6969],[-98.0276,44.6649],[-98.0358,44.6151],[-98.0574,44.583],[-98.0925,44.5688],[-98.123,44.5759],[-98.149,44.6044],[-98.1454,44.6329]]]}},{"type":"Feature","properties":{"c":"#00ff00","v0":0.002,"v1":0.003},"geometry":{"type":"Polygon","coordinates":[[[-99.5693,44.7058],[-99.5564,44.7094],[-99.5377,44.7059],[-99.513,44.6951],[-99.49,44.6755],[-99.4684,44.6471],[-99.4608,44.6294],[-99.4669,44.6225],[-99.4964,44.6403],[-99.5493,44.6828],[-99.5693,44.7058]]]}},{"type":"Feature","properties":{"c":"#00ff00","v0":0.002,"v1":0.003},"geometry":{"type":"Polygon","coordinates":[[[-97.9609,44.6955],[-97.9536,44.7069],[-97.94,44.7129],[-97.92,44.7134],[-97.901,44.7041],[-97.8829,44.6851],[-97.8779,44.671],[-97.886,44.662],[-97.9,44.6575],[-97.92,44.6575],[-97.9386,44.6655],[-97.9559,44.6817],[-97.9609,44.6955]]]}},{"type":"Feature","properties":{"c":"#00ff00","v0":0.002,"v1":0.003},"geometry":{"type":"Polygon","coordinates":[[[-88.2273,44.6623],[-88.1891,44.6928],[-88.1616,44.6963],[-88.1448,44.673],[-88.1398,44.6444],[-88.1466,44.6106],[-88.16,44.5908],[-88.18,44.5849],[-88.2,44.5853],[-88.22,44.5919],[-88.2341,44.6082],[-88.2423,44.6341],[-88.2273,44.6623]],[[-88.197,44.6544],[-88.179,44.669],[-88.1661,44.6726],[-88.1582,44.6651],[-88.1582,44.6509],[-88.1661,44.6301],[-88.179,44.6266],[-88.197,44.6403],[-88.197,44.6544]]]}},{"type":"Feature","properties":{"c":"#00ff00","v0":0.002,"v1":0.003},"geometry":{"type":"Polygon","coordinates":[[[-87.7284,44.6827],[-87.7204,44.6969],[-87.7089,44.704],[-87.6939,44.704],[-87.6873,44.6948],[-87.6891,44.6765],[-87.695,44.6654],[-87.705,44.6614],[-87.7156,44.6634],[-87.7268,44.6715],[-87.7284,44.6827]]]}},{"type":"Feature","properties":{"c":"#00ff00","v0":0.002,"v1":0.003},"geometry":{"type":"Polygon","coordinates":[[[-87.5595,44.6832],[-87.5398,44.6985],[-87.5204,44.6985],[-87.5012,44.6832],[-87.5012,44.6711],[-87.5204,44.6621],[-87.5398,44.6621],[-87.5595,44.6711],[-87.5595,44.6832]]]}},{"type":"Feature","properties":{"c":"#00ff00","v0":0.002,"v1":0.003},"geometry":{"type":"Polygon","coordinates":[[[-87.4343,44.6787],[-87.4181,44.685],[-87.4053,44.685],[-87.3958,44.6787],[-87.4008,44.6699],[-87.4203,44.6585],[-87.4331,44.6585],[-87.4393,44.6699],[-87.4343,44.6787]]]}},{"type":"Feature","properties":{"c":"#00ff00","v0":0.002,"v1":0.003},"geometry":{"type":"Polygon","coordinates":[[[-101.5085,44.6044],[-101.4828,44.6329],[-101.4514,44.6471],[-101.4141,44.6471],[-101.4091,44.631],[-101.4364,44.5988],[-101.465,44.5803],[-101.495,44.5756],[-101.5128,44.5775],[-101.5185,44.5859],[-101.5085,44.6044]]]}},{"type":"Feature","properties":{"c":"#00ff00","v0":0.002,"v1":0.003},"geometry":{"type":"Polygon","coordinates":[[[-99.6123,44.625],[-99.5974,44.6377],[-99.5841,44.6342],[-99.5724,44.6143],[-99.5724,44.6016],[-99.5841,44.5959],[-99.5974,44.5995],[-99.6123,44.6122],[-99.6123,44.625]]]}},{"type":"Feature","properties":{"c":"#00ff00","v0":0.002,"v1":0.003},"geometry":{"type":"Polygon","coordinates":[[[-99.8426,44.5795],[-99.8235,44.5866],[-99.818,44.5813],[-99.826,44.5635],[-99.8355,44.5599],[-99.8466,44.5706],[-99.8426,44.5795]]]}},{"type":"Feature","properties":{"c":"#00ff00","v0":0.002,"v1":0.003},"geometry":{"type":"Polygon","coordinates":[[[-98.5813,44.5812],[-98.5738,44.5916],[-98.5695,44.5881],[-98.5684,44.5705],[-98.5722,44.5652],[-98.5807,44.5723],[-98.5813,44.5812]]]}},{"type":"Feature","properties":{"c":"#00ff00","v0":0.002,"v1":0.003},"geometry":{"type":"Polygon","coordinates":[[[-100.7254,44.5519],[-100.7151,44.561],[-100.7058,44.561],[-100.6975,44.5519],[-100.6975,44.5437],[-100.7058,44.5362],[-100.7151,44.5362],[-100.7254,44.5437],[-100.7254,44.5519]]]}},{"type":"Feature","properties":{"c":"#00ff00","v0":0.002,"v1":0.003},"geometry":{"type":"Polygon","coordinates":[[[-75.1074,44.5651],[-75.0691,44.572],[-75.0463,44.572],[-75.039,44.5651],[-75.0581,44.5617],[-75.1037,44.5617],[-75.1074,44.5651]]]}},{"type":"Feature","properties":{"c":"#00ff00","v0":0.002,"v1":0.003},"geometry":{"type":"Polygon","coordinates":[[[-74.1384,44.5276],[-74.1195,44.5451],[-74.095,44.5515],[-74.065,44.5468],[-74.035,44.5502],[-74.005,44.5618],[-73.9804,44.559],[-73.9612,44.5417],[-73.954,44.5082],[-73.9587,44.4582],[-73.9894,44.4297],[-74.0461,44.4225],[-74.0786,44.4225],[-74.0868,44.4297],[-74.0857,44.4499],[-74.0752,44.4832],[-74.085,44.5],[-74.115,44.5004],[-74.1345,44.5051],[-74.1434,44.5143],[-74.1384,44.5276]],[[-74.0681,44.4654],[-74.0557,44.5011],[-74.0347,44.5281],[-74.0049,44.5465],[-73.9835,44.5501],[-73.9706,44.5388],[-73.9624,44.5118],[-73.9589,44.4689],[-73.9703,44.4417],[-73.9968,44.43],[-74.0249,44.4264],[-74.0546,44.431],[-74.0706,44.4368],[-74.073,44.444],[-74.0681,44.4654]],[[-74.1194,44.5235],[-74.1131,44.5328],[-74.1032,44.5364],[-74.0897,44.5342],[-74.0928,44.5296],[-74.1126,44.5224],[-74.1194,44.5235]]]}},{"type":"Feature","properties":{"c":"#00ff00","v0":0.002,"v1":0.003},"geometry":{"type":"Polygon","coordinates":[[[-73.3173,44.5511],[-73.3124,44.5586],[-73.3,44.5564],[-73.28,44.5445],[-73.25,44.5383],[-73.21,44.5378],[-73.1883,44.5293],[-73.1849,44.5129],[-73.1949,44.5041],[-73.2183,44.503],[-73.2524,44.5137],[-73.2973,44.5362],[-73.3173,44.5511]]]}},{"type":"Feature","properties":{"c":"#00ff00","v0":0.002,"v1":0.003},"geometry":{"type":"Polygon","coordinates":[[[-102.1033,44.3718],[-102.0678,44.4204],[-102.0156,44.4454],[-101.9469,44.4468],[-101.9119,44.4657],[-101.9106,44.5021],[-101.895,44.5186],[-101.865,44.515],[-101.83,44.5201],[-101.79,44.5337],[-101.75,44.5328],[-101.71,44.5174],[-101.66,44.5216],[-101.6,44.5455],[-101.545,44.552],[-101.495,44.5411],[-101.4665,44.5314],[-101.4594,44.5231],[-101.4594,44.515],[-101.4665,44.5072],[-101.485,44.5029],[-101.515,44.5022],[-101.54,44.4918],[-101.56,44.4716],[-101.6,44.4476],[-101.66,44.4197],[-101.7,44.4063],[-101.72,44.4074],[-101.745,44.3966],[-101.775,44.3738],[-101.83,44.3621],[-101.91,44.3614],[-101.9706,44.3469],[-102.0119,44.3187],[-102.0419,44.2904],[-102.0606,44.262],[-102.0777,44.2513],[-102.0932,44.2582],[-102.106,44.2831],[-102.116,44.326],[-102.1033,44.3718]],[[-101.8425,44.4447],[-101.8075,44.4961],[-101.765,44.5136],[-101.715,44.4973],[-101.675,44.4933],[-101.645,44.5016],[-101.6234,44.5019],[-101.6101,44.4942],[-101.6201,44.4768],[-101.6534,44.4496],[-101.685,44.4357],[-101.715,44.4352],[-101.745,44.423],[-101.775,44.3993],[-101.805,44.3901],[-101.835,44.3956],[-101.8525,44.4035],[-101.8575,44.4138],[-101.8425,44.4447]]]}},{"type":"Feature","properties":{"c":"#00ff00","v0":0.002,"v1":0.003},"geometry":{"type":"Polygon","coordinates":[[[-98.8214,44.5139],[-98.8005,44.5326],[-98.765,44.5445],[-98.715,44.5497],[-98.6753,44.5439],[-98.6459,44.5272],[-98.6409,44.5005],[-98.6603,44.4638],[-98.68,44.4494],[-98.7,44.4574],[-98.72,44.4753],[-98.74,44.503],[-98.7705,44.5138],[-98.8114,44.5077],[-98.8214,44.5139]]]}},{"type":"Feature","properties":{"c":"#00ff00","v0":0.002,"v1":0.003},"geometry":{"type":"Polygon","coordinates":[[[-97.814,44.4654],[-97.798,44.4725],[-97.7757,44.469],[-97.7471,44.4547],[-97.7521,44.4469],[-97.7907,44.4455],[-97.813,44.4491],[-97.819,44.4576],[-97.814,44.4654]]]}},{"type":"Feature","properties":{"c":"#00ff00","v0":0.002,"v1":0.003},"geometry":{"type":"Polygon","coordinates":[[[-97.657,44.4654],[-97.6523,44.4727],[-97.64,44.4741],[-97.62,44.4698],[-97.605,44.4543],[-97.595,44.4275],[-97.6073,44.426],[-97.642,44.4499],[-97.657,44.4654]]]}},{"type":"Feature","properties":{"c":"#00ff00","v0":0.002,"v1":0.003},"geometry":{"type":"Polygon","coordinates":[[[-100.0572,44.4413],[-100.0391,44.4574],[-100.0178,44.461],[-99.9934,44.452],[-99.9984,44.4405],[-100.0328,44.4266],[-100.0541,44.423],[-100.0622,44.4298],[-100.0572,44.4413]]]}},{"type":"Feature","properties":{"c":"#00ff00","v0":0.002,"v1":0.003},"geometry":{"type":"Polygon","coordinates":[[[-74.9077,44.4402],[-74.8959,44.454],[-74.88,44.4625],[-74.86,44.4659],[-74.8386,44.459],[-74.8159,44.4418],[-74.8159,44.4253],[-74.8386,44.4093],[-74.8659,44.4093],[-74.8977,44.4253],[-74.9077,44.4402]],[[-74.8884,44.4401],[-74.8628,44.4538],[-74.8411,44.4538],[-74.8232,44.4401],[-74.8232,44.4269],[-74.8411,44.4143],[-74.8628,44.4143],[-74.8884,44.4269],[-74.8884,44.4401]]]}},{"type":"Feature","properties":{"c":"#00ff00","v0":0.002,"v1":0.003},"geometry":{"type":"Polygon","coordinates":[[[-99.934,44.4118],[-99.9306,44.4261],[-99.9192,44.4373],[-99.8997,44.4454],[-99.891,44.4382],[-99.8931,44.4159],[-99.9045,44.4047],[-99.9253,44.4047],[-99.934,44.4118]]]}},{"type":"Feature","properties":{"c":"#00ff00","v0":0.002,"v1":0.003},"geometry":{"type":"Polygon","coordinates":[[[-87.9836,44.4475],[-87.9597,44.4475],[-87.9533,44.4436],[-87.9644,44.4359],[-87.9764,44.4359],[-87.9892,44.4436],[-87.9836,44.4475]]]}},{"type":"Feature","properties":{"c":"#00ff00","v0":0.002,"v1":0.003},"geometry":{"type":"Polygon","coordinates":[[[-98.5468,44.4253],[-98.5356,44.4381],[-98.5243,44.4416],[-98.5129,44.436],[-98.5121,44.4261],[-98.5216,44.4118],[-98.5329,44.4083],[-98.5459,44.4154],[-98.5468,44.4253]]]}},{"type":"Feature","properties":{"c":"#00ff00","v0":0.002,"v1":0.003},"geometry":{"type":"Polygon","coordinates":[[[-102.3747,44.3794],[-102.3582,44.4145],[-102.305,44.4288],[-102.2149,44.4222],[-102.1827,44.3904],[-102.2085,44.3332],[-102.2167,44.2938],[-102.2072,44.2724],[-102.2403,44.2616],[-102.3158,44.2616],[-102.3526,44.2724],[-102.3507,44.2938],[-102.3581,44.3189],[-102.3747,44.3475],[-102.3747,44.3794]],[[-102.3309,44.3694],[-102.317,44.3846],[-102.3008,44.3846],[-102.2823,44.3694],[-102.2823,44.3542],[-102.3008,44.339],[-102.317,44.339],[-102.3309,44.3542],[-102.3309,44.3694]]]}},{"type":"Feature","properties":{"c":"#00ff00","v0":0.002,"v1":0.003},"geometry":{"type":"Polygon","coordinates":[[[-99.2623,44.4083],[-99.2457,44.4154],[-99.2405,44.4135],[-99.2468,44.4025],[-99.2551,44.3989],[-99.2654,44.4028],[-99.2623,44.4083]]]}},{"type":"Feature","properties":{"c":"#00ff00","v0":0.002,"v1":0.003},"geometry":{"type":"Polygon","coordinates":[[[-99.4606,44.3],[-99.4402,44.3193],[-99.415,44.3268],[-99.385,44.3224],[-99.355,44.3271],[-99.325,44.3409],[-99.295,44.345],[-99.265,44.3395],[-99.24,44.3488],[-99.22,44.3729],[-99.18,44.3741],[-99.12,44.3524],[-99.065,44.347],[-99.015,44.3579],[-98.975,44.3738],[-98.945,44.3946],[-98.905,44.3982],[-98.855,44.3845],[-98.82,44.3666],[-98.8,44.3444],[-98.75,44.3286],[-98.67,44.3192],[-98.6194,44.3085],[-98.5983,44.2963],[-98.6083,44.2746],[-98.6494,44.2433],[-98.705,44.2443],[-98.775,44.2774],[-98.8255,44.268],[-98.8566,44.216],[-98.8707,44.1828],[-98.8678,44.1684],[-98.8561,44.1541],[-98.8354,44.1397],[-98.8314,44.1165],[-98.8438,44.0844],[-98.86,44.0662],[-98.88,44.0618],[-98.9,44.0742],[-98.92,44.1034],[-98.945,44.1161],[-98.975,44.1122],[-99.0,44.1054],[-99.02,44.0955],[-99.055,44.0625],[-99.105,44.0064],[-99.145,43.9741],[-99.175,43.9658],[-99.2016,43.972],[-99.2247,43.9928],[-99.233,44.0284],[-99.2265,44.0787],[-99.24,44.1018],[-99.2733,44.0977],[-99.3,44.0854],[-99.32,44.0648],[-99.3401,44.056],[-99.3604,44.0592],[-99.3861,44.0715],[-99.4173,44.0931],[-99.4272,44.1171],[-99.4157,44.1437],[-99.385,44.1673],[-99.335,44.188],[-99.295,44.1971],[-99.265,44.1944],[-99.2493,44.203],[-99.248,44.223],[-99.288,44.2231],[-99.3693,44.2034],[-99.4209,44.1998],[-99.4426,44.2124],[-99.4578,44.2365],[-99.4664,44.2724],[-99.4606,44.3]],[[-98.8977,44.3482],[-98.8792,44.3495],[-98.8687,44.346],[-98.866,44.3374],[-98.871,44.3319],[-98.8837,44.3294],[-98.8942,44.3329],[-98.9027,44.3426],[-98.8977,44.3482]],[[-98.6662,44.2672],[-98.6554,44.2784],[-98.6462,44.282],[-98.6385,44.278],[-98.6439,44.2724],[-98.6624,44.2652],[-98.6662,44.2672]],[[-99.357,44.1245],[-99.339,44.1372],[-99.33,44.1314],[-99.33,44.107],[-99.335,44.0929],[-99.345,44.0891],[-99.354,44.0949],[-99.362,44.1104],[-99.357,44.1245]],[[-99.311,44.1613],[-99.2936,44.1613],[-99.2912,44.1572],[-99.3037,44.1492],[-99.3124,44.1492],[-99.3172,44.1572],[-99.311,44.1613]],[[-99.4465,44.2842],[-99.4355,44.3006],[-99.415,44.3081],[-99.385,44.3066],[-99.355,44.3119],[-99.325,44.3238],[-99.2955,44.3199],[-99.2664,44.3001],[-99.2914,44.2692],[-99.3705,44.227],[-99.4194,44.2126],[-99.4383,44.2262],[-99.4488,44.2437],[-99.4509,44.2652],[-99.4465,44.2842]],[[-99.1882,44.231],[-99.1761,44.2844],[-99.1462,44.2987],[-99.0985,44.274],[-99.0861,44.2509],[-99.1089,44.2294],[-99.1013,44.2186],[-99.0633,44.2186],[-99.0257,44.2339],[-98.9886,44.2643],[-98.9607,44.275],[-98.9422,44.2661],[-98.9344,44.2544],[-98.9374,44.2401],[-98.95,44.2258],[-98.9721,44.2115],[-98.9802,44.1935],[-98.9743,44.172],[-98.9972,44.1541],[-99.049,44.1397],[-99.0692,44.1254],[-99.0577,44.111],[-99.0614,44.0927],[-99.0805,44.0703],[-99.0983,44.0667],[-99.1149,44.0819],[-99.1224,44.1002],[-99.1209,44.1218],[-99.1387,44.1505],[-99.1757,44.1864],[-99.1882,44.231]],[[-99.1916,43.996],[-99.1772,44.0104],[-99.1609,44.0175],[-99.1427,44.0176],[-99.1377,44.0096],[-99.1459,43.9936],[-99.1622,43.9864],[-99.1866,43.988],[-99.1916,43.996]]]}},{"type":"Feature","properties":{"c":"#00ff00","v0":0.002,"v1":0.003},"geometry":{"type":"Polygon","coordinates":[[[-91.6669,44.3675],[-91.629,44.3788],[-91.604,44.3788],[-91.5919,44.3675],[-91.5969,44.3566],[-91.619,44.3463],[-91.644,44.3463],[-91.6719,44.3566],[-91.6669,44.3675]]]}},{"type":"Feature","properties":{"c":"#00ff00","v0":0.002,"v1":0.003},"geometry":{"type":"Polygon","coordinates":[[[-88.2755,44.3241],[-88.2718,44.3346],[-88.2536,44.3454],[-88.2207,44.3563],[-88.2083,44.3511],[-88.2165,44.3296],[-88.2279,44.3153],[-88.2426,44.308],[-88.2568,44.308],[-88.2705,44.3153],[-88.2755,44.3241]]]}},{"type":"Feature","properties":{"c":"#00ff00","v0":0.002,"v1":0.003},"geometry":{"type":"Polygon","coordinates":[[[-101.9209,44.1775],[-101.887,44.2673],[-101.865,44.3128],[-101.855,44.3143],[-101.8353,44.3053],[-101.8058,44.2857],[-101.8028,44.2652],[-101.8264,44.2437],[-101.8334,44.2258],[-101.8238,44.2115],[-101.8227,44.1935],[-101.8301,44.172],[-101.8219,44.1505],[-101.7981,44.129],[-101.824,44.1218],[-101.8999,44.129],[-101.9209,44.1775]]]}},{"type":"Feature","properties":{"c":"#00ff00","v0":0.002,"v1":0.003},"geometry":{"type":"Polygon","coordinates":[[[-101.5617,44.2737],[-101.5272,44.2978],[-101.4957,44.3049],[-101.4672,44.2951],[-101.4722,44.2774],[-101.5107,44.2516],[-101.54,44.2392],[-101.56,44.2402],[-101.5722,44.246],[-101.5767,44.2564],[-101.5617,44.2737]]]}},{"type":"Feature","properties":{"c":"#00ff00","v0":0.002,"v1":0.003},"geometry":{"type":"Polygon","coordinates":[[[-74.6742,44.2544],[-74.6529,44.2688],[-74.6458,44.2831],[-74.6528,44.2974],[-74.6498,44.3064],[-74.6366,44.3099],[-74.6069,44.2992],[-74.5608,44.2741],[-74.5508,44.2521],[-74.5769,44.2331],[-74.6137,44.2296],[-74.6611,44.2414],[-74.6742,44.2544]],[[-74.6216,44.2501],[-74.6139,44.2557],[-74.6042,44.2557],[-74.5925,44.2501],[-74.5964,44.2473],[-74.6158,44.2473],[-74.6216,44.2501]]]}},{"type":"Feature","properties":{"c":"#00ff00","v0":0.002,"v1":0.003},"geometry":{"type":"Polygon","coordinates":[[[-76.773,44.2696],[-76.731,44.2857],[-76.6968,44.2893],[-76.6703,44.2804],[-76.6603,44.2713],[-76.6668,44.262],[-76.69,44.2519],[-76.73,44.2411],[-76.761,44.2421],[-76.783,44.2551],[-76.773,44.2696]],[[-76.7683,44.2616],[-76.7488,44.2616],[-76.7468,44.2573],[-76.7623,44.2488],[-76.772,44.2488],[-76.776,44.2573],[-76.7683,44.2616]]]}},{"type":"Feature","properties":{"c":"#00ff00","v0":0.002,"v1":0.003},"geometry":{"type":"Polygon","coordinates":[[[-102.8361,44.1505],[-102.8237,44.215],[-102.8057,44.2548],[-102.7819,44.2698],[-102.76,44.2634],[-102.74,44.2356],[-102.7016,44.2101],[-102.6447,44.1871],[-102.6063,44.1648],[-102.5862,44.1433],[-102.5846,44.1122],[-102.6015,44.0715],[-102.64,44.0522],[-102.7,44.0544],[-102.75,44.0612],[-102.79,44.0726],[-102.8181,44.0883],[-102.8342,44.1082],[-102.8361,44.1505]],[[-102.7971,44.1182],[-102.779,44.1471],[-102.7562,44.1578],[-102.7286,44.1505],[-102.7236,44.1339],[-102.7412,44.1079],[-102.764,44.0971],[-102.7921,44.1016],[-102.7971,44.1182]],[[-102.6704,44.1377],[-102.6568,44.1479],[-102.6442,44.1514],[-102.6325,44.1484],[-102.6275,44.1426],[-102.6292,44.134],[-102.6418,44.1304],[-102.6654,44.1318],[-102.6704,44.1377]]]}},{"type":"Feature","properties":{"c":"#00ff00","v0":0.002,"v1":0.003},"geometry":{"type":"Polygon","coordinates":[[[-75.419,44.2544],[-75.4151,44.2688],[-75.4073,44.2771],[-75.3958,44.2794],[-75.3725,44.2687],[-75.3374,44.2449],[-75.3181,44.2258],[-75.3147,44.2115],[-75.3223,44.2006],[-75.3408,44.1932],[-75.36,44.1916],[-75.38,44.1958],[-75.3977,44.2102],[-75.4132,44.2349],[-75.419,44.2544]]]}},{"type":"Feature","properties":{"c":"#00ff00","v0":0.002,"v1":0.003},"geometry":{"type":"Polygon","coordinates":[[[-102.5128,44.215],[-102.5018,44.2365],[-102.4834,44.2509],[-102.4577,44.258],[-102.4429,44.258],[-102.4392,44.2509],[-102.4575,44.2365],[-102.498,44.215],[-102.5128,44.215]]]}},{"type":"Feature","properties":{"c":"#00ff00","v0":0.002,"v1":0.003},"geometry":{"type":"Polygon","coordinates":[[[-75.6502,44.2412],[-75.6367,44.2578],[-75.615,44.2546],[-75.585,44.2316],[-75.5534,44.2198],[-75.5202,44.219],[-75.5252,44.214],[-75.5684,44.2049],[-75.6067,44.2085],[-75.6402,44.2248],[-75.6502,44.2412]]]}},{"type":"Feature","properties":{"c":"#00ff00","v0":0.002,"v1":0.003},"geometry":{"type":"Polygon","coordinates":[[[-74.8667,44.2298],[-74.8422,44.2522],[-74.8156,44.2558],[-74.7869,44.2406],[-74.7919,44.2208],[-74.8306,44.1965],[-74.8572,44.1929],[-74.8717,44.21],[-74.8667,44.2298]],[[-74.8556,44.2269],[-74.8385,44.2433],[-74.8225,44.2469],[-74.8074,44.2376],[-74.8074,44.2251],[-74.8225,44.2093],[-74.8385,44.2057],[-74.8556,44.2143],[-74.8556,44.2269]]]}},{"type":"Feature","properties":{"c":"#00ff00","v0":0.002,"v1":0.003},"geometry":{"type":"Polygon","coordinates":[[[-74.7547,44.2378],[-74.7382,44.2476],[-74.7221,44.2512],[-74.7063,44.2486],[-74.7063,44.2423],[-74.7221,44.2323],[-74.7382,44.2287],[-74.7547,44.2316],[-74.7547,44.2378]]]}},{"type":"Feature","properties":{"c":"#00ff00","v0":0.002,"v1":0.003},"geometry":{"type":"Polygon","coordinates":[[[-112.7193,44.233],[-112.6905,44.233],[-112.6846,44.2292],[-112.7015,44.2216],[-112.7159,44.2216],[-112.7278,44.2292],[-112.7193,44.233]]]}},{"type":"Feature","properties":{"c":"#00ff00","v0":0.002,"v1":0.003},"geometry":{"type":"Polygon","coordinates":[[[-103.4826,44.2086],[-103.4742,44.2174],[-103.4636,44.2174],[-103.4508,44.2086],[-103.4551,44.2043],[-103.4763,44.2043],[-103.4826,44.2086]]]}},{"type":"Feature","properties":{"c":"#00ff00","v0":0.002,"v1":0.003},"geometry":{"type":"Polygon","coordinates":[[[-75.2293,44.1802],[-75.2164,44.1894],[-75.19,44.1933],[-75.15,44.192],[-75.1191,44.1803],[-75.0974,44.158],[-75.0924,44.143],[-75.1041,44.1352],[-75.125,44.1329],[-75.155,44.1362],[-75.1864,44.1473],[-75.2193,44.1662],[-75.2293,44.1802]],[[-75.1837,44.176],[-75.1612,44.1767],[-75.1468,44.1731],[-75.1405,44.1652],[-75.1517,44.1648],[-75.1806,44.172],[-75.1837,44.176]]]}},{"type":"Feature","properties":{"c":"#00ff00","v0":0.002,"v1":0.003},"geometry":{"type":"Polygon","coordinates":[[[-112.8376,44.1673],[-112.8192,44.1792],[-112.8031,44.1828],[-112.7893,44.178],[-112.7805,44.1684],[-112.7767,44.1541],[-112.7836,44.142],[-112.8012,44.1323],[-112.8192,44.1359],[-112.8376,44.1528],[-112.8376,44.1673]],[[-112.828,44.1648],[-112.8143,44.172],[-112.8025,44.1684],[-112.7925,44.1541],[-112.7931,44.1445],[-112.8044,44.1398],[-112.8162,44.1434],[-112.8286,44.1553],[-112.828,44.1648]]]}},{"type":"Feature","properties":{"c":"#00ff00","v0":0.002,"v1":0.003},"geometry":{"type":"Polygon","coordinates":[[[-102.3069,44.1258],[-102.2956,44.1409],[-102.2827,44.1409],[-102.2681,44.1258],[-102.2681,44.1137],[-102.2827,44.1046],[-102.2956,44.1046],[-102.3069,44.1137],[-102.3069,44.1258]]]}},{"type":"Feature","properties":{"c":"#00ff00","v0":0.002,"v1":0.003},"geometry":{"type":"Polygon","coordinates":[[[-101.6402,44.1361],[-101.604,44.1433],[-101.5969,44.1375],[-101.619,44.1188],[-101.6371,44.1152],[-101.6513,44.1268],[-101.6402,44.1361]]]}},{"type":"Feature","properties":{"c":"#00ff00","v0":0.002,"v1":0.003},"geometry":{"type":"Polygon","coordinates":[[[-74.9236,44.1388],[-74.9012,44.1514],[-74.8803,44.1514],[-74.8608,44.1388],[-74.8608,44.1266],[-74.8803,44.1148],[-74.9012,44.1148],[-74.9236,44.1266],[-74.9236,44.1388]]]}},{"type":"Feature","properties":{"c":"#00ff00","v0":0.002,"v1":0.003},"geometry":{"type":"Polygon","coordinates":[[[-72.6321,44.1366],[-72.6174,44.1448],[-72.6036,44.1448],[-72.5908,44.1366],[-72.5908,44.1286],[-72.6036,44.1207],[-72.6174,44.1207],[-72.6321,44.1286],[-72.6321,44.1366]]]}},{"type":"Feature","properties":{"c":"#00ff00","v0":0.002,"v1":0.003},"geometry":{"type":"Polygon","coordinates":[[[-88.0056,44.1133],[-87.9952,44.1323],[-87.9797,44.1395],[-87.9591,44.1349],[-87.9541,44.1232],[-87.9647,44.1044],[-87.975,44.0931],[-87.985,44.0894],[-87.9952,44.0916],[-88.0056,44.0998],[-88.0056,44.1133]]]}},{"type":"Feature","properties":{"c":"#00ff00","v0":0.002,"v1":0.003},"geometry":{"type":"Polygon","coordinates":[[[-79.6532,44.1106],[-79.6377,44.1241],[-79.6218,44.1205],[-79.6054,44.0998],[-79.6004,44.0825],[-79.6068,44.0685],[-79.6227,44.0721],[-79.6482,44.0932],[-79.6532,44.1106]]]}},{"type":"Feature","properties":{"c":"#00ff00","v0":0.002,"v1":0.003},"geometry":{"type":"Polygon","coordinates":[[[-103.2496,44.0957],[-103.2232,44.1083],[-103.1995,44.1047],[-103.1784,44.085],[-103.1784,44.0708],[-103.1995,44.0621],[-103.2232,44.0657],[-103.2496,44.0815],[-103.2496,44.0957]],[[-103.238,44.0936],[-103.2193,44.102],[-103.2034,44.0984],[-103.1901,44.0829],[-103.1901,44.0732],[-103.2034,44.0693],[-103.2193,44.0729],[-103.238,44.084],[-103.238,44.0936]]]}},{"type":"Feature","properties":{"c":"#00ff00","v0":0.002,"v1":0.003},"geometry":{"type":"Polygon","coordinates":[[[-99.7709,44.0825],[-99.757,44.0973],[-99.7348,44.0973],[-99.7045,44.0825],[-99.6945,44.0691],[-99.7048,44.057],[-99.72,44.0493],[-99.74,44.0459],[-99.757,44.0519],[-99.7709,44.0674],[-99.7709,44.0825]]]}},{"type":"Feature","properties":{"c":"#00ff00","v0":0.002,"v1":0.003},"geometry":{"type":"Polygon","coordinates":[[[-88.1511,44.0793],[-88.137,44.0878],[-88.125,44.089],[-88.115,44.0828],[-88.11,44.0686],[-88.11,44.0462],[-88.119,44.0378],[-88.137,44.0435],[-88.149,44.0535],[-88.155,44.0679],[-88.1511,44.0793]]]}},{"type":"Feature","properties":{"c":"#00ff00","v0":0.002,"v1":0.003},"geometry":{"type":"Polygon","coordinates":[[[-98.7769,43.9528],[-98.7123,44.0248],[-98.6475,44.0598],[-98.5825,44.058],[-98.5521,44.0472],[-98.5562,44.0275],[-98.5818,44.0104],[-98.6288,43.996],[-98.6608,43.9816],[-98.6777,43.9672],[-98.6571,43.9541],[-98.599,43.9421],[-98.5645,43.9313],[-98.5536,43.9216],[-98.5736,43.9075],[-98.6245,43.8888],[-98.6893,43.8852],[-98.7679,43.8967],[-98.8077,43.906],[-98.8087,43.9132],[-98.7769,43.9528]],[[-98.6742,44.0379],[-98.6581,44.0499],[-98.6331,44.0499],[-98.5994,44.0379],[-98.5994,44.0249],[-98.6331,44.0108],[-98.6581,44.0108],[-98.6742,44.0249],[-98.6742,44.0379]],[[-98.6666,43.9168],[-98.6461,43.9168],[-98.6394,43.9131],[-98.6465,43.9057],[-98.6567,43.9057],[-98.6701,43.9131],[-98.6666,43.9168]],[[-98.7482,43.9312],[-98.7322,43.9312],[-98.7307,43.9274],[-98.7436,43.9198],[-98.7516,43.9198],[-98.7547,43.9274],[-98.7482,43.9312]]]}},{"type":"Feature","properties":{"c":"#00ff00","v0":0.002,"v1":0.003},"geometry":{"type":"Polygon","coordinates":[[[-98.4416,44.036],[-98.4205,44.0441],[-98.3871,44.0441],[-98.3414,44.036],[-98.3164,44.0284],[-98.3121,44.0212],[-98.335,44.013],[-98.385,44.0039],[-98.4205,44.0075],[-98.4416,44.0238],[-98.4416,44.036]]]}},{"type":"Feature","properties":{"c":"#00ff00","v0":0.002,"v1":0.003},"geometry":{"type":"Polygon","coordinates":[[[-73.9226,43.8785],[-73.9142,43.8884],[-73.885,43.8924],[-73.835,43.8904],[-73.795,43.907],[-73.765,43.9419],[-73.735,43.9675],[-73.705,43.9838],[-73.68,43.9925],[-73.66,43.9937],[-73.635,43.9858],[-73.605,43.9687],[-73.5841,43.9745],[-73.5722,44.0032],[-73.5572,44.0238],[-73.5391,44.0362],[-73.49,44.0417],[-73.41,44.0402],[-73.3579,44.034],[-73.3338,44.023],[-73.3236,44.0068],[-73.3273,43.9852],[-73.3394,43.9649],[-73.3598,43.9459],[-73.425,43.9331],[-73.535,43.9264],[-73.61,43.9127],[-73.65,43.8919],[-73.72,43.8708],[-73.82,43.8492],[-73.8842,43.8472],[-73.9126,43.8648],[-73.9226,43.8785]],[[-73.5509,43.996],[-73.5454,44.0104],[-73.5346,44.02],[-73.5182,44.0247],[-73.4882,44.0211],[-73.4445,44.0092],[-73.4202,43.9924],[-73.4153,43.9708],[-73.4221,43.9543],[-73.4407,43.9427],[-73.47,43.9367],[-73.51,43.9363],[-73.5352,43.9385],[-73.5456,43.9433],[-73.5515,43.9564],[-73.5529,43.978],[-73.5509,43.996]],[[-73.7567,43.9206],[-73.7122,43.9569],[-73.673,43.9677],[-73.639,43.953],[-73.634,43.9319],[-73.658,43.9045],[-73.69,43.8871],[-73.73,43.8798],[-73.7572,43.8826],[-73.7717,43.8958],[-73.7567,43.9206]]]}},{"type":"Feature","properties":{"c":"#00ff00","v0":0.002,"v1":0.003},"geometry":{"type":"Polygon","coordinates":[[[-79.6416,43.9877],[-79.6205,44.0143],[-79.58,44.0232],[-79.52,44.0144],[-79.4794,43.9687],[-79.4581,43.8861],[-79.4681,43.8385],[-79.5094,43.8261],[-79.5446,43.8261],[-79.5737,43.8385],[-79.6042,43.8772],[-79.6362,43.942],[-79.6416,43.9877]],[[-79.6309,43.9862],[-79.6036,44.0096],[-79.5699,44.0168],[-79.5297,44.0077],[-79.5047,43.9653],[-79.4949,43.8895],[-79.5,43.8485],[-79.52,43.8424],[-79.5418,43.8443],[-79.5653,43.8542],[-79.5939,43.888],[-79.6277,43.9456],[-79.6309,43.9862]]]}},{"type":"Feature","properties":{"c":"#00ff00","v0":0.002,"v1":0.003},"geometry":{"type":"Polygon","coordinates":[[[-98.5032,43.9168],[-98.4411,43.9455],[-98.385,43.9556],[-98.335,43.9473],[-98.255,43.9465],[-98.145,43.9533],[-98.07,43.969],[-98.03,43.9936],[-97.9421,43.9837],[-97.8063,43.9391],[-97.7463,43.9127],[-97.7621,43.9044],[-97.8,43.9017],[-97.86,43.9045],[-97.905,43.8996],[-97.935,43.8868],[-97.97,43.8849],[-98.01,43.8939],[-98.055,43.8944],[-98.105,43.8864],[-98.145,43.8746],[-98.175,43.8592],[-98.265,43.8531],[-98.415,43.8563],[-98.5011,43.869],[-98.5232,43.8913],[-98.5032,43.9168]],[[-97.8843,43.9363],[-97.8614,43.9463],[-97.8367,43.9427],[-97.81,43.9254],[-97.81,43.9157],[-97.8367,43.9134],[-97.8614,43.917],[-97.8843,43.9265],[-97.8843,43.9363]],[[-98.5004,43.9078],[-98.4801,43.9185],[-98.445,43.927],[-98.395,43.9331],[-98.337,43.9314],[-98.2711,43.9217],[-98.231,43.9096],[-98.2168,43.8952],[-98.2748,43.8837],[-98.4049,43.8752],[-98.4801,43.8788],[-98.5004,43.8945],[-98.5004,43.9078]]]}},{"type":"Feature","properties":{"c":"#00ff00","v0":0.002,"v1":0.003},"geometry":{"type":"Polygon","coordinates":[[[-109.0807,43.9782],[-109.0736,43.9858],[-109.0596,43.9894],[-109.0389,43.989],[-109.0339,43.9842],[-109.0446,43.9749],[-109.0586,43.9713],[-109.0757,43.9734],[-109.0807,43.9782]]]}},{"type":"Feature","properties":{"c":"#00ff00","v0":0.002,"v1":0.003},"geometry":{"type":"Polygon","coordinates":[[[-95.3243,43.9285],[-95.3014,43.9519],[-95.275,43.9683],[-95.245,43.9776],[-95.2227,43.9803],[-95.2082,43.9764],[-95.2157,43.9528],[-95.2452,43.9096],[-95.2724,43.8884],[-95.2975,43.8893],[-95.3164,43.8965],[-95.3293,43.9101],[-95.3243,43.9285]],[[-95.3005,43.9237],[-95.2935,43.9374],[-95.2816,43.9446],[-95.2649,43.9453],[-95.2598,43.9348],[-95.2663,43.9132],[-95.2782,43.906],[-95.2954,43.9132],[-95.3005,43.9237]]]}},{"type":"Feature","properties":{"c":"#00ff00","v0":0.002,"v1":0.003},"geometry":{"type":"Polygon","coordinates":[[[-74.9777,43.9642],[-74.9592,43.9725],[-74.9393,43.9689],[-74.918,43.9534],[-74.918,43.9401],[-74.9393,43.9289],[-74.9592,43.9325],[-74.9777,43.9509],[-74.9777,43.9642]]]}},{"type":"Feature","properties":{"c":"#00ff00","v0":0.002,"v1":0.003},"geometry":{"type":"Polygon","coordinates":[[[-74.7249,43.9629],[-74.715,43.9686],[-74.6998,43.9686],[-74.6793,43.9629],[-74.6793,43.9565],[-74.6998,43.9493],[-74.715,43.9493],[-74.7249,43.9565],[-74.7249,43.9629]]]}},{"type":"Feature","properties":{"c":"#00ff00","v0":0.002,"v1":0.003},"geometry":{"type":"Polygon","coordinates":[[[-109.1747,43.8772],[-109.1601,43.9132],[-109.1421,43.9367],[-109.1207,43.9476],[-109.1165,43.9296],[-109.1295,43.8827],[-109.1445,43.8555],[-109.1615,43.848],[-109.173,43.848],[-109.179,43.8555],[-109.1747,43.8772]]]}},{"type":"Feature","properties":{"c":"#00ff00","v0":0.002,"v1":0.003},"geometry":{"type":"Polygon","coordinates":[[[-99.4414,43.935],[-99.4338,43.9426],[-99.415,43.942],[-99.385,43.9334],[-99.3593,43.9188],[-99.3378,43.8983],[-99.3278,43.8801],[-99.3293,43.8643],[-99.345,43.8545],[-99.375,43.8509],[-99.4038,43.8696],[-99.4314,43.9107],[-99.4414,43.935]],[[-99.4137,43.9063],[-99.4112,43.9142],[-99.4,43.9169],[-99.38,43.9144],[-99.3631,43.9069],[-99.3492,43.8943],[-99.3434,43.8808],[-99.3458,43.8664],[-99.3578,43.8604],[-99.3793,43.8627],[-99.3962,43.8735],[-99.4087,43.8928],[-99.4137,43.9063]]]}},{"type":"Feature","properties":{"c":"#00ff00","v0":0.002,"v1":0.003},"geometry":{"type":"Polygon","coordinates":[[[-95.099,43.9457],[-95.0663,43.9457],[-95.05,43.9375],[-95.05,43.9209],[-95.06,43.9129],[-95.08,43.9134],[-95.0963,43.9216],[-95.109,43.9376],[-95.099,43.9457]]]}},{"type":"Feature","properties":{"c":"#00ff00","v0":0.002,"v1":0.003},"geometry":{"type":"Polygon","coordinates":[[[-94.8651,43.9456],[-94.8485,43.9456],[-94.8427,43.9428],[-94.8476,43.9373],[-94.8559,43.9373],[-94.8676,43.9428],[-94.8651,43.9456]]]}},{"type":"Feature","properties":{"c":"#00ff00","v0":0.002,"v1":0.003},"geometry":{"type":"Polygon","coordinates":[[[-99.1093,43.9106],[-99.0964,43.927],[-99.075,43.9345],[-99.045,43.9331],[-99.0266,43.9285],[-99.0198,43.9207],[-99.0248,43.9075],[-99.0416,43.8889],[-99.06,43.8799],[-99.08,43.8805],[-99.0964,43.8861],[-99.1093,43.897],[-99.1093,43.9106]],[[-99.0918,43.9064],[-99.0906,43.9143],[-99.0798,43.9179],[-99.0595,43.9172],[-99.0495,43.9132],[-99.0498,43.906],[-99.0606,43.9024],[-99.0818,43.9024],[-99.0918,43.9064]]]}},{"type":"Feature","properties":{"c":"#00ff00","v0":0.002,"v1":0.003},"geometry":{"type":"Polygon","coordinates":[[[-94.7796,43.8983],[-94.7599,43.9189],[-94.735,43.93],[-94.705,43.9314],[-94.6856,43.9283],[-94.6769,43.9207],[-94.6763,43.9096],[-94.6837,43.8952],[-94.703,43.8827],[-94.7343,43.8722],[-94.7599,43.8722],[-94.7796,43.8827],[-94.7796,43.8983]],[[-94.7512,43.9056],[-94.7371,43.912],[-94.7232,43.912],[-94.7095,43.9056],[-94.7145,43.898],[-94.7382,43.8892],[-94.7521,43.8892],[-94.7562,43.898],[-94.7512,43.9056]]]}},{"type":"Feature","properties":{"c":"#00ff00","v0":0.002,"v1":0.003},"geometry":{"type":"Polygon","coordinates":[[[-79.3886,43.9182],[-79.3762,43.921],[-79.3659,43.9174],[-79.3577,43.9074],[-79.3627,43.902],[-79.3809,43.9013],[-79.3912,43.9049],[-79.3936,43.9128],[-79.3886,43.9182]]]}},{"type":"Feature","properties":{"c":"#00ff00","v0":0.002,"v1":0.003},"geometry":{"type":"Polygon","coordinates":[[[-75.7097,43.8816],[-75.6966,43.8978],[-75.6821,43.905],[-75.6664,43.9033],[-75.6664,43.8908],[-75.6821,43.8674],[-75.6966,43.8602],[-75.7097,43.8691],[-75.7097,43.8816]]]}},{"type":"Feature","properties":{"c":"#00ff00","v0":0.002,"v1":0.003},"geometry":{"type":"Polygon","coordinates":[[[-74.8699,43.8946],[-74.8566,43.9079],[-74.83,43.908],[-74.79,43.895],[-74.755,43.8945],[-74.725,43.9064],[-74.6973,43.9027],[-74.6718,43.8833],[-74.7018,43.8697],[-74.7873,43.8619],[-74.8416,43.8655],[-74.8649,43.8805],[-74.8699,43.8946]],[[-74.8448,43.888],[-74.8299,43.888],[-74.8243,43.8846],[-74.8281,43.8777],[-74.8356,43.8777],[-74.8467,43.8846],[-74.8448,43.888]]]}},{"type":"Feature","properties":{"c":"#00ff00","v0":0.002,"v1":0.003},"geometry":{"type":"Polygon","coordinates":[[[-74.1997,43.8808],[-74.1803,43.8952],[-74.1611,43.9024],[-74.1421,43.9024],[-74.1419,43.892],[-74.1606,43.8712],[-74.1798,43.864],[-74.1995,43.8704],[-74.1997,43.8808]]]}},{"type":"Feature","properties":{"c":"#00ff00","v0":0.002,"v1":0.003},"geometry":{"type":"Polygon","coordinates":[[[-103.4746,43.8636],[-103.4715,43.8725],[-103.4612,43.8761],[-103.4437,43.8744],[-103.4387,43.8684],[-103.4462,43.8579],[-103.4565,43.8543],[-103.4696,43.8575],[-103.4746,43.8636]]]}},{"type":"Feature","properties":{"c":"#00ff00","v0":0.002,"v1":0.003},"geometry":{"type":"Polygon","coordinates":[[[-99.1424,43.8372],[-99.0941,43.8511],[-99.055,43.855],[-99.025,43.8489],[-99.0012,43.8384],[-98.9835,43.8234],[-98.9721,43.7978],[-98.9669,43.7617],[-98.9758,43.7401],[-98.9986,43.733],[-99.035,43.7345],[-99.085,43.7448],[-99.1241,43.77],[-99.1524,43.8102],[-99.1424,43.8372]],[[-99.109,43.7978],[-99.0935,43.8195],[-99.0718,43.8309],[-99.0439,43.832],[-99.0242,43.8284],[-99.0126,43.8201],[-99.0117,43.8087],[-99.0216,43.7942],[-99.0181,43.7798],[-99.0013,43.7653],[-98.9972,43.7551],[-99.0057,43.7491],[-99.03,43.7487],[-99.07,43.7539],[-99.0967,43.7642],[-99.1101,43.7794],[-99.109,43.7978]]]}},{"type":"Feature","properties":{"c":"#00ff00","v0":0.002,"v1":0.003},"geometry":{"type":"Polygon","coordinates":[[[-95.2029,43.8469],[-95.1943,43.8511],[-95.1822,43.8475],[-95.1665,43.836],[-95.1665,43.8293],[-95.1822,43.8274],[-95.1943,43.831],[-95.2029,43.8402],[-95.2029,43.8469]]]}},{"type":"Feature","properties":{"c":"#00ff00","v0":0.002,"v1":0.003},"geometry":{"type":"Polygon","coordinates":[[[-95.0617,43.8015],[-95.0139,43.8304],[-94.965,43.8314],[-94.915,43.8045],[-94.875,43.7935],[-94.845,43.7983],[-94.825,43.7973],[-94.8151,43.7904],[-94.8151,43.7841],[-94.825,43.7784],[-94.845,43.7783],[-94.875,43.7837],[-94.91,43.7768],[-94.95,43.7576],[-94.9989,43.7577],[-95.0567,43.7772],[-95.0617,43.8015]],[[-95.0357,43.7901],[-95.0186,43.7964],[-95.0028,43.7964],[-94.9885,43.7901],[-94.9885,43.7831],[-95.0028,43.7753],[-95.0186,43.7753],[-95.0357,43.7831],[-95.0357,43.7901]]]}},{"type":"Feature","properties":{"c":"#00ff00","v0":0.002,"v1":0.003},"geometry":{"type":"Polygon","coordinates":[[[-75.8536,43.8458],[-75.8379,43.8478],[-75.8265,43.8442],[-75.8196,43.8349],[-75.8246,43.8286],[-75.8415,43.8253],[-75.8529,43.8289],[-75.8586,43.8394],[-75.8536,43.8458]]]}},{"type":"Feature","properties":{"c":"#00ff00","v0":0.002,"v1":0.003},"geometry":{"type":"Polygon","coordinates":[[[-109.263,43.8078],[-109.2543,43.8205],[-109.2415,43.8241],[-109.2246,43.8186],[-109.2196,43.8078],[-109.2265,43.7915],[-109.2393,43.7879],[-109.258,43.7969],[-109.263,43.8078]]]}},{"type":"Feature","properties":{"c":"#00ff00","v0":0.002,"v1":0.003},"geometry":{"type":"Polygon","coordinates":[[[-95.15,43.817],[-95.1367,43.8192],[-95.1235,43.8156],[-95.1104,43.8062],[-95.1171,43.8051],[-95.1435,43.8123],[-95.15,43.817]]]}},{"type":"Feature","properties":{"c":"#00ff00","v0":0.002,"v1":0.003},"geometry":{"type":"Polygon","coordinates":[[[-103.0561,43.7444],[-103.0387,43.7746],[-103.013,43.771],[-102.9791,43.7335],[-102.9841,43.709],[-103.028,43.6974],[-103.0537,43.7011],[-103.0611,43.7198],[-103.0561,43.7444]]]}},{"type":"Feature","properties":{"c":"#00ff00","v0":0.002,"v1":0.003},"geometry":{"type":"Polygon","coordinates":[[[-116.1219,43.7518],[-116.114,43.768],[-116.105,43.7784],[-116.095,43.783],[-116.0852,43.7821],[-116.0757,43.7757],[-116.0757,43.7619],[-116.0852,43.7406],[-116.099,43.7334],[-116.1169,43.7402],[-116.1219,43.7518]]]}},{"type":"Feature","properties":{"c":"#00ff00","v0":0.002,"v1":0.003},"geometry":{"type":"Polygon","coordinates":[[[-98.4426,43.7496],[-98.4342,43.7615],[-98.42,43.7683],[-98.4,43.7701],[-98.36,43.7633],[-98.3,43.7479],[-98.25,43.7418],[-98.21,43.7452],[-98.1707,43.7352],[-98.1321,43.7119],[-98.1137,43.6967],[-98.1157,43.6895],[-98.19,43.6919],[-98.3367,43.7041],[-98.4192,43.7186],[-98.4376,43.7353],[-98.4426,43.7496]]]}},{"type":"Feature","properties":{"c":"#00ff00","v0":0.002,"v1":0.003},"geometry":{"type":"Polygon","coordinates":[[[-97.4422,43.6755],[-97.3941,43.7126],[-97.346,43.7271],[-97.298,43.7189],[-97.2746,43.7039],[-97.2759,43.6822],[-97.2849,43.6661],[-97.3016,43.6554],[-97.33,43.6511],[-97.37,43.653],[-97.4,43.6475],[-97.42,43.6346],[-97.4391,43.6353],[-97.4572,43.6497],[-97.4422,43.6755]],[[-97.3765,43.6949],[-97.3588,43.713],[-97.3393,43.7202],[-97.3178,43.7166],[-97.3018,43.7075],[-97.2913,43.6931],[-97.297,43.68],[-97.319,43.6682],[-97.3438,43.6682],[-97.3715,43.68],[-97.3765,43.6949]]]}},{"type":"Feature","properties":{"c":"#00ff00","v0":0.002,"v1":0.003},"geometry":{"type":"Polygon","coordinates":[[[-102.9135,43.7003],[-102.8765,43.7003],[-102.855,43.6931],[-102.849,43.6786],[-102.8557,43.6714],[-102.8751,43.6714],[-102.8966,43.6786],[-102.9202,43.6931],[-102.9135,43.7003]]]}},{"type":"Feature","properties":{"c":"#00ff00","v0":0.002,"v1":0.003},"geometry":{"type":"Polygon","coordinates":[[[-94.9532,43.6895],[-94.9511,43.6969],[-94.9397,43.7005],[-94.919,43.7004],[-94.92,43.6967],[-94.9429,43.6895],[-94.9532,43.6895]]]}},{"type":"Feature","properties":{"c":"#00ff00","v0":0.002,"v1":0.003},"geometry":{"type":"Polygon","coordinates":[[[-79.672,43.688],[-79.6573,43.6922],[-79.6483,43.6886],[-79.6449,43.6771],[-79.6499,43.6702],[-79.6633,43.6678],[-79.6723,43.6715],[-79.677,43.6811],[-79.672,43.688]]]}},{"type":"Feature","properties":{"c":"#00ff00","v0":0.002,"v1":0.003},"geometry":{"type":"Polygon","coordinates":[[[-116.4799,43.6345],[-116.4733,43.6476],[-116.46,43.6547],[-116.44,43.6556],[-116.41,43.6542],[-116.37,43.6503],[-116.335,43.6402],[-116.305,43.624],[-116.2683,43.6153],[-116.225,43.6141],[-116.22,43.6001],[-116.2533,43.5733],[-116.285,43.5575],[-116.315,43.5526],[-116.365,43.5577],[-116.435,43.5729],[-116.4733,43.5924],[-116.4799,43.6161],[-116.4799,43.6345]]]}},{"type":"Feature","properties":{"c":"#00ff00","v0":0.002,"v1":0.003},"geometry":{"type":"Polygon","coordinates":[[[-95.8641,43.6242],[-95.828,43.6455],[-95.76,43.6519],[-95.66,43.6435],[-95.6054,43.6329],[-95.5963,43.6199],[-95.5963,43.6063],[-95.6054,43.592],[-95.625,43.5872],[-95.655,43.5922],[-95.695,43.5881],[-95.745,43.5749],[-95.798,43.5797],[-95.8541,43.6022],[-95.8641,43.6242]],[[-95.8285,43.6191],[-95.8028,43.6303],[-95.7698,43.6303],[-95.7294,43.6191],[-95.7422,43.6135],[-95.8083,43.6135],[-95.8285,43.6191]]]}},{"type":"Feature","properties":{"c":"#00ff00","v0":0.002,"v1":0.003},"geometry":{"type":"Polygon","coordinates":[[[-95.3901,43.6127],[-95.3367,43.6112],[-95.303,43.6039],[-95.2889,43.591],[-95.2939,43.5833],[-95.318,43.581],[-95.3517,43.5882],[-95.3951,43.6051],[-95.3901,43.6127]]]}},{"type":"Feature","properties":{"c":"#00ff00","v0":0.002,"v1":0.003},"geometry":{"type":"Polygon","coordinates":[[[-97.0018,43.4731],[-96.9939,43.4824],[-96.945,43.4913],[-96.855,43.4999],[-96.81,43.5158],[-96.81,43.539],[-96.827,43.5591],[-96.8609,43.576],[-96.8706,43.5881],[-96.8561,43.5954],[-96.8092,43.5973],[-96.7297,43.5939],[-96.6789,43.5794],[-96.6567,43.5538],[-96.6467,43.5317],[-96.6489,43.513],[-96.685,43.4884],[-96.755,43.4579],[-96.8439,43.4491],[-96.9518,43.462],[-97.0018,43.4731]],[[-96.7695,43.5595],[-96.7565,43.5674],[-96.735,43.5686],[-96.705,43.5631],[-96.6869,43.5555],[-96.6807,43.5458],[-96.6957,43.5351],[-96.7319,43.5232],[-96.7565,43.5268],[-96.7695,43.546],[-96.7695,43.5595]]]}},{"type":"Feature","properties":{"c":"#00ff00","v0":0.002,"v1":0.003},"geometry":{"type":"Polygon","coordinates":[[[-116.1479,43.5541],[-116.136,43.5804],[-116.125,43.5918],[-116.115,43.5884],[-116.0867,43.568],[-116.04,43.5307],[-116.0185,43.5048],[-116.0219,43.4903],[-116.0352,43.4748],[-116.0584,43.4583],[-116.078,43.4511],[-116.094,43.453],[-116.115,43.4757],[-116.1409,43.5193],[-116.1479,43.5541]]]}},{"type":"Feature","properties":{"c":"#00ff00","v0":0.002,"v1":0.003},"geometry":{"type":"Polygon","coordinates":[[[-96.5733,43.5057],[-96.5444,43.5512],[-96.5119,43.5693],[-96.4756,43.5601],[-96.4556,43.5425],[-96.4519,43.5163],[-96.415,43.5055],[-96.345,43.5101],[-96.3015,43.5014],[-96.2846,43.4795],[-96.2896,43.458],[-96.3165,43.4371],[-96.38,43.4318],[-96.48,43.4422],[-96.5444,43.4563],[-96.5733,43.4741],[-96.5733,43.5057]]]}},{"type":"Feature","properties":{"c":"#00ff00","v0":0.002,"v1":0.003},"geometry":{"type":"Polygon","coordinates":[[[-74.6936,43.4914],[-74.6645,43.5081],[-74.6429,43.5117],[-74.6288,43.5023],[-74.6288,43.4924],[-74.6429,43.482],[-74.6645,43.4784],[-74.6936,43.4815],[-74.6936,43.4914]]]}},{"type":"Feature","properties":{"c":"#00ff00","v0":0.002,"v1":0.003},"geometry":{"type":"Polygon","coordinates":[[[-100.086,43.4939],[-100.0698,43.4866],[-100.0688,43.4829],[-100.0829,43.4826],[-100.091,43.4863],[-100.0931,43.4938],[-100.086,43.4939]]]}},{"type":"Feature","properties":{"c":"#00ff00","v0":0.002,"v1":0.003},"geometry":{"type":"Polygon","coordinates":[[[-112.4667,43.3933],[-112.4556,43.4173],[-112.4411,43.4209],[-112.4233,43.4042],[-112.4233,43.3899],[-112.4411,43.3779],[-112.4556,43.3743],[-112.4667,43.379],[-112.4667,43.3933]]]}},{"type":"Feature","properties":{"c":"#00ff00","v0":0.002,"v1":0.003},"geometry":{"type":"Polygon","coordinates":[[[-96.3296,43.3969],[-96.3165,43.3991],[-96.3097,43.3955],[-96.3092,43.386],[-96.3157,43.385],[-96.3293,43.3922],[-96.3296,43.3969]]]}},{"type":"Feature","properties":{"c":"#00ff00","v0":0.002,"v1":0.003},"geometry":{"type":"Polygon","coordinates":[[[-81.4079,43.3653],[-81.396,43.3915],[-81.375,43.4044],[-81.345,43.4039],[-81.3198,43.38],[-81.2994,43.3324],[-81.2994,43.304],[-81.3198,43.2947],[-81.351,43.3056],[-81.3929,43.3367],[-81.4079,43.3653]],[[-81.3909,43.3747],[-81.377,43.3904],[-81.3608,43.394],[-81.3424,43.3856],[-81.3374,43.3721],[-81.3458,43.3536],[-81.36,43.3457],[-81.38,43.3484],[-81.392,43.354],[-81.3959,43.3625],[-81.3909,43.3747]]]}},{"type":"Feature","properties":{"c":"#00ff00","v0":0.002,"v1":0.003},"geometry":{"type":"Polygon","coordinates":[[[-112.655,43.3013],[-112.6364,43.3159],[-112.6332,43.3377],[-112.6452,43.3668],[-112.6419,43.3813],[-112.6234,43.3813],[-112.5988,43.3668],[-112.5683,43.3377],[-112.5514,43.305],[-112.5482,43.2686],[-112.5761,43.2613],[-112.6349,43.2831],[-112.655,43.3013]]]}},{"type":"Feature","properties":{"c":"#00ff00","v0":0.002,"v1":0.003},"geometry":{"type":"Polygon","coordinates":[[[-81.1018,43.3427],[-81.0939,43.3526],[-81.065,43.361],[-81.015,43.3679],[-80.9861,43.3666],[-80.9782,43.357],[-80.9832,43.3423],[-81.0011,43.3225],[-81.03,43.3127],[-81.07,43.3131],[-81.0939,43.3194],[-81.1018,43.3316],[-81.1018,43.3427]]]}},{"type":"Feature","properties":{"c":"#00ff00","v0":0.002,"v1":0.003},"geometry":{"type":"Polygon","coordinates":[[[-116.601,43.2832],[-116.5937,43.2906],[-116.5757,43.2906],[-116.5471,43.2832],[-116.5471,43.2731],[-116.5757,43.2604],[-116.5937,43.2604],[-116.601,43.2731],[-116.601,43.2832]]]}},{"type":"Feature","properties":{"c":"#00ff00","v0":0.002,"v1":0.003},"geometry":{"type":"Polygon","coordinates":[[[-112.8847,43.2827],[-112.8749,43.289],[-112.865,43.284],[-112.855,43.2675],[-112.855,43.2565],[-112.865,43.2512],[-112.8749,43.2562],[-112.8847,43.2717],[-112.8847,43.2827]]]}},{"type":"Feature","properties":{"c":"#00ff00","v0":0.002,"v1":0.003},"geometry":{"type":"Polygon","coordinates":[[[-100.0071,43.2316],[-99.9957,43.2524],[-99.98,43.2652],[-99.96,43.27],[-99.9461,43.2632],[-99.9383,43.2449],[-99.9383,43.2273],[-99.9461,43.2102],[-99.96,43.1999],[-99.98,43.1963],[-99.9957,43.2012],[-100.0071,43.2145],[-100.0071,43.2316]]]}},{"type":"Feature","properties":{"c":"#00ff00","v0":0.002,"v1":0.003},"geometry":{"type":"Polygon","coordinates":[[[-97.0322,43.2559],[-97.0174,43.267],[-97.0041,43.2706],[-96.9923,43.2668],[-96.9923,43.26],[-97.0041,43.2502],[-97.0174,43.2465],[-97.0322,43.2491],[-97.0322,43.2559]]]}},{"type":"Feature","properties":{"c":"#00ff00","v0":0.002,"v1":0.003},"geometry":{"type":"Polygon","coordinates":[[[-97.1774,43.1847],[-97.1591,43.1992],[-97.1413,43.1992],[-97.124,43.1847],[-97.124,43.1709],[-97.1413,43.1577],[-97.1591,43.1577],[-97.1774,43.1709],[-97.1774,43.1847]]]}},{"type":"Feature","properties":{"c":"#00ff00","v0":0.002,"v1":0.003},"geometry":{"type":"Polygon","coordinates":[[[-95.6428,43.109],[-95.6343,43.1179],[-95.6224,43.1215],[-95.6072,43.1199],[-95.6022,43.1116],[-95.6074,43.0967],[-95.6193,43.0931],[-95.6378,43.1007],[-95.6428,43.109]]]}},{"type":"Feature","properties":{"c":"#00ff00","v0":0.002,"v1":0.003},"geometry":{"type":"Polygon","coordinates":[[[-97.421,42.8164],[-97.4137,42.8257],[-97.405,42.8285],[-97.395,42.8248],[-97.385,42.8086],[-97.375,42.78],[-97.375,42.7652],[-97.385,42.7641],[-97.3987,42.7756],[-97.416,42.7997],[-97.421,42.8164]]]}},{"type":"Feature","properties":{"c":"#00ff00","v0":0.002,"v1":0.003},"geometry":{"type":"Polygon","coordinates":[[[-99.8546,42.5899],[-99.7982,42.6462],[-99.76,42.6765],[-99.74,42.681],[-99.7373,42.6566],[-99.7518,42.6032],[-99.7818,42.5683],[-99.8273,42.552],[-99.8582,42.5483],[-99.8746,42.5573],[-99.8546,42.5899]],[[-99.8318,42.5839],[-99.8015,42.5986],[-99.7862,42.5986],[-99.7856,42.5839],[-99.7915,42.5731],[-99.8038,42.5664],[-99.8192,42.5664],[-99.8376,42.5731],[-99.8318,42.5839]]]}},{"type":"Feature","properties":{"c":"#00ff00","v0":0.002,"v1":0.003},"geometry":{"type":"Polygon","coordinates":[[[-74.0703,42.6124],[-74.0568,42.6254],[-74.0496,42.6217],[-74.0487,42.6014],[-74.0537,42.5898],[-74.0646,42.5868],[-74.0718,42.5905],[-74.0753,42.6008],[-74.0703,42.6124]]]}},{"type":"Feature","properties":{"c":"#00ff00","v0":0.002,"v1":0.003},"geometry":{"type":"Polygon","coordinates":[[[-99.6541,42.5949],[-99.6537,42.6023],[-99.6473,42.606],[-99.6351,42.606],[-99.6292,42.6012],[-99.6297,42.5918],[-99.6361,42.5881],[-99.6482,42.5902],[-99.6541,42.5949]]]}},{"type":"Feature","properties":{"c":"#00ff00","v0":0.002,"v1":0.003},"geometry":{"type":"Polygon","coordinates":[[[-96.2154,42.5857],[-96.1718,42.5746],[-96.1262,42.5709],[-96.0786,42.5746],[-96.0498,42.5692],[-96.0397,42.5544],[-96.0436,42.5418],[-96.0612,42.5312],[-96.085,42.5303],[-96.115,42.5391],[-96.145,42.5392],[-96.175,42.5306],[-96.2018,42.5426],[-96.2254,42.575],[-96.2154,42.5857]],[[-96.0973,42.5514],[-96.0924,42.5602],[-96.0828,42.5602],[-96.0684,42.5514],[-96.0709,42.5471],[-96.0901,42.5471],[-96.0973,42.5514]]]}},{"type":"Feature","properties":{"c":"#00ff00","v0":0.002,"v1":0.003},"geometry":{"type":"Polygon","coordinates":[[[-99.9883,42.5655],[-99.9883,42.5728],[-99.9774,42.5765],[-99.9556,42.5765],[-99.946,42.5723],[-99.9487,42.5638],[-99.9596,42.5601],[-99.9788,42.5612],[-99.9883,42.5655]]]}},{"type":"Feature","properties":{"c":"#00ff00","v0":0.002,"v1":0.003},"geometry":{"type":"Polygon","coordinates":[[[-99.6318,42.536],[-99.6305,42.5434],[-99.6181,42.5471],[-99.5945,42.5471],[-99.5846,42.5422],[-99.5882,42.5325],[-99.6006,42.5289],[-99.6218,42.5312],[-99.6318,42.536]]]}},{"type":"Feature","properties":{"c":"#00ff00","v0":0.002,"v1":0.003},"geometry":{"type":"Polygon","coordinates":[[[-99.96,42.4437],[-99.9533,42.473],[-99.9343,42.4841],[-99.903,42.4769],[-99.898,42.454],[-99.9193,42.4153],[-99.935,42.3957],[-99.945,42.3953],[-99.9533,42.4036],[-99.96,42.4206],[-99.96,42.4437]]]}},{"type":"Feature","properties":{"c":"#00ff00","v0":0.002,"v1":0.003},"geometry":{"type":"Polygon","coordinates":[[[-99.4754,42.2738],[-99.4736,42.3182],[-99.4671,42.3474],[-99.4557,42.3613],[-99.395,42.3827],[-99.285,42.4115],[-99.195,42.4055],[-99.125,42.3645],[-99.059,42.3431],[-98.9971,42.3413],[-98.9618,42.3367],[-98.9533,42.3293],[-98.9507,42.3108],[-98.9541,42.2812],[-98.9394,42.2543],[-98.9065,42.2299],[-98.88,42.2211],[-98.86,42.2278],[-98.8485,42.2474],[-98.8456,42.2798],[-98.8306,42.3063],[-98.8035,42.3267],[-98.7772,42.3156],[-98.7515,42.273],[-98.7459,42.2294],[-98.7604,42.185],[-98.7639,42.1553],[-98.7566,42.1405],[-98.7194,42.1183],[-98.6524,42.0886],[-98.5966,42.0742],[-98.5522,42.0752],[-98.5269,42.0678],[-98.5207,42.0519],[-98.5271,42.0366],[-98.5462,42.0217],[-98.5793,42.009],[-98.6264,41.9984],[-98.695,42.0027],[-98.785,42.0219],[-98.8401,42.042],[-98.8604,42.0632],[-98.8699,42.0923],[-98.8686,42.1294],[-98.8784,42.1526],[-98.8995,42.162],[-98.93,42.1637],[-98.97,42.1575],[-99.0013,42.1602],[-99.024,42.1718],[-99.054,42.2056],[-99.0913,42.2617],[-99.135,42.2724],[-99.185,42.2377],[-99.25,42.2088],[-99.33,42.1858],[-99.384,42.1788],[-99.4121,42.1879],[-99.4387,42.2072],[-99.4637,42.2368],[-99.4754,42.2738]],[[-99.0689,42.2892],[-99.0563,42.305],[-99.0367,42.3124],[-99.0102,42.3114],[-98.9785,42.2849],[-98.9416,42.2331],[-98.9232,42.1998],[-98.9233,42.185],[-98.935,42.173],[-98.9583,42.1639],[-98.981,42.1639],[-99.0031,42.173],[-99.0294,42.2035],[-99.0599,42.2553],[-99.0689,42.2892]],[[-98.8779,42.1961],[-98.8537,42.2035],[-98.8338,42.2183],[-98.8181,42.2405],[-98.8147,42.2627],[-98.8237,42.2849],[-98.8197,42.296],[-98.8029,42.296],[-98.7977,42.2886],[-98.8041,42.2738],[-98.7964,42.2553],[-98.7747,42.2331],[-98.7744,42.2072],[-98.7953,42.1776],[-98.7896,42.1442],[-98.7572,42.1071],[-98.7432,42.0784],[-98.7477,42.0581],[-98.7732,42.0506],[-98.8196,42.0561],[-98.8427,42.0812],[-98.8427,42.1257],[-98.8545,42.159],[-98.8781,42.1813],[-98.8779,42.1961]],[[-98.7107,42.0398],[-98.6969,42.0609],[-98.6578,42.0646],[-98.5933,42.0509],[-98.5783,42.0351],[-98.6128,42.0171],[-98.6519,42.0134],[-98.6957,42.0239],[-98.7107,42.0398]],[[-99.4289,42.333],[-99.3805,42.3478],[-99.352,42.3626],[-99.3434,42.3774],[-99.3168,42.3874],[-99.2723,42.3927],[-99.2271,42.3853],[-99.1813,42.3652],[-99.1631,42.3367],[-99.1727,42.2997],[-99.1867,42.2701],[-99.2054,42.2479],[-99.2535,42.2231],[-99.3312,42.1957],[-99.3837,42.1883],[-99.411,42.2009],[-99.4318,42.2368],[-99.446,42.296],[-99.4289,42.333]]]}},{"type":"Feature","properties":{"c":"#00ff00","v0":0.002,"v1":0.003},"geometry":{"type":"Polygon","coordinates":[[[-99.7561,42.3256],[-99.7388,42.3552],[-99.7252,42.3694],[-99.7151,42.3683],[-99.7068,42.3646],[-99.7005,42.3583],[-99.7066,42.3441],[-99.7252,42.3219],[-99.7383,42.3078],[-99.7461,42.3018],[-99.7537,42.3018],[-99.761,42.3078],[-99.7561,42.3256]]]}},{"type":"Feature","properties":{"c":"#00ff00","v0":0.002,"v1":0.003},"geometry":{"type":"Polygon","coordinates":[[[-98.4121,42.2886],[-98.4021,42.3034],[-98.3653,42.3258],[-98.3018,42.3557],[-98.2694,42.3631],[-98.2682,42.348],[-98.2832,42.3287],[-98.3144,42.3053],[-98.345,42.2877],[-98.375,42.276],[-98.3968,42.2729],[-98.4104,42.2785],[-98.4121,42.2886]]]}},{"type":"Feature","properties":{"c":"#00ff00","v0":0.002,"v1":0.003},"geometry":{"type":"Polygon","coordinates":[[[-78.9631,42.2862],[-78.9544,42.2962],[-78.9409,42.2999],[-78.9226,42.2973],[-78.9176,42.2899],[-78.9259,42.2776],[-78.9394,42.2739],[-78.9581,42.2788],[-78.9631,42.2862]]]}},{"type":"Feature","properties":{"c":"#00ff00","v0":0.002,"v1":0.003},"geometry":{"type":"Polygon","coordinates":[[[-75.8401,42.2716],[-75.8067,42.2818],[-75.7838,42.2781],[-75.7713,42.2605],[-75.7813,42.2496],[-75.8138,42.2455],[-75.8367,42.2492],[-75.8501,42.2607],[-75.8401,42.2716]],[[-75.8199,42.2664],[-75.7976,42.2664],[-75.7923,42.2634],[-75.8041,42.2572],[-75.8153,42.2572],[-75.8258,42.2634],[-75.8199,42.2664]]]}},{"type":"Feature","properties":{"c":"#00ff00","v0":0.002,"v1":0.003},"geometry":{"type":"Polygon","coordinates":[[[-99.5994,42.2556],[-99.5798,42.2635],[-99.5602,42.2598],[-99.5405,42.2445],[-99.5405,42.2323],[-99.5602,42.2233],[-99.5798,42.227],[-99.5994,42.2434],[-99.5994,42.2556]]]}},{"type":"Feature","properties":{"c":"#00ff00","v0":0.002,"v1":0.003},"geometry":{"type":"Polygon","coordinates":[[[-96.9405,42.1125],[-96.9202,42.1307],[-96.895,42.1374],[-96.865,42.1327],[-96.8456,42.1347],[-96.8367,42.1435],[-96.8265,42.1665],[-96.8151,42.2035],[-96.8242,42.2331],[-96.854,42.2553],[-96.8642,42.2686],[-96.8547,42.273],[-96.825,42.2669],[-96.775,42.2505],[-96.7538,42.2298],[-96.7613,42.2049],[-96.759,42.1702],[-96.7469,42.1257],[-96.7559,42.0849],[-96.786,42.0477],[-96.8183,42.029],[-96.8528,42.0287],[-96.885,42.0229],[-96.915,42.0117],[-96.9352,42.0305],[-96.9455,42.0791],[-96.9405,42.1125]],[[-96.8258,42.0626],[-96.8114,42.07],[-96.8057,42.0681],[-96.8086,42.0569],[-96.8157,42.0532],[-96.8272,42.057],[-96.8258,42.0626]]]}},{"type":"Feature","properties":{"c":"#00ff00","v0":0.002,"v1":0.003},"geometry":{"type":"Polygon","coordinates":[[[-76.9079,42.2135],[-76.896,42.2261],[-76.8773,42.2298],[-76.852,42.2246],[-76.847,42.2126],[-76.8623,42.1937],[-76.881,42.19],[-76.9029,42.2015],[-76.9079,42.2135]],[[-76.892,42.212],[-76.8773,42.2217],[-76.8651,42.2217],[-76.8553,42.212],[-76.8553,42.2039],[-76.8651,42.1974],[-76.8773,42.1974],[-76.892,42.2039],[-76.892,42.212]]]}},{"type":"Feature","properties":{"c":"#00ff00","v0":0.002,"v1":0.003},"geometry":{"type":"Polygon","coordinates":[[[-76.0101,42.2242],[-75.9967,42.2287],[-75.9895,42.225],[-75.9885,42.2131],[-75.9952,42.2109],[-76.0096,42.2183],[-76.0101,42.2242]]]}},{"type":"Feature","properties":{"c":"#00ff00","v0":0.002,"v1":0.003},"geometry":{"type":"Polygon","coordinates":[[[-97.9632,42.1775],[-97.9277,42.207],[-97.906,42.2181],[-97.8981,42.2108],[-97.902,42.1924],[-97.9177,42.1628],[-97.9367,42.1465],[-97.9589,42.1437],[-97.9727,42.1474],[-97.9782,42.1576],[-97.9632,42.1775]],[[-97.9572,42.1665],[-97.9489,42.1739],[-97.9425,42.1739],[-97.9382,42.1665],[-97.9424,42.1628],[-97.9551,42.1628],[-97.9572,42.1665]]]}},{"type":"Feature","properties":{"c":"#00ff00","v0":0.002,"v1":0.003},"geometry":{"type":"Polygon","coordinates":[[[-98.4765,42.1818],[-98.4455,42.1902],[-98.4281,42.1902],[-98.4243,42.1818],[-98.4293,42.1732],[-98.4431,42.1644],[-98.4605,42.1644],[-98.4815,42.1732],[-98.4765,42.1818]]]}},{"type":"Feature","properties":{"c":"#00ff00","v0":0.002,"v1":0.003},"geometry":{"type":"Polygon","coordinates":[[[-99.6062,42.1776],[-99.5833,42.1776],[-99.5763,42.1748],[-99.5854,42.1691],[-99.5969,42.1691],[-99.6108,42.1748],[-99.6062,42.1776]]]}},{"type":"Feature","properties":{"c":"#00ff00","v0":0.002,"v1":0.003},"geometry":{"type":"Polygon","coordinates":[[[-99.1595,42.1542],[-99.1398,42.1667],[-99.1191,42.1704],[-99.0974,42.1653],[-99.0924,42.1565],[-99.1041,42.1439],[-99.1248,42.1402],[-99.1545,42.1454],[-99.1595,42.1542]]]}},{"type":"Feature","properties":{"c":"#00ff00","v0":0.002,"v1":0.003},"geometry":{"type":"Polygon","coordinates":[[[-98.542,42.1526],[-98.534,42.162],[-98.5211,42.1657],[-98.5033,42.1637],[-98.5033,42.1572],[-98.5211,42.1461],[-98.534,42.1424],[-98.542,42.1461],[-98.542,42.1526]]]}},{"type":"Feature","properties":{"c":"#00ff00","v0":0.002,"v1":0.003},"geometry":{"type":"Polygon","coordinates":[[[-75.8295,42.1547],[-75.8165,42.1682],[-75.795,42.1713],[-75.765,42.164],[-75.742,42.1462],[-75.7261,42.1177],[-75.7211,42.0965],[-75.727,42.0826],[-75.74,42.0722],[-75.76,42.0655],[-75.7727,42.0724],[-75.7782,42.0931],[-75.7947,42.1145],[-75.8222,42.1368],[-75.8295,42.1547]]]}},{"type":"Feature","properties":{"c":"#00ff00","v0":0.002,"v1":0.003},"geometry":{"type":"Polygon","coordinates":[[[-99.0415,42.0393],[-99.0072,42.0595],[-98.97,42.0632],[-98.93,42.0506],[-98.9067,42.0368],[-98.9001,42.0218],[-98.9101,42.0075],[-98.9367,41.9938],[-98.9711,41.9901],[-99.0133,41.9963],[-99.0405,42.0069],[-99.0526,42.0217],[-99.0415,42.0393]],[[-99.001,42.0348],[-98.9803,42.0461],[-98.96,42.049],[-98.94,42.0435],[-98.9259,42.0342],[-98.9178,42.0209],[-98.9228,42.0111],[-98.9409,42.0047],[-98.9653,42.0084],[-98.996,42.0223],[-99.001,42.0348]]]}},{"type":"Feature","properties":{"c":"#00ff00","v0":0.002,"v1":0.003},"geometry":{"type":"Polygon","coordinates":[[[-99.6871,41.791],[-99.6573,41.8208],[-99.6492,41.8469],[-99.6625,41.8693],[-99.6694,41.8962],[-99.6698,41.9279],[-99.605,41.9408],[-99.475,41.9352],[-99.4054,41.938],[-99.3961,41.9492],[-99.4003,41.9623],[-99.4179,41.9772],[-99.4025,41.9932],[-99.3542,42.0104],[-99.305,42.0196],[-99.255,42.0207],[-99.1832,41.9824],[-99.0897,41.9045],[-99.0547,41.8621],[-99.0782,41.8553],[-99.15,41.8571],[-99.27,41.8674],[-99.35,41.8663],[-99.39,41.8538],[-99.44,41.8576],[-99.5,41.878],[-99.553,41.8564],[-99.599,41.7929],[-99.639,41.7578],[-99.673,41.7512],[-99.693,41.7549],[-99.699,41.769],[-99.6871,41.791]],[[-99.3373,41.9482],[-99.3324,41.9647],[-99.315,41.9684],[-99.285,41.9591],[-99.265,41.963],[-99.255,41.98],[-99.2452,41.9875],[-99.2355,41.9856],[-99.2343,41.9734],[-99.2418,41.9511],[-99.2266,41.9408],[-99.1889,41.9425],[-99.1495,41.9276],[-99.1085,41.8962],[-99.1135,41.8787],[-99.1645,41.8751],[-99.22,41.8787],[-99.28,41.8894],[-99.3174,41.9061],[-99.3323,41.9287],[-99.3373,41.9482]],[[-99.6757,41.7806],[-99.6719,41.7895],[-99.6617,41.7932],[-99.6452,41.7917],[-99.6402,41.7863],[-99.6467,41.777],[-99.6569,41.7733],[-99.6707,41.7752],[-99.6757,41.7806]],[[-99.5147,41.9138],[-99.5116,41.9211],[-99.4881,41.9211],[-99.4443,41.9138],[-99.4163,41.9028],[-99.4039,41.8879],[-99.4108,41.8784],[-99.4369,41.8742],[-99.4666,41.8816],[-99.4997,41.9007],[-99.5147,41.9138]]]}},{"type":"Feature","properties":{"c":"#00ff00","v0":0.002,"v1":0.003},"geometry":{"type":"Polygon","coordinates":[[[-100.5606,41.9362],[-100.5573,41.9586],[-100.5491,41.9697],[-100.536,41.9697],[-100.5212,41.9548],[-100.5046,41.9251],[-100.4998,41.8979],[-100.5066,41.8733],[-100.5231,41.877],[-100.5492,41.9091],[-100.5606,41.9362]]]}},{"type":"Feature","properties":{"c":"#00ff00","v0":0.002,"v1":0.003},"geometry":{"type":"Polygon","coordinates":[[[-97.7361,41.8767],[-97.7054,41.899],[-97.67,41.9032],[-97.63,41.8892],[-97.595,41.8825],[-97.565,41.8831],[-97.5393,41.864],[-97.5178,41.8253],[-97.5178,41.804],[-97.5393,41.8],[-97.56,41.8089],[-97.58,41.8305],[-97.605,41.8377],[-97.635,41.8306],[-97.665,41.8293],[-97.695,41.8338],[-97.7204,41.8435],[-97.7411,41.8582],[-97.7361,41.8767]],[[-97.7229,41.8737],[-97.701,41.8901],[-97.6725,41.8901],[-97.6376,41.8737],[-97.6326,41.8587],[-97.6575,41.845],[-97.686,41.845],[-97.7179,41.8587],[-97.7229,41.8737]]]}},{"type":"Feature","properties":{"c":"#00ff00","v0":0.002,"v1":0.003},"geometry":{"type":"Polygon","coordinates":[[[-93.8647,41.8547],[-93.8549,41.863],[-93.8451,41.863],[-93.8354,41.8547],[-93.8354,41.8473],[-93.8451,41.8407],[-93.8549,41.8407],[-93.8647,41.8473],[-93.8647,41.8547]]]}},{"type":"Feature","properties":{"c":"#00ff00","v0":0.002,"v1":0.003},"geometry":{"type":"Polygon","coordinates":[[[-100.2005,41.765],[-100.1935,41.7727],[-100.175,41.7756],[-100.145,41.7736],[-100.12,41.7843],[-100.1,41.8077],[-100.075,41.8124],[-100.045,41.7984],[-100.015,41.8012],[-99.985,41.8206],[-99.95,41.8299],[-99.91,41.829],[-99.8718,41.8229],[-99.8355,41.8116],[-99.8171,41.8022],[-99.8168,41.7947],[-99.8443,41.7724],[-99.8998,41.7351],[-99.9182,41.6935],[-99.8994,41.6478],[-99.88,41.6229],[-99.86,41.6188],[-99.82,41.6308],[-99.76,41.659],[-99.71,41.6637],[-99.67,41.6452],[-99.63,41.6336],[-99.59,41.6291],[-99.565,41.6192],[-99.555,41.6039],[-99.565,41.5938],[-99.595,41.5887],[-99.6182,41.5777],[-99.6347,41.5605],[-99.6397,41.5354],[-99.6332,41.5022],[-99.665,41.4891],[-99.735,41.4961],[-99.79,41.5149],[-99.83,41.5454],[-99.88,41.5672],[-99.94,41.5803],[-100.0,41.6019],[-100.06,41.6318],[-100.1185,41.6754],[-100.1755,41.7326],[-100.2005,41.765]],[[-100.0155,41.6607],[-99.9985,41.6689],[-99.98,41.6712],[-99.96,41.6676],[-99.935,41.6485],[-99.9051,41.6141],[-99.9101,41.5992],[-99.95,41.604],[-99.9835,41.6189],[-100.0105,41.6441],[-100.0155,41.6607]],[[-99.8159,41.6127],[-99.7586,41.6445],[-99.7184,41.6557],[-99.6953,41.6464],[-99.6748,41.6268],[-99.6571,41.5969],[-99.6587,41.5733],[-99.6796,41.5561],[-99.705,41.5632],[-99.735,41.5946],[-99.7552,41.6106],[-99.7656,41.6114],[-99.7806,41.6014],[-99.8002,41.5807],[-99.8186,41.5769],[-99.8359,41.5902],[-99.8159,41.6127]]]}},{"type":"Feature","properties":{"c":"#00ff00","v0":0.002,"v1":0.003},"geometry":{"type":"Polygon","coordinates":[[[-98.9132,40.8832],[-98.8977,40.9],[-98.86,40.9226],[-98.8,40.9513],[-98.7687,40.9731],[-98.7663,40.9882],[-98.775,41.0071],[-98.7949,41.0297],[-98.7864,41.0561],[-98.7497,41.0863],[-98.7225,41.1428],[-98.7049,41.2256],[-98.7346,41.2685],[-98.8115,41.2716],[-98.8399,41.2904],[-98.8196,41.3249],[-98.811,41.3533],[-98.8143,41.3758],[-98.8394,41.3957],[-98.8865,41.4129],[-98.9113,41.4279],[-98.9138,41.4407],[-98.8988,41.4479],[-98.8663,41.4495],[-98.84,41.4392],[-98.82,41.4169],[-98.8,41.4041],[-98.78,41.401],[-98.755,41.4085],[-98.725,41.4266],[-98.69,41.432],[-98.65,41.4246],[-98.621,41.4238],[-98.603,41.4293],[-98.5951,41.4508],[-98.5973,41.4883],[-98.5913,41.5176],[-98.5771,41.5387],[-98.5587,41.5537],[-98.536,41.5625],[-98.5244,41.5782],[-98.5239,41.6006],[-98.5302,41.6195],[-98.5434,41.6349],[-98.57,41.6411],[-98.61,41.6381],[-98.6327,41.6454],[-98.6381,41.6629],[-98.6219,41.6791],[-98.5841,41.694],[-98.5614,41.7306],[-98.5538,41.789],[-98.535,41.8193],[-98.505,41.8216],[-98.4702,41.8073],[-98.4305,41.7766],[-98.3764,41.7537],[-98.308,41.7388],[-98.2629,41.7087],[-98.241,41.6635],[-98.209,41.6299],[-98.1669,41.6079],[-98.1269,41.5762],[-98.089,41.5348],[-98.0543,41.5161],[-98.0229,41.52],[-97.9944,41.4883],[-97.9689,41.4209],[-97.9696,41.3766],[-97.9965,41.3555],[-98.04,41.3444],[-98.1,41.3434],[-98.1616,41.3201],[-98.2249,41.2746],[-98.2467,41.2369],[-98.2269,41.2068],[-98.2305,41.1767],[-98.2575,41.1466],[-98.2749,41.1127],[-98.2829,41.075],[-98.2741,41.0448],[-98.2485,41.0222],[-98.2365,40.9958],[-98.2378,40.9656],[-98.2554,40.9391],[-98.2893,40.9165],[-98.309,40.8862],[-98.3148,40.8484],[-98.3257,40.8199],[-98.3419,40.8007],[-98.37,40.7872],[-98.41,40.7794],[-98.4426,40.7852],[-98.4677,40.8046],[-98.474,40.8295],[-98.4614,40.8598],[-98.4274,40.8976],[-98.3722,40.9429],[-98.346,40.9741],[-98.3487,40.9911],[-98.365,41.0009],[-98.395,41.0034],[-98.4534,40.9647],[-98.5402,40.8847],[-98.5763,40.8181],[-98.5618,40.7651],[-98.5884,40.7276],[-98.6561,40.7056],[-98.71,40.6743],[-98.75,40.6336],[-98.7782,40.6218],[-98.7945,40.639],[-98.804,40.6666],[-98.8067,40.7045],[-98.8222,40.731],[-98.8504,40.7462],[-98.8786,40.7841],[-98.9069,40.8446],[-98.9132,40.8832]],[[-98.5251,41.6828],[-98.507,41.7052],[-98.506,41.7245],[-98.522,41.7408],[-98.525,41.7581],[-98.515,41.7763],[-98.48,41.7747],[-98.42,41.7534],[-98.3869,41.7063],[-98.3808,41.6333],[-98.3858,41.5924],[-98.4019,41.5835],[-98.43,41.5805],[-98.47,41.5832],[-98.501,41.6063],[-98.5231,41.6498],[-98.5251,41.6828]],[[-98.4752,41.5284],[-98.4584,41.5412],[-98.4205,41.5487],[-98.3614,41.5509],[-98.3214,41.5313],[-98.3005,41.4901],[-98.2822,41.4713],[-98.2666,41.4752],[-98.2466,41.4936],[-98.2222,41.5266],[-98.1996,41.5341],[-98.1787,41.5161],[-98.177,41.4846],[-98.1944,41.4396],[-98.2298,41.4017],[-98.2833,41.3709],[-98.327,41.3633],[-98.3609,41.3792],[-98.372,41.4021],[-98.3601,41.4321],[-98.3781,41.4538],[-98.426,41.4671],[-98.4584,41.4859],[-98.4752,41.51],[-98.4752,41.5284]],[[-98.8695,40.8967],[-98.7898,40.9402],[-98.7498,40.9705],[-98.7494,40.9873],[-98.76,41.0071],[-98.7814,41.0297],[-98.7697,41.0524],[-98.7248,41.075],[-98.7044,41.0938],[-98.7086,41.1089],[-98.7055,41.1224],[-98.6952,41.1344],[-98.65,41.1271],[-98.57,41.1006],[-98.5158,41.0908],[-98.4875,41.0978],[-98.479,41.1164],[-98.4903,41.1466],[-98.4844,41.1686],[-98.4615,41.1827],[-98.4441,41.2015],[-98.4324,41.2251],[-98.4024,41.2504],[-98.3541,41.2774],[-98.305,41.3131],[-98.255,41.3576],[-98.2087,41.3854],[-98.1662,41.3965],[-98.1521,41.4171],[-98.1666,41.4471],[-98.1653,41.4808],[-98.1484,41.5183],[-98.1325,41.5359],[-98.1175,41.5336],[-98.105,41.5231],[-98.095,41.5044],[-98.07,41.4972],[-98.03,41.5016],[-98.006,41.4859],[-97.9979,41.45],[-97.9864,41.4246],[-97.9716,41.4096],[-97.9663,41.3946],[-97.9705,41.3796],[-97.9869,41.3656],[-98.0156,41.3525],[-98.055,41.3485],[-98.105,41.3535],[-98.155,41.3378],[-98.205,41.3014],[-98.2433,41.2791],[-98.2698,41.271],[-98.2702,41.2444],[-98.2446,41.1993],[-98.2443,41.1654],[-98.2694,41.1428],[-98.289,41.113],[-98.303,41.076],[-98.3372,41.0496],[-98.3915,41.0338],[-98.4315,41.0086],[-98.4572,40.9739],[-98.5005,40.9324],[-98.5615,40.884],[-98.5888,40.8295],[-98.5823,40.7689],[-98.6068,40.7309],[-98.6623,40.7155],[-98.6991,40.6966],[-98.7174,40.6741],[-98.7374,40.6595],[-98.7591,40.653],[-98.7723,40.6796],[-98.7768,40.7392],[-98.7602,40.7954],[-98.7224,40.8484],[-98.7211,40.8787],[-98.7561,40.8862],[-98.7804,40.8749],[-98.7941,40.8446],[-98.8132,40.8248],[-98.8377,40.8153],[-98.8648,40.8267],[-98.8945,40.8588],[-98.8695,40.8967]],[[-98.451,40.8452],[-98.4237,40.8765],[-98.395,40.8988],[-98.365,40.9121],[-98.3455,40.9153],[-98.3366,40.9085],[-98.3305,40.89],[-98.3274,40.8598],[-98.3319,40.8341],[-98.344,40.813],[-98.37,40.799],[-98.41,40.7918],[-98.4387,40.7986],[-98.456,40.8192],[-98.451,40.8452]],[[-98.6652,41.3482],[-98.6151,41.3904],[-98.5667,41.3829],[-98.52,41.3257],[-98.505,41.2871],[-98.5217,41.2674],[-98.55,41.2552],[-98.59,41.2506],[-98.6268,41.2567],[-98.6604,41.2735],[-98.6805,41.2932],[-98.687,41.3158],[-98.6652,41.3482]],[[-98.5701,41.4982],[-98.5567,41.5106],[-98.5479,41.5106],[-98.5437,41.4982],[-98.5504,41.4921],[-98.568,41.4921],[-98.5701,41.4982]],[[-98.3154,40.9526],[-98.2851,40.987],[-98.2661,40.9908],[-98.2583,40.9639],[-98.2633,40.9453],[-98.2811,40.935],[-98.3001,40.9312],[-98.3204,40.934],[-98.3154,40.9526]]]}},{"type":"Feature","properties":{"c":"#00ff00","v0":0.002,"v1":0.003},"geometry":{"type":"Polygon","coordinates":[[[-98.0873,41.7732],[-98.0358,41.7674],[-97.985,41.7789],[-97.935,41.8076],[-97.9,41.8054],[-97.88,41.7723],[-97.8666,41.7683],[-97.8598,41.7934],[-97.8471,41.8097],[-97.8287,41.8171],[-97.8041,41.8022],[-97.7735,41.7649],[-97.7626,41.7351],[-97.7715,41.7127],[-97.7676,41.6828],[-97.7509,41.6454],[-97.7495,41.6207],[-97.7632,41.6087],[-97.78,41.6023],[-97.8,41.6016],[-97.82,41.6174],[-97.84,41.6497],[-97.8699,41.671],[-97.9097,41.6813],[-97.9447,41.7013],[-97.9749,41.7308],[-98.015,41.7394],[-98.065,41.7269],[-98.0958,41.7345],[-98.1073,41.7622],[-98.0873,41.7732]],[[-97.9517,41.7647],[-97.9372,41.7717],[-97.9,41.7573],[-97.84,41.7216],[-97.7978,41.6882],[-97.7734,41.6572],[-97.7634,41.6348],[-97.7678,41.621],[-97.7803,41.6135],[-97.801,41.6124],[-97.8177,41.6305],[-97.8302,41.6679],[-97.8599,41.6901],[-97.9066,41.6971],[-97.9372,41.7158],[-97.9517,41.7461],[-97.9517,41.7647]]]}},{"type":"Feature","properties":{"c":"#00ff00","v0":0.002,"v1":0.003},"geometry":{"type":"Polygon","coordinates":[[[-71.5674,41.7847],[-71.5425,41.8019],[-71.5225,41.8019],[-71.5075,41.7847],[-71.5075,41.7701],[-71.5225,41.758],[-71.5425,41.758],[-71.5674,41.7701],[-71.5674,41.7847]],[[-71.5498,41.7798],[-71.5496,41.7873],[-71.5427,41.791],[-71.5292,41.791],[-71.5243,41.7854],[-71.5281,41.7741],[-71.535,41.7704],[-71.5449,41.7742],[-71.5498,41.7798]]]}},{"type":"Feature","properties":{"c":"#00ff00","v0":0.002,"v1":0.003},"geometry":{"type":"Polygon","coordinates":[[[-97.7172,41.7368],[-97.6591,41.7478],[-97.6219,41.7478],[-97.6056,41.7368],[-97.6206,41.7178],[-97.6669,41.6907],[-97.7041,41.6907],[-97.7322,41.7178],[-97.7172,41.7368]]]}},{"type":"Feature","properties":{"c":"#00ff00","v0":0.002,"v1":0.003},"geometry":{"type":"Polygon","coordinates":[[[-101.6962,41.5568],[-101.6921,41.5666],[-101.68,41.5732],[-101.66,41.5767],[-101.63,41.5719],[-101.59,41.5587],[-101.53,41.5887],[-101.45,41.6619],[-101.35,41.7067],[-101.23,41.7233],[-101.16,41.7228],[-101.14,41.7051],[-101.115,41.7021],[-101.085,41.7138],[-101.025,41.7239],[-100.935,41.7325],[-100.8547,41.7167],[-100.7841,41.6767],[-100.763,41.6417],[-100.7913,41.6118],[-100.8066,41.5736],[-100.8089,41.527],[-100.8125,41.5083],[-100.8175,41.5175],[-100.8425,41.5281],[-100.8875,41.5402],[-100.9237,41.5327],[-100.9512,41.5056],[-100.9962,41.4888],[-101.0587,41.4823],[-101.0941,41.4823],[-101.1024,41.4888],[-101.1007,41.5033],[-101.089,41.5258],[-101.1049,41.5564],[-101.1483,41.5952],[-101.2237,41.6027],[-101.3312,41.5789],[-101.4112,41.5566],[-101.4637,41.536],[-101.53,41.5255],[-101.61,41.5252],[-101.6621,41.5318],[-101.6862,41.5452],[-101.6962,41.5568]],[[-101.0927,41.6794],[-101.0776,41.6951],[-101.0562,41.7026],[-101.0287,41.7018],[-101.0065,41.6977],[-100.9897,41.6903],[-100.9834,41.6822],[-100.9878,41.6736],[-100.965,41.6643],[-100.915,41.6542],[-100.8858,41.636],[-100.8774,41.6099],[-100.8774,41.5927],[-100.8858,41.5845],[-100.905,41.5803],[-100.935,41.5802],[-100.96,41.5686],[-100.98,41.5457],[-101.0,41.5338],[-101.02,41.533],[-101.0383,41.5412],[-101.055,41.5584],[-101.0533,41.5894],[-101.0335,41.6342],[-101.0401,41.6558],[-101.0734,41.6542],[-101.0926,41.6579],[-101.0977,41.667],[-101.0927,41.6794]],[[-101.6682,41.5553],[-101.6561,41.562],[-101.6438,41.562],[-101.6315,41.5553],[-101.6315,41.5487],[-101.6438,41.542],[-101.6561,41.542],[-101.6682,41.5487],[-101.6682,41.5553]],[[-101.4695,41.6086],[-101.4165,41.6621],[-101.345,41.6936],[-101.255,41.7032],[-101.1982,41.6989],[-101.1746,41.6807],[-101.1896,41.6557],[-101.2432,41.624],[-101.3,41.6011],[-101.36,41.587],[-101.4165,41.5804],[-101.4695,41.5814],[-101.4695,41.6086]]]}},{"type":"Feature","properties":{"c":"#00ff00","v0":0.002,"v1":0.003},"geometry":{"type":"Polygon","coordinates":[[[-97.1954,41.6851],[-97.1785,41.7122],[-97.1441,41.7084],[-97.0922,41.6739],[-97.0922,41.6522],[-97.1441,41.6433],[-97.1785,41.647],[-97.1954,41.6634],[-97.1954,41.6851]],[[-97.1665,41.6865],[-97.1541,41.6865],[-97.1534,41.6826],[-97.1645,41.6748],[-97.1707,41.6748],[-97.172,41.6826],[-97.1665,41.6865]]]}},{"type":"Feature","properties":{"c":"#00ff00","v0":0.002,"v1":0.003},"geometry":{"type":"Polygon","coordinates":[[[-98.7226,41.6914],[-98.7142,41.7011],[-98.703,41.7011],[-98.6891,41.6914],[-98.6933,41.6865],[-98.7156,41.6865],[-98.7226,41.6914]]]}},{"type":"Feature","properties":{"c":"#00ff00","v0":0.002,"v1":0.003},"geometry":{"type":"Polygon","coordinates":[[[-72.1706,41.6812],[-72.1569,41.7005],[-72.145,41.71],[-72.135,41.7096],[-72.1308,41.6999],[-72.1324,41.681],[-72.1424,41.6677],[-72.1608,41.66],[-72.1719,41.66],[-72.1756,41.6677],[-72.1706,41.6812]]]}},{"type":"Feature","properties":{"c":"#00ff00","v0":0.002,"v1":0.003},"geometry":{"type":"Polygon","coordinates":[[[-100.4084,41.6174],[-100.3828,41.6285],[-100.34,41.6307],[-100.28,41.624],[-100.2374,41.6147],[-100.2122,41.6028],[-100.1992,41.5894],[-100.1984,41.5744],[-100.2058,41.5594],[-100.2214,41.5445],[-100.2444,41.536],[-100.2748,41.5341],[-100.3228,41.5528],[-100.3884,41.5921],[-100.4084,41.6174]]]}},{"type":"Feature","properties":{"c":"#00ff00","v0":0.002,"v1":0.003},"geometry":{"type":"Polygon","coordinates":[[[-97.1869,41.4096],[-97.1437,41.4546],[-97.1423,41.4996],[-97.1825,41.5445],[-97.1995,41.5715],[-97.1932,41.5806],[-97.17,41.5875],[-97.13,41.5922],[-97.1,41.5775],[-97.08,41.5433],[-97.0545,41.514],[-97.0234,41.4894],[-97.0012,41.4546],[-96.9879,41.4096],[-97.0101,41.3721],[-97.068,41.3421],[-97.0849,41.3195],[-97.0609,41.3045],[-97.0356,41.2745],[-97.0091,41.2293],[-96.998,41.1917],[-97.0025,41.1616],[-97.0161,41.1384],[-97.0387,41.1221],[-97.065,41.1132],[-97.095,41.1118],[-97.1253,41.1199],[-97.1559,41.1377],[-97.1709,41.1707],[-97.1703,41.219],[-97.1537,41.2604],[-97.1211,41.2948],[-97.1307,41.3308],[-97.1826,41.3683],[-97.1869,41.4096]],[[-97.1858,41.396],[-97.1753,41.4137],[-97.145,41.4343],[-97.095,41.4576],[-97.054,41.4525],[-97.0219,41.4189],[-97.0369,41.3919],[-97.099,41.3715],[-97.1453,41.3677],[-97.1758,41.3807],[-97.1858,41.396]],[[-97.1404,41.2317],[-97.1201,41.2514],[-97.105,41.2521],[-97.095,41.2337],[-97.075,41.2212],[-97.045,41.2145],[-97.0322,41.1951],[-97.0365,41.1627],[-97.0465,41.1432],[-97.0622,41.1365],[-97.0853,41.1365],[-97.1159,41.1432],[-97.136,41.1654],[-97.1457,41.203],[-97.1404,41.2317]]]}},{"type":"Feature","properties":{"c":"#00ff00","v0":0.002,"v1":0.003},"geometry":{"type":"Polygon","coordinates":[[[-112.2416,41.5445],[-112.2297,41.5594],[-112.2153,41.567],[-112.1984,41.567],[-112.195,41.5587],[-112.205,41.542],[-112.2194,41.5344],[-112.2381,41.5361],[-112.2416,41.5445]]]}},{"type":"Feature","properties":{"c":"#00ff00","v0":0.002,"v1":0.003},"geometry":{"type":"Polygon","coordinates":[[[-99.1884,41.5557],[-99.1696,41.5632],[-99.1536,41.5557],[-99.1404,41.5333],[-99.1379,41.5192],[-99.146,41.5135],[-99.1619,41.521],[-99.1858,41.5417],[-99.1884,41.5557]]]}},{"type":"Feature","properties":{"c":"#00ff00","v0":0.002,"v1":0.003},"geometry":{"type":"Polygon","coordinates":[[[-99.5067,41.5523],[-99.4822,41.5531],[-99.465,41.5475],[-99.455,41.5356],[-99.465,41.5313],[-99.495,41.5348],[-99.5122,41.5404],[-99.5167,41.5481],[-99.5067,41.5523]]]}},{"type":"Feature","properties":{"c":"#00ff00","v0":0.002,"v1":0.003},"geometry":{"type":"Polygon","coordinates":[[[-112.4497,41.3233],[-112.4305,41.3458],[-112.4207,41.3721],[-112.4201,41.4021],[-112.4025,41.4321],[-112.3676,41.4621],[-112.3453,41.4883],[-112.3357,41.5108],[-112.3156,41.5233],[-112.2852,41.526],[-112.2709,41.5185],[-112.2728,41.5009],[-112.3029,41.4583],[-112.3613,41.3909],[-112.3953,41.3436],[-112.4051,41.3165],[-112.42,41.2969],[-112.44,41.2849],[-112.4523,41.2872],[-112.457,41.3037],[-112.4497,41.3233]],[[-112.3842,41.4209],[-112.3726,41.4284],[-112.3676,41.4267],[-112.3692,41.4159],[-112.375,41.4121],[-112.3851,41.4154],[-112.3842,41.4209]]]}},{"type":"Feature","properties":{"c":"#00ff00","v0":0.002,"v1":0.003},"geometry":{"type":"Polygon","coordinates":[[[-101.278,41.4399],[-101.2327,41.4855],[-101.2,41.5082],[-101.18,41.508],[-101.1554,41.5002],[-101.1263,41.4848],[-101.12,41.4621],[-101.1366,41.4321],[-101.1662,41.4057],[-101.2087,41.3828],[-101.2477,41.3828],[-101.283,41.4057],[-101.278,41.4399]],[[-101.2057,41.4662],[-101.1952,41.4744],[-101.19,41.4715],[-101.19,41.4576],[-101.1952,41.4535],[-101.2057,41.4592],[-101.2057,41.4662]]]}},{"type":"Feature","properties":{"c":"#00ff00","v0":0.002,"v1":0.003},"geometry":{"type":"Polygon","coordinates":[[[-99.361,41.468],[-99.3537,41.4799],[-99.3321,41.4799],[-99.2964,41.468],[-99.2769,41.4546],[-99.2735,41.4396],[-99.2813,41.4225],[-99.3004,41.4034],[-99.3237,41.4109],[-99.351,41.445],[-99.361,41.468]],[[-99.3321,41.4621],[-99.3137,41.4621],[-99.3028,41.4546],[-99.2994,41.4396],[-99.3057,41.4322],[-99.3219,41.4325],[-99.3328,41.44],[-99.3385,41.4547],[-99.3321,41.4621]]]}},{"type":"Feature","properties":{"c":"#00ff00","v0":0.002,"v1":0.003},"geometry":{"type":"Polygon","coordinates":[[[-96.2566,41.4389],[-96.1855,41.4524],[-96.14,41.4565],[-96.12,41.4513],[-96.1045,41.4257],[-96.0935,41.38],[-96.0679,41.3346],[-96.0277,41.2895],[-96.0082,41.2548],[-96.0094,41.2306],[-96.025,41.2147],[-96.055,41.2072],[-96.085,41.2118],[-96.115,41.2286],[-96.14,41.2322],[-96.16,41.2227],[-96.185,41.2274],[-96.215,41.2464],[-96.24,41.2477],[-96.26,41.2312],[-96.2723,41.2265],[-96.2768,41.2334],[-96.2674,41.2481],[-96.244,41.2707],[-96.24,41.2932],[-96.2553,41.3158],[-96.2611,41.3421],[-96.2574,41.3721],[-96.2647,41.3984],[-96.283,41.4209],[-96.2566,41.4389]]]}},{"type":"Feature","properties":{"c":"#00ff00","v0":0.002,"v1":0.003},"geometry":{"type":"Polygon","coordinates":[[[-99.1376,41.3909],[-99.1192,41.3986],[-99.1068,41.3911],[-99.1004,41.3684],[-99.1054,41.3559],[-99.1218,41.3537],[-99.1342,41.3612],[-99.1426,41.3785],[-99.1376,41.3909]]]}},{"type":"Feature","properties":{"c":"#00ff00","v0":0.002,"v1":0.003},"geometry":{"type":"Polygon","coordinates":[[[-99.3877,41.3517],[-99.3492,41.371],[-99.325,41.3802],[-99.315,41.3794],[-99.3064,41.3698],[-99.2993,41.3513],[-99.2989,41.3346],[-99.305,41.3195],[-99.3185,41.3067],[-99.3395,41.2961],[-99.3571,41.2924],[-99.3712,41.2955],[-99.3854,41.3083],[-99.3997,41.3308],[-99.3877,41.3517]],[[-99.3555,41.3308],[-99.336,41.3383],[-99.3305,41.3346],[-99.3389,41.3195],[-99.3486,41.3158],[-99.3597,41.3233],[-99.3555,41.3308]]]}},{"type":"Feature","properties":{"c":"#00ff00","v0":0.002,"v1":0.003},"geometry":{"type":"Polygon","coordinates":[[[-99.5224,41.3232],[-99.4875,41.3457],[-99.4719,41.3344],[-99.4758,41.2894],[-99.4932,41.2782],[-99.5243,41.3008],[-99.5224,41.3232]]]}},{"type":"Feature","properties":{"c":"#00ff00","v0":0.002,"v1":0.003},"geometry":{"type":"Polygon","coordinates":[[[-99.6854,41.3279],[-99.6751,41.3296],[-99.6694,41.3258],[-99.6681,41.3166],[-99.6732,41.3158],[-99.6848,41.3233],[-99.6854,41.3279]]]}},{"type":"Feature","properties":{"c":"#00ff00","v0":0.002,"v1":0.003},"geometry":{"type":"Polygon","coordinates":[[[-72.5488,41.2023],[-72.5229,41.2536],[-72.49,41.2844],[-72.45,41.2947],[-72.4243,41.2954],[-72.413,41.2865],[-72.4113,41.2519],[-72.419,41.1917],[-72.3997,41.1663],[-72.3532,41.1756],[-72.3233,41.1756],[-72.3098,41.1663],[-72.3198,41.1448],[-72.3533,41.1111],[-72.385,41.1065],[-72.415,41.1311],[-72.4617,41.1479],[-72.5252,41.1571],[-72.5582,41.1654],[-72.5606,41.1729],[-72.5488,41.2023]]]}},{"type":"Feature","properties":{"c":"#00ff00","v0":0.002,"v1":0.003},"geometry":{"type":"Polygon","coordinates":[[[-98.1524,41.2334],[-98.1108,41.2567],[-98.095,41.2554],[-98.105,41.2297],[-98.1258,41.218],[-98.1574,41.2206],[-98.1524,41.2334]]]}},{"type":"Feature","properties":{"c":"#00ff00","v0":0.002,"v1":0.003},"geometry":{"type":"Polygon","coordinates":[[[-78.4392,41.1394],[-78.4331,41.1551],[-78.4078,41.1626],[-78.3634,41.162],[-78.3334,41.1703],[-78.3178,41.1877],[-78.3028,41.1952],[-78.2885,41.1929],[-78.2935,41.1719],[-78.3178,41.1323],[-78.35,41.1108],[-78.39,41.1075],[-78.4181,41.1123],[-78.4342,41.1251],[-78.4392,41.1394]]]}},{"type":"Feature","properties":{"c":"#00ff00","v0":0.002,"v1":0.003},"geometry":{"type":"Polygon","coordinates":[[[-96.9377,41.1217],[-96.9326,41.1321],[-96.91,41.1443],[-96.87,41.1583],[-96.8417,41.1606],[-96.8251,41.1512],[-96.8251,41.1332],[-96.8417,41.1064],[-96.8726,41.0988],[-96.9177,41.1106],[-96.9377,41.1217]]]}},{"type":"Feature","properties":{"c":"#00ff00","v0":0.002,"v1":0.003},"geometry":{"type":"Polygon","coordinates":[[[-98.189,41.1226],[-98.1763,41.1348],[-98.1612,41.1348],[-98.1435,41.1226],[-98.1435,41.1108],[-98.1612,41.0997],[-98.1763,41.0997],[-98.189,41.1108],[-98.189,41.1226]],[[-98.176,41.1193],[-98.172,41.1251],[-98.1647,41.1251],[-98.154,41.1193],[-98.156,41.1164],[-98.1707,41.1164],[-98.176,41.1193]]]}},{"type":"Feature","properties":{"c":"#00ff00","v0":0.002,"v1":0.003},"geometry":{"type":"Polygon","coordinates":[[[-105.3042,41.1186],[-105.2814,41.123],[-105.267,41.1192],[-105.2609,41.1073],[-105.2659,41.0979],[-105.282,41.0911],[-105.2964,41.0949],[-105.3092,41.1092],[-105.3042,41.1186]]]}},{"type":"Feature","properties":{"c":"#00ff00","v0":0.002,"v1":0.003},"geometry":{"type":"Polygon","coordinates":[[[-105.1609,41.0941],[-105.1536,41.1097],[-105.1382,41.1173],[-105.1147,41.1167],[-105.1047,41.106],[-105.1082,41.0852],[-105.1236,41.0777],[-105.1509,41.0834],[-105.1609,41.0941]],[[-105.1498,41.0901],[-105.1495,41.0976],[-105.1415,41.1014],[-105.1257,41.1014],[-105.1209,41.0961],[-105.127,41.0856],[-105.135,41.0818],[-105.145,41.0848],[-105.1498,41.0901]]]}},{"type":"Feature","properties":{"c":"#00ff00","v0":0.002,"v1":0.003},"geometry":{"type":"Polygon","coordinates":[[[-78.5656,41.0769],[-78.5419,41.0883],[-78.5151,41.0883],[-78.4854,41.0769],[-78.4854,41.0645],[-78.5151,41.0512],[-78.5419,41.0512],[-78.5656,41.0645],[-78.5656,41.0769]],[[-78.5416,41.0712],[-78.5162,41.0712],[-78.5101,41.0681],[-78.5234,41.0618],[-78.5361,41.0618],[-78.5483,41.0681],[-78.5416,41.0712]]]}},{"type":"Feature","properties":{"c":"#00ff00","v0":0.002,"v1":0.003},"geometry":{"type":"Polygon","coordinates":[[[-98.6278,41.018],[-98.6159,41.0322],[-98.61,41.033],[-98.61,41.0203],[-98.6159,41.0132],[-98.6278,41.0116],[-98.6278,41.018]]]}},{"type":"Feature","properties":{"c":"#00ff00","v0":0.002,"v1":0.003},"geometry":{"type":"Polygon","coordinates":[[[-78.4473,41.026],[-78.4316,41.026],[-78.4248,41.0222],[-78.4269,41.0146],[-78.4334,41.0097],[-78.4445,41.0073],[-78.4513,41.0111],[-78.4538,41.021],[-78.4473,41.026]]]}},{"type":"Feature","properties":{"c":"#00ff00","v0":0.002,"v1":0.003},"geometry":{"type":"Polygon","coordinates":[[[-72.3889,41.0018],[-72.3763,41.014],[-72.355,41.0219],[-72.325,41.0257],[-72.3041,41.0234],[-72.2923,41.015],[-72.3023,41.0009],[-72.3341,40.981],[-72.3613,40.9773],[-72.3839,40.9896],[-72.3889,41.0018]]]}},{"type":"Feature","properties":{"c":"#00ff00","v0":0.002,"v1":0.003},"geometry":{"type":"Polygon","coordinates":[[[-78.1851,40.958],[-78.1722,40.9731],[-78.1561,40.9807],[-78.1366,40.9807],[-78.1087,40.9693],[-78.0725,40.9467],[-78.0554,40.9278],[-78.0573,40.9127],[-78.0712,40.9054],[-78.0971,40.9058],[-78.1304,40.9172],[-78.1711,40.9394],[-78.1851,40.958]]]}},{"type":"Feature","properties":{"c":"#00ff00","v0":0.002,"v1":0.003},"geometry":{"type":"Polygon","coordinates":[[[-72.9381,40.9361],[-72.826,40.9677],[-72.7301,40.9715],[-72.6504,40.9474],[-72.6204,40.9249],[-72.6401,40.9041],[-72.67,40.9025],[-72.71,40.92],[-72.755,40.9181],[-72.805,40.897],[-72.871,40.8948],[-72.9531,40.9118],[-72.9381,40.9361]]]}},{"type":"Feature","properties":{"c":"#00ff00","v0":0.002,"v1":0.003},"geometry":{"type":"Polygon","coordinates":[[[-78.3282,40.8951],[-78.2894,40.9356],[-78.2558,40.9507],[-78.2273,40.9405],[-78.2373,40.9123],[-78.2858,40.8663],[-78.3159,40.8436],[-78.3277,40.8443],[-78.3371,40.8522],[-78.3441,40.8673],[-78.3282,40.8951]]]}},{"type":"Feature","properties":{"c":"#00ff00","v0":0.002,"v1":0.003},"geometry":{"type":"Polygon","coordinates":[[[-72.3997,40.9073],[-72.3666,40.9417],[-72.3354,40.9455],[-72.3063,40.9186],[-72.3163,40.8965],[-72.3654,40.8793],[-72.3966,40.8755],[-72.4097,40.8852],[-72.3997,40.9073]]]}},{"type":"Feature","properties":{"c":"#00ff00","v0":0.002,"v1":0.003},"geometry":{"type":"Polygon","coordinates":[[[-72.2793,40.9066],[-72.2598,40.9095],[-72.245,40.9044],[-72.235,40.8912],[-72.2357,40.8822],[-72.2471,40.8773],[-72.2619,40.8824],[-72.28,40.8976],[-72.2793,40.9066]]]}},{"type":"Feature","properties":{"c":"#00ff00","v0":0.002,"v1":0.003},"geometry":{"type":"Polygon","coordinates":[[[-102.8546,40.8642],[-102.8515,40.873],[-102.8394,40.8768],[-102.8182,40.8755],[-102.8085,40.8673],[-102.8103,40.8522],[-102.8224,40.8484],[-102.8448,40.856],[-102.8546,40.8642]]]}},{"type":"Feature","properties":{"c":"#00ff00","v0":0.002,"v1":0.003},"geometry":{"type":"Polygon","coordinates":[[[-112.6332,40.8356],[-112.6177,40.8479],[-112.6054,40.8517],[-112.5961,40.847],[-112.5961,40.8381],[-112.6054,40.825],[-112.6177,40.8212],[-112.6332,40.8267],[-112.6332,40.8356]]]}},{"type":"Feature","properties":{"c":"#00ff00","v0":0.002,"v1":0.003},"geometry":{"type":"Polygon","coordinates":[[[-78.6252,40.772],[-78.6151,40.7782],[-78.6076,40.7782],[-78.6029,40.772],[-78.6029,40.7651],[-78.6076,40.7574],[-78.6151,40.7574],[-78.6252,40.7651],[-78.6252,40.772]]]}},{"type":"Feature","properties":{"c":"#00ff00","v0":0.002,"v1":0.003},"geometry":{"type":"Polygon","coordinates":[[[-78.6905,40.7041],[-78.6768,40.7259],[-78.66,40.7365],[-78.64,40.7358],[-78.6329,40.7136],[-78.6387,40.6696],[-78.6508,40.6476],[-78.6692,40.6476],[-78.6831,40.659],[-78.6926,40.6818],[-78.6905,40.7041]],[[-78.6827,40.7017],[-78.6742,40.7187],[-78.6626,40.7263],[-78.6477,40.7244],[-78.6427,40.706],[-78.6476,40.6709],[-78.6576,40.6558],[-78.6728,40.6605],[-78.682,40.6704],[-78.6853,40.6856],[-78.6827,40.7017]]]}},{"type":"Feature","properties":{"c":"#00ff00","v0":0.002,"v1":0.003},"geometry":{"type":"Polygon","coordinates":[[[-112.5553,40.7126],[-112.5518,40.7211],[-112.5421,40.7249],[-112.5262,40.724],[-112.5112,40.7121],[-112.4972,40.6894],[-112.5051,40.6758],[-112.535,40.6713],[-112.5518,40.6789],[-112.5553,40.6985],[-112.5553,40.7126]]]}},{"type":"Feature","properties":{"c":"#00ff00","v0":0.002,"v1":0.003},"geometry":{"type":"Polygon","coordinates":[[[-78.3484,40.7136],[-78.3361,40.7243],[-78.3065,40.728],[-78.2594,40.725],[-78.2444,40.7162],[-78.2615,40.7016],[-78.2911,40.6978],[-78.3334,40.7048],[-78.3484,40.7136]]]}},{"type":"Feature","properties":{"c":"#00ff00","v0":0.002,"v1":0.003},"geometry":{"type":"Polygon","coordinates":[[[-112.8375,40.6096],[-112.8058,40.6248],[-112.77,40.6539],[-112.73,40.6972],[-112.705,40.7183],[-112.695,40.7173],[-112.695,40.6917],[-112.705,40.6414],[-112.74,40.6024],[-112.8,40.5746],[-112.8358,40.571],[-112.8475,40.5917],[-112.8375,40.6096]],[[-112.7521,40.6392],[-112.7374,40.6527],[-112.73,40.6496],[-112.73,40.6299],[-112.7374,40.6231],[-112.7521,40.6294],[-112.7521,40.6392]]]}},{"type":"Feature","properties":{"c":"#00ff00","v0":0.002,"v1":0.003},"geometry":{"type":"Polygon","coordinates":[[[-97.8557,40.6445],[-97.8386,40.6687],[-97.8155,40.6763],[-97.7864,40.6673],[-97.771,40.6363],[-97.7691,40.5831],[-97.7736,40.5488],[-97.7845,40.5334],[-97.8,40.5282],[-97.82,40.5334],[-97.8386,40.5602],[-97.8557,40.6084],[-97.8557,40.6445]],[[-97.845,40.6416],[-97.835,40.66],[-97.8185,40.6676],[-97.7954,40.6644],[-97.7854,40.6313],[-97.7885,40.5683],[-97.7972,40.5379],[-97.8115,40.5402],[-97.8177,40.5527],[-97.8156,40.5755],[-97.8234,40.5983],[-97.8411,40.6211],[-97.845,40.6416]]]}},{"type":"Feature","properties":{"c":"#00ff00","v0":0.002,"v1":0.003},"geometry":{"type":"Polygon","coordinates":[[[-98.6026,40.6097],[-98.5783,40.6249],[-98.5672,40.6205],[-98.5691,40.5966],[-98.5812,40.589],[-98.6035,40.5977],[-98.6026,40.6097]]]}},{"type":"Feature","properties":{"c":"#00ff00","v0":0.002,"v1":0.003},"geometry":{"type":"Polygon","coordinates":[[[-98.9865,40.5109],[-98.9733,40.5413],[-98.9512,40.5717],[-98.9203,40.6021],[-98.8961,40.6168],[-98.8787,40.6157],[-98.8779,40.5967],[-98.8938,40.5598],[-98.895,40.5261],[-98.8817,40.4957],[-98.8687,40.4782],[-98.8562,40.4735],[-98.8426,40.4735],[-98.8278,40.4782],[-98.8028,40.5078],[-98.7676,40.5623],[-98.7314,40.5889],[-98.6943,40.5876],[-98.698,40.5527],[-98.7425,40.4843],[-98.791,40.4419],[-98.8437,40.4256],[-98.89,40.3973],[-98.93,40.3569],[-98.95,40.3574],[-98.95,40.3989],[-98.9608,40.4386],[-98.9823,40.4767],[-98.9865,40.5109]],[[-98.757,40.5506],[-98.739,40.5691],[-98.7222,40.5767],[-98.7065,40.5734],[-98.7065,40.562],[-98.7222,40.5425],[-98.739,40.5349],[-98.757,40.5392],[-98.757,40.5506]]]}},{"type":"Feature","properties":{"c":"#00ff00","v0":0.002,"v1":0.003},"geometry":{"type":"Polygon","coordinates":[[[-97.9669,40.5907],[-97.9517,40.5983],[-97.9456,40.5977],[-97.9485,40.5888],[-97.9561,40.585],[-97.9684,40.5863],[-97.9669,40.5907]]]}},{"type":"Feature","properties":{"c":"#00ff00","v0":0.002,"v1":0.003},"geometry":{"type":"Polygon","coordinates":[[[-103.2623,40.4863],[-103.2408,40.5283],[-103.2088,40.5549],[-103.1663,40.5661],[-103.1468,40.5527],[-103.1501,40.5147],[-103.1713,40.4828],[-103.2104,40.4569],[-103.24,40.4453],[-103.26,40.4479],[-103.2708,40.4532],[-103.2723,40.4612],[-103.2623,40.4863]]]}},{"type":"Feature","properties":{"c":"#00ff00","v0":0.002,"v1":0.003},"geometry":{"type":"Polygon","coordinates":[[[-102.622,40.5341],[-102.614,40.5501],[-102.6074,40.5501],[-102.6023,40.5341],[-102.6023,40.5223],[-102.6074,40.5147],[-102.614,40.5147],[-102.622,40.5223],[-102.622,40.5341]]]}},{"type":"Feature","properties":{"c":"#00ff00","v0":0.002,"v1":0.003},"geometry":{"type":"Polygon","coordinates":[[[-97.3808,40.5109],[-97.3683,40.5413],[-97.3541,40.5599],[-97.338,40.5668],[-97.324,40.5478],[-97.312,40.5029],[-97.317,40.4756],[-97.339,40.4658],[-97.3592,40.4696],[-97.3777,40.487],[-97.3808,40.5109]],[[-97.368,40.508],[-97.356,40.5327],[-97.345,40.5456],[-97.335,40.5467],[-97.3278,40.5306],[-97.3234,40.4972],[-97.3284,40.4784],[-97.3428,40.4741],[-97.356,40.4779],[-97.368,40.4898],[-97.368,40.508]]]}},{"type":"Feature","properties":{"c":"#00ff00","v0":0.002,"v1":0.003},"geometry":{"type":"Polygon","coordinates":[[[-102.4587,40.458],[-102.4529,40.4738],[-102.4324,40.4738],[-102.3972,40.458],[-102.3772,40.4352],[-102.3724,40.4056],[-102.385,40.3919],[-102.415,40.3942],[-102.4379,40.409],[-102.4537,40.4364],[-102.4587,40.458]],[[-102.4334,40.4386],[-102.4164,40.4463],[-102.4022,40.4463],[-102.3909,40.4386],[-102.3861,40.4272],[-102.3878,40.412],[-102.399,40.4056],[-102.4197,40.408],[-102.433,40.4157],[-102.439,40.4284],[-102.4334,40.4386]]]}},{"type":"Feature","properties":{"c":"#00ff00","v0":0.002,"v1":0.003},"geometry":{"type":"Polygon","coordinates":[[[-103.8408,40.2309],[-103.7136,40.3109],[-103.62,40.3605],[-103.56,40.3798],[-103.52,40.4053],[-103.5,40.4372],[-103.465,40.4544],[-103.415,40.4569],[-103.386,40.4485],[-103.3779,40.4293],[-103.3614,40.412],[-103.3365,40.3968],[-103.3455,40.3815],[-103.3885,40.3663],[-103.42,40.3613],[-103.44,40.3663],[-103.465,40.3641],[-103.495,40.3545],[-103.5372,40.3329],[-103.5915,40.2992],[-103.6218,40.271],[-103.6282,40.2481],[-103.646,40.2341],[-103.6753,40.229],[-103.705,40.2141],[-103.735,40.1893],[-103.78,40.1694],[-103.84,40.1542],[-103.8786,40.1576],[-103.8958,40.1797],[-103.8408,40.2309]],[[-103.7851,40.2214],[-103.7615,40.2519],[-103.7247,40.2848],[-103.6749,40.3201],[-103.627,40.343],[-103.5811,40.3534],[-103.6061,40.3175],[-103.702,40.235],[-103.7617,40.1969],[-103.7852,40.203],[-103.7851,40.2214]]]}},{"type":"Feature","properties":{"c":"#00ff00","v0":0.002,"v1":0.003},"geometry":{"type":"Polygon","coordinates":[[[-102.3645,40.3633],[-102.3548,40.3724],[-102.3452,40.3724],[-102.3357,40.3633],[-102.3357,40.3542],[-102.3452,40.3453],[-102.3548,40.3453],[-102.3645,40.3542],[-102.3645,40.3633]]]}},{"type":"Feature","properties":{"c":"#00ff00","v0":0.002,"v1":0.003},"geometry":{"type":"Polygon","coordinates":[[[-103.5118,40.219],[-103.4706,40.2448],[-103.46,40.2429],[-103.48,40.2133],[-103.5006,40.2003],[-103.5218,40.2042],[-103.5118,40.219]]]}},{"type":"Feature","properties":{"c":"#00ff00","v0":0.002,"v1":0.003},"geometry":{"type":"Polygon","coordinates":[[[-101.7414,40.2153],[-101.7205,40.2337],[-101.6969,40.2298],[-101.6708,40.2038],[-101.6708,40.1862],[-101.6969,40.1771],[-101.7205,40.1809],[-101.7414,40.1977],[-101.7414,40.2153]],[[-101.7302,40.2111],[-101.7167,40.221],[-101.7029,40.2172],[-101.6888,40.1996],[-101.6888,40.1892],[-101.7029,40.186],[-101.7167,40.1899],[-101.7302,40.2007],[-101.7302,40.2111]]]}},{"type":"Feature","properties":{"c":"#00ff00","v0":0.002,"v1":0.003},"geometry":{"type":"Polygon","coordinates":[[[-99.4743,40.1278],[-99.4581,40.1546],[-99.415,40.1704],[-99.345,40.1753],[-99.3033,40.1733],[-99.2899,40.1646],[-99.2849,40.1514],[-99.2883,40.1337],[-99.31,40.1157],[-99.35,40.0974],[-99.39,40.0883],[-99.43,40.0883],[-99.4581,40.0948],[-99.4743,40.1079],[-99.4743,40.1278]],[[-99.4598,40.1266],[-99.4399,40.1511],[-99.4,40.1635],[-99.34,40.1638],[-99.3065,40.1592],[-99.2994,40.1497],[-99.3194,40.1319],[-99.3665,40.1059],[-99.4099,40.0982],[-99.4498,40.109],[-99.4598,40.1266]]]}},{"type":"Feature","properties":{"c":"#00ff00","v0":0.002,"v1":0.003},"geometry":{"type":"Polygon","coordinates":[[[-113.8758,40.0914],[-113.836,40.1373],[-113.8046,40.1629],[-113.7815,40.1682],[-113.77,40.159],[-113.77,40.1353],[-113.7947,40.1059],[-113.8442,40.0707],[-113.8757,40.057],[-113.889,40.0646],[-113.8758,40.0914]]]}},{"type":"Feature","properties":{"c":"#00ff00","v0":0.002,"v1":0.003},"geometry":{"type":"Polygon","coordinates":[[[-99.6445,40.139],[-99.6215,40.1576],[-99.5989,40.1615],[-99.5766,40.1505],[-99.5672,40.1373],[-99.5705,40.122],[-99.5816,40.1091],[-99.6005,40.0986],[-99.6215,40.1024],[-99.6445,40.1206],[-99.6445,40.139]],[[-99.6313,40.1349],[-99.6171,40.1455],[-99.6043,40.1493],[-99.593,40.1464],[-99.593,40.1355],[-99.6043,40.1167],[-99.6171,40.1128],[-99.6313,40.1241],[-99.6313,40.1349]]]}},{"type":"Feature","properties":{"c":"#00ff00","v0":0.002,"v1":0.003},"geometry":{"type":"Polygon","coordinates":[[[-104.8624,40.0952],[-104.8454,40.1182],[-104.8202,40.1319],[-104.7867,40.1363],[-104.76,40.1332],[-104.74,40.1226],[-104.713,40.1242],[-104.679,40.138],[-104.6679,40.1335],[-104.6796,40.1105],[-104.6833,40.0876],[-104.679,40.0646],[-104.6951,40.0399],[-104.7317,40.0135],[-104.7595,40.0135],[-104.7785,40.0399],[-104.8035,40.0549],[-104.8345,40.0585],[-104.8552,40.0662],[-104.8657,40.0779],[-104.8624,40.0952]],[[-104.8319,40.0914],[-104.8239,40.1067],[-104.8096,40.1144],[-104.7889,40.1144],[-104.7814,40.1088],[-104.7871,40.0977],[-104.8015,40.09],[-104.8244,40.0859],[-104.8319,40.0914]]]}},{"type":"Feature","properties":{"c":"#00ff00","v0":0.002,"v1":0.003},"geometry":{"type":"Polygon","coordinates":[[[-103.9386,40.0633],[-103.9062,40.1143],[-103.8847,40.1296],[-103.8741,40.1093],[-103.875,40.0914],[-103.8875,40.0761],[-103.8918,40.0608],[-103.8878,40.0455],[-103.8969,40.0317],[-103.919,40.0194],[-103.9362,40.0194],[-103.9486,40.0317],[-103.9386,40.0633]]]}},{"type":"Feature","properties":{"c":"#00ff00","v0":0.002,"v1":0.003},"geometry":{"type":"Polygon","coordinates":[[[-98.9147,40.0726],[-98.9116,40.0808],[-98.9043,40.0808],[-98.893,40.0726],[-98.8945,40.0685],[-98.909,40.0685],[-98.9147,40.0726]]]}},{"type":"Feature","properties":{"c":"#00ff00","v0":0.002,"v1":0.003},"geometry":{"type":"Polygon","coordinates":[[[-101.6286,39.9866],[-101.6029,40.0068],[-101.5804,40.0068],[-101.5613,39.9866],[-101.5563,39.9691],[-101.5654,39.9543],[-101.58,39.9452],[-101.6,39.9418],[-101.6179,39.9492],[-101.6336,39.9674],[-101.6286,39.9866]],[[-101.6185,39.9832],[-101.5995,39.9964],[-101.5841,39.9964],[-101.5723,39.9832],[-101.5723,39.9705],[-101.5841,39.9584],[-101.5995,39.9584],[-101.6185,39.9705],[-101.6185,39.9832]]]}},{"type":"Feature","properties":{"c":"#00ff00","v0":0.002,"v1":0.003},"geometry":{"type":"Polygon","coordinates":[[[-97.7786,40.0069],[-97.7462,40.0064],[-97.7282,39.9949],[-97.7246,39.9725],[-97.7344,39.9612],[-97.7574,39.9612],[-97.7754,39.9727],[-97.7883,39.9957],[-97.7786,40.0069]],[[-97.7566,39.9919],[-97.7427,39.9919],[-97.7343,39.9876],[-97.7314,39.9789],[-97.735,39.9726],[-97.745,39.9687],[-97.7534,39.973],[-97.7602,39.9856],[-97.7566,39.9919]]]}},{"type":"Feature","properties":{"c":"#00ff00","v0":0.002,"v1":0.003},"geometry":{"type":"Polygon","coordinates":[[[-99.0416,39.9347],[-99.0339,39.9428],[-99.023,39.9428],[-99.009,39.9347],[-99.009,39.9264],[-99.023,39.9181],[-99.0339,39.9181],[-99.0416,39.9264],[-99.0416,39.9347]]]}},{"type":"Feature","properties":{"c":"#00ff00","v0":0.002,"v1":0.003},"geometry":{"type":"Polygon","coordinates":[[[-104.9318,39.5306],[-104.8841,39.5615],[-104.8592,39.6308],[-104.8569,39.7386],[-104.8374,39.8116],[-104.8008,39.85],[-104.7643,39.8726],[-104.7281,39.8794],[-104.7134,39.8563],[-104.7202,39.8035],[-104.7179,39.7655],[-104.7064,39.7424],[-104.7091,39.7001],[-104.726,39.6385],[-104.7259,39.5962],[-104.7089,39.573],[-104.7028,39.5499],[-104.7077,39.5268],[-104.6933,39.5229],[-104.6598,39.5383],[-104.6473,39.5538],[-104.6559,39.5692],[-104.6526,39.593],[-104.6375,39.6252],[-104.6,39.6356],[-104.54,39.6241],[-104.502,39.6003],[-104.486,39.5641],[-104.486,39.5405],[-104.502,39.5295],[-104.5333,39.5256],[-104.5798,39.5289],[-104.6048,39.522],[-104.6083,39.5047],[-104.63,39.4836],[-104.67,39.4586],[-104.72,39.4461],[-104.78,39.4462],[-104.825,39.4569],[-104.855,39.4784],[-104.885,39.4903],[-104.915,39.4925],[-104.9364,39.499],[-104.9492,39.5098],[-104.9318,39.5306]],[[-104.8449,39.5229],[-104.8221,39.5383],[-104.8075,39.5576],[-104.801,39.5807],[-104.8004,39.6193],[-104.8056,39.6732],[-104.7936,39.7036],[-104.7645,39.7105],[-104.745,39.7028],[-104.7351,39.6805],[-104.7372,39.6501],[-104.7513,39.6116],[-104.7498,39.5807],[-104.7327,39.5576],[-104.7355,39.5387],[-104.7585,39.5242],[-104.775,39.5061],[-104.785,39.4845],[-104.795,39.4729],[-104.805,39.4713],[-104.8216,39.4817],[-104.8447,39.504],[-104.8449,39.5229]],[[-104.64,39.5864],[-104.6333,39.6054],[-104.615,39.6184],[-104.585,39.6253],[-104.5561,39.6235],[-104.5282,39.613],[-104.508,39.5962],[-104.4954,39.573],[-104.4993,39.5537],[-104.5198,39.5383],[-104.55,39.5348],[-104.59,39.5433],[-104.6183,39.5549],[-104.635,39.5696],[-104.64,39.5864]],[[-104.7227,39.4873],[-104.7009,39.4931],[-104.6834,39.4931],[-104.6702,39.4873],[-104.6752,39.4776],[-104.6984,39.4643],[-104.7159,39.4643],[-104.7277,39.4776],[-104.7227,39.4873]]]}},{"type":"Feature","properties":{"c":"#00ff00","v0":0.002,"v1":0.003},"geometry":{"type":"Polygon","coordinates":[[[-104.1227,39.827],[-104.1123,39.8346],[-104.1078,39.8297],[-104.1093,39.8122],[-104.1145,39.8083],[-104.1234,39.8182],[-104.1227,39.827]]]}},{"type":"Feature","properties":{"c":"#00ff00","v0":0.002,"v1":0.003},"geometry":{"type":"Polygon","coordinates":[[[-104.3612,39.7885],[-104.3497,39.8116],[-104.3269,39.8231],[-104.2926,39.8231],[-104.275,39.8154],[-104.2738,39.8001],[-104.2824,39.7818],[-104.3008,39.7607],[-104.32,39.7499],[-104.34,39.7496],[-104.3542,39.7563],[-104.3627,39.7701],[-104.3612,39.7885]]]}},{"type":"Feature","properties":{"c":"#00ff00","v0":0.002,"v1":0.003},"geometry":{"type":"Polygon","coordinates":[[[-101.606,39.4517],[-101.5687,39.4792],[-101.525,39.4845],[-101.475,39.4677],[-101.435,39.4737],[-101.405,39.5027],[-101.3794,39.5129],[-101.3581,39.5041],[-101.3431,39.485],[-101.3344,39.4555],[-101.305,39.4635],[-101.255,39.5089],[-101.2185,39.5275],[-101.1954,39.5193],[-101.1873,39.5036],[-101.1942,39.4805],[-101.2158,39.4499],[-101.2519,39.4118],[-101.33,39.3653],[-101.45,39.3102],[-101.5265,39.2867],[-101.5595,39.2948],[-101.5882,39.3336],[-101.6125,39.4032],[-101.606,39.4517]],[[-101.2974,39.4341],[-101.2533,39.4882],[-101.2259,39.5157],[-101.2153,39.5168],[-101.209,39.5091],[-101.2071,39.4926],[-101.2171,39.4703],[-101.239,39.4424],[-101.26,39.4208],[-101.28,39.4055],[-101.2974,39.4002],[-101.3121,39.4048],[-101.2974,39.4341]],[[-101.566,39.3665],[-101.5553,39.378],[-101.5414,39.378],[-101.5242,39.3665],[-101.5242,39.3563],[-101.5414,39.3475],[-101.5553,39.3475],[-101.566,39.3563],[-101.566,39.3665]]]}},{"type":"Feature","properties":{"c":"#00ff00","v0":0.002,"v1":0.003},"geometry":{"type":"Polygon","coordinates":[[[-89.6379,39.5339],[-89.6193,39.5406],[-89.6057,39.5367],[-89.5971,39.5224],[-89.6021,39.5119],[-89.6207,39.5052],[-89.6343,39.5091],[-89.6429,39.5234],[-89.6379,39.5339]],[[-89.6273,39.5312],[-89.6158,39.5324],[-89.6092,39.5286],[-89.6077,39.5196],[-89.6127,39.5146],[-89.6242,39.5134],[-89.6308,39.5173],[-89.6323,39.5262],[-89.6273,39.5312]]]}},{"type":"Feature","properties":{"c":"#00ff00","v0":0.002,"v1":0.003},"geometry":{"type":"Polygon","coordinates":[[[-109.1935,39.5058],[-109.1778,39.5179],[-109.1579,39.5179],[-109.1338,39.5058],[-109.1288,39.4955],[-109.1429,39.4871],[-109.1628,39.4871],[-109.1885,39.4955],[-109.1935,39.5058]]]}},{"type":"Feature","properties":{"c":"#00ff00","v0":0.002,"v1":0.003},"geometry":{"type":"Polygon","coordinates":[[[-109.0721,39.4805],[-109.0446,39.4727],[-109.0356,39.4652],[-109.0452,39.4578],[-109.059,39.4617],[-109.0769,39.4768],[-109.0721,39.4805]]]}},{"type":"Feature","properties":{"c":"#00ff00","v0":0.002,"v1":0.003},"geometry":{"type":"Polygon","coordinates":[[[-107.9595,39.4534],[-107.9482,39.4534],[-107.9432,39.4496],[-107.9446,39.4419],[-107.9503,39.4419],[-107.9602,39.4496],[-107.9595,39.4534]]]}},{"type":"Feature","properties":{"c":"#00ff00","v0":0.002,"v1":0.003},"geometry":{"type":"Polygon","coordinates":[[[-107.8824,39.381],[-107.8741,39.3906],[-107.865,39.3906],[-107.855,39.381],[-107.8592,39.3762],[-107.8774,39.3762],[-107.8824,39.381]]]}},{"type":"Feature","properties":{"c":"#00ff00","v0":0.002,"v1":0.003},"geometry":{"type":"Polygon","coordinates":[[[-76.6294,39.3646],[-76.6154,39.3723],[-76.6088,39.3704],[-76.6096,39.359],[-76.6166,39.3551],[-76.6298,39.3588],[-76.6294,39.3646]]]}},{"type":"Feature","properties":{"c":"#00ff00","v0":0.002,"v1":0.003},"geometry":{"type":"Polygon","coordinates":[[[-107.6928,39.1594],[-107.669,39.1904],[-107.6353,39.2138],[-107.5918,39.2296],[-107.5651,39.2335],[-107.5554,39.2254],[-107.5654,39.2004],[-107.5951,39.1585],[-107.63,39.1349],[-107.67,39.1299],[-107.6937,39.1315],[-107.701,39.1398],[-107.6928,39.1594]],[[-107.628,39.1904],[-107.6103,39.1904],[-107.6086,39.1859],[-107.6229,39.177],[-107.6317,39.177],[-107.6351,39.1859],[-107.628,39.1904]]]}},{"type":"Feature","properties":{"c":"#00ff00","v0":0.002,"v1":0.003},"geometry":{"type":"Polygon","coordinates":[[[-107.8103,39.0912],[-107.7968,39.1099],[-107.774,39.1176],[-107.7419,39.1144],[-107.7319,39.0977],[-107.744,39.0674],[-107.7668,39.0596],[-107.8003,39.0744],[-107.8103,39.0912]],[[-107.789,39.1003],[-107.7763,39.1063],[-107.7644,39.1063],[-107.7533,39.1003],[-107.7533,39.0918],[-107.7644,39.0808],[-107.7763,39.0808],[-107.789,39.0918],[-107.789,39.1003]]]}},{"type":"Feature","properties":{"c":"#00ff00","v0":0.002,"v1":0.003},"geometry":{"type":"Polygon","coordinates":[[[-108.2533,39.0758],[-108.2378,39.0949],[-108.2154,39.0988],[-108.1863,39.0874],[-108.1813,39.0721],[-108.2004,39.0527],[-108.22,39.0437],[-108.24,39.0451],[-108.2528,39.0509],[-108.2583,39.0612],[-108.2533,39.0758]]]}},{"type":"Feature","properties":{"c":"#00ff00","v0":0.002,"v1":0.003},"geometry":{"type":"Polygon","coordinates":[[[-104.6164,39.0746],[-104.5988,39.0913],[-104.5823,39.0913],[-104.5669,39.0746],[-104.5669,39.0602],[-104.5823,39.048],[-104.5988,39.048],[-104.6164,39.0602],[-104.6164,39.0746]]]}},{"type":"Feature","properties":{"c":"#00ff00","v0":0.002,"v1":0.003},"geometry":{"type":"Polygon","coordinates":[[[-104.4656,39.0751],[-104.4419,39.0926],[-104.4203,39.0965],[-104.4009,39.0867],[-104.4009,39.0721],[-104.4203,39.0528],[-104.4419,39.0489],[-104.4656,39.0605],[-104.4656,39.0751]],[[-104.4544,39.0729],[-104.4381,39.0863],[-104.4231,39.0902],[-104.4094,39.0846],[-104.4094,39.0743],[-104.4231,39.0592],[-104.4381,39.0553],[-104.4544,39.0626],[-104.4544,39.0729]]]}},{"type":"Feature","properties":{"c":"#00ff00","v0":0.002,"v1":0.003},"geometry":{"type":"Polygon","coordinates":[[[-104.3279,38.986],[-104.3026,39.0119],[-104.27,39.0295],[-104.23,39.0388],[-104.2007,39.0336],[-104.1821,39.014],[-104.1701,38.9847],[-104.1649,38.9458],[-104.1692,38.9196],[-104.1831,38.906],[-104.205,38.8972],[-104.235,38.8932],[-104.2606,38.8961],[-104.2818,38.9059],[-104.3044,38.9264],[-104.3285,38.9575],[-104.3279,38.986]],[[-104.3143,38.9872],[-104.2848,39.0156],[-104.255,39.0311],[-104.225,39.0336],[-104.2026,39.0272],[-104.1877,39.0118],[-104.1782,38.9847],[-104.1739,38.9458],[-104.1813,38.9195],[-104.2004,38.9057],[-104.22,38.8989],[-104.24,38.8992],[-104.2698,38.9178],[-104.3093,38.9546],[-104.3143,38.9872]]]}},{"type":"Feature","properties":{"c":"#00ff00","v0":0.002,"v1":0.003},"geometry":{"type":"Polygon","coordinates":[[[-90.3509,38.9282],[-90.337,38.9318],[-90.3279,38.924],[-90.3237,38.9048],[-90.3306,38.903],[-90.3488,38.9186],[-90.3509,38.9282]]]}},{"type":"Feature","properties":{"c":"#00ff00","v0":0.002,"v1":0.003},"geometry":{"type":"Polygon","coordinates":[[[-104.9034,38.8719],[-104.8889,38.8875],[-104.8737,38.8919],[-104.8579,38.8852],[-104.8523,38.8696],[-104.8568,38.8452],[-104.8461,38.8213],[-104.8201,38.7979],[-104.8128,38.7795],[-104.8243,38.7662],[-104.84,38.7629],[-104.86,38.7695],[-104.8725,38.7878],[-104.8776,38.8179],[-104.8877,38.8407],[-104.903,38.8563],[-104.9034,38.8719]]]}},{"type":"Feature","properties":{"c":"#00ff00","v0":0.002,"v1":0.003},"geometry":{"type":"Polygon","coordinates":[[[-90.8705,38.8095],[-90.8435,38.8249],[-90.81,38.8313],[-90.77,38.8287],[-90.735,38.8199],[-90.705,38.8048],[-90.68,38.7986],[-90.66,38.8013],[-90.62,38.8205],[-90.56,38.856],[-90.5009,38.8597],[-90.4427,38.8315],[-90.4191,38.8096],[-90.4302,38.794],[-90.4193,38.7671],[-90.3864,38.729],[-90.345,38.7183],[-90.295,38.7353],[-90.2544,38.7387],[-90.2231,38.7288],[-90.1988,38.6926],[-90.1813,38.6301],[-90.2083,38.5832],[-90.2795,38.5519],[-90.3338,38.5393],[-90.3713,38.5454],[-90.4,38.5596],[-90.42,38.5818],[-90.455,38.5934],[-90.505,38.5945],[-90.5503,38.6077],[-90.5908,38.633],[-90.6154,38.6496],[-90.6241,38.6574],[-90.6155,38.6692],[-90.5896,38.6848],[-90.585,38.6989],[-90.6017,38.7115],[-90.64,38.7277],[-90.7,38.7474],[-90.75,38.7539],[-90.79,38.747],[-90.8285,38.7582],[-90.8655,38.7872],[-90.8705,38.8095]],[[-90.5523,38.7462],[-90.5374,38.7597],[-90.5207,38.7636],[-90.5022,38.7579],[-90.4972,38.7446],[-90.5057,38.7238],[-90.5224,38.7199],[-90.5473,38.7329],[-90.5523,38.7462]]]}},{"type":"Feature","properties":{"c":"#00ff00","v0":0.002,"v1":0.003},"geometry":{"type":"Polygon","coordinates":[[[-87.0666,38.8533],[-87.0555,38.863],[-87.035,38.8573],[-87.005,38.8363],[-86.985,38.812],[-86.975,38.7844],[-86.985,38.768],[-87.015,38.7629],[-87.0405,38.7824],[-87.0616,38.8265],[-87.0666,38.8533]]]}},{"type":"Feature","properties":{"c":"#00ff00","v0":0.002,"v1":0.003},"geometry":{"type":"Polygon","coordinates":[[[-87.0813,38.7136],[-87.0604,38.7245],[-87.0399,38.7245],[-87.0198,38.7136],[-87.0248,38.7035],[-87.0549,38.694],[-87.0754,38.694],[-87.0863,38.7035],[-87.0813,38.7136]]]}},{"type":"Feature","properties":{"c":"#00ff00","v0":0.002,"v1":0.003},"geometry":{"type":"Polygon","coordinates":[[[-90.0513,38.6184],[-90.0504,38.6263],[-90.035,38.6329],[-90.005,38.6381],[-89.9814,38.6342],[-89.9642,38.6211],[-89.9642,38.6091],[-89.9814,38.5983],[-90.0054,38.5983],[-90.0363,38.6091],[-90.0513,38.6184]]]}},{"type":"Feature","properties":{"c":"#00ff00","v0":0.002,"v1":0.003},"geometry":{"type":"Polygon","coordinates":[[[-104.0953,38.5754],[-104.0935,38.591],[-104.087,38.5998],[-104.0757,38.6016],[-104.0678,38.5899],[-104.0634,38.5646],[-104.07,38.5558],[-104.0874,38.5637],[-104.0953,38.5754]]]}},{"type":"Feature","properties":{"c":"#00ff00","v0":0.002,"v1":0.003},"geometry":{"type":"Polygon","coordinates":[[[-104.4504,38.5368],[-104.4235,38.5692],[-104.4,38.5758],[-104.38,38.5565],[-104.355,38.5456],[-104.325,38.5429],[-104.3031,38.5363],[-104.2892,38.5259],[-104.2868,38.5128],[-104.296,38.4972],[-104.3214,38.4815],[-104.3633,38.4659],[-104.3956,38.4449],[-104.4185,38.4187],[-104.4337,38.4069],[-104.4411,38.4097],[-104.4392,38.4228],[-104.428,38.4463],[-104.4328,38.4737],[-104.4535,38.505],[-104.4504,38.5368]]]}},{"type":"Feature","properties":{"c":"#00ff00","v0":0.002,"v1":0.003},"geometry":{"type":"Polygon","coordinates":[[[-107.7525,38.5137],[-107.7375,38.531],[-107.725,38.5349],[-107.715,38.5254],[-107.715,38.5137],[-107.725,38.4998],[-107.7375,38.4958],[-107.7525,38.5019],[-107.7525,38.5137]]]}},{"type":"Feature","properties":{"c":"#00ff00","v0":0.002,"v1":0.003},"geometry":{"type":"Polygon","coordinates":[[[-104.7869,38.5091],[-104.7756,38.5174],[-104.7667,38.5174],[-104.76,38.5091],[-104.76,38.5018],[-104.7667,38.4953],[-104.7756,38.4953],[-104.7869,38.5018],[-104.7869,38.5091]]]}},{"type":"Feature","properties":{"c":"#00ff00","v0":0.002,"v1":0.003},"geometry":{"type":"Polygon","coordinates":[[[-90.2035,38.4881],[-90.1412,38.517],[-90.0971,38.5249],[-90.0712,38.5116],[-90.0812,38.4791],[-90.1271,38.4272],[-90.1651,38.4076],[-90.1954,38.4203],[-90.2166,38.4384],[-90.2286,38.4619],[-90.2035,38.4881]]]}},{"type":"Feature","properties":{"c":"#00ff00","v0":0.002,"v1":0.003},"geometry":{"type":"Polygon","coordinates":[[[-104.0629,38.467],[-104.041,38.4848],[-104.0,38.4946],[-103.94,38.4963],[-103.905,38.4952],[-103.895,38.4913],[-103.8954,38.4776],[-103.9061,38.4541],[-103.8995,38.4306],[-103.8756,38.4071],[-103.8657,38.3914],[-103.8698,38.3836],[-103.8814,38.3751],[-103.9005,38.3659],[-103.92,38.363],[-103.94,38.3661],[-103.965,38.3853],[-103.995,38.4203],[-104.026,38.4429],[-104.0579,38.453],[-104.0629,38.467]]]}},{"type":"Feature","properties":{"c":"#00ff00","v0":0.002,"v1":0.003},"geometry":{"type":"Polygon","coordinates":[[[-86.9089,38.3405],[-86.8941,38.3561],[-86.8859,38.3757],[-86.8843,38.3993],[-86.8751,38.4149],[-86.8584,38.4227],[-86.835,38.4244],[-86.805,38.4199],[-86.78,38.4291],[-86.76,38.452],[-86.7295,38.4581],[-86.6885,38.4476],[-86.657,38.4306],[-86.635,38.4071],[-86.6355,38.3818],[-86.6585,38.3546],[-86.685,38.3443],[-86.715,38.3509],[-86.75,38.3428],[-86.79,38.3199],[-86.825,38.3077],[-86.855,38.306],[-86.8816,38.312],[-86.9047,38.3257],[-86.9089,38.3405]]]}},{"type":"Feature","properties":{"c":"#00ff00","v0":0.002,"v1":0.003},"geometry":{"type":"Polygon","coordinates":[[[-89.9502,38.4462],[-89.9367,38.4539],[-89.9207,38.4539],[-89.9021,38.4462],[-89.9021,38.4372],[-89.9207,38.427],[-89.9367,38.427],[-89.9502,38.4372],[-89.9502,38.4462]]]}},{"type":"Feature","properties":{"c":"#00ff00","v0":0.002,"v1":0.003},"geometry":{"type":"Polygon","coordinates":[[[-87.1119,38.4051],[-87.084,38.4246],[-87.0602,38.4246],[-87.0406,38.4051],[-87.0306,38.3876],[-87.0302,38.3721],[-87.045,38.3653],[-87.075,38.3674],[-87.099,38.3751],[-87.1169,38.3886],[-87.1119,38.4051]]]}},{"type":"Feature","properties":{"c":"#00ff00","v0":0.002,"v1":0.003},"geometry":{"type":"Polygon","coordinates":[[[-104.5463,38.3836],[-104.5008,38.3914],[-104.4825,38.3836],[-104.4915,38.3601],[-104.5045,38.3449],[-104.5215,38.3382],[-104.5398,38.3461],[-104.5593,38.3685],[-104.5463,38.3836]],[[-104.5383,38.3686],[-104.5328,38.3779],[-104.5238,38.3818],[-104.5113,38.3804],[-104.5063,38.3739],[-104.5088,38.3623],[-104.5178,38.3584],[-104.5333,38.3621],[-104.5383,38.3686]]]}},{"type":"Feature","properties":{"c":"#00ff00","v0":0.002,"v1":0.003},"geometry":{"type":"Polygon","coordinates":[[[-81.6038,38.3601],[-81.5875,38.3522],[-81.587,38.3481],[-81.6023,38.3477],[-81.6105,38.3517],[-81.6114,38.3599],[-81.6038,38.3601]]]}},{"type":"Feature","properties":{"c":"#00ff00","v0":0.002,"v1":0.003},"geometry":{"type":"Polygon","coordinates":[[[-81.4665,38.3549],[-81.4422,38.3681],[-81.4211,38.3681],[-81.4032,38.3549],[-81.3982,38.3426],[-81.4061,38.3312],[-81.42,38.3241],[-81.44,38.3215],[-81.4572,38.3272],[-81.4715,38.3413],[-81.4665,38.3549]],[[-81.4449,38.3518],[-81.435,38.3589],[-81.4249,38.3589],[-81.4148,38.3518],[-81.4198,38.3483],[-81.4398,38.3483],[-81.4449,38.3518]]]}},{"type":"Feature","properties":{"c":"#00ff00","v0":0.002,"v1":0.003},"geometry":{"type":"Polygon","coordinates":[[[-88.6014,38.2188],[-88.5865,38.2423],[-88.5852,38.2777],[-88.5975,38.3248],[-88.5952,38.3516],[-88.5784,38.3583],[-88.5592,38.3544],[-88.5377,38.3399],[-88.5347,38.313],[-88.5502,38.2738],[-88.5528,38.2345],[-88.5425,38.1952],[-88.5473,38.1716],[-88.5672,38.1638],[-88.585,38.1716],[-88.6009,38.1952],[-88.6014,38.2188]]]}},{"type":"Feature","properties":{"c":"#00ff00","v0":0.002,"v1":0.003},"geometry":{"type":"Polygon","coordinates":[[[-87.0455,38.3404],[-87.0352,38.3559],[-87.024,38.3599],[-87.0121,38.3522],[-87.0121,38.3407],[-87.024,38.3254],[-87.0352,38.3215],[-87.0455,38.3289],[-87.0455,38.3404]]]}},{"type":"Feature","properties":{"c":"#00ff00","v0":0.002,"v1":0.003},"geometry":{"type":"Polygon","coordinates":[[[-108.2356,38.2862],[-108.2052,38.2876],[-108.185,38.2971],[-108.175,38.3146],[-108.166,38.3218],[-108.1581,38.3185],[-108.1581,38.3067],[-108.166,38.2863],[-108.18,38.2698],[-108.2,38.2574],[-108.215,38.2511],[-108.225,38.2508],[-108.2352,38.2594],[-108.2456,38.2768],[-108.2356,38.2862]]]}},{"type":"Feature","properties":{"c":"#00ff00","v0":0.002,"v1":0.003},"geometry":{"type":"Polygon","coordinates":[[[-105.1852,38.2768],[-105.1751,38.2909],[-105.165,38.2972],[-105.155,38.2958],[-105.1436,38.2849],[-105.1309,38.2644],[-105.1309,38.2499],[-105.1436,38.2413],[-105.1601,38.2453],[-105.1802,38.2616],[-105.1852,38.2768]],[[-105.1697,38.2728],[-105.1566,38.2786],[-105.1484,38.2747],[-105.1452,38.261],[-105.1518,38.258],[-105.1681,38.2659],[-105.1697,38.2728]]]}},{"type":"Feature","properties":{"c":"#00ff00","v0":0.002,"v1":0.003},"geometry":{"type":"Polygon","coordinates":[[[-89.9521,38.2893],[-89.9507,38.297],[-89.9432,38.297],[-89.9295,38.2893],[-89.9302,38.2855],[-89.9453,38.2855],[-89.9521,38.2893]]]}},{"type":"Feature","properties":{"c":"#00ff00","v0":0.002,"v1":0.003},"geometry":{"type":"Polygon","coordinates":[[[-104.7147,38.2289],[-104.6982,38.2413],[-104.6802,38.2452],[-104.6607,38.2407],[-104.6502,38.2266],[-104.6488,38.2031],[-104.6343,38.1755],[-104.6066,38.1441],[-104.6015,38.1126],[-104.6189,38.0811],[-104.6382,38.0635],[-104.6594,38.0596],[-104.6813,38.0636],[-104.7039,38.0753],[-104.7127,38.1048],[-104.7077,38.152],[-104.7097,38.1873],[-104.7185,38.2109],[-104.7147,38.2289]],[[-104.6942,38.1032],[-104.6781,38.116],[-104.6621,38.116],[-104.6463,38.1032],[-104.6463,38.0904],[-104.6621,38.0774],[-104.6781,38.0774],[-104.6942,38.0904],[-104.6942,38.1032]]]}},{"type":"Feature","properties":{"c":"#00ff00","v0":0.002,"v1":0.003},"geometry":{"type":"Polygon","coordinates":[[[-108.2489,38.1972],[-108.2363,38.2091],[-108.23,38.2066],[-108.23,38.1898],[-108.235,38.1784],[-108.245,38.1726],[-108.2513,38.175],[-108.2539,38.1859],[-108.2489,38.1972]]]}},{"type":"Feature","properties":{"c":"#00ff00","v0":0.002,"v1":0.003},"geometry":{"type":"Polygon","coordinates":[[[-105.0888,38.2081],[-105.0763,38.2103],[-105.0698,38.2063],[-105.0695,38.1963],[-105.0758,38.1952],[-105.0887,38.2031],[-105.0888,38.2081]]]}},{"type":"Feature","properties":{"c":"#00ff00","v0":0.002,"v1":0.003},"geometry":{"type":"Polygon","coordinates":[[[-105.0463,38.0581],[-105.0221,38.075],[-104.987,38.075],[-104.941,38.0581],[-104.9059,38.026],[-104.8819,37.9787],[-104.8849,37.9386],[-104.915,37.9058],[-104.9529,37.9018],[-104.9986,37.9268],[-105.0307,37.9669],[-105.0491,38.0221],[-105.0463,38.0581]],[[-105.0325,38.0565],[-105.0042,38.0702],[-104.9747,38.0702],[-104.944,38.0565],[-104.9184,38.026],[-104.8979,37.9787],[-104.8983,37.9451],[-104.9194,37.9252],[-104.935,37.9132],[-104.945,37.9089],[-104.9656,37.915],[-104.9968,37.9312],[-105.021,37.9669],[-105.0381,38.0221],[-105.0325,38.0565]]]}},{"type":"Feature","properties":{"c":"#00ff00","v0":0.002,"v1":0.003},"geometry":{"type":"Polygon","coordinates":[[[-104.6918,37.9601],[-104.6773,37.9701],[-104.6598,37.9661],[-104.6394,37.9482],[-104.6394,37.9342],[-104.6598,37.924],[-104.6773,37.928],[-104.6918,37.946],[-104.6918,37.9601]],[[-104.6686,37.951],[-104.6562,37.9428],[-104.655,37.9379],[-104.665,37.9365],[-104.6712,37.9406],[-104.6736,37.9502],[-104.6686,37.951]]]}},{"type":"Feature","properties":{"c":"#00ff00","v0":0.002,"v1":0.003},"geometry":{"type":"Polygon","coordinates":[[[-84.1022,37.9156],[-84.0807,37.9314],[-84.0699,37.9314],[-84.07,37.9155],[-84.0807,37.9076],[-84.1022,37.9077],[-84.1022,37.9156]]]}},{"type":"Feature","properties":{"c":"#00ff00","v0":0.002,"v1":0.003},"geometry":{"type":"Polygon","coordinates":[[[-84.4229,37.9139],[-84.401,37.9263],[-84.3854,37.9224],[-84.3761,37.9021],[-84.3811,37.8908],[-84.4004,37.8883],[-84.416,37.8923],[-84.4279,37.9026],[-84.4229,37.9139]]]}},{"type":"Feature","properties":{"c":"#00ff00","v0":0.002,"v1":0.003},"geometry":{"type":"Polygon","coordinates":[[[-113.9347,37.9083],[-113.9182,37.9095],[-113.9094,37.9055],[-113.9081,37.8965],[-113.9164,37.8959],[-113.9341,37.9038],[-113.9347,37.9083]]]}},{"type":"Feature","properties":{"c":"#00ff00","v0":0.002,"v1":0.003},"geometry":{"type":"Polygon","coordinates":[[[-104.8007,37.8841],[-104.7951,37.8999],[-104.7818,37.9109],[-104.7606,37.9172],[-104.7389,37.9093],[-104.7166,37.8872],[-104.7166,37.8679],[-104.7389,37.8514],[-104.7634,37.8514],[-104.7901,37.8679],[-104.8007,37.8841]],[[-104.7891,37.8841],[-104.7809,37.8999],[-104.7701,37.909],[-104.7567,37.9115],[-104.7413,37.9036],[-104.724,37.8853],[-104.724,37.8697],[-104.7413,37.8569],[-104.7608,37.8569],[-104.7824,37.8697],[-104.7891,37.8841]]]}},{"type":"Feature","properties":{"c":"#00ff00","v0":0.002,"v1":0.003},"geometry":{"type":"Polygon","coordinates":[[[-83.9215,37.8505],[-83.9005,37.8623],[-83.865,37.8635],[-83.815,37.854],[-83.7877,37.8442],[-83.7832,37.8339],[-83.7932,37.8213],[-83.8177,37.8064],[-83.8555,37.8104],[-83.9065,37.8332],[-83.9215,37.8505]],[[-83.8376,37.8323],[-83.8192,37.8393],[-83.8078,37.8393],[-83.8035,37.8323],[-83.8127,37.8288],[-83.8354,37.8288],[-83.8376,37.8323]]]}},{"type":"Feature","properties":{"c":"#00ff00","v0":0.002,"v1":0.003},"geometry":{"type":"Polygon","coordinates":[[[-82.9732,37.7776],[-82.9577,37.8016],[-82.935,37.8107],[-82.905,37.805],[-82.875,37.814],[-82.845,37.8378],[-82.82,37.8464],[-82.8,37.84],[-82.78,37.8446],[-82.76,37.8603],[-82.7412,37.8663],[-82.7235,37.8623],[-82.717,37.8525],[-82.7215,37.8367],[-82.7404,37.8245],[-82.7735,37.816],[-82.8002,37.7844],[-82.8206,37.7297],[-82.8256,37.6946],[-82.8152,37.679],[-82.77,37.6745],[-82.69,37.6809],[-82.6429,37.6807],[-82.6287,37.674],[-82.6245,37.635],[-82.6303,37.5637],[-82.6542,37.4923],[-82.6963,37.4209],[-82.7305,37.3862],[-82.7568,37.3883],[-82.7777,37.3963],[-82.7931,37.41],[-82.8005,37.4447],[-82.8,37.5003],[-82.7839,37.5399],[-82.7522,37.5637],[-82.7698,37.5941],[-82.8366,37.6312],[-82.8977,37.6787],[-82.9532,37.7366],[-82.9732,37.7776]],[[-82.7092,37.6272],[-82.6964,37.6353],[-82.687,37.6353],[-82.6809,37.6272],[-82.6873,37.6231],[-82.7062,37.6231],[-82.7092,37.6272]],[[-82.7818,37.4526],[-82.7762,37.4923],[-82.7625,37.5149],[-82.7408,37.5204],[-82.7262,37.5165],[-82.7186,37.503],[-82.7186,37.4736],[-82.7262,37.4283],[-82.74,37.4053],[-82.76,37.4047],[-82.7737,37.4115],[-82.781,37.4257],[-82.7818,37.4526]],[[-82.9443,37.7859],[-82.9348,37.7949],[-82.905,37.7919],[-82.855,37.777],[-82.84,37.7494],[-82.86,37.7091],[-82.8898,37.7121],[-82.9293,37.7583],[-82.9443,37.7859]]]}},{"type":"Feature","properties":{"c":"#00ff00","v0":0.002,"v1":0.003},"geometry":{"type":"Polygon","coordinates":[[[-104.9374,37.7853],[-104.9246,37.8249],[-104.9112,37.846],[-104.8971,37.8489],[-104.8873,37.8449],[-104.8819,37.8342],[-104.8869,37.8134],[-104.9023,37.7827],[-104.9185,37.7669],[-104.9354,37.766],[-104.9374,37.7853]]]}},{"type":"Feature","properties":{"c":"#00ff00","v0":0.002,"v1":0.003},"geometry":{"type":"Polygon","coordinates":[[[-84.2701,37.8422],[-84.23,37.8374],[-84.2033,37.8256],[-84.1898,37.8067],[-84.1553,37.7893],[-84.0997,37.7735],[-84.0808,37.7379],[-84.0984,37.6825],[-84.0979,37.6437],[-84.0793,37.6214],[-84.0626,37.6095],[-84.0478,37.608],[-84.0678,37.6007],[-84.1226,37.5875],[-84.1575,37.5954],[-84.1726,37.6244],[-84.1976,37.64],[-84.2325,37.6419],[-84.2478,37.6578],[-84.2434,37.6875],[-84.2534,37.7379],[-84.2779,37.8091],[-84.2701,37.8422]],[[-84.2412,37.754],[-84.2337,37.7624],[-84.1961,37.7624],[-84.1283,37.754],[-84.1083,37.7294],[-84.1361,37.6887],[-84.1664,37.6689],[-84.1991,37.6701],[-84.2113,37.6786],[-84.203,37.6944],[-84.2104,37.7142],[-84.2334,37.7379],[-84.2412,37.754]]]}},{"type":"Feature","properties":{"c":"#00ff00","v0":0.002,"v1":0.003},"geometry":{"type":"Polygon","coordinates":[[[-83.3606,37.7735],[-83.3456,37.7893],[-83.3369,37.8091],[-83.3345,37.8328],[-83.3274,37.8469],[-83.3158,37.8514],[-83.3,37.8506],[-83.28,37.8445],[-83.2638,37.8265],[-83.2513,37.7964],[-83.2213,37.7783],[-83.1738,37.772],[-83.135,37.7721],[-83.105,37.7786],[-83.0804,37.7738],[-83.0612,37.7578],[-83.0712,37.7245],[-83.1104,37.674],[-83.16,37.6459],[-83.22,37.6403],[-83.2597,37.6419],[-83.279,37.6505],[-83.2842,37.6707],[-83.2753,37.7023],[-83.2756,37.728],[-83.2852,37.7479],[-83.305,37.7546],[-83.335,37.7481],[-83.3545,37.7501],[-83.3636,37.7604],[-83.3606,37.7735]],[[-83.2575,37.7023],[-83.2551,37.734],[-83.2479,37.7518],[-83.236,37.756],[-83.2192,37.756],[-83.1977,37.7518],[-83.17,37.734],[-83.1363,37.7023],[-83.1271,37.6797],[-83.1424,37.666],[-83.17,37.659],[-83.21,37.6586],[-83.2372,37.6654],[-83.2516,37.6794],[-83.2575,37.7023]]]}},{"type":"Feature","properties":{"c":"#00ff00","v0":0.002,"v1":0.003},"geometry":{"type":"Polygon","coordinates":[[[-104.7619,37.7327],[-104.7406,37.7619],[-104.715,37.7827],[-104.685,37.795],[-104.6574,37.7962],[-104.6323,37.7863],[-104.6184,37.7695],[-104.6158,37.7458],[-104.6084,37.7307],[-104.5961,37.7241],[-104.5829,37.7241],[-104.5686,37.7307],[-104.5586,37.7443],[-104.5529,37.7649],[-104.535,37.7835],[-104.505,37.8001],[-104.465,37.8107],[-104.415,37.8154],[-104.3748,37.8047],[-104.3443,37.7786],[-104.3393,37.7555],[-104.3598,37.7354],[-104.395,37.7316],[-104.445,37.7442],[-104.4844,37.7385],[-104.5132,37.7144],[-104.5228,37.6904],[-104.5134,37.6667],[-104.512,37.6469],[-104.5185,37.6311],[-104.5489,37.6141],[-104.603,37.5959],[-104.645,37.5903],[-104.675,37.5974],[-104.6917,37.6184],[-104.6951,37.6532],[-104.7157,37.6825],[-104.7536,37.7063],[-104.7619,37.7327]],[[-104.738,37.734],[-104.7197,37.7656],[-104.6954,37.784],[-104.6651,37.7892],[-104.6435,37.7853],[-104.6304,37.7721],[-104.6249,37.7537],[-104.627,37.73],[-104.6085,37.7145],[-104.5695,37.7071],[-104.5433,37.6953],[-104.53,37.6789],[-104.5255,37.6588],[-104.53,37.635],[-104.5417,37.618],[-104.5606,37.6077],[-104.595,37.6009],[-104.645,37.5975],[-104.6761,37.6027],[-104.6884,37.6163],[-104.6909,37.639],[-104.6837,37.6707],[-104.6968,37.6944],[-104.7304,37.7102],[-104.738,37.734]],[[-104.5348,37.7617],[-104.5049,37.7855],[-104.47,37.8009],[-104.43,37.8077],[-104.3919,37.7997],[-104.3557,37.7769],[-104.3457,37.7573],[-104.3619,37.7406],[-104.395,37.7404],[-104.445,37.7566],[-104.485,37.7542],[-104.515,37.7332],[-104.5349,37.7295],[-104.5448,37.743],[-104.5348,37.7617]]]}},{"type":"Feature","properties":{"c":"#00ff00","v0":0.002,"v1":0.003},"geometry":{"type":"Polygon","coordinates":[[[-83.9014,37.7024],[-83.8671,37.7027],[-83.8385,37.6909],[-83.8156,37.6668],[-83.8156,37.6533],[-83.8385,37.6502],[-83.8671,37.6621],[-83.9014,37.6889],[-83.9014,37.7024]]]}},{"type":"Feature","properties":{"c":"#00ff00","v0":0.002,"v1":0.003},"geometry":{"type":"Polygon","coordinates":[[[-83.4333,37.7043],[-83.4178,37.7084],[-83.4018,37.7044],[-83.3853,37.6925],[-83.3903,37.684],[-83.4168,37.679],[-83.4328,37.6829],[-83.4383,37.6959],[-83.4333,37.7043]]]}},{"type":"Feature","properties":{"c":"#00ff00","v0":0.002,"v1":0.003},"geometry":{"type":"Polygon","coordinates":[[[-82.4487,37.6231],[-82.4274,37.6231],[-82.4143,37.6152],[-82.4094,37.5994],[-82.4178,37.5942],[-82.4393,37.5997],[-82.4523,37.6077],[-82.457,37.618],[-82.4487,37.6231]]]}},{"type":"Feature","properties":{"c":"#00ff00","v0":0.002,"v1":0.003},"geometry":{"type":"Polygon","coordinates":[[[-89.0137,37.5483],[-89.0112,37.557],[-88.995,37.5614],[-88.965,37.5613],[-88.9438,37.549],[-88.9313,37.5244],[-88.9313,37.5107],[-88.9438,37.5077],[-88.9662,37.5156],[-88.9987,37.5345],[-89.0137,37.5483]]]}},{"type":"Feature","properties":{"c":"#00ff00","v0":0.002,"v1":0.003},"geometry":{"type":"Polygon","coordinates":[[[-82.5457,37.5201],[-82.5381,37.536],[-82.5232,37.5482],[-82.5011,37.5568],[-82.4764,37.5489],[-82.4491,37.5244],[-82.4441,37.5015],[-82.4614,37.4802],[-82.4856,37.4722],[-82.5167,37.4777],[-82.5365,37.4884],[-82.5452,37.5042],[-82.5457,37.5201]],[[-82.5179,37.5201],[-82.5012,37.536],[-82.4842,37.5399],[-82.4669,37.532],[-82.4662,37.5196],[-82.4821,37.5027],[-82.4991,37.4987],[-82.5172,37.5077],[-82.5179,37.5201]]]}},{"type":"Feature","properties":{"c":"#00ff00","v0":0.002,"v1":0.003},"geometry":{"type":"Polygon","coordinates":[[[-105.1218,37.486],[-105.1139,37.4973],[-105.1,37.5037],[-105.08,37.5053],[-105.0499,37.4957],[-105.0098,37.4749],[-104.9868,37.4526],[-104.9808,37.4288],[-104.9908,37.4134],[-105.0169,37.4064],[-105.0505,37.4143],[-105.0915,37.4372],[-105.1154,37.4566],[-105.1222,37.4725],[-105.1218,37.486]],[[-105.1028,37.4838],[-105.0809,37.4905],[-105.0655,37.4826],[-105.0565,37.46],[-105.062,37.4487],[-105.0819,37.4487],[-105.0974,37.4566],[-105.1083,37.4725],[-105.1028,37.4838]]]}},{"type":"Feature","properties":{"c":"#00ff00","v0":0.002,"v1":0.003},"geometry":{"type":"Polygon","coordinates":[[[-83.0499,37.4683],[-83.0366,37.4758],[-83.018,37.4718],[-82.9941,37.4564],[-82.9941,37.4448],[-83.018,37.4371],[-83.0366,37.4411],[-83.0499,37.4567],[-83.0499,37.4683]]]}},{"type":"Feature","properties":{"c":"#00ff00","v0":0.002,"v1":0.003},"geometry":{"type":"Polygon","coordinates":[[[-82.4605,37.4538],[-82.4535,37.4642],[-82.435,37.4597],[-82.405,37.4403],[-82.3855,37.4232],[-82.3766,37.4084],[-82.3766,37.3936],[-82.3855,37.3787],[-82.4031,37.3747],[-82.4294,37.3817],[-82.4479,37.401],[-82.4586,37.4328],[-82.4605,37.4538]]]}},{"type":"Feature","properties":{"c":"#00ff00","v0":0.002,"v1":0.003},"geometry":{"type":"Polygon","coordinates":[[[-82.9049,37.4383],[-82.895,37.4492],[-82.8846,37.4492],[-82.8737,37.4383],[-82.8737,37.428],[-82.8846,37.4183],[-82.895,37.4183],[-82.9049,37.428],[-82.9049,37.4383]]]}},{"type":"Feature","properties":{"c":"#00ff00","v0":0.002,"v1":0.003},"geometry":{"type":"Polygon","coordinates":[[[-119.8543,37.4042],[-119.8248,37.4104],[-119.8043,37.4065],[-119.793,37.3922],[-119.798,37.3792],[-119.8193,37.3674],[-119.8398,37.3714],[-119.8593,37.3912],[-119.8543,37.4042]]]}},{"type":"Feature","properties":{"c":"#00ff00","v0":0.002,"v1":0.003},"geometry":{"type":"Polygon","coordinates":[[[-88.9361,37.3096],[-88.9296,37.3494],[-88.9123,37.3756],[-88.8841,37.3882],[-88.8634,37.3723],[-88.8503,37.3279],[-88.8503,37.2919],[-88.8634,37.2644],[-88.885,37.2548],[-88.915,37.2632],[-88.9323,37.273],[-88.937,37.2841],[-88.9361,37.3096]]]}},{"type":"Feature","properties":{"c":"#00ff00","v0":0.002,"v1":0.003},"geometry":{"type":"Polygon","coordinates":[[[-82.8764,37.311],[-82.8588,37.3216],[-82.8416,37.3176],[-82.8249,37.299],[-82.8249,37.2879],[-82.8416,37.2844],[-82.8588,37.2884],[-82.8764,37.2999],[-82.8764,37.311]]]}},{"type":"Feature","properties":{"c":"#00ff00","v0":0.002,"v1":0.003},"geometry":{"type":"Polygon","coordinates":[[[-114.4682,37.2818],[-114.4449,37.2977],[-114.4229,37.3056],[-114.4023,37.3056],[-114.4015,37.2966],[-114.4205,37.2785],[-114.4425,37.2705],[-114.4674,37.2727],[-114.4682,37.2818]]]}},{"type":"Feature","properties":{"c":"#00ff00","v0":0.002,"v1":0.003},"geometry":{"type":"Polygon","coordinates":[[[-88.4312,37.3095],[-88.4171,37.3172],[-88.4079,37.3172],[-88.4036,37.3095],[-88.4107,37.3056],[-88.4291,37.3056],[-88.4312,37.3095]]]}},{"type":"Feature","properties":{"c":"#00ff00","v0":0.002,"v1":0.003},"geometry":{"type":"Polygon","coordinates":[[[-88.5128,37.2625],[-88.4976,37.2716],[-88.4859,37.2716],[-88.4778,37.2625],[-88.4828,37.2518],[-88.5009,37.2395],[-88.5126,37.2395],[-88.5178,37.2518],[-88.5128,37.2625]]]}},{"type":"Feature","properties":{"c":"#00ff00","v0":0.002,"v1":0.003},"geometry":{"type":"Polygon","coordinates":[[[-88.8624,37.2305],[-88.8541,37.2394],[-88.835,37.2394],[-88.805,37.2307],[-88.7888,37.2143],[-88.7863,37.1902],[-88.8054,37.1902],[-88.8462,37.2141],[-88.8624,37.2305]]]}},{"type":"Feature","properties":{"c":"#00ff00","v0":0.002,"v1":0.003},"geometry":{"type":"Polygon","coordinates":[[[-88.7115,37.1424],[-88.6484,37.1663],[-88.6092,37.1862],[-88.5938,37.2021],[-88.5917,37.1982],[-88.603,37.1743],[-88.599,37.1536],[-88.5797,37.1363],[-88.5558,37.1244],[-88.5275,37.1178],[-88.5043,37.0865],[-88.4863,37.0307],[-88.5361,37.0187],[-88.6538,37.0506],[-88.7202,37.0826],[-88.7354,37.1145],[-88.7115,37.1424]]]}},{"type":"Feature","properties":{"c":"#00ff00","v0":0.002,"v1":0.003},"geometry":{"type":"Polygon","coordinates":[[[-114.8666,37.0985],[-114.8481,37.0985],[-114.8416,37.0884],[-114.8472,37.0683],[-114.8565,37.0683],[-114.8694,37.0884],[-114.8666,37.0985]]]}},{"type":"Feature","properties":{"c":"#00ff00","v0":0.002,"v1":0.003},"geometry":{"type":"Polygon","coordinates":[[[-114.3087,37.0746],[-114.3038,37.0905],[-114.2935,37.1021],[-114.2778,37.1092],[-114.2501,37.1052],[-114.2103,37.0901],[-114.2053,37.0715],[-114.2351,37.0494],[-114.2653,37.0454],[-114.2959,37.0595],[-114.3087,37.0746]],[[-114.2873,37.0743],[-114.2758,37.0898],[-114.2595,37.0938],[-114.2386,37.0863],[-114.2336,37.0748],[-114.2445,37.0592],[-114.2608,37.0552],[-114.2823,37.0628],[-114.2873,37.0743]]]}},{"type":"Feature","properties":{"c":"#00ff00","v0":0.002,"v1":0.003},"geometry":{"type":"Polygon","coordinates":[[[-119.6111,36.8654],[-119.597,36.8785],[-119.5813,36.8785],[-119.5639,36.8654],[-119.5639,36.8489],[-119.5813,36.829],[-119.597,36.829],[-119.6111,36.8489],[-119.6111,36.8654]]]}},{"type":"Feature","properties":{"c":"#00ff00","v0":0.002,"v1":0.003},"geometry":{"type":"Polygon","coordinates":[[[-87.2354,36.8343],[-87.2318,36.8493],[-87.2117,36.8493],[-87.1752,36.8343],[-87.1602,36.8219],[-87.1667,36.812],[-87.1868,36.812],[-87.2204,36.8219],[-87.2354,36.8343]]]}},{"type":"Feature","properties":{"c":"#00ff00","v0":0.002,"v1":0.003},"geometry":{"type":"Polygon","coordinates":[[[-120.1227,36.7851],[-120.1009,36.7979],[-120.083,36.7939],[-120.0691,36.7731],[-120.0741,36.7577],[-120.098,36.7474],[-120.1159,36.7515],[-120.1277,36.7697],[-120.1227,36.7851]],[[-120.1114,36.7821],[-120.0971,36.7887],[-120.0875,36.7847],[-120.0824,36.7701],[-120.0874,36.7614],[-120.1025,36.7588],[-120.1121,36.7628],[-120.1164,36.7735],[-120.1114,36.7821]]]}},{"type":"Feature","properties":{"c":"#00ff00","v0":0.002,"v1":0.003},"geometry":{"type":"Polygon","coordinates":[[[-114.783,36.3673],[-114.7743,36.3797],[-114.7586,36.3877],[-114.7357,36.3914],[-114.7307,36.3797],[-114.7436,36.3525],[-114.7593,36.3444],[-114.778,36.3555],[-114.783,36.3673]]]}},{"type":"Feature","properties":{"c":"#00ff00","v0":0.002,"v1":0.003},"geometry":{"type":"Polygon","coordinates":[[[-86.5509,36.3522],[-86.537,36.3667],[-86.5238,36.3707],[-86.5113,36.3643],[-86.5113,36.3541],[-86.5238,36.3402],[-86.537,36.3361],[-86.5509,36.342],[-86.5509,36.3522]]]}},{"type":"Feature","properties":{"c":"#00ff00","v0":0.002,"v1":0.003},"geometry":{"type":"Polygon","coordinates":[[[-86.4744,36.3007],[-86.4709,36.341],[-86.4594,36.3625],[-86.4398,36.3653],[-86.416,36.3572],[-86.3879,36.3383],[-86.3779,36.3175],[-86.386,36.2946],[-86.405,36.2787],[-86.435,36.2698],[-86.4565,36.2691],[-86.4696,36.2767],[-86.4744,36.3007]]]}},{"type":"Feature","properties":{"c":"#00ff00","v0":0.002,"v1":0.003},"geometry":{"type":"Polygon","coordinates":[[[-83.3149,36.2424],[-83.2716,36.2628],[-83.238,36.2628],[-83.2141,36.2424],[-83.2191,36.2202],[-83.253,36.1964],[-83.2828,36.1883],[-83.3083,36.196],[-83.3249,36.2079],[-83.3326,36.2241],[-83.3149,36.2424]]]}},{"type":"Feature","properties":{"c":"#00ff00","v0":0.002,"v1":0.003},"geometry":{"type":"Polygon","coordinates":[[[-115.0004,36.1733],[-114.9935,36.1848],[-114.96,36.1994],[-114.9,36.2171],[-114.865,36.223],[-114.855,36.2173],[-114.85,36.1993],[-114.85,36.1691],[-114.865,36.1451],[-114.895,36.1273],[-114.93,36.121],[-114.97,36.1263],[-114.9935,36.1386],[-115.0004,36.1579],[-115.0004,36.1733]],[[-114.9432,36.1745],[-114.9077,36.1884],[-114.8833,36.1925],[-114.87,36.1866],[-114.865,36.1779],[-114.8683,36.1661],[-114.88,36.1565],[-114.9,36.149],[-114.9227,36.1508],[-114.9482,36.162],[-114.9432,36.1745]]]}},{"type":"Feature","properties":{"c":"#00ff00","v0":0.002,"v1":0.003},"geometry":{"type":"Polygon","coordinates":[[[-86.3495,36.1878],[-86.3142,36.1958],[-86.2906,36.1918],[-86.2789,36.1757],[-86.2773,36.1639],[-86.2858,36.1564],[-86.3093,36.1604],[-86.3479,36.176],[-86.3495,36.1878]]]}},{"type":"Feature","properties":{"c":"#00ff00","v0":0.002,"v1":0.003},"geometry":{"type":"Polygon","coordinates":[[[-86.4176,36.1837],[-86.3864,36.1837],[-86.3806,36.1785],[-86.4002,36.1681],[-86.4158,36.1681],[-86.4274,36.1785],[-86.4176,36.1837]]]}},{"type":"Feature","properties":{"c":"#00ff00","v0":0.002,"v1":0.003},"geometry":{"type":"Polygon","coordinates":[[[-115.3309,35.8399],[-115.3042,35.8642],[-115.2912,35.8845],[-115.292,35.9007],[-115.3012,35.9169],[-115.3187,35.9331],[-115.3204,35.9533],[-115.3062,35.9776],[-115.3046,36.0019],[-115.3157,36.0262],[-115.3035,36.0475],[-115.2678,36.0658],[-115.2458,36.0658],[-115.2374,36.0475],[-115.243,36.0221],[-115.2627,35.9898],[-115.2643,35.9533],[-115.2478,35.9129],[-115.2497,35.8845],[-115.2702,35.8683],[-115.2747,35.848],[-115.2634,35.8237],[-115.2708,35.8093],[-115.2969,35.8049],[-115.3186,35.8089],[-115.3357,35.8215],[-115.3309,35.8399]]]}},{"type":"Feature","properties":{"c":"#00ff00","v0":0.002,"v1":0.003},"geometry":{"type":"Polygon","coordinates":[[[-115.1591,35.8664],[-115.153,35.8788],[-115.1399,35.8829],[-115.1197,35.8786],[-115.1147,35.8682],[-115.1249,35.8517],[-115.138,35.8477],[-115.1541,35.856],[-115.1591,35.8664]]]}},{"type":"Feature","properties":{"c":"#00ff00","v0":0.002,"v1":0.003},"geometry":{"type":"Polygon","coordinates":[[[-110.8599,34.7064],[-110.8266,34.7174],[-110.7901,34.7051],[-110.7504,34.6694],[-110.7504,34.6477],[-110.7901,34.64],[-110.8151,34.6482],[-110.8252,34.6724],[-110.8418,34.6886],[-110.8649,34.6968],[-110.8599,34.7064]]]}},{"type":"Feature","properties":{"c":"#00ff00","v0":0.002,"v1":0.003},"geometry":{"type":"Polygon","coordinates":[[[-110.4464,34.7068],[-110.4355,34.7185],[-110.42,34.7223],[-110.4,34.718],[-110.3864,34.7039],[-110.3792,34.68],[-110.3842,34.6666],[-110.4014,34.6637],[-110.4205,34.6719],[-110.4414,34.6913],[-110.4464,34.7068]]]}},{"type":"Feature","properties":{"c":"#00ff00","v0":0.002,"v1":0.003},"geometry":{"type":"Polygon","coordinates":[[[-118.2038,34.0364],[-118.1651,34.0613],[-118.1361,34.0986],[-118.1169,34.1482],[-118.098,34.1764],[-118.0793,34.183],[-118.025,34.1821],[-117.935,34.1738],[-117.8866,34.1871],[-117.8799,34.2219],[-117.8699,34.2429],[-117.8566,34.2503],[-117.795,34.2209],[-117.685,34.1546],[-117.6234,34.122],[-117.6102,34.1229],[-117.5952,34.135],[-117.5784,34.1582],[-117.5539,34.1748],[-117.5216,34.1847],[-117.4916,34.2032],[-117.4639,34.2305],[-117.435,34.2437],[-117.405,34.2429],[-117.37,34.2307],[-117.33,34.2071],[-117.3056,34.198],[-117.2967,34.2034],[-117.2946,34.2144],[-117.2994,34.231],[-117.3231,34.2516],[-117.3658,34.2764],[-117.3876,34.3012],[-117.3884,34.326],[-117.3691,34.3399],[-117.3297,34.3428],[-117.296,34.3511],[-117.2679,34.3646],[-117.2446,34.3879],[-117.226,34.4209],[-117.235,34.4468],[-117.2717,34.4655],[-117.31,34.4646],[-117.35,34.4442],[-117.36,34.4558],[-117.34,34.4993],[-117.32,34.527],[-117.3,34.5391],[-117.27,34.5391],[-117.23,34.527],[-117.195,34.5228],[-117.165,34.5267],[-117.125,34.514],[-117.075,34.4848],[-117.05,34.4194],[-117.05,34.3176],[-117.055,34.2632],[-117.065,34.2561],[-117.09,34.2568],[-117.13,34.2652],[-117.16,34.2781],[-117.18,34.2955],[-117.2146,34.2797],[-117.2637,34.2307],[-117.2787,34.1899],[-117.2596,34.1573],[-117.2328,34.1366],[-117.1984,34.1278],[-117.165,34.1027],[-117.1327,34.0613],[-117.0978,34.0323],[-117.0602,34.0157],[-117.0351,33.9867],[-117.0225,33.9452],[-117.0297,33.9142],[-117.0566,33.8937],[-117.095,33.8919],[-117.145,33.9088],[-117.195,33.9069],[-117.245,33.8862],[-117.295,33.9088],[-117.345,33.9747],[-117.39,34.0178],[-117.43,34.0384],[-117.4583,34.0466],[-117.475,34.0426],[-117.495,34.0258],[-117.5183,33.9962],[-117.55,33.9915],[-117.59,34.0117],[-117.625,34.0218],[-117.655,34.0217],[-117.6774,34.014],[-117.6922,33.9986],[-117.7022,33.9758],[-117.7074,33.9456],[-117.74,33.925],[-117.8,33.914],[-117.85,33.9109],[-117.89,33.9158],[-117.935,33.937],[-117.985,33.9746],[-118.05,33.9895],[-118.13,33.9819],[-118.18,33.9821],[-118.2,33.9901],[-118.2133,34.0016],[-118.2199,34.0165],[-118.2038,34.0364]],[[-117.1153,34.3132],[-117.0984,34.329],[-117.0833,34.3207],[-117.07,34.2884],[-117.0729,34.2723],[-117.0919,34.2723],[-117.107,34.2806],[-117.1182,34.2971],[-117.1153,34.3132]],[[-118.1808,34.0352],[-118.1203,34.0577],[-118.0753,34.0619],[-118.0459,34.0477],[-118.038,34.0323],[-118.0517,34.0157],[-118.0864,34.0021],[-118.1421,33.9916],[-118.1803,33.9957],[-118.2008,34.0146],[-118.1808,34.0352]],[[-118.1105,34.1482],[-118.0968,34.1647],[-118.08,34.1737],[-118.06,34.1754],[-118.025,34.1619],[-117.975,34.1334],[-117.91,34.1149],[-117.83,34.1064],[-117.78,34.0961],[-117.76,34.0842],[-117.74,34.0945],[-117.72,34.1271],[-117.695,34.1354],[-117.665,34.1194],[-117.635,34.1124],[-117.605,34.1144],[-117.555,34.1447],[-117.485,34.2033],[-117.44,34.2339],[-117.42,34.2364],[-117.3964,34.2298],[-117.3693,34.214],[-117.3379,34.1813],[-117.3022,34.1317],[-117.2558,34.0974],[-117.1986,34.0784],[-117.14,34.0471],[-117.08,34.0036],[-117.0457,33.9716],[-117.037,33.9512],[-117.042,33.9336],[-117.0607,33.9187],[-117.095,33.917],[-117.145,33.9284],[-117.195,33.9234],[-117.245,33.9021],[-117.2895,33.9121],[-117.3284,33.9535],[-117.3534,33.9903],[-117.3645,34.0223],[-117.395,34.0448],[-117.445,34.0578],[-117.48,34.0488],[-117.5,34.0178],[-117.52,33.9985],[-117.54,33.9909],[-117.58,34.0046],[-117.64,34.0398],[-117.6881,34.0449],[-117.7242,34.0199],[-117.7438,33.9908],[-117.747,33.9577],[-117.7839,33.936],[-117.8546,33.9257],[-117.9094,33.934],[-117.9482,33.9608],[-117.9799,33.995],[-118.0045,34.0364],[-118.0148,34.0654],[-118.011,34.082],[-118.0293,34.0916],[-118.0698,34.0942],[-118.0968,34.1066],[-118.1105,34.1288],[-118.1105,34.1482]],[[-117.3597,34.309],[-117.3532,34.3164],[-117.3427,34.3164],[-117.3282,34.309],[-117.3315,34.3053],[-117.3525,34.3053],[-117.3597,34.309]],[[-117.2918,34.2748],[-117.2773,34.2799],[-117.2686,34.2757],[-117.2657,34.2624],[-117.2729,34.2599],[-117.2904,34.2682],[-117.2918,34.2748]]]}},{"type":"Feature","properties":{"c":"#00ff00","v0":0.002,"v1":0.003},"geometry":{"type":"Polygon","coordinates":[[[-118.532,34.3632],[-118.5244,34.3797],[-118.503,34.3989],[-118.4677,34.4208],[-118.4199,34.4167],[-118.3598,34.3865],[-118.3448,34.3706],[-118.3749,34.369],[-118.4,34.3739],[-118.42,34.3852],[-118.445,34.3774],[-118.475,34.3503],[-118.5,34.337],[-118.52,34.3374],[-118.5314,34.3419],[-118.5343,34.3506],[-118.532,34.3632]]]}},{"type":"Feature","properties":{"c":"#00ff00","v0":0.002,"v1":0.003},"geometry":{"type":"Polygon","coordinates":[[[-118.3333,34.2682],[-118.3074,34.293],[-118.2717,34.3095],[-118.2261,34.3177],[-118.2021,34.3136],[-118.1996,34.2971],[-118.2163,34.2723],[-118.2521,34.2394],[-118.285,34.2199],[-118.315,34.2139],[-118.334,34.2221],[-118.3421,34.2445],[-118.3333,34.2682]]]}},{"type":"Feature","properties":{"c":"#00ff00","v0":0.002,"v1":0.003},"geometry":{"type":"Polygon","coordinates":[[[-118.6283,34.2814],[-118.6028,34.2995],[-118.5793,34.2995],[-118.5578,34.2814],[-118.5578,34.2641],[-118.5793,34.2476],[-118.6,34.2413],[-118.62,34.2451],[-118.6328,34.2533],[-118.6383,34.266],[-118.6283,34.2814]],[[-118.6187,34.2792],[-118.5996,34.2929],[-118.5826,34.2929],[-118.5678,34.2792],[-118.5678,34.2661],[-118.5826,34.2537],[-118.5996,34.2537],[-118.6187,34.2661],[-118.6187,34.2792]]]}},{"type":"Feature","properties":{"c":"#00ff00","v0":0.002,"v1":0.003},"geometry":{"type":"Polygon","coordinates":[[[-107.3236,34.2558],[-107.3063,34.2558],[-107.3007,34.2516],[-107.3069,34.2432],[-107.3156,34.2432],[-107.3267,34.2516],[-107.3236,34.2558]]]}},{"type":"Feature","properties":{"c":"#00ff00","v0":0.002,"v1":0.003},"geometry":{"type":"Polygon","coordinates":[[[-118.6228,34.1511],[-118.5609,34.1735],[-118.5269,34.1818],[-118.5208,34.176],[-118.5358,34.1509],[-118.5719,34.1066],[-118.6,34.0873],[-118.62,34.0931],[-118.6359,34.1069],[-118.6478,34.129],[-118.6228,34.1511]],[[-118.6223,34.1285],[-118.6141,34.1388],[-118.6024,34.1388],[-118.5872,34.1285],[-118.5872,34.1175],[-118.6024,34.1058],[-118.6141,34.1058],[-118.6223,34.1175],[-118.6223,34.1285]]]}},{"type":"Feature","properties":{"c":"#00ff00","v0":0.002,"v1":0.003},"geometry":{"type":"Polygon","coordinates":[[[-118.4506,34.1476],[-118.4369,34.1628],[-118.415,34.1665],[-118.385,34.1587],[-118.355,34.1584],[-118.325,34.1657],[-118.2976,34.162],[-118.2728,34.1473],[-118.2678,34.1318],[-118.2826,34.1155],[-118.325,34.1079],[-118.395,34.1092],[-118.4369,34.1173],[-118.4506,34.1324],[-118.4506,34.1476]]]}},{"type":"Feature","properties":{"c":"#00ff00","v0":0.002,"v1":0.003},"geometry":{"type":"Polygon","coordinates":[[[-116.8616,33.912],[-116.861,33.9203],[-116.843,33.9308],[-116.8077,33.9435],[-116.7758,33.9477],[-116.7474,33.9433],[-116.7474,33.9272],[-116.7758,33.8995],[-116.808,33.8912],[-116.844,33.9023],[-116.8616,33.912]],[[-116.8152,33.9143],[-116.7984,33.9273],[-116.7846,33.9314],[-116.7738,33.9268],[-116.7738,33.9183],[-116.7846,33.906],[-116.7984,33.9019],[-116.8152,33.9059],[-116.8152,33.9143]]]}},{"type":"Feature","properties":{"c":"#00ff00","v0":0.002,"v1":0.003},"geometry":{"type":"Polygon","coordinates":[[[-118.2554,33.829],[-118.229,33.8705],[-118.1998,33.8913],[-118.1678,33.8913],[-118.1618,33.8705],[-118.1817,33.829],[-118.1913,33.7896],[-118.1904,33.7523],[-118.2046,33.7357],[-118.2337,33.7397],[-118.2534,33.7583],[-118.2635,33.7916],[-118.2554,33.829]],[[-118.2455,33.8253],[-118.2218,33.8595],[-118.2015,33.8761],[-118.1846,33.8751],[-118.1857,33.8498],[-118.2049,33.7999],[-118.2184,33.7726],[-118.2261,33.7679],[-118.2368,33.7762],[-118.2505,33.7975],[-118.2455,33.8253]]]}},{"type":"Feature","properties":{"c":"#00ff00","v0":0.002,"v1":0.003},"geometry":{"type":"Polygon","coordinates":[[[-111.1953,33.8794],[-111.1918,33.889],[-111.18,33.895],[-111.16,33.8975],[-111.1369,33.8886],[-111.1107,33.8682],[-111.1107,33.8522],[-111.1369,33.8406],[-111.1618,33.8447],[-111.1853,33.8647],[-111.1953,33.8794]],[[-111.1694,33.877],[-111.1565,33.8816],[-111.1428,33.8774],[-111.1285,33.8645],[-111.1285,33.856],[-111.1428,33.8518],[-111.1565,33.8559],[-111.1694,33.8684],[-111.1694,33.877]]]}},{"type":"Feature","properties":{"c":"#00ff00","v0":0.002,"v1":0.003},"geometry":{"type":"Polygon","coordinates":[[[-117.8257,33.8497],[-117.8152,33.8663],[-117.7981,33.8704],[-117.7742,33.8622],[-117.7692,33.8494],[-117.7831,33.8322],[-117.8002,33.828],[-117.8207,33.837],[-117.8257,33.8497]],[[-117.8147,33.8468],[-117.8116,33.8576],[-117.8018,33.8617],[-117.7855,33.8593],[-117.7805,33.852],[-117.7868,33.8399],[-117.7966,33.8357],[-117.8097,33.8395],[-117.8147,33.8468]]]}},{"type":"Feature","properties":{"c":"#00ff00","v0":0.002,"v1":0.003},"geometry":{"type":"Polygon","coordinates":[[[-117.9294,33.8019],[-117.9165,33.8226],[-117.8918,33.8309],[-117.8554,33.8269],[-117.837,33.8124],[-117.8366,33.7874],[-117.8448,33.7682],[-117.8616,33.7547],[-117.88,33.7501],[-117.9,33.7544],[-117.9165,33.7653],[-117.9294,33.7828],[-117.9294,33.8019]],[[-117.9183,33.8019],[-117.8994,33.8225],[-117.8776,33.8267],[-117.8527,33.8144],[-117.8477,33.7949],[-117.8626,33.7683],[-117.88,33.7573],[-117.9,33.7618],[-117.9144,33.7709],[-117.9233,33.7847],[-117.9183,33.8019]]]}},{"type":"Feature","properties":{"c":"#00ff00","v0":0.002,"v1":0.003},"geometry":{"type":"Polygon","coordinates":[[[-111.733,33.7084],[-111.7226,33.7084],[-111.7205,33.7036],[-111.7268,33.6939],[-111.732,33.6939],[-111.7361,33.7036],[-111.733,33.7084]]]}},{"type":"Feature","properties":{"c":"#00ff00","v0":0.002,"v1":0.003},"geometry":{"type":"Polygon","coordinates":[[[-111.3593,33.6965],[-111.3531,33.7058],[-111.3449,33.7058],[-111.3346,33.6965],[-111.3346,33.687],[-111.3449,33.6775],[-111.3531,33.6775],[-111.3593,33.687],[-111.3593,33.6965]]]}},{"type":"Feature","properties":{"c":"#00ff00","v0":0.002,"v1":0.003},"geometry":{"type":"Polygon","coordinates":[[[-107.7538,33.6804],[-107.7513,33.6908],[-107.7437,33.695],[-107.7312,33.6929],[-107.7262,33.6866],[-107.7287,33.6761],[-107.7363,33.672],[-107.7488,33.6741],[-107.7538,33.6804]]]}},{"type":"Feature","properties":{"c":"#00ff00","v0":0.002,"v1":0.003},"geometry":{"type":"Polygon","coordinates":[[[-117.6625,33.6666],[-117.6275,33.6826],[-117.6022,33.6785],[-117.5865,33.6541],[-117.6015,33.6411],[-117.6472,33.6395],[-117.6725,33.6437],[-117.6775,33.6536],[-117.6625,33.6666]]]}},{"type":"Feature","properties":{"c":"#00ff00","v0":0.002,"v1":0.003},"geometry":{"type":"Polygon","coordinates":[[[-111.8399,33.6184],[-111.82,33.638],[-111.8,33.6394],[-111.78,33.6226],[-111.74,33.6074],[-111.68,33.5938],[-111.61,33.5509],[-111.53,33.4785],[-111.475,33.4537],[-111.445,33.4766],[-111.4334,33.4682],[-111.4402,33.4283],[-111.4252,33.3917],[-111.3885,33.3583],[-111.369,33.3291],[-111.3666,33.304],[-111.3511,33.2831],[-111.3225,33.2664],[-111.3099,33.2538],[-111.3135,33.2455],[-111.339,33.234],[-111.3863,33.2195],[-111.42,33.2027],[-111.44,33.1837],[-111.46,33.1856],[-111.48,33.2084],[-111.5089,33.221],[-111.5466,33.2234],[-111.562,33.2371],[-111.5553,33.2622],[-111.5588,33.2915],[-111.5727,33.3249],[-111.6067,33.3541],[-111.6607,33.3792],[-111.6772,33.4126],[-111.6561,33.4543],[-111.6477,33.4877],[-111.6519,33.5127],[-111.703,33.5461],[-111.8009,33.5877],[-111.8399,33.6184]],[[-111.6111,33.4963],[-111.6104,33.5052],[-111.6033,33.5052],[-111.59,33.4963],[-111.585,33.4883],[-111.5883,33.4812],[-111.5954,33.4812],[-111.6061,33.4883],[-111.6111,33.4963]],[[-111.5991,33.4345],[-111.593,33.4534],[-111.585,33.4619],[-111.575,33.4601],[-111.5653,33.4466],[-111.5559,33.4211],[-111.5559,33.4049],[-111.5653,33.3979],[-111.578,33.402],[-111.5941,33.4174],[-111.5991,33.4345]]]}},{"type":"Feature","properties":{"c":"#00ff00","v0":0.002,"v1":0.003},"geometry":{"type":"Polygon","coordinates":[[[-111.9226,33.4846],[-111.9142,33.5035],[-111.905,33.5123],[-111.895,33.5111],[-111.881,33.4934],[-111.863,33.459],[-111.8291,33.4293],[-111.7795,33.4042],[-111.7785,33.3934],[-111.8262,33.3969],[-111.8692,33.4177],[-111.9076,33.456],[-111.9226,33.4846]]]}},{"type":"Feature","properties":{"c":"#00ff00","v0":0.002,"v1":0.003},"geometry":{"type":"Polygon","coordinates":[[[-117.8618,33.4806],[-117.8406,33.4915],[-117.8224,33.4915],[-117.8072,33.4806],[-117.8122,33.4706],[-117.8374,33.4614],[-117.8556,33.4614],[-117.8668,33.4706],[-117.8618,33.4806]]]}},{"type":"Feature","properties":{"c":"#00ff00","v0":0.002,"v1":0.003},"geometry":{"type":"Polygon","coordinates":[[[-117.5829,33.4699],[-117.5743,33.4926],[-117.5623,33.4926],[-117.5468,33.4699],[-117.5468,33.4543],[-117.5623,33.4458],[-117.5743,33.4458],[-117.5829,33.4543],[-117.5829,33.4699]]]}},{"type":"Feature","properties":{"c":"#00ff00","v0":0.002,"v1":0.003},"geometry":{"type":"Polygon","coordinates":[[[-111.8755,33.23],[-111.8718,33.2409],[-111.8624,33.2451],[-111.8473,33.2426],[-111.8423,33.234],[-111.8474,33.2194],[-111.8568,33.2152],[-111.8705,33.2215],[-111.8755,33.23]]]}},{"type":"Feature","properties":{"c":"#00ff00","v0":0.002,"v1":0.003},"geometry":{"type":"Polygon","coordinates":[[[-111.7627,33.1512],[-111.7409,33.172],[-111.7172,33.1762],[-111.6915,33.1638],[-111.6865,33.144],[-111.7022,33.1168],[-111.72,33.1043],[-111.74,33.1066],[-111.7559,33.116],[-111.7677,33.1326],[-111.7627,33.1512]],[[-111.7505,33.1485],[-111.7368,33.1637],[-111.7203,33.1678],[-111.7009,33.161],[-111.6959,33.1468],[-111.7053,33.1253],[-111.7218,33.1211],[-111.7455,33.1343],[-111.7505,33.1485]]]}},{"type":"Feature","properties":{"c":"#00ff00","v0":0.002,"v1":0.003},"geometry":{"type":"Polygon","coordinates":[[[-111.1652,32.929],[-111.1417,32.9414],[-111.1193,32.9414],[-111.098,32.929],[-111.098,32.9189],[-111.1193,32.911],[-111.1417,32.911],[-111.1652,32.9189],[-111.1652,32.929]]]}},{"type":"Feature","properties":{"c":"#00ff00","v0":0.002,"v1":0.003},"geometry":{"type":"Polygon","coordinates":[[[-111.315,32.89],[-111.245,32.8914],[-111.205,32.878],[-111.195,32.8497],[-111.195,32.8303],[-111.205,32.8198],[-111.24,32.824],[-111.3,32.8429],[-111.335,32.8616],[-111.345,32.8801],[-111.315,32.89]]]}},{"type":"Feature","properties":{"c":"#00ff00","v0":0.002,"v1":0.003},"geometry":{"type":"Polygon","coordinates":[[[-111.047,32.7454],[-111.0357,32.7601],[-111.022,32.7643],[-111.006,32.758],[-111.001,32.7441],[-111.007,32.7228],[-111.015,32.7107],[-111.025,32.7077],[-111.0357,32.7142],[-111.047,32.7301],[-111.047,32.7454]]]}},{"type":"Feature","properties":{"c":"#00ff00","v0":0.002,"v1":0.003},"geometry":{"type":"Polygon","coordinates":[[[-110.8557,32.422],[-110.7974,32.4304],[-110.7537,32.4151],[-110.7246,32.376],[-110.695,32.3573],[-110.665,32.3589],[-110.6432,32.3531],[-110.6295,32.3399],[-110.6295,32.3293],[-110.6432,32.3214],[-110.675,32.3205],[-110.725,32.3267],[-110.76,32.3421],[-110.78,32.3669],[-110.8137,32.3889],[-110.8612,32.4081],[-110.8557,32.422]]]}},{"type":"Feature","properties":{"c":"#00ff00","v0":0.002,"v1":0.003},"geometry":{"type":"Polygon","coordinates":[[[-111.0006,32.4079],[-110.9935,32.4221],[-110.985,32.4275],[-110.975,32.4242],[-110.97,32.4149],[-110.97,32.3996],[-110.975,32.3898],[-110.985,32.3854],[-110.9935,32.3877],[-111.0006,32.3965],[-111.0006,32.4079]]]}},{"type":"Feature","properties":{"c":"#00ff00","v0":0.002,"v1":0.003},"geometry":{"type":"Polygon","coordinates":[[[-111.0547,32.3246],[-111.0382,32.341],[-111.0238,32.3368],[-111.0115,32.3119],[-111.0115,32.2974],[-111.0238,32.2934],[-111.0382,32.2976],[-111.0547,32.3101],[-111.0547,32.3246]]]}},{"type":"Feature","properties":{"c":"#00ff00","v0":0.002,"v1":0.003},"geometry":{"type":"Polygon","coordinates":[[[-110.1711,32.2752],[-110.157,32.2943],[-110.1377,32.3028],[-110.1131,32.3006],[-110.1131,32.2858],[-110.1377,32.2585],[-110.157,32.25],[-110.1711,32.2604],[-110.1711,32.2752]]]}},{"type":"Feature","properties":{"c":"#00ff00","v0":0.002,"v1":0.003},"geometry":{"type":"Polygon","coordinates":[[[-106.7366,32.2984],[-106.7189,32.2963],[-106.71,32.2887],[-106.71,32.2755],[-106.7189,32.2766],[-106.7366,32.2919],[-106.7366,32.2984]]]}},{"type":"Feature","properties":{"c":"#00ff00","v0":0.002,"v1":0.003},"geometry":{"type":"Polygon","coordinates":[[[-110.712,32.2092],[-110.6973,32.2316],[-110.685,32.2307],[-110.675,32.2065],[-110.675,32.1913],[-110.685,32.1851],[-110.6973,32.186],[-110.712,32.194],[-110.712,32.2092]]]}},{"type":"Feature","properties":{"c":"#00ff00","v0":0.002,"v1":0.003},"geometry":{"type":"Polygon","coordinates":[[[-109.9627,32.2191],[-109.9442,32.2276],[-109.9335,32.2234],[-109.9308,32.2065],[-109.9095,32.1895],[-109.8695,32.1726],[-109.8497,32.1527],[-109.8499,32.1298],[-109.8614,32.1213],[-109.8842,32.1273],[-109.9147,32.1514],[-109.9529,32.1938],[-109.9627,32.2191]]]}},{"type":"Feature","properties":{"c":"#00ff00","v0":0.002,"v1":0.003},"geometry":{"type":"Polygon","coordinates":[[[-109.747,32.2039],[-109.7223,32.2156],[-109.705,32.2104],[-109.695,32.1881],[-109.7,32.1749],[-109.72,32.1708],[-109.7373,32.1761],[-109.752,32.1907],[-109.747,32.2039]]]}},{"type":"Feature","properties":{"c":"#00ff00","v0":0.002,"v1":0.003},"geometry":{"type":"Polygon","coordinates":[[[-106.5978,32.2064],[-106.5793,32.2233],[-106.5683,32.2233],[-106.5648,32.2064],[-106.5741,32.198],[-106.5961,32.198],[-106.5978,32.2064]]]}},{"type":"Feature","properties":{"c":"#00ff00","v0":0.002,"v1":0.003},"geometry":{"type":"Polygon","coordinates":[[[-106.6962,32.0531],[-106.6787,32.0683],[-106.66,32.0692],[-106.64,32.0558],[-106.61,32.0491],[-106.57,32.0489],[-106.5528,32.0268],[-106.5585,31.9828],[-106.5549,31.948],[-106.542,31.9225],[-106.5542,31.9039],[-106.5914,31.8922],[-106.62,31.8889],[-106.64,31.8941],[-106.6637,31.9339],[-106.6912,32.0083],[-106.6962,32.0531]],[[-106.6308,31.9442],[-106.6169,31.9451],[-106.6094,31.9408],[-106.6081,31.9315],[-106.6131,31.9256],[-106.6244,31.9233],[-106.6319,31.9275],[-106.6358,31.9383],[-106.6308,31.9442]]]}},{"type":"Feature","properties":{"c":"#00ff00","v0":0.002,"v1":0.003},"geometry":{"type":"Polygon","coordinates":[[[-106.8028,31.932],[-106.7943,31.9423],[-106.78,31.9474],[-106.76,31.9471],[-106.7424,31.9334],[-106.7273,31.9064],[-106.7373,31.8924],[-106.7724,31.8915],[-106.7943,31.9],[-106.8028,31.9178],[-106.8028,31.932]],[[-106.7883,31.9299],[-106.7761,31.936],[-106.7628,31.9318],[-106.7485,31.9171],[-106.7485,31.9067],[-106.7628,31.9004],[-106.7761,31.9046],[-106.7883,31.9194],[-106.7883,31.9299]]]}},{"type":"Feature","properties":{"c":"#00ff00","v0":0.002,"v1":0.003},"geometry":{"type":"Polygon","coordinates":[[[-106.5259,31.8383],[-106.5153,31.8653],[-106.5,31.8729],[-106.48,31.8611],[-106.468,31.8476],[-106.4641,31.8325],[-106.4691,31.8179],[-106.483,31.8039],[-106.5003,31.8039],[-106.5209,31.8179],[-106.5259,31.8383]]]}},{"type":"Feature","properties":{"c":"#00ff00","v0":0.002,"v1":0.003},"geometry":{"type":"Polygon","coordinates":[[[-106.561,31.7089],[-106.5537,31.7151],[-106.54,31.7096],[-106.52,31.6925],[-106.51,31.6774],[-106.51,31.6642],[-106.52,31.6592],[-106.54,31.6626],[-106.5537,31.6747],[-106.561,31.6954],[-106.561,31.7089]]]}},{"type":"Feature","properties":{"c":"#00ff00","v0":0.002,"v1":0.003},"geometry":{"type":"Polygon","coordinates":[[[-105.7528,31.1611],[-105.7376,31.1638],[-105.7282,31.1595],[-105.7247,31.1482],[-105.7323,31.1469],[-105.751,31.1554],[-105.7528,31.1611]]]}},{"type":"Feature","properties":{"c":"#00ff00","v0":0.002,"v1":0.003},"geometry":{"type":"Polygon","coordinates":[[[-106.5484,30.98],[-106.4961,30.9976],[-106.4642,31.0191],[-106.4527,31.0443],[-106.4377,31.0621],[-106.4192,31.0724],[-106.363,31.0724],[-106.2689,31.0621],[-106.2239,31.0518],[-106.228,31.0416],[-106.245,31.0324],[-106.275,31.0242],[-106.3,31.0073],[-106.32,30.9817],[-106.3429,30.9652],[-106.3686,30.9578],[-106.3886,30.9436],[-106.4029,30.9225],[-106.435,30.9093],[-106.485,30.904],[-106.5261,30.9188],[-106.5584,30.9538],[-106.5484,30.98]],[[-106.4193,31.0441],[-106.3935,31.0527],[-106.3679,31.0507],[-106.3426,31.0382],[-106.3287,31.0253],[-106.326,31.0121],[-106.331,31.0001],[-106.3437,30.9891],[-106.3598,30.9848],[-106.3793,30.9872],[-106.3999,31.0012],[-106.4215,31.027],[-106.4193,31.0441]],[[-106.5142,30.9617],[-106.4714,30.977],[-106.4413,30.977],[-106.4238,30.9617],[-106.4338,30.9465],[-106.4713,30.9314],[-106.5014,30.9314],[-106.5242,30.9465],[-106.5142,30.9617]]]}},{"type":"Feature","properties":{"c":"#00ff00","v0":0.002,"v1":0.003},"geometry":{"type":"Polygon","coordinates":[[[-110.5237,30.826],[-110.5146,30.8444],[-110.5,30.8548],[-110.48,30.8572],[-110.469,30.8437],[-110.4671,30.8143],[-110.4721,30.7921],[-110.484,30.7771],[-110.4974,30.7728],[-110.5123,30.7792],[-110.5218,30.791],[-110.5261,30.8082],[-110.5237,30.826]]]}},{"type":"Feature","properties":{"c":"#00ff00","v0":0.002,"v1":0.003},"geometry":{"type":"Polygon","coordinates":[[[-106.5879,30.5146],[-106.576,30.5296],[-106.564,30.534],[-106.5521,30.5275],[-106.5521,30.5058],[-106.564,30.4688],[-106.576,30.4645],[-106.5879,30.4929],[-106.5879,30.5146]]]}},{"type":"Feature","properties":{"c":"#00ff00","v0":0.002,"v1":0.003},"geometry":{"type":"Polygon","coordinates":[[[-79.4077,28.4598],[-79.3959,28.4742],[-79.375,28.4847],[-79.345,28.4913],[-79.322,28.4885],[-79.3059,28.4763],[-79.3109,28.4496],[-79.337,28.4085],[-79.36,28.39],[-79.38,28.3942],[-79.3959,28.4104],[-79.4077,28.4386],[-79.4077,28.4598]],[[-79.3875,28.458],[-79.3758,28.4688],[-79.3597,28.4732],[-79.3392,28.4712],[-79.3392,28.4592],[-79.3597,28.4371],[-79.3758,28.4327],[-79.3875,28.446],[-79.3875,28.458]]]}},{"type":"Feature","properties":{"c":"#00ff00","v0":0.003,"v1":0.005},"geometry":{"type":"Polygon","coordinates":[[[-109.907,54.7204],[-109.8957,54.7255],[-109.8843,54.7226],[-109.8729,54.7118],[-109.8729,54.7053],[-109.8843,54.7031],[-109.8957,54.706],[-109.907,54.714],[-109.907,54.7204]]]}},{"type":"Feature","properties":{"c":"#00ff00","v0":0.003,"v1":0.005},"geometry":{"type":"Polygon","coordinates":[[[-110.329,54.6138],[-110.3158,54.6138],[-110.3144,54.611],[-110.3248,54.6054],[-110.3314,54.6054],[-110.3342,54.611],[-110.329,54.6138]]]}},{"type":"Feature","properties":{"c":"#00ff00","v0":0.003,"v1":0.005},"geometry":{"type":"Polygon","coordinates":[[[-110.1513,54.4526],[-110.1371,54.455],[-110.129,54.4521],[-110.1271,54.4438],[-110.1342,54.4426],[-110.1503,54.4484],[-110.1513,54.4526]]]}},{"type":"Feature","properties":{"c":"#00ff00","v0":0.003,"v1":0.005},"geometry":{"type":"Polygon","coordinates":[[[-110.0709,54.3728],[-110.0702,54.3786],[-110.0549,54.3825],[-110.025,54.3845],[-109.975,54.3795],[-109.905,54.3676],[-109.8673,54.3578],[-109.862,54.3503],[-109.867,54.3412],[-109.8823,54.3305],[-109.9,54.3248],[-109.92,54.3241],[-109.955,54.3272],[-110.005,54.334],[-110.0403,54.3455],[-110.0609,54.3618],[-110.0709,54.3728]]]}},{"type":"Feature","properties":{"c":"#00ff00","v0":0.003,"v1":0.005},"geometry":{"type":"Polygon","coordinates":[[[-122.5676,53.8572],[-122.5559,53.8637],[-122.5453,53.8637],[-122.5358,53.8572],[-122.5358,53.8501],[-122.5453,53.8425],[-122.5559,53.8425],[-122.5676,53.8501],[-122.5676,53.8572]]]}},{"type":"Feature","properties":{"c":"#00ff00","v0":0.003,"v1":0.005},"geometry":{"type":"Polygon","coordinates":[[[-123.001,53.6338],[-122.9937,53.6429],[-122.975,53.6437],[-122.945,53.6361],[-122.9206,53.6168],[-122.9018,53.5855],[-122.9068,53.5692],[-122.9356,53.568],[-122.9637,53.5828],[-122.991,53.6137],[-123.001,53.6338]]]}},{"type":"Feature","properties":{"c":"#00ff00","v0":0.003,"v1":0.005},"geometry":{"type":"Polygon","coordinates":[[[-122.6159,53.4985],[-122.6002,53.4985],[-122.5925,53.4956],[-122.5929,53.4896],[-122.6007,53.4866],[-122.616,53.4866],[-122.6237,53.4896],[-122.6237,53.4956],[-122.6159,53.4985]]]}},{"type":"Feature","properties":{"c":"#00ff00","v0":0.003,"v1":0.005},"geometry":{"type":"Polygon","coordinates":[[[-107.9254,52.6137],[-107.9151,52.6232],[-107.8992,52.6293],[-107.8777,52.6319],[-107.8654,52.6575],[-107.8625,52.706],[-107.8483,52.7324],[-107.8228,52.7367],[-107.7709,52.7215],[-107.6927,52.6869],[-107.6429,52.6696],[-107.6214,52.6696],[-107.615,52.6666],[-107.6237,52.6605],[-107.6236,52.6509],[-107.6145,52.6379],[-107.59,52.617],[-107.55,52.5883],[-107.515,52.5789],[-107.485,52.5889],[-107.435,52.5757],[-107.365,52.5393],[-107.3112,52.5187],[-107.2736,52.514],[-107.2649,52.4964],[-107.2849,52.466],[-107.276,52.4446],[-107.2383,52.4325],[-107.2256,52.4142],[-107.2379,52.3898],[-107.2355,52.3762],[-107.2185,52.3736],[-107.2043,52.3736],[-107.1929,52.3762],[-107.1901,52.3867],[-107.1961,52.405],[-107.1768,52.4192],[-107.1323,52.4293],[-107.1016,52.4415],[-107.0847,52.4558],[-107.1078,52.4751],[-107.1709,52.4995],[-107.2024,52.5177],[-107.2023,52.5299],[-107.1742,52.537],[-107.1181,52.539],[-107.0742,52.5451],[-107.0425,52.5552],[-107.024,52.5086],[-107.0186,52.405],[-107.0245,52.3466],[-107.0415,52.3336],[-107.09,52.3232],[-107.17,52.3153],[-107.2177,52.3065],[-107.233,52.2968],[-107.238,52.2837],[-107.2327,52.2672],[-107.21,52.2605],[-107.17,52.2637],[-107.1402,52.2597],[-107.1206,52.2486],[-107.1132,52.2338],[-107.1179,52.2155],[-107.1131,52.1971],[-107.0988,52.1787],[-107.0962,52.1635],[-107.1054,52.1516],[-107.1311,52.1486],[-107.1732,52.1543],[-107.2065,52.1787],[-107.2311,52.2216],[-107.26,52.2528],[-107.2933,52.2723],[-107.32,52.2837],[-107.34,52.2869],[-107.365,52.2845],[-107.395,52.2764],[-107.4225,52.2803],[-107.4474,52.2963],[-107.4524,52.3154],[-107.4375,52.3378],[-107.42,52.3492],[-107.4,52.3496],[-107.38,52.3441],[-107.36,52.3328],[-107.3423,52.3306],[-107.327,52.3375],[-107.3239,52.347],[-107.3329,52.3592],[-107.3289,52.3714],[-107.3117,52.3836],[-107.3048,52.401],[-107.3083,52.4234],[-107.33,52.4271],[-107.37,52.4123],[-107.41,52.4224],[-107.45,52.4577],[-107.525,52.4866],[-107.635,52.5092],[-107.71,52.5178],[-107.75,52.5124],[-107.785,52.5163],[-107.815,52.5296],[-107.8347,52.5392],[-107.8441,52.5452],[-107.8441,52.5538],[-107.8347,52.5652],[-107.8043,52.5773],[-107.753,52.5903],[-107.732,52.612],[-107.7412,52.6423],[-107.7519,52.6606],[-107.764,52.6669],[-107.7934,52.6517],[-107.8402,52.6151],[-107.8752,52.5953],[-107.8984,52.5923],[-107.9151,52.5954],[-107.9254,52.6044],[-107.9254,52.6137]],[[-107.6904,52.6332],[-107.6741,52.6332],[-107.672,52.6307],[-107.684,52.6257],[-107.6921,52.6257],[-107.6964,52.6307],[-107.6904,52.6332]],[[-107.6529,52.586],[-107.6243,52.5889],[-107.5902,52.5798],[-107.5506,52.5587],[-107.5579,52.5512],[-107.6122,52.5573],[-107.6463,52.5664],[-107.6602,52.5786],[-107.6529,52.586]],[[-107.4566,52.5168],[-107.4389,52.5271],[-107.4213,52.5301],[-107.404,52.5259],[-107.3829,52.5056],[-107.3581,52.469],[-107.355,52.4507],[-107.3735,52.4507],[-107.4034,52.466],[-107.4448,52.4964],[-107.4566,52.5168]],[[-107.1451,52.4048],[-107.135,52.4106],[-107.1091,52.4045],[-107.0673,52.3865],[-107.0473,52.3697],[-107.0491,52.3539],[-107.0626,52.3478],[-107.0877,52.3513],[-107.1128,52.3653],[-107.1377,52.3898],[-107.1451,52.4048]],[[-107.1458,52.5208],[-107.1271,52.5147],[-107.1259,52.5112],[-107.142,52.5104],[-107.1513,52.5135],[-107.1538,52.5204],[-107.1458,52.5208]],[[-107.1997,52.2374],[-107.1799,52.2507],[-107.1585,52.2537],[-107.1354,52.2466],[-107.1304,52.2343],[-107.1435,52.2168],[-107.16,52.208],[-107.18,52.2081],[-107.1949,52.2138],[-107.2047,52.2251],[-107.1997,52.2374]],[[-107.4226,52.3179],[-107.4142,52.3208],[-107.4068,52.3177],[-107.4003,52.3087],[-107.4045,52.3073],[-107.4194,52.3134],[-107.4226,52.3179]],[[-107.7645,52.536],[-107.7449,52.536],[-107.7389,52.5325],[-107.7463,52.5255],[-107.7561,52.5255],[-107.7682,52.5325],[-107.7645,52.536]],[[-107.1646,52.175],[-107.1549,52.1861],[-107.1395,52.1861],[-107.1185,52.175],[-107.1135,52.166],[-107.1245,52.159],[-107.1399,52.159],[-107.1596,52.166],[-107.1646,52.175]]]}},{"type":"Feature","properties":{"c":"#00ff00","v0":0.003,"v1":0.005},"geometry":{"type":"Polygon","coordinates":[[[-107.5483,52.6506],[-107.5361,52.661],[-107.5166,52.661],[-107.4897,52.6506],[-107.4847,52.6383],[-107.5016,52.6243],[-107.5211,52.6243],[-107.5433,52.6383],[-107.5483,52.6506]]]}},{"type":"Feature","properties":{"c":"#00ff00","v0":0.003,"v1":0.005},"geometry":{"type":"Polygon","coordinates":[[[-107.2572,52.6089],[-107.2405,52.6089],[-107.2366,52.6059],[-107.2455,52.5998],[-107.2539,52.5998],[-107.2617,52.6059],[-107.2572,52.6089]]]}},{"type":"Feature","properties":{"c":"#00ff00","v0":0.003,"v1":0.005},"geometry":{"type":"Polygon","coordinates":[[[-107.0604,52.5968],[-107.04,52.5968],[-107.0349,52.5921],[-107.045,52.5829],[-107.0552,52.5829],[-107.0655,52.5921],[-107.0604,52.5968]]]}},{"type":"Feature","properties":{"c":"#00ff00","v0":0.003,"v1":0.005},"geometry":{"type":"Polygon","coordinates":[[[-108.0113,52.5143],[-107.9971,52.5195],[-107.9825,52.5165],[-107.9675,52.5051],[-107.9675,52.4969],[-107.9825,52.4919],[-107.9971,52.4949],[-108.0113,52.5061],[-108.0113,52.5143]]]}},{"type":"Feature","properties":{"c":"#00ff00","v0":0.003,"v1":0.005},"geometry":{"type":"Polygon","coordinates":[[[-106.937,52.3562],[-106.9233,52.3867],[-106.9092,52.405],[-106.8947,52.4111],[-106.8817,52.4111],[-106.8704,52.405],[-106.869,52.3928],[-106.8775,52.3745],[-106.8744,52.3531],[-106.8598,52.3287],[-106.8669,52.3142],[-106.8956,52.3098],[-106.9185,52.3159],[-106.9354,52.3326],[-106.937,52.3562]],[[-106.9126,52.3432],[-106.8975,52.3478],[-106.8848,52.3417],[-106.8744,52.3249],[-106.8781,52.3164],[-106.8961,52.3164],[-106.9088,52.3226],[-106.9163,52.3348],[-106.9126,52.3432]]]}},{"type":"Feature","properties":{"c":"#00ff00","v0":0.003,"v1":0.005},"geometry":{"type":"Polygon","coordinates":[[[-106.7941,52.1695],[-106.7551,52.194],[-106.7348,52.2124],[-106.7332,52.2247],[-106.7483,52.24],[-106.7799,52.2583],[-106.7843,52.2725],[-106.7614,52.2825],[-106.7417,52.2825],[-106.7252,52.2725],[-106.7195,52.2614],[-106.7246,52.2491],[-106.7195,52.2369],[-106.7044,52.2247],[-106.6952,52.2026],[-106.6917,52.1708],[-106.685,52.1509],[-106.675,52.1429],[-106.655,52.1393],[-106.625,52.14],[-106.606,52.1354],[-106.5979,52.1254],[-106.6279,52.1074],[-106.696,52.0815],[-106.7509,52.0907],[-106.7927,52.1351],[-106.7941,52.1695]],[[-106.7669,52.1651],[-106.7423,52.1809],[-106.7204,52.1717],[-106.7011,52.1375],[-106.7011,52.1175],[-106.7204,52.1118],[-106.7423,52.121],[-106.7669,52.1451],[-106.7669,52.1651]]]}},{"type":"Feature","properties":{"c":"#00ff00","v0":0.003,"v1":0.005},"geometry":{"type":"Polygon","coordinates":[[[-106.9215,52.212],[-106.9005,52.2234],[-106.8818,52.2234],[-106.8653,52.212],[-106.8653,52.2008],[-106.8818,52.1898],[-106.9005,52.1898],[-106.9215,52.2008],[-106.9215,52.212]]]}},{"type":"Feature","properties":{"c":"#00ff00","v0":0.003,"v1":0.005},"geometry":{"type":"Polygon","coordinates":[[[-107.135,52.0895],[-107.105,52.1014],[-107.055,52.0981],[-106.985,52.0795],[-106.9464,52.0643],[-106.9393,52.0525],[-106.9443,52.0431],[-106.9614,52.036],[-106.985,52.0341],[-107.015,52.0376],[-107.04,52.0299],[-107.06,52.011],[-107.08,51.9996],[-107.1,51.9957],[-107.1164,52.0008],[-107.1293,52.0149],[-107.1324,52.0313],[-107.1257,52.0497],[-107.1293,52.0651],[-107.1431,52.0774],[-107.135,52.0895]],[[-107.1123,52.0282],[-107.0974,52.0406],[-107.0826,52.0437],[-107.0677,52.0375],[-107.0677,52.028],[-107.0826,52.0154],[-107.0974,52.0124],[-107.1123,52.0188],[-107.1123,52.0282]]]}},{"type":"Feature","properties":{"c":"#00ff00","v0":0.003,"v1":0.005},"geometry":{"type":"Polygon","coordinates":[[[-113.4202,51.8933],[-113.4134,51.907],[-113.395,51.9141],[-113.365,51.9147],[-113.332,51.9048],[-113.2959,51.8843],[-113.2756,51.8679],[-113.2711,51.8556],[-113.2791,51.846],[-113.2997,51.8393],[-113.33,51.838],[-113.37,51.8422],[-113.3984,51.8548],[-113.4152,51.8759],[-113.4202,51.8933]],[[-113.3916,51.8895],[-113.3899,51.8957],[-113.3793,51.899],[-113.3598,51.8996],[-113.335,51.8902],[-113.305,51.871],[-113.3008,51.8583],[-113.3225,51.8524],[-113.3481,51.8586],[-113.3776,51.8772],[-113.3916,51.8895]]]}},{"type":"Feature","properties":{"c":"#00ff00","v0":0.003,"v1":0.005},"geometry":{"type":"Polygon","coordinates":[[[-112.3007,51.5923],[-112.2669,51.5984],[-112.2386,51.5984],[-112.2157,51.5923],[-112.1998,51.5798],[-112.1908,51.5612],[-112.1943,51.5425],[-112.2104,51.5239],[-112.2319,51.5145],[-112.2589,51.5145],[-112.2837,51.5332],[-112.3063,51.5705],[-112.3007,51.5923]],[[-112.2686,51.5804],[-112.2562,51.5877],[-112.2402,51.5877],[-112.2206,51.5804],[-112.2103,51.5674],[-112.2094,51.5488],[-112.2142,51.5355],[-112.2247,51.5275],[-112.2368,51.5244],[-112.2505,51.5261],[-112.2617,51.5394],[-112.2704,51.5643],[-112.2686,51.5804]]]}},{"type":"Feature","properties":{"c":"#00ff00","v0":0.003,"v1":0.005},"geometry":{"type":"Polygon","coordinates":[[[-113.3602,51.5571],[-113.3534,51.5676],[-113.341,51.5707],[-113.323,51.5664],[-113.318,51.5577],[-113.326,51.5444],[-113.3384,51.5413],[-113.3552,51.5483],[-113.3602,51.5571]]]}},{"type":"Feature","properties":{"c":"#00ff00","v0":0.003,"v1":0.005},"geometry":{"type":"Polygon","coordinates":[[[-113.5873,51.5328],[-113.5758,51.5445],[-113.545,51.5489],[-113.495,51.5459],[-113.4643,51.54],[-113.4528,51.5313],[-113.4528,51.5217],[-113.4643,51.5111],[-113.49,51.5024],[-113.53,51.4955],[-113.5608,51.5008],[-113.5823,51.5182],[-113.5873,51.5328]],[[-113.5669,51.5287],[-113.5556,51.5321],[-113.5413,51.529],[-113.524,51.5194],[-113.524,51.5116],[-113.5413,51.5058],[-113.5556,51.5089],[-113.5669,51.521],[-113.5669,51.5287]]]}},{"type":"Feature","properties":{"c":"#00ff00","v0":0.003,"v1":0.005},"geometry":{"type":"Polygon","coordinates":[[[-113.7086,51.47],[-113.6962,51.4805],[-113.6823,51.4805],[-113.6668,51.47],[-113.6668,51.4602],[-113.6823,51.4513],[-113.6962,51.4513],[-113.7086,51.4602],[-113.7086,51.47]]]}},{"type":"Feature","properties":{"c":"#00ff00","v0":0.003,"v1":0.005},"geometry":{"type":"Polygon","coordinates":[[[-113.6625,51.4136],[-113.6275,51.4359],[-113.58,51.4455],[-113.52,51.4423],[-113.475,51.4316],[-113.445,51.4133],[-113.4,51.4072],[-113.34,51.4133],[-113.2997,51.4097],[-113.279,51.3965],[-113.2729,51.3837],[-113.2815,51.3712],[-113.2791,51.3587],[-113.2655,51.3462],[-113.2716,51.3338],[-113.2972,51.3216],[-113.34,51.3244],[-113.4,51.3421],[-113.46,51.3468],[-113.52,51.3385],[-113.5556,51.3295],[-113.5667,51.3198],[-113.5917,51.3114],[-113.6306,51.3044],[-113.6544,51.3044],[-113.6631,51.3114],[-113.6574,51.3243],[-113.6372,51.3431],[-113.6403,51.3649],[-113.6667,51.3899],[-113.6625,51.4136]],[[-113.5632,51.3845],[-113.5277,51.3985],[-113.499,51.3985],[-113.477,51.3845],[-113.482,51.3715],[-113.514,51.3596],[-113.5427,51.3596],[-113.5682,51.3715],[-113.5632,51.3845]]]}},{"type":"Feature","properties":{"c":"#00ff00","v0":0.003,"v1":0.005},"geometry":{"type":"Polygon","coordinates":[[[-105.0631,51.4071],[-105.0544,51.4166],[-105.03,51.4221],[-104.99,51.4238],[-104.96,51.4201],[-104.94,51.4111],[-104.9291,51.3993],[-104.9272,51.3847],[-104.9322,51.3728],[-104.9441,51.3635],[-104.965,51.3583],[-104.995,51.357],[-105.022,51.3617],[-105.0461,51.3722],[-105.0605,51.3837],[-105.0652,51.3961],[-105.0631,51.4071]],[[-105.0482,51.4061],[-105.0361,51.4136],[-105.015,51.4173],[-104.985,51.4172],[-104.9623,51.4135],[-104.9468,51.4061],[-104.9391,51.3961],[-104.939,51.3837],[-104.9568,51.3741],[-104.9923,51.3674],[-105.0211,51.3736],[-105.0432,51.3928],[-105.0482,51.4061]]]}},{"type":"Feature","properties":{"c":"#00ff00","v0":0.003,"v1":0.005},"geometry":{"type":"Polygon","coordinates":[[[-105.2597,51.319],[-105.2532,51.3272],[-105.2428,51.3303],[-105.2284,51.3284],[-105.2284,51.3166],[-105.2428,51.2948],[-105.2532,51.2917],[-105.2597,51.3072],[-105.2597,51.319]]]}},{"type":"Feature","properties":{"c":"#00ff00","v0":0.003,"v1":0.005},"geometry":{"type":"Polygon","coordinates":[[[-101.5681,51.3078],[-101.5427,51.3185],[-101.5208,51.3185],[-101.5025,51.3078],[-101.4937,51.2962],[-101.4946,51.2837],[-101.5088,51.2744],[-101.5363,51.2685],[-101.5577,51.2747],[-101.5731,51.2932],[-101.5681,51.3078]],[[-101.5559,51.3054],[-101.5386,51.3114],[-101.525,51.3059],[-101.515,51.2888],[-101.52,51.2793],[-101.54,51.2775],[-101.5536,51.283],[-101.5609,51.296],[-101.5559,51.3054]]]}},{"type":"Feature","properties":{"c":"#00ff00","v0":0.003,"v1":0.005},"geometry":{"type":"Polygon","coordinates":[[[-113.4391,51.2809],[-113.433,51.2877],[-113.42,51.2909],[-113.4,51.2902],[-113.395,51.2849],[-113.405,51.2747],[-113.418,51.2716],[-113.4341,51.2755],[-113.4391,51.2809]]]}},{"type":"Feature","properties":{"c":"#00ff00","v0":0.003,"v1":0.005},"geometry":{"type":"Polygon","coordinates":[[[-112.5852,51.2461],[-112.5617,51.2586],[-112.54,51.2633],[-112.52,51.2602],[-112.503,51.2508],[-112.4891,51.2352],[-112.4855,51.2211],[-112.4924,51.2086],[-112.5094,51.1999],[-112.5365,51.1951],[-112.5617,51.2045],[-112.5852,51.2281],[-112.5852,51.2461]],[[-112.56,51.2423],[-112.54,51.2472],[-112.5271,51.2441],[-112.5214,51.2329],[-112.5264,51.225],[-112.5421,51.2204],[-112.555,51.2235],[-112.565,51.2344],[-112.56,51.2423]]]}},{"type":"Feature","properties":{"c":"#00ff00","v0":0.003,"v1":0.005},"geometry":{"type":"Polygon","coordinates":[[[-112.8623,51.243],[-112.8541,51.2493],[-112.8471,51.2493],[-112.8413,51.243],[-112.8413,51.2364],[-112.8471,51.2295],[-112.8541,51.2295],[-112.8623,51.2364],[-112.8623,51.243]]]}},{"type":"Feature","properties":{"c":"#00ff00","v0":0.003,"v1":0.005},"geometry":{"type":"Polygon","coordinates":[[[-101.9418,51.2439],[-101.9206,51.2519],[-101.9079,51.2488],[-101.9037,51.2345],[-101.9087,51.2245],[-101.9229,51.2187],[-101.9356,51.2218],[-101.9468,51.2338],[-101.9418,51.2439]]]}},{"type":"Feature","properties":{"c":"#00ff00","v0":0.003,"v1":0.005},"geometry":{"type":"Polygon","coordinates":[[[-113.8677,51.2274],[-113.8559,51.2275],[-113.8498,51.2243],[-113.8494,51.218],[-113.8553,51.218],[-113.8675,51.2242],[-113.8677,51.2274]]]}},{"type":"Feature","properties":{"c":"#00ff00","v0":0.003,"v1":0.005},"geometry":{"type":"Polygon","coordinates":[[[-113.4313,51.2189],[-113.4171,51.227],[-113.385,51.2253],[-113.335,51.2138],[-113.305,51.1923],[-113.295,51.1606],[-113.3171,51.1466],[-113.3714,51.1503],[-113.4085,51.1678],[-113.4285,51.1992],[-113.4313,51.2189]],[[-113.3767,51.1797],[-113.3722,51.1845],[-113.3643,51.1845],[-113.353,51.1797],[-113.3553,51.1772],[-113.371,51.1772],[-113.3767,51.1797]]]}},{"type":"Feature","properties":{"c":"#00ff00","v0":0.003,"v1":0.005},"geometry":{"type":"Polygon","coordinates":[[[-101.4746,51.21],[-101.4582,51.2255],[-101.4357,51.2286],[-101.407,51.2194],[-101.3933,51.2086],[-101.3947,51.196],[-101.4041,51.1852],[-101.4214,51.1761],[-101.44,51.174],[-101.46,51.1788],[-101.4732,51.1865],[-101.4796,51.197],[-101.4746,51.21]],[[-101.4617,51.2085],[-101.4406,51.2208],[-101.4229,51.2208],[-101.4086,51.2085],[-101.4086,51.1966],[-101.4229,51.1852],[-101.4406,51.1852],[-101.4617,51.1966],[-101.4617,51.2085]]]}},{"type":"Feature","properties":{"c":"#00ff00","v0":0.003,"v1":0.005},"geometry":{"type":"Polygon","coordinates":[[[-114.1847,51.1451],[-114.1482,51.1561],[-114.1208,51.1561],[-114.1025,51.1451],[-114.0929,51.1333],[-114.0918,51.1208],[-114.096,51.111],[-114.1053,51.1042],[-114.12,51.1012],[-114.14,51.1021],[-114.1632,51.1118],[-114.1897,51.1303],[-114.1847,51.1451]],[[-114.1752,51.1309],[-114.1717,51.1386],[-114.16,51.1439],[-114.14,51.1471],[-114.1231,51.1432],[-114.1092,51.1324],[-114.1092,51.1223],[-114.1231,51.1128],[-114.1417,51.1128],[-114.1652,51.1223],[-114.1752,51.1309]]]}},{"type":"Feature","properties":{"c":"#00ff00","v0":0.003,"v1":0.005},"geometry":{"type":"Polygon","coordinates":[[[-113.9887,51.0045],[-113.9762,51.0109],[-113.955,51.0115],[-113.925,51.0064],[-113.92,51.0189],[-113.9401,51.0491],[-113.9451,51.07],[-113.935,51.0817],[-113.915,51.0892],[-113.885,51.0926],[-113.8661,51.0805],[-113.8582,51.0529],[-113.8482,51.0376],[-113.8361,51.0346],[-113.8136,51.0535],[-113.7808,51.0942],[-113.7358,51.1143],[-113.6786,51.1138],[-113.645,51.1209],[-113.635,51.1355],[-113.62,51.1349],[-113.6,51.1191],[-113.55,51.116],[-113.47,51.1255],[-113.41,51.1109],[-113.37,51.0721],[-113.315,51.0724],[-113.245,51.112],[-113.19,51.1342],[-113.15,51.1391],[-113.0969,51.1317],[-113.0306,51.1118],[-113.0093,51.0925],[-113.033,51.0737],[-113.0311,51.045],[-113.0037,51.0065],[-112.9969,50.9845],[-113.0107,50.9789],[-113.0407,50.9858],[-113.0869,51.0052],[-113.1172,51.0115],[-113.1317,51.0047],[-113.1337,50.995],[-113.1234,50.9825],[-113.1015,50.9699],[-113.0681,50.9573],[-113.086,50.9461],[-113.1553,50.9363],[-113.245,50.9425],[-113.355,50.9648],[-113.4137,50.9729],[-113.4211,50.9667],[-113.4149,50.951],[-113.3952,50.9258],[-113.4065,50.9011],[-113.4488,50.8771],[-113.4955,50.8803],[-113.5465,50.9106],[-113.5765,50.9362],[-113.5855,50.9572],[-113.615,50.9641],[-113.665,50.9567],[-113.699,50.9368],[-113.7169,50.9042],[-113.7387,50.8848],[-113.7645,50.8785],[-113.7851,50.8785],[-113.8004,50.8848],[-113.8085,50.8961],[-113.8095,50.9124],[-113.835,50.9357],[-113.885,50.9658],[-113.925,50.9793],[-113.955,50.9761],[-113.9762,50.9812],[-113.9887,50.9946],[-113.9887,51.0045]],[[-113.6227,51.0667],[-113.6142,51.0717],[-113.6,51.0702],[-113.58,51.0621],[-113.56,51.0622],[-113.54,51.0704],[-113.5208,51.0719],[-113.5024,51.0668],[-113.4924,51.0505],[-113.4908,51.0231],[-113.495,51.008],[-113.505,51.0054],[-113.5392,51.0191],[-113.5977,51.0492],[-113.6227,51.0667]],[[-113.4651,50.9068],[-113.4594,50.9194],[-113.4489,50.9258],[-113.4335,50.9258],[-113.4261,50.9194],[-113.4268,50.9068],[-113.4374,50.9005],[-113.4578,50.9005],[-113.4651,50.9068]],[[-113.2834,51.0391],[-113.269,51.0391],[-113.2639,51.036],[-113.268,51.0297],[-113.2751,51.0297],[-113.2854,51.036],[-113.2834,51.0391]],[[-113.764,51.0444],[-113.7413,51.0551],[-113.72,51.0533],[-113.7,51.0391],[-113.675,51.0316],[-113.645,51.0308],[-113.6289,51.0231],[-113.6267,51.0086],[-113.6467,50.9987],[-113.6889,50.9935],[-113.7263,51.0029],[-113.759,51.027],[-113.764,51.0444]]]}},{"type":"Feature","properties":{"c":"#00ff00","v0":0.003,"v1":0.005},"geometry":{"type":"Polygon","coordinates":[[[-101.86,51.1316],[-101.8533,51.1408],[-101.835,51.1454],[-101.805,51.1453],[-101.78,51.1333],[-101.76,51.1091],[-101.73,51.0975],[-101.69,51.0982],[-101.6608,51.09],[-101.6423,51.0728],[-101.6423,51.0575],[-101.6608,51.044],[-101.68,51.0362],[-101.7,51.0341],[-101.74,51.0451],[-101.8,51.0692],[-101.8383,51.0927],[-101.855,51.1156],[-101.86,51.1316]],[[-101.8177,51.127],[-101.803,51.127],[-101.7942,51.1231],[-101.7914,51.1151],[-101.795,51.1098],[-101.805,51.1069],[-101.8138,51.1109],[-101.8213,51.1217],[-101.8177,51.127]],[[-101.7283,51.0711],[-101.7028,51.0848],[-101.6791,51.0879],[-101.6572,51.0805],[-101.6572,51.0683],[-101.6791,51.0513],[-101.7028,51.0481],[-101.7283,51.0589],[-101.7283,51.0711]]]}},{"type":"Feature","properties":{"c":"#00ff00","v0":0.003,"v1":0.005},"geometry":{"type":"Polygon","coordinates":[[[-119.4384,51.045],[-119.4195,51.0569],[-119.4073,51.0601],[-119.4018,51.0545],[-119.4068,51.0451],[-119.4223,51.0321],[-119.4345,51.029],[-119.4434,51.0357],[-119.4384,51.045]]]}},{"type":"Feature","properties":{"c":"#00ff00","v0":0.003,"v1":0.005},"geometry":{"type":"Polygon","coordinates":[[[-101.3816,51.0318],[-101.3739,51.0424],[-101.36,51.0474],[-101.34,51.0468],[-101.317,51.0383],[-101.291,51.0221],[-101.296,51.011],[-101.332,51.0051],[-101.3589,51.0082],[-101.3766,51.0204],[-101.3816,51.0318]]]}},{"type":"Feature","properties":{"c":"#00ff00","v0":0.003,"v1":0.005},"geometry":{"type":"Polygon","coordinates":[[[-105.2046,50.9636],[-105.2004,50.9887],[-105.1914,51.0013],[-105.1775,51.0013],[-105.1568,50.9762],[-105.1292,50.9258],[-105.1264,50.9005],[-105.1485,50.9005],[-105.1714,50.9131],[-105.1949,50.9384],[-105.2046,50.9636]],[[-105.1838,50.9546],[-105.1746,50.9618],[-105.1669,50.9618],[-105.1608,50.9546],[-105.1608,50.9476],[-105.1669,50.9409],[-105.1746,50.9409],[-105.1838,50.9476],[-105.1838,50.9546]]]}},{"type":"Feature","properties":{"c":"#00ff00","v0":0.003,"v1":0.005},"geometry":{"type":"Polygon","coordinates":[[[-119.7404,50.9282],[-119.7335,50.933],[-119.7273,50.933],[-119.7219,50.9282],[-119.7219,50.923],[-119.7273,50.9174],[-119.7335,50.9174],[-119.7404,50.923],[-119.7404,50.9282]]]}},{"type":"Feature","properties":{"c":"#00ff00","v0":0.003,"v1":0.005},"geometry":{"type":"Polygon","coordinates":[[[-101.4467,50.8434],[-101.4222,50.8554],[-101.39,50.8586],[-101.35,50.8531],[-101.3136,50.866],[-101.2809,50.8974],[-101.2509,50.9145],[-101.2236,50.9171],[-101.2056,50.914],[-101.1968,50.905],[-101.1991,50.8974],[-101.2124,50.8911],[-101.2191,50.8721],[-101.2192,50.8406],[-101.1919,50.8123],[-101.1373,50.7873],[-101.105,50.7627],[-101.095,50.7384],[-101.0709,50.7224],[-101.0327,50.7148],[-101.0077,50.7047],[-100.9959,50.6924],[-100.9794,50.686],[-100.9581,50.6857],[-100.943,50.6793],[-100.934,50.6666],[-100.9397,50.6556],[-100.9599,50.6462],[-100.9982,50.643],[-101.0546,50.646],[-101.0811,50.6412],[-101.0776,50.6285],[-101.0844,50.6149],[-101.1015,50.6003],[-101.125,50.5858],[-101.155,50.5714],[-101.185,50.5632],[-101.215,50.5613],[-101.2357,50.5631],[-101.2472,50.5686],[-101.2572,50.5882],[-101.2657,50.6219],[-101.2806,50.6472],[-101.3019,50.6644],[-101.3119,50.6845],[-101.3106,50.7078],[-101.3284,50.7268],[-101.3651,50.7415],[-101.3859,50.7584],[-101.391,50.7774],[-101.4098,50.7995],[-101.4425,50.8248],[-101.4467,50.8434]],[[-101.2233,50.7664],[-101.2144,50.7759],[-101.2,50.7819],[-101.18,50.7844],[-101.1599,50.7828],[-101.1398,50.7771],[-101.1269,50.7679],[-101.1212,50.7552],[-101.1263,50.7456],[-101.1421,50.739],[-101.1694,50.7422],[-101.2083,50.7551],[-101.2233,50.7664]],[[-101.4289,50.8405],[-101.4163,50.8468],[-101.4024,50.8468],[-101.3871,50.8405],[-101.3871,50.8327],[-101.4024,50.8232],[-101.4163,50.8232],[-101.4289,50.8327],[-101.4289,50.8405]],[[-101.2238,50.6515],[-101.2146,50.6595],[-101.2,50.6595],[-101.1799,50.6515],[-101.1749,50.643],[-101.185,50.6338],[-101.1996,50.6338],[-101.2188,50.643],[-101.2238,50.6515]]]}},{"type":"Feature","properties":{"c":"#00ff00","v0":0.003,"v1":0.005},"geometry":{"type":"Polygon","coordinates":[[[-112.9081,50.9035],[-112.896,50.9096],[-112.8837,50.9064],[-112.8711,50.8941],[-112.8711,50.8866],[-112.8837,50.8839],[-112.896,50.8871],[-112.9081,50.896],[-112.9081,50.9035]]]}},{"type":"Feature","properties":{"c":"#00ff00","v0":0.003,"v1":0.005},"geometry":{"type":"Polygon","coordinates":[[[-101.5679,50.87],[-101.556,50.8845],[-101.545,50.8938],[-101.535,50.8976],[-101.5256,50.8967],[-101.5168,50.8908],[-101.5212,50.8785],[-101.5388,50.8595],[-101.5542,50.8532],[-101.5674,50.8595],[-101.5679,50.87]]]}},{"type":"Feature","properties":{"c":"#00ff00","v0":0.003,"v1":0.005},"geometry":{"type":"Polygon","coordinates":[[[-105.6309,50.798],[-105.577,50.8202],[-105.5382,50.8266],[-105.5146,50.8169],[-105.5046,50.8054],[-105.5082,50.792],[-105.525,50.7864],[-105.555,50.7887],[-105.58,50.7829],[-105.6,50.769],[-105.62,50.764],[-105.64,50.7677],[-105.652,50.7739],[-105.6559,50.7826],[-105.6309,50.798]]]}},{"type":"Feature","properties":{"c":"#00ff00","v0":0.003,"v1":0.005},"geometry":{"type":"Polygon","coordinates":[[[-100.9849,50.7805],[-100.975,50.7932],[-100.95,50.8001],[-100.91,50.8012],[-100.88,50.8085],[-100.86,50.822],[-100.8323,50.8246],[-100.7969,50.8163],[-100.7869,50.8037],[-100.8023,50.7869],[-100.83,50.7806],[-100.87,50.7848],[-100.905,50.7782],[-100.935,50.7607],[-100.96,50.7575],[-100.9799,50.7687],[-100.9849,50.7805]]]}},{"type":"Feature","properties":{"c":"#00ff00","v0":0.003,"v1":0.005},"geometry":{"type":"Polygon","coordinates":[[[-106.4198,50.8045],[-106.3999,50.8145],[-106.382,50.8145],[-106.3661,50.8045],[-106.3661,50.793],[-106.382,50.78],[-106.3999,50.78],[-106.4198,50.793],[-106.4198,50.8045]],[[-106.4016,50.7995],[-106.3877,50.7995],[-106.3831,50.7963],[-106.3877,50.7899],[-106.3946,50.7899],[-106.4038,50.7963],[-106.4016,50.7995]]]}},{"type":"Feature","properties":{"c":"#00ff00","v0":0.003,"v1":0.005},"geometry":{"type":"Polygon","coordinates":[[[-105.8645,50.7868],[-105.8148,50.8119],[-105.7845,50.8088],[-105.7735,50.7773],[-105.7716,50.7552],[-105.7788,50.7426],[-105.7893,50.7359],[-105.8031,50.7351],[-105.8298,50.7446],[-105.8695,50.7643],[-105.8645,50.7868]]]}},{"type":"Feature","properties":{"c":"#00ff00","v0":0.003,"v1":0.005},"geometry":{"type":"Polygon","coordinates":[[[-113.2631,50.7901],[-113.2544,50.7966],[-113.2453,50.7966],[-113.2359,50.7901],[-113.2403,50.7869],[-113.2584,50.7869],[-113.2631,50.7901]]]}},{"type":"Feature","properties":{"c":"#00ff00","v0":0.003,"v1":0.005},"geometry":{"type":"Polygon","coordinates":[[[-105.6058,50.7327],[-105.5953,50.751],[-105.57,50.761],[-105.53,50.7627],[-105.5011,50.7599],[-105.4834,50.7526],[-105.4728,50.7426],[-105.4692,50.7299],[-105.4531,50.7184],[-105.4244,50.7081],[-105.385,50.7212],[-105.335,50.7577],[-105.2849,50.7661],[-105.2348,50.7462],[-105.2209,50.7268],[-105.2433,50.7078],[-105.2569,50.6793],[-105.2618,50.6412],[-105.2607,50.6204],[-105.2536,50.6169],[-105.2436,50.6232],[-105.2309,50.6395],[-105.2159,50.6495],[-105.1986,50.6533],[-105.175,50.644],[-105.145,50.6216],[-105.105,50.6011],[-105.055,50.5825],[-105.01,50.5757],[-104.97,50.5807],[-104.935,50.5769],[-104.905,50.5644],[-104.876,50.5615],[-104.8479,50.5681],[-104.8275,50.5809],[-104.8148,50.6],[-104.8089,50.6189],[-104.8096,50.6376],[-104.8238,50.6503],[-104.8513,50.6569],[-104.8563,50.6635],[-104.8388,50.67],[-104.825,50.667],[-104.815,50.6545],[-104.795,50.6458],[-104.765,50.641],[-104.7416,50.6282],[-104.7249,50.6073],[-104.7417,50.5873],[-104.7922,50.5682],[-104.8206,50.5493],[-104.8269,50.5305],[-104.8418,50.5146],[-104.8655,50.5016],[-104.8655,50.4892],[-104.8418,50.4775],[-104.795,50.4647],[-104.725,50.4507],[-104.66,50.4469],[-104.6,50.4533],[-104.56,50.4523],[-104.54,50.444],[-104.515,50.4433],[-104.485,50.4502],[-104.4587,50.445],[-104.436,50.4275],[-104.4256,50.4123],[-104.4273,50.3996],[-104.4687,50.3741],[-104.5496,50.336],[-104.605,50.3163],[-104.635,50.3151],[-104.665,50.3206],[-104.695,50.3327],[-104.7616,50.3141],[-104.8648,50.2647],[-104.9369,50.24],[-104.978,50.24],[-105.0031,50.2463],[-105.0123,50.2591],[-105.0063,50.2815],[-104.9853,50.3135],[-104.9786,50.3321],[-104.9862,50.3374],[-105.04,50.3458],[-105.14,50.3573],[-105.2007,50.3706],[-105.2221,50.3857],[-105.2321,50.4062],[-105.2307,50.4323],[-105.212,50.4514],[-105.1759,50.4636],[-105.1534,50.4824],[-105.1445,50.5078],[-105.1676,50.5329],[-105.2225,50.5575],[-105.27,50.5628],[-105.31,50.5489],[-105.375,50.5544],[-105.465,50.5792],[-105.5304,50.6119],[-105.5713,50.6526],[-105.5966,50.6856],[-105.6062,50.7109],[-105.6058,50.7327]],[[-105.3296,50.6761],[-105.2952,50.6824],[-105.2809,50.6824],[-105.287,50.676],[-105.3042,50.6729],[-105.3327,50.6729],[-105.3296,50.6761]],[[-105.18,50.5761],[-105.16,50.5854],[-105.1347,50.5822],[-105.104,50.5665],[-105.104,50.5558],[-105.1347,50.5499],[-105.16,50.5531],[-105.18,50.5653],[-105.18,50.5761]],[[-105.0598,50.4517],[-105.0533,50.4666],[-105.0359,50.4761],[-105.0077,50.4803],[-104.9927,50.4888],[-104.9909,50.5015],[-104.98,50.5106],[-104.96,50.5162],[-104.925,50.5019],[-104.875,50.4678],[-104.835,50.4518],[-104.805,50.4538],[-104.775,50.4469],[-104.745,50.4311],[-104.695,50.4273],[-104.625,50.4357],[-104.575,50.433],[-104.545,50.4193],[-104.515,50.4181],[-104.485,50.4294],[-104.4612,50.4277],[-104.4437,50.4132],[-104.4787,50.3853],[-104.5662,50.3438],[-104.621,50.3246],[-104.6431,50.3278],[-104.6607,50.339],[-104.6739,50.3581],[-104.6878,50.3687],[-104.7026,50.3706],[-104.72,50.3706],[-104.74,50.3687],[-104.755,50.361],[-104.765,50.3476],[-104.785,50.3372],[-104.815,50.3299],[-104.845,50.3356],[-104.875,50.3541],[-104.9177,50.3644],[-104.9732,50.3666],[-105.0164,50.3868],[-105.0475,50.4251],[-105.0598,50.4517]],[[-105.1646,50.438],[-105.1549,50.4512],[-105.1416,50.448],[-105.1249,50.4285],[-105.1249,50.4173],[-105.1416,50.4144],[-105.1549,50.4176],[-105.1646,50.4268],[-105.1646,50.438]],[[-105.5707,50.6905],[-105.5569,50.7004],[-105.53,50.7056],[-105.49,50.7062],[-105.4641,50.7013],[-105.4522,50.6908],[-105.4472,50.6777],[-105.4491,50.6618],[-105.4267,50.6491],[-105.3801,50.6396],[-105.356,50.6285],[-105.3546,50.6158],[-105.3629,50.605],[-105.381,50.596],[-105.41,50.5953],[-105.45,50.6028],[-105.4969,50.6263],[-105.5507,50.6658],[-105.5707,50.6905]],[[-104.9666,50.2692],[-104.9555,50.2766],[-104.9456,50.2766],[-104.9368,50.2692],[-104.9368,50.2628],[-104.9456,50.2572],[-104.9555,50.2572],[-104.9666,50.2628],[-104.9666,50.2692]]]}},{"type":"Feature","properties":{"c":"#00ff00","v0":0.003,"v1":0.005},"geometry":{"type":"Polygon","coordinates":[[[-100.905,50.7275],[-100.8683,50.7353],[-100.8458,50.7353],[-100.8374,50.7275],[-100.8374,50.7171],[-100.8458,50.7041],[-100.8683,50.7041],[-100.905,50.7171],[-100.905,50.7275]]]}},{"type":"Feature","properties":{"c":"#00ff00","v0":0.003,"v1":0.005},"geometry":{"type":"Polygon","coordinates":[[[-105.9733,50.6925],[-105.9578,50.7064],[-105.9399,50.7064],[-105.9198,50.6925],[-105.9198,50.6785],[-105.9399,50.6644],[-105.9578,50.6644],[-105.9733,50.6785],[-105.9733,50.6925]],[[-105.96,50.6888],[-105.9533,50.6953],[-105.945,50.6971],[-105.935,50.6942],[-105.93,50.688],[-105.93,50.6784],[-105.9383,50.6766],[-105.955,50.6826],[-105.96,50.6888]]]}},{"type":"Feature","properties":{"c":"#00ff00","v0":0.003,"v1":0.005},"geometry":{"type":"Polygon","coordinates":[[[-105.0243,50.7021],[-105.0148,50.7097],[-104.9993,50.7097],[-104.978,50.7021],[-104.973,50.6943],[-104.9843,50.6864],[-104.9998,50.6864],[-105.0193,50.6943],[-105.0243,50.7021]]]}},{"type":"Feature","properties":{"c":"#00ff00","v0":0.003,"v1":0.005},"geometry":{"type":"Polygon","coordinates":[[[-110.0684,50.663],[-110.0428,50.694],[-110.0213,50.7004],[-110.004,50.6821],[-109.9972,50.6634],[-110.0011,50.6444],[-110.0148,50.631],[-110.0383,50.6232],[-110.0578,50.6264],[-110.0734,50.6405],[-110.0684,50.663]],[[-110.0576,50.6559],[-110.0392,50.6727],[-110.025,50.6727],[-110.0151,50.6559],[-110.0201,50.6435],[-110.04,50.6355],[-110.0542,50.6355],[-110.0626,50.6435],[-110.0576,50.6559]]]}},{"type":"Feature","properties":{"c":"#00ff00","v0":0.003,"v1":0.005},"geometry":{"type":"Polygon","coordinates":[[[-101.4779,50.6638],[-101.4726,50.6709],[-101.4588,50.674],[-101.4365,50.6733],[-101.4265,50.6693],[-101.4288,50.6622],[-101.4426,50.659],[-101.4679,50.6598],[-101.4779,50.6638]]]}},{"type":"Feature","properties":{"c":"#00ff00","v0":0.003,"v1":0.005},"geometry":{"type":"Polygon","coordinates":[[[-105.813,50.6602],[-105.7996,50.6602],[-105.7859,50.6539],[-105.7719,50.6412],[-105.7786,50.6412],[-105.806,50.6539],[-105.813,50.6602]]]}},{"type":"Feature","properties":{"c":"#00ff00","v0":0.003,"v1":0.005},"geometry":{"type":"Polygon","coordinates":[[[-100.9973,50.4415],[-100.9124,50.4869],[-100.873,50.5283],[-100.879,50.5655],[-100.864,50.6035],[-100.828,50.6422],[-100.8049,50.6517],[-100.7948,50.632],[-100.8002,50.6158],[-100.8212,50.6031],[-100.8212,50.5858],[-100.8004,50.5638],[-100.755,50.5574],[-100.685,50.5667],[-100.635,50.5631],[-100.605,50.5467],[-100.575,50.5433],[-100.545,50.5528],[-100.505,50.5491],[-100.455,50.532],[-100.4,50.5298],[-100.34,50.5424],[-100.3038,50.5449],[-100.2913,50.5371],[-100.2982,50.5174],[-100.3247,50.4856],[-100.3609,50.4708],[-100.407,50.4732],[-100.4397,50.47],[-100.4592,50.4613],[-100.4642,50.4362],[-100.4547,50.3947],[-100.435,50.3596],[-100.4049,50.331],[-100.3904,50.3007],[-100.3914,50.2687],[-100.3832,50.2432],[-100.3658,50.224],[-100.3603,50.2107],[-100.3668,50.2035],[-100.385,50.203],[-100.415,50.2092],[-100.465,50.204],[-100.535,50.1873],[-100.585,50.1914],[-100.615,50.2164],[-100.65,50.2236],[-100.69,50.213],[-100.72,50.2089],[-100.74,50.2112],[-100.77,50.2294],[-100.81,50.2635],[-100.8422,50.2832],[-100.8665,50.2884],[-100.8765,50.2975],[-100.8721,50.3103],[-100.88,50.3257],[-100.9,50.3437],[-100.935,50.3615],[-100.985,50.3789],[-101.0174,50.3954],[-101.0323,50.411],[-100.9973,50.4415]],[[-100.7951,50.4754],[-100.7784,50.4867],[-100.762,50.4899],[-100.7461,50.4849],[-100.7461,50.4752],[-100.762,50.4608],[-100.7784,50.4576],[-100.7951,50.4656],[-100.7951,50.4754]],[[-100.9253,50.3965],[-100.9151,50.403],[-100.89,50.4034],[-100.85,50.3976],[-100.82,50.3998],[-100.8,50.4099],[-100.77,50.4154],[-100.73,50.4163],[-100.7,50.4357],[-100.68,50.4734],[-100.65,50.4897],[-100.61,50.4845],[-100.57,50.4945],[-100.53,50.5195],[-100.495,50.5263],[-100.465,50.5148],[-100.43,50.5106],[-100.39,50.5136],[-100.3627,50.5102],[-100.348,50.5001],[-100.348,50.4906],[-100.3627,50.4817],[-100.39,50.4804],[-100.43,50.4868],[-100.4613,50.4818],[-100.4839,50.4652],[-100.4845,50.4283],[-100.463,50.3709],[-100.4417,50.3354],[-100.4206,50.3217],[-100.4084,50.3058],[-100.4051,50.2875],[-100.4101,50.2661],[-100.4234,50.2417],[-100.46,50.2193],[-100.52,50.1991],[-100.57,50.2023],[-100.61,50.2291],[-100.64,50.2431],[-100.66,50.2443],[-100.685,50.2389],[-100.715,50.2268],[-100.7436,50.232],[-100.7708,50.2543],[-100.7788,50.2751],[-100.7676,50.2943],[-100.774,50.3045],[-100.798,50.3058],[-100.8401,50.3282],[-100.9003,50.3715],[-100.9253,50.3965]]]}},{"type":"Feature","properties":{"c":"#00ff00","v0":0.003,"v1":0.005},"geometry":{"type":"Polygon","coordinates":[[[-102.2183,50.5783],[-102.1994,50.592],[-102.1788,50.592],[-102.1564,50.5783],[-102.1564,50.5654],[-102.1788,50.5534],[-102.1994,50.5534],[-102.2183,50.5654],[-102.2183,50.5783]],[[-102.2082,50.5761],[-102.1961,50.5854],[-102.1825,50.5854],[-102.1676,50.5761],[-102.1676,50.5675],[-102.1825,50.5598],[-102.1961,50.5598],[-102.2082,50.5675],[-102.2082,50.5761]]]}},{"type":"Feature","properties":{"c":"#00ff00","v0":0.003,"v1":0.005},"geometry":{"type":"Polygon","coordinates":[[[-105.6203,50.576],[-105.6001,50.5852],[-105.5822,50.5852],[-105.5666,50.576],[-105.5716,50.5669],[-105.5972,50.558],[-105.6151,50.558],[-105.6253,50.5669],[-105.6203,50.576]]]}},{"type":"Feature","properties":{"c":"#00ff00","v0":0.003,"v1":0.005},"geometry":{"type":"Polygon","coordinates":[[[-110.1679,50.5333],[-110.1596,50.5587],[-110.1441,50.5732],[-110.1214,50.5769],[-110.1,50.5706],[-110.08,50.5543],[-110.04,50.5411],[-109.98,50.5309],[-109.9519,50.5149],[-109.9557,50.4932],[-109.9357,50.4752],[-109.8919,50.4609],[-109.8665,50.4482],[-109.8595,50.437],[-109.8895,50.4217],[-109.9565,50.4023],[-109.9982,50.3991],[-110.0145,50.4122],[-110.0255,50.4378],[-110.0312,50.476],[-110.048,50.5004],[-110.076,50.5108],[-110.105,50.5123],[-110.135,50.5048],[-110.1555,50.5059],[-110.1666,50.5157],[-110.1679,50.5333]],[[-110.1313,50.5595],[-110.1171,50.561],[-110.11,50.558],[-110.11,50.5505],[-110.115,50.5456],[-110.125,50.5435],[-110.1321,50.5465],[-110.1363,50.5546],[-110.1313,50.5595]]]}},{"type":"Feature","properties":{"c":"#00ff00","v0":0.003,"v1":0.005},"geometry":{"type":"Polygon","coordinates":[[[-106.0532,50.4379],[-106.0111,50.4508],[-106.0055,50.4858],[-106.0364,50.5429],[-106.0464,50.5714],[-106.0355,50.5715],[-106.0,50.5624],[-105.94,50.5441],[-105.89,50.5203],[-105.85,50.4911],[-105.8034,50.4779],[-105.7503,50.4809],[-105.7353,50.4741],[-105.7584,50.4574],[-105.7694,50.4446],[-105.7682,50.4358],[-105.7432,50.4191],[-105.6944,50.3942],[-105.6495,50.3783],[-105.6084,50.3712],[-105.5987,50.3518],[-105.6203,50.3198],[-105.6409,50.3017],[-105.6603,50.2973],[-105.6802,50.3005],[-105.7005,50.3113],[-105.71,50.3294],[-105.7087,50.3549],[-105.7236,50.3734],[-105.7545,50.3848],[-105.79,50.3865],[-105.83,50.3786],[-105.8721,50.3857],[-105.9163,50.4077],[-105.9613,50.417],[-106.0071,50.4135],[-106.0411,50.4167],[-106.0632,50.4265],[-106.0532,50.4379]],[[-105.9886,50.5242],[-105.9762,50.5315],[-105.955,50.53],[-105.925,50.5198],[-105.8828,50.4939],[-105.8283,50.4523],[-105.8043,50.4219],[-105.8109,50.4028],[-105.8231,50.3917],[-105.841,50.3886],[-105.8641,50.3982],[-105.8924,50.4204],[-105.9189,50.4346],[-105.9436,50.441],[-105.9657,50.4633],[-105.9852,50.5015],[-105.9886,50.5242]],[[-105.6816,50.322],[-105.6739,50.3326],[-105.665,50.3358],[-105.655,50.3317],[-105.65,50.3262],[-105.65,50.3191],[-105.6589,50.3158],[-105.6766,50.3164],[-105.6816,50.322]]]}},{"type":"Feature","properties":{"c":"#00ff00","v0":0.003,"v1":0.005},"geometry":{"type":"Polygon","coordinates":[[[-101.0903,50.5269],[-101.0802,50.5396],[-101.0638,50.5466],[-101.0413,50.548],[-101.0205,50.5448],[-101.0014,50.5371],[-100.9898,50.5269],[-100.9857,50.5142],[-101.0002,50.5026],[-101.0334,50.4921],[-101.0613,50.4953],[-101.084,50.5121],[-101.0903,50.5269]]]}},{"type":"Feature","properties":{"c":"#00ff00","v0":0.003,"v1":0.005},"geometry":{"type":"Polygon","coordinates":[[[-104.6944,50.517],[-104.6781,50.5353],[-104.6428,50.5353],[-104.5885,50.517],[-104.5735,50.5078],[-104.5978,50.5077],[-104.625,50.5015],[-104.655,50.4892],[-104.6781,50.4893],[-104.6944,50.5017],[-104.6944,50.517]],[[-104.6825,50.5138],[-104.6742,50.5256],[-104.661,50.5288],[-104.6431,50.5233],[-104.6381,50.5144],[-104.646,50.5021],[-104.6592,50.4989],[-104.6775,50.5049],[-104.6825,50.5138]]]}},{"type":"Feature","properties":{"c":"#00ff00","v0":0.003,"v1":0.005},"geometry":{"type":"Polygon","coordinates":[[[-110.4074,50.4983],[-110.394,50.5047],[-110.388,50.4971],[-110.3893,50.4755],[-110.396,50.4723],[-110.4081,50.4875],[-110.4074,50.4983]]]}},{"type":"Feature","properties":{"c":"#00ff00","v0":0.003,"v1":0.005},"geometry":{"type":"Polygon","coordinates":[[[-106.3281,50.4777],[-106.3027,50.4937],[-106.2772,50.4937],[-106.2517,50.4777],[-106.2517,50.4606],[-106.2772,50.4424],[-106.2998,50.4361],[-106.3193,50.4415],[-106.332,50.4506],[-106.3379,50.4633],[-106.3281,50.4777]],[[-106.319,50.4757],[-106.2997,50.4879],[-106.2801,50.4879],[-106.2603,50.4757],[-106.2603,50.4623],[-106.2801,50.4474],[-106.2997,50.4474],[-106.319,50.4623],[-106.319,50.4757]]]}},{"type":"Feature","properties":{"c":"#00ff00","v0":0.003,"v1":0.005},"geometry":{"type":"Polygon","coordinates":[[[-104.3242,50.4528],[-104.3014,50.4701],[-104.275,50.4795],[-104.245,50.4809],[-104.2304,50.4754],[-104.2312,50.4631],[-104.2472,50.4506],[-104.2784,50.4378],[-104.303,50.4315],[-104.3208,50.4315],[-104.3312,50.4346],[-104.3342,50.441],[-104.3242,50.4528]]]}},{"type":"Feature","properties":{"c":"#00ff00","v0":0.003,"v1":0.005},"geometry":{"type":"Polygon","coordinates":[[[-119.1189,50.4294],[-119.0996,50.4507],[-119.085,50.4595],[-119.075,50.4557],[-119.0731,50.4419],[-119.0793,50.4179],[-119.0893,50.4045],[-119.1031,50.4014],[-119.1146,50.4046],[-119.1239,50.414],[-119.1189,50.4294]]]}},{"type":"Feature","properties":{"c":"#00ff00","v0":0.003,"v1":0.005},"geometry":{"type":"Polygon","coordinates":[[[-105.5886,50.4496],[-105.5762,50.4604],[-105.5619,50.4636],[-105.5458,50.4591],[-105.5408,50.4505],[-105.5469,50.4375],[-105.5612,50.4343],[-105.5836,50.4409],[-105.5886,50.4496]]]}},{"type":"Feature","properties":{"c":"#00ff00","v0":0.003,"v1":0.005},"geometry":{"type":"Polygon","coordinates":[[[-105.542,50.3995],[-105.534,50.4121],[-105.515,50.4244],[-105.485,50.4365],[-105.435,50.4469],[-105.365,50.4556],[-105.3175,50.4433],[-105.2926,50.4099],[-105.2876,50.3884],[-105.3025,50.3789],[-105.33,50.3764],[-105.37,50.3809],[-105.41,50.3765],[-105.45,50.3631],[-105.489,50.3657],[-105.527,50.384],[-105.542,50.3995]]]}},{"type":"Feature","properties":{"c":"#00ff00","v0":0.003,"v1":0.005},"geometry":{"type":"Polygon","coordinates":[[[-104.9616,50.4264],[-104.9539,50.4416],[-104.93,50.4478],[-104.89,50.4449],[-104.875,50.4329],[-104.885,50.4119],[-104.905,50.402],[-104.935,50.4033],[-104.9539,50.4076],[-104.9616,50.415],[-104.9616,50.4264]]]}},{"type":"Feature","properties":{"c":"#00ff00","v0":0.003,"v1":0.005},"geometry":{"type":"Polygon","coordinates":[[[-110.4071,50.3964],[-110.3902,50.4028],[-110.3839,50.4011],[-110.388,50.3913],[-110.3964,50.3882],[-110.4091,50.3915],[-110.4071,50.3964]]]}},{"type":"Feature","properties":{"c":"#00ff00","v0":0.003,"v1":0.005},"geometry":{"type":"Polygon","coordinates":[[[-100.3545,50.3886],[-100.3382,50.4048],[-100.32,50.4101],[-100.3,50.4044],[-100.287,50.3963],[-100.281,50.3857],[-100.286,50.3748],[-100.302,50.3636],[-100.3232,50.3636],[-100.3495,50.3748],[-100.3545,50.3886]],[[-100.3433,50.3856],[-100.3344,50.3959],[-100.3207,50.3959],[-100.3022,50.3856],[-100.2972,50.3771],[-100.3057,50.3704],[-100.3194,50.3704],[-100.3383,50.3771],[-100.3433,50.3856]]]}},{"type":"Feature","properties":{"c":"#00ff00","v0":0.003,"v1":0.005},"geometry":{"type":"Polygon","coordinates":[[[-100.6029,50.3432],[-100.581,50.3706],[-100.5626,50.3674],[-100.5479,50.3336],[-100.5479,50.3134],[-100.5626,50.3069],[-100.581,50.3101],[-100.6029,50.323],[-100.6029,50.3432]]]}},{"type":"Feature","properties":{"c":"#00ff00","v0":0.003,"v1":0.005},"geometry":{"type":"Polygon","coordinates":[[[-97.7321,50.3358],[-97.7232,50.3486],[-97.7127,50.3549],[-97.7004,50.3549],[-97.6958,50.3486],[-97.699,50.3358],[-97.7096,50.3294],[-97.7276,50.3294],[-97.7321,50.3358]]]}},{"type":"Feature","properties":{"c":"#00ff00","v0":0.003,"v1":0.005},"geometry":{"type":"Polygon","coordinates":[[[-97.9874,50.2645],[-97.9758,50.2881],[-97.955,50.3111],[-97.925,50.3335],[-97.9077,50.3377],[-97.9031,50.3237],[-97.9093,50.3103],[-97.9261,50.2975],[-97.9343,50.2783],[-97.9338,50.2527],[-97.9426,50.2378],[-97.9609,50.2334],[-97.9758,50.2366],[-97.9874,50.2474],[-97.9874,50.2645]]]}},{"type":"Feature","properties":{"c":"#00ff00","v0":0.003,"v1":0.005},"geometry":{"type":"Polygon","coordinates":[[[-110.0435,50.3218],[-110.0345,50.3322],[-110.025,50.3367],[-110.015,50.3353],[-110.0042,50.3269],[-109.9926,50.3116],[-109.9976,50.3027],[-110.0192,50.3004],[-110.0345,50.3036],[-110.0435,50.3123],[-110.0435,50.3218]]]}},{"type":"Feature","properties":{"c":"#00ff00","v0":0.003,"v1":0.005},"geometry":{"type":"Polygon","coordinates":[[[-110.171,50.3087],[-110.157,50.3183],[-110.1428,50.3214],[-110.1285,50.3182],[-110.1235,50.3096],[-110.1278,50.2954],[-110.142,50.2922],[-110.166,50.3],[-110.171,50.3087]]]}},{"type":"Feature","properties":{"c":"#00ff00","v0":0.003,"v1":0.005},"geometry":{"type":"Polygon","coordinates":[[[-105.1118,50.3074],[-105.0973,50.3145],[-105.0855,50.3113],[-105.0765,50.2978],[-105.0837,50.2943],[-105.1073,50.3007],[-105.1118,50.3074]]]}},{"type":"Feature","properties":{"c":"#00ff00","v0":0.003,"v1":0.005},"geometry":{"type":"Polygon","coordinates":[[[-105.5085,50.2743],[-105.4828,50.2918],[-105.4618,50.2918],[-105.4455,50.2743],[-105.4405,50.261],[-105.4468,50.252],[-105.46,50.2463],[-105.48,50.2439],[-105.4978,50.2483],[-105.5135,50.2598],[-105.5085,50.2743]],[[-105.4955,50.2699],[-105.4785,50.2785],[-105.4668,50.2785],[-105.4603,50.2699],[-105.4653,50.2623],[-105.4818,50.2559],[-105.4935,50.2559],[-105.5005,50.2623],[-105.4955,50.2699]]]}},{"type":"Feature","properties":{"c":"#00ff00","v0":0.003,"v1":0.005},"geometry":{"type":"Polygon","coordinates":[[[-104.7281,50.2842],[-104.716,50.296],[-104.7008,50.2992],[-104.6823,50.2938],[-104.6788,50.2847],[-104.6901,50.2719],[-104.7053,50.2687],[-104.7246,50.2751],[-104.7281,50.2842]]]}},{"type":"Feature","properties":{"c":"#00ff00","v0":0.003,"v1":0.005},"geometry":{"type":"Polygon","coordinates":[[[-97.8507,50.2399],[-97.8236,50.2398],[-97.795,50.2493],[-97.765,50.2685],[-97.735,50.2752],[-97.705,50.2695],[-97.685,50.27],[-97.675,50.2768],[-97.6599,50.2765],[-97.6397,50.2692],[-97.6447,50.2527],[-97.6749,50.2269],[-97.7,50.217],[-97.72,50.2228],[-97.7472,50.2229],[-97.7815,50.2172],[-97.8151,50.2208],[-97.8479,50.2336],[-97.8507,50.2399]]]}},{"type":"Feature","properties":{"c":"#00ff00","v0":0.003,"v1":0.005},"geometry":{"type":"Polygon","coordinates":[[[-104.5097,50.2106],[-104.4966,50.2287],[-104.485,50.2346],[-104.475,50.2282],[-104.472,50.216],[-104.4759,50.1978],[-104.4875,50.192],[-104.5067,50.1984],[-104.5097,50.2106]]]}},{"type":"Feature","properties":{"c":"#00ff00","v0":0.003,"v1":0.005},"geometry":{"type":"Polygon","coordinates":[[[-104.9246,50.1944],[-104.9149,50.2058],[-104.9031,50.209],[-104.8893,50.204],[-104.8843,50.1975],[-104.8881,50.1893],[-104.8999,50.1861],[-104.9196,50.1879],[-104.9246,50.1944]]]}},{"type":"Feature","properties":{"c":"#00ff00","v0":0.003,"v1":0.005},"geometry":{"type":"Polygon","coordinates":[[[-104.7826,50.1821],[-104.7742,50.1944],[-104.7566,50.1976],[-104.7297,50.1917],[-104.7247,50.1815],[-104.7416,50.167],[-104.7592,50.1638],[-104.7776,50.1719],[-104.7826,50.1821]],[[-104.7702,50.1792],[-104.7701,50.1857],[-104.7614,50.1889],[-104.7443,50.1888],[-104.7356,50.1856],[-104.7352,50.1792],[-104.7439,50.1759],[-104.7615,50.1759],[-104.7702,50.1792]]]}},{"type":"Feature","properties":{"c":"#00ff00","v0":0.003,"v1":0.005},"geometry":{"type":"Polygon","coordinates":[[[-109.989,50.1677],[-109.9763,50.1768],[-109.9598,50.1768],[-109.9394,50.1677],[-109.9394,50.1592],[-109.9598,50.1514],[-109.9763,50.1514],[-109.989,50.1592],[-109.989,50.1677]]]}},{"type":"Feature","properties":{"c":"#00ff00","v0":0.003,"v1":0.005},"geometry":{"type":"Polygon","coordinates":[[[-104.4215,50.1667],[-104.4138,50.1738],[-104.4034,50.1738],[-104.3902,50.1667],[-104.3902,50.1596],[-104.4034,50.1526],[-104.4138,50.1526],[-104.4215,50.1596],[-104.4215,50.1667]]]}},{"type":"Feature","properties":{"c":"#00ff00","v0":0.003,"v1":0.005},"geometry":{"type":"Polygon","coordinates":[[[-100.107,50.1752],[-100.0823,50.1737],[-100.0633,50.1641],[-100.0499,50.1464],[-100.0519,50.1375],[-100.0694,50.1375],[-100.0885,50.1471],[-100.1091,50.1663],[-100.107,50.1752]]]}},{"type":"Feature","properties":{"c":"#00ff00","v0":0.003,"v1":0.005},"geometry":{"type":"Polygon","coordinates":[[[-97.8114,50.1576],[-97.7838,50.1721],[-97.7539,50.1721],[-97.7216,50.1576],[-97.6925,50.1183],[-97.6664,50.0541],[-97.6625,50.0209],[-97.6808,50.0187],[-97.6952,50.0315],[-97.7056,50.0594],[-97.7356,50.0848],[-97.7852,50.1076],[-97.8138,50.1269],[-97.8214,50.1425],[-97.8114,50.1576]]]}},{"type":"Feature","properties":{"c":"#00ff00","v0":0.003,"v1":0.005},"geometry":{"type":"Polygon","coordinates":[[[-92.3387,50.1765],[-92.3196,50.1777],[-92.3074,50.1745],[-92.3023,50.1669],[-92.3073,50.1604],[-92.3224,50.1549],[-92.3346,50.1581],[-92.3437,50.17],[-92.3387,50.1765]]]}},{"type":"Feature","properties":{"c":"#00ff00","v0":0.003,"v1":0.005},"geometry":{"type":"Polygon","coordinates":[[[-104.5976,50.1299],[-104.5792,50.1402],[-104.5628,50.1402],[-104.5483,50.1299],[-104.5483,50.1198],[-104.5628,50.11],[-104.5792,50.11],[-104.5976,50.1198],[-104.5976,50.1299]]]}},{"type":"Feature","properties":{"c":"#00ff00","v0":0.003,"v1":0.005},"geometry":{"type":"Polygon","coordinates":[[[-101.0303,50.1002],[-101.0168,50.1024],[-101.0083,50.0992],[-101.0048,50.0905],[-101.0098,50.0851],[-101.0233,50.0829],[-101.0318,50.0861],[-101.0353,50.0947],[-101.0303,50.1002]]]}},{"type":"Feature","properties":{"c":"#00ff00","v0":0.003,"v1":0.005},"geometry":{"type":"Polygon","coordinates":[[[-109.8982,50.0766],[-109.8757,50.083],[-109.8587,50.0766],[-109.8472,50.0573],[-109.853,50.0477],[-109.8761,50.0477],[-109.8931,50.0541],[-109.904,50.0669],[-109.8982,50.0766]]]}},{"type":"Feature","properties":{"c":"#00ff00","v0":0.003,"v1":0.005},"geometry":{"type":"Polygon","coordinates":[[[-104.6868,50.0667],[-104.6756,50.079],[-104.66,50.0853],[-104.64,50.0855],[-104.6102,50.073],[-104.5705,50.0475],[-104.5516,50.0284],[-104.5536,50.0156],[-104.5685,50.0055],[-104.5962,49.9982],[-104.6306,50.0111],[-104.6718,50.044],[-104.6868,50.0667]],[[-104.6771,50.0642],[-104.6724,50.0715],[-104.66,50.0753],[-104.64,50.0757],[-104.6136,50.0657],[-104.5807,50.0451],[-104.5656,50.0284],[-104.5681,50.0156],[-104.5795,50.0075],[-104.5998,50.0043],[-104.6274,50.0172],[-104.6621,50.0461],[-104.6771,50.0642]]]}},{"type":"Feature","properties":{"c":"#00ff00","v0":0.003,"v1":0.005},"geometry":{"type":"Polygon","coordinates":[[[-110.3397,49.977],[-110.3236,49.9898],[-110.3216,50.0059],[-110.3337,50.0252],[-110.3324,50.0416],[-110.3175,50.0551],[-110.295,50.0652],[-110.265,50.0717],[-110.2306,50.0489],[-110.1918,49.9967],[-110.1868,49.9652],[-110.2156,49.9546],[-110.255,49.9497],[-110.305,49.9506],[-110.3344,49.9559],[-110.3433,49.9657],[-110.3397,49.977]],[[-110.2694,49.9879],[-110.2431,49.9968],[-110.221,49.9936],[-110.2031,49.9782],[-110.2081,49.968],[-110.236,49.9628],[-110.2581,49.966],[-110.2744,49.9776],[-110.2694,49.9879]]]}},{"type":"Feature","properties":{"c":"#00ff00","v0":0.003,"v1":0.005},"geometry":{"type":"Polygon","coordinates":[[[-102.6026,50.0194],[-102.5809,50.0399],[-102.55,50.0431],[-102.5099,50.029],[-102.4949,50.0151],[-102.505,50.0013],[-102.5197,49.9917],[-102.5392,49.9862],[-102.5592,49.9841],[-102.5797,49.9856],[-102.5959,49.992],[-102.6076,50.0034],[-102.6026,50.0194]],[[-102.5813,50.0139],[-102.5738,50.0236],[-102.563,50.0268],[-102.5489,50.0236],[-102.5439,50.0173],[-102.548,50.0079],[-102.5588,50.0047],[-102.5763,50.0076],[-102.5813,50.0139]]]}},{"type":"Feature","properties":{"c":"#00ff00","v0":0.003,"v1":0.005},"geometry":{"type":"Polygon","coordinates":[[[-97.5708,50.0396],[-97.5569,50.0491],[-97.5416,50.0491],[-97.5249,50.0396],[-97.5249,50.0305],[-97.5416,50.0218],[-97.5569,50.0218],[-97.5708,50.0305],[-97.5708,50.0396]]]}},{"type":"Feature","properties":{"c":"#00ff00","v0":0.003,"v1":0.005},"geometry":{"type":"Polygon","coordinates":[[[-92.8524,50.0091],[-92.8411,50.0348],[-92.8291,50.048],[-92.8164,50.0485],[-92.805,50.0272],[-92.795,49.984],[-92.8,49.9625],[-92.82,49.9628],[-92.837,49.9712],[-92.851,49.9879],[-92.8524,50.0091]]]}},{"type":"Feature","properties":{"c":"#00ff00","v0":0.003,"v1":0.005},"geometry":{"type":"Polygon","coordinates":[[[-110.4555,50.0262],[-110.4385,50.0347],[-110.42,50.0376],[-110.4,50.0349],[-110.3811,50.0275],[-110.3632,50.0152],[-110.3559,50.0027],[-110.3592,49.9898],[-110.3781,49.9816],[-110.4127,49.9779],[-110.4385,49.9875],[-110.4555,50.0105],[-110.4555,50.0262]],[[-110.4323,50.0113],[-110.4174,50.0157],[-110.4029,50.0125],[-110.3887,50.0017],[-110.3887,49.9927],[-110.4029,49.9855],[-110.4174,49.9887],[-110.4323,50.0023],[-110.4323,50.0113]]]}},{"type":"Feature","properties":{"c":"#00ff00","v0":0.003,"v1":0.005},"geometry":{"type":"Polygon","coordinates":[[[-110.0553,50.0165],[-110.0384,50.0311],[-110.0204,50.0343],[-110.0012,50.0261],[-110.0012,50.0172],[-110.0204,50.0076],[-110.0384,50.0043],[-110.0553,50.0075],[-110.0553,50.0165]]]}},{"type":"Feature","properties":{"c":"#00ff00","v0":0.003,"v1":0.005},"geometry":{"type":"Polygon","coordinates":[[[-109.4975,49.9756],[-109.4792,49.9856],[-109.4564,49.9856],[-109.4293,49.9756],[-109.4243,49.9547],[-109.4414,49.9229],[-109.4642,49.9229],[-109.4925,49.9547],[-109.4975,49.9756]],[[-109.4672,49.9706],[-109.4524,49.9706],[-109.4463,49.964],[-109.4488,49.951],[-109.4562,49.951],[-109.4685,49.964],[-109.4672,49.9706]]]}},{"type":"Feature","properties":{"c":"#00ff00","v0":0.003,"v1":0.005},"geometry":{"type":"Polygon","coordinates":[[[-119.0342,49.9361],[-119.0181,49.9444],[-119.003,49.9412],[-118.9889,49.9264],[-118.9939,49.9175],[-119.018,49.9145],[-119.0331,49.9177],[-119.0392,49.9272],[-119.0342,49.9361]]]}},{"type":"Feature","properties":{"c":"#00ff00","v0":0.003,"v1":0.005},"geometry":{"type":"Polygon","coordinates":[[[-104.4509,49.9448],[-104.4354,49.9448],[-104.4332,49.9419],[-104.4444,49.9359],[-104.4522,49.9359],[-104.4565,49.9419],[-104.4509,49.9448]]]}},{"type":"Feature","properties":{"c":"#00ff00","v0":0.003,"v1":0.005},"geometry":{"type":"Polygon","coordinates":[[[-104.9073,49.9196],[-104.8958,49.9206],[-104.8892,49.9173],[-104.8877,49.9099],[-104.8927,49.9057],[-104.9042,49.9047],[-104.9108,49.9079],[-104.9123,49.9153],[-104.9073,49.9196]]]}},{"type":"Feature","properties":{"c":"#00ff00","v0":0.003,"v1":0.005},"geometry":{"type":"Polygon","coordinates":[[[-97.238,49.886],[-97.2327,49.8971],[-97.22,49.9017],[-97.2,49.8998],[-97.195,49.8907],[-97.205,49.8744],[-97.2177,49.8698],[-97.233,49.8769],[-97.238,49.886]]]}},{"type":"Feature","properties":{"c":"#00ff00","v0":0.003,"v1":0.005},"geometry":{"type":"Polygon","coordinates":[[[-114.645,49.8647],[-114.6083,49.8849],[-114.5804,49.8914],[-114.5612,49.8841],[-114.5662,49.8686],[-114.5954,49.8449],[-114.62,49.8338],[-114.64,49.8351],[-114.6533,49.8404],[-114.66,49.8499],[-114.645,49.8647]],[[-114.6264,49.8579],[-114.6052,49.8643],[-114.5985,49.8632],[-114.6062,49.8545],[-114.6167,49.8513],[-114.6302,49.8535],[-114.6264,49.8579]]]}},{"type":"Feature","properties":{"c":"#00ff00","v0":0.003,"v1":0.005},"geometry":{"type":"Polygon","coordinates":[[[-110.3627,49.7772],[-110.3413,49.803],[-110.3347,49.8256],[-110.3429,49.845],[-110.3378,49.865],[-110.3193,49.8858],[-110.29,49.8947],[-110.25,49.8917],[-110.225,49.8929],[-110.215,49.8983],[-110.2067,49.883],[-110.2,49.8469],[-110.2046,49.8127],[-110.2206,49.7804],[-110.2489,49.7557],[-110.2896,49.7384],[-110.3209,49.7319],[-110.3426,49.7363],[-110.3584,49.7449],[-110.3684,49.7578],[-110.3627,49.7772]],[[-110.3229,49.852],[-110.301,49.8725],[-110.2751,49.879],[-110.2454,49.8713],[-110.2266,49.8611],[-110.2188,49.8482],[-110.2186,49.8355],[-110.2262,49.8232],[-110.24,49.8139],[-110.26,49.8077],[-110.286,49.8139],[-110.3179,49.8325],[-110.3229,49.852]],[[-110.3473,49.7725],[-110.3224,49.7889],[-110.3,49.7975],[-110.28,49.7985],[-110.2667,49.7935],[-110.26,49.7826],[-110.27,49.7676],[-110.2967,49.7485],[-110.3224,49.7453],[-110.3473,49.758],[-110.3473,49.7725]]]}},{"type":"Feature","properties":{"c":"#00ff00","v0":0.003,"v1":0.005},"geometry":{"type":"Polygon","coordinates":[[[-110.8123,49.8829],[-110.7974,49.888],[-110.7876,49.8848],[-110.7827,49.8733],[-110.7877,49.8665],[-110.8026,49.8645],[-110.8124,49.8677],[-110.8173,49.8762],[-110.8123,49.8829]]]}},{"type":"Feature","properties":{"c":"#00ff00","v0":0.003,"v1":0.005},"geometry":{"type":"Polygon","coordinates":[[[-101.0014,49.8724],[-100.9938,49.8822],[-100.9841,49.8854],[-100.9722,49.8821],[-100.9672,49.8754],[-100.9691,49.8653],[-100.9788,49.862],[-100.9964,49.8657],[-101.0014,49.8724]]]}},{"type":"Feature","properties":{"c":"#00ff00","v0":0.003,"v1":0.005},"geometry":{"type":"Polygon","coordinates":[[[-92.8002,49.8724],[-92.7934,49.8821],[-92.78,49.8884],[-92.76,49.8912],[-92.7277,49.8832],[-92.683,49.8641],[-92.6575,49.8482],[-92.6514,49.8353],[-92.6637,49.8244],[-92.6946,49.8154],[-92.7334,49.8251],[-92.7802,49.8534],[-92.8002,49.8724]]]}},{"type":"Feature","properties":{"c":"#00ff00","v0":0.003,"v1":0.005},"geometry":{"type":"Polygon","coordinates":[[[-92.8698,49.8684],[-92.8566,49.8702],[-92.8499,49.8669],[-92.8498,49.8587],[-92.8564,49.8579],[-92.8698,49.8643],[-92.8698,49.8684]]]}},{"type":"Feature","properties":{"c":"#00ff00","v0":0.003,"v1":0.005},"geometry":{"type":"Polygon","coordinates":[[[-123.8424,49.7451],[-123.8341,49.7583],[-123.825,49.7642],[-123.815,49.7629],[-123.7936,49.7498],[-123.7609,49.725],[-123.7609,49.7104],[-123.7936,49.7062],[-123.8191,49.7126],[-123.8374,49.7298],[-123.8424,49.7451]]]}},{"type":"Feature","properties":{"c":"#00ff00","v0":0.003,"v1":0.005},"geometry":{"type":"Polygon","coordinates":[[[-110.2297,49.6665],[-110.2166,49.6778],[-110.2005,49.6778],[-110.1815,49.6665],[-110.1815,49.6557],[-110.2005,49.6456],[-110.2166,49.6456],[-110.2297,49.6557],[-110.2297,49.6665]]]}},{"type":"Feature","properties":{"c":"#00ff00","v0":0.003,"v1":0.005},"geometry":{"type":"Polygon","coordinates":[[[-124.0482,49.3621],[-124.0321,49.3882],[-123.994,49.4207],[-123.9336,49.4597],[-123.9161,49.5019],[-123.9415,49.5474],[-123.9381,49.5822],[-123.906,49.6063],[-123.8784,49.616],[-123.8553,49.6113],[-123.8412,49.5928],[-123.8361,49.5604],[-123.8277,49.5391],[-123.8159,49.529],[-123.795,49.5282],[-123.765,49.5366],[-123.725,49.5392],[-123.675,49.5361],[-123.6201,49.5174],[-123.5603,49.4833],[-123.5318,49.4597],[-123.5344,49.4467],[-123.5443,49.4368],[-123.5614,49.4301],[-123.605,49.4392],[-123.675,49.4643],[-123.755,49.4756],[-123.845,49.4731],[-123.8902,49.4607],[-123.8906,49.4384],[-123.9106,49.4069],[-123.9502,49.3662],[-123.98,49.3416],[-124.0,49.3331],[-124.0215,49.3339],[-124.0446,49.344],[-124.0482,49.3621]],[[-124.0278,49.361],[-124.0159,49.3848],[-123.995,49.4002],[-123.965,49.407],[-123.9592,49.3951],[-123.9775,49.3644],[-123.9985,49.3491],[-124.022,49.3491],[-124.0278,49.361]]]}},{"type":"Feature","properties":{"c":"#00ff00","v0":0.003,"v1":0.005},"geometry":{"type":"Polygon","coordinates":[[[-122.6176,49.4337],[-122.6081,49.4467],[-122.595,49.4544],[-122.5783,49.4569],[-122.575,49.4475],[-122.585,49.4262],[-122.5981,49.4185],[-122.6143,49.4243],[-122.6176,49.4337]]]}},{"type":"Feature","properties":{"c":"#00ff00","v0":0.003,"v1":0.005},"geometry":{"type":"Polygon","coordinates":[[[-122.9579,49.3851],[-122.9393,49.405],[-122.915,49.4153],[-122.885,49.416],[-122.86,49.4216],[-122.84,49.4322],[-122.8208,49.4349],[-122.8023,49.4298],[-122.7891,49.4109],[-122.7813,49.3784],[-122.7855,49.3557],[-122.8018,49.3428],[-122.825,49.3408],[-122.855,49.3497],[-122.89,49.3519],[-122.93,49.3472],[-122.9543,49.3525],[-122.9629,49.3676],[-122.9579,49.3851]]]}},{"type":"Feature","properties":{"c":"#00ff00","v0":0.003,"v1":0.005},"geometry":{"type":"Polygon","coordinates":[[[-121.6315,49.4081],[-121.6172,49.4221],[-121.5962,49.4221],[-121.5687,49.4081],[-121.5637,49.3957],[-121.5812,49.3847],[-121.6022,49.3847],[-121.6265,49.3957],[-121.6315,49.4081]],[[-121.6151,49.4059],[-121.5984,49.4152],[-121.5855,49.4152],[-121.5764,49.4059],[-121.5764,49.398],[-121.5855,49.3917],[-121.5984,49.3917],[-121.6151,49.398],[-121.6151,49.4059]]]}},{"type":"Feature","properties":{"c":"#00ff00","v0":0.003,"v1":0.005},"geometry":{"type":"Polygon","coordinates":[[[-123.1656,49.4062],[-123.1552,49.4164],[-123.1408,49.4131],[-123.1223,49.3965],[-123.1223,49.3843],[-123.1408,49.3766],[-123.1552,49.3798],[-123.1656,49.3941],[-123.1656,49.4062]]]}},{"type":"Feature","properties":{"c":"#00ff00","v0":0.003,"v1":0.005},"geometry":{"type":"Polygon","coordinates":[[[-123.0918,49.4073],[-123.0639,49.4197],[-123.0376,49.4164],[-123.0128,49.3976],[-123.0078,49.3832],[-123.0226,49.3734],[-123.04,49.3682],[-123.06,49.3678],[-123.0789,49.376],[-123.0968,49.3928],[-123.0918,49.4073]]]}},{"type":"Feature","properties":{"c":"#00ff00","v0":0.003,"v1":0.005},"geometry":{"type":"Polygon","coordinates":[[[-122.7146,49.3584],[-122.6982,49.3771],[-122.6757,49.3869],[-122.647,49.3877],[-122.6325,49.3816],[-122.6322,49.3686],[-122.6415,49.3555],[-122.6605,49.3423],[-122.68,49.3347],[-122.7,49.3326],[-122.7132,49.336],[-122.7196,49.3447],[-122.7146,49.3584]],[[-122.6904,49.3659],[-122.6768,49.3735],[-122.6663,49.3735],[-122.6589,49.3659],[-122.6639,49.359],[-122.6813,49.3529],[-122.6918,49.3529],[-122.6954,49.359],[-122.6904,49.3659]]]}},{"type":"Feature","properties":{"c":"#00ff00","v0":0.003,"v1":0.005},"geometry":{"type":"Polygon","coordinates":[[[-122.1271,49.3909],[-122.1157,49.3962],[-122.1045,49.3962],[-122.0935,49.3909],[-122.0992,49.3882],[-122.1216,49.3882],[-122.1271,49.3909]]]}},{"type":"Feature","properties":{"c":"#00ff00","v0":0.003,"v1":0.005},"geometry":{"type":"Polygon","coordinates":[[[-122.558,49.3538],[-122.5527,49.3631],[-122.535,49.37],[-122.505,49.3745],[-122.481,49.3666],[-122.4629,49.3462],[-122.4729,49.3266],[-122.511,49.3076],[-122.5377,49.3109],[-122.553,49.3363],[-122.558,49.3538]],[[-122.5284,49.3523],[-122.5161,49.3586],[-122.5056,49.3554],[-122.4969,49.3425],[-122.4969,49.3334],[-122.5056,49.3281],[-122.5161,49.3314],[-122.5284,49.3432],[-122.5284,49.3523]]]}},{"type":"Feature","properties":{"c":"#00ff00","v0":0.003,"v1":0.005},"geometry":{"type":"Polygon","coordinates":[[[-81.823,49.2976],[-81.7877,49.3251],[-81.76,49.3398],[-81.74,49.3416],[-81.7188,49.3376],[-81.6963,49.3279],[-81.6963,49.3026],[-81.7188,49.2619],[-81.75,49.2411],[-81.79,49.2403],[-81.8177,49.2509],[-81.833,49.2729],[-81.823,49.2976]],[[-81.8096,49.2954],[-81.7832,49.3183],[-81.7526,49.328],[-81.7179,49.3247],[-81.7005,49.3165],[-81.7003,49.3035],[-81.7126,49.2853],[-81.7375,49.262],[-81.765,49.2518],[-81.795,49.2546],[-81.8132,49.263],[-81.8196,49.2769],[-81.8096,49.2954]]]}},{"type":"Feature","properties":{"c":"#00ff00","v0":0.003,"v1":0.005},"geometry":{"type":"Polygon","coordinates":[[[-82.3608,49.2756],[-82.3536,49.2851],[-82.335,49.2911],[-82.305,49.2936],[-82.285,49.2989],[-82.275,49.3069],[-82.2614,49.3074],[-82.2443,49.3004],[-82.2443,49.2798],[-82.2614,49.2454],[-82.2936,49.2389],[-82.3408,49.2602],[-82.3608,49.2756]]]}},{"type":"Feature","properties":{"c":"#00ff00","v0":0.003,"v1":0.005},"geometry":{"type":"Polygon","coordinates":[[[-121.8725,49.2761],[-121.8575,49.2865],[-121.8399,49.2865],[-121.8196,49.2761],[-121.8196,49.2642],[-121.8399,49.2511],[-121.8575,49.2511],[-121.8725,49.2642],[-121.8725,49.2761]],[[-121.8524,49.2708],[-121.8342,49.2708],[-121.8313,49.2669],[-121.8438,49.2591],[-121.8529,49.2591],[-121.8587,49.2669],[-121.8524,49.2708]]]}},{"type":"Feature","properties":{"c":"#00ff00","v0":0.003,"v1":0.005},"geometry":{"type":"Polygon","coordinates":[[[-82.4584,49.2359],[-82.4528,49.2444],[-82.4466,49.2444],[-82.4398,49.2359],[-82.4398,49.2281],[-82.4466,49.221],[-82.4528,49.221],[-82.4584,49.2281],[-82.4584,49.2359]]]}},{"type":"Feature","properties":{"c":"#00ff00","v0":0.003,"v1":0.005},"geometry":{"type":"Polygon","coordinates":[[[-121.6448,49.1957],[-121.6339,49.2023],[-121.6276,49.199],[-121.6257,49.1859],[-121.6312,49.1827],[-121.6439,49.1892],[-121.6448,49.1957]]]}},{"type":"Feature","properties":{"c":"#00ff00","v0":0.003,"v1":0.005},"geometry":{"type":"Polygon","coordinates":[[[-121.812,49.1437],[-121.784,49.177],[-121.7514,49.1933],[-121.7141,49.1928],[-121.6953,49.1794],[-121.6948,49.1532],[-121.7012,49.1336],[-121.7145,49.1205],[-121.7383,49.1112],[-121.7728,49.1058],[-121.799,49.109],[-121.817,49.1211],[-121.812,49.1437]],[[-121.8007,49.1418],[-121.7802,49.1713],[-121.755,49.1863],[-121.725,49.1868],[-121.7078,49.1786],[-121.7035,49.1617],[-121.7085,49.145],[-121.7228,49.1286],[-121.74,49.1181],[-121.76,49.1133],[-121.7802,49.115],[-121.8007,49.123],[-121.8007,49.1418]]]}},{"type":"Feature","properties":{"c":"#00ff00","v0":0.003,"v1":0.005},"geometry":{"type":"Polygon","coordinates":[[[-123.6551,49.161],[-123.6384,49.1764],[-123.6121,49.1797],[-123.5764,49.1708],[-123.5714,49.1585],[-123.5971,49.1429],[-123.6234,49.1396],[-123.6501,49.1487],[-123.6551,49.161]],[[-123.6379,49.1574],[-123.6326,49.1658],[-123.6238,49.169],[-123.6113,49.1672],[-123.6063,49.1625],[-123.6088,49.1547],[-123.6176,49.1515],[-123.6329,49.1526],[-123.6379,49.1574]]]}},{"type":"Feature","properties":{"c":"#00ff00","v0":0.003,"v1":0.005},"geometry":{"type":"Polygon","coordinates":[[[-122.6138,49.1042],[-122.5872,49.1369],[-122.5629,49.1558],[-122.541,49.1609],[-122.5172,49.138],[-122.4916,49.0871],[-122.4666,49.0548],[-122.4422,49.0414],[-122.41,49.0317],[-122.37,49.0259],[-122.34,49.0417],[-122.32,49.0793],[-122.295,49.0952],[-122.265,49.0894],[-122.22,49.097],[-122.16,49.1181],[-122.115,49.1187],[-122.085,49.0987],[-122.0531,49.0885],[-122.0192,49.088],[-121.9992,49.0762],[-121.9931,49.0531],[-121.9744,49.0399],[-121.9433,49.0369],[-121.9483,49.0191],[-121.9894,48.9865],[-122.03,48.9783],[-122.07,48.9943],[-122.115,48.9988],[-122.165,48.9917],[-122.23,48.9925],[-122.31,49.0013],[-122.385,48.9943],[-122.455,48.9715],[-122.4989,48.9658],[-122.5167,48.9772],[-122.5343,48.9993],[-122.5518,49.0321],[-122.5739,49.0518],[-122.6007,49.0583],[-122.6173,49.0681],[-122.6239,49.0812],[-122.6138,49.1042]],[[-122.2312,49.0558],[-122.2171,49.0704],[-122.1991,49.0769],[-122.1773,49.0754],[-122.1669,49.0616],[-122.1677,49.0354],[-122.1736,49.0193],[-122.1845,49.0134],[-122.2021,49.0199],[-122.2262,49.039],[-122.2312,49.0558]],[[-122.0449,49.0016],[-122.035,49.0127],[-122.0168,49.016],[-121.9903,49.0114],[-121.9853,49.0017],[-122.0018,48.9868],[-122.02,48.9835],[-122.0399,48.9918],[-122.0449,49.0016]]]}},{"type":"Feature","properties":{"c":"#00ff00","v0":0.003,"v1":0.005},"geometry":{"type":"Polygon","coordinates":[[[-122.339,49.1367],[-122.3197,49.156],[-122.306,49.1592],[-122.298,49.1465],[-122.298,49.1317],[-122.306,49.1146],[-122.315,49.1055],[-122.325,49.1041],[-122.3347,49.1093],[-122.344,49.1212],[-122.339,49.1367]]]}},{"type":"Feature","properties":{"c":"#00ff00","v0":0.003,"v1":0.005},"geometry":{"type":"Polygon","coordinates":[[[-123.3994,49.0977],[-123.3798,49.1175],[-123.3474,49.1241],[-123.3021,49.1173],[-123.3021,49.1004],[-123.3474,49.0731],[-123.3777,49.06],[-123.3931,49.0611],[-123.4029,49.0681],[-123.4071,49.0812],[-123.3994,49.0977]],[[-123.3874,49.0926],[-123.3758,49.1022],[-123.3642,49.1054],[-123.3527,49.1024],[-123.3527,49.0938],[-123.3642,49.0796],[-123.3758,49.0763],[-123.3874,49.084],[-123.3874,49.0926]]]}},{"type":"Feature","properties":{"c":"#00ff00","v0":0.003,"v1":0.005},"geometry":{"type":"Polygon","coordinates":[[[-123.0219,48.8973],[-123.0006,48.9099],[-122.9812,48.9099],[-122.9636,48.8973],[-122.9636,48.8845],[-122.9812,48.8718],[-123.0006,48.8718],[-123.0219,48.8845],[-123.0219,48.8973]],[[-123.0113,48.895],[-122.9971,48.9031],[-122.9848,48.9031],[-122.9743,48.895],[-122.9743,48.8868],[-122.9848,48.8786],[-122.9971,48.8786],[-123.0113,48.8868],[-123.0113,48.895]]]}},{"type":"Feature","properties":{"c":"#00ff00","v0":0.003,"v1":0.005},"geometry":{"type":"Polygon","coordinates":[[[-122.7071,48.7359],[-122.6957,48.7419],[-122.686,48.7419],[-122.6779,48.7359],[-122.6779,48.7292],[-122.686,48.722],[-122.6957,48.722],[-122.7071,48.7292],[-122.7071,48.7359]]]}},{"type":"Feature","properties":{"c":"#00ff00","v0":0.003,"v1":0.005},"geometry":{"type":"Polygon","coordinates":[[[-122.0827,48.6593],[-122.0742,48.6705],[-122.06,48.6766],[-122.04,48.6777],[-122.025,48.6622],[-122.015,48.6302],[-122.02,48.6139],[-122.04,48.6132],[-122.0592,48.6231],[-122.0777,48.6435],[-122.0827,48.6593]]]}},{"type":"Feature","properties":{"c":"#00ff00","v0":0.003,"v1":0.005},"geometry":{"type":"Polygon","coordinates":[[[-115.9879,48.6444],[-115.976,48.6523],[-115.9668,48.6523],[-115.9603,48.6444],[-115.9662,48.6404],[-115.9847,48.6404],[-115.9879,48.6444]]]}},{"type":"Feature","properties":{"c":"#00ff00","v0":0.003,"v1":0.005},"geometry":{"type":"Polygon","coordinates":[[[-89.1917,48.5911],[-89.1906,48.5984],[-89.18,48.5992],[-89.16,48.5937],[-89.135,48.6035],[-89.105,48.6287],[-89.075,48.6442],[-89.045,48.6501],[-89.0148,48.6367],[-88.9844,48.6039],[-88.9944,48.5787],[-89.0448,48.561],[-89.1006,48.561],[-89.1617,48.5787],[-89.1917,48.5911]]]}},{"type":"Feature","properties":{"c":"#00ff00","v0":0.003,"v1":0.005},"geometry":{"type":"Polygon","coordinates":[[[-72.426,48.5799],[-72.4153,48.5912],[-72.4027,48.5945],[-72.3881,48.5898],[-72.3831,48.5826],[-72.3877,48.5727],[-72.4003,48.5694],[-72.421,48.5727],[-72.426,48.5799]]]}},{"type":"Feature","properties":{"c":"#00ff00","v0":0.003,"v1":0.005},"geometry":{"type":"Polygon","coordinates":[[[-67.8292,48.4085],[-67.8164,48.4216],[-67.795,48.4268],[-67.765,48.4243],[-67.7487,48.4144],[-67.746,48.3973],[-67.756,48.3825],[-67.7787,48.3702],[-67.8014,48.3735],[-67.8242,48.3925],[-67.8292,48.4085]],[[-67.8105,48.405],[-67.7968,48.4112],[-67.7828,48.4079],[-67.7685,48.3951],[-67.7685,48.385],[-67.7828,48.3775],[-67.7968,48.3808],[-67.8105,48.3949],[-67.8105,48.405]]]}},{"type":"Feature","properties":{"c":"#00ff00","v0":0.003,"v1":0.005},"geometry":{"type":"Polygon","coordinates":[[[-106.9274,48.3647],[-106.9158,48.3699],[-106.9074,48.3699],[-106.9022,48.3647],[-106.9022,48.3591],[-106.9074,48.3532],[-106.9158,48.3532],[-106.9274,48.3591],[-106.9274,48.3647]]]}},{"type":"Feature","properties":{"c":"#00ff00","v0":0.003,"v1":0.005},"geometry":{"type":"Polygon","coordinates":[[[-117.6446,48.3408],[-117.6349,48.3514],[-117.6226,48.3547],[-117.6077,48.3508],[-117.6027,48.3417],[-117.6076,48.3273],[-117.615,48.3189],[-117.625,48.3164],[-117.6349,48.3202],[-117.6446,48.3304],[-117.6446,48.3408]]]}},{"type":"Feature","properties":{"c":"#00ff00","v0":0.003,"v1":0.005},"geometry":{"type":"Polygon","coordinates":[[[-101.8024,48.3263],[-101.7941,48.3345],[-101.7812,48.3378],[-101.7636,48.3363],[-101.7531,48.3255],[-101.7496,48.3056],[-101.7584,48.2948],[-101.7795,48.2932],[-101.7941,48.2999],[-101.8024,48.3148],[-101.8024,48.3263]]]}},{"type":"Feature","properties":{"c":"#00ff00","v0":0.003,"v1":0.005},"geometry":{"type":"Polygon","coordinates":[[[-101.6127,48.2747],[-101.5976,48.286],[-101.5806,48.2894],[-101.5618,48.2847],[-101.5474,48.2757],[-101.5375,48.2623],[-101.5352,48.249],[-101.5406,48.2357],[-101.5549,48.2296],[-101.5783,48.2308],[-101.5976,48.2408],[-101.6127,48.2596],[-101.6127,48.2747]],[[-101.5883,48.269],[-101.5674,48.269],[-101.556,48.2623],[-101.554,48.249],[-101.5599,48.2424],[-101.5737,48.2424],[-101.5852,48.249],[-101.5943,48.2623],[-101.5883,48.269]]]}},{"type":"Feature","properties":{"c":"#00ff00","v0":0.003,"v1":0.005},"geometry":{"type":"Polygon","coordinates":[[[-101.124,48.2462],[-101.0613,48.2539],[-101.0247,48.2539],[-101.014,48.2462],[-101.014,48.2378],[-101.0247,48.2287],[-101.055,48.2243],[-101.105,48.2245],[-101.1363,48.2291],[-101.149,48.2379],[-101.124,48.2462]]]}},{"type":"Feature","properties":{"c":"#00ff00","v0":0.003,"v1":0.005},"geometry":{"type":"Polygon","coordinates":[[[-117.9826,48.1262],[-117.9742,48.134],[-117.966,48.1307],[-117.9579,48.1162],[-117.9579,48.1076],[-117.966,48.105],[-117.9742,48.1083],[-117.9826,48.1177],[-117.9826,48.1262]]]}},{"type":"Feature","properties":{"c":"#00ff00","v0":0.003,"v1":0.005},"geometry":{"type":"Polygon","coordinates":[[[-117.7151,48.0309],[-117.6984,48.0351],[-117.6881,48.0317],[-117.6844,48.0208],[-117.6894,48.0145],[-117.7031,48.0128],[-117.7134,48.0162],[-117.7201,48.0246],[-117.7151,48.0309]]]}},{"type":"Feature","properties":{"c":"#00ff00","v0":0.003,"v1":0.005},"geometry":{"type":"Polygon","coordinates":[[[-101.2959,47.982],[-101.292,47.9955],[-101.28,48.0043],[-101.26,48.0086],[-101.2529,47.9985],[-101.2586,47.9741],[-101.2686,47.9615],[-101.2829,47.9606],[-101.292,47.964],[-101.2959,47.9715],[-101.2959,47.982]]]}},{"type":"Feature","properties":{"c":"#00ff00","v0":0.003,"v1":0.005},"geometry":{"type":"Polygon","coordinates":[[[-71.082,47.9778],[-71.074,47.983],[-71.0619,47.983],[-71.0458,47.9778],[-71.0358,47.9613],[-71.0319,47.9335],[-71.0364,47.9201],[-71.0491,47.9211],[-71.0631,47.9351],[-71.0783,47.9619],[-71.082,47.9778]]]}},{"type":"Feature","properties":{"c":"#00ff00","v0":0.003,"v1":0.005},"geometry":{"type":"Polygon","coordinates":[[[-85.7798,47.9262],[-85.7599,47.9353],[-85.741,47.9319],[-85.7229,47.9161],[-85.7229,47.9043],[-85.741,47.8964],[-85.7599,47.8998],[-85.7798,47.9144],[-85.7798,47.9262]]]}},{"type":"Feature","properties":{"c":"#00ff00","v0":0.003,"v1":0.005},"geometry":{"type":"Polygon","coordinates":[[[-100.9382,47.871],[-100.9327,47.8768],[-100.915,47.8786],[-100.885,47.8763],[-100.8669,47.8666],[-100.8607,47.8497],[-100.8707,47.8388],[-100.8969,47.8339],[-100.9177,47.8406],[-100.9332,47.8589],[-100.9382,47.871]]]}},{"type":"Feature","properties":{"c":"#00ff00","v0":0.003,"v1":0.005},"geometry":{"type":"Polygon","coordinates":[[[-118.4516,47.8178],[-118.4372,47.8248],[-118.427,47.8248],[-118.4209,47.8178],[-118.4209,47.8112],[-118.427,47.805],[-118.4372,47.805],[-118.4516,47.8112],[-118.4516,47.8178]]]}},{"type":"Feature","properties":{"c":"#00ff00","v0":0.003,"v1":0.005},"geometry":{"type":"Polygon","coordinates":[[[-101.3314,47.7706],[-101.3301,47.7908],[-101.3196,47.807],[-101.2999,47.8192],[-101.283,47.8192],[-101.2691,47.807],[-101.2641,47.7884],[-101.268,47.7633],[-101.28,47.7477],[-101.3,47.7414],[-101.3155,47.7439],[-101.3266,47.755],[-101.3314,47.7706]]]}},{"type":"Feature","properties":{"c":"#00ff00","v0":0.003,"v1":0.005},"geometry":{"type":"Polygon","coordinates":[[[-100.9426,47.7243],[-100.9342,47.7325],[-100.9216,47.7359],[-100.9047,47.7344],[-100.8997,47.7266],[-100.9066,47.7123],[-100.915,47.7042],[-100.925,47.7021],[-100.9342,47.7058],[-100.9426,47.7154],[-100.9426,47.7243]]]}},{"type":"Feature","properties":{"c":"#00ff00","v0":0.003,"v1":0.005},"geometry":{"type":"Polygon","coordinates":[[[-101.1991,47.5898],[-101.193,47.5984],[-101.1852,47.5984],[-101.1757,47.5898],[-101.1788,47.5855],[-101.1944,47.5855],[-101.1991,47.5898]]]}},{"type":"Feature","properties":{"c":"#00ff00","v0":0.003,"v1":0.005},"geometry":{"type":"Polygon","coordinates":[[[-84.8759,47.5748],[-84.8586,47.5803],[-84.8464,47.577],[-84.8393,47.5646],[-84.8443,47.5576],[-84.8614,47.5557],[-84.8736,47.5591],[-84.8809,47.5677],[-84.8759,47.5748]]]}},{"type":"Feature","properties":{"c":"#00ff00","v0":0.003,"v1":0.005},"geometry":{"type":"Polygon","coordinates":[[[-110.1773,47.457],[-110.1324,47.4433],[-110.106,47.4331],[-110.0979,47.4266],[-110.0979,47.4169],[-110.106,47.4041],[-110.125,47.3996],[-110.155,47.4036],[-110.1774,47.4202],[-110.1923,47.4494],[-110.1773,47.457]]]}},{"type":"Feature","properties":{"c":"#00ff00","v0":0.003,"v1":0.005},"geometry":{"type":"Polygon","coordinates":[[[-110.2236,47.3692],[-110.1913,47.3692],[-110.1839,47.3634],[-110.2013,47.352],[-110.2174,47.352],[-110.2323,47.3634],[-110.2236,47.3692]]]}},{"type":"Feature","properties":{"c":"#00ff00","v0":0.003,"v1":0.005},"geometry":{"type":"Polygon","coordinates":[[[-110.2112,47.3039],[-110.1971,47.3089],[-110.1874,47.3055],[-110.1823,47.2937],[-110.1873,47.2873],[-110.2024,47.2861],[-110.2121,47.2895],[-110.2162,47.2974],[-110.2112,47.3039]]]}},{"type":"Feature","properties":{"c":"#00ff00","v0":0.003,"v1":0.005},"geometry":{"type":"Polygon","coordinates":[[[-84.6608,47.0296],[-84.6269,47.0572],[-84.595,47.0715],[-84.565,47.0725],[-84.5439,47.0791],[-84.5316,47.0914],[-84.5266,47.1097],[-84.5289,47.1339],[-84.5586,47.1645],[-84.6159,47.2015],[-84.639,47.2335],[-84.6279,47.2607],[-84.6093,47.2809],[-84.5831,47.2942],[-84.5393,47.2975],[-84.4779,47.2911],[-84.4418,47.2675],[-84.431,47.2267],[-84.4288,47.1962],[-84.4353,47.1758],[-84.4164,47.1565],[-84.3721,47.1383],[-84.3496,47.1213],[-84.3487,47.1055],[-84.3937,47.0823],[-84.4846,47.0517],[-84.545,47.0271],[-84.575,47.0084],[-84.6,46.9982],[-84.62,46.9963],[-84.6419,47.0005],[-84.6658,47.0107],[-84.6608,47.0296]],[[-84.6079,47.2429],[-84.596,47.2615],[-84.5743,47.2683],[-84.5428,47.2632],[-84.5328,47.2452],[-84.5443,47.2143],[-84.566,47.2076],[-84.5979,47.2249],[-84.6079,47.2429]],[[-84.4298,47.1169],[-84.4033,47.1283],[-84.3817,47.1283],[-84.3652,47.1169],[-84.3652,47.1056],[-84.3817,47.0945],[-84.4033,47.0945],[-84.4298,47.1056],[-84.4298,47.1169]]]}},{"type":"Feature","properties":{"c":"#00ff00","v0":0.003,"v1":0.005},"geometry":{"type":"Polygon","coordinates":[[[-110.5342,47.0489],[-110.5181,47.0607],[-110.4976,47.0607],[-110.4729,47.0489],[-110.4629,47.0388],[-110.4676,47.0302],[-110.48,47.0252],[-110.5,47.0238],[-110.5181,47.0281],[-110.5342,47.0381],[-110.5342,47.0489]]]}},{"type":"Feature","properties":{"c":"#00ff00","v0":0.003,"v1":0.005},"geometry":{"type":"Polygon","coordinates":[[[-101.2162,46.9649],[-101.2121,46.9723],[-101.204,46.9723],[-101.1919,46.9649],[-101.1939,46.9612],[-101.2101,46.9612],[-101.2162,46.9649]]]}},{"type":"Feature","properties":{"c":"#00ff00","v0":0.003,"v1":0.005},"geometry":{"type":"Polygon","coordinates":[[[-112.0685,46.951],[-112.053,46.9578],[-112.0464,46.9556],[-112.0488,46.9443],[-112.0551,46.9375],[-112.0652,46.9351],[-112.0718,46.9373],[-112.0747,46.9441],[-112.0685,46.951]]]}},{"type":"Feature","properties":{"c":"#00ff00","v0":0.003,"v1":0.005},"geometry":{"type":"Polygon","coordinates":[[[-100.9325,46.8343],[-100.9175,46.8539],[-100.9,46.863],[-100.88,46.8617],[-100.8628,46.8553],[-100.8485,46.8439],[-100.8535,46.8309],[-100.8778,46.8164],[-100.9025,46.8129],[-100.9275,46.8207],[-100.9325,46.8343]]]}},{"type":"Feature","properties":{"c":"#00ff00","v0":0.003,"v1":0.005},"geometry":{"type":"Polygon","coordinates":[[[-92.246,46.8553],[-92.2353,46.862],[-92.2065,46.8586],[-92.1596,46.845],[-92.1328,46.828],[-92.1262,46.8074],[-92.1276,46.7903],[-92.1369,46.7766],[-92.1536,46.767],[-92.1779,46.7614],[-92.2015,46.7614],[-92.2244,46.767],[-92.2398,46.7903],[-92.2474,46.8314],[-92.246,46.8553]]]}},{"type":"Feature","properties":{"c":"#00ff00","v0":0.003,"v1":0.005},"geometry":{"type":"Polygon","coordinates":[[[-92.0774,46.804],[-92.0692,46.8177],[-92.0563,46.8263],[-92.0388,46.8298],[-92.015,46.8286],[-91.985,46.8226],[-91.9665,46.814],[-91.9594,46.8028],[-91.9744,46.7891],[-92.0115,46.7729],[-92.0429,46.7729],[-92.0687,46.7891],[-92.0774,46.804]]]}},{"type":"Feature","properties":{"c":"#00ff00","v0":0.003,"v1":0.005},"geometry":{"type":"Polygon","coordinates":[[[-122.6285,46.6379],[-122.6162,46.6485],[-122.6,46.6539],[-122.58,46.6539],[-122.5433,46.6418],[-122.49,46.6173],[-122.47,46.6018],[-122.4833,46.5951],[-122.505,46.5995],[-122.535,46.615],[-122.5712,46.6252],[-122.6135,46.6301],[-122.6285,46.6379]]]}},{"type":"Feature","properties":{"c":"#00ff00","v0":0.003,"v1":0.005},"geometry":{"type":"Polygon","coordinates":[[[-110.1602,46.5031],[-110.1267,46.5193],[-110.0919,46.5124],[-110.0558,46.4825],[-110.0458,46.4625],[-110.0619,46.4525],[-110.085,46.4477],[-110.115,46.4479],[-110.1394,46.4529],[-110.1583,46.4626],[-110.1701,46.4744],[-110.1747,46.4882],[-110.1602,46.5031]],[[-110.1402,46.4843],[-110.1334,46.4904],[-110.1245,46.4904],[-110.1134,46.4843],[-110.1134,46.4783],[-110.1245,46.4722],[-110.1334,46.4722],[-110.1402,46.4783],[-110.1402,46.4843]]]}},{"type":"Feature","properties":{"c":"#00ff00","v0":0.003,"v1":0.005},"geometry":{"type":"Polygon","coordinates":[[[-123.1611,46.4307],[-123.1537,46.4396],[-123.1416,46.4431],[-123.1247,46.441],[-123.1097,46.4268],[-123.0966,46.4005],[-123.1087,46.3971],[-123.1461,46.4165],[-123.1611,46.4307]]]}},{"type":"Feature","properties":{"c":"#00ff00","v0":0.003,"v1":0.005},"geometry":{"type":"Polygon","coordinates":[[[-122.3863,46.4182],[-122.3754,46.4299],[-122.35,46.4397],[-122.31,46.4477],[-122.2813,46.4453],[-122.264,46.4326],[-122.279,46.4152],[-122.3263,46.3933],[-122.3604,46.3899],[-122.3813,46.4049],[-122.3863,46.4182]]]}},{"type":"Feature","properties":{"c":"#00ff00","v0":0.003,"v1":0.005},"geometry":{"type":"Polygon","coordinates":[[[-110.0558,46.389],[-110.0386,46.3974],[-110.0199,46.394],[-109.9998,46.3787],[-110.0084,46.3744],[-110.0457,46.3813],[-110.0558,46.389]]]}},{"type":"Feature","properties":{"c":"#00ff00","v0":0.003,"v1":0.005},"geometry":{"type":"Polygon","coordinates":[[[-122.3743,46.3581],[-122.3581,46.36],[-122.3499,46.3565],[-122.3498,46.3478],[-122.3579,46.3468],[-122.3742,46.3537],[-122.3743,46.3581]]]}},{"type":"Feature","properties":{"c":"#00ff00","v0":0.003,"v1":0.005},"geometry":{"type":"Polygon","coordinates":[[[-122.2109,46.2783],[-122.197,46.2864],[-122.1847,46.2864],[-122.174,46.2783],[-122.181,46.2743],[-122.2055,46.2743],[-122.2109,46.2783]]]}},{"type":"Feature","properties":{"c":"#00ff00","v0":0.003,"v1":0.005},"geometry":{"type":"Polygon","coordinates":[[[-123.1326,46.2086],[-123.1291,46.2432],[-123.118,46.2616],[-123.0993,46.264],[-123.0849,46.2467],[-123.0748,46.2098],[-123.0443,46.1567],[-122.9935,46.0873],[-122.9688,46.0353],[-122.9703,46.0006],[-122.9858,45.973],[-123.0153,45.9525],[-123.04,45.9482],[-123.06,45.96],[-123.078,45.9807],[-123.094,46.0102],[-123.0922,46.0388],[-123.0726,46.0665],[-123.0677,46.0978],[-123.0776,46.1324],[-123.0955,46.1601],[-123.1214,46.1809],[-123.1326,46.2086]]]}},{"type":"Feature","properties":{"c":"#00ff00","v0":0.003,"v1":0.005},"geometry":{"type":"Polygon","coordinates":[[[-122.3802,46.211],[-122.3734,46.2227],[-122.36,46.2293],[-122.34,46.2308],[-122.3131,46.2215],[-122.2792,46.2014],[-122.2792,46.1849],[-122.3131,46.1721],[-122.3434,46.1756],[-122.3702,46.1953],[-122.3802,46.211]]]}},{"type":"Feature","properties":{"c":"#00ff00","v0":0.003,"v1":0.005},"geometry":{"type":"Polygon","coordinates":[[[-65.7046,46.2224],[-65.6888,46.2294],[-65.6831,46.2277],[-65.6877,46.2176],[-65.6956,46.2141],[-65.7068,46.2174],[-65.7046,46.2224]]]}},{"type":"Feature","properties":{"c":"#00ff00","v0":0.003,"v1":0.005},"geometry":{"type":"Polygon","coordinates":[[[-122.1802,46.0978],[-122.1621,46.1324],[-122.1323,46.1596],[-122.0908,46.1794],[-122.0637,46.1725],[-122.0511,46.1388],[-122.0629,46.1151],[-122.0993,46.1012],[-122.1071,46.0908],[-122.0866,46.0839],[-122.075,46.0735],[-122.0724,46.0596],[-122.0858,46.0507],[-122.1153,46.0466],[-122.1448,46.0536],[-122.1745,46.0715],[-122.1802,46.0978]]]}},{"type":"Feature","properties":{"c":"#00ff00","v0":0.003,"v1":0.005},"geometry":{"type":"Polygon","coordinates":[[[-122.3341,46.1311],[-122.318,46.1493],[-122.295,46.1549],[-122.265,46.1478],[-122.2424,46.1352],[-122.2271,46.1172],[-122.2271,46.1032],[-122.2424,46.0934],[-122.265,46.0884],[-122.295,46.0881],[-122.318,46.0965],[-122.3341,46.1135],[-122.3341,46.1311]]]}},{"type":"Feature","properties":{"c":"#00ff00","v0":0.003,"v1":0.005},"geometry":{"type":"Polygon","coordinates":[[[-122.856,46.1149],[-122.8387,46.1284],[-122.82,46.1336],[-122.8,46.1303],[-122.7771,46.1167],[-122.7513,46.0925],[-122.7389,46.0735],[-122.74,46.0596],[-122.7479,46.0505],[-122.7626,46.0462],[-122.7937,46.0601],[-122.841,46.0921],[-122.856,46.1149]]]}},{"type":"Feature","properties":{"c":"#00ff00","v0":0.003,"v1":0.005},"geometry":{"type":"Polygon","coordinates":[[[-122.6566,46.0631],[-122.6228,46.0839],[-122.6048,46.0873],[-122.6027,46.0735],[-122.6087,46.0608],[-122.6229,46.0492],[-122.6409,46.0457],[-122.6626,46.0503],[-122.6566,46.0631]]]}},{"type":"Feature","properties":{"c":"#00ff00","v0":0.003,"v1":0.005},"geometry":{"type":"Polygon","coordinates":[[[-122.5599,46.0725],[-122.54,46.0843],[-122.51,46.0935],[-122.47,46.1001],[-122.438,46.0976],[-122.4141,46.0861],[-122.4041,46.0733],[-122.408,46.0589],[-122.425,46.0424],[-122.455,46.0236],[-122.495,46.0273],[-122.5449,46.0535],[-122.5599,46.0725]]]}},{"type":"Feature","properties":{"c":"#00ff00","v0":0.003,"v1":0.005},"geometry":{"type":"Polygon","coordinates":[[[-71.7142,46.0839],[-71.7083,46.0908],[-71.7025,46.0908],[-71.6969,46.0839],[-71.6999,46.0804],[-71.7115,46.0804],[-71.7142,46.0839]]]}},{"type":"Feature","properties":{"c":"#00ff00","v0":0.003,"v1":0.005},"geometry":{"type":"Polygon","coordinates":[[[-122.4796,45.9897],[-122.4732,46.0028],[-122.465,46.0084],[-122.455,46.0066],[-122.4415,45.9966],[-122.4246,45.9784],[-122.4246,45.9676],[-122.4415,45.9641],[-122.4582,45.9676],[-122.4746,45.978],[-122.4796,45.9897]]]}},{"type":"Feature","properties":{"c":"#00ff00","v0":0.003,"v1":0.005},"geometry":{"type":"Polygon","coordinates":[[[-73.9676,45.9485],[-73.9582,45.9624],[-73.9474,45.9693],[-73.935,45.9693],[-73.9291,45.96],[-73.9297,45.9413],[-73.935,45.9303],[-73.945,45.9269],[-73.9556,45.9293],[-73.9668,45.9374],[-73.9676,45.9485]]]}},{"type":"Feature","properties":{"c":"#00ff00","v0":0.003,"v1":0.005},"geometry":{"type":"Polygon","coordinates":[[[-122.6075,45.9364],[-122.5825,45.9541],[-122.5606,45.9576],[-122.5419,45.9469],[-122.5419,45.9334],[-122.5606,45.9171],[-122.5825,45.9137],[-122.6075,45.9229],[-122.6075,45.9364]]]}},{"type":"Feature","properties":{"c":"#00ff00","v0":0.003,"v1":0.005},"geometry":{"type":"Polygon","coordinates":[[[-123.1665,45.8301],[-123.1444,45.858],[-123.1176,45.872],[-123.0859,45.8721],[-123.055,45.8842],[-123.025,45.9083],[-123.0028,45.9187],[-122.9884,45.9153],[-122.9786,45.9032],[-122.9734,45.8824],[-122.9806,45.8574],[-123.0002,45.8284],[-123.025,45.8156],[-123.055,45.8191],[-123.09,45.8151],[-123.13,45.8037],[-123.1569,45.8026],[-123.1706,45.8116],[-123.1665,45.8301]]]}},{"type":"Feature","properties":{"c":"#00ff00","v0":0.003,"v1":0.005},"geometry":{"type":"Polygon","coordinates":[[[-80.5849,45.782],[-80.575,45.7975],[-80.545,45.81],[-80.495,45.8195],[-80.4466,45.8153],[-80.3998,45.7973],[-80.3798,45.7819],[-80.3866,45.7691],[-80.415,45.7552],[-80.465,45.7402],[-80.505,45.7335],[-80.535,45.7352],[-80.56,45.7456],[-80.5799,45.7648],[-80.5849,45.782]],[[-80.5334,45.7795],[-80.5178,45.7899],[-80.5022,45.7934],[-80.4866,45.79],[-80.486,45.7813],[-80.5003,45.7674],[-80.5159,45.7639],[-80.5328,45.7708],[-80.5334,45.7795]]]}},{"type":"Feature","properties":{"c":"#00ff00","v0":0.003,"v1":0.005},"geometry":{"type":"Polygon","coordinates":[[[-123.322,45.7923],[-123.314,45.8004],[-123.3058,45.8004],[-123.2975,45.7923],[-123.2975,45.785],[-123.3058,45.7785],[-123.314,45.7785],[-123.322,45.785],[-123.322,45.7923]]]}},{"type":"Feature","properties":{"c":"#00ff00","v0":0.003,"v1":0.005},"geometry":{"type":"Polygon","coordinates":[[[-122.9043,45.7241],[-122.8814,45.7354],[-122.8591,45.7354],[-122.8372,45.7241],[-122.8372,45.7141],[-122.8591,45.7053],[-122.8814,45.7053],[-122.9043,45.7141],[-122.9043,45.7241]]]}},{"type":"Feature","properties":{"c":"#00ff00","v0":0.003,"v1":0.005},"geometry":{"type":"Polygon","coordinates":[[[-80.6871,45.7343],[-80.6757,45.7379],[-80.6426,45.7309],[-80.5879,45.7133],[-80.5529,45.696],[-80.5376,45.6789],[-80.5707,45.6859],[-80.6521,45.717],[-80.6871,45.7343]]]}},{"type":"Feature","properties":{"c":"#00ff00","v0":0.003,"v1":0.005},"geometry":{"type":"Polygon","coordinates":[[[-80.4292,45.7134],[-80.3897,45.7311],[-80.36,45.7282],[-80.34,45.7046],[-80.32,45.6969],[-80.3,45.7049],[-80.2834,45.7043],[-80.2702,45.6952],[-80.2702,45.687],[-80.2834,45.68],[-80.315,45.6844],[-80.365,45.7004],[-80.4,45.7044],[-80.42,45.6965],[-80.4347,45.6956],[-80.4442,45.7015],[-80.4292,45.7134]]]}},{"type":"Feature","properties":{"c":"#00ff00","v0":0.003,"v1":0.005},"geometry":{"type":"Polygon","coordinates":[[[-73.9138,45.7234],[-73.8979,45.7331],[-73.87,45.735],[-73.83,45.7289],[-73.7994,45.717],[-73.7782,45.6994],[-73.7673,45.6836],[-73.7667,45.6696],[-73.7873,45.6599],[-73.8291,45.6545],[-73.8679,45.6685],[-73.9038,45.7018],[-73.9138,45.7234]],[[-73.8673,45.708],[-73.8424,45.7149],[-73.8237,45.7149],[-73.811,45.708],[-73.8045,45.6976],[-73.8042,45.6836],[-73.8155,45.6748],[-73.8385,45.6712],[-73.8574,45.6782],[-73.8723,45.6957],[-73.8673,45.708]]]}},{"type":"Feature","properties":{"c":"#00ff00","v0":0.003,"v1":0.005},"geometry":{"type":"Polygon","coordinates":[[[-123.0193,45.6207],[-123.0143,45.6766],[-122.9964,45.7034],[-122.9655,45.701],[-122.9449,45.6731],[-122.9346,45.6195],[-122.9392,45.5822],[-122.9589,45.5612],[-122.9588,45.5437],[-122.9391,45.5297],[-122.9294,45.5086],[-122.9298,45.4806],[-122.9498,45.4771],[-122.9895,45.4981],[-123.0048,45.5192],[-122.9959,45.5402],[-122.999,45.5612],[-123.0141,45.5822],[-123.0193,45.6207]]]}},{"type":"Feature","properties":{"c":"#00ff00","v0":0.003,"v1":0.005},"geometry":{"type":"Polygon","coordinates":[[[-99.0275,45.6626],[-99.0049,45.6626],[-99.0027,45.6589],[-99.0209,45.6514],[-99.0322,45.6514],[-99.0366,45.6589],[-99.0275,45.6626]]]}},{"type":"Feature","properties":{"c":"#00ff00","v0":0.003,"v1":0.005},"geometry":{"type":"Polygon","coordinates":[[[-121.7377,45.6267],[-121.7326,45.6389],[-121.725,45.6439],[-121.715,45.6417],[-121.71,45.6353],[-121.71,45.6246],[-121.7176,45.6196],[-121.7327,45.6203],[-121.7377,45.6267]]]}},{"type":"Feature","properties":{"c":"#00ff00","v0":0.003,"v1":0.005},"geometry":{"type":"Polygon","coordinates":[[[-80.5663,45.5685],[-80.5554,45.5762],[-80.5472,45.5762],[-80.5416,45.5685],[-80.5416,45.562],[-80.5472,45.5565],[-80.5554,45.5565],[-80.5663,45.562],[-80.5663,45.5685]]]}},{"type":"Feature","properties":{"c":"#00ff00","v0":0.003,"v1":0.005},"geometry":{"type":"Polygon","coordinates":[[[-122.3689,45.5507],[-122.3556,45.5507],[-122.3504,45.5472],[-122.3533,45.5402],[-122.3599,45.5402],[-122.3704,45.5472],[-122.3689,45.5507]]]}},{"type":"Feature","properties":{"c":"#00ff00","v0":0.003,"v1":0.005},"geometry":{"type":"Polygon","coordinates":[[[-98.0061,45.4944],[-97.9687,45.522],[-97.9422,45.5325],[-97.9265,45.5259],[-97.9174,45.5192],[-97.9151,45.5121],[-97.9278,45.5051],[-97.9556,45.4981],[-97.9746,45.4883],[-97.9849,45.4756],[-97.9987,45.4721],[-98.0161,45.4778],[-98.0061,45.4944]]]}},{"type":"Feature","properties":{"c":"#00ff00","v0":0.003,"v1":0.005},"geometry":{"type":"Polygon","coordinates":[[[-123.373,45.4712],[-123.3577,45.4805],[-123.3431,45.4805],[-123.3294,45.4712],[-123.3294,45.4627],[-123.3431,45.4548],[-123.3577,45.4548],[-123.373,45.4627],[-123.373,45.4712]]]}},{"type":"Feature","properties":{"c":"#00ff00","v0":0.003,"v1":0.005},"geometry":{"type":"Polygon","coordinates":[[[-123.2606,45.4425],[-123.2535,45.4504],[-123.2455,45.4504],[-123.2365,45.4425],[-123.24,45.4385],[-123.2561,45.4385],[-123.2606,45.4425]]]}},{"type":"Feature","properties":{"c":"#00ff00","v0":0.003,"v1":0.005},"geometry":{"type":"Polygon","coordinates":[[[-81.7834,45.4455],[-81.7611,45.4595],[-81.743,45.4595],[-81.729,45.4455],[-81.729,45.4325],[-81.743,45.4204],[-81.7611,45.4204],[-81.7834,45.4325],[-81.7834,45.4455]],[[-81.7691,45.442],[-81.7564,45.449],[-81.7478,45.449],[-81.7434,45.442],[-81.7497,45.4385],[-81.7669,45.4385],[-81.7691,45.442]]]}},{"type":"Feature","properties":{"c":"#00ff00","v0":0.003,"v1":0.005},"geometry":{"type":"Polygon","coordinates":[[[-121.7255,45.4415],[-121.7152,45.4476],[-121.7062,45.4476],[-121.6985,45.4415],[-121.6985,45.4343],[-121.7062,45.4259],[-121.7152,45.4259],[-121.7255,45.4343],[-121.7255,45.4415]]]}},{"type":"Feature","properties":{"c":"#00ff00","v0":0.003,"v1":0.005},"geometry":{"type":"Polygon","coordinates":[[[-98.3688,45.4186],[-98.3563,45.435],[-98.3361,45.435],[-98.3083,45.4186],[-98.3033,45.4043],[-98.3211,45.392],[-98.3413,45.392],[-98.3638,45.4043],[-98.3688,45.4186]]]}},{"type":"Feature","properties":{"c":"#00ff00","v0":0.003,"v1":0.005},"geometry":{"type":"Polygon","coordinates":[[[-123.1355,45.3823],[-123.1336,45.4104],[-123.127,45.4259],[-123.1157,45.4287],[-123.0893,45.4147],[-123.0479,45.3838],[-123.0329,45.3635],[-123.0443,45.354],[-123.06,45.349],[-123.08,45.3485],[-123.1016,45.3533],[-123.1248,45.3633],[-123.1355,45.3823]]]}},{"type":"Feature","properties":{"c":"#00ff00","v0":0.003,"v1":0.005},"geometry":{"type":"Polygon","coordinates":[[[-99.1558,45.4133],[-99.1386,45.4191],[-99.1207,45.405],[-99.1021,45.3712],[-99.1021,45.3551],[-99.1207,45.3568],[-99.1386,45.3708],[-99.1558,45.3972],[-99.1558,45.4133]]]}},{"type":"Feature","properties":{"c":"#00ff00","v0":0.003,"v1":0.005},"geometry":{"type":"Polygon","coordinates":[[[-75.8901,45.3964],[-75.876,45.3964],[-75.8742,45.392],[-75.8847,45.3831],[-75.8918,45.3831],[-75.8953,45.392],[-75.8901,45.3964]]]}},{"type":"Feature","properties":{"c":"#00ff00","v0":0.003,"v1":0.005},"geometry":{"type":"Polygon","coordinates":[[[-122.7892,45.3311],[-122.7764,45.3412],[-122.7642,45.3447],[-122.7526,45.3417],[-122.7526,45.3327],[-122.7642,45.3179],[-122.7764,45.3143],[-122.7892,45.3222],[-122.7892,45.3311]]]}},{"type":"Feature","properties":{"c":"#00ff00","v0":0.003,"v1":0.005},"geometry":{"type":"Polygon","coordinates":[[[-122.6607,45.3308],[-122.6402,45.3402],[-122.6146,45.3402],[-122.5837,45.3308],[-122.5837,45.3188],[-122.6146,45.3042],[-122.6402,45.3042],[-122.6607,45.3188],[-122.6607,45.3308]]]}},{"type":"Feature","properties":{"c":"#00ff00","v0":0.003,"v1":0.005},"geometry":{"type":"Polygon","coordinates":[[[-76.1058,45.2487],[-76.0716,45.291],[-76.0283,45.3178],[-75.9761,45.3293],[-75.9405,45.3328],[-75.9215,45.3283],[-75.9265,45.3101],[-75.9555,45.278],[-75.98,45.2601],[-76.0,45.2564],[-76.015,45.245],[-76.025,45.226],[-76.035,45.2143],[-76.045,45.2099],[-76.0682,45.2127],[-76.1047,45.2226],[-76.1058,45.2487]]]}},{"type":"Feature","properties":{"c":"#00ff00","v0":0.003,"v1":0.005},"geometry":{"type":"Polygon","coordinates":[[[-123.2312,45.21],[-123.2006,45.2311],[-123.1815,45.2527],[-123.1738,45.2748],[-123.135,45.2806],[-123.065,45.27],[-123.012,45.2695],[-122.9761,45.2791],[-122.9511,45.2923],[-122.937,45.309],[-122.9249,45.316],[-122.9148,45.3134],[-122.9148,45.2917],[-122.9249,45.251],[-122.945,45.2284],[-122.975,45.224],[-123.0,45.2141],[-123.02,45.1988],[-123.05,45.1927],[-123.09,45.1959],[-123.13,45.1929],[-123.17,45.1838],[-123.2041,45.1843],[-123.2324,45.1944],[-123.2312,45.21]]]}},{"type":"Feature","properties":{"c":"#00ff00","v0":0.003,"v1":0.005},"geometry":{"type":"Polygon","coordinates":[[[-75.8938,45.2065],[-75.8841,45.2206],[-75.8666,45.2276],[-75.8412,45.2276],[-75.8339,45.219],[-75.8446,45.2019],[-75.8621,45.1948],[-75.8864,45.1979],[-75.8938,45.2065]]]}},{"type":"Feature","properties":{"c":"#00ff00","v0":0.003,"v1":0.005},"geometry":{"type":"Polygon","coordinates":[[[-87.8994,45.1571],[-87.8665,45.1852],[-87.835,45.186],[-87.805,45.1595],[-87.7715,45.1384],[-87.7345,45.1227],[-87.719,45.1113],[-87.7249,45.1042],[-87.7434,45.0999],[-87.7745,45.0984],[-87.815,45.1034],[-87.865,45.1149],[-87.8965,45.1263],[-87.9094,45.1374],[-87.8994,45.1571]]]}},{"type":"Feature","properties":{"c":"#00ff00","v0":0.003,"v1":0.005},"geometry":{"type":"Polygon","coordinates":[[[-64.6295,45.1614],[-64.6165,45.1698],[-64.6024,45.1698],[-64.5873,45.1614],[-64.5873,45.1525],[-64.6024,45.1434],[-64.6165,45.1434],[-64.6295,45.1525],[-64.6295,45.1614]]]}},{"type":"Feature","properties":{"c":"#00ff00","v0":0.003,"v1":0.005},"geometry":{"type":"Polygon","coordinates":[[[-123.0909,45.1464],[-123.077,45.1533],[-123.0604,45.1533],[-123.0412,45.1464],[-123.0412,45.1376],[-123.0604,45.1269],[-123.077,45.1269],[-123.0909,45.1376],[-123.0909,45.1464]]]}},{"type":"Feature","properties":{"c":"#00ff00","v0":0.003,"v1":0.005},"geometry":{"type":"Polygon","coordinates":[[[-122.7251,45.0682],[-122.6884,45.0881],[-122.675,45.0856],[-122.685,45.0609],[-122.7,45.0468],[-122.72,45.0432],[-122.7334,45.0456],[-122.7401,45.0541],[-122.7251,45.0682]]]}},{"type":"Feature","properties":{"c":"#00ff00","v0":0.003,"v1":0.005},"geometry":{"type":"Polygon","coordinates":[[[-122.4349,45.0873],[-122.4183,45.0889],[-122.41,45.0858],[-122.41,45.0779],[-122.4183,45.0772],[-122.4349,45.0834],[-122.4349,45.0873]]]}},{"type":"Feature","properties":{"c":"#00ff00","v0":0.003,"v1":0.005},"geometry":{"type":"Polygon","coordinates":[[[-76.165,45.022],[-76.1417,45.0342],[-76.1165,45.0377],[-76.0896,45.0326],[-76.0896,45.0191],[-76.1165,44.9971],[-76.1365,44.9865],[-76.1496,44.9873],[-76.1612,44.9947],[-76.1715,45.0088],[-76.165,45.022]]]}},{"type":"Feature","properties":{"c":"#00ff00","v0":0.003,"v1":0.005},"geometry":{"type":"Polygon","coordinates":[[[-96.9432,44.9947],[-96.9328,45.0088],[-96.9152,45.0159],[-96.8902,45.0159],[-96.8858,45.0059],[-96.9019,44.9858],[-96.9196,44.9787],[-96.9388,44.9846],[-96.9432,44.9947]]]}},{"type":"Feature","properties":{"c":"#00ff00","v0":0.003,"v1":0.005},"geometry":{"type":"Polygon","coordinates":[[[-96.7718,44.9645],[-96.7573,44.9748],[-96.725,44.9847],[-96.675,44.9942],[-96.6451,44.9961],[-96.6354,44.9904],[-96.6504,44.971],[-96.6901,44.9378],[-96.7229,44.9236],[-96.7488,44.9285],[-96.7661,44.9381],[-96.7748,44.9522],[-96.7718,44.9645]]]}},{"type":"Feature","properties":{"c":"#00ff00","v0":0.003,"v1":0.005},"geometry":{"type":"Polygon","coordinates":[[[-93.2565,44.9643],[-93.2522,44.9741],[-93.2422,44.9777],[-93.2265,44.9749],[-93.2215,44.968],[-93.2272,44.957],[-93.2372,44.9535],[-93.2515,44.9574],[-93.2565,44.9643]]]}},{"type":"Feature","properties":{"c":"#00ff00","v0":0.003,"v1":0.005},"geometry":{"type":"Polygon","coordinates":[[[-122.7955,44.9499],[-122.7785,44.9594],[-122.7619,44.9594],[-122.7458,44.9499],[-122.7458,44.9405],[-122.7619,44.9312],[-122.7785,44.9312],[-122.7955,44.9405],[-122.7955,44.9499]]]}},{"type":"Feature","properties":{"c":"#00ff00","v0":0.003,"v1":0.005},"geometry":{"type":"Polygon","coordinates":[[[-76.6466,44.4487],[-76.5822,44.4795],[-76.5363,44.508],[-76.5088,44.5343],[-76.5154,44.5617],[-76.5561,44.5901],[-76.5743,44.6115],[-76.5701,44.6257],[-76.5284,44.6471],[-76.4495,44.6755],[-76.4056,44.711],[-76.3969,44.7537],[-76.4024,44.7857],[-76.422,44.807],[-76.4314,44.8363],[-76.4305,44.8735],[-76.4,44.9026],[-76.34,44.9236],[-76.2815,44.9333],[-76.2245,44.9318],[-76.1917,44.9239],[-76.1832,44.9098],[-76.1916,44.8885],[-76.2167,44.8602],[-76.2131,44.8212],[-76.1807,44.7715],[-76.1659,44.735],[-76.1686,44.7117],[-76.16,44.6832],[-76.1399,44.6497],[-76.1289,44.6008],[-76.127,44.5367],[-76.137,44.5003],[-76.159,44.4916],[-76.18,44.4929],[-76.2,44.5043],[-76.205,44.5392],[-76.195,44.5975],[-76.21,44.6203],[-76.25,44.6077],[-76.2799,44.6093],[-76.2996,44.625],[-76.3296,44.6344],[-76.3699,44.6375],[-76.3952,44.634],[-76.4056,44.6237],[-76.4082,44.6115],[-76.4029,44.5973],[-76.4127,44.5897],[-76.4376,44.5887],[-76.4582,44.578],[-76.4746,44.5576],[-76.4788,44.5403],[-76.4706,44.526],[-76.4703,44.5082],[-76.4779,44.4868],[-76.4701,44.4654],[-76.447,44.444],[-76.4441,44.4278],[-76.4614,44.417],[-76.485,44.4112],[-76.515,44.4104],[-76.5279,44.398],[-76.5237,44.3739],[-76.5337,44.3418],[-76.5579,44.3018],[-76.5832,44.2875],[-76.6095,44.2989],[-76.6124,44.3117],[-76.5919,44.326],[-76.5857,44.3475],[-76.5938,44.3761],[-76.6181,44.4011],[-76.6586,44.4225],[-76.6466,44.4487]],[[-76.3721,44.8141],[-76.3664,44.8353],[-76.3501,44.8571],[-76.3234,44.8794],[-76.29,44.8695],[-76.25,44.8272],[-76.2288,44.7983],[-76.2263,44.7828],[-76.2363,44.7724],[-76.2588,44.7672],[-76.29,44.7686],[-76.33,44.7765],[-76.3563,44.7862],[-76.3688,44.7977],[-76.3721,44.8141]],[[-76.5259,44.6186],[-76.5079,44.6186],[-76.5001,44.6151],[-76.5023,44.608],[-76.5113,44.608],[-76.527,44.6151],[-76.5259,44.6186]],[[-76.3626,44.6912],[-76.3409,44.694],[-76.3273,44.6869],[-76.3219,44.6699],[-76.3289,44.6613],[-76.3482,44.6613],[-76.3618,44.6684],[-76.3696,44.6827],[-76.3626,44.6912]],[[-76.3152,44.7466],[-76.294,44.7466],[-76.2851,44.7398],[-76.2884,44.7261],[-76.2989,44.7261],[-76.3168,44.7398],[-76.3152,44.7466]]]}},{"type":"Feature","properties":{"c":"#00ff00","v0":0.003,"v1":0.005},"geometry":{"type":"Polygon","coordinates":[[[-122.0757,44.865],[-122.0586,44.8745],[-122.0424,44.8745],[-122.0273,44.865],[-122.0273,44.8531],[-122.0424,44.839],[-122.0586,44.839],[-122.0757,44.8531],[-122.0757,44.865]]]}},{"type":"Feature","properties":{"c":"#00ff00","v0":0.003,"v1":0.005},"geometry":{"type":"Polygon","coordinates":[[[-99.5056,44.846],[-99.4902,44.846],[-99.4844,44.8426],[-99.4881,44.8358],[-99.4958,44.8358],[-99.5075,44.8426],[-99.5056,44.846]]]}},{"type":"Feature","properties":{"c":"#00ff00","v0":0.003,"v1":0.005},"geometry":{"type":"Polygon","coordinates":[[[-88.0252,44.8217],[-88.0151,44.83],[-88.0063,44.8264],[-87.999,44.8111],[-87.999,44.8015],[-88.0063,44.7976],[-88.0151,44.8012],[-88.0252,44.8121],[-88.0252,44.8217]]]}},{"type":"Feature","properties":{"c":"#00ff00","v0":0.003,"v1":0.005},"geometry":{"type":"Polygon","coordinates":[[[-98.4521,44.7494],[-98.4374,44.755],[-98.423,44.7514],[-98.4089,44.7387],[-98.4089,44.7298],[-98.423,44.7245],[-98.4374,44.728],[-98.4521,44.7404],[-98.4521,44.7494]]]}},{"type":"Feature","properties":{"c":"#00ff00","v0":0.003,"v1":0.005},"geometry":{"type":"Polygon","coordinates":[[[-100.236,44.6542],[-100.2103,44.6969],[-100.1856,44.7242],[-100.1619,44.7363],[-100.12,44.73],[-100.06,44.7054],[-99.9787,44.6958],[-99.8762,44.7013],[-99.8162,44.688],[-99.7987,44.6559],[-99.77,44.6456],[-99.73,44.6571],[-99.7049,44.6553],[-99.6948,44.6404],[-99.7072,44.6115],[-99.742,44.5688],[-99.781,44.5011],[-99.8243,44.4083],[-99.857,44.3583],[-99.879,44.3513],[-99.9,44.3527],[-99.92,44.3626],[-99.945,44.3613],[-99.975,44.3488],[-100.01,44.3603],[-100.05,44.3956],[-100.08,44.4143],[-100.1,44.4162],[-100.1127,44.4247],[-100.1181,44.4399],[-100.1089,44.4761],[-100.0853,44.5331],[-100.0483,44.5688],[-99.9979,44.583],[-99.9689,44.5973],[-99.9612,44.6115],[-99.9806,44.6243],[-100.0269,44.6356],[-100.0648,44.6356],[-100.0945,44.6243],[-100.1195,44.6054],[-100.1398,44.5788],[-100.1678,44.5717],[-100.2034,44.584],[-100.2281,44.6008],[-100.242,44.6222],[-100.236,44.6542]],[[-99.9971,44.6659],[-99.9924,44.6752],[-99.97,44.6816],[-99.93,44.6852],[-99.9034,44.6806],[-99.8902,44.6677],[-99.8902,44.655],[-99.9034,44.6425],[-99.9324,44.6425],[-99.9771,44.655],[-99.9971,44.6659]],[[-99.8426,44.5795],[-99.8235,44.5866],[-99.818,44.5813],[-99.826,44.5635],[-99.8355,44.5599],[-99.8466,44.5706],[-99.8426,44.5795]],[[-100.0572,44.4413],[-100.0391,44.4574],[-100.0178,44.461],[-99.9934,44.452],[-99.9984,44.4405],[-100.0328,44.4266],[-100.0541,44.423],[-100.0622,44.4298],[-100.0572,44.4413]],[[-99.9274,44.5833],[-99.9158,44.5981],[-99.905,44.6034],[-99.895,44.5992],[-99.89,44.5878],[-99.89,44.5692],[-99.895,44.5579],[-99.905,44.5539],[-99.9158,44.5579],[-99.9274,44.5699],[-99.9274,44.5833]],[[-99.934,44.4118],[-99.9306,44.4261],[-99.9192,44.4373],[-99.8997,44.4454],[-99.891,44.4382],[-99.8931,44.4159],[-99.9045,44.4047],[-99.9253,44.4047],[-99.934,44.4118]]]}},{"type":"Feature","properties":{"c":"#00ff00","v0":0.003,"v1":0.005},"geometry":{"type":"Polygon","coordinates":[[[-100.465,44.6119],[-100.4417,44.627],[-100.4001,44.6412],[-100.3402,44.6546],[-100.3158,44.672],[-100.3266,44.6933],[-100.3265,44.7074],[-100.3155,44.7142],[-100.2969,44.7142],[-100.2707,44.7074],[-100.2686,44.6933],[-100.2907,44.672],[-100.2966,44.6542],[-100.2865,44.64],[-100.2862,44.6257],[-100.2957,44.6115],[-100.3328,44.5963],[-100.3976,44.5802],[-100.4417,44.5802],[-100.465,44.5963],[-100.465,44.6119]],[[-100.4138,44.6079],[-100.3979,44.615],[-100.3865,44.615],[-100.3794,44.6079],[-100.3874,44.6044],[-100.4103,44.6044],[-100.4138,44.6079]]]}},{"type":"Feature","properties":{"c":"#00ff00","v0":0.003,"v1":0.005},"geometry":{"type":"Polygon","coordinates":[[[-88.197,44.6544],[-88.179,44.669],[-88.1661,44.6726],[-88.1582,44.6651],[-88.1582,44.6509],[-88.1661,44.6301],[-88.179,44.6266],[-88.197,44.6403],[-88.197,44.6544]]]}},{"type":"Feature","properties":{"c":"#00ff00","v0":0.003,"v1":0.005},"geometry":{"type":"Polygon","coordinates":[[[-87.9001,44.5652],[-87.8999,44.5723],[-87.8837,44.5795],[-87.8515,44.5866],[-87.814,44.5901],[-87.771,44.5901],[-87.7547,44.5783],[-87.7649,44.5546],[-87.785,44.5362],[-87.815,44.5229],[-87.8377,44.5169],[-87.8531,44.5182],[-87.8706,44.5296],[-87.8904,44.551],[-87.9001,44.5652]]]}},{"type":"Feature","properties":{"c":"#00ff00","v0":0.003,"v1":0.005},"geometry":{"type":"Polygon","coordinates":[[[-74.0681,44.4654],[-74.0557,44.5011],[-74.0347,44.5281],[-74.0049,44.5465],[-73.9835,44.5501],[-73.9706,44.5388],[-73.9624,44.5118],[-73.9589,44.4689],[-73.9703,44.4417],[-73.9968,44.43],[-74.0249,44.4264],[-74.0546,44.431],[-74.0706,44.4368],[-74.073,44.444],[-74.0681,44.4654]],[[-74.0481,44.4743],[-74.036,44.4993],[-74.02,44.5141],[-74.0,44.5188],[-73.9854,44.5028],[-73.9763,44.466],[-73.9863,44.445],[-74.0154,44.4398],[-74.036,44.4434],[-74.0481,44.4557],[-74.0481,44.4743]]]}},{"type":"Feature","properties":{"c":"#00ff00","v0":0.003,"v1":0.005},"geometry":{"type":"Polygon","coordinates":[[[-74.1194,44.5235],[-74.1131,44.5328],[-74.1032,44.5364],[-74.0897,44.5342],[-74.0928,44.5296],[-74.1126,44.5224],[-74.1194,44.5235]]]}},{"type":"Feature","properties":{"c":"#00ff00","v0":0.003,"v1":0.005},"geometry":{"type":"Polygon","coordinates":[[[-101.8425,44.4447],[-101.8075,44.4961],[-101.765,44.5136],[-101.715,44.4973],[-101.675,44.4933],[-101.645,44.5016],[-101.6234,44.5019],[-101.6101,44.4942],[-101.6201,44.4768],[-101.6534,44.4496],[-101.685,44.4357],[-101.715,44.4352],[-101.745,44.423],[-101.775,44.3993],[-101.805,44.3901],[-101.835,44.3956],[-101.8525,44.4035],[-101.8575,44.4138],[-101.8425,44.4447]]]}},{"type":"Feature","properties":{"c":"#00ff00","v0":0.003,"v1":0.005},"geometry":{"type":"Polygon","coordinates":[[[-99.7236,44.4591],[-99.6879,44.4822],[-99.655,44.4858],[-99.625,44.47],[-99.585,44.4695],[-99.535,44.4844],[-99.5061,44.4594],[-99.4984,44.3943],[-99.4984,44.3582],[-99.5061,44.3509],[-99.525,44.35],[-99.555,44.3555],[-99.6,44.3552],[-99.66,44.3491],[-99.6943,44.3536],[-99.7029,44.3686],[-99.7005,44.3832],[-99.6871,44.3975],[-99.6957,44.4154],[-99.7262,44.4368],[-99.7236,44.4591]]]}},{"type":"Feature","properties":{"c":"#00ff00","v0":0.003,"v1":0.005},"geometry":{"type":"Polygon","coordinates":[[[-74.8884,44.4401],[-74.8628,44.4538],[-74.8411,44.4538],[-74.8232,44.4401],[-74.8232,44.4269],[-74.8411,44.4143],[-74.8628,44.4143],[-74.8884,44.4269],[-74.8884,44.4401]],[[-74.8725,44.4373],[-74.8575,44.4454],[-74.8452,44.4454],[-74.8357,44.4373],[-74.8357,44.4298],[-74.8452,44.423],[-74.8575,44.423],[-74.8725,44.4298],[-74.8725,44.4373]]]}},{"type":"Feature","properties":{"c":"#00ff00","v0":0.003,"v1":0.005},"geometry":{"type":"Polygon","coordinates":[[[-76.7282,44.4083],[-76.714,44.4154],[-76.7077,44.4141],[-76.7092,44.4045],[-76.7163,44.4009],[-76.729,44.4034],[-76.7282,44.4083]]]}},{"type":"Feature","properties":{"c":"#00ff00","v0":0.003,"v1":0.005},"geometry":{"type":"Polygon","coordinates":[[[-102.3309,44.3694],[-102.317,44.3846],[-102.3008,44.3846],[-102.2823,44.3694],[-102.2823,44.3542],[-102.3008,44.339],[-102.317,44.339],[-102.3309,44.3542],[-102.3309,44.3694]]]}},{"type":"Feature","properties":{"c":"#00ff00","v0":0.003,"v1":0.005},"geometry":{"type":"Polygon","coordinates":[[[-100.1781,44.3618],[-100.16,44.3618],[-100.1557,44.3584],[-100.1652,44.3516],[-100.1743,44.3516],[-100.1828,44.3584],[-100.1781,44.3618]]]}},{"type":"Feature","properties":{"c":"#00ff00","v0":0.003,"v1":0.005},"geometry":{"type":"Polygon","coordinates":[[[-98.8977,44.3482],[-98.8792,44.3495],[-98.8687,44.346],[-98.866,44.3374],[-98.871,44.3319],[-98.8837,44.3294],[-98.8942,44.3329],[-98.9027,44.3426],[-98.8977,44.3482]]]}},{"type":"Feature","properties":{"c":"#00ff00","v0":0.003,"v1":0.005},"geometry":{"type":"Polygon","coordinates":[[[-99.4465,44.2842],[-99.4355,44.3006],[-99.415,44.3081],[-99.385,44.3066],[-99.355,44.3119],[-99.325,44.3238],[-99.2955,44.3199],[-99.2664,44.3001],[-99.2914,44.2692],[-99.3705,44.227],[-99.4194,44.2126],[-99.4383,44.2262],[-99.4488,44.2437],[-99.4509,44.2652],[-99.4465,44.2842]]]}},{"type":"Feature","properties":{"c":"#00ff00","v0":0.003,"v1":0.005},"geometry":{"type":"Polygon","coordinates":[[[-99.1882,44.231],[-99.1761,44.2844],[-99.1462,44.2987],[-99.0985,44.274],[-99.0861,44.2509],[-99.1089,44.2294],[-99.1013,44.2186],[-99.0633,44.2186],[-99.0257,44.2339],[-98.9886,44.2643],[-98.9607,44.275],[-98.9422,44.2661],[-98.9344,44.2544],[-98.9374,44.2401],[-98.95,44.2258],[-98.9721,44.2115],[-98.9802,44.1935],[-98.9743,44.172],[-98.9972,44.1541],[-99.049,44.1397],[-99.0692,44.1254],[-99.0577,44.111],[-99.0614,44.0927],[-99.0805,44.0703],[-99.0983,44.0667],[-99.1149,44.0819],[-99.1224,44.1002],[-99.1209,44.1218],[-99.1387,44.1505],[-99.1757,44.1864],[-99.1882,44.231]]]}},{"type":"Feature","properties":{"c":"#00ff00","v0":0.003,"v1":0.005},"geometry":{"type":"Polygon","coordinates":[[[-99.6385,44.2932],[-99.6328,44.2992],[-99.6233,44.2992],[-99.6098,44.2932],[-99.6098,44.2869],[-99.6233,44.2801],[-99.6328,44.2801],[-99.6385,44.2869],[-99.6385,44.2932]]]}},{"type":"Feature","properties":{"c":"#00ff00","v0":0.003,"v1":0.005},"geometry":{"type":"Polygon","coordinates":[[[-98.6662,44.2672],[-98.6554,44.2784],[-98.6462,44.282],[-98.6385,44.278],[-98.6439,44.2724],[-98.6624,44.2652],[-98.6662,44.2672]]]}},{"type":"Feature","properties":{"c":"#00ff00","v0":0.003,"v1":0.005},"geometry":{"type":"Polygon","coordinates":[[[-76.7683,44.2616],[-76.7488,44.2616],[-76.7468,44.2573],[-76.7623,44.2488],[-76.772,44.2488],[-76.776,44.2573],[-76.7683,44.2616]]]}},{"type":"Feature","properties":{"c":"#00ff00","v0":0.003,"v1":0.005},"geometry":{"type":"Polygon","coordinates":[[[-74.8556,44.2269],[-74.8385,44.2433],[-74.8225,44.2469],[-74.8074,44.2376],[-74.8074,44.2251],[-74.8225,44.2093],[-74.8385,44.2057],[-74.8556,44.2143],[-74.8556,44.2269]]]}},{"type":"Feature","properties":{"c":"#00ff00","v0":0.003,"v1":0.005},"geometry":{"type":"Polygon","coordinates":[[[-74.6216,44.2501],[-74.6139,44.2557],[-74.6042,44.2557],[-74.5925,44.2501],[-74.5964,44.2473],[-74.6158,44.2473],[-74.6216,44.2501]]]}},{"type":"Feature","properties":{"c":"#00ff00","v0":0.003,"v1":0.005},"geometry":{"type":"Polygon","coordinates":[[[-112.828,44.1648],[-112.8143,44.172],[-112.8025,44.1684],[-112.7925,44.1541],[-112.7931,44.1445],[-112.8044,44.1398],[-112.8162,44.1434],[-112.8286,44.1553],[-112.828,44.1648]]]}},{"type":"Feature","properties":{"c":"#00ff00","v0":0.003,"v1":0.005},"geometry":{"type":"Polygon","coordinates":[[[-75.1837,44.176],[-75.1612,44.1767],[-75.1468,44.1731],[-75.1405,44.1652],[-75.1517,44.1648],[-75.1806,44.172],[-75.1837,44.176]]]}},{"type":"Feature","properties":{"c":"#00ff00","v0":0.003,"v1":0.005},"geometry":{"type":"Polygon","coordinates":[[[-102.7971,44.1182],[-102.779,44.1471],[-102.7562,44.1578],[-102.7286,44.1505],[-102.7236,44.1339],[-102.7412,44.1079],[-102.764,44.0971],[-102.7921,44.1016],[-102.7971,44.1182]]]}},{"type":"Feature","properties":{"c":"#00ff00","v0":0.003,"v1":0.005},"geometry":{"type":"Polygon","coordinates":[[[-99.311,44.1613],[-99.2936,44.1613],[-99.2912,44.1572],[-99.3037,44.1492],[-99.3124,44.1492],[-99.3172,44.1572],[-99.311,44.1613]]]}},{"type":"Feature","properties":{"c":"#00ff00","v0":0.003,"v1":0.005},"geometry":{"type":"Polygon","coordinates":[[[-102.6704,44.1377],[-102.6568,44.1479],[-102.6442,44.1514],[-102.6325,44.1484],[-102.6275,44.1426],[-102.6292,44.134],[-102.6418,44.1304],[-102.6654,44.1318],[-102.6704,44.1377]]]}},{"type":"Feature","properties":{"c":"#00ff00","v0":0.003,"v1":0.005},"geometry":{"type":"Polygon","coordinates":[[[-99.357,44.1245],[-99.339,44.1372],[-99.33,44.1314],[-99.33,44.107],[-99.335,44.0929],[-99.345,44.0891],[-99.354,44.0949],[-99.362,44.1104],[-99.357,44.1245]]]}},{"type":"Feature","properties":{"c":"#00ff00","v0":0.003,"v1":0.005},"geometry":{"type":"Polygon","coordinates":[[[-103.238,44.0936],[-103.2193,44.102],[-103.2034,44.0984],[-103.1901,44.0829],[-103.1901,44.0732],[-103.2034,44.0693],[-103.2193,44.0729],[-103.238,44.084],[-103.238,44.0936]]]}},{"type":"Feature","properties":{"c":"#00ff00","v0":0.003,"v1":0.005},"geometry":{"type":"Polygon","coordinates":[[[-98.6742,44.0379],[-98.6581,44.0499],[-98.6331,44.0499],[-98.5994,44.0379],[-98.5994,44.0249],[-98.6331,44.0108],[-98.6581,44.0108],[-98.6742,44.0249],[-98.6742,44.0379]]]}},{"type":"Feature","properties":{"c":"#00ff00","v0":0.003,"v1":0.005},"geometry":{"type":"Polygon","coordinates":[[[-99.1916,43.996],[-99.1772,44.0104],[-99.1609,44.0175],[-99.1427,44.0176],[-99.1377,44.0096],[-99.1459,43.9936],[-99.1622,43.9864],[-99.1866,43.988],[-99.1916,43.996]]]}},{"type":"Feature","properties":{"c":"#00ff00","v0":0.003,"v1":0.005},"geometry":{"type":"Polygon","coordinates":[[[-79.6309,43.9862],[-79.6036,44.0096],[-79.5699,44.0168],[-79.5297,44.0077],[-79.5047,43.9653],[-79.4949,43.8895],[-79.5,43.8485],[-79.52,43.8424],[-79.5418,43.8443],[-79.5653,43.8542],[-79.5939,43.888],[-79.6277,43.9456],[-79.6309,43.9862]],[[-79.6212,43.9833],[-79.6004,44.0009],[-79.575,44.0058],[-79.545,43.998],[-79.5267,43.9892],[-79.5201,43.9793],[-79.5301,43.9609],[-79.5567,43.9338],[-79.5821,43.9266],[-79.6064,43.9393],[-79.6218,43.9528],[-79.6284,43.9672],[-79.6212,43.9833]]]}},{"type":"Feature","properties":{"c":"#00ff00","v0":0.003,"v1":0.005},"geometry":{"type":"Polygon","coordinates":[[[-73.5509,43.996],[-73.5454,44.0104],[-73.5346,44.02],[-73.5182,44.0247],[-73.4882,44.0211],[-73.4445,44.0092],[-73.4202,43.9924],[-73.4153,43.9708],[-73.4221,43.9543],[-73.4407,43.9427],[-73.47,43.9367],[-73.51,43.9363],[-73.5352,43.9385],[-73.5456,43.9433],[-73.5515,43.9564],[-73.5529,43.978],[-73.5509,43.996]],[[-73.4767,43.9744],[-73.465,43.9744],[-73.4598,43.9708],[-73.4613,43.9636],[-73.4672,43.9636],[-73.4774,43.9708],[-73.4767,43.9744]]]}},{"type":"Feature","properties":{"c":"#00ff00","v0":0.003,"v1":0.005},"geometry":{"type":"Polygon","coordinates":[[[-73.7567,43.9206],[-73.7122,43.9569],[-73.673,43.9677],[-73.639,43.953],[-73.634,43.9319],[-73.658,43.9045],[-73.69,43.8871],[-73.73,43.8798],[-73.7572,43.8826],[-73.7717,43.8958],[-73.7567,43.9206]],[[-73.6869,43.9204],[-73.6723,43.9276],[-73.6663,43.927],[-73.6688,43.9186],[-73.6761,43.915],[-73.6882,43.9162],[-73.6869,43.9204]]]}},{"type":"Feature","properties":{"c":"#00ff00","v0":0.003,"v1":0.005},"geometry":{"type":"Polygon","coordinates":[[[-97.8843,43.9363],[-97.8614,43.9463],[-97.8367,43.9427],[-97.81,43.9254],[-97.81,43.9157],[-97.8367,43.9134],[-97.8614,43.917],[-97.8843,43.9265],[-97.8843,43.9363]]]}},{"type":"Feature","properties":{"c":"#00ff00","v0":0.003,"v1":0.005},"geometry":{"type":"Polygon","coordinates":[[[-95.3005,43.9237],[-95.2935,43.9374],[-95.2816,43.9446],[-95.2649,43.9453],[-95.2598,43.9348],[-95.2663,43.9132],[-95.2782,43.906],[-95.2954,43.9132],[-95.3005,43.9237]]]}},{"type":"Feature","properties":{"c":"#00ff00","v0":0.003,"v1":0.005},"geometry":{"type":"Polygon","coordinates":[[[-98.7482,43.9312],[-98.7322,43.9312],[-98.7307,43.9274],[-98.7436,43.9198],[-98.7516,43.9198],[-98.7547,43.9274],[-98.7482,43.9312]]]}},{"type":"Feature","properties":{"c":"#00ff00","v0":0.003,"v1":0.005},"geometry":{"type":"Polygon","coordinates":[[[-98.5004,43.9078],[-98.4801,43.9185],[-98.445,43.927],[-98.395,43.9331],[-98.337,43.9314],[-98.2711,43.9217],[-98.231,43.9096],[-98.2168,43.8952],[-98.2748,43.8837],[-98.4049,43.8752],[-98.4801,43.8788],[-98.5004,43.8945],[-98.5004,43.9078]]]}},{"type":"Feature","properties":{"c":"#00ff00","v0":0.003,"v1":0.005},"geometry":{"type":"Polygon","coordinates":[[[-99.4137,43.9063],[-99.4112,43.9142],[-99.4,43.9169],[-99.38,43.9144],[-99.3631,43.9069],[-99.3492,43.8943],[-99.3434,43.8808],[-99.3458,43.8664],[-99.3578,43.8604],[-99.3793,43.8627],[-99.3962,43.8735],[-99.4087,43.8928],[-99.4137,43.9063]]]}},{"type":"Feature","properties":{"c":"#00ff00","v0":0.003,"v1":0.005},"geometry":{"type":"Polygon","coordinates":[[[-99.0918,43.9064],[-99.0906,43.9143],[-99.0798,43.9179],[-99.0595,43.9172],[-99.0495,43.9132],[-99.0498,43.906],[-99.0606,43.9024],[-99.0818,43.9024],[-99.0918,43.9064]]]}},{"type":"Feature","properties":{"c":"#00ff00","v0":0.003,"v1":0.005},"geometry":{"type":"Polygon","coordinates":[[[-98.6666,43.9168],[-98.6461,43.9168],[-98.6394,43.9131],[-98.6465,43.9057],[-98.6567,43.9057],[-98.6701,43.9131],[-98.6666,43.9168]]]}},{"type":"Feature","properties":{"c":"#00ff00","v0":0.003,"v1":0.005},"geometry":{"type":"Polygon","coordinates":[[[-94.7512,43.9056],[-94.7371,43.912],[-94.7232,43.912],[-94.7095,43.9056],[-94.7145,43.898],[-94.7382,43.8892],[-94.7521,43.8892],[-94.7562,43.898],[-94.7512,43.9056]]]}},{"type":"Feature","properties":{"c":"#00ff00","v0":0.003,"v1":0.005},"geometry":{"type":"Polygon","coordinates":[[[-74.8448,43.888],[-74.8299,43.888],[-74.8243,43.8846],[-74.8281,43.8777],[-74.8356,43.8777],[-74.8467,43.8846],[-74.8448,43.888]]]}},{"type":"Feature","properties":{"c":"#00ff00","v0":0.003,"v1":0.005},"geometry":{"type":"Polygon","coordinates":[[[-99.109,43.7978],[-99.0935,43.8195],[-99.0718,43.8309],[-99.0439,43.832],[-99.0242,43.8284],[-99.0126,43.8201],[-99.0117,43.8087],[-99.0216,43.7942],[-99.0181,43.7798],[-99.0013,43.7653],[-98.9972,43.7551],[-99.0057,43.7491],[-99.03,43.7487],[-99.07,43.7539],[-99.0967,43.7642],[-99.1101,43.7794],[-99.109,43.7978]]]}},{"type":"Feature","properties":{"c":"#00ff00","v0":0.003,"v1":0.005},"geometry":{"type":"Polygon","coordinates":[[[-95.0357,43.7901],[-95.0186,43.7964],[-95.0028,43.7964],[-94.9885,43.7901],[-94.9885,43.7831],[-95.0028,43.7753],[-95.0186,43.7753],[-95.0357,43.7831],[-95.0357,43.7901]]]}},{"type":"Feature","properties":{"c":"#00ff00","v0":0.003,"v1":0.005},"geometry":{"type":"Polygon","coordinates":[[[-97.3765,43.6949],[-97.3588,43.713],[-97.3393,43.7202],[-97.3178,43.7166],[-97.3018,43.7075],[-97.2913,43.6931],[-97.297,43.68],[-97.319,43.6682],[-97.3438,43.6682],[-97.3715,43.68],[-97.3765,43.6949]]]}},{"type":"Feature","properties":{"c":"#00ff00","v0":0.003,"v1":0.005},"geometry":{"type":"Polygon","coordinates":[[[-95.8285,43.6191],[-95.8028,43.6303],[-95.7698,43.6303],[-95.7294,43.6191],[-95.7422,43.6135],[-95.8083,43.6135],[-95.8285,43.6191]]]}},{"type":"Feature","properties":{"c":"#00ff00","v0":0.003,"v1":0.005},"geometry":{"type":"Polygon","coordinates":[[[-96.7695,43.5595],[-96.7565,43.5674],[-96.735,43.5686],[-96.705,43.5631],[-96.6869,43.5555],[-96.6807,43.5458],[-96.6957,43.5351],[-96.7319,43.5232],[-96.7565,43.5268],[-96.7695,43.546],[-96.7695,43.5595]]]}},{"type":"Feature","properties":{"c":"#00ff00","v0":0.003,"v1":0.005},"geometry":{"type":"Polygon","coordinates":[[[-81.3909,43.3747],[-81.377,43.3904],[-81.3608,43.394],[-81.3424,43.3856],[-81.3374,43.3721],[-81.3458,43.3536],[-81.36,43.3457],[-81.38,43.3484],[-81.392,43.354],[-81.3959,43.3625],[-81.3909,43.3747]]]}},{"type":"Feature","properties":{"c":"#00ff00","v0":0.003,"v1":0.005},"geometry":{"type":"Polygon","coordinates":[[[-99.8318,42.5839],[-99.8015,42.5986],[-99.7862,42.5986],[-99.7856,42.5839],[-99.7915,42.5731],[-99.8038,42.5664],[-99.8192,42.5664],[-99.8376,42.5731],[-99.8318,42.5839]]]}},{"type":"Feature","properties":{"c":"#00ff00","v0":0.003,"v1":0.005},"geometry":{"type":"Polygon","coordinates":[[[-96.0973,42.5514],[-96.0924,42.5602],[-96.0828,42.5602],[-96.0684,42.5514],[-96.0709,42.5471],[-96.0901,42.5471],[-96.0973,42.5514]]]}},{"type":"Feature","properties":{"c":"#00ff00","v0":0.003,"v1":0.005},"geometry":{"type":"Polygon","coordinates":[[[-99.4289,42.333],[-99.3805,42.3478],[-99.352,42.3626],[-99.3434,42.3774],[-99.3168,42.3874],[-99.2723,42.3927],[-99.2271,42.3853],[-99.1813,42.3652],[-99.1631,42.3367],[-99.1727,42.2997],[-99.1867,42.2701],[-99.2054,42.2479],[-99.2535,42.2231],[-99.3312,42.1957],[-99.3837,42.1883],[-99.411,42.2009],[-99.4318,42.2368],[-99.446,42.296],[-99.4289,42.333]],[[-99.3959,42.2331],[-99.3722,42.2553],[-99.365,42.2775],[-99.3744,42.2997],[-99.3668,42.3125],[-99.3423,42.3158],[-99.3179,42.2973],[-99.2938,42.257],[-99.3038,42.2265],[-99.3479,42.2059],[-99.3795,42.2022],[-99.3984,42.2154],[-99.3959,42.2331]]]}},{"type":"Feature","properties":{"c":"#00ff00","v0":0.003,"v1":0.005},"geometry":{"type":"Polygon","coordinates":[[[-99.0689,42.2892],[-99.0563,42.305],[-99.0367,42.3124],[-99.0102,42.3114],[-98.9785,42.2849],[-98.9416,42.2331],[-98.9232,42.1998],[-98.9233,42.185],[-98.935,42.173],[-98.9583,42.1639],[-98.981,42.1639],[-99.0031,42.173],[-99.0294,42.2035],[-99.0599,42.2553],[-99.0689,42.2892]],[[-98.9964,42.2076],[-98.9788,42.2084],[-98.97,42.2017],[-98.97,42.1875],[-98.9788,42.1871],[-98.9964,42.2005],[-98.9964,42.2076]]]}},{"type":"Feature","properties":{"c":"#00ff00","v0":0.003,"v1":0.005},"geometry":{"type":"Polygon","coordinates":[[[-98.8779,42.1961],[-98.8537,42.2035],[-98.8338,42.2183],[-98.8181,42.2405],[-98.8147,42.2627],[-98.8237,42.2849],[-98.8197,42.296],[-98.8029,42.296],[-98.7977,42.2886],[-98.8041,42.2738],[-98.7964,42.2553],[-98.7747,42.2331],[-98.7744,42.2072],[-98.7953,42.1776],[-98.7896,42.1442],[-98.7572,42.1071],[-98.7432,42.0784],[-98.7477,42.0581],[-98.7732,42.0506],[-98.8196,42.0561],[-98.8427,42.0812],[-98.8427,42.1257],[-98.8545,42.159],[-98.8781,42.1813],[-98.8779,42.1961]]]}},{"type":"Feature","properties":{"c":"#00ff00","v0":0.003,"v1":0.005},"geometry":{"type":"Polygon","coordinates":[[[-75.8199,42.2664],[-75.7976,42.2664],[-75.7923,42.2634],[-75.8041,42.2572],[-75.8153,42.2572],[-75.8258,42.2634],[-75.8199,42.2664]]]}},{"type":"Feature","properties":{"c":"#00ff00","v0":0.003,"v1":0.005},"geometry":{"type":"Polygon","coordinates":[[[-76.892,42.212],[-76.8773,42.2217],[-76.8651,42.2217],[-76.8553,42.212],[-76.8553,42.2039],[-76.8651,42.1974],[-76.8773,42.1974],[-76.892,42.2039],[-76.892,42.212]]]}},{"type":"Feature","properties":{"c":"#00ff00","v0":0.003,"v1":0.005},"geometry":{"type":"Polygon","coordinates":[[[-97.9572,42.1665],[-97.9489,42.1739],[-97.9425,42.1739],[-97.9382,42.1665],[-97.9424,42.1628],[-97.9551,42.1628],[-97.9572,42.1665]]]}},{"type":"Feature","properties":{"c":"#00ff00","v0":0.003,"v1":0.005},"geometry":{"type":"Polygon","coordinates":[[[-96.8258,42.0626],[-96.8114,42.07],[-96.8057,42.0681],[-96.8086,42.0569],[-96.8157,42.0532],[-96.8272,42.057],[-96.8258,42.0626]]]}},{"type":"Feature","properties":{"c":"#00ff00","v0":0.003,"v1":0.005},"geometry":{"type":"Polygon","coordinates":[[[-98.7107,42.0398],[-98.6969,42.0609],[-98.6578,42.0646],[-98.5933,42.0509],[-98.5783,42.0351],[-98.6128,42.0171],[-98.6519,42.0134],[-98.6957,42.0239],[-98.7107,42.0398]]]}},{"type":"Feature","properties":{"c":"#00ff00","v0":0.003,"v1":0.005},"geometry":{"type":"Polygon","coordinates":[[[-99.001,42.0348],[-98.9803,42.0461],[-98.96,42.049],[-98.94,42.0435],[-98.9259,42.0342],[-98.9178,42.0209],[-98.9228,42.0111],[-98.9409,42.0047],[-98.9653,42.0084],[-98.996,42.0223],[-99.001,42.0348]]]}},{"type":"Feature","properties":{"c":"#00ff00","v0":0.003,"v1":0.005},"geometry":{"type":"Polygon","coordinates":[[[-99.3373,41.9482],[-99.3324,41.9647],[-99.315,41.9684],[-99.285,41.9591],[-99.265,41.963],[-99.255,41.98],[-99.2452,41.9875],[-99.2355,41.9856],[-99.2343,41.9734],[-99.2418,41.9511],[-99.2266,41.9408],[-99.1889,41.9425],[-99.1495,41.9276],[-99.1085,41.8962],[-99.1135,41.8787],[-99.1645,41.8751],[-99.22,41.8787],[-99.28,41.8894],[-99.3174,41.9061],[-99.3323,41.9287],[-99.3373,41.9482]]]}},{"type":"Feature","properties":{"c":"#00ff00","v0":0.003,"v1":0.005},"geometry":{"type":"Polygon","coordinates":[[[-99.5147,41.9138],[-99.5116,41.9211],[-99.4881,41.9211],[-99.4443,41.9138],[-99.4163,41.9028],[-99.4039,41.8879],[-99.4108,41.8784],[-99.4369,41.8742],[-99.4666,41.8816],[-99.4997,41.9007],[-99.5147,41.9138]]]}},{"type":"Feature","properties":{"c":"#00ff00","v0":0.003,"v1":0.005},"geometry":{"type":"Polygon","coordinates":[[[-97.7229,41.8737],[-97.701,41.8901],[-97.6725,41.8901],[-97.6376,41.8737],[-97.6326,41.8587],[-97.6575,41.845],[-97.686,41.845],[-97.7179,41.8587],[-97.7229,41.8737]]]}},{"type":"Feature","properties":{"c":"#00ff00","v0":0.003,"v1":0.005},"geometry":{"type":"Polygon","coordinates":[[[-99.6757,41.7806],[-99.6719,41.7895],[-99.6617,41.7932],[-99.6452,41.7917],[-99.6402,41.7863],[-99.6467,41.777],[-99.6569,41.7733],[-99.6707,41.7752],[-99.6757,41.7806]]]}},{"type":"Feature","properties":{"c":"#00ff00","v0":0.003,"v1":0.005},"geometry":{"type":"Polygon","coordinates":[[[-71.5498,41.7798],[-71.5496,41.7873],[-71.5427,41.791],[-71.5292,41.791],[-71.5243,41.7854],[-71.5281,41.7741],[-71.535,41.7704],[-71.5449,41.7742],[-71.5498,41.7798]]]}},{"type":"Feature","properties":{"c":"#00ff00","v0":0.003,"v1":0.005},"geometry":{"type":"Polygon","coordinates":[[[-98.5251,41.6828],[-98.507,41.7052],[-98.506,41.7245],[-98.522,41.7408],[-98.525,41.7581],[-98.515,41.7763],[-98.48,41.7747],[-98.42,41.7534],[-98.3869,41.7063],[-98.3808,41.6333],[-98.3858,41.5924],[-98.4019,41.5835],[-98.43,41.5805],[-98.47,41.5832],[-98.501,41.6063],[-98.5231,41.6498],[-98.5251,41.6828]]]}},{"type":"Feature","properties":{"c":"#00ff00","v0":0.003,"v1":0.005},"geometry":{"type":"Polygon","coordinates":[[[-97.9517,41.7647],[-97.9372,41.7717],[-97.9,41.7573],[-97.84,41.7216],[-97.7978,41.6882],[-97.7734,41.6572],[-97.7634,41.6348],[-97.7678,41.621],[-97.7803,41.6135],[-97.801,41.6124],[-97.8177,41.6305],[-97.8302,41.6679],[-97.8599,41.6901],[-97.9066,41.6971],[-97.9372,41.7158],[-97.9517,41.7461],[-97.9517,41.7647]]]}},{"type":"Feature","properties":{"c":"#00ff00","v0":0.003,"v1":0.005},"geometry":{"type":"Polygon","coordinates":[[[-101.4695,41.6086],[-101.4165,41.6621],[-101.345,41.6936],[-101.255,41.7032],[-101.1982,41.6989],[-101.1746,41.6807],[-101.1896,41.6557],[-101.2432,41.624],[-101.3,41.6011],[-101.36,41.587],[-101.4165,41.5804],[-101.4695,41.5814],[-101.4695,41.6086]]]}},{"type":"Feature","properties":{"c":"#00ff00","v0":0.003,"v1":0.005},"geometry":{"type":"Polygon","coordinates":[[[-101.0927,41.6794],[-101.0776,41.6951],[-101.0562,41.7026],[-101.0287,41.7018],[-101.0065,41.6977],[-100.9897,41.6903],[-100.9834,41.6822],[-100.9878,41.6736],[-100.965,41.6643],[-100.915,41.6542],[-100.8858,41.636],[-100.8774,41.6099],[-100.8774,41.5927],[-100.8858,41.5845],[-100.905,41.5803],[-100.935,41.5802],[-100.96,41.5686],[-100.98,41.5457],[-101.0,41.5338],[-101.02,41.533],[-101.0383,41.5412],[-101.055,41.5584],[-101.0533,41.5894],[-101.0335,41.6342],[-101.0401,41.6558],[-101.0734,41.6542],[-101.0926,41.6579],[-101.0977,41.667],[-101.0927,41.6794]]]}},{"type":"Feature","properties":{"c":"#00ff00","v0":0.003,"v1":0.005},"geometry":{"type":"Polygon","coordinates":[[[-97.1665,41.6865],[-97.1541,41.6865],[-97.1534,41.6826],[-97.1645,41.6748],[-97.1707,41.6748],[-97.172,41.6826],[-97.1665,41.6865]]]}},{"type":"Feature","properties":{"c":"#00ff00","v0":0.003,"v1":0.005},"geometry":{"type":"Polygon","coordinates":[[[-100.0155,41.6607],[-99.9985,41.6689],[-99.98,41.6712],[-99.96,41.6676],[-99.935,41.6485],[-99.9051,41.6141],[-99.9101,41.5992],[-99.95,41.604],[-99.9835,41.6189],[-100.0105,41.6441],[-100.0155,41.6607]]]}},{"type":"Feature","properties":{"c":"#00ff00","v0":0.003,"v1":0.005},"geometry":{"type":"Polygon","coordinates":[[[-99.8159,41.6127],[-99.7586,41.6445],[-99.7184,41.6557],[-99.6953,41.6464],[-99.6748,41.6268],[-99.6571,41.5969],[-99.6587,41.5733],[-99.6796,41.5561],[-99.705,41.5632],[-99.735,41.5946],[-99.7552,41.6106],[-99.7656,41.6114],[-99.7806,41.6014],[-99.8002,41.5807],[-99.8186,41.5769],[-99.8359,41.5902],[-99.8159,41.6127]]]}},{"type":"Feature","properties":{"c":"#00ff00","v0":0.003,"v1":0.005},"geometry":{"type":"Polygon","coordinates":[[[-101.6682,41.5553],[-101.6561,41.562],[-101.6438,41.562],[-101.6315,41.5553],[-101.6315,41.5487],[-101.6438,41.542],[-101.6561,41.542],[-101.6682,41.5487],[-101.6682,41.5553]]]}},{"type":"Feature","properties":{"c":"#00ff00","v0":0.003,"v1":0.005},"geometry":{"type":"Polygon","coordinates":[[[-98.8695,40.8967],[-98.7898,40.9402],[-98.7498,40.9705],[-98.7494,40.9873],[-98.76,41.0071],[-98.7814,41.0297],[-98.7697,41.0524],[-98.7248,41.075],[-98.7044,41.0938],[-98.7086,41.1089],[-98.7055,41.1224],[-98.6952,41.1344],[-98.65,41.1271],[-98.57,41.1006],[-98.5158,41.0908],[-98.4875,41.0978],[-98.479,41.1164],[-98.4903,41.1466],[-98.4844,41.1686],[-98.4615,41.1827],[-98.4441,41.2015],[-98.4324,41.2251],[-98.4024,41.2504],[-98.3541,41.2774],[-98.305,41.3131],[-98.255,41.3576],[-98.2087,41.3854],[-98.1662,41.3965],[-98.1521,41.4171],[-98.1666,41.4471],[-98.1653,41.4808],[-98.1484,41.5183],[-98.1325,41.5359],[-98.1175,41.5336],[-98.105,41.5231],[-98.095,41.5044],[-98.07,41.4972],[-98.03,41.5016],[-98.006,41.4859],[-97.9979,41.45],[-97.9864,41.4246],[-97.9716,41.4096],[-97.9663,41.3946],[-97.9705,41.3796],[-97.9869,41.3656],[-98.0156,41.3525],[-98.055,41.3485],[-98.105,41.3535],[-98.155,41.3378],[-98.205,41.3014],[-98.2433,41.2791],[-98.2698,41.271],[-98.2702,41.2444],[-98.2446,41.1993],[-98.2443,41.1654],[-98.2694,41.1428],[-98.289,41.113],[-98.303,41.076],[-98.3372,41.0496],[-98.3915,41.0338],[-98.4315,41.0086],[-98.4572,40.9739],[-98.5005,40.9324],[-98.5615,40.884],[-98.5888,40.8295],[-98.5823,40.7689],[-98.6068,40.7309],[-98.6623,40.7155],[-98.6991,40.6966],[-98.7174,40.6741],[-98.7374,40.6595],[-98.7591,40.653],[-98.7723,40.6796],[-98.7768,40.7392],[-98.7602,40.7954],[-98.7224,40.8484],[-98.7211,40.8787],[-98.7561,40.8862],[-98.7804,40.8749],[-98.7941,40.8446],[-98.8132,40.8248],[-98.8377,40.8153],[-98.8648,40.8267],[-98.8945,40.8588],[-98.8695,40.8967]],[[-98.1438,41.4678],[-98.1346,41.4792],[-98.12,41.4804],[-98.1,41.4713],[-98.075,41.4709],[-98.045,41.4791],[-98.0165,41.4629],[-97.9896,41.4224],[-97.9782,41.3946],[-97.9825,41.3796],[-98.001,41.3671],[-98.0337,41.3572],[-98.065,41.3563],[-98.095,41.3643],[-98.1081,41.3843],[-98.1042,41.4162],[-98.1138,41.4396],[-98.1368,41.4546],[-98.1438,41.4678]],[[-98.7461,40.731],[-98.7242,40.7765],[-98.6981,40.7992],[-98.6679,40.7992],[-98.6443,40.7879],[-98.6273,40.7651],[-98.6516,40.7375],[-98.7172,40.7048],[-98.7518,40.6935],[-98.7553,40.7034],[-98.7461,40.731]],[[-98.8786,40.8797],[-98.8595,40.8893],[-98.8452,40.8855],[-98.8356,40.8684],[-98.8406,40.8573],[-98.8602,40.8524],[-98.8745,40.8562],[-98.8836,40.8687],[-98.8786,40.8797]],[[-98.7222,41.0286],[-98.7007,41.034],[-98.69,41.0154],[-98.69,40.9726],[-98.695,40.9518],[-98.705,40.9528],[-98.7157,40.9715],[-98.7272,41.0078],[-98.7222,41.0286]],[[-98.6278,41.018],[-98.6159,41.0322],[-98.61,41.033],[-98.61,41.0203],[-98.6159,41.0132],[-98.6278,41.0116],[-98.6278,41.018]],[[-98.5528,40.9882],[-98.5143,41.0335],[-98.4837,41.0586],[-98.4612,41.0637],[-98.4606,41.0411],[-98.4818,40.9907],[-98.5068,40.9602],[-98.5356,40.9494],[-98.5555,40.9494],[-98.5666,40.9602],[-98.5528,40.9882]],[[-98.4346,41.1564],[-98.4049,41.1762],[-98.375,41.1777],[-98.345,41.1611],[-98.3289,41.1625],[-98.3268,41.182],[-98.3168,41.2004],[-98.2989,41.2177],[-98.2787,41.2177],[-98.2562,41.2004],[-98.2611,41.1804],[-98.2935,41.1579],[-98.3085,41.1353],[-98.3063,41.1127],[-98.3114,41.0949],[-98.3238,41.0821],[-98.35,41.0822],[-98.39,41.0954],[-98.4199,41.1131],[-98.4396,41.1354],[-98.4346,41.1564]],[[-98.2032,41.3571],[-98.1838,41.3571],[-98.178,41.353],[-98.186,41.3448],[-98.1957,41.3448],[-98.2072,41.353],[-98.2032,41.3571]]]}},{"type":"Feature","properties":{"c":"#00ff00","v0":0.003,"v1":0.005},"geometry":{"type":"Polygon","coordinates":[[[-98.5701,41.4982],[-98.5567,41.5106],[-98.5479,41.5106],[-98.5437,41.4982],[-98.5504,41.4921],[-98.568,41.4921],[-98.5701,41.4982]]]}},{"type":"Feature","properties":{"c":"#00ff00","v0":0.003,"v1":0.005},"geometry":{"type":"Polygon","coordinates":[[[-101.2057,41.4662],[-101.1952,41.4744],[-101.19,41.4715],[-101.19,41.4576],[-101.1952,41.4535],[-101.2057,41.4592],[-101.2057,41.4662]]]}},{"type":"Feature","properties":{"c":"#00ff00","v0":0.003,"v1":0.005},"geometry":{"type":"Polygon","coordinates":[[[-99.3321,41.4621],[-99.3137,41.4621],[-99.3028,41.4546],[-99.2994,41.4396],[-99.3057,41.4322],[-99.3219,41.4325],[-99.3328,41.44],[-99.3385,41.4547],[-99.3321,41.4621]]]}},{"type":"Feature","properties":{"c":"#00ff00","v0":0.003,"v1":0.005},"geometry":{"type":"Polygon","coordinates":[[[-97.1858,41.396],[-97.1753,41.4137],[-97.145,41.4343],[-97.095,41.4576],[-97.054,41.4525],[-97.0219,41.4189],[-97.0369,41.3919],[-97.099,41.3715],[-97.1453,41.3677],[-97.1758,41.3807],[-97.1858,41.396]]]}},{"type":"Feature","properties":{"c":"#00ff00","v0":0.003,"v1":0.005},"geometry":{"type":"Polygon","coordinates":[[[-112.3842,41.4209],[-112.3726,41.4284],[-112.3676,41.4267],[-112.3692,41.4159],[-112.375,41.4121],[-112.3851,41.4154],[-112.3842,41.4209]]]}},{"type":"Feature","properties":{"c":"#00ff00","v0":0.003,"v1":0.005},"geometry":{"type":"Polygon","coordinates":[[[-99.3555,41.3308],[-99.336,41.3383],[-99.3305,41.3346],[-99.3389,41.3195],[-99.3486,41.3158],[-99.3597,41.3233],[-99.3555,41.3308]]]}},{"type":"Feature","properties":{"c":"#00ff00","v0":0.003,"v1":0.005},"geometry":{"type":"Polygon","coordinates":[[[-97.1404,41.2317],[-97.1201,41.2514],[-97.105,41.2521],[-97.095,41.2337],[-97.075,41.2212],[-97.045,41.2145],[-97.0322,41.1951],[-97.0365,41.1627],[-97.0465,41.1432],[-97.0622,41.1365],[-97.0853,41.1365],[-97.1159,41.1432],[-97.136,41.1654],[-97.1457,41.203],[-97.1404,41.2317]]]}},{"type":"Feature","properties":{"c":"#00ff00","v0":0.003,"v1":0.005},"geometry":{"type":"Polygon","coordinates":[[[-98.176,41.1193],[-98.172,41.1251],[-98.1647,41.1251],[-98.154,41.1193],[-98.156,41.1164],[-98.1707,41.1164],[-98.176,41.1193]]]}},{"type":"Feature","properties":{"c":"#00ff00","v0":0.003,"v1":0.005},"geometry":{"type":"Polygon","coordinates":[[[-105.1498,41.0901],[-105.1495,41.0976],[-105.1415,41.1014],[-105.1257,41.1014],[-105.1209,41.0961],[-105.127,41.0856],[-105.135,41.0818],[-105.145,41.0848],[-105.1498,41.0901]]]}},{"type":"Feature","properties":{"c":"#00ff00","v0":0.003,"v1":0.005},"geometry":{"type":"Polygon","coordinates":[[[-78.5416,41.0712],[-78.5162,41.0712],[-78.5101,41.0681],[-78.5234,41.0618],[-78.5361,41.0618],[-78.5483,41.0681],[-78.5416,41.0712]]]}},{"type":"Feature","properties":{"c":"#00ff00","v0":0.003,"v1":0.005},"geometry":{"type":"Polygon","coordinates":[[[-98.3154,40.9526],[-98.2851,40.987],[-98.2661,40.9908],[-98.2583,40.9639],[-98.2633,40.9453],[-98.2811,40.935],[-98.3001,40.9312],[-98.3204,40.934],[-98.3154,40.9526]]]}},{"type":"Feature","properties":{"c":"#00ff00","v0":0.003,"v1":0.005},"geometry":{"type":"Polygon","coordinates":[[[-98.451,40.8452],[-98.4237,40.8765],[-98.395,40.8988],[-98.365,40.9121],[-98.3455,40.9153],[-98.3366,40.9085],[-98.3305,40.89],[-98.3274,40.8598],[-98.3319,40.8341],[-98.344,40.813],[-98.37,40.799],[-98.41,40.7918],[-98.4387,40.7986],[-98.456,40.8192],[-98.451,40.8452]],[[-98.4121,40.8337],[-98.3974,40.842],[-98.3838,40.842],[-98.3713,40.8337],[-98.3713,40.8254],[-98.3838,40.8171],[-98.3974,40.8171],[-98.4121,40.8254],[-98.4121,40.8337]]]}},{"type":"Feature","properties":{"c":"#00ff00","v0":0.003,"v1":0.005},"geometry":{"type":"Polygon","coordinates":[[[-78.6827,40.7017],[-78.6742,40.7187],[-78.6626,40.7263],[-78.6477,40.7244],[-78.6427,40.706],[-78.6476,40.6709],[-78.6576,40.6558],[-78.6728,40.6605],[-78.682,40.6704],[-78.6853,40.6856],[-78.6827,40.7017]]]}},{"type":"Feature","properties":{"c":"#00ff00","v0":0.003,"v1":0.005},"geometry":{"type":"Polygon","coordinates":[[[-97.845,40.6416],[-97.835,40.66],[-97.8185,40.6676],[-97.7954,40.6644],[-97.7854,40.6313],[-97.7885,40.5683],[-97.7972,40.5379],[-97.8115,40.5402],[-97.8177,40.5527],[-97.8156,40.5755],[-97.8234,40.5983],[-97.8411,40.6211],[-97.845,40.6416]],[[-97.8185,40.6373],[-97.8128,40.6469],[-97.8074,40.6469],[-97.8023,40.6373],[-97.8023,40.6296],[-97.8074,40.6239],[-97.8128,40.6239],[-97.8185,40.6296],[-97.8185,40.6373]]]}},{"type":"Feature","properties":{"c":"#00ff00","v0":0.003,"v1":0.005},"geometry":{"type":"Polygon","coordinates":[[[-112.7521,40.6392],[-112.7374,40.6527],[-112.73,40.6496],[-112.73,40.6299],[-112.7374,40.6231],[-112.7521,40.6294],[-112.7521,40.6392]]]}},{"type":"Feature","properties":{"c":"#00ff00","v0":0.003,"v1":0.005},"geometry":{"type":"Polygon","coordinates":[[[-98.757,40.5506],[-98.739,40.5691],[-98.7222,40.5767],[-98.7065,40.5734],[-98.7065,40.562],[-98.7222,40.5425],[-98.739,40.5349],[-98.757,40.5392],[-98.757,40.5506]]]}},{"type":"Feature","properties":{"c":"#00ff00","v0":0.003,"v1":0.005},"geometry":{"type":"Polygon","coordinates":[[[-97.368,40.508],[-97.356,40.5327],[-97.345,40.5456],[-97.335,40.5467],[-97.3278,40.5306],[-97.3234,40.4972],[-97.3284,40.4784],[-97.3428,40.4741],[-97.356,40.4779],[-97.368,40.4898],[-97.368,40.508]]]}},{"type":"Feature","properties":{"c":"#00ff00","v0":0.003,"v1":0.005},"geometry":{"type":"Polygon","coordinates":[[[-102.4334,40.4386],[-102.4164,40.4463],[-102.4022,40.4463],[-102.3909,40.4386],[-102.3861,40.4272],[-102.3878,40.412],[-102.399,40.4056],[-102.4197,40.408],[-102.433,40.4157],[-102.439,40.4284],[-102.4334,40.4386]]]}},{"type":"Feature","properties":{"c":"#00ff00","v0":0.003,"v1":0.005},"geometry":{"type":"Polygon","coordinates":[[[-103.7851,40.2214],[-103.7615,40.2519],[-103.7247,40.2848],[-103.6749,40.3201],[-103.627,40.343],[-103.5811,40.3534],[-103.6061,40.3175],[-103.702,40.235],[-103.7617,40.1969],[-103.7852,40.203],[-103.7851,40.2214]]]}},{"type":"Feature","properties":{"c":"#00ff00","v0":0.003,"v1":0.005},"geometry":{"type":"Polygon","coordinates":[[[-101.7302,40.2111],[-101.7167,40.221],[-101.7029,40.2172],[-101.6888,40.1996],[-101.6888,40.1892],[-101.7029,40.186],[-101.7167,40.1899],[-101.7302,40.2007],[-101.7302,40.2111]]]}},{"type":"Feature","properties":{"c":"#00ff00","v0":0.003,"v1":0.005},"geometry":{"type":"Polygon","coordinates":[[[-99.4598,40.1266],[-99.4399,40.1511],[-99.4,40.1635],[-99.34,40.1638],[-99.3065,40.1592],[-99.2994,40.1497],[-99.3194,40.1319],[-99.3665,40.1059],[-99.4099,40.0982],[-99.4498,40.109],[-99.4598,40.1266]],[[-99.4276,40.1297],[-99.4095,40.1297],[-99.4012,40.1258],[-99.4025,40.1182],[-99.4115,40.1182],[-99.4283,40.1258],[-99.4276,40.1297]]]}},{"type":"Feature","properties":{"c":"#00ff00","v0":0.003,"v1":0.005},"geometry":{"type":"Polygon","coordinates":[[[-99.6313,40.1349],[-99.6171,40.1455],[-99.6043,40.1493],[-99.593,40.1464],[-99.593,40.1355],[-99.6043,40.1167],[-99.6171,40.1128],[-99.6313,40.1241],[-99.6313,40.1349]]]}},{"type":"Feature","properties":{"c":"#00ff00","v0":0.003,"v1":0.005},"geometry":{"type":"Polygon","coordinates":[[[-104.8319,40.0914],[-104.8239,40.1067],[-104.8096,40.1144],[-104.7889,40.1144],[-104.7814,40.1088],[-104.7871,40.0977],[-104.8015,40.09],[-104.8244,40.0859],[-104.8319,40.0914]]]}},{"type":"Feature","properties":{"c":"#00ff00","v0":0.003,"v1":0.005},"geometry":{"type":"Polygon","coordinates":[[[-101.6185,39.9832],[-101.5995,39.9964],[-101.5841,39.9964],[-101.5723,39.9832],[-101.5723,39.9705],[-101.5841,39.9584],[-101.5995,39.9584],[-101.6185,39.9705],[-101.6185,39.9832]]]}},{"type":"Feature","properties":{"c":"#00ff00","v0":0.003,"v1":0.005},"geometry":{"type":"Polygon","coordinates":[[[-97.7566,39.9919],[-97.7427,39.9919],[-97.7343,39.9876],[-97.7314,39.9789],[-97.735,39.9726],[-97.745,39.9687],[-97.7534,39.973],[-97.7602,39.9856],[-97.7566,39.9919]]]}},{"type":"Feature","properties":{"c":"#00ff00","v0":0.003,"v1":0.005},"geometry":{"type":"Polygon","coordinates":[[[-104.8449,39.5229],[-104.8221,39.5383],[-104.8075,39.5576],[-104.801,39.5807],[-104.8004,39.6193],[-104.8056,39.6732],[-104.7936,39.7036],[-104.7645,39.7105],[-104.745,39.7028],[-104.7351,39.6805],[-104.7372,39.6501],[-104.7513,39.6116],[-104.7498,39.5807],[-104.7327,39.5576],[-104.7355,39.5387],[-104.7585,39.5242],[-104.775,39.5061],[-104.785,39.4845],[-104.795,39.4729],[-104.805,39.4713],[-104.8216,39.4817],[-104.8447,39.504],[-104.8449,39.5229]]]}},{"type":"Feature","properties":{"c":"#00ff00","v0":0.003,"v1":0.005},"geometry":{"type":"Polygon","coordinates":[[[-104.64,39.5864],[-104.6333,39.6054],[-104.615,39.6184],[-104.585,39.6253],[-104.5561,39.6235],[-104.5282,39.613],[-104.508,39.5962],[-104.4954,39.573],[-104.4993,39.5537],[-104.5198,39.5383],[-104.55,39.5348],[-104.59,39.5433],[-104.6183,39.5549],[-104.635,39.5696],[-104.64,39.5864]],[[-104.6156,39.5827],[-104.6119,39.5942],[-104.6,39.6029],[-104.58,39.6086],[-104.5568,39.599],[-104.5303,39.574],[-104.5203,39.5589],[-104.5268,39.5537],[-104.5519,39.5576],[-104.5956,39.5704],[-104.6156,39.5827]]]}},{"type":"Feature","properties":{"c":"#00ff00","v0":0.003,"v1":0.005},"geometry":{"type":"Polygon","coordinates":[[[-89.6273,39.5312],[-89.6158,39.5324],[-89.6092,39.5286],[-89.6077,39.5196],[-89.6127,39.5146],[-89.6242,39.5134],[-89.6308,39.5173],[-89.6323,39.5262],[-89.6273,39.5312]]]}},{"type":"Feature","properties":{"c":"#00ff00","v0":0.003,"v1":0.005},"geometry":{"type":"Polygon","coordinates":[[[-101.2974,39.4341],[-101.2533,39.4882],[-101.2259,39.5157],[-101.2153,39.5168],[-101.209,39.5091],[-101.2071,39.4926],[-101.2171,39.4703],[-101.239,39.4424],[-101.26,39.4208],[-101.28,39.4055],[-101.2974,39.4002],[-101.3121,39.4048],[-101.2974,39.4341]]]}},{"type":"Feature","properties":{"c":"#00ff00","v0":0.003,"v1":0.005},"geometry":{"type":"Polygon","coordinates":[[[-104.7227,39.4873],[-104.7009,39.4931],[-104.6834,39.4931],[-104.6702,39.4873],[-104.6752,39.4776],[-104.6984,39.4643],[-104.7159,39.4643],[-104.7277,39.4776],[-104.7227,39.4873]]]}},{"type":"Feature","properties":{"c":"#00ff00","v0":0.003,"v1":0.005},"geometry":{"type":"Polygon","coordinates":[[[-101.566,39.3665],[-101.5553,39.378],[-101.5414,39.378],[-101.5242,39.3665],[-101.5242,39.3563],[-101.5414,39.3475],[-101.5553,39.3475],[-101.566,39.3563],[-101.566,39.3665]]]}},{"type":"Feature","properties":{"c":"#00ff00","v0":0.003,"v1":0.005},"geometry":{"type":"Polygon","coordinates":[[[-107.628,39.1904],[-107.6103,39.1904],[-107.6086,39.1859],[-107.6229,39.177],[-107.6317,39.177],[-107.6351,39.1859],[-107.628,39.1904]]]}},{"type":"Feature","properties":{"c":"#00ff00","v0":0.003,"v1":0.005},"geometry":{"type":"Polygon","coordinates":[[[-107.789,39.1003],[-107.7763,39.1063],[-107.7644,39.1063],[-107.7533,39.1003],[-107.7533,39.0918],[-107.7644,39.0808],[-107.7763,39.0808],[-107.789,39.0918],[-107.789,39.1003]]]}},{"type":"Feature","properties":{"c":"#00ff00","v0":0.003,"v1":0.005},"geometry":{"type":"Polygon","coordinates":[[[-104.4544,39.0729],[-104.4381,39.0863],[-104.4231,39.0902],[-104.4094,39.0846],[-104.4094,39.0743],[-104.4231,39.0592],[-104.4381,39.0553],[-104.4544,39.0626],[-104.4544,39.0729]]]}},{"type":"Feature","properties":{"c":"#00ff00","v0":0.003,"v1":0.005},"geometry":{"type":"Polygon","coordinates":[[[-104.3143,38.9872],[-104.2848,39.0156],[-104.255,39.0311],[-104.225,39.0336],[-104.2026,39.0272],[-104.1877,39.0118],[-104.1782,38.9847],[-104.1739,38.9458],[-104.1813,38.9195],[-104.2004,38.9057],[-104.22,38.8989],[-104.24,38.8992],[-104.2698,38.9178],[-104.3093,38.9546],[-104.3143,38.9872]],[[-104.3032,38.9846],[-104.2811,39.0077],[-104.255,39.02],[-104.225,39.0214],[-104.2039,38.9982],[-104.1918,38.9503],[-104.2018,38.923],[-104.2339,38.9162],[-104.2661,38.9279],[-104.2982,38.958],[-104.3032,38.9846]]]}},{"type":"Feature","properties":{"c":"#00ff00","v0":0.003,"v1":0.005},"geometry":{"type":"Polygon","coordinates":[[[-90.5523,38.7462],[-90.5374,38.7597],[-90.5207,38.7636],[-90.5022,38.7579],[-90.4972,38.7446],[-90.5057,38.7238],[-90.5224,38.7199],[-90.5473,38.7329],[-90.5523,38.7462]]]}},{"type":"Feature","properties":{"c":"#00ff00","v0":0.003,"v1":0.005},"geometry":{"type":"Polygon","coordinates":[[[-104.5383,38.3686],[-104.5328,38.3779],[-104.5238,38.3818],[-104.5113,38.3804],[-104.5063,38.3739],[-104.5088,38.3623],[-104.5178,38.3584],[-104.5333,38.3621],[-104.5383,38.3686]]]}},{"type":"Feature","properties":{"c":"#00ff00","v0":0.003,"v1":0.005},"geometry":{"type":"Polygon","coordinates":[[[-81.4449,38.3518],[-81.435,38.3589],[-81.4249,38.3589],[-81.4148,38.3518],[-81.4198,38.3483],[-81.4398,38.3483],[-81.4449,38.3518]]]}},{"type":"Feature","properties":{"c":"#00ff00","v0":0.003,"v1":0.005},"geometry":{"type":"Polygon","coordinates":[[[-105.1697,38.2728],[-105.1566,38.2786],[-105.1484,38.2747],[-105.1452,38.261],[-105.1518,38.258],[-105.1681,38.2659],[-105.1697,38.2728]]]}},{"type":"Feature","properties":{"c":"#00ff00","v0":0.003,"v1":0.005},"geometry":{"type":"Polygon","coordinates":[[[-104.6942,38.1032],[-104.6781,38.116],[-104.6621,38.116],[-104.6463,38.1032],[-104.6463,38.0904],[-104.6621,38.0774],[-104.6781,38.0774],[-104.6942,38.0904],[-104.6942,38.1032]]]}},{"type":"Feature","properties":{"c":"#00ff00","v0":0.003,"v1":0.005},"geometry":{"type":"Polygon","coordinates":[[[-105.0325,38.0565],[-105.0042,38.0702],[-104.9747,38.0702],[-104.944,38.0565],[-104.9184,38.026],[-104.8979,37.9787],[-104.8983,37.9451],[-104.9194,37.9252],[-104.935,37.9132],[-104.945,37.9089],[-104.9656,37.915],[-104.9968,37.9312],[-105.021,37.9669],[-105.0381,38.0221],[-105.0325,38.0565]],[[-105.0218,38.0421],[-105.0006,38.0586],[-104.9747,38.0586],[-104.9442,38.0421],[-104.9273,38.0142],[-104.9239,37.9748],[-104.9292,37.9492],[-104.9431,37.9374],[-104.9618,37.9335],[-104.9855,37.9374],[-105.0061,37.963],[-105.0236,38.0103],[-105.0218,38.0421]]]}},{"type":"Feature","properties":{"c":"#00ff00","v0":0.003,"v1":0.005},"geometry":{"type":"Polygon","coordinates":[[[-104.6686,37.951],[-104.6562,37.9428],[-104.655,37.9379],[-104.665,37.9365],[-104.6712,37.9406],[-104.6736,37.9502],[-104.6686,37.951]]]}},{"type":"Feature","properties":{"c":"#00ff00","v0":0.003,"v1":0.005},"geometry":{"type":"Polygon","coordinates":[[[-104.7891,37.8841],[-104.7809,37.8999],[-104.7701,37.909],[-104.7567,37.9115],[-104.7413,37.9036],[-104.724,37.8853],[-104.724,37.8697],[-104.7413,37.8569],[-104.7608,37.8569],[-104.7824,37.8697],[-104.7891,37.8841]],[[-104.7675,37.8814],[-104.7558,37.8918],[-104.7461,37.8918],[-104.7384,37.8814],[-104.7442,37.8762],[-104.7636,37.8762],[-104.7675,37.8814]]]}},{"type":"Feature","properties":{"c":"#00ff00","v0":0.003,"v1":0.005},"geometry":{"type":"Polygon","coordinates":[[[-83.8376,37.8323],[-83.8192,37.8393],[-83.8078,37.8393],[-83.8035,37.8323],[-83.8127,37.8288],[-83.8354,37.8288],[-83.8376,37.8323]]]}},{"type":"Feature","properties":{"c":"#00ff00","v0":0.003,"v1":0.005},"geometry":{"type":"Polygon","coordinates":[[[-104.5348,37.7617],[-104.5049,37.7855],[-104.47,37.8009],[-104.43,37.8077],[-104.3919,37.7997],[-104.3557,37.7769],[-104.3457,37.7573],[-104.3619,37.7406],[-104.395,37.7404],[-104.445,37.7566],[-104.485,37.7542],[-104.515,37.7332],[-104.5349,37.7295],[-104.5448,37.743],[-104.5348,37.7617]],[[-104.4244,37.7857],[-104.4015,37.7945],[-104.3821,37.7866],[-104.3662,37.762],[-104.3712,37.7492],[-104.3971,37.748],[-104.4165,37.7559],[-104.4294,37.7729],[-104.4244,37.7857]]]}},{"type":"Feature","properties":{"c":"#00ff00","v0":0.003,"v1":0.005},"geometry":{"type":"Polygon","coordinates":[[[-82.9443,37.7859],[-82.9348,37.7949],[-82.905,37.7919],[-82.855,37.777],[-82.84,37.7494],[-82.86,37.7091],[-82.8898,37.7121],[-82.9293,37.7583],[-82.9443,37.7859]]]}},{"type":"Feature","properties":{"c":"#00ff00","v0":0.003,"v1":0.005},"geometry":{"type":"Polygon","coordinates":[[[-104.738,37.734],[-104.7197,37.7656],[-104.6954,37.784],[-104.6651,37.7892],[-104.6435,37.7853],[-104.6304,37.7721],[-104.6249,37.7537],[-104.627,37.73],[-104.6085,37.7145],[-104.5695,37.7071],[-104.5433,37.6953],[-104.53,37.6789],[-104.5255,37.6588],[-104.53,37.635],[-104.5417,37.618],[-104.5606,37.6077],[-104.595,37.6009],[-104.645,37.5975],[-104.6761,37.6027],[-104.6884,37.6163],[-104.6909,37.639],[-104.6837,37.6707],[-104.6968,37.6944],[-104.7304,37.7102],[-104.738,37.734]],[[-104.7155,37.745],[-104.6985,37.7671],[-104.6779,37.775],[-104.6538,37.7687],[-104.6488,37.7549],[-104.6629,37.7335],[-104.6835,37.7256],[-104.7105,37.7312],[-104.7155,37.745]],[[-104.6749,37.6493],[-104.6583,37.67],[-104.64,37.6824],[-104.62,37.6865],[-104.6,37.6878],[-104.58,37.6863],[-104.5621,37.6779],[-104.5464,37.6625],[-104.5414,37.6466],[-104.5471,37.6303],[-104.57,37.6175],[-104.61,37.6083],[-104.64,37.6048],[-104.66,37.6071],[-104.6733,37.6159],[-104.6799,37.6313],[-104.6749,37.6493]]]}},{"type":"Feature","properties":{"c":"#00ff00","v0":0.003,"v1":0.005},"geometry":{"type":"Polygon","coordinates":[[[-84.2412,37.754],[-84.2337,37.7624],[-84.1961,37.7624],[-84.1283,37.754],[-84.1083,37.7294],[-84.1361,37.6887],[-84.1664,37.6689],[-84.1991,37.6701],[-84.2113,37.6786],[-84.203,37.6944],[-84.2104,37.7142],[-84.2334,37.7379],[-84.2412,37.754]]]}},{"type":"Feature","properties":{"c":"#00ff00","v0":0.003,"v1":0.005},"geometry":{"type":"Polygon","coordinates":[[[-83.2575,37.7023],[-83.2551,37.734],[-83.2479,37.7518],[-83.236,37.756],[-83.2192,37.756],[-83.1977,37.7518],[-83.17,37.734],[-83.1363,37.7023],[-83.1271,37.6797],[-83.1424,37.666],[-83.17,37.659],[-83.21,37.6586],[-83.2372,37.6654],[-83.2516,37.6794],[-83.2575,37.7023]]]}},{"type":"Feature","properties":{"c":"#00ff00","v0":0.003,"v1":0.005},"geometry":{"type":"Polygon","coordinates":[[[-82.7092,37.6272],[-82.6964,37.6353],[-82.687,37.6353],[-82.6809,37.6272],[-82.6873,37.6231],[-82.7062,37.6231],[-82.7092,37.6272]]]}},{"type":"Feature","properties":{"c":"#00ff00","v0":0.003,"v1":0.005},"geometry":{"type":"Polygon","coordinates":[[[-82.5179,37.5201],[-82.5012,37.536],[-82.4842,37.5399],[-82.4669,37.532],[-82.4662,37.5196],[-82.4821,37.5027],[-82.4991,37.4987],[-82.5172,37.5077],[-82.5179,37.5201]]]}},{"type":"Feature","properties":{"c":"#00ff00","v0":0.003,"v1":0.005},"geometry":{"type":"Polygon","coordinates":[[[-82.7818,37.4526],[-82.7762,37.4923],[-82.7625,37.5149],[-82.7408,37.5204],[-82.7262,37.5165],[-82.7186,37.503],[-82.7186,37.4736],[-82.7262,37.4283],[-82.74,37.4053],[-82.76,37.4047],[-82.7737,37.4115],[-82.781,37.4257],[-82.7818,37.4526]]]}},{"type":"Feature","properties":{"c":"#00ff00","v0":0.003,"v1":0.005},"geometry":{"type":"Polygon","coordinates":[[[-105.1028,37.4838],[-105.0809,37.4905],[-105.0655,37.4826],[-105.0565,37.46],[-105.062,37.4487],[-105.0819,37.4487],[-105.0974,37.4566],[-105.1083,37.4725],[-105.1028,37.4838]]]}},{"type":"Feature","properties":{"c":"#00ff00","v0":0.003,"v1":0.005},"geometry":{"type":"Polygon","coordinates":[[[-114.2873,37.0743],[-114.2758,37.0898],[-114.2595,37.0938],[-114.2386,37.0863],[-114.2336,37.0748],[-114.2445,37.0592],[-114.2608,37.0552],[-114.2823,37.0628],[-114.2873,37.0743]]]}},{"type":"Feature","properties":{"c":"#00ff00","v0":0.003,"v1":0.005},"geometry":{"type":"Polygon","coordinates":[[[-120.1114,36.7821],[-120.0971,36.7887],[-120.0875,36.7847],[-120.0824,36.7701],[-120.0874,36.7614],[-120.1025,36.7588],[-120.1121,36.7628],[-120.1164,36.7735],[-120.1114,36.7821]]]}},{"type":"Feature","properties":{"c":"#00ff00","v0":0.003,"v1":0.005},"geometry":{"type":"Polygon","coordinates":[[[-114.9432,36.1745],[-114.9077,36.1884],[-114.8833,36.1925],[-114.87,36.1866],[-114.865,36.1779],[-114.8683,36.1661],[-114.88,36.1565],[-114.9,36.149],[-114.9227,36.1508],[-114.9482,36.162],[-114.9432,36.1745]]]}},{"type":"Feature","properties":{"c":"#00ff00","v0":0.003,"v1":0.005},"geometry":{"type":"Polygon","coordinates":[[[-117.1153,34.3132],[-117.0984,34.329],[-117.0833,34.3207],[-117.07,34.2884],[-117.0729,34.2723],[-117.0919,34.2723],[-117.107,34.2806],[-117.1182,34.2971],[-117.1153,34.3132]]]}},{"type":"Feature","properties":{"c":"#00ff00","v0":0.003,"v1":0.005},"geometry":{"type":"Polygon","coordinates":[[[-117.3597,34.309],[-117.3532,34.3164],[-117.3427,34.3164],[-117.3282,34.309],[-117.3315,34.3053],[-117.3525,34.3053],[-117.3597,34.309]]]}},{"type":"Feature","properties":{"c":"#00ff00","v0":0.003,"v1":0.005},"geometry":{"type":"Polygon","coordinates":[[[-118.6187,34.2792],[-118.5996,34.2929],[-118.5826,34.2929],[-118.5678,34.2792],[-118.5678,34.2661],[-118.5826,34.2537],[-118.5996,34.2537],[-118.6187,34.2661],[-118.6187,34.2792]]]}},{"type":"Feature","properties":{"c":"#00ff00","v0":0.003,"v1":0.005},"geometry":{"type":"Polygon","coordinates":[[[-117.2918,34.2748],[-117.2773,34.2799],[-117.2686,34.2757],[-117.2657,34.2624],[-117.2729,34.2599],[-117.2904,34.2682],[-117.2918,34.2748]]]}},{"type":"Feature","properties":{"c":"#00ff00","v0":0.003,"v1":0.005},"geometry":{"type":"Polygon","coordinates":[[[-118.1105,34.1482],[-118.0968,34.1647],[-118.08,34.1737],[-118.06,34.1754],[-118.025,34.1619],[-117.975,34.1334],[-117.91,34.1149],[-117.83,34.1064],[-117.78,34.0961],[-117.76,34.0842],[-117.74,34.0945],[-117.72,34.1271],[-117.695,34.1354],[-117.665,34.1194],[-117.635,34.1124],[-117.605,34.1144],[-117.555,34.1447],[-117.485,34.2033],[-117.44,34.2339],[-117.42,34.2364],[-117.3964,34.2298],[-117.3693,34.214],[-117.3379,34.1813],[-117.3022,34.1317],[-117.2558,34.0974],[-117.1986,34.0784],[-117.14,34.0471],[-117.08,34.0036],[-117.0457,33.9716],[-117.037,33.9512],[-117.042,33.9336],[-117.0607,33.9187],[-117.095,33.917],[-117.145,33.9284],[-117.195,33.9234],[-117.245,33.9021],[-117.2895,33.9121],[-117.3284,33.9535],[-117.3534,33.9903],[-117.3645,34.0223],[-117.395,34.0448],[-117.445,34.0578],[-117.48,34.0488],[-117.5,34.0178],[-117.52,33.9985],[-117.54,33.9909],[-117.58,34.0046],[-117.64,34.0398],[-117.6881,34.0449],[-117.7242,34.0199],[-117.7438,33.9908],[-117.747,33.9577],[-117.7839,33.936],[-117.8546,33.9257],[-117.9094,33.934],[-117.9482,33.9608],[-117.9799,33.995],[-118.0045,34.0364],[-118.0148,34.0654],[-118.011,34.082],[-118.0293,34.0916],[-118.0698,34.0942],[-118.0968,34.1066],[-118.1105,34.1288],[-118.1105,34.1482]],[[-117.6179,34.0788],[-117.586,34.0891],[-117.54,34.1238],[-117.48,34.1828],[-117.44,34.2149],[-117.42,34.22],[-117.4026,34.2184],[-117.3879,34.2102],[-117.3786,34.1979],[-117.3748,34.1813],[-117.3822,34.1542],[-117.4007,34.1165],[-117.4315,34.0917],[-117.4744,34.0797],[-117.5044,34.0552],[-117.5215,34.0183],[-117.5392,34.0017],[-117.5577,34.0055],[-117.5727,34.018],[-117.5842,34.0391],[-117.601,34.0557],[-117.6229,34.0677],[-117.6179,34.0788]],[[-117.2915,33.9711],[-117.2505,33.9647],[-117.2266,33.9564],[-117.2198,33.9462],[-117.2298,33.9328],[-117.2566,33.9163],[-117.2805,33.9246],[-117.3015,33.9577],[-117.2915,33.9711]],[[-118.0888,34.1458],[-118.0763,34.1575],[-118.0575,34.1575],[-118.0325,34.1458],[-118.0275,34.1339],[-118.0425,34.1218],[-118.0613,34.1218],[-118.0838,34.1339],[-118.0888,34.1458]],[[-117.9238,33.9784],[-117.9121,33.9867],[-117.8901,33.9784],[-117.8579,33.9535],[-117.8522,33.9411],[-117.8728,33.9411],[-117.8948,33.9494],[-117.9181,33.966],[-117.9238,33.9784]]]}},{"type":"Feature","properties":{"c":"#00ff00","v0":0.003,"v1":0.005},"geometry":{"type":"Polygon","coordinates":[[[-118.6223,34.1285],[-118.6141,34.1388],[-118.6024,34.1388],[-118.5872,34.1285],[-118.5872,34.1175],[-118.6024,34.1058],[-118.6141,34.1058],[-118.6223,34.1175],[-118.6223,34.1285]]]}},{"type":"Feature","properties":{"c":"#00ff00","v0":0.003,"v1":0.005},"geometry":{"type":"Polygon","coordinates":[[[-118.1808,34.0352],[-118.1203,34.0577],[-118.0753,34.0619],[-118.0459,34.0477],[-118.038,34.0323],[-118.0517,34.0157],[-118.0864,34.0021],[-118.1421,33.9916],[-118.1803,33.9957],[-118.2008,34.0146],[-118.1808,34.0352]],[[-118.1739,34.024],[-118.1561,34.024],[-118.153,34.019],[-118.1643,34.009],[-118.1732,34.009],[-118.1795,34.019],[-118.1739,34.024]]]}},{"type":"Feature","properties":{"c":"#00ff00","v0":0.003,"v1":0.005},"geometry":{"type":"Polygon","coordinates":[[[-116.8152,33.9143],[-116.7984,33.9273],[-116.7846,33.9314],[-116.7738,33.9268],[-116.7738,33.9183],[-116.7846,33.906],[-116.7984,33.9019],[-116.8152,33.9059],[-116.8152,33.9143]]]}},{"type":"Feature","properties":{"c":"#00ff00","v0":0.003,"v1":0.005},"geometry":{"type":"Polygon","coordinates":[[[-118.2455,33.8253],[-118.2218,33.8595],[-118.2015,33.8761],[-118.1846,33.8751],[-118.1857,33.8498],[-118.2049,33.7999],[-118.2184,33.7726],[-118.2261,33.7679],[-118.2368,33.7762],[-118.2505,33.7975],[-118.2455,33.8253]]]}},{"type":"Feature","properties":{"c":"#00ff00","v0":0.003,"v1":0.005},"geometry":{"type":"Polygon","coordinates":[[[-111.1694,33.877],[-111.1565,33.8816],[-111.1428,33.8774],[-111.1285,33.8645],[-111.1285,33.856],[-111.1428,33.8518],[-111.1565,33.8559],[-111.1694,33.8684],[-111.1694,33.877]]]}},{"type":"Feature","properties":{"c":"#00ff00","v0":0.003,"v1":0.005},"geometry":{"type":"Polygon","coordinates":[[[-117.8147,33.8468],[-117.8116,33.8576],[-117.8018,33.8617],[-117.7855,33.8593],[-117.7805,33.852],[-117.7868,33.8399],[-117.7966,33.8357],[-117.8097,33.8395],[-117.8147,33.8468]]]}},{"type":"Feature","properties":{"c":"#00ff00","v0":0.003,"v1":0.005},"geometry":{"type":"Polygon","coordinates":[[[-117.9183,33.8019],[-117.8994,33.8225],[-117.8776,33.8267],[-117.8527,33.8144],[-117.8477,33.7949],[-117.8626,33.7683],[-117.88,33.7573],[-117.9,33.7618],[-117.9144,33.7709],[-117.9233,33.7847],[-117.9183,33.8019]],[[-117.9105,33.7994],[-117.8968,33.815],[-117.88,33.815],[-117.8601,33.7994],[-117.8601,33.7849],[-117.88,33.7714],[-117.8968,33.7714],[-117.9105,33.7849],[-117.9105,33.7994]]]}},{"type":"Feature","properties":{"c":"#00ff00","v0":0.003,"v1":0.005},"geometry":{"type":"Polygon","coordinates":[[[-111.6111,33.4963],[-111.6104,33.5052],[-111.6033,33.5052],[-111.59,33.4963],[-111.585,33.4883],[-111.5883,33.4812],[-111.5954,33.4812],[-111.6061,33.4883],[-111.6111,33.4963]]]}},{"type":"Feature","properties":{"c":"#00ff00","v0":0.003,"v1":0.005},"geometry":{"type":"Polygon","coordinates":[[[-111.5991,33.4345],[-111.593,33.4534],[-111.585,33.4619],[-111.575,33.4601],[-111.5653,33.4466],[-111.5559,33.4211],[-111.5559,33.4049],[-111.5653,33.3979],[-111.578,33.402],[-111.5941,33.4174],[-111.5991,33.4345]]]}},{"type":"Feature","properties":{"c":"#00ff00","v0":0.003,"v1":0.005},"geometry":{"type":"Polygon","coordinates":[[[-111.7505,33.1485],[-111.7368,33.1637],[-111.7203,33.1678],[-111.7009,33.161],[-111.6959,33.1468],[-111.7053,33.1253],[-111.7218,33.1211],[-111.7455,33.1343],[-111.7505,33.1485]]]}},{"type":"Feature","properties":{"c":"#00ff00","v0":0.003,"v1":0.005},"geometry":{"type":"Polygon","coordinates":[[[-106.6308,31.9442],[-106.6169,31.9451],[-106.6094,31.9408],[-106.6081,31.9315],[-106.6131,31.9256],[-106.6244,31.9233],[-106.6319,31.9275],[-106.6358,31.9383],[-106.6308,31.9442]]]}},{"type":"Feature","properties":{"c":"#00ff00","v0":0.003,"v1":0.005},"geometry":{"type":"Polygon","coordinates":[[[-106.7883,31.9299],[-106.7761,31.936],[-106.7628,31.9318],[-106.7485,31.9171],[-106.7485,31.9067],[-106.7628,31.9004],[-106.7761,31.9046],[-106.7883,31.9194],[-106.7883,31.9299]]]}},{"type":"Feature","properties":{"c":"#00ff00","v0":0.003,"v1":0.005},"geometry":{"type":"Polygon","coordinates":[[[-106.4193,31.0441],[-106.3935,31.0527],[-106.3679,31.0507],[-106.3426,31.0382],[-106.3287,31.0253],[-106.326,31.0121],[-106.331,31.0001],[-106.3437,30.9891],[-106.3598,30.9848],[-106.3793,30.9872],[-106.3999,31.0012],[-106.4215,31.027],[-106.4193,31.0441]]]}},{"type":"Feature","properties":{"c":"#00ff00","v0":0.003,"v1":0.005},"geometry":{"type":"Polygon","coordinates":[[[-106.5142,30.9617],[-106.4714,30.977],[-106.4413,30.977],[-106.4238,30.9617],[-106.4338,30.9465],[-106.4713,30.9314],[-106.5014,30.9314],[-106.5242,30.9465],[-106.5142,30.9617]]]}},{"type":"Feature","properties":{"c":"#00ff00","v0":0.003,"v1":0.005},"geometry":{"type":"Polygon","coordinates":[[[-79.3875,28.458],[-79.3758,28.4688],[-79.3597,28.4732],[-79.3392,28.4712],[-79.3392,28.4592],[-79.3597,28.4371],[-79.3758,28.4327],[-79.3875,28.446],[-79.3875,28.458]]]}},{"type":"Feature","properties":{"c":"#80ff00","v0":0.005,"v1":0.008},"geometry":{"type":"Polygon","coordinates":[[[-107.6904,52.6332],[-107.6741,52.6332],[-107.672,52.6307],[-107.684,52.6257],[-107.6921,52.6257],[-107.6964,52.6307],[-107.6904,52.6332]]]}},{"type":"Feature","properties":{"c":"#80ff00","v0":0.005,"v1":0.008},"geometry":{"type":"Polygon","coordinates":[[[-107.7645,52.536],[-107.7449,52.536],[-107.7389,52.5325],[-107.7463,52.5255],[-107.7561,52.5255],[-107.7682,52.5325],[-107.7645,52.536]]]}},{"type":"Feature","properties":{"c":"#80ff00","v0":0.005,"v1":0.008},"geometry":{"type":"Polygon","coordinates":[[[-107.4566,52.5168],[-107.4389,52.5271],[-107.4213,52.5301],[-107.404,52.5259],[-107.3829,52.5056],[-107.3581,52.469],[-107.355,52.4507],[-107.3735,52.4507],[-107.4034,52.466],[-107.4448,52.4964],[-107.4566,52.5168]]]}},{"type":"Feature","properties":{"c":"#80ff00","v0":0.005,"v1":0.008},"geometry":{"type":"Polygon","coordinates":[[[-107.1458,52.5208],[-107.1271,52.5147],[-107.1259,52.5112],[-107.142,52.5104],[-107.1513,52.5135],[-107.1538,52.5204],[-107.1458,52.5208]]]}},{"type":"Feature","properties":{"c":"#80ff00","v0":0.005,"v1":0.008},"geometry":{"type":"Polygon","coordinates":[[[-107.1451,52.4048],[-107.135,52.4106],[-107.1091,52.4045],[-107.0673,52.3865],[-107.0473,52.3697],[-107.0491,52.3539],[-107.0626,52.3478],[-107.0877,52.3513],[-107.1128,52.3653],[-107.1377,52.3898],[-107.1451,52.4048]]]}},{"type":"Feature","properties":{"c":"#80ff00","v0":0.005,"v1":0.008},"geometry":{"type":"Polygon","coordinates":[[[-106.9126,52.3432],[-106.8975,52.3478],[-106.8848,52.3417],[-106.8744,52.3249],[-106.8781,52.3164],[-106.8961,52.3164],[-106.9088,52.3226],[-106.9163,52.3348],[-106.9126,52.3432]]]}},{"type":"Feature","properties":{"c":"#80ff00","v0":0.005,"v1":0.008},"geometry":{"type":"Polygon","coordinates":[[[-107.4226,52.3179],[-107.4142,52.3208],[-107.4068,52.3177],[-107.4003,52.3087],[-107.4045,52.3073],[-107.4194,52.3134],[-107.4226,52.3179]]]}},{"type":"Feature","properties":{"c":"#80ff00","v0":0.005,"v1":0.008},"geometry":{"type":"Polygon","coordinates":[[[-107.1997,52.2374],[-107.1799,52.2507],[-107.1585,52.2537],[-107.1354,52.2466],[-107.1304,52.2343],[-107.1435,52.2168],[-107.16,52.208],[-107.18,52.2081],[-107.1949,52.2138],[-107.2047,52.2251],[-107.1997,52.2374]],[[-107.1708,52.2338],[-107.1566,52.24],[-107.1496,52.2392],[-107.1499,52.2315],[-107.157,52.2285],[-107.1709,52.23],[-107.1708,52.2338]]]}},{"type":"Feature","properties":{"c":"#80ff00","v0":0.005,"v1":0.008},"geometry":{"type":"Polygon","coordinates":[[[-107.1646,52.175],[-107.1549,52.1861],[-107.1395,52.1861],[-107.1185,52.175],[-107.1135,52.166],[-107.1245,52.159],[-107.1399,52.159],[-107.1596,52.166],[-107.1646,52.175]]]}},{"type":"Feature","properties":{"c":"#80ff00","v0":0.005,"v1":0.008},"geometry":{"type":"Polygon","coordinates":[[[-106.7669,52.1651],[-106.7423,52.1809],[-106.7204,52.1717],[-106.7011,52.1375],[-106.7011,52.1175],[-106.7204,52.1118],[-106.7423,52.121],[-106.7669,52.1451],[-106.7669,52.1651]]]}},{"type":"Feature","properties":{"c":"#80ff00","v0":0.005,"v1":0.008},"geometry":{"type":"Polygon","coordinates":[[[-107.1123,52.0282],[-107.0974,52.0406],[-107.0826,52.0437],[-107.0677,52.0375],[-107.0677,52.028],[-107.0826,52.0154],[-107.0974,52.0124],[-107.1123,52.0188],[-107.1123,52.0282]]]}},{"type":"Feature","properties":{"c":"#80ff00","v0":0.005,"v1":0.008},"geometry":{"type":"Polygon","coordinates":[[[-113.3916,51.8895],[-113.3899,51.8957],[-113.3793,51.899],[-113.3598,51.8996],[-113.335,51.8902],[-113.305,51.871],[-113.3008,51.8583],[-113.3225,51.8524],[-113.3481,51.8586],[-113.3776,51.8772],[-113.3916,51.8895]]]}},{"type":"Feature","properties":{"c":"#80ff00","v0":0.005,"v1":0.008},"geometry":{"type":"Polygon","coordinates":[[[-112.2686,51.5804],[-112.2562,51.5877],[-112.2402,51.5877],[-112.2206,51.5804],[-112.2103,51.5674],[-112.2094,51.5488],[-112.2142,51.5355],[-112.2247,51.5275],[-112.2368,51.5244],[-112.2505,51.5261],[-112.2617,51.5394],[-112.2704,51.5643],[-112.2686,51.5804]]]}},{"type":"Feature","properties":{"c":"#80ff00","v0":0.005,"v1":0.008},"geometry":{"type":"Polygon","coordinates":[[[-113.5669,51.5287],[-113.5556,51.5321],[-113.5413,51.529],[-113.524,51.5194],[-113.524,51.5116],[-113.5413,51.5058],[-113.5556,51.5089],[-113.5669,51.521],[-113.5669,51.5287]]]}},{"type":"Feature","properties":{"c":"#80ff00","v0":0.005,"v1":0.008},"geometry":{"type":"Polygon","coordinates":[[[-105.0482,51.4061],[-105.0361,51.4136],[-105.015,51.4173],[-104.985,51.4172],[-104.9623,51.4135],[-104.9468,51.4061],[-104.9391,51.3961],[-104.939,51.3837],[-104.9568,51.3741],[-104.9923,51.3674],[-105.0211,51.3736],[-105.0432,51.3928],[-105.0482,51.4061]],[[-105.0341,51.3933],[-105.0314,51.4002],[-105.02,51.4049],[-105.0,51.4074],[-104.98,51.4039],[-104.96,51.3946],[-104.96,51.3853],[-104.98,51.3762],[-105.0014,51.3762],[-105.0241,51.3853],[-105.0341,51.3933]]]}},{"type":"Feature","properties":{"c":"#80ff00","v0":0.005,"v1":0.008},"geometry":{"type":"Polygon","coordinates":[[[-113.5632,51.3845],[-113.5277,51.3985],[-113.499,51.3985],[-113.477,51.3845],[-113.482,51.3715],[-113.514,51.3596],[-113.5427,51.3596],[-113.5682,51.3715],[-113.5632,51.3845]]]}},{"type":"Feature","properties":{"c":"#80ff00","v0":0.005,"v1":0.008},"geometry":{"type":"Polygon","coordinates":[[[-101.5559,51.3054],[-101.5386,51.3114],[-101.525,51.3059],[-101.515,51.2888],[-101.52,51.2793],[-101.54,51.2775],[-101.5536,51.283],[-101.5609,51.296],[-101.5559,51.3054]]]}},{"type":"Feature","properties":{"c":"#80ff00","v0":0.005,"v1":0.008},"geometry":{"type":"Polygon","coordinates":[[[-112.56,51.2423],[-112.54,51.2472],[-112.5271,51.2441],[-112.5214,51.2329],[-112.5264,51.225],[-112.5421,51.2204],[-112.555,51.2235],[-112.565,51.2344],[-112.56,51.2423]]]}},{"type":"Feature","properties":{"c":"#80ff00","v0":0.005,"v1":0.008},"geometry":{"type":"Polygon","coordinates":[[[-101.4617,51.2085],[-101.4406,51.2208],[-101.4229,51.2208],[-101.4086,51.2085],[-101.4086,51.1966],[-101.4229,51.1852],[-101.4406,51.1852],[-101.4617,51.1966],[-101.4617,51.2085]],[[-101.4512,51.206],[-101.4371,51.2135],[-101.4268,51.2135],[-101.4205,51.206],[-101.4205,51.1989],[-101.4268,51.1923],[-101.4371,51.1923],[-101.4512,51.1989],[-101.4512,51.206]]]}},{"type":"Feature","properties":{"c":"#80ff00","v0":0.005,"v1":0.008},"geometry":{"type":"Polygon","coordinates":[[[-113.3767,51.1797],[-113.3722,51.1845],[-113.3643,51.1845],[-113.353,51.1797],[-113.3553,51.1772],[-113.371,51.1772],[-113.3767,51.1797]]]}},{"type":"Feature","properties":{"c":"#80ff00","v0":0.005,"v1":0.008},"geometry":{"type":"Polygon","coordinates":[[[-114.1752,51.1309],[-114.1717,51.1386],[-114.16,51.1439],[-114.14,51.1471],[-114.1231,51.1432],[-114.1092,51.1324],[-114.1092,51.1223],[-114.1231,51.1128],[-114.1417,51.1128],[-114.1652,51.1223],[-114.1752,51.1309]]]}},{"type":"Feature","properties":{"c":"#80ff00","v0":0.005,"v1":0.008},"geometry":{"type":"Polygon","coordinates":[[[-101.8177,51.127],[-101.803,51.127],[-101.7942,51.1231],[-101.7914,51.1151],[-101.795,51.1098],[-101.805,51.1069],[-101.8138,51.1109],[-101.8213,51.1217],[-101.8177,51.127]]]}},{"type":"Feature","properties":{"c":"#80ff00","v0":0.005,"v1":0.008},"geometry":{"type":"Polygon","coordinates":[[[-101.7283,51.0711],[-101.7028,51.0848],[-101.6791,51.0879],[-101.6572,51.0805],[-101.6572,51.0683],[-101.6791,51.0513],[-101.7028,51.0481],[-101.7283,51.0589],[-101.7283,51.0711]],[[-101.6968,51.0674],[-101.6785,51.0737],[-101.6695,51.0731],[-101.6698,51.0659],[-101.679,51.0627],[-101.697,51.0637],[-101.6968,51.0674]]]}},{"type":"Feature","properties":{"c":"#80ff00","v0":0.005,"v1":0.008},"geometry":{"type":"Polygon","coordinates":[[[-113.6227,51.0667],[-113.6142,51.0717],[-113.6,51.0702],[-113.58,51.0621],[-113.56,51.0622],[-113.54,51.0704],[-113.5208,51.0719],[-113.5024,51.0668],[-113.4924,51.0505],[-113.4908,51.0231],[-113.495,51.008],[-113.505,51.0054],[-113.5392,51.0191],[-113.5977,51.0492],[-113.6227,51.0667]]]}},{"type":"Feature","properties":{"c":"#80ff00","v0":0.005,"v1":0.008},"geometry":{"type":"Polygon","coordinates":[[[-113.764,51.0444],[-113.7413,51.0551],[-113.72,51.0533],[-113.7,51.0391],[-113.675,51.0316],[-113.645,51.0308],[-113.6289,51.0231],[-113.6267,51.0086],[-113.6467,50.9987],[-113.6889,50.9935],[-113.7263,51.0029],[-113.759,51.027],[-113.764,51.0444]]]}},{"type":"Feature","properties":{"c":"#80ff00","v0":0.005,"v1":0.008},"geometry":{"type":"Polygon","coordinates":[[[-113.2834,51.0391],[-113.269,51.0391],[-113.2639,51.036],[-113.268,51.0297],[-113.2751,51.0297],[-113.2854,51.036],[-113.2834,51.0391]]]}},{"type":"Feature","properties":{"c":"#80ff00","v0":0.005,"v1":0.008},"geometry":{"type":"Polygon","coordinates":[[[-105.1838,50.9546],[-105.1746,50.9618],[-105.1669,50.9618],[-105.1608,50.9546],[-105.1608,50.9476],[-105.1669,50.9409],[-105.1746,50.9409],[-105.1838,50.9476],[-105.1838,50.9546]]]}},{"type":"Feature","properties":{"c":"#80ff00","v0":0.005,"v1":0.008},"geometry":{"type":"Polygon","coordinates":[[[-113.4651,50.9068],[-113.4594,50.9194],[-113.4489,50.9258],[-113.4335,50.9258],[-113.4261,50.9194],[-113.4268,50.9068],[-113.4374,50.9005],[-113.4578,50.9005],[-113.4651,50.9068]]]}},{"type":"Feature","properties":{"c":"#80ff00","v0":0.005,"v1":0.008},"geometry":{"type":"Polygon","coordinates":[[[-101.4289,50.8405],[-101.4163,50.8468],[-101.4024,50.8468],[-101.3871,50.8405],[-101.3871,50.8327],[-101.4024,50.8232],[-101.4163,50.8232],[-101.4289,50.8327],[-101.4289,50.8405]]]}},{"type":"Feature","properties":{"c":"#80ff00","v0":0.005,"v1":0.008},"geometry":{"type":"Polygon","coordinates":[[[-106.4016,50.7995],[-106.3877,50.7995],[-106.3831,50.7963],[-106.3877,50.7899],[-106.3946,50.7899],[-106.4038,50.7963],[-106.4016,50.7995]]]}},{"type":"Feature","properties":{"c":"#80ff00","v0":0.005,"v1":0.008},"geometry":{"type":"Polygon","coordinates":[[[-101.2233,50.7664],[-101.2144,50.7759],[-101.2,50.7819],[-101.18,50.7844],[-101.1599,50.7828],[-101.1398,50.7771],[-101.1269,50.7679],[-101.1212,50.7552],[-101.1263,50.7456],[-101.1421,50.739],[-101.1694,50.7422],[-101.2083,50.7551],[-101.2233,50.7664]]]}},{"type":"Feature","properties":{"c":"#80ff00","v0":0.005,"v1":0.008},"geometry":{"type":"Polygon","coordinates":[[[-105.96,50.6888],[-105.9533,50.6953],[-105.945,50.6971],[-105.935,50.6942],[-105.93,50.688],[-105.93,50.6784],[-105.9383,50.6766],[-105.955,50.6826],[-105.96,50.6888]]]}},{"type":"Feature","properties":{"c":"#80ff00","v0":0.005,"v1":0.008},"geometry":{"type":"Polygon","coordinates":[[[-105.5707,50.6905],[-105.5569,50.7004],[-105.53,50.7056],[-105.49,50.7062],[-105.4641,50.7013],[-105.4522,50.6908],[-105.4472,50.6777],[-105.4491,50.6618],[-105.4267,50.6491],[-105.3801,50.6396],[-105.356,50.6285],[-105.3546,50.6158],[-105.3629,50.605],[-105.381,50.596],[-105.41,50.5953],[-105.45,50.6028],[-105.4969,50.6263],[-105.5507,50.6658],[-105.5707,50.6905]],[[-105.5272,50.6856],[-105.5047,50.6856],[-105.4959,50.6793],[-105.501,50.6666],[-105.5123,50.6666],[-105.5298,50.6793],[-105.5272,50.6856]]]}},{"type":"Feature","properties":{"c":"#80ff00","v0":0.005,"v1":0.008},"geometry":{"type":"Polygon","coordinates":[[[-110.0576,50.6559],[-110.0392,50.6727],[-110.025,50.6727],[-110.0151,50.6559],[-110.0201,50.6435],[-110.04,50.6355],[-110.0542,50.6355],[-110.0626,50.6435],[-110.0576,50.6559]]]}},{"type":"Feature","properties":{"c":"#80ff00","v0":0.005,"v1":0.008},"geometry":{"type":"Polygon","coordinates":[[[-101.2238,50.6515],[-101.2146,50.6595],[-101.2,50.6595],[-101.1799,50.6515],[-101.1749,50.643],[-101.185,50.6338],[-101.1996,50.6338],[-101.2188,50.643],[-101.2238,50.6515]]]}},{"type":"Feature","properties":{"c":"#80ff00","v0":0.005,"v1":0.008},"geometry":{"type":"Polygon","coordinates":[[[-105.18,50.5761],[-105.16,50.5854],[-105.1347,50.5822],[-105.104,50.5665],[-105.104,50.5558],[-105.1347,50.5499],[-105.16,50.5531],[-105.18,50.5653],[-105.18,50.5761]]]}},{"type":"Feature","properties":{"c":"#80ff00","v0":0.005,"v1":0.008},"geometry":{"type":"Polygon","coordinates":[[[-102.2082,50.5761],[-102.1961,50.5854],[-102.1825,50.5854],[-102.1676,50.5761],[-102.1676,50.5675],[-102.1825,50.5598],[-102.1961,50.5598],[-102.2082,50.5675],[-102.2082,50.5761]]]}},{"type":"Feature","properties":{"c":"#80ff00","v0":0.005,"v1":0.008},"geometry":{"type":"Polygon","coordinates":[[[-110.1313,50.5595],[-110.1171,50.561],[-110.11,50.558],[-110.11,50.5505],[-110.115,50.5456],[-110.125,50.5435],[-110.1321,50.5465],[-110.1363,50.5546],[-110.1313,50.5595]]]}},{"type":"Feature","properties":{"c":"#80ff00","v0":0.005,"v1":0.008},"geometry":{"type":"Polygon","coordinates":[[[-105.9886,50.5242],[-105.9762,50.5315],[-105.955,50.53],[-105.925,50.5198],[-105.8828,50.4939],[-105.8283,50.4523],[-105.8043,50.4219],[-105.8109,50.4028],[-105.8231,50.3917],[-105.841,50.3886],[-105.8641,50.3982],[-105.8924,50.4204],[-105.9189,50.4346],[-105.9436,50.441],[-105.9657,50.4633],[-105.9852,50.5015],[-105.9886,50.5242]],[[-105.9591,50.4993],[-105.953,50.5078],[-105.94,50.5086],[-105.92,50.5016],[-105.9058,50.4879],[-105.8973,50.4672],[-105.9023,50.4548],[-105.9208,50.4505],[-105.938,50.46],[-105.9541,50.4834],[-105.9591,50.4993]],[[-105.8595,50.4231],[-105.8532,50.4318],[-105.8428,50.4318],[-105.8284,50.4231],[-105.8234,50.4151],[-105.8278,50.4078],[-105.8382,50.4078],[-105.8545,50.4151],[-105.8595,50.4231]]]}},{"type":"Feature","properties":{"c":"#80ff00","v0":0.005,"v1":0.008},"geometry":{"type":"Polygon","coordinates":[[[-104.6825,50.5138],[-104.6742,50.5256],[-104.661,50.5288],[-104.6431,50.5233],[-104.6381,50.5144],[-104.646,50.5021],[-104.6592,50.4989],[-104.6775,50.5049],[-104.6825,50.5138]]]}},{"type":"Feature","properties":{"c":"#80ff00","v0":0.005,"v1":0.008},"geometry":{"type":"Polygon","coordinates":[[[-100.9253,50.3965],[-100.9151,50.403],[-100.89,50.4034],[-100.85,50.3976],[-100.82,50.3998],[-100.8,50.4099],[-100.77,50.4154],[-100.73,50.4163],[-100.7,50.4357],[-100.68,50.4734],[-100.65,50.4897],[-100.61,50.4845],[-100.57,50.4945],[-100.53,50.5195],[-100.495,50.5263],[-100.465,50.5148],[-100.43,50.5106],[-100.39,50.5136],[-100.3627,50.5102],[-100.348,50.5001],[-100.348,50.4906],[-100.3627,50.4817],[-100.39,50.4804],[-100.43,50.4868],[-100.4613,50.4818],[-100.4839,50.4652],[-100.4845,50.4283],[-100.463,50.3709],[-100.4417,50.3354],[-100.4206,50.3217],[-100.4084,50.3058],[-100.4051,50.2875],[-100.4101,50.2661],[-100.4234,50.2417],[-100.46,50.2193],[-100.52,50.1991],[-100.57,50.2023],[-100.61,50.2291],[-100.64,50.2431],[-100.66,50.2443],[-100.685,50.2389],[-100.715,50.2268],[-100.7436,50.232],[-100.7708,50.2543],[-100.7788,50.2751],[-100.7676,50.2943],[-100.774,50.3045],[-100.798,50.3058],[-100.8401,50.3282],[-100.9003,50.3715],[-100.9253,50.3965]],[[-100.5279,50.4888],[-100.5025,50.5015],[-100.4899,50.5034],[-100.49,50.4945],[-100.5026,50.4882],[-100.5279,50.4843],[-100.5279,50.4888]],[[-100.7002,50.3198],[-100.6838,50.3262],[-100.6828,50.3422],[-100.6973,50.3677],[-100.6932,50.39],[-100.6707,50.4092],[-100.662,50.4283],[-100.667,50.4474],[-100.6597,50.4605],[-100.6399,50.4678],[-100.6223,50.4678],[-100.607,50.4605],[-100.5983,50.4506],[-100.5962,50.4378],[-100.6014,50.4123],[-100.6139,50.3741],[-100.631,50.3486],[-100.6529,50.3358],[-100.6453,50.318],[-100.6084,50.295],[-100.575,50.2819],[-100.545,50.2785],[-100.5235,50.2677],[-100.5104,50.2492],[-100.5154,50.2308],[-100.5385,50.2125],[-100.555,50.2041],[-100.565,50.2058],[-100.5791,50.2181],[-100.5974,50.2412],[-100.6189,50.2559],[-100.6438,50.2623],[-100.6692,50.2783],[-100.6953,50.3039],[-100.7002,50.3198]],[[-100.5603,50.4248],[-100.5401,50.437],[-100.52,50.441],[-100.5,50.4369],[-100.495,50.4157],[-100.505,50.3774],[-100.5251,50.3733],[-100.5553,50.4036],[-100.5603,50.4248]],[[-100.6029,50.3432],[-100.581,50.3706],[-100.5626,50.3674],[-100.5479,50.3336],[-100.5479,50.3134],[-100.5626,50.3069],[-100.581,50.3101],[-100.6029,50.323],[-100.6029,50.3432]]]}},{"type":"Feature","properties":{"c":"#80ff00","v0":0.005,"v1":0.008},"geometry":{"type":"Polygon","coordinates":[[[-105.0598,50.4517],[-105.0533,50.4666],[-105.0359,50.4761],[-105.0077,50.4803],[-104.9927,50.4888],[-104.9909,50.5015],[-104.98,50.5106],[-104.96,50.5162],[-104.925,50.5019],[-104.875,50.4678],[-104.835,50.4518],[-104.805,50.4538],[-104.775,50.4469],[-104.745,50.4311],[-104.695,50.4273],[-104.625,50.4357],[-104.575,50.433],[-104.545,50.4193],[-104.515,50.4181],[-104.485,50.4294],[-104.4612,50.4277],[-104.4437,50.4132],[-104.4787,50.3853],[-104.5662,50.3438],[-104.621,50.3246],[-104.6431,50.3278],[-104.6607,50.339],[-104.6739,50.3581],[-104.6878,50.3687],[-104.7026,50.3706],[-104.72,50.3706],[-104.74,50.3687],[-104.755,50.361],[-104.765,50.3476],[-104.785,50.3372],[-104.815,50.3299],[-104.845,50.3356],[-104.875,50.3541],[-104.9177,50.3644],[-104.9732,50.3666],[-105.0164,50.3868],[-105.0475,50.4251],[-105.0598,50.4517]],[[-104.9616,50.4264],[-104.9539,50.4416],[-104.93,50.4478],[-104.89,50.4449],[-104.875,50.4329],[-104.885,50.4119],[-104.905,50.402],[-104.935,50.4033],[-104.9539,50.4076],[-104.9616,50.415],[-104.9616,50.4264]],[[-104.8314,50.4028],[-104.818,50.4219],[-104.8047,50.4315],[-104.7913,50.4315],[-104.796,50.4188],[-104.8187,50.3935],[-104.832,50.3839],[-104.836,50.3901],[-104.8314,50.4028]],[[-104.6334,50.3627],[-104.6178,50.3781],[-104.6082,50.3749],[-104.6045,50.3531],[-104.6095,50.3413],[-104.6232,50.3396],[-104.6328,50.3428],[-104.6384,50.3509],[-104.6334,50.3627]],[[-104.4954,50.4098],[-104.4785,50.4174],[-104.4654,50.4174],[-104.4562,50.4098],[-104.4612,50.4017],[-104.4804,50.3931],[-104.4935,50.3931],[-104.5004,50.4017],[-104.4954,50.4098]]]}},{"type":"Feature","properties":{"c":"#80ff00","v0":0.005,"v1":0.008},"geometry":{"type":"Polygon","coordinates":[[[-106.319,50.4757],[-106.2997,50.4879],[-106.2801,50.4879],[-106.2603,50.4757],[-106.2603,50.4623],[-106.2801,50.4474],[-106.2997,50.4474],[-106.319,50.4623],[-106.319,50.4757]],[[-106.309,50.4736],[-106.2963,50.4813],[-106.2833,50.4813],[-106.2699,50.4736],[-106.2699,50.4646],[-106.2833,50.4546],[-106.2963,50.4546],[-106.309,50.4646],[-106.309,50.4736]]]}},{"type":"Feature","properties":{"c":"#80ff00","v0":0.005,"v1":0.008},"geometry":{"type":"Polygon","coordinates":[[[-100.7951,50.4754],[-100.7784,50.4867],[-100.762,50.4899],[-100.7461,50.4849],[-100.7461,50.4752],[-100.762,50.4608],[-100.7784,50.4576],[-100.7951,50.4656],[-100.7951,50.4754]]]}},{"type":"Feature","properties":{"c":"#80ff00","v0":0.005,"v1":0.008},"geometry":{"type":"Polygon","coordinates":[[[-100.3433,50.3856],[-100.3344,50.3959],[-100.3207,50.3959],[-100.3022,50.3856],[-100.2972,50.3771],[-100.3057,50.3704],[-100.3194,50.3704],[-100.3383,50.3771],[-100.3433,50.3856]]]}},{"type":"Feature","properties":{"c":"#80ff00","v0":0.005,"v1":0.008},"geometry":{"type":"Polygon","coordinates":[[[-105.6816,50.322],[-105.6739,50.3326],[-105.665,50.3358],[-105.655,50.3317],[-105.65,50.3262],[-105.65,50.3191],[-105.6589,50.3158],[-105.6766,50.3164],[-105.6816,50.322]]]}},{"type":"Feature","properties":{"c":"#80ff00","v0":0.005,"v1":0.008},"geometry":{"type":"Polygon","coordinates":[[[-105.4955,50.2699],[-105.4785,50.2785],[-105.4668,50.2785],[-105.4603,50.2699],[-105.4653,50.2623],[-105.4818,50.2559],[-105.4935,50.2559],[-105.5005,50.2623],[-105.4955,50.2699]]]}},{"type":"Feature","properties":{"c":"#80ff00","v0":0.005,"v1":0.008},"geometry":{"type":"Polygon","coordinates":[[[-104.9666,50.2692],[-104.9555,50.2766],[-104.9456,50.2766],[-104.9368,50.2692],[-104.9368,50.2628],[-104.9456,50.2572],[-104.9555,50.2572],[-104.9666,50.2628],[-104.9666,50.2692]]]}},{"type":"Feature","properties":{"c":"#80ff00","v0":0.005,"v1":0.008},"geometry":{"type":"Polygon","coordinates":[[[-104.7702,50.1792],[-104.7701,50.1857],[-104.7614,50.1889],[-104.7443,50.1888],[-104.7356,50.1856],[-104.7352,50.1792],[-104.7439,50.1759],[-104.7615,50.1759],[-104.7702,50.1792]]]}},{"type":"Feature","properties":{"c":"#80ff00","v0":0.005,"v1":0.008},"geometry":{"type":"Polygon","coordinates":[[[-104.6771,50.0642],[-104.6724,50.0715],[-104.66,50.0753],[-104.64,50.0757],[-104.6136,50.0657],[-104.5807,50.0451],[-104.5656,50.0284],[-104.5681,50.0156],[-104.5795,50.0075],[-104.5998,50.0043],[-104.6274,50.0172],[-104.6621,50.0461],[-104.6771,50.0642]],[[-104.6104,50.0348],[-104.5961,50.0348],[-104.5892,50.0297],[-104.5897,50.0193],[-104.5969,50.0193],[-104.6107,50.0297],[-104.6104,50.0348]]]}},{"type":"Feature","properties":{"c":"#80ff00","v0":0.005,"v1":0.008},"geometry":{"type":"Polygon","coordinates":[[[-102.5813,50.0139],[-102.5738,50.0236],[-102.563,50.0268],[-102.5489,50.0236],[-102.5439,50.0173],[-102.548,50.0079],[-102.5588,50.0047],[-102.5763,50.0076],[-102.5813,50.0139]]]}},{"type":"Feature","properties":{"c":"#80ff00","v0":0.005,"v1":0.008},"geometry":{"type":"Polygon","coordinates":[[[-110.4323,50.0113],[-110.4174,50.0157],[-110.4029,50.0125],[-110.3887,50.0017],[-110.3887,49.9927],[-110.4029,49.9855],[-110.4174,49.9887],[-110.4323,50.0023],[-110.4323,50.0113]]]}},{"type":"Feature","properties":{"c":"#80ff00","v0":0.005,"v1":0.008},"geometry":{"type":"Polygon","coordinates":[[[-110.2694,49.9879],[-110.2431,49.9968],[-110.221,49.9936],[-110.2031,49.9782],[-110.2081,49.968],[-110.236,49.9628],[-110.2581,49.966],[-110.2744,49.9776],[-110.2694,49.9879]]]}},{"type":"Feature","properties":{"c":"#80ff00","v0":0.005,"v1":0.008},"geometry":{"type":"Polygon","coordinates":[[[-109.4672,49.9706],[-109.4524,49.9706],[-109.4463,49.964],[-109.4488,49.951],[-109.4562,49.951],[-109.4685,49.964],[-109.4672,49.9706]]]}},{"type":"Feature","properties":{"c":"#80ff00","v0":0.005,"v1":0.008},"geometry":{"type":"Polygon","coordinates":[[[-110.3229,49.852],[-110.301,49.8725],[-110.2751,49.879],[-110.2454,49.8713],[-110.2266,49.8611],[-110.2188,49.8482],[-110.2186,49.8355],[-110.2262,49.8232],[-110.24,49.8139],[-110.26,49.8077],[-110.286,49.8139],[-110.3179,49.8325],[-110.3229,49.852]],[[-110.3033,49.8584],[-110.2811,49.8659],[-110.2609,49.8627],[-110.2427,49.8487],[-110.2427,49.8377],[-110.2609,49.8295],[-110.2811,49.8328],[-110.3033,49.8473],[-110.3033,49.8584]]]}},{"type":"Feature","properties":{"c":"#80ff00","v0":0.005,"v1":0.008},"geometry":{"type":"Polygon","coordinates":[[[-114.6264,49.8579],[-114.6052,49.8643],[-114.5985,49.8632],[-114.6062,49.8545],[-114.6167,49.8513],[-114.6302,49.8535],[-114.6264,49.8579]]]}},{"type":"Feature","properties":{"c":"#80ff00","v0":0.005,"v1":0.008},"geometry":{"type":"Polygon","coordinates":[[[-110.3473,49.7725],[-110.3224,49.7889],[-110.3,49.7975],[-110.28,49.7985],[-110.2667,49.7935],[-110.26,49.7826],[-110.27,49.7676],[-110.2967,49.7485],[-110.3224,49.7453],[-110.3473,49.758],[-110.3473,49.7725]],[[-110.3305,49.7679],[-110.3168,49.7753],[-110.3051,49.7753],[-110.2954,49.7679],[-110.2954,49.7614],[-110.3051,49.7557],[-110.3168,49.7557],[-110.3305,49.7614],[-110.3305,49.7679]]]}},{"type":"Feature","properties":{"c":"#80ff00","v0":0.005,"v1":0.008},"geometry":{"type":"Polygon","coordinates":[[[-121.6151,49.4059],[-121.5984,49.4152],[-121.5855,49.4152],[-121.5764,49.4059],[-121.5764,49.398],[-121.5855,49.3917],[-121.5984,49.3917],[-121.6151,49.398],[-121.6151,49.4059]]]}},{"type":"Feature","properties":{"c":"#80ff00","v0":0.005,"v1":0.008},"geometry":{"type":"Polygon","coordinates":[[[-124.0278,49.361],[-124.0159,49.3848],[-123.995,49.4002],[-123.965,49.407],[-123.9592,49.3951],[-123.9775,49.3644],[-123.9985,49.3491],[-124.022,49.3491],[-124.0278,49.361]]]}},{"type":"Feature","properties":{"c":"#80ff00","v0":0.005,"v1":0.008},"geometry":{"type":"Polygon","coordinates":[[[-122.6904,49.3659],[-122.6768,49.3735],[-122.6663,49.3735],[-122.6589,49.3659],[-122.6639,49.359],[-122.6813,49.3529],[-122.6918,49.3529],[-122.6954,49.359],[-122.6904,49.3659]]]}},{"type":"Feature","properties":{"c":"#80ff00","v0":0.005,"v1":0.008},"geometry":{"type":"Polygon","coordinates":[[[-122.5284,49.3523],[-122.5161,49.3586],[-122.5056,49.3554],[-122.4969,49.3425],[-122.4969,49.3334],[-122.5056,49.3281],[-122.5161,49.3314],[-122.5284,49.3432],[-122.5284,49.3523]]]}},{"type":"Feature","properties":{"c":"#80ff00","v0":0.005,"v1":0.008},"geometry":{"type":"Polygon","coordinates":[[[-81.8096,49.2954],[-81.7832,49.3183],[-81.7526,49.328],[-81.7179,49.3247],[-81.7005,49.3165],[-81.7003,49.3035],[-81.7126,49.2853],[-81.7375,49.262],[-81.765,49.2518],[-81.795,49.2546],[-81.8132,49.263],[-81.8196,49.2769],[-81.8096,49.2954]],[[-81.7925,49.2942],[-81.7642,49.3148],[-81.7401,49.3213],[-81.7202,49.3138],[-81.7252,49.297],[-81.7551,49.271],[-81.7792,49.2645],[-81.7975,49.2774],[-81.7925,49.2942]]]}},{"type":"Feature","properties":{"c":"#80ff00","v0":0.005,"v1":0.008},"geometry":{"type":"Polygon","coordinates":[[[-121.8524,49.2708],[-121.8342,49.2708],[-121.8313,49.2669],[-121.8438,49.2591],[-121.8529,49.2591],[-121.8587,49.2669],[-121.8524,49.2708]]]}},{"type":"Feature","properties":{"c":"#80ff00","v0":0.005,"v1":0.008},"geometry":{"type":"Polygon","coordinates":[[[-121.8007,49.1418],[-121.7802,49.1713],[-121.755,49.1863],[-121.725,49.1868],[-121.7078,49.1786],[-121.7035,49.1617],[-121.7085,49.145],[-121.7228,49.1286],[-121.74,49.1181],[-121.76,49.1133],[-121.7802,49.115],[-121.8007,49.123],[-121.8007,49.1418]],[[-121.7872,49.15],[-121.7714,49.1696],[-121.7524,49.1794],[-121.7302,49.1794],[-121.7245,49.1663],[-121.7354,49.1402],[-121.7481,49.1255],[-121.7627,49.1222],[-121.7763,49.1255],[-121.7888,49.1353],[-121.7872,49.15]]]}},{"type":"Feature","properties":{"c":"#80ff00","v0":0.005,"v1":0.008},"geometry":{"type":"Polygon","coordinates":[[[-123.6379,49.1574],[-123.6326,49.1658],[-123.6238,49.169],[-123.6113,49.1672],[-123.6063,49.1625],[-123.6088,49.1547],[-123.6176,49.1515],[-123.6329,49.1526],[-123.6379,49.1574]]]}},{"type":"Feature","properties":{"c":"#80ff00","v0":0.005,"v1":0.008},"geometry":{"type":"Polygon","coordinates":[[[-123.3874,49.0926],[-123.3758,49.1022],[-123.3642,49.1054],[-123.3527,49.1024],[-123.3527,49.0938],[-123.3642,49.0796],[-123.3758,49.0763],[-123.3874,49.084],[-123.3874,49.0926]]]}},{"type":"Feature","properties":{"c":"#80ff00","v0":0.005,"v1":0.008},"geometry":{"type":"Polygon","coordinates":[[[-122.2312,49.0558],[-122.2171,49.0704],[-122.1991,49.0769],[-122.1773,49.0754],[-122.1669,49.0616],[-122.1677,49.0354],[-122.1736,49.0193],[-122.1845,49.0134],[-122.2021,49.0199],[-122.2262,49.039],[-122.2312,49.0558]]]}},{"type":"Feature","properties":{"c":"#80ff00","v0":0.005,"v1":0.008},"geometry":{"type":"Polygon","coordinates":[[[-122.0449,49.0016],[-122.035,49.0127],[-122.0168,49.016],[-121.9903,49.0114],[-121.9853,49.0017],[-122.0018,48.9868],[-122.02,48.9835],[-122.0399,48.9918],[-122.0449,49.0016]]]}},{"type":"Feature","properties":{"c":"#80ff00","v0":0.005,"v1":0.008},"geometry":{"type":"Polygon","coordinates":[[[-123.0113,48.895],[-122.9971,48.9031],[-122.9848,48.9031],[-122.9743,48.895],[-122.9743,48.8868],[-122.9848,48.8786],[-122.9971,48.8786],[-123.0113,48.8868],[-123.0113,48.895]]]}},{"type":"Feature","properties":{"c":"#80ff00","v0":0.005,"v1":0.008},"geometry":{"type":"Polygon","coordinates":[[[-67.8105,48.405],[-67.7968,48.4112],[-67.7828,48.4079],[-67.7685,48.3951],[-67.7685,48.385],[-67.7828,48.3775],[-67.7968,48.3808],[-67.8105,48.3949],[-67.8105,48.405]]]}},{"type":"Feature","properties":{"c":"#80ff00","v0":0.005,"v1":0.008},"geometry":{"type":"Polygon","coordinates":[[[-101.5883,48.269],[-101.5674,48.269],[-101.556,48.2623],[-101.554,48.249],[-101.5599,48.2424],[-101.5737,48.2424],[-101.5852,48.249],[-101.5943,48.2623],[-101.5883,48.269]]]}},{"type":"Feature","properties":{"c":"#80ff00","v0":0.005,"v1":0.008},"geometry":{"type":"Polygon","coordinates":[[[-84.6079,47.2429],[-84.596,47.2615],[-84.5743,47.2683],[-84.5428,47.2632],[-84.5328,47.2452],[-84.5443,47.2143],[-84.566,47.2076],[-84.5979,47.2249],[-84.6079,47.2429]]]}},{"type":"Feature","properties":{"c":"#80ff00","v0":0.005,"v1":0.008},"geometry":{"type":"Polygon","coordinates":[[[-84.4298,47.1169],[-84.4033,47.1283],[-84.3817,47.1283],[-84.3652,47.1169],[-84.3652,47.1056],[-84.3817,47.0945],[-84.4033,47.0945],[-84.4298,47.1056],[-84.4298,47.1169]]]}},{"type":"Feature","properties":{"c":"#80ff00","v0":0.005,"v1":0.008},"geometry":{"type":"Polygon","coordinates":[[[-110.1402,46.4843],[-110.1334,46.4904],[-110.1245,46.4904],[-110.1134,46.4843],[-110.1134,46.4783],[-110.1245,46.4722],[-110.1334,46.4722],[-110.1402,46.4783],[-110.1402,46.4843]]]}},{"type":"Feature","properties":{"c":"#80ff00","v0":0.005,"v1":0.008},"geometry":{"type":"Polygon","coordinates":[[[-80.5334,45.7795],[-80.5178,45.7899],[-80.5022,45.7934],[-80.4866,45.79],[-80.486,45.7813],[-80.5003,45.7674],[-80.5159,45.7639],[-80.5328,45.7708],[-80.5334,45.7795]]]}},{"type":"Feature","properties":{"c":"#80ff00","v0":0.005,"v1":0.008},"geometry":{"type":"Polygon","coordinates":[[[-73.8673,45.708],[-73.8424,45.7149],[-73.8237,45.7149],[-73.811,45.708],[-73.8045,45.6976],[-73.8042,45.6836],[-73.8155,45.6748],[-73.8385,45.6712],[-73.8574,45.6782],[-73.8723,45.6957],[-73.8673,45.708]]]}},{"type":"Feature","properties":{"c":"#80ff00","v0":0.005,"v1":0.008},"geometry":{"type":"Polygon","coordinates":[[[-81.7691,45.442],[-81.7564,45.449],[-81.7478,45.449],[-81.7434,45.442],[-81.7497,45.4385],[-81.7669,45.4385],[-81.7691,45.442]]]}},{"type":"Feature","properties":{"c":"#80ff00","v0":0.005,"v1":0.008},"geometry":{"type":"Polygon","coordinates":[[[-76.3721,44.8141],[-76.3664,44.8353],[-76.3501,44.8571],[-76.3234,44.8794],[-76.29,44.8695],[-76.25,44.8272],[-76.2288,44.7983],[-76.2263,44.7828],[-76.2363,44.7724],[-76.2588,44.7672],[-76.29,44.7686],[-76.33,44.7765],[-76.3563,44.7862],[-76.3688,44.7977],[-76.3721,44.8141]],[[-76.3337,44.8217],[-76.3179,44.8299],[-76.2946,44.8228],[-76.2639,44.8004],[-76.2598,44.7892],[-76.2823,44.7892],[-76.3056,44.7963],[-76.3296,44.8105],[-76.3337,44.8217]]]}},{"type":"Feature","properties":{"c":"#80ff00","v0":0.005,"v1":0.008},"geometry":{"type":"Polygon","coordinates":[[[-76.3626,44.6912],[-76.3409,44.694],[-76.3273,44.6869],[-76.3219,44.6699],[-76.3289,44.6613],[-76.3482,44.6613],[-76.3618,44.6684],[-76.3696,44.6827],[-76.3626,44.6912]]]}},{"type":"Feature","properties":{"c":"#80ff00","v0":0.005,"v1":0.008},"geometry":{"type":"Polygon","coordinates":[[[-99.9971,44.6659],[-99.9924,44.6752],[-99.97,44.6816],[-99.93,44.6852],[-99.9034,44.6806],[-99.8902,44.6677],[-99.8902,44.655],[-99.9034,44.6425],[-99.9324,44.6425],[-99.9771,44.655],[-99.9971,44.6659]]]}},{"type":"Feature","properties":{"c":"#80ff00","v0":0.005,"v1":0.008},"geometry":{"type":"Polygon","coordinates":[[[-76.5259,44.6186],[-76.5079,44.6186],[-76.5001,44.6151],[-76.5023,44.608],[-76.5113,44.608],[-76.527,44.6151],[-76.5259,44.6186]]]}},{"type":"Feature","properties":{"c":"#80ff00","v0":0.005,"v1":0.008},"geometry":{"type":"Polygon","coordinates":[[[-100.4138,44.6079],[-100.3979,44.615],[-100.3865,44.615],[-100.3794,44.6079],[-100.3874,44.6044],[-100.4103,44.6044],[-100.4138,44.6079]]]}},{"type":"Feature","properties":{"c":"#80ff00","v0":0.005,"v1":0.008},"geometry":{"type":"Polygon","coordinates":[[[-99.9274,44.5833],[-99.9158,44.5981],[-99.905,44.6034],[-99.895,44.5992],[-99.89,44.5878],[-99.89,44.5692],[-99.895,44.5579],[-99.905,44.5539],[-99.9158,44.5579],[-99.9274,44.5699],[-99.9274,44.5833]]]}},{"type":"Feature","properties":{"c":"#80ff00","v0":0.005,"v1":0.008},"geometry":{"type":"Polygon","coordinates":[[[-74.0481,44.4743],[-74.036,44.4993],[-74.02,44.5141],[-74.0,44.5188],[-73.9854,44.5028],[-73.9763,44.466],[-73.9863,44.445],[-74.0154,44.4398],[-74.036,44.4434],[-74.0481,44.4557],[-74.0481,44.4743]],[[-74.0294,44.4819],[-74.0165,44.4934],[-74.0026,44.4899],[-73.9879,44.4712],[-73.9879,44.4581],[-74.0026,44.4507],[-74.0165,44.4543],[-74.0294,44.4688],[-74.0294,44.4819]]]}},{"type":"Feature","properties":{"c":"#80ff00","v0":0.005,"v1":0.008},"geometry":{"type":"Polygon","coordinates":[[[-74.8725,44.4373],[-74.8575,44.4454],[-74.8452,44.4454],[-74.8357,44.4373],[-74.8357,44.4298],[-74.8452,44.423],[-74.8575,44.423],[-74.8725,44.4298],[-74.8725,44.4373]]]}},{"type":"Feature","properties":{"c":"#80ff00","v0":0.005,"v1":0.008},"geometry":{"type":"Polygon","coordinates":[[[-79.6212,43.9833],[-79.6004,44.0009],[-79.575,44.0058],[-79.545,43.998],[-79.5267,43.9892],[-79.5201,43.9793],[-79.5301,43.9609],[-79.5567,43.9338],[-79.5821,43.9266],[-79.6064,43.9393],[-79.6218,43.9528],[-79.6284,43.9672],[-79.6212,43.9833]],[[-79.6068,43.9802],[-79.5823,43.9917],[-79.5618,43.9881],[-79.5454,43.9694],[-79.5504,43.9555],[-79.5768,43.9463],[-79.5973,43.9499],[-79.6118,43.9663],[-79.6068,43.9802]]]}},{"type":"Feature","properties":{"c":"#80ff00","v0":0.005,"v1":0.008},"geometry":{"type":"Polygon","coordinates":[[[-73.4767,43.9744],[-73.465,43.9744],[-73.4598,43.9708],[-73.4613,43.9636],[-73.4672,43.9636],[-73.4774,43.9708],[-73.4767,43.9744]]]}},{"type":"Feature","properties":{"c":"#80ff00","v0":0.005,"v1":0.008},"geometry":{"type":"Polygon","coordinates":[[[-73.6869,43.9204],[-73.6723,43.9276],[-73.6663,43.927],[-73.6688,43.9186],[-73.6761,43.915],[-73.6882,43.9162],[-73.6869,43.9204]]]}},{"type":"Feature","properties":{"c":"#80ff00","v0":0.005,"v1":0.008},"geometry":{"type":"Polygon","coordinates":[[[-99.3959,42.2331],[-99.3722,42.2553],[-99.365,42.2775],[-99.3744,42.2997],[-99.3668,42.3125],[-99.3423,42.3158],[-99.3179,42.2973],[-99.2938,42.257],[-99.3038,42.2265],[-99.3479,42.2059],[-99.3795,42.2022],[-99.3984,42.2154],[-99.3959,42.2331]]]}},{"type":"Feature","properties":{"c":"#80ff00","v0":0.005,"v1":0.008},"geometry":{"type":"Polygon","coordinates":[[[-98.9964,42.2076],[-98.9788,42.2084],[-98.97,42.2017],[-98.97,42.1875],[-98.9788,42.1871],[-98.9964,42.2005],[-98.9964,42.2076]]]}},{"type":"Feature","properties":{"c":"#80ff00","v0":0.005,"v1":0.008},"geometry":{"type":"Polygon","coordinates":[[[-98.1438,41.4678],[-98.1346,41.4792],[-98.12,41.4804],[-98.1,41.4713],[-98.075,41.4709],[-98.045,41.4791],[-98.0165,41.4629],[-97.9896,41.4224],[-97.9782,41.3946],[-97.9825,41.3796],[-98.001,41.3671],[-98.0337,41.3572],[-98.065,41.3563],[-98.095,41.3643],[-98.1081,41.3843],[-98.1042,41.4162],[-98.1138,41.4396],[-98.1368,41.4546],[-98.1438,41.4678]],[[-98.084,41.3978],[-98.0613,41.4193],[-98.0345,41.4193],[-98.0034,41.3978],[-98.0034,41.381],[-98.0345,41.3688],[-98.0613,41.3688],[-98.084,41.381],[-98.084,41.3978]]]}},{"type":"Feature","properties":{"c":"#80ff00","v0":0.005,"v1":0.008},"geometry":{"type":"Polygon","coordinates":[[[-98.2032,41.3571],[-98.1838,41.3571],[-98.178,41.353],[-98.186,41.3448],[-98.1957,41.3448],[-98.2072,41.353],[-98.2032,41.3571]]]}},{"type":"Feature","properties":{"c":"#80ff00","v0":0.005,"v1":0.008},"geometry":{"type":"Polygon","coordinates":[[[-98.4346,41.1564],[-98.4049,41.1762],[-98.375,41.1777],[-98.345,41.1611],[-98.3289,41.1625],[-98.3268,41.182],[-98.3168,41.2004],[-98.2989,41.2177],[-98.2787,41.2177],[-98.2562,41.2004],[-98.2611,41.1804],[-98.2935,41.1579],[-98.3085,41.1353],[-98.3063,41.1127],[-98.3114,41.0949],[-98.3238,41.0821],[-98.35,41.0822],[-98.39,41.0954],[-98.4199,41.1131],[-98.4396,41.1354],[-98.4346,41.1564]]]}},{"type":"Feature","properties":{"c":"#80ff00","v0":0.005,"v1":0.008},"geometry":{"type":"Polygon","coordinates":[[[-98.5528,40.9882],[-98.5143,41.0335],[-98.4837,41.0586],[-98.4612,41.0637],[-98.4606,41.0411],[-98.4818,40.9907],[-98.5068,40.9602],[-98.5356,40.9494],[-98.5555,40.9494],[-98.5666,40.9602],[-98.5528,40.9882]]]}},{"type":"Feature","properties":{"c":"#80ff00","v0":0.005,"v1":0.008},"geometry":{"type":"Polygon","coordinates":[[[-98.7222,41.0286],[-98.7007,41.034],[-98.69,41.0154],[-98.69,40.9726],[-98.695,40.9518],[-98.705,40.9528],[-98.7157,40.9715],[-98.7272,41.0078],[-98.7222,41.0286]]]}},{"type":"Feature","properties":{"c":"#80ff00","v0":0.005,"v1":0.008},"geometry":{"type":"Polygon","coordinates":[[[-98.8786,40.8797],[-98.8595,40.8893],[-98.8452,40.8855],[-98.8356,40.8684],[-98.8406,40.8573],[-98.8602,40.8524],[-98.8745,40.8562],[-98.8836,40.8687],[-98.8786,40.8797]]]}},{"type":"Feature","properties":{"c":"#80ff00","v0":0.005,"v1":0.008},"geometry":{"type":"Polygon","coordinates":[[[-98.4121,40.8337],[-98.3974,40.842],[-98.3838,40.842],[-98.3713,40.8337],[-98.3713,40.8254],[-98.3838,40.8171],[-98.3974,40.8171],[-98.4121,40.8254],[-98.4121,40.8337]]]}},{"type":"Feature","properties":{"c":"#80ff00","v0":0.005,"v1":0.008},"geometry":{"type":"Polygon","coordinates":[[[-98.7461,40.731],[-98.7242,40.7765],[-98.6981,40.7992],[-98.6679,40.7992],[-98.6443,40.7879],[-98.6273,40.7651],[-98.6516,40.7375],[-98.7172,40.7048],[-98.7518,40.6935],[-98.7553,40.7034],[-98.7461,40.731]]]}},{"type":"Feature","properties":{"c":"#80ff00","v0":0.005,"v1":0.008},"geometry":{"type":"Polygon","coordinates":[[[-97.8185,40.6373],[-97.8128,40.6469],[-97.8074,40.6469],[-97.8023,40.6373],[-97.8023,40.6296],[-97.8074,40.6239],[-97.8128,40.6239],[-97.8185,40.6296],[-97.8185,40.6373]]]}},{"type":"Feature","properties":{"c":"#80ff00","v0":0.005,"v1":0.008},"geometry":{"type":"Polygon","coordinates":[[[-99.4276,40.1297],[-99.4095,40.1297],[-99.4012,40.1258],[-99.4025,40.1182],[-99.4115,40.1182],[-99.4283,40.1258],[-99.4276,40.1297]]]}},{"type":"Feature","properties":{"c":"#80ff00","v0":0.005,"v1":0.008},"geometry":{"type":"Polygon","coordinates":[[[-104.6156,39.5827],[-104.6119,39.5942],[-104.6,39.6029],[-104.58,39.6086],[-104.5568,39.599],[-104.5303,39.574],[-104.5203,39.5589],[-104.5268,39.5537],[-104.5519,39.5576],[-104.5956,39.5704],[-104.6156,39.5827]]]}},{"type":"Feature","properties":{"c":"#80ff00","v0":0.005,"v1":0.008},"geometry":{"type":"Polygon","coordinates":[[[-104.3032,38.9846],[-104.2811,39.0077],[-104.255,39.02],[-104.225,39.0214],[-104.2039,38.9982],[-104.1918,38.9503],[-104.2018,38.923],[-104.2339,38.9162],[-104.2661,38.9279],[-104.2982,38.958],[-104.3032,38.9846]],[[-104.2913,38.982],[-104.2771,38.9999],[-104.26,39.0106],[-104.24,39.014],[-104.2224,38.9973],[-104.2072,38.9604],[-104.2122,38.9393],[-104.2374,38.9341],[-104.2621,38.9419],[-104.2863,38.9626],[-104.2913,38.982]]]}},{"type":"Feature","properties":{"c":"#80ff00","v0":0.005,"v1":0.008},"geometry":{"type":"Polygon","coordinates":[[[-105.0218,38.0421],[-105.0006,38.0586],[-104.9747,38.0586],[-104.9442,38.0421],[-104.9273,38.0142],[-104.9239,37.9748],[-104.9292,37.9492],[-104.9431,37.9374],[-104.9618,37.9335],[-104.9855,37.9374],[-105.0061,37.963],[-105.0236,38.0103],[-105.0218,38.0421]],[[-105.0082,38.039],[-104.9961,38.0491],[-104.9791,38.0491],[-104.9574,38.039],[-104.9458,38.0181],[-104.9442,37.9866],[-104.95,37.9646],[-104.9633,37.9521],[-104.9754,37.9482],[-104.9862,37.9528],[-104.9972,37.9748],[-105.0086,38.0142],[-105.0082,38.039]]]}},{"type":"Feature","properties":{"c":"#80ff00","v0":0.005,"v1":0.008},"geometry":{"type":"Polygon","coordinates":[[[-104.7675,37.8814],[-104.7558,37.8918],[-104.7461,37.8918],[-104.7384,37.8814],[-104.7442,37.8762],[-104.7636,37.8762],[-104.7675,37.8814]]]}},{"type":"Feature","properties":{"c":"#80ff00","v0":0.005,"v1":0.008},"geometry":{"type":"Polygon","coordinates":[[[-104.4244,37.7857],[-104.4015,37.7945],[-104.3821,37.7866],[-104.3662,37.762],[-104.3712,37.7492],[-104.3971,37.748],[-104.4165,37.7559],[-104.4294,37.7729],[-104.4244,37.7857]]]}},{"type":"Feature","properties":{"c":"#80ff00","v0":0.005,"v1":0.008},"geometry":{"type":"Polygon","coordinates":[[[-104.7155,37.745],[-104.6985,37.7671],[-104.6779,37.775],[-104.6538,37.7687],[-104.6488,37.7549],[-104.6629,37.7335],[-104.6835,37.7256],[-104.7105,37.7312],[-104.7155,37.745]]]}},{"type":"Feature","properties":{"c":"#80ff00","v0":0.005,"v1":0.008},"geometry":{"type":"Polygon","coordinates":[[[-104.6749,37.6493],[-104.6583,37.67],[-104.64,37.6824],[-104.62,37.6865],[-104.6,37.6878],[-104.58,37.6863],[-104.5621,37.6779],[-104.5464,37.6625],[-104.5414,37.6466],[-104.5471,37.6303],[-104.57,37.6175],[-104.61,37.6083],[-104.64,37.6048],[-104.66,37.6071],[-104.6733,37.6159],[-104.6799,37.6313],[-104.6749,37.6493]],[[-104.6529,37.6462],[-104.6243,37.6607],[-104.5983,37.6607],[-104.575,37.6462],[-104.585,37.6335],[-104.6283,37.6226],[-104.6543,37.6226],[-104.6629,37.6335],[-104.6529,37.6462]]]}},{"type":"Feature","properties":{"c":"#80ff00","v0":0.005,"v1":0.008},"geometry":{"type":"Polygon","coordinates":[[[-117.6179,34.0788],[-117.586,34.0891],[-117.54,34.1238],[-117.48,34.1828],[-117.44,34.2149],[-117.42,34.22],[-117.4026,34.2184],[-117.3879,34.2102],[-117.3786,34.1979],[-117.3748,34.1813],[-117.3822,34.1542],[-117.4007,34.1165],[-117.4315,34.0917],[-117.4744,34.0797],[-117.5044,34.0552],[-117.5215,34.0183],[-117.5392,34.0017],[-117.5577,34.0055],[-117.5727,34.018],[-117.5842,34.0391],[-117.601,34.0557],[-117.6229,34.0677],[-117.6179,34.0788]],[[-117.4994,34.1393],[-117.4665,34.1711],[-117.4386,34.1876],[-117.4157,34.189],[-117.4157,34.1694],[-117.4386,34.1289],[-117.465,34.1068],[-117.495,34.1031],[-117.5115,34.1068],[-117.5144,34.1179],[-117.4994,34.1393]],[[-117.554,34.0287],[-117.5513,34.0382],[-117.5449,34.0382],[-117.5347,34.0287],[-117.536,34.024],[-117.5489,34.024],[-117.554,34.0287]]]}},{"type":"Feature","properties":{"c":"#80ff00","v0":0.005,"v1":0.008},"geometry":{"type":"Polygon","coordinates":[[[-118.0888,34.1458],[-118.0763,34.1575],[-118.0575,34.1575],[-118.0325,34.1458],[-118.0275,34.1339],[-118.0425,34.1218],[-118.0613,34.1218],[-118.0838,34.1339],[-118.0888,34.1458]]]}},{"type":"Feature","properties":{"c":"#80ff00","v0":0.005,"v1":0.008},"geometry":{"type":"Polygon","coordinates":[[[-118.1739,34.024],[-118.1561,34.024],[-118.153,34.019],[-118.1643,34.009],[-118.1732,34.009],[-118.1795,34.019],[-118.1739,34.024]]]}},{"type":"Feature","properties":{"c":"#80ff00","v0":0.005,"v1":0.008},"geometry":{"type":"Polygon","coordinates":[[[-117.9238,33.9784],[-117.9121,33.9867],[-117.8901,33.9784],[-117.8579,33.9535],[-117.8522,33.9411],[-117.8728,33.9411],[-117.8948,33.9494],[-117.9181,33.966],[-117.9238,33.9784]]]}},{"type":"Feature","properties":{"c":"#80ff00","v0":0.005,"v1":0.008},"geometry":{"type":"Polygon","coordinates":[[[-117.2915,33.9711],[-117.2505,33.9647],[-117.2266,33.9564],[-117.2198,33.9462],[-117.2298,33.9328],[-117.2566,33.9163],[-117.2805,33.9246],[-117.3015,33.9577],[-117.2915,33.9711]]]}},{"type":"Feature","properties":{"c":"#80ff00","v0":0.005,"v1":0.008},"geometry":{"type":"Polygon","coordinates":[[[-117.9105,33.7994],[-117.8968,33.815],[-117.88,33.815],[-117.8601,33.7994],[-117.8601,33.7849],[-117.88,33.7714],[-117.8968,33.7714],[-117.9105,33.7849],[-117.9105,33.7994]],[[-117.8979,33.7963],[-117.8926,33.8056],[-117.8837,33.8056],[-117.871,33.7963],[-117.8736,33.7916],[-117.8916,33.7916],[-117.8979,33.7963]]]}},{"type":"Feature","properties":{"c":"#ffff00","v0":0.008,"v1":0.012},"geometry":{"type":"Polygon","coordinates":[[[-107.1708,52.2338],[-107.1566,52.24],[-107.1496,52.2392],[-107.1499,52.2315],[-107.157,52.2285],[-107.1709,52.23],[-107.1708,52.2338]]]}},{"type":"Feature","properties":{"c":"#ffff00","v0":0.008,"v1":0.012},"geometry":{"type":"Polygon","coordinates":[[[-105.0341,51.3933],[-105.0314,51.4002],[-105.02,51.4049],[-105.0,51.4074],[-104.98,51.4039],[-104.96,51.3946],[-104.96,51.3853],[-104.98,51.3762],[-105.0014,51.3762],[-105.0241,51.3853],[-105.0341,51.3933]]]}},{"type":"Feature","properties":{"c":"#ffff00","v0":0.008,"v1":0.012},"geometry":{"type":"Polygon","coordinates":[[[-101.4512,51.206],[-101.4371,51.2135],[-101.4268,51.2135],[-101.4205,51.206],[-101.4205,51.1989],[-101.4268,51.1923],[-101.4371,51.1923],[-101.4512,51.1989],[-101.4512,51.206]]]}},{"type":"Feature","properties":{"c":"#ffff00","v0":0.008,"v1":0.012},"geometry":{"type":"Polygon","coordinates":[[[-101.6968,51.0674],[-101.6785,51.0737],[-101.6695,51.0731],[-101.6698,51.0659],[-101.679,51.0627],[-101.697,51.0637],[-101.6968,51.0674]]]}},{"type":"Feature","properties":{"c":"#ffff00","v0":0.008,"v1":0.012},"geometry":{"type":"Polygon","coordinates":[[[-105.5272,50.6856],[-105.5047,50.6856],[-105.4959,50.6793],[-105.501,50.6666],[-105.5123,50.6666],[-105.5298,50.6793],[-105.5272,50.6856]]]}},{"type":"Feature","properties":{"c":"#ffff00","v0":0.008,"v1":0.012},"geometry":{"type":"Polygon","coordinates":[[[-105.9591,50.4993],[-105.953,50.5078],[-105.94,50.5086],[-105.92,50.5016],[-105.9058,50.4879],[-105.8973,50.4672],[-105.9023,50.4548],[-105.9208,50.4505],[-105.938,50.46],[-105.9541,50.4834],[-105.9591,50.4993]]]}},{"type":"Feature","properties":{"c":"#ffff00","v0":0.008,"v1":0.012},"geometry":{"type":"Polygon","coordinates":[[[-100.5279,50.4888],[-100.5025,50.5015],[-100.4899,50.5034],[-100.49,50.4945],[-100.5026,50.4882],[-100.5279,50.4843],[-100.5279,50.4888]]]}},{"type":"Feature","properties":{"c":"#ffff00","v0":0.008,"v1":0.012},"geometry":{"type":"Polygon","coordinates":[[[-106.309,50.4736],[-106.2963,50.4813],[-106.2833,50.4813],[-106.2699,50.4736],[-106.2699,50.4646],[-106.2833,50.4546],[-106.2963,50.4546],[-106.309,50.4646],[-106.309,50.4736]]]}},{"type":"Feature","properties":{"c":"#ffff00","v0":0.008,"v1":0.012},"geometry":{"type":"Polygon","coordinates":[[[-100.7002,50.3198],[-100.6838,50.3262],[-100.6828,50.3422],[-100.6973,50.3677],[-100.6932,50.39],[-100.6707,50.4092],[-100.662,50.4283],[-100.667,50.4474],[-100.6597,50.4605],[-100.6399,50.4678],[-100.6223,50.4678],[-100.607,50.4605],[-100.5983,50.4506],[-100.5962,50.4378],[-100.6014,50.4123],[-100.6139,50.3741],[-100.631,50.3486],[-100.6529,50.3358],[-100.6453,50.318],[-100.6084,50.295],[-100.575,50.2819],[-100.545,50.2785],[-100.5235,50.2677],[-100.5104,50.2492],[-100.5154,50.2308],[-100.5385,50.2125],[-100.555,50.2041],[-100.565,50.2058],[-100.5791,50.2181],[-100.5974,50.2412],[-100.6189,50.2559],[-100.6438,50.2623],[-100.6692,50.2783],[-100.6953,50.3039],[-100.7002,50.3198]]]}},{"type":"Feature","properties":{"c":"#ffff00","v0":0.008,"v1":0.012},"geometry":{"type":"Polygon","coordinates":[[[-105.8595,50.4231],[-105.8532,50.4318],[-105.8428,50.4318],[-105.8284,50.4231],[-105.8234,50.4151],[-105.8278,50.4078],[-105.8382,50.4078],[-105.8545,50.4151],[-105.8595,50.4231]]]}},{"type":"Feature","properties":{"c":"#ffff00","v0":0.008,"v1":0.012},"geometry":{"type":"Polygon","coordinates":[[[-104.8314,50.4028],[-104.818,50.4219],[-104.8047,50.4315],[-104.7913,50.4315],[-104.796,50.4188],[-104.8187,50.3935],[-104.832,50.3839],[-104.836,50.3901],[-104.8314,50.4028]]]}},{"type":"Feature","properties":{"c":"#ffff00","v0":0.008,"v1":0.012},"geometry":{"type":"Polygon","coordinates":[[[-100.5603,50.4248],[-100.5401,50.437],[-100.52,50.441],[-100.5,50.4369],[-100.495,50.4157],[-100.505,50.3774],[-100.5251,50.3733],[-100.5553,50.4036],[-100.5603,50.4248]],[[-100.5277,50.4205],[-100.5159,50.424],[-100.51,50.4199],[-100.51,50.4082],[-100.5159,50.4065],[-100.5277,50.4146],[-100.5277,50.4205]]]}},{"type":"Feature","properties":{"c":"#ffff00","v0":0.008,"v1":0.012},"geometry":{"type":"Polygon","coordinates":[[[-104.4954,50.4098],[-104.4785,50.4174],[-104.4654,50.4174],[-104.4562,50.4098],[-104.4612,50.4017],[-104.4804,50.3931],[-104.4935,50.3931],[-104.5004,50.4017],[-104.4954,50.4098]]]}},{"type":"Feature","properties":{"c":"#ffff00","v0":0.008,"v1":0.012},"geometry":{"type":"Polygon","coordinates":[[[-104.6334,50.3627],[-104.6178,50.3781],[-104.6082,50.3749],[-104.6045,50.3531],[-104.6095,50.3413],[-104.6232,50.3396],[-104.6328,50.3428],[-104.6384,50.3509],[-104.6334,50.3627]]]}},{"type":"Feature","properties":{"c":"#ffff00","v0":0.008,"v1":0.012},"geometry":{"type":"Polygon","coordinates":[[[-104.6104,50.0348],[-104.5961,50.0348],[-104.5892,50.0297],[-104.5897,50.0193],[-104.5969,50.0193],[-104.6107,50.0297],[-104.6104,50.0348]]]}},{"type":"Feature","properties":{"c":"#ffff00","v0":0.008,"v1":0.012},"geometry":{"type":"Polygon","coordinates":[[[-110.3033,49.8584],[-110.2811,49.8659],[-110.2609,49.8627],[-110.2427,49.8487],[-110.2427,49.8377],[-110.2609,49.8295],[-110.2811,49.8328],[-110.3033,49.8473],[-110.3033,49.8584]]]}},{"type":"Feature","properties":{"c":"#ffff00","v0":0.008,"v1":0.012},"geometry":{"type":"Polygon","coordinates":[[[-110.3305,49.7679],[-110.3168,49.7753],[-110.3051,49.7753],[-110.2954,49.7679],[-110.2954,49.7614],[-110.3051,49.7557],[-110.3168,49.7557],[-110.3305,49.7614],[-110.3305,49.7679]]]}},{"type":"Feature","properties":{"c":"#ffff00","v0":0.008,"v1":0.012},"geometry":{"type":"Polygon","coordinates":[[[-81.7925,49.2942],[-81.7642,49.3148],[-81.7401,49.3213],[-81.7202,49.3138],[-81.7252,49.297],[-81.7551,49.271],[-81.7792,49.2645],[-81.7975,49.2774],[-81.7925,49.2942]],[[-81.7759,49.2904],[-81.7521,49.3035],[-81.7476,49.3004],[-81.7625,49.2814],[-81.7744,49.2748],[-81.7833,49.2809],[-81.7759,49.2904]]]}},{"type":"Feature","properties":{"c":"#ffff00","v0":0.008,"v1":0.012},"geometry":{"type":"Polygon","coordinates":[[[-121.7872,49.15],[-121.7714,49.1696],[-121.7524,49.1794],[-121.7302,49.1794],[-121.7245,49.1663],[-121.7354,49.1402],[-121.7481,49.1255],[-121.7627,49.1222],[-121.7763,49.1255],[-121.7888,49.1353],[-121.7872,49.15]],[[-121.7674,49.1484],[-121.7558,49.1649],[-121.745,49.1719],[-121.735,49.1694],[-121.734,49.1612],[-121.7419,49.1472],[-121.7528,49.1402],[-121.7664,49.1402],[-121.7674,49.1484]]]}},{"type":"Feature","properties":{"c":"#ffff00","v0":0.008,"v1":0.012},"geometry":{"type":"Polygon","coordinates":[[[-76.3337,44.8217],[-76.3179,44.8299],[-76.2946,44.8228],[-76.2639,44.8004],[-76.2598,44.7892],[-76.2823,44.7892],[-76.3056,44.7963],[-76.3296,44.8105],[-76.3337,44.8217]]]}},{"type":"Feature","properties":{"c":"#ffff00","v0":0.008,"v1":0.012},"geometry":{"type":"Polygon","coordinates":[[[-74.0294,44.4819],[-74.0165,44.4934],[-74.0026,44.4899],[-73.9879,44.4712],[-73.9879,44.4581],[-74.0026,44.4507],[-74.0165,44.4543],[-74.0294,44.4688],[-74.0294,44.4819]]]}},{"type":"Feature","properties":{"c":"#ffff00","v0":0.008,"v1":0.012},"geometry":{"type":"Polygon","coordinates":[[[-79.6068,43.9802],[-79.5823,43.9917],[-79.5618,43.9881],[-79.5454,43.9694],[-79.5504,43.9555],[-79.5768,43.9463],[-79.5973,43.9499],[-79.6118,43.9663],[-79.6068,43.9802]],[[-79.594,43.9769],[-79.578,43.982],[-79.5669,43.9784],[-79.5607,43.9661],[-79.5657,43.9588],[-79.5819,43.9564],[-79.593,43.96],[-79.599,43.9696],[-79.594,43.9769]]]}},{"type":"Feature","properties":{"c":"#ffff00","v0":0.008,"v1":0.012},"geometry":{"type":"Polygon","coordinates":[[[-98.084,41.3978],[-98.0613,41.4193],[-98.0345,41.4193],[-98.0034,41.3978],[-98.0034,41.381],[-98.0345,41.3688],[-98.0613,41.3688],[-98.084,41.381],[-98.084,41.3978]],[[-98.0555,41.3914],[-98.0385,41.4001],[-98.0247,41.4001],[-98.0142,41.3914],[-98.0227,41.3871],[-98.0503,41.3871],[-98.0555,41.3914]]]}},{"type":"Feature","properties":{"c":"#ffff00","v0":0.008,"v1":0.012},"geometry":{"type":"Polygon","coordinates":[[[-104.2913,38.982],[-104.2771,38.9999],[-104.26,39.0106],[-104.24,39.014],[-104.2224,38.9973],[-104.2072,38.9604],[-104.2122,38.9393],[-104.2374,38.9341],[-104.2621,38.9419],[-104.2863,38.9626],[-104.2913,38.982]],[[-104.272,38.9802],[-104.2573,38.9946],[-104.2435,38.9985],[-104.2304,38.9919],[-104.2254,38.9807],[-104.2285,38.9649],[-104.2423,38.961],[-104.267,38.969],[-104.272,38.9802]]]}},{"type":"Feature","properties":{"c":"#ffff00","v0":0.008,"v1":0.012},"geometry":{"type":"Polygon","coordinates":[[[-105.0082,38.039],[-104.9961,38.0491],[-104.9791,38.0491],[-104.9574,38.039],[-104.9458,38.0181],[-104.9442,37.9866],[-104.95,37.9646],[-104.9633,37.9521],[-104.9754,37.9482],[-104.9862,37.9528],[-104.9972,37.9748],[-105.0086,38.0142],[-105.0082,38.039]]]}},{"type":"Feature","properties":{"c":"#ffff00","v0":0.008,"v1":0.012},"geometry":{"type":"Polygon","coordinates":[[[-104.6529,37.6462],[-104.6243,37.6607],[-104.5983,37.6607],[-104.575,37.6462],[-104.585,37.6335],[-104.6283,37.6226],[-104.6543,37.6226],[-104.6629,37.6335],[-104.6529,37.6462]]]}},{"type":"Feature","properties":{"c":"#ffff00","v0":0.008,"v1":0.012},"geometry":{"type":"Polygon","coordinates":[[[-117.4994,34.1393],[-117.4665,34.1711],[-117.4386,34.1876],[-117.4157,34.189],[-117.4157,34.1694],[-117.4386,34.1289],[-117.465,34.1068],[-117.495,34.1031],[-117.5115,34.1068],[-117.5144,34.1179],[-117.4994,34.1393]]]}},{"type":"Feature","properties":{"c":"#ffff00","v0":0.008,"v1":0.012},"geometry":{"type":"Polygon","coordinates":[[[-117.554,34.0287],[-117.5513,34.0382],[-117.5449,34.0382],[-117.5347,34.0287],[-117.536,34.024],[-117.5489,34.024],[-117.554,34.0287]]]}},{"type":"Feature","properties":{"c":"#ffff00","v0":0.008,"v1":0.012},"geometry":{"type":"Polygon","coordinates":[[[-117.8979,33.7963],[-117.8926,33.8056],[-117.8837,33.8056],[-117.871,33.7963],[-117.8736,33.7916],[-117.8916,33.7916],[-117.8979,33.7963]]]}},{"type":"Feature","properties":{"c":"#ff8000","v0":0.012,"v1":0.016},"geometry":{"type":"Polygon","coordinates":[[[-100.5277,50.4205],[-100.5159,50.424],[-100.51,50.4199],[-100.51,50.4082],[-100.5159,50.4065],[-100.5277,50.4146],[-100.5277,50.4205]]]}},{"type":"Feature","properties":{"c":"#ff8000","v0":0.012,"v1":0.016},"geometry":{"type":"Polygon","coordinates":[[[-81.7759,49.2904],[-81.7521,49.3035],[-81.7476,49.3004],[-81.7625,49.2814],[-81.7744,49.2748],[-81.7833,49.2809],[-81.7759,49.2904]]]}},{"type":"Feature","properties":{"c":"#ff8000","v0":0.012,"v1":0.016},"geometry":{"type":"Polygon","coordinates":[[[-121.7674,49.1484],[-121.7558,49.1649],[-121.745,49.1719],[-121.735,49.1694],[-121.734,49.1612],[-121.7419,49.1472],[-121.7528,49.1402],[-121.7664,49.1402],[-121.7674,49.1484]]]}},{"type":"Feature","properties":{"c":"#ff8000","v0":0.012,"v1":0.016},"geometry":{"type":"Polygon","coordinates":[[[-79.594,43.9769],[-79.578,43.982],[-79.5669,43.9784],[-79.5607,43.9661],[-79.5657,43.9588],[-79.5819,43.9564],[-79.593,43.96],[-79.599,43.9696],[-79.594,43.9769]]]}},{"type":"Feature","properties":{"c":"#ff8000","v0":0.012,"v1":0.016},"geometry":{"type":"Polygon","coordinates":[[[-98.0555,41.3914],[-98.0385,41.4001],[-98.0247,41.4001],[-98.0142,41.3914],[-98.0227,41.3871],[-98.0503,41.3871],[-98.0555,41.3914]]]}},{"type":"Feature","properties":{"c":"#ff8000","v0":0.012,"v1":0.016},"geometry":{"type":"Polygon","coordinates":[[[-104.272,38.9802],[-104.2573,38.9946],[-104.2435,38.9985],[-104.2304,38.9919],[-104.2254,38.9807],[-104.2285,38.9649],[-104.2423,38.961],[-104.267,38.969],[-104.272,38.9802]]]}}]}